ID_USU;SEX_USU;FEC_NAC_USU;EDAD_USU;GRU_ET;PAI_USU;TIE_DIS;NOM_SER;DEP_CA;PROV_CA;DIST_CA;FEC_ING;PER_ING;TIP_SEG_SAL;EST_ACT;FEC_EGR;NNA_DEJO_CALLE
SEC00001;1;2009-09-12;15;4;PERÚ;2;EDUCADORES DE CALLE;UCAYALI;CORONEL PORTILLO;CALLERIA;2016-03-11;1;1;1;NO APLICA;1
SEC00002;1;2011-01-19;14;4;PERÚ;2;EDUCADORES DE CALLE;LIMA;LIMA;RIMAC;2017-01-10;2;1;1;NO APLICA;2
SEC00003;1;2013-01-28;12;4;PERÚ;2;EDUCADORES DE CALLE;LIMA;LIMA;RIMAC;2017-01-10;2;1;2;2025-05-22;2
SEC00004;1;2008-08-08;16;4;PERÚ;2;EDUCADORES DE CALLE;APURÍMAC;ABANCAY;ABANCAY;2017-02-21;1;1;1;NO APLICA;2
SEC00005;2;2008-02-25;17;4;PERÚ;2;EDUCADORES DE CALLE;AREQUIPA;AREQUIPA;JOSE LUIS BUSTAMANTE Y RIVERO;2017-10-31;1;1;1;NO APLICA;2
SEC00006;1;2009-07-24;15;4;PERÚ;2;EDUCADORES DE CALLE;LIMA;LIMA;SAN JUAN DE LURIGANCHO;2018-11-30;1;1;1;NO APLICA;1
SEC00007;1;2015-09-02;9;3;PERÚ;2;EDUCADORES DE CALLE;LIMA;LIMA;SAN JUAN DE LURIGANCHO;2018-11-30;1;1;1;NO APLICA;1
SEC00008;1;2007-05-08;17;4;PERÚ;2;EDUCADORES DE CALLE;APURÍMAC;ABANCAY;ABANCAY;2018-12-18;1;1;1;NO APLICA;2
SEC00009;1;2009-05-31;15;4;PERÚ;2;EDUCADORES DE CALLE;ANCASH;CASMA;CASMA;2019-04-05;1;1;1;NO APLICA;2
SEC00010;2;2011-12-10;13;4;PERÚ;2;EDUCADORES DE CALLE;ANCASH;CASMA;CASMA;2019-04-23;1;1;1;NO APLICA;2
SEC00011;2;2011-06-04;13;4;PERÚ;2;EDUCADORES DE CALLE;ANCASH;CASMA;CASMA;2019-04-27;1;2;1;NO APLICA;1
SEC00012;2;2014-05-16;10;3;PERÚ;2;EDUCADORES DE CALLE;LIMA;LIMA;LIMA;2019-06-23;2;1;1;NO APLICA;2
SEC00013;2;2017-11-04;7;3;PERÚ;2;EDUCADORES DE CALLE;LIMA;LIMA;LIMA;2019-06-23;1;1;1;NO APLICA;2
SEC00014;1;2008-04-23;17;4;PERÚ;1;EDUCADORES DE CALLE;APURÍMAC;ABANCAY;ABANCAY;2019-07-23;1;1;2;2025-05-23;1
SEC00015;2;2010-04-13;15;4;PERÚ;2;EDUCADORES DE CALLE;AYACUCHO;HUAMANGA;AYACUCHO;2019-08-12;1;1;1;NO APLICA;2
SEC00016;1;2010-11-02;14;4;PERÚ;2;EDUCADORES DE CALLE;AYACUCHO;HUAMANGA;AYACUCHO;2019-08-12;1;1;1;NO APLICA;2
SEC00017;2;2013-06-21;11;3;PERÚ;2;EDUCADORES DE CALLE;AYACUCHO;HUAMANGA;AYACUCHO;2019-08-12;1;1;1;NO APLICA;2
SEC00018;1;2009-12-08;15;4;PERÚ;2;EDUCADORES DE CALLE;TACNA;TACNA;TACNA;2019-08-24;1;1;2;2025-02-17;1
SEC00019;2;2008-05-01;16;4;PERÚ;2;EDUCADORES DE CALLE;TACNA;TACNA;TACNA;2019-08-25;1;1;1;NO APLICA;1
SEC00020;1;2010-05-13;14;4;PERÚ;2;EDUCADORES DE CALLE;TACNA;TACNA;TACNA;2019-08-25;1;1;1;NO APLICA;1
SEC00021;1;2015-06-19;9;3;PERÚ;2;EDUCADORES DE CALLE;TACNA;TACNA;TACNA;2019-08-25;1;1;1;NO APLICA;1
SEC00022;1;2013-01-26;12;4;PERÚ;2;EDUCADORES DE CALLE;AYACUCHO;HUAMANGA;AYACUCHO;2019-09-10;1;1;1;NO APLICA;1
SEC00023;2;2008-12-13;16;4;PERÚ;2;EDUCADORES DE CALLE;AYACUCHO;HUAMANGA;AYACUCHO;2019-09-11;1;1;1;NO APLICA;1
SEC00024;2;2012-11-28;12;4;PERÚ;2;EDUCADORES DE CALLE;AYACUCHO;HUAMANGA;AYACUCHO;2019-09-12;1;1;1;NO APLICA;2
SEC00025;2;2011-03-06;14;4;PERÚ;2;EDUCADORES DE CALLE;AYACUCHO;HUAMANGA;AYACUCHO;2019-09-20;1;1;1;NO APLICA;1
SEC00026;1;2011-10-23;13;4;PERÚ;2;EDUCADORES DE CALLE;AYACUCHO;HUAMANGA;AYACUCHO;2019-10-15;1;1;1;NO APLICA;2
SEC00027;2;2010-09-17;14;4;PERÚ;2;EDUCADORES DE CALLE;LIMA;LIMA;LIMA;2019-12-24;1;1;1;NO APLICA;2
SEC00028;2;2017-04-16;8;3;PERÚ;2;EDUCADORES DE CALLE;LIMA;LIMA;LIMA;2019-12-24;1;1;1;NO APLICA;2
SEC00029;2;2006-11-30;18;5;PERÚ;2;EDUCADORES DE CALLE;TACNA;TACNA;CORONEL GREGORIO ALBARRACIN LANCHIPA;2020-01-10;1;1;2;2025-01-24;2
SEC00030;2;2012-02-16;13;4;PERÚ;2;EDUCADORES DE CALLE;TACNA;TACNA;CORONEL GREGORIO ALBARRACIN LANCHIPA;2020-01-10;1;1;2;2025-03-25;2
SEC00031;2;2019-08-11;5;2;PERÚ;2;EDUCADORES DE CALLE;LIMA;LIMA;LIMA;2020-01-29;1;1;1;NO APLICA;2
SEC00032;2;2010-02-08;15;4;PERÚ;2;EDUCADORES DE CALLE;HUÁNUCO;HUÁNUCO;HUÁNUCO;2020-01-30;1;1;1;NO APLICA;2
SEC00033;1;2013-10-05;11;3;PERÚ;2;EDUCADORES DE CALLE;LORETO;MAYNAS;IQUITOS;2020-01-31;1;1;1;NO APLICA;2
SEC00034;2;2016-03-31;9;3;PERÚ;2;EDUCADORES DE CALLE;LORETO;MAYNAS;IQUITOS;2020-01-31;1;1;1;NO APLICA;2
SEC00035;1;2018-08-24;6;3;PERÚ;2;EDUCADORES DE CALLE;LORETO;MAYNAS;IQUITOS;2020-01-31;1;1;1;NO APLICA;2
SEC00036;2;2011-01-27;14;4;PERÚ;2;EDUCADORES DE CALLE;HUÁNUCO;HUÁNUCO;AMARILIS;2020-02-01;1;1;1;NO APLICA;2
SEC00037;1;2014-06-02;10;3;PERÚ;2;EDUCADORES DE CALLE;HUÁNUCO;HUÁNUCO;AMARILIS;2020-02-01;1;1;1;NO APLICA;2
SEC00038;1;2008-04-11;17;4;PERÚ;2;EDUCADORES DE CALLE;AREQUIPA;AREQUIPA;CERRO COLORADO;2020-02-13;1;1;1;NO APLICA;2
SEC00039;2;2012-11-29;12;4;PERÚ;2;EDUCADORES DE CALLE;APURÍMAC;ABANCAY;ABANCAY;2020-02-13;1;1;2;2025-05-23;2
SEC00040;1;2012-11-17;12;4;PERÚ;2;EDUCADORES DE CALLE;APURÍMAC;ABANCAY;ABANCAY;2020-02-13;1;1;2;2025-05-23;1
SEC00041;1;2016-03-16;9;3;PERÚ;2;EDUCADORES DE CALLE;LIMA;HUARAL;HUARAL;2021-01-19;1;1;1;NO APLICA;2
SEC00042;1;2013-08-03;11;3;PERÚ;2;EDUCADORES DE CALLE;LIMA;LIMA;SANTA ANITA;2021-01-23;3;1;1;NO APLICA;2
SEC00043;1;2008-11-21;16;4;PERÚ;1;EDUCADORES DE CALLE;LIMA;LIMA;SANTA ANITA;2021-01-28;3;1;1;NO APLICA;2
SEC00044;1;2012-02-06;13;4;PERÚ;2;EDUCADORES DE CALLE;LIMA;LIMA;SANTA ANITA;2021-02-03;3;1;1;NO APLICA;2
SEC00045;1;2007-11-02;17;4;PERÚ;1;EDUCADORES DE CALLE;LIMA;LIMA;EL AGUSTINO;2021-02-04;3;1;1;NO APLICA;2
SEC00046;2;2010-05-07;14;4;PERÚ;2;EDUCADORES DE CALLE;HUANCAVELICA;HUANCAVELICA;HUANCAVELICA;2021-02-18;1;1;2;2025-05-26;2
SEC00047;2;2007-05-18;17;4;PERÚ;2;EDUCADORES DE CALLE;TUMBES;TUMBES;TUMBES;2021-02-20;1;1;2;2025-05-19;2
SEC00048;2;2009-01-29;16;4;PERÚ;2;EDUCADORES DE CALLE;TUMBES;TUMBES;TUMBES;2021-02-20;1;1;2;2025-05-13;2
SEC00049;1;2010-11-12;14;4;PERÚ;2;EDUCADORES DE CALLE;TUMBES;TUMBES;TUMBES;2021-02-20;1;1;2;2025-05-15;2
SEC00050;2;2007-06-09;17;4;PERÚ;2;EDUCADORES DE CALLE;TUMBES;TUMBES;TUMBES;2021-02-20;1;1;2;2025-05-09;2
SEC00051;2;2009-12-14;15;4;PERÚ;2;EDUCADORES DE CALLE;TUMBES;TUMBES;TUMBES;2021-02-20;1;1;2;2025-05-09;2
SEC00052;2;2006-11-10;18;5;PERÚ;2;EDUCADORES DE CALLE;TUMBES;TUMBES;TUMBES;2021-02-20;1;1;1;NO APLICA;2
SEC00053;1;2009-09-22;15;4;PERÚ;2;EDUCADORES DE CALLE;TUMBES;TUMBES;TUMBES;2021-02-20;1;1;2;2025-05-13;2
SEC00054;2;2010-10-05;14;4;PERÚ;2;EDUCADORES DE CALLE;TUMBES;TUMBES;TUMBES;2021-02-20;1;1;1;NO APLICA;2
SEC00055;1;2008-06-01;16;4;PERÚ;2;EDUCADORES DE CALLE;HUANCAVELICA;HUANCAVELICA;HUANCAVELICA;2021-02-20;1;1;2;2025-03-26;2
SEC00056;2;2010-03-31;15;4;PERÚ;2;EDUCADORES DE CALLE;HUANCAVELICA;HUANCAVELICA;HUANCAVELICA;2021-02-23;1;1;2;2025-03-26;2
SEC00057;2;2010-01-24;15;4;PERÚ;2;EDUCADORES DE CALLE;HUANCAVELICA;HUANCAVELICA;HUANCAVELICA;2021-02-25;1;1;1;NO APLICA;2
SEC00058;2;2007-07-03;17;4;PERÚ;2;EDUCADORES DE CALLE;AREQUIPA;AREQUIPA;JOSE LUIS BUSTAMANTE Y RIVERO;2021-03-01;1;1;2;2025-01-09;2
SEC00059;2;2009-02-10;16;4;PERÚ;2;EDUCADORES DE CALLE;AYACUCHO;HUAMANGA;AYACUCHO;2021-03-02;1;1;1;NO APLICA;2
SEC00060;2;2012-09-10;12;4;PERÚ;2;EDUCADORES DE CALLE;APURÍMAC;ABANCAY;ABANCAY;2021-03-02;1;1;1;NO APLICA;2
SEC00061;1;2010-11-26;14;4;PERÚ;2;EDUCADORES DE CALLE;HUÁNUCO;HUÁNUCO;HUÁNUCO;2021-03-03;1;1;2;2025-05-26;1
SEC00062;1;2008-10-04;16;4;PERÚ;2;EDUCADORES DE CALLE;HUÁNUCO;HUÁNUCO;HUÁNUCO;2021-03-03;1;1;1;NO APLICA;1
SEC00063;2;2007-12-18;17;4;PERÚ;2;EDUCADORES DE CALLE;HUANCAVELICA;HUANCAVELICA;HUANCAVELICA;2021-03-04;1;1;2;2025-05-26;2
SEC00064;2;2008-02-02;17;4;PERÚ;2;EDUCADORES DE CALLE;LIMA;LIMA;ATE;2021-03-09;3;1;1;NO APLICA;2
SEC00065;2;2007-01-05;18;5;PERÚ;2;EDUCADORES DE CALLE;LIMA;LIMA;ATE;2021-03-09;3;1;1;NO APLICA;2
SEC00066;2;2008-10-23;16;4;PERÚ;2;EDUCADORES DE CALLE;HUANCAVELICA;HUANCAVELICA;HUANCAVELICA;2021-03-10;1;1;2;2025-05-26;2
SEC00067;2;2008-03-23;17;4;PERÚ;2;EDUCADORES DE CALLE;HUANCAVELICA;HUANCAVELICA;HUANCAVELICA;2021-03-10;1;1;1;NO APLICA;2
SEC00068;2;2012-03-16;13;4;PERÚ;2;EDUCADORES DE CALLE;HUANCAVELICA;HUANCAVELICA;HUANCAVELICA;2021-03-10;1;1;2;2025-05-26;2
SEC00069;1;2012-11-20;12;4;PERÚ;2;EDUCADORES DE CALLE;HUANCAVELICA;HUANCAVELICA;HUANCAVELICA;2021-03-10;1;1;2;2025-05-26;2
SEC00070;2;2013-09-28;11;3;PERÚ;2;EDUCADORES DE CALLE;UCAYALI;CORONEL PORTILLO;CALLERIA;2021-03-10;1;1;1;NO APLICA;1
SEC00071;1;2007-05-16;17;4;PERÚ;2;EDUCADORES DE CALLE;HUANCAVELICA;HUANCAVELICA;HUANCAVELICA;2021-03-16;1;1;2;2025-05-26;2
SEC00072;1;2011-02-10;14;4;PERÚ;2;EDUCADORES DE CALLE;HUANCAVELICA;HUANCAVELICA;HUANCAVELICA;2021-03-16;1;1;2;2025-05-26;2
SEC00073;2;2010-09-03;14;4;PERÚ;2;EDUCADORES DE CALLE;AYACUCHO;HUAMANGA;AYACUCHO;2021-03-16;1;1;1;NO APLICA;1
SEC00074;2;2010-03-23;15;4;PERÚ;2;EDUCADORES DE CALLE;AYACUCHO;HUAMANGA;AYACUCHO;2021-03-16;1;1;1;NO APLICA;2
SEC00075;1;2008-06-11;16;4;PERÚ;2;EDUCADORES DE CALLE;PIURA;SULLANA;SULLANA;2021-03-17;1;1;1;NO APLICA;1
SEC00076;2;2011-02-14;14;4;PERÚ;2;EDUCADORES DE CALLE;PIURA;SULLANA;SULLANA;2021-03-17;1;1;1;NO APLICA;1
SEC00077;2;2005-06-01;19;5;PERÚ;2;EDUCADORES DE CALLE;LIMA;LIMA;LIMA;2021-03-17;1;1;1;NO APLICA;2
SEC00078;1;2013-08-18;11;3;PERÚ;2;EDUCADORES DE CALLE;PIURA;SULLANA;SULLANA;2021-03-17;1;1;1;NO APLICA;1
SEC00079;1;2011-07-19;13;4;PERÚ;2;EDUCADORES DE CALLE;PIURA;SULLANA;SULLANA;2021-03-19;1;1;1;NO APLICA;1
SEC00080;1;2013-11-15;11;3;PERÚ;2;EDUCADORES DE CALLE;PIURA;SULLANA;SULLANA;2021-03-19;1;1;1;NO APLICA;1
SEC00081;2;2016-01-02;9;3;PERÚ;2;EDUCADORES DE CALLE;PIURA;SULLANA;SULLANA;2021-03-19;1;1;1;NO APLICA;1
SEC00082;1;2008-03-04;17;4;PERÚ;2;EDUCADORES DE CALLE;TUMBES;TUMBES;TUMBES;2021-03-20;1;1;1;NO APLICA;2
SEC00083;2;2008-07-02;16;4;PERÚ;2;EDUCADORES DE CALLE;TUMBES;TUMBES;TUMBES;2021-03-20;1;1;2;2025-05-09;2
SEC00084;2;2012-05-21;12;4;PERÚ;2;EDUCADORES DE CALLE;AYACUCHO;HUAMANGA;AYACUCHO;2021-03-22;1;1;1;NO APLICA;1
SEC00085;1;2012-09-22;12;4;PERÚ;2;EDUCADORES DE CALLE;AYACUCHO;HUAMANGA;AYACUCHO;2021-03-22;1;1;1;NO APLICA;2
SEC00086;2;2007-03-14;18;5;PERÚ;2;EDUCADORES DE CALLE;CUSCO;CUSCO;CUSCO;2021-03-23;1;1;1;NO APLICA;1
SEC00087;2;2012-01-23;13;4;PERÚ;2;EDUCADORES DE CALLE;CUSCO;CUSCO;CUSCO;2021-03-23;1;1;1;NO APLICA;1
SEC00088;2;2010-11-19;14;4;PERÚ;2;EDUCADORES DE CALLE;CUSCO;CUSCO;CUSCO;2021-03-23;1;1;1;NO APLICA;1
SEC00089;2;2007-03-28;18;5;PERÚ;2;EDUCADORES DE CALLE;CAJAMARCA;JAÉN;JAÉN;2021-03-25;1;1;1;NO APLICA;2
SEC00090;1;2011-08-27;13;4;PERÚ;2;EDUCADORES DE CALLE;CAJAMARCA;JAÉN;JAÉN;2021-03-25;1;1;1;NO APLICA;2
SEC00091;2;2012-01-28;13;4;PERÚ;2;EDUCADORES DE CALLE;HUANCAVELICA;HUANCAVELICA;HUANCAVELICA;2021-03-25;1;1;1;NO APLICA;2
SEC00092;1;2014-06-27;10;3;PERÚ;2;EDUCADORES DE CALLE;CAJAMARCA;JAÉN;JAÉN;2021-03-25;1;1;1;NO APLICA;2
SEC00093;2;2014-11-15;10;3;PERÚ;2;EDUCADORES DE CALLE;CAJAMARCA;JAÉN;JAÉN;2021-03-25;1;1;1;NO APLICA;2
SEC00094;2;2015-10-28;9;3;PERÚ;2;EDUCADORES DE CALLE;CAJAMARCA;JAÉN;JAÉN;2021-03-25;1;1;1;NO APLICA;1
SEC00095;2;2007-07-24;17;4;PERÚ;1;EDUCADORES DE CALLE;AYACUCHO;HUAMANGA;AYACUCHO;2021-03-29;1;1;1;NO APLICA;1
SEC00096;1;2020-10-20;4;2;PERÚ;2;EDUCADORES DE CALLE;LIMA;LIMA;LURIGANCHO;2021-03-29;1;1;1;NO APLICA;2
SEC00097;1;2008-03-07;17;4;PERÚ;2;EDUCADORES DE CALLE;LIMA;LIMA;LURIGANCHO;2021-03-29;1;1;1;NO APLICA;2
SEC00098;2;2020-04-23;5;2;PERÚ;2;EDUCADORES DE CALLE;PASCO;PASCO;CHAUPIMARCA;2021-03-30;1;1;1;NO APLICA;2
SEC00099;1;2010-02-08;15;4;PERÚ;2;EDUCADORES DE CALLE;HUÁNUCO;HUÁNUCO;HUÁNUCO;2021-04-05;1;1;1;NO APLICA;1
SEC00100;1;2012-06-29;12;4;PERÚ;2;EDUCADORES DE CALLE;UCAYALI;CORONEL PORTILLO;CALLERIA;2021-04-07;1;1;2;2025-04-10;2
SEC00101;2;2009-07-05;15;4;PERÚ;2;EDUCADORES DE CALLE;UCAYALI;CORONEL PORTILLO;CALLERIA;2021-04-07;1;1;2;2025-04-10;2
SEC00102;2;2015-01-15;10;3;PERÚ;2;EDUCADORES DE CALLE;UCAYALI;CORONEL PORTILLO;CALLERIA;2021-04-07;1;1;1;NO APLICA;2
SEC00103;1;2006-04-20;19;5;PERÚ;2;EDUCADORES DE CALLE;UCAYALI;CORONEL PORTILLO;CALLERIA;2021-04-08;1;1;2;2025-04-10;2
SEC00104;2;2014-09-03;10;3;PERÚ;2;EDUCADORES DE CALLE;UCAYALI;CORONEL PORTILLO;CALLERIA;2021-04-08;1;1;1;NO APLICA;2
SEC00105;1;2008-02-04;17;4;PERÚ;2;EDUCADORES DE CALLE;UCAYALI;CORONEL PORTILLO;CALLERIA;2021-04-09;1;1;1;NO APLICA;2
SEC00106;2;2012-03-09;13;4;PERÚ;2;EDUCADORES DE CALLE;UCAYALI;CORONEL PORTILLO;CALLERIA;2021-04-09;1;1;2;2025-04-10;2
SEC00107;2;2015-08-11;9;3;PERÚ;2;EDUCADORES DE CALLE;UCAYALI;CORONEL PORTILLO;CALLERIA;2021-04-09;1;1;1;NO APLICA;2
SEC00108;1;2012-09-26;12;4;PERÚ;2;EDUCADORES DE CALLE;UCAYALI;CORONEL PORTILLO;CALLERIA;2021-04-09;1;1;1;NO APLICA;2
SEC00109;2;2014-10-15;10;3;PERÚ;2;EDUCADORES DE CALLE;UCAYALI;CORONEL PORTILLO;CALLERIA;2021-04-09;1;1;2;2025-04-10;2
SEC00110;2;2016-03-15;9;3;PERÚ;2;EDUCADORES DE CALLE;UCAYALI;CORONEL PORTILLO;CALLERIA;2021-04-09;1;1;1;NO APLICA;2
SEC00111;2;2011-05-27;13;4;PERÚ;2;EDUCADORES DE CALLE;UCAYALI;CORONEL PORTILLO;CALLERIA;2021-04-13;1;1;1;NO APLICA;1
SEC00112;2;2010-03-25;15;4;PERÚ;2;EDUCADORES DE CALLE;UCAYALI;CORONEL PORTILLO;CALLERIA;2021-04-13;1;1;1;NO APLICA;2
SEC00113;2;2011-12-02;13;4;PERÚ;2;EDUCADORES DE CALLE;UCAYALI;CORONEL PORTILLO;CALLERIA;2021-04-13;1;1;1;NO APLICA;2
SEC00114;1;2013-11-09;11;3;PERÚ;2;EDUCADORES DE CALLE;AYACUCHO;HUAMANGA;AYACUCHO;2021-04-13;1;1;1;NO APLICA;2
SEC00115;2;2013-10-22;11;3;PERÚ;2;EDUCADORES DE CALLE;UCAYALI;CORONEL PORTILLO;CALLERIA;2021-04-13;1;1;1;NO APLICA;1
SEC00116;2;2015-09-18;9;3;PERÚ;2;EDUCADORES DE CALLE;UCAYALI;CORONEL PORTILLO;CALLERIA;2021-04-13;1;1;1;NO APLICA;2
SEC00117;2;2008-11-09;16;4;PERÚ;2;EDUCADORES DE CALLE;UCAYALI;CORONEL PORTILLO;CALLERIA;2021-04-13;1;1;1;NO APLICA;2
SEC00118;2;2011-05-06;13;4;PERÚ;2;EDUCADORES DE CALLE;UCAYALI;CORONEL PORTILLO;CALLERIA;2021-04-13;1;1;1;NO APLICA;2
SEC00119;1;2010-09-02;14;4;PERÚ;2;EDUCADORES DE CALLE;UCAYALI;CORONEL PORTILLO;CALLERIA;2021-04-15;1;1;1;NO APLICA;1
SEC00120;2;2013-01-04;12;4;PERÚ;2;EDUCADORES DE CALLE;UCAYALI;CORONEL PORTILLO;CALLERIA;2021-04-15;1;1;1;NO APLICA;1
SEC00121;1;2014-07-05;10;3;PERÚ;2;EDUCADORES DE CALLE;UCAYALI;CORONEL PORTILLO;CALLERIA;2021-04-15;1;1;1;NO APLICA;1
SEC00122;1;2011-05-30;13;4;PERÚ;2;EDUCADORES DE CALLE;UCAYALI;CORONEL PORTILLO;CALLERIA;2021-04-15;1;1;1;NO APLICA;1
SEC00123;1;2012-01-18;13;4;PERÚ;2;EDUCADORES DE CALLE;UCAYALI;CORONEL PORTILLO;CALLERIA;2021-04-15;1;1;1;NO APLICA;1
SEC00124;2;2011-04-08;14;4;PERÚ;2;EDUCADORES DE CALLE;AYACUCHO;HUAMANGA;AYACUCHO;2021-04-16;1;1;1;NO APLICA;1
SEC00125;2;2011-10-01;13;4;PERÚ;2;EDUCADORES DE CALLE;AYACUCHO;HUAMANGA;AYACUCHO;2021-04-16;1;1;1;NO APLICA;1
SEC00126;2;2011-11-26;13;4;PERÚ;2;EDUCADORES DE CALLE;UCAYALI;CORONEL PORTILLO;CALLERIA;2021-04-16;1;1;1;NO APLICA;1
SEC00127;2;2009-09-07;15;4;PERÚ;2;EDUCADORES DE CALLE;UCAYALI;CORONEL PORTILLO;CALLERIA;2021-04-16;1;1;1;NO APLICA;1
SEC00128;1;2009-10-27;15;4;PERÚ;2;EDUCADORES DE CALLE;TUMBES;TUMBES;TUMBES;2021-04-20;1;1;1;NO APLICA;1
SEC00129;2;2010-08-10;14;4;PERÚ;2;EDUCADORES DE CALLE;UCAYALI;CORONEL PORTILLO;CALLERIA;2021-04-20;1;1;1;NO APLICA;1
SEC00130;1;2011-11-02;13;4;PERÚ;2;EDUCADORES DE CALLE;APURÍMAC;ABANCAY;ABANCAY;2021-04-20;1;1;1;NO APLICA;1
SEC00131;1;2013-05-05;11;3;PERÚ;2;EDUCADORES DE CALLE;UCAYALI;CORONEL PORTILLO;CALLERIA;2021-04-20;1;1;1;NO APLICA;1
SEC00132;2;2012-11-16;12;4;PERÚ;2;EDUCADORES DE CALLE;UCAYALI;CORONEL PORTILLO;CALLERIA;2021-04-20;1;1;2;2025-04-10;1
SEC00133;1;2010-03-03;15;4;PERÚ;2;EDUCADORES DE CALLE;UCAYALI;CORONEL PORTILLO;CALLERIA;2021-04-21;1;1;1;NO APLICA;1
SEC00134;1;2008-05-04;16;4;PERÚ;2;EDUCADORES DE CALLE;UCAYALI;CORONEL PORTILLO;CALLERIA;2021-04-22;1;1;1;NO APLICA;1
SEC00135;1;2011-05-06;13;4;PERÚ;2;EDUCADORES DE CALLE;UCAYALI;CORONEL PORTILLO;CALLERIA;2021-04-22;1;1;1;NO APLICA;1
SEC00136;1;2011-05-28;13;4;PERÚ;2;EDUCADORES DE CALLE;LIMA;LIMA;LIMA;2021-04-22;3;1;1;NO APLICA;2
SEC00137;1;2015-01-25;10;3;PERÚ;2;EDUCADORES DE CALLE;LIMA;LIMA;LIMA;2021-04-22;3;1;1;NO APLICA;2
SEC00138;2;2013-12-23;11;3;PERÚ;2;EDUCADORES DE CALLE;UCAYALI;CORONEL PORTILLO;CALLERIA;2021-04-22;1;1;1;NO APLICA;1
SEC00139;2;2009-05-26;15;4;PERÚ;2;EDUCADORES DE CALLE;LIMA;LIMA;LA VICTORIA;2021-04-24;1;1;1;NO APLICA;2
SEC00140;1;2018-10-27;6;3;PERÚ;2;EDUCADORES DE CALLE;LIMA;LIMA;LA VICTORIA;2021-04-24;1;1;1;NO APLICA;2
SEC00141;2;2012-09-25;12;4;PERÚ;2;EDUCADORES DE CALLE;LIMA;LIMA;LA VICTORIA;2021-04-24;1;1;1;NO APLICA;2
SEC00142;1;2015-04-11;10;3;PERÚ;2;EDUCADORES DE CALLE;LIMA;LIMA;LA VICTORIA;2021-04-24;1;1;1;NO APLICA;2
SEC00143;1;2009-12-13;15;4;PERÚ;2;EDUCADORES DE CALLE;CAJAMARCA;CAJAMARCA;CAJAMARCA;2021-04-28;1;1;1;NO APLICA;2
SEC00144;1;2010-11-08;14;4;PERÚ;2;EDUCADORES DE CALLE;CAJAMARCA;CAJAMARCA;CAJAMARCA;2021-04-28;1;1;1;NO APLICA;2
SEC00145;1;2009-07-02;15;4;PERÚ;2;EDUCADORES DE CALLE;CAJAMARCA;CAJAMARCA;CAJAMARCA;2021-04-28;1;1;1;NO APLICA;2
SEC00146;2;2007-06-25;17;4;PERÚ;2;EDUCADORES DE CALLE;AREQUIPA;AREQUIPA;AREQUIPA;2021-04-30;1;1;1;NO APLICA;2
SEC00147;1;2009-10-29;15;4;PERÚ;2;EDUCADORES DE CALLE;TUMBES;TUMBES;TUMBES;2021-04-30;1;1;1;NO APLICA;2
SEC00148;2;2012-10-14;12;4;PERÚ;2;EDUCADORES DE CALLE;CAJAMARCA;JAÉN;JAÉN;2021-05-03;1;1;1;NO APLICA;2
SEC00149;1;2016-10-02;8;3;PERÚ;2;EDUCADORES DE CALLE;CAJAMARCA;JAÉN;JAÉN;2021-05-03;1;1;1;NO APLICA;2
SEC00150;1;2012-06-25;12;4;PERÚ;2;EDUCADORES DE CALLE;TUMBES;ZARUMILLA;AGUAS VERDES;2021-05-07;1;1;1;NO APLICA;1
SEC00151;2;2015-06-25;9;3;PERÚ;2;EDUCADORES DE CALLE;TUMBES;ZARUMILLA;AGUAS VERDES;2021-05-07;1;1;1;NO APLICA;1
SEC00152;1;2008-05-16;16;4;PERÚ;2;EDUCADORES DE CALLE;TUMBES;ZARUMILLA;AGUAS VERDES;2021-05-07;1;1;1;NO APLICA;1
SEC00153;1;2008-06-14;16;4;PERÚ;2;EDUCADORES DE CALLE;TUMBES;ZARUMILLA;AGUAS VERDES;2021-05-07;1;1;1;NO APLICA;1
SEC00154;1;2008-11-03;16;4;PERÚ;2;EDUCADORES DE CALLE;TUMBES;ZARUMILLA;AGUAS VERDES;2021-05-07;1;1;1;NO APLICA;1
SEC00155;2;2008-12-15;16;4;PERÚ;2;EDUCADORES DE CALLE;TUMBES;ZARUMILLA;AGUAS VERDES;2021-05-07;1;1;1;NO APLICA;1
SEC00156;2;2008-12-31;16;4;PERÚ;2;EDUCADORES DE CALLE;TUMBES;ZARUMILLA;AGUAS VERDES;2021-05-07;1;1;1;NO APLICA;1
SEC00157;2;2013-09-21;11;3;PERÚ;2;EDUCADORES DE CALLE;TUMBES;ZARUMILLA;AGUAS VERDES;2021-05-07;1;1;1;NO APLICA;1
SEC00158;2;2009-05-29;15;4;PERÚ;2;EDUCADORES DE CALLE;TUMBES;ZARUMILLA;AGUAS VERDES;2021-05-07;1;1;1;NO APLICA;1
SEC00159;2;2006-12-06;18;5;PERÚ;2;EDUCADORES DE CALLE;TUMBES;ZARUMILLA;AGUAS VERDES;2021-05-07;1;1;1;NO APLICA;1
SEC00160;2;2014-10-10;10;3;PERÚ;2;EDUCADORES DE CALLE;TUMBES;ZARUMILLA;AGUAS VERDES;2021-05-07;1;1;1;NO APLICA;1
SEC00161;2;2011-04-21;14;4;PERÚ;2;EDUCADORES DE CALLE;TUMBES;ZARUMILLA;AGUAS VERDES;2021-05-07;1;1;1;NO APLICA;1
SEC00162;1;2010-12-03;14;4;PERÚ;2;EDUCADORES DE CALLE;TUMBES;ZARUMILLA;AGUAS VERDES;2021-05-07;1;1;1;NO APLICA;1
SEC00163;1;2008-06-16;16;4;PERÚ;2;EDUCADORES DE CALLE;TUMBES;ZARUMILLA;AGUAS VERDES;2021-05-07;1;1;1;NO APLICA;1
SEC00164;1;2011-10-08;13;4;PERÚ;2;EDUCADORES DE CALLE;TUMBES;ZARUMILLA;AGUAS VERDES;2021-05-07;1;1;1;NO APLICA;2
SEC00165;2;2010-07-12;14;4;PERÚ;2;EDUCADORES DE CALLE;TUMBES;ZARUMILLA;AGUAS VERDES;2021-05-07;1;1;1;NO APLICA;1
SEC00166;2;2013-07-30;11;3;PERÚ;2;EDUCADORES DE CALLE;TUMBES;ZARUMILLA;AGUAS VERDES;2021-05-07;1;1;1;NO APLICA;1
SEC00167;1;2011-12-06;13;4;PERÚ;2;EDUCADORES DE CALLE;TUMBES;ZARUMILLA;AGUAS VERDES;2021-05-07;1;1;1;NO APLICA;1
SEC00168;2;2008-09-29;16;4;PERÚ;2;EDUCADORES DE CALLE;TUMBES;ZARUMILLA;AGUAS VERDES;2021-05-07;1;1;1;NO APLICA;1
SEC00169;2;2012-08-25;12;4;PERÚ;2;EDUCADORES DE CALLE;TUMBES;ZARUMILLA;AGUAS VERDES;2021-05-07;1;1;1;NO APLICA;1
SEC00170;1;2012-10-24;12;4;PERÚ;2;EDUCADORES DE CALLE;TUMBES;ZARUMILLA;AGUAS VERDES;2021-05-07;1;1;1;NO APLICA;1
SEC00171;1;2008-06-08;16;4;PERÚ;2;EDUCADORES DE CALLE;TUMBES;ZARUMILLA;AGUAS VERDES;2021-05-07;1;1;1;NO APLICA;1
SEC00172;1;2008-06-09;16;4;PERÚ;2;EDUCADORES DE CALLE;TUMBES;ZARUMILLA;AGUAS VERDES;2021-05-07;1;1;1;NO APLICA;1
SEC00173;1;2012-12-12;12;4;PERÚ;2;EDUCADORES DE CALLE;TUMBES;ZARUMILLA;AGUAS VERDES;2021-05-07;1;1;1;NO APLICA;1
SEC00174;1;2012-03-23;13;4;PERÚ;2;EDUCADORES DE CALLE;TUMBES;ZARUMILLA;AGUAS VERDES;2021-05-07;1;1;1;NO APLICA;1
SEC00175;2;2014-02-25;11;3;PERÚ;2;EDUCADORES DE CALLE;TUMBES;ZARUMILLA;AGUAS VERDES;2021-05-07;1;1;1;NO APLICA;1
SEC00176;2;2009-01-23;16;4;PERÚ;2;EDUCADORES DE CALLE;TUMBES;ZARUMILLA;AGUAS VERDES;2021-05-07;1;1;1;NO APLICA;1
SEC00177;2;2014-11-07;10;3;PERÚ;2;EDUCADORES DE CALLE;TUMBES;ZARUMILLA;AGUAS VERDES;2021-05-07;1;1;1;NO APLICA;1
SEC00178;1;2008-06-09;16;4;PERÚ;2;EDUCADORES DE CALLE;TUMBES;ZARUMILLA;AGUAS VERDES;2021-05-07;1;1;1;NO APLICA;1
SEC00179;1;2013-09-17;11;3;PERÚ;2;EDUCADORES DE CALLE;TUMBES;ZARUMILLA;AGUAS VERDES;2021-05-07;1;1;1;NO APLICA;1
SEC00180;1;2008-05-26;16;4;PERÚ;2;EDUCADORES DE CALLE;TUMBES;ZARUMILLA;AGUAS VERDES;2021-05-07;1;1;1;NO APLICA;1
SEC00181;2;2013-04-21;12;4;PERÚ;2;EDUCADORES DE CALLE;TUMBES;ZARUMILLA;AGUAS VERDES;2021-05-07;1;1;1;NO APLICA;1
SEC00182;1;2006-09-16;18;5;PERÚ;2;EDUCADORES DE CALLE;TUMBES;ZARUMILLA;AGUAS VERDES;2021-05-07;1;1;1;NO APLICA;1
SEC00183;2;2010-01-23;15;4;PERÚ;2;EDUCADORES DE CALLE;LIMA;HUARAL;HUARAL;2021-05-21;1;1;1;NO APLICA;2
SEC00184;1;2009-09-14;15;4;PERÚ;2;EDUCADORES DE CALLE;APURÍMAC;ABANCAY;ABANCAY;2021-05-21;1;1;1;NO APLICA;1
SEC00185;2;2013-03-24;12;4;PERÚ;2;EDUCADORES DE CALLE;LIMA;HUARAL;HUARAL;2021-05-21;1;1;1;NO APLICA;2
SEC00186;1;2007-07-10;17;4;PERÚ;2;EDUCADORES DE CALLE;LIMA;LIMA;ATE;2021-06-01;3;1;1;NO APLICA;2
SEC00187;1;2011-02-01;14;4;PERÚ;2;EDUCADORES DE CALLE;UCAYALI;CORONEL PORTILLO;CALLERIA;2021-06-02;1;1;1;NO APLICA;2
SEC00188;1;2011-02-01;14;4;PERÚ;2;EDUCADORES DE CALLE;UCAYALI;CORONEL PORTILLO;CALLERIA;2021-06-02;1;1;1;NO APLICA;2
SEC00189;2;2012-08-15;12;4;PERÚ;2;EDUCADORES DE CALLE;UCAYALI;CORONEL PORTILLO;CALLERIA;2021-06-03;1;1;1;NO APLICA;1
SEC00190;2;2015-05-06;9;3;PERÚ;2;EDUCADORES DE CALLE;UCAYALI;CORONEL PORTILLO;CALLERIA;2021-06-03;1;1;1;NO APLICA;1
SEC00191;1;2017-04-08;8;3;PERÚ;2;EDUCADORES DE CALLE;UCAYALI;CORONEL PORTILLO;CALLERIA;2021-06-03;1;1;1;NO APLICA;1
SEC00192;2;2008-10-05;16;4;PERÚ;2;EDUCADORES DE CALLE;UCAYALI;CORONEL PORTILLO;CALLERIA;2021-06-04;1;1;1;NO APLICA;2
SEC00193;2;2012-11-23;12;4;PERÚ;2;EDUCADORES DE CALLE;UCAYALI;CORONEL PORTILLO;CALLERIA;2021-06-04;1;1;1;NO APLICA;2
SEC00194;1;2010-01-01;15;4;PERÚ;2;EDUCADORES DE CALLE;UCAYALI;CORONEL PORTILLO;CALLERIA;2021-06-04;1;1;1;NO APLICA;2
SEC00195;1;2013-09-07;11;3;PERÚ;2;EDUCADORES DE CALLE;UCAYALI;CORONEL PORTILLO;CALLERIA;2021-06-04;1;1;1;NO APLICA;2
SEC00196;2;2007-03-02;18;5;PERÚ;2;EDUCADORES DE CALLE;TUMBES;ZARUMILLA;PAPAYAL;2021-06-10;1;1;1;NO APLICA;2
SEC00197;1;2008-06-23;16;4;PERÚ;2;EDUCADORES DE CALLE;TUMBES;ZARUMILLA;PAPAYAL;2021-06-10;1;1;1;NO APLICA;2
SEC00198;2;2008-07-31;16;4;PERÚ;2;EDUCADORES DE CALLE;TUMBES;ZARUMILLA;PAPAYAL;2021-06-10;1;1;1;NO APLICA;2
SEC00199;1;2008-08-24;16;4;PERÚ;2;EDUCADORES DE CALLE;TUMBES;ZARUMILLA;PAPAYAL;2021-06-10;1;1;1;NO APLICA;2
SEC00200;2;2008-11-27;16;4;PERÚ;2;EDUCADORES DE CALLE;TUMBES;ZARUMILLA;PAPAYAL;2021-06-10;1;1;1;NO APLICA;2
SEC00201;2;2009-05-15;15;4;PERÚ;2;EDUCADORES DE CALLE;TUMBES;ZARUMILLA;PAPAYAL;2021-06-10;1;1;1;NO APLICA;2
SEC00202;1;2011-04-02;14;4;PERÚ;2;EDUCADORES DE CALLE;TUMBES;ZARUMILLA;PAPAYAL;2021-06-10;1;1;1;NO APLICA;2
SEC00203;1;2014-06-25;10;3;PERÚ;2;EDUCADORES DE CALLE;TUMBES;ZARUMILLA;PAPAYAL;2021-06-10;1;1;1;NO APLICA;2
SEC00204;1;2015-01-28;10;3;PERÚ;2;EDUCADORES DE CALLE;APURÍMAC;ABANCAY;ABANCAY;2021-06-10;1;1;1;NO APLICA;2
SEC00205;1;2015-06-08;9;3;PERÚ;2;EDUCADORES DE CALLE;TUMBES;ZARUMILLA;PAPAYAL;2021-06-10;1;1;1;NO APLICA;2
SEC00206;1;2014-11-08;10;3;PERÚ;2;EDUCADORES DE CALLE;PIURA;PIURA;PIURA;2021-06-11;1;1;1;NO APLICA;1
SEC00207;2;2013-09-15;11;3;PERÚ;2;EDUCADORES DE CALLE;APURÍMAC;ABANCAY;ABANCAY;2021-06-16;1;1;1;NO APLICA;1
SEC00208;1;2008-04-24;17;4;PERÚ;2;EDUCADORES DE CALLE;TUMBES;ZARUMILLA;PAPAYAL;2021-06-17;1;1;1;NO APLICA;2
SEC00209;1;2009-02-21;16;4;PERÚ;2;EDUCADORES DE CALLE;TUMBES;ZARUMILLA;PAPAYAL;2021-06-17;1;1;1;NO APLICA;2
SEC00210;1;2009-07-09;15;4;PERÚ;2;EDUCADORES DE CALLE;TUMBES;ZARUMILLA;PAPAYAL;2021-06-17;1;1;1;NO APLICA;2
SEC00211;2;2009-08-14;15;4;PERÚ;2;EDUCADORES DE CALLE;TUMBES;ZARUMILLA;PAPAYAL;2021-06-17;1;1;1;NO APLICA;2
SEC00212;1;2013-11-28;11;3;PERÚ;2;EDUCADORES DE CALLE;TUMBES;ZARUMILLA;PAPAYAL;2021-06-17;1;1;1;NO APLICA;2
SEC00213;2;2008-09-12;16;4;PERÚ;2;EDUCADORES DE CALLE;UCAYALI;CORONEL PORTILLO;CALLERIA;2021-06-18;1;1;1;NO APLICA;2
SEC00214;1;2009-08-01;15;4;PERÚ;2;EDUCADORES DE CALLE;UCAYALI;CORONEL PORTILLO;CALLERIA;2021-06-18;1;1;1;NO APLICA;2
SEC00215;1;2013-04-14;12;4;PERÚ;2;EDUCADORES DE CALLE;UCAYALI;CORONEL PORTILLO;CALLERIA;2021-06-18;1;1;1;NO APLICA;2
SEC00216;2;2012-07-23;12;4;PERÚ;2;EDUCADORES DE CALLE;AYACUCHO;HUAMANGA;AYACUCHO;2021-06-22;1;1;1;NO APLICA;1
SEC00217;2;2007-11-06;17;4;PERÚ;2;EDUCADORES DE CALLE;LIMA;HUARAL;HUARAL;2021-06-25;1;1;1;NO APLICA;2
SEC00218;1;2009-02-21;16;4;PERÚ;2;EDUCADORES DE CALLE;LIMA;LIMA;LIMA;2021-06-28;2;1;2;2025-03-24;1
SEC00219;2;2017-04-20;8;3;PERÚ;2;EDUCADORES DE CALLE;LIMA;LIMA;LIMA;2021-06-28;2;1;2;2025-03-24;1
SEC00220;2;2020-03-16;5;2;PERÚ;2;EDUCADORES DE CALLE;LIMA;LIMA;LIMA;2021-06-28;2;1;2;2025-03-24;1
SEC00221;1;2008-06-02;16;4;PERÚ;2;EDUCADORES DE CALLE;TUMBES;ZARUMILLA;PAPAYAL;2021-06-29;1;1;1;NO APLICA;2
SEC00222;2;2009-04-19;16;4;PERÚ;2;EDUCADORES DE CALLE;TUMBES;ZARUMILLA;PAPAYAL;2021-06-29;1;1;1;NO APLICA;2
SEC00223;2;2010-09-05;14;4;PERÚ;2;EDUCADORES DE CALLE;TUMBES;ZARUMILLA;PAPAYAL;2021-06-29;1;1;1;NO APLICA;2
SEC00224;1;2011-02-22;14;4;PERÚ;2;EDUCADORES DE CALLE;TUMBES;ZARUMILLA;PAPAYAL;2021-06-29;1;1;1;NO APLICA;2
SEC00225;2;2011-04-19;14;4;PERÚ;2;EDUCADORES DE CALLE;TUMBES;ZARUMILLA;PAPAYAL;2021-06-29;1;1;1;NO APLICA;1
SEC00226;2;2012-01-08;13;4;PERÚ;2;EDUCADORES DE CALLE;TUMBES;ZARUMILLA;PAPAYAL;2021-06-29;1;1;1;NO APLICA;2
SEC00227;1;2012-03-13;13;4;PERÚ;2;EDUCADORES DE CALLE;TUMBES;ZARUMILLA;PAPAYAL;2021-06-29;1;1;1;NO APLICA;2
SEC00228;1;2010-02-14;15;4;PERÚ;2;EDUCADORES DE CALLE;TUMBES;ZARUMILLA;PAPAYAL;2021-06-29;1;1;1;NO APLICA;2
SEC00229;1;2006-10-17;18;5;PERÚ;2;EDUCADORES DE CALLE;TUMBES;ZARUMILLA;PAPAYAL;2021-06-29;1;1;1;NO APLICA;1
SEC00230;2;2013-09-18;11;3;PERÚ;2;EDUCADORES DE CALLE;TUMBES;ZARUMILLA;PAPAYAL;2021-06-29;1;1;1;NO APLICA;2
SEC00231;1;2015-04-23;10;3;PERÚ;2;EDUCADORES DE CALLE;TUMBES;ZARUMILLA;PAPAYAL;2021-06-29;1;1;1;NO APLICA;2
SEC00232;2;2008-01-04;17;4;PERÚ;2;EDUCADORES DE CALLE;TUMBES;TUMBES;TUMBES;2021-07-01;1;1;1;NO APLICA;1
SEC00233;2;2008-10-01;16;4;PERÚ;2;EDUCADORES DE CALLE;TUMBES;TUMBES;TUMBES;2021-07-01;1;2;1;NO APLICA;1
SEC00234;2;2011-04-29;14;4;PERÚ;2;EDUCADORES DE CALLE;TUMBES;TUMBES;TUMBES;2021-07-01;1;1;2;2025-05-15;2
SEC00235;1;2013-03-18;12;4;PERÚ;2;EDUCADORES DE CALLE;TUMBES;TUMBES;TUMBES;2021-07-01;1;1;1;NO APLICA;1
SEC00236;1;2007-10-03;17;4;PERÚ;2;EDUCADORES DE CALLE;TUMBES;TUMBES;TUMBES;2021-07-01;1;1;1;NO APLICA;2
SEC00237;1;2012-05-17;12;4;PERÚ;2;EDUCADORES DE CALLE;TUMBES;TUMBES;TUMBES;2021-07-01;1;1;1;NO APLICA;1
SEC00238;1;2012-07-12;12;4;PERÚ;2;EDUCADORES DE CALLE;TUMBES;TUMBES;TUMBES;2021-07-01;1;1;1;NO APLICA;1
SEC00239;1;2014-09-18;10;3;PERÚ;2;EDUCADORES DE CALLE;HUÁNUCO;HUÁNUCO;AMARILIS;2021-07-01;1;1;1;NO APLICA;2
SEC00240;2;2015-08-20;9;3;PERÚ;2;EDUCADORES DE CALLE;TUMBES;TUMBES;TUMBES;2021-07-01;1;1;1;NO APLICA;1
SEC00241;1;2008-03-21;17;4;PERÚ;2;EDUCADORES DE CALLE;TUMBES;TUMBES;TUMBES;2021-07-02;1;1;1;NO APLICA;1
SEC00242;2;2008-10-24;16;4;PERÚ;2;EDUCADORES DE CALLE;TUMBES;TUMBES;TUMBES;2021-07-02;1;1;1;NO APLICA;1
SEC00243;2;2014-04-17;11;3;PERÚ;2;EDUCADORES DE CALLE;TUMBES;TUMBES;TUMBES;2021-07-02;1;1;1;NO APLICA;1
SEC00244;1;2011-01-10;14;4;PERÚ;2;EDUCADORES DE CALLE;TUMBES;TUMBES;TUMBES;2021-07-02;1;1;1;NO APLICA;1
SEC00245;2;2012-06-22;12;4;PERÚ;2;EDUCADORES DE CALLE;TUMBES;TUMBES;TUMBES;2021-07-02;1;1;1;NO APLICA;1
SEC00246;1;2006-12-05;18;5;PERÚ;2;EDUCADORES DE CALLE;TUMBES;TUMBES;TUMBES;2021-07-05;1;1;1;NO APLICA;1
SEC00247;1;2008-08-01;16;4;PERÚ;2;EDUCADORES DE CALLE;TUMBES;TUMBES;TUMBES;2021-07-05;1;1;1;NO APLICA;1
SEC00248;1;2010-09-04;14;4;PERÚ;2;EDUCADORES DE CALLE;TUMBES;TUMBES;TUMBES;2021-07-05;1;1;1;NO APLICA;1
SEC00249;1;2010-04-13;15;4;PERÚ;2;EDUCADORES DE CALLE;TUMBES;TUMBES;TUMBES;2021-07-05;1;1;1;NO APLICA;1
SEC00250;1;2012-12-30;12;4;PERÚ;2;EDUCADORES DE CALLE;TUMBES;TUMBES;TUMBES;2021-07-05;1;1;1;NO APLICA;1
SEC00251;2;2013-02-22;12;4;PERÚ;2;EDUCADORES DE CALLE;TUMBES;TUMBES;TUMBES;2021-07-05;1;1;1;NO APLICA;1
SEC00252;2;2011-10-12;13;4;PERÚ;2;EDUCADORES DE CALLE;TUMBES;TUMBES;TUMBES;2021-07-06;1;1;1;NO APLICA;1
SEC00253;2;2014-02-23;11;3;PERÚ;2;EDUCADORES DE CALLE;TUMBES;TUMBES;TUMBES;2021-07-06;1;1;1;NO APLICA;1
SEC00254;2;2010-09-13;14;4;PERÚ;2;EDUCADORES DE CALLE;TUMBES;TUMBES;TUMBES;2021-07-07;1;1;1;NO APLICA;1
SEC00255;1;2013-09-16;11;3;PERÚ;2;EDUCADORES DE CALLE;LIMA;HUARAL;HUARAL;2021-07-07;1;1;1;NO APLICA;2
SEC00256;2;2006-12-25;18;5;PERÚ;2;EDUCADORES DE CALLE;TUMBES;TUMBES;TUMBES;2021-07-08;1;1;1;NO APLICA;1
SEC00257;1;2007-09-30;17;4;PERÚ;2;EDUCADORES DE CALLE;TUMBES;TUMBES;TUMBES;2021-07-08;1;1;1;NO APLICA;1
SEC00258;1;2010-01-18;15;4;PERÚ;2;EDUCADORES DE CALLE;TUMBES;TUMBES;TUMBES;2021-07-08;1;1;1;NO APLICA;1
SEC00259;1;2010-05-25;14;4;PERÚ;2;EDUCADORES DE CALLE;TUMBES;TUMBES;TUMBES;2021-07-08;1;1;1;NO APLICA;1
SEC00260;2;2011-09-21;13;4;PERÚ;2;EDUCADORES DE CALLE;TUMBES;TUMBES;TUMBES;2021-07-08;1;2;1;NO APLICA;1
SEC00261;1;2006-11-29;18;5;PERÚ;2;EDUCADORES DE CALLE;TUMBES;ZARUMILLA;PAPAYAL;2021-07-09;1;1;1;NO APLICA;2
SEC00262;2;2007-07-05;17;4;PERÚ;2;EDUCADORES DE CALLE;TUMBES;ZARUMILLA;PAPAYAL;2021-07-09;1;1;1;NO APLICA;1
SEC00263;1;2007-10-31;17;4;PERÚ;2;EDUCADORES DE CALLE;TUMBES;TUMBES;TUMBES;2021-07-09;1;1;1;NO APLICA;2
SEC00264;1;2008-01-04;17;4;PERÚ;2;EDUCADORES DE CALLE;TUMBES;ZARUMILLA;PAPAYAL;2021-07-09;1;1;1;NO APLICA;1
SEC00265;1;2009-01-26;16;4;PERÚ;2;EDUCADORES DE CALLE;TUMBES;ZARUMILLA;PAPAYAL;2021-07-09;1;1;1;NO APLICA;1
SEC00266;2;2009-03-11;16;4;PERÚ;2;EDUCADORES DE CALLE;TUMBES;TUMBES;TUMBES;2021-07-09;1;1;1;NO APLICA;1
SEC00267;1;2009-03-13;16;4;PERÚ;2;EDUCADORES DE CALLE;TUMBES;TUMBES;TUMBES;2021-07-09;1;1;1;NO APLICA;2
SEC00268;2;2010-03-09;15;4;PERÚ;2;EDUCADORES DE CALLE;TUMBES;TUMBES;TUMBES;2021-07-09;1;2;1;NO APLICA;2
SEC00269;1;2010-04-26;15;4;PERÚ;2;EDUCADORES DE CALLE;TUMBES;ZARUMILLA;PAPAYAL;2021-07-09;1;1;1;NO APLICA;1
SEC00270;2;2010-10-27;14;4;PERÚ;2;EDUCADORES DE CALLE;TUMBES;ZARUMILLA;PAPAYAL;2021-07-09;1;1;1;NO APLICA;2
SEC00271;1;2010-03-25;15;4;PERÚ;2;EDUCADORES DE CALLE;TUMBES;TUMBES;TUMBES;2021-07-09;1;1;1;NO APLICA;1
SEC00272;1;2010-12-09;14;4;PERÚ;2;EDUCADORES DE CALLE;TUMBES;TUMBES;TUMBES;2021-07-09;1;1;1;NO APLICA;1
SEC00273;1;2012-06-08;12;4;PERÚ;2;EDUCADORES DE CALLE;TUMBES;ZARUMILLA;PAPAYAL;2021-07-09;1;1;1;NO APLICA;1
SEC00274;1;2008-05-22;16;4;PERÚ;2;EDUCADORES DE CALLE;TUMBES;TUMBES;TUMBES;2021-07-09;1;1;1;NO APLICA;2
SEC00275;2;2009-07-24;15;4;PERÚ;2;EDUCADORES DE CALLE;TUMBES;TUMBES;TUMBES;2021-07-10;1;1;1;NO APLICA;1
SEC00276;2;2011-10-22;13;4;PERÚ;2;EDUCADORES DE CALLE;TUMBES;TUMBES;TUMBES;2021-07-10;1;1;1;NO APLICA;1
SEC00277;2;2010-09-13;14;4;PERÚ;2;EDUCADORES DE CALLE;TUMBES;TUMBES;TUMBES;2021-07-11;1;1;1;NO APLICA;2
SEC00278;1;2008-10-19;16;4;PERÚ;2;EDUCADORES DE CALLE;TUMBES;TUMBES;TUMBES;2021-07-12;1;1;1;NO APLICA;1
SEC00279;2;2014-01-07;11;3;PERÚ;2;EDUCADORES DE CALLE;TUMBES;TUMBES;TUMBES;2021-07-12;1;1;1;NO APLICA;1
SEC00280;1;2011-08-15;13;4;VENEZUELA;2;EDUCADORES DE CALLE;LIMA;LIMA;EL AGUSTINO;2021-07-13;3;5;1;NO APLICA;2
SEC00281;1;2008-10-13;16;4;PERÚ;2;EDUCADORES DE CALLE;LORETO;MAYNAS;SAN JUAN BAUTISTA;2021-07-14;1;1;1;NO APLICA;2
SEC00282;1;2010-10-21;14;4;PERÚ;2;EDUCADORES DE CALLE;UCAYALI;CORONEL PORTILLO;CALLERIA;2021-07-14;1;1;1;NO APLICA;1
SEC00283;1;2008-04-25;17;4;PERÚ;2;EDUCADORES DE CALLE;TUMBES;TUMBES;TUMBES;2021-07-15;1;1;1;NO APLICA;2
SEC00284;1;2009-03-03;16;4;PERÚ;2;EDUCADORES DE CALLE;TUMBES;TUMBES;TUMBES;2021-07-15;1;1;1;NO APLICA;2
SEC00285;1;2012-12-05;12;4;PERÚ;2;EDUCADORES DE CALLE;TUMBES;TUMBES;TUMBES;2021-07-15;1;1;1;NO APLICA;2
SEC00286;1;2013-09-05;11;3;PERÚ;2;EDUCADORES DE CALLE;TUMBES;TUMBES;TUMBES;2021-07-15;1;1;1;NO APLICA;1
SEC00287;1;2015-01-31;10;3;PERÚ;2;EDUCADORES DE CALLE;TUMBES;TUMBES;TUMBES;2021-07-15;1;1;1;NO APLICA;1
SEC00288;2;2008-05-21;16;4;PERÚ;2;EDUCADORES DE CALLE;TUMBES;TUMBES;TUMBES;2021-07-16;1;1;1;NO APLICA;1
SEC00289;2;2007-12-17;17;4;PERÚ;2;EDUCADORES DE CALLE;TUMBES;TUMBES;TUMBES;2021-07-16;1;1;1;NO APLICA;2
SEC00290;1;2009-04-16;16;4;PERÚ;2;EDUCADORES DE CALLE;TUMBES;TUMBES;TUMBES;2021-07-16;1;1;1;NO APLICA;2
SEC00291;1;2010-12-11;14;4;PERÚ;2;EDUCADORES DE CALLE;LIMA;HUARAL;HUARAL;2021-07-16;1;1;1;NO APLICA;2
SEC00292;1;2011-10-06;13;4;PERÚ;2;EDUCADORES DE CALLE;CAJAMARCA;CAJAMARCA;CAJAMARCA;2021-07-16;2;1;2;2025-01-24;1
SEC00293;2;2009-03-10;16;4;PERÚ;2;EDUCADORES DE CALLE;TUMBES;TUMBES;TUMBES;2021-07-16;1;1;1;NO APLICA;2
SEC00294;1;2016-01-03;9;3;PERÚ;2;EDUCADORES DE CALLE;LIMA;HUARAL;HUARAL;2021-07-16;1;1;1;NO APLICA;2
SEC00295;1;2012-10-15;12;4;PERÚ;2;EDUCADORES DE CALLE;TUMBES;TUMBES;TUMBES;2021-07-16;1;1;1;NO APLICA;2
SEC00296;1;2019-03-05;6;3;PERÚ;2;EDUCADORES DE CALLE;CAJAMARCA;CAJAMARCA;CAJAMARCA;2021-07-19;2;1;2;2025-01-24;2
SEC00297;2;2017-07-22;7;3;PERÚ;2;EDUCADORES DE CALLE;CAJAMARCA;CAJAMARCA;CAJAMARCA;2021-07-19;2;1;2;2025-01-24;2
SEC00298;2;2010-02-27;15;4;PERÚ;2;EDUCADORES DE CALLE;LIMA;LIMA;CHORRILLOS;2021-07-20;3;1;1;NO APLICA;2
SEC00299;1;2009-08-15;15;4;PERÚ;2;EDUCADORES DE CALLE;CAJAMARCA;JAÉN;JAÉN;2021-07-21;1;1;1;NO APLICA;2
SEC00300;2;2010-07-27;14;4;PERÚ;2;EDUCADORES DE CALLE;TUMBES;TUMBES;TUMBES;2021-07-21;1;2;1;NO APLICA;1
SEC00301;2;2011-10-08;13;4;PERÚ;2;EDUCADORES DE CALLE;LORETO;MAYNAS;SAN JUAN BAUTISTA;2021-07-21;1;1;1;NO APLICA;2
SEC00302;1;2007-12-28;17;4;PERÚ;2;EDUCADORES DE CALLE;TUMBES;ZARUMILLA;PAPAYAL;2021-07-22;1;1;1;NO APLICA;1
SEC00303;1;2007-01-16;18;5;PERÚ;2;EDUCADORES DE CALLE;TUMBES;ZARUMILLA;PAPAYAL;2021-07-22;1;1;1;NO APLICA;2
SEC00304;1;2008-11-02;16;4;PERÚ;2;EDUCADORES DE CALLE;TUMBES;ZARUMILLA;PAPAYAL;2021-07-22;1;1;1;NO APLICA;2
SEC00305;1;2011-08-13;13;4;PERÚ;2;EDUCADORES DE CALLE;TUMBES;ZARUMILLA;PAPAYAL;2021-07-22;1;1;1;NO APLICA;2
SEC00306;1;2006-12-17;18;5;PERÚ;2;EDUCADORES DE CALLE;TUMBES;TUMBES;TUMBES;2021-07-22;1;1;1;NO APLICA;1
SEC00307;1;2008-06-22;16;4;PERÚ;2;EDUCADORES DE CALLE;TUMBES;TUMBES;TUMBES;2021-07-22;1;1;1;NO APLICA;1
SEC00308;1;2012-11-14;12;4;PERÚ;2;EDUCADORES DE CALLE;TUMBES;ZARUMILLA;PAPAYAL;2021-07-22;1;1;1;NO APLICA;2
SEC00309;1;2012-10-24;12;4;PERÚ;2;EDUCADORES DE CALLE;TUMBES;ZARUMILLA;PAPAYAL;2021-07-22;1;1;1;NO APLICA;2
SEC00310;2;2011-10-05;13;4;PERÚ;2;EDUCADORES DE CALLE;TUMBES;ZARUMILLA;PAPAYAL;2021-07-22;1;1;1;NO APLICA;2
SEC00311;1;2009-10-29;15;4;PERÚ;2;EDUCADORES DE CALLE;TUMBES;ZARUMILLA;PAPAYAL;2021-07-22;1;1;1;NO APLICA;2
SEC00312;2;2012-04-13;13;4;PERÚ;2;EDUCADORES DE CALLE;TUMBES;TUMBES;TUMBES;2021-07-22;1;1;1;NO APLICA;1
SEC00313;1;2006-04-07;19;5;PERÚ;2;EDUCADORES DE CALLE;TUMBES;TUMBES;TUMBES;2021-07-23;1;1;1;NO APLICA;2
SEC00314;1;2007-03-02;18;5;PERÚ;2;EDUCADORES DE CALLE;HUANCAVELICA;HUANCAVELICA;HUANCAVELICA;2021-07-23;1;2;1;NO APLICA;2
SEC00315;1;2008-11-29;16;4;PERÚ;2;EDUCADORES DE CALLE;TUMBES;TUMBES;TUMBES;2021-07-23;1;1;1;NO APLICA;1
SEC00316;1;2012-02-20;13;4;PERÚ;2;EDUCADORES DE CALLE;TUMBES;TUMBES;TUMBES;2021-07-23;1;1;1;NO APLICA;2
SEC00317;1;2011-12-25;13;4;PERÚ;2;EDUCADORES DE CALLE;TUMBES;TUMBES;TUMBES;2021-07-23;1;1;1;NO APLICA;2
SEC00318;1;2009-04-05;16;4;PERÚ;2;EDUCADORES DE CALLE;HUANCAVELICA;HUANCAVELICA;HUANCAVELICA;2021-07-23;1;2;1;NO APLICA;2
SEC00319;1;2009-11-20;15;4;PERÚ;2;EDUCADORES DE CALLE;TUMBES;TUMBES;TUMBES;2021-07-23;1;1;1;NO APLICA;2
SEC00320;2;2013-01-03;12;4;PERÚ;2;EDUCADORES DE CALLE;TUMBES;TUMBES;TUMBES;2021-07-23;1;1;1;NO APLICA;1
SEC00321;1;2014-12-07;10;3;PERÚ;2;EDUCADORES DE CALLE;TUMBES;TUMBES;TUMBES;2021-07-23;1;1;1;NO APLICA;2
SEC00322;1;2006-12-22;18;5;PERÚ;2;EDUCADORES DE CALLE;TUMBES;TUMBES;TUMBES;2021-07-29;1;1;1;NO APLICA;2
SEC00323;1;2012-02-21;13;4;PERÚ;2;EDUCADORES DE CALLE;TUMBES;TUMBES;TUMBES;2021-07-29;1;1;1;NO APLICA;1
SEC00324;1;2013-01-17;12;4;PERÚ;2;EDUCADORES DE CALLE;HUÁNUCO;HUÁNUCO;HUÁNUCO;2021-07-30;1;1;1;NO APLICA;2
SEC00325;2;2011-01-15;14;4;PERÚ;2;EDUCADORES DE CALLE;AREQUIPA;AREQUIPA;JOSE LUIS BUSTAMANTE Y RIVERO;2021-08-09;1;1;2;2025-04-22;2
SEC00326;2;2010-01-23;15;4;PERÚ;2;EDUCADORES DE CALLE;LIMA;HUARAL;HUARAL;2021-08-11;1;1;1;NO APLICA;1
SEC00327;2;2006-02-10;19;5;PERÚ;1;EDUCADORES DE CALLE;LIMA;LIMA;SAN JUAN DE MIRAFLORES;2021-08-16;3;1;1;NO APLICA;1
SEC00328;2;2009-05-07;15;4;PERÚ;2;EDUCADORES DE CALLE;CAJAMARCA;JAÉN;JAÉN;2021-08-17;1;1;1;NO APLICA;2
SEC00329;2;2010-10-07;14;4;PERÚ;2;EDUCADORES DE CALLE;CAJAMARCA;JAÉN;JAÉN;2021-08-17;1;2;1;NO APLICA;2
SEC00330;1;2011-01-13;14;4;PERÚ;2;EDUCADORES DE CALLE;CAJAMARCA;JAÉN;JAÉN;2021-08-17;1;1;1;NO APLICA;2
SEC00331;2;2006-08-27;18;5;PERÚ;2;EDUCADORES DE CALLE;LIMA;HUARAL;HUARAL;2021-08-19;1;1;1;NO APLICA;2
SEC00332;2;2005-08-27;19;5;PERÚ;2;EDUCADORES DE CALLE;LIMA;HUARAL;HUARAL;2021-08-19;1;1;1;NO APLICA;2
SEC00333;1;2009-08-06;15;4;PERÚ;2;EDUCADORES DE CALLE;LIMA;LIMA;LIMA;2021-08-20;3;1;1;NO APLICA;2
SEC00334;2;2014-06-15;10;3;PERÚ;2;EDUCADORES DE CALLE;LIMA;HUARAL;HUARAL;2021-08-20;1;1;1;NO APLICA;2
SEC00335;1;2013-06-14;11;3;PERÚ;2;EDUCADORES DE CALLE;TUMBES;ZARUMILLA;AGUAS VERDES;2021-08-21;1;1;1;NO APLICA;2
SEC00336;2;2006-02-20;19;5;PERÚ;2;EDUCADORES DE CALLE;CUSCO;CUSCO;CUSCO;2021-08-23;3;1;1;NO APLICA;1
SEC00337;2;2013-06-27;11;3;PERÚ;2;EDUCADORES DE CALLE;LIMA;HUARAL;HUARAL;2021-08-24;1;1;2;2025-04-23;2
SEC00338;2;2015-01-05;10;3;PERÚ;2;EDUCADORES DE CALLE;LIMA;HUARAL;HUARAL;2021-08-24;1;1;2;2025-04-23;2
SEC00339;1;2008-02-08;17;4;PERÚ;2;EDUCADORES DE CALLE;ANCASH;CASMA;CASMA;2021-08-26;1;1;1;NO APLICA;1
SEC00340;2;2011-01-05;14;4;PERÚ;2;EDUCADORES DE CALLE;CAJAMARCA;CAJAMARCA;CAJAMARCA;2021-08-26;1;1;2;2025-01-24;2
SEC00341;2;2015-05-20;9;3;PERÚ;2;EDUCADORES DE CALLE;ANCASH;CASMA;CASMA;2021-08-26;1;1;1;NO APLICA;1
SEC00342;1;2014-03-28;11;3;PERÚ;2;EDUCADORES DE CALLE;AREQUIPA;AREQUIPA;AREQUIPA;2021-08-28;1;1;1;NO APLICA;1
SEC00343;1;2011-10-14;13;4;PERÚ;2;EDUCADORES DE CALLE;HUÁNUCO;HUÁNUCO;HUÁNUCO;2021-09-01;1;1;1;NO APLICA;2
SEC00344;2;2015-01-17;10;3;PERÚ;2;EDUCADORES DE CALLE;HUÁNUCO;HUÁNUCO;HUÁNUCO;2021-09-01;1;1;1;NO APLICA;2
SEC00345;2;2013-03-03;12;4;PERÚ;2;EDUCADORES DE CALLE;LIMA;HUARAL;HUARAL;2021-09-03;2;1;1;NO APLICA;2
SEC00346;2;2014-05-15;10;3;PERÚ;2;EDUCADORES DE CALLE;LIMA;HUARAL;HUARAL;2021-09-03;2;1;1;NO APLICA;2
SEC00347;2;2009-04-15;16;4;PERÚ;2;EDUCADORES DE CALLE;CAJAMARCA;JAÉN;JAÉN;2021-09-07;1;2;1;NO APLICA;1
SEC00348;1;2011-03-30;14;4;PERÚ;2;EDUCADORES DE CALLE;CAJAMARCA;JAÉN;JAÉN;2021-09-07;1;1;1;NO APLICA;2
SEC00349;1;2013-06-04;11;3;PERÚ;2;EDUCADORES DE CALLE;CAJAMARCA;JAÉN;JAÉN;2021-09-07;1;1;1;NO APLICA;1
SEC00350;1;2015-04-28;10;3;PERÚ;2;EDUCADORES DE CALLE;CAJAMARCA;JAÉN;JAÉN;2021-09-07;1;1;1;NO APLICA;2
SEC00351;2;2010-04-12;15;4;PERÚ;2;EDUCADORES DE CALLE;CAJAMARCA;JAÉN;JAÉN;2021-09-07;1;1;1;NO APLICA;1
SEC00352;1;2017-05-09;7;3;PERÚ;2;EDUCADORES DE CALLE;CAJAMARCA;JAÉN;JAÉN;2021-09-07;1;1;1;NO APLICA;2
SEC00353;2;2011-02-14;14;4;PERÚ;2;EDUCADORES DE CALLE;CUSCO;CUSCO;CUSCO;2021-09-08;1;1;1;NO APLICA;1
SEC00354;1;2008-11-23;16;4;PERÚ;2;EDUCADORES DE CALLE;UCAYALI;CORONEL PORTILLO;CALLERIA;2021-09-09;1;1;1;NO APLICA;1
SEC00355;1;2014-08-21;10;3;PERÚ;2;EDUCADORES DE CALLE;UCAYALI;CORONEL PORTILLO;CALLERIA;2021-09-09;1;1;1;NO APLICA;1
SEC00356;1;2008-09-09;16;4;PERÚ;2;EDUCADORES DE CALLE;AREQUIPA;AREQUIPA;JOSE LUIS BUSTAMANTE Y RIVERO;2021-09-10;1;1;2;2025-05-26;2
SEC00357;1;2006-01-18;19;5;PERÚ;1;EDUCADORES DE CALLE;LIMA;LIMA;SAN JUAN DE MIRAFLORES;2021-09-10;3;1;1;NO APLICA;2
SEC00358;2;2012-11-30;12;4;PERÚ;2;EDUCADORES DE CALLE;UCAYALI;CORONEL PORTILLO;CALLERIA;2021-09-13;1;1;1;NO APLICA;1
SEC00359;1;2008-07-12;16;4;PERÚ;2;EDUCADORES DE CALLE;UCAYALI;CORONEL PORTILLO;CALLERIA;2021-09-13;1;1;1;NO APLICA;1
SEC00360;1;2007-04-21;18;5;PERÚ;2;EDUCADORES DE CALLE;LIMA;LIMA;LIMA;2021-09-14;3;1;1;NO APLICA;2
SEC00361;1;2011-01-21;14;4;PERÚ;2;EDUCADORES DE CALLE;ANCASH;CASMA;CASMA;2021-09-14;1;1;1;NO APLICA;2
SEC00362;1;2011-01-21;14;4;PERÚ;2;EDUCADORES DE CALLE;ANCASH;CASMA;CASMA;2021-09-14;1;1;1;NO APLICA;1
SEC00363;2;2006-09-18;18;5;PERÚ;2;EDUCADORES DE CALLE;LIMA;LIMA;SAN JUAN DE MIRAFLORES;2021-09-15;3;1;1;NO APLICA;1
SEC00364;1;2007-01-31;18;5;PERÚ;2;EDUCADORES DE CALLE;LIMA;LIMA;SAN JUAN DE MIRAFLORES;2021-09-16;3;1;1;NO APLICA;2
SEC00365;2;2011-04-05;14;4;PERÚ;2;EDUCADORES DE CALLE;ANCASH;CASMA;CASMA;2021-09-21;1;1;1;NO APLICA;1
SEC00366;1;2013-12-13;11;3;PERÚ;2;EDUCADORES DE CALLE;ANCASH;CASMA;CASMA;2021-09-21;1;1;1;NO APLICA;2
SEC00367;2;2015-11-25;9;3;PERÚ;2;EDUCADORES DE CALLE;ANCASH;CASMA;CASMA;2021-09-21;1;1;1;NO APLICA;1
SEC00368;1;2011-05-07;13;4;PERÚ;2;EDUCADORES DE CALLE;ANCASH;CASMA;CASMA;2021-09-21;1;1;1;NO APLICA;2
SEC00369;2;2011-04-06;14;4;VENEZUELA;2;EDUCADORES DE CALLE;PIURA;PIURA;PIURA;2021-09-22;1;5;1;NO APLICA;1
SEC00370;1;2014-09-02;10;3;VENEZUELA;2;EDUCADORES DE CALLE;PIURA;PIURA;PIURA;2021-09-22;1;5;1;NO APLICA;1
SEC00371;2;2006-12-28;18;5;PERÚ;2;EDUCADORES DE CALLE;HUÁNUCO;HUÁNUCO;HUÁNUCO;2021-09-29;1;1;1;NO APLICA;2
SEC00372;1;2008-02-22;17;4;PERÚ;2;EDUCADORES DE CALLE;APURÍMAC;ABANCAY;ABANCAY;2021-09-29;1;2;1;NO APLICA;1
SEC00373;2;2011-08-12;13;4;PERÚ;2;EDUCADORES DE CALLE;HUÁNUCO;HUÁNUCO;AMARILIS;2021-09-29;1;1;1;NO APLICA;1
SEC00374;1;2015-01-15;10;3;PERÚ;2;EDUCADORES DE CALLE;HUÁNUCO;HUÁNUCO;AMARILIS;2021-09-29;2;1;1;NO APLICA;2
SEC00375;2;2016-06-24;8;3;PERÚ;2;EDUCADORES DE CALLE;HUÁNUCO;HUÁNUCO;AMARILIS;2021-09-29;1;1;1;NO APLICA;1
SEC00376;1;2009-04-02;16;4;PERÚ;2;EDUCADORES DE CALLE;HUÁNUCO;HUÁNUCO;PILLCO MARCA;2021-10-01;1;1;1;NO APLICA;1
SEC00377;2;2015-04-28;10;3;PERÚ;2;EDUCADORES DE CALLE;HUÁNUCO;HUÁNUCO;PILLCO MARCA;2021-10-01;1;1;1;NO APLICA;1
SEC00378;2;2008-06-19;16;4;PERÚ;2;EDUCADORES DE CALLE;HUÁNUCO;HUÁNUCO;HUÁNUCO;2021-10-04;1;1;2;2025-05-26;1
SEC00379;2;2010-12-03;14;4;PERÚ;2;EDUCADORES DE CALLE;HUÁNUCO;HUÁNUCO;HUÁNUCO;2021-10-04;1;1;2;2025-05-26;1
SEC00380;1;2011-11-28;13;4;PERÚ;2;EDUCADORES DE CALLE;CAJAMARCA;JAÉN;JAÉN;2021-10-07;1;1;1;NO APLICA;2
SEC00381;2;2012-03-03;13;4;PERÚ;2;EDUCADORES DE CALLE;CAJAMARCA;JAÉN;JAÉN;2021-10-07;1;1;1;NO APLICA;2
SEC00382;1;2012-05-26;12;4;PERÚ;2;EDUCADORES DE CALLE;CAJAMARCA;JAÉN;JAÉN;2021-10-07;1;1;1;NO APLICA;2
SEC00383;2;2015-04-11;10;3;PERÚ;2;EDUCADORES DE CALLE;CAJAMARCA;JAÉN;JAÉN;2021-10-07;1;1;1;NO APLICA;2
SEC00384;1;2017-07-13;7;3;PERÚ;2;EDUCADORES DE CALLE;CAJAMARCA;JAÉN;JAÉN;2021-10-07;1;1;1;NO APLICA;2
SEC00385;1;2013-01-26;12;4;PERÚ;2;EDUCADORES DE CALLE;CAJAMARCA;JAÉN;JAÉN;2021-10-08;1;1;1;NO APLICA;2
SEC00386;1;2009-04-19;16;4;PERÚ;2;EDUCADORES DE CALLE;LIMA;LIMA;SAN JUAN DE MIRAFLORES;2021-10-10;3;1;1;NO APLICA;2
SEC00387;1;2007-03-25;18;5;PERÚ;2;EDUCADORES DE CALLE;LIMA;LIMA;SAN JUAN DE MIRAFLORES;2021-10-10;3;1;1;NO APLICA;2
SEC00388;2;2007-12-05;17;4;PERÚ;2;EDUCADORES DE CALLE;LIMA;LIMA;SAN JUAN DE MIRAFLORES;2021-10-13;3;1;1;NO APLICA;2
SEC00389;1;2012-06-14;12;4;PERÚ;2;EDUCADORES DE CALLE;AYACUCHO;HUAMANGA;AYACUCHO;2021-10-13;1;1;1;NO APLICA;2
SEC00390;1;2010-08-04;14;4;PERÚ;2;EDUCADORES DE CALLE;UCAYALI;CORONEL PORTILLO;CALLERIA;2021-10-15;1;1;1;NO APLICA;1
SEC00391;2;2007-08-07;17;4;PERÚ;2;EDUCADORES DE CALLE;LIMA;HUARAL;HUARAL;2021-10-18;1;1;1;NO APLICA;2
SEC00392;1;2010-06-10;14;4;PERÚ;2;EDUCADORES DE CALLE;LIMA;HUARAL;CHANCAY;2021-10-20;1;1;2;2025-03-19;1
SEC00393;2;2009-03-12;16;4;PERÚ;2;EDUCADORES DE CALLE;CUSCO;CUSCO;CUSCO;2021-10-22;1;1;2;2025-04-26;1
SEC00394;1;2009-10-01;15;4;PERÚ;2;EDUCADORES DE CALLE;CUSCO;CUSCO;SAN JERONIMO;2021-10-22;1;1;2;2025-03-25;1
SEC00395;1;2007-02-25;18;5;PERÚ;1;EDUCADORES DE CALLE;AREQUIPA;AREQUIPA;AREQUIPA;2021-10-27;1;1;1;NO APLICA;1
SEC00396;2;2011-11-09;13;4;PERÚ;2;EDUCADORES DE CALLE;AREQUIPA;AREQUIPA;AREQUIPA;2021-10-27;1;1;1;NO APLICA;1
SEC00397;2;2017-04-25;8;3;PERÚ;2;EDUCADORES DE CALLE;APURÍMAC;ABANCAY;ABANCAY;2021-10-27;1;1;1;NO APLICA;2
SEC00398;2;2009-01-02;16;4;PERÚ;2;EDUCADORES DE CALLE;AYACUCHO;HUAMANGA;AYACUCHO;2021-10-29;1;1;1;NO APLICA;1
SEC00399;1;2007-03-22;18;5;PERÚ;2;EDUCADORES DE CALLE;HUÁNUCO;HUÁNUCO;PILLCO MARCA;2021-10-30;1;1;1;NO APLICA;1
SEC00400;1;2008-03-13;17;4;PERÚ;2;EDUCADORES DE CALLE;HUÁNUCO;HUÁNUCO;PILLCO MARCA;2021-10-30;1;1;1;NO APLICA;1
SEC00401;2;2007-08-24;17;4;PERÚ;2;EDUCADORES DE CALLE;HUÁNUCO;HUÁNUCO;PILLCO MARCA;2021-10-30;1;1;1;NO APLICA;1
SEC00402;2;2010-05-08;14;4;PERÚ;2;EDUCADORES DE CALLE;HUÁNUCO;HUÁNUCO;PILLCO MARCA;2021-10-30;1;1;1;NO APLICA;1
SEC00403;1;2013-03-13;12;4;PERÚ;2;EDUCADORES DE CALLE;HUÁNUCO;HUÁNUCO;PILLCO MARCA;2021-10-30;1;1;1;NO APLICA;1
SEC00404;2;2009-05-08;15;4;PERÚ;2;EDUCADORES DE CALLE;HUÁNUCO;HUÁNUCO;PILLCO MARCA;2021-10-30;1;1;1;NO APLICA;1
SEC00405;2;2010-10-18;14;4;PERÚ;2;EDUCADORES DE CALLE;HUÁNUCO;HUÁNUCO;HUÁNUCO;2021-11-10;1;1;2;2025-05-26;2
SEC00406;2;2011-06-26;13;4;PERÚ;2;EDUCADORES DE CALLE;TUMBES;TUMBES;TUMBES;2021-11-10;1;1;1;NO APLICA;2
SEC00407;1;2013-12-06;11;3;PERÚ;2;EDUCADORES DE CALLE;HUÁNUCO;HUÁNUCO;HUÁNUCO;2021-11-11;1;1;2;2025-05-26;1
SEC00408;1;2007-11-10;17;4;PERÚ;2;EDUCADORES DE CALLE;CAJAMARCA;JAÉN;JAÉN;2021-11-11;1;1;2;2025-04-15;2
SEC00409;2;2011-01-30;14;4;PERÚ;2;EDUCADORES DE CALLE;CAJAMARCA;JAÉN;JAÉN;2021-11-11;1;1;2;2025-04-15;2
SEC00410;2;2012-10-06;12;4;PERÚ;2;EDUCADORES DE CALLE;CAJAMARCA;JAÉN;JAÉN;2021-11-11;1;1;2;2025-04-15;2
SEC00411;2;2011-05-13;13;4;PERÚ;2;EDUCADORES DE CALLE;LIMA;LIMA;LIMA;2021-11-22;1;1;2;2025-01-09;2
SEC00412;1;2012-11-16;12;4;PERÚ;2;EDUCADORES DE CALLE;LIMA;LIMA;LIMA;2021-11-22;1;1;2;2025-01-09;2
SEC00413;2;2015-08-07;9;3;PERÚ;2;EDUCADORES DE CALLE;LIMA;LIMA;LIMA;2021-11-22;1;1;1;NO APLICA;2
SEC00414;2;2015-08-07;9;3;PERÚ;2;EDUCADORES DE CALLE;LIMA;LIMA;LIMA;2021-11-22;1;1;2;2025-04-23;2
SEC00415;1;2016-08-08;8;3;PERÚ;2;EDUCADORES DE CALLE;LIMA;LIMA;LIMA;2021-11-22;1;1;2;2025-04-23;2
SEC00416;1;2007-08-30;17;4;PERÚ;2;EDUCADORES DE CALLE;LIMA;LIMA;SANTA ANITA;2021-11-23;3;1;1;NO APLICA;2
SEC00417;2;2010-08-13;14;4;PERÚ;2;EDUCADORES DE CALLE;LORETO;MAYNAS;BELEN;2021-11-23;1;1;1;NO APLICA;2
SEC00418;1;2013-10-16;11;3;PERÚ;2;EDUCADORES DE CALLE;LORETO;MAYNAS;BELEN;2021-11-23;1;1;1;NO APLICA;2
SEC00419;1;2010-11-10;14;4;PERÚ;2;EDUCADORES DE CALLE;LORETO;MAYNAS;IQUITOS;2021-11-24;1;1;1;NO APLICA;2
SEC00420;2;2011-02-20;14;4;PERÚ;2;EDUCADORES DE CALLE;MOQUEGUA;MARISCAL NIETO;MOQUEGUA;2021-11-24;1;1;1;NO APLICA;1
SEC00421;2;2009-06-21;15;4;PERÚ;2;EDUCADORES DE CALLE;LORETO;MAYNAS;IQUITOS;2021-11-24;1;1;1;NO APLICA;2
SEC00422;2;2010-01-12;15;4;PERÚ;2;EDUCADORES DE CALLE;HUANCAVELICA;HUANCAVELICA;HUANCAVELICA;2021-11-26;1;1;2;2025-05-26;2
SEC00423;1;2013-07-24;11;3;PERÚ;2;EDUCADORES DE CALLE;HUANCAVELICA;HUANCAVELICA;HUANCAVELICA;2021-11-26;1;1;2;2025-05-26;2
SEC00424;1;2014-04-10;11;3;PERÚ;2;EDUCADORES DE CALLE;HUANCAVELICA;HUANCAVELICA;HUANCAVELICA;2021-11-26;1;1;2;2025-05-26;2
SEC00425;1;2015-03-27;10;3;PERÚ;2;EDUCADORES DE CALLE;HUANCAVELICA;HUANCAVELICA;HUANCAVELICA;2021-11-26;1;1;2;2025-05-26;2
SEC00426;1;2015-06-12;9;3;PERÚ;2;EDUCADORES DE CALLE;LIMA;LIMA;LIMA;2021-11-26;1;1;2;2025-05-16;2
SEC00427;2;2018-02-17;7;3;PERÚ;2;EDUCADORES DE CALLE;LIMA;LIMA;LIMA;2021-11-26;2;1;2;2025-05-16;2
SEC00428;1;2013-05-28;11;3;PERÚ;2;EDUCADORES DE CALLE;HUANCAVELICA;HUANCAVELICA;HUANCAVELICA;2021-11-29;1;1;1;NO APLICA;2
SEC00429;1;2011-08-19;13;4;PERÚ;2;EDUCADORES DE CALLE;AYACUCHO;HUAMANGA;AYACUCHO;2021-11-30;1;1;2;2025-02-18;2
SEC00430;2;2012-10-26;12;4;PERÚ;2;EDUCADORES DE CALLE;AYACUCHO;HUAMANGA;AYACUCHO;2021-11-30;1;1;2;2025-02-18;2
SEC00431;1;2010-12-18;14;4;PERÚ;2;EDUCADORES DE CALLE;CAJAMARCA;CAJAMARCA;CAJAMARCA;2021-12-03;1;1;1;NO APLICA;2
SEC00432;1;2010-09-10;14;4;PERÚ;2;EDUCADORES DE CALLE;LIMA;HUARAL;HUARAL;2021-12-10;1;1;1;NO APLICA;2
SEC00433;2;2010-10-23;14;4;PERÚ;2;EDUCADORES DE CALLE;TUMBES;TUMBES;TUMBES;2021-12-10;1;1;1;NO APLICA;2
SEC00434;1;2013-11-25;11;3;PERÚ;2;EDUCADORES DE CALLE;LIMA;HUARAL;HUARAL;2021-12-10;1;1;1;NO APLICA;2
SEC00435;1;2016-01-21;9;3;PERÚ;2;EDUCADORES DE CALLE;LIMA;HUARAL;HUARAL;2021-12-10;1;1;1;NO APLICA;2
SEC00436;1;2010-06-25;14;4;PERÚ;2;EDUCADORES DE CALLE;LIMA;LIMA;RIMAC;2021-12-14;1;1;2;2025-05-16;2
SEC00437;1;2013-02-01;12;4;PERÚ;2;EDUCADORES DE CALLE;LIMA;HUARAL;HUARAL;2021-12-15;1;1;1;NO APLICA;2
SEC00438;2;2009-11-14;15;4;PERÚ;2;EDUCADORES DE CALLE;MOQUEGUA;MARISCAL NIETO;MOQUEGUA;2021-12-17;1;1;1;NO APLICA;1
SEC00439;2;2007-06-15;17;4;PERÚ;2;EDUCADORES DE CALLE;LIMA;LIMA;INDEPENDENCIA;2021-12-22;1;1;1;NO APLICA;2
SEC00440;2;2011-09-05;13;4;PERÚ;2;EDUCADORES DE CALLE;LIMA;LIMA;INDEPENDENCIA;2021-12-22;1;1;1;NO APLICA;2
SEC00441;2;2011-07-01;13;4;PERÚ;2;EDUCADORES DE CALLE;MOQUEGUA;MARISCAL NIETO;MOQUEGUA;2021-12-24;1;1;1;NO APLICA;1
SEC00442;2;2009-07-09;15;4;PERÚ;2;EDUCADORES DE CALLE;HUANCAVELICA;HUANCAVELICA;HUANCAVELICA;2021-12-28;1;1;1;NO APLICA;2
SEC00443;2;2009-11-08;15;4;PERÚ;2;EDUCADORES DE CALLE;HUANCAVELICA;HUANCAVELICA;HUANCAVELICA;2021-12-28;1;1;2;2025-01-28;2
SEC00444;2;2012-02-26;13;4;PERÚ;2;EDUCADORES DE CALLE;AREQUIPA;AREQUIPA;MIRAFLORES;2021-12-28;1;1;1;NO APLICA;1
SEC00445;2;2014-04-06;11;3;PERÚ;2;EDUCADORES DE CALLE;AREQUIPA;AREQUIPA;MIRAFLORES;2021-12-28;1;1;1;NO APLICA;1
SEC00446;2;2015-04-15;10;3;PERÚ;2;EDUCADORES DE CALLE;HUANCAVELICA;HUANCAVELICA;HUANCAVELICA;2021-12-29;1;1;1;NO APLICA;2
SEC00447;2;2010-10-18;14;4;PERÚ;2;EDUCADORES DE CALLE;AYACUCHO;HUAMANGA;AYACUCHO;2021-12-30;1;1;1;NO APLICA;1
SEC00448;1;2006-03-10;19;5;PERÚ;2;EDUCADORES DE CALLE;AREQUIPA;AREQUIPA;AREQUIPA;2021-12-30;1;1;1;NO APLICA;1
SEC00449;2;2015-04-26;10;3;PERÚ;2;EDUCADORES DE CALLE;LIMA;LIMA;ATE;2022-01-08;2;1;1;NO APLICA;2
SEC00450;1;2015-06-20;9;3;PERÚ;2;EDUCADORES DE CALLE;LIMA;LIMA;LA VICTORIA;2022-01-15;2;1;2;2025-05-16;2
SEC00451;2;2019-02-06;6;3;PERÚ;2;EDUCADORES DE CALLE;LIMA;LIMA;LA VICTORIA;2022-01-15;2;1;2;2025-05-16;2
SEC00452;1;2007-04-24;18;5;PERÚ;2;EDUCADORES DE CALLE;LIMA;CALLAO;VENTANILLA;2022-01-16;3;1;2;2025-03-05;1
SEC00453;1;2013-09-02;11;3;PERÚ;2;EDUCADORES DE CALLE;LIMA;CALLAO;VENTANILLA;2022-01-18;3;1;2;2025-05-13;2
SEC00454;1;2015-04-23;10;3;PERÚ;2;EDUCADORES DE CALLE;LIMA;CALLAO;VENTANILLA;2022-01-18;3;5;2;2025-05-13;2
SEC00455;1;2007-09-02;17;4;PERÚ;2;EDUCADORES DE CALLE;ANCASH;SANTA;NUEVO CHIMBOTE;2022-01-25;1;1;1;NO APLICA;2
SEC00456;1;2009-10-07;15;4;PERÚ;2;EDUCADORES DE CALLE;ICA;ICA;ICA;2022-01-25;1;1;2;2025-03-25;2
SEC00457;1;2009-12-14;15;4;PERÚ;2;EDUCADORES DE CALLE;ANCASH;SANTA;NUEVO CHIMBOTE;2022-01-25;1;1;1;NO APLICA;2
SEC00458;2;2010-01-14;15;4;PERÚ;2;EDUCADORES DE CALLE;ICA;ICA;ICA;2022-01-25;1;1;2;2025-03-25;2
SEC00459;1;2011-12-16;13;4;PERÚ;2;EDUCADORES DE CALLE;ANCASH;SANTA;NUEVO CHIMBOTE;2022-01-25;1;1;1;NO APLICA;2
SEC00460;2;2012-02-09;13;4;PERÚ;2;EDUCADORES DE CALLE;ANCASH;SANTA;NUEVO CHIMBOTE;2022-01-26;1;1;1;NO APLICA;2
SEC00461;2;2010-11-07;14;4;PERÚ;2;EDUCADORES DE CALLE;ANCASH;SANTA;NUEVO CHIMBOTE;2022-01-26;1;1;1;NO APLICA;2
SEC00462;1;2010-04-05;15;4;PERÚ;2;EDUCADORES DE CALLE;LA LIBERTAD;TRUJILLO;TRUJILLO;2022-01-27;1;1;1;NO APLICA;1
SEC00463;1;2008-10-04;16;4;PERÚ;2;EDUCADORES DE CALLE;HUÁNUCO;HUÁNUCO;AMARILIS;2022-01-28;1;1;2;2025-05-27;2
SEC00464;2;2017-04-02;8;3;PERÚ;2;EDUCADORES DE CALLE;LIMA;LIMA;SURQUILLO;2022-01-28;3;1;1;NO APLICA;2
SEC00465;1;2007-05-14;17;4;PERÚ;2;EDUCADORES DE CALLE;HUÁNUCO;HUÁNUCO;HUÁNUCO;2022-01-31;1;1;2;2025-04-25;2
SEC00466;1;2010-02-20;15;4;PERÚ;2;EDUCADORES DE CALLE;HUÁNUCO;HUÁNUCO;HUÁNUCO;2022-01-31;1;1;2;2025-05-26;2
SEC00467;2;2010-07-18;14;4;PERÚ;2;EDUCADORES DE CALLE;HUÁNUCO;HUÁNUCO;HUÁNUCO;2022-01-31;1;1;2;2025-05-26;2
SEC00468;1;2011-04-15;14;4;PERÚ;2;EDUCADORES DE CALLE;HUÁNUCO;HUÁNUCO;HUÁNUCO;2022-01-31;1;1;2;2025-05-26;2
SEC00469;1;2012-02-08;13;4;PERÚ;2;EDUCADORES DE CALLE;HUÁNUCO;HUÁNUCO;HUÁNUCO;2022-01-31;1;1;2;2025-05-26;2
SEC00470;1;2012-10-27;12;4;PERÚ;2;EDUCADORES DE CALLE;HUÁNUCO;HUÁNUCO;HUÁNUCO;2022-01-31;1;1;2;2025-05-26;2
SEC00471;1;2014-01-07;11;3;PERÚ;2;EDUCADORES DE CALLE;HUÁNUCO;HUÁNUCO;HUÁNUCO;2022-01-31;1;1;2;2025-05-26;2
SEC00472;1;2014-06-16;10;3;PERÚ;2;EDUCADORES DE CALLE;HUÁNUCO;HUÁNUCO;HUÁNUCO;2022-01-31;1;1;2;2025-05-26;2
SEC00473;1;2016-05-05;8;3;PERÚ;2;EDUCADORES DE CALLE;HUÁNUCO;HUÁNUCO;HUÁNUCO;2022-01-31;1;1;2;2025-05-26;2
SEC00474;1;2014-09-30;10;3;PERÚ;2;EDUCADORES DE CALLE;PUNO;SAN ROMAN;JULIACA;2022-02-03;1;1;1;NO APLICA;1
SEC00475;1;2015-01-04;10;3;PERÚ;2;EDUCADORES DE CALLE;PUNO;SAN ROMAN;JULIACA;2022-02-03;1;1;1;NO APLICA;1
SEC00476;2;2011-05-19;13;4;PERÚ;2;EDUCADORES DE CALLE;TUMBES;ZARUMILLA;PAPAYAL;2022-02-08;1;1;1;NO APLICA;2
SEC00477;2;2011-09-12;13;4;PERÚ;2;EDUCADORES DE CALLE;TUMBES;ZARUMILLA;AGUAS VERDES;2022-02-08;1;1;1;NO APLICA;2
SEC00478;2;2010-04-07;15;4;PERÚ;2;EDUCADORES DE CALLE;TUMBES;ZARUMILLA;AGUAS VERDES;2022-02-08;1;1;1;NO APLICA;2
SEC00479;1;2005-11-11;19;5;PERÚ;2;EDUCADORES DE CALLE;TUMBES;ZARUMILLA;AGUAS VERDES;2022-02-08;1;1;1;NO APLICA;2
SEC00480;2;2014-03-31;11;3;PERÚ;2;EDUCADORES DE CALLE;TUMBES;ZARUMILLA;AGUAS VERDES;2022-02-08;1;1;1;NO APLICA;2
SEC00481;2;2010-08-30;14;4;PERÚ;2;EDUCADORES DE CALLE;TUMBES;ZARUMILLA;AGUAS VERDES;2022-02-08;1;1;1;NO APLICA;2
SEC00482;1;2013-01-20;12;4;PERÚ;2;EDUCADORES DE CALLE;TUMBES;ZARUMILLA;AGUAS VERDES;2022-02-08;1;1;1;NO APLICA;2
SEC00483;2;2014-12-14;10;3;PERÚ;2;EDUCADORES DE CALLE;PUNO;SAN ROMAN;JULIACA;2022-02-09;1;1;1;NO APLICA;1
SEC00484;1;2013-04-29;12;4;PERÚ;2;EDUCADORES DE CALLE;APURÍMAC;ABANCAY;ABANCAY;2022-02-14;1;1;2;2025-04-24;2
SEC00485;1;2006-09-28;18;5;PERÚ;2;EDUCADORES DE CALLE;TACNA;TACNA;TACNA;2022-02-15;1;1;1;NO APLICA;2
SEC00486;1;2009-09-17;15;4;PERÚ;2;EDUCADORES DE CALLE;TACNA;TACNA;CORONEL GREGORIO ALBARRACIN LANCHIPA;2022-02-15;1;1;1;NO APLICA;2
SEC00487;1;2010-10-09;14;4;PERÚ;2;EDUCADORES DE CALLE;TACNA;TACNA;CORONEL GREGORIO ALBARRACIN LANCHIPA;2022-02-15;1;1;1;NO APLICA;2
SEC00488;2;2011-01-16;14;4;PERÚ;2;EDUCADORES DE CALLE;MOQUEGUA;MARISCAL NIETO;MOQUEGUA;2022-02-15;1;1;1;NO APLICA;2
SEC00489;2;2006-09-21;18;5;PERÚ;2;EDUCADORES DE CALLE;LAMBAYEQUE;CHICLAYO;CHICLAYO;2022-02-16;1;1;1;NO APLICA;1
SEC00490;2;2013-02-11;12;4;PERÚ;2;EDUCADORES DE CALLE;LAMBAYEQUE;CHICLAYO;CHICLAYO;2022-02-16;1;1;1;NO APLICA;1
SEC00491;2;2015-02-08;10;3;PERÚ;2;EDUCADORES DE CALLE;LAMBAYEQUE;CHICLAYO;CHICLAYO;2022-02-16;1;1;1;NO APLICA;1
SEC00492;2;2011-09-02;13;4;PERÚ;2;EDUCADORES DE CALLE;MOQUEGUA;ILO;ILO;2022-02-18;1;1;1;NO APLICA;2
SEC00493;2;2011-12-10;13;4;PERÚ;2;EDUCADORES DE CALLE;MOQUEGUA;ILO;ILO;2022-02-18;1;1;1;NO APLICA;2
SEC00494;2;2011-11-22;13;4;PERÚ;2;EDUCADORES DE CALLE;TUMBES;TUMBES;TUMBES;2022-02-18;1;1;1;NO APLICA;2
SEC00495;2;2016-08-12;8;3;PERÚ;2;EDUCADORES DE CALLE;MOQUEGUA;ILO;ILO;2022-02-18;1;1;1;NO APLICA;2
SEC00496;1;2010-02-26;15;4;PERÚ;2;EDUCADORES DE CALLE;LIMA;LIMA;COMAS;2022-02-19;1;1;2;2025-01-03;1
SEC00497;1;2008-05-02;16;4;PERÚ;2;EDUCADORES DE CALLE;ANCASH;SANTA;NUEVO CHIMBOTE;2022-02-22;1;1;1;NO APLICA;2
SEC00498;2;2008-12-24;16;4;PERÚ;2;EDUCADORES DE CALLE;PUNO;SAN ROMAN;JULIACA;2022-02-22;1;1;1;NO APLICA;1
SEC00499;2;2010-05-10;14;4;PERÚ;2;EDUCADORES DE CALLE;PUNO;SAN ROMAN;JULIACA;2022-02-22;1;1;1;NO APLICA;1
SEC00500;2;2011-09-07;13;4;PERÚ;2;EDUCADORES DE CALLE;ANCASH;SANTA;NUEVO CHIMBOTE;2022-02-22;1;1;1;NO APLICA;2
SEC00501;1;2008-01-24;17;4;PERÚ;2;EDUCADORES DE CALLE;MOQUEGUA;MARISCAL NIETO;MOQUEGUA;2022-02-23;1;2;1;NO APLICA;1
SEC00502;1;2007-07-16;17;4;PERÚ;2;EDUCADORES DE CALLE;MOQUEGUA;MARISCAL NIETO;MOQUEGUA;2022-02-23;1;1;1;NO APLICA;1
SEC00503;1;2011-07-30;13;4;PERÚ;2;EDUCADORES DE CALLE;MOQUEGUA;MARISCAL NIETO;MOQUEGUA;2022-02-23;1;1;1;NO APLICA;1
SEC00504;1;2011-07-30;13;4;PERÚ;2;EDUCADORES DE CALLE;MOQUEGUA;MARISCAL NIETO;MOQUEGUA;2022-02-23;1;1;1;NO APLICA;1
SEC00505;1;2012-03-02;13;4;PERÚ;2;EDUCADORES DE CALLE;MOQUEGUA;MARISCAL NIETO;MOQUEGUA;2022-02-23;1;2;1;NO APLICA;1
SEC00506;2;2014-02-21;11;3;PERÚ;2;EDUCADORES DE CALLE;LORETO;MAYNAS;SAN JUAN BAUTISTA;2022-02-23;1;1;1;NO APLICA;2
SEC00507;1;2014-06-13;10;3;PERÚ;2;EDUCADORES DE CALLE;MOQUEGUA;MARISCAL NIETO;MOQUEGUA;2022-02-23;1;2;1;NO APLICA;1
SEC00508;1;2010-05-01;14;4;PERÚ;2;EDUCADORES DE CALLE;PUNO;SAN ROMAN;JULIACA;2022-02-24;1;1;1;NO APLICA;1
SEC00509;2;2014-11-05;10;3;PERÚ;2;EDUCADORES DE CALLE;PUNO;PUNO;PUNO;2022-02-24;1;1;1;NO APLICA;1
SEC00510;1;2015-09-03;9;3;PERÚ;2;EDUCADORES DE CALLE;LIMA;LIMA;INDEPENDENCIA;2022-02-24;1;2;2;2025-05-05;2
SEC00511;1;2015-11-19;9;3;PERÚ;2;EDUCADORES DE CALLE;PUNO;PUNO;PUNO;2022-02-24;1;1;1;NO APLICA;1
SEC00512;1;2013-06-11;11;3;PERÚ;2;EDUCADORES DE CALLE;PUNO;PUNO;PUNO;2022-02-24;1;1;1;NO APLICA;1
SEC00513;2;2008-08-31;16;4;PERÚ;2;EDUCADORES DE CALLE;TUMBES;TUMBES;TUMBES;2022-02-25;1;1;1;NO APLICA;2
SEC00514;1;2009-12-20;15;4;PERÚ;2;EDUCADORES DE CALLE;AREQUIPA;AREQUIPA;JOSE LUIS BUSTAMANTE Y RIVERO;2022-02-25;1;1;1;NO APLICA;2
SEC00515;2;2009-03-27;16;4;PERÚ;2;EDUCADORES DE CALLE;TUMBES;TUMBES;TUMBES;2022-02-25;1;1;1;NO APLICA;2
SEC00516;1;2008-04-08;17;4;PERÚ;2;EDUCADORES DE CALLE;APURÍMAC;ABANCAY;ABANCAY;2022-02-25;1;1;2;2025-05-27;1
SEC00517;2;2011-04-19;14;4;PERÚ;2;EDUCADORES DE CALLE;APURÍMAC;ABANCAY;ABANCAY;2022-02-25;1;1;2;2025-05-27;2
SEC00518;2;2012-07-02;12;4;PERÚ;2;EDUCADORES DE CALLE;LA LIBERTAD;TRUJILLO;TRUJILLO;2022-02-25;1;1;1;NO APLICA;2
SEC00519;2;2011-12-30;13;4;PERÚ;2;EDUCADORES DE CALLE;LIMA;LIMA;PUENTE PIEDRA;2022-02-25;1;1;1;NO APLICA;2
SEC00520;2;2013-10-10;11;3;PERÚ;2;EDUCADORES DE CALLE;AREQUIPA;AREQUIPA;JOSE LUIS BUSTAMANTE Y RIVERO;2022-02-25;1;1;2;2025-04-22;1
SEC00521;1;2012-10-18;12;4;PERÚ;2;EDUCADORES DE CALLE;TUMBES;TUMBES;TUMBES;2022-02-25;1;1;1;NO APLICA;2
SEC00522;2;2015-10-03;9;3;PERÚ;2;EDUCADORES DE CALLE;MOQUEGUA;MARISCAL NIETO;MOQUEGUA;2022-02-25;1;1;1;NO APLICA;2
SEC00523;2;2015-01-12;10;3;PERÚ;2;EDUCADORES DE CALLE;LA LIBERTAD;TRUJILLO;TRUJILLO;2022-02-25;1;1;1;NO APLICA;2
SEC00524;2;2017-04-23;8;3;PERÚ;2;EDUCADORES DE CALLE;PASCO;PASCO;CHAUPIMARCA;2022-02-25;2;1;1;NO APLICA;2
SEC00525;2;2007-03-31;18;5;PERÚ;2;EDUCADORES DE CALLE;PASCO;PASCO;YANACANCHA;2022-02-28;1;1;1;NO APLICA;2
SEC00526;1;2010-03-03;15;4;PERÚ;2;EDUCADORES DE CALLE;PASCO;PASCO;YANACANCHA;2022-02-28;1;1;1;NO APLICA;2
SEC00527;1;2012-04-24;13;4;PERÚ;2;EDUCADORES DE CALLE;PASCO;PASCO;YANACANCHA;2022-02-28;1;1;1;NO APLICA;2
SEC00528;1;2014-05-28;10;3;PERÚ;2;EDUCADORES DE CALLE;PASCO;PASCO;YANACANCHA;2022-02-28;1;1;1;NO APLICA;2
SEC00529;2;2015-08-16;9;3;PERÚ;2;EDUCADORES DE CALLE;PASCO;PASCO;YANACANCHA;2022-02-28;1;1;1;NO APLICA;2
SEC00530;2;2006-06-06;18;5;PERÚ;2;EDUCADORES DE CALLE;MOQUEGUA;ILO;ILO;2022-03-03;1;1;1;NO APLICA;2
SEC00531;1;2013-09-20;11;3;PERÚ;2;EDUCADORES DE CALLE;MOQUEGUA;ILO;ILO;2022-03-03;1;1;1;NO APLICA;2
SEC00532;1;2010-05-15;14;4;PERÚ;2;EDUCADORES DE CALLE;AREQUIPA;AREQUIPA;JOSE LUIS BUSTAMANTE Y RIVERO;2022-03-04;1;1;1;NO APLICA;1
SEC00533;2;2010-06-12;14;4;PERÚ;2;EDUCADORES DE CALLE;AREQUIPA;AREQUIPA;JOSE LUIS BUSTAMANTE Y RIVERO;2022-03-04;1;1;1;NO APLICA;2
SEC00534;2;2011-06-07;13;4;PERÚ;2;EDUCADORES DE CALLE;AREQUIPA;AREQUIPA;JOSE LUIS BUSTAMANTE Y RIVERO;2022-03-04;1;1;2;2025-05-21;2
SEC00535;2;2013-11-24;11;3;PERÚ;2;EDUCADORES DE CALLE;LIMA;LIMA;COMAS;2022-03-04;1;1;2;2025-01-03;1
SEC00536;1;2009-12-12;15;4;PERÚ;2;EDUCADORES DE CALLE;LIMA;LIMA;COMAS;2022-03-04;1;1;2;2025-01-03;2
SEC00537;1;2017-06-19;7;3;PERÚ;2;EDUCADORES DE CALLE;LIMA;LIMA;COMAS;2022-03-04;1;1;2;2025-01-03;1
SEC00538;1;2006-08-28;18;5;PERÚ;2;EDUCADORES DE CALLE;PASCO;PASCO;YANACANCHA;2022-03-05;1;1;1;NO APLICA;2
SEC00539;2;2008-09-15;16;4;PERÚ;2;EDUCADORES DE CALLE;MOQUEGUA;ILO;ILO;2022-03-05;1;2;1;NO APLICA;2
SEC00540;2;2008-11-07;16;4;PERÚ;2;EDUCADORES DE CALLE;CUSCO;CUSCO;CUSCO;2022-03-08;3;1;2;2025-01-21;1
SEC00541;1;2008-11-04;16;4;PERÚ;2;EDUCADORES DE CALLE;LIMA;LIMA;ATE;2022-03-08;3;1;1;NO APLICA;2
SEC00542;2;2007-04-27;18;5;PERÚ;2;EDUCADORES DE CALLE;LIMA;LIMA;ATE;2022-03-08;3;1;1;NO APLICA;2
SEC00543;1;2010-09-03;14;4;PERÚ;2;EDUCADORES DE CALLE;UCAYALI;CORONEL PORTILLO;CALLERIA;2022-03-10;1;1;1;NO APLICA;1
SEC00544;1;2015-10-12;9;3;PERÚ;2;EDUCADORES DE CALLE;UCAYALI;CORONEL PORTILLO;CALLERIA;2022-03-10;1;1;1;NO APLICA;1
SEC00545;2;2008-05-30;16;4;PERÚ;2;EDUCADORES DE CALLE;UCAYALI;CORONEL PORTILLO;CALLERIA;2022-03-11;1;1;1;NO APLICA;1
SEC00546;1;2008-03-20;17;4;PERÚ;2;EDUCADORES DE CALLE;UCAYALI;CORONEL PORTILLO;CALLERIA;2022-03-11;1;1;1;NO APLICA;1
SEC00547;1;2014-12-12;10;3;PERÚ;2;EDUCADORES DE CALLE;UCAYALI;CORONEL PORTILLO;CALLERIA;2022-03-11;1;1;1;NO APLICA;1
SEC00548;2;2011-06-18;13;4;PERÚ;2;EDUCADORES DE CALLE;TACNA;TACNA;CORONEL GREGORIO ALBARRACIN LANCHIPA;2022-03-12;1;1;1;NO APLICA;2
SEC00549;1;2007-06-03;17;4;VENEZUELA;2;EDUCADORES DE CALLE;LIMA;LIMA;CHORRILLOS;2022-03-16;1;5;1;NO APLICA;2
SEC00550;1;2008-09-29;16;4;PERÚ;2;EDUCADORES DE CALLE;UCAYALI;CORONEL PORTILLO;CALLERIA;2022-03-16;1;1;1;NO APLICA;1
SEC00551;2;2008-12-16;16;4;PERÚ;2;EDUCADORES DE CALLE;UCAYALI;CORONEL PORTILLO;CALLERIA;2022-03-16;1;1;1;NO APLICA;1
SEC00552;1;2016-03-10;9;3;PERÚ;2;EDUCADORES DE CALLE;UCAYALI;CORONEL PORTILLO;CALLERIA;2022-03-16;1;1;1;NO APLICA;1
SEC00553;1;2007-04-03;18;5;PERÚ;2;EDUCADORES DE CALLE;LIMA;LIMA;EL AGUSTINO;2022-03-17;3;1;1;NO APLICA;2
SEC00554;2;2010-04-03;15;4;PERÚ;2;EDUCADORES DE CALLE;UCAYALI;CORONEL PORTILLO;CALLERIA;2022-03-17;1;1;1;NO APLICA;1
SEC00555;2;2014-02-13;11;3;PERÚ;2;EDUCADORES DE CALLE;UCAYALI;CORONEL PORTILLO;CALLERIA;2022-03-17;1;1;1;NO APLICA;1
SEC00556;2;2015-12-02;9;3;PERÚ;2;EDUCADORES DE CALLE;UCAYALI;CORONEL PORTILLO;CALLERIA;2022-03-17;1;1;1;NO APLICA;1
SEC00557;1;2013-10-14;11;3;PERÚ;2;EDUCADORES DE CALLE;UCAYALI;CORONEL PORTILLO;CALLERIA;2022-03-17;1;1;1;NO APLICA;1
SEC00558;1;2007-09-15;17;4;PERÚ;2;EDUCADORES DE CALLE;PASCO;PASCO;YANACANCHA;2022-03-21;1;1;1;NO APLICA;2
SEC00559;1;2009-12-16;15;4;PERÚ;2;EDUCADORES DE CALLE;PASCO;PASCO;YANACANCHA;2022-03-21;1;1;1;NO APLICA;2
SEC00560;2;2009-11-20;15;4;PERÚ;2;EDUCADORES DE CALLE;CUSCO;CUSCO;CUSCO;2022-03-22;3;1;2;2025-01-21;1
SEC00561;1;2013-04-13;12;4;PERÚ;2;EDUCADORES DE CALLE;LIMA;HUARAL;HUARAL;2022-03-22;1;1;2;2025-03-19;2
SEC00562;2;2016-03-21;9;3;PERÚ;2;EDUCADORES DE CALLE;LIMA;HUARAL;HUARAL;2022-03-22;1;1;2;2025-04-23;2
SEC00563;1;2010-02-05;15;4;PERÚ;2;EDUCADORES DE CALLE;LIMA;LIMA;VILLA EL SALVADOR;2022-03-23;3;1;1;NO APLICA;2
SEC00564;2;2013-03-15;12;4;PERÚ;2;EDUCADORES DE CALLE;AYACUCHO;HUAMANGA;AYACUCHO;2022-03-23;1;1;2;2025-03-18;1
SEC00565;2;2014-02-02;11;3;PERÚ;2;EDUCADORES DE CALLE;MOQUEGUA;MARISCAL NIETO;MOQUEGUA;2022-03-23;1;1;2;2025-03-25;2
SEC00566;1;2015-10-01;9;3;PERÚ;2;EDUCADORES DE CALLE;MOQUEGUA;MARISCAL NIETO;MOQUEGUA;2022-03-23;1;1;2;2025-04-23;2
SEC00567;2;2011-06-21;13;4;VENEZUELA;2;EDUCADORES DE CALLE;LIMA;LIMA;INDEPENDENCIA;2022-03-23;1;5;2;2025-05-05;2
SEC00568;2;2012-07-14;12;4;VENEZUELA;2;EDUCADORES DE CALLE;LIMA;LIMA;INDEPENDENCIA;2022-03-23;1;5;2;2025-05-05;2
SEC00569;1;2007-04-15;18;5;PERÚ;2;EDUCADORES DE CALLE;AREQUIPA;AREQUIPA;JOSE LUIS BUSTAMANTE Y RIVERO;2022-03-24;1;1;1;NO APLICA;1
SEC00570;2;2010-09-09;14;4;PERÚ;2;EDUCADORES DE CALLE;AREQUIPA;AREQUIPA;JOSE LUIS BUSTAMANTE Y RIVERO;2022-03-24;1;1;2;2025-05-09;2
SEC00571;2;2010-11-05;14;4;PERÚ;2;EDUCADORES DE CALLE;AREQUIPA;AREQUIPA;JOSE LUIS BUSTAMANTE Y RIVERO;2022-03-24;1;1;2;2025-05-21;2
SEC00572;1;2011-07-05;13;4;PERÚ;2;EDUCADORES DE CALLE;LAMBAYEQUE;CHICLAYO;CHICLAYO;2022-03-24;1;2;1;NO APLICA;1
SEC00573;1;2016-08-01;8;3;PERÚ;2;EDUCADORES DE CALLE;AREQUIPA;AREQUIPA;JOSE LUIS BUSTAMANTE Y RIVERO;2022-03-24;1;1;2;2025-05-16;2
SEC00574;1;2008-05-12;16;4;PERÚ;2;EDUCADORES DE CALLE;LIMA;LIMA;VILLA MARIA DEL TRIUNFO;2022-03-29;1;1;2;2025-05-23;2
SEC00575;1;2011-10-24;13;4;PERÚ;2;EDUCADORES DE CALLE;ANCASH;CASMA;CASMA;2022-03-29;1;1;1;NO APLICA;2
SEC00576;2;2012-01-28;13;4;PERÚ;2;EDUCADORES DE CALLE;LIMA;HUARAL;HUARAL;2022-03-29;1;1;2;2025-03-20;2
SEC00577;2;2012-07-23;12;4;PERÚ;2;EDUCADORES DE CALLE;CUSCO;CUSCO;CUSCO;2022-03-29;1;1;2;2025-03-25;1
SEC00578;1;2009-03-07;16;4;PERÚ;2;EDUCADORES DE CALLE;LA LIBERTAD;TRUJILLO;TRUJILLO;2022-03-29;1;1;1;NO APLICA;2
SEC00579;2;2012-08-30;12;4;PERÚ;2;EDUCADORES DE CALLE;LIMA;LIMA;VILLA MARIA DEL TRIUNFO;2022-03-29;1;1;2;2025-05-23;2
SEC00580;2;2013-10-15;11;3;PERÚ;2;EDUCADORES DE CALLE;CUSCO;CUSCO;CUSCO;2022-03-29;1;1;1;NO APLICA;1
SEC00581;2;2012-11-03;12;4;PERÚ;2;EDUCADORES DE CALLE;LIMA;LIMA;VILLA MARIA DEL TRIUNFO;2022-03-29;1;1;2;2025-05-23;2
SEC00582;1;2013-09-25;11;3;PERÚ;2;EDUCADORES DE CALLE;CUSCO;CUSCO;CUSCO;2022-03-29;1;1;2;2025-03-25;1
SEC00583;1;2012-07-18;12;4;PERÚ;2;EDUCADORES DE CALLE;PASCO;PASCO;CHAUPIMARCA;2022-03-30;1;1;1;NO APLICA;2
SEC00584;2;2006-06-29;18;5;PERÚ;2;EDUCADORES DE CALLE;CUSCO;CUSCO;CUSCO;2022-03-30;3;1;1;NO APLICA;1
SEC00585;2;2010-03-31;15;4;PERÚ;2;EDUCADORES DE CALLE;PASCO;PASCO;CHAUPIMARCA;2022-03-30;1;1;1;NO APLICA;2
SEC00586;1;2011-02-23;14;4;PERÚ;2;EDUCADORES DE CALLE;CUSCO;CUSCO;SAN JERONIMO;2022-03-30;1;1;2;2025-03-25;1
SEC00587;1;2008-10-30;16;4;PERÚ;2;EDUCADORES DE CALLE;HUÁNUCO;HUÁNUCO;HUÁNUCO;2022-03-30;1;1;1;NO APLICA;2
SEC00588;2;2013-09-16;11;3;PERÚ;2;EDUCADORES DE CALLE;PASCO;PASCO;CHAUPIMARCA;2022-03-30;1;1;1;NO APLICA;2
SEC00589;2;2014-08-11;10;3;PERÚ;2;EDUCADORES DE CALLE;HUÁNUCO;HUÁNUCO;AMARILIS;2022-03-30;1;1;2;2025-05-27;2
SEC00590;1;2015-01-26;10;3;PERÚ;2;EDUCADORES DE CALLE;PASCO;PASCO;CHAUPIMARCA;2022-03-30;1;1;1;NO APLICA;2
SEC00591;1;2015-10-14;9;3;PERÚ;2;EDUCADORES DE CALLE;HUÁNUCO;HUÁNUCO;AMARILIS;2022-03-30;1;1;2;2025-05-27;2
SEC00592;2;2011-01-18;14;4;PERÚ;2;EDUCADORES DE CALLE;PASCO;PASCO;YANACANCHA;2022-03-31;1;1;1;NO APLICA;2
SEC00593;2;2012-06-28;12;4;PERÚ;2;EDUCADORES DE CALLE;PASCO;PASCO;YANACANCHA;2022-03-31;1;1;1;NO APLICA;2
SEC00594;1;2015-08-03;9;3;PERÚ;2;EDUCADORES DE CALLE;PASCO;PASCO;YANACANCHA;2022-03-31;1;1;1;NO APLICA;2
SEC00595;2;2016-12-09;8;3;PERÚ;2;EDUCADORES DE CALLE;PASCO;PASCO;YANACANCHA;2022-03-31;1;1;1;NO APLICA;2
SEC00596;2;2014-03-07;11;3;PERÚ;2;EDUCADORES DE CALLE;PASCO;PASCO;YANACANCHA;2022-03-31;1;1;1;NO APLICA;2
SEC00597;1;2017-02-18;8;3;PERÚ;2;EDUCADORES DE CALLE;PASCO;PASCO;YANACANCHA;2022-03-31;1;1;1;NO APLICA;2
SEC00598;1;2011-11-24;13;4;PERÚ;2;EDUCADORES DE CALLE;MOQUEGUA;ILO;ILO;2022-04-01;1;1;1;NO APLICA;2
SEC00599;1;2008-12-19;16;4;PERÚ;2;EDUCADORES DE CALLE;LORETO;MAYNAS;IQUITOS;2022-04-04;1;1;1;NO APLICA;2
SEC00600;2;2011-07-26;13;4;PERÚ;2;EDUCADORES DE CALLE;LORETO;MAYNAS;IQUITOS;2022-04-04;1;1;1;NO APLICA;2
SEC00601;1;2008-09-13;16;4;PERÚ;2;EDUCADORES DE CALLE;LORETO;MAYNAS;SAN JUAN BAUTISTA;2022-04-06;1;1;1;NO APLICA;2
SEC00602;1;2010-07-31;14;4;PERÚ;2;EDUCADORES DE CALLE;LORETO;MAYNAS;BELEN;2022-04-06;1;1;1;NO APLICA;1
SEC00603;2;2013-03-22;12;4;PERÚ;2;EDUCADORES DE CALLE;LORETO;MAYNAS;BELEN;2022-04-06;1;1;1;NO APLICA;2
SEC00604;1;2014-08-10;10;3;PERÚ;2;EDUCADORES DE CALLE;LORETO;MAYNAS;SAN JUAN BAUTISTA;2022-04-06;1;1;1;NO APLICA;2
SEC00605;2;2012-11-14;12;4;PERÚ;2;EDUCADORES DE CALLE;PUNO;PUNO;PUNO;2022-04-08;1;2;1;NO APLICA;1
SEC00606;1;2009-05-12;15;4;PERÚ;2;EDUCADORES DE CALLE;LIMA;LIMA;PUENTE PIEDRA;2022-04-08;1;1;1;NO APLICA;2
SEC00607;1;2013-09-27;11;3;PERÚ;2;EDUCADORES DE CALLE;PUNO;PUNO;PUNO;2022-04-08;1;1;1;NO APLICA;2
SEC00608;2;2009-06-29;15;4;PERÚ;2;EDUCADORES DE CALLE;LIMA;HUARAL;HUARAL;2022-04-09;1;1;2;2025-05-21;2
SEC00609;2;2007-11-24;17;4;PERÚ;2;EDUCADORES DE CALLE;LIMA;LIMA;COMAS;2022-04-12;1;1;2;2025-01-03;2
SEC00610;2;2012-04-09;13;4;PERÚ;2;EDUCADORES DE CALLE;ANCASH;SANTA;CHIMBOTE;2022-04-12;1;1;1;NO APLICA;2
SEC00611;2;2012-09-08;12;4;PERÚ;2;EDUCADORES DE CALLE;ANCASH;SANTA;CHIMBOTE;2022-04-12;1;1;1;NO APLICA;2
SEC00612;1;2016-06-28;8;3;PERÚ;2;EDUCADORES DE CALLE;ANCASH;SANTA;CHIMBOTE;2022-04-12;1;1;1;NO APLICA;2
SEC00613;2;2009-06-10;15;4;PERÚ;2;EDUCADORES DE CALLE;CUSCO;CUSCO;CUSCO;2022-04-13;1;1;2;2025-04-25;1
SEC00614;2;2011-07-28;13;4;PERÚ;2;EDUCADORES DE CALLE;CUSCO;CUSCO;CUSCO;2022-04-13;1;1;2;2025-04-26;1
SEC00615;1;2009-03-10;16;4;PERÚ;2;EDUCADORES DE CALLE;LIMA;LIMA;COMAS;2022-04-13;1;1;2;2025-01-03;2
SEC00616;1;2015-10-28;9;3;PERÚ;2;EDUCADORES DE CALLE;PUNO;PUNO;PUNO;2022-04-13;1;1;1;NO APLICA;1
SEC00617;1;2015-12-18;9;3;PERÚ;2;EDUCADORES DE CALLE;PUNO;PUNO;PUNO;2022-04-13;1;1;1;NO APLICA;1
SEC00618;2;2016-03-08;9;3;PERÚ;2;EDUCADORES DE CALLE;LIMA;LIMA;COMAS;2022-04-13;1;1;2;2025-04-23;2
SEC00619;2;2012-12-01;12;4;PERÚ;2;EDUCADORES DE CALLE;LIMA;LIMA;COMAS;2022-04-16;1;1;1;NO APLICA;2
SEC00620;1;2014-12-21;10;3;PERÚ;2;EDUCADORES DE CALLE;LIMA;LIMA;COMAS;2022-04-16;1;1;1;NO APLICA;2
SEC00621;2;2009-12-11;15;4;PERÚ;2;EDUCADORES DE CALLE;TUMBES;TUMBES;TUMBES;2022-04-18;1;1;1;NO APLICA;1
SEC00622;2;2013-01-25;12;4;PERÚ;2;EDUCADORES DE CALLE;TUMBES;TUMBES;TUMBES;2022-04-18;1;1;1;NO APLICA;1
SEC00623;1;2011-01-20;14;4;VENEZUELA;2;EDUCADORES DE CALLE;LIMA;HUARAL;HUARAL;2022-04-19;1;5;2;2025-04-22;2
SEC00624;1;2007-06-19;17;4;PERÚ;2;EDUCADORES DE CALLE;LIMA;LIMA;SAN JUAN DE LURIGANCHO;2022-04-20;1;1;1;NO APLICA;1
SEC00625;1;2009-12-09;15;4;PERÚ;2;EDUCADORES DE CALLE;LORETO;MAYNAS;IQUITOS;2022-04-20;1;1;1;NO APLICA;2
SEC00626;1;2013-05-06;11;3;PERÚ;2;EDUCADORES DE CALLE;LORETO;MAYNAS;IQUITOS;2022-04-20;1;1;1;NO APLICA;2
SEC00627;2;2009-06-23;15;4;PERÚ;2;EDUCADORES DE CALLE;LIMA;LIMA;SAN JUAN DE LURIGANCHO;2022-04-21;1;1;1;NO APLICA;1
SEC00628;2;2014-06-07;10;3;PERÚ;2;EDUCADORES DE CALLE;LORETO;MAYNAS;IQUITOS;2022-04-21;1;1;1;NO APLICA;2
SEC00629;2;2014-03-06;11;3;PERÚ;2;EDUCADORES DE CALLE;LIMA;LIMA;SAN JUAN DE LURIGANCHO;2022-04-22;1;1;1;NO APLICA;1
SEC00630;2;2010-08-29;14;4;PERÚ;2;EDUCADORES DE CALLE;PASCO;PASCO;YANACANCHA;2022-04-22;1;1;1;NO APLICA;1
SEC00631;1;2017-07-02;7;3;PERÚ;2;EDUCADORES DE CALLE;PASCO;PASCO;YANACANCHA;2022-04-22;1;1;1;NO APLICA;1
SEC00632;2;2008-08-05;16;4;PERÚ;2;EDUCADORES DE CALLE;CUSCO;CUSCO;CUSCO;2022-04-27;3;1;1;NO APLICA;1
SEC00633;1;2007-07-03;17;4;PERÚ;2;EDUCADORES DE CALLE;LIMA;LIMA;COMAS;2022-04-27;1;1;2;2025-05-23;1
SEC00634;1;2010-06-22;14;4;PERÚ;2;EDUCADORES DE CALLE;HUÁNUCO;HUÁNUCO;HUÁNUCO;2022-04-27;1;1;2;2025-05-26;1
SEC00635;2;2010-03-08;15;4;PERÚ;2;EDUCADORES DE CALLE;CUSCO;CUSCO;CUSCO;2022-04-27;1;1;2;2025-05-27;1
SEC00636;2;2008-04-27;17;4;PERÚ;2;EDUCADORES DE CALLE;CUSCO;CUSCO;CUSCO;2022-04-27;1;1;2;2025-05-27;1
SEC00637;2;2009-06-01;15;4;PERÚ;2;EDUCADORES DE CALLE;PUNO;PUNO;PUNO;2022-04-27;1;1;1;NO APLICA;2
SEC00638;2;2012-01-17;13;4;PERÚ;2;EDUCADORES DE CALLE;LIMA;HUARAL;HUARAL;2022-04-27;1;1;1;NO APLICA;2
SEC00639;2;2012-01-24;13;4;PERÚ;2;EDUCADORES DE CALLE;PUNO;PUNO;PUNO;2022-04-27;1;1;1;NO APLICA;1
SEC00640;2;2013-08-03;11;3;PERÚ;2;EDUCADORES DE CALLE;PUNO;PUNO;PUNO;2022-04-27;1;1;1;NO APLICA;1
SEC00641;2;2013-09-28;11;3;PERÚ;2;EDUCADORES DE CALLE;PUNO;PUNO;PUNO;2022-04-27;1;1;1;NO APLICA;2
SEC00642;2;2014-03-20;11;3;PERÚ;2;EDUCADORES DE CALLE;PUNO;PUNO;PUNO;2022-04-27;1;1;1;NO APLICA;2
SEC00643;1;2014-12-18;10;3;PERÚ;2;EDUCADORES DE CALLE;ANCASH;SANTA;NUEVO CHIMBOTE;2022-04-27;1;1;1;NO APLICA;1
SEC00644;2;2014-12-18;10;3;PERÚ;2;EDUCADORES DE CALLE;ANCASH;SANTA;NUEVO CHIMBOTE;2022-04-27;1;1;1;NO APLICA;1
SEC00645;2;2015-08-17;9;3;PERÚ;2;EDUCADORES DE CALLE;PUNO;PUNO;PUNO;2022-04-27;1;1;1;NO APLICA;2
SEC00646;1;2015-11-04;9;3;PERÚ;2;EDUCADORES DE CALLE;PUNO;PUNO;PUNO;2022-04-27;1;1;1;NO APLICA;1
SEC00647;1;2015-11-20;9;3;PERÚ;2;EDUCADORES DE CALLE;PUNO;PUNO;PUNO;2022-04-27;1;1;1;NO APLICA;1
SEC00648;1;2013-05-02;11;3;PERÚ;2;EDUCADORES DE CALLE;LIMA;LIMA;COMAS;2022-04-27;1;1;2;2025-05-23;1
SEC00649;2;2018-04-22;7;3;PERÚ;2;EDUCADORES DE CALLE;LIMA;LIMA;COMAS;2022-04-27;1;1;1;NO APLICA;1
SEC00650;2;2020-01-07;5;2;PERÚ;2;EDUCADORES DE CALLE;LIMA;LIMA;ATE;2022-04-27;1;1;1;NO APLICA;2
SEC00651;1;2017-03-26;8;3;PERÚ;2;EDUCADORES DE CALLE;LIMA;LIMA;ATE;2022-04-27;1;1;1;NO APLICA;1
SEC00652;1;2020-07-28;4;2;ECUADOR;2;EDUCADORES DE CALLE;LIMA;LIMA;ATE;2022-04-27;2;1;1;NO APLICA;2
SEC00653;2;2013-01-25;12;4;VENEZUELA;2;EDUCADORES DE CALLE;LIMA;LIMA;ATE;2022-04-27;2;5;1;NO APLICA;2
SEC00654;1;2016-05-17;8;3;VENEZUELA;2;EDUCADORES DE CALLE;LIMA;LIMA;ATE;2022-04-27;2;5;1;NO APLICA;2
SEC00655;1;2015-02-16;10;3;VENEZUELA;2;EDUCADORES DE CALLE;LIMA;LIMA;SURQUILLO;2022-04-28;3;1;2;2025-05-23;2
SEC00656;2;2014-07-19;10;3;BOLIVIA;2;EDUCADORES DE CALLE;AREQUIPA;AREQUIPA;JOSE LUIS BUSTAMANTE Y RIVERO;2022-04-28;1;5;1;NO APLICA;2
SEC00657;1;2012-10-13;12;4;BOLIVIA;2;EDUCADORES DE CALLE;AREQUIPA;AREQUIPA;JOSE LUIS BUSTAMANTE Y RIVERO;2022-04-28;1;5;1;NO APLICA;2
SEC00658;1;2011-02-11;14;4;PERÚ;2;EDUCADORES DE CALLE;LIMA;LIMA;SURQUILLO;2022-04-28;3;1;2;2025-05-23;2
SEC00659;1;2013-07-26;11;3;PERÚ;2;EDUCADORES DE CALLE;HUÁNUCO;HUÁNUCO;HUÁNUCO;2022-04-28;1;1;2;2025-05-26;1
SEC00660;2;2014-11-18;10;3;PERÚ;2;EDUCADORES DE CALLE;LIMA;LIMA;SURQUILLO;2022-04-28;3;1;2;2025-05-23;2
SEC00661;2;2020-01-04;5;2;PERÚ;2;EDUCADORES DE CALLE;LIMA;LIMA;SURQUILLO;2022-04-28;2;1;2;2025-05-23;2
SEC00662;2;2020-07-08;4;2;PERÚ;2;EDUCADORES DE CALLE;LIMA;LIMA;SURQUILLO;2022-04-28;2;1;2;2025-05-23;2
SEC00663;1;2009-05-30;15;4;PERÚ;2;EDUCADORES DE CALLE;HUÁNUCO;HUÁNUCO;HUÁNUCO;2022-04-29;1;1;2;2025-05-26;2
SEC00664;2;2007-05-26;17;4;PERÚ;2;EDUCADORES DE CALLE;PASCO;PASCO;YANACANCHA;2022-04-29;1;1;1;NO APLICA;2
SEC00665;1;2009-07-26;15;4;PERÚ;2;EDUCADORES DE CALLE;HUÁNUCO;HUÁNUCO;HUÁNUCO;2022-04-29;1;1;2;2025-05-26;2
SEC00666;1;2010-10-05;14;4;PERÚ;2;EDUCADORES DE CALLE;LIMA;HUARAL;HUARAL;2022-04-29;1;1;2;2025-03-19;2
SEC00667;2;2011-03-18;14;4;PERÚ;2;EDUCADORES DE CALLE;HUÁNUCO;HUÁNUCO;HUÁNUCO;2022-04-29;1;1;2;2025-05-26;2
SEC00668;1;2011-03-22;14;4;PERÚ;2;EDUCADORES DE CALLE;HUÁNUCO;HUÁNUCO;HUÁNUCO;2022-04-29;1;1;2;2025-05-26;2
SEC00669;1;2006-11-23;18;5;PERÚ;2;EDUCADORES DE CALLE;LIMA;LIMA;SAN JUAN DE LURIGANCHO;2022-04-29;1;2;1;NO APLICA;1
SEC00670;1;2009-04-28;16;4;PERÚ;2;EDUCADORES DE CALLE;LIMA;LIMA;VILLA MARIA DEL TRIUNFO;2022-04-29;1;1;1;NO APLICA;2
SEC00671;2;2011-02-23;14;4;PERÚ;2;EDUCADORES DE CALLE;LIMA;LIMA;SAN JUAN DE LURIGANCHO;2022-04-29;1;2;1;NO APLICA;1
SEC00672;1;2013-04-07;12;4;PERÚ;2;EDUCADORES DE CALLE;HUÁNUCO;HUÁNUCO;HUÁNUCO;2022-04-29;1;1;1;NO APLICA;2
SEC00673;1;2013-04-13;12;4;PERÚ;2;EDUCADORES DE CALLE;LIMA;LIMA;SAN JUAN DE LURIGANCHO;2022-04-29;1;2;1;NO APLICA;1
SEC00674;1;2013-04-14;12;4;PERÚ;2;EDUCADORES DE CALLE;LIMA;LIMA;SAN JUAN DE LURIGANCHO;2022-04-29;1;2;2;2025-03-24;1
SEC00675;2;2013-04-15;12;4;PERÚ;2;EDUCADORES DE CALLE;LIMA;LIMA;SAN JUAN DE LURIGANCHO;2022-04-29;1;2;2;2025-03-24;1
SEC00676;2;2013-05-02;11;3;PERÚ;2;EDUCADORES DE CALLE;LIMA;HUARAL;HUARAL;2022-04-29;1;1;2;2025-03-19;2
SEC00677;2;2015-09-21;9;3;PERÚ;2;EDUCADORES DE CALLE;LIMA;HUARAL;HUARAL;2022-04-29;1;1;1;NO APLICA;2
SEC00678;2;2016-05-30;8;3;PERÚ;2;EDUCADORES DE CALLE;HUÁNUCO;HUÁNUCO;HUÁNUCO;2022-04-29;1;1;2;2025-05-26;2
SEC00679;1;2013-02-01;12;4;PERÚ;2;EDUCADORES DE CALLE;HUÁNUCO;HUÁNUCO;HUÁNUCO;2022-04-29;1;1;2;2025-05-26;2
SEC00680;1;2017-04-15;8;3;PERÚ;2;EDUCADORES DE CALLE;LIMA;LIMA;VILLA MARIA DEL TRIUNFO;2022-04-29;1;2;1;NO APLICA;2
SEC00681;2;2021-01-02;4;2;PERÚ;2;EDUCADORES DE CALLE;LIMA;LIMA;VILLA MARIA DEL TRIUNFO;2022-04-29;1;2;1;NO APLICA;2
SEC00682;2;2013-08-22;11;3;PERÚ;2;EDUCADORES DE CALLE;HUÁNUCO;HUÁNUCO;AMARILIS;2022-05-01;1;1;2;2025-05-27;2
SEC00683;1;2018-04-03;7;3;PERÚ;2;EDUCADORES DE CALLE;HUÁNUCO;HUÁNUCO;AMARILIS;2022-05-01;1;1;2;2025-05-27;1
SEC00684;2;2008-01-31;17;4;PERÚ;2;EDUCADORES DE CALLE;AREQUIPA;AREQUIPA;CERRO COLORADO;2022-05-06;1;1;2;2025-01-17;1
SEC00685;1;2010-04-02;15;4;PERÚ;2;EDUCADORES DE CALLE;AREQUIPA;AREQUIPA;CERRO COLORADO;2022-05-06;1;1;2;2025-01-17;1
SEC00686;1;2012-07-27;12;4;PERÚ;2;EDUCADORES DE CALLE;AREQUIPA;AREQUIPA;CERRO COLORADO;2022-05-06;1;1;2;2025-01-17;1
SEC00687;2;2013-03-17;12;4;PERÚ;2;EDUCADORES DE CALLE;CUSCO;CUSCO;CUSCO;2022-05-06;1;1;2;2025-05-27;1
SEC00688;1;2010-05-14;14;4;PERÚ;1;EDUCADORES DE CALLE;LIMA;LIMA;ATE;2022-05-06;3;1;1;NO APLICA;2
SEC00689;1;2020-05-04;4;2;PERÚ;2;EDUCADORES DE CALLE;LA LIBERTAD;TRUJILLO;TRUJILLO;2022-05-11;1;1;1;NO APLICA;2
SEC00690;1;2006-12-28;18;5;PERÚ;2;EDUCADORES DE CALLE;CUSCO;CUSCO;SAN JERONIMO;2022-05-11;1;1;2;2025-03-25;1
SEC00691;1;2012-04-04;13;4;PERÚ;2;EDUCADORES DE CALLE;MOQUEGUA;ILO;ILO;2022-05-11;1;1;2;2025-04-22;2
SEC00692;1;2010-08-18;14;4;PERÚ;2;EDUCADORES DE CALLE;LIMA;LIMA;COMAS;2022-05-13;3;1;1;NO APLICA;1
SEC00693;1;2008-04-06;17;4;PERÚ;2;EDUCADORES DE CALLE;LIMA;LIMA;COMAS;2022-05-13;3;1;1;NO APLICA;2
SEC00694;2;2013-07-31;11;3;PERÚ;2;EDUCADORES DE CALLE;LIMA;LIMA;CARABAYLLO;2022-05-14;1;1;1;NO APLICA;2
SEC00695;1;2018-10-21;6;3;PERÚ;2;EDUCADORES DE CALLE;LIMA;LIMA;CARABAYLLO;2022-05-14;1;1;1;NO APLICA;2
SEC00696;1;2007-03-28;18;5;PERÚ;2;EDUCADORES DE CALLE;LIMA;LIMA;CARABAYLLO;2022-05-15;1;1;2;2025-04-30;2
SEC00697;1;2010-02-24;15;4;PERÚ;2;EDUCADORES DE CALLE;CAJAMARCA;CAJAMARCA;CAJAMARCA;2022-05-17;1;1;2;2025-03-25;2
SEC00698;2;2013-07-24;11;3;PERÚ;2;EDUCADORES DE CALLE;LIMA;HUARAL;HUARAL;2022-05-17;1;1;2;2025-05-21;2
SEC00699;1;2012-10-15;12;4;PERÚ;2;EDUCADORES DE CALLE;CAJAMARCA;CAJAMARCA;CAJAMARCA;2022-05-17;1;1;2;2025-04-23;2
SEC00700;1;2013-01-18;12;4;PERÚ;2;EDUCADORES DE CALLE;LIMA;HUARAL;CHANCAY;2022-05-18;1;1;2;2025-05-19;2
SEC00701;2;2013-11-20;11;3;PERÚ;2;EDUCADORES DE CALLE;LIMA;HUARAL;CHANCAY;2022-05-18;1;1;1;NO APLICA;2
SEC00702;1;2008-02-29;17;4;PERÚ;2;EDUCADORES DE CALLE;MOQUEGUA;MARISCAL NIETO;MOQUEGUA;2022-05-19;1;2;2;2025-02-01;1
SEC00703;2;2008-02-29;17;4;PERÚ;2;EDUCADORES DE CALLE;MOQUEGUA;MARISCAL NIETO;MOQUEGUA;2022-05-19;1;2;2;2025-02-01;1
SEC00704;1;2012-09-27;12;4;PERÚ;2;EDUCADORES DE CALLE;AREQUIPA;AREQUIPA;JOSE LUIS BUSTAMANTE Y RIVERO;2022-05-19;1;1;2;2025-04-22;2
SEC00705;1;2010-10-29;14;4;PERÚ;2;EDUCADORES DE CALLE;LIMA;LIMA;SAN JUAN DE MIRAFLORES;2022-05-19;1;1;1;NO APLICA;1
SEC00706;2;2010-08-30;14;4;PERÚ;2;EDUCADORES DE CALLE;PUNO;PUNO;PUNO;2022-05-20;1;1;1;NO APLICA;2
SEC00707;1;2014-02-23;11;3;PERÚ;2;EDUCADORES DE CALLE;PUNO;PUNO;PUNO;2022-05-20;1;2;1;NO APLICA;2
SEC00708;1;2010-06-29;14;4;PERÚ;2;EDUCADORES DE CALLE;PUNO;PUNO;PUNO;2022-05-20;1;2;1;NO APLICA;2
SEC00709;2;2009-09-15;15;4;PERÚ;2;EDUCADORES DE CALLE;APURÍMAC;ABANCAY;ABANCAY;2022-05-20;1;1;1;NO APLICA;2
SEC00710;1;2007-10-06;17;4;PERÚ;2;EDUCADORES DE CALLE;LIMA;LIMA;ATE;2022-05-20;1;2;1;NO APLICA;1
SEC00711;1;2008-04-24;17;4;PERÚ;2;EDUCADORES DE CALLE;LIMA;LIMA;COMAS;2022-05-20;1;1;1;NO APLICA;1
SEC00712;2;2007-08-01;17;4;PERÚ;2;EDUCADORES DE CALLE;LIMA;LIMA;ATE;2022-05-20;1;1;1;NO APLICA;1
SEC00713;1;2010-12-06;14;4;PERÚ;2;EDUCADORES DE CALLE;LIMA;LIMA;COMAS;2022-05-20;1;1;1;NO APLICA;1
SEC00714;2;2012-08-03;12;4;PERÚ;2;EDUCADORES DE CALLE;PUNO;PUNO;PUNO;2022-05-20;1;1;1;NO APLICA;2
SEC00715;2;2010-04-23;15;4;PERÚ;2;EDUCADORES DE CALLE;APURÍMAC;ABANCAY;ABANCAY;2022-05-20;1;1;1;NO APLICA;2
SEC00716;2;2014-10-26;10;3;PERÚ;2;EDUCADORES DE CALLE;APURÍMAC;ABANCAY;ABANCAY;2022-05-20;1;1;1;NO APLICA;2
SEC00717;1;2015-05-04;9;3;PERÚ;2;EDUCADORES DE CALLE;LIMA;LIMA;COMAS;2022-05-20;1;1;1;NO APLICA;1
SEC00718;2;2016-01-30;9;3;PERÚ;2;EDUCADORES DE CALLE;PUNO;PUNO;PUNO;2022-05-20;1;1;1;NO APLICA;2
SEC00719;1;2020-01-29;5;2;PERÚ;2;EDUCADORES DE CALLE;LIMA;LIMA;COMAS;2022-05-20;2;1;1;NO APLICA;1
SEC00720;2;2020-06-28;4;2;PERÚ;2;EDUCADORES DE CALLE;LIMA;LIMA;ATE;2022-05-20;2;1;1;NO APLICA;2
SEC00721;2;2020-08-03;4;2;PERÚ;2;EDUCADORES DE CALLE;LAMBAYEQUE;CHICLAYO;CHICLAYO;2022-05-21;1;1;1;NO APLICA;2
SEC00722;1;2007-11-12;17;4;PERÚ;2;EDUCADORES DE CALLE;APURÍMAC;ABANCAY;ABANCAY;2022-05-21;1;1;1;NO APLICA;2
SEC00723;1;2014-04-10;11;3;PERÚ;2;EDUCADORES DE CALLE;APURÍMAC;ABANCAY;ABANCAY;2022-05-24;1;1;1;NO APLICA;2
SEC00724;1;2011-03-26;14;4;PERÚ;2;EDUCADORES DE CALLE;APURÍMAC;ABANCAY;ABANCAY;2022-05-24;1;1;1;NO APLICA;2
SEC00725;1;2007-06-09;17;4;PERÚ;2;EDUCADORES DE CALLE;LIMA;CALLAO;VENTANILLA;2022-05-24;3;1;1;NO APLICA;1
SEC00726;2;2011-06-02;13;4;PERÚ;2;EDUCADORES DE CALLE;LIMA;CALLAO;VENTANILLA;2022-05-24;3;1;2;2025-05-23;1
SEC00727;1;2008-12-20;16;4;PERÚ;2;EDUCADORES DE CALLE;APURÍMAC;ABANCAY;ABANCAY;2022-05-24;1;1;1;NO APLICA;2
SEC00728;1;2015-08-17;9;3;PERÚ;2;EDUCADORES DE CALLE;APURÍMAC;ABANCAY;ABANCAY;2022-05-25;1;1;1;NO APLICA;2
SEC00729;1;2007-12-02;17;4;PERÚ;2;EDUCADORES DE CALLE;LIMA;HUARAL;CHANCAY;2022-05-25;1;1;2;2025-05-19;2
SEC00730;2;2009-06-10;15;4;PERÚ;2;EDUCADORES DE CALLE;LIMA;HUARAL;CHANCAY;2022-05-25;1;1;2;2025-05-19;2
SEC00731;1;2009-10-22;15;4;PERÚ;2;EDUCADORES DE CALLE;LIMA;LIMA;RIMAC;2022-05-25;1;1;1;NO APLICA;2
SEC00732;1;2013-03-23;12;4;PERÚ;2;EDUCADORES DE CALLE;APURÍMAC;ABANCAY;ABANCAY;2022-05-25;1;1;1;NO APLICA;2
SEC00733;2;2011-02-14;14;4;PERÚ;2;EDUCADORES DE CALLE;LIMA;HUARAL;CHANCAY;2022-05-25;1;1;2;2025-05-19;2
SEC00734;2;2007-08-09;17;4;PERÚ;2;EDUCADORES DE CALLE;LIMA;LIMA;RIMAC;2022-05-25;1;1;1;NO APLICA;2
SEC00735;1;2017-05-04;7;3;PERÚ;2;EDUCADORES DE CALLE;LIMA;LIMA;RIMAC;2022-05-25;1;1;1;NO APLICA;2
SEC00736;2;2007-11-10;17;4;PERÚ;2;EDUCADORES DE CALLE;PASCO;PASCO;YANACANCHA;2022-05-26;1;1;1;NO APLICA;1
SEC00737;2;2009-12-11;15;4;PERÚ;2;EDUCADORES DE CALLE;PASCO;PASCO;YANACANCHA;2022-05-26;1;1;1;NO APLICA;1
SEC00738;1;2010-01-26;15;4;PERÚ;2;EDUCADORES DE CALLE;PASCO;PASCO;YANACANCHA;2022-05-26;1;1;1;NO APLICA;1
SEC00739;1;2011-03-03;14;4;PERÚ;2;EDUCADORES DE CALLE;LA LIBERTAD;TRUJILLO;TRUJILLO;2022-05-26;1;1;1;NO APLICA;2
SEC00740;1;2012-07-31;12;4;PERÚ;2;EDUCADORES DE CALLE;HUANCAVELICA;HUANCAVELICA;HUANCAVELICA;2022-05-26;1;1;2;2025-05-26;2
SEC00741;1;2013-02-10;12;4;PERÚ;2;EDUCADORES DE CALLE;LA LIBERTAD;TRUJILLO;TRUJILLO;2022-05-26;1;1;1;NO APLICA;2
SEC00742;2;2015-03-10;10;3;PERÚ;2;EDUCADORES DE CALLE;PASCO;PASCO;YANACANCHA;2022-05-26;1;1;1;NO APLICA;1
SEC00743;1;2015-04-08;10;3;PERÚ;2;EDUCADORES DE CALLE;HUÁNUCO;HUÁNUCO;HUÁNUCO;2022-05-26;1;1;1;NO APLICA;2
SEC00744;2;2015-02-08;10;3;PERÚ;2;EDUCADORES DE CALLE;PASCO;PASCO;YANACANCHA;2022-05-26;1;1;1;NO APLICA;1
SEC00745;1;2015-07-14;9;3;PERÚ;2;EDUCADORES DE CALLE;LIMA;LIMA;INDEPENDENCIA;2022-05-26;1;1;2;2025-05-05;2
SEC00746;1;2007-03-21;18;5;VENEZUELA;2;EDUCADORES DE CALLE;LIMA;LIMA;INDEPENDENCIA;2022-05-26;1;5;2;2025-04-22;2
SEC00747;1;2009-07-30;15;4;PERÚ;2;EDUCADORES DE CALLE;PUNO;PUNO;PUNO;2022-05-27;1;1;1;NO APLICA;2
SEC00748;1;2008-05-25;16;4;PERÚ;2;EDUCADORES DE CALLE;PUNO;PUNO;PUNO;2022-05-27;1;1;1;NO APLICA;2
SEC00749;2;2012-03-12;13;4;PERÚ;2;EDUCADORES DE CALLE;LIMA;LIMA;LA VICTORIA;2022-05-27;1;1;1;NO APLICA;2
SEC00750;1;2013-09-14;11;3;PERÚ;2;EDUCADORES DE CALLE;LIMA;LIMA;LA VICTORIA;2022-05-27;1;1;1;NO APLICA;2
SEC00751;2;2016-02-19;9;3;PERÚ;2;EDUCADORES DE CALLE;APURÍMAC;ABANCAY;ABANCAY;2022-05-27;1;1;1;NO APLICA;2
SEC00752;1;2014-07-06;10;3;PERÚ;2;EDUCADORES DE CALLE;HUANCAVELICA;HUANCAVELICA;HUANCAVELICA;2022-05-27;1;1;2;2025-05-26;2
SEC00753;1;2014-03-17;11;3;PERÚ;2;EDUCADORES DE CALLE;PUNO;PUNO;PUNO;2022-05-27;1;1;1;NO APLICA;2
SEC00754;1;2016-11-12;8;3;PERÚ;2;EDUCADORES DE CALLE;LIMA;LIMA;LA VICTORIA;2022-05-27;2;1;1;NO APLICA;2
SEC00755;2;2021-01-13;4;2;PERÚ;2;EDUCADORES DE CALLE;LIMA;LIMA;LA VICTORIA;2022-05-27;2;1;1;NO APLICA;2
SEC00756;1;2008-02-12;17;4;PERÚ;2;EDUCADORES DE CALLE;LIMA;LIMA;PUENTE PIEDRA;2022-05-28;1;1;1;NO APLICA;1
SEC00757;1;2007-07-18;17;4;PERÚ;2;EDUCADORES DE CALLE;LIMA;LIMA;PUENTE PIEDRA;2022-05-28;1;1;1;NO APLICA;1
SEC00758;2;2007-11-19;17;4;PERÚ;2;EDUCADORES DE CALLE;LIMA;LIMA;PUENTE PIEDRA;2022-05-28;1;1;1;NO APLICA;1
SEC00759;2;2008-02-08;17;4;PERÚ;2;EDUCADORES DE CALLE;LIMA;LIMA;PUENTE PIEDRA;2022-05-28;1;1;1;NO APLICA;1
SEC00760;1;2013-10-18;11;3;PERÚ;2;EDUCADORES DE CALLE;LIMA;LIMA;PUENTE PIEDRA;2022-05-28;1;1;2;2025-04-23;1
SEC00761;1;2011-07-13;13;4;PERÚ;2;EDUCADORES DE CALLE;LIMA;LIMA;PUENTE PIEDRA;2022-05-28;1;1;2;2025-04-23;1
SEC00762;2;2011-09-19;13;4;PERÚ;2;EDUCADORES DE CALLE;LIMA;LIMA;PUENTE PIEDRA;2022-05-28;1;1;2;2025-04-23;1
SEC00763;1;2011-03-30;14;4;PERÚ;2;EDUCADORES DE CALLE;APURÍMAC;ABANCAY;ABANCAY;2022-05-28;1;1;1;NO APLICA;2
SEC00764;2;2009-03-07;16;4;PERÚ;2;EDUCADORES DE CALLE;LIMA;LIMA;PUENTE PIEDRA;2022-05-28;1;1;2;2025-04-23;1
SEC00765;2;2011-01-16;14;4;PERÚ;1;EDUCADORES DE CALLE;LIMA;LIMA;PUENTE PIEDRA;2022-05-28;1;1;1;NO APLICA;1
SEC00766;1;2009-03-12;16;4;PERÚ;2;EDUCADORES DE CALLE;LIMA;LIMA;PUENTE PIEDRA;2022-05-28;1;1;2;2025-03-24;1
SEC00767;2;2011-04-30;14;4;PERÚ;2;EDUCADORES DE CALLE;LIMA;LIMA;PUENTE PIEDRA;2022-05-28;1;1;1;NO APLICA;1
SEC00768;1;2012-04-01;13;4;PERÚ;2;EDUCADORES DE CALLE;LIMA;LIMA;PUENTE PIEDRA;2022-05-28;1;1;2;2025-04-23;1
SEC00769;1;2012-10-11;12;4;PERÚ;2;EDUCADORES DE CALLE;LIMA;LIMA;PUENTE PIEDRA;2022-05-28;1;1;1;NO APLICA;1
SEC00770;2;2014-09-23;10;3;PERÚ;2;EDUCADORES DE CALLE;LIMA;LIMA;PUENTE PIEDRA;2022-05-28;1;1;2;2025-04-23;1
SEC00771;1;2009-12-21;15;4;PERÚ;2;EDUCADORES DE CALLE;LIMA;LIMA;PUENTE PIEDRA;2022-05-28;1;1;1;NO APLICA;1
SEC00772;1;2012-06-08;12;4;PERÚ;2;EDUCADORES DE CALLE;APURÍMAC;ABANCAY;ABANCAY;2022-05-28;1;1;1;NO APLICA;2
SEC00773;2;2018-11-27;6;3;PERÚ;2;EDUCADORES DE CALLE;LIMA;LIMA;PUENTE PIEDRA;2022-05-28;1;1;2;2025-04-23;1
SEC00774;1;2010-02-02;15;4;PERÚ;2;EDUCADORES DE CALLE;APURÍMAC;ABANCAY;ABANCAY;2022-05-29;1;1;1;NO APLICA;2
SEC00775;2;2008-05-09;16;4;PERÚ;2;EDUCADORES DE CALLE;LIMA;LIMA;PUENTE PIEDRA;2022-05-30;1;1;1;NO APLICA;1
SEC00776;2;2011-04-04;14;4;PERÚ;2;EDUCADORES DE CALLE;LIMA;LIMA;PUENTE PIEDRA;2022-05-30;1;1;1;NO APLICA;2
SEC00777;1;2012-12-05;12;4;PERÚ;2;EDUCADORES DE CALLE;PASCO;PASCO;CHAUPIMARCA;2022-05-30;1;1;1;NO APLICA;2
SEC00778;2;2013-03-26;12;4;PERÚ;2;EDUCADORES DE CALLE;PASCO;PASCO;CHAUPIMARCA;2022-05-30;1;1;1;NO APLICA;2
SEC00779;2;2017-01-10;8;3;PERÚ;2;EDUCADORES DE CALLE;PASCO;PASCO;CHAUPIMARCA;2022-05-30;2;1;1;NO APLICA;2
SEC00780;2;2018-07-09;6;3;PERÚ;2;EDUCADORES DE CALLE;PASCO;PASCO;CHAUPIMARCA;2022-05-30;2;1;1;NO APLICA;2
SEC00781;1;2009-07-01;15;4;PERÚ;2;EDUCADORES DE CALLE;LIMA;LIMA;RIMAC;2022-05-31;3;1;1;NO APLICA;2
SEC00782;2;2008-06-24;16;4;ARGENTINA;2;EDUCADORES DE CALLE;LIMA;HUARAL;HUARAL;2022-06-01;1;1;2;2025-05-20;2
SEC00783;2;2012-04-06;13;4;PERÚ;2;EDUCADORES DE CALLE;HUÁNUCO;HUÁNUCO;AMARILIS;2022-06-01;1;1;1;NO APLICA;1
SEC00784;1;2011-04-18;14;4;PERÚ;2;EDUCADORES DE CALLE;ICA;ICA;ICA;2022-06-01;1;1;1;NO APLICA;2
SEC00785;2;2014-03-25;11;3;PERÚ;2;EDUCADORES DE CALLE;HUÁNUCO;HUÁNUCO;AMARILIS;2022-06-01;1;1;1;NO APLICA;1
SEC00786;2;2009-08-01;15;4;ARGENTINA;2;EDUCADORES DE CALLE;LIMA;HUARAL;HUARAL;2022-06-01;1;1;2;2025-05-20;2
SEC00787;1;2012-09-19;12;4;ARGENTINA;2;EDUCADORES DE CALLE;LIMA;HUARAL;HUARAL;2022-06-01;1;1;2;2025-05-20;2
SEC00788;1;2010-09-25;14;4;PERÚ;2;EDUCADORES DE CALLE;LA LIBERTAD;TRUJILLO;TRUJILLO;2022-06-03;1;1;1;NO APLICA;2
SEC00789;1;2008-01-28;17;4;PERÚ;2;EDUCADORES DE CALLE;LIMA;LIMA;COMAS;2022-06-03;3;1;1;NO APLICA;1
SEC00790;1;2014-09-10;10;3;PERÚ;2;EDUCADORES DE CALLE;APURÍMAC;ABANCAY;ABANCAY;2022-06-05;1;1;1;NO APLICA;2
SEC00791;1;2020-09-04;4;2;PERÚ;2;EDUCADORES DE CALLE;LAMBAYEQUE;CHICLAYO;CHICLAYO;2022-06-07;1;1;1;NO APLICA;2
SEC00792;2;2013-05-17;11;3;PERÚ;2;EDUCADORES DE CALLE;LAMBAYEQUE;CHICLAYO;CHICLAYO;2022-06-07;1;1;1;NO APLICA;2
SEC00793;1;2009-06-13;15;4;PERÚ;2;EDUCADORES DE CALLE;PUNO;SAN ROMAN;JULIACA;2022-06-07;1;1;2;2025-01-24;2
SEC00794;1;2016-01-22;9;3;PERÚ;2;EDUCADORES DE CALLE;PUNO;SAN ROMAN;JULIACA;2022-06-07;1;1;2;2025-04-23;2
SEC00795;2;2009-01-31;16;4;PERÚ;1;EDUCADORES DE CALLE;APURÍMAC;ABANCAY;ABANCAY;2022-06-08;1;1;1;NO APLICA;2
SEC00796;1;2008-12-22;16;4;PERÚ;2;EDUCADORES DE CALLE;APURÍMAC;ABANCAY;ABANCAY;2022-06-08;1;1;1;NO APLICA;2
SEC00797;2;2009-09-17;15;4;PERÚ;2;EDUCADORES DE CALLE;APURÍMAC;ABANCAY;ABANCAY;2022-06-08;1;2;1;NO APLICA;2
SEC00798;2;2009-09-02;15;4;PERÚ;2;EDUCADORES DE CALLE;APURÍMAC;ABANCAY;ABANCAY;2022-06-08;1;1;1;NO APLICA;2
SEC00799;2;2010-04-27;15;4;PERÚ;2;EDUCADORES DE CALLE;LIMA;HUARAL;CHANCAY;2022-06-08;1;1;2;2025-05-19;1
SEC00800;1;2020-11-26;4;2;PERÚ;2;EDUCADORES DE CALLE;PIURA;PIURA;PIURA;2022-06-08;1;1;1;NO APLICA;2
SEC00801;1;2010-12-01;14;4;PERÚ;2;EDUCADORES DE CALLE;LIMA;LIMA;CHORRILLOS;2022-06-08;1;1;1;NO APLICA;2
SEC00802;1;2011-12-11;13;4;PERÚ;2;EDUCADORES DE CALLE;APURÍMAC;ABANCAY;ABANCAY;2022-06-08;1;1;1;NO APLICA;2
SEC00803;1;2012-08-23;12;4;PERÚ;2;EDUCADORES DE CALLE;PIURA;PIURA;PIURA;2022-06-08;1;1;1;NO APLICA;2
SEC00804;1;2009-12-21;15;4;PERÚ;2;EDUCADORES DE CALLE;CAJAMARCA;CAJAMARCA;CAJAMARCA;2022-06-08;2;1;1;NO APLICA;2
SEC00805;2;2011-11-04;13;4;PERÚ;2;EDUCADORES DE CALLE;APURÍMAC;ABANCAY;ABANCAY;2022-06-08;1;1;1;NO APLICA;2
SEC00806;2;2007-07-02;17;4;PERÚ;2;EDUCADORES DE CALLE;APURÍMAC;ABANCAY;ABANCAY;2022-06-08;1;2;1;NO APLICA;2
SEC00807;2;2020-08-07;4;2;PERÚ;2;EDUCADORES DE CALLE;LA LIBERTAD;TRUJILLO;TRUJILLO;2022-06-08;1;1;1;NO APLICA;2
SEC00808;1;2015-03-08;10;3;PERÚ;2;EDUCADORES DE CALLE;APURÍMAC;ABANCAY;ABANCAY;2022-06-08;1;2;1;NO APLICA;2
SEC00809;2;2015-05-02;9;3;PERÚ;2;EDUCADORES DE CALLE;LIMA;HUARAL;CHANCAY;2022-06-08;1;5;1;NO APLICA;1
SEC00810;2;2015-10-21;9;3;PERÚ;2;EDUCADORES DE CALLE;APURÍMAC;ABANCAY;ABANCAY;2022-06-08;1;1;1;NO APLICA;2
SEC00811;1;2021-03-26;4;2;PERÚ;2;EDUCADORES DE CALLE;LA LIBERTAD;TRUJILLO;TRUJILLO;2022-06-08;1;1;1;NO APLICA;2
SEC00812;2;2008-01-06;17;4;PERÚ;2;EDUCADORES DE CALLE;ANCASH;CASMA;CASMA;2022-06-09;1;1;1;NO APLICA;2
SEC00813;1;2021-04-27;4;2;PERÚ;1;EDUCADORES DE CALLE;LA LIBERTAD;TRUJILLO;TRUJILLO;2022-06-09;1;1;1;NO APLICA;2
SEC00814;2;2020-10-22;4;2;PERÚ;2;EDUCADORES DE CALLE;ANCASH;CASMA;CASMA;2022-06-09;1;1;1;NO APLICA;2
SEC00815;2;2013-05-21;11;3;PERÚ;2;EDUCADORES DE CALLE;ANCASH;CASMA;CASMA;2022-06-09;1;1;1;NO APLICA;2
SEC00816;2;2013-12-13;11;3;PERÚ;2;EDUCADORES DE CALLE;ANCASH;CASMA;CASMA;2022-06-09;1;1;1;NO APLICA;2
SEC00817;1;2016-06-23;8;3;PERÚ;2;EDUCADORES DE CALLE;ANCASH;CASMA;CASMA;2022-06-09;1;1;1;NO APLICA;2
SEC00818;1;2016-07-04;8;3;PERÚ;2;EDUCADORES DE CALLE;ANCASH;CASMA;CASMA;2022-06-09;1;1;1;NO APLICA;2
SEC00819;1;2009-04-23;16;4;PERÚ;2;EDUCADORES DE CALLE;LIMA;LIMA;ATE;2022-06-10;1;1;1;NO APLICA;2
SEC00820;2;2020-02-17;5;2;PERÚ;2;EDUCADORES DE CALLE;LIMA;CALLAO;VENTANILLA;2022-06-10;1;1;1;NO APLICA;2
SEC00821;1;2020-08-24;4;2;PERÚ;2;EDUCADORES DE CALLE;LIMA;CALLAO;VENTANILLA;2022-06-10;1;1;1;NO APLICA;2
SEC00822;2;2012-12-04;12;4;PERÚ;2;EDUCADORES DE CALLE;LIMA;CALLAO;VENTANILLA;2022-06-10;1;1;1;NO APLICA;2
SEC00823;1;2014-04-25;11;3;PERÚ;2;EDUCADORES DE CALLE;APURÍMAC;ABANCAY;ABANCAY;2022-06-10;1;1;1;NO APLICA;2
SEC00824;2;2014-06-16;10;3;PERÚ;2;EDUCADORES DE CALLE;APURÍMAC;ABANCAY;ABANCAY;2022-06-10;1;1;1;NO APLICA;2
SEC00825;2;2014-02-22;11;3;PERÚ;2;EDUCADORES DE CALLE;PUNO;PUNO;PUNO;2022-06-10;1;1;1;NO APLICA;2
SEC00826;1;2020-04-10;5;2;PERÚ;2;EDUCADORES DE CALLE;LIMA;LIMA;ATE;2022-06-11;1;2;1;NO APLICA;2
SEC00827;2;2020-09-22;4;2;PERÚ;2;EDUCADORES DE CALLE;LIMA;LIMA;PUENTE PIEDRA;2022-06-11;1;1;1;NO APLICA;2
SEC00828;1;2015-12-27;9;3;PERÚ;2;EDUCADORES DE CALLE;LIMA;LIMA;PUENTE PIEDRA;2022-06-11;1;1;1;NO APLICA;2
SEC00829;2;2020-07-13;4;2;PERÚ;2;EDUCADORES DE CALLE;LIMA;LIMA;ATE;2022-06-11;1;1;1;NO APLICA;2
SEC00830;1;2018-02-17;7;3;PERÚ;2;EDUCADORES DE CALLE;LIMA;LIMA;ATE;2022-06-11;1;1;1;NO APLICA;2
SEC00831;1;2008-01-10;17;4;PERÚ;2;EDUCADORES DE CALLE;LIMA;LIMA;ATE;2022-06-11;1;2;1;NO APLICA;2
SEC00832;1;2014-06-01;10;3;PERÚ;2;EDUCADORES DE CALLE;PIURA;SULLANA;SULLANA;2022-06-11;1;1;1;NO APLICA;1
SEC00833;1;2016-09-04;8;3;PERÚ;2;EDUCADORES DE CALLE;LIMA;LIMA;PUENTE PIEDRA;2022-06-11;1;1;1;NO APLICA;2
SEC00834;2;2013-01-15;12;4;PERÚ;2;EDUCADORES DE CALLE;LA LIBERTAD;TRUJILLO;TRUJILLO;2022-06-12;1;1;2;2025-04-22;2
SEC00835;2;2015-10-07;9;3;PERÚ;2;EDUCADORES DE CALLE;APURÍMAC;ABANCAY;ABANCAY;2022-06-12;1;1;1;NO APLICA;2
SEC00836;2;2018-02-14;7;3;PERÚ;2;EDUCADORES DE CALLE;LIMA;LIMA;SURQUILLO;2022-06-13;1;1;1;NO APLICA;2
SEC00837;1;2016-11-13;8;3;PERÚ;2;EDUCADORES DE CALLE;LIMA;LIMA;PUENTE PIEDRA;2022-06-13;1;1;1;NO APLICA;2
SEC00838;2;2017-01-26;8;3;PERÚ;2;EDUCADORES DE CALLE;LIMA;LIMA;VILLA MARIA DEL TRIUNFO;2022-06-13;1;1;1;NO APLICA;2
SEC00839;1;2014-02-21;11;3;PERÚ;2;EDUCADORES DE CALLE;LIMA;LIMA;PUENTE PIEDRA;2022-06-13;1;1;1;NO APLICA;2
SEC00840;1;2014-11-26;10;3;PERÚ;2;EDUCADORES DE CALLE;LIMA;LIMA;PUENTE PIEDRA;2022-06-13;1;1;1;NO APLICA;2
SEC00841;2;2015-07-30;9;3;PERÚ;2;EDUCADORES DE CALLE;LIMA;LIMA;SURQUILLO;2022-06-13;1;1;1;NO APLICA;2
SEC00842;1;2007-10-17;17;4;PERÚ;2;EDUCADORES DE CALLE;LIMA;LIMA;PUENTE PIEDRA;2022-06-13;1;1;1;NO APLICA;2
SEC00843;1;2012-08-25;12;4;PERÚ;2;EDUCADORES DE CALLE;LIMA;LIMA;SURQUILLO;2022-06-13;1;1;1;NO APLICA;2
SEC00844;1;2011-04-23;14;4;PERÚ;2;EDUCADORES DE CALLE;LORETO;MAYNAS;SAN JUAN BAUTISTA;2022-06-15;1;1;1;NO APLICA;2
SEC00845;1;2012-03-11;13;4;PERÚ;2;EDUCADORES DE CALLE;LORETO;MAYNAS;SAN JUAN BAUTISTA;2022-06-15;1;1;2;2025-05-12;2
SEC00846;2;2016-03-12;9;3;PERÚ;2;EDUCADORES DE CALLE;LORETO;MAYNAS;SAN JUAN BAUTISTA;2022-06-15;1;1;1;NO APLICA;2
SEC00847;2;2013-12-01;11;3;PERÚ;2;EDUCADORES DE CALLE;APURÍMAC;ABANCAY;ABANCAY;2022-06-16;1;2;1;NO APLICA;2
SEC00848;2;2014-04-23;11;3;PERÚ;2;EDUCADORES DE CALLE;APURÍMAC;ABANCAY;ABANCAY;2022-06-16;1;1;1;NO APLICA;2
SEC00849;1;2010-10-03;14;4;PERÚ;2;EDUCADORES DE CALLE;HUANCAVELICA;HUANCAVELICA;HUANCAVELICA;2022-06-17;1;1;1;NO APLICA;2
SEC00850;1;2015-03-17;10;3;PERÚ;2;EDUCADORES DE CALLE;HUANCAVELICA;HUANCAVELICA;HUANCAVELICA;2022-06-17;1;1;2;2025-05-26;2
SEC00851;2;2015-01-09;10;3;PERÚ;2;EDUCADORES DE CALLE;PIURA;SULLANA;SULLANA;2022-06-20;1;1;1;NO APLICA;1
SEC00852;1;2020-07-19;4;2;PERÚ;2;EDUCADORES DE CALLE;APURÍMAC;ABANCAY;ABANCAY;2022-06-20;1;1;1;NO APLICA;2
SEC00853;1;2016-06-03;8;3;PERÚ;2;EDUCADORES DE CALLE;APURÍMAC;ABANCAY;ABANCAY;2022-06-20;2;1;1;NO APLICA;2
SEC00854;2;2007-12-07;17;4;PERÚ;2;EDUCADORES DE CALLE;LIMA;HUARAL;HUARAL;2022-06-21;1;1;1;NO APLICA;2
SEC00855;1;2015-03-10;10;3;PERÚ;2;EDUCADORES DE CALLE;LIMA;HUARAL;HUARAL;2022-06-21;1;1;1;NO APLICA;2
SEC00856;2;2012-04-21;13;4;PERÚ;2;EDUCADORES DE CALLE;LORETO;MAYNAS;BELEN;2022-06-22;1;1;1;NO APLICA;2
SEC00857;1;2013-02-14;12;4;PERÚ;2;EDUCADORES DE CALLE;LORETO;MAYNAS;IQUITOS;2022-06-22;1;1;1;NO APLICA;2
SEC00858;2;2010-06-17;14;4;PERÚ;2;EDUCADORES DE CALLE;LORETO;MAYNAS;IQUITOS;2022-06-22;1;1;1;NO APLICA;2
SEC00859;2;2019-04-04;6;3;PERÚ;2;EDUCADORES DE CALLE;LORETO;MAYNAS;BELEN;2022-06-22;1;1;1;NO APLICA;2
SEC00860;2;2009-05-03;15;4;PERÚ;2;EDUCADORES DE CALLE;CAJAMARCA;CAJAMARCA;CAJAMARCA;2022-06-23;1;1;1;NO APLICA;2
SEC00861;1;2010-10-13;14;4;PERÚ;2;EDUCADORES DE CALLE;APURÍMAC;ABANCAY;ABANCAY;2022-06-23;1;1;2;2025-03-25;2
SEC00862;2;2013-10-24;11;3;PERÚ;2;EDUCADORES DE CALLE;APURÍMAC;ABANCAY;ABANCAY;2022-06-23;1;1;1;NO APLICA;2
SEC00863;1;2013-11-10;11;3;PERÚ;2;EDUCADORES DE CALLE;CAJAMARCA;CAJAMARCA;CAJAMARCA;2022-06-23;1;1;1;NO APLICA;2
SEC00864;1;2015-07-24;9;3;PERÚ;2;EDUCADORES DE CALLE;CAJAMARCA;CAJAMARCA;CAJAMARCA;2022-06-23;1;1;1;NO APLICA;2
SEC00865;2;2011-12-07;13;4;PERÚ;2;EDUCADORES DE CALLE;APURÍMAC;ABANCAY;ABANCAY;2022-06-25;1;1;1;NO APLICA;2
SEC00866;2;2009-07-08;15;4;PERÚ;2;EDUCADORES DE CALLE;APURÍMAC;ABANCAY;ABANCAY;2022-06-25;1;1;1;NO APLICA;2
SEC00867;2;2016-12-10;8;3;PERÚ;2;EDUCADORES DE CALLE;APURÍMAC;ABANCAY;ABANCAY;2022-06-25;1;1;1;NO APLICA;2
SEC00868;2;2015-06-13;9;3;PERÚ;2;EDUCADORES DE CALLE;APURÍMAC;ABANCAY;ABANCAY;2022-06-26;1;1;1;NO APLICA;2
SEC00869;1;2014-11-11;10;3;PERÚ;2;EDUCADORES DE CALLE;APURÍMAC;ABANCAY;ABANCAY;2022-06-26;1;1;1;NO APLICA;2
SEC00870;2;2012-07-13;12;4;PERÚ;2;EDUCADORES DE CALLE;CUSCO;CUSCO;CUSCO;2022-06-27;1;1;2;2025-01-27;1
SEC00871;1;2012-03-22;13;4;PERÚ;2;EDUCADORES DE CALLE;HUANCAVELICA;HUANCAVELICA;HUANCAVELICA;2022-06-28;1;1;1;NO APLICA;2
SEC00872;2;2012-05-26;12;4;PERÚ;2;EDUCADORES DE CALLE;LIMA;HUARAL;HUARAL;2022-06-28;1;1;2;2025-03-19;2
SEC00873;1;2009-01-28;16;4;PERÚ;2;EDUCADORES DE CALLE;HUANCAVELICA;HUANCAVELICA;HUANCAVELICA;2022-06-28;1;1;1;NO APLICA;2
SEC00874;1;2009-11-23;15;4;PERÚ;2;EDUCADORES DE CALLE;HUANCAVELICA;HUANCAVELICA;HUANCAVELICA;2022-06-28;1;1;2;2025-05-26;2
SEC00875;1;2010-09-15;14;4;PERÚ;2;EDUCADORES DE CALLE;HUANCAVELICA;HUANCAVELICA;HUANCAVELICA;2022-06-28;1;1;1;NO APLICA;2
SEC00876;2;2011-05-13;13;4;PERÚ;2;EDUCADORES DE CALLE;HUANCAVELICA;HUANCAVELICA;HUANCAVELICA;2022-06-28;1;1;2;2025-05-26;2
SEC00877;1;2011-07-28;13;4;PERÚ;2;EDUCADORES DE CALLE;HUANCAVELICA;HUANCAVELICA;HUANCAVELICA;2022-06-28;1;5;2;2025-05-26;2
SEC00878;1;2011-09-21;13;4;PERÚ;1;EDUCADORES DE CALLE;HUANCAVELICA;HUANCAVELICA;HUANCAVELICA;2022-06-28;1;1;2;2025-03-26;2
SEC00879;2;2012-07-03;12;4;PERÚ;2;EDUCADORES DE CALLE;LA LIBERTAD;TRUJILLO;TRUJILLO;2022-06-28;1;1;1;NO APLICA;2
SEC00880;1;2013-09-06;11;3;PERÚ;2;EDUCADORES DE CALLE;HUANCAVELICA;HUANCAVELICA;HUANCAVELICA;2022-06-28;1;1;1;NO APLICA;1
SEC00881;1;2013-12-17;11;3;PERÚ;2;EDUCADORES DE CALLE;HUANCAVELICA;HUANCAVELICA;HUANCAVELICA;2022-06-28;1;1;1;NO APLICA;2
SEC00882;1;2014-05-10;10;3;PERÚ;2;EDUCADORES DE CALLE;LA LIBERTAD;TRUJILLO;TRUJILLO;2022-06-28;1;1;1;NO APLICA;2
SEC00883;2;2014-06-06;10;3;PERÚ;2;EDUCADORES DE CALLE;HUANCAVELICA;HUANCAVELICA;HUANCAVELICA;2022-06-28;1;1;1;NO APLICA;2
SEC00884;2;2014-07-12;10;3;PERÚ;2;EDUCADORES DE CALLE;AREQUIPA;AREQUIPA;JOSE LUIS BUSTAMANTE Y RIVERO;2022-06-28;1;1;2;2025-01-25;2
SEC00885;2;2014-10-18;10;3;PERÚ;2;EDUCADORES DE CALLE;AREQUIPA;AREQUIPA;JOSE LUIS BUSTAMANTE Y RIVERO;2022-06-28;1;2;2;2025-04-23;2
SEC00886;2;2015-02-14;10;3;PERÚ;2;EDUCADORES DE CALLE;AREQUIPA;AREQUIPA;JOSE LUIS BUSTAMANTE Y RIVERO;2022-06-28;1;1;2;2025-04-23;2
SEC00887;2;2016-06-05;8;3;PERÚ;2;EDUCADORES DE CALLE;HUANCAVELICA;HUANCAVELICA;HUANCAVELICA;2022-06-28;1;1;1;NO APLICA;2
SEC00888;2;2010-03-02;15;4;PERÚ;2;EDUCADORES DE CALLE;HUANCAVELICA;HUANCAVELICA;HUANCAVELICA;2022-06-28;1;1;1;NO APLICA;2
SEC00889;2;2013-10-29;11;3;PERÚ;2;EDUCADORES DE CALLE;AREQUIPA;AREQUIPA;JOSE LUIS BUSTAMANTE Y RIVERO;2022-06-28;1;1;2;2025-04-25;2
SEC00890;2;2013-08-08;11;3;PERÚ;2;EDUCADORES DE CALLE;AREQUIPA;AREQUIPA;JOSE LUIS BUSTAMANTE Y RIVERO;2022-06-28;1;1;2;2025-04-25;2
SEC00891;2;2014-05-12;10;3;PERÚ;2;EDUCADORES DE CALLE;HUANCAVELICA;HUANCAVELICA;HUANCAVELICA;2022-06-28;1;1;1;NO APLICA;2
SEC00892;1;2015-03-20;10;3;PERÚ;2;EDUCADORES DE CALLE;HUANCAVELICA;HUANCAVELICA;HUANCAVELICA;2022-06-28;1;1;2;2025-05-26;2
SEC00893;1;2015-09-28;9;3;PERÚ;2;EDUCADORES DE CALLE;MOQUEGUA;MARISCAL NIETO;MOQUEGUA;2022-06-28;1;1;2;2025-04-24;1
SEC00894;1;2015-04-07;10;3;PERÚ;2;EDUCADORES DE CALLE;AREQUIPA;AREQUIPA;JOSE LUIS BUSTAMANTE Y RIVERO;2022-06-28;1;1;2;2025-03-25;2
SEC00895;1;2017-02-19;8;3;PERÚ;2;EDUCADORES DE CALLE;LIMA;LIMA;SANTA ANITA;2022-06-28;2;1;2;2025-03-26;1
SEC00896;1;2019-07-19;5;2;PERÚ;2;EDUCADORES DE CALLE;LIMA;LIMA;SANTA ANITA;2022-06-28;2;1;2;2025-03-26;1
SEC00897;2;2021-06-17;3;2;PERÚ;2;EDUCADORES DE CALLE;LIMA;LIMA;SANTA ANITA;2022-06-28;2;1;2;2025-03-26;2
SEC00898;2;2021-09-16;3;2;PERÚ;2;EDUCADORES DE CALLE;LIMA;LIMA;ATE;2022-06-28;2;1;2;2025-03-26;2
SEC00899;1;2011-12-22;13;4;PERÚ;2;EDUCADORES DE CALLE;MOQUEGUA;ILO;ILO;2022-06-29;1;1;1;NO APLICA;2
SEC00900;2;2017-02-11;8;3;PERÚ;2;EDUCADORES DE CALLE;MOQUEGUA;ILO;ILO;2022-06-29;1;1;1;NO APLICA;2
SEC00901;2;2011-11-11;13;4;PERÚ;2;EDUCADORES DE CALLE;APURÍMAC;ABANCAY;ABANCAY;2022-06-30;1;2;1;NO APLICA;2
SEC00902;1;2014-05-08;10;3;PERÚ;2;EDUCADORES DE CALLE;APURÍMAC;ABANCAY;ABANCAY;2022-06-30;1;1;1;NO APLICA;2
SEC00903;1;2017-12-28;7;3;PERÚ;2;EDUCADORES DE CALLE;LIMA;LIMA;SAN BORJA;2022-06-30;2;1;1;NO APLICA;1
SEC00904;1;2007-03-13;18;5;PERÚ;2;EDUCADORES DE CALLE;APURÍMAC;ABANCAY;ABANCAY;2022-07-01;1;1;1;NO APLICA;2
SEC00905;2;2011-11-02;13;4;PERÚ;2;EDUCADORES DE CALLE;APURÍMAC;ABANCAY;ABANCAY;2022-07-01;1;1;1;NO APLICA;2
SEC00906;2;2012-08-25;12;4;PERÚ;2;EDUCADORES DE CALLE;LIMA;HUARAL;CHANCAY;2022-07-02;1;1;2;2025-05-19;2
SEC00907;2;2014-02-10;11;3;PERÚ;2;EDUCADORES DE CALLE;LIMA;HUARAL;CHANCAY;2022-07-02;1;1;2;2025-05-19;2
SEC00908;2;2016-03-21;9;3;PERÚ;2;EDUCADORES DE CALLE;APURÍMAC;ABANCAY;ABANCAY;2022-07-04;1;2;1;NO APLICA;2
SEC00909;2;2016-11-17;8;3;PERÚ;2;EDUCADORES DE CALLE;LIMA;HUARAL;HUARAL;2022-07-05;2;1;1;NO APLICA;2
SEC00910;1;2007-09-22;17;4;PERÚ;2;EDUCADORES DE CALLE;LORETO;MAYNAS;IQUITOS;2022-07-06;1;1;1;NO APLICA;2
SEC00911;1;2008-05-08;16;4;PERÚ;2;EDUCADORES DE CALLE;LORETO;MAYNAS;IQUITOS;2022-07-06;1;1;1;NO APLICA;2
SEC00912;1;2009-07-28;15;4;PERÚ;2;EDUCADORES DE CALLE;APURÍMAC;ABANCAY;ABANCAY;2022-07-06;1;2;1;NO APLICA;2
SEC00913;1;2010-11-10;14;4;PERÚ;2;EDUCADORES DE CALLE;LORETO;MAYNAS;IQUITOS;2022-07-06;1;1;1;NO APLICA;2
SEC00914;2;2011-02-06;14;4;PERÚ;2;EDUCADORES DE CALLE;LORETO;MAYNAS;SAN JUAN BAUTISTA;2022-07-06;1;1;1;NO APLICA;2
SEC00915;1;2012-02-22;13;4;PERÚ;2;EDUCADORES DE CALLE;APURÍMAC;ABANCAY;ABANCAY;2022-07-06;1;1;1;NO APLICA;2
SEC00916;1;2008-08-22;16;4;PERÚ;2;EDUCADORES DE CALLE;LORETO;MAYNAS;IQUITOS;2022-07-06;1;1;1;NO APLICA;2
SEC00917;1;2011-07-05;13;4;PERÚ;2;EDUCADORES DE CALLE;LORETO;MAYNAS;IQUITOS;2022-07-06;1;1;1;NO APLICA;2
SEC00918;1;2011-11-02;13;4;PERÚ;2;EDUCADORES DE CALLE;APURÍMAC;ABANCAY;ABANCAY;2022-07-06;1;1;1;NO APLICA;2
SEC00919;2;2013-04-05;12;4;PERÚ;2;EDUCADORES DE CALLE;LORETO;MAYNAS;SAN JUAN BAUTISTA;2022-07-06;1;1;1;NO APLICA;2
SEC00920;2;2015-10-22;9;3;PERÚ;2;EDUCADORES DE CALLE;LORETO;MAYNAS;IQUITOS;2022-07-07;1;1;1;NO APLICA;2
SEC00921;1;2015-11-27;9;3;PERÚ;2;EDUCADORES DE CALLE;APURÍMAC;ABANCAY;ABANCAY;2022-07-07;1;1;1;NO APLICA;2
SEC00922;2;2018-08-09;6;3;PERÚ;2;EDUCADORES DE CALLE;LORETO;MAYNAS;IQUITOS;2022-07-07;1;1;1;NO APLICA;2
SEC00923;2;2020-09-22;4;2;PERÚ;2;EDUCADORES DE CALLE;LORETO;MAYNAS;IQUITOS;2022-07-07;1;1;1;NO APLICA;2
SEC00924;1;2007-08-08;17;4;PERÚ;2;EDUCADORES DE CALLE;APURÍMAC;ABANCAY;ABANCAY;2022-07-10;1;1;1;NO APLICA;2
SEC00925;1;2009-07-26;15;4;PERÚ;2;EDUCADORES DE CALLE;APURÍMAC;ABANCAY;ABANCAY;2022-07-11;1;1;1;NO APLICA;2
SEC00926;2;2009-12-08;15;4;PERÚ;2;EDUCADORES DE CALLE;APURÍMAC;ABANCAY;ABANCAY;2022-07-12;1;1;1;NO APLICA;2
SEC00927;2;2007-12-14;17;4;PERÚ;2;EDUCADORES DE CALLE;APURÍMAC;ABANCAY;ABANCAY;2022-07-13;1;1;1;NO APLICA;2
SEC00928;2;2012-01-08;13;4;PERÚ;2;EDUCADORES DE CALLE;APURÍMAC;ABANCAY;ABANCAY;2022-07-13;1;2;1;NO APLICA;2
SEC00929;1;2008-07-19;16;4;PERÚ;2;EDUCADORES DE CALLE;CAJAMARCA;CAJAMARCA;CAJAMARCA;2022-07-14;1;1;1;NO APLICA;2
SEC00930;1;2015-07-06;9;3;PERÚ;1;EDUCADORES DE CALLE;MOQUEGUA;ILO;ILO;2022-07-14;1;1;1;NO APLICA;2
SEC00931;1;2008-08-17;16;4;PERÚ;2;EDUCADORES DE CALLE;APURÍMAC;ABANCAY;ABANCAY;2022-07-15;1;1;1;NO APLICA;2
SEC00932;1;2009-06-06;15;4;PERÚ;2;EDUCADORES DE CALLE;LIMA;LIMA;LIMA;2022-07-15;1;1;1;NO APLICA;2
SEC00933;2;2009-02-08;16;4;PERÚ;2;EDUCADORES DE CALLE;MOQUEGUA;ILO;ILO;2022-07-15;1;1;2;2025-01-24;2
SEC00934;1;2009-08-11;15;4;PERÚ;2;EDUCADORES DE CALLE;APURÍMAC;ABANCAY;ABANCAY;2022-07-15;1;1;1;NO APLICA;2
SEC00935;2;2011-09-03;13;4;PERÚ;2;EDUCADORES DE CALLE;APURÍMAC;ABANCAY;ABANCAY;2022-07-15;1;1;1;NO APLICA;2
SEC00936;2;2012-03-06;13;4;PERÚ;2;EDUCADORES DE CALLE;LIMA;LIMA;LIMA;2022-07-15;1;1;1;NO APLICA;2
SEC00937;2;2013-08-08;11;3;PERÚ;2;EDUCADORES DE CALLE;LIMA;LIMA;LIMA;2022-07-15;1;1;2;2025-05-22;2
SEC00938;1;2012-09-29;12;4;PERÚ;1;EDUCADORES DE CALLE;APURÍMAC;ABANCAY;ABANCAY;2022-07-15;1;1;1;NO APLICA;2
SEC00939;2;2017-02-03;8;3;PERÚ;1;EDUCADORES DE CALLE;APURÍMAC;ABANCAY;ABANCAY;2022-07-15;1;1;1;NO APLICA;2
SEC00940;2;2019-04-26;6;3;PERÚ;2;EDUCADORES DE CALLE;LIMA;HUARAL;HUARAL;2022-07-15;2;1;1;NO APLICA;2
SEC00941;2;2009-10-21;15;4;PERÚ;1;EDUCADORES DE CALLE;LIMA;HUARAL;CHANCAY;2022-07-16;1;1;1;NO APLICA;2
SEC00942;1;2020-07-13;4;2;PERÚ;2;EDUCADORES DE CALLE;LIMA;LIMA;CARABAYLLO;2022-07-18;2;2;1;NO APLICA;2
SEC00943;2;2010-03-05;15;4;PERÚ;2;EDUCADORES DE CALLE;APURÍMAC;ABANCAY;ABANCAY;2022-07-18;1;1;1;NO APLICA;2
SEC00944;2;2013-04-23;12;4;PERÚ;2;EDUCADORES DE CALLE;APURÍMAC;ABANCAY;ABANCAY;2022-07-18;1;1;1;NO APLICA;2
SEC00945;2;2013-12-25;11;3;PERÚ;2;EDUCADORES DE CALLE;LIMA;LIMA;CARABAYLLO;2022-07-18;1;2;1;NO APLICA;2
SEC00946;2;2012-08-09;12;4;PERÚ;2;EDUCADORES DE CALLE;APURÍMAC;ABANCAY;ABANCAY;2022-07-18;1;1;1;NO APLICA;2
SEC00947;1;2008-09-19;16;4;PERÚ;1;EDUCADORES DE CALLE;APURÍMAC;ABANCAY;ABANCAY;2022-07-19;1;1;1;NO APLICA;2
SEC00948;2;2008-03-27;17;4;PERÚ;2;EDUCADORES DE CALLE;APURÍMAC;ABANCAY;ABANCAY;2022-07-19;1;1;1;NO APLICA;2
SEC00949;2;2011-02-16;14;4;PERÚ;2;EDUCADORES DE CALLE;APURÍMAC;ABANCAY;ABANCAY;2022-07-19;1;1;1;NO APLICA;2
SEC00950;1;2010-10-17;14;4;PERÚ;2;EDUCADORES DE CALLE;APURÍMAC;ABANCAY;ABANCAY;2022-07-19;1;1;2;2025-05-27;2
SEC00951;2;2012-11-08;12;4;PERÚ;2;EDUCADORES DE CALLE;LIMA;HUARAL;CHANCAY;2022-07-19;1;1;2;2025-05-19;2
SEC00952;2;2015-09-17;9;3;PERÚ;2;EDUCADORES DE CALLE;APURÍMAC;ABANCAY;ABANCAY;2022-07-19;1;1;1;NO APLICA;2
SEC00953;1;2013-02-12;12;4;PERÚ;2;EDUCADORES DE CALLE;APURÍMAC;ABANCAY;ABANCAY;2022-07-19;1;1;1;NO APLICA;2
SEC00954;2;2013-02-12;12;4;PERÚ;2;EDUCADORES DE CALLE;APURÍMAC;ABANCAY;ABANCAY;2022-07-19;1;1;1;NO APLICA;2
SEC00955;2;2009-10-03;15;4;VENEZUELA;2;EDUCADORES DE CALLE;LIMA;LIMA;SAN JUAN DE LURIGANCHO;2022-07-20;1;1;2;2025-05-23;1
SEC00956;2;2011-11-18;13;4;PERÚ;2;EDUCADORES DE CALLE;APURÍMAC;ABANCAY;ABANCAY;2022-07-20;1;1;1;NO APLICA;2
SEC00957;2;2013-04-13;12;4;PERÚ;2;EDUCADORES DE CALLE;APURÍMAC;ABANCAY;ABANCAY;2022-07-20;1;1;1;NO APLICA;2
SEC00958;1;2017-11-11;7;3;PERÚ;2;EDUCADORES DE CALLE;APURÍMAC;ABANCAY;ABANCAY;2022-07-20;1;1;1;NO APLICA;2
SEC00959;2;2010-12-20;14;4;PERÚ;2;EDUCADORES DE CALLE;LIMA;LIMA;SAN JUAN DE LURIGANCHO;2022-07-21;1;1;2;2025-03-24;2
SEC00960;1;2013-03-03;12;4;PERÚ;2;EDUCADORES DE CALLE;LIMA;LIMA;SAN JUAN DE LURIGANCHO;2022-07-21;1;1;2;2025-03-24;2
SEC00961;2;2015-06-13;9;3;PERÚ;2;EDUCADORES DE CALLE;LIMA;LIMA;SAN JUAN DE LURIGANCHO;2022-07-21;1;1;2;2025-04-23;2
SEC00962;1;2021-01-13;4;2;PERÚ;2;EDUCADORES DE CALLE;LA LIBERTAD;TRUJILLO;TRUJILLO;2022-07-22;1;1;1;NO APLICA;2
SEC00963;2;2007-05-10;17;4;PERÚ;2;EDUCADORES DE CALLE;CUSCO;CUSCO;CUSCO;2022-07-22;1;1;2;2025-05-27;1
SEC00964;1;2011-07-23;13;4;PERÚ;2;EDUCADORES DE CALLE;APURÍMAC;ABANCAY;ABANCAY;2022-07-22;1;1;1;NO APLICA;2
SEC00965;2;2013-05-03;11;3;PERÚ;2;EDUCADORES DE CALLE;CUSCO;CUSCO;SAN JERONIMO;2022-07-22;1;1;2;2025-03-25;2
SEC00966;2;2012-06-21;12;4;PERÚ;2;EDUCADORES DE CALLE;LIMA;LIMA;SAN JUAN DE MIRAFLORES;2022-07-22;2;1;1;NO APLICA;2
SEC00967;1;2014-10-01;10;3;PERÚ;1;EDUCADORES DE CALLE;AREQUIPA;AREQUIPA;AREQUIPA;2022-07-22;1;1;2;2025-04-23;2
SEC00968;2;2016-11-27;8;3;PERÚ;2;EDUCADORES DE CALLE;LIMA;LIMA;SAN JUAN DE MIRAFLORES;2022-07-22;2;1;1;NO APLICA;2
SEC00969;1;2012-11-19;12;4;PERÚ;2;EDUCADORES DE CALLE;AREQUIPA;AREQUIPA;AREQUIPA;2022-07-22;1;1;2;2025-04-23;2
SEC00970;1;2019-01-07;6;3;PERÚ;2;EDUCADORES DE CALLE;LIMA;LIMA;SAN JUAN DE MIRAFLORES;2022-07-22;2;1;1;NO APLICA;2
SEC00971;2;2014-09-03;10;3;PERÚ;2;EDUCADORES DE CALLE;PUNO;PUNO;PUNO;2022-07-23;1;1;1;NO APLICA;2
SEC00972;2;2016-03-02;9;3;PERÚ;2;EDUCADORES DE CALLE;PUNO;PUNO;PUNO;2022-07-23;1;1;1;NO APLICA;2
SEC00973;2;2016-03-02;9;3;PERÚ;2;EDUCADORES DE CALLE;PUNO;PUNO;PUNO;2022-07-23;1;1;1;NO APLICA;2
SEC00974;1;2008-02-13;17;4;PERÚ;2;EDUCADORES DE CALLE;PIURA;PIURA;PIURA;2022-07-25;1;1;1;NO APLICA;1
SEC00975;2;2011-11-28;13;4;PERÚ;2;EDUCADORES DE CALLE;PIURA;PIURA;PIURA;2022-07-25;1;1;1;NO APLICA;1
SEC00976;1;2011-04-21;14;4;PERÚ;2;EDUCADORES DE CALLE;PIURA;PIURA;PIURA;2022-07-25;1;1;1;NO APLICA;1
SEC00977;2;2014-09-23;10;3;PERÚ;2;EDUCADORES DE CALLE;PIURA;PIURA;PIURA;2022-07-25;1;1;1;NO APLICA;1
SEC00978;1;2017-07-05;7;3;PERÚ;2;EDUCADORES DE CALLE;MOQUEGUA;MARISCAL NIETO;MOQUEGUA;2022-07-25;1;1;2;2025-04-24;1
SEC00979;1;2017-09-08;7;3;PERÚ;2;EDUCADORES DE CALLE;APURÍMAC;ABANCAY;ABANCAY;2022-07-25;1;1;1;NO APLICA;2
SEC00980;1;2007-04-02;18;5;PERÚ;2;EDUCADORES DE CALLE;LIMA;LIMA;ATE;2022-07-26;1;1;2;2025-04-20;1
SEC00981;1;2010-08-13;14;4;PERÚ;2;EDUCADORES DE CALLE;LIMA;LIMA;ATE;2022-07-26;1;1;1;NO APLICA;1
SEC00982;2;2014-05-14;10;3;PERÚ;2;EDUCADORES DE CALLE;LIMA;LIMA;PUENTE PIEDRA;2022-07-26;1;1;1;NO APLICA;2
SEC00983;1;2014-06-03;10;3;PERÚ;2;EDUCADORES DE CALLE;AYACUCHO;HUAMANGA;AYACUCHO;2022-07-26;1;1;1;NO APLICA;2
SEC00984;1;2015-10-27;9;3;PERÚ;2;EDUCADORES DE CALLE;LIMA;LIMA;SAN JUAN DE MIRAFLORES;2022-07-26;2;1;2;2025-05-23;2
SEC00985;2;2014-02-21;11;3;PERÚ;2;EDUCADORES DE CALLE;LIMA;LIMA;SAN JUAN DE MIRAFLORES;2022-07-26;2;1;2;2025-05-23;2
SEC00986;1;2016-07-11;8;3;PERÚ;2;EDUCADORES DE CALLE;LIMA;LIMA;ATE;2022-07-26;1;1;2;2025-04-23;2
SEC00987;1;2021-01-02;4;2;PERÚ;2;EDUCADORES DE CALLE;LIMA;LIMA;ATE;2022-07-26;2;1;1;NO APLICA;2
SEC00988;1;2011-07-13;13;4;PERÚ;2;EDUCADORES DE CALLE;LIMA;LIMA;SANTIAGO DE SURCO;2022-07-28;1;1;1;NO APLICA;1
SEC00989;2;2011-12-11;13;4;PERÚ;2;EDUCADORES DE CALLE;LIMA;LIMA;SANTIAGO DE SURCO;2022-07-28;1;1;1;NO APLICA;1
SEC00990;1;2014-05-06;10;3;PERÚ;2;EDUCADORES DE CALLE;LIMA;LIMA;SAN BORJA;2022-07-28;1;1;1;NO APLICA;1
SEC00991;2;2020-12-25;4;2;PERÚ;2;EDUCADORES DE CALLE;LIMA;LIMA;SAN BORJA;2022-07-28;2;1;1;NO APLICA;1
SEC00992;2;2017-01-27;8;3;PERÚ;2;EDUCADORES DE CALLE;LAMBAYEQUE;CHICLAYO;CHICLAYO;2022-07-31;1;1;1;NO APLICA;2
SEC00993;1;2009-06-03;15;4;PERÚ;2;EDUCADORES DE CALLE;LIMA;LIMA;SANTIAGO DE SURCO;2022-07-31;1;1;1;NO APLICA;1
SEC00994;1;2020-11-19;4;2;PERÚ;2;EDUCADORES DE CALLE;LIMA;LIMA;SANTIAGO DE SURCO;2022-07-31;2;1;1;NO APLICA;1
SEC00995;2;2021-12-08;3;2;PERÚ;2;EDUCADORES DE CALLE;LIMA;LIMA;SANTIAGO DE SURCO;2022-07-31;2;1;1;NO APLICA;1
SEC00996;2;2012-11-15;12;4;VENEZUELA;2;EDUCADORES DE CALLE;TACNA;TACNA;TACNA;2022-08-02;1;1;2;2025-02-17;1
SEC00997;2;2008-10-18;16;4;PERÚ;2;EDUCADORES DE CALLE;MOQUEGUA;MARISCAL NIETO;MOQUEGUA;2022-08-02;1;5;1;NO APLICA;1
SEC00998;2;2008-04-05;17;4;PERÚ;2;EDUCADORES DE CALLE;AREQUIPA;AREQUIPA;CERRO COLORADO;2022-08-04;1;1;1;NO APLICA;1
SEC00999;1;2014-03-13;11;3;PERÚ;2;EDUCADORES DE CALLE;AREQUIPA;AREQUIPA;CERRO COLORADO;2022-08-04;1;1;1;NO APLICA;1
SEC01000;2;2010-11-30;14;4;PERÚ;2;EDUCADORES DE CALLE;TUMBES;ZARUMILLA;AGUAS VERDES;2022-08-08;1;1;1;NO APLICA;2
SEC01001;2;2008-11-21;16;4;PERÚ;2;EDUCADORES DE CALLE;LIMA;LIMA;COMAS;2022-08-16;1;1;1;NO APLICA;1
SEC01002;2;2008-03-24;17;4;PERÚ;2;EDUCADORES DE CALLE;LIMA;LIMA;LIMA;2022-08-16;3;1;2;2025-02-21;2
SEC01003;1;2016-08-01;8;3;PERÚ;2;EDUCADORES DE CALLE;LA LIBERTAD;TRUJILLO;TRUJILLO;2022-08-16;1;1;1;NO APLICA;2
SEC01004;1;2014-04-04;11;3;PERÚ;2;EDUCADORES DE CALLE;LA LIBERTAD;TRUJILLO;TRUJILLO;2022-08-16;1;1;1;NO APLICA;2
SEC01005;2;2008-01-20;17;4;PERÚ;2;EDUCADORES DE CALLE;CUSCO;CUSCO;SAN JERONIMO;2022-08-17;1;1;1;NO APLICA;2
SEC01006;1;2012-05-18;12;4;PERÚ;2;EDUCADORES DE CALLE;AREQUIPA;AREQUIPA;JOSE LUIS BUSTAMANTE Y RIVERO;2022-08-17;1;2;2;2025-01-25;2
SEC01007;1;2014-05-18;10;3;PERÚ;2;EDUCADORES DE CALLE;AREQUIPA;AREQUIPA;JOSE LUIS BUSTAMANTE Y RIVERO;2022-08-17;1;2;2;2025-01-25;2
SEC01008;2;2018-04-10;7;3;PERÚ;2;EDUCADORES DE CALLE;LIMA;CALLAO;VENTANILLA;2022-08-17;2;1;1;NO APLICA;2
SEC01009;2;2009-02-04;16;4;PERÚ;2;EDUCADORES DE CALLE;LIMA;CALLAO;VENTANILLA;2022-08-18;3;1;1;NO APLICA;2
SEC01010;2;2014-05-27;10;3;PERÚ;2;EDUCADORES DE CALLE;LIMA;CALLAO;VENTANILLA;2022-08-18;3;1;1;NO APLICA;2
SEC01011;2;2016-12-04;8;3;PERÚ;2;EDUCADORES DE CALLE;LIMA;CALLAO;VENTANILLA;2022-08-18;3;1;1;NO APLICA;2
SEC01012;2;2019-05-21;5;2;PERÚ;2;EDUCADORES DE CALLE;LIMA;LIMA;SAN JUAN DE MIRAFLORES;2022-08-18;2;1;2;2025-05-23;2
SEC01013;2;2008-01-15;17;4;PERÚ;2;EDUCADORES DE CALLE;LIMA;HUARAL;CHANCAY;2022-08-19;1;1;2;2025-05-19;2
SEC01014;1;2016-06-13;8;3;PERÚ;2;EDUCADORES DE CALLE;PUNO;PUNO;PUNO;2022-08-19;1;1;1;NO APLICA;2
SEC01015;2;2012-05-26;12;4;PERÚ;2;EDUCADORES DE CALLE;CAJAMARCA;CAJAMARCA;CAJAMARCA;2022-08-20;1;1;2;2025-03-25;2
SEC01016;1;2010-08-03;14;4;PERÚ;2;EDUCADORES DE CALLE;LIMA;HUARAL;HUARAL;2022-08-22;1;1;2;2025-05-21;2
SEC01017;2;2010-09-01;14;4;PERÚ;2;EDUCADORES DE CALLE;MOQUEGUA;MARISCAL NIETO;MOQUEGUA;2022-08-23;1;1;2;2025-04-22;1
SEC01018;2;2011-08-18;13;4;PERÚ;2;EDUCADORES DE CALLE;APURÍMAC;ABANCAY;ABANCAY;2022-08-23;1;1;1;NO APLICA;2
SEC01019;1;2014-09-09;10;3;PERÚ;2;EDUCADORES DE CALLE;CAJAMARCA;CAJAMARCA;CAJAMARCA;2022-08-23;1;1;1;NO APLICA;2
SEC01020;1;2016-10-03;8;3;PERÚ;2;EDUCADORES DE CALLE;LIMA;LIMA;INDEPENDENCIA;2022-08-23;1;1;1;NO APLICA;2
SEC01021;2;2013-09-26;11;3;PERÚ;2;EDUCADORES DE CALLE;APURÍMAC;ABANCAY;ABANCAY;2022-08-23;1;1;1;NO APLICA;2
SEC01022;1;2007-12-17;17;4;PERÚ;2;EDUCADORES DE CALLE;LIMA;HUARAL;CHANCAY;2022-08-24;1;1;2;2025-05-19;1
SEC01023;1;2008-10-31;16;4;PERÚ;2;EDUCADORES DE CALLE;LIMA;HUARAL;HUARAL;2022-08-24;1;1;2;2025-05-27;2
SEC01024;1;2009-06-06;15;4;PERÚ;2;EDUCADORES DE CALLE;LORETO;MAYNAS;IQUITOS;2022-08-24;1;1;1;NO APLICA;2
SEC01025;1;2010-12-06;14;4;PERÚ;2;EDUCADORES DE CALLE;LIMA;LIMA;INDEPENDENCIA;2022-08-24;1;1;2;2025-05-05;2
SEC01026;2;2013-10-14;11;3;PERÚ;2;EDUCADORES DE CALLE;LIMA;HUARAL;HUARAL;2022-08-24;1;1;1;NO APLICA;2
SEC01027;1;2016-01-08;9;3;PERÚ;2;EDUCADORES DE CALLE;LIMA;CALLAO;VENTANILLA;2022-08-24;3;1;1;NO APLICA;2
SEC01028;1;2013-01-21;12;4;PERÚ;2;EDUCADORES DE CALLE;APURÍMAC;ABANCAY;ABANCAY;2022-08-24;1;1;1;NO APLICA;2
SEC01029;2;2006-06-14;18;5;PERÚ;2;EDUCADORES DE CALLE;TACNA;TACNA;TACNA;2022-08-25;3;1;1;NO APLICA;1
SEC01030;1;2007-06-12;17;4;PERÚ;2;EDUCADORES DE CALLE;TACNA;TACNA;CIUDAD NUEVA;2022-08-25;3;1;1;NO APLICA;1
SEC01031;1;2009-05-03;15;4;PERÚ;2;EDUCADORES DE CALLE;APURÍMAC;ABANCAY;ABANCAY;2022-08-25;1;1;1;NO APLICA;2
SEC01032;2;2009-03-01;16;4;PERÚ;2;EDUCADORES DE CALLE;TACNA;TACNA;TACNA;2022-08-25;3;1;1;NO APLICA;1
SEC01033;1;2015-10-16;9;3;PERÚ;2;EDUCADORES DE CALLE;APURÍMAC;ABANCAY;ABANCAY;2022-08-25;1;1;2;2025-04-23;2
SEC01034;2;2015-12-26;9;3;PERÚ;2;EDUCADORES DE CALLE;PIURA;PIURA;PIURA;2022-08-25;1;1;2;2025-04-23;1
SEC01035;1;2008-09-22;16;4;PERÚ;2;EDUCADORES DE CALLE;PIURA;SULLANA;SULLANA;2022-08-26;1;1;2;2025-03-24;1
SEC01036;1;2010-05-28;14;4;PERÚ;2;EDUCADORES DE CALLE;PUNO;PUNO;PUNO;2022-08-26;1;1;1;NO APLICA;2
SEC01037;1;2008-01-20;17;4;PERÚ;2;EDUCADORES DE CALLE;LIMA;LIMA;PUENTE PIEDRA;2022-08-26;1;1;2;2025-01-01;1
SEC01038;1;2013-05-02;11;3;PERÚ;2;EDUCADORES DE CALLE;PUNO;PUNO;PUNO;2022-08-26;1;1;1;NO APLICA;2
SEC01039;1;2014-02-12;11;3;PERÚ;2;EDUCADORES DE CALLE;LIMA;LIMA;PUENTE PIEDRA;2022-08-26;1;1;1;NO APLICA;1
SEC01040;1;2014-05-17;10;3;PERÚ;2;EDUCADORES DE CALLE;LIMA;LIMA;PUENTE PIEDRA;2022-08-26;1;1;2;2025-01-01;1
SEC01041;1;2015-06-15;9;3;PERÚ;2;EDUCADORES DE CALLE;LIMA;LIMA;PUENTE PIEDRA;2022-08-26;1;1;1;NO APLICA;1
SEC01042;2;2016-02-19;9;3;PERÚ;2;EDUCADORES DE CALLE;PUNO;PUNO;PUNO;2022-08-26;1;1;1;NO APLICA;2
SEC01043;1;2018-02-12;7;3;PERÚ;2;EDUCADORES DE CALLE;LIMA;LIMA;PUENTE PIEDRA;2022-08-26;1;1;1;NO APLICA;1
SEC01044;1;2018-11-27;6;3;VENEZUELA;2;EDUCADORES DE CALLE;LIMA;LIMA;EL AGUSTINO;2022-08-26;2;1;2;2025-02-20;2
SEC01045;2;2020-10-04;4;2;COLOMBIA;2;EDUCADORES DE CALLE;LIMA;LIMA;EL AGUSTINO;2022-08-26;2;1;2;2025-02-20;2
SEC01046;1;2010-09-15;14;4;PERÚ;2;EDUCADORES DE CALLE;LA LIBERTAD;TRUJILLO;TRUJILLO;2022-08-27;1;1;2;2025-01-24;2
SEC01047;1;2008-09-02;16;4;PERÚ;2;EDUCADORES DE CALLE;HUANCAVELICA;HUANCAVELICA;HUANCAVELICA;2022-08-29;1;1;2;2025-01-28;2
SEC01048;1;2010-06-22;14;4;PERÚ;2;EDUCADORES DE CALLE;HUANCAVELICA;HUANCAVELICA;HUANCAVELICA;2022-08-29;1;1;1;NO APLICA;2
SEC01049;2;2013-07-29;11;3;PERÚ;2;EDUCADORES DE CALLE;HUANCAVELICA;HUANCAVELICA;HUANCAVELICA;2022-08-29;1;1;1;NO APLICA;2
SEC01050;1;2015-08-18;9;3;PERÚ;2;EDUCADORES DE CALLE;HUANCAVELICA;HUANCAVELICA;HUANCAVELICA;2022-08-29;1;1;1;NO APLICA;2
SEC01051;1;2011-09-02;13;4;PERÚ;2;EDUCADORES DE CALLE;LIMA;LIMA;CARABAYLLO;2022-08-31;1;1;2;2025-01-31;2
SEC01052;1;2010-12-30;14;4;PERÚ;2;EDUCADORES DE CALLE;LIMA;LIMA;CARABAYLLO;2022-08-31;1;1;2;2025-01-31;2
SEC01053;2;2010-12-24;14;4;PERÚ;2;EDUCADORES DE CALLE;LORETO;MAYNAS;IQUITOS;2022-08-31;1;1;1;NO APLICA;2
SEC01054;1;2015-02-10;10;3;PERÚ;2;EDUCADORES DE CALLE;LIMA;LIMA;CARABAYLLO;2022-08-31;1;1;2;2025-01-31;2
SEC01055;1;2010-07-27;14;4;PERÚ;2;EDUCADORES DE CALLE;UCAYALI;CORONEL PORTILLO;CALLERIA;2022-09-04;1;1;1;NO APLICA;2
SEC01056;2;2007-01-01;18;5;PERÚ;2;EDUCADORES DE CALLE;HUANCAVELICA;HUANCAVELICA;HUANCAVELICA;2022-09-05;1;1;2;2025-01-28;2
SEC01057;1;2011-07-30;13;4;PERÚ;2;EDUCADORES DE CALLE;LORETO;MAYNAS;SAN JUAN BAUTISTA;2022-09-06;1;1;1;NO APLICA;2
SEC01058;2;2015-09-14;9;3;PERÚ;2;EDUCADORES DE CALLE;HUANCAVELICA;HUANCAVELICA;HUANCAVELICA;2022-09-06;1;1;2;2025-04-23;2
SEC01059;1;2022-01-23;3;2;PERÚ;2;EDUCADORES DE CALLE;LIMA;LIMA;CHORRILLOS;2022-09-06;2;1;1;NO APLICA;2
SEC01060;2;2013-02-23;12;4;PERÚ;2;EDUCADORES DE CALLE;ICA;ICA;ICA;2022-09-08;1;1;1;NO APLICA;2
SEC01061;1;2009-02-22;16;4;PERÚ;2;EDUCADORES DE CALLE;AREQUIPA;AREQUIPA;CERRO COLORADO;2022-09-08;1;1;2;2025-01-08;1
SEC01062;1;2012-03-25;13;4;PERÚ;2;EDUCADORES DE CALLE;LORETO;MAYNAS;SAN JUAN BAUTISTA;2022-09-08;1;1;1;NO APLICA;2
SEC01063;2;2013-04-24;12;4;PERÚ;2;EDUCADORES DE CALLE;LIMA;HUARAL;HUARAL;2022-09-08;1;1;2;2025-05-21;2
SEC01064;2;2013-07-07;11;3;PERÚ;2;EDUCADORES DE CALLE;MOQUEGUA;MARISCAL NIETO;MOQUEGUA;2022-09-08;1;1;1;NO APLICA;2
SEC01065;2;2013-11-23;11;3;PERÚ;2;EDUCADORES DE CALLE;AREQUIPA;AREQUIPA;CERRO COLORADO;2022-09-08;1;1;2;2025-04-25;1
SEC01066;2;2007-12-30;17;4;PERÚ;2;EDUCADORES DE CALLE;APURÍMAC;ABANCAY;ABANCAY;2022-09-09;1;1;2;2025-01-28;2
SEC01067;2;2008-12-03;16;4;PERÚ;2;EDUCADORES DE CALLE;LIMA;HUARAL;HUARAL;2022-09-09;1;1;2;2025-05-20;2
SEC01068;1;2011-03-13;14;4;PERÚ;2;EDUCADORES DE CALLE;APURÍMAC;ABANCAY;ABANCAY;2022-09-09;1;1;1;NO APLICA;2
SEC01069;1;2012-12-12;12;4;ARGENTINA;2;EDUCADORES DE CALLE;LIMA;HUARAL;HUARAL;2022-09-09;1;1;2;2025-05-20;2
SEC01070;1;2011-12-07;13;4;PERÚ;2;EDUCADORES DE CALLE;LORETO;MAYNAS;IQUITOS;2022-09-14;1;1;1;NO APLICA;2
SEC01071;1;2009-12-29;15;4;PERÚ;2;EDUCADORES DE CALLE;LORETO;MAYNAS;IQUITOS;2022-09-14;1;1;1;NO APLICA;2
SEC01072;2;2008-09-28;16;4;PERÚ;2;EDUCADORES DE CALLE;LORETO;MAYNAS;IQUITOS;2022-09-14;1;1;1;NO APLICA;2
SEC01073;2;2016-12-08;8;3;PERÚ;2;EDUCADORES DE CALLE;LORETO;MAYNAS;IQUITOS;2022-09-14;1;1;1;NO APLICA;2
SEC01074;2;2006-12-01;18;5;PERÚ;2;EDUCADORES DE CALLE;MOQUEGUA;MARISCAL NIETO;MOQUEGUA;2022-09-15;1;1;1;NO APLICA;1
SEC01075;2;2013-10-23;11;3;PERÚ;2;EDUCADORES DE CALLE;ICA;ICA;ICA;2022-09-15;1;1;2;2025-01-27;2
SEC01076;2;2011-05-25;13;4;PERÚ;2;EDUCADORES DE CALLE;APURÍMAC;ABANCAY;ABANCAY;2022-09-16;1;1;2;2025-04-24;2
SEC01077;1;2009-09-08;15;4;PERÚ;2;EDUCADORES DE CALLE;APURÍMAC;ABANCAY;ABANCAY;2022-09-17;1;1;2;2025-01-28;2
SEC01078;1;2014-01-07;11;3;PERÚ;2;EDUCADORES DE CALLE;APURÍMAC;ABANCAY;ABANCAY;2022-09-17;1;1;1;NO APLICA;2
SEC01079;1;2013-05-15;11;3;PERÚ;1;EDUCADORES DE CALLE;LAMBAYEQUE;CHICLAYO;CHICLAYO;2022-09-19;1;2;1;NO APLICA;1
SEC01080;2;2014-09-27;10;3;PERÚ;2;EDUCADORES DE CALLE;LAMBAYEQUE;CHICLAYO;CHICLAYO;2022-09-19;1;2;1;NO APLICA;1
SEC01081;2;2021-07-11;3;2;PERÚ;2;EDUCADORES DE CALLE;LAMBAYEQUE;CHICLAYO;CHICLAYO;2022-09-21;1;1;1;NO APLICA;2
SEC01082;2;2007-10-19;17;4;PERÚ;2;EDUCADORES DE CALLE;LIMA;LIMA;LIMA;2022-09-21;1;1;1;NO APLICA;2
SEC01083;2;2006-12-18;18;5;PERÚ;2;EDUCADORES DE CALLE;HUANCAVELICA;HUANCAVELICA;HUANCAVELICA;2022-09-21;1;5;1;NO APLICA;2
SEC01084;2;2009-07-21;15;4;PERÚ;2;EDUCADORES DE CALLE;LAMBAYEQUE;CHICLAYO;CHICLAYO;2022-09-21;1;2;1;NO APLICA;1
SEC01085;2;2011-02-02;14;4;PERÚ;2;EDUCADORES DE CALLE;LAMBAYEQUE;CHICLAYO;CHICLAYO;2022-09-21;1;2;1;NO APLICA;1
SEC01086;1;2016-06-15;8;3;PERÚ;2;EDUCADORES DE CALLE;LAMBAYEQUE;CHICLAYO;CHICLAYO;2022-09-21;1;2;1;NO APLICA;1
SEC01087;2;2019-02-18;6;3;PERÚ;2;EDUCADORES DE CALLE;LORETO;MAYNAS;IQUITOS;2022-09-21;1;1;1;NO APLICA;2
SEC01088;1;2021-07-31;3;2;PERÚ;2;EDUCADORES DE CALLE;LORETO;MAYNAS;IQUITOS;2022-09-21;1;1;1;NO APLICA;2
SEC01089;1;2008-01-31;17;4;PERÚ;2;EDUCADORES DE CALLE;LORETO;MAYNAS;IQUITOS;2022-09-22;1;1;1;NO APLICA;2
SEC01090;1;2009-04-06;16;4;PERÚ;2;EDUCADORES DE CALLE;HUANCAVELICA;HUANCAVELICA;HUANCAVELICA;2022-09-22;1;5;1;NO APLICA;2
SEC01091;2;2011-05-04;13;4;PERÚ;2;EDUCADORES DE CALLE;LORETO;MAYNAS;IQUITOS;2022-09-22;1;1;1;NO APLICA;2
SEC01092;2;2013-08-22;11;3;PERÚ;2;EDUCADORES DE CALLE;LORETO;MAYNAS;IQUITOS;2022-09-22;1;1;1;NO APLICA;2
SEC01093;1;2014-09-07;10;3;PERÚ;2;EDUCADORES DE CALLE;CUSCO;CUSCO;CUSCO;2022-09-22;1;1;2;2025-05-27;1
SEC01094;2;2011-12-12;13;4;PERÚ;2;EDUCADORES DE CALLE;CAJAMARCA;CAJAMARCA;CAJAMARCA;2022-09-22;1;1;1;NO APLICA;2
SEC01095;2;2013-06-08;11;3;PERÚ;2;EDUCADORES DE CALLE;APURÍMAC;ABANCAY;ABANCAY;2022-09-22;1;1;2;2025-04-23;2
SEC01096;2;2011-08-21;13;4;PERÚ;2;EDUCADORES DE CALLE;LORETO;MAYNAS;IQUITOS;2022-09-22;1;1;1;NO APLICA;2
SEC01097;2;2013-10-17;11;3;PERÚ;2;EDUCADORES DE CALLE;APURÍMAC;ABANCAY;ABANCAY;2022-09-23;1;1;2;2025-01-28;2
SEC01098;2;2011-11-19;13;4;PERÚ;2;EDUCADORES DE CALLE;CAJAMARCA;CAJAMARCA;CAJAMARCA;2022-09-23;1;1;1;NO APLICA;2
SEC01099;1;2013-03-10;12;4;PERÚ;2;EDUCADORES DE CALLE;MOQUEGUA;MARISCAL NIETO;MOQUEGUA;2022-09-23;1;1;1;NO APLICA;1
SEC01100;1;2011-07-28;13;4;PERÚ;2;EDUCADORES DE CALLE;APURÍMAC;ABANCAY;ABANCAY;2022-09-23;1;1;2;2025-01-28;2
SEC01101;1;2014-06-21;10;3;PERÚ;2;EDUCADORES DE CALLE;PASCO;PASCO;YANACANCHA;2022-09-23;1;1;2;2025-01-24;1
SEC01102;1;2014-12-17;10;3;PERÚ;2;EDUCADORES DE CALLE;LAMBAYEQUE;CHICLAYO;CHICLAYO;2022-09-24;1;2;1;NO APLICA;1
SEC01103;1;2016-04-18;9;3;PERÚ;2;EDUCADORES DE CALLE;LAMBAYEQUE;CHICLAYO;CHICLAYO;2022-09-24;1;2;1;NO APLICA;1
SEC01104;1;2012-04-25;13;4;PERÚ;2;EDUCADORES DE CALLE;AYACUCHO;HUAMANGA;AYACUCHO;2022-09-24;1;1;1;NO APLICA;2
SEC01105;1;2015-04-13;10;3;PERÚ;2;EDUCADORES DE CALLE;AYACUCHO;HUAMANGA;AYACUCHO;2022-09-24;1;1;1;NO APLICA;2
SEC01106;1;2016-02-04;9;3;PERÚ;2;EDUCADORES DE CALLE;AYACUCHO;HUAMANGA;AYACUCHO;2022-09-25;1;1;2;2025-05-22;2
SEC01107;1;2018-10-11;6;3;PERÚ;2;EDUCADORES DE CALLE;LAMBAYEQUE;CHICLAYO;CHICLAYO;2022-09-26;1;2;1;NO APLICA;1
SEC01108;1;2007-06-18;17;4;PERÚ;2;EDUCADORES DE CALLE;LIMA;LIMA;SAN JUAN DE MIRAFLORES;2022-09-27;1;1;1;NO APLICA;2
SEC01109;2;2007-09-28;17;4;PERÚ;2;EDUCADORES DE CALLE;LAMBAYEQUE;CHICLAYO;CHICLAYO;2022-09-27;1;2;1;NO APLICA;1
SEC01110;1;2008-02-25;17;4;PERÚ;2;EDUCADORES DE CALLE;PIURA;SULLANA;SULLANA;2022-09-27;1;1;1;NO APLICA;1
SEC01111;1;2011-12-07;13;4;PERÚ;2;EDUCADORES DE CALLE;HUÁNUCO;HUÁNUCO;HUÁNUCO;2022-09-27;1;1;1;NO APLICA;2
SEC01112;2;2012-06-25;12;4;PERÚ;2;EDUCADORES DE CALLE;AREQUIPA;AREQUIPA;JOSE LUIS BUSTAMANTE Y RIVERO;2022-09-27;1;1;1;NO APLICA;1
SEC01113;1;2012-03-02;13;4;PERÚ;2;EDUCADORES DE CALLE;PIURA;SULLANA;SULLANA;2022-09-27;1;1;1;NO APLICA;1
SEC01114;2;2012-11-09;12;4;PERÚ;2;EDUCADORES DE CALLE;AYACUCHO;HUAMANGA;AYACUCHO;2022-09-27;1;1;2;2025-03-24;2
SEC01115;2;2014-07-28;10;3;PERÚ;2;EDUCADORES DE CALLE;LAMBAYEQUE;CHICLAYO;CHICLAYO;2022-09-27;1;2;1;NO APLICA;1
SEC01116;2;2014-11-13;10;3;PERÚ;2;EDUCADORES DE CALLE;AREQUIPA;AREQUIPA;JOSE LUIS BUSTAMANTE Y RIVERO;2022-09-27;1;1;1;NO APLICA;1
SEC01117;2;2017-07-20;7;3;PERÚ;2;EDUCADORES DE CALLE;PIURA;PIURA;PIURA;2022-09-27;1;1;2;2025-01-24;1
SEC01118;2;2013-08-09;11;3;PERÚ;2;EDUCADORES DE CALLE;PIURA;PIURA;PIURA;2022-09-27;1;1;2;2025-01-24;1
SEC01119;2;2015-02-22;10;3;PERÚ;2;EDUCADORES DE CALLE;PIURA;PIURA;PIURA;2022-09-27;1;1;2;2025-01-24;1
SEC01120;1;2020-03-07;5;2;PERÚ;2;EDUCADORES DE CALLE;LIMA;LIMA;ATE;2022-09-27;1;1;1;NO APLICA;2
SEC01121;2;2011-12-30;13;4;PERÚ;2;EDUCADORES DE CALLE;HUANCAVELICA;HUANCAVELICA;HUANCAVELICA;2022-09-28;1;1;2;2025-01-28;2
SEC01122;2;2009-10-30;15;4;PERÚ;2;EDUCADORES DE CALLE;ANCASH;SANTA;CHIMBOTE;2022-09-28;1;1;1;NO APLICA;2
SEC01123;2;2011-09-01;13;4;PERÚ;2;EDUCADORES DE CALLE;HUANCAVELICA;HUANCAVELICA;HUANCAVELICA;2022-09-28;1;1;2;2025-05-26;2
SEC01124;2;2010-04-26;15;4;PERÚ;2;EDUCADORES DE CALLE;HUANCAVELICA;HUANCAVELICA;HUANCAVELICA;2022-09-28;1;1;2;2025-05-26;2
SEC01125;2;2011-06-28;13;4;PERÚ;2;EDUCADORES DE CALLE;HUANCAVELICA;HUANCAVELICA;HUANCAVELICA;2022-09-28;1;1;2;2025-03-26;2
SEC01126;1;2014-02-04;11;3;PERÚ;2;EDUCADORES DE CALLE;HUANCAVELICA;HUANCAVELICA;HUANCAVELICA;2022-09-28;1;1;1;NO APLICA;2
SEC01127;2;2014-01-23;11;3;PERÚ;2;EDUCADORES DE CALLE;ANCASH;SANTA;CHIMBOTE;2022-09-28;1;1;1;NO APLICA;2
SEC01128;1;2012-02-22;13;4;PERÚ;2;EDUCADORES DE CALLE;ANCASH;SANTA;CHIMBOTE;2022-09-28;1;1;1;NO APLICA;2
SEC01129;2;2008-05-18;16;4;PERÚ;2;EDUCADORES DE CALLE;PASCO;PASCO;CHAUPIMARCA;2022-09-29;1;1;1;NO APLICA;2
SEC01130;2;2010-02-17;15;4;PERÚ;2;EDUCADORES DE CALLE;MOQUEGUA;MARISCAL NIETO;MOQUEGUA;2022-09-29;1;1;1;NO APLICA;1
SEC01131;2;2010-10-14;14;4;PERÚ;2;EDUCADORES DE CALLE;MOQUEGUA;MARISCAL NIETO;MOQUEGUA;2022-09-29;1;1;2;2025-04-22;1
SEC01132;1;2011-07-31;13;4;PERÚ;2;EDUCADORES DE CALLE;PASCO;PASCO;CHAUPIMARCA;2022-09-29;1;1;1;NO APLICA;2
SEC01133;2;2006-03-26;19;5;PERÚ;2;EDUCADORES DE CALLE;MOQUEGUA;MARISCAL NIETO;MOQUEGUA;2022-09-29;1;1;1;NO APLICA;1
SEC01134;2;2017-08-06;7;3;PERÚ;2;EDUCADORES DE CALLE;PASCO;PASCO;CHAUPIMARCA;2022-09-29;1;1;1;NO APLICA;2
SEC01135;1;2007-04-02;18;5;PERÚ;2;EDUCADORES DE CALLE;LIMA;LIMA;RIMAC;2022-10-04;3;1;1;NO APLICA;2
SEC01136;1;2009-09-20;15;4;PERÚ;2;EDUCADORES DE CALLE;LORETO;MAYNAS;IQUITOS;2022-10-04;1;1;1;NO APLICA;2
SEC01137;2;2010-10-13;14;4;PERÚ;2;EDUCADORES DE CALLE;MOQUEGUA;MARISCAL NIETO;MOQUEGUA;2022-10-04;1;1;1;NO APLICA;1
SEC01138;1;2009-09-21;15;4;PERÚ;2;EDUCADORES DE CALLE;LORETO;MAYNAS;IQUITOS;2022-10-04;1;1;1;NO APLICA;2
SEC01139;1;2013-02-22;12;4;PERÚ;2;EDUCADORES DE CALLE;LIMA;HUARAL;CHANCAY;2022-10-04;2;1;2;2025-05-19;2
SEC01140;2;2012-10-02;12;4;PERÚ;2;EDUCADORES DE CALLE;LORETO;MAYNAS;IQUITOS;2022-10-04;1;1;1;NO APLICA;1
SEC01141;2;2016-06-06;8;3;PERÚ;2;EDUCADORES DE CALLE;LORETO;MAYNAS;IQUITOS;2022-10-04;1;1;1;NO APLICA;1
SEC01142;2;2011-06-20;13;4;PERÚ;2;EDUCADORES DE CALLE;LORETO;MAYNAS;SAN JUAN BAUTISTA;2022-10-06;1;1;1;NO APLICA;2
SEC01143;1;2010-09-10;14;4;PERÚ;2;EDUCADORES DE CALLE;LORETO;MAYNAS;SAN JUAN BAUTISTA;2022-10-06;1;1;2;2025-05-19;2
SEC01144;2;2012-10-28;12;4;PERÚ;2;EDUCADORES DE CALLE;LORETO;MAYNAS;SAN JUAN BAUTISTA;2022-10-06;1;1;2;2025-05-19;2
SEC01145;2;2012-08-10;12;4;PERÚ;2;EDUCADORES DE CALLE;PIURA;PIURA;PIURA;2022-10-06;1;1;2;2025-01-24;1
SEC01146;2;2013-05-15;11;3;PERÚ;2;EDUCADORES DE CALLE;LORETO;MAYNAS;SAN JUAN BAUTISTA;2022-10-06;1;1;1;NO APLICA;2
SEC01147;2;2016-05-12;8;3;PERÚ;2;EDUCADORES DE CALLE;PIURA;PIURA;PIURA;2022-10-06;1;1;2;2025-04-23;1
SEC01148;2;2012-12-28;12;4;PERÚ;2;EDUCADORES DE CALLE;LORETO;MAYNAS;SAN JUAN BAUTISTA;2022-10-06;1;1;1;NO APLICA;2
SEC01149;2;2010-05-21;14;4;PERÚ;2;EDUCADORES DE CALLE;AYACUCHO;HUAMANGA;AYACUCHO;2022-10-08;1;1;1;NO APLICA;2
SEC01150;2;2012-09-01;12;4;PERÚ;2;EDUCADORES DE CALLE;AYACUCHO;HUAMANGA;AYACUCHO;2022-10-10;1;1;1;NO APLICA;2
SEC01151;2;2017-09-28;7;3;PERÚ;2;EDUCADORES DE CALLE;PASCO;PASCO;CHAUPIMARCA;2022-10-10;2;1;1;NO APLICA;2
SEC01152;2;2012-06-20;12;4;PERÚ;2;EDUCADORES DE CALLE;LORETO;MAYNAS;SAN JUAN BAUTISTA;2022-10-11;1;1;1;NO APLICA;2
SEC01153;2;2009-06-12;15;4;PERÚ;2;EDUCADORES DE CALLE;LIMA;LIMA;RIMAC;2022-10-11;1;1;1;NO APLICA;2
SEC01154;1;2008-11-27;16;4;PERÚ;2;EDUCADORES DE CALLE;LORETO;MAYNAS;SAN JUAN BAUTISTA;2022-10-11;1;1;1;NO APLICA;2
SEC01155;1;2007-06-18;17;4;PERÚ;2;EDUCADORES DE CALLE;LORETO;MAYNAS;SAN JUAN BAUTISTA;2022-10-11;1;1;1;NO APLICA;2
SEC01156;2;2013-11-29;11;3;PERÚ;2;EDUCADORES DE CALLE;LORETO;MAYNAS;SAN JUAN BAUTISTA;2022-10-11;1;1;1;NO APLICA;2
SEC01157;1;2014-12-31;10;3;PERÚ;2;EDUCADORES DE CALLE;LORETO;MAYNAS;SAN JUAN BAUTISTA;2022-10-11;1;1;1;NO APLICA;2
SEC01158;1;2016-01-06;9;3;PERÚ;2;EDUCADORES DE CALLE;LORETO;MAYNAS;IQUITOS;2022-10-11;1;1;1;NO APLICA;2
SEC01159;2;2016-01-20;9;3;PERÚ;2;EDUCADORES DE CALLE;LIMA;LIMA;RIMAC;2022-10-11;2;1;1;NO APLICA;2
SEC01160;1;2018-10-01;6;3;PERÚ;2;EDUCADORES DE CALLE;LIMA;LIMA;RIMAC;2022-10-11;2;1;1;NO APLICA;2
SEC01161;1;2020-10-29;4;2;PERÚ;2;EDUCADORES DE CALLE;LIMA;LIMA;RIMAC;2022-10-11;2;1;1;NO APLICA;2
SEC01162;1;2008-11-07;16;4;PERÚ;2;EDUCADORES DE CALLE;LORETO;MAYNAS;SAN JUAN BAUTISTA;2022-10-12;1;1;1;NO APLICA;2
SEC01163;1;2010-04-28;15;4;PERÚ;2;EDUCADORES DE CALLE;AYACUCHO;HUAMANGA;AYACUCHO;2022-10-12;1;1;2;2025-03-24;2
SEC01164;1;2017-10-16;7;3;PERÚ;2;EDUCADORES DE CALLE;LORETO;MAYNAS;SAN JUAN BAUTISTA;2022-10-12;1;1;1;NO APLICA;2
SEC01165;1;2011-06-11;13;4;PERÚ;2;EDUCADORES DE CALLE;LORETO;MAYNAS;SAN JUAN BAUTISTA;2022-10-12;1;1;1;NO APLICA;2
SEC01166;1;2014-07-02;10;3;PERÚ;2;EDUCADORES DE CALLE;LORETO;MAYNAS;SAN JUAN BAUTISTA;2022-10-12;1;1;1;NO APLICA;2
SEC01167;2;2008-05-24;16;4;PERÚ;2;EDUCADORES DE CALLE;AYACUCHO;HUAMANGA;AYACUCHO;2022-10-13;1;1;1;NO APLICA;1
SEC01168;2;2013-10-04;11;3;PERÚ;2;EDUCADORES DE CALLE;TACNA;TACNA;CORONEL GREGORIO ALBARRACIN LANCHIPA;2022-10-13;1;1;2;2025-01-24;2
SEC01169;2;2015-04-20;10;3;PERÚ;2;EDUCADORES DE CALLE;PUNO;PUNO;PUNO;2022-10-13;1;1;1;NO APLICA;2
SEC01170;2;2015-05-26;9;3;PERÚ;2;EDUCADORES DE CALLE;LORETO;MAYNAS;SAN JUAN BAUTISTA;2022-10-13;1;1;1;NO APLICA;2
SEC01171;1;2016-10-10;8;3;PERÚ;2;EDUCADORES DE CALLE;LORETO;MAYNAS;IQUITOS;2022-10-13;1;1;1;NO APLICA;2
SEC01172;1;2016-12-25;8;3;PERÚ;2;EDUCADORES DE CALLE;PASCO;PASCO;YANACANCHA;2022-10-13;1;1;1;NO APLICA;1
SEC01173;2;2010-10-28;14;4;PERÚ;2;EDUCADORES DE CALLE;HUANCAVELICA;HUANCAVELICA;HUANCAVELICA;2022-10-14;1;1;2;2025-01-28;2
SEC01174;2;2012-07-04;12;4;PERÚ;2;EDUCADORES DE CALLE;HUANCAVELICA;HUANCAVELICA;HUANCAVELICA;2022-10-14;1;1;1;NO APLICA;2
SEC01175;2;2010-03-09;15;4;PERÚ;2;EDUCADORES DE CALLE;AYACUCHO;HUAMANGA;AYACUCHO;2022-10-15;1;1;1;NO APLICA;2
SEC01176;2;2011-05-21;13;4;PERÚ;2;EDUCADORES DE CALLE;AYACUCHO;HUAMANGA;AYACUCHO;2022-10-15;1;1;2;2025-04-23;2
SEC01177;2;2010-03-25;15;4;PERÚ;2;EDUCADORES DE CALLE;LORETO;MAYNAS;IQUITOS;2022-10-15;1;1;1;NO APLICA;2
SEC01178;2;2015-01-03;10;3;PERÚ;1;EDUCADORES DE CALLE;LAMBAYEQUE;CHICLAYO;CHICLAYO;2022-10-15;1;1;1;NO APLICA;1
SEC01179;1;2015-11-18;9;3;PERÚ;2;EDUCADORES DE CALLE;APURÍMAC;ABANCAY;ABANCAY;2022-10-16;1;1;2;2025-05-26;2
SEC01180;2;2007-10-24;17;4;PERÚ;2;EDUCADORES DE CALLE;PUNO;PUNO;PUNO;2022-10-18;1;1;1;NO APLICA;2
SEC01181;1;2007-01-15;18;5;PERÚ;2;EDUCADORES DE CALLE;PUNO;PUNO;PUNO;2022-10-18;1;1;1;NO APLICA;2
SEC01182;2;2009-07-09;15;4;PERÚ;2;EDUCADORES DE CALLE;CAJAMARCA;CAJAMARCA;CAJAMARCA;2022-10-18;1;1;2;2025-01-24;1
SEC01183;2;2011-02-21;14;4;PERÚ;2;EDUCADORES DE CALLE;APURÍMAC;ABANCAY;ABANCAY;2022-10-18;1;1;2;2025-05-26;2
SEC01184;1;2010-03-02;15;4;PERÚ;2;EDUCADORES DE CALLE;MOQUEGUA;ILO;ILO;2022-10-18;1;1;1;NO APLICA;2
SEC01185;1;2012-03-13;13;4;PERÚ;2;EDUCADORES DE CALLE;CAJAMARCA;CAJAMARCA;CAJAMARCA;2022-10-18;1;1;2;2025-01-24;1
SEC01186;2;2011-05-27;13;4;PERÚ;2;EDUCADORES DE CALLE;PUNO;PUNO;PUNO;2022-10-18;1;1;1;NO APLICA;2
SEC01187;2;2013-09-14;11;3;PERÚ;2;EDUCADORES DE CALLE;APURÍMAC;ABANCAY;ABANCAY;2022-10-18;1;1;2;2025-05-26;2
SEC01188;2;2014-01-07;11;3;PERÚ;2;EDUCADORES DE CALLE;PUNO;PUNO;PUNO;2022-10-18;1;1;1;NO APLICA;2
SEC01189;1;2015-11-22;9;3;PERÚ;2;EDUCADORES DE CALLE;HUANCAVELICA;HUANCAVELICA;HUANCAVELICA;2022-10-18;1;1;2;2025-05-26;2
SEC01190;1;2011-03-15;14;4;PERÚ;2;EDUCADORES DE CALLE;TACNA;TACNA;CIUDAD NUEVA;2022-10-20;1;1;1;NO APLICA;2
SEC01191;2;2012-01-09;13;4;PERÚ;2;EDUCADORES DE CALLE;HUANCAVELICA;HUANCAVELICA;HUANCAVELICA;2022-10-20;1;5;1;NO APLICA;2
SEC01192;2;2012-01-09;13;4;PERÚ;2;EDUCADORES DE CALLE;HUANCAVELICA;HUANCAVELICA;HUANCAVELICA;2022-10-20;1;1;2;2025-05-26;2
SEC01193;2;2010-03-09;15;4;PERÚ;2;EDUCADORES DE CALLE;HUANCAVELICA;HUANCAVELICA;HUANCAVELICA;2022-10-20;1;5;2;2025-04-25;2
SEC01194;2;2011-04-18;14;4;PERÚ;2;EDUCADORES DE CALLE;PUNO;PUNO;PUNO;2022-10-20;1;1;1;NO APLICA;2
SEC01195;2;2014-04-08;11;3;PERÚ;2;EDUCADORES DE CALLE;MOQUEGUA;ILO;ILO;2022-10-20;1;1;1;NO APLICA;2
SEC01196;1;2007-10-29;17;4;PERÚ;2;EDUCADORES DE CALLE;HUANCAVELICA;HUANCAVELICA;HUANCAVELICA;2022-10-20;1;1;1;NO APLICA;2
SEC01197;2;2014-09-17;10;3;PERÚ;2;EDUCADORES DE CALLE;AYACUCHO;HUAMANGA;AYACUCHO;2022-10-20;1;1;1;NO APLICA;2
SEC01198;1;2014-05-30;10;3;PERÚ;2;EDUCADORES DE CALLE;HUANCAVELICA;HUANCAVELICA;HUANCAVELICA;2022-10-20;1;1;1;NO APLICA;1
SEC01199;1;2007-06-08;17;4;PERÚ;2;EDUCADORES DE CALLE;CUSCO;CUSCO;SAN JERONIMO;2022-10-21;1;1;2;2025-05-27;2
SEC01200;2;2008-02-08;17;4;PERÚ;2;EDUCADORES DE CALLE;CUSCO;CUSCO;CUSCO;2022-10-21;3;1;2;2025-01-21;1
SEC01201;1;2010-07-27;14;4;PERÚ;2;EDUCADORES DE CALLE;CUSCO;CUSCO;SAN JERONIMO;2022-10-21;1;1;2;2025-05-27;2
SEC01202;2;2007-05-09;17;4;PERÚ;2;EDUCADORES DE CALLE;PUNO;PUNO;PUNO;2022-10-24;1;1;1;NO APLICA;2
SEC01203;1;2015-01-08;10;3;PERÚ;2;EDUCADORES DE CALLE;PUNO;PUNO;PUNO;2022-10-24;1;1;1;NO APLICA;2
SEC01204;2;2015-07-29;9;3;PERÚ;2;EDUCADORES DE CALLE;PUNO;PUNO;PUNO;2022-10-24;1;1;1;NO APLICA;2
SEC01205;1;2008-05-19;16;4;PERÚ;2;EDUCADORES DE CALLE;LORETO;MAYNAS;SAN JUAN BAUTISTA;2022-10-25;1;1;2;2025-05-19;2
SEC01206;1;2008-05-19;16;4;PERÚ;2;EDUCADORES DE CALLE;LORETO;MAYNAS;SAN JUAN BAUTISTA;2022-10-25;1;1;2;2025-05-19;2
SEC01207;2;2015-09-28;9;3;PERÚ;2;EDUCADORES DE CALLE;PIURA;PIURA;PIURA;2022-10-25;1;1;2;2025-04-23;1
SEC01208;2;2007-11-20;17;4;PERÚ;2;EDUCADORES DE CALLE;HUANCAVELICA;HUANCAVELICA;HUANCAVELICA;2022-10-26;1;2;2;2025-01-28;2
SEC01209;2;2009-07-03;15;4;PERÚ;2;EDUCADORES DE CALLE;HUANCAVELICA;HUANCAVELICA;HUANCAVELICA;2022-10-26;1;5;2;2025-05-26;2
SEC01210;2;2009-07-04;15;4;PERÚ;2;EDUCADORES DE CALLE;HUANCAVELICA;HUANCAVELICA;HUANCAVELICA;2022-10-26;1;5;2;2025-05-26;2
SEC01211;1;2007-10-16;17;4;PERÚ;2;EDUCADORES DE CALLE;LIMA;CALLAO;VENTANILLA;2022-10-26;3;1;1;NO APLICA;1
SEC01212;1;2010-10-06;14;4;PERÚ;2;EDUCADORES DE CALLE;HUANCAVELICA;HUANCAVELICA;HUANCAVELICA;2022-10-26;1;1;1;NO APLICA;2
SEC01213;1;2009-08-31;15;4;PERÚ;2;EDUCADORES DE CALLE;LIMA;LIMA;COMAS;2022-10-26;3;1;1;NO APLICA;1
SEC01214;2;2011-02-11;14;4;PERÚ;1;EDUCADORES DE CALLE;MOQUEGUA;ILO;ILO;2022-10-26;1;1;1;NO APLICA;2
SEC01215;2;2012-09-08;12;4;PERÚ;2;EDUCADORES DE CALLE;AREQUIPA;AREQUIPA;JOSE LUIS BUSTAMANTE Y RIVERO;2022-10-26;1;1;2;2025-03-25;2
SEC01216;1;2008-03-26;17;4;PERÚ;2;EDUCADORES DE CALLE;LIMA;LIMA;COMAS;2022-10-26;3;2;1;NO APLICA;1
SEC01217;2;2009-01-14;16;4;PERÚ;2;EDUCADORES DE CALLE;LIMA;LIMA;COMAS;2022-10-26;3;1;1;NO APLICA;1
SEC01218;2;2012-09-03;12;4;PERÚ;2;EDUCADORES DE CALLE;CUSCO;CUSCO;SAN JERONIMO;2022-10-26;1;1;2;2025-05-27;1
SEC01219;1;2011-10-24;13;4;PERÚ;2;EDUCADORES DE CALLE;PIURA;PIURA;PIURA;2022-10-26;1;1;2;2025-01-24;1
SEC01220;2;2014-07-03;10;3;PERÚ;2;EDUCADORES DE CALLE;LIMA;LIMA;SAN JUAN DE LURIGANCHO;2022-10-26;2;1;2;2025-05-23;1
SEC01221;2;2014-08-24;10;3;PERÚ;2;EDUCADORES DE CALLE;MOQUEGUA;ILO;ILO;2022-10-26;1;1;1;NO APLICA;2
SEC01222;2;2012-04-30;13;4;PERÚ;2;EDUCADORES DE CALLE;HUANCAVELICA;HUANCAVELICA;HUANCAVELICA;2022-10-26;1;5;1;NO APLICA;2
SEC01223;1;2018-06-02;6;3;PERÚ;2;EDUCADORES DE CALLE;LIMA;LIMA;SAN JUAN DE LURIGANCHO;2022-10-26;2;1;2;2025-05-23;1
SEC01224;2;2007-11-10;17;4;PERÚ;2;EDUCADORES DE CALLE;HUANCAVELICA;HUANCAVELICA;HUANCAVELICA;2022-10-27;1;1;2;2025-05-26;2
SEC01225;1;2007-06-21;17;4;PERÚ;2;EDUCADORES DE CALLE;PIURA;PIURA;PIURA;2022-10-27;1;1;2;2025-01-24;1
SEC01226;2;2009-05-27;15;4;PERÚ;2;EDUCADORES DE CALLE;MOQUEGUA;MARISCAL NIETO;MOQUEGUA;2022-10-27;1;2;1;NO APLICA;1
SEC01227;2;2009-01-25;16;4;PERÚ;2;EDUCADORES DE CALLE;MOQUEGUA;ILO;ILO;2022-10-27;1;1;2;2025-04-22;2
SEC01228;1;2010-01-12;15;4;PERÚ;2;EDUCADORES DE CALLE;PASCO;PASCO;YANACANCHA;2022-10-27;1;1;1;NO APLICA;2
SEC01229;2;2010-11-27;14;4;PERÚ;2;EDUCADORES DE CALLE;MOQUEGUA;ILO;ILO;2022-10-27;1;1;2;2025-04-22;2
SEC01230;1;2009-01-31;16;4;PERÚ;2;EDUCADORES DE CALLE;PIURA;PIURA;PIURA;2022-10-27;1;1;1;NO APLICA;1
SEC01231;1;2012-03-03;13;4;PERÚ;2;EDUCADORES DE CALLE;PIURA;PIURA;PIURA;2022-10-27;1;1;1;NO APLICA;1
SEC01232;2;2010-05-30;14;4;PERÚ;2;EDUCADORES DE CALLE;PIURA;PIURA;PIURA;2022-10-27;1;1;2;2025-01-24;1
SEC01233;2;2013-12-26;11;3;PERÚ;2;EDUCADORES DE CALLE;HUANCAVELICA;HUANCAVELICA;HUANCAVELICA;2022-10-27;1;5;2;2025-05-26;2
SEC01234;1;2010-11-22;14;4;PERÚ;2;EDUCADORES DE CALLE;PIURA;SULLANA;SULLANA;2022-10-27;1;1;1;NO APLICA;1
SEC01235;1;2013-04-22;12;4;PERÚ;2;EDUCADORES DE CALLE;PIURA;PIURA;PIURA;2022-10-27;1;1;2;2025-01-24;1
SEC01236;1;2014-05-02;10;3;PERÚ;2;EDUCADORES DE CALLE;PIURA;SULLANA;SULLANA;2022-10-27;1;1;1;NO APLICA;1
SEC01237;1;2011-06-23;13;4;PERÚ;2;EDUCADORES DE CALLE;PIURA;PIURA;PIURA;2022-10-27;1;1;1;NO APLICA;1
SEC01238;1;2015-02-23;10;3;PERÚ;2;EDUCADORES DE CALLE;PIURA;PIURA;PIURA;2022-10-27;1;1;1;NO APLICA;1
SEC01239;2;2015-04-05;10;3;PERÚ;2;EDUCADORES DE CALLE;PASCO;PASCO;YANACANCHA;2022-10-27;1;1;1;NO APLICA;2
SEC01240;2;2015-06-10;9;3;PERÚ;2;EDUCADORES DE CALLE;PIURA;SULLANA;SULLANA;2022-10-27;1;1;2;2025-04-23;1
SEC01241;2;2015-03-04;10;3;PERÚ;2;EDUCADORES DE CALLE;LIMA;LIMA;SAN JUAN DE LURIGANCHO;2022-10-27;2;1;1;NO APLICA;1
SEC01242;1;2015-12-27;9;3;PERÚ;2;EDUCADORES DE CALLE;MOQUEGUA;MARISCAL NIETO;MOQUEGUA;2022-10-27;1;1;1;NO APLICA;1
SEC01243;2;2012-12-29;12;4;PERÚ;2;EDUCADORES DE CALLE;PASCO;PASCO;YANACANCHA;2022-10-27;1;1;1;NO APLICA;2
SEC01244;2;2012-09-20;12;4;PERÚ;2;EDUCADORES DE CALLE;MOQUEGUA;ILO;ILO;2022-10-27;1;1;2;2025-04-22;2
SEC01245;2;2017-03-11;8;3;PERÚ;2;EDUCADORES DE CALLE;PIURA;PIURA;PIURA;2022-10-27;1;1;1;NO APLICA;1
SEC01246;2;2017-05-19;7;3;PERÚ;2;EDUCADORES DE CALLE;PASCO;PASCO;YANACANCHA;2022-10-27;1;1;1;NO APLICA;2
SEC01247;2;2017-06-19;7;3;PERÚ;2;EDUCADORES DE CALLE;PIURA;PIURA;PIURA;2022-10-27;1;1;2;2025-01-24;1
SEC01248;1;2017-05-01;7;3;ECUADOR;2;EDUCADORES DE CALLE;PIURA;PIURA;PIURA;2022-10-27;1;5;2;2025-01-24;1
SEC01249;1;2016-07-07;8;3;PERÚ;2;EDUCADORES DE CALLE;PIURA;SULLANA;SULLANA;2022-10-27;1;1;1;NO APLICA;1
SEC01250;2;2020-09-28;4;2;PERÚ;2;EDUCADORES DE CALLE;AREQUIPA;AREQUIPA;AREQUIPA;2022-10-28;1;1;1;NO APLICA;2
SEC01251;2;2008-03-27;17;4;PERÚ;2;EDUCADORES DE CALLE;LIMA;LIMA;PUENTE PIEDRA;2022-10-28;1;1;2;2025-03-24;1
SEC01252;1;2014-01-17;11;3;PERÚ;2;EDUCADORES DE CALLE;LIMA;LIMA;PUENTE PIEDRA;2022-10-28;1;1;2;2025-04-23;1
SEC01253;1;2014-10-07;10;3;PERÚ;2;EDUCADORES DE CALLE;AYACUCHO;HUAMANGA;AYACUCHO;2022-10-28;1;1;1;NO APLICA;2
SEC01254;2;2012-10-04;12;4;PERÚ;2;EDUCADORES DE CALLE;AYACUCHO;HUAMANGA;AYACUCHO;2022-10-28;1;1;1;NO APLICA;2
SEC01255;1;2018-04-19;7;3;PERÚ;2;EDUCADORES DE CALLE;HUÁNUCO;HUÁNUCO;AMARILIS;2022-11-01;1;1;1;NO APLICA;1
SEC01256;2;2008-08-03;16;4;PERÚ;1;EDUCADORES DE CALLE;APURÍMAC;ABANCAY;ABANCAY;2022-11-04;1;1;1;NO APLICA;2
SEC01257;2;2010-11-29;14;4;PERÚ;2;EDUCADORES DE CALLE;AREQUIPA;AREQUIPA;MIRAFLORES;2022-11-04;1;1;2;2025-01-02;2
SEC01258;1;2012-04-25;13;4;PERÚ;2;EDUCADORES DE CALLE;APURÍMAC;ABANCAY;ABANCAY;2022-11-04;1;1;1;NO APLICA;2
SEC01259;2;2013-04-07;12;4;PERÚ;2;EDUCADORES DE CALLE;AREQUIPA;AREQUIPA;MIRAFLORES;2022-11-04;1;1;2;2025-01-02;2
SEC01260;1;2015-04-30;10;3;PERÚ;2;EDUCADORES DE CALLE;AREQUIPA;AREQUIPA;MIRAFLORES;2022-11-04;1;1;2;2025-04-23;2
SEC01261;2;2008-02-13;17;4;PERÚ;2;EDUCADORES DE CALLE;LIMA;LIMA;ANCON;2022-11-04;3;1;2;2025-05-23;1
SEC01262;2;2018-01-20;7;3;PERÚ;2;EDUCADORES DE CALLE;AREQUIPA;AREQUIPA;MIRAFLORES;2022-11-04;1;1;2;2025-01-02;2
SEC01263;2;2014-02-04;11;3;PERÚ;2;EDUCADORES DE CALLE;ICA;ICA;ICA;2022-11-05;1;1;2;2025-01-27;2
SEC01264;2;2015-06-17;9;3;PERÚ;2;EDUCADORES DE CALLE;HUANCAVELICA;HUANCAVELICA;HUANCAVELICA;2022-11-09;1;5;2;2025-05-26;2
SEC01265;2;2014-10-25;10;3;PERÚ;2;EDUCADORES DE CALLE;AYACUCHO;HUAMANGA;SAN JUAN BAUTISTA;2022-11-09;1;1;1;NO APLICA;1
SEC01266;1;2015-04-15;10;3;PERÚ;2;EDUCADORES DE CALLE;AYACUCHO;HUAMANGA;SAN JUAN BAUTISTA;2022-11-09;1;1;1;NO APLICA;1
SEC01267;2;2011-02-09;14;4;PERÚ;2;EDUCADORES DE CALLE;MOQUEGUA;MARISCAL NIETO;MOQUEGUA;2022-11-10;1;1;1;NO APLICA;2
SEC01268;1;2015-01-18;10;3;PERÚ;2;EDUCADORES DE CALLE;LA LIBERTAD;TRUJILLO;TRUJILLO;2022-11-10;1;1;1;NO APLICA;2
SEC01269;2;2010-02-23;15;4;PERÚ;2;EDUCADORES DE CALLE;APURÍMAC;ABANCAY;ABANCAY;2022-11-11;1;1;1;NO APLICA;2
SEC01270;1;2014-11-17;10;3;PERÚ;2;EDUCADORES DE CALLE;TACNA;TACNA;TACNA;2022-11-12;1;1;2;2025-04-23;1
SEC01271;1;2014-01-01;11;3;PERÚ;2;EDUCADORES DE CALLE;AYACUCHO;HUAMANGA;AYACUCHO;2022-11-14;1;1;1;NO APLICA;2
SEC01272;1;2009-06-05;15;4;PERÚ;2;EDUCADORES DE CALLE;ICA;ICA;ICA;2022-11-15;1;1;2;2025-01-27;2
SEC01273;1;2006-12-04;18;5;PERÚ;2;EDUCADORES DE CALLE;ANCASH;SANTA;NUEVO CHIMBOTE;2022-11-16;1;2;1;NO APLICA;2
SEC01274;1;2007-03-20;18;5;PERÚ;2;EDUCADORES DE CALLE;ANCASH;SANTA;NUEVO CHIMBOTE;2022-11-16;1;1;1;NO APLICA;2
SEC01275;1;2008-10-10;16;4;PERÚ;2;EDUCADORES DE CALLE;AYACUCHO;HUAMANGA;AYACUCHO;2022-11-16;1;1;1;NO APLICA;2
SEC01276;2;2009-10-22;15;4;PERÚ;2;EDUCADORES DE CALLE;ANCASH;SANTA;NUEVO CHIMBOTE;2022-11-16;1;2;1;NO APLICA;2
SEC01277;1;2009-01-21;16;4;PERÚ;2;EDUCADORES DE CALLE;ICA;ICA;ICA;2022-11-16;1;1;2;2025-01-27;2
SEC01278;2;2009-05-21;15;4;PERÚ;2;EDUCADORES DE CALLE;AYACUCHO;HUAMANGA;SAN JUAN BAUTISTA;2022-11-16;1;1;1;NO APLICA;1
SEC01279;2;2012-01-02;13;4;PERÚ;2;EDUCADORES DE CALLE;AYACUCHO;HUAMANGA;SAN JUAN BAUTISTA;2022-11-16;1;1;1;NO APLICA;1
SEC01280;2;2011-12-03;13;4;PERÚ;2;EDUCADORES DE CALLE;AYACUCHO;HUAMANGA;SAN JUAN BAUTISTA;2022-11-16;1;1;1;NO APLICA;1
SEC01281;1;2011-09-15;13;4;PERÚ;2;EDUCADORES DE CALLE;ANCASH;SANTA;NUEVO CHIMBOTE;2022-11-16;1;1;1;NO APLICA;2
SEC01282;2;2012-03-03;13;4;PERÚ;2;EDUCADORES DE CALLE;MOQUEGUA;ILO;ILO;2022-11-16;1;1;1;NO APLICA;2
SEC01283;1;2011-01-28;14;4;PERÚ;2;EDUCADORES DE CALLE;AYACUCHO;HUAMANGA;SAN JUAN BAUTISTA;2022-11-16;1;1;1;NO APLICA;1
SEC01284;2;2016-03-29;9;3;PERÚ;2;EDUCADORES DE CALLE;MOQUEGUA;ILO;ILO;2022-11-16;1;1;1;NO APLICA;2
SEC01285;2;2006-02-02;19;5;PERÚ;2;EDUCADORES DE CALLE;TACNA;TACNA;CORONEL GREGORIO ALBARRACIN LANCHIPA;2022-11-18;3;1;1;NO APLICA;1
SEC01286;2;2012-03-19;13;4;PERÚ;2;EDUCADORES DE CALLE;AREQUIPA;AREQUIPA;CERRO COLORADO;2022-11-18;1;1;1;NO APLICA;1
SEC01287;2;2011-12-09;13;4;PERÚ;2;EDUCADORES DE CALLE;LIMA;HUARAL;CHANCAY;2022-11-18;1;1;2;2025-05-19;1
SEC01288;1;2012-04-08;13;4;PERÚ;2;EDUCADORES DE CALLE;PIURA;PIURA;PIURA;2022-11-18;1;1;2;2025-01-24;1
SEC01289;2;2013-02-05;12;4;PERÚ;2;EDUCADORES DE CALLE;CUSCO;CUSCO;CUSCO;2022-11-18;1;1;2;2025-05-27;1
SEC01290;1;2006-09-18;18;5;PERÚ;2;EDUCADORES DE CALLE;PIURA;PIURA;PIURA;2022-11-19;1;1;1;NO APLICA;1
SEC01291;1;2008-11-20;16;4;PERÚ;2;EDUCADORES DE CALLE;AYACUCHO;HUAMANGA;AYACUCHO;2022-11-21;1;1;2;2025-02-18;2
SEC01292;2;2015-07-20;9;3;PERÚ;2;EDUCADORES DE CALLE;AYACUCHO;HUAMANGA;AYACUCHO;2022-11-21;1;1;1;NO APLICA;2
SEC01293;1;2010-12-18;14;4;PERÚ;1;EDUCADORES DE CALLE;CAJAMARCA;CAJAMARCA;CAJAMARCA;2022-11-22;1;1;1;NO APLICA;2
SEC01294;1;2010-02-22;15;4;PERÚ;2;EDUCADORES DE CALLE;CUSCO;CUSCO;CUSCO;2022-11-22;3;1;2;2025-03-25;1
SEC01295;1;2010-04-20;15;4;PERÚ;2;EDUCADORES DE CALLE;LIMA;HUARAL;CHANCAY;2022-11-22;1;1;2;2025-05-19;2
SEC01296;1;2012-09-09;12;4;PERÚ;2;EDUCADORES DE CALLE;MOQUEGUA;MARISCAL NIETO;MOQUEGUA;2022-11-22;1;1;1;NO APLICA;2
SEC01297;1;2012-02-02;13;4;PERÚ;2;EDUCADORES DE CALLE;CAJAMARCA;CAJAMARCA;CAJAMARCA;2022-11-22;1;1;1;NO APLICA;2
SEC01298;1;2012-02-02;13;4;PERÚ;2;EDUCADORES DE CALLE;CAJAMARCA;CAJAMARCA;CAJAMARCA;2022-11-22;1;1;1;NO APLICA;2
SEC01299;2;2012-05-07;12;4;PERÚ;2;EDUCADORES DE CALLE;CUSCO;CUSCO;CUSCO;2022-11-22;1;1;2;2025-01-27;1
SEC01300;1;2011-07-22;13;4;PERÚ;2;EDUCADORES DE CALLE;LAMBAYEQUE;CHICLAYO;CHICLAYO;2022-11-22;1;2;1;NO APLICA;1
SEC01301;2;2013-04-19;12;4;PERÚ;2;EDUCADORES DE CALLE;LIMA;HUARAL;CHANCAY;2022-11-22;1;1;2;2025-05-19;2
SEC01302;1;2015-08-31;9;3;PERÚ;2;EDUCADORES DE CALLE;APURÍMAC;ABANCAY;ABANCAY;2022-11-22;1;1;1;NO APLICA;2
SEC01303;2;2013-02-04;12;4;PERÚ;2;EDUCADORES DE CALLE;APURÍMAC;ABANCAY;ABANCAY;2022-11-22;1;1;1;NO APLICA;2
SEC01304;2;2013-09-14;11;3;PERÚ;2;EDUCADORES DE CALLE;ICA;ICA;ICA;2022-11-22;1;1;2;2025-03-25;2
SEC01305;1;2011-11-18;13;4;PERÚ;2;EDUCADORES DE CALLE;LAMBAYEQUE;CHICLAYO;CHICLAYO;2022-11-23;1;2;1;NO APLICA;1
SEC01306;2;2012-03-27;13;4;PERÚ;2;EDUCADORES DE CALLE;LIMA;LIMA;INDEPENDENCIA;2022-11-23;1;1;1;NO APLICA;2
SEC01307;2;2013-02-23;12;4;PERÚ;2;EDUCADORES DE CALLE;LAMBAYEQUE;CHICLAYO;CHICLAYO;2022-11-23;1;2;1;NO APLICA;1
SEC01308;2;2013-09-13;11;3;PERÚ;2;EDUCADORES DE CALLE;LIMA;LIMA;INDEPENDENCIA;2022-11-23;1;1;1;NO APLICA;2
SEC01309;2;2013-07-04;11;3;PERÚ;2;EDUCADORES DE CALLE;MOQUEGUA;MARISCAL NIETO;MOQUEGUA;2022-11-23;1;1;1;NO APLICA;1
SEC01310;1;2017-03-30;8;3;PERÚ;2;EDUCADORES DE CALLE;LAMBAYEQUE;CHICLAYO;CHICLAYO;2022-11-23;1;2;1;NO APLICA;1
SEC01311;2;2007-08-04;17;4;PERÚ;2;EDUCADORES DE CALLE;LIMA;HUARAL;HUARAL;2022-11-25;1;1;2;2025-05-27;2
SEC01312;2;2011-04-22;14;4;PERÚ;2;EDUCADORES DE CALLE;APURÍMAC;ABANCAY;ABANCAY;2022-11-25;1;1;2;2025-01-28;2
SEC01313;2;2012-03-27;13;4;PERÚ;2;EDUCADORES DE CALLE;APURÍMAC;ABANCAY;ABANCAY;2022-11-25;1;1;1;NO APLICA;2
SEC01314;2;2008-10-13;16;4;PERÚ;2;EDUCADORES DE CALLE;LIMA;LIMA;INDEPENDENCIA;2022-11-25;1;1;1;NO APLICA;2
SEC01315;2;2012-10-01;12;4;PERÚ;2;EDUCADORES DE CALLE;LIMA;LIMA;INDEPENDENCIA;2022-11-25;1;1;1;NO APLICA;2
SEC01316;1;2013-07-19;11;3;PERÚ;2;EDUCADORES DE CALLE;LIMA;HUARAL;HUARAL;2022-11-25;1;1;2;2025-05-21;2
SEC01317;1;2014-04-14;11;3;PERÚ;2;EDUCADORES DE CALLE;LIMA;LIMA;INDEPENDENCIA;2022-11-25;1;1;1;NO APLICA;2
SEC01318;1;2011-06-30;13;4;PERÚ;2;EDUCADORES DE CALLE;LIMA;LIMA;INDEPENDENCIA;2022-11-25;1;1;1;NO APLICA;2
SEC01319;1;2014-11-05;10;3;PERÚ;2;EDUCADORES DE CALLE;CAJAMARCA;CAJAMARCA;CAJAMARCA;2022-11-26;1;1;1;NO APLICA;2
SEC01320;1;2021-09-18;3;2;PERÚ;2;EDUCADORES DE CALLE;LAMBAYEQUE;CHICLAYO;CHICLAYO;2022-11-27;2;3;1;NO APLICA;1
SEC01321;1;2017-10-11;7;3;PERÚ;2;EDUCADORES DE CALLE;LAMBAYEQUE;CHICLAYO;JOSE LEONARDO ORTIZ;2022-11-27;1;1;1;NO APLICA;1
SEC01322;2;2019-09-08;5;2;PERÚ;2;EDUCADORES DE CALLE;LAMBAYEQUE;CHICLAYO;JOSE LEONARDO ORTIZ;2022-11-27;1;1;1;NO APLICA;1
SEC01323;1;2022-02-01;3;2;PERÚ;2;EDUCADORES DE CALLE;LAMBAYEQUE;CHICLAYO;CHICLAYO;2022-11-27;2;2;1;NO APLICA;1
SEC01324;1;2007-09-01;17;4;PERÚ;2;EDUCADORES DE CALLE;LAMBAYEQUE;CHICLAYO;CHICLAYO;2022-11-28;1;2;1;NO APLICA;1
SEC01325;1;2009-08-02;15;4;PERÚ;2;EDUCADORES DE CALLE;CAJAMARCA;JAÉN;JAÉN;2022-11-28;1;1;1;NO APLICA;1
SEC01326;2;2009-09-14;15;4;PERÚ;2;EDUCADORES DE CALLE;LIMA;LIMA;SANTIAGO DE SURCO;2022-11-28;1;1;1;NO APLICA;2
SEC01327;2;2010-08-19;14;4;PERÚ;2;EDUCADORES DE CALLE;AYACUCHO;HUAMANGA;AYACUCHO;2022-11-28;1;1;1;NO APLICA;2
SEC01328;1;2011-10-09;13;4;PERÚ;2;EDUCADORES DE CALLE;LAMBAYEQUE;CHICLAYO;CHICLAYO;2022-11-28;1;2;1;NO APLICA;1
SEC01329;2;2013-11-04;11;3;PERÚ;2;EDUCADORES DE CALLE;LIMA;LIMA;SAN JUAN DE LURIGANCHO;2022-11-28;2;1;1;NO APLICA;1
SEC01330;2;2013-08-19;11;3;PERÚ;2;EDUCADORES DE CALLE;JUNÍN;HUANCAYO;HUANCAYO;2022-11-28;1;1;2;2025-05-26;1
SEC01331;1;2014-01-15;11;3;PERÚ;2;EDUCADORES DE CALLE;AYACUCHO;HUAMANGA;AYACUCHO;2022-11-28;1;1;1;NO APLICA;2
SEC01332;2;2013-07-23;11;3;PERÚ;2;EDUCADORES DE CALLE;CAJAMARCA;JAÉN;JAÉN;2022-11-28;1;2;1;NO APLICA;1
SEC01333;2;2014-08-23;10;3;PERÚ;2;EDUCADORES DE CALLE;LAMBAYEQUE;CHICLAYO;CHICLAYO;2022-11-28;1;2;1;NO APLICA;1
SEC01334;1;2014-03-26;11;3;PERÚ;2;EDUCADORES DE CALLE;MOQUEGUA;MARISCAL NIETO;MOQUEGUA;2022-11-28;1;1;1;NO APLICA;1
SEC01335;2;2013-10-01;11;3;PERÚ;2;EDUCADORES DE CALLE;JUNÍN;HUANCAYO;HUANCAYO;2022-11-28;1;1;2;2025-04-25;1
SEC01336;2;2018-02-25;7;3;PERÚ;2;EDUCADORES DE CALLE;LIMA;LIMA;SANTIAGO DE SURCO;2022-11-28;2;1;1;NO APLICA;2
SEC01337;2;2018-06-20;6;3;PERÚ;2;EDUCADORES DE CALLE;LIMA;LIMA;SAN JUAN DE LURIGANCHO;2022-11-28;2;1;1;NO APLICA;1
SEC01338;1;2019-02-25;6;3;PERÚ;2;EDUCADORES DE CALLE;LIMA;LIMA;SANTIAGO DE SURCO;2022-11-28;2;1;1;NO APLICA;2
SEC01339;1;2013-03-21;12;4;VENEZUELA;2;EDUCADORES DE CALLE;LIMA;LIMA;PUENTE PIEDRA;2022-11-29;1;5;1;NO APLICA;1
SEC01340;1;2015-09-17;9;3;VENEZUELA;2;EDUCADORES DE CALLE;LIMA;LIMA;PUENTE PIEDRA;2022-11-29;1;5;1;NO APLICA;1
SEC01341;1;2013-07-12;11;3;VENEZUELA;2;EDUCADORES DE CALLE;LIMA;LIMA;PUENTE PIEDRA;2022-11-29;1;5;1;NO APLICA;1
SEC01342;1;2009-06-06;15;4;PERÚ;2;EDUCADORES DE CALLE;AYACUCHO;HUAMANGA;AYACUCHO;2022-11-29;1;1;1;NO APLICA;2
SEC01343;2;2007-04-17;18;5;PERÚ;2;EDUCADORES DE CALLE;PASCO;PASCO;CHAUPIMARCA;2022-11-29;1;1;1;NO APLICA;2
SEC01344;2;2011-01-14;14;4;PERÚ;2;EDUCADORES DE CALLE;HUANCAVELICA;HUANCAVELICA;HUANCAVELICA;2022-11-29;1;5;1;NO APLICA;2
SEC01345;2;2007-01-03;18;5;PERÚ;2;EDUCADORES DE CALLE;PASCO;PASCO;CHAUPIMARCA;2022-11-29;1;1;1;NO APLICA;2
SEC01346;2;2010-03-02;15;4;PERÚ;2;EDUCADORES DE CALLE;PASCO;PASCO;CHAUPIMARCA;2022-11-29;1;1;1;NO APLICA;2
SEC01347;2;2010-09-20;14;4;PERÚ;2;EDUCADORES DE CALLE;AYACUCHO;HUAMANGA;AYACUCHO;2022-11-29;1;1;1;NO APLICA;2
SEC01348;2;2011-10-23;13;4;PERÚ;2;EDUCADORES DE CALLE;HUANCAVELICA;HUANCAVELICA;HUANCAVELICA;2022-11-29;1;5;2;2025-04-25;2
SEC01349;1;2011-11-16;13;4;PERÚ;2;EDUCADORES DE CALLE;PIURA;SULLANA;SULLANA;2022-11-29;1;1;1;NO APLICA;2
SEC01350;1;2012-10-03;12;4;PERÚ;2;EDUCADORES DE CALLE;PIURA;SULLANA;SULLANA;2022-11-29;1;1;1;NO APLICA;2
SEC01351;1;2012-04-17;13;4;PERÚ;2;EDUCADORES DE CALLE;MOQUEGUA;MARISCAL NIETO;MOQUEGUA;2022-11-29;1;1;1;NO APLICA;1
SEC01352;1;2012-12-19;12;4;PERÚ;2;EDUCADORES DE CALLE;PIURA;SULLANA;SULLANA;2022-11-29;1;1;1;NO APLICA;2
SEC01353;1;2013-07-24;11;3;PERÚ;2;EDUCADORES DE CALLE;PASCO;PASCO;CHAUPIMARCA;2022-11-29;1;1;1;NO APLICA;2
SEC01354;2;2013-09-15;11;3;PERÚ;2;EDUCADORES DE CALLE;PASCO;PASCO;CHAUPIMARCA;2022-11-29;1;1;1;NO APLICA;2
SEC01355;2;2013-09-03;11;3;PERÚ;2;EDUCADORES DE CALLE;LIMA;LIMA;PUENTE PIEDRA;2022-11-29;1;1;2;2025-04-23;1
SEC01356;2;2014-05-30;10;3;PERÚ;2;EDUCADORES DE CALLE;CUSCO;CUSCO;SAN JERONIMO;2022-11-29;1;1;2;2025-04-25;1
SEC01357;2;2016-01-22;9;3;PERÚ;2;EDUCADORES DE CALLE;CUSCO;CUSCO;SAN JERONIMO;2022-11-29;1;1;2;2025-05-27;2
SEC01358;1;2014-12-27;10;3;PERÚ;2;EDUCADORES DE CALLE;PIURA;SULLANA;SULLANA;2022-11-29;1;1;1;NO APLICA;2
SEC01359;1;2015-06-13;9;3;PERÚ;2;EDUCADORES DE CALLE;PIURA;PIURA;PIURA;2022-11-29;1;1;1;NO APLICA;1
SEC01360;1;2015-08-18;9;3;PERÚ;2;EDUCADORES DE CALLE;MOQUEGUA;MARISCAL NIETO;MOQUEGUA;2022-11-29;1;1;1;NO APLICA;2
SEC01361;2;2015-10-30;9;3;PERÚ;2;EDUCADORES DE CALLE;LIMA;LIMA;SAN JUAN DE LURIGANCHO;2022-11-29;2;1;1;NO APLICA;1
SEC01362;2;2016-01-22;9;3;PERÚ;2;EDUCADORES DE CALLE;CUSCO;CUSCO;SAN JERONIMO;2022-11-29;1;1;2;2025-05-27;2
SEC01363;1;2012-05-23;12;4;PERÚ;2;EDUCADORES DE CALLE;PIURA;PIURA;PIURA;2022-11-29;1;1;1;NO APLICA;1
SEC01364;2;2017-08-30;7;3;PERÚ;2;EDUCADORES DE CALLE;PIURA;SULLANA;SULLANA;2022-11-29;1;1;1;NO APLICA;2
SEC01365;1;2018-01-13;7;3;PERÚ;2;EDUCADORES DE CALLE;LIMA;LIMA;SAN JUAN DE LURIGANCHO;2022-11-29;2;1;1;NO APLICA;1
SEC01366;1;2007-06-22;17;4;PERÚ;2;EDUCADORES DE CALLE;AYACUCHO;HUAMANGA;AYACUCHO;2022-11-30;1;1;1;NO APLICA;2
SEC01367;1;2009-05-27;15;4;PERÚ;2;EDUCADORES DE CALLE;ICA;ICA;ICA;2022-11-30;1;1;2;2025-01-27;2
SEC01368;1;2014-03-07;11;3;PERÚ;2;EDUCADORES DE CALLE;JUNÍN;HUANCAYO;HUANCAYO;2022-11-30;1;1;1;NO APLICA;2
SEC01369;2;2011-01-24;14;4;PERÚ;2;EDUCADORES DE CALLE;APURÍMAC;ABANCAY;ABANCAY;2022-11-30;1;1;1;NO APLICA;2
SEC01370;1;2011-02-09;14;4;PERÚ;2;EDUCADORES DE CALLE;JUNÍN;HUANCAYO;HUANCAYO;2022-11-30;1;1;1;NO APLICA;1
SEC01371;2;2011-04-20;14;4;PERÚ;2;EDUCADORES DE CALLE;JUNÍN;HUANCAYO;HUANCAYO;2022-11-30;1;1;1;NO APLICA;1
SEC01372;1;2011-05-29;13;4;PERÚ;2;EDUCADORES DE CALLE;APURÍMAC;ABANCAY;ABANCAY;2022-11-30;1;1;1;NO APLICA;2
SEC01373;1;2013-10-18;11;3;PERÚ;2;EDUCADORES DE CALLE;JUNÍN;HUANCAYO;HUANCAYO;2022-11-30;1;1;1;NO APLICA;1
SEC01374;1;2014-02-17;11;3;PERÚ;2;EDUCADORES DE CALLE;JUNÍN;HUANCAYO;HUANCAYO;2022-11-30;1;1;1;NO APLICA;1
SEC01375;1;2014-08-09;10;3;PERÚ;2;EDUCADORES DE CALLE;APURÍMAC;ABANCAY;ABANCAY;2022-11-30;1;1;1;NO APLICA;2
SEC01376;1;2015-07-31;9;3;PERÚ;2;EDUCADORES DE CALLE;JUNÍN;HUANCAYO;HUANCAYO;2022-11-30;1;1;1;NO APLICA;1
SEC01377;1;2011-12-15;13;4;PERÚ;2;EDUCADORES DE CALLE;APURÍMAC;ABANCAY;ABANCAY;2022-12-01;1;1;1;NO APLICA;2
SEC01378;2;2012-07-17;12;4;PERÚ;2;EDUCADORES DE CALLE;AYACUCHO;HUAMANGA;AYACUCHO;2022-12-01;1;1;1;NO APLICA;2
SEC01379;1;2013-04-27;12;4;PERÚ;2;EDUCADORES DE CALLE;LIMA;HUARAL;CHANCAY;2022-12-01;1;2;2;2025-05-19;1
SEC01380;2;2013-05-28;11;3;PERÚ;2;EDUCADORES DE CALLE;PASCO;PASCO;YANACANCHA;2022-12-02;1;1;2;2025-01-24;1
SEC01381;1;2014-11-28;10;3;PERÚ;2;EDUCADORES DE CALLE;PASCO;PASCO;YANACANCHA;2022-12-02;1;1;2;2025-01-24;1
SEC01382;2;2011-09-18;13;4;PERÚ;2;EDUCADORES DE CALLE;PASCO;PASCO;YANACANCHA;2022-12-02;1;1;2;2025-01-24;1
SEC01383;1;2011-12-15;13;4;PERÚ;2;EDUCADORES DE CALLE;PASCO;PASCO;YANACANCHA;2022-12-02;1;1;2;2025-01-24;1
SEC01384;1;2015-05-10;9;3;PERÚ;2;EDUCADORES DE CALLE;APURÍMAC;ABANCAY;ABANCAY;2022-12-02;1;1;1;NO APLICA;2
SEC01385;2;2013-04-01;12;4;PERÚ;2;EDUCADORES DE CALLE;APURÍMAC;ABANCAY;ABANCAY;2022-12-02;1;1;1;NO APLICA;2
SEC01386;2;2011-03-08;14;4;PERÚ;2;EDUCADORES DE CALLE;APURÍMAC;ABANCAY;ABANCAY;2022-12-03;1;1;1;NO APLICA;2
SEC01387;2;2015-11-12;9;3;PERÚ;2;EDUCADORES DE CALLE;APURÍMAC;ABANCAY;ABANCAY;2022-12-03;1;1;1;NO APLICA;2
SEC01388;2;2015-11-26;9;3;PERÚ;2;EDUCADORES DE CALLE;APURÍMAC;ABANCAY;ABANCAY;2022-12-05;1;1;1;NO APLICA;2
SEC01389;2;2012-11-12;12;4;PERÚ;2;EDUCADORES DE CALLE;AYACUCHO;HUAMANGA;SAN JUAN BAUTISTA;2022-12-06;1;1;1;NO APLICA;1
SEC01390;1;2013-12-25;11;3;PERÚ;1;EDUCADORES DE CALLE;MOQUEGUA;MARISCAL NIETO;MOQUEGUA;2022-12-06;1;5;1;NO APLICA;1
SEC01391;1;2009-09-03;15;4;PERÚ;2;EDUCADORES DE CALLE;LAMBAYEQUE;CHICLAYO;CHICLAYO;2022-12-12;1;2;1;NO APLICA;1
SEC01392;1;2012-08-27;12;4;PERÚ;2;EDUCADORES DE CALLE;AYACUCHO;HUAMANGA;AYACUCHO;2022-12-12;1;1;1;NO APLICA;2
SEC01393;2;2008-08-30;16;4;PERÚ;2;EDUCADORES DE CALLE;AYACUCHO;HUAMANGA;AYACUCHO;2022-12-13;1;1;1;NO APLICA;1
SEC01394;1;2010-09-27;14;4;PERÚ;2;EDUCADORES DE CALLE;AYACUCHO;HUAMANGA;AYACUCHO;2022-12-13;1;1;1;NO APLICA;2
SEC01395;1;2008-05-12;16;4;PERÚ;2;EDUCADORES DE CALLE;PASCO;PASCO;YANACANCHA;2022-12-15;1;1;1;NO APLICA;2
SEC01396;2;2007-08-09;17;4;PERÚ;2;EDUCADORES DE CALLE;TACNA;TACNA;CORONEL GREGORIO ALBARRACIN LANCHIPA;2022-12-15;3;1;1;NO APLICA;1
SEC01397;2;2010-10-28;14;4;PERÚ;2;EDUCADORES DE CALLE;PASCO;PASCO;YANACANCHA;2022-12-15;1;1;1;NO APLICA;2
SEC01398;1;2012-09-11;12;4;PERÚ;2;EDUCADORES DE CALLE;PASCO;PASCO;YANACANCHA;2022-12-15;1;1;1;NO APLICA;2
SEC01399;2;2014-06-09;10;3;PERÚ;2;EDUCADORES DE CALLE;PASCO;PASCO;YANACANCHA;2022-12-15;1;1;1;NO APLICA;2
SEC01400;2;2013-04-16;12;4;PERÚ;2;EDUCADORES DE CALLE;PASCO;PASCO;YANACANCHA;2022-12-15;1;1;1;NO APLICA;2
SEC01401;1;2006-07-18;18;5;PERÚ;2;EDUCADORES DE CALLE;LAMBAYEQUE;CHICLAYO;CHICLAYO;2022-12-16;1;2;1;NO APLICA;1
SEC01402;2;2007-02-26;18;5;PERÚ;2;EDUCADORES DE CALLE;TACNA;TACNA;CORONEL GREGORIO ALBARRACIN LANCHIPA;2022-12-16;3;1;1;NO APLICA;1
SEC01403;1;2009-02-17;16;4;PERÚ;2;EDUCADORES DE CALLE;LAMBAYEQUE;CHICLAYO;CHICLAYO;2022-12-16;1;2;1;NO APLICA;1
SEC01404;1;2009-01-20;16;4;PERÚ;2;EDUCADORES DE CALLE;LIMA;HUARAL;HUARAL;2022-12-16;1;1;2;2025-05-27;2
SEC01405;2;2009-12-08;15;4;PERÚ;2;EDUCADORES DE CALLE;CUSCO;CUSCO;CUSCO;2022-12-16;1;1;2;2025-05-27;1
SEC01406;1;2009-12-18;15;4;PERÚ;2;EDUCADORES DE CALLE;LAMBAYEQUE;CHICLAYO;CHICLAYO;2022-12-16;1;2;1;NO APLICA;1
SEC01407;1;2012-01-17;13;4;PERÚ;2;EDUCADORES DE CALLE;LAMBAYEQUE;CHICLAYO;CHICLAYO;2022-12-16;1;2;1;NO APLICA;1
SEC01408;1;2014-10-17;10;3;PERÚ;2;EDUCADORES DE CALLE;LAMBAYEQUE;CHICLAYO;CHICLAYO;2022-12-16;1;2;1;NO APLICA;1
SEC01409;2;2016-01-13;9;3;PERÚ;2;EDUCADORES DE CALLE;AREQUIPA;AREQUIPA;JOSE LUIS BUSTAMANTE Y RIVERO;2022-12-16;1;1;2;2025-05-26;2
SEC01410;1;2012-12-31;12;4;PERÚ;2;EDUCADORES DE CALLE;PUNO;PUNO;PUNO;2022-12-18;1;1;1;NO APLICA;2
SEC01411;1;2015-11-05;9;3;PERÚ;2;EDUCADORES DE CALLE;AREQUIPA;AREQUIPA;JOSE LUIS BUSTAMANTE Y RIVERO;2022-12-19;1;1;1;NO APLICA;1
SEC01412;1;2008-07-03;16;4;PERÚ;2;EDUCADORES DE CALLE;AREQUIPA;AREQUIPA;JOSE LUIS BUSTAMANTE Y RIVERO;2022-12-20;1;1;2;2025-03-24;2
SEC01413;2;2012-01-22;13;4;PERÚ;2;EDUCADORES DE CALLE;AREQUIPA;AREQUIPA;JOSE LUIS BUSTAMANTE Y RIVERO;2022-12-20;1;1;2;2025-05-26;2
SEC01414;2;2010-05-15;14;4;PERÚ;2;EDUCADORES DE CALLE;AYACUCHO;HUAMANGA;AYACUCHO;2022-12-20;1;1;1;NO APLICA;2
SEC01415;1;2011-10-07;13;4;PERÚ;2;EDUCADORES DE CALLE;AYACUCHO;HUAMANGA;AYACUCHO;2022-12-20;1;1;1;NO APLICA;2
SEC01416;2;2013-02-28;12;4;PERÚ;2;EDUCADORES DE CALLE;AREQUIPA;AREQUIPA;JOSE LUIS BUSTAMANTE Y RIVERO;2022-12-20;1;1;2;2025-03-24;2
SEC01417;2;2014-11-03;10;3;PERÚ;2;EDUCADORES DE CALLE;AREQUIPA;AREQUIPA;JOSE LUIS BUSTAMANTE Y RIVERO;2022-12-20;1;1;2;2025-03-24;1
SEC01418;2;2010-08-08;14;4;PERÚ;2;EDUCADORES DE CALLE;AYACUCHO;HUAMANGA;AYACUCHO;2022-12-21;1;1;1;NO APLICA;2
SEC01419;2;2012-06-20;12;4;PERÚ;2;EDUCADORES DE CALLE;AYACUCHO;HUAMANGA;AYACUCHO;2022-12-21;1;1;1;NO APLICA;2
SEC01420;1;2008-06-08;16;4;PERÚ;2;EDUCADORES DE CALLE;ICA;ICA;ICA;2022-12-22;1;1;2;2025-01-27;2
SEC01421;1;2010-10-11;14;4;PERÚ;2;EDUCADORES DE CALLE;ICA;ICA;ICA;2022-12-22;1;1;2;2025-03-25;2
SEC01422;1;2009-08-15;15;4;PERÚ;2;EDUCADORES DE CALLE;ICA;ICA;ICA;2022-12-22;1;1;2;2025-03-25;2
SEC01423;2;2013-02-18;12;4;PERÚ;2;EDUCADORES DE CALLE;AYACUCHO;HUAMANGA;AYACUCHO;2022-12-22;1;1;1;NO APLICA;2
SEC01424;2;2012-12-14;12;4;PERÚ;2;EDUCADORES DE CALLE;ICA;ICA;ICA;2022-12-22;1;1;2;2025-03-25;2
SEC01425;1;2013-11-09;11;3;PERÚ;2;EDUCADORES DE CALLE;CUSCO;CUSCO;CUSCO;2022-12-22;3;1;2;2025-01-21;1
SEC01426;1;2010-02-09;15;4;PERÚ;2;EDUCADORES DE CALLE;CUSCO;CUSCO;CUSCO;2022-12-22;3;1;2;2025-01-21;1
SEC01427;2;2010-09-22;14;4;PERÚ;2;EDUCADORES DE CALLE;LA LIBERTAD;TRUJILLO;TRUJILLO;2022-12-23;1;1;1;NO APLICA;2
SEC01428;1;2013-04-30;12;4;PERÚ;2;EDUCADORES DE CALLE;LA LIBERTAD;TRUJILLO;TRUJILLO;2022-12-23;1;1;1;NO APLICA;2
SEC01429;1;2013-02-23;12;4;PERÚ;2;EDUCADORES DE CALLE;CAJAMARCA;CAJAMARCA;CAJAMARCA;2022-12-26;1;1;1;NO APLICA;2
SEC01430;2;2009-12-28;15;4;PERÚ;2;EDUCADORES DE CALLE;ICA;ICA;ICA;2022-12-27;1;1;2;2025-01-27;2
SEC01431;2;2011-05-28;13;4;PERÚ;2;EDUCADORES DE CALLE;ICA;ICA;ICA;2022-12-27;1;1;2;2025-01-27;2
SEC01432;1;2011-01-02;14;4;PERÚ;2;EDUCADORES DE CALLE;ICA;ICA;ICA;2022-12-27;1;1;2;2025-01-27;2
SEC01433;2;2011-11-21;13;4;PERÚ;2;EDUCADORES DE CALLE;TACNA;TACNA;CORONEL GREGORIO ALBARRACIN LANCHIPA;2022-12-27;1;1;2;2025-01-24;2
SEC01434;2;2013-01-16;12;4;PERÚ;2;EDUCADORES DE CALLE;ICA;ICA;ICA;2022-12-27;1;1;2;2025-01-27;2
SEC01435;2;2016-01-05;9;3;PERÚ;2;EDUCADORES DE CALLE;TACNA;TACNA;CORONEL GREGORIO ALBARRACIN LANCHIPA;2022-12-27;1;1;2;2025-04-23;2
SEC01436;2;2016-07-06;8;3;PERÚ;2;EDUCADORES DE CALLE;MOQUEGUA;MARISCAL NIETO;MOQUEGUA;2022-12-27;1;1;1;NO APLICA;1
SEC01437;1;2013-04-28;12;4;PERÚ;2;EDUCADORES DE CALLE;ICA;ICA;ICA;2022-12-27;1;1;2;2025-01-27;2
SEC01438;1;2013-12-29;11;3;PERÚ;2;EDUCADORES DE CALLE;ICA;ICA;ICA;2022-12-27;1;1;2;2025-04-25;2
SEC01439;2;2011-12-31;13;4;PERÚ;2;EDUCADORES DE CALLE;ICA;ICA;ICA;2022-12-27;1;1;2;2025-01-27;2
SEC01440;2;2009-04-04;16;4;PERÚ;2;EDUCADORES DE CALLE;TACNA;TACNA;CIUDAD NUEVA;2022-12-28;1;1;1;NO APLICA;2
SEC01441;1;2015-03-12;10;3;PERÚ;2;EDUCADORES DE CALLE;LIMA;LIMA;LA VICTORIA;2022-12-28;1;1;1;NO APLICA;2
SEC01442;1;2009-08-15;15;4;PERÚ;2;EDUCADORES DE CALLE;LIMA;LIMA;COMAS;2022-12-28;3;1;1;NO APLICA;2
SEC01443;1;2013-02-11;12;4;PERÚ;2;EDUCADORES DE CALLE;LIMA;LIMA;PUENTE PIEDRA;2022-12-28;1;5;1;NO APLICA;2
SEC01444;1;2013-08-06;11;3;PERÚ;2;EDUCADORES DE CALLE;LIMA;LIMA;LA VICTORIA;2022-12-28;1;1;1;NO APLICA;2
SEC01445;1;2016-08-25;8;3;PERÚ;2;EDUCADORES DE CALLE;LIMA;LIMA;LA VICTORIA;2022-12-28;1;1;1;NO APLICA;2
SEC01446;2;2014-05-02;10;3;PERÚ;2;EDUCADORES DE CALLE;AYACUCHO;HUAMANGA;AYACUCHO;2022-12-28;1;1;1;NO APLICA;2
SEC01447;1;2008-06-19;16;4;PERÚ;2;EDUCADORES DE CALLE;PASCO;PASCO;CHAUPIMARCA;2022-12-30;1;1;1;NO APLICA;2
SEC01448;2;2009-08-05;15;4;PERÚ;2;EDUCADORES DE CALLE;PASCO;PASCO;CHAUPIMARCA;2022-12-30;1;1;1;NO APLICA;2
SEC01449;2;2015-08-15;9;3;PERÚ;2;EDUCADORES DE CALLE;PASCO;PASCO;CHAUPIMARCA;2022-12-30;1;1;1;NO APLICA;2
SEC01450;1;2018-11-17;6;3;PERÚ;2;EDUCADORES DE CALLE;PASCO;PASCO;CHAUPIMARCA;2022-12-30;2;1;1;NO APLICA;2
SEC01451;1;2011-07-01;13;4;PERÚ;2;EDUCADORES DE CALLE;LA LIBERTAD;TRUJILLO;TRUJILLO;2023-01-03;1;1;1;NO APLICA;2
SEC01452;1;2008-12-28;16;4;PERÚ;2;EDUCADORES DE CALLE;AYACUCHO;HUAMANGA;AYACUCHO;2023-01-04;1;1;1;NO APLICA;2
SEC01453;1;2012-02-15;13;4;PERÚ;2;EDUCADORES DE CALLE;AYACUCHO;HUAMANGA;AYACUCHO;2023-01-04;1;1;1;NO APLICA;2
SEC01454;2;2018-12-31;6;3;PERÚ;2;EDUCADORES DE CALLE;LIMA;LIMA;COMAS;2023-01-04;1;1;1;NO APLICA;2
SEC01455;2;2007-02-22;18;5;PERÚ;2;EDUCADORES DE CALLE;CUSCO;CUSCO;CUSCO;2023-01-05;3;1;2;2025-02-25;1
SEC01456;2;2009-05-28;15;4;PERÚ;2;EDUCADORES DE CALLE;LA LIBERTAD;TRUJILLO;TRUJILLO;2023-01-06;1;1;1;NO APLICA;2
SEC01457;2;2011-11-09;13;4;PERÚ;2;EDUCADORES DE CALLE;AREQUIPA;AREQUIPA;JOSE LUIS BUSTAMANTE Y RIVERO;2023-01-06;1;1;1;NO APLICA;2
SEC01458;1;2012-07-27;12;4;PERÚ;2;EDUCADORES DE CALLE;LA LIBERTAD;TRUJILLO;TRUJILLO;2023-01-08;1;1;1;NO APLICA;2
SEC01459;1;2016-11-25;8;3;PERÚ;2;EDUCADORES DE CALLE;AREQUIPA;AREQUIPA;MIRAFLORES;2023-01-09;1;1;2;2025-04-23;2
SEC01460;1;2013-11-10;11;3;PERÚ;2;EDUCADORES DE CALLE;AREQUIPA;AREQUIPA;MIRAFLORES;2023-01-09;1;1;1;NO APLICA;2
SEC01461;1;2010-03-25;15;4;PERÚ;2;EDUCADORES DE CALLE;PIURA;SULLANA;SULLANA;2023-01-10;1;1;2;2025-05-12;2
SEC01462;2;2012-01-07;13;4;PERÚ;2;EDUCADORES DE CALLE;APURÍMAC;ABANCAY;ABANCAY;2023-01-10;1;1;1;NO APLICA;2
SEC01463;1;2012-04-22;13;4;PERÚ;2;EDUCADORES DE CALLE;LA LIBERTAD;TRUJILLO;TRUJILLO;2023-01-10;1;1;1;NO APLICA;2
SEC01464;2;2008-08-09;16;4;PERÚ;2;EDUCADORES DE CALLE;LA LIBERTAD;TRUJILLO;TRUJILLO;2023-01-11;1;1;1;NO APLICA;2
SEC01465;1;2013-09-15;11;3;PERÚ;2;EDUCADORES DE CALLE;LA LIBERTAD;TRUJILLO;TRUJILLO;2023-01-12;1;1;1;NO APLICA;2
SEC01466;1;2010-10-08;14;4;PERÚ;2;EDUCADORES DE CALLE;MOQUEGUA;MARISCAL NIETO;MOQUEGUA;2023-01-13;1;2;1;NO APLICA;2
SEC01467;1;2010-11-16;14;4;PERÚ;2;EDUCADORES DE CALLE;LIMA;LIMA;VILLA EL SALVADOR;2023-01-14;3;1;1;NO APLICA;2
SEC01468;1;2008-04-22;17;4;PERÚ;2;EDUCADORES DE CALLE;LA LIBERTAD;TRUJILLO;TRUJILLO;2023-01-15;1;1;1;NO APLICA;1
SEC01469;1;2011-07-07;13;4;PERÚ;2;EDUCADORES DE CALLE;LA LIBERTAD;TRUJILLO;TRUJILLO;2023-01-15;1;1;1;NO APLICA;2
SEC01470;2;2015-03-20;10;3;PERÚ;2;EDUCADORES DE CALLE;AREQUIPA;AREQUIPA;MIRAFLORES;2023-01-16;1;1;1;NO APLICA;1
SEC01471;2;2010-12-18;14;4;PERÚ;2;EDUCADORES DE CALLE;AREQUIPA;AREQUIPA;JOSE LUIS BUSTAMANTE Y RIVERO;2023-01-17;1;1;1;NO APLICA;1
SEC01472;1;2010-12-18;14;4;PERÚ;2;EDUCADORES DE CALLE;AREQUIPA;AREQUIPA;JOSE LUIS BUSTAMANTE Y RIVERO;2023-01-17;1;1;1;NO APLICA;1
SEC01473;1;2011-05-17;13;4;PERÚ;2;EDUCADORES DE CALLE;TACNA;TACNA;ALTO DE LA ALIANZA;2023-01-17;1;1;1;NO APLICA;2
SEC01474;1;2012-08-18;12;4;PERÚ;2;EDUCADORES DE CALLE;AREQUIPA;AREQUIPA;JOSE LUIS BUSTAMANTE Y RIVERO;2023-01-17;1;2;1;NO APLICA;2
SEC01475;2;2018-01-03;7;3;PERÚ;2;EDUCADORES DE CALLE;AREQUIPA;AREQUIPA;JOSE LUIS BUSTAMANTE Y RIVERO;2023-01-17;1;1;1;NO APLICA;2
SEC01476;2;2009-05-30;15;4;PERÚ;2;EDUCADORES DE CALLE;ANCASH;SANTA;NUEVO CHIMBOTE;2023-01-18;1;1;1;NO APLICA;2
SEC01477;2;2009-10-22;15;4;PERÚ;2;EDUCADORES DE CALLE;ANCASH;SANTA;NUEVO CHIMBOTE;2023-01-18;1;1;1;NO APLICA;2
SEC01478;2;2010-06-13;14;4;PERÚ;2;EDUCADORES DE CALLE;ANCASH;SANTA;NUEVO CHIMBOTE;2023-01-18;1;1;1;NO APLICA;2
SEC01479;2;2012-04-04;13;4;PERÚ;2;EDUCADORES DE CALLE;ANCASH;SANTA;NUEVO CHIMBOTE;2023-01-18;1;1;1;NO APLICA;2
SEC01480;2;2016-11-16;8;3;PERÚ;2;EDUCADORES DE CALLE;APURÍMAC;ABANCAY;ABANCAY;2023-01-18;1;1;1;NO APLICA;2
SEC01481;1;2008-07-10;16;4;PERÚ;2;EDUCADORES DE CALLE;LAMBAYEQUE;CHICLAYO;CHICLAYO;2023-01-18;1;1;2;2025-04-24;1
SEC01482;1;2012-06-08;12;4;PERÚ;2;EDUCADORES DE CALLE;LAMBAYEQUE;CHICLAYO;CHICLAYO;2023-01-18;1;1;2;2025-04-24;1
SEC01483;1;2014-05-28;10;3;PERÚ;2;EDUCADORES DE CALLE;ANCASH;SANTA;NUEVO CHIMBOTE;2023-01-18;1;1;1;NO APLICA;2
SEC01484;1;2015-05-04;9;3;PERÚ;2;EDUCADORES DE CALLE;LAMBAYEQUE;CHICLAYO;CHICLAYO;2023-01-18;1;1;2;2025-04-24;1
SEC01485;1;2013-01-30;12;4;PERÚ;2;EDUCADORES DE CALLE;LA LIBERTAD;TRUJILLO;TRUJILLO;2023-01-18;1;1;1;NO APLICA;1
SEC01486;1;2017-12-29;7;3;PERÚ;2;EDUCADORES DE CALLE;LAMBAYEQUE;CHICLAYO;CHICLAYO;2023-01-18;1;1;2;2025-04-24;1
SEC01487;2;2008-07-08;16;4;PERÚ;2;EDUCADORES DE CALLE;PIURA;PIURA;PIURA;2023-01-20;1;1;1;NO APLICA;1
SEC01488;1;2010-09-28;14;4;PERÚ;2;EDUCADORES DE CALLE;LA LIBERTAD;TRUJILLO;TRUJILLO;2023-01-20;1;1;1;NO APLICA;2
SEC01489;2;2010-05-28;14;4;PERÚ;2;EDUCADORES DE CALLE;LA LIBERTAD;TRUJILLO;TRUJILLO;2023-01-20;1;1;1;NO APLICA;2
SEC01490;1;2011-03-29;14;4;PERÚ;2;EDUCADORES DE CALLE;PIURA;PIURA;PIURA;2023-01-20;1;1;1;NO APLICA;1
SEC01491;2;2012-07-03;12;4;PERÚ;2;EDUCADORES DE CALLE;APURÍMAC;ABANCAY;ABANCAY;2023-01-20;1;1;1;NO APLICA;2
SEC01492;2;2013-02-12;12;4;PERÚ;2;EDUCADORES DE CALLE;PIURA;PIURA;PIURA;2023-01-20;1;1;1;NO APLICA;1
SEC01493;1;2015-02-09;10;3;PERÚ;2;EDUCADORES DE CALLE;APURÍMAC;ABANCAY;ABANCAY;2023-01-20;1;2;1;NO APLICA;2
SEC01494;2;2012-05-21;12;4;VENEZUELA;2;EDUCADORES DE CALLE;TACNA;TACNA;TACNA;2023-01-21;1;1;2;2025-02-21;1
SEC01495;2;2009-11-22;15;4;PERÚ;2;EDUCADORES DE CALLE;LORETO;MAYNAS;SAN JUAN BAUTISTA;2023-01-21;1;1;1;NO APLICA;2
SEC01496;1;2016-01-25;9;3;PERÚ;2;EDUCADORES DE CALLE;LORETO;MAYNAS;SAN JUAN BAUTISTA;2023-01-21;1;1;1;NO APLICA;2
SEC01497;2;2009-05-19;15;4;PERÚ;2;EDUCADORES DE CALLE;APURÍMAC;ABANCAY;ABANCAY;2023-01-23;1;1;1;NO APLICA;2
SEC01498;2;2012-05-28;12;4;PERÚ;2;EDUCADORES DE CALLE;LORETO;MAYNAS;SAN JUAN BAUTISTA;2023-01-23;1;1;1;NO APLICA;2
SEC01499;2;2015-03-24;10;3;PERÚ;2;EDUCADORES DE CALLE;LORETO;MAYNAS;SAN JUAN BAUTISTA;2023-01-23;1;1;1;NO APLICA;2
SEC01500;2;2014-12-03;10;3;PERÚ;2;EDUCADORES DE CALLE;APURÍMAC;ABANCAY;ABANCAY;2023-01-23;1;1;1;NO APLICA;2
SEC01501;2;2015-10-08;9;3;VENEZUELA;2;EDUCADORES DE CALLE;LIMA;LIMA;COMAS;2023-01-24;1;5;2;2025-02-24;1
SEC01502;1;2019-05-05;5;2;VENEZUELA;2;EDUCADORES DE CALLE;LIMA;LIMA;COMAS;2023-01-24;1;5;2;2025-02-24;1
SEC01503;1;2008-06-30;16;4;PERÚ;2;EDUCADORES DE CALLE;ANCASH;SANTA;NUEVO CHIMBOTE;2023-01-24;1;1;1;NO APLICA;2
SEC01504;2;2010-09-01;14;4;PERÚ;2;EDUCADORES DE CALLE;ANCASH;SANTA;NUEVO CHIMBOTE;2023-01-24;1;1;1;NO APLICA;2
SEC01505;2;2010-07-19;14;4;PERÚ;2;EDUCADORES DE CALLE;MOQUEGUA;ILO;ILO;2023-01-24;1;2;1;NO APLICA;1
SEC01506;1;2012-04-29;13;4;PERÚ;2;EDUCADORES DE CALLE;ANCASH;SANTA;NUEVO CHIMBOTE;2023-01-24;1;1;1;NO APLICA;2
SEC01507;1;2008-11-10;16;4;PERÚ;2;EDUCADORES DE CALLE;MOQUEGUA;MARISCAL NIETO;MOQUEGUA;2023-01-24;1;1;1;NO APLICA;1
SEC01508;1;2013-07-04;11;3;PERÚ;2;EDUCADORES DE CALLE;ANCASH;SANTA;NUEVO CHIMBOTE;2023-01-24;1;1;1;NO APLICA;2
SEC01509;2;2015-07-25;9;3;PERÚ;2;EDUCADORES DE CALLE;ANCASH;SANTA;NUEVO CHIMBOTE;2023-01-24;1;1;1;NO APLICA;2
SEC01510;1;2015-10-18;9;3;PERÚ;2;EDUCADORES DE CALLE;ANCASH;SANTA;NUEVO CHIMBOTE;2023-01-24;1;1;1;NO APLICA;2
SEC01511;2;2013-10-07;11;3;PERÚ;2;EDUCADORES DE CALLE;TACNA;TACNA;CIUDAD NUEVA;2023-01-24;1;1;2;2025-04-23;2
SEC01512;2;2011-03-01;14;4;PERÚ;2;EDUCADORES DE CALLE;ANCASH;SANTA;NUEVO CHIMBOTE;2023-01-24;1;1;1;NO APLICA;2
SEC01513;2;2015-07-04;9;3;PERÚ;2;EDUCADORES DE CALLE;MOQUEGUA;MARISCAL NIETO;MOQUEGUA;2023-01-24;1;1;1;NO APLICA;1
SEC01514;2;2015-07-04;9;3;PERÚ;2;EDUCADORES DE CALLE;MOQUEGUA;MARISCAL NIETO;MOQUEGUA;2023-01-24;1;1;1;NO APLICA;1
SEC01515;1;2017-10-09;7;3;PERÚ;2;EDUCADORES DE CALLE;ANCASH;SANTA;NUEVO CHIMBOTE;2023-01-24;1;1;1;NO APLICA;2
SEC01516;2;2007-07-14;17;4;VENEZUELA;2;EDUCADORES DE CALLE;TACNA;TACNA;TACNA;2023-01-25;1;5;2;2025-02-21;1
SEC01517;1;2007-07-14;17;4;VENEZUELA;2;EDUCADORES DE CALLE;TACNA;TACNA;TACNA;2023-01-25;1;5;2;2025-02-21;2
SEC01518;1;2007-07-14;17;4;VENEZUELA;2;EDUCADORES DE CALLE;TACNA;TACNA;TACNA;2023-01-25;1;1;2;2025-02-21;2
SEC01519;1;2007-02-26;18;5;PERÚ;2;EDUCADORES DE CALLE;ICA;ICA;ICA;2023-01-25;1;1;2;2025-03-25;2
SEC01520;2;2010-05-17;14;4;PERÚ;2;EDUCADORES DE CALLE;LORETO;MAYNAS;SAN JUAN BAUTISTA;2023-01-25;1;1;2;2025-05-19;2
SEC01521;2;2012-03-05;13;4;PERÚ;2;EDUCADORES DE CALLE;LORETO;MAYNAS;SAN JUAN BAUTISTA;2023-01-25;1;1;1;NO APLICA;2
SEC01522;1;2011-06-22;13;4;PERÚ;2;EDUCADORES DE CALLE;TACNA;TACNA;CORONEL GREGORIO ALBARRACIN LANCHIPA;2023-01-25;1;1;2;2025-02-24;2
SEC01523;1;2011-06-22;13;4;PERÚ;2;EDUCADORES DE CALLE;TACNA;TACNA;CORONEL GREGORIO ALBARRACIN LANCHIPA;2023-01-25;1;1;1;NO APLICA;2
SEC01524;1;2013-06-03;11;3;PERÚ;2;EDUCADORES DE CALLE;LORETO;MAYNAS;SAN JUAN BAUTISTA;2023-01-25;1;1;2;2025-05-19;2
SEC01525;1;2016-07-07;8;3;PERÚ;2;EDUCADORES DE CALLE;PUNO;PUNO;PUNO;2023-01-25;1;1;1;NO APLICA;2
SEC01526;2;2016-06-20;8;3;PERÚ;2;EDUCADORES DE CALLE;TACNA;TACNA;CORONEL GREGORIO ALBARRACIN LANCHIPA;2023-01-25;1;1;2;2025-04-23;2
SEC01527;2;2016-06-20;8;3;PERÚ;2;EDUCADORES DE CALLE;TACNA;TACNA;CORONEL GREGORIO ALBARRACIN LANCHIPA;2023-01-25;1;1;1;NO APLICA;2
SEC01528;1;2012-06-26;12;4;PERÚ;2;EDUCADORES DE CALLE;ANCASH;SANTA;NUEVO CHIMBOTE;2023-01-25;1;1;1;NO APLICA;2
SEC01529;2;2016-04-19;9;3;PERÚ;2;EDUCADORES DE CALLE;ANCASH;SANTA;NUEVO CHIMBOTE;2023-01-25;1;1;1;NO APLICA;2
SEC01530;2;2017-04-02;8;3;PERÚ;2;EDUCADORES DE CALLE;PUNO;PUNO;PUNO;2023-01-25;1;1;1;NO APLICA;2
SEC01531;1;2007-07-09;17;4;PERÚ;2;EDUCADORES DE CALLE;PASCO;PASCO;YANACANCHA;2023-01-26;1;1;2;2025-01-24;1
SEC01532;1;2007-09-09;17;4;PERÚ;2;EDUCADORES DE CALLE;AREQUIPA;AREQUIPA;JOSE LUIS BUSTAMANTE Y RIVERO;2023-01-26;1;2;1;NO APLICA;2
SEC01533;2;2009-10-08;15;4;PERÚ;2;EDUCADORES DE CALLE;PASCO;PASCO;YANACANCHA;2023-01-26;1;1;2;2025-01-24;1
SEC01534;2;2011-04-05;14;4;PERÚ;2;EDUCADORES DE CALLE;TACNA;TACNA;CIUDAD NUEVA;2023-01-26;1;1;1;NO APLICA;2
SEC01535;1;2011-10-21;13;4;PERÚ;1;EDUCADORES DE CALLE;LIMA;HUARAL;HUARAL;2023-01-26;1;1;1;NO APLICA;2
SEC01536;2;2012-06-05;12;4;PERÚ;2;EDUCADORES DE CALLE;TACNA;TACNA;CIUDAD NUEVA;2023-01-26;1;1;2;2025-02-24;2
SEC01537;1;2013-11-09;11;3;PERÚ;2;EDUCADORES DE CALLE;ANCASH;SANTA;CHIMBOTE;2023-01-26;1;1;1;NO APLICA;2
SEC01538;2;2015-07-31;9;3;PERÚ;2;EDUCADORES DE CALLE;ANCASH;SANTA;CHIMBOTE;2023-01-26;1;2;1;NO APLICA;2
SEC01539;1;2013-06-09;11;3;PERÚ;2;EDUCADORES DE CALLE;ANCASH;SANTA;CHIMBOTE;2023-01-26;1;2;1;NO APLICA;2
SEC01540;1;2016-12-09;8;3;PERÚ;2;EDUCADORES DE CALLE;ANCASH;SANTA;CHIMBOTE;2023-01-26;1;1;1;NO APLICA;2
SEC01541;1;2017-01-10;8;3;PERÚ;2;EDUCADORES DE CALLE;AREQUIPA;AREQUIPA;JOSE LUIS BUSTAMANTE Y RIVERO;2023-01-26;1;1;1;NO APLICA;2
SEC01542;1;2017-06-21;7;3;PERÚ;2;EDUCADORES DE CALLE;ANCASH;SANTA;CHIMBOTE;2023-01-26;1;1;1;NO APLICA;2
SEC01543;1;2017-07-26;7;3;PERÚ;2;EDUCADORES DE CALLE;ANCASH;SANTA;CHIMBOTE;2023-01-26;1;2;1;NO APLICA;2
SEC01544;1;2006-02-04;19;5;PERÚ;2;EDUCADORES DE CALLE;HUÁNUCO;HUÁNUCO;HUÁNUCO;2023-01-27;1;1;1;NO APLICA;2
SEC01545;2;2007-03-20;18;5;PERÚ;2;EDUCADORES DE CALLE;HUANCAVELICA;HUANCAVELICA;HUANCAVELICA;2023-01-27;1;1;1;NO APLICA;2
SEC01546;2;2007-03-20;18;5;PERÚ;2;EDUCADORES DE CALLE;HUANCAVELICA;HUANCAVELICA;HUANCAVELICA;2023-01-27;1;1;1;NO APLICA;2
SEC01547;2;2009-06-02;15;4;PERÚ;2;EDUCADORES DE CALLE;HUANCAVELICA;HUANCAVELICA;HUANCAVELICA;2023-01-27;1;5;1;NO APLICA;2
SEC01548;2;2009-10-20;15;4;PERÚ;2;EDUCADORES DE CALLE;JUNÍN;CHUPACA;CHUPACA;2023-01-27;1;1;1;NO APLICA;2
SEC01549;1;2008-11-19;16;4;PERÚ;2;EDUCADORES DE CALLE;HUÁNUCO;HUÁNUCO;HUÁNUCO;2023-01-27;1;1;1;NO APLICA;2
SEC01550;2;2010-01-10;15;4;PERÚ;2;EDUCADORES DE CALLE;AREQUIPA;AREQUIPA;JOSE LUIS BUSTAMANTE Y RIVERO;2023-01-27;1;1;1;NO APLICA;1
SEC01551;1;2010-12-23;14;4;PERÚ;2;EDUCADORES DE CALLE;HUÁNUCO;HUÁNUCO;HUÁNUCO;2023-01-27;1;1;1;NO APLICA;2
SEC01552;2;2011-01-16;14;4;PERÚ;2;EDUCADORES DE CALLE;AREQUIPA;AREQUIPA;AREQUIPA;2023-01-27;1;1;1;NO APLICA;1
SEC01553;1;2011-09-03;13;4;PERÚ;2;EDUCADORES DE CALLE;AREQUIPA;AREQUIPA;JOSE LUIS BUSTAMANTE Y RIVERO;2023-01-27;1;1;1;NO APLICA;2
SEC01554;1;2009-08-29;15;4;PERÚ;2;EDUCADORES DE CALLE;HUÁNUCO;HUÁNUCO;HUÁNUCO;2023-01-27;1;1;1;NO APLICA;2
SEC01555;1;2011-11-12;13;4;PERÚ;2;EDUCADORES DE CALLE;HUÁNUCO;HUÁNUCO;HUÁNUCO;2023-01-27;1;1;1;NO APLICA;2
SEC01556;2;2012-03-30;13;4;PERÚ;2;EDUCADORES DE CALLE;HUÁNUCO;HUÁNUCO;HUÁNUCO;2023-01-27;1;1;1;NO APLICA;2
SEC01557;2;2008-02-13;17;4;PERÚ;2;EDUCADORES DE CALLE;LIMA;HUARAL;CHANCAY;2023-01-27;1;1;2;2025-04-11;1
SEC01558;2;2008-08-05;16;4;PERÚ;2;EDUCADORES DE CALLE;HUANCAVELICA;HUANCAVELICA;HUANCAVELICA;2023-01-27;1;1;1;NO APLICA;2
SEC01559;2;2009-06-24;15;4;PERÚ;2;EDUCADORES DE CALLE;HUANCAVELICA;HUANCAVELICA;HUANCAVELICA;2023-01-27;1;5;1;NO APLICA;2
SEC01560;2;2011-02-03;14;4;PERÚ;2;EDUCADORES DE CALLE;HUANCAVELICA;HUANCAVELICA;HUANCAVELICA;2023-01-27;1;5;1;NO APLICA;2
SEC01561;2;2011-03-17;14;4;PERÚ;2;EDUCADORES DE CALLE;HUANCAVELICA;HUANCAVELICA;HUANCAVELICA;2023-01-27;1;1;1;NO APLICA;2
SEC01562;2;2013-01-19;12;4;PERÚ;2;EDUCADORES DE CALLE;HUANCAVELICA;HUANCAVELICA;HUANCAVELICA;2023-01-27;1;1;1;NO APLICA;2
SEC01563;1;2012-11-19;12;4;PERÚ;2;EDUCADORES DE CALLE;HUANCAVELICA;HUANCAVELICA;HUANCAVELICA;2023-01-27;1;1;1;NO APLICA;2
SEC01564;2;2013-07-01;11;3;PERÚ;2;EDUCADORES DE CALLE;JUNÍN;CHUPACA;CHUPACA;2023-01-27;1;1;1;NO APLICA;2
SEC01565;1;2013-08-27;11;3;PERÚ;2;EDUCADORES DE CALLE;LIMA;HUARAL;HUARAL;2023-01-27;1;1;1;NO APLICA;2
SEC01566;2;2013-08-28;11;3;PERÚ;2;EDUCADORES DE CALLE;PIURA;SULLANA;SULLANA;2023-01-27;1;1;1;NO APLICA;1
SEC01567;1;2014-06-25;10;3;PERÚ;2;EDUCADORES DE CALLE;PASCO;PASCO;CHAUPIMARCA;2023-01-27;1;1;1;NO APLICA;2
SEC01568;2;2014-07-02;10;3;PERÚ;2;EDUCADORES DE CALLE;LIMA;HUARAL;CHANCAY;2023-01-27;1;1;1;NO APLICA;1
SEC01569;2;2014-05-13;10;3;PERÚ;2;EDUCADORES DE CALLE;HUÁNUCO;HUÁNUCO;HUÁNUCO;2023-01-27;1;1;1;NO APLICA;2
SEC01570;2;2015-12-05;9;3;PERÚ;2;EDUCADORES DE CALLE;PIURA;SULLANA;SULLANA;2023-01-27;1;1;1;NO APLICA;1
SEC01571;2;2016-04-03;9;3;PERÚ;2;EDUCADORES DE CALLE;LIMA;HUARAL;CHANCAY;2023-01-27;1;1;1;NO APLICA;1
SEC01572;1;2016-11-24;8;3;PERÚ;2;EDUCADORES DE CALLE;LIMA;LIMA;LA VICTORIA;2023-01-27;2;1;1;NO APLICA;2
SEC01573;1;2012-09-19;12;4;PERÚ;2;EDUCADORES DE CALLE;HUÁNUCO;HUÁNUCO;HUÁNUCO;2023-01-27;1;1;1;NO APLICA;2
SEC01574;1;2012-11-28;12;4;PERÚ;2;EDUCADORES DE CALLE;HUÁNUCO;HUÁNUCO;HUÁNUCO;2023-01-27;1;1;1;NO APLICA;2
SEC01575;1;2013-10-19;11;3;PERÚ;2;EDUCADORES DE CALLE;AREQUIPA;AREQUIPA;JOSE LUIS BUSTAMANTE Y RIVERO;2023-01-27;1;1;1;NO APLICA;2
SEC01576;1;2017-05-12;7;3;PERÚ;2;EDUCADORES DE CALLE;AREQUIPA;AREQUIPA;JOSE LUIS BUSTAMANTE Y RIVERO;2023-01-27;1;1;1;NO APLICA;1
SEC01577;1;2018-02-02;7;3;PERÚ;2;EDUCADORES DE CALLE;LIMA;LIMA;LA VICTORIA;2023-01-27;2;1;1;NO APLICA;2
SEC01578;1;2019-11-04;5;2;PERÚ;2;EDUCADORES DE CALLE;LIMA;LIMA;LA VICTORIA;2023-01-27;2;1;1;NO APLICA;2
SEC01579;2;2021-03-07;4;2;PERÚ;2;EDUCADORES DE CALLE;LIMA;LIMA;LA VICTORIA;2023-01-27;2;1;1;NO APLICA;2
SEC01580;1;2022-03-29;3;2;PERÚ;2;EDUCADORES DE CALLE;LIMA;LIMA;LA VICTORIA;2023-01-27;2;1;1;NO APLICA;2
SEC01581;2;2008-10-16;16;4;PERÚ;2;EDUCADORES DE CALLE;MOQUEGUA;MARISCAL NIETO;MOQUEGUA;2023-01-28;1;1;2;2025-04-24;1
SEC01582;2;2013-01-11;12;4;PERÚ;2;EDUCADORES DE CALLE;LA LIBERTAD;TRUJILLO;TRUJILLO;2023-01-29;1;5;1;NO APLICA;2
SEC01583;2;2015-05-08;9;3;PERÚ;2;EDUCADORES DE CALLE;HUÁNUCO;HUÁNUCO;PILLCO MARCA;2023-01-30;1;1;1;NO APLICA;1
SEC01584;2;2008-03-18;17;4;PERÚ;2;EDUCADORES DE CALLE;APURÍMAC;ABANCAY;ABANCAY;2023-01-30;1;1;2;2025-05-27;2
SEC01585;1;2009-04-13;16;4;PERÚ;2;EDUCADORES DE CALLE;ICA;ICA;ICA;2023-01-30;1;1;2;2025-03-25;2
SEC01586;1;2011-01-26;14;4;PERÚ;2;EDUCADORES DE CALLE;HUÁNUCO;HUÁNUCO;PILLCO MARCA;2023-01-30;1;1;1;NO APLICA;1
SEC01587;1;2009-03-09;16;4;PERÚ;2;EDUCADORES DE CALLE;HUÁNUCO;HUÁNUCO;PILLCO MARCA;2023-01-30;1;1;1;NO APLICA;1
SEC01588;1;2012-06-16;12;4;PERÚ;2;EDUCADORES DE CALLE;ICA;ICA;ICA;2023-01-30;1;1;1;NO APLICA;2
SEC01589;1;2012-06-16;12;4;PERÚ;2;EDUCADORES DE CALLE;ICA;ICA;ICA;2023-01-30;1;1;2;2025-03-25;1
SEC01590;1;2010-12-18;14;4;PERÚ;2;EDUCADORES DE CALLE;LAMBAYEQUE;CHICLAYO;CHICLAYO;2023-01-30;1;1;2;2025-05-28;1
SEC01591;2;2011-10-29;13;4;PERÚ;2;EDUCADORES DE CALLE;HUÁNUCO;HUÁNUCO;PILLCO MARCA;2023-01-30;1;1;1;NO APLICA;1
SEC01592;2;2013-04-13;12;4;PERÚ;2;EDUCADORES DE CALLE;LAMBAYEQUE;CHICLAYO;CHICLAYO;2023-01-30;1;1;2;2025-05-24;1
SEC01593;2;2014-07-19;10;3;PERÚ;2;EDUCADORES DE CALLE;HUÁNUCO;HUÁNUCO;PILLCO MARCA;2023-01-30;1;1;1;NO APLICA;1
SEC01594;1;2014-09-29;10;3;PERÚ;2;EDUCADORES DE CALLE;LAMBAYEQUE;CHICLAYO;CHICLAYO;2023-01-30;1;1;2;2025-05-24;1
SEC01595;1;2014-11-26;10;3;PERÚ;2;EDUCADORES DE CALLE;ICA;ICA;ICA;2023-01-30;1;1;1;NO APLICA;2
SEC01596;1;2014-11-11;10;3;PERÚ;2;EDUCADORES DE CALLE;APURÍMAC;ABANCAY;ABANCAY;2023-01-30;1;1;1;NO APLICA;2
SEC01597;2;2016-07-14;8;3;PERÚ;2;EDUCADORES DE CALLE;HUÁNUCO;HUÁNUCO;PILLCO MARCA;2023-01-30;1;1;1;NO APLICA;1
SEC01598;1;2013-07-08;11;3;PERÚ;2;EDUCADORES DE CALLE;HUÁNUCO;HUÁNUCO;PILLCO MARCA;2023-01-30;1;1;1;NO APLICA;1
SEC01599;1;2013-09-03;11;3;PERÚ;2;EDUCADORES DE CALLE;HUÁNUCO;HUÁNUCO;PILLCO MARCA;2023-01-30;1;1;1;NO APLICA;1
SEC01600;1;2016-12-26;8;3;PERÚ;2;EDUCADORES DE CALLE;HUÁNUCO;HUÁNUCO;PILLCO MARCA;2023-01-30;1;1;1;NO APLICA;1
SEC01601;2;2017-04-06;8;3;PERÚ;2;EDUCADORES DE CALLE;LAMBAYEQUE;CHICLAYO;CHICLAYO;2023-01-30;1;1;2;2025-05-26;1
SEC01602;1;2017-04-12;8;3;PERÚ;2;EDUCADORES DE CALLE;HUÁNUCO;HUÁNUCO;PILLCO MARCA;2023-01-30;1;1;1;NO APLICA;1
SEC01603;2;2017-11-14;7;3;PERÚ;2;EDUCADORES DE CALLE;HUÁNUCO;HUÁNUCO;PILLCO MARCA;2023-01-30;1;1;1;NO APLICA;1
SEC01604;2;2019-10-08;5;2;PERÚ;2;EDUCADORES DE CALLE;LAMBAYEQUE;CHICLAYO;CHICLAYO;2023-01-30;1;1;2;2025-05-27;1
SEC01605;2;2020-10-17;4;2;PERÚ;2;EDUCADORES DE CALLE;HUÁNUCO;HUÁNUCO;PILLCO MARCA;2023-01-30;1;1;1;NO APLICA;1
SEC01606;2;2011-12-28;13;4;VENEZUELA;2;EDUCADORES DE CALLE;JUNÍN;HUANCAYO;HUANCAYO;2023-01-31;1;1;1;NO APLICA;2
SEC01607;2;2007-06-30;17;4;PERÚ;2;EDUCADORES DE CALLE;JUNÍN;HUANCAYO;HUANCAYO;2023-01-31;1;1;1;NO APLICA;2
SEC01608;1;2009-03-09;16;4;PERÚ;2;EDUCADORES DE CALLE;HUANCAVELICA;HUANCAVELICA;HUANCAVELICA;2023-01-31;1;5;1;NO APLICA;2
SEC01609;2;2016-03-11;9;3;PERÚ;2;EDUCADORES DE CALLE;JUNÍN;HUANCAYO;HUANCAYO;2023-01-31;1;1;1;NO APLICA;2
SEC01610;2;2012-12-18;12;4;PERÚ;2;EDUCADORES DE CALLE;HUANCAVELICA;HUANCAVELICA;HUANCAVELICA;2023-01-31;1;5;1;NO APLICA;2
SEC01611;1;2013-09-29;11;3;PERÚ;2;EDUCADORES DE CALLE;JUNÍN;HUANCAYO;HUANCAYO;2023-01-31;1;1;1;NO APLICA;2
SEC01612;1;2015-08-04;9;3;PERÚ;2;EDUCADORES DE CALLE;HUANCAVELICA;HUANCAVELICA;HUANCAVELICA;2023-01-31;1;5;1;NO APLICA;2
SEC01613;1;2020-08-27;4;2;PERÚ;2;EDUCADORES DE CALLE;LIMA;LIMA;CARABAYLLO;2023-01-31;1;1;1;NO APLICA;2
SEC01614;1;2010-05-30;14;4;PERÚ;2;EDUCADORES DE CALLE;HUÁNUCO;HUÁNUCO;AMARILIS;2023-02-01;1;1;1;NO APLICA;2
SEC01615;1;2012-05-24;12;4;PERÚ;2;EDUCADORES DE CALLE;AREQUIPA;AREQUIPA;JOSE LUIS BUSTAMANTE Y RIVERO;2023-02-01;1;1;1;NO APLICA;1
SEC01616;1;2016-01-04;9;3;PERÚ;2;EDUCADORES DE CALLE;AREQUIPA;AREQUIPA;JOSE LUIS BUSTAMANTE Y RIVERO;2023-02-01;1;1;1;NO APLICA;1
SEC01617;1;2016-11-20;8;3;PERÚ;2;EDUCADORES DE CALLE;HUÁNUCO;HUÁNUCO;AMARILIS;2023-02-01;1;1;1;NO APLICA;1
SEC01618;1;2011-05-24;13;4;VENEZUELA;2;EDUCADORES DE CALLE;ANCASH;SANTA;NUEVO CHIMBOTE;2023-02-01;1;1;1;NO APLICA;2
SEC01619;2;2017-04-24;8;3;VENEZUELA;2;EDUCADORES DE CALLE;ANCASH;SANTA;NUEVO CHIMBOTE;2023-02-01;1;1;1;NO APLICA;2
SEC01620;2;2009-01-04;16;4;VENEZUELA;2;EDUCADORES DE CALLE;ANCASH;SANTA;NUEVO CHIMBOTE;2023-02-01;1;1;1;NO APLICA;2
SEC01621;2;2010-09-24;14;4;ARGENTINA;2;EDUCADORES DE CALLE;ANCASH;SANTA;NUEVO CHIMBOTE;2023-02-01;1;1;1;NO APLICA;2
SEC01622;1;2017-03-16;8;3;ARGENTINA;2;EDUCADORES DE CALLE;ANCASH;SANTA;NUEVO CHIMBOTE;2023-02-01;1;1;1;NO APLICA;2
SEC01623;2;2006-10-31;18;5;PERÚ;2;EDUCADORES DE CALLE;ICA;ICA;ICA;2023-02-02;1;1;1;NO APLICA;2
SEC01624;2;2009-10-19;15;4;PERÚ;2;EDUCADORES DE CALLE;LORETO;MAYNAS;IQUITOS;2023-02-02;1;1;1;NO APLICA;1
SEC01625;1;2011-05-22;13;4;PERÚ;2;EDUCADORES DE CALLE;LIMA;HUARAL;HUARAL;2023-02-02;1;1;1;NO APLICA;2
SEC01626;2;2011-07-23;13;4;PERÚ;2;EDUCADORES DE CALLE;LIMA;HUARAL;HUARAL;2023-02-02;1;1;2;2025-05-22;2
SEC01627;1;2010-07-26;14;4;PERÚ;2;EDUCADORES DE CALLE;LA LIBERTAD;TRUJILLO;TRUJILLO;2023-02-02;1;1;1;NO APLICA;2
SEC01628;1;2013-08-30;11;3;PERÚ;2;EDUCADORES DE CALLE;LIMA;HUARAL;HUARAL;2023-02-02;1;1;2;2025-05-22;2
SEC01629;1;2013-04-13;12;4;PERÚ;2;EDUCADORES DE CALLE;APURÍMAC;ABANCAY;ABANCAY;2023-02-03;1;1;1;NO APLICA;2
SEC01630;2;2011-04-01;14;4;PERÚ;2;EDUCADORES DE CALLE;ANCASH;CASMA;CASMA;2023-02-04;1;1;1;NO APLICA;2
SEC01631;1;2012-07-21;12;4;PERÚ;2;EDUCADORES DE CALLE;ANCASH;CASMA;CASMA;2023-02-05;1;1;1;NO APLICA;2
SEC01632;1;2016-12-18;8;3;PERÚ;2;EDUCADORES DE CALLE;ANCASH;CASMA;CASMA;2023-02-06;1;1;1;NO APLICA;2
SEC01633;1;2009-09-24;15;4;PERÚ;2;EDUCADORES DE CALLE;ANCASH;CASMA;CASMA;2023-02-07;1;1;1;NO APLICA;2
SEC01634;2;2011-05-16;13;4;PERÚ;2;EDUCADORES DE CALLE;AREQUIPA;AREQUIPA;JOSE LUIS BUSTAMANTE Y RIVERO;2023-02-07;1;1;1;NO APLICA;2
SEC01635;2;2018-03-25;7;3;PERÚ;2;EDUCADORES DE CALLE;AREQUIPA;AREQUIPA;JOSE LUIS BUSTAMANTE Y RIVERO;2023-02-07;1;1;1;NO APLICA;2
SEC01636;2;2017-12-05;7;3;PERÚ;2;EDUCADORES DE CALLE;HUÁNUCO;HUÁNUCO;HUÁNUCO;2023-02-08;1;1;1;NO APLICA;2
SEC01637;1;2011-10-24;13;4;PERÚ;2;EDUCADORES DE CALLE;HUÁNUCO;HUÁNUCO;HUÁNUCO;2023-02-08;1;1;1;NO APLICA;2
SEC01638;1;2011-09-16;13;4;PERÚ;2;EDUCADORES DE CALLE;AYACUCHO;HUAMANGA;SAN JUAN BAUTISTA;2023-02-08;1;1;1;NO APLICA;1
SEC01639;1;2008-03-25;17;4;PERÚ;2;EDUCADORES DE CALLE;ANCASH;CASMA;CASMA;2023-02-08;1;1;1;NO APLICA;2
SEC01640;2;2014-05-01;10;3;PERÚ;2;EDUCADORES DE CALLE;HUÁNUCO;HUÁNUCO;HUÁNUCO;2023-02-08;1;1;1;NO APLICA;1
SEC01641;1;2011-11-29;13;4;PERÚ;2;EDUCADORES DE CALLE;HUÁNUCO;HUÁNUCO;HUÁNUCO;2023-02-09;1;1;1;NO APLICA;1
SEC01642;1;2016-04-17;9;3;PERÚ;2;EDUCADORES DE CALLE;ANCASH;CASMA;CASMA;2023-02-09;1;1;1;NO APLICA;2
SEC01643;2;2007-02-17;18;5;PERÚ;2;EDUCADORES DE CALLE;AREQUIPA;AREQUIPA;CERRO COLORADO;2023-02-10;1;1;1;NO APLICA;1
SEC01644;1;2008-06-14;16;4;PERÚ;2;EDUCADORES DE CALLE;MOQUEGUA;ILO;ILO;2023-02-10;1;1;1;NO APLICA;2
SEC01645;2;2008-07-22;16;4;PERÚ;2;EDUCADORES DE CALLE;TACNA;TACNA;CORONEL GREGORIO ALBARRACIN LANCHIPA;2023-02-10;3;1;1;NO APLICA;1
SEC01646;2;2011-12-20;13;4;PERÚ;2;EDUCADORES DE CALLE;ANCASH;CASMA;CASMA;2023-02-10;1;1;1;NO APLICA;2
SEC01647;1;2010-09-17;14;4;PERÚ;2;EDUCADORES DE CALLE;CAJAMARCA;JAÉN;JAÉN;2023-02-10;1;2;1;NO APLICA;2
SEC01648;1;2010-12-08;14;4;PERÚ;2;EDUCADORES DE CALLE;APURÍMAC;ABANCAY;ABANCAY;2023-02-10;1;1;1;NO APLICA;2
SEC01649;1;2010-04-21;15;4;PERÚ;2;EDUCADORES DE CALLE;CAJAMARCA;JAÉN;JAÉN;2023-02-10;1;1;1;NO APLICA;2
SEC01650;1;2011-11-01;13;4;PERÚ;2;EDUCADORES DE CALLE;ANCASH;SANTA;CHIMBOTE;2023-02-10;1;1;1;NO APLICA;2
SEC01651;1;2013-12-01;11;3;PERÚ;2;EDUCADORES DE CALLE;CAJAMARCA;JAÉN;JAÉN;2023-02-10;1;1;1;NO APLICA;2
SEC01652;1;2012-10-17;12;4;PERÚ;2;EDUCADORES DE CALLE;APURÍMAC;ABANCAY;ABANCAY;2023-02-10;1;1;1;NO APLICA;2
SEC01653;2;2013-11-27;11;3;PERÚ;2;EDUCADORES DE CALLE;ANCASH;SANTA;CHIMBOTE;2023-02-10;1;1;1;NO APLICA;2
SEC01654;1;2009-04-02;16;4;PERÚ;2;EDUCADORES DE CALLE;ANCASH;CASMA;CASMA;2023-02-11;1;1;1;NO APLICA;2
SEC01655;1;2011-02-01;14;4;PERÚ;2;EDUCADORES DE CALLE;ANCASH;CASMA;CASMA;2023-02-12;1;1;1;NO APLICA;2
SEC01656;1;2013-02-20;12;4;PERÚ;2;EDUCADORES DE CALLE;ANCASH;CASMA;CASMA;2023-02-13;1;1;1;NO APLICA;2
SEC01657;1;2010-10-10;14;4;PERÚ;2;EDUCADORES DE CALLE;AYACUCHO;HUAMANGA;SAN JUAN BAUTISTA;2023-02-14;1;1;1;NO APLICA;1
SEC01658;2;2010-11-20;14;4;PERÚ;2;EDUCADORES DE CALLE;CAJAMARCA;JAÉN;JAÉN;2023-02-14;1;1;1;NO APLICA;2
SEC01659;2;2011-11-29;13;4;PERÚ;2;EDUCADORES DE CALLE;CUSCO;CUSCO;CUSCO;2023-02-14;1;1;1;NO APLICA;1
SEC01660;2;2007-12-13;17;4;PERÚ;2;EDUCADORES DE CALLE;PIURA;PIURA;PIURA;2023-02-14;1;1;2;2025-04-25;1
SEC01661;2;2012-07-15;12;4;PERÚ;2;EDUCADORES DE CALLE;AYACUCHO;HUAMANGA;SAN JUAN BAUTISTA;2023-02-14;1;1;1;NO APLICA;1
SEC01662;1;2008-01-14;17;4;PERÚ;2;EDUCADORES DE CALLE;ANCASH;SANTA;CHIMBOTE;2023-02-14;1;1;1;NO APLICA;2
SEC01663;1;2010-02-15;15;4;PERÚ;2;EDUCADORES DE CALLE;ANCASH;CASMA;CASMA;2023-02-14;1;1;1;NO APLICA;2
SEC01664;2;2009-10-16;15;4;PERÚ;2;EDUCADORES DE CALLE;ANCASH;SANTA;CHIMBOTE;2023-02-14;1;1;1;NO APLICA;2
SEC01665;1;2013-09-11;11;3;PERÚ;2;EDUCADORES DE CALLE;CAJAMARCA;JAÉN;JAÉN;2023-02-14;1;1;1;NO APLICA;2
SEC01666;2;2015-04-05;10;3;PERÚ;2;EDUCADORES DE CALLE;ANCASH;SANTA;CHIMBOTE;2023-02-14;1;1;1;NO APLICA;2
SEC01667;1;2012-08-08;12;4;PERÚ;2;EDUCADORES DE CALLE;CAJAMARCA;JAÉN;JAÉN;2023-02-14;1;1;1;NO APLICA;1
SEC01668;1;2013-10-11;11;3;PERÚ;2;EDUCADORES DE CALLE;ANCASH;SANTA;CHIMBOTE;2023-02-14;1;1;1;NO APLICA;2
SEC01669;1;2014-12-22;10;3;PERÚ;2;EDUCADORES DE CALLE;HUANCAVELICA;HUANCAVELICA;HUANCAVELICA;2023-02-14;1;5;1;NO APLICA;2
SEC01670;1;2018-01-28;7;3;PERÚ;2;EDUCADORES DE CALLE;ANCASH;SANTA;CHIMBOTE;2023-02-14;1;1;1;NO APLICA;2
SEC01671;2;2011-09-22;13;4;PERÚ;2;EDUCADORES DE CALLE;ICA;ICA;ICA;2023-02-15;1;1;1;NO APLICA;2
SEC01672;2;2012-01-23;13;4;PERÚ;2;EDUCADORES DE CALLE;LORETO;MAYNAS;SAN JUAN BAUTISTA;2023-02-15;1;1;1;NO APLICA;2
SEC01673;1;2013-12-12;11;3;PERÚ;2;EDUCADORES DE CALLE;LORETO;MAYNAS;SAN JUAN BAUTISTA;2023-02-15;1;1;1;NO APLICA;2
SEC01674;1;2015-02-23;10;3;PERÚ;2;EDUCADORES DE CALLE;ICA;ICA;ICA;2023-02-15;1;1;1;NO APLICA;2
SEC01675;1;2008-01-30;17;4;PERÚ;2;EDUCADORES DE CALLE;LORETO;MAYNAS;SAN JUAN BAUTISTA;2023-02-15;1;1;1;NO APLICA;2
SEC01676;1;2018-04-10;7;3;PERÚ;2;EDUCADORES DE CALLE;LIMA;LIMA;SAN JUAN DE MIRAFLORES;2023-02-15;2;1;1;NO APLICA;2
SEC01677;2;2012-02-06;13;4;PERÚ;2;EDUCADORES DE CALLE;ICA;ICA;ICA;2023-02-16;1;1;1;NO APLICA;2
SEC01678;1;2012-01-11;13;4;PERÚ;2;EDUCADORES DE CALLE;LORETO;MAYNAS;SAN JUAN BAUTISTA;2023-02-16;1;1;2;2025-05-19;2
SEC01679;1;2012-05-11;12;4;PERÚ;2;EDUCADORES DE CALLE;LIMA;LIMA;RIMAC;2023-02-16;2;1;1;NO APLICA;2
SEC01680;2;2015-02-16;10;3;PERÚ;2;EDUCADORES DE CALLE;LIMA;LIMA;RIMAC;2023-02-16;2;1;1;NO APLICA;2
SEC01681;2;2022-02-12;3;2;PERÚ;2;EDUCADORES DE CALLE;LIMA;LIMA;RIMAC;2023-02-16;2;1;1;NO APLICA;2
SEC01682;1;2008-09-03;16;4;PERÚ;2;EDUCADORES DE CALLE;PIURA;PIURA;PIURA;2023-02-17;1;1;2;2025-04-25;1
SEC01683;2;2008-01-10;17;4;PERÚ;2;EDUCADORES DE CALLE;TACNA;TACNA;CORONEL GREGORIO ALBARRACIN LANCHIPA;2023-02-17;1;1;2;2025-02-24;2
SEC01684;1;2011-09-02;13;4;PERÚ;2;EDUCADORES DE CALLE;PIURA;PIURA;PIURA;2023-02-17;1;1;2;2025-04-25;1
SEC01685;1;2011-12-23;13;4;PERÚ;2;EDUCADORES DE CALLE;AREQUIPA;AREQUIPA;JOSE LUIS BUSTAMANTE Y RIVERO;2023-02-17;1;1;1;NO APLICA;1
SEC01686;1;2010-02-22;15;4;PERÚ;2;EDUCADORES DE CALLE;AYACUCHO;HUAMANGA;AYACUCHO;2023-02-17;1;1;2;2025-03-18;2
SEC01687;1;2010-12-11;14;4;PERÚ;2;EDUCADORES DE CALLE;LIMA;LIMA;SURQUILLO;2023-02-17;3;1;2;2025-02-26;2
SEC01688;1;2012-01-13;13;4;PERÚ;2;EDUCADORES DE CALLE;LIMA;LIMA;SURQUILLO;2023-02-17;3;1;1;NO APLICA;2
SEC01689;1;2013-06-10;11;3;PERÚ;2;EDUCADORES DE CALLE;LIMA;LIMA;SURQUILLO;2023-02-17;3;1;2;2025-02-26;2
SEC01690;2;2013-12-04;11;3;PERÚ;2;EDUCADORES DE CALLE;LIMA;LIMA;SURQUILLO;2023-02-17;3;1;1;NO APLICA;2
SEC01691;1;2016-11-22;8;3;PERÚ;2;EDUCADORES DE CALLE;PIURA;PIURA;PIURA;2023-02-17;1;1;2;2025-04-25;1
SEC01692;1;2013-12-30;11;3;PERÚ;2;EDUCADORES DE CALLE;AREQUIPA;AREQUIPA;JOSE LUIS BUSTAMANTE Y RIVERO;2023-02-17;1;1;1;NO APLICA;1
SEC01693;2;2014-04-21;11;3;PERÚ;2;EDUCADORES DE CALLE;TACNA;TACNA;CIUDAD NUEVA;2023-02-17;1;1;1;NO APLICA;2
SEC01694;1;2013-08-26;11;3;PERÚ;2;EDUCADORES DE CALLE;LIMA;LIMA;SURQUILLO;2023-02-17;3;1;2;2025-02-26;2
SEC01695;2;2016-03-19;9;3;PERÚ;2;EDUCADORES DE CALLE;LIMA;LIMA;SURQUILLO;2023-02-17;3;1;1;NO APLICA;2
SEC01696;1;2018-07-17;6;3;PERÚ;2;EDUCADORES DE CALLE;LIMA;LIMA;SURQUILLO;2023-02-17;3;1;1;NO APLICA;2
SEC01697;1;2018-08-30;6;3;PERÚ;2;EDUCADORES DE CALLE;LIMA;LIMA;SURQUILLO;2023-02-17;3;1;2;2025-02-26;2
SEC01698;2;2007-04-18;18;5;PERÚ;2;EDUCADORES DE CALLE;PASCO;PASCO;CHAUPIMARCA;2023-02-20;1;1;1;NO APLICA;2
SEC01699;1;2010-10-28;14;4;PERÚ;2;EDUCADORES DE CALLE;PASCO;PASCO;CHAUPIMARCA;2023-02-20;1;1;1;NO APLICA;2
SEC01700;1;2014-10-10;10;3;PERÚ;2;EDUCADORES DE CALLE;PASCO;PASCO;CHAUPIMARCA;2023-02-20;1;1;1;NO APLICA;2
SEC01701;2;2009-03-24;16;4;PERÚ;2;EDUCADORES DE CALLE;LIMA;LIMA;BREÑA;2023-02-21;1;1;1;NO APLICA;2
SEC01702;2;2007-03-28;18;5;PERÚ;2;EDUCADORES DE CALLE;LIMA;LIMA;BREÑA;2023-02-21;1;1;1;NO APLICA;2
SEC01703;2;2011-07-22;13;4;PERÚ;2;EDUCADORES DE CALLE;LORETO;MAYNAS;BELEN;2023-02-21;1;5;1;NO APLICA;2
SEC01704;1;2012-11-23;12;4;PERÚ;2;EDUCADORES DE CALLE;LIMA;LIMA;SAN JUAN DE MIRAFLORES;2023-02-21;2;1;1;NO APLICA;2
SEC01705;1;2013-02-27;12;4;PERÚ;2;EDUCADORES DE CALLE;LIMA;LIMA;BREÑA;2023-02-21;2;1;1;NO APLICA;2
SEC01706;2;2010-09-21;14;4;PERÚ;2;EDUCADORES DE CALLE;AYACUCHO;HUAMANGA;AYACUCHO;2023-02-21;1;1;1;NO APLICA;2
SEC01707;1;2014-08-21;10;3;PERÚ;2;EDUCADORES DE CALLE;TACNA;TACNA;CORONEL GREGORIO ALBARRACIN LANCHIPA;2023-02-21;1;1;1;NO APLICA;2
SEC01708;2;2015-06-01;9;3;PERÚ;2;EDUCADORES DE CALLE;LORETO;MAYNAS;BELEN;2023-02-21;1;1;1;NO APLICA;2
SEC01709;2;2016-05-11;8;3;PERÚ;2;EDUCADORES DE CALLE;TACNA;TACNA;CORONEL GREGORIO ALBARRACIN LANCHIPA;2023-02-21;1;1;1;NO APLICA;2
SEC01710;1;2013-07-24;11;3;PERÚ;2;EDUCADORES DE CALLE;LORETO;MAYNAS;BELEN;2023-02-21;1;1;1;NO APLICA;2
SEC01711;2;2009-11-30;15;4;PERÚ;2;EDUCADORES DE CALLE;LORETO;MAYNAS;IQUITOS;2023-02-22;1;1;1;NO APLICA;2
SEC01712;1;2007-11-13;17;4;PERÚ;2;EDUCADORES DE CALLE;PASCO;PASCO;CHAUPIMARCA;2023-02-22;1;1;2;2025-01-24;2
SEC01713;2;2008-10-18;16;4;PERÚ;2;EDUCADORES DE CALLE;AYACUCHO;HUAMANGA;AYACUCHO;2023-02-22;1;1;1;NO APLICA;2
SEC01714;2;2007-07-13;17;4;PERÚ;2;EDUCADORES DE CALLE;PASCO;PASCO;CHAUPIMARCA;2023-02-22;1;1;2;2025-01-24;2
SEC01715;2;2008-07-22;16;4;PERÚ;2;EDUCADORES DE CALLE;TACNA;TACNA;POCOLLAY;2023-02-22;1;1;2;2025-02-24;2
SEC01716;1;2010-05-01;14;4;PERÚ;2;EDUCADORES DE CALLE;TACNA;TACNA;ALTO DE LA ALIANZA;2023-02-22;1;1;1;NO APLICA;2
SEC01717;1;2010-03-30;15;4;PERÚ;2;EDUCADORES DE CALLE;TACNA;TACNA;POCOLLAY;2023-02-22;1;1;2;2025-02-24;2
SEC01718;2;2011-01-30;14;4;PERÚ;2;EDUCADORES DE CALLE;AYACUCHO;HUAMANGA;AYACUCHO;2023-02-22;1;1;1;NO APLICA;1
SEC01719;1;2008-10-20;16;4;PERÚ;2;EDUCADORES DE CALLE;AYACUCHO;HUAMANGA;AYACUCHO;2023-02-22;1;1;1;NO APLICA;1
SEC01720;2;2010-02-13;15;4;PERÚ;1;EDUCADORES DE CALLE;LIMA;LIMA;CHORRILLOS;2023-02-22;2;1;1;NO APLICA;2
SEC01721;2;2013-05-19;11;3;PERÚ;2;EDUCADORES DE CALLE;AYACUCHO;HUAMANGA;AYACUCHO;2023-02-22;1;1;1;NO APLICA;2
SEC01722;2;2012-04-11;13;4;PERÚ;2;EDUCADORES DE CALLE;LORETO;MAYNAS;SAN JUAN BAUTISTA;2023-02-22;1;1;1;NO APLICA;2
SEC01723;1;2016-03-30;9;3;PERÚ;2;EDUCADORES DE CALLE;AYACUCHO;HUAMANGA;AYACUCHO;2023-02-22;1;1;1;NO APLICA;2
SEC01724;1;2016-04-29;9;3;PERÚ;2;EDUCADORES DE CALLE;AYACUCHO;HUAMANGA;SAN JUAN BAUTISTA;2023-02-22;1;1;1;NO APLICA;1
SEC01725;1;2009-05-30;15;4;PERÚ;2;EDUCADORES DE CALLE;LORETO;MAYNAS;SAN JUAN BAUTISTA;2023-02-22;1;1;1;NO APLICA;2
SEC01726;1;2013-05-29;11;3;PERÚ;2;EDUCADORES DE CALLE;AYACUCHO;HUAMANGA;SAN JUAN BAUTISTA;2023-02-22;1;1;1;NO APLICA;1
SEC01727;1;2014-01-27;11;3;PERÚ;2;EDUCADORES DE CALLE;APURÍMAC;ABANCAY;ABANCAY;2023-02-22;1;1;1;NO APLICA;2
SEC01728;1;2016-12-17;8;3;PERÚ;2;EDUCADORES DE CALLE;APURÍMAC;ABANCAY;ABANCAY;2023-02-22;1;1;1;NO APLICA;2
SEC01729;1;2013-12-25;11;3;PERÚ;2;EDUCADORES DE CALLE;AYACUCHO;HUAMANGA;SAN JUAN BAUTISTA;2023-02-22;1;1;1;NO APLICA;1
SEC01730;2;2014-04-05;11;3;PERÚ;2;EDUCADORES DE CALLE;LORETO;MAYNAS;IQUITOS;2023-02-22;1;1;1;NO APLICA;2
SEC01731;1;2018-05-07;6;3;PERÚ;2;EDUCADORES DE CALLE;LORETO;MAYNAS;BELEN;2023-02-22;1;1;1;NO APLICA;2
SEC01732;2;2014-05-03;10;3;PERÚ;2;EDUCADORES DE CALLE;LORETO;MAYNAS;IQUITOS;2023-02-22;1;1;1;NO APLICA;2
SEC01733;2;2017-06-25;7;3;PERÚ;2;EDUCADORES DE CALLE;LORETO;MAYNAS;IQUITOS;2023-02-23;1;1;1;NO APLICA;1
SEC01734;2;2008-01-11;17;4;PERÚ;2;EDUCADORES DE CALLE;LORETO;MAYNAS;IQUITOS;2023-02-23;1;1;1;NO APLICA;2
SEC01735;2;2008-07-15;16;4;PERÚ;2;EDUCADORES DE CALLE;LORETO;MAYNAS;IQUITOS;2023-02-23;1;1;1;NO APLICA;2
SEC01736;1;2009-09-27;15;4;PERÚ;2;EDUCADORES DE CALLE;LORETO;MAYNAS;SAN JUAN BAUTISTA;2023-02-23;1;1;1;NO APLICA;2
SEC01737;1;2010-05-13;14;4;PERÚ;2;EDUCADORES DE CALLE;LORETO;MAYNAS;SAN JUAN BAUTISTA;2023-02-23;1;1;1;NO APLICA;2
SEC01738;1;2010-03-22;15;4;PERÚ;2;EDUCADORES DE CALLE;LORETO;MAYNAS;IQUITOS;2023-02-23;1;1;1;NO APLICA;2
SEC01739;1;2011-01-16;14;4;PERÚ;2;EDUCADORES DE CALLE;MOQUEGUA;MARISCAL NIETO;MOQUEGUA;2023-02-23;1;1;1;NO APLICA;2
SEC01740;1;2011-05-25;13;4;PERÚ;2;EDUCADORES DE CALLE;LORETO;MAYNAS;IQUITOS;2023-02-23;1;1;1;NO APLICA;1
SEC01741;2;2008-04-17;17;4;PERÚ;2;EDUCADORES DE CALLE;LORETO;MAYNAS;IQUITOS;2023-02-23;1;1;1;NO APLICA;2
SEC01742;2;2012-06-20;12;4;PERÚ;2;EDUCADORES DE CALLE;LORETO;MAYNAS;IQUITOS;2023-02-23;1;1;1;NO APLICA;2
SEC01743;1;2011-07-09;13;4;PERÚ;2;EDUCADORES DE CALLE;TACNA;TACNA;ALTO DE LA ALIANZA;2023-02-23;1;1;1;NO APLICA;1
SEC01744;1;2021-08-16;3;2;PERÚ;2;EDUCADORES DE CALLE;LORETO;MAYNAS;SAN JUAN BAUTISTA;2023-02-23;1;1;1;NO APLICA;2
SEC01745;2;2012-12-13;12;4;PERÚ;2;EDUCADORES DE CALLE;LORETO;MAYNAS;SAN JUAN BAUTISTA;2023-02-23;1;1;1;NO APLICA;2
SEC01746;2;2013-02-24;12;4;PERÚ;2;EDUCADORES DE CALLE;LORETO;MAYNAS;IQUITOS;2023-02-23;1;1;1;NO APLICA;1
SEC01747;1;2015-01-28;10;3;PERÚ;2;EDUCADORES DE CALLE;TACNA;TACNA;ALTO DE LA ALIANZA;2023-02-23;1;1;1;NO APLICA;1
SEC01748;2;2012-08-08;12;4;PERÚ;2;EDUCADORES DE CALLE;LORETO;MAYNAS;IQUITOS;2023-02-23;1;1;1;NO APLICA;2
SEC01749;2;2016-04-22;9;3;PERÚ;2;EDUCADORES DE CALLE;LORETO;MAYNAS;BELEN;2023-02-23;1;1;1;NO APLICA;2
SEC01750;1;2016-02-17;9;3;PERÚ;2;EDUCADORES DE CALLE;LORETO;MAYNAS;IQUITOS;2023-02-23;1;1;1;NO APLICA;2
SEC01751;1;2011-02-28;14;4;PERÚ;2;EDUCADORES DE CALLE;LORETO;MAYNAS;IQUITOS;2023-02-23;1;1;1;NO APLICA;2
SEC01752;2;2013-10-09;11;3;PERÚ;2;EDUCADORES DE CALLE;LORETO;MAYNAS;IQUITOS;2023-02-23;1;1;1;NO APLICA;2
SEC01753;2;2011-10-09;13;4;PERÚ;2;EDUCADORES DE CALLE;LORETO;MAYNAS;IQUITOS;2023-02-23;1;1;1;NO APLICA;1
SEC01754;2;2014-08-06;10;3;PERÚ;2;EDUCADORES DE CALLE;LORETO;MAYNAS;IQUITOS;2023-02-23;1;1;1;NO APLICA;2
SEC01755;1;2017-03-16;8;3;PERÚ;2;EDUCADORES DE CALLE;LORETO;MAYNAS;BELEN;2023-02-23;1;1;1;NO APLICA;2
SEC01756;1;2017-06-12;7;3;PERÚ;2;EDUCADORES DE CALLE;HUÁNUCO;HUÁNUCO;HUÁNUCO;2023-02-23;1;1;1;NO APLICA;2
SEC01757;2;2008-05-19;16;4;PERÚ;2;EDUCADORES DE CALLE;LORETO;MAYNAS;IQUITOS;2023-02-23;1;1;1;NO APLICA;1
SEC01758;1;2017-10-22;7;3;PERÚ;2;EDUCADORES DE CALLE;LORETO;MAYNAS;IQUITOS;2023-02-23;1;1;1;NO APLICA;1
SEC01759;1;2017-11-24;7;3;PERÚ;2;EDUCADORES DE CALLE;LORETO;MAYNAS;IQUITOS;2023-02-23;1;1;1;NO APLICA;2
SEC01760;2;2022-12-21;2;2;PERÚ;2;EDUCADORES DE CALLE;LIMA;CALLAO;VENTANILLA;2023-02-23;2;1;1;NO APLICA;2
SEC01761;2;2007-06-25;17;4;PERÚ;2;EDUCADORES DE CALLE;TACNA;TACNA;POCOLLAY;2023-02-24;1;1;2;2025-02-24;2
SEC01762;2;2008-01-22;17;4;PERÚ;2;EDUCADORES DE CALLE;CUSCO;CUSCO;CUSCO;2023-02-24;3;1;1;NO APLICA;1
SEC01763;1;2011-01-09;14;4;PERÚ;2;EDUCADORES DE CALLE;CUSCO;CUSCO;SAN JERONIMO;2023-02-24;1;1;1;NO APLICA;2
SEC01764;2;2012-06-14;12;4;PERÚ;2;EDUCADORES DE CALLE;LIMA;HUARAL;CHANCAY;2023-02-24;2;1;1;NO APLICA;2
SEC01765;1;2012-02-21;13;4;PERÚ;2;EDUCADORES DE CALLE;LORETO;MAYNAS;IQUITOS;2023-02-24;1;1;1;NO APLICA;2
SEC01766;2;2016-02-20;9;3;PERÚ;2;EDUCADORES DE CALLE;LIMA;HUARAL;CHANCAY;2023-02-24;2;1;1;NO APLICA;2
SEC01767;2;2016-08-11;8;3;PERÚ;2;EDUCADORES DE CALLE;AREQUIPA;AREQUIPA;JOSE LUIS BUSTAMANTE Y RIVERO;2023-02-24;1;1;1;NO APLICA;2
SEC01768;2;2013-08-22;11;3;PERÚ;2;EDUCADORES DE CALLE;MOQUEGUA;MARISCAL NIETO;MOQUEGUA;2023-02-24;1;1;1;NO APLICA;2
SEC01769;1;2014-06-15;10;3;PERÚ;2;EDUCADORES DE CALLE;LORETO;MAYNAS;IQUITOS;2023-02-24;1;1;1;NO APLICA;2
SEC01770;1;2019-09-29;5;2;PERÚ;2;EDUCADORES DE CALLE;LIMA;HUARAL;CHANCAY;2023-02-24;2;1;1;NO APLICA;2
SEC01771;2;2015-03-17;10;3;PERÚ;2;EDUCADORES DE CALLE;AREQUIPA;AREQUIPA;JOSE LUIS BUSTAMANTE Y RIVERO;2023-02-24;1;1;1;NO APLICA;1
SEC01772;2;2016-04-09;9;3;PERÚ;2;EDUCADORES DE CALLE;AREQUIPA;AREQUIPA;JOSE LUIS BUSTAMANTE Y RIVERO;2023-02-24;1;1;1;NO APLICA;1
SEC01773;1;2017-12-03;7;3;PERÚ;2;EDUCADORES DE CALLE;AREQUIPA;AREQUIPA;JOSE LUIS BUSTAMANTE Y RIVERO;2023-02-24;1;1;1;NO APLICA;1
SEC01774;2;2007-04-21;18;5;PERÚ;2;EDUCADORES DE CALLE;LORETO;MAYNAS;SAN JUAN BAUTISTA;2023-02-25;1;1;1;NO APLICA;2
SEC01775;1;2008-09-22;16;4;PERÚ;2;EDUCADORES DE CALLE;LORETO;MAYNAS;IQUITOS;2023-02-25;1;1;1;NO APLICA;2
SEC01776;1;2008-10-02;16;4;PERÚ;2;EDUCADORES DE CALLE;LA LIBERTAD;TRUJILLO;TRUJILLO;2023-02-25;1;1;1;NO APLICA;2
SEC01777;1;2010-03-22;15;4;PERÚ;2;EDUCADORES DE CALLE;LORETO;MAYNAS;BELEN;2023-02-25;1;1;1;NO APLICA;2
SEC01778;2;2011-04-21;14;4;PERÚ;2;EDUCADORES DE CALLE;LORETO;MAYNAS;BELEN;2023-02-25;1;1;1;NO APLICA;1
SEC01779;1;2012-01-31;13;4;PERÚ;2;EDUCADORES DE CALLE;LA LIBERTAD;TRUJILLO;TRUJILLO;2023-02-25;1;1;1;NO APLICA;2
SEC01780;2;2012-01-06;13;4;PERÚ;2;EDUCADORES DE CALLE;LORETO;MAYNAS;IQUITOS;2023-02-25;1;1;1;NO APLICA;2
SEC01781;2;2015-05-07;9;3;PERÚ;2;EDUCADORES DE CALLE;LORETO;MAYNAS;BELEN;2023-02-25;1;1;1;NO APLICA;2
SEC01782;1;2009-10-09;15;4;PERÚ;2;EDUCADORES DE CALLE;LORETO;MAYNAS;IQUITOS;2023-02-25;1;1;1;NO APLICA;2
SEC01783;2;2007-03-11;18;5;PERÚ;2;EDUCADORES DE CALLE;LORETO;MAYNAS;IQUITOS;2023-02-27;1;1;2;2025-05-12;1
SEC01784;1;2009-05-17;15;4;PERÚ;2;EDUCADORES DE CALLE;ICA;ICA;ICA;2023-02-27;1;1;2;2025-05-26;2
SEC01785;1;2011-09-24;13;4;PERÚ;2;EDUCADORES DE CALLE;ICA;ICA;ICA;2023-02-27;1;1;2;2025-05-26;2
SEC01786;2;2010-09-22;14;4;PERÚ;2;EDUCADORES DE CALLE;LIMA;LIMA;SURQUILLO;2023-02-27;3;1;1;NO APLICA;2
SEC01787;1;2010-10-12;14;4;PERÚ;2;EDUCADORES DE CALLE;LORETO;MAYNAS;IQUITOS;2023-02-27;1;1;1;NO APLICA;2
SEC01788;1;2010-01-10;15;4;PERÚ;2;EDUCADORES DE CALLE;LORETO;MAYNAS;IQUITOS;2023-02-27;1;1;1;NO APLICA;1
SEC01789;2;2012-01-17;13;4;PERÚ;2;EDUCADORES DE CALLE;LORETO;MAYNAS;IQUITOS;2023-02-27;1;1;1;NO APLICA;1
SEC01790;2;2010-10-07;14;4;PERÚ;2;EDUCADORES DE CALLE;LORETO;MAYNAS;IQUITOS;2023-02-27;1;1;1;NO APLICA;2
SEC01791;1;2014-08-18;10;3;PERÚ;2;EDUCADORES DE CALLE;LORETO;MAYNAS;IQUITOS;2023-02-27;1;1;1;NO APLICA;1
SEC01792;2;2015-03-09;10;3;PERÚ;2;EDUCADORES DE CALLE;LORETO;MAYNAS;IQUITOS;2023-02-27;1;1;1;NO APLICA;2
SEC01793;2;2015-04-08;10;3;PERÚ;2;EDUCADORES DE CALLE;LIMA;LIMA;SURQUILLO;2023-02-27;3;1;1;NO APLICA;2
SEC01794;1;2015-05-23;9;3;PERÚ;2;EDUCADORES DE CALLE;LORETO;MAYNAS;IQUITOS;2023-02-27;1;1;1;NO APLICA;1
SEC01795;1;2016-12-25;8;3;PERÚ;2;EDUCADORES DE CALLE;LORETO;MAYNAS;IQUITOS;2023-02-27;1;1;1;NO APLICA;1
SEC01796;1;2017-11-01;7;3;PERÚ;2;EDUCADORES DE CALLE;LORETO;MAYNAS;IQUITOS;2023-02-27;1;1;1;NO APLICA;1
SEC01797;1;2018-04-01;7;3;PERÚ;2;EDUCADORES DE CALLE;LIMA;LIMA;SURQUILLO;2023-02-27;3;1;1;NO APLICA;2
SEC01798;1;2019-05-17;5;2;PERÚ;2;EDUCADORES DE CALLE;LIMA;CALLAO;VENTANILLA;2023-02-27;3;1;1;NO APLICA;2
SEC01799;1;2020-09-24;4;2;PERÚ;2;EDUCADORES DE CALLE;LIMA;CALLAO;VENTANILLA;2023-02-27;2;2;1;NO APLICA;2
SEC01800;1;2021-02-05;4;2;PERÚ;2;EDUCADORES DE CALLE;LIMA;LIMA;SURQUILLO;2023-02-27;2;1;1;NO APLICA;2
SEC01801;2;2008-04-23;17;4;PERÚ;2;EDUCADORES DE CALLE;HUÁNUCO;HUÁNUCO;PILLCO MARCA;2023-02-28;1;1;1;NO APLICA;1
SEC01802;2;2010-01-12;15;4;PERÚ;2;EDUCADORES DE CALLE;PIURA;SULLANA;SULLANA;2023-02-28;1;1;2;2025-04-01;1
SEC01803;2;2007-12-28;17;4;PERÚ;2;EDUCADORES DE CALLE;PIURA;SULLANA;SULLANA;2023-02-28;1;1;2;2025-05-12;2
SEC01804;1;2015-06-27;9;3;PERÚ;2;EDUCADORES DE CALLE;LIMA;LIMA;PUENTE PIEDRA;2023-02-28;1;1;2;2025-03-24;1
SEC01805;1;2012-04-25;13;4;PERÚ;2;EDUCADORES DE CALLE;HUÁNUCO;HUÁNUCO;PILLCO MARCA;2023-02-28;1;1;1;NO APLICA;1
SEC01806;1;2017-02-13;8;3;PERÚ;2;EDUCADORES DE CALLE;LIMA;LIMA;PUENTE PIEDRA;2023-02-28;2;1;1;NO APLICA;2
SEC01807;2;2008-03-26;17;4;PERÚ;2;EDUCADORES DE CALLE;LIMA;LIMA;PUENTE PIEDRA;2023-02-28;1;1;2;2025-03-24;1
SEC01808;2;2008-04-10;17;4;PERÚ;2;EDUCADORES DE CALLE;LIMA;LIMA;PUENTE PIEDRA;2023-02-28;1;1;1;NO APLICA;1
SEC01809;1;2010-01-10;15;4;PERÚ;2;EDUCADORES DE CALLE;LIMA;LIMA;PUENTE PIEDRA;2023-02-28;2;1;1;NO APLICA;2
SEC01810;2;2012-07-16;12;4;PERÚ;2;EDUCADORES DE CALLE;PIURA;SULLANA;SULLANA;2023-02-28;1;1;2;2025-05-12;2
SEC01811;1;2012-04-01;13;4;PERÚ;2;EDUCADORES DE CALLE;LIMA;LIMA;PUENTE PIEDRA;2023-02-28;2;1;1;NO APLICA;2
SEC01812;2;2012-10-19;12;4;PERÚ;2;EDUCADORES DE CALLE;PIURA;SULLANA;SULLANA;2023-02-28;1;1;1;NO APLICA;2
SEC01813;1;2013-05-23;11;3;PERÚ;2;EDUCADORES DE CALLE;HUÁNUCO;HUÁNUCO;PILLCO MARCA;2023-02-28;1;1;1;NO APLICA;1
SEC01814;2;2009-10-01;15;4;PERÚ;2;EDUCADORES DE CALLE;LIMA;LIMA;PUENTE PIEDRA;2023-02-28;1;2;1;NO APLICA;1
SEC01815;1;2014-02-22;11;3;PERÚ;2;EDUCADORES DE CALLE;PIURA;SULLANA;SULLANA;2023-02-28;1;1;1;NO APLICA;2
SEC01816;2;2014-07-06;10;3;PERÚ;2;EDUCADORES DE CALLE;HUÁNUCO;HUÁNUCO;PILLCO MARCA;2023-02-28;1;1;1;NO APLICA;1
SEC01817;2;2014-09-07;10;3;PERÚ;2;EDUCADORES DE CALLE;LIMA;LIMA;PUENTE PIEDRA;2023-02-28;2;1;1;NO APLICA;2
SEC01818;2;2015-01-04;10;3;PERÚ;2;EDUCADORES DE CALLE;PIURA;PIURA;PIURA;2023-02-28;1;1;1;NO APLICA;2
SEC01819;1;2011-10-30;13;4;PERÚ;2;EDUCADORES DE CALLE;LIMA;LIMA;PUENTE PIEDRA;2023-02-28;1;1;1;NO APLICA;1
SEC01820;2;2017-09-17;7;3;PERÚ;2;EDUCADORES DE CALLE;LIMA;LIMA;PUENTE PIEDRA;2023-02-28;1;1;1;NO APLICA;1
SEC01821;1;2015-09-04;9;3;PERÚ;2;EDUCADORES DE CALLE;ICA;ICA;ICA;2023-02-28;1;1;1;NO APLICA;2
SEC01822;2;2015-08-10;9;3;PERÚ;2;EDUCADORES DE CALLE;LIMA;LIMA;PUENTE PIEDRA;2023-02-28;1;1;1;NO APLICA;1
SEC01823;1;2016-03-18;9;3;PERÚ;2;EDUCADORES DE CALLE;PIURA;SULLANA;SULLANA;2023-02-28;1;1;1;NO APLICA;2
SEC01824;1;2013-12-06;11;3;PERÚ;2;EDUCADORES DE CALLE;HUÁNUCO;HUÁNUCO;PILLCO MARCA;2023-02-28;1;1;1;NO APLICA;1
SEC01825;1;2014-06-26;10;3;PERÚ;2;EDUCADORES DE CALLE;HUÁNUCO;HUÁNUCO;PILLCO MARCA;2023-02-28;1;1;1;NO APLICA;1
SEC01826;1;2017-03-11;8;3;PERÚ;2;EDUCADORES DE CALLE;HUÁNUCO;HUÁNUCO;PILLCO MARCA;2023-02-28;1;1;1;NO APLICA;1
SEC01827;1;2017-05-23;7;3;PERÚ;2;EDUCADORES DE CALLE;HUÁNUCO;HUÁNUCO;PILLCO MARCA;2023-02-28;1;1;1;NO APLICA;1
SEC01828;2;2014-04-09;11;3;PERÚ;2;EDUCADORES DE CALLE;LIMA;LIMA;PUENTE PIEDRA;2023-02-28;1;2;1;NO APLICA;1
SEC01829;1;2018-08-10;6;3;PERÚ;2;EDUCADORES DE CALLE;ICA;ICA;ICA;2023-02-28;1;1;1;NO APLICA;2
SEC01830;2;2020-11-06;4;2;PERÚ;2;EDUCADORES DE CALLE;HUÁNUCO;HUÁNUCO;PILLCO MARCA;2023-02-28;1;1;1;NO APLICA;1
SEC01831;1;2011-10-20;13;4;PERÚ;2;EDUCADORES DE CALLE;PIURA;SULLANA;SULLANA;2023-02-28;1;1;2;2025-04-01;2
SEC01832;2;2012-05-19;12;4;PERÚ;2;EDUCADORES DE CALLE;AYACUCHO;HUAMANGA;AYACUCHO;2023-03-01;1;1;1;NO APLICA;2
SEC01833;2;2013-06-25;11;3;PERÚ;2;EDUCADORES DE CALLE;AYACUCHO;HUAMANGA;AYACUCHO;2023-03-01;1;1;1;NO APLICA;2
SEC01834;2;2016-02-24;9;3;PERÚ;2;EDUCADORES DE CALLE;LORETO;MAYNAS;BELEN;2023-03-01;1;1;1;NO APLICA;2
SEC01835;1;2010-01-23;15;4;PERÚ;2;EDUCADORES DE CALLE;JUNÍN;HUANCAYO;HUANCAYO;2023-03-02;1;1;1;NO APLICA;1
SEC01836;1;2012-09-14;12;4;PERÚ;2;EDUCADORES DE CALLE;JUNÍN;HUANCAYO;HUANCAYO;2023-03-02;1;1;1;NO APLICA;1
SEC01837;2;2012-08-20;12;4;PERÚ;2;EDUCADORES DE CALLE;JUNÍN;HUANCAYO;HUANCAYO;2023-03-02;1;1;1;NO APLICA;1
SEC01838;2;2007-05-14;17;4;PERÚ;2;EDUCADORES DE CALLE;TACNA;TACNA;TACNA;2023-03-02;1;1;2;2025-04-22;2
SEC01839;1;2012-12-29;12;4;PERÚ;2;EDUCADORES DE CALLE;LORETO;MAYNAS;BELEN;2023-03-02;1;1;1;NO APLICA;2
SEC01840;1;2013-03-31;12;4;PERÚ;2;EDUCADORES DE CALLE;TACNA;TACNA;TACNA;2023-03-02;1;1;2;2025-04-22;2
SEC01841;2;2014-01-12;11;3;PERÚ;2;EDUCADORES DE CALLE;MOQUEGUA;ILO;ILO;2023-03-02;1;1;1;NO APLICA;2
SEC01842;1;2013-12-31;11;3;PERÚ;2;EDUCADORES DE CALLE;LORETO;MAYNAS;IQUITOS;2023-03-02;1;1;1;NO APLICA;1
SEC01843;1;2015-05-23;9;3;PERÚ;2;EDUCADORES DE CALLE;APURÍMAC;ABANCAY;ABANCAY;2023-03-02;1;1;1;NO APLICA;2
SEC01844;1;2016-01-04;9;3;PERÚ;2;EDUCADORES DE CALLE;LORETO;MAYNAS;BELEN;2023-03-02;1;1;1;NO APLICA;1
SEC01845;1;2016-07-19;8;3;PERÚ;2;EDUCADORES DE CALLE;MOQUEGUA;ILO;ILO;2023-03-02;1;1;1;NO APLICA;2
SEC01846;2;2017-11-16;7;3;PERÚ;2;EDUCADORES DE CALLE;JUNÍN;HUANCAYO;HUANCAYO;2023-03-02;1;1;1;NO APLICA;1
SEC01847;2;2011-03-12;14;4;PERÚ;2;EDUCADORES DE CALLE;LIMA;LIMA;ATE;2023-03-03;3;1;1;NO APLICA;2
SEC01848;2;2014-01-04;11;3;PERÚ;2;EDUCADORES DE CALLE;LIMA;LIMA;COMAS;2023-03-03;1;1;1;NO APLICA;2
SEC01849;2;2015-11-02;9;3;PERÚ;2;EDUCADORES DE CALLE;HUÁNUCO;HUÁNUCO;HUÁNUCO;2023-03-03;1;1;1;NO APLICA;2
SEC01850;2;2017-07-13;7;3;PERÚ;2;EDUCADORES DE CALLE;LIMA;LIMA;COMAS;2023-03-03;1;1;1;NO APLICA;2
SEC01851;1;2010-09-11;14;4;VENEZUELA;2;EDUCADORES DE CALLE;LIMA;LIMA;COMAS;2023-03-03;1;5;1;NO APLICA;1
SEC01852;1;2017-11-09;7;3;VENEZUELA;2;EDUCADORES DE CALLE;LIMA;LIMA;COMAS;2023-03-03;1;5;2;2025-05-23;1
SEC01853;2;2014-03-03;11;3;VENEZUELA;2;EDUCADORES DE CALLE;LIMA;LIMA;COMAS;2023-03-03;1;5;2;2025-05-23;1
SEC01854;2;2012-05-20;12;4;PERÚ;2;EDUCADORES DE CALLE;AYACUCHO;HUAMANGA;AYACUCHO;2023-03-04;1;1;1;NO APLICA;2
SEC01855;2;2013-02-10;12;4;PERÚ;2;EDUCADORES DE CALLE;AYACUCHO;HUAMANGA;AYACUCHO;2023-03-05;1;1;1;NO APLICA;2
SEC01856;1;2015-01-31;10;3;PERÚ;2;EDUCADORES DE CALLE;AYACUCHO;HUAMANGA;AYACUCHO;2023-03-06;1;1;1;NO APLICA;2
SEC01857;1;2010-09-21;14;4;PERÚ;2;EDUCADORES DE CALLE;APURÍMAC;ABANCAY;ABANCAY;2023-03-07;1;1;1;NO APLICA;2
SEC01858;1;2008-11-12;16;4;PERÚ;2;EDUCADORES DE CALLE;APURÍMAC;ABANCAY;ABANCAY;2023-03-07;1;1;1;NO APLICA;2
SEC01859;1;2011-04-15;14;4;PERÚ;2;EDUCADORES DE CALLE;TACNA;TACNA;CORONEL GREGORIO ALBARRACIN LANCHIPA;2023-03-07;1;1;1;NO APLICA;2
SEC01860;1;2011-10-12;13;4;PERÚ;2;EDUCADORES DE CALLE;AYACUCHO;HUAMANGA;AYACUCHO;2023-03-07;1;1;1;NO APLICA;2
SEC01861;1;2011-02-09;14;4;PERÚ;2;EDUCADORES DE CALLE;HUÁNUCO;HUÁNUCO;HUÁNUCO;2023-03-07;1;1;1;NO APLICA;1
SEC01862;1;2014-04-25;11;3;PERÚ;2;EDUCADORES DE CALLE;HUÁNUCO;HUÁNUCO;HUÁNUCO;2023-03-07;1;1;1;NO APLICA;1
SEC01863;1;2016-04-25;9;3;PERÚ;2;EDUCADORES DE CALLE;APURÍMAC;ABANCAY;ABANCAY;2023-03-07;1;1;1;NO APLICA;2
SEC01864;2;2016-06-19;8;3;PERÚ;2;EDUCADORES DE CALLE;HUÁNUCO;HUÁNUCO;HUÁNUCO;2023-03-07;1;1;1;NO APLICA;1
SEC01865;2;2020-05-01;4;2;PERÚ;2;EDUCADORES DE CALLE;LIMA;LIMA;CARABAYLLO;2023-03-08;1;2;1;NO APLICA;2
SEC01866;1;2010-11-11;14;4;PERÚ;2;EDUCADORES DE CALLE;AYACUCHO;HUAMANGA;AYACUCHO;2023-03-08;1;1;1;NO APLICA;2
SEC01867;1;2007-09-24;17;4;PERÚ;2;EDUCADORES DE CALLE;ICA;ICA;ICA;2023-03-09;1;1;1;NO APLICA;2
SEC01868;1;2011-03-25;14;4;PERÚ;2;EDUCADORES DE CALLE;HUÁNUCO;HUÁNUCO;HUÁNUCO;2023-03-09;1;1;1;NO APLICA;1
SEC01869;2;2011-04-05;14;4;PERÚ;2;EDUCADORES DE CALLE;LORETO;MAYNAS;SAN JUAN BAUTISTA;2023-03-09;1;1;1;NO APLICA;2
SEC01870;2;2016-01-06;9;3;PERÚ;2;EDUCADORES DE CALLE;APURÍMAC;ABANCAY;ABANCAY;2023-03-09;1;1;1;NO APLICA;2
SEC01871;1;2012-11-02;12;4;PERÚ;2;EDUCADORES DE CALLE;AYACUCHO;HUAMANGA;AYACUCHO;2023-03-09;1;1;1;NO APLICA;2
SEC01872;2;2008-07-15;16;4;PERÚ;2;EDUCADORES DE CALLE;HUÁNUCO;HUÁNUCO;HUÁNUCO;2023-03-10;1;1;1;NO APLICA;1
SEC01873;1;2011-03-27;14;4;PERÚ;2;EDUCADORES DE CALLE;TACNA;TACNA;CORONEL GREGORIO ALBARRACIN LANCHIPA;2023-03-10;1;1;1;NO APLICA;2
SEC01874;1;2006-06-18;18;5;PERÚ;2;EDUCADORES DE CALLE;LIMA;LIMA;ANCON;2023-03-10;3;1;1;NO APLICA;1
SEC01875;1;2007-08-03;17;4;PERÚ;2;EDUCADORES DE CALLE;TACNA;TACNA;CORONEL GREGORIO ALBARRACIN LANCHIPA;2023-03-10;3;1;1;NO APLICA;1
SEC01876;2;2008-01-30;17;4;PERÚ;2;EDUCADORES DE CALLE;PUNO;SAN ROMAN;JULIACA;2023-03-11;1;1;2;2025-03-20;2
SEC01877;2;2012-11-23;12;4;PERÚ;2;EDUCADORES DE CALLE;PUNO;SAN ROMAN;JULIACA;2023-03-11;1;1;2;2025-03-20;1
SEC01878;1;2014-09-16;10;3;PERÚ;2;EDUCADORES DE CALLE;PUNO;SAN ROMAN;JULIACA;2023-03-11;1;1;2;2025-03-20;2
SEC01879;2;2016-04-15;9;3;PERÚ;2;EDUCADORES DE CALLE;PUNO;SAN ROMAN;JULIACA;2023-03-11;1;1;2;2025-04-23;2
SEC01880;1;2011-07-19;13;4;PERÚ;2;EDUCADORES DE CALLE;PUNO;SAN ROMAN;JULIACA;2023-03-11;1;1;2;2025-04-23;2
SEC01881;1;2013-04-10;12;4;PERÚ;2;EDUCADORES DE CALLE;PUNO;SAN ROMAN;JULIACA;2023-03-11;1;1;2;2025-04-23;2
SEC01882;1;2018-02-20;7;3;PERÚ;2;EDUCADORES DE CALLE;PUNO;SAN ROMAN;JULIACA;2023-03-11;1;1;2;2025-03-20;2
SEC01883;2;2007-07-23;17;4;PERÚ;2;EDUCADORES DE CALLE;LIMA;LIMA;SAN JUAN DE MIRAFLORES;2023-03-13;3;1;1;NO APLICA;2
SEC01884;2;2009-10-12;15;4;PERÚ;2;EDUCADORES DE CALLE;LORETO;MAYNAS;IQUITOS;2023-03-13;1;1;1;NO APLICA;2
SEC01885;2;2011-05-20;13;4;PERÚ;2;EDUCADORES DE CALLE;PUNO;SAN ROMAN;JULIACA;2023-03-13;1;1;2;2025-03-20;2
SEC01886;1;2014-04-22;11;3;PERÚ;2;EDUCADORES DE CALLE;PUNO;SAN ROMAN;JULIACA;2023-03-13;1;1;2;2025-03-20;2
SEC01887;2;2014-11-28;10;3;PERÚ;2;EDUCADORES DE CALLE;LORETO;MAYNAS;IQUITOS;2023-03-13;1;1;1;NO APLICA;2
SEC01888;1;2017-05-25;7;3;PERÚ;2;EDUCADORES DE CALLE;PUNO;SAN ROMAN;JULIACA;2023-03-13;1;1;2;2025-03-20;2
SEC01889;1;2011-11-29;13;4;PERÚ;2;EDUCADORES DE CALLE;HUÁNUCO;HUÁNUCO;HUÁNUCO;2023-03-14;1;1;1;NO APLICA;1
SEC01890;1;2012-05-22;12;4;PERÚ;2;EDUCADORES DE CALLE;TACNA;TACNA;CORONEL GREGORIO ALBARRACIN LANCHIPA;2023-03-15;1;1;2;2025-03-25;2
SEC01891;1;2009-07-22;15;4;PERÚ;2;EDUCADORES DE CALLE;TUMBES;ZARUMILLA;AGUAS VERDES;2023-03-16;1;1;1;NO APLICA;1
SEC01892;2;2010-10-01;14;4;PERÚ;2;EDUCADORES DE CALLE;PUNO;PUNO;PUNO;2023-03-16;1;1;1;NO APLICA;2
SEC01893;2;2011-05-21;13;4;PERÚ;2;EDUCADORES DE CALLE;PUNO;PUNO;PUNO;2023-03-16;1;1;1;NO APLICA;2
SEC01894;2;2007-08-10;17;4;PERÚ;1;EDUCADORES DE CALLE;HUÁNUCO;HUÁNUCO;HUÁNUCO;2023-03-17;1;1;1;NO APLICA;1
SEC01895;2;2009-03-15;16;4;PERÚ;2;EDUCADORES DE CALLE;TUMBES;ZARUMILLA;AGUAS VERDES;2023-03-17;1;1;1;NO APLICA;1
SEC01896;1;2010-01-28;15;4;PERÚ;2;EDUCADORES DE CALLE;ICA;ICA;ICA;2023-03-17;1;1;1;NO APLICA;2
SEC01897;2;2010-01-23;15;4;PERÚ;2;EDUCADORES DE CALLE;HUÁNUCO;HUÁNUCO;HUÁNUCO;2023-03-17;1;1;1;NO APLICA;1
SEC01898;1;2008-02-24;17;4;PERÚ;2;EDUCADORES DE CALLE;ICA;ICA;ICA;2023-03-17;1;1;1;NO APLICA;2
SEC01899;2;2011-02-14;14;4;PERÚ;2;EDUCADORES DE CALLE;LORETO;MAYNAS;IQUITOS;2023-03-17;1;1;1;NO APLICA;1
SEC01900;2;2015-06-15;9;3;PERÚ;2;EDUCADORES DE CALLE;LIMA;LIMA;INDEPENDENCIA;2023-03-17;1;1;1;NO APLICA;2
SEC01901;1;2012-08-19;12;4;PERÚ;2;EDUCADORES DE CALLE;TACNA;TACNA;CORONEL GREGORIO ALBARRACIN LANCHIPA;2023-03-17;1;1;2;2025-04-24;2
SEC01902;1;2012-11-24;12;4;PERÚ;2;EDUCADORES DE CALLE;PUNO;SAN ROMAN;JULIACA;2023-03-18;1;1;2;2025-03-20;2
SEC01903;1;2011-07-08;13;4;PERÚ;1;EDUCADORES DE CALLE;LIMA;LIMA;SAN JUAN DE MIRAFLORES;2023-03-21;2;1;1;NO APLICA;2
SEC01904;1;2017-12-14;7;3;PERÚ;2;EDUCADORES DE CALLE;LIMA;LIMA;CHORRILLOS;2023-03-21;2;1;1;NO APLICA;2
SEC01905;2;2009-06-10;15;4;PERÚ;2;EDUCADORES DE CALLE;PUNO;PUNO;PUNO;2023-03-22;1;2;2;2025-03-21;1
SEC01906;2;2011-06-20;13;4;PERÚ;2;EDUCADORES DE CALLE;ICA;ICA;ICA;2023-03-22;1;1;1;NO APLICA;2
SEC01907;1;2012-01-12;13;4;PERÚ;2;EDUCADORES DE CALLE;PUNO;PUNO;PUNO;2023-03-22;1;2;1;NO APLICA;2
SEC01908;2;2013-10-03;11;3;PERÚ;2;EDUCADORES DE CALLE;PUNO;PUNO;PUNO;2023-03-22;1;2;2;2025-03-21;1
SEC01909;1;2014-12-06;10;3;PERÚ;2;EDUCADORES DE CALLE;PUNO;PUNO;PUNO;2023-03-22;1;2;1;NO APLICA;2
SEC01910;1;2015-02-01;10;3;PERÚ;2;EDUCADORES DE CALLE;LORETO;MAYNAS;IQUITOS;2023-03-22;1;1;1;NO APLICA;1
SEC01911;2;2014-07-02;10;3;PERÚ;2;EDUCADORES DE CALLE;LORETO;MAYNAS;SAN JUAN BAUTISTA;2023-03-22;1;1;1;NO APLICA;2
SEC01912;1;2013-05-13;11;3;PERÚ;2;EDUCADORES DE CALLE;MOQUEGUA;MARISCAL NIETO;MOQUEGUA;2023-03-22;1;1;1;NO APLICA;1
SEC01913;2;2018-04-25;7;3;PERÚ;2;EDUCADORES DE CALLE;LORETO;MAYNAS;SAN JUAN BAUTISTA;2023-03-22;1;1;1;NO APLICA;2
SEC01914;1;2012-05-30;12;4;VENEZUELA;2;EDUCADORES DE CALLE;LIMA;LIMA;SAN JUAN DE MIRAFLORES;2023-03-22;1;1;1;NO APLICA;1
SEC01915;1;2007-10-06;17;4;PERÚ;1;EDUCADORES DE CALLE;ICA;ICA;ICA;2023-03-23;1;1;1;NO APLICA;2
SEC01916;2;2015-12-07;9;3;PERÚ;2;EDUCADORES DE CALLE;TUMBES;ZARUMILLA;AGUAS VERDES;2023-03-23;1;1;1;NO APLICA;1
SEC01917;2;2014-09-25;10;3;PERÚ;2;EDUCADORES DE CALLE;JUNÍN;CHUPACA;CHUPACA;2023-03-23;1;2;2;2025-04-25;1
SEC01918;1;2015-05-11;9;3;PERÚ;2;EDUCADORES DE CALLE;LORETO;MAYNAS;IQUITOS;2023-03-23;1;1;1;NO APLICA;1
SEC01919;2;2015-07-08;9;3;PERÚ;2;EDUCADORES DE CALLE;PUNO;PUNO;PUNO;2023-03-23;1;2;2;2025-04-23;2
SEC01920;1;2016-10-05;8;3;PERÚ;2;EDUCADORES DE CALLE;PUNO;PUNO;PUNO;2023-03-23;1;1;2;2025-04-23;2
SEC01921;2;2015-10-25;9;3;PERÚ;2;EDUCADORES DE CALLE;AYACUCHO;HUAMANGA;AYACUCHO;2023-03-23;1;1;1;NO APLICA;1
SEC01922;1;2013-07-22;11;3;PERÚ;2;EDUCADORES DE CALLE;LORETO;MAYNAS;IQUITOS;2023-03-23;1;1;1;NO APLICA;1
SEC01923;2;2010-02-28;15;4;PERÚ;2;EDUCADORES DE CALLE;LORETO;MAYNAS;IQUITOS;2023-03-23;1;1;1;NO APLICA;1
SEC01924;2;2010-02-28;15;4;PERÚ;2;EDUCADORES DE CALLE;LORETO;MAYNAS;IQUITOS;2023-03-23;1;5;1;NO APLICA;1
SEC01925;2;2007-01-29;18;5;PERÚ;2;EDUCADORES DE CALLE;LIMA;LIMA;RIMAC;2023-03-24;3;1;1;NO APLICA;2
SEC01926;1;2008-12-17;16;4;PERÚ;2;EDUCADORES DE CALLE;TACNA;TACNA;ALTO DE LA ALIANZA;2023-03-24;1;1;2;2025-05-09;2
SEC01927;1;2009-02-01;16;4;PERÚ;2;EDUCADORES DE CALLE;APURÍMAC;ABANCAY;ABANCAY;2023-03-24;1;1;1;NO APLICA;2
SEC01928;2;2012-03-21;13;4;PERÚ;2;EDUCADORES DE CALLE;LIMA;LIMA;SAN JUAN DE MIRAFLORES;2023-03-24;1;1;1;NO APLICA;2
SEC01929;2;2016-09-14;8;3;PERÚ;2;EDUCADORES DE CALLE;APURÍMAC;ABANCAY;ABANCAY;2023-03-24;1;1;1;NO APLICA;2
SEC01930;1;2016-06-27;8;3;PERÚ;2;EDUCADORES DE CALLE;LIMA;LIMA;SAN JUAN DE MIRAFLORES;2023-03-24;1;1;1;NO APLICA;1
SEC01931;2;2018-11-01;6;3;PERÚ;2;EDUCADORES DE CALLE;LIMA;LIMA;SAN JUAN DE MIRAFLORES;2023-03-24;1;1;1;NO APLICA;1
SEC01932;2;2006-11-13;18;5;PERÚ;2;EDUCADORES DE CALLE;AYACUCHO;HUAMANGA;SAN JUAN BAUTISTA;2023-03-25;1;1;1;NO APLICA;2
SEC01933;1;2007-10-25;17;4;PERÚ;2;EDUCADORES DE CALLE;LORETO;MAYNAS;SAN JUAN BAUTISTA;2023-03-25;1;1;1;NO APLICA;2
SEC01934;2;2010-10-23;14;4;PERÚ;2;EDUCADORES DE CALLE;AREQUIPA;AREQUIPA;JOSE LUIS BUSTAMANTE Y RIVERO;2023-03-25;1;1;1;NO APLICA;1
SEC01935;1;2011-08-25;13;4;PERÚ;2;EDUCADORES DE CALLE;LORETO;MAYNAS;SAN JUAN BAUTISTA;2023-03-25;1;1;1;NO APLICA;2
SEC01936;1;2010-10-20;14;4;PERÚ;2;EDUCADORES DE CALLE;LORETO;MAYNAS;SAN JUAN BAUTISTA;2023-03-25;1;1;1;NO APLICA;2
SEC01937;1;2012-10-21;12;4;PERÚ;2;EDUCADORES DE CALLE;LORETO;MAYNAS;SAN JUAN BAUTISTA;2023-03-25;1;1;1;NO APLICA;2
SEC01938;1;2014-04-12;11;3;PERÚ;2;EDUCADORES DE CALLE;LORETO;MAYNAS;SAN JUAN BAUTISTA;2023-03-25;1;1;1;NO APLICA;2
SEC01939;1;2014-11-02;10;3;PERÚ;2;EDUCADORES DE CALLE;LORETO;MAYNAS;SAN JUAN BAUTISTA;2023-03-25;1;1;1;NO APLICA;2
SEC01940;1;2015-12-10;9;3;PERÚ;2;EDUCADORES DE CALLE;LORETO;MAYNAS;SAN JUAN BAUTISTA;2023-03-25;1;1;1;NO APLICA;2
SEC01941;2;2017-09-25;7;3;PERÚ;2;EDUCADORES DE CALLE;LORETO;MAYNAS;SAN JUAN BAUTISTA;2023-03-25;1;1;1;NO APLICA;2
SEC01942;2;2019-06-06;5;2;PERÚ;2;EDUCADORES DE CALLE;LORETO;MAYNAS;SAN JUAN BAUTISTA;2023-03-25;1;1;1;NO APLICA;2
SEC01943;1;2016-01-14;9;3;PERÚ;2;EDUCADORES DE CALLE;AREQUIPA;AREQUIPA;JOSE LUIS BUSTAMANTE Y RIVERO;2023-03-25;1;1;1;NO APLICA;1
SEC01944;1;2007-06-13;17;4;PERÚ;2;EDUCADORES DE CALLE;PASCO;PASCO;YANACANCHA;2023-03-28;1;1;2;2025-03-04;1
SEC01945;1;2008-05-30;16;4;PERÚ;2;EDUCADORES DE CALLE;ICA;ICA;ICA;2023-03-28;1;1;1;NO APLICA;2
SEC01946;1;2008-09-21;16;4;PERÚ;2;EDUCADORES DE CALLE;ICA;ICA;ICA;2023-03-28;1;1;1;NO APLICA;2
SEC01947;2;2007-05-20;17;4;PERÚ;2;EDUCADORES DE CALLE;MOQUEGUA;MARISCAL NIETO;MOQUEGUA;2023-03-28;1;1;1;NO APLICA;2
SEC01948;1;2009-02-15;16;4;PERÚ;2;EDUCADORES DE CALLE;LORETO;MAYNAS;BELEN;2023-03-28;1;1;1;NO APLICA;2
SEC01949;1;2010-04-08;15;4;PERÚ;2;EDUCADORES DE CALLE;PASCO;PASCO;YANACANCHA;2023-03-28;1;1;2;2025-03-24;1
SEC01950;1;2010-09-29;14;4;PERÚ;2;EDUCADORES DE CALLE;LORETO;MAYNAS;SAN JUAN BAUTISTA;2023-03-28;1;1;1;NO APLICA;2
SEC01951;2;2010-03-15;15;4;PERÚ;2;EDUCADORES DE CALLE;AREQUIPA;AREQUIPA;JOSE LUIS BUSTAMANTE Y RIVERO;2023-03-28;1;1;1;NO APLICA;2
SEC01952;1;2011-03-21;14;4;PERÚ;2;EDUCADORES DE CALLE;PASCO;PASCO;YANACANCHA;2023-03-28;1;1;2;2025-03-24;1
SEC01953;1;2012-06-09;12;4;PERÚ;2;EDUCADORES DE CALLE;LORETO;MAYNAS;IQUITOS;2023-03-28;1;1;1;NO APLICA;1
SEC01954;2;2011-12-21;13;4;PERÚ;2;EDUCADORES DE CALLE;CUSCO;CUSCO;CUSCO;2023-03-28;1;1;1;NO APLICA;1
SEC01955;1;2011-11-04;13;4;PERÚ;2;EDUCADORES DE CALLE;ICA;ICA;ICA;2023-03-28;1;1;1;NO APLICA;2
SEC01956;2;2018-07-18;6;3;PERÚ;2;EDUCADORES DE CALLE;LORETO;MAYNAS;SAN JUAN BAUTISTA;2023-03-28;1;1;1;NO APLICA;2
SEC01957;2;2011-07-07;13;4;PERÚ;2;EDUCADORES DE CALLE;PASCO;PASCO;CHAUPIMARCA;2023-03-28;1;1;1;NO APLICA;2
SEC01958;2;2011-06-29;13;4;PERÚ;2;EDUCADORES DE CALLE;LORETO;MAYNAS;IQUITOS;2023-03-28;1;1;1;NO APLICA;2
SEC01959;2;2011-10-03;13;4;PERÚ;2;EDUCADORES DE CALLE;MOQUEGUA;MARISCAL NIETO;MOQUEGUA;2023-03-28;1;1;1;NO APLICA;1
SEC01960;1;2010-09-24;14;4;PERÚ;2;EDUCADORES DE CALLE;LORETO;MAYNAS;IQUITOS;2023-03-28;1;1;1;NO APLICA;1
SEC01961;1;2012-04-21;13;4;PERÚ;2;EDUCADORES DE CALLE;PASCO;PASCO;CHAUPIMARCA;2023-03-28;1;1;2;2025-03-24;2
SEC01962;2;2012-04-14;13;4;PERÚ;2;EDUCADORES DE CALLE;PASCO;PASCO;CHAUPIMARCA;2023-03-28;1;1;2;2025-03-24;2
SEC01963;2;2013-05-07;11;3;PERÚ;2;EDUCADORES DE CALLE;PASCO;PASCO;YANACANCHA;2023-03-28;1;1;2;2025-03-24;1
SEC01964;1;2010-12-22;14;4;PERÚ;2;EDUCADORES DE CALLE;LORETO;MAYNAS;IQUITOS;2023-03-28;1;1;1;NO APLICA;2
SEC01965;1;2010-07-01;14;4;PERÚ;2;EDUCADORES DE CALLE;LIMA;LIMA;ATE;2023-03-28;1;1;1;NO APLICA;2
SEC01966;1;2009-04-04;16;4;PERÚ;2;EDUCADORES DE CALLE;LORETO;MAYNAS;BELEN;2023-03-28;1;1;1;NO APLICA;2
SEC01967;1;2010-10-14;14;4;PERÚ;2;EDUCADORES DE CALLE;LIMA;LIMA;ATE;2023-03-28;1;1;1;NO APLICA;1
SEC01968;2;2013-08-23;11;3;PERÚ;2;EDUCADORES DE CALLE;PASCO;PASCO;CHAUPIMARCA;2023-03-28;1;1;2;2025-03-24;2
SEC01969;1;2013-12-24;11;3;PERÚ;2;EDUCADORES DE CALLE;CUSCO;CUSCO;CUSCO;2023-03-28;1;1;1;NO APLICA;1
SEC01970;2;2014-02-17;11;3;PERÚ;2;EDUCADORES DE CALLE;AREQUIPA;AREQUIPA;JOSE LUIS BUSTAMANTE Y RIVERO;2023-03-28;1;1;2;2025-05-26;2
SEC01971;2;2014-10-30;10;3;PERÚ;2;EDUCADORES DE CALLE;AREQUIPA;AREQUIPA;JOSE LUIS BUSTAMANTE Y RIVERO;2023-03-28;1;1;1;NO APLICA;2
SEC01972;1;2016-06-08;8;3;PERÚ;2;EDUCADORES DE CALLE;LORETO;MAYNAS;IQUITOS;2023-03-28;1;1;1;NO APLICA;1
SEC01973;1;2016-06-15;8;3;PERÚ;2;EDUCADORES DE CALLE;AREQUIPA;AREQUIPA;JOSE LUIS BUSTAMANTE Y RIVERO;2023-03-28;1;1;1;NO APLICA;2
SEC01974;1;2014-05-17;10;3;PERÚ;2;EDUCADORES DE CALLE;LORETO;MAYNAS;IQUITOS;2023-03-28;1;1;1;NO APLICA;2
SEC01975;2;2013-07-26;11;3;PERÚ;2;EDUCADORES DE CALLE;MOQUEGUA;MARISCAL NIETO;MOQUEGUA;2023-03-28;1;1;1;NO APLICA;1
SEC01976;2;2011-10-23;13;4;PERÚ;2;EDUCADORES DE CALLE;LORETO;MAYNAS;IQUITOS;2023-03-28;1;1;1;NO APLICA;2
SEC01977;1;2012-09-28;12;4;PERÚ;2;EDUCADORES DE CALLE;LORETO;MAYNAS;IQUITOS;2023-03-28;1;1;1;NO APLICA;2
SEC01978;2;2014-05-14;10;3;PERÚ;2;EDUCADORES DE CALLE;LORETO;MAYNAS;IQUITOS;2023-03-28;1;1;1;NO APLICA;2
SEC01979;1;2018-01-29;7;3;PERÚ;2;EDUCADORES DE CALLE;MOQUEGUA;MARISCAL NIETO;MOQUEGUA;2023-03-28;1;1;1;NO APLICA;2
SEC01980;1;2014-05-15;10;3;PERÚ;2;EDUCADORES DE CALLE;LORETO;MAYNAS;IQUITOS;2023-03-28;1;1;1;NO APLICA;2
SEC01981;1;2014-11-23;10;3;PERÚ;2;EDUCADORES DE CALLE;ICA;ICA;ICA;2023-03-28;1;1;2;2025-03-25;2
SEC01982;2;2011-08-02;13;4;VENEZUELA;2;EDUCADORES DE CALLE;AREQUIPA;AREQUIPA;AREQUIPA;2023-03-30;1;5;1;NO APLICA;1
SEC01983;1;2015-01-28;10;3;VENEZUELA;2;EDUCADORES DE CALLE;AREQUIPA;AREQUIPA;AREQUIPA;2023-03-30;1;5;1;NO APLICA;1
SEC01984;1;2009-01-21;16;4;PERÚ;2;EDUCADORES DE CALLE;HUÁNUCO;HUÁNUCO;HUÁNUCO;2023-03-30;1;1;1;NO APLICA;2
SEC01985;2;2012-08-03;12;4;PERÚ;2;EDUCADORES DE CALLE;HUÁNUCO;HUÁNUCO;HUÁNUCO;2023-03-30;1;1;1;NO APLICA;2
SEC01986;1;2007-03-25;18;5;PERÚ;2;EDUCADORES DE CALLE;LIMA;LIMA;SAN MARTIN DE PORRES;2023-03-30;1;1;2;2025-04-23;2
SEC01987;2;2011-02-24;14;4;PERÚ;2;EDUCADORES DE CALLE;AREQUIPA;AREQUIPA;AREQUIPA;2023-03-30;1;1;1;NO APLICA;1
SEC01988;2;2011-09-09;13;4;PERÚ;2;EDUCADORES DE CALLE;LA LIBERTAD;TRUJILLO;TRUJILLO;2023-03-30;1;1;2;2025-02-25;2
SEC01989;1;2012-06-11;12;4;PERÚ;2;EDUCADORES DE CALLE;LIMA;LIMA;SAN MARTIN DE PORRES;2023-03-30;1;1;1;NO APLICA;2
SEC01990;1;2013-02-11;12;4;PERÚ;2;EDUCADORES DE CALLE;HUÁNUCO;HUÁNUCO;HUÁNUCO;2023-03-30;1;1;1;NO APLICA;2
SEC01991;2;2013-06-30;11;3;PERÚ;2;EDUCADORES DE CALLE;HUÁNUCO;HUÁNUCO;HUÁNUCO;2023-03-30;1;1;1;NO APLICA;2
SEC01992;1;2014-02-14;11;3;PERÚ;2;EDUCADORES DE CALLE;LA LIBERTAD;TRUJILLO;TRUJILLO;2023-03-30;1;1;2;2025-02-25;2
SEC01993;1;2014-12-09;10;3;PERÚ;2;EDUCADORES DE CALLE;HUÁNUCO;HUÁNUCO;HUÁNUCO;2023-03-30;1;1;1;NO APLICA;2
SEC01994;2;2015-06-26;9;3;PERÚ;2;EDUCADORES DE CALLE;HUÁNUCO;HUÁNUCO;HUÁNUCO;2023-03-30;1;1;1;NO APLICA;2
SEC01995;2;2014-02-04;11;3;PERÚ;2;EDUCADORES DE CALLE;AYACUCHO;HUAMANGA;SAN JUAN BAUTISTA;2023-03-30;1;1;1;NO APLICA;1
SEC01996;2;2014-02-04;11;3;PERÚ;2;EDUCADORES DE CALLE;AYACUCHO;HUAMANGA;SAN JUAN BAUTISTA;2023-03-30;1;1;1;NO APLICA;1
SEC01997;2;2015-11-04;9;3;PERÚ;2;EDUCADORES DE CALLE;HUÁNUCO;HUÁNUCO;HUÁNUCO;2023-03-30;1;1;1;NO APLICA;2
SEC01998;1;2016-07-05;8;3;PERÚ;2;EDUCADORES DE CALLE;HUÁNUCO;HUÁNUCO;HUÁNUCO;2023-03-30;1;1;1;NO APLICA;2
SEC01999;2;2011-05-26;13;4;PERÚ;2;EDUCADORES DE CALLE;HUÁNUCO;HUÁNUCO;HUÁNUCO;2023-03-30;1;1;1;NO APLICA;2
SEC02000;1;2009-09-19;15;4;PERÚ;2;EDUCADORES DE CALLE;HUÁNUCO;HUÁNUCO;HUÁNUCO;2023-03-30;1;1;1;NO APLICA;2
SEC02001;2;2007-07-21;17;4;PERÚ;2;EDUCADORES DE CALLE;HUÁNUCO;HUÁNUCO;HUÁNUCO;2023-03-30;1;1;1;NO APLICA;2
SEC02002;1;2016-09-27;8;3;PERÚ;2;EDUCADORES DE CALLE;LIMA;LIMA;SAN MARTIN DE PORRES;2023-03-30;1;1;1;NO APLICA;2
SEC02003;1;2011-02-16;14;4;PERÚ;2;EDUCADORES DE CALLE;LIMA;LIMA;VILLA MARIA DEL TRIUNFO;2023-03-30;1;1;1;NO APLICA;2
SEC02004;2;2013-01-08;12;4;PERÚ;2;EDUCADORES DE CALLE;LIMA;LIMA;VILLA MARIA DEL TRIUNFO;2023-03-30;1;1;1;NO APLICA;2
SEC02005;1;2009-08-28;15;4;PERÚ;2;EDUCADORES DE CALLE;AYACUCHO;HUAMANGA;AYACUCHO;2023-03-31;1;1;1;NO APLICA;1
SEC02006;1;2008-02-29;17;4;PERÚ;2;EDUCADORES DE CALLE;JUNÍN;HUANCAYO;HUANCAYO;2023-03-31;1;1;1;NO APLICA;1
SEC02007;2;2011-10-16;13;4;PERÚ;2;EDUCADORES DE CALLE;JUNÍN;HUANCAYO;HUANCAYO;2023-03-31;1;2;2;2025-03-24;2
SEC02008;2;2010-11-20;14;4;PERÚ;2;EDUCADORES DE CALLE;JUNÍN;HUANCAYO;HUANCAYO;2023-03-31;1;1;2;2025-04-23;1
SEC02009;1;2007-11-20;17;4;PERÚ;2;EDUCADORES DE CALLE;JUNÍN;HUANCAYO;HUANCAYO;2023-03-31;1;1;2;2025-04-23;1
SEC02010;2;2010-03-19;15;4;PERÚ;2;EDUCADORES DE CALLE;JUNÍN;HUANCAYO;HUANCAYO;2023-03-31;1;1;2;2025-04-23;2
SEC02011;1;2012-07-10;12;4;PERÚ;2;EDUCADORES DE CALLE;PIURA;PIURA;PIURA;2023-03-31;1;1;1;NO APLICA;1
SEC02012;2;2014-10-31;10;3;PERÚ;2;EDUCADORES DE CALLE;JUNÍN;HUANCAYO;HUANCAYO;2023-03-31;1;1;2;2025-04-23;2
SEC02013;2;2016-08-10;8;3;PERÚ;2;EDUCADORES DE CALLE;PIURA;PIURA;PIURA;2023-03-31;1;1;1;NO APLICA;1
SEC02014;2;2013-02-28;12;4;PERÚ;2;EDUCADORES DE CALLE;JUNÍN;HUANCAYO;HUANCAYO;2023-03-31;1;1;2;2025-03-24;2
SEC02015;1;2007-01-12;18;5;PERÚ;2;EDUCADORES DE CALLE;HUÁNUCO;HUÁNUCO;HUÁNUCO;2023-04-01;1;1;1;NO APLICA;2
SEC02016;1;2016-07-28;8;3;PERÚ;2;EDUCADORES DE CALLE;HUÁNUCO;HUÁNUCO;HUÁNUCO;2023-04-01;1;1;1;NO APLICA;2
SEC02017;1;2019-03-26;6;3;PERÚ;2;EDUCADORES DE CALLE;HUÁNUCO;HUÁNUCO;HUÁNUCO;2023-04-01;1;1;1;NO APLICA;2
SEC02018;2;2011-11-02;13;4;PERÚ;2;EDUCADORES DE CALLE;AREQUIPA;AREQUIPA;JOSE LUIS BUSTAMANTE Y RIVERO;2023-04-04;1;1;2;2025-02-24;1
SEC02019;1;2006-12-07;18;5;PERÚ;2;EDUCADORES DE CALLE;AREQUIPA;AREQUIPA;JOSE LUIS BUSTAMANTE Y RIVERO;2023-04-04;1;1;2;2025-01-24;1
SEC02020;1;2008-09-04;16;4;PERÚ;2;EDUCADORES DE CALLE;LIMA;LIMA;ATE;2023-04-04;3;1;1;NO APLICA;2
SEC02021;2;2013-02-16;12;4;PERÚ;2;EDUCADORES DE CALLE;APURÍMAC;ABANCAY;ABANCAY;2023-04-04;1;1;1;NO APLICA;2
SEC02022;1;2007-04-24;18;5;PERÚ;1;EDUCADORES DE CALLE;MOQUEGUA;ILO;ILO;2023-04-09;1;2;2;2025-03-24;2
SEC02023;1;2014-10-28;10;3;PERÚ;2;EDUCADORES DE CALLE;MOQUEGUA;ILO;ILO;2023-04-09;1;1;1;NO APLICA;2
SEC02024;1;2009-07-13;15;4;PERÚ;2;EDUCADORES DE CALLE;APURÍMAC;ABANCAY;ABANCAY;2023-04-10;1;1;1;NO APLICA;2
SEC02025;1;2007-03-28;18;5;PERÚ;2;EDUCADORES DE CALLE;LORETO;MAYNAS;IQUITOS;2023-04-11;1;1;2;2025-05-15;2
SEC02026;1;2008-11-06;16;4;PERÚ;2;EDUCADORES DE CALLE;PUNO;SAN ROMAN;JULIACA;2023-04-11;1;1;1;NO APLICA;2
SEC02027;2;2008-06-11;16;4;PERÚ;2;EDUCADORES DE CALLE;PUNO;SAN ROMAN;JULIACA;2023-04-11;1;1;1;NO APLICA;2
SEC02028;1;2009-06-03;15;4;PERÚ;2;EDUCADORES DE CALLE;MOQUEGUA;MARISCAL NIETO;MOQUEGUA;2023-04-11;1;1;1;NO APLICA;1
SEC02029;2;2009-05-26;15;4;PERÚ;2;EDUCADORES DE CALLE;PUNO;SAN ROMAN;JULIACA;2023-04-11;1;1;1;NO APLICA;2
SEC02030;2;2010-04-11;15;4;PERÚ;2;EDUCADORES DE CALLE;PUNO;PUNO;PUNO;2023-04-11;1;1;1;NO APLICA;1
SEC02031;2;2011-09-05;13;4;PERÚ;2;EDUCADORES DE CALLE;PUNO;SAN ROMAN;JULIACA;2023-04-11;1;1;1;NO APLICA;2
SEC02032;2;2008-11-13;16;4;PERÚ;2;EDUCADORES DE CALLE;LORETO;MAYNAS;IQUITOS;2023-04-11;1;1;2;2025-05-15;1
SEC02033;1;2012-05-21;12;4;PERÚ;2;EDUCADORES DE CALLE;PUNO;SAN ROMAN;JULIACA;2023-04-11;1;1;1;NO APLICA;2
SEC02034;2;2013-10-03;11;3;PERÚ;2;EDUCADORES DE CALLE;PUNO;SAN ROMAN;JULIACA;2023-04-11;1;1;1;NO APLICA;2
SEC02035;1;2014-02-15;11;3;PERÚ;2;EDUCADORES DE CALLE;PUNO;SAN ROMAN;JULIACA;2023-04-11;1;1;1;NO APLICA;2
SEC02036;1;2016-12-05;8;3;PERÚ;2;EDUCADORES DE CALLE;PUNO;PUNO;PUNO;2023-04-11;1;1;1;NO APLICA;1
SEC02037;1;2013-06-20;11;3;PERÚ;2;EDUCADORES DE CALLE;PUNO;SAN ROMAN;JULIACA;2023-04-11;1;2;1;NO APLICA;2
SEC02038;2;2011-06-25;13;4;PERÚ;2;EDUCADORES DE CALLE;LORETO;MAYNAS;BELEN;2023-04-12;1;1;1;NO APLICA;2
SEC02039;1;2012-10-19;12;4;PERÚ;2;EDUCADORES DE CALLE;LORETO;MAYNAS;BELEN;2023-04-12;1;1;1;NO APLICA;2
SEC02040;1;2016-03-23;9;3;PERÚ;2;EDUCADORES DE CALLE;TUMBES;ZARUMILLA;AGUAS VERDES;2023-04-12;1;1;1;NO APLICA;1
SEC02041;2;2014-10-06;10;3;PERÚ;2;EDUCADORES DE CALLE;ANCASH;SANTA;CHIMBOTE;2023-04-12;1;1;1;NO APLICA;2
SEC02042;1;2017-06-07;7;3;PERÚ;2;EDUCADORES DE CALLE;ANCASH;SANTA;CHIMBOTE;2023-04-12;1;1;1;NO APLICA;2
SEC02043;2;2011-10-12;13;4;PERÚ;2;EDUCADORES DE CALLE;ANCASH;SANTA;CHIMBOTE;2023-04-13;1;1;1;NO APLICA;2
SEC02044;2;2008-12-01;16;4;PERÚ;2;EDUCADORES DE CALLE;PUNO;PUNO;PUNO;2023-04-13;1;1;1;NO APLICA;1
SEC02045;2;2012-02-16;13;4;PERÚ;2;EDUCADORES DE CALLE;LIMA;LIMA;SAN JUAN DE MIRAFLORES;2023-04-13;1;1;1;NO APLICA;1
SEC02046;2;2012-04-04;13;4;PERÚ;2;EDUCADORES DE CALLE;PUNO;PUNO;PUNO;2023-04-13;1;1;1;NO APLICA;1
SEC02047;2;2013-03-04;12;4;PERÚ;2;EDUCADORES DE CALLE;PUNO;PUNO;PUNO;2023-04-13;1;1;1;NO APLICA;1
SEC02048;1;2015-01-06;10;3;PERÚ;2;EDUCADORES DE CALLE;ANCASH;SANTA;CHIMBOTE;2023-04-13;1;1;1;NO APLICA;2
SEC02049;2;2017-05-28;7;3;PERÚ;2;EDUCADORES DE CALLE;ANCASH;SANTA;CHIMBOTE;2023-04-13;1;1;1;NO APLICA;2
SEC02050;1;2020-05-25;4;2;PERÚ;2;EDUCADORES DE CALLE;LIMA;LIMA;INDEPENDENCIA;2023-04-13;2;1;1;NO APLICA;2
SEC02051;1;2022-01-12;3;2;PERÚ;2;EDUCADORES DE CALLE;LIMA;LIMA;INDEPENDENCIA;2023-04-13;2;1;1;NO APLICA;2
SEC02052;1;2011-12-11;13;4;PERÚ;2;EDUCADORES DE CALLE;HUANCAVELICA;HUANCAVELICA;HUANCAVELICA;2023-04-14;1;1;1;NO APLICA;2
SEC02053;2;2010-06-06;14;4;PERÚ;2;EDUCADORES DE CALLE;TACNA;TACNA;TACNA;2023-04-14;1;1;2;2025-05-26;1
SEC02054;2;2009-12-20;15;4;PERÚ;2;EDUCADORES DE CALLE;HUANCAVELICA;HUANCAVELICA;HUANCAVELICA;2023-04-14;1;1;2;2025-03-26;2
SEC02055;2;2011-08-16;13;4;PERÚ;2;EDUCADORES DE CALLE;CUSCO;CUSCO;CUSCO;2023-04-14;1;1;1;NO APLICA;1
SEC02056;1;2012-10-04;12;4;PERÚ;2;EDUCADORES DE CALLE;PUNO;PUNO;PUNO;2023-04-14;1;1;1;NO APLICA;2
SEC02057;2;2014-05-26;10;3;PERÚ;2;EDUCADORES DE CALLE;PUNO;PUNO;PUNO;2023-04-14;1;1;1;NO APLICA;2
SEC02058;2;2016-07-05;8;3;PERÚ;2;EDUCADORES DE CALLE;PUNO;PUNO;PUNO;2023-04-14;1;1;1;NO APLICA;2
SEC02059;2;2013-10-17;11;3;PERÚ;2;EDUCADORES DE CALLE;HUANCAVELICA;HUANCAVELICA;HUANCAVELICA;2023-04-14;1;1;1;NO APLICA;2
SEC02060;2;2013-02-18;12;4;PERÚ;2;EDUCADORES DE CALLE;CUSCO;CUSCO;CUSCO;2023-04-14;1;1;1;NO APLICA;1
SEC02061;2;2014-09-03;10;3;PERÚ;2;EDUCADORES DE CALLE;TACNA;TACNA;TACNA;2023-04-14;1;1;2;2025-05-26;1
SEC02062;1;2016-01-30;9;3;PERÚ;2;EDUCADORES DE CALLE;LAMBAYEQUE;CHICLAYO;CHICLAYO;2023-04-17;1;2;2;2025-05-24;1
SEC02063;2;2016-01-30;9;3;PERÚ;1;EDUCADORES DE CALLE;LAMBAYEQUE;CHICLAYO;CHICLAYO;2023-04-17;1;2;2;2025-05-24;1
SEC02064;2;2014-01-30;11;3;PERÚ;2;EDUCADORES DE CALLE;APURÍMAC;ABANCAY;ABANCAY;2023-04-18;1;1;1;NO APLICA;2
SEC02065;2;2010-12-04;14;4;PERÚ;2;EDUCADORES DE CALLE;ANCASH;SANTA;CHIMBOTE;2023-04-18;1;1;1;NO APLICA;2
SEC02066;2;2012-03-20;13;4;PERÚ;2;EDUCADORES DE CALLE;LORETO;MAYNAS;IQUITOS;2023-04-18;1;1;2;2025-05-12;1
SEC02067;1;2016-08-16;8;3;PERÚ;2;EDUCADORES DE CALLE;PUNO;PUNO;PUNO;2023-04-18;1;1;1;NO APLICA;2
SEC02068;1;2011-07-31;13;4;VENEZUELA;2;EDUCADORES DE CALLE;LIMA;LIMA;CHORRILLOS;2023-04-19;1;5;1;NO APLICA;1
SEC02069;1;2020-06-30;4;2;PERÚ;2;EDUCADORES DE CALLE;LIMA;LIMA;CHORRILLOS;2023-04-19;2;1;1;NO APLICA;1
SEC02070;2;2007-10-07;17;4;PERÚ;2;EDUCADORES DE CALLE;LORETO;MAYNAS;IQUITOS;2023-04-20;1;1;2;2025-05-14;1
SEC02071;2;2008-09-24;16;4;PERÚ;2;EDUCADORES DE CALLE;LA LIBERTAD;TRUJILLO;TRUJILLO;2023-04-20;1;1;1;NO APLICA;2
SEC02072;1;2008-06-11;16;4;PERÚ;2;EDUCADORES DE CALLE;LORETO;MAYNAS;IQUITOS;2023-04-20;1;1;1;NO APLICA;1
SEC02073;1;2009-12-07;15;4;PERÚ;2;EDUCADORES DE CALLE;LORETO;MAYNAS;IQUITOS;2023-04-20;1;1;1;NO APLICA;1
SEC02074;1;2011-01-19;14;4;PERÚ;2;EDUCADORES DE CALLE;LORETO;MAYNAS;SAN JUAN BAUTISTA;2023-04-20;1;1;1;NO APLICA;2
SEC02075;1;2012-06-10;12;4;PERÚ;2;EDUCADORES DE CALLE;LORETO;MAYNAS;IQUITOS;2023-04-20;1;1;1;NO APLICA;1
SEC02076;1;2009-05-22;15;4;PERÚ;2;EDUCADORES DE CALLE;TACNA;TACNA;CORONEL GREGORIO ALBARRACIN LANCHIPA;2023-04-20;1;1;2;2025-05-26;2
SEC02077;1;2009-11-29;15;4;PERÚ;2;EDUCADORES DE CALLE;PUNO;PUNO;PUNO;2023-04-20;1;1;1;NO APLICA;2
SEC02078;1;2011-02-23;14;4;PERÚ;2;EDUCADORES DE CALLE;PUNO;PUNO;PUNO;2023-04-20;1;1;1;NO APLICA;2
SEC02079;2;2011-03-05;14;4;PERÚ;2;EDUCADORES DE CALLE;LA LIBERTAD;TRUJILLO;TRUJILLO;2023-04-20;1;1;1;NO APLICA;2
SEC02080;1;2012-12-31;12;4;PERÚ;2;EDUCADORES DE CALLE;LORETO;MAYNAS;IQUITOS;2023-04-20;1;1;1;NO APLICA;2
SEC02081;2;2013-05-13;11;3;PERÚ;2;EDUCADORES DE CALLE;TACNA;TACNA;CORONEL GREGORIO ALBARRACIN LANCHIPA;2023-04-20;1;1;2;2025-05-26;2
SEC02082;1;2013-08-01;11;3;PERÚ;2;EDUCADORES DE CALLE;PUNO;PUNO;PUNO;2023-04-20;1;1;1;NO APLICA;2
SEC02083;1;2014-06-17;10;3;PERÚ;2;EDUCADORES DE CALLE;LA LIBERTAD;TRUJILLO;TRUJILLO;2023-04-20;1;1;2;2025-01-24;2
SEC02084;1;2015-12-09;9;3;PERÚ;2;EDUCADORES DE CALLE;PUNO;PUNO;PUNO;2023-04-20;1;1;1;NO APLICA;2
SEC02085;2;2015-11-16;9;3;PERÚ;2;EDUCADORES DE CALLE;AREQUIPA;AREQUIPA;JOSE LUIS BUSTAMANTE Y RIVERO;2023-04-20;1;1;1;NO APLICA;2
SEC02086;2;2016-10-10;8;3;PERÚ;2;EDUCADORES DE CALLE;LIMA;LIMA;SAN JUAN DE MIRAFLORES;2023-04-20;2;1;1;NO APLICA;2
SEC02087;1;2013-04-05;12;4;PERÚ;2;EDUCADORES DE CALLE;LA LIBERTAD;TRUJILLO;TRUJILLO;2023-04-20;1;1;1;NO APLICA;2
SEC02088;2;2017-06-06;7;3;PERÚ;2;EDUCADORES DE CALLE;LORETO;MAYNAS;IQUITOS;2023-04-20;1;1;1;NO APLICA;1
SEC02089;1;2017-10-24;7;3;PERÚ;2;EDUCADORES DE CALLE;LORETO;MAYNAS;IQUITOS;2023-04-20;1;1;1;NO APLICA;2
SEC02090;1;2007-03-08;18;5;PERÚ;2;EDUCADORES DE CALLE;TACNA;TACNA;TACNA;2023-04-21;3;1;1;NO APLICA;1
SEC02091;1;2007-11-29;17;4;PERÚ;2;EDUCADORES DE CALLE;MOQUEGUA;ILO;ILO;2023-04-22;1;1;1;NO APLICA;2
SEC02092;1;2011-02-11;14;4;PERÚ;2;EDUCADORES DE CALLE;MOQUEGUA;ILO;ILO;2023-04-22;1;1;1;NO APLICA;2
SEC02093;1;2012-08-27;12;4;PERÚ;2;EDUCADORES DE CALLE;MOQUEGUA;ILO;ILO;2023-04-22;1;1;1;NO APLICA;2
SEC02094;1;2015-04-12;10;3;PERÚ;2;EDUCADORES DE CALLE;MOQUEGUA;ILO;ILO;2023-04-22;1;1;1;NO APLICA;2
SEC02095;2;2009-03-15;16;4;PERÚ;2;EDUCADORES DE CALLE;TUMBES;ZARUMILLA;AGUAS VERDES;2023-04-23;1;1;1;NO APLICA;1
SEC02096;2;2008-08-25;16;4;PERÚ;1;EDUCADORES DE CALLE;LIMA;CALLAO;VENTANILLA;2023-04-24;3;1;1;NO APLICA;1
SEC02097;2;2007-11-13;17;4;PERÚ;2;EDUCADORES DE CALLE;PUNO;PUNO;PUNO;2023-04-25;1;1;1;NO APLICA;2
SEC02098;2;2008-03-28;17;4;PERÚ;2;EDUCADORES DE CALLE;APURÍMAC;ABANCAY;ABANCAY;2023-04-25;1;2;1;NO APLICA;2
SEC02099;2;2008-11-02;16;4;PERÚ;2;EDUCADORES DE CALLE;PUNO;PUNO;PUNO;2023-04-25;1;1;1;NO APLICA;2
SEC02100;1;2009-12-10;15;4;PERÚ;2;EDUCADORES DE CALLE;APURÍMAC;ABANCAY;ABANCAY;2023-04-25;3;1;1;NO APLICA;2
SEC02101;1;2010-06-15;14;4;PERÚ;2;EDUCADORES DE CALLE;MOQUEGUA;MARISCAL NIETO;MOQUEGUA;2023-04-25;1;2;1;NO APLICA;1
SEC02102;1;2011-07-06;13;4;PERÚ;2;EDUCADORES DE CALLE;APURÍMAC;ABANCAY;ABANCAY;2023-04-25;3;1;1;NO APLICA;2
SEC02103;1;2007-05-16;17;4;PERÚ;2;EDUCADORES DE CALLE;LIMA;LIMA;SAN JUAN DE MIRAFLORES;2023-04-25;3;1;1;NO APLICA;2
SEC02104;1;2012-08-07;12;4;PERÚ;2;EDUCADORES DE CALLE;APURÍMAC;ABANCAY;ABANCAY;2023-04-25;3;2;1;NO APLICA;2
SEC02105;1;2010-01-10;15;4;PERÚ;2;EDUCADORES DE CALLE;PUNO;PUNO;PUNO;2023-04-25;1;1;1;NO APLICA;2
SEC02106;1;2013-04-11;12;4;PERÚ;2;EDUCADORES DE CALLE;LIMA;LIMA;SAN JUAN DE MIRAFLORES;2023-04-25;3;1;1;NO APLICA;2
SEC02107;1;2014-01-10;11;3;PERÚ;2;EDUCADORES DE CALLE;APURÍMAC;ABANCAY;ABANCAY;2023-04-25;1;2;1;NO APLICA;2
SEC02108;2;2014-05-01;10;3;PERÚ;2;EDUCADORES DE CALLE;MOQUEGUA;MARISCAL NIETO;MOQUEGUA;2023-04-25;1;1;1;NO APLICA;2
SEC02109;2;2015-02-23;10;3;PERÚ;2;EDUCADORES DE CALLE;ANCASH;SANTA;CHIMBOTE;2023-04-25;1;1;1;NO APLICA;2
SEC02110;1;2015-05-02;9;3;PERÚ;2;EDUCADORES DE CALLE;PUNO;PUNO;PUNO;2023-04-25;1;1;1;NO APLICA;1
SEC02111;1;2015-07-30;9;3;PERÚ;2;EDUCADORES DE CALLE;PUNO;SAN ROMAN;JULIACA;2023-04-25;1;1;1;NO APLICA;1
SEC02112;2;2015-08-16;9;3;PERÚ;2;EDUCADORES DE CALLE;MOQUEGUA;MARISCAL NIETO;MOQUEGUA;2023-04-25;1;1;2;2025-04-24;2
SEC02113;1;2015-10-23;9;3;PERÚ;2;EDUCADORES DE CALLE;PUNO;PUNO;PUNO;2023-04-25;1;1;1;NO APLICA;1
SEC02114;1;2016-05-04;8;3;PERÚ;2;EDUCADORES DE CALLE;PUNO;SAN ROMAN;JULIACA;2023-04-25;1;1;1;NO APLICA;2
SEC02115;2;2014-11-22;10;3;PERÚ;2;EDUCADORES DE CALLE;PUNO;PUNO;PUNO;2023-04-25;1;1;1;NO APLICA;1
SEC02116;2;2017-04-05;8;3;PERÚ;2;EDUCADORES DE CALLE;MOQUEGUA;MARISCAL NIETO;MOQUEGUA;2023-04-25;1;1;1;NO APLICA;1
SEC02117;2;2017-09-18;7;3;PERÚ;2;EDUCADORES DE CALLE;MOQUEGUA;MARISCAL NIETO;MOQUEGUA;2023-04-25;1;2;2;2025-04-24;2
SEC02118;1;2007-12-07;17;4;PERÚ;2;EDUCADORES DE CALLE;PIURA;SULLANA;SULLANA;2023-04-26;1;1;2;2025-05-21;1
SEC02119;1;2008-06-16;16;4;PERÚ;2;EDUCADORES DE CALLE;ICA;ICA;ICA;2023-04-26;1;1;1;NO APLICA;2
SEC02120;1;2009-02-06;16;4;PERÚ;2;EDUCADORES DE CALLE;ICA;ICA;ICA;2023-04-26;1;1;1;NO APLICA;2
SEC02121;2;2009-12-23;15;4;PERÚ;2;EDUCADORES DE CALLE;PIURA;SULLANA;SULLANA;2023-04-26;1;1;2;2025-05-21;1
SEC02122;1;2012-04-05;13;4;PERÚ;2;EDUCADORES DE CALLE;PIURA;SULLANA;SULLANA;2023-04-26;1;1;1;NO APLICA;1
SEC02123;1;2007-12-11;17;4;PERÚ;2;EDUCADORES DE CALLE;ICA;ICA;ICA;2023-04-26;1;1;1;NO APLICA;2
SEC02124;1;2007-12-23;17;4;PERÚ;2;EDUCADORES DE CALLE;ICA;ICA;ICA;2023-04-26;1;1;1;NO APLICA;2
SEC02125;2;2013-07-18;11;3;PERÚ;2;EDUCADORES DE CALLE;MOQUEGUA;MARISCAL NIETO;MOQUEGUA;2023-04-26;1;1;1;NO APLICA;1
SEC02126;2;2014-10-20;10;3;PERÚ;2;EDUCADORES DE CALLE;PIURA;SULLANA;SULLANA;2023-04-26;1;1;2;2025-05-21;1
SEC02127;1;2015-10-31;9;3;PERÚ;2;EDUCADORES DE CALLE;PUNO;PUNO;PUNO;2023-04-26;1;1;1;NO APLICA;2
SEC02128;1;2016-10-10;8;3;PERÚ;2;EDUCADORES DE CALLE;PUNO;PUNO;PUNO;2023-04-26;1;1;1;NO APLICA;2
SEC02129;1;2016-12-14;8;3;PERÚ;2;EDUCADORES DE CALLE;PUNO;PUNO;PUNO;2023-04-26;1;1;1;NO APLICA;2
SEC02130;2;2017-01-27;8;3;PERÚ;2;EDUCADORES DE CALLE;AREQUIPA;AREQUIPA;JOSE LUIS BUSTAMANTE Y RIVERO;2023-04-26;1;1;1;NO APLICA;2
SEC02131;1;2011-12-24;13;4;PERÚ;2;EDUCADORES DE CALLE;LA LIBERTAD;TRUJILLO;TRUJILLO;2023-04-26;1;1;1;NO APLICA;2
SEC02132;1;2007-12-14;17;4;PERÚ;2;EDUCADORES DE CALLE;AREQUIPA;AREQUIPA;JOSE LUIS BUSTAMANTE Y RIVERO;2023-04-27;1;1;1;NO APLICA;2
SEC02133;1;2008-04-17;17;4;PERÚ;2;EDUCADORES DE CALLE;PASCO;PASCO;CHAUPIMARCA;2023-04-27;1;1;1;NO APLICA;2
SEC02134;2;2019-03-28;6;3;PERÚ;2;EDUCADORES DE CALLE;LIMA;LIMA;PUENTE PIEDRA;2023-04-27;1;1;1;NO APLICA;1
SEC02135;2;2009-07-26;15;4;PERÚ;2;EDUCADORES DE CALLE;HUÁNUCO;HUÁNUCO;AMARILIS;2023-04-27;1;2;1;NO APLICA;2
SEC02136;1;2011-02-23;14;4;PERÚ;2;EDUCADORES DE CALLE;AREQUIPA;AREQUIPA;JOSE LUIS BUSTAMANTE Y RIVERO;2023-04-27;1;1;1;NO APLICA;2
SEC02137;1;2007-08-09;17;4;PERÚ;2;EDUCADORES DE CALLE;AREQUIPA;AREQUIPA;JOSE LUIS BUSTAMANTE Y RIVERO;2023-04-27;1;1;1;NO APLICA;2
SEC02138;2;2009-01-30;16;4;PERÚ;2;EDUCADORES DE CALLE;AREQUIPA;AREQUIPA;JOSE LUIS BUSTAMANTE Y RIVERO;2023-04-27;1;1;1;NO APLICA;2
SEC02139;1;2011-09-04;13;4;PERÚ;2;EDUCADORES DE CALLE;JUNÍN;CHUPACA;CHUPACA;2023-04-27;1;1;1;NO APLICA;1
SEC02140;2;2012-05-20;12;4;PERÚ;2;EDUCADORES DE CALLE;JUNÍN;CHUPACA;CHUPACA;2023-04-27;1;1;1;NO APLICA;1
SEC02141;2;2011-10-04;13;4;PERÚ;2;EDUCADORES DE CALLE;HUÁNUCO;HUÁNUCO;AMARILIS;2023-04-27;1;1;1;NO APLICA;2
SEC02142;2;2012-08-23;12;4;PERÚ;2;EDUCADORES DE CALLE;AREQUIPA;AREQUIPA;JOSE LUIS BUSTAMANTE Y RIVERO;2023-04-27;1;1;1;NO APLICA;2
SEC02143;2;2011-12-04;13;4;PERÚ;2;EDUCADORES DE CALLE;HUÁNUCO;HUÁNUCO;AMARILIS;2023-04-27;1;2;1;NO APLICA;2
SEC02144;2;2012-06-18;12;4;PERÚ;2;EDUCADORES DE CALLE;HUÁNUCO;HUÁNUCO;AMARILIS;2023-04-27;1;1;1;NO APLICA;2
SEC02145;2;2007-10-30;17;4;PERÚ;2;EDUCADORES DE CALLE;AREQUIPA;AREQUIPA;JOSE LUIS BUSTAMANTE Y RIVERO;2023-04-27;1;1;1;NO APLICA;2
SEC02146;2;2009-09-26;15;4;PERÚ;2;EDUCADORES DE CALLE;AREQUIPA;AREQUIPA;JOSE LUIS BUSTAMANTE Y RIVERO;2023-04-27;1;1;1;NO APLICA;2
SEC02147;1;2010-05-09;14;4;PERÚ;2;EDUCADORES DE CALLE;AREQUIPA;AREQUIPA;AREQUIPA;2023-04-27;1;1;1;NO APLICA;1
SEC02148;2;2016-09-04;8;3;PERÚ;2;EDUCADORES DE CALLE;LIMA;LIMA;PUENTE PIEDRA;2023-04-27;1;1;1;NO APLICA;1
SEC02149;2;2014-02-22;11;3;PERÚ;2;EDUCADORES DE CALLE;HUÁNUCO;HUÁNUCO;AMARILIS;2023-04-27;1;1;1;NO APLICA;1
SEC02150;2;2014-05-17;10;3;PERÚ;2;EDUCADORES DE CALLE;HUÁNUCO;HUÁNUCO;AMARILIS;2023-04-27;1;2;1;NO APLICA;2
SEC02151;2;2014-06-08;10;3;PERÚ;2;EDUCADORES DE CALLE;HUÁNUCO;HUÁNUCO;AMARILIS;2023-04-27;1;1;1;NO APLICA;1
SEC02152;1;2011-08-03;13;4;PERÚ;2;EDUCADORES DE CALLE;PIURA;SULLANA;SULLANA;2023-04-27;1;1;1;NO APLICA;2
SEC02153;2;2014-11-07;10;3;PERÚ;2;EDUCADORES DE CALLE;JUNÍN;CHUPACA;CHUPACA;2023-04-27;1;1;1;NO APLICA;1
SEC02154;1;2014-09-28;10;3;PERÚ;2;EDUCADORES DE CALLE;JUNÍN;CHUPACA;CHUPACA;2023-04-27;1;1;1;NO APLICA;1
SEC02155;1;2009-11-10;15;4;PERÚ;2;EDUCADORES DE CALLE;LIMA;LIMA;PUENTE PIEDRA;2023-04-27;1;1;2;2025-04-23;1
SEC02156;1;2016-09-29;8;3;PERÚ;2;EDUCADORES DE CALLE;AREQUIPA;AREQUIPA;AREQUIPA;2023-04-27;1;1;1;NO APLICA;1
SEC02157;1;2016-10-15;8;3;PERÚ;2;EDUCADORES DE CALLE;PIURA;SULLANA;SULLANA;2023-04-27;1;1;1;NO APLICA;2
SEC02158;2;2011-09-26;13;4;PERÚ;2;EDUCADORES DE CALLE;AREQUIPA;AREQUIPA;JOSE LUIS BUSTAMANTE Y RIVERO;2023-04-27;1;1;1;NO APLICA;2
SEC02159;1;2014-03-30;11;3;PERÚ;2;EDUCADORES DE CALLE;PIURA;SULLANA;SULLANA;2023-04-27;1;1;1;NO APLICA;2
SEC02160;1;2014-12-08;10;3;PERÚ;2;EDUCADORES DE CALLE;AREQUIPA;AREQUIPA;JOSE LUIS BUSTAMANTE Y RIVERO;2023-04-27;1;1;1;NO APLICA;2
SEC02161;2;2017-10-19;7;3;PERÚ;2;EDUCADORES DE CALLE;AREQUIPA;AREQUIPA;JOSE LUIS BUSTAMANTE Y RIVERO;2023-04-27;1;1;1;NO APLICA;2
SEC02162;2;2018-01-04;7;3;PERÚ;2;EDUCADORES DE CALLE;AREQUIPA;AREQUIPA;JOSE LUIS BUSTAMANTE Y RIVERO;2023-04-27;1;1;1;NO APLICA;2
SEC02163;1;2018-02-17;7;3;PERÚ;2;EDUCADORES DE CALLE;PASCO;PASCO;CHAUPIMARCA;2023-04-27;2;1;1;NO APLICA;2
SEC02164;2;2009-03-21;16;4;PERÚ;2;EDUCADORES DE CALLE;PASCO;PASCO;CHAUPIMARCA;2023-04-28;1;1;2;2025-04-24;2
SEC02165;2;2009-07-18;15;4;PERÚ;2;EDUCADORES DE CALLE;LIMA;LIMA;SAN JUAN DE LURIGANCHO;2023-04-28;2;1;1;NO APLICA;1
SEC02166;1;2011-06-22;13;4;PERÚ;2;EDUCADORES DE CALLE;PASCO;PASCO;YANACANCHA;2023-04-28;2;1;2;2025-04-25;1
SEC02167;1;2013-03-21;12;4;PERÚ;2;EDUCADORES DE CALLE;PASCO;PASCO;YANACANCHA;2023-04-28;1;1;2;2025-04-25;1
SEC02168;1;2011-08-28;13;4;PERÚ;2;EDUCADORES DE CALLE;PASCO;PASCO;CHAUPIMARCA;2023-04-28;1;1;2;2025-04-24;2
SEC02169;2;2012-10-28;12;4;PERÚ;2;EDUCADORES DE CALLE;PASCO;PASCO;CHAUPIMARCA;2023-04-28;1;1;2;2025-04-24;2
SEC02170;2;2014-01-21;11;3;PERÚ;2;EDUCADORES DE CALLE;PASCO;PASCO;YANACANCHA;2023-04-28;2;1;2;2025-04-25;1
SEC02171;1;2015-01-02;10;3;PERÚ;2;EDUCADORES DE CALLE;PASCO;PASCO;CHAUPIMARCA;2023-04-28;1;1;2;2025-04-24;2
SEC02172;1;2017-01-17;8;3;PERÚ;2;EDUCADORES DE CALLE;PASCO;PASCO;YANACANCHA;2023-04-28;1;1;2;2025-04-25;1
SEC02173;1;2017-06-05;7;3;PERÚ;2;EDUCADORES DE CALLE;PASCO;PASCO;YANACANCHA;2023-04-28;2;1;2;2025-04-25;1
SEC02174;1;2013-07-01;11;3;PERÚ;2;EDUCADORES DE CALLE;PASCO;PASCO;CHAUPIMARCA;2023-04-28;1;1;2;2025-04-24;2
SEC02175;1;2019-09-16;5;2;PERÚ;2;EDUCADORES DE CALLE;LIMA;LIMA;SANTIAGO DE SURCO;2023-04-28;2;1;1;NO APLICA;1
SEC02176;1;2022-05-08;2;2;PERÚ;2;EDUCADORES DE CALLE;LIMA;LIMA;SANTIAGO DE SURCO;2023-04-28;2;1;1;NO APLICA;1
SEC02177;1;2007-08-06;17;4;PERÚ;2;EDUCADORES DE CALLE;JUNÍN;HUANCAYO;HUANCAYO;2023-04-30;1;1;2;2025-05-26;2
SEC02178;1;2008-09-05;16;4;PERÚ;2;EDUCADORES DE CALLE;JUNÍN;HUANCAYO;HUANCAYO;2023-04-30;1;1;2;2025-05-26;1
SEC02179;1;2010-01-16;15;4;PERÚ;2;EDUCADORES DE CALLE;JUNÍN;HUANCAYO;HUANCAYO;2023-04-30;1;1;2;2025-05-26;1
SEC02180;2;2010-03-10;15;4;PERÚ;2;EDUCADORES DE CALLE;JUNÍN;HUANCAYO;HUANCAYO;2023-04-30;1;1;1;NO APLICA;2
SEC02181;2;2011-11-03;13;4;PERÚ;2;EDUCADORES DE CALLE;JUNÍN;HUANCAYO;HUANCAYO;2023-04-30;1;1;2;2025-05-26;2
SEC02182;2;2006-09-04;18;5;PERÚ;2;EDUCADORES DE CALLE;LIMA;LIMA;CARABAYLLO;2023-04-30;1;1;2;2025-01-31;2
SEC02183;1;2007-11-09;17;4;PERÚ;2;EDUCADORES DE CALLE;JUNÍN;HUANCAYO;HUANCAYO;2023-04-30;1;1;1;NO APLICA;2
SEC02184;2;2014-03-02;11;3;PERÚ;2;EDUCADORES DE CALLE;JUNÍN;HUANCAYO;HUANCAYO;2023-04-30;1;1;2;2025-05-26;2
SEC02185;1;2017-04-24;8;3;PERÚ;2;EDUCADORES DE CALLE;JUNÍN;HUANCAYO;HUANCAYO;2023-04-30;1;1;2;2025-05-26;1
SEC02186;2;2014-12-13;10;3;PERÚ;2;EDUCADORES DE CALLE;JUNÍN;HUANCAYO;HUANCAYO;2023-04-30;1;1;1;NO APLICA;2
SEC02187;2;2018-10-01;6;3;PERÚ;1;EDUCADORES DE CALLE;LIMA;LIMA;CARABAYLLO;2023-04-30;2;1;2;2025-01-31;2
SEC02188;2;2017-01-02;8;3;PERÚ;2;EDUCADORES DE CALLE;JUNÍN;HUANCAYO;HUANCAYO;2023-04-30;1;1;1;NO APLICA;2
SEC02189;1;2010-05-24;14;4;PERÚ;2;EDUCADORES DE CALLE;JUNÍN;HUANCAYO;HUANCAYO;2023-05-02;1;1;1;NO APLICA;1
SEC02190;1;2011-10-14;13;4;PERÚ;2;EDUCADORES DE CALLE;AREQUIPA;AREQUIPA;MIRAFLORES;2023-05-02;1;2;2;2025-05-02;2
SEC02191;1;2013-02-10;12;4;PERÚ;2;EDUCADORES DE CALLE;JUNÍN;HUANCAYO;HUANCAYO;2023-05-02;1;1;1;NO APLICA;1
SEC02192;1;2013-12-25;11;3;PERÚ;2;EDUCADORES DE CALLE;AREQUIPA;AREQUIPA;MIRAFLORES;2023-05-02;1;1;1;NO APLICA;2
SEC02193;2;2015-02-24;10;3;PERÚ;2;EDUCADORES DE CALLE;JUNÍN;HUANCAYO;HUANCAYO;2023-05-02;1;1;1;NO APLICA;1
SEC02194;1;2013-05-26;11;3;PERÚ;2;EDUCADORES DE CALLE;JUNÍN;HUANCAYO;HUANCAYO;2023-05-02;1;1;1;NO APLICA;1
SEC02195;2;2017-04-28;8;3;PERÚ;2;EDUCADORES DE CALLE;AREQUIPA;AREQUIPA;MIRAFLORES;2023-05-02;1;2;2;2025-05-02;2
SEC02196;2;2018-02-01;7;3;PERÚ;1;EDUCADORES DE CALLE;AREQUIPA;AREQUIPA;MIRAFLORES;2023-05-02;1;1;1;NO APLICA;2
SEC02197;1;2011-02-02;14;4;PERÚ;2;EDUCADORES DE CALLE;LA LIBERTAD;TRUJILLO;TRUJILLO;2023-05-03;1;1;2;2025-05-20;2
SEC02198;2;2015-11-23;9;3;PERÚ;2;EDUCADORES DE CALLE;PIURA;PIURA;PIURA;2023-05-03;1;1;1;NO APLICA;1
SEC02199;1;2017-11-17;7;3;PERÚ;2;EDUCADORES DE CALLE;PIURA;PIURA;PIURA;2023-05-03;1;1;1;NO APLICA;1
SEC02200;2;2009-11-14;15;4;PERÚ;2;EDUCADORES DE CALLE;PASCO;PASCO;CHAUPIMARCA;2023-05-04;1;1;1;NO APLICA;2
SEC02201;2;2011-07-22;13;4;PERÚ;1;EDUCADORES DE CALLE;APURÍMAC;ABANCAY;ABANCAY;2023-05-04;1;1;1;NO APLICA;2
SEC02202;1;2011-08-29;13;4;PERÚ;2;EDUCADORES DE CALLE;LA LIBERTAD;TRUJILLO;TRUJILLO;2023-05-04;1;1;1;NO APLICA;2
SEC02203;2;2015-05-02;9;3;PERÚ;2;EDUCADORES DE CALLE;APURÍMAC;ABANCAY;ABANCAY;2023-05-04;1;1;1;NO APLICA;2
SEC02204;1;2010-08-25;14;4;PERÚ;2;EDUCADORES DE CALLE;ANCASH;CASMA;CASMA;2023-05-05;1;1;1;NO APLICA;2
SEC02205;2;2011-02-05;14;4;PERÚ;2;EDUCADORES DE CALLE;ANCASH;CASMA;CASMA;2023-05-05;1;3;1;NO APLICA;2
SEC02206;2;2011-05-08;13;4;PERÚ;2;EDUCADORES DE CALLE;ANCASH;CASMA;CASMA;2023-05-05;1;1;1;NO APLICA;2
SEC02207;1;2012-03-19;13;4;PERÚ;2;EDUCADORES DE CALLE;TACNA;TACNA;ALTO DE LA ALIANZA;2023-05-05;1;1;1;NO APLICA;2
SEC02208;2;2013-05-11;11;3;PERÚ;2;EDUCADORES DE CALLE;ANCASH;CASMA;CASMA;2023-05-05;1;1;1;NO APLICA;2
SEC02209;1;2015-06-28;9;3;PERÚ;2;EDUCADORES DE CALLE;TACNA;TACNA;TACNA;2023-05-05;1;1;2;2025-04-22;2
SEC02210;1;2011-01-30;14;4;PERÚ;2;EDUCADORES DE CALLE;PUNO;SAN ROMAN;JULIACA;2023-05-09;1;1;1;NO APLICA;2
SEC02211;1;2009-12-28;15;4;PERÚ;2;EDUCADORES DE CALLE;CUSCO;CUSCO;CUSCO;2023-05-09;1;1;1;NO APLICA;1
SEC02212;2;2014-02-06;11;3;PERÚ;2;EDUCADORES DE CALLE;PUNO;PUNO;PUNO;2023-05-09;1;1;1;NO APLICA;2
SEC02213;1;2014-09-28;10;3;PERÚ;2;EDUCADORES DE CALLE;PUNO;SAN ROMAN;JULIACA;2023-05-09;1;1;1;NO APLICA;2
SEC02214;2;2014-10-20;10;3;PERÚ;2;EDUCADORES DE CALLE;PUNO;SAN ROMAN;JULIACA;2023-05-09;1;1;1;NO APLICA;2
SEC02215;1;2012-07-11;12;4;PERÚ;2;EDUCADORES DE CALLE;ANCASH;SANTA;CHIMBOTE;2023-05-10;1;2;1;NO APLICA;2
SEC02216;2;2016-12-05;8;3;PERÚ;2;EDUCADORES DE CALLE;ANCASH;SANTA;CHIMBOTE;2023-05-10;1;2;1;NO APLICA;2
SEC02217;2;2018-04-05;7;3;PERÚ;2;EDUCADORES DE CALLE;ANCASH;SANTA;CHIMBOTE;2023-05-10;1;2;1;NO APLICA;2
SEC02218;1;2009-03-19;16;4;PERÚ;2;EDUCADORES DE CALLE;LIMA;LIMA;LIMA;2023-05-11;3;1;1;NO APLICA;2
SEC02219;1;2013-04-18;12;4;PERÚ;2;EDUCADORES DE CALLE;LIMA;LIMA;LIMA;2023-05-11;3;1;1;NO APLICA;2
SEC02220;2;2014-11-18;10;3;PERÚ;2;EDUCADORES DE CALLE;LIMA;LIMA;LIMA;2023-05-11;3;1;1;NO APLICA;2
SEC02221;1;2016-11-21;8;3;PERÚ;2;EDUCADORES DE CALLE;LIMA;LIMA;LIMA;2023-05-11;3;1;1;NO APLICA;2
SEC02222;1;2010-12-05;14;4;PERÚ;2;EDUCADORES DE CALLE;LIMA;LIMA;LIMA;2023-05-11;3;1;2;2025-04-23;2
SEC02223;2;2009-06-23;15;4;PERÚ;2;EDUCADORES DE CALLE;LIMA;LIMA;LIMA;2023-05-11;3;1;2;2025-04-23;2
SEC02224;1;2012-07-12;12;4;PERÚ;2;EDUCADORES DE CALLE;LA LIBERTAD;TRUJILLO;TRUJILLO;2023-05-11;1;1;1;NO APLICA;1
SEC02225;2;2007-08-06;17;4;PERÚ;1;EDUCADORES DE CALLE;LIMA;CALLAO;VENTANILLA;2023-05-12;2;1;1;NO APLICA;2
SEC02226;2;2009-01-17;16;4;PERÚ;2;EDUCADORES DE CALLE;LIMA;CALLAO;VENTANILLA;2023-05-12;2;1;1;NO APLICA;2
SEC02227;2;2014-01-18;11;3;PERÚ;2;EDUCADORES DE CALLE;LIMA;CALLAO;VENTANILLA;2023-05-12;3;1;1;NO APLICA;2
SEC02228;2;2012-04-05;13;4;PERÚ;2;EDUCADORES DE CALLE;LIMA;CALLAO;VENTANILLA;2023-05-12;2;1;1;NO APLICA;2
SEC02229;2;2015-01-01;10;3;PERÚ;2;EDUCADORES DE CALLE;LIMA;CALLAO;VENTANILLA;2023-05-12;2;1;1;NO APLICA;2
SEC02230;1;2016-06-26;8;3;PERÚ;2;EDUCADORES DE CALLE;LIMA;CALLAO;VENTANILLA;2023-05-12;2;1;1;NO APLICA;2
SEC02231;1;2011-08-27;13;4;PERÚ;2;EDUCADORES DE CALLE;ANCASH;SANTA;NUEVO CHIMBOTE;2023-05-16;1;1;1;NO APLICA;2
SEC02232;1;2010-04-08;15;4;PERÚ;2;EDUCADORES DE CALLE;PUNO;PUNO;PUNO;2023-05-16;1;1;1;NO APLICA;2
SEC02233;1;2013-04-30;12;4;PERÚ;2;EDUCADORES DE CALLE;LORETO;MAYNAS;IQUITOS;2023-05-16;1;1;1;NO APLICA;2
SEC02234;1;2013-06-20;11;3;PERÚ;2;EDUCADORES DE CALLE;ANCASH;SANTA;NUEVO CHIMBOTE;2023-05-16;1;1;1;NO APLICA;2
SEC02235;1;2013-07-18;11;3;PERÚ;2;EDUCADORES DE CALLE;PUNO;SAN ROMAN;JULIACA;2023-05-16;1;1;2;2025-05-23;2
SEC02236;1;2008-12-20;16;4;PERÚ;2;EDUCADORES DE CALLE;TACNA;TACNA;ALTO DE LA ALIANZA;2023-05-17;3;1;1;NO APLICA;1
SEC02237;2;2014-07-29;10;3;PERÚ;2;EDUCADORES DE CALLE;PUNO;SAN ROMAN;JULIACA;2023-05-17;1;1;1;NO APLICA;2
SEC02238;1;2016-09-08;8;3;PERÚ;2;EDUCADORES DE CALLE;LORETO;MAYNAS;IQUITOS;2023-05-17;2;1;1;NO APLICA;2
SEC02239;2;2009-11-04;15;4;PERÚ;2;EDUCADORES DE CALLE;ANCASH;SANTA;CHIMBOTE;2023-05-17;1;1;1;NO APLICA;2
SEC02240;2;2009-11-04;15;4;PERÚ;2;EDUCADORES DE CALLE;ANCASH;SANTA;CHIMBOTE;2023-05-17;1;1;1;NO APLICA;2
SEC02241;2;2009-03-18;16;4;PERÚ;2;EDUCADORES DE CALLE;TACNA;TACNA;CIUDAD NUEVA;2023-05-18;1;1;1;NO APLICA;2
SEC02242;2;2010-11-12;14;4;PERÚ;2;EDUCADORES DE CALLE;PUNO;SAN ROMAN;JULIACA;2023-05-18;1;1;2;2025-05-19;2
SEC02243;2;2012-12-18;12;4;PERÚ;2;EDUCADORES DE CALLE;PUNO;SAN ROMAN;JULIACA;2023-05-18;1;1;2;2025-05-19;2
SEC02244;1;2018-02-18;7;3;PERÚ;2;EDUCADORES DE CALLE;LA LIBERTAD;TRUJILLO;TRUJILLO;2023-05-19;1;1;1;NO APLICA;2
SEC02245;1;2011-02-16;14;4;PERÚ;2;EDUCADORES DE CALLE;ANCASH;SANTA;CHIMBOTE;2023-05-19;1;1;1;NO APLICA;2
SEC02246;2;2011-04-08;14;4;PERÚ;2;EDUCADORES DE CALLE;TACNA;TACNA;CORONEL GREGORIO ALBARRACIN LANCHIPA;2023-05-19;1;1;1;NO APLICA;2
SEC02247;2;2015-09-06;9;3;PERÚ;2;EDUCADORES DE CALLE;TACNA;TACNA;CORONEL GREGORIO ALBARRACIN LANCHIPA;2023-05-19;1;1;1;NO APLICA;2
SEC02248;1;2016-09-21;8;3;PERÚ;2;EDUCADORES DE CALLE;ANCASH;SANTA;CHIMBOTE;2023-05-19;1;1;1;NO APLICA;2
SEC02249;2;2017-04-06;8;3;PERÚ;2;EDUCADORES DE CALLE;ANCASH;SANTA;CHIMBOTE;2023-05-19;1;1;1;NO APLICA;2
SEC02250;2;2011-12-05;13;4;PERÚ;2;EDUCADORES DE CALLE;MOQUEGUA;MARISCAL NIETO;MOQUEGUA;2023-05-20;1;1;1;NO APLICA;2
SEC02251;1;2014-01-27;11;3;PERÚ;2;EDUCADORES DE CALLE;MOQUEGUA;MARISCAL NIETO;MOQUEGUA;2023-05-20;1;2;1;NO APLICA;2
SEC02252;1;2020-01-12;5;2;PERÚ;2;EDUCADORES DE CALLE;LIMA;LIMA;ATE;2023-05-20;2;1;1;NO APLICA;2
SEC02253;2;2009-02-04;16;4;PERÚ;2;EDUCADORES DE CALLE;PUNO;SAN ROMAN;JULIACA;2023-05-23;1;2;1;NO APLICA;2
SEC02254;2;2010-10-30;14;4;PERÚ;2;EDUCADORES DE CALLE;PUNO;PUNO;PUNO;2023-05-23;1;1;1;NO APLICA;2
SEC02255;1;2012-08-01;12;4;PERÚ;2;EDUCADORES DE CALLE;PUNO;PUNO;PUNO;2023-05-23;1;1;1;NO APLICA;2
SEC02256;1;2015-01-06;10;3;PERÚ;2;EDUCADORES DE CALLE;ANCASH;SANTA;CHIMBOTE;2023-05-23;1;1;1;NO APLICA;2
SEC02257;1;2015-09-04;9;3;PERÚ;2;EDUCADORES DE CALLE;ANCASH;SANTA;CHIMBOTE;2023-05-23;1;1;1;NO APLICA;2
SEC02258;2;2009-08-12;15;4;PERÚ;2;EDUCADORES DE CALLE;ANCASH;SANTA;NUEVO CHIMBOTE;2023-05-24;1;1;1;NO APLICA;2
SEC02259;2;2009-11-11;15;4;PERÚ;2;EDUCADORES DE CALLE;LIMA;LIMA;RIMAC;2023-05-24;3;1;1;NO APLICA;2
SEC02260;2;2010-12-02;14;4;PERÚ;2;EDUCADORES DE CALLE;PUNO;SAN ROMAN;JULIACA;2023-05-24;1;1;2;2025-05-19;1
SEC02261;2;2014-12-30;10;3;PERÚ;2;EDUCADORES DE CALLE;PUNO;SAN ROMAN;JULIACA;2023-05-24;1;1;2;2025-05-19;1
SEC02262;1;2011-06-27;13;4;PERÚ;2;EDUCADORES DE CALLE;LIMA;LIMA;SAN JUAN DE MIRAFLORES;2023-05-24;3;1;1;NO APLICA;2
SEC02263;2;2012-11-30;12;4;PERÚ;2;EDUCADORES DE CALLE;ANCASH;SANTA;NUEVO CHIMBOTE;2023-05-24;1;1;1;NO APLICA;2
SEC02264;2;2010-04-06;15;4;PERÚ;2;EDUCADORES DE CALLE;TACNA;TACNA;CIUDAD NUEVA;2023-05-25;1;1;1;NO APLICA;2
SEC02265;2;2007-08-06;17;4;PERÚ;2;EDUCADORES DE CALLE;LIMA;LIMA;RIMAC;2023-05-25;3;1;1;NO APLICA;2
SEC02266;1;2011-08-05;13;4;VENEZUELA;2;EDUCADORES DE CALLE;TACNA;TACNA;TACNA;2023-05-25;1;5;2;2025-01-24;2
SEC02267;1;2017-03-24;8;3;VENEZUELA;2;EDUCADORES DE CALLE;TACNA;TACNA;TACNA;2023-05-25;1;1;1;NO APLICA;2
SEC02268;1;2013-12-28;11;3;VENEZUELA;2;EDUCADORES DE CALLE;TACNA;TACNA;TACNA;2023-05-25;1;5;2;2025-01-24;2
SEC02269;2;2007-01-07;18;5;PERÚ;2;EDUCADORES DE CALLE;CUSCO;CUSCO;SAN JERONIMO;2023-05-26;1;1;2;2025-04-25;2
SEC02270;1;2014-02-07;11;3;PERÚ;2;EDUCADORES DE CALLE;PASCO;PASCO;CHAUPIMARCA;2023-05-26;1;1;1;NO APLICA;2
SEC02271;1;2012-12-21;12;4;PERÚ;2;EDUCADORES DE CALLE;LA LIBERTAD;TRUJILLO;TRUJILLO;2023-05-26;1;1;1;NO APLICA;1
SEC02272;1;2015-07-20;9;3;PERÚ;2;EDUCADORES DE CALLE;LIMA;LIMA;SAN JUAN DE MIRAFLORES;2023-05-26;1;1;1;NO APLICA;1
SEC02273;1;2013-07-12;11;3;PERÚ;2;EDUCADORES DE CALLE;LIMA;LIMA;SAN JUAN DE MIRAFLORES;2023-05-26;1;1;1;NO APLICA;1
SEC02274;1;2017-07-16;7;3;PERÚ;2;EDUCADORES DE CALLE;LIMA;LIMA;LA VICTORIA;2023-05-26;1;1;1;NO APLICA;2
SEC02275;2;2015-08-18;9;3;PERÚ;2;EDUCADORES DE CALLE;LA LIBERTAD;TRUJILLO;TRUJILLO;2023-05-26;1;1;1;NO APLICA;1
SEC02276;2;2022-09-26;2;2;PERÚ;2;EDUCADORES DE CALLE;LIMA;LIMA;LA VICTORIA;2023-05-26;2;1;1;NO APLICA;2
SEC02277;2;2008-04-19;17;4;PERÚ;2;EDUCADORES DE CALLE;PASCO;PASCO;CHAUPIMARCA;2023-05-28;1;1;2;2025-05-23;2
SEC02278;2;2009-08-28;15;4;PERÚ;2;EDUCADORES DE CALLE;PASCO;PASCO;CHAUPIMARCA;2023-05-28;1;1;2;2025-05-23;2
SEC02279;1;2014-01-07;11;3;PERÚ;2;EDUCADORES DE CALLE;PASCO;PASCO;CHAUPIMARCA;2023-05-28;1;1;2;2025-05-23;2
SEC02280;2;2015-07-11;9;3;PERÚ;2;EDUCADORES DE CALLE;PASCO;PASCO;CHAUPIMARCA;2023-05-28;1;1;2;2025-05-23;2
SEC02281;1;2018-03-20;7;3;PERÚ;2;EDUCADORES DE CALLE;PASCO;PASCO;CHAUPIMARCA;2023-05-28;2;1;2;2025-05-23;2
SEC02282;1;2010-06-05;14;4;PERÚ;2;EDUCADORES DE CALLE;LIMA;LIMA;SAN JUAN DE LURIGANCHO;2023-05-29;1;1;1;NO APLICA;1
SEC02283;2;2012-09-25;12;4;PERÚ;2;EDUCADORES DE CALLE;LIMA;LIMA;SAN JUAN DE LURIGANCHO;2023-05-29;1;1;1;NO APLICA;1
SEC02284;2;2018-07-23;6;3;PERÚ;1;EDUCADORES DE CALLE;LIMA;LIMA;SAN JUAN DE LURIGANCHO;2023-05-29;1;1;1;NO APLICA;1
SEC02285;1;2009-04-23;16;4;PERÚ;2;EDUCADORES DE CALLE;HUÁNUCO;HUÁNUCO;HUÁNUCO;2023-05-30;1;1;1;NO APLICA;2
SEC02286;1;2009-01-14;16;4;PERÚ;2;EDUCADORES DE CALLE;ICA;ICA;ICA;2023-05-30;1;1;1;NO APLICA;2
SEC02287;1;2008-09-03;16;4;PERÚ;2;EDUCADORES DE CALLE;PASCO;PASCO;YANACANCHA;2023-05-30;1;1;2;2025-05-24;1
SEC02288;2;2008-08-17;16;4;PERÚ;2;EDUCADORES DE CALLE;PASCO;PASCO;YANACANCHA;2023-05-30;1;1;2;2025-05-24;1
SEC02289;2;2013-02-17;12;4;PERÚ;2;EDUCADORES DE CALLE;HUÁNUCO;HUÁNUCO;HUÁNUCO;2023-05-30;1;1;1;NO APLICA;2
SEC02290;2;2008-04-19;17;4;PERÚ;2;EDUCADORES DE CALLE;PASCO;PASCO;YANACANCHA;2023-05-30;1;1;2;2025-05-24;1
SEC02291;2;2010-01-02;15;4;PERÚ;2;EDUCADORES DE CALLE;PASCO;PASCO;YANACANCHA;2023-05-30;1;1;2;2025-05-24;1
SEC02292;1;2010-05-13;14;4;PERÚ;2;EDUCADORES DE CALLE;PASCO;PASCO;YANACANCHA;2023-05-30;1;1;2;2025-05-24;1
SEC02293;1;2011-11-26;13;4;PERÚ;2;EDUCADORES DE CALLE;PASCO;PASCO;YANACANCHA;2023-05-30;1;1;2;2025-05-24;1
SEC02294;2;2011-12-21;13;4;PERÚ;2;EDUCADORES DE CALLE;PASCO;PASCO;YANACANCHA;2023-05-30;1;1;2;2025-05-24;1
SEC02295;2;2012-03-20;13;4;PERÚ;2;EDUCADORES DE CALLE;HUÁNUCO;HUÁNUCO;HUÁNUCO;2023-05-30;1;1;1;NO APLICA;2
SEC02296;1;2011-04-28;14;4;PERÚ;2;EDUCADORES DE CALLE;HUÁNUCO;HUÁNUCO;HUÁNUCO;2023-05-30;1;1;1;NO APLICA;2
SEC02297;1;2009-09-01;15;4;PERÚ;2;EDUCADORES DE CALLE;ICA;ICA;ICA;2023-05-30;1;1;1;NO APLICA;2
SEC02298;1;2013-07-30;11;3;PERÚ;2;EDUCADORES DE CALLE;PASCO;PASCO;YANACANCHA;2023-05-30;1;1;2;2025-05-24;1
SEC02299;1;2014-05-31;10;3;PERÚ;2;EDUCADORES DE CALLE;HUÁNUCO;HUÁNUCO;HUÁNUCO;2023-05-30;1;1;1;NO APLICA;2
SEC02300;2;2017-01-05;8;3;PERÚ;2;EDUCADORES DE CALLE;PUNO;PUNO;PUNO;2023-05-30;1;1;1;NO APLICA;2
SEC02301;2;2006-11-02;18;5;PERÚ;2;EDUCADORES DE CALLE;LIMA;LIMA;LIMA;2023-05-31;1;2;2;2025-01-03;2
SEC02302;2;2009-01-07;16;4;PERÚ;2;EDUCADORES DE CALLE;LIMA;LIMA;SAN JUAN DE MIRAFLORES;2023-05-31;1;1;1;NO APLICA;1
SEC02303;1;2009-09-18;15;4;PERÚ;2;EDUCADORES DE CALLE;LIMA;LIMA;LIMA;2023-05-31;1;2;1;NO APLICA;2
SEC02304;2;2013-03-15;12;4;PERÚ;2;EDUCADORES DE CALLE;JUNÍN;CHUPACA;CHUPACA;2023-05-31;1;1;1;NO APLICA;2
SEC02305;2;2014-03-21;11;3;PERÚ;2;EDUCADORES DE CALLE;LIMA;LIMA;SAN JUAN DE MIRAFLORES;2023-05-31;1;1;1;NO APLICA;1
SEC02306;2;2014-09-11;10;3;PERÚ;2;EDUCADORES DE CALLE;JUNÍN;CHUPACA;CHUPACA;2023-05-31;1;1;1;NO APLICA;2
SEC02307;1;2016-02-08;9;3;PERÚ;2;EDUCADORES DE CALLE;HUÁNUCO;HUÁNUCO;AMARILIS;2023-05-31;1;1;1;NO APLICA;1
SEC02308;2;2012-10-09;12;4;PERÚ;2;EDUCADORES DE CALLE;HUÁNUCO;HUÁNUCO;AMARILIS;2023-05-31;1;1;1;NO APLICA;2
SEC02309;1;2019-02-02;6;3;PERÚ;2;EDUCADORES DE CALLE;HUÁNUCO;HUÁNUCO;AMARILIS;2023-05-31;1;1;1;NO APLICA;2
SEC02310;1;2020-01-19;5;2;PERÚ;2;EDUCADORES DE CALLE;LIMA;LIMA;LIMA;2023-05-31;1;2;1;NO APLICA;2
SEC02311;2;2010-07-14;14;4;PERÚ;2;EDUCADORES DE CALLE;HUÁNUCO;HUÁNUCO;HUÁNUCO;2023-06-01;1;1;1;NO APLICA;2
SEC02312;2;2014-07-20;10;3;PERÚ;2;EDUCADORES DE CALLE;HUÁNUCO;HUÁNUCO;HUÁNUCO;2023-06-01;1;1;1;NO APLICA;2
SEC02313;2;2015-12-11;9;3;PERÚ;2;EDUCADORES DE CALLE;AREQUIPA;AREQUIPA;MIRAFLORES;2023-06-01;1;2;1;NO APLICA;2
SEC02314;1;2015-12-11;9;3;PERÚ;2;EDUCADORES DE CALLE;HUÁNUCO;HUÁNUCO;HUÁNUCO;2023-06-01;1;1;1;NO APLICA;2
SEC02315;1;2016-03-31;9;3;PERÚ;2;EDUCADORES DE CALLE;HUÁNUCO;HUÁNUCO;HUÁNUCO;2023-06-01;1;1;1;NO APLICA;2
SEC02316;2;2017-09-28;7;3;PERÚ;2;EDUCADORES DE CALLE;HUÁNUCO;HUÁNUCO;HUÁNUCO;2023-06-01;1;1;1;NO APLICA;2
SEC02317;1;2011-02-23;14;4;PERÚ;2;EDUCADORES DE CALLE;AREQUIPA;AREQUIPA;JOSE LUIS BUSTAMANTE Y RIVERO;2023-06-02;1;1;1;NO APLICA;2
SEC02318;2;2012-05-04;12;4;PERÚ;2;EDUCADORES DE CALLE;LA LIBERTAD;TRUJILLO;TRUJILLO;2023-06-02;1;1;1;NO APLICA;2
SEC02319;2;2009-09-07;15;4;PERÚ;2;EDUCADORES DE CALLE;TACNA;TACNA;POCOLLAY;2023-06-06;1;1;1;NO APLICA;2
SEC02320;2;2011-09-15;13;4;PERÚ;2;EDUCADORES DE CALLE;TACNA;TACNA;POCOLLAY;2023-06-06;1;1;1;NO APLICA;2
SEC02321;1;2015-07-13;9;3;PERÚ;2;EDUCADORES DE CALLE;PUNO;PUNO;PUNO;2023-06-06;1;1;1;NO APLICA;2
SEC02322;1;2016-11-30;8;3;PERÚ;2;EDUCADORES DE CALLE;PUNO;PUNO;PUNO;2023-06-06;1;1;1;NO APLICA;2
SEC02323;2;2008-01-01;17;4;PERÚ;2;EDUCADORES DE CALLE;AREQUIPA;AREQUIPA;JOSE LUIS BUSTAMANTE Y RIVERO;2023-06-09;1;1;1;NO APLICA;2
SEC02324;1;2010-11-17;14;4;PERÚ;2;EDUCADORES DE CALLE;AREQUIPA;AREQUIPA;JOSE LUIS BUSTAMANTE Y RIVERO;2023-06-09;1;1;1;NO APLICA;2
SEC02325;1;2010-06-26;14;4;PERÚ;2;EDUCADORES DE CALLE;LA LIBERTAD;TRUJILLO;TRUJILLO;2023-06-09;1;1;2;2025-04-22;2
SEC02326;1;2011-12-26;13;4;PERÚ;2;EDUCADORES DE CALLE;LA LIBERTAD;TRUJILLO;TRUJILLO;2023-06-09;1;1;1;NO APLICA;2
SEC02327;2;2013-08-05;11;3;PERÚ;2;EDUCADORES DE CALLE;LA LIBERTAD;TRUJILLO;TRUJILLO;2023-06-09;1;1;1;NO APLICA;2
SEC02328;1;2010-02-02;15;4;PERÚ;2;EDUCADORES DE CALLE;HUANCAVELICA;HUANCAVELICA;HUANCAVELICA;2023-06-14;1;1;2;2025-01-28;2
SEC02329;1;2011-11-13;13;4;PERÚ;2;EDUCADORES DE CALLE;PUNO;SAN ROMAN;JULIACA;2023-06-14;1;1;1;NO APLICA;2
SEC02330;2;2015-03-04;10;3;PERÚ;2;EDUCADORES DE CALLE;PUNO;SAN ROMAN;JULIACA;2023-06-14;1;1;1;NO APLICA;2
SEC02331;1;2009-01-16;16;4;PERÚ;2;EDUCADORES DE CALLE;LIMA;LIMA;COMAS;2023-06-14;3;1;1;NO APLICA;2
SEC02332;1;2013-01-28;12;4;PERÚ;2;EDUCADORES DE CALLE;PUNO;SAN ROMAN;JULIACA;2023-06-14;1;1;1;NO APLICA;2
SEC02333;2;2013-09-08;11;3;VENEZUELA;2;EDUCADORES DE CALLE;LIMA;LIMA;EL AGUSTINO;2023-06-14;3;5;1;NO APLICA;2
SEC02334;2;2016-10-07;8;3;PERÚ;2;EDUCADORES DE CALLE;PUNO;SAN ROMAN;JULIACA;2023-06-15;1;1;1;NO APLICA;2
SEC02335;2;2013-02-07;12;4;PERÚ;2;EDUCADORES DE CALLE;AREQUIPA;AREQUIPA;CERRO COLORADO;2023-06-15;1;1;1;NO APLICA;1
SEC02336;1;2010-02-17;15;4;PERÚ;2;EDUCADORES DE CALLE;LA LIBERTAD;TRUJILLO;TRUJILLO;2023-06-16;1;1;1;NO APLICA;1
SEC02337;2;2013-07-20;11;3;PERÚ;2;EDUCADORES DE CALLE;TACNA;TACNA;CORONEL GREGORIO ALBARRACIN LANCHIPA;2023-06-16;1;1;1;NO APLICA;2
SEC02338;2;2015-12-03;9;3;PERÚ;2;EDUCADORES DE CALLE;LA LIBERTAD;TRUJILLO;TRUJILLO;2023-06-16;1;1;1;NO APLICA;1
SEC02339;2;2012-12-06;12;4;PERÚ;2;EDUCADORES DE CALLE;LA LIBERTAD;TRUJILLO;TRUJILLO;2023-06-16;1;1;1;NO APLICA;1
SEC02340;2;2015-03-10;10;3;PERÚ;2;EDUCADORES DE CALLE;PUNO;SAN ROMAN;JULIACA;2023-06-16;1;1;1;NO APLICA;2
SEC02341;1;2011-04-05;14;4;PERÚ;2;EDUCADORES DE CALLE;TACNA;TACNA;CORONEL GREGORIO ALBARRACIN LANCHIPA;2023-06-16;1;1;1;NO APLICA;2
SEC02342;2;2021-07-19;3;2;PERÚ;2;EDUCADORES DE CALLE;LIMA;LIMA;ATE;2023-06-16;2;1;1;NO APLICA;2
SEC02343;2;2009-03-28;16;4;PERÚ;2;EDUCADORES DE CALLE;AREQUIPA;AREQUIPA;CERRO COLORADO;2023-06-17;1;1;1;NO APLICA;1
SEC02344;2;2016-07-01;8;3;PERÚ;2;EDUCADORES DE CALLE;HUANCAVELICA;HUANCAVELICA;HUANCAVELICA;2023-06-19;1;1;1;NO APLICA;2
SEC02345;2;2017-01-27;8;3;PERÚ;2;EDUCADORES DE CALLE;LAMBAYEQUE;CHICLAYO;CHICLAYO;2023-06-19;1;2;1;NO APLICA;1
SEC02346;1;2008-04-06;17;4;PERÚ;2;EDUCADORES DE CALLE;LIMA;LIMA;SAN JUAN DE LURIGANCHO;2023-06-20;1;1;1;NO APLICA;2
SEC02347;1;2007-08-01;17;4;PERÚ;1;EDUCADORES DE CALLE;LIMA;LIMA;CHORRILLOS;2023-06-20;3;1;1;NO APLICA;2
SEC02348;2;2011-09-28;13;4;PERÚ;1;EDUCADORES DE CALLE;LIMA;LIMA;CHORRILLOS;2023-06-20;2;1;1;NO APLICA;2
SEC02349;1;2012-05-11;12;4;PERÚ;2;EDUCADORES DE CALLE;MOQUEGUA;MARISCAL NIETO;MOQUEGUA;2023-06-20;1;1;1;NO APLICA;1
SEC02350;1;2011-03-09;14;4;PERÚ;2;EDUCADORES DE CALLE;LA LIBERTAD;TRUJILLO;TRUJILLO;2023-06-20;1;1;1;NO APLICA;1
SEC02351;2;2011-09-03;13;4;PERÚ;2;EDUCADORES DE CALLE;LIMA;LIMA;CHORRILLOS;2023-06-20;1;1;1;NO APLICA;2
SEC02352;1;2013-09-01;11;3;PERÚ;2;EDUCADORES DE CALLE;LIMA;LIMA;CHORRILLOS;2023-06-20;2;1;1;NO APLICA;2
SEC02353;1;2012-11-15;12;4;PERÚ;2;EDUCADORES DE CALLE;LIMA;LIMA;SAN JUAN DE LURIGANCHO;2023-06-20;1;1;1;NO APLICA;2
SEC02354;1;2014-05-12;10;3;PERÚ;2;EDUCADORES DE CALLE;MOQUEGUA;MARISCAL NIETO;MOQUEGUA;2023-06-20;1;1;1;NO APLICA;1
SEC02355;1;2022-10-18;2;2;PERÚ;2;EDUCADORES DE CALLE;LIMA;LIMA;CHORRILLOS;2023-06-20;2;1;1;NO APLICA;2
SEC02356;1;2008-03-20;17;4;PERÚ;2;EDUCADORES DE CALLE;TACNA;TACNA;CORONEL GREGORIO ALBARRACIN LANCHIPA;2023-06-21;3;1;1;NO APLICA;1
SEC02357;1;2011-02-16;14;4;PERÚ;2;EDUCADORES DE CALLE;TACNA;TACNA;CIUDAD NUEVA;2023-06-22;1;1;1;NO APLICA;2
SEC02358;1;2012-12-06;12;4;PERÚ;2;EDUCADORES DE CALLE;PUNO;PUNO;PUNO;2023-06-22;1;1;1;NO APLICA;2
SEC02359;1;2014-11-09;10;3;PERÚ;2;EDUCADORES DE CALLE;PUNO;PUNO;PUNO;2023-06-22;1;1;1;NO APLICA;2
SEC02360;2;2018-04-23;7;3;PERÚ;2;EDUCADORES DE CALLE;PUNO;SAN ROMAN;JULIACA;2023-06-22;1;1;1;NO APLICA;2
SEC02361;1;2010-06-15;14;4;PERÚ;2;EDUCADORES DE CALLE;LIMA;LIMA;VILLA EL SALVADOR;2023-06-23;3;1;1;NO APLICA;2
SEC02362;2;2015-02-02;10;3;PERÚ;2;EDUCADORES DE CALLE;PIURA;PIURA;PIURA;2023-06-23;1;1;1;NO APLICA;1
SEC02363;2;2014-10-26;10;3;PERÚ;2;EDUCADORES DE CALLE;AREQUIPA;AREQUIPA;MIRAFLORES;2023-06-23;1;1;1;NO APLICA;2
SEC02364;2;2017-08-18;7;3;PERÚ;2;EDUCADORES DE CALLE;PIURA;PIURA;PIURA;2023-06-23;1;1;1;NO APLICA;1
SEC02365;1;2011-07-20;13;4;PERÚ;2;EDUCADORES DE CALLE;LIMA;LIMA;ATE;2023-06-24;1;1;1;NO APLICA;2
SEC02366;2;2015-12-03;9;3;PERÚ;2;EDUCADORES DE CALLE;LIMA;LIMA;ATE;2023-06-24;2;1;1;NO APLICA;2
SEC02367;1;2019-08-24;5;2;PERÚ;2;EDUCADORES DE CALLE;LIMA;LIMA;ATE;2023-06-24;2;1;1;NO APLICA;2
SEC02368;1;2009-02-25;16;4;PERÚ;2;EDUCADORES DE CALLE;LIMA;LIMA;RIMAC;2023-06-25;3;1;1;NO APLICA;2
SEC02369;2;2010-05-29;14;4;PERÚ;2;EDUCADORES DE CALLE;LIMA;CALLAO;VENTANILLA;2023-06-25;3;1;1;NO APLICA;2
SEC02370;1;2007-01-15;18;5;PERÚ;2;EDUCADORES DE CALLE;LIMA;CALLAO;VENTANILLA;2023-06-25;3;1;1;NO APLICA;2
SEC02371;2;2009-06-12;15;4;PERÚ;2;EDUCADORES DE CALLE;LIMA;CALLAO;VENTANILLA;2023-06-25;3;1;1;NO APLICA;2
SEC02372;2;2011-08-17;13;4;PERÚ;2;EDUCADORES DE CALLE;LIMA;CALLAO;VENTANILLA;2023-06-25;3;1;1;NO APLICA;2
SEC02373;1;2012-04-24;13;4;PERÚ;2;EDUCADORES DE CALLE;LIMA;CALLAO;VENTANILLA;2023-06-25;3;1;1;NO APLICA;2
SEC02374;2;2016-11-11;8;3;PERÚ;2;EDUCADORES DE CALLE;LIMA;CALLAO;VENTANILLA;2023-06-25;3;1;1;NO APLICA;2
SEC02375;2;2011-08-17;13;4;PERÚ;2;EDUCADORES DE CALLE;LIMA;CALLAO;VENTANILLA;2023-06-25;3;1;1;NO APLICA;2
SEC02376;1;2013-08-26;11;3;PERÚ;2;EDUCADORES DE CALLE;LIMA;LIMA;ATE;2023-06-26;1;1;1;NO APLICA;2
SEC02377;2;2014-12-03;10;3;PERÚ;2;EDUCADORES DE CALLE;LIMA;LIMA;ATE;2023-06-26;1;1;1;NO APLICA;2
SEC02378;2;2008-06-12;16;4;PERÚ;2;EDUCADORES DE CALLE;CUSCO;CUSCO;CUSCO;2023-06-27;3;1;1;NO APLICA;1
SEC02379;1;2019-09-20;5;2;PERÚ;2;EDUCADORES DE CALLE;LIMA;LIMA;SAN JUAN DE MIRAFLORES;2023-06-27;2;1;1;NO APLICA;1
SEC02380;1;2015-02-24;10;3;VENEZUELA;2;EDUCADORES DE CALLE;LIMA;LIMA;SAN JUAN DE MIRAFLORES;2023-06-27;2;5;1;NO APLICA;1
SEC02381;2;2017-10-11;7;3;VENEZUELA;2;EDUCADORES DE CALLE;LIMA;LIMA;SAN JUAN DE MIRAFLORES;2023-06-27;2;5;1;NO APLICA;1
SEC02382;2;2008-12-01;16;4;PERÚ;2;EDUCADORES DE CALLE;JUNÍN;HUANCAYO;HUANCAYO;2023-06-28;1;1;1;NO APLICA;1
SEC02383;1;2006-06-10;18;5;PERÚ;1;EDUCADORES DE CALLE;LIMA;CALLAO;VENTANILLA;2023-06-28;3;1;1;NO APLICA;1
SEC02384;2;2009-06-19;15;4;PERÚ;2;EDUCADORES DE CALLE;JUNÍN;HUANCAYO;HUANCAYO;2023-06-28;1;1;1;NO APLICA;1
SEC02385;2;2011-07-16;13;4;PERÚ;2;EDUCADORES DE CALLE;PASCO;PASCO;YANACANCHA;2023-06-28;1;1;1;NO APLICA;2
SEC02386;1;2011-07-19;13;4;PERÚ;2;EDUCADORES DE CALLE;LIMA;CALLAO;VENTANILLA;2023-06-28;3;1;1;NO APLICA;1
SEC02387;2;2011-11-09;13;4;PERÚ;2;EDUCADORES DE CALLE;JUNÍN;HUANCAYO;HUANCAYO;2023-06-28;1;1;1;NO APLICA;1
SEC02388;1;2010-04-24;15;4;PERÚ;2;EDUCADORES DE CALLE;LIMA;LIMA;VILLA MARIA DEL TRIUNFO;2023-06-28;1;1;1;NO APLICA;2
SEC02389;2;2011-10-01;13;4;PERÚ;2;EDUCADORES DE CALLE;PASCO;PASCO;CHAUPIMARCA;2023-06-28;1;1;1;NO APLICA;2
SEC02390;2;2013-04-16;12;4;PERÚ;2;EDUCADORES DE CALLE;PASCO;PASCO;YANACANCHA;2023-06-28;1;1;1;NO APLICA;2
SEC02391;1;2007-10-17;17;4;PERÚ;2;EDUCADORES DE CALLE;PASCO;PASCO;YANACANCHA;2023-06-28;1;1;1;NO APLICA;2
SEC02392;2;2009-04-04;16;4;PERÚ;2;EDUCADORES DE CALLE;LIMA;LIMA;VILLA MARIA DEL TRIUNFO;2023-06-28;1;1;1;NO APLICA;2
SEC02393;2;2012-08-01;12;4;PERÚ;2;EDUCADORES DE CALLE;LIMA;LIMA;VILLA MARIA DEL TRIUNFO;2023-06-28;1;1;1;NO APLICA;2
SEC02394;1;2007-08-09;17;4;PERÚ;2;EDUCADORES DE CALLE;LIMA;LIMA;PUENTE PIEDRA;2023-06-28;3;1;1;NO APLICA;1
SEC02395;2;2013-01-22;12;4;PERÚ;2;EDUCADORES DE CALLE;LIMA;LIMA;VILLA MARIA DEL TRIUNFO;2023-06-28;1;1;1;NO APLICA;2
SEC02396;1;2008-12-15;16;4;PERÚ;2;EDUCADORES DE CALLE;TACNA;TACNA;ALTO DE LA ALIANZA;2023-06-28;3;1;1;NO APLICA;1
SEC02397;1;2013-12-16;11;3;PERÚ;2;EDUCADORES DE CALLE;JUNÍN;HUANCAYO;HUANCAYO;2023-06-28;1;1;1;NO APLICA;1
SEC02398;2;2013-01-22;12;4;PERÚ;2;EDUCADORES DE CALLE;LIMA;LIMA;VILLA MARIA DEL TRIUNFO;2023-06-28;1;1;1;NO APLICA;2
SEC02399;1;2013-11-21;11;3;PERÚ;2;EDUCADORES DE CALLE;JUNÍN;HUANCAYO;HUANCAYO;2023-06-28;1;1;1;NO APLICA;1
SEC02400;2;2012-08-15;12;4;PERÚ;2;EDUCADORES DE CALLE;PASCO;PASCO;CHAUPIMARCA;2023-06-28;1;1;1;NO APLICA;2
SEC02401;1;2012-12-22;12;4;PERÚ;2;EDUCADORES DE CALLE;JUNÍN;CHUPACA;CHUPACA;2023-06-28;1;1;1;NO APLICA;2
SEC02402;2;2013-11-18;11;3;PERÚ;2;EDUCADORES DE CALLE;JUNÍN;CHUPACA;CHUPACA;2023-06-28;1;1;1;NO APLICA;1
SEC02403;1;2014-03-14;11;3;PERÚ;2;EDUCADORES DE CALLE;JUNÍN;HUANCAYO;HUANCAYO;2023-06-28;1;1;1;NO APLICA;1
SEC02404;1;2013-11-24;11;3;PERÚ;2;EDUCADORES DE CALLE;PASCO;PASCO;YANACANCHA;2023-06-28;1;1;1;NO APLICA;1
SEC02405;2;2018-01-06;7;3;PERÚ;2;EDUCADORES DE CALLE;JUNÍN;HUANCAYO;HUANCAYO;2023-06-28;1;1;1;NO APLICA;1
SEC02406;1;2018-11-08;6;3;PERÚ;2;EDUCADORES DE CALLE;LIMA;LIMA;ATE;2023-06-28;2;2;1;NO APLICA;2
SEC02407;1;2012-06-04;12;4;PERÚ;2;EDUCADORES DE CALLE;PASCO;PASCO;YANACANCHA;2023-06-29;1;1;1;NO APLICA;1
SEC02408;2;2012-08-24;12;4;VENEZUELA;2;EDUCADORES DE CALLE;LIMA;LIMA;SAN BORJA;2023-06-30;1;1;1;NO APLICA;1
SEC02409;1;2010-08-22;14;4;VENEZUELA;2;EDUCADORES DE CALLE;LIMA;LIMA;SAN BORJA;2023-06-30;1;1;1;NO APLICA;1
SEC02410;1;2009-08-01;15;4;PERÚ;2;EDUCADORES DE CALLE;ICA;ICA;ICA;2023-06-30;1;1;1;NO APLICA;2
SEC02411;1;2013-08-27;11;3;PERÚ;2;EDUCADORES DE CALLE;PASCO;PASCO;YANACANCHA;2023-06-30;1;1;1;NO APLICA;1
SEC02412;1;2013-10-03;11;3;PERÚ;2;EDUCADORES DE CALLE;LIMA;LIMA;SAN BORJA;2023-06-30;1;1;1;NO APLICA;1
SEC02413;2;2014-02-22;11;3;PERÚ;2;EDUCADORES DE CALLE;ICA;ICA;ICA;2023-06-30;1;1;1;NO APLICA;2
SEC02414;2;2015-02-11;10;3;PERÚ;2;EDUCADORES DE CALLE;ICA;ICA;ICA;2023-06-30;1;1;1;NO APLICA;2
SEC02415;1;2015-07-26;9;3;PERÚ;2;EDUCADORES DE CALLE;LIMA;LIMA;CARABAYLLO;2023-06-30;1;1;2;2025-04-23;2
SEC02416;2;2014-11-30;10;3;PERÚ;2;EDUCADORES DE CALLE;JUNÍN;HUANCAYO;HUANCAYO;2023-06-30;1;1;1;NO APLICA;1
SEC02417;1;2017-04-09;8;3;PERÚ;2;EDUCADORES DE CALLE;LIMA;LIMA;SAN BORJA;2023-06-30;1;1;1;NO APLICA;1
SEC02418;2;2020-11-29;4;2;PERÚ;2;EDUCADORES DE CALLE;LIMA;LIMA;SAN BORJA;2023-06-30;2;1;1;NO APLICA;1
SEC02419;2;2021-01-17;4;2;PERÚ;2;EDUCADORES DE CALLE;LIMA;LIMA;CARABAYLLO;2023-06-30;2;1;2;2025-01-31;2
SEC02420;1;2010-04-12;15;4;PERÚ;2;EDUCADORES DE CALLE;HUÁNUCO;HUÁNUCO;HUÁNUCO;2023-07-01;1;1;1;NO APLICA;2
SEC02421;1;2010-06-19;14;4;PERÚ;2;EDUCADORES DE CALLE;HUÁNUCO;HUÁNUCO;HUÁNUCO;2023-07-01;1;1;1;NO APLICA;2
SEC02422;1;2011-12-07;13;4;PERÚ;2;EDUCADORES DE CALLE;HUÁNUCO;HUÁNUCO;HUÁNUCO;2023-07-01;1;1;1;NO APLICA;2
SEC02423;1;2011-12-07;13;4;PERÚ;2;EDUCADORES DE CALLE;HUÁNUCO;HUÁNUCO;HUÁNUCO;2023-07-01;1;1;1;NO APLICA;2
SEC02424;1;2013-02-03;12;4;PERÚ;2;EDUCADORES DE CALLE;HUÁNUCO;HUÁNUCO;HUÁNUCO;2023-07-01;1;1;1;NO APLICA;2
SEC02425;1;2012-06-25;12;4;PERÚ;2;EDUCADORES DE CALLE;HUÁNUCO;HUÁNUCO;HUÁNUCO;2023-07-01;1;1;1;NO APLICA;2
SEC02426;1;2015-09-17;9;3;PERÚ;2;EDUCADORES DE CALLE;HUÁNUCO;HUÁNUCO;HUÁNUCO;2023-07-01;1;1;1;NO APLICA;2
SEC02427;1;2015-11-26;9;3;PERÚ;2;EDUCADORES DE CALLE;HUÁNUCO;HUÁNUCO;HUÁNUCO;2023-07-01;1;1;1;NO APLICA;2
SEC02428;1;2016-09-19;8;3;PERÚ;2;EDUCADORES DE CALLE;PASCO;PASCO;YANACANCHA;2023-07-01;1;1;1;NO APLICA;1
SEC02429;1;2017-03-19;8;3;PERÚ;2;EDUCADORES DE CALLE;HUÁNUCO;HUÁNUCO;HUÁNUCO;2023-07-01;1;1;1;NO APLICA;2
SEC02430;1;2017-07-10;7;3;PERÚ;2;EDUCADORES DE CALLE;HUÁNUCO;HUÁNUCO;HUÁNUCO;2023-07-01;1;1;1;NO APLICA;2
SEC02431;1;2019-09-29;5;2;PERÚ;2;EDUCADORES DE CALLE;HUÁNUCO;HUÁNUCO;HUÁNUCO;2023-07-01;1;1;1;NO APLICA;2
SEC02432;1;2020-12-07;4;2;PERÚ;2;EDUCADORES DE CALLE;HUÁNUCO;HUÁNUCO;HUÁNUCO;2023-07-01;2;1;1;NO APLICA;2
SEC02433;2;2021-04-07;4;2;PERÚ;2;EDUCADORES DE CALLE;HUÁNUCO;HUÁNUCO;HUÁNUCO;2023-07-01;2;1;1;NO APLICA;2
SEC02434;2;2023-03-01;2;2;PERÚ;2;EDUCADORES DE CALLE;HUÁNUCO;HUÁNUCO;HUÁNUCO;2023-07-01;2;1;1;NO APLICA;2
SEC02435;2;2013-07-04;11;3;PERÚ;2;EDUCADORES DE CALLE;PASCO;PASCO;YANACANCHA;2023-07-02;1;1;1;NO APLICA;1
SEC02436;1;2010-01-29;15;4;PERÚ;2;EDUCADORES DE CALLE;PASCO;PASCO;YANACANCHA;2023-07-03;1;1;1;NO APLICA;1
SEC02437;2;2007-07-14;17;4;PERÚ;2;EDUCADORES DE CALLE;LIMA;LIMA;PUENTE PIEDRA;2023-07-04;1;1;1;NO APLICA;2
SEC02438;2;2007-07-14;17;4;PERÚ;2;EDUCADORES DE CALLE;LIMA;LIMA;PUENTE PIEDRA;2023-07-04;1;1;1;NO APLICA;2
SEC02439;1;2015-03-17;10;3;PERÚ;2;EDUCADORES DE CALLE;PASCO;PASCO;YANACANCHA;2023-07-04;1;1;1;NO APLICA;1
SEC02440;1;2017-10-27;7;3;PERÚ;2;EDUCADORES DE CALLE;AREQUIPA;AREQUIPA;JOSE LUIS BUSTAMANTE Y RIVERO;2023-07-04;1;1;1;NO APLICA;2
SEC02441;2;2009-03-10;16;4;PERÚ;2;EDUCADORES DE CALLE;TUMBES;TUMBES;TUMBES;2023-07-05;1;1;1;NO APLICA;1
SEC02442;1;2009-08-21;15;4;PERÚ;2;EDUCADORES DE CALLE;PUNO;PUNO;PUNO;2023-07-05;1;1;1;NO APLICA;2
SEC02443;1;2011-02-19;14;4;PERÚ;1;EDUCADORES DE CALLE;PUNO;PUNO;PUNO;2023-07-05;1;1;1;NO APLICA;2
SEC02444;2;2012-05-22;12;4;PERÚ;1;EDUCADORES DE CALLE;PUNO;PUNO;PUNO;2023-07-05;1;1;1;NO APLICA;2
SEC02445;2;2013-01-12;12;4;PERÚ;2;EDUCADORES DE CALLE;LIMA;LIMA;RIMAC;2023-07-05;3;1;1;NO APLICA;2
SEC02446;1;2016-09-13;8;3;PERÚ;2;EDUCADORES DE CALLE;LIMA;HUARAL;CHANCAY;2023-07-06;1;1;1;NO APLICA;2
SEC02447;1;2019-12-20;5;2;VENEZUELA;2;EDUCADORES DE CALLE;LIMA;CALLAO;VENTANILLA;2023-07-06;2;1;1;NO APLICA;2
SEC02448;2;2016-04-01;9;3;VENEZUELA;2;EDUCADORES DE CALLE;LIMA;CALLAO;VENTANILLA;2023-07-06;2;5;1;NO APLICA;2
SEC02449;1;2023-04-27;2;2;PERÚ;2;EDUCADORES DE CALLE;LIMA;CALLAO;VENTANILLA;2023-07-06;2;1;1;NO APLICA;2
SEC02450;1;2022-01-08;3;2;VENEZUELA;2;EDUCADORES DE CALLE;LIMA;CALLAO;VENTANILLA;2023-07-06;2;1;1;NO APLICA;2
SEC02451;1;2021-06-08;3;2;VENEZUELA;2;EDUCADORES DE CALLE;LIMA;CALLAO;VENTANILLA;2023-07-06;2;1;1;NO APLICA;2
SEC02452;1;2015-02-09;10;3;VENEZUELA;2;EDUCADORES DE CALLE;LIMA;CALLAO;VENTANILLA;2023-07-06;2;5;1;NO APLICA;2
SEC02453;1;2011-06-18;13;4;PERÚ;2;EDUCADORES DE CALLE;LIMA;LIMA;ATE;2023-07-08;1;1;1;NO APLICA;2
SEC02454;2;2016-10-26;8;3;PERÚ;2;EDUCADORES DE CALLE;LIMA;LIMA;ATE;2023-07-08;2;1;1;NO APLICA;2
SEC02455;2;2010-06-16;14;4;PERÚ;2;EDUCADORES DE CALLE;PASCO;PASCO;CHAUPIMARCA;2023-07-10;1;1;1;NO APLICA;2
SEC02456;2;2013-03-18;12;4;PERÚ;2;EDUCADORES DE CALLE;PASCO;PASCO;CHAUPIMARCA;2023-07-10;1;1;1;NO APLICA;2
SEC02457;1;2014-02-12;11;3;PERÚ;2;EDUCADORES DE CALLE;PASCO;PASCO;CHAUPIMARCA;2023-07-10;1;1;1;NO APLICA;2
SEC02458;2;2014-08-19;10;3;PERÚ;2;EDUCADORES DE CALLE;PASCO;PASCO;CHAUPIMARCA;2023-07-10;1;1;1;NO APLICA;2
SEC02459;1;2015-12-03;9;3;PERÚ;2;EDUCADORES DE CALLE;PASCO;PASCO;CHAUPIMARCA;2023-07-10;1;1;1;NO APLICA;2
SEC02460;2;2011-11-17;13;4;PERÚ;2;EDUCADORES DE CALLE;LA LIBERTAD;TRUJILLO;TRUJILLO;2023-07-11;1;1;1;NO APLICA;1
SEC02461;1;2010-10-29;14;4;PERÚ;2;EDUCADORES DE CALLE;AREQUIPA;AREQUIPA;MIRAFLORES;2023-07-11;1;1;1;NO APLICA;2
SEC02462;1;2016-12-07;8;3;PERÚ;2;EDUCADORES DE CALLE;LA LIBERTAD;TRUJILLO;TRUJILLO;2023-07-11;1;1;1;NO APLICA;1
SEC02463;2;2014-08-29;10;3;PERÚ;2;EDUCADORES DE CALLE;LA LIBERTAD;TRUJILLO;TRUJILLO;2023-07-11;1;1;1;NO APLICA;1
SEC02464;2;2019-03-01;6;3;PERÚ;2;EDUCADORES DE CALLE;AREQUIPA;AREQUIPA;MIRAFLORES;2023-07-11;1;1;1;NO APLICA;2
SEC02465;2;2017-08-21;7;3;PERÚ;2;EDUCADORES DE CALLE;AREQUIPA;AREQUIPA;MIRAFLORES;2023-07-11;1;1;1;NO APLICA;2
SEC02466;2;2009-07-22;15;4;PERÚ;2;EDUCADORES DE CALLE;AREQUIPA;AREQUIPA;JOSE LUIS BUSTAMANTE Y RIVERO;2023-07-12;1;1;1;NO APLICA;2
SEC02467;2;2011-06-06;13;4;PERÚ;2;EDUCADORES DE CALLE;AREQUIPA;AREQUIPA;JOSE LUIS BUSTAMANTE Y RIVERO;2023-07-12;1;1;1;NO APLICA;2
SEC02468;2;2011-11-22;13;4;PERÚ;2;EDUCADORES DE CALLE;PUNO;SAN ROMAN;JULIACA;2023-07-12;1;1;1;NO APLICA;2
SEC02469;1;2013-04-16;12;4;PERÚ;2;EDUCADORES DE CALLE;LIMA;HUARAL;CHANCAY;2023-07-12;1;1;1;NO APLICA;1
SEC02470;1;2013-04-16;12;4;PERÚ;2;EDUCADORES DE CALLE;LIMA;HUARAL;CHANCAY;2023-07-12;1;1;1;NO APLICA;1
SEC02471;1;2010-05-11;14;4;PERÚ;2;EDUCADORES DE CALLE;LA LIBERTAD;TRUJILLO;TRUJILLO;2023-07-12;1;1;1;NO APLICA;2
SEC02472;2;2012-02-03;13;4;PERÚ;2;EDUCADORES DE CALLE;AYACUCHO;HUAMANGA;AYACUCHO;2023-07-13;1;1;1;NO APLICA;2
SEC02473;2;2009-11-05;15;4;PERÚ;2;EDUCADORES DE CALLE;AREQUIPA;AREQUIPA;CERRO COLORADO;2023-07-14;1;1;1;NO APLICA;1
SEC02474;2;2013-11-22;11;3;PERÚ;2;EDUCADORES DE CALLE;AYACUCHO;HUAMANGA;AYACUCHO;2023-07-14;1;1;1;NO APLICA;2
SEC02475;2;2014-02-18;11;3;PERÚ;2;EDUCADORES DE CALLE;AYACUCHO;HUAMANGA;AYACUCHO;2023-07-14;1;1;1;NO APLICA;2
SEC02476;1;2014-05-03;10;3;PERÚ;2;EDUCADORES DE CALLE;AYACUCHO;HUAMANGA;AYACUCHO;2023-07-14;1;1;1;NO APLICA;2
SEC02477;1;2014-04-26;11;3;PERÚ;2;EDUCADORES DE CALLE;LA LIBERTAD;TRUJILLO;TRUJILLO;2023-07-14;1;1;1;NO APLICA;2
SEC02478;1;2015-03-11;10;3;PERÚ;2;EDUCADORES DE CALLE;AYACUCHO;HUAMANGA;AYACUCHO;2023-07-14;1;1;1;NO APLICA;2
SEC02479;2;2015-07-14;9;3;PERÚ;2;EDUCADORES DE CALLE;LIMA;HUARAL;CHANCAY;2023-07-14;1;1;1;NO APLICA;2
SEC02480;1;2016-06-04;8;3;PERÚ;2;EDUCADORES DE CALLE;AYACUCHO;HUAMANGA;AYACUCHO;2023-07-14;1;1;1;NO APLICA;2
SEC02481;2;2021-02-24;4;2;PERÚ;2;EDUCADORES DE CALLE;LIMA;LIMA;ATE;2023-07-15;1;1;1;NO APLICA;2
SEC02482;2;2007-08-04;17;4;PERÚ;2;EDUCADORES DE CALLE;LIMA;LIMA;SAN JUAN DE MIRAFLORES;2023-07-15;3;1;1;NO APLICA;1
SEC02483;2;2009-04-20;16;4;PERÚ;2;EDUCADORES DE CALLE;AREQUIPA;AREQUIPA;MIRAFLORES;2023-07-15;1;1;1;NO APLICA;2
SEC02484;1;2010-08-26;14;4;PERÚ;2;EDUCADORES DE CALLE;LA LIBERTAD;TRUJILLO;TRUJILLO;2023-07-15;1;1;1;NO APLICA;2
SEC02485;2;2010-02-01;15;4;PERÚ;2;EDUCADORES DE CALLE;LIMA;LIMA;ATE;2023-07-15;1;1;1;NO APLICA;2
SEC02486;2;2012-08-14;12;4;PERÚ;2;EDUCADORES DE CALLE;LIMA;LIMA;ATE;2023-07-15;1;1;1;NO APLICA;2
SEC02487;2;2012-08-14;12;4;PERÚ;2;EDUCADORES DE CALLE;LIMA;LIMA;ATE;2023-07-15;1;1;1;NO APLICA;2
SEC02488;1;2016-07-09;8;3;PERÚ;2;EDUCADORES DE CALLE;AREQUIPA;AREQUIPA;MIRAFLORES;2023-07-15;1;1;1;NO APLICA;2
SEC02489;2;2011-05-11;13;4;PERÚ;2;EDUCADORES DE CALLE;AYACUCHO;HUAMANGA;SAN JUAN BAUTISTA;2023-07-17;1;1;1;NO APLICA;1
SEC02490;2;2018-07-03;6;3;PERÚ;2;EDUCADORES DE CALLE;AREQUIPA;AREQUIPA;MIRAFLORES;2023-07-17;1;1;1;NO APLICA;2
SEC02491;1;2019-05-29;5;2;PERÚ;2;EDUCADORES DE CALLE;PASCO;PASCO;CHAUPIMARCA;2023-07-18;1;1;1;NO APLICA;2
SEC02492;1;2015-11-19;9;3;PERÚ;2;EDUCADORES DE CALLE;AYACUCHO;HUAMANGA;AYACUCHO;2023-07-18;1;1;1;NO APLICA;2
SEC02493;1;2012-05-25;12;4;PERÚ;2;EDUCADORES DE CALLE;AYACUCHO;HUAMANGA;AYACUCHO;2023-07-18;1;1;1;NO APLICA;2
SEC02494;1;2008-10-31;16;4;PERÚ;2;EDUCADORES DE CALLE;AYACUCHO;HUAMANGA;AYACUCHO;2023-07-18;1;1;1;NO APLICA;2
SEC02495;1;2010-01-26;15;4;PERÚ;2;EDUCADORES DE CALLE;TACNA;TACNA;CIUDAD NUEVA;2023-07-18;1;1;1;NO APLICA;2
SEC02496;1;2012-02-16;13;4;PERÚ;2;EDUCADORES DE CALLE;LIMA;HUARAL;HUARAL;2023-07-18;1;1;1;NO APLICA;2
SEC02497;2;2011-04-30;14;4;PERÚ;2;EDUCADORES DE CALLE;TACNA;TACNA;CIUDAD NUEVA;2023-07-18;1;1;1;NO APLICA;2
SEC02498;1;2011-12-16;13;4;PERÚ;2;EDUCADORES DE CALLE;LA LIBERTAD;TRUJILLO;TRUJILLO;2023-07-18;1;1;1;NO APLICA;2
SEC02499;1;2012-05-16;12;4;PERÚ;2;EDUCADORES DE CALLE;PASCO;PASCO;CHAUPIMARCA;2023-07-18;1;1;1;NO APLICA;2
SEC02500;1;2014-01-12;11;3;PERÚ;2;EDUCADORES DE CALLE;PASCO;PASCO;CHAUPIMARCA;2023-07-18;1;1;1;NO APLICA;2
SEC02501;1;2014-02-08;11;3;PERÚ;2;EDUCADORES DE CALLE;PASCO;PASCO;CHAUPIMARCA;2023-07-18;1;1;1;NO APLICA;2
SEC02502;1;2014-06-08;10;3;PERÚ;2;EDUCADORES DE CALLE;PUNO;SAN ROMAN;JULIACA;2023-07-18;1;1;1;NO APLICA;2
SEC02503;1;2014-12-22;10;3;PERÚ;2;EDUCADORES DE CALLE;PASCO;PASCO;CHAUPIMARCA;2023-07-18;1;1;1;NO APLICA;2
SEC02504;2;2015-01-22;10;3;PERÚ;2;EDUCADORES DE CALLE;MOQUEGUA;ILO;ILO;2023-07-18;1;1;1;NO APLICA;2
SEC02505;1;2015-10-11;9;3;PERÚ;2;EDUCADORES DE CALLE;PASCO;PASCO;CHAUPIMARCA;2023-07-18;1;1;1;NO APLICA;2
SEC02506;1;2019-05-29;5;2;PERÚ;2;EDUCADORES DE CALLE;PASCO;PASCO;CHAUPIMARCA;2023-07-18;1;1;1;NO APLICA;2
SEC02507;2;2007-02-19;18;5;PERÚ;2;EDUCADORES DE CALLE;LA LIBERTAD;TRUJILLO;TRUJILLO;2023-07-19;1;1;1;NO APLICA;2
SEC02508;1;2010-08-26;14;4;PERÚ;2;EDUCADORES DE CALLE;HUÁNUCO;HUÁNUCO;HUÁNUCO;2023-07-19;1;1;1;NO APLICA;1
SEC02509;1;2011-03-27;14;4;PERÚ;2;EDUCADORES DE CALLE;AYACUCHO;HUAMANGA;AYACUCHO;2023-07-19;1;1;1;NO APLICA;2
SEC02510;1;2009-07-18;15;4;PERÚ;2;EDUCADORES DE CALLE;LA LIBERTAD;TRUJILLO;TRUJILLO;2023-07-19;1;1;1;NO APLICA;2
SEC02511;2;2014-01-17;11;3;PERÚ;2;EDUCADORES DE CALLE;LIMA;HUARAL;HUARAL;2023-07-19;1;1;1;NO APLICA;2
SEC02512;2;2013-03-20;12;4;PERÚ;2;EDUCADORES DE CALLE;LA LIBERTAD;TRUJILLO;TRUJILLO;2023-07-19;1;1;1;NO APLICA;2
SEC02513;2;2008-12-23;16;4;PERÚ;2;EDUCADORES DE CALLE;LA LIBERTAD;TRUJILLO;TRUJILLO;2023-07-19;1;5;1;NO APLICA;2
SEC02514;1;2008-07-12;16;4;VENEZUELA;2;EDUCADORES DE CALLE;LIMA;LIMA;INDEPENDENCIA;2023-07-20;1;5;1;NO APLICA;2
SEC02515;2;2011-01-29;14;4;PERÚ;2;EDUCADORES DE CALLE;PUNO;PUNO;PUNO;2023-07-20;1;1;1;NO APLICA;2
SEC02516;2;2011-11-26;13;4;PERÚ;2;EDUCADORES DE CALLE;PUNO;PUNO;PUNO;2023-07-20;1;1;1;NO APLICA;2
SEC02517;1;2013-03-09;12;4;PERÚ;2;EDUCADORES DE CALLE;PUNO;PUNO;PUNO;2023-07-20;1;1;1;NO APLICA;2
SEC02518;1;2015-07-18;9;3;PERÚ;2;EDUCADORES DE CALLE;TACNA;TACNA;ALTO DE LA ALIANZA;2023-07-20;1;1;1;NO APLICA;2
SEC02519;1;2016-05-12;8;3;PERÚ;2;EDUCADORES DE CALLE;PUNO;PUNO;PUNO;2023-07-20;1;1;1;NO APLICA;2
SEC02520;1;2013-07-12;11;3;PERÚ;2;EDUCADORES DE CALLE;AYACUCHO;HUAMANGA;AYACUCHO;2023-07-21;1;1;1;NO APLICA;2
SEC02521;2;2009-03-28;16;4;PERÚ;2;EDUCADORES DE CALLE;LIMA;HUARAL;HUARAL;2023-07-21;1;1;2;2025-05-27;2
SEC02522;1;2015-10-14;9;3;PERÚ;2;EDUCADORES DE CALLE;PUNO;SAN ROMAN;JULIACA;2023-07-21;1;1;1;NO APLICA;2
SEC02523;2;2016-02-12;9;3;PERÚ;2;EDUCADORES DE CALLE;AREQUIPA;AREQUIPA;CERRO COLORADO;2023-07-21;1;1;1;NO APLICA;1
SEC02524;1;2013-02-09;12;4;PERÚ;2;EDUCADORES DE CALLE;AYACUCHO;HUAMANGA;AYACUCHO;2023-07-21;1;1;1;NO APLICA;2
SEC02525;2;2012-09-19;12;4;PERÚ;2;EDUCADORES DE CALLE;AREQUIPA;AREQUIPA;CERRO COLORADO;2023-07-21;1;1;1;NO APLICA;1
SEC02526;2;2017-08-10;7;3;PERÚ;2;EDUCADORES DE CALLE;AYACUCHO;HUAMANGA;AYACUCHO;2023-07-21;1;1;1;NO APLICA;2
SEC02527;2;2014-12-20;10;3;PERÚ;2;EDUCADORES DE CALLE;MOQUEGUA;MARISCAL NIETO;MOQUEGUA;2023-07-22;1;1;1;NO APLICA;2
SEC02528;2;2012-08-14;12;4;PERÚ;2;EDUCADORES DE CALLE;AYACUCHO;HUAMANGA;AYACUCHO;2023-07-24;1;1;2;2025-02-18;2
SEC02529;2;2014-12-27;10;3;PERÚ;2;EDUCADORES DE CALLE;AYACUCHO;HUAMANGA;AYACUCHO;2023-07-24;1;1;1;NO APLICA;2
SEC02530;2;2015-12-27;9;3;PERÚ;2;EDUCADORES DE CALLE;AYACUCHO;HUAMANGA;AYACUCHO;2023-07-24;1;1;1;NO APLICA;2
SEC02531;2;2012-03-30;13;4;PERÚ;2;EDUCADORES DE CALLE;PIURA;PIURA;PIURA;2023-07-25;1;1;1;NO APLICA;1
SEC02532;1;2013-12-13;11;3;PERÚ;2;EDUCADORES DE CALLE;PIURA;PIURA;PIURA;2023-07-25;1;1;1;NO APLICA;1
SEC02533;2;2015-12-29;9;3;PERÚ;2;EDUCADORES DE CALLE;TACNA;TACNA;CORONEL GREGORIO ALBARRACIN LANCHIPA;2023-07-25;1;1;1;NO APLICA;2
SEC02534;1;2017-02-11;8;3;PERÚ;2;EDUCADORES DE CALLE;PIURA;PIURA;PIURA;2023-07-25;1;1;1;NO APLICA;1
SEC02535;2;2015-07-08;9;3;PERÚ;2;EDUCADORES DE CALLE;PIURA;PIURA;PIURA;2023-07-25;1;1;1;NO APLICA;1
SEC02536;2;2008-02-20;17;4;PERÚ;2;EDUCADORES DE CALLE;PASCO;PASCO;YANACANCHA;2023-07-26;1;1;1;NO APLICA;2
SEC02537;2;2007-06-06;17;4;PERÚ;2;EDUCADORES DE CALLE;PASCO;PASCO;YANACANCHA;2023-07-26;1;1;1;NO APLICA;1
SEC02538;1;2007-07-18;17;4;PERÚ;2;EDUCADORES DE CALLE;ICA;ICA;ICA;2023-07-26;1;1;1;NO APLICA;2
SEC02539;2;2008-11-16;16;4;PERÚ;2;EDUCADORES DE CALLE;PASCO;PASCO;YANACANCHA;2023-07-26;1;1;1;NO APLICA;2
SEC02540;1;2009-06-17;15;4;PERÚ;2;EDUCADORES DE CALLE;PASCO;PASCO;YANACANCHA;2023-07-26;1;1;1;NO APLICA;1
SEC02541;2;2012-11-05;12;4;PERÚ;2;EDUCADORES DE CALLE;PASCO;PASCO;YANACANCHA;2023-07-26;1;1;1;NO APLICA;2
SEC02542;1;2009-06-04;15;4;PERÚ;2;EDUCADORES DE CALLE;HUÁNUCO;HUÁNUCO;AMARILIS;2023-07-26;1;1;1;NO APLICA;2
SEC02543;2;2010-01-22;15;4;PERÚ;2;EDUCADORES DE CALLE;LIMA;LIMA;PUENTE PIEDRA;2023-07-26;3;1;1;NO APLICA;2
SEC02544;2;2010-03-27;15;4;PERÚ;2;EDUCADORES DE CALLE;ICA;ICA;ICA;2023-07-26;1;1;1;NO APLICA;2
SEC02545;2;2010-04-03;15;4;PERÚ;2;EDUCADORES DE CALLE;PASCO;PASCO;YANACANCHA;2023-07-26;1;1;1;NO APLICA;2
SEC02546;2;2011-08-11;13;4;PERÚ;2;EDUCADORES DE CALLE;PASCO;PASCO;YANACANCHA;2023-07-26;1;1;1;NO APLICA;2
SEC02547;1;2007-09-01;17;4;PERÚ;2;EDUCADORES DE CALLE;LIMA;LIMA;ATE;2023-07-26;3;1;1;NO APLICA;2
SEC02548;1;2011-02-22;14;4;PERÚ;2;EDUCADORES DE CALLE;HUÁNUCO;HUÁNUCO;AMARILIS;2023-07-26;1;1;1;NO APLICA;2
SEC02549;1;2011-08-07;13;4;PERÚ;2;EDUCADORES DE CALLE;LIMA;CALLAO;VENTANILLA;2023-07-26;3;1;1;NO APLICA;1
SEC02550;2;2012-12-23;12;4;PERÚ;2;EDUCADORES DE CALLE;PASCO;PASCO;YANACANCHA;2023-07-26;1;1;1;NO APLICA;2
SEC02551;2;2014-06-06;10;3;PERÚ;2;EDUCADORES DE CALLE;PASCO;PASCO;YANACANCHA;2023-07-26;1;1;1;NO APLICA;2
SEC02552;1;2014-09-04;10;3;PERÚ;2;EDUCADORES DE CALLE;PASCO;PASCO;YANACANCHA;2023-07-26;1;1;1;NO APLICA;1
SEC02553;1;2014-09-17;10;3;PERÚ;2;EDUCADORES DE CALLE;HUÁNUCO;HUÁNUCO;AMARILIS;2023-07-26;1;1;1;NO APLICA;2
SEC02554;1;2015-08-13;9;3;PERÚ;2;EDUCADORES DE CALLE;HUÁNUCO;HUÁNUCO;AMARILIS;2023-07-26;1;1;1;NO APLICA;2
SEC02555;1;2015-09-19;9;3;PERÚ;2;EDUCADORES DE CALLE;ICA;ICA;ICA;2023-07-26;1;1;1;NO APLICA;2
SEC02556;2;2015-03-07;10;3;PERÚ;2;EDUCADORES DE CALLE;AREQUIPA;AREQUIPA;AREQUIPA;2023-07-26;1;2;1;NO APLICA;2
SEC02557;2;2016-09-02;8;3;PERÚ;2;EDUCADORES DE CALLE;AREQUIPA;AREQUIPA;AREQUIPA;2023-07-26;1;1;1;NO APLICA;2
SEC02558;1;2014-06-17;10;3;PERÚ;2;EDUCADORES DE CALLE;AREQUIPA;AREQUIPA;AREQUIPA;2023-07-26;1;1;1;NO APLICA;2
SEC02559;2;2012-10-09;12;4;PERÚ;2;EDUCADORES DE CALLE;AREQUIPA;AREQUIPA;AREQUIPA;2023-07-26;1;1;1;NO APLICA;2
SEC02560;2;2015-06-11;9;3;PERÚ;2;EDUCADORES DE CALLE;AREQUIPA;AREQUIPA;AREQUIPA;2023-07-26;1;1;1;NO APLICA;2
SEC02561;2;2017-04-05;8;3;PERÚ;2;EDUCADORES DE CALLE;AREQUIPA;AREQUIPA;AREQUIPA;2023-07-26;1;1;1;NO APLICA;2
SEC02562;1;2017-07-09;7;3;PERÚ;2;EDUCADORES DE CALLE;HUÁNUCO;HUÁNUCO;AMARILIS;2023-07-26;1;1;1;NO APLICA;2
SEC02563;2;2017-07-24;7;3;PERÚ;2;EDUCADORES DE CALLE;AREQUIPA;AREQUIPA;AREQUIPA;2023-07-26;1;1;1;NO APLICA;2
SEC02564;2;2017-11-11;7;3;PERÚ;2;EDUCADORES DE CALLE;PASCO;PASCO;YANACANCHA;2023-07-26;1;1;1;NO APLICA;1
SEC02565;2;2016-08-30;8;3;PERÚ;2;EDUCADORES DE CALLE;AREQUIPA;AREQUIPA;AREQUIPA;2023-07-26;1;2;1;NO APLICA;2
SEC02566;2;2018-04-24;7;3;PERÚ;2;EDUCADORES DE CALLE;HUÁNUCO;HUÁNUCO;AMARILIS;2023-07-26;2;1;1;NO APLICA;1
SEC02567;2;2014-08-16;10;3;PERÚ;2;EDUCADORES DE CALLE;LIMA;LIMA;ATE;2023-07-26;1;1;1;NO APLICA;1
SEC02568;1;2016-11-08;8;3;PERÚ;2;EDUCADORES DE CALLE;LIMA;LIMA;ATE;2023-07-26;1;1;1;NO APLICA;1
SEC02569;1;2018-07-26;6;3;PERÚ;2;EDUCADORES DE CALLE;PASCO;PASCO;YANACANCHA;2023-07-26;1;1;1;NO APLICA;2
SEC02570;1;2021-08-27;3;2;PERÚ;2;EDUCADORES DE CALLE;LIMA;LIMA;ATE;2023-07-26;2;1;1;NO APLICA;2
SEC02571;1;2019-11-27;5;2;PERÚ;2;EDUCADORES DE CALLE;LIMA;LIMA;ATE;2023-07-26;2;1;1;NO APLICA;2
SEC02572;2;2008-05-22;16;4;PERÚ;2;EDUCADORES DE CALLE;JUNÍN;HUANCAYO;HUANCAYO;2023-07-27;1;2;1;NO APLICA;1
SEC02573;1;2010-10-26;14;4;PERÚ;2;EDUCADORES DE CALLE;JUNÍN;HUANCAYO;HUANCAYO;2023-07-27;1;1;1;NO APLICA;1
SEC02574;2;2012-11-17;12;4;PERÚ;2;EDUCADORES DE CALLE;JUNÍN;CHUPACA;CHUPACA;2023-07-27;1;1;1;NO APLICA;2
SEC02575;2;2012-08-22;12;4;PERÚ;2;EDUCADORES DE CALLE;JUNÍN;CHUPACA;CHUPACA;2023-07-27;1;1;1;NO APLICA;2
SEC02576;1;2011-11-24;13;4;PERÚ;2;EDUCADORES DE CALLE;JUNÍN;HUANCAYO;HUANCAYO;2023-07-27;1;1;1;NO APLICA;1
SEC02577;2;2014-09-12;10;3;PERÚ;2;EDUCADORES DE CALLE;JUNÍN;HUANCAYO;HUANCAYO;2023-07-27;1;1;1;NO APLICA;1
SEC02578;2;2015-01-24;10;3;PERÚ;2;EDUCADORES DE CALLE;JUNÍN;HUANCAYO;HUANCAYO;2023-07-27;1;2;1;NO APLICA;1
SEC02579;1;2007-09-21;17;4;PERÚ;2;EDUCADORES DE CALLE;LA LIBERTAD;TRUJILLO;TRUJILLO;2023-07-28;1;1;2;2025-03-21;2
SEC02580;1;2013-05-27;11;3;PERÚ;2;EDUCADORES DE CALLE;PASCO;PASCO;YANACANCHA;2023-07-28;1;1;1;NO APLICA;1
SEC02581;2;2009-07-11;15;4;PERÚ;2;EDUCADORES DE CALLE;PASCO;PASCO;YANACANCHA;2023-07-28;1;1;1;NO APLICA;1
SEC02582;1;2010-12-25;14;4;PERÚ;2;EDUCADORES DE CALLE;LA LIBERTAD;TRUJILLO;TRUJILLO;2023-07-28;1;1;1;NO APLICA;2
SEC02583;2;2011-07-28;13;4;PERÚ;2;EDUCADORES DE CALLE;PASCO;PASCO;YANACANCHA;2023-07-28;1;1;1;NO APLICA;1
SEC02584;1;2012-02-09;13;4;PERÚ;2;EDUCADORES DE CALLE;LA LIBERTAD;TRUJILLO;TRUJILLO;2023-07-28;1;1;1;NO APLICA;2
SEC02585;1;2012-01-22;13;4;PERÚ;2;EDUCADORES DE CALLE;PASCO;PASCO;YANACANCHA;2023-07-28;1;1;1;NO APLICA;1
SEC02586;1;2013-09-05;11;3;PERÚ;2;EDUCADORES DE CALLE;LA LIBERTAD;TRUJILLO;TRUJILLO;2023-07-28;1;1;2;2025-01-24;2
SEC02587;1;2013-10-17;11;3;PERÚ;2;EDUCADORES DE CALLE;LA LIBERTAD;TRUJILLO;TRUJILLO;2023-07-28;1;1;1;NO APLICA;2
SEC02588;2;2012-10-15;12;4;PERÚ;2;EDUCADORES DE CALLE;PASCO;PASCO;YANACANCHA;2023-07-28;1;1;1;NO APLICA;1
SEC02589;2;2013-05-24;11;3;PERÚ;2;EDUCADORES DE CALLE;PASCO;PASCO;YANACANCHA;2023-07-28;1;1;1;NO APLICA;1
SEC02590;2;2015-01-13;10;3;PERÚ;2;EDUCADORES DE CALLE;LA LIBERTAD;TRUJILLO;TRUJILLO;2023-07-28;1;1;1;NO APLICA;2
SEC02591;2;2017-03-05;8;3;PERÚ;2;EDUCADORES DE CALLE;PASCO;PASCO;YANACANCHA;2023-07-28;1;1;1;NO APLICA;1
SEC02592;2;2013-04-25;12;4;PERÚ;2;EDUCADORES DE CALLE;JUNÍN;HUANCAYO;HUANCAYO;2023-07-31;1;1;1;NO APLICA;1
SEC02593;1;2010-04-21;15;4;PERÚ;2;EDUCADORES DE CALLE;LIMA;LIMA;COMAS;2023-07-31;3;1;1;NO APLICA;1
SEC02594;2;2010-04-30;15;4;PERÚ;2;EDUCADORES DE CALLE;LIMA;LIMA;CARABAYLLO;2023-07-31;1;1;1;NO APLICA;2
SEC02595;1;2012-06-27;12;4;PERÚ;2;EDUCADORES DE CALLE;LIMA;LIMA;COMAS;2023-07-31;3;1;1;NO APLICA;1
SEC02596;1;2012-08-17;12;4;PERÚ;2;EDUCADORES DE CALLE;JUNÍN;HUANCAYO;HUANCAYO;2023-07-31;1;1;1;NO APLICA;2
SEC02597;1;2019-08-05;5;2;PERÚ;2;EDUCADORES DE CALLE;LIMA;LIMA;CARABAYLLO;2023-07-31;1;1;1;NO APLICA;2
SEC02598;1;2017-07-17;7;3;VENEZUELA;2;EDUCADORES DE CALLE;TACNA;TACNA;TACNA;2023-07-31;1;5;2;2025-01-14;2
SEC02599;1;2008-03-16;17;4;PERÚ;2;EDUCADORES DE CALLE;LA LIBERTAD;TRUJILLO;TRUJILLO;2023-08-01;1;2;1;NO APLICA;2
SEC02600;1;2011-04-20;14;4;PERÚ;2;EDUCADORES DE CALLE;LA LIBERTAD;TRUJILLO;TRUJILLO;2023-08-01;1;2;1;NO APLICA;2
SEC02601;1;2010-11-20;14;4;PERÚ;2;EDUCADORES DE CALLE;MOQUEGUA;ILO;ILO;2023-08-01;1;1;1;NO APLICA;2
SEC02602;2;2012-06-09;12;4;PERÚ;2;EDUCADORES DE CALLE;LIMA;HUARAL;CHANCAY;2023-08-01;1;1;1;NO APLICA;2
SEC02603;2;2009-07-31;15;4;PERÚ;2;EDUCADORES DE CALLE;LIMA;LIMA;ATE;2023-08-01;3;1;2;2025-01-10;2
SEC02604;1;2008-08-17;16;4;PERÚ;2;EDUCADORES DE CALLE;MOQUEGUA;ILO;ILO;2023-08-01;1;1;1;NO APLICA;2
SEC02605;1;2012-12-27;12;4;PERÚ;2;EDUCADORES DE CALLE;LIMA;LIMA;LA VICTORIA;2023-08-01;1;1;1;NO APLICA;2
SEC02606;1;2013-02-18;12;4;PERÚ;2;EDUCADORES DE CALLE;MOQUEGUA;ILO;ILO;2023-08-01;1;1;1;NO APLICA;2
SEC02607;2;2014-07-27;10;3;PERÚ;2;EDUCADORES DE CALLE;LIMA;HUARAL;CHANCAY;2023-08-01;1;1;1;NO APLICA;2
SEC02608;2;2008-05-27;16;4;PERÚ;2;EDUCADORES DE CALLE;CUSCO;CUSCO;SAN JERONIMO;2023-08-01;1;1;1;NO APLICA;1
SEC02609;2;2008-05-27;16;4;PERÚ;2;EDUCADORES DE CALLE;CUSCO;CUSCO;CUSCO;2023-08-01;1;1;1;NO APLICA;2
SEC02610;1;2014-09-26;10;3;PERÚ;2;EDUCADORES DE CALLE;MOQUEGUA;ILO;ILO;2023-08-01;1;1;1;NO APLICA;2
SEC02611;1;2015-02-28;10;3;PERÚ;1;EDUCADORES DE CALLE;LIMA;LIMA;LA VICTORIA;2023-08-01;2;1;1;NO APLICA;2
SEC02612;2;2019-10-16;5;2;PERÚ;2;EDUCADORES DE CALLE;LIMA;LIMA;LA VICTORIA;2023-08-01;2;1;1;NO APLICA;2
SEC02613;1;2022-11-11;2;2;PERÚ;2;EDUCADORES DE CALLE;LIMA;LIMA;LA VICTORIA;2023-08-01;2;1;1;NO APLICA;2
SEC02614;1;2009-04-24;16;4;PERÚ;2;EDUCADORES DE CALLE;LIMA;HUARAL;CHANCAY;2023-08-02;1;1;1;NO APLICA;1
SEC02615;1;2011-01-02;14;4;PERÚ;2;EDUCADORES DE CALLE;PUNO;SAN ROMAN;JULIACA;2023-08-02;1;1;1;NO APLICA;2
SEC02616;1;2011-05-03;13;4;PERÚ;2;EDUCADORES DE CALLE;LIMA;HUARAL;CHANCAY;2023-08-02;1;1;1;NO APLICA;1
SEC02617;1;2010-08-26;14;4;PERÚ;2;EDUCADORES DE CALLE;LIMA;LIMA;ATE;2023-08-02;3;1;1;NO APLICA;2
SEC02618;2;2014-03-03;11;3;PERÚ;2;EDUCADORES DE CALLE;APURÍMAC;ABANCAY;ABANCAY;2023-08-02;1;1;1;NO APLICA;2
SEC02619;2;2013-03-08;12;4;PERÚ;2;EDUCADORES DE CALLE;LIMA;LIMA;SAN JUAN DE LURIGANCHO;2023-08-02;1;1;1;NO APLICA;2
SEC02620;2;2011-05-16;13;4;PERÚ;2;EDUCADORES DE CALLE;LIMA;LIMA;SAN JUAN DE LURIGANCHO;2023-08-02;1;1;1;NO APLICA;2
SEC02621;1;2015-11-15;9;3;PERÚ;2;EDUCADORES DE CALLE;LIMA;LIMA;SAN JUAN DE LURIGANCHO;2023-08-02;1;1;1;NO APLICA;2
SEC02622;1;2010-03-31;15;4;PERÚ;2;EDUCADORES DE CALLE;LIMA;HUARAL;HUARAL;2023-08-03;1;1;1;NO APLICA;2
SEC02623;1;2010-12-18;14;4;PERÚ;2;EDUCADORES DE CALLE;CUSCO;CUSCO;SAN JERONIMO;2023-08-03;1;1;1;NO APLICA;1
SEC02624;2;2014-02-16;11;3;PERÚ;2;EDUCADORES DE CALLE;LIMA;HUARAL;HUARAL;2023-08-03;1;1;1;NO APLICA;2
SEC02625;1;2009-12-10;15;4;PERÚ;2;EDUCADORES DE CALLE;LA LIBERTAD;TRUJILLO;TRUJILLO;2023-08-03;1;1;1;NO APLICA;2
SEC02626;1;2014-01-03;11;3;PERÚ;2;EDUCADORES DE CALLE;PUNO;SAN ROMAN;JULIACA;2023-08-03;1;1;1;NO APLICA;1
SEC02627;2;2015-04-30;10;3;PERÚ;2;EDUCADORES DE CALLE;APURÍMAC;ABANCAY;ABANCAY;2023-08-03;1;1;1;NO APLICA;2
SEC02628;1;2015-08-04;9;3;PERÚ;2;EDUCADORES DE CALLE;PUNO;SAN ROMAN;JULIACA;2023-08-03;1;1;1;NO APLICA;1
SEC02629;1;2012-09-28;12;4;PERÚ;2;EDUCADORES DE CALLE;LA LIBERTAD;TRUJILLO;TRUJILLO;2023-08-03;1;1;1;NO APLICA;2
SEC02630;1;2014-01-21;11;3;PERÚ;2;EDUCADORES DE CALLE;LA LIBERTAD;TRUJILLO;TRUJILLO;2023-08-03;1;1;1;NO APLICA;2
SEC02631;1;2007-10-11;17;4;PERÚ;2;EDUCADORES DE CALLE;TACNA;TACNA;ALTO DE LA ALIANZA;2023-08-04;1;1;1;NO APLICA;1
SEC02632;1;2007-07-27;17;4;PERÚ;2;EDUCADORES DE CALLE;CUSCO;CUSCO;CUSCO;2023-08-04;1;1;1;NO APLICA;1
SEC02633;2;2010-11-12;14;4;PERÚ;2;EDUCADORES DE CALLE;TUMBES;ZARUMILLA;AGUAS VERDES;2023-08-04;1;1;1;NO APLICA;1
SEC02634;1;2007-01-21;18;5;PERÚ;2;EDUCADORES DE CALLE;CUSCO;CUSCO;CUSCO;2023-08-04;1;1;2;2025-02-25;1
SEC02635;2;2011-07-15;13;4;PERÚ;2;EDUCADORES DE CALLE;PUNO;SAN ROMAN;JULIACA;2023-08-04;1;1;1;NO APLICA;2
SEC02636;1;2013-11-13;11;3;PERÚ;2;EDUCADORES DE CALLE;AREQUIPA;AREQUIPA;MIRAFLORES;2023-08-04;1;1;1;NO APLICA;2
SEC02637;1;2014-11-20;10;3;PERÚ;2;EDUCADORES DE CALLE;PUNO;SAN ROMAN;JULIACA;2023-08-04;1;1;1;NO APLICA;2
SEC02638;2;2015-11-19;9;3;PERÚ;2;EDUCADORES DE CALLE;PUNO;SAN ROMAN;JULIACA;2023-08-04;1;1;1;NO APLICA;2
SEC02639;1;2007-02-12;18;5;PERÚ;2;EDUCADORES DE CALLE;CUSCO;CUSCO;CUSCO;2023-08-04;1;1;2;2025-04-23;1
SEC02640;1;2010-10-22;14;4;PERÚ;2;EDUCADORES DE CALLE;LIMA;CALLAO;VENTANILLA;2023-08-05;3;1;1;NO APLICA;2
SEC02641;1;2011-12-21;13;4;PERÚ;2;EDUCADORES DE CALLE;PASCO;PASCO;YANACANCHA;2023-08-07;1;1;1;NO APLICA;2
SEC02642;2;2010-03-18;15;4;PERÚ;2;EDUCADORES DE CALLE;LIMA;LIMA;ATE;2023-08-08;3;1;1;NO APLICA;2
SEC02643;1;2013-10-27;11;3;PERÚ;2;EDUCADORES DE CALLE;APURÍMAC;ABANCAY;ABANCAY;2023-08-08;1;1;1;NO APLICA;2
SEC02644;1;2009-09-27;15;4;PERÚ;2;EDUCADORES DE CALLE;CUSCO;CUSCO;CUSCO;2023-08-09;3;1;1;NO APLICA;1
SEC02645;1;2012-08-25;12;4;PERÚ;2;EDUCADORES DE CALLE;PUNO;SAN ROMAN;JULIACA;2023-08-09;1;1;1;NO APLICA;2
SEC02646;1;2010-09-04;14;4;PERÚ;2;EDUCADORES DE CALLE;PUNO;SAN ROMAN;JULIACA;2023-08-09;1;1;1;NO APLICA;2
SEC02647;2;2012-01-08;13;4;PERÚ;2;EDUCADORES DE CALLE;PUNO;SAN ROMAN;JULIACA;2023-08-09;1;1;1;NO APLICA;2
SEC02648;1;2013-12-10;11;3;PERÚ;2;EDUCADORES DE CALLE;PUNO;SAN ROMAN;JULIACA;2023-08-09;1;1;1;NO APLICA;2
SEC02649;2;2007-08-18;17;4;PERÚ;2;EDUCADORES DE CALLE;PUNO;SAN ROMAN;JULIACA;2023-08-10;1;1;1;NO APLICA;2
SEC02650;1;2013-02-28;12;4;PERÚ;2;EDUCADORES DE CALLE;PUNO;SAN ROMAN;JULIACA;2023-08-10;1;1;1;NO APLICA;2
SEC02651;1;2009-09-20;15;4;PERÚ;2;EDUCADORES DE CALLE;LIMA;HUARAL;CHANCAY;2023-08-11;1;1;1;NO APLICA;1
SEC02652;2;2015-04-28;10;3;PERÚ;2;EDUCADORES DE CALLE;TUMBES;ZARUMILLA;AGUAS VERDES;2023-08-11;1;1;1;NO APLICA;1
SEC02653;2;2015-03-15;10;3;PERÚ;2;EDUCADORES DE CALLE;LIMA;LIMA;ATE;2023-08-12;1;1;1;NO APLICA;2
SEC02654;1;2018-05-14;6;3;PERÚ;2;EDUCADORES DE CALLE;LIMA;LIMA;ATE;2023-08-12;2;1;1;NO APLICA;2
SEC02655;2;2023-05-17;1;2;PERÚ;2;EDUCADORES DE CALLE;LIMA;LIMA;ATE;2023-08-12;2;1;1;NO APLICA;2
SEC02656;1;2008-11-17;16;4;PERÚ;2;EDUCADORES DE CALLE;PUNO;PUNO;PUNO;2023-08-15;1;1;1;NO APLICA;2
SEC02657;2;2008-01-07;17;4;PERÚ;2;EDUCADORES DE CALLE;TACNA;TACNA;CIUDAD NUEVA;2023-08-15;1;1;1;NO APLICA;2
SEC02658;1;2008-07-19;16;4;PERÚ;2;EDUCADORES DE CALLE;LIMA;LIMA;EL AGUSTINO;2023-08-15;3;1;1;NO APLICA;2
SEC02659;1;2009-02-27;16;4;PERÚ;2;EDUCADORES DE CALLE;LA LIBERTAD;TRUJILLO;TRUJILLO;2023-08-15;1;1;2;2025-03-21;2
SEC02660;2;2011-01-17;14;4;PERÚ;2;EDUCADORES DE CALLE;PUNO;PUNO;PUNO;2023-08-15;1;1;1;NO APLICA;2
SEC02661;1;2014-12-17;10;3;PERÚ;2;EDUCADORES DE CALLE;PUNO;PUNO;PUNO;2023-08-15;1;1;1;NO APLICA;1
SEC02662;2;2012-11-14;12;4;PERÚ;2;EDUCADORES DE CALLE;PUNO;PUNO;PUNO;2023-08-15;1;1;1;NO APLICA;1
SEC02663;1;2009-06-13;15;4;PERÚ;2;EDUCADORES DE CALLE;AREQUIPA;AREQUIPA;MIRAFLORES;2023-08-16;1;1;1;NO APLICA;2
SEC02664;1;2008-11-08;16;4;PERÚ;2;EDUCADORES DE CALLE;LA LIBERTAD;TRUJILLO;TRUJILLO;2023-08-16;1;1;1;NO APLICA;2
SEC02665;1;2009-12-03;15;4;PERÚ;2;EDUCADORES DE CALLE;LA LIBERTAD;TRUJILLO;TRUJILLO;2023-08-16;1;1;1;NO APLICA;2
SEC02666;2;2011-10-21;13;4;PERÚ;2;EDUCADORES DE CALLE;TACNA;TACNA;CIUDAD NUEVA;2023-08-16;1;1;1;NO APLICA;2
SEC02667;1;2012-11-15;12;4;PERÚ;2;EDUCADORES DE CALLE;AREQUIPA;AREQUIPA;MIRAFLORES;2023-08-16;1;1;1;NO APLICA;2
SEC02668;2;2011-04-20;14;4;PERÚ;2;EDUCADORES DE CALLE;AREQUIPA;AREQUIPA;MIRAFLORES;2023-08-16;1;1;1;NO APLICA;2
SEC02669;1;2014-03-20;11;3;PERÚ;2;EDUCADORES DE CALLE;TUMBES;ZARUMILLA;AGUAS VERDES;2023-08-16;1;1;1;NO APLICA;1
SEC02670;2;2015-04-21;10;3;PERÚ;2;EDUCADORES DE CALLE;TUMBES;ZARUMILLA;AGUAS VERDES;2023-08-16;1;1;1;NO APLICA;1
SEC02671;2;2016-09-11;8;3;PERÚ;2;EDUCADORES DE CALLE;LIMA;HUARAL;CHANCAY;2023-08-16;1;1;1;NO APLICA;1
SEC02672;2;2013-07-04;11;3;PERÚ;2;EDUCADORES DE CALLE;TACNA;TACNA;CORONEL GREGORIO ALBARRACIN LANCHIPA;2023-08-16;1;1;1;NO APLICA;2
SEC02673;2;2017-07-18;7;3;PERÚ;2;EDUCADORES DE CALLE;AREQUIPA;AREQUIPA;MIRAFLORES;2023-08-16;1;1;1;NO APLICA;2
SEC02674;1;2007-12-09;17;4;PERÚ;2;EDUCADORES DE CALLE;HUÁNUCO;HUÁNUCO;HUÁNUCO;2023-08-17;1;1;1;NO APLICA;1
SEC02675;2;2008-01-01;17;4;PERÚ;2;EDUCADORES DE CALLE;HUÁNUCO;HUÁNUCO;HUÁNUCO;2023-08-17;2;1;1;NO APLICA;1
SEC02676;1;2010-04-10;15;4;PERÚ;2;EDUCADORES DE CALLE;HUÁNUCO;HUÁNUCO;HUÁNUCO;2023-08-17;2;1;1;NO APLICA;1
SEC02677;2;2011-05-24;13;4;PERÚ;2;EDUCADORES DE CALLE;HUÁNUCO;HUÁNUCO;HUÁNUCO;2023-08-17;1;1;1;NO APLICA;1
SEC02678;2;2016-11-16;8;3;PERÚ;2;EDUCADORES DE CALLE;HUÁNUCO;HUÁNUCO;HUÁNUCO;2023-08-17;1;1;1;NO APLICA;1
SEC02679;1;2009-12-03;15;4;PERÚ;2;EDUCADORES DE CALLE;LA LIBERTAD;TRUJILLO;TRUJILLO;2023-08-17;1;1;1;NO APLICA;2
SEC02680;1;2010-02-12;15;4;PERÚ;2;EDUCADORES DE CALLE;AYACUCHO;HUAMANGA;SAN JUAN BAUTISTA;2023-08-18;1;1;1;NO APLICA;1
SEC02681;2;2007-02-08;18;5;PERÚ;2;EDUCADORES DE CALLE;AYACUCHO;HUAMANGA;SAN JUAN BAUTISTA;2023-08-18;1;1;1;NO APLICA;1
SEC02682;2;2008-11-04;16;4;PERÚ;2;EDUCADORES DE CALLE;AYACUCHO;HUAMANGA;SAN JUAN BAUTISTA;2023-08-18;1;1;1;NO APLICA;1
SEC02683;2;2009-08-20;15;4;PERÚ;2;EDUCADORES DE CALLE;MOQUEGUA;MARISCAL NIETO;MOQUEGUA;2023-08-18;1;1;1;NO APLICA;1
SEC02684;1;2009-06-02;15;4;PERÚ;2;EDUCADORES DE CALLE;AYACUCHO;HUAMANGA;SAN JUAN BAUTISTA;2023-08-18;1;1;1;NO APLICA;1
SEC02685;2;2012-09-05;12;4;PERÚ;2;EDUCADORES DE CALLE;AYACUCHO;HUAMANGA;SAN JUAN BAUTISTA;2023-08-18;1;1;1;NO APLICA;1
SEC02686;1;2012-04-09;13;4;PERÚ;2;EDUCADORES DE CALLE;APURÍMAC;ABANCAY;ABANCAY;2023-08-18;1;1;1;NO APLICA;2
SEC02687;2;2010-06-09;14;4;PERÚ;2;EDUCADORES DE CALLE;LIMA;LIMA;COMAS;2023-08-18;3;1;1;NO APLICA;1
SEC02688;1;2016-01-10;9;3;PERÚ;2;EDUCADORES DE CALLE;APURÍMAC;ABANCAY;ABANCAY;2023-08-18;1;1;1;NO APLICA;2
SEC02689;1;2013-03-21;12;4;PERÚ;2;EDUCADORES DE CALLE;AYACUCHO;HUAMANGA;SAN JUAN BAUTISTA;2023-08-18;1;1;1;NO APLICA;1
SEC02690;2;2013-03-15;12;4;PERÚ;1;EDUCADORES DE CALLE;LIMA;LIMA;ATE;2023-08-19;1;1;1;NO APLICA;2
SEC02691;1;2017-03-20;8;3;PERÚ;2;EDUCADORES DE CALLE;LIMA;LIMA;ATE;2023-08-19;1;1;1;NO APLICA;2
SEC02692;1;2009-04-14;16;4;PERÚ;2;EDUCADORES DE CALLE;APURÍMAC;ABANCAY;ABANCAY;2023-08-22;1;2;1;NO APLICA;2
SEC02693;1;2011-12-16;13;4;PERÚ;2;EDUCADORES DE CALLE;TACNA;TACNA;CIUDAD NUEVA;2023-08-22;1;1;1;NO APLICA;2
SEC02694;1;2012-05-04;12;4;PERÚ;2;EDUCADORES DE CALLE;TACNA;TACNA;CORONEL GREGORIO ALBARRACIN LANCHIPA;2023-08-22;1;1;1;NO APLICA;2
SEC02695;1;2013-12-06;11;3;PERÚ;2;EDUCADORES DE CALLE;APURÍMAC;ABANCAY;ABANCAY;2023-08-22;1;1;1;NO APLICA;2
SEC02696;2;2014-02-14;11;3;PERÚ;2;EDUCADORES DE CALLE;TACNA;TACNA;CORONEL GREGORIO ALBARRACIN LANCHIPA;2023-08-22;1;1;1;NO APLICA;2
SEC02697;2;2014-07-05;10;3;PERÚ;2;EDUCADORES DE CALLE;APURÍMAC;ABANCAY;ABANCAY;2023-08-22;1;1;1;NO APLICA;2
SEC02698;2;2016-09-21;8;3;PERÚ;2;EDUCADORES DE CALLE;APURÍMAC;ABANCAY;ABANCAY;2023-08-22;1;2;1;NO APLICA;2
SEC02699;1;2017-03-19;8;3;PERÚ;2;EDUCADORES DE CALLE;PUNO;PUNO;PUNO;2023-08-22;1;1;1;NO APLICA;1
SEC02700;1;2008-09-14;16;4;PERÚ;2;EDUCADORES DE CALLE;PIURA;PIURA;PIURA;2023-08-23;1;1;1;NO APLICA;2
SEC02701;1;2007-01-23;18;5;PERÚ;2;EDUCADORES DE CALLE;CUSCO;CUSCO;SAN JERONIMO;2023-08-23;1;1;2;2025-03-25;2
SEC02702;1;2008-07-06;16;4;PERÚ;1;EDUCADORES DE CALLE;CUSCO;CUSCO;CUSCO;2023-08-23;2;1;1;NO APLICA;1
SEC02703;1;2009-06-10;15;4;PERÚ;2;EDUCADORES DE CALLE;HUANCAVELICA;HUANCAVELICA;HUANCAVELICA;2023-08-23;1;1;2;2025-03-26;2
SEC02704;1;2009-09-13;15;4;PERÚ;2;EDUCADORES DE CALLE;CUSCO;CUSCO;SAN JERONIMO;2023-08-23;1;1;1;NO APLICA;1
SEC02705;1;2012-08-23;12;4;PERÚ;2;EDUCADORES DE CALLE;HUANCAVELICA;HUANCAVELICA;HUANCAVELICA;2023-08-23;1;1;2;2025-03-26;2
SEC02706;2;2010-02-01;15;4;PERÚ;2;EDUCADORES DE CALLE;HUANCAVELICA;HUANCAVELICA;HUANCAVELICA;2023-08-23;1;1;1;NO APLICA;2
SEC02707;1;2011-01-03;14;4;PERÚ;2;EDUCADORES DE CALLE;PIURA;PIURA;PIURA;2023-08-23;1;1;1;NO APLICA;2
SEC02708;2;2014-03-29;11;3;PERÚ;1;EDUCADORES DE CALLE;CUSCO;CUSCO;CUSCO;2023-08-23;2;1;1;NO APLICA;1
SEC02709;1;2015-02-22;10;3;PERÚ;2;EDUCADORES DE CALLE;PIURA;PIURA;PIURA;2023-08-23;1;1;1;NO APLICA;2
SEC02710;2;2020-05-21;4;2;PERÚ;2;EDUCADORES DE CALLE;LIMA;LIMA;INDEPENDENCIA;2023-08-23;2;1;1;NO APLICA;2
SEC02711;2;2018-02-02;7;3;VENEZUELA;2;EDUCADORES DE CALLE;LIMA;LIMA;INDEPENDENCIA;2023-08-23;2;5;1;NO APLICA;2
SEC02712;2;2015-07-19;9;3;PERÚ;2;EDUCADORES DE CALLE;PUNO;SAN ROMAN;JULIACA;2023-08-24;1;1;1;NO APLICA;2
SEC02713;2;2017-02-25;8;3;PERÚ;2;EDUCADORES DE CALLE;HUANCAVELICA;HUANCAVELICA;HUANCAVELICA;2023-08-24;1;5;1;NO APLICA;2
SEC02714;1;2017-01-05;8;3;PERÚ;2;EDUCADORES DE CALLE;PUNO;SAN ROMAN;JULIACA;2023-08-24;1;1;1;NO APLICA;2
SEC02715;1;2017-08-17;7;3;PERÚ;2;EDUCADORES DE CALLE;HUANCAVELICA;HUANCAVELICA;HUANCAVELICA;2023-08-24;1;5;1;NO APLICA;2
SEC02716;1;2008-03-09;17;4;PERÚ;2;EDUCADORES DE CALLE;ICA;ICA;ICA;2023-08-25;1;1;1;NO APLICA;2
SEC02717;1;2009-03-29;16;4;PERÚ;2;EDUCADORES DE CALLE;ICA;ICA;ICA;2023-08-25;1;1;1;NO APLICA;2
SEC02718;2;2009-04-17;16;4;PERÚ;2;EDUCADORES DE CALLE;MOQUEGUA;MARISCAL NIETO;MOQUEGUA;2023-08-25;1;1;1;NO APLICA;2
SEC02719;2;2011-09-11;13;4;PERÚ;2;EDUCADORES DE CALLE;AYACUCHO;HUAMANGA;AYACUCHO;2023-08-25;1;1;1;NO APLICA;2
SEC02720;1;2012-08-28;12;4;PERÚ;2;EDUCADORES DE CALLE;MOQUEGUA;MARISCAL NIETO;MOQUEGUA;2023-08-25;1;1;1;NO APLICA;1
SEC02721;1;2014-09-11;10;3;PERÚ;2;EDUCADORES DE CALLE;AYACUCHO;HUAMANGA;AYACUCHO;2023-08-25;1;1;1;NO APLICA;2
SEC02722;2;2012-01-03;13;4;PERÚ;2;EDUCADORES DE CALLE;AYACUCHO;HUAMANGA;AYACUCHO;2023-08-25;1;1;1;NO APLICA;2
SEC02723;2;2015-04-29;10;3;PERÚ;2;EDUCADORES DE CALLE;MOQUEGUA;MARISCAL NIETO;MOQUEGUA;2023-08-25;1;1;1;NO APLICA;2
SEC02724;1;2015-08-05;9;3;PERÚ;2;EDUCADORES DE CALLE;AYACUCHO;HUAMANGA;AYACUCHO;2023-08-25;1;1;2;2025-04-25;2
SEC02725;1;2017-05-22;7;3;PERÚ;2;EDUCADORES DE CALLE;MOQUEGUA;MARISCAL NIETO;MOQUEGUA;2023-08-25;1;1;1;NO APLICA;2
SEC02726;2;2008-05-06;16;4;PERÚ;2;EDUCADORES DE CALLE;LIMA;LIMA;ATE;2023-08-26;1;1;1;NO APLICA;2
SEC02727;2;2015-09-20;9;3;PERÚ;2;EDUCADORES DE CALLE;LIMA;LIMA;ATE;2023-08-26;1;1;1;NO APLICA;2
SEC02728;2;2011-08-04;13;4;VENEZUELA;2;EDUCADORES DE CALLE;LIMA;LIMA;ATE;2023-08-26;1;5;1;NO APLICA;1
SEC02729;2;2013-04-22;12;4;VENEZUELA;2;EDUCADORES DE CALLE;LIMA;LIMA;ATE;2023-08-26;1;5;1;NO APLICA;1
SEC02730;2;2013-04-22;12;4;VENEZUELA;2;EDUCADORES DE CALLE;LIMA;LIMA;ATE;2023-08-26;1;1;1;NO APLICA;1
SEC02731;2;2009-01-05;16;4;PERÚ;2;EDUCADORES DE CALLE;LIMA;CALLAO;VENTANILLA;2023-08-27;3;1;1;NO APLICA;2
SEC02732;1;2010-06-30;14;4;PERÚ;2;EDUCADORES DE CALLE;LA LIBERTAD;TRUJILLO;TRUJILLO;2023-08-27;1;1;2;2025-01-24;2
SEC02733;2;2015-11-16;9;3;PERÚ;2;EDUCADORES DE CALLE;LA LIBERTAD;TRUJILLO;TRUJILLO;2023-08-27;1;1;1;NO APLICA;2
SEC02734;1;2016-04-03;9;3;PERÚ;2;EDUCADORES DE CALLE;LA LIBERTAD;TRUJILLO;TRUJILLO;2023-08-27;1;1;2;2025-04-23;2
SEC02735;2;2013-10-26;11;3;PERÚ;2;EDUCADORES DE CALLE;LA LIBERTAD;TRUJILLO;TRUJILLO;2023-08-27;1;1;1;NO APLICA;2
SEC02736;1;2017-02-14;8;3;PERÚ;2;EDUCADORES DE CALLE;LA LIBERTAD;TRUJILLO;TRUJILLO;2023-08-27;1;1;1;NO APLICA;2
SEC02737;2;2014-01-08;11;3;PERÚ;2;EDUCADORES DE CALLE;AYACUCHO;HUAMANGA;AYACUCHO;2023-08-28;1;1;1;NO APLICA;2
SEC02738;1;2007-09-02;17;4;PERÚ;2;EDUCADORES DE CALLE;PASCO;PASCO;YANACANCHA;2023-08-28;1;1;1;NO APLICA;1
SEC02739;2;2007-01-17;18;5;PERÚ;2;EDUCADORES DE CALLE;PASCO;PASCO;CHAUPIMARCA;2023-08-28;1;1;1;NO APLICA;2
SEC02740;2;2008-12-19;16;4;PERÚ;2;EDUCADORES DE CALLE;AYACUCHO;HUAMANGA;AYACUCHO;2023-08-28;1;1;1;NO APLICA;2
SEC02741;2;2009-02-16;16;4;PERÚ;2;EDUCADORES DE CALLE;PASCO;PASCO;CHAUPIMARCA;2023-08-28;1;1;1;NO APLICA;2
SEC02742;1;2009-10-24;15;4;PERÚ;2;EDUCADORES DE CALLE;PASCO;PASCO;YANACANCHA;2023-08-28;1;1;1;NO APLICA;1
SEC02743;2;2010-09-20;14;4;PERÚ;2;EDUCADORES DE CALLE;AYACUCHO;HUAMANGA;AYACUCHO;2023-08-28;1;1;1;NO APLICA;2
SEC02744;1;2010-05-06;14;4;PERÚ;2;EDUCADORES DE CALLE;PASCO;PASCO;CHAUPIMARCA;2023-08-28;1;1;1;NO APLICA;2
SEC02745;2;2011-01-15;14;4;PERÚ;2;EDUCADORES DE CALLE;PASCO;PASCO;CHAUPIMARCA;2023-08-28;1;1;1;NO APLICA;2
SEC02746;2;2011-07-06;13;4;PERÚ;2;EDUCADORES DE CALLE;PASCO;PASCO;YANACANCHA;2023-08-28;1;1;1;NO APLICA;1
SEC02747;2;2011-11-05;13;4;PERÚ;2;EDUCADORES DE CALLE;JUNÍN;HUANCAYO;HUANCAYO;2023-08-28;1;2;1;NO APLICA;1
SEC02748;2;2014-05-26;10;3;PERÚ;2;EDUCADORES DE CALLE;PASCO;PASCO;CHAUPIMARCA;2023-08-28;1;1;1;NO APLICA;2
SEC02749;1;2014-08-23;10;3;PERÚ;2;EDUCADORES DE CALLE;PASCO;PASCO;CHAUPIMARCA;2023-08-28;1;1;1;NO APLICA;2
SEC02750;2;2015-08-07;9;3;PERÚ;2;EDUCADORES DE CALLE;PASCO;PASCO;YANACANCHA;2023-08-28;1;1;1;NO APLICA;1
SEC02751;2;2015-09-10;9;3;PERÚ;2;EDUCADORES DE CALLE;PASCO;PASCO;CHAUPIMARCA;2023-08-28;1;1;1;NO APLICA;2
SEC02752;1;2015-11-26;9;3;PERÚ;2;EDUCADORES DE CALLE;JUNÍN;HUANCAYO;HUANCAYO;2023-08-28;1;1;1;NO APLICA;1
SEC02753;2;2015-04-30;10;3;PERÚ;2;EDUCADORES DE CALLE;JUNÍN;HUANCAYO;HUANCAYO;2023-08-28;1;1;1;NO APLICA;1
SEC02754;2;2011-11-13;13;4;PERÚ;2;EDUCADORES DE CALLE;AYACUCHO;HUAMANGA;AYACUCHO;2023-08-28;1;1;1;NO APLICA;2
SEC02755;2;2017-01-10;8;3;PERÚ;2;EDUCADORES DE CALLE;AYACUCHO;HUAMANGA;AYACUCHO;2023-08-28;1;1;1;NO APLICA;2
SEC02756;2;2017-04-09;8;3;PERÚ;2;EDUCADORES DE CALLE;PASCO;PASCO;YANACANCHA;2023-08-28;1;1;1;NO APLICA;1
SEC02757;2;2008-02-23;17;4;PERÚ;2;EDUCADORES DE CALLE;LIMA;LIMA;LA VICTORIA;2023-08-29;1;1;1;NO APLICA;2
SEC02758;1;2011-10-24;13;4;PERÚ;2;EDUCADORES DE CALLE;LIMA;LIMA;PUENTE PIEDRA;2023-08-29;1;1;1;NO APLICA;2
SEC02759;2;2012-01-01;13;4;PERÚ;2;EDUCADORES DE CALLE;LIMA;LIMA;LA VICTORIA;2023-08-29;1;1;1;NO APLICA;2
SEC02760;1;2015-07-11;9;3;PERÚ;2;EDUCADORES DE CALLE;LIMA;LIMA;VILLA MARIA DEL TRIUNFO;2023-08-29;1;1;1;NO APLICA;2
SEC02761;1;2016-10-02;8;3;PERÚ;2;EDUCADORES DE CALLE;LIMA;LIMA;VILLA MARIA DEL TRIUNFO;2023-08-29;1;1;1;NO APLICA;2
SEC02762;1;2017-09-06;7;3;PERÚ;2;EDUCADORES DE CALLE;LIMA;LIMA;LA VICTORIA;2023-08-29;1;1;1;NO APLICA;2
SEC02763;1;2020-02-11;5;2;PERÚ;2;EDUCADORES DE CALLE;LIMA;LIMA;SURQUILLO;2023-08-29;2;1;1;NO APLICA;2
SEC02764;1;2020-05-29;4;2;PERÚ;2;EDUCADORES DE CALLE;LIMA;LIMA;SAN JUAN DE MIRAFLORES;2023-08-29;2;1;1;NO APLICA;1
SEC02765;1;2022-04-23;3;2;PERÚ;2;EDUCADORES DE CALLE;LIMA;LIMA;SURQUILLO;2023-08-29;2;1;1;NO APLICA;2
SEC02766;2;2022-12-11;2;2;PERÚ;2;EDUCADORES DE CALLE;LIMA;LIMA;SAN JUAN DE MIRAFLORES;2023-08-29;2;1;1;NO APLICA;1
SEC02767;1;2010-01-05;15;4;PERÚ;2;EDUCADORES DE CALLE;LIMA;LIMA;RIMAC;2023-08-31;1;1;1;NO APLICA;2
SEC02768;1;2014-11-05;10;3;PERÚ;2;EDUCADORES DE CALLE;AREQUIPA;AREQUIPA;JOSE LUIS BUSTAMANTE Y RIVERO;2023-08-31;1;1;1;NO APLICA;2
SEC02769;1;2014-12-02;10;3;PERÚ;2;EDUCADORES DE CALLE;JUNÍN;HUANCAYO;HUANCAYO;2023-08-31;1;2;1;NO APLICA;1
SEC02770;2;2012-11-17;12;4;PERÚ;2;EDUCADORES DE CALLE;HUÁNUCO;HUÁNUCO;AMARILIS;2023-08-31;1;1;1;NO APLICA;2
SEC02771;1;2017-01-31;8;3;PERÚ;2;EDUCADORES DE CALLE;HUÁNUCO;HUÁNUCO;AMARILIS;2023-08-31;1;1;1;NO APLICA;2
SEC02772;1;2013-04-19;12;4;PERÚ;2;EDUCADORES DE CALLE;MOQUEGUA;ILO;ILO;2023-09-01;1;1;1;NO APLICA;2
SEC02773;1;2009-05-14;15;4;PERÚ;2;EDUCADORES DE CALLE;LIMA;LIMA;EL AGUSTINO;2023-09-01;3;1;1;NO APLICA;2
SEC02774;2;2014-08-26;10;3;PERÚ;2;EDUCADORES DE CALLE;MOQUEGUA;ILO;ILO;2023-09-01;1;1;1;NO APLICA;2
SEC02775;2;2020-06-13;4;2;PERÚ;2;EDUCADORES DE CALLE;HUÁNUCO;HUÁNUCO;HUÁNUCO;2023-09-01;2;1;1;NO APLICA;2
SEC02776;1;2012-11-12;12;4;PERÚ;2;EDUCADORES DE CALLE;LA LIBERTAD;TRUJILLO;TRUJILLO;2023-09-02;1;1;1;NO APLICA;2
SEC02777;1;2011-08-13;13;4;PERÚ;2;EDUCADORES DE CALLE;PUNO;SAN ROMAN;JULIACA;2023-09-05;1;1;1;NO APLICA;2
SEC02778;1;2012-04-05;13;4;PERÚ;2;EDUCADORES DE CALLE;LIMA;HUARAL;HUARAL;2023-09-05;1;1;1;NO APLICA;2
SEC02779;1;2010-02-16;15;4;PERÚ;2;EDUCADORES DE CALLE;AYACUCHO;HUAMANGA;AYACUCHO;2023-09-06;1;1;1;NO APLICA;2
SEC02780;2;2015-01-05;10;3;PERÚ;2;EDUCADORES DE CALLE;PUNO;PUNO;PUNO;2023-09-07;1;1;1;NO APLICA;2
SEC02781;1;2010-09-21;14;4;PERÚ;2;EDUCADORES DE CALLE;TACNA;TACNA;TACNA;2023-09-07;1;1;2;2025-04-23;2
SEC02782;1;2010-06-03;14;4;PERÚ;2;EDUCADORES DE CALLE;PASCO;PASCO;CHAUPIMARCA;2023-09-08;1;1;1;NO APLICA;2
SEC02783;2;2009-02-25;16;4;PERÚ;2;EDUCADORES DE CALLE;LIMA;LIMA;ATE;2023-09-09;1;1;1;NO APLICA;2
SEC02784;1;2013-01-25;12;4;PERÚ;2;EDUCADORES DE CALLE;LA LIBERTAD;TRUJILLO;TRUJILLO;2023-09-09;1;1;1;NO APLICA;2
SEC02785;2;2013-01-17;12;4;PERÚ;2;EDUCADORES DE CALLE;LA LIBERTAD;TRUJILLO;TRUJILLO;2023-09-10;1;1;1;NO APLICA;2
SEC02786;1;2010-03-04;15;4;PERÚ;2;EDUCADORES DE CALLE;LA LIBERTAD;TRUJILLO;TRUJILLO;2023-09-12;1;1;1;NO APLICA;2
SEC02787;1;2010-10-04;14;4;PERÚ;2;EDUCADORES DE CALLE;LA LIBERTAD;TRUJILLO;TRUJILLO;2023-09-12;1;1;1;NO APLICA;2
SEC02788;1;2009-08-25;15;4;PERÚ;2;EDUCADORES DE CALLE;LA LIBERTAD;TRUJILLO;TRUJILLO;2023-09-12;1;1;1;NO APLICA;2
SEC02789;1;2015-08-13;9;3;PERÚ;2;EDUCADORES DE CALLE;PUNO;SAN ROMAN;JULIACA;2023-09-12;1;1;1;NO APLICA;2
SEC02790;1;2013-07-31;11;3;PERÚ;2;EDUCADORES DE CALLE;PUNO;SAN ROMAN;JULIACA;2023-09-13;1;2;1;NO APLICA;2
SEC02791;2;2012-03-02;13;4;PERÚ;2;EDUCADORES DE CALLE;PIURA;PIURA;PIURA;2023-09-13;1;1;1;NO APLICA;2
SEC02792;1;2013-01-03;12;4;PERÚ;2;EDUCADORES DE CALLE;CAJAMARCA;CAJAMARCA;CAJAMARCA;2023-09-13;1;1;1;NO APLICA;2
SEC02793;1;2012-06-03;12;4;PERÚ;2;EDUCADORES DE CALLE;LIMA;HUARAL;CHANCAY;2023-09-14;1;2;1;NO APLICA;2
SEC02794;1;2012-01-08;13;4;PERÚ;2;EDUCADORES DE CALLE;LORETO;MAYNAS;IQUITOS;2023-09-14;1;1;1;NO APLICA;2
SEC02795;1;2012-09-14;12;4;PERÚ;2;EDUCADORES DE CALLE;CUSCO;CUSCO;SAN JERONIMO;2023-09-14;1;1;1;NO APLICA;1
SEC02796;2;2013-11-09;11;3;PERÚ;2;EDUCADORES DE CALLE;TACNA;TACNA;TACNA;2023-09-14;1;1;1;NO APLICA;2
SEC02797;2;2015-01-02;10;3;PERÚ;2;EDUCADORES DE CALLE;PIURA;PIURA;PIURA;2023-09-14;1;1;1;NO APLICA;2
SEC02798;1;2015-09-13;9;3;PERÚ;2;EDUCADORES DE CALLE;LORETO;MAYNAS;IQUITOS;2023-09-14;1;1;1;NO APLICA;2
SEC02799;2;2016-02-13;9;3;PERÚ;2;EDUCADORES DE CALLE;LIMA;HUARAL;CHANCAY;2023-09-14;1;2;1;NO APLICA;2
SEC02800;1;2009-03-28;16;4;PERÚ;2;EDUCADORES DE CALLE;CUSCO;CUSCO;CUSCO;2023-09-15;1;2;1;NO APLICA;1
SEC02801;1;2011-04-06;14;4;PERÚ;2;EDUCADORES DE CALLE;PUNO;SAN ROMAN;JULIACA;2023-09-15;1;1;1;NO APLICA;2
SEC02802;2;2011-11-07;13;4;PERÚ;2;EDUCADORES DE CALLE;CUSCO;CUSCO;CUSCO;2023-09-15;1;1;1;NO APLICA;1
SEC02803;2;2011-09-15;13;4;PERÚ;2;EDUCADORES DE CALLE;CUSCO;CUSCO;CUSCO;2023-09-15;1;2;1;NO APLICA;1
SEC02804;2;2013-06-24;11;3;PERÚ;2;EDUCADORES DE CALLE;PUNO;SAN ROMAN;JULIACA;2023-09-15;1;1;1;NO APLICA;2
SEC02805;2;2014-08-29;10;3;PERÚ;2;EDUCADORES DE CALLE;LIMA;LIMA;ATE;2023-09-16;1;1;1;NO APLICA;2
SEC02806;2;2017-07-25;7;3;PERÚ;2;EDUCADORES DE CALLE;LIMA;LIMA;ATE;2023-09-16;2;1;1;NO APLICA;2
SEC02807;1;2012-03-24;13;4;PERÚ;2;EDUCADORES DE CALLE;LA LIBERTAD;TRUJILLO;TRUJILLO;2023-09-18;1;1;1;NO APLICA;2
SEC02808;2;2016-12-01;8;3;VENEZUELA;2;EDUCADORES DE CALLE;CUSCO;CUSCO;SAN JERONIMO;2023-09-19;1;1;2;2025-04-25;2
SEC02809;2;2010-11-21;14;4;VENEZUELA;2;EDUCADORES DE CALLE;CUSCO;CUSCO;SAN JERONIMO;2023-09-19;1;1;2;2025-04-25;2
SEC02810;1;2008-06-06;16;4;PERÚ;2;EDUCADORES DE CALLE;LIMA;LIMA;VILLA EL SALVADOR;2023-09-19;3;1;1;NO APLICA;2
SEC02811;1;2011-07-21;13;4;PERÚ;2;EDUCADORES DE CALLE;LIMA;LIMA;VILLA EL SALVADOR;2023-09-19;3;1;1;NO APLICA;2
SEC02812;1;2014-11-21;10;3;PERÚ;2;EDUCADORES DE CALLE;PUNO;SAN ROMAN;JULIACA;2023-09-19;1;1;1;NO APLICA;2
SEC02813;1;2015-07-26;9;3;PERÚ;2;EDUCADORES DE CALLE;PUNO;SAN ROMAN;JULIACA;2023-09-19;1;1;1;NO APLICA;2
SEC02814;2;2016-05-01;8;3;PERÚ;2;EDUCADORES DE CALLE;AREQUIPA;AREQUIPA;CERRO COLORADO;2023-09-19;1;1;1;NO APLICA;1
SEC02815;1;2015-11-05;9;3;PERÚ;2;EDUCADORES DE CALLE;PUNO;PUNO;PUNO;2023-09-19;1;1;1;NO APLICA;1
SEC02816;2;2013-02-28;12;4;PERÚ;2;EDUCADORES DE CALLE;TACNA;TACNA;CORONEL GREGORIO ALBARRACIN LANCHIPA;2023-09-19;1;1;1;NO APLICA;2
SEC02817;1;2013-12-17;11;3;PERÚ;2;EDUCADORES DE CALLE;AREQUIPA;AREQUIPA;CERRO COLORADO;2023-09-19;1;1;1;NO APLICA;1
SEC02818;2;2007-12-09;17;4;PERÚ;2;EDUCADORES DE CALLE;CUSCO;CUSCO;CUSCO;2023-09-20;1;1;1;NO APLICA;1
SEC02819;1;2010-12-09;14;4;PERÚ;1;EDUCADORES DE CALLE;CUSCO;CUSCO;CUSCO;2023-09-20;1;2;1;NO APLICA;1
SEC02820;1;2009-02-24;16;4;PERÚ;2;EDUCADORES DE CALLE;TACNA;TACNA;TACNA;2023-09-20;1;1;1;NO APLICA;1
SEC02821;1;2012-08-24;12;4;PERÚ;2;EDUCADORES DE CALLE;TACNA;TACNA;TACNA;2023-09-20;1;1;1;NO APLICA;1
SEC02822;1;2013-03-14;12;4;PERÚ;2;EDUCADORES DE CALLE;TACNA;TACNA;TACNA;2023-09-20;1;1;2;2025-04-23;1
SEC02823;2;2007-07-13;17;4;PERÚ;2;EDUCADORES DE CALLE;AREQUIPA;AREQUIPA;CERRO COLORADO;2023-09-21;1;1;1;NO APLICA;1
SEC02824;1;2008-03-11;17;4;PERÚ;2;EDUCADORES DE CALLE;CUSCO;CUSCO;CUSCO;2023-09-21;3;1;2;2025-05-27;1
SEC02825;1;2009-02-09;16;4;PERÚ;2;EDUCADORES DE CALLE;LIMA;LIMA;COMAS;2023-09-21;3;1;1;NO APLICA;2
SEC02826;1;2014-10-25;10;3;PERÚ;2;EDUCADORES DE CALLE;APURÍMAC;ABANCAY;ABANCAY;2023-09-21;1;1;1;NO APLICA;2
SEC02827;1;2016-04-13;9;3;PERÚ;2;EDUCADORES DE CALLE;AREQUIPA;AREQUIPA;CERRO COLORADO;2023-09-21;1;1;1;NO APLICA;1
SEC02828;1;2011-08-08;13;4;PERÚ;2;EDUCADORES DE CALLE;LIMA;CALLAO;VENTANILLA;2023-09-21;3;1;1;NO APLICA;1
SEC02829;1;2007-03-28;18;5;PERÚ;2;EDUCADORES DE CALLE;LIMA;COMAS;CARABAYLLO;2023-09-21;1;1;2;2025-04-30;2
SEC02830;1;2006-07-03;18;5;PERÚ;2;EDUCADORES DE CALLE;LIMA;LIMA;SAN JUAN DE MIRAFLORES;2023-09-22;2;1;1;NO APLICA;2
SEC02831;1;2011-10-31;13;4;PERÚ;2;EDUCADORES DE CALLE;LIMA;LIMA;SAN JUAN DE MIRAFLORES;2023-09-22;2;1;1;NO APLICA;2
SEC02832;1;2017-07-08;7;3;PERÚ;2;EDUCADORES DE CALLE;LIMA;LIMA;SAN JUAN DE MIRAFLORES;2023-09-22;2;1;1;NO APLICA;2
SEC02833;1;2008-12-03;16;4;PERÚ;2;EDUCADORES DE CALLE;LIMA;LIMA;ATE;2023-09-23;1;1;1;NO APLICA;2
SEC02834;1;2009-12-19;15;4;PERÚ;2;EDUCADORES DE CALLE;LIMA;LIMA;ATE;2023-09-23;1;1;2;2025-04-20;2
SEC02835;2;2012-02-05;13;4;PERÚ;2;EDUCADORES DE CALLE;AREQUIPA;AREQUIPA;MIRAFLORES;2023-09-23;1;1;1;NO APLICA;2
SEC02836;1;2013-09-15;11;3;PERÚ;2;EDUCADORES DE CALLE;AREQUIPA;AREQUIPA;MIRAFLORES;2023-09-23;1;1;1;NO APLICA;2
SEC02837;1;2014-09-03;10;3;PERÚ;2;EDUCADORES DE CALLE;LIMA;LIMA;ATE;2023-09-23;1;1;1;NO APLICA;2
SEC02838;1;2012-07-14;12;4;PERÚ;2;EDUCADORES DE CALLE;LIMA;LIMA;ATE;2023-09-23;1;1;1;NO APLICA;2
SEC02839;1;2017-06-30;7;3;PERÚ;2;EDUCADORES DE CALLE;LIMA;LIMA;ATE;2023-09-23;1;1;1;NO APLICA;2
SEC02840;1;2021-02-18;4;2;PERÚ;2;EDUCADORES DE CALLE;LIMA;LIMA;ATE;2023-09-23;2;1;1;NO APLICA;2
SEC02841;2;2021-12-08;3;2;PERÚ;2;EDUCADORES DE CALLE;LIMA;LIMA;ATE;2023-09-23;2;1;1;NO APLICA;2
SEC02842;2;2007-04-06;18;5;PERÚ;2;EDUCADORES DE CALLE;JUNÍN;HUANCAYO;HUANCAYO;2023-09-25;1;1;1;NO APLICA;1
SEC02843;2;2008-07-03;16;4;PERÚ;2;EDUCADORES DE CALLE;JUNÍN;HUANCAYO;HUANCAYO;2023-09-25;1;1;1;NO APLICA;1
SEC02844;1;2007-09-07;17;4;PERÚ;2;EDUCADORES DE CALLE;MOQUEGUA;MARISCAL NIETO;MOQUEGUA;2023-09-25;1;1;1;NO APLICA;1
SEC02845;2;2009-05-03;15;4;PERÚ;2;EDUCADORES DE CALLE;JUNÍN;HUANCAYO;HUANCAYO;2023-09-25;1;1;1;NO APLICA;1
SEC02846;1;2011-02-07;14;4;PERÚ;2;EDUCADORES DE CALLE;JUNÍN;HUANCAYO;HUANCAYO;2023-09-25;1;1;1;NO APLICA;1
SEC02847;2;2011-02-27;14;4;PERÚ;2;EDUCADORES DE CALLE;JUNÍN;HUANCAYO;HUANCAYO;2023-09-25;1;1;1;NO APLICA;1
SEC02848;2;2011-03-11;14;4;PERÚ;2;EDUCADORES DE CALLE;JUNÍN;HUANCAYO;HUANCAYO;2023-09-25;1;1;1;NO APLICA;1
SEC02849;1;2012-01-14;13;4;PERÚ;2;EDUCADORES DE CALLE;JUNÍN;HUANCAYO;HUANCAYO;2023-09-25;1;1;1;NO APLICA;1
SEC02850;1;2014-06-13;10;3;PERÚ;2;EDUCADORES DE CALLE;JUNÍN;HUANCAYO;HUANCAYO;2023-09-25;1;1;1;NO APLICA;1
SEC02851;1;2014-07-05;10;3;PERÚ;2;EDUCADORES DE CALLE;JUNÍN;HUANCAYO;HUANCAYO;2023-09-25;1;1;1;NO APLICA;1
SEC02852;1;2015-03-09;10;3;PERÚ;2;EDUCADORES DE CALLE;JUNÍN;HUANCAYO;HUANCAYO;2023-09-25;1;1;1;NO APLICA;1
SEC02853;1;2015-05-06;9;3;PERÚ;2;EDUCADORES DE CALLE;MOQUEGUA;MARISCAL NIETO;MOQUEGUA;2023-09-25;1;1;1;NO APLICA;1
SEC02854;1;2016-07-26;8;3;PERÚ;2;EDUCADORES DE CALLE;JUNÍN;HUANCAYO;HUANCAYO;2023-09-25;1;1;1;NO APLICA;1
SEC02855;2;2014-03-07;11;3;PERÚ;2;EDUCADORES DE CALLE;JUNÍN;HUANCAYO;HUANCAYO;2023-09-25;1;1;1;NO APLICA;1
SEC02856;2;2017-01-27;8;3;PERÚ;2;EDUCADORES DE CALLE;JUNÍN;HUANCAYO;HUANCAYO;2023-09-25;1;1;1;NO APLICA;1
SEC02857;1;2017-02-14;8;3;PERÚ;2;EDUCADORES DE CALLE;JUNÍN;HUANCAYO;HUANCAYO;2023-09-25;1;1;1;NO APLICA;1
SEC02858;1;2018-08-01;6;3;PERÚ;2;EDUCADORES DE CALLE;JUNÍN;HUANCAYO;HUANCAYO;2023-09-25;1;1;1;NO APLICA;1
SEC02859;1;2015-03-20;10;3;VENEZUELA;2;EDUCADORES DE CALLE;CUSCO;CUSCO;SAN JERONIMO;2023-09-26;1;1;1;NO APLICA;2
SEC02860;2;2009-07-11;15;4;PERÚ;2;EDUCADORES DE CALLE;LIMA;LIMA;SURQUILLO;2023-09-26;3;1;1;NO APLICA;2
SEC02861;1;2012-07-30;12;4;PERÚ;2;EDUCADORES DE CALLE;HUANCAVELICA;HUANCAVELICA;HUANCAVELICA;2023-09-26;1;5;1;NO APLICA;2
SEC02862;1;2013-01-30;12;4;PERÚ;2;EDUCADORES DE CALLE;MOQUEGUA;MARISCAL NIETO;MOQUEGUA;2023-09-26;1;2;1;NO APLICA;2
SEC02863;1;2013-02-27;12;4;PERÚ;2;EDUCADORES DE CALLE;LIMA;LIMA;PUENTE PIEDRA;2023-09-26;3;1;1;NO APLICA;2
SEC02864;1;2014-05-17;10;3;PERÚ;2;EDUCADORES DE CALLE;MOQUEGUA;MARISCAL NIETO;MOQUEGUA;2023-09-26;1;2;1;NO APLICA;2
SEC02865;2;2015-01-11;10;3;PERÚ;2;EDUCADORES DE CALLE;HUANCAVELICA;HUANCAVELICA;HUANCAVELICA;2023-09-26;1;1;1;NO APLICA;2
SEC02866;2;2015-01-21;10;3;PERÚ;2;EDUCADORES DE CALLE;HUANCAVELICA;HUANCAVELICA;HUANCAVELICA;2023-09-26;1;5;1;NO APLICA;2
SEC02867;1;2016-06-21;8;3;PERÚ;2;EDUCADORES DE CALLE;LIMA;LIMA;PUENTE PIEDRA;2023-09-26;3;1;1;NO APLICA;2
SEC02868;2;2015-06-18;9;3;PERÚ;2;EDUCADORES DE CALLE;LIMA;LIMA;PUENTE PIEDRA;2023-09-26;3;1;1;NO APLICA;2
SEC02869;2;2011-02-11;14;4;PERÚ;2;EDUCADORES DE CALLE;LIMA;LIMA;SURQUILLO;2023-09-26;3;1;1;NO APLICA;2
SEC02870;2;2017-08-25;7;3;PERÚ;2;EDUCADORES DE CALLE;HUANCAVELICA;HUANCAVELICA;HUANCAVELICA;2023-09-26;1;5;1;NO APLICA;2
SEC02871;2;2017-10-14;7;3;PERÚ;2;EDUCADORES DE CALLE;HUANCAVELICA;HUANCAVELICA;HUANCAVELICA;2023-09-26;1;1;1;NO APLICA;2
SEC02872;2;2019-09-02;5;2;PERÚ;2;EDUCADORES DE CALLE;LIMA;LIMA;SURQUILLO;2023-09-26;2;1;1;NO APLICA;2
SEC02873;2;2019-07-17;5;2;PERÚ;2;EDUCADORES DE CALLE;LIMA;LIMA;VILLA MARIA DEL TRIUNFO;2023-09-26;2;1;1;NO APLICA;2
SEC02874;2;2019-07-17;5;2;PERÚ;2;EDUCADORES DE CALLE;LIMA;LIMA;VILLA MARIA DEL TRIUNFO;2023-09-26;2;1;1;NO APLICA;2
SEC02875;1;2020-09-03;4;2;PERÚ;2;EDUCADORES DE CALLE;LIMA;LIMA;PUENTE PIEDRA;2023-09-26;2;1;1;NO APLICA;2
SEC02876;2;2018-09-02;6;3;PERÚ;2;EDUCADORES DE CALLE;LIMA;LIMA;PUENTE PIEDRA;2023-09-26;3;1;1;NO APLICA;2
SEC02877;1;2015-06-20;9;3;PERÚ;2;EDUCADORES DE CALLE;CUSCO;SAN SEBASTIAN;SAN JERONIMO;2023-09-26;1;1;2;2025-04-25;2
SEC02878;1;2007-04-14;18;5;PERÚ;2;EDUCADORES DE CALLE;PASCO;PASCO;YANACANCHA;2023-09-28;1;1;1;NO APLICA;1
SEC02879;2;2009-09-18;15;4;PERÚ;2;EDUCADORES DE CALLE;PASCO;PASCO;YANACANCHA;2023-09-28;1;1;1;NO APLICA;1
SEC02880;1;2011-12-30;13;4;PERÚ;2;EDUCADORES DE CALLE;PASCO;PASCO;YANACANCHA;2023-09-28;1;1;1;NO APLICA;1
SEC02881;1;2014-04-17;11;3;PERÚ;2;EDUCADORES DE CALLE;AREQUIPA;AREQUIPA;JOSE LUIS BUSTAMANTE Y RIVERO;2023-09-28;1;1;1;NO APLICA;2
SEC02882;1;2009-05-30;15;4;PERÚ;2;EDUCADORES DE CALLE;PASCO;PASCO;CHAUPIMARCA;2023-09-29;1;1;1;NO APLICA;2
SEC02883;1;2008-09-02;16;4;PERÚ;2;EDUCADORES DE CALLE;PASCO;PASCO;CHAUPIMARCA;2023-09-29;1;1;1;NO APLICA;2
SEC02884;1;2010-02-09;15;4;PERÚ;2;EDUCADORES DE CALLE;PASCO;PASCO;CHAUPIMARCA;2023-09-29;1;1;1;NO APLICA;2
SEC02885;1;2012-01-20;13;4;PERÚ;2;EDUCADORES DE CALLE;ICA;ICA;ICA;2023-09-29;1;1;1;NO APLICA;2
SEC02886;1;2015-10-17;9;3;PERÚ;2;EDUCADORES DE CALLE;PASCO;PASCO;CHAUPIMARCA;2023-09-29;1;1;1;NO APLICA;2
SEC02887;1;2020-06-08;4;2;PERÚ;2;EDUCADORES DE CALLE;PASCO;PASCO;CHAUPIMARCA;2023-09-29;2;1;1;NO APLICA;2
SEC02888;1;2008-12-23;16;4;PERÚ;2;EDUCADORES DE CALLE;JUNÍN;HUANCAYO;HUANCAYO;2023-09-30;1;1;1;NO APLICA;2
SEC02889;2;2010-03-04;15;4;PERÚ;2;EDUCADORES DE CALLE;HUÁNUCO;HUÁNUCO;HUÁNUCO;2023-09-30;1;1;1;NO APLICA;2
SEC02890;2;2011-08-01;13;4;PERÚ;2;EDUCADORES DE CALLE;HUÁNUCO;HUÁNUCO;HUÁNUCO;2023-09-30;1;1;1;NO APLICA;2
SEC02891;1;2011-10-14;13;4;PERÚ;2;EDUCADORES DE CALLE;JUNÍN;HUANCAYO;HUANCAYO;2023-09-30;1;1;1;NO APLICA;2
SEC02892;2;2010-05-23;14;4;PERÚ;2;EDUCADORES DE CALLE;LIMA;LIMA;CARABAYLLO;2023-09-30;1;1;1;NO APLICA;2
SEC02893;1;2008-01-09;17;4;PERÚ;2;EDUCADORES DE CALLE;LIMA;LIMA;CARABAYLLO;2023-09-30;1;1;1;NO APLICA;2
SEC02894;2;2011-04-24;14;4;PERÚ;2;EDUCADORES DE CALLE;LIMA;LIMA;CARABAYLLO;2023-09-30;1;1;1;NO APLICA;2
SEC02895;1;2013-10-25;11;3;PERÚ;2;EDUCADORES DE CALLE;LIMA;LIMA;CARABAYLLO;2023-09-30;1;1;1;NO APLICA;2
SEC02896;2;2014-09-30;10;3;PERÚ;2;EDUCADORES DE CALLE;JUNÍN;HUANCAYO;HUANCAYO;2023-09-30;1;1;1;NO APLICA;2
SEC02897;2;2016-05-21;8;3;PERÚ;2;EDUCADORES DE CALLE;LIMA;LIMA;CARABAYLLO;2023-09-30;1;1;1;NO APLICA;2
SEC02898;1;2013-10-17;11;3;PERÚ;2;EDUCADORES DE CALLE;HUÁNUCO;HUÁNUCO;HUÁNUCO;2023-09-30;1;1;1;NO APLICA;2
SEC02899;1;2017-02-11;8;3;PERÚ;2;EDUCADORES DE CALLE;LIMA;LIMA;CARABAYLLO;2023-09-30;1;1;1;NO APLICA;2
SEC02900;2;2017-09-13;7;3;PERÚ;2;EDUCADORES DE CALLE;LIMA;LIMA;CARABAYLLO;2023-09-30;1;1;1;NO APLICA;2
SEC02901;1;2019-06-26;5;2;PERÚ;2;EDUCADORES DE CALLE;LIMA;LIMA;CARABAYLLO;2023-09-30;2;1;1;NO APLICA;2
SEC02902;2;2020-02-20;5;2;PERÚ;2;EDUCADORES DE CALLE;LIMA;LIMA;CARABAYLLO;2023-09-30;2;1;1;NO APLICA;2
SEC02903;2;2020-09-14;4;2;PERÚ;2;EDUCADORES DE CALLE;LIMA;LIMA;CARABAYLLO;2023-09-30;2;1;1;NO APLICA;2
SEC02904;2;2022-08-21;2;2;PERÚ;2;EDUCADORES DE CALLE;LIMA;LIMA;CARABAYLLO;2023-09-30;2;1;1;NO APLICA;2
SEC02906;1;2011-01-06;14;4;PERÚ;2;EDUCADORES DE CALLE;LA LIBERTAD;TRUJILLO;TRUJILLO;2023-10-02;1;1;1;NO APLICA;2
SEC02907;1;2012-04-08;13;4;VENEZUELA;2;EDUCADORES DE CALLE;TACNA;TACNA;TACNA;2023-10-03;1;5;2;2025-01-14;1
SEC02908;1;2015-03-18;10;3;PERÚ;2;EDUCADORES DE CALLE;TACNA;TACNA;TACNA;2023-10-05;1;1;1;NO APLICA;1
SEC02909;1;2012-09-19;12;4;PERÚ;2;EDUCADORES DE CALLE;LIMA;LIMA;ATE;2023-10-06;1;1;1;NO APLICA;2
SEC02910;2;2014-06-10;10;3;PERÚ;2;EDUCADORES DE CALLE;AREQUIPA;AREQUIPA;MIRAFLORES;2023-10-06;1;1;1;NO APLICA;2
SEC02911;1;2016-05-08;8;3;PERÚ;2;EDUCADORES DE CALLE;AREQUIPA;AREQUIPA;MIRAFLORES;2023-10-06;1;1;1;NO APLICA;2
SEC02912;2;2017-06-29;7;3;PERÚ;2;EDUCADORES DE CALLE;LIMA;LIMA;ATE;2023-10-06;2;1;1;NO APLICA;2
SEC02913;2;2018-05-06;6;3;PERÚ;2;EDUCADORES DE CALLE;AREQUIPA;AREQUIPA;MIRAFLORES;2023-10-06;1;1;1;NO APLICA;2
SEC02914;2;2008-12-31;16;4;PERÚ;2;EDUCADORES DE CALLE;MOQUEGUA;MARISCAL NIETO;MOQUEGUA;2023-10-11;1;1;1;NO APLICA;1
SEC02915;1;2012-04-16;13;4;PERÚ;2;EDUCADORES DE CALLE;LA LIBERTAD;TRUJILLO;TRUJILLO;2023-10-11;1;1;1;NO APLICA;1
SEC02916;2;2014-02-01;11;3;PERÚ;2;EDUCADORES DE CALLE;LA LIBERTAD;TRUJILLO;TRUJILLO;2023-10-11;1;1;1;NO APLICA;1
SEC02917;2;2015-03-03;10;3;PERÚ;2;EDUCADORES DE CALLE;LA LIBERTAD;TRUJILLO;TRUJILLO;2023-10-11;1;1;1;NO APLICA;1
SEC02918;1;2015-02-09;10;3;VENEZUELA;2;EDUCADORES DE CALLE;LIMA;LIMA;CHORRILLOS;2023-10-11;1;5;1;NO APLICA;2
SEC02919;1;2011-04-22;14;4;VENEZUELA;2;EDUCADORES DE CALLE;LIMA;LIMA;CHORRILLOS;2023-10-11;1;5;1;NO APLICA;2
SEC02920;1;2009-01-13;16;4;PERÚ;2;EDUCADORES DE CALLE;TACNA;TACNA;CORONEL GREGORIO ALBARRACIN LANCHIPA;2023-10-12;3;1;1;NO APLICA;1
SEC02921;1;2010-09-02;14;4;PERÚ;2;EDUCADORES DE CALLE;LIMA;LIMA;SAN JUAN DE LURIGANCHO;2023-10-12;1;1;1;NO APLICA;2
SEC02922;1;2010-09-02;14;4;PERÚ;2;EDUCADORES DE CALLE;LIMA;LIMA;SAN JUAN DE LURIGANCHO;2023-10-12;1;1;1;NO APLICA;2
SEC02923;1;2014-05-10;10;3;PERÚ;2;EDUCADORES DE CALLE;CAJAMARCA;CAJAMARCA;CAJAMARCA;2023-10-12;2;1;1;NO APLICA;2
SEC02924;1;2014-05-02;10;3;PERÚ;2;EDUCADORES DE CALLE;LIMA;HUARAL;CHANCAY;2023-10-12;1;2;1;NO APLICA;1
SEC02925;1;2015-01-26;10;3;PERÚ;2;EDUCADORES DE CALLE;LIMA;LIMA;ATE;2023-10-12;1;1;1;NO APLICA;2
SEC02926;1;2021-06-15;3;2;PERÚ;2;EDUCADORES DE CALLE;LIMA;LIMA;ATE;2023-10-12;2;1;1;NO APLICA;2
SEC02927;1;2009-04-14;16;4;VENEZUELA;1;EDUCADORES DE CALLE;LIMA;LIMA;CHORRILLOS;2023-10-12;2;5;1;NO APLICA;2
SEC02928;1;2014-01-03;11;3;VENEZUELA;1;EDUCADORES DE CALLE;LIMA;LIMA;CHORRILLOS;2023-10-12;2;5;1;NO APLICA;2
SEC02929;2;2015-02-04;10;3;VENEZUELA;1;EDUCADORES DE CALLE;LIMA;LIMA;CHORRILLOS;2023-10-12;2;5;1;NO APLICA;2
SEC02930;1;2013-02-12;12;4;PERÚ;2;EDUCADORES DE CALLE;LA LIBERTAD;TRUJILLO;TRUJILLO;2023-10-13;1;1;1;NO APLICA;1
SEC02931;2;2009-10-20;15;4;PERÚ;2;EDUCADORES DE CALLE;TUMBES;TUMBES;TUMBES;2023-10-16;1;1;1;NO APLICA;2
SEC02932;2;2011-06-01;13;4;PERÚ;2;EDUCADORES DE CALLE;TUMBES;TUMBES;TUMBES;2023-10-16;1;1;1;NO APLICA;2
SEC02933;2;2011-06-01;13;4;PERÚ;2;EDUCADORES DE CALLE;TUMBES;TUMBES;TUMBES;2023-10-16;1;1;1;NO APLICA;2
SEC02934;1;2015-03-21;10;3;VENEZUELA;2;EDUCADORES DE CALLE;TACNA;TACNA;TACNA;2023-10-17;1;5;2;2025-01-17;1
SEC02935;2;2018-05-23;6;3;VENEZUELA;2;EDUCADORES DE CALLE;TACNA;TACNA;TACNA;2023-10-17;1;5;2;2025-01-17;1
SEC02936;1;2013-06-15;11;3;PERÚ;2;EDUCADORES DE CALLE;PUNO;SAN ROMAN;JULIACA;2023-10-17;1;1;1;NO APLICA;2
SEC02937;2;2013-06-29;11;3;PERÚ;2;EDUCADORES DE CALLE;PUNO;SAN ROMAN;JULIACA;2023-10-17;1;1;2;2025-01-24;2
SEC02938;1;2013-09-21;11;3;PERÚ;2;EDUCADORES DE CALLE;HUANCAVELICA;HUANCAVELICA;HUANCAVELICA;2023-10-17;1;1;2;2025-03-26;2
SEC02939;1;2014-02-24;11;3;PERÚ;2;EDUCADORES DE CALLE;APURÍMAC;ABANCAY;ABANCAY;2023-10-17;1;1;1;NO APLICA;2
SEC02940;1;2015-12-20;9;3;PERÚ;2;EDUCADORES DE CALLE;HUANCAVELICA;HUANCAVELICA;HUANCAVELICA;2023-10-17;1;1;2;2025-04-23;2
SEC02941;1;2016-02-04;9;3;PERÚ;2;EDUCADORES DE CALLE;PUNO;PUNO;PUNO;2023-10-17;1;1;1;NO APLICA;1
SEC02942;2;2016-05-29;8;3;PERÚ;2;EDUCADORES DE CALLE;HUANCAVELICA;HUANCAVELICA;HUANCAVELICA;2023-10-17;1;2;1;NO APLICA;2
SEC02943;1;2017-08-20;7;3;PERÚ;2;EDUCADORES DE CALLE;HUANCAVELICA;HUANCAVELICA;HUANCAVELICA;2023-10-17;1;1;1;NO APLICA;2
SEC02944;2;2017-09-01;7;3;PERÚ;2;EDUCADORES DE CALLE;HUANCAVELICA;HUANCAVELICA;HUANCAVELICA;2023-10-17;1;5;1;NO APLICA;2
SEC02945;2;2022-11-26;2;2;PERÚ;2;EDUCADORES DE CALLE;LIMA;LIMA;BREÑA;2023-10-17;2;1;1;NO APLICA;2
SEC02946;2;2013-06-29;11;3;PERÚ;2;EDUCADORES DE CALLE;CUSCO;CUSCO;CUSCO;2023-10-18;1;1;1;NO APLICA;1
SEC02947;1;2008-08-21;16;4;PERÚ;2;EDUCADORES DE CALLE;AREQUIPA;AREQUIPA;CERRO COLORADO;2023-10-18;1;1;1;NO APLICA;1
SEC02948;2;2012-11-06;12;4;PERÚ;2;EDUCADORES DE CALLE;PUNO;PUNO;PUNO;2023-10-18;1;1;1;NO APLICA;2
SEC02949;2;2016-01-24;9;3;PERÚ;2;EDUCADORES DE CALLE;PUNO;PUNO;PUNO;2023-10-18;1;1;1;NO APLICA;2
SEC02950;2;2007-10-30;17;4;PERÚ;2;EDUCADORES DE CALLE;CUSCO;CUSCO;CUSCO;2023-10-18;1;1;1;NO APLICA;1
SEC02951;1;2017-06-06;7;3;PERÚ;2;EDUCADORES DE CALLE;AREQUIPA;AREQUIPA;CERRO COLORADO;2023-10-18;1;1;1;NO APLICA;1
SEC02952;2;2018-06-16;6;3;PERÚ;2;EDUCADORES DE CALLE;PUNO;PUNO;PUNO;2023-10-18;1;1;1;NO APLICA;2
SEC02953;1;2009-11-25;15;4;COLOMBIA;2;EDUCADORES DE CALLE;PIURA;PIURA;PIURA;2023-10-18;1;5;1;NO APLICA;2
SEC02954;1;2012-01-30;13;4;COLOMBIA;2;EDUCADORES DE CALLE;PIURA;PIURA;PIURA;2023-10-18;1;5;1;NO APLICA;2
SEC02955;1;2014-07-04;10;3;COLOMBIA;2;EDUCADORES DE CALLE;PIURA;PIURA;PIURA;2023-10-18;1;5;1;NO APLICA;2
SEC02956;1;2010-06-05;14;4;PERÚ;2;EDUCADORES DE CALLE;APURÍMAC;ABANCAY;ABANCAY;2023-10-20;1;1;1;NO APLICA;2
SEC02957;2;2011-06-11;13;4;PERÚ;2;EDUCADORES DE CALLE;UCAYALI;CORONEL PORTILLO;YARINACOCHA;2023-10-20;1;1;1;NO APLICA;2
SEC02958;2;2010-10-12;14;4;PERÚ;2;EDUCADORES DE CALLE;UCAYALI;CORONEL PORTILLO;CALLERIA;2023-10-20;1;1;1;NO APLICA;2
SEC02959;2;2011-06-07;13;4;PERÚ;2;EDUCADORES DE CALLE;LA LIBERTAD;TRUJILLO;TRUJILLO;2023-10-20;1;1;1;NO APLICA;1
SEC02960;2;2011-08-02;13;4;PERÚ;2;EDUCADORES DE CALLE;UCAYALI;CORONEL PORTILLO;CALLERIA;2023-10-20;1;1;1;NO APLICA;2
SEC02961;1;2014-08-03;10;3;PERÚ;2;EDUCADORES DE CALLE;UCAYALI;CORONEL PORTILLO;CALLERIA;2023-10-20;1;1;1;NO APLICA;2
SEC02962;1;2010-11-03;14;4;PERÚ;2;EDUCADORES DE CALLE;UCAYALI;CORONEL PORTILLO;MANANTAY;2023-10-20;1;1;1;NO APLICA;2
SEC02963;2;2015-07-14;9;3;PERÚ;2;EDUCADORES DE CALLE;UCAYALI;CORONEL PORTILLO;CALLERIA;2023-10-20;1;1;1;NO APLICA;2
SEC02964;2;2014-08-17;10;3;PERÚ;2;EDUCADORES DE CALLE;TACNA;TACNA;CIUDAD NUEVA;2023-10-20;1;1;1;NO APLICA;2
SEC02965;1;2017-02-14;8;3;PERÚ;2;EDUCADORES DE CALLE;UCAYALI;CORONEL PORTILLO;CALLERIA;2023-10-20;1;1;1;NO APLICA;2
SEC02966;2;2014-09-04;10;3;PERÚ;2;EDUCADORES DE CALLE;UCAYALI;CORONEL PORTILLO;MANANTAY;2023-10-20;1;1;1;NO APLICA;2
SEC02967;2;2012-07-08;12;4;PERÚ;2;EDUCADORES DE CALLE;AREQUIPA;AREQUIPA;MIRAFLORES;2023-10-21;1;1;1;NO APLICA;2
SEC02968;1;2009-11-22;15;4;PERÚ;2;EDUCADORES DE CALLE;CAJAMARCA;CAJAMARCA;CAJAMARCA;2023-10-22;1;1;1;NO APLICA;2
SEC02969;1;2014-04-15;11;3;PERÚ;2;EDUCADORES DE CALLE;CAJAMARCA;CAJAMARCA;CAJAMARCA;2023-10-22;2;1;1;NO APLICA;2
SEC02970;2;2014-08-30;10;3;PERÚ;2;EDUCADORES DE CALLE;TUMBES;TUMBES;TUMBES;2023-10-23;1;1;1;NO APLICA;1
SEC02971;1;2015-11-03;9;3;PERÚ;2;EDUCADORES DE CALLE;TUMBES;TUMBES;TUMBES;2023-10-23;1;1;1;NO APLICA;1
SEC02972;2;2017-10-21;7;3;PERÚ;2;EDUCADORES DE CALLE;PUNO;PUNO;PUNO;2023-10-23;1;1;1;NO APLICA;2
SEC02973;2;2008-09-22;16;4;PERÚ;2;EDUCADORES DE CALLE;HUANCAVELICA;HUANCAVELICA;HUANCAVELICA;2023-10-24;1;5;1;NO APLICA;2
SEC02974;2;2007-08-05;17;4;PERÚ;2;EDUCADORES DE CALLE;CAJAMARCA;CAJAMARCA;CAJAMARCA;2023-10-24;2;1;1;NO APLICA;2
SEC02975;2;2010-09-06;14;4;PERÚ;2;EDUCADORES DE CALLE;CAJAMARCA;CAJAMARCA;CAJAMARCA;2023-10-24;2;1;1;NO APLICA;2
SEC02976;2;2010-01-30;15;4;PERÚ;2;EDUCADORES DE CALLE;PUNO;SAN ROMAN;JULIACA;2023-10-24;1;1;1;NO APLICA;2
SEC02977;2;2011-04-09;14;4;PERÚ;2;EDUCADORES DE CALLE;PUNO;SAN ROMAN;JULIACA;2023-10-24;1;1;1;NO APLICA;2
SEC02978;2;2009-01-13;16;4;PERÚ;2;EDUCADORES DE CALLE;TACNA;TACNA;CIUDAD NUEVA;2023-10-24;3;1;1;NO APLICA;1
SEC02979;1;2021-04-14;4;2;PERÚ;2;EDUCADORES DE CALLE;LIMA;LIMA;VILLA EL SALVADOR;2023-10-24;3;1;1;NO APLICA;2
SEC02980;2;2007-11-25;17;4;PERÚ;2;EDUCADORES DE CALLE;LA LIBERTAD;TRUJILLO;TRUJILLO;2023-10-24;1;1;1;NO APLICA;1
SEC02981;2;2013-12-08;11;3;PERÚ;2;EDUCADORES DE CALLE;APURÍMAC;ABANCAY;ABANCAY;2023-10-24;1;1;1;NO APLICA;2
SEC02982;1;2015-02-22;10;3;PERÚ;2;EDUCADORES DE CALLE;PUNO;SAN ROMAN;JULIACA;2023-10-24;1;1;1;NO APLICA;2
SEC02983;2;2015-11-25;9;3;PERÚ;2;EDUCADORES DE CALLE;CAJAMARCA;CAJAMARCA;CAJAMARCA;2023-10-24;2;1;1;NO APLICA;2
SEC02984;1;2016-05-08;8;3;PERÚ;2;EDUCADORES DE CALLE;HUANCAVELICA;HUANCAVELICA;HUANCAVELICA;2023-10-24;1;5;1;NO APLICA;2
SEC02985;2;2013-07-14;11;3;PERÚ;2;EDUCADORES DE CALLE;CAJAMARCA;CAJAMARCA;CAJAMARCA;2023-10-24;2;1;1;NO APLICA;2
SEC02986;2;2017-09-19;7;3;PERÚ;2;EDUCADORES DE CALLE;CAJAMARCA;CAJAMARCA;CAJAMARCA;2023-10-24;2;1;1;NO APLICA;2
SEC02987;1;2021-02-08;4;2;PERÚ;2;EDUCADORES DE CALLE;LIMA;LIMA;CARABAYLLO;2023-10-25;1;1;1;NO APLICA;2
SEC02988;2;2014-08-11;10;3;PERÚ;2;EDUCADORES DE CALLE;LIMA;LIMA;CARABAYLLO;2023-10-25;1;1;1;NO APLICA;2
SEC02989;1;2021-04-08;4;2;PERÚ;2;EDUCADORES DE CALLE;LIMA;LIMA;CARABAYLLO;2023-10-25;1;1;1;NO APLICA;2
SEC02990;1;2012-02-26;13;4;PERÚ;2;EDUCADORES DE CALLE;APURÍMAC;ABANCAY;ABANCAY;2023-10-25;1;1;1;NO APLICA;2
SEC02991;1;2012-12-15;12;4;PERÚ;2;EDUCADORES DE CALLE;HUÁNUCO;HUÁNUCO;AMARILIS;2023-10-25;1;1;1;NO APLICA;2
SEC02992;2;2013-12-17;11;3;PERÚ;2;EDUCADORES DE CALLE;AYACUCHO;HUAMANGA;AYACUCHO;2023-10-25;1;1;1;NO APLICA;2
SEC02993;1;2013-03-15;12;4;PERÚ;2;EDUCADORES DE CALLE;AREQUIPA;AREQUIPA;JOSE LUIS BUSTAMANTE Y RIVERO;2023-10-25;1;1;1;NO APLICA;2
SEC02994;1;2013-04-07;12;4;PERÚ;2;EDUCADORES DE CALLE;ICA;ICA;ICA;2023-10-25;1;1;1;NO APLICA;2
SEC02995;2;2014-05-29;10;3;PERÚ;2;EDUCADORES DE CALLE;ICA;ICA;ICA;2023-10-25;1;1;1;NO APLICA;2
SEC02996;2;2014-07-29;10;3;PERÚ;2;EDUCADORES DE CALLE;ICA;ICA;ICA;2023-10-25;1;1;1;NO APLICA;2
SEC02997;1;2014-08-09;10;3;PERÚ;2;EDUCADORES DE CALLE;HUÁNUCO;HUÁNUCO;HUÁNUCO;2023-10-25;1;1;1;NO APLICA;1
SEC02998;2;2016-03-30;9;3;PERÚ;2;EDUCADORES DE CALLE;APURÍMAC;ABANCAY;ABANCAY;2023-10-25;1;1;1;NO APLICA;2
SEC02999;2;2016-07-27;8;3;PERÚ;2;EDUCADORES DE CALLE;AREQUIPA;AREQUIPA;AREQUIPA;2023-10-25;1;1;1;NO APLICA;1
SEC03000;1;2016-10-29;8;3;PERÚ;2;EDUCADORES DE CALLE;ICA;ICA;ICA;2023-10-25;1;1;1;NO APLICA;2
SEC03001;2;2014-08-12;10;3;PERÚ;2;EDUCADORES DE CALLE;AYACUCHO;HUAMANGA;SAN JUAN BAUTISTA;2023-10-25;1;1;1;NO APLICA;1
SEC03002;1;2015-10-29;9;3;PERÚ;2;EDUCADORES DE CALLE;MOQUEGUA;MARISCAL NIETO;MOQUEGUA;2023-10-25;1;1;2;2025-04-24;2
SEC03003;2;2017-01-17;8;3;PERÚ;2;EDUCADORES DE CALLE;AREQUIPA;AREQUIPA;JOSE LUIS BUSTAMANTE Y RIVERO;2023-10-25;1;1;1;NO APLICA;2
SEC03004;2;2017-09-17;7;3;PERÚ;2;EDUCADORES DE CALLE;MOQUEGUA;MARISCAL NIETO;MOQUEGUA;2023-10-25;1;1;1;NO APLICA;2
SEC03005;1;2017-11-10;7;3;PERÚ;2;EDUCADORES DE CALLE;ICA;ICA;ICA;2023-10-25;1;1;1;NO APLICA;2
SEC03006;1;2017-11-21;7;3;PERÚ;2;EDUCADORES DE CALLE;ICA;ICA;ICA;2023-10-25;1;1;1;NO APLICA;2
SEC03007;2;2020-10-18;4;2;PERÚ;2;EDUCADORES DE CALLE;LIMA;LIMA;CHORRILLOS;2023-10-25;2;1;1;NO APLICA;2
SEC03008;2;2008-12-22;16;4;PERÚ;2;EDUCADORES DE CALLE;UCAYALI;CORONEL PORTILLO;CALLERIA;2023-10-26;1;1;1;NO APLICA;2
SEC03009;2;2010-08-03;14;4;ARGENTINA;2;EDUCADORES DE CALLE;LIMA;LIMA;VILLA MARIA DEL TRIUNFO;2023-10-26;1;1;1;NO APLICA;2
SEC03010;2;2007-06-09;17;4;PERÚ;2;EDUCADORES DE CALLE;UCAYALI;CORONEL PORTILLO;CALLERIA;2023-10-26;1;1;1;NO APLICA;2
SEC03011;2;2010-03-09;15;4;PERÚ;2;EDUCADORES DE CALLE;UCAYALI;CORONEL PORTILLO;CALLERIA;2023-10-26;1;1;1;NO APLICA;2
SEC03012;1;2013-04-24;12;4;PERÚ;2;EDUCADORES DE CALLE;UCAYALI;CORONEL PORTILLO;CALLERIA;2023-10-26;1;1;1;NO APLICA;2
SEC03013;2;2015-08-30;9;3;PERÚ;2;EDUCADORES DE CALLE;UCAYALI;CORONEL PORTILLO;CALLERIA;2023-10-26;1;1;1;NO APLICA;2
SEC03014;2;2018-01-21;7;3;PERÚ;2;EDUCADORES DE CALLE;UCAYALI;CORONEL PORTILLO;CALLERIA;2023-10-26;1;1;1;NO APLICA;2
SEC03015;1;2020-01-27;5;2;PERÚ;2;EDUCADORES DE CALLE;LIMA;LIMA;VILLA MARIA DEL TRIUNFO;2023-10-26;1;1;1;NO APLICA;2
SEC03016;2;2012-06-12;12;4;ARGENTINA;2;EDUCADORES DE CALLE;LIMA;LIMA;VILLA MARIA DEL TRIUNFO;2023-10-26;1;1;1;NO APLICA;2
SEC03017;2;2017-11-04;7;3;PERÚ;2;EDUCADORES DE CALLE;UCAYALI;CORONEL PORTILLO;CALLERIA;2023-10-26;1;1;1;NO APLICA;2
SEC03018;2;2010-12-20;14;4;PERÚ;2;EDUCADORES DE CALLE;UCAYALI;CORONEL PORTILLO;CALLERIA;2023-10-26;1;1;1;NO APLICA;2
SEC03019;2;2011-04-24;14;4;VENEZUELA;2;EDUCADORES DE CALLE;JUNÍN;CHUPACA;CHUPACA;2023-10-27;1;5;1;NO APLICA;2
SEC03020;1;2011-04-04;14;4;PERÚ;2;EDUCADORES DE CALLE;JUNÍN;HUANCAYO;HUANCAYO;2023-10-27;1;1;1;NO APLICA;1
SEC03021;2;2006-11-01;18;5;PERÚ;2;EDUCADORES DE CALLE;LA LIBERTAD;TRUJILLO;TRUJILLO;2023-10-27;1;1;1;NO APLICA;2
SEC03022;2;2009-01-31;16;4;PERÚ;2;EDUCADORES DE CALLE;LA LIBERTAD;TRUJILLO;TRUJILLO;2023-10-27;1;1;2;2025-01-24;2
SEC03023;1;2011-11-10;13;4;PERÚ;2;EDUCADORES DE CALLE;LA LIBERTAD;TRUJILLO;TRUJILLO;2023-10-27;1;1;2;2025-01-24;2
SEC03024;2;2012-09-02;12;4;PERÚ;2;EDUCADORES DE CALLE;JUNÍN;CHUPACA;CHUPACA;2023-10-27;1;1;1;NO APLICA;2
SEC03025;2;2009-01-20;16;4;PERÚ;2;EDUCADORES DE CALLE;LA LIBERTAD;TRUJILLO;TRUJILLO;2023-10-27;1;1;2;2025-01-24;2
SEC03026;2;2011-08-24;13;4;PERÚ;2;EDUCADORES DE CALLE;LA LIBERTAD;TRUJILLO;TRUJILLO;2023-10-27;1;1;1;NO APLICA;2
SEC03027;2;2013-03-18;12;4;PERÚ;2;EDUCADORES DE CALLE;JUNÍN;CHUPACA;CHUPACA;2023-10-27;1;1;1;NO APLICA;1
SEC03028;1;2015-01-20;10;3;PERÚ;2;EDUCADORES DE CALLE;APURÍMAC;ABANCAY;ABANCAY;2023-10-27;1;1;1;NO APLICA;2
SEC03029;2;2016-05-21;8;3;PERÚ;2;EDUCADORES DE CALLE;LA LIBERTAD;TRUJILLO;TRUJILLO;2023-10-27;1;1;1;NO APLICA;2
SEC03030;2;2016-10-22;8;3;PERÚ;2;EDUCADORES DE CALLE;APURÍMAC;ABANCAY;ABANCAY;2023-10-27;1;1;1;NO APLICA;2
SEC03031;1;2017-04-01;8;3;PERÚ;2;EDUCADORES DE CALLE;LA LIBERTAD;TRUJILLO;TRUJILLO;2023-10-27;1;1;1;NO APLICA;2
SEC03032;1;2010-07-15;14;4;VENEZUELA;2;EDUCADORES DE CALLE;TACNA;TACNA;TACNA;2023-10-27;1;5;1;NO APLICA;2
SEC03033;2;2009-09-04;15;4;PERÚ;2;EDUCADORES DE CALLE;LIMA;LIMA;SAN BORJA;2023-10-30;1;1;1;NO APLICA;2
SEC03034;2;2008-01-29;17;4;PERÚ;2;EDUCADORES DE CALLE;LIMA;LIMA;SAN BORJA;2023-10-30;1;1;1;NO APLICA;2
SEC03035;2;2011-07-08;13;4;PERÚ;2;EDUCADORES DE CALLE;LIMA;LIMA;SAN BORJA;2023-10-30;1;1;1;NO APLICA;2
SEC03036;1;2014-05-15;10;3;PERÚ;2;EDUCADORES DE CALLE;LIMA;LIMA;SAN BORJA;2023-10-30;2;1;1;NO APLICA;2
SEC03037;1;2020-02-08;5;2;PERÚ;2;EDUCADORES DE CALLE;LIMA;LIMA;SAN BORJA;2023-10-30;2;1;1;NO APLICA;2
SEC03038;2;2007-10-04;17;4;PERÚ;2;EDUCADORES DE CALLE;LIMA;LIMA;VILLA MARIA DEL TRIUNFO;2023-10-31;3;1;1;NO APLICA;2
SEC03039;1;2008-06-23;16;4;PERÚ;2;EDUCADORES DE CALLE;JUNÍN;HUANCAYO;HUANCAYO;2023-10-31;1;1;1;NO APLICA;1
SEC03040;1;2010-11-21;14;4;PERÚ;2;EDUCADORES DE CALLE;JUNÍN;HUANCAYO;HUANCAYO;2023-10-31;1;1;1;NO APLICA;2
SEC03041;1;2011-10-07;13;4;PERÚ;2;EDUCADORES DE CALLE;JUNÍN;HUANCAYO;HUANCAYO;2023-10-31;1;1;1;NO APLICA;2
SEC03042;1;2011-04-05;14;4;PERÚ;2;EDUCADORES DE CALLE;JUNÍN;HUANCAYO;HUANCAYO;2023-10-31;1;1;1;NO APLICA;1
SEC03043;1;2011-12-02;13;4;PERÚ;2;EDUCADORES DE CALLE;JUNÍN;HUANCAYO;HUANCAYO;2023-10-31;1;1;1;NO APLICA;2
SEC03044;2;2012-05-21;12;4;PERÚ;2;EDUCADORES DE CALLE;UCAYALI;CORONEL PORTILLO;CALLERIA;2023-10-31;1;1;1;NO APLICA;2
SEC03045;1;2013-08-30;11;3;PERÚ;2;EDUCADORES DE CALLE;JUNÍN;HUANCAYO;HUANCAYO;2023-10-31;1;1;1;NO APLICA;1
SEC03046;2;2008-04-29;17;4;PERÚ;2;EDUCADORES DE CALLE;LIMA;LIMA;VILLA MARIA DEL TRIUNFO;2023-10-31;3;1;1;NO APLICA;2
SEC03047;1;2015-01-14;10;3;PERÚ;2;EDUCADORES DE CALLE;JUNÍN;HUANCAYO;HUANCAYO;2023-10-31;1;1;1;NO APLICA;2
SEC03048;1;2015-03-29;10;3;PERÚ;2;EDUCADORES DE CALLE;JUNÍN;HUANCAYO;HUANCAYO;2023-10-31;1;1;1;NO APLICA;2
SEC03049;2;2015-09-29;9;3;PERÚ;2;EDUCADORES DE CALLE;JUNÍN;HUANCAYO;HUANCAYO;2023-10-31;1;1;1;NO APLICA;2
SEC03050;1;2015-12-02;9;3;PERÚ;2;EDUCADORES DE CALLE;UCAYALI;CORONEL PORTILLO;CALLERIA;2023-10-31;1;1;1;NO APLICA;2
SEC03051;1;2016-06-06;8;3;PERÚ;2;EDUCADORES DE CALLE;UCAYALI;CORONEL PORTILLO;CALLERIA;2023-10-31;1;1;1;NO APLICA;2
SEC03052;1;2016-05-24;8;3;PERÚ;2;EDUCADORES DE CALLE;JUNÍN;HUANCAYO;HUANCAYO;2023-10-31;1;1;1;NO APLICA;2
SEC03053;2;2013-03-09;12;4;PERÚ;2;EDUCADORES DE CALLE;AYACUCHO;HUAMANGA;AYACUCHO;2023-10-31;1;1;2;2025-04-23;2
SEC03054;1;2013-04-13;12;4;PERÚ;2;EDUCADORES DE CALLE;JUNÍN;HUANCAYO;HUANCAYO;2023-10-31;1;1;1;NO APLICA;2
SEC03055;1;2013-08-11;11;3;PERÚ;2;EDUCADORES DE CALLE;UCAYALI;CORONEL PORTILLO;CALLERIA;2023-10-31;1;1;1;NO APLICA;2
SEC03056;2;2014-01-20;11;3;PERÚ;2;EDUCADORES DE CALLE;UCAYALI;CORONEL PORTILLO;CALLERIA;2023-10-31;1;1;1;NO APLICA;2
SEC03057;1;2017-12-15;7;3;PERÚ;2;EDUCADORES DE CALLE;UCAYALI;CORONEL PORTILLO;CALLERIA;2023-10-31;1;1;1;NO APLICA;2
SEC03058;1;2012-03-02;13;4;PERÚ;2;EDUCADORES DE CALLE;HUÁNUCO;HUÁNUCO;HUÁNUCO;2023-11-01;1;1;1;NO APLICA;2
SEC03059;1;2013-03-30;12;4;PERÚ;2;EDUCADORES DE CALLE;HUÁNUCO;HUÁNUCO;HUÁNUCO;2023-11-01;1;1;1;NO APLICA;2
SEC03060;1;2015-07-22;9;3;PERÚ;2;EDUCADORES DE CALLE;PASCO;PASCO;YANACANCHA;2023-11-01;1;1;1;NO APLICA;2
SEC03061;1;2018-03-05;7;3;PERÚ;2;EDUCADORES DE CALLE;HUÁNUCO;HUÁNUCO;HUÁNUCO;2023-11-01;1;1;1;NO APLICA;2
SEC03062;1;2018-03-21;7;3;PERÚ;2;EDUCADORES DE CALLE;HUÁNUCO;HUÁNUCO;HUÁNUCO;2023-11-01;1;1;1;NO APLICA;2
SEC03063;1;2020-12-29;4;2;PERÚ;2;EDUCADORES DE CALLE;HUÁNUCO;HUÁNUCO;HUÁNUCO;2023-11-01;1;1;1;NO APLICA;2
SEC03064;1;2017-01-24;8;3;PERÚ;2;EDUCADORES DE CALLE;LA LIBERTAD;TRUJILLO;TRUJILLO;2023-11-02;1;1;2;2025-05-16;1
SEC03065;1;2009-05-27;15;4;PERÚ;2;EDUCADORES DE CALLE;CAJAMARCA;CAJAMARCA;CAJAMARCA;2023-11-04;2;1;1;NO APLICA;2
SEC03066;1;2010-11-05;14;4;PERÚ;2;EDUCADORES DE CALLE;CAJAMARCA;CAJAMARCA;CAJAMARCA;2023-11-04;2;1;1;NO APLICA;2
SEC03067;2;2010-04-27;15;4;PERÚ;2;EDUCADORES DE CALLE;LA LIBERTAD;TRUJILLO;TRUJILLO;2023-11-04;1;1;2;2025-04-22;1
SEC03068;1;2011-09-20;13;4;PERÚ;2;EDUCADORES DE CALLE;CAJAMARCA;CAJAMARCA;CAJAMARCA;2023-11-04;2;1;1;NO APLICA;2
SEC03069;1;2014-04-22;11;3;PERÚ;2;EDUCADORES DE CALLE;LA LIBERTAD;TRUJILLO;TRUJILLO;2023-11-04;1;1;1;NO APLICA;1
SEC03070;2;2013-03-18;12;4;PERÚ;2;EDUCADORES DE CALLE;CAJAMARCA;CAJAMARCA;CAJAMARCA;2023-11-04;2;1;1;NO APLICA;2
SEC03071;1;2009-07-07;15;4;PERÚ;2;EDUCADORES DE CALLE;UCAYALI;CORONEL PORTILLO;CALLERIA;2023-11-07;1;1;1;NO APLICA;2
SEC03072;1;2008-10-21;16;4;PERÚ;2;EDUCADORES DE CALLE;PIURA;PIURA;PIURA;2023-11-07;1;1;1;NO APLICA;2
SEC03073;1;2010-02-25;15;4;PERÚ;2;EDUCADORES DE CALLE;APURÍMAC;ABANCAY;ABANCAY;2023-11-07;1;1;1;NO APLICA;2
SEC03074;2;2011-04-04;14;4;PERÚ;2;EDUCADORES DE CALLE;UCAYALI;CORONEL PORTILLO;CALLERIA;2023-11-07;1;1;1;NO APLICA;2
SEC03075;1;2013-02-11;12;4;PERÚ;2;EDUCADORES DE CALLE;APURÍMAC;ABANCAY;ABANCAY;2023-11-07;1;1;1;NO APLICA;2
SEC03076;2;2012-08-09;12;4;PERÚ;2;EDUCADORES DE CALLE;PIURA;PIURA;PIURA;2023-11-07;1;1;1;NO APLICA;2
SEC03077;2;2014-05-25;10;3;PERÚ;2;EDUCADORES DE CALLE;PIURA;PIURA;PIURA;2023-11-07;1;1;1;NO APLICA;2
SEC03078;1;2014-08-25;10;3;PERÚ;2;EDUCADORES DE CALLE;UCAYALI;CORONEL PORTILLO;CALLERIA;2023-11-07;1;1;1;NO APLICA;2
SEC03079;2;2015-01-25;10;3;PERÚ;2;EDUCADORES DE CALLE;UCAYALI;CORONEL PORTILLO;CALLERIA;2023-11-07;1;1;1;NO APLICA;2
SEC03080;2;2015-02-21;10;3;PERÚ;2;EDUCADORES DE CALLE;UCAYALI;CORONEL PORTILLO;CALLERIA;2023-11-07;1;1;1;NO APLICA;2
SEC03081;2;2016-10-13;8;3;PERÚ;2;EDUCADORES DE CALLE;UCAYALI;CORONEL PORTILLO;CALLERIA;2023-11-07;1;1;1;NO APLICA;2
SEC03082;1;2010-11-07;14;4;PERÚ;2;EDUCADORES DE CALLE;LA LIBERTAD;TRUJILLO;TRUJILLO;2023-11-08;1;1;1;NO APLICA;2
SEC03083;1;2016-05-18;8;3;PERÚ;2;EDUCADORES DE CALLE;AREQUIPA;AREQUIPA;MIRAFLORES;2023-11-08;1;2;1;NO APLICA;2
SEC03084;1;2011-06-05;13;4;PERÚ;2;EDUCADORES DE CALLE;APURÍMAC;ABANCAY;ABANCAY;2023-11-09;1;1;2;2025-03-25;2
SEC03085;1;2010-04-29;15;4;PERÚ;2;EDUCADORES DE CALLE;LAMBAYEQUE;CHICLAYO;CHICLAYO;2023-11-09;1;1;1;NO APLICA;2
SEC03086;2;2014-09-27;10;3;PERÚ;2;EDUCADORES DE CALLE;TACNA;TACNA;CORONEL GREGORIO ALBARRACIN LANCHIPA;2023-11-09;1;1;1;NO APLICA;2
SEC03087;1;2015-04-05;10;3;PERÚ;2;EDUCADORES DE CALLE;LAMBAYEQUE;CHICLAYO;CHICLAYO;2023-11-09;1;1;1;NO APLICA;2
SEC03088;2;2016-01-20;9;3;PERÚ;2;EDUCADORES DE CALLE;APURÍMAC;ABANCAY;ABANCAY;2023-11-09;1;1;2;2025-04-24;2
SEC03089;2;2012-12-20;12;4;PERÚ;2;EDUCADORES DE CALLE;APURÍMAC;ABANCAY;ABANCAY;2023-11-09;1;1;1;NO APLICA;2
SEC03090;1;2006-11-08;18;5;PERÚ;2;EDUCADORES DE CALLE;PASCO;PASCO;YANACANCHA;2023-11-10;1;1;1;NO APLICA;2
SEC03091;2;2016-10-01;8;3;PERÚ;2;EDUCADORES DE CALLE;APURÍMAC;ABANCAY;ABANCAY;2023-11-10;1;1;1;NO APLICA;2
SEC03092;2;2016-11-13;8;3;PERÚ;2;EDUCADORES DE CALLE;PASCO;PASCO;YANACANCHA;2023-11-10;1;1;1;NO APLICA;2
SEC03093;1;2009-06-04;15;4;PERÚ;2;EDUCADORES DE CALLE;LA LIBERTAD;TRUJILLO;TRUJILLO;2023-11-11;1;1;1;NO APLICA;2
SEC03094;2;2016-07-18;8;3;PERÚ;2;EDUCADORES DE CALLE;AREQUIPA;AREQUIPA;MIRAFLORES;2023-11-11;1;1;1;NO APLICA;2
SEC03095;2;2008-04-16;17;4;PERÚ;2;EDUCADORES DE CALLE;TUMBES;ZARUMILLA;AGUAS VERDES;2023-11-13;1;1;1;NO APLICA;1
SEC03096;2;2010-09-08;14;4;PERÚ;2;EDUCADORES DE CALLE;TUMBES;ZARUMILLA;AGUAS VERDES;2023-11-13;1;1;1;NO APLICA;1
SEC03097;1;2014-09-05;10;3;PERÚ;2;EDUCADORES DE CALLE;TUMBES;ZARUMILLA;AGUAS VERDES;2023-11-13;1;1;1;NO APLICA;1
SEC03098;2;2012-11-25;12;4;PERÚ;2;EDUCADORES DE CALLE;LORETO;MAYNAS;IQUITOS;2023-11-13;1;1;1;NO APLICA;1
SEC03099;1;2008-01-28;17;4;PERÚ;2;EDUCADORES DE CALLE;PASCO;PASCO;YANACANCHA;2023-11-14;1;1;1;NO APLICA;1
SEC03100;1;2007-11-07;17;4;PERÚ;2;EDUCADORES DE CALLE;PASCO;PASCO;YANACANCHA;2023-11-14;1;1;1;NO APLICA;1
SEC03101;2;2008-09-08;16;4;PERÚ;2;EDUCADORES DE CALLE;PASCO;PASCO;YANACANCHA;2023-11-14;1;1;2;2025-05-24;1
SEC03102;1;2008-10-10;16;4;PERÚ;2;EDUCADORES DE CALLE;PASCO;PASCO;YANACANCHA;2023-11-14;1;1;1;NO APLICA;1
SEC03103;2;2010-07-10;14;4;PERÚ;2;EDUCADORES DE CALLE;PASCO;PASCO;YANACANCHA;2023-11-14;1;1;1;NO APLICA;1
SEC03104;2;2011-02-25;14;4;PERÚ;2;EDUCADORES DE CALLE;PASCO;PASCO;YANACANCHA;2023-11-14;1;1;1;NO APLICA;1
SEC03105;2;2011-02-25;14;4;PERÚ;2;EDUCADORES DE CALLE;PASCO;PASCO;YANACANCHA;2023-11-14;1;1;1;NO APLICA;1
SEC03106;2;2013-02-02;12;4;PERÚ;2;EDUCADORES DE CALLE;PASCO;PASCO;YANACANCHA;2023-11-14;1;1;1;NO APLICA;1
SEC03107;1;2011-04-14;14;4;PERÚ;2;EDUCADORES DE CALLE;AYACUCHO;HUAMANGA;AYACUCHO;2023-11-14;1;1;1;NO APLICA;2
SEC03108;1;2011-10-08;13;4;PERÚ;2;EDUCADORES DE CALLE;PASCO;PASCO;YANACANCHA;2023-11-14;1;1;1;NO APLICA;1
SEC03109;2;2011-05-25;13;4;PERÚ;1;EDUCADORES DE CALLE;LORETO;MAYNAS;IQUITOS;2023-11-14;1;1;1;NO APLICA;1
SEC03110;2;2013-11-17;11;3;PERÚ;2;EDUCADORES DE CALLE;PASCO;PASCO;YANACANCHA;2023-11-14;1;1;1;NO APLICA;1
SEC03111;1;2014-05-25;10;3;PERÚ;2;EDUCADORES DE CALLE;PASCO;PASCO;YANACANCHA;2023-11-14;1;1;1;NO APLICA;1
SEC03112;1;2014-08-23;10;3;PERÚ;2;EDUCADORES DE CALLE;PASCO;PASCO;YANACANCHA;2023-11-14;1;1;1;NO APLICA;2
SEC03113;1;2015-03-27;10;3;PERÚ;2;EDUCADORES DE CALLE;LORETO;MAYNAS;IQUITOS;2023-11-14;1;1;1;NO APLICA;1
SEC03114;1;2013-05-20;11;3;PERÚ;2;EDUCADORES DE CALLE;LORETO;MAYNAS;IQUITOS;2023-11-14;1;1;1;NO APLICA;1
SEC03115;2;2013-01-24;12;4;PERÚ;2;EDUCADORES DE CALLE;PASCO;PASCO;YANACANCHA;2023-11-14;1;1;1;NO APLICA;1
SEC03116;1;2017-05-04;7;3;PERÚ;2;EDUCADORES DE CALLE;PASCO;PASCO;YANACANCHA;2023-11-14;1;1;1;NO APLICA;2
SEC03117;2;2017-10-25;7;3;PERÚ;2;EDUCADORES DE CALLE;LORETO;MAYNAS;IQUITOS;2023-11-14;1;1;1;NO APLICA;1
SEC03118;2;2018-09-04;6;3;PERÚ;2;EDUCADORES DE CALLE;PASCO;PASCO;YANACANCHA;2023-11-14;1;1;1;NO APLICA;1
SEC03119;2;2023-04-20;2;2;PERÚ;2;EDUCADORES DE CALLE;PASCO;PASCO;YANACANCHA;2023-11-14;1;1;1;NO APLICA;1
SEC03120;1;2012-10-14;12;4;VENEZUELA;2;EDUCADORES DE CALLE;TACNA;TACNA;TACNA;2023-11-14;1;5;2;2025-04-22;1
SEC03121;2;2011-03-12;14;4;VENEZUELA;2;EDUCADORES DE CALLE;TACNA;TACNA;TACNA;2023-11-14;1;5;2;2025-04-22;1
SEC03122;2;2010-03-24;15;4;PERÚ;2;EDUCADORES DE CALLE;PUNO;SAN ROMAN;JULIACA;2023-11-15;1;1;1;NO APLICA;2
SEC03123;2;2007-12-14;17;4;PERÚ;2;EDUCADORES DE CALLE;LIMA;LIMA;COMAS;2023-11-15;3;1;1;NO APLICA;1
SEC03124;1;2011-01-27;14;4;PERÚ;2;EDUCADORES DE CALLE;LIMA;LIMA;EL AGUSTINO;2023-11-15;3;1;1;NO APLICA;2
SEC03125;1;2012-08-03;12;4;PERÚ;2;EDUCADORES DE CALLE;PIURA;PIURA;PIURA;2023-11-15;1;1;1;NO APLICA;2
SEC03126;2;2012-11-18;12;4;PERÚ;2;EDUCADORES DE CALLE;CAJAMARCA;CAJAMARCA;CAJAMARCA;2023-11-15;2;1;1;NO APLICA;2
SEC03127;1;2013-01-07;12;4;PERÚ;2;EDUCADORES DE CALLE;PUNO;SAN ROMAN;JULIACA;2023-11-15;1;1;1;NO APLICA;2
SEC03128;1;2017-06-06;7;3;PERÚ;2;EDUCADORES DE CALLE;LIMA;HUARAL;CHANCAY;2023-11-15;1;1;1;NO APLICA;1
SEC03129;2;2011-05-23;13;4;PERÚ;2;EDUCADORES DE CALLE;LA LIBERTAD;TRUJILLO;TRUJILLO;2023-11-16;1;1;1;NO APLICA;1
SEC03130;1;2011-02-05;14;4;PERÚ;2;EDUCADORES DE CALLE;LA LIBERTAD;TRUJILLO;TRUJILLO;2023-11-16;1;1;1;NO APLICA;1
SEC03131;2;2013-09-25;11;3;PERÚ;2;EDUCADORES DE CALLE;LA LIBERTAD;TRUJILLO;TRUJILLO;2023-11-16;1;1;1;NO APLICA;1
SEC03132;2;2014-02-08;11;3;PERÚ;2;EDUCADORES DE CALLE;LIMA;HUARAL;CHANCAY;2023-11-16;1;1;1;NO APLICA;1
SEC03133;1;2014-05-07;10;3;PERÚ;2;EDUCADORES DE CALLE;PUNO;PUNO;PUNO;2023-11-16;1;1;1;NO APLICA;2
SEC03134;2;2015-08-23;9;3;PERÚ;2;EDUCADORES DE CALLE;LORETO;MAYNAS;IQUITOS;2023-11-16;1;1;1;NO APLICA;1
SEC03135;2;2016-01-09;9;3;PERÚ;2;EDUCADORES DE CALLE;PUNO;PUNO;PUNO;2023-11-16;1;1;1;NO APLICA;2
SEC03136;2;2015-09-27;9;3;PERÚ;2;EDUCADORES DE CALLE;PUNO;SAN ROMAN;JULIACA;2023-11-16;1;1;1;NO APLICA;2
SEC03137;1;2016-02-19;9;3;PERÚ;2;EDUCADORES DE CALLE;PUNO;SAN ROMAN;JULIACA;2023-11-16;1;1;1;NO APLICA;2
SEC03138;2;2012-09-22;12;4;PERÚ;2;EDUCADORES DE CALLE;PUNO;SAN ROMAN;JULIACA;2023-11-16;1;1;1;NO APLICA;2
SEC03139;1;2011-07-31;13;4;PERÚ;1;EDUCADORES DE CALLE;MOQUEGUA;MARISCAL NIETO;MOQUEGUA;2023-11-17;1;1;1;NO APLICA;1
SEC03140;1;2011-05-01;13;4;PERÚ;2;EDUCADORES DE CALLE;LA LIBERTAD;TRUJILLO;TRUJILLO;2023-11-17;1;1;1;NO APLICA;1
SEC03141;2;2014-02-20;11;3;PERÚ;2;EDUCADORES DE CALLE;TUMBES;ZARUMILLA;AGUAS VERDES;2023-11-17;1;1;1;NO APLICA;1
SEC03142;1;2017-12-11;7;3;PERÚ;2;EDUCADORES DE CALLE;LIMA;HUARAL;HUARAL;2023-11-17;1;1;1;NO APLICA;2
SEC03143;1;2018-03-01;7;3;PERÚ;1;EDUCADORES DE CALLE;LAMBAYEQUE;CHICLAYO;CHICLAYO;2023-11-17;1;1;1;NO APLICA;2
SEC03144;2;2010-10-22;14;4;PERÚ;2;EDUCADORES DE CALLE;LIMA;LIMA;LIMA;2023-11-19;1;1;1;NO APLICA;2
SEC03145;1;2008-09-01;16;4;PERÚ;2;EDUCADORES DE CALLE;LIMA;LIMA;LIMA;2023-11-19;1;1;1;NO APLICA;2
SEC03146;1;2017-01-15;8;3;PERÚ;2;EDUCADORES DE CALLE;LIMA;LIMA;LIMA;2023-11-19;2;1;1;NO APLICA;2
SEC03147;1;2014-10-24;10;3;PERÚ;2;EDUCADORES DE CALLE;LIMA;LIMA;LIMA;2023-11-19;1;2;1;NO APLICA;2
SEC03148;2;2011-10-27;13;4;PERÚ;2;EDUCADORES DE CALLE;LIMA;LIMA;LIMA;2023-11-19;1;2;1;NO APLICA;2
SEC03149;1;2016-10-23;8;3;PERÚ;2;EDUCADORES DE CALLE;LIMA;LIMA;LIMA;2023-11-19;1;2;1;NO APLICA;2
SEC03150;1;2007-09-26;17;4;PERÚ;2;EDUCADORES DE CALLE;ICA;ICA;ICA;2023-11-19;1;1;1;NO APLICA;2
SEC03151;1;2010-01-06;15;4;PERÚ;2;EDUCADORES DE CALLE;CAJAMARCA;CAJAMARCA;CAJAMARCA;2023-11-19;1;1;1;NO APLICA;2
SEC03152;1;2011-08-23;13;4;PERÚ;2;EDUCADORES DE CALLE;LAMBAYEQUE;CHICLAYO;CHICLAYO;2023-11-20;1;1;1;NO APLICA;2
SEC03153;1;2014-02-02;11;3;PERÚ;2;EDUCADORES DE CALLE;LAMBAYEQUE;CHICLAYO;CHICLAYO;2023-11-20;1;2;1;NO APLICA;1
SEC03154;2;2015-01-29;10;3;PERÚ;2;EDUCADORES DE CALLE;LAMBAYEQUE;CHICLAYO;CHICLAYO;2023-11-20;1;2;1;NO APLICA;1
SEC03155;2;2008-02-06;17;4;PERÚ;2;EDUCADORES DE CALLE;LIMA;LIMA;SAN JUAN DE LURIGANCHO;2023-11-21;1;1;1;NO APLICA;2
SEC03156;2;2010-09-16;14;4;PERÚ;2;EDUCADORES DE CALLE;HUÁNUCO;HUÁNUCO;HUÁNUCO;2023-11-21;1;1;1;NO APLICA;1
SEC03157;1;2013-01-15;12;4;PERÚ;2;EDUCADORES DE CALLE;HUÁNUCO;HUÁNUCO;HUÁNUCO;2023-11-21;1;1;1;NO APLICA;1
SEC03158;2;2006-04-13;19;5;PERÚ;2;EDUCADORES DE CALLE;HUÁNUCO;HUÁNUCO;HUÁNUCO;2023-11-21;1;1;1;NO APLICA;1
SEC03159;1;2012-06-22;12;4;PERÚ;2;EDUCADORES DE CALLE;PUNO;PUNO;PUNO;2023-11-21;1;1;1;NO APLICA;1
SEC03160;1;2008-09-25;16;4;PERÚ;2;EDUCADORES DE CALLE;LAMBAYEQUE;CHICLAYO;CHICLAYO;2023-11-21;1;2;1;NO APLICA;1
SEC03161;2;2013-04-25;12;4;PERÚ;2;EDUCADORES DE CALLE;LAMBAYEQUE;CHICLAYO;CHICLAYO;2023-11-21;1;2;1;NO APLICA;1
SEC03162;1;2013-07-21;11;3;PERÚ;2;EDUCADORES DE CALLE;LA LIBERTAD;TRUJILLO;TRUJILLO;2023-11-21;1;1;1;NO APLICA;1
SEC03163;2;2013-07-16;11;3;PERÚ;2;EDUCADORES DE CALLE;LIMA;HUARAL;HUARAL;2023-11-21;1;1;1;NO APLICA;2
SEC03164;1;2014-03-03;11;3;PERÚ;2;EDUCADORES DE CALLE;LIMA;LIMA;SAN JUAN DE LURIGANCHO;2023-11-21;1;1;1;NO APLICA;2
SEC03165;2;2014-12-23;10;3;PERÚ;2;EDUCADORES DE CALLE;LIMA;HUARAL;CHANCAY;2023-11-21;1;1;1;NO APLICA;1
SEC03166;2;2015-11-25;9;3;PERÚ;2;EDUCADORES DE CALLE;PUNO;PUNO;PUNO;2023-11-21;1;1;1;NO APLICA;2
SEC03167;1;2016-12-23;8;3;PERÚ;2;EDUCADORES DE CALLE;LIMA;LIMA;SAN JUAN DE LURIGANCHO;2023-11-21;1;1;1;NO APLICA;2
SEC03168;2;2017-02-08;8;3;PERÚ;2;EDUCADORES DE CALLE;LAMBAYEQUE;CHICLAYO;CHICLAYO;2023-11-21;1;2;1;NO APLICA;1
SEC03169;2;2018-08-08;6;3;PERÚ;2;EDUCADORES DE CALLE;PUNO;PUNO;PUNO;2023-11-21;1;1;1;NO APLICA;2
SEC03170;2;2009-09-02;15;4;PERÚ;2;EDUCADORES DE CALLE;TACNA;TACNA;CIUDAD NUEVA;2023-11-22;1;1;1;NO APLICA;2
SEC03171;1;2014-12-14;10;3;PERÚ;1;EDUCADORES DE CALLE;LAMBAYEQUE;CHICLAYO;CHICLAYO;2023-11-22;2;2;1;NO APLICA;1
SEC03172;1;2017-04-03;8;3;PERÚ;2;EDUCADORES DE CALLE;HUANCAVELICA;HUANCAVELICA;HUANCAVELICA;2023-11-22;1;1;1;NO APLICA;2
SEC03173;2;2017-09-26;7;3;PERÚ;2;EDUCADORES DE CALLE;HUANCAVELICA;HUANCAVELICA;HUANCAVELICA;2023-11-22;1;1;1;NO APLICA;2
SEC03174;2;2021-08-04;3;2;PERÚ;2;EDUCADORES DE CALLE;LAMBAYEQUE;CHICLAYO;CHICLAYO;2023-11-22;2;2;1;NO APLICA;1
SEC03175;1;2009-07-12;15;4;PERÚ;2;EDUCADORES DE CALLE;LAMBAYEQUE;CHICLAYO;CHICLAYO;2023-11-23;1;2;1;NO APLICA;1
SEC03176;1;2009-01-30;16;4;PERÚ;2;EDUCADORES DE CALLE;LA LIBERTAD;TRUJILLO;TRUJILLO;2023-11-23;1;1;1;NO APLICA;1
SEC03177;2;2008-10-21;16;4;PERÚ;2;EDUCADORES DE CALLE;CUSCO;CUSCO;CUSCO;2023-11-23;3;1;1;NO APLICA;1
SEC03178;1;2008-08-26;16;4;PERÚ;2;EDUCADORES DE CALLE;LA LIBERTAD;TRUJILLO;TRUJILLO;2023-11-23;1;1;1;NO APLICA;2
SEC03179;1;2010-10-08;14;4;PERÚ;2;EDUCADORES DE CALLE;LA LIBERTAD;TRUJILLO;TRUJILLO;2023-11-23;1;1;1;NO APLICA;2
SEC03180;2;2010-10-08;14;4;PERÚ;2;EDUCADORES DE CALLE;LA LIBERTAD;TRUJILLO;TRUJILLO;2023-11-23;1;1;1;NO APLICA;2
SEC03181;1;2011-08-15;13;4;PERÚ;2;EDUCADORES DE CALLE;LA LIBERTAD;TRUJILLO;TRUJILLO;2023-11-23;1;1;1;NO APLICA;2
SEC03182;2;2014-09-11;10;3;PERÚ;2;EDUCADORES DE CALLE;LA LIBERTAD;TRUJILLO;TRUJILLO;2023-11-23;1;1;1;NO APLICA;2
SEC03183;2;2014-11-20;10;3;PERÚ;2;EDUCADORES DE CALLE;ANCASH;SANTA;CHIMBOTE;2023-11-23;1;1;1;NO APLICA;2
SEC03184;2;2015-01-29;10;3;PERÚ;2;EDUCADORES DE CALLE;LA LIBERTAD;TRUJILLO;TRUJILLO;2023-11-23;1;1;2;2025-04-23;2
SEC03185;2;2013-03-05;12;4;PERÚ;2;EDUCADORES DE CALLE;LA LIBERTAD;TRUJILLO;TRUJILLO;2023-11-23;1;1;2;2025-04-23;2
SEC03186;1;2007-09-13;17;4;PERÚ;2;EDUCADORES DE CALLE;LA LIBERTAD;TRUJILLO;TRUJILLO;2023-11-23;1;1;1;NO APLICA;2
SEC03187;1;2013-10-19;11;3;PERÚ;2;EDUCADORES DE CALLE;LAMBAYEQUE;CHICLAYO;CHICLAYO;2023-11-23;1;2;1;NO APLICA;1
SEC03188;1;2007-07-15;17;4;PERÚ;2;EDUCADORES DE CALLE;CUSCO;CUSCO;CUSCO;2023-11-23;3;1;1;NO APLICA;1
SEC03189;1;2014-06-24;10;3;PERÚ;2;EDUCADORES DE CALLE;LA LIBERTAD;TRUJILLO;TRUJILLO;2023-11-23;1;1;2;2025-01-24;2
SEC03190;1;2015-06-18;9;3;PERÚ;2;EDUCADORES DE CALLE;LA LIBERTAD;TRUJILLO;TRUJILLO;2023-11-23;1;1;2;2025-01-24;2
SEC03191;2;2017-06-10;7;3;PERÚ;2;EDUCADORES DE CALLE;ANCASH;SANTA;CHIMBOTE;2023-11-23;1;1;1;NO APLICA;2
SEC03192;2;2018-08-07;6;3;PERÚ;2;EDUCADORES DE CALLE;ANCASH;SANTA;CHIMBOTE;2023-11-23;1;1;1;NO APLICA;2
SEC03193;2;2006-11-04;18;5;PERÚ;2;EDUCADORES DE CALLE;AYACUCHO;HUAMANGA;SAN JUAN BAUTISTA;2023-11-24;1;1;1;NO APLICA;2
SEC03194;1;2010-08-24;14;4;PERÚ;2;EDUCADORES DE CALLE;AYACUCHO;HUAMANGA;AYACUCHO;2023-11-24;1;1;1;NO APLICA;2
SEC03195;1;2012-09-15;12;4;PERÚ;2;EDUCADORES DE CALLE;LIMA;LIMA;SURQUILLO;2023-11-24;3;1;1;NO APLICA;2
SEC03196;2;2009-10-16;15;4;PERÚ;2;EDUCADORES DE CALLE;CUSCO;CUSCO;SAN JERONIMO;2023-11-24;1;1;1;NO APLICA;2
SEC03197;2;2009-10-16;15;4;PERÚ;2;EDUCADORES DE CALLE;CUSCO;CUSCO;SAN JERONIMO;2023-11-24;1;1;1;NO APLICA;2
SEC03198;1;2012-11-27;12;4;PERÚ;2;EDUCADORES DE CALLE;AYACUCHO;HUAMANGA;AYACUCHO;2023-11-24;1;1;1;NO APLICA;2
SEC03199;1;2010-10-14;14;4;PERÚ;2;EDUCADORES DE CALLE;AYACUCHO;HUAMANGA;AYACUCHO;2023-11-24;1;1;1;NO APLICA;2
SEC03200;2;2014-12-07;10;3;PERÚ;2;EDUCADORES DE CALLE;AYACUCHO;HUAMANGA;AYACUCHO;2023-11-24;1;1;1;NO APLICA;2
SEC03201;1;2015-02-27;10;3;PERÚ;1;EDUCADORES DE CALLE;LIMA;LIMA;LA VICTORIA;2023-11-24;1;1;1;NO APLICA;2
SEC03202;2;2016-07-28;8;3;PERÚ;2;EDUCADORES DE CALLE;AYACUCHO;HUAMANGA;AYACUCHO;2023-11-24;1;1;1;NO APLICA;2
SEC03203;2;2016-09-10;8;3;PERÚ;2;EDUCADORES DE CALLE;AYACUCHO;HUAMANGA;AYACUCHO;2023-11-24;1;1;1;NO APLICA;2
SEC03204;1;2016-10-23;8;3;PERÚ;2;EDUCADORES DE CALLE;AYACUCHO;HUAMANGA;AYACUCHO;2023-11-24;1;1;1;NO APLICA;2
SEC03205;2;2015-10-22;9;3;PERÚ;2;EDUCADORES DE CALLE;AYACUCHO;HUAMANGA;AYACUCHO;2023-11-24;1;1;2;2025-04-25;2
SEC03206;1;2013-06-28;11;3;PERÚ;2;EDUCADORES DE CALLE;AYACUCHO;HUAMANGA;AYACUCHO;2023-11-24;1;1;1;NO APLICA;2
SEC03207;1;2013-08-01;11;3;PERÚ;2;EDUCADORES DE CALLE;AYACUCHO;HUAMANGA;SAN JUAN BAUTISTA;2023-11-24;1;1;1;NO APLICA;1
SEC03208;2;2013-07-07;11;3;PERÚ;2;EDUCADORES DE CALLE;AYACUCHO;HUAMANGA;AYACUCHO;2023-11-24;1;1;1;NO APLICA;2
SEC03209;1;2015-07-30;9;3;PERÚ;2;EDUCADORES DE CALLE;AYACUCHO;HUAMANGA;AYACUCHO;2023-11-24;1;1;1;NO APLICA;2
SEC03210;2;2014-02-09;11;3;PERÚ;2;EDUCADORES DE CALLE;AREQUIPA;AREQUIPA;CERRO COLORADO;2023-11-24;1;1;1;NO APLICA;1
SEC03211;1;2017-03-03;8;3;PERÚ;2;EDUCADORES DE CALLE;LIMA;LIMA;LA VICTORIA;2023-11-24;2;1;1;NO APLICA;2
SEC03212;1;2017-05-13;7;3;PERÚ;2;EDUCADORES DE CALLE;LIMA;LIMA;SURQUILLO;2023-11-24;3;1;1;NO APLICA;2
SEC03213;2;2017-07-25;7;3;PERÚ;2;EDUCADORES DE CALLE;PUNO;PUNO;PUNO;2023-11-24;1;1;1;NO APLICA;2
SEC03214;1;2017-12-10;7;3;PERÚ;2;EDUCADORES DE CALLE;PUNO;PUNO;PUNO;2023-11-24;1;1;1;NO APLICA;2
SEC03215;2;2021-07-28;3;2;PERÚ;2;EDUCADORES DE CALLE;LIMA;LIMA;SURQUILLO;2023-11-24;2;1;1;NO APLICA;2
SEC03216;1;2023-11-01;1;2;PERÚ;2;EDUCADORES DE CALLE;LIMA;LIMA;LA VICTORIA;2023-11-24;2;1;1;NO APLICA;2
SEC03217;1;2023-11-01;1;2;PERÚ;2;EDUCADORES DE CALLE;LIMA;LIMA;LA VICTORIA;2023-11-24;2;1;1;NO APLICA;2
SEC03218;1;2008-02-23;17;4;PERÚ;2;EDUCADORES DE CALLE;LA LIBERTAD;TRUJILLO;TRUJILLO;2023-11-25;1;1;1;NO APLICA;1
SEC03219;1;2006-06-23;18;5;PERÚ;2;EDUCADORES DE CALLE;TACNA;TACNA;CIUDAD NUEVA;2023-11-25;3;1;1;NO APLICA;1
SEC03220;1;2008-11-23;16;4;PERÚ;2;EDUCADORES DE CALLE;MOQUEGUA;MARISCAL NIETO;MOQUEGUA;2023-11-25;1;1;1;NO APLICA;2
SEC03221;2;2007-03-11;18;5;PERÚ;2;EDUCADORES DE CALLE;AREQUIPA;AREQUIPA;AREQUIPA;2023-11-25;1;1;2;2025-03-11;2
SEC03222;2;2007-12-23;17;4;PERÚ;2;EDUCADORES DE CALLE;AREQUIPA;AREQUIPA;JOSE LUIS BUSTAMANTE Y RIVERO;2023-11-25;1;1;1;NO APLICA;2
SEC03223;2;2008-08-17;16;4;PERÚ;2;EDUCADORES DE CALLE;AREQUIPA;AREQUIPA;AREQUIPA;2023-11-25;1;1;1;NO APLICA;1
SEC03224;2;2009-11-07;15;4;PERÚ;2;EDUCADORES DE CALLE;AREQUIPA;AREQUIPA;JOSE LUIS BUSTAMANTE Y RIVERO;2023-11-25;1;1;1;NO APLICA;2
SEC03225;1;2009-11-08;15;4;PERÚ;2;EDUCADORES DE CALLE;AYACUCHO;HUAMANGA;AYACUCHO;2023-11-25;1;1;1;NO APLICA;2
SEC03226;2;2017-04-26;8;3;PERÚ;2;EDUCADORES DE CALLE;AREQUIPA;AREQUIPA;AREQUIPA;2023-11-25;1;1;1;NO APLICA;1
SEC03227;1;2011-08-07;13;4;PERÚ;2;EDUCADORES DE CALLE;LA LIBERTAD;TRUJILLO;TRUJILLO;2023-11-25;1;1;1;NO APLICA;1
SEC03228;1;2011-10-22;13;4;PERÚ;2;EDUCADORES DE CALLE;LA LIBERTAD;TRUJILLO;TRUJILLO;2023-11-25;1;1;1;NO APLICA;1
SEC03229;2;2012-03-20;13;4;PERÚ;2;EDUCADORES DE CALLE;AREQUIPA;AREQUIPA;JOSE LUIS BUSTAMANTE Y RIVERO;2023-11-25;1;1;1;NO APLICA;2
SEC03230;2;2012-03-08;13;4;PERÚ;2;EDUCADORES DE CALLE;LA LIBERTAD;TRUJILLO;TRUJILLO;2023-11-25;1;1;1;NO APLICA;1
SEC03231;2;2009-07-07;15;4;PERÚ;2;EDUCADORES DE CALLE;AREQUIPA;AREQUIPA;JOSE LUIS BUSTAMANTE Y RIVERO;2023-11-25;1;1;1;NO APLICA;2
SEC03232;1;2011-07-04;13;4;PERÚ;2;EDUCADORES DE CALLE;AREQUIPA;AREQUIPA;JOSE LUIS BUSTAMANTE Y RIVERO;2023-11-25;1;1;1;NO APLICA;2
SEC03233;2;2013-07-31;11;3;PERÚ;2;EDUCADORES DE CALLE;AREQUIPA;AREQUIPA;AREQUIPA;2023-11-25;1;1;1;NO APLICA;1
SEC03234;2;2016-05-13;8;3;PERÚ;2;EDUCADORES DE CALLE;AREQUIPA;AREQUIPA;JOSE LUIS BUSTAMANTE Y RIVERO;2023-11-25;1;1;1;NO APLICA;2
SEC03235;1;2011-06-04;13;4;PERÚ;2;EDUCADORES DE CALLE;AREQUIPA;AREQUIPA;AREQUIPA;2023-11-25;1;1;1;NO APLICA;1
SEC03236;1;2011-03-01;14;4;PERÚ;2;EDUCADORES DE CALLE;LA LIBERTAD;TRUJILLO;TRUJILLO;2023-11-25;1;1;1;NO APLICA;2
SEC03237;2;2013-03-27;12;4;PERÚ;2;EDUCADORES DE CALLE;AREQUIPA;AREQUIPA;JOSE LUIS BUSTAMANTE Y RIVERO;2023-11-25;1;1;1;NO APLICA;2
SEC03238;1;2015-01-05;10;3;PERÚ;2;EDUCADORES DE CALLE;ICA;ICA;ICA;2023-11-25;1;1;1;NO APLICA;2
SEC03239;1;2015-07-03;9;3;PERÚ;2;EDUCADORES DE CALLE;LA LIBERTAD;TRUJILLO;TRUJILLO;2023-11-25;1;1;1;NO APLICA;1
SEC03240;1;2011-11-22;13;4;PERÚ;2;EDUCADORES DE CALLE;LA LIBERTAD;TRUJILLO;TRUJILLO;2023-11-26;1;1;1;NO APLICA;1
SEC03241;2;2012-03-18;13;4;PERÚ;2;EDUCADORES DE CALLE;CAJAMARCA;CAJAMARCA;CAJAMARCA;2023-11-26;1;1;1;NO APLICA;2
SEC03242;1;2014-10-30;10;3;PERÚ;2;EDUCADORES DE CALLE;LA LIBERTAD;TRUJILLO;TRUJILLO;2023-11-26;1;1;1;NO APLICA;1
SEC03243;2;2017-05-01;7;3;PERÚ;2;EDUCADORES DE CALLE;LA LIBERTAD;TRUJILLO;TRUJILLO;2023-11-26;1;1;1;NO APLICA;1
SEC03244;2;2011-02-23;14;4;PERÚ;2;EDUCADORES DE CALLE;JUNÍN;HUANCAYO;HUANCAYO;2023-11-27;1;1;1;NO APLICA;1
SEC03245;2;2011-09-04;13;4;PERÚ;2;EDUCADORES DE CALLE;JUNÍN;CHUPACA;CHUPACA;2023-11-28;1;1;1;NO APLICA;2
SEC03246;2;2012-01-23;13;4;PERÚ;2;EDUCADORES DE CALLE;LA LIBERTAD;TRUJILLO;TRUJILLO;2023-11-28;1;1;2;2025-01-22;1
SEC03247;1;2012-06-04;12;4;PERÚ;2;EDUCADORES DE CALLE;HUÁNUCO;HUÁNUCO;AMARILIS;2023-11-28;1;1;1;NO APLICA;2
SEC03248;2;2012-04-06;13;4;PERÚ;2;EDUCADORES DE CALLE;JUNÍN;CHUPACA;CHUPACA;2023-11-28;1;1;1;NO APLICA;2
SEC03249;2;2014-02-04;11;3;PERÚ;2;EDUCADORES DE CALLE;JUNÍN;CHUPACA;CHUPACA;2023-11-28;1;1;1;NO APLICA;2
SEC03250;1;2014-05-26;10;3;PERÚ;2;EDUCADORES DE CALLE;JUNÍN;CHUPACA;CHUPACA;2023-11-28;1;1;1;NO APLICA;2
SEC03251;2;2015-09-28;9;3;PERÚ;2;EDUCADORES DE CALLE;HUÁNUCO;HUÁNUCO;AMARILIS;2023-11-28;1;1;1;NO APLICA;2
SEC03252;1;2013-03-11;12;4;PERÚ;2;EDUCADORES DE CALLE;HUÁNUCO;HUÁNUCO;AMARILIS;2023-11-28;1;1;1;NO APLICA;2
SEC03253;1;2009-04-18;16;4;VENEZUELA;2;EDUCADORES DE CALLE;LIMA;HUARAL;HUARAL;2023-11-29;2;1;1;NO APLICA;2
SEC03254;2;2012-01-31;13;4;VENEZUELA;2;EDUCADORES DE CALLE;LIMA;HUARAL;HUARAL;2023-11-29;2;1;1;NO APLICA;2
SEC03255;1;2017-03-15;8;3;VENEZUELA;2;EDUCADORES DE CALLE;LIMA;HUARAL;HUARAL;2023-11-29;2;1;1;NO APLICA;2
SEC03256;2;2010-01-05;15;4;PERÚ;2;EDUCADORES DE CALLE;JUNÍN;HUANCAYO;HUANCAYO;2023-11-30;1;1;1;NO APLICA;2
SEC03257;1;2015-04-02;10;3;PERÚ;2;EDUCADORES DE CALLE;JUNÍN;HUANCAYO;HUANCAYO;2023-11-30;1;1;1;NO APLICA;1
SEC03258;2;2015-12-12;9;3;PERÚ;2;EDUCADORES DE CALLE;JUNÍN;HUANCAYO;HUANCAYO;2023-11-30;1;5;1;NO APLICA;2
SEC03259;1;2017-10-05;7;3;PERÚ;2;EDUCADORES DE CALLE;JUNÍN;HUANCAYO;HUANCAYO;2023-11-30;1;1;1;NO APLICA;2
SEC03260;1;2017-01-26;8;3;PERÚ;2;EDUCADORES DE CALLE;JUNÍN;HUANCAYO;HUANCAYO;2023-11-30;1;5;1;NO APLICA;2
SEC03261;2;2013-07-18;11;3;PERÚ;2;EDUCADORES DE CALLE;PASCO;PASCO;YANACANCHA;2023-12-01;1;1;1;NO APLICA;2
SEC03262;1;2010-02-11;15;4;PERÚ;2;EDUCADORES DE CALLE;LA LIBERTAD;TRUJILLO;TRUJILLO;2023-12-03;1;1;1;NO APLICA;2
SEC03263;1;2010-05-11;14;4;PERÚ;2;EDUCADORES DE CALLE;LA LIBERTAD;TRUJILLO;TRUJILLO;2023-12-03;1;1;1;NO APLICA;2
SEC03264;2;2009-04-02;16;4;PERÚ;2;EDUCADORES DE CALLE;LA LIBERTAD;TRUJILLO;TRUJILLO;2023-12-03;1;1;1;NO APLICA;2
SEC03265;1;2008-09-15;16;4;PERÚ;2;EDUCADORES DE CALLE;PUNO;SAN ROMAN;JULIACA;2023-12-05;1;1;1;NO APLICA;2
SEC03266;2;2012-11-14;12;4;PERÚ;2;EDUCADORES DE CALLE;HUÁNUCO;HUÁNUCO;HUÁNUCO;2023-12-05;1;1;1;NO APLICA;1
SEC03267;2;2013-04-05;12;4;PERÚ;2;EDUCADORES DE CALLE;PUNO;SAN ROMAN;JULIACA;2023-12-05;1;1;1;NO APLICA;2
SEC03268;1;2013-12-17;11;3;PERÚ;2;EDUCADORES DE CALLE;LIMA;HUARAL;HUARAL;2023-12-05;1;1;1;NO APLICA;2
SEC03269;2;2016-05-27;8;3;PERÚ;2;EDUCADORES DE CALLE;HUÁNUCO;HUÁNUCO;AMARILIS;2023-12-05;1;1;1;NO APLICA;2
SEC03270;2;2016-07-02;8;3;PERÚ;2;EDUCADORES DE CALLE;PUNO;SAN ROMAN;JULIACA;2023-12-05;1;1;1;NO APLICA;2
SEC03271;2;2017-03-01;8;3;PERÚ;2;EDUCADORES DE CALLE;PUNO;SAN ROMAN;JULIACA;2023-12-05;1;1;1;NO APLICA;2
SEC03272;2;2017-10-25;7;3;PERÚ;2;EDUCADORES DE CALLE;PUNO;SAN ROMAN;JULIACA;2023-12-05;1;1;1;NO APLICA;2
SEC03273;1;2018-10-02;6;3;PERÚ;2;EDUCADORES DE CALLE;PUNO;SAN ROMAN;JULIACA;2023-12-05;1;1;1;NO APLICA;1
SEC03274;1;2011-03-27;14;4;PERÚ;2;EDUCADORES DE CALLE;APURÍMAC;ABANCAY;ABANCAY;2023-12-06;1;1;1;NO APLICA;2
SEC03275;2;2010-12-27;14;4;PERÚ;2;EDUCADORES DE CALLE;CUSCO;CUSCO;CUSCO;2023-12-06;1;1;1;NO APLICA;1
SEC03276;2;2010-07-27;14;4;PERÚ;2;EDUCADORES DE CALLE;CUSCO;CUSCO;CUSCO;2023-12-06;1;1;1;NO APLICA;1
SEC03277;1;2014-01-23;11;3;PERÚ;2;EDUCADORES DE CALLE;LIMA;HUARAL;CHANCAY;2023-12-06;1;2;1;NO APLICA;1
SEC03278;2;2014-09-09;10;3;PERÚ;2;EDUCADORES DE CALLE;APURÍMAC;ABANCAY;ABANCAY;2023-12-06;1;1;1;NO APLICA;2
SEC03279;1;2015-10-26;9;3;PERÚ;2;EDUCADORES DE CALLE;LIMA;HUARAL;CHANCAY;2023-12-06;1;1;1;NO APLICA;1
SEC03280;1;2011-07-01;13;4;PERÚ;2;EDUCADORES DE CALLE;LIMA;HUARAL;HUARAL;2023-12-07;1;1;1;NO APLICA;2
SEC03281;1;2013-12-23;11;3;PERÚ;2;EDUCADORES DE CALLE;HUANCAVELICA;HUANCAVELICA;ASCENSION;2023-12-07;1;5;1;NO APLICA;2
SEC03282;1;2014-02-13;11;3;PERÚ;2;EDUCADORES DE CALLE;LA LIBERTAD;TRUJILLO;TRUJILLO;2023-12-07;1;1;1;NO APLICA;2
SEC03283;2;2017-09-30;7;3;PERÚ;2;EDUCADORES DE CALLE;HUANCAVELICA;HUANCAVELICA;ASCENSION;2023-12-07;1;5;1;NO APLICA;2
SEC03284;1;2014-06-18;10;3;PERÚ;2;EDUCADORES DE CALLE;LA LIBERTAD;TRUJILLO;TRUJILLO;2023-12-07;1;1;1;NO APLICA;2
SEC03285;2;2008-12-28;16;4;PERÚ;2;EDUCADORES DE CALLE;LIMA;LIMA;COMAS;2023-12-08;3;1;1;NO APLICA;1
SEC03286;2;2014-02-13;11;3;PERÚ;2;EDUCADORES DE CALLE;LA LIBERTAD;TRUJILLO;TRUJILLO;2023-12-08;1;1;1;NO APLICA;2
SEC03287;1;2015-10-08;9;3;PERÚ;2;EDUCADORES DE CALLE;LA LIBERTAD;TRUJILLO;TRUJILLO;2023-12-08;1;1;1;NO APLICA;2
SEC03288;1;2008-04-29;17;4;PERÚ;2;EDUCADORES DE CALLE;HUANCAVELICA;HUANCAVELICA;HUANCAVELICA;2023-12-12;1;1;1;NO APLICA;2
SEC03289;1;2012-02-21;13;4;PERÚ;2;EDUCADORES DE CALLE;HUANCAVELICA;HUANCAVELICA;ASCENSION;2023-12-12;1;5;1;NO APLICA;2
SEC03290;2;2015-11-12;9;3;PERÚ;2;EDUCADORES DE CALLE;LA LIBERTAD;TRUJILLO;TRUJILLO;2023-12-12;1;1;1;NO APLICA;2
SEC03291;1;2016-03-20;9;3;PERÚ;2;EDUCADORES DE CALLE;HUANCAVELICA;HUANCAVELICA;HUANCAVELICA;2023-12-12;1;1;1;NO APLICA;2
SEC03292;1;2016-10-10;8;3;PERÚ;2;EDUCADORES DE CALLE;HUANCAVELICA;HUANCAVELICA;ASCENSION;2023-12-12;1;5;1;NO APLICA;2
SEC03293;1;2013-02-15;12;4;PERÚ;2;EDUCADORES DE CALLE;AYACUCHO;HUAMANGA;AYACUCHO;2023-12-12;1;1;2;2025-05-22;1
SEC03294;1;2017-09-11;7;3;PERÚ;2;EDUCADORES DE CALLE;LIMA;HUARAL;CHANCAY;2023-12-12;2;1;1;NO APLICA;1
SEC03295;1;2017-09-05;7;3;PERÚ;1;EDUCADORES DE CALLE;LAMBAYEQUE;CHICLAYO;CHICLAYO;2023-12-12;1;1;1;NO APLICA;2
SEC03296;2;2018-03-27;7;3;PERÚ;2;EDUCADORES DE CALLE;HUANCAVELICA;HUANCAVELICA;HUANCAVELICA;2023-12-12;1;1;1;NO APLICA;2
SEC03297;1;2012-06-28;12;4;PERÚ;2;EDUCADORES DE CALLE;HUANCAVELICA;HUANCAVELICA;HUANCAVELICA;2023-12-13;1;1;1;NO APLICA;2
SEC03298;1;2011-03-25;14;4;PERÚ;2;EDUCADORES DE CALLE;APURÍMAC;ABANCAY;ABANCAY;2023-12-13;1;1;1;NO APLICA;2
SEC03299;2;2008-07-04;16;4;PERÚ;2;EDUCADORES DE CALLE;LIMA;LIMA;ATE;2023-12-13;3;1;1;NO APLICA;2
SEC03300;1;2010-12-24;14;4;PERÚ;2;EDUCADORES DE CALLE;LIMA;LIMA;ATE;2023-12-13;3;1;1;NO APLICA;2
SEC03301;1;2011-03-01;14;4;PERÚ;2;EDUCADORES DE CALLE;LA LIBERTAD;TRUJILLO;TRUJILLO;2023-12-13;1;1;1;NO APLICA;1
SEC03302;2;2012-03-12;13;4;PERÚ;2;EDUCADORES DE CALLE;HUANCAVELICA;HUANCAVELICA;HUANCAVELICA;2023-12-13;1;5;1;NO APLICA;2
SEC03303;1;2012-07-04;12;4;PERÚ;2;EDUCADORES DE CALLE;HUANCAVELICA;HUANCAVELICA;HUANCAVELICA;2023-12-13;1;1;1;NO APLICA;2
SEC03304;2;2013-02-13;12;4;PERÚ;2;EDUCADORES DE CALLE;AYACUCHO;HUAMANGA;AYACUCHO;2023-12-13;1;1;1;NO APLICA;2
SEC03305;2;2015-05-04;9;3;PERÚ;2;EDUCADORES DE CALLE;AYACUCHO;HUAMANGA;AYACUCHO;2023-12-13;1;1;1;NO APLICA;1
SEC03306;2;2015-06-15;9;3;PERÚ;2;EDUCADORES DE CALLE;PUNO;SAN ROMAN;JULIACA;2023-12-13;1;1;1;NO APLICA;1
SEC03307;2;2016-02-09;9;3;PERÚ;2;EDUCADORES DE CALLE;CAJAMARCA;CAJAMARCA;CAJAMARCA;2023-12-13;1;1;1;NO APLICA;1
SEC03308;1;2016-05-27;8;3;PERÚ;2;EDUCADORES DE CALLE;HUANCAVELICA;HUANCAVELICA;HUANCAVELICA;2023-12-13;1;1;2;2025-04-23;2
SEC03309;1;2018-07-01;6;3;PERÚ;2;EDUCADORES DE CALLE;LA LIBERTAD;TRUJILLO;TRUJILLO;2023-12-13;1;1;1;NO APLICA;1
SEC03310;2;2016-08-07;8;3;PERÚ;2;EDUCADORES DE CALLE;HUANCAVELICA;HUANCAVELICA;HUANCAVELICA;2023-12-13;1;1;1;NO APLICA;2
SEC03311;2;2023-10-10;1;2;PERÚ;2;EDUCADORES DE CALLE;HUANCAVELICA;HUANCAVELICA;HUANCAVELICA;2023-12-13;1;1;1;NO APLICA;2
SEC03312;1;2009-08-21;15;4;PERÚ;2;EDUCADORES DE CALLE;LIMA;HUARAL;CHANCAY;2023-12-14;1;1;1;NO APLICA;1
SEC03313;2;2017-08-27;7;3;PERÚ;2;EDUCADORES DE CALLE;AYACUCHO;HUAMANGA;AYACUCHO;2023-12-14;1;1;1;NO APLICA;1
SEC03314;1;2011-09-17;13;4;PERÚ;2;EDUCADORES DE CALLE;AREQUIPA;AREQUIPA;JOSE LUIS BUSTAMANTE Y RIVERO;2023-12-14;1;1;1;NO APLICA;1
SEC03315;2;2012-07-14;12;4;PERÚ;2;EDUCADORES DE CALLE;HUANCAVELICA;HUANCAVELICA;HUANCAVELICA;2023-12-14;1;1;1;NO APLICA;2
SEC03316;1;2009-05-06;15;4;PERÚ;2;EDUCADORES DE CALLE;PUNO;PUNO;PUNO;2023-12-14;1;1;1;NO APLICA;2
SEC03317;1;2014-12-09;10;3;PERÚ;2;EDUCADORES DE CALLE;HUANCAVELICA;HUANCAVELICA;HUANCAVELICA;2023-12-14;1;1;1;NO APLICA;2
SEC03318;1;2015-01-11;10;3;PERÚ;2;EDUCADORES DE CALLE;PUNO;SAN ROMAN;JULIACA;2023-12-14;1;1;1;NO APLICA;2
SEC03319;1;2015-01-29;10;3;PERÚ;2;EDUCADORES DE CALLE;LIMA;HUARAL;CHANCAY;2023-12-14;2;1;1;NO APLICA;1
SEC03320;2;2013-01-13;12;4;PERÚ;2;EDUCADORES DE CALLE;PUNO;SAN ROMAN;JULIACA;2023-12-14;1;1;1;NO APLICA;2
SEC03321;2;2011-12-05;13;4;PERÚ;2;EDUCADORES DE CALLE;AYACUCHO;HUAMANGA;AYACUCHO;2023-12-14;1;1;2;2025-05-22;1
SEC03322;2;2017-10-05;7;3;PERÚ;2;EDUCADORES DE CALLE;AREQUIPA;AREQUIPA;JOSE LUIS BUSTAMANTE Y RIVERO;2023-12-14;1;1;1;NO APLICA;1
SEC03323;1;2017-12-21;7;3;PERÚ;2;EDUCADORES DE CALLE;PUNO;SAN ROMAN;JULIACA;2023-12-14;1;1;1;NO APLICA;2
SEC03324;1;2018-01-23;7;3;PERÚ;2;EDUCADORES DE CALLE;PUNO;PUNO;PUNO;2023-12-14;1;1;1;NO APLICA;2
SEC03325;1;2008-01-29;17;4;PERÚ;2;EDUCADORES DE CALLE;LIMA;HUARAL;CHANCAY;2023-12-15;1;1;1;NO APLICA;1
SEC03326;1;2012-03-10;13;4;PERÚ;2;EDUCADORES DE CALLE;TUMBES;TUMBES;TUMBES;2023-12-15;1;1;1;NO APLICA;1
SEC03327;2;2008-05-28;16;4;PERÚ;2;EDUCADORES DE CALLE;AREQUIPA;AREQUIPA;CERRO COLORADO;2023-12-16;1;1;1;NO APLICA;2
SEC03328;1;2010-08-21;14;4;PERÚ;2;EDUCADORES DE CALLE;AREQUIPA;AREQUIPA;CERRO COLORADO;2023-12-16;1;1;1;NO APLICA;2
SEC03329;2;2013-08-04;11;3;PERÚ;2;EDUCADORES DE CALLE;AREQUIPA;AREQUIPA;CERRO COLORADO;2023-12-16;1;1;1;NO APLICA;2
SEC03330;1;2012-08-19;12;4;PERÚ;2;EDUCADORES DE CALLE;AREQUIPA;AREQUIPA;CERRO COLORADO;2023-12-16;1;1;1;NO APLICA;2
SEC03331;1;2014-06-12;10;3;PERÚ;2;EDUCADORES DE CALLE;AREQUIPA;AREQUIPA;CERRO COLORADO;2023-12-16;1;1;1;NO APLICA;2
SEC03332;2;2015-04-12;10;3;PERÚ;2;EDUCADORES DE CALLE;AREQUIPA;AREQUIPA;CERRO COLORADO;2023-12-16;1;1;1;NO APLICA;2
SEC03333;2;2017-08-10;7;3;PERÚ;2;EDUCADORES DE CALLE;AREQUIPA;AREQUIPA;CERRO COLORADO;2023-12-16;1;1;1;NO APLICA;2
SEC03334;2;2013-11-07;11;3;PERÚ;2;EDUCADORES DE CALLE;ICA;ICA;ICA;2023-12-18;1;1;1;NO APLICA;2
SEC03335;1;2009-08-11;15;4;PERÚ;2;EDUCADORES DE CALLE;LA LIBERTAD;TRUJILLO;TRUJILLO;2023-12-19;1;1;1;NO APLICA;2
SEC03336;1;2008-08-17;16;4;PERÚ;2;EDUCADORES DE CALLE;AYACUCHO;HUAMANGA;AYACUCHO;2023-12-19;1;1;1;NO APLICA;2
SEC03337;2;2009-03-10;16;4;PERÚ;2;EDUCADORES DE CALLE;TACNA;TACNA;CORONEL GREGORIO ALBARRACIN LANCHIPA;2023-12-19;1;1;1;NO APLICA;2
SEC03338;2;2011-05-24;13;4;PERÚ;2;EDUCADORES DE CALLE;LA LIBERTAD;TRUJILLO;TRUJILLO;2023-12-19;1;1;1;NO APLICA;2
SEC03339;2;2012-05-30;12;4;PERÚ;2;EDUCADORES DE CALLE;TACNA;TACNA;CORONEL GREGORIO ALBARRACIN LANCHIPA;2023-12-19;1;1;1;NO APLICA;2
SEC03340;1;2009-09-18;15;4;PERÚ;2;EDUCADORES DE CALLE;LA LIBERTAD;TRUJILLO;TRUJILLO;2023-12-19;1;1;1;NO APLICA;1
SEC03341;1;2010-10-24;14;4;PERÚ;2;EDUCADORES DE CALLE;LIMA;LIMA;PUENTE PIEDRA;2023-12-19;3;1;1;NO APLICA;1
SEC03342;2;2010-10-29;14;4;PERÚ;2;EDUCADORES DE CALLE;LA LIBERTAD;TRUJILLO;TRUJILLO;2023-12-19;1;1;2;2025-01-24;2
SEC03343;2;2011-10-28;13;4;PERÚ;2;EDUCADORES DE CALLE;PUNO;PUNO;PUNO;2023-12-19;1;1;1;NO APLICA;2
SEC03344;2;2012-10-04;12;4;PERÚ;2;EDUCADORES DE CALLE;LA LIBERTAD;TRUJILLO;TRUJILLO;2023-12-19;1;1;1;NO APLICA;2
SEC03345;1;2015-07-30;9;3;PERÚ;2;EDUCADORES DE CALLE;PUNO;PUNO;PUNO;2023-12-19;1;1;1;NO APLICA;2
SEC03346;2;2015-04-25;10;3;PERÚ;2;EDUCADORES DE CALLE;LIMA;CALLAO;VENTANILLA;2023-12-19;3;1;1;NO APLICA;1
SEC03347;1;2012-07-29;12;4;PERÚ;2;EDUCADORES DE CALLE;AYACUCHO;HUAMANGA;AYACUCHO;2023-12-19;1;1;1;NO APLICA;2
SEC03348;2;2014-03-20;11;3;PERÚ;2;EDUCADORES DE CALLE;AREQUIPA;AREQUIPA;JOSE LUIS BUSTAMANTE Y RIVERO;2023-12-19;1;1;1;NO APLICA;1
SEC03349;1;2017-01-10;8;3;PERÚ;2;EDUCADORES DE CALLE;PUNO;PUNO;PUNO;2023-12-19;1;1;1;NO APLICA;2
SEC03350;1;2017-11-10;7;3;PERÚ;2;EDUCADORES DE CALLE;LIMA;CALLAO;VENTANILLA;2023-12-19;3;1;1;NO APLICA;1
SEC03351;1;2010-04-21;15;4;PERÚ;2;EDUCADORES DE CALLE;LA LIBERTAD;TRUJILLO;TRUJILLO;2023-12-20;1;1;1;NO APLICA;2
SEC03352;2;2011-04-11;14;4;PERÚ;2;EDUCADORES DE CALLE;LA LIBERTAD;TRUJILLO;TRUJILLO;2023-12-20;1;1;1;NO APLICA;2
SEC03353;1;2011-05-15;13;4;PERÚ;2;EDUCADORES DE CALLE;AYACUCHO;HUAMANGA;AYACUCHO;2023-12-20;1;1;1;NO APLICA;2
SEC03354;1;2010-10-24;14;4;PERÚ;2;EDUCADORES DE CALLE;LIMA;LIMA;PUENTE PIEDRA;2023-12-20;3;1;1;NO APLICA;1
SEC03355;2;2013-05-02;11;3;PERÚ;2;EDUCADORES DE CALLE;AYACUCHO;HUAMANGA;AYACUCHO;2023-12-20;1;1;1;NO APLICA;1
SEC03356;1;2009-11-16;15;4;PERÚ;2;EDUCADORES DE CALLE;LA LIBERTAD;TRUJILLO;TRUJILLO;2023-12-20;1;1;1;NO APLICA;2
SEC03357;1;2014-02-04;11;3;PERÚ;2;EDUCADORES DE CALLE;LA LIBERTAD;TRUJILLO;TRUJILLO;2023-12-20;1;1;1;NO APLICA;2
SEC03358;2;2014-05-26;10;3;PERÚ;2;EDUCADORES DE CALLE;AREQUIPA;AREQUIPA;MIRAFLORES;2023-12-20;1;5;1;NO APLICA;1
SEC03359;2;2014-09-13;10;3;PERÚ;2;EDUCADORES DE CALLE;JUNÍN;CHUPACA;CHUPACA;2023-12-20;1;1;1;NO APLICA;1
SEC03360;2;2015-04-06;10;3;PERÚ;2;EDUCADORES DE CALLE;AYACUCHO;HUAMANGA;AYACUCHO;2023-12-20;1;1;1;NO APLICA;1
SEC03361;1;2015-06-17;9;3;PERÚ;2;EDUCADORES DE CALLE;LA LIBERTAD;TRUJILLO;TRUJILLO;2023-12-20;1;1;1;NO APLICA;2
SEC03362;2;2016-04-01;9;3;PERÚ;2;EDUCADORES DE CALLE;LA LIBERTAD;TRUJILLO;TRUJILLO;2023-12-20;1;1;2;2025-04-23;1
SEC03363;2;2010-03-24;15;4;PERÚ;2;EDUCADORES DE CALLE;LA LIBERTAD;TRUJILLO;TRUJILLO;2023-12-20;1;1;2;2025-01-22;1
SEC03364;1;2017-08-04;7;3;PERÚ;2;EDUCADORES DE CALLE;AYACUCHO;HUAMANGA;AYACUCHO;2023-12-20;1;1;1;NO APLICA;1
SEC03365;1;2013-08-12;11;3;PERÚ;2;EDUCADORES DE CALLE;CAJAMARCA;CAJAMARCA;CAJAMARCA;2023-12-21;1;1;1;NO APLICA;2
SEC03366;1;2015-05-17;9;3;PERÚ;2;EDUCADORES DE CALLE;AYACUCHO;HUAMANGA;AYACUCHO;2023-12-21;1;1;1;NO APLICA;2
SEC03367;1;2018-10-07;6;3;VENEZUELA;2;EDUCADORES DE CALLE;LIMA;LIMA;INDEPENDENCIA;2023-12-21;1;5;1;NO APLICA;2
SEC03368;1;2010-09-18;14;4;VENEZUELA;2;EDUCADORES DE CALLE;LIMA;LIMA;INDEPENDENCIA;2023-12-21;1;5;1;NO APLICA;2
SEC03369;2;2015-10-30;9;3;VENEZUELA;2;EDUCADORES DE CALLE;LIMA;LIMA;INDEPENDENCIA;2023-12-21;1;5;1;NO APLICA;2
SEC03370;2;2008-05-20;16;4;PERÚ;2;EDUCADORES DE CALLE;AYACUCHO;HUAMANGA;SAN JUAN BAUTISTA;2023-12-22;1;1;1;NO APLICA;1
SEC03371;2;2008-11-19;16;4;PERÚ;2;EDUCADORES DE CALLE;AREQUIPA;AREQUIPA;JOSE LUIS BUSTAMANTE Y RIVERO;2023-12-22;1;1;1;NO APLICA;2
SEC03372;1;2010-04-22;15;4;PERÚ;2;EDUCADORES DE CALLE;AYACUCHO;HUAMANGA;SAN JUAN BAUTISTA;2023-12-22;1;1;1;NO APLICA;1
SEC03373;2;2010-03-20;15;4;PERÚ;2;EDUCADORES DE CALLE;LIMA;LIMA;VILLA MARIA DEL TRIUNFO;2023-12-22;1;1;1;NO APLICA;2
SEC03374;2;2009-10-16;15;4;PERÚ;2;EDUCADORES DE CALLE;HUÁNUCO;HUÁNUCO;HUÁNUCO;2023-12-22;1;1;1;NO APLICA;2
SEC03375;2;2008-08-12;16;4;PERÚ;2;EDUCADORES DE CALLE;AYACUCHO;HUAMANGA;SAN JUAN BAUTISTA;2023-12-22;1;1;1;NO APLICA;1
SEC03376;2;2011-11-29;13;4;PERÚ;2;EDUCADORES DE CALLE;HUÁNUCO;HUÁNUCO;HUÁNUCO;2023-12-22;1;1;1;NO APLICA;2
SEC03377;1;2012-06-13;12;4;PERÚ;2;EDUCADORES DE CALLE;AREQUIPA;AREQUIPA;JOSE LUIS BUSTAMANTE Y RIVERO;2023-12-22;1;1;1;NO APLICA;2
SEC03378;2;2012-03-24;13;4;PERÚ;2;EDUCADORES DE CALLE;AYACUCHO;HUAMANGA;SAN JUAN BAUTISTA;2023-12-22;1;1;1;NO APLICA;1
SEC03379;1;2012-06-11;12;4;PERÚ;2;EDUCADORES DE CALLE;AREQUIPA;AREQUIPA;JOSE LUIS BUSTAMANTE Y RIVERO;2023-12-22;1;1;1;NO APLICA;2
SEC03380;1;2005-08-19;19;5;PERÚ;2;EDUCADORES DE CALLE;AYACUCHO;HUAMANGA;SAN JUAN BAUTISTA;2023-12-22;3;1;1;NO APLICA;1
SEC03381;2;2010-09-21;14;4;PERÚ;2;EDUCADORES DE CALLE;AYACUCHO;HUAMANGA;SAN JUAN BAUTISTA;2023-12-22;1;1;1;NO APLICA;1
SEC03382;1;2011-07-03;13;4;PERÚ;2;EDUCADORES DE CALLE;AYACUCHO;HUAMANGA;SAN JUAN BAUTISTA;2023-12-22;1;1;1;NO APLICA;1
SEC03383;2;2013-03-29;12;4;PERÚ;2;EDUCADORES DE CALLE;AYACUCHO;HUAMANGA;SAN JUAN BAUTISTA;2023-12-22;1;1;1;NO APLICA;1
SEC03384;2;2008-05-24;16;4;PERÚ;2;EDUCADORES DE CALLE;AYACUCHO;HUAMANGA;SAN JUAN BAUTISTA;2023-12-22;1;1;1;NO APLICA;1
SEC03385;1;2015-11-22;9;3;PERÚ;2;EDUCADORES DE CALLE;CAJAMARCA;CAJAMARCA;CAJAMARCA;2023-12-22;2;1;1;NO APLICA;2
SEC03386;1;2012-10-02;12;4;PERÚ;2;EDUCADORES DE CALLE;AREQUIPA;AREQUIPA;JOSE LUIS BUSTAMANTE Y RIVERO;2023-12-22;1;1;1;NO APLICA;2
SEC03387;2;2013-05-09;11;3;PERÚ;2;EDUCADORES DE CALLE;AREQUIPA;AREQUIPA;JOSE LUIS BUSTAMANTE Y RIVERO;2023-12-22;1;1;1;NO APLICA;2
SEC03388;1;2015-07-28;9;3;PERÚ;2;EDUCADORES DE CALLE;AREQUIPA;AREQUIPA;JOSE LUIS BUSTAMANTE Y RIVERO;2023-12-22;1;1;1;NO APLICA;2
SEC03389;2;2017-10-05;7;3;PERÚ;2;EDUCADORES DE CALLE;AYACUCHO;HUAMANGA;SAN JUAN BAUTISTA;2023-12-22;1;1;1;NO APLICA;1
SEC03390;1;2018-11-28;6;3;PERÚ;2;EDUCADORES DE CALLE;AYACUCHO;HUAMANGA;SAN JUAN BAUTISTA;2023-12-22;1;1;1;NO APLICA;1
SEC03391;2;2016-12-04;8;3;PERÚ;2;EDUCADORES DE CALLE;LIMA;LIMA;LA VICTORIA;2023-12-25;2;1;1;NO APLICA;2
SEC03392;1;2019-02-09;6;3;PERÚ;2;EDUCADORES DE CALLE;LIMA;LIMA;LA VICTORIA;2023-12-25;2;1;1;NO APLICA;2
SEC03393;1;2020-12-16;4;2;PERÚ;2;EDUCADORES DE CALLE;LIMA;LIMA;LA VICTORIA;2023-12-25;2;1;1;NO APLICA;2
SEC03394;2;2009-08-30;15;4;PERÚ;2;EDUCADORES DE CALLE;AYACUCHO;HUAMANGA;AYACUCHO;2023-12-26;1;1;1;NO APLICA;2
SEC03395;2;2010-12-24;14;4;PERÚ;2;EDUCADORES DE CALLE;AYACUCHO;HUAMANGA;AYACUCHO;2023-12-26;1;1;1;NO APLICA;2
SEC03396;1;2012-11-30;12;4;PERÚ;2;EDUCADORES DE CALLE;AYACUCHO;HUAMANGA;AYACUCHO;2023-12-26;1;1;2;2025-04-23;2
SEC03397;2;2014-03-12;11;3;PERÚ;2;EDUCADORES DE CALLE;AYACUCHO;HUAMANGA;AYACUCHO;2023-12-26;1;1;1;NO APLICA;2
SEC03398;2;2015-06-05;9;3;PERÚ;2;EDUCADORES DE CALLE;AYACUCHO;HUAMANGA;AYACUCHO;2023-12-26;1;1;2;2025-04-23;2
SEC03399;2;2015-08-05;9;3;PERÚ;2;EDUCADORES DE CALLE;AYACUCHO;HUAMANGA;AYACUCHO;2023-12-26;1;1;2;2025-04-23;2
SEC03400;1;2015-10-03;9;3;PERÚ;2;EDUCADORES DE CALLE;AYACUCHO;HUAMANGA;AYACUCHO;2023-12-26;1;1;1;NO APLICA;2
SEC03401;2;2016-12-03;8;3;PERÚ;2;EDUCADORES DE CALLE;AYACUCHO;HUAMANGA;AYACUCHO;2023-12-26;1;1;2;2025-04-23;2
SEC03402;1;2015-08-03;9;3;PERÚ;2;EDUCADORES DE CALLE;AYACUCHO;HUAMANGA;AYACUCHO;2023-12-26;1;1;1;NO APLICA;2
SEC03403;2;2017-07-10;7;3;PERÚ;2;EDUCADORES DE CALLE;AYACUCHO;HUAMANGA;AYACUCHO;2023-12-26;1;1;1;NO APLICA;2
SEC03404;2;2012-06-28;12;4;PERÚ;2;EDUCADORES DE CALLE;LA LIBERTAD;TRUJILLO;TRUJILLO;2023-12-27;1;1;1;NO APLICA;2
SEC03405;1;2014-02-08;11;3;PERÚ;2;EDUCADORES DE CALLE;JUNÍN;HUANCAYO;HUANCAYO;2023-12-31;1;1;1;NO APLICA;1
SEC03406;2;2009-01-12;16;4;PERÚ;2;EDUCADORES DE CALLE;TUMBES;TUMBES;TUMBES;2024-01-03;1;1;1;NO APLICA;2
SEC03407;2;2009-11-05;15;4;PERÚ;2;EDUCADORES DE CALLE;LIMA;LIMA;ATE;2024-01-03;3;1;1;NO APLICA;2
SEC03408;2;2011-10-27;13;4;PERÚ;2;EDUCADORES DE CALLE;TUMBES;TUMBES;TUMBES;2024-01-03;1;1;1;NO APLICA;2
SEC03409;1;2015-07-09;9;3;PERÚ;2;EDUCADORES DE CALLE;TUMBES;TUMBES;TUMBES;2024-01-03;1;1;1;NO APLICA;2
SEC03410;1;2017-01-04;8;3;PERÚ;2;EDUCADORES DE CALLE;TUMBES;TUMBES;TUMBES;2024-01-03;1;1;1;NO APLICA;2
SEC03411;2;2009-01-19;16;4;PERÚ;2;EDUCADORES DE CALLE;TUMBES;TUMBES;TUMBES;2024-01-04;1;1;2;2025-05-09;2
SEC03412;2;2010-08-24;14;4;PERÚ;2;EDUCADORES DE CALLE;TUMBES;TUMBES;TUMBES;2024-01-04;1;1;2;2025-05-05;2
SEC03413;2;2011-08-31;13;4;PERÚ;2;EDUCADORES DE CALLE;TUMBES;TUMBES;TUMBES;2024-01-04;1;1;2;2025-05-05;2
SEC03414;2;2011-10-11;13;4;PERÚ;2;EDUCADORES DE CALLE;TUMBES;TUMBES;TUMBES;2024-01-04;1;1;2;2025-05-13;2
SEC03415;1;2015-09-13;9;3;PERÚ;2;EDUCADORES DE CALLE;TUMBES;TUMBES;TUMBES;2024-01-04;1;1;2;2025-05-05;2
SEC03416;2;2015-12-20;9;3;PERÚ;2;EDUCADORES DE CALLE;MOQUEGUA;MARISCAL NIETO;MOQUEGUA;2024-01-04;1;1;1;NO APLICA;1
SEC03417;1;2009-05-27;15;4;PERÚ;2;EDUCADORES DE CALLE;LA LIBERTAD;TRUJILLO;TRUJILLO;2024-01-05;1;1;1;NO APLICA;2
SEC03418;1;2016-03-09;9;3;PERÚ;2;EDUCADORES DE CALLE;LA LIBERTAD;TRUJILLO;TRUJILLO;2024-01-05;1;1;1;NO APLICA;2
SEC03419;2;2021-04-16;4;2;PERÚ;2;EDUCADORES DE CALLE;LA LIBERTAD;TRUJILLO;TRUJILLO;2024-01-07;1;1;1;NO APLICA;2
SEC03420;2;2011-06-08;13;4;PERÚ;2;EDUCADORES DE CALLE;LA LIBERTAD;TRUJILLO;TRUJILLO;2024-01-07;1;1;1;NO APLICA;2
SEC03421;1;2007-06-25;17;4;PERÚ;2;EDUCADORES DE CALLE;LA LIBERTAD;TRUJILLO;TRUJILLO;2024-01-08;1;1;1;NO APLICA;2
SEC03422;1;2013-11-28;11;3;PERÚ;2;EDUCADORES DE CALLE;LIMA;LIMA;SAN JUAN DE LURIGANCHO;2024-01-08;3;1;1;NO APLICA;2
SEC03423;2;2017-09-07;7;3;PERÚ;2;EDUCADORES DE CALLE;LIMA;LIMA;SAN JUAN DE LURIGANCHO;2024-01-08;1;1;1;NO APLICA;2
SEC03424;1;2016-06-22;8;3;PERÚ;2;EDUCADORES DE CALLE;LA LIBERTAD;TRUJILLO;TRUJILLO;2024-01-09;1;1;1;NO APLICA;2
SEC03425;2;2008-11-28;16;4;PERÚ;2;EDUCADORES DE CALLE;MOQUEGUA;MARISCAL NIETO;MOQUEGUA;2024-01-09;1;2;1;NO APLICA;1
SEC03426;2;2009-04-12;16;4;PERÚ;2;EDUCADORES DE CALLE;LIMA;LIMA;SAN JUAN DE LURIGANCHO;2024-01-09;1;1;1;NO APLICA;2
SEC03427;1;2012-09-10;12;4;PERÚ;2;EDUCADORES DE CALLE;PUNO;PUNO;PUNO;2024-01-09;1;1;1;NO APLICA;2
SEC03428;2;2016-02-29;9;3;PERÚ;2;EDUCADORES DE CALLE;LIMA;LIMA;SAN JUAN DE LURIGANCHO;2024-01-09;1;1;1;NO APLICA;2
SEC03429;1;2015-12-02;9;3;PERÚ;2;EDUCADORES DE CALLE;MOQUEGUA;MARISCAL NIETO;MOQUEGUA;2024-01-09;1;1;1;NO APLICA;1
SEC03430;1;2016-06-27;8;3;PERÚ;2;EDUCADORES DE CALLE;LA LIBERTAD;TRUJILLO;TRUJILLO;2024-01-09;1;1;1;NO APLICA;1
SEC03431;1;2009-10-06;15;4;PERÚ;2;EDUCADORES DE CALLE;LIMA;LIMA;SAN JUAN DE LURIGANCHO;2024-01-09;1;1;1;NO APLICA;2
SEC03432;1;2006-12-30;18;5;PERÚ;2;EDUCADORES DE CALLE;TACNA;TACNA;CORONEL GREGORIO ALBARRACIN LANCHIPA;2024-01-10;1;1;1;NO APLICA;2
SEC03433;2;2016-02-22;9;3;PERÚ;2;EDUCADORES DE CALLE;LIMA;LIMA;SAN JUAN DE LURIGANCHO;2024-01-10;1;1;1;NO APLICA;2
SEC03434;1;2021-07-20;3;2;PERÚ;1;EDUCADORES DE CALLE;LIMA;LIMA;ATE;2024-01-10;2;1;1;NO APLICA;2
SEC03435;1;2020-01-10;5;2;PERÚ;2;EDUCADORES DE CALLE;LIMA;LIMA;SAN JUAN DE LURIGANCHO;2024-01-10;1;5;1;NO APLICA;2
SEC03436;2;2008-05-08;16;4;PERÚ;2;EDUCADORES DE CALLE;TACNA;TACNA;CORONEL GREGORIO ALBARRACIN LANCHIPA;2024-01-11;3;1;1;NO APLICA;2
SEC03437;2;2008-10-28;16;4;PERÚ;1;EDUCADORES DE CALLE;AREQUIPA;AREQUIPA;JOSE LUIS BUSTAMANTE Y RIVERO;2024-01-12;1;1;1;NO APLICA;1
SEC03438;1;2009-12-08;15;4;PERÚ;2;EDUCADORES DE CALLE;LA LIBERTAD;TRUJILLO;TRUJILLO;2024-01-12;1;1;1;NO APLICA;2
SEC03439;2;2008-06-20;16;4;PERÚ;2;EDUCADORES DE CALLE;LIMA;LIMA;ATE;2024-01-12;3;1;1;NO APLICA;2
SEC03440;2;2019-03-03;6;3;PERÚ;2;EDUCADORES DE CALLE;LIMA;LIMA;SAN JUAN DE MIRAFLORES;2024-01-12;2;1;1;NO APLICA;2
SEC03441;1;2021-03-24;4;2;PERÚ;2;EDUCADORES DE CALLE;LIMA;LIMA;SAN JUAN DE MIRAFLORES;2024-01-12;2;1;1;NO APLICA;2
SEC03442;2;2007-04-06;18;5;PERÚ;2;EDUCADORES DE CALLE;LIMA;LIMA;INDEPENDENCIA;2024-01-13;1;1;2;2025-04-22;2
SEC03443;1;2006-05-09;18;5;PERÚ;2;EDUCADORES DE CALLE;LIMA;LIMA;CARABAYLLO;2024-01-13;1;1;2;2025-04-30;2
SEC03444;2;2023-04-06;2;2;PERÚ;2;EDUCADORES DE CALLE;LIMA;LIMA;INDEPENDENCIA;2024-01-13;2;1;2;2025-02-21;2
SEC03445;2;2017-07-22;7;3;VENEZUELA;2;EDUCADORES DE CALLE;LIMA;LIMA;INDEPENDENCIA;2024-01-13;2;5;2;2025-02-21;2
SEC03446;2;2011-01-30;14;4;PERÚ;2;EDUCADORES DE CALLE;AREQUIPA;AREQUIPA;CERRO COLORADO;2024-01-14;1;1;1;NO APLICA;1
SEC03447;1;2014-01-15;11;3;PERÚ;2;EDUCADORES DE CALLE;LIMA;HUARAL;HUARAL;2024-01-14;1;1;1;NO APLICA;2
SEC03448;1;2010-08-31;14;4;PERÚ;2;EDUCADORES DE CALLE;LA LIBERTAD;TRUJILLO;TRUJILLO;2024-01-15;1;1;1;NO APLICA;2
SEC03449;2;2016-02-22;9;3;PERÚ;2;EDUCADORES DE CALLE;LIMA;LIMA;SAN JUAN DE LURIGANCHO;2024-01-15;3;1;1;NO APLICA;2
SEC03450;1;2013-07-21;11;3;PERÚ;2;EDUCADORES DE CALLE;CAJAMARCA;CAJAMARCA;CAJAMARCA;2024-01-15;1;1;2;2025-02-21;2
SEC03451;2;2008-06-09;16;4;PERÚ;2;EDUCADORES DE CALLE;PUNO;SAN ROMAN;JULIACA;2024-01-16;1;1;1;NO APLICA;2
SEC03452;1;2007-04-01;18;5;PERÚ;2;EDUCADORES DE CALLE;LIMA;LIMA;SAN JUAN DE MIRAFLORES;2024-01-16;2;1;1;NO APLICA;2
SEC03453;1;2008-11-07;16;4;PERÚ;2;EDUCADORES DE CALLE;LA LIBERTAD;TRUJILLO;TRUJILLO;2024-01-16;1;1;1;NO APLICA;2
SEC03454;1;2008-02-17;17;4;PERÚ;2;EDUCADORES DE CALLE;PUNO;PUNO;PUNO;2024-01-16;1;1;1;NO APLICA;1
SEC03455;1;2009-12-20;15;4;PERÚ;2;EDUCADORES DE CALLE;LA LIBERTAD;TRUJILLO;TRUJILLO;2024-01-16;1;1;1;NO APLICA;2
SEC03456;1;2010-02-11;15;4;PERÚ;2;EDUCADORES DE CALLE;LA LIBERTAD;TRUJILLO;TRUJILLO;2024-01-16;1;1;1;NO APLICA;2
SEC03457;2;2010-09-13;14;4;PERÚ;2;EDUCADORES DE CALLE;PUNO;SAN ROMAN;JULIACA;2024-01-16;1;1;1;NO APLICA;2
SEC03458;1;2011-01-03;14;4;PERÚ;2;EDUCADORES DE CALLE;LA LIBERTAD;TRUJILLO;TRUJILLO;2024-01-16;1;1;1;NO APLICA;2
SEC03459;2;2008-08-28;16;4;PERÚ;2;EDUCADORES DE CALLE;AREQUIPA;AREQUIPA;MIRAFLORES;2024-01-16;1;1;1;NO APLICA;1
SEC03460;2;2016-01-16;9;3;PERÚ;2;EDUCADORES DE CALLE;AREQUIPA;AREQUIPA;MIRAFLORES;2024-01-16;1;1;1;NO APLICA;2
SEC03461;2;2013-03-31;12;4;PERÚ;2;EDUCADORES DE CALLE;PUNO;PUNO;PUNO;2024-01-16;1;1;1;NO APLICA;1
SEC03462;2;2013-06-01;11;3;PERÚ;2;EDUCADORES DE CALLE;LA LIBERTAD;TRUJILLO;TRUJILLO;2024-01-16;1;1;1;NO APLICA;1
SEC03463;2;2016-11-07;8;3;PERÚ;2;EDUCADORES DE CALLE;AREQUIPA;AREQUIPA;MIRAFLORES;2024-01-16;1;1;1;NO APLICA;1
SEC03464;2;2015-03-11;10;3;PERÚ;2;EDUCADORES DE CALLE;LA LIBERTAD;TRUJILLO;TRUJILLO;2024-01-16;1;1;1;NO APLICA;1
SEC03465;1;2017-03-30;8;3;PERÚ;2;EDUCADORES DE CALLE;LA LIBERTAD;TRUJILLO;TRUJILLO;2024-01-16;1;1;1;NO APLICA;1
SEC03466;1;2017-07-08;7;3;PERÚ;2;EDUCADORES DE CALLE;PUNO;SAN ROMAN;JULIACA;2024-01-16;1;1;1;NO APLICA;1
SEC03467;1;2008-07-29;16;4;PERÚ;2;EDUCADORES DE CALLE;PUNO;SAN ROMAN;JULIACA;2024-01-17;1;1;1;NO APLICA;2
SEC03468;1;2008-09-09;16;4;PERÚ;2;EDUCADORES DE CALLE;LIMA;HUARAL;HUARAL;2024-01-17;1;1;1;NO APLICA;2
SEC03469;1;2009-03-14;16;4;PERÚ;2;EDUCADORES DE CALLE;PUNO;SAN ROMAN;JULIACA;2024-01-17;1;1;1;NO APLICA;2
SEC03470;2;2009-12-02;15;4;PERÚ;2;EDUCADORES DE CALLE;PUNO;SAN ROMAN;JULIACA;2024-01-17;1;1;1;NO APLICA;2
SEC03471;1;2008-10-22;16;4;PERÚ;2;EDUCADORES DE CALLE;PUNO;SAN ROMAN;JULIACA;2024-01-17;1;1;1;NO APLICA;2
SEC03472;2;2010-07-09;14;4;PERÚ;2;EDUCADORES DE CALLE;LIMA;HUARAL;HUARAL;2024-01-17;1;1;1;NO APLICA;2
SEC03473;1;2011-11-30;13;4;PERÚ;2;EDUCADORES DE CALLE;PUNO;SAN ROMAN;JULIACA;2024-01-17;1;1;1;NO APLICA;2
SEC03474;1;2011-01-15;14;4;PERÚ;2;EDUCADORES DE CALLE;CAJAMARCA;CAJAMARCA;CAJAMARCA;2024-01-17;1;1;1;NO APLICA;2
SEC03475;1;2011-02-16;14;4;PERÚ;2;EDUCADORES DE CALLE;PUNO;SAN ROMAN;JULIACA;2024-01-17;1;1;1;NO APLICA;2
SEC03476;1;2014-10-28;10;3;PERÚ;2;EDUCADORES DE CALLE;CAJAMARCA;CAJAMARCA;CAJAMARCA;2024-01-17;1;1;1;NO APLICA;2
SEC03477;1;2008-12-16;16;4;PERÚ;2;EDUCADORES DE CALLE;PUNO;SAN ROMAN;JULIACA;2024-01-17;1;1;1;NO APLICA;2
SEC03478;2;2015-11-29;9;3;PERÚ;2;EDUCADORES DE CALLE;PUNO;SAN ROMAN;JULIACA;2024-01-17;1;1;1;NO APLICA;2
SEC03479;2;2016-03-20;9;3;PERÚ;2;EDUCADORES DE CALLE;PUNO;SAN ROMAN;JULIACA;2024-01-17;1;1;1;NO APLICA;2
SEC03480;1;2016-05-31;8;3;PERÚ;2;EDUCADORES DE CALLE;LIMA;LIMA;CHORRILLOS;2024-01-17;2;1;1;NO APLICA;2
SEC03481;1;2013-04-20;12;4;PERÚ;2;EDUCADORES DE CALLE;PUNO;SAN ROMAN;JULIACA;2024-01-17;1;1;1;NO APLICA;2
SEC03482;1;2018-02-10;7;3;PERÚ;2;EDUCADORES DE CALLE;PUNO;SAN ROMAN;JULIACA;2024-01-17;1;1;1;NO APLICA;1
SEC03483;2;2018-08-21;6;3;PERÚ;2;EDUCADORES DE CALLE;LIMA;LIMA;CHORRILLOS;2024-01-17;2;1;1;NO APLICA;2
SEC03484;1;2007-07-20;17;4;PERÚ;2;EDUCADORES DE CALLE;PUNO;SAN ROMAN;JULIACA;2024-01-18;1;1;1;NO APLICA;2
SEC03485;2;2009-08-04;15;4;PERÚ;2;EDUCADORES DE CALLE;LA LIBERTAD;TRUJILLO;TRUJILLO;2024-01-18;1;1;1;NO APLICA;2
SEC03486;1;2010-06-30;14;4;PERÚ;2;EDUCADORES DE CALLE;PUNO;SAN ROMAN;JULIACA;2024-01-18;1;1;1;NO APLICA;2
SEC03487;2;2012-03-18;13;4;PERÚ;2;EDUCADORES DE CALLE;PUNO;SAN ROMAN;JULIACA;2024-01-18;1;1;1;NO APLICA;2
SEC03488;1;2011-06-22;13;4;PERÚ;2;EDUCADORES DE CALLE;LA LIBERTAD;TRUJILLO;TRUJILLO;2024-01-18;1;1;1;NO APLICA;2
SEC03489;1;2008-09-03;16;4;PERÚ;2;EDUCADORES DE CALLE;LIMA;LIMA;INDEPENDENCIA;2024-01-18;1;1;1;NO APLICA;2
SEC03490;2;2011-05-20;13;4;PERÚ;2;EDUCADORES DE CALLE;LIMA;LIMA;ATE;2024-01-18;1;1;1;NO APLICA;2
SEC03491;2;2009-01-29;16;4;PERÚ;2;EDUCADORES DE CALLE;LIMA;LIMA;INDEPENDENCIA;2024-01-18;1;1;1;NO APLICA;2
SEC03492;1;2010-10-29;14;4;PERÚ;2;EDUCADORES DE CALLE;LA LIBERTAD;TRUJILLO;TRUJILLO;2024-01-19;1;1;1;NO APLICA;2
SEC03493;1;2013-08-18;11;3;PERÚ;2;EDUCADORES DE CALLE;LIMA;LIMA;ATE;2024-01-19;1;1;1;NO APLICA;2
SEC03494;1;2011-12-03;13;4;PERÚ;2;EDUCADORES DE CALLE;LA LIBERTAD;TRUJILLO;TRUJILLO;2024-01-19;1;1;1;NO APLICA;2
SEC03495;1;2021-07-22;3;2;PERÚ;2;EDUCADORES DE CALLE;LIMA;LIMA;LIMA;2024-01-19;2;1;1;NO APLICA;2
SEC03496;1;2017-02-21;8;3;VENEZUELA;2;EDUCADORES DE CALLE;LIMA;LIMA;SAN MARTIN DE PORRES;2024-01-19;1;5;1;NO APLICA;2
SEC03497;2;2019-11-04;5;2;VENEZUELA;2;EDUCADORES DE CALLE;LIMA;LIMA;SAN MARTIN DE PORRES;2024-01-19;1;5;1;NO APLICA;2
SEC03498;2;2021-03-28;4;2;VENEZUELA;2;EDUCADORES DE CALLE;LIMA;LIMA;SAN MARTIN DE PORRES;2024-01-19;1;5;1;NO APLICA;2
SEC03499;2;2008-12-17;16;4;PERÚ;2;EDUCADORES DE CALLE;AYACUCHO;HUAMANGA;SAN JUAN BAUTISTA;2024-01-20;1;1;1;NO APLICA;1
SEC03500;2;2010-08-02;14;4;PERÚ;2;EDUCADORES DE CALLE;AYACUCHO;HUAMANGA;SAN JUAN BAUTISTA;2024-01-20;1;1;1;NO APLICA;1
SEC03501;1;2010-09-18;14;4;PERÚ;2;EDUCADORES DE CALLE;AREQUIPA;AREQUIPA;CERRO COLORADO;2024-01-20;1;1;1;NO APLICA;1
SEC03502;2;2015-02-15;10;3;PERÚ;2;EDUCADORES DE CALLE;AREQUIPA;AREQUIPA;CERRO COLORADO;2024-01-20;1;1;1;NO APLICA;1
SEC03503;2;2015-05-13;9;3;PERÚ;2;EDUCADORES DE CALLE;LIMA;LIMA;ATE;2024-01-20;1;1;1;NO APLICA;2
SEC03504;2;2014-01-09;11;3;PERÚ;2;EDUCADORES DE CALLE;AYACUCHO;HUAMANGA;SAN JUAN BAUTISTA;2024-01-20;1;1;1;NO APLICA;1
SEC03505;1;2009-04-30;16;4;PERÚ;2;EDUCADORES DE CALLE;AREQUIPA;AREQUIPA;JOSE LUIS BUSTAMANTE Y RIVERO;2024-01-21;1;1;1;NO APLICA;1
SEC03506;2;2016-09-18;8;3;PERÚ;2;EDUCADORES DE CALLE;AREQUIPA;AREQUIPA;JOSE LUIS BUSTAMANTE Y RIVERO;2024-01-21;1;1;1;NO APLICA;1
SEC03507;1;2014-02-10;11;3;PERÚ;2;EDUCADORES DE CALLE;CAJAMARCA;CAJAMARCA;CAJAMARCA;2024-01-22;1;1;1;NO APLICA;2
SEC03508;1;2016-06-25;8;3;PERÚ;2;EDUCADORES DE CALLE;LAMBAYEQUE;CHICLAYO;CHICLAYO;2024-01-23;1;1;1;NO APLICA;2
SEC03509;2;2012-02-05;13;4;PERÚ;2;EDUCADORES DE CALLE;TACNA;TACNA;CIUDAD NUEVA;2024-01-23;1;1;1;NO APLICA;1
SEC03510;1;2007-08-16;17;4;PERÚ;1;EDUCADORES DE CALLE;MOQUEGUA;MARISCAL NIETO;MOQUEGUA;2024-01-23;1;1;1;NO APLICA;1
SEC03511;1;2008-04-29;17;4;PERÚ;2;EDUCADORES DE CALLE;LA LIBERTAD;TRUJILLO;TRUJILLO;2024-01-23;1;1;1;NO APLICA;2
SEC03512;1;2009-07-22;15;4;PERÚ;2;EDUCADORES DE CALLE;LA LIBERTAD;TRUJILLO;TRUJILLO;2024-01-23;1;1;1;NO APLICA;2
SEC03513;1;2012-01-28;13;4;PERÚ;2;EDUCADORES DE CALLE;LAMBAYEQUE;CHICLAYO;CHICLAYO;2024-01-23;1;1;1;NO APLICA;1
SEC03514;1;2011-05-31;13;4;PERÚ;2;EDUCADORES DE CALLE;LA LIBERTAD;TRUJILLO;TRUJILLO;2024-01-23;1;1;1;NO APLICA;2
SEC03515;1;2016-06-25;8;3;PERÚ;2;EDUCADORES DE CALLE;LAMBAYEQUE;CHICLAYO;CHICLAYO;2024-01-23;1;1;1;NO APLICA;1
SEC03516;1;2008-10-23;16;4;PERÚ;2;EDUCADORES DE CALLE;LIMA;LIMA;ATE;2024-01-24;1;1;1;NO APLICA;2
SEC03517;2;2008-11-06;16;4;PERÚ;2;EDUCADORES DE CALLE;PUNO;SAN ROMAN;JULIACA;2024-01-24;1;1;1;NO APLICA;2
SEC03518;1;2011-05-25;13;4;PERÚ;2;EDUCADORES DE CALLE;CAJAMARCA;CAJAMARCA;CAJAMARCA;2024-01-24;1;1;2;2025-02-21;2
SEC03519;1;2011-04-21;14;4;PERÚ;2;EDUCADORES DE CALLE;LIMA;LIMA;ATE;2024-01-24;1;1;1;NO APLICA;2
SEC03520;1;2011-04-20;14;4;PERÚ;2;EDUCADORES DE CALLE;LA LIBERTAD;TRUJILLO;TRUJILLO;2024-01-24;1;1;1;NO APLICA;2
SEC03521;1;2013-08-09;11;3;PERÚ;2;EDUCADORES DE CALLE;LA LIBERTAD;TRUJILLO;TRUJILLO;2024-01-24;1;1;1;NO APLICA;2
SEC03522;2;2014-01-22;11;3;PERÚ;2;EDUCADORES DE CALLE;PUNO;SAN ROMAN;JULIACA;2024-01-24;1;1;1;NO APLICA;2
SEC03523;1;2015-06-09;9;3;PERÚ;2;EDUCADORES DE CALLE;LAMBAYEQUE;CHICLAYO;CHICLAYO;2024-01-24;1;1;1;NO APLICA;1
SEC03524;1;2015-08-24;9;3;PERÚ;2;EDUCADORES DE CALLE;LIMA;LIMA;ATE;2024-01-24;1;1;1;NO APLICA;2
SEC03525;2;2016-02-01;9;3;PERÚ;2;EDUCADORES DE CALLE;LIMA;HUARAL;HUARAL;2024-01-24;1;1;1;NO APLICA;2
SEC03526;1;2019-10-16;5;2;PERÚ;2;EDUCADORES DE CALLE;LIMA;LIMA;ATE;2024-01-24;1;1;1;NO APLICA;2
SEC03527;1;2020-02-26;5;2;PERÚ;2;EDUCADORES DE CALLE;LIMA;LIMA;ATE;2024-01-24;2;1;1;NO APLICA;2
SEC03528;2;2021-05-21;3;2;PERÚ;2;EDUCADORES DE CALLE;LIMA;LIMA;ATE;2024-01-24;2;1;1;NO APLICA;2
SEC03529;2;2010-04-24;15;4;PERÚ;2;EDUCADORES DE CALLE;HUÁNUCO;HUÁNUCO;HUÁNUCO;2024-01-25;1;1;1;NO APLICA;2
SEC03530;1;2011-02-24;14;4;PERÚ;2;EDUCADORES DE CALLE;TACNA;TACNA;CIUDAD NUEVA;2024-01-25;1;1;1;NO APLICA;1
SEC03531;2;2012-04-19;13;4;PERÚ;2;EDUCADORES DE CALLE;HUÁNUCO;HUÁNUCO;HUÁNUCO;2024-01-25;1;1;1;NO APLICA;1
SEC03532;1;2011-12-07;13;4;PERÚ;2;EDUCADORES DE CALLE;ICA;ICA;ICA;2024-01-25;1;1;1;NO APLICA;2
SEC03533;1;2010-07-06;14;4;PERÚ;2;EDUCADORES DE CALLE;HUÁNUCO;HUÁNUCO;HUÁNUCO;2024-01-25;1;1;1;NO APLICA;1
SEC03534;2;2013-02-13;12;4;PERÚ;2;EDUCADORES DE CALLE;HUÁNUCO;HUÁNUCO;HUÁNUCO;2024-01-25;1;1;1;NO APLICA;2
SEC03535;1;2013-04-05;12;4;PERÚ;2;EDUCADORES DE CALLE;LIMA;LIMA;SAN MARTIN DE PORRES;2024-01-25;1;1;1;NO APLICA;2
SEC03536;1;2013-11-25;11;3;PERÚ;2;EDUCADORES DE CALLE;HUÁNUCO;HUÁNUCO;HUÁNUCO;2024-01-25;1;1;1;NO APLICA;1
SEC03537;2;2014-02-23;11;3;PERÚ;2;EDUCADORES DE CALLE;HUÁNUCO;HUÁNUCO;HUÁNUCO;2024-01-25;1;1;1;NO APLICA;1
SEC03538;2;2014-05-15;10;3;PERÚ;2;EDUCADORES DE CALLE;PUNO;PUNO;PUNO;2024-01-25;1;1;1;NO APLICA;1
SEC03539;2;2014-11-30;10;3;PERÚ;2;EDUCADORES DE CALLE;ICA;ICA;ICA;2024-01-25;1;1;1;NO APLICA;2
SEC03540;2;2016-04-16;9;3;PERÚ;2;EDUCADORES DE CALLE;HUÁNUCO;HUÁNUCO;HUÁNUCO;2024-01-25;1;1;1;NO APLICA;1
SEC03541;2;2017-01-29;8;3;PERÚ;2;EDUCADORES DE CALLE;PUNO;PUNO;PUNO;2024-01-25;1;1;1;NO APLICA;1
SEC03542;2;2018-05-10;6;3;PERÚ;2;EDUCADORES DE CALLE;HUÁNUCO;HUÁNUCO;HUÁNUCO;2024-01-25;1;1;1;NO APLICA;2
SEC03543;2;2006-11-23;18;5;PERÚ;2;EDUCADORES DE CALLE;LIMA;LIMA;ATE;2024-01-26;1;1;1;NO APLICA;2
SEC03544;2;2009-04-05;16;4;PERÚ;1;EDUCADORES DE CALLE;CAJAMARCA;JAÉN;JAÉN;2024-01-26;1;1;1;NO APLICA;1
SEC03545;2;2014-08-01;10;3;PERÚ;2;EDUCADORES DE CALLE;JUNÍN;HUANCAYO;HUANCAYO;2024-01-26;1;1;1;NO APLICA;1
SEC03546;2;2012-11-21;12;4;PERÚ;2;EDUCADORES DE CALLE;CAJAMARCA;JAÉN;JAÉN;2024-01-26;1;1;1;NO APLICA;1
SEC03547;1;2011-05-23;13;4;PERÚ;2;EDUCADORES DE CALLE;CAJAMARCA;JAÉN;JAÉN;2024-01-26;1;1;1;NO APLICA;1
SEC03548;1;2011-07-04;13;4;PERÚ;2;EDUCADORES DE CALLE;CAJAMARCA;JAÉN;JAÉN;2024-01-26;1;1;1;NO APLICA;2
SEC03549;2;2009-04-07;16;4;PERÚ;2;EDUCADORES DE CALLE;LIMA;LIMA;ATE;2024-01-26;1;1;1;NO APLICA;2
SEC03550;2;2011-12-05;13;4;PERÚ;2;EDUCADORES DE CALLE;LIMA;LIMA;ATE;2024-01-26;1;1;1;NO APLICA;2
SEC03551;2;2012-12-05;12;4;PERÚ;2;EDUCADORES DE CALLE;CAJAMARCA;JAÉN;JAÉN;2024-01-26;1;2;1;NO APLICA;2
SEC03552;2;2013-01-08;12;4;PERÚ;2;EDUCADORES DE CALLE;CAJAMARCA;JAÉN;JAÉN;2024-01-26;1;1;1;NO APLICA;1
SEC03553;1;2013-10-01;11;3;PERÚ;2;EDUCADORES DE CALLE;CAJAMARCA;JAÉN;JAÉN;2024-01-26;1;1;1;NO APLICA;2
SEC03554;1;2013-10-31;11;3;PERÚ;2;EDUCADORES DE CALLE;CAJAMARCA;JAÉN;JAÉN;2024-01-26;1;1;1;NO APLICA;2
SEC03555;2;2011-06-27;13;4;PERÚ;2;EDUCADORES DE CALLE;CAJAMARCA;JAÉN;JAÉN;2024-01-26;1;1;1;NO APLICA;2
SEC03556;1;2014-02-04;11;3;PERÚ;2;EDUCADORES DE CALLE;CAJAMARCA;JAÉN;JAÉN;2024-01-26;1;1;1;NO APLICA;2
SEC03557;1;2014-03-05;11;3;PERÚ;2;EDUCADORES DE CALLE;CAJAMARCA;JAÉN;JAÉN;2024-01-26;1;1;1;NO APLICA;2
SEC03558;2;2014-06-04;10;3;PERÚ;2;EDUCADORES DE CALLE;CAJAMARCA;JAÉN;JAÉN;2024-01-26;1;1;1;NO APLICA;2
SEC03559;1;2014-08-07;10;3;PERÚ;2;EDUCADORES DE CALLE;CAJAMARCA;JAÉN;JAÉN;2024-01-26;1;1;1;NO APLICA;2
SEC03560;1;2014-08-09;10;3;PERÚ;2;EDUCADORES DE CALLE;CAJAMARCA;JAÉN;JAÉN;2024-01-26;1;2;1;NO APLICA;2
SEC03561;2;2015-04-20;10;3;PERÚ;2;EDUCADORES DE CALLE;CAJAMARCA;JAÉN;JAÉN;2024-01-26;1;1;1;NO APLICA;2
SEC03562;1;2015-06-24;9;3;PERÚ;2;EDUCADORES DE CALLE;CAJAMARCA;JAÉN;JAÉN;2024-01-26;1;1;1;NO APLICA;2
SEC03563;2;2011-03-26;14;4;PERÚ;1;EDUCADORES DE CALLE;CAJAMARCA;JAÉN;JAÉN;2024-01-26;1;1;1;NO APLICA;2
SEC03564;2;2012-04-21;13;4;PERÚ;2;EDUCADORES DE CALLE;CAJAMARCA;JAÉN;JAÉN;2024-01-26;1;1;1;NO APLICA;2
SEC03565;1;2015-07-23;9;3;PERÚ;2;EDUCADORES DE CALLE;CAJAMARCA;JAÉN;JAÉN;2024-01-26;1;1;1;NO APLICA;1
SEC03566;2;2015-11-25;9;3;PERÚ;2;EDUCADORES DE CALLE;CAJAMARCA;JAÉN;JAÉN;2024-01-26;1;1;1;NO APLICA;2
SEC03567;2;2016-04-11;9;3;PERÚ;2;EDUCADORES DE CALLE;CUSCO;CUSCO;CUSCO;2024-01-26;1;1;1;NO APLICA;1
SEC03568;2;2016-04-04;9;3;PERÚ;2;EDUCADORES DE CALLE;CAJAMARCA;JAÉN;JAÉN;2024-01-26;1;1;1;NO APLICA;2
SEC03569;2;2016-12-04;8;3;PERÚ;2;EDUCADORES DE CALLE;CAJAMARCA;JAÉN;JAÉN;2024-01-26;1;1;1;NO APLICA;2
SEC03570;1;2012-10-18;12;4;PERÚ;2;EDUCADORES DE CALLE;CAJAMARCA;JAÉN;JAÉN;2024-01-26;1;1;1;NO APLICA;1
SEC03571;2;2012-09-09;12;4;PERÚ;2;EDUCADORES DE CALLE;CAJAMARCA;JAÉN;JAÉN;2024-01-26;1;1;1;NO APLICA;2
SEC03572;1;2017-05-08;7;3;PERÚ;2;EDUCADORES DE CALLE;CAJAMARCA;JAÉN;JAÉN;2024-01-26;1;1;1;NO APLICA;2
SEC03573;2;2018-07-12;6;3;PERÚ;2;EDUCADORES DE CALLE;CAJAMARCA;JAÉN;JAÉN;2024-01-26;1;1;1;NO APLICA;2
SEC03574;1;2018-09-19;6;3;PERÚ;2;EDUCADORES DE CALLE;CAJAMARCA;JAÉN;JAÉN;2024-01-26;1;1;1;NO APLICA;1
SEC03575;1;2019-01-26;6;3;PERÚ;2;EDUCADORES DE CALLE;CAJAMARCA;JAÉN;JAÉN;2024-01-26;1;2;1;NO APLICA;1
SEC03576;1;2017-12-24;7;3;PERÚ;2;EDUCADORES DE CALLE;CAJAMARCA;JAÉN;JAÉN;2024-01-26;1;1;1;NO APLICA;2
SEC03577;1;2023-05-04;1;2;PERÚ;2;EDUCADORES DE CALLE;LIMA;CALLAO;VENTANILLA;2024-01-26;2;1;1;NO APLICA;2
SEC03578;1;2023-10-09;1;2;PERÚ;2;EDUCADORES DE CALLE;LIMA;CALLAO;VENTANILLA;2024-01-26;2;1;1;NO APLICA;2
SEC03579;1;2008-11-04;16;4;PERÚ;2;EDUCADORES DE CALLE;LA LIBERTAD;TRUJILLO;TRUJILLO;2024-01-27;1;1;2;2025-01-24;2
SEC03580;2;2012-11-02;12;4;PERÚ;2;EDUCADORES DE CALLE;JUNÍN;CHUPACA;CHUPACA;2024-01-29;1;1;1;NO APLICA;1
SEC03581;2;2008-04-20;17;4;PERÚ;2;EDUCADORES DE CALLE;LAMBAYEQUE;CHICLAYO;CHICLAYO;2024-01-29;1;1;1;NO APLICA;1
SEC03582;2;2014-12-31;10;3;PERÚ;2;EDUCADORES DE CALLE;JUNÍN;CHUPACA;CHUPACA;2024-01-29;1;1;1;NO APLICA;1
SEC03583;1;2015-04-17;10;3;PERÚ;1;EDUCADORES DE CALLE;LAMBAYEQUE;CHICLAYO;CHICLAYO;2024-01-29;2;1;1;NO APLICA;1
SEC03584;2;2009-05-16;15;4;PERÚ;2;EDUCADORES DE CALLE;LIMA;LIMA;PUENTE PIEDRA;2024-01-30;1;5;1;NO APLICA;2
SEC03585;2;2007-03-27;18;5;PERÚ;2;EDUCADORES DE CALLE;PASCO;PASCO;CHAUPIMARCA;2024-01-30;1;5;1;NO APLICA;2
SEC03586;2;2009-07-08;15;4;PERÚ;2;EDUCADORES DE CALLE;LIMA;LIMA;VILLA EL SALVADOR;2024-01-30;3;5;1;NO APLICA;2
SEC03587;1;2010-04-29;15;4;PERÚ;2;EDUCADORES DE CALLE;PASCO;PASCO;CHAUPIMARCA;2024-01-30;1;1;1;NO APLICA;2
SEC03588;1;2010-09-12;14;4;PERÚ;2;EDUCADORES DE CALLE;JUNÍN;HUANCAYO;HUANCAYO;2024-01-30;1;1;1;NO APLICA;1
SEC03589;1;2009-03-22;16;4;PERÚ;2;EDUCADORES DE CALLE;LIMA;LIMA;VILLA MARIA DEL TRIUNFO;2024-01-30;1;1;1;NO APLICA;2
SEC03590;1;2020-01-10;5;2;PERÚ;2;EDUCADORES DE CALLE;LIMA;LIMA;VILLA EL SALVADOR;2024-01-30;3;5;1;NO APLICA;2
SEC03591;1;2008-09-04;16;4;PERÚ;2;EDUCADORES DE CALLE;LIMA;LIMA;PUENTE PIEDRA;2024-01-30;1;1;1;NO APLICA;2
SEC03592;2;2008-11-13;16;4;PERÚ;2;EDUCADORES DE CALLE;LIMA;LIMA;VILLA MARIA DEL TRIUNFO;2024-01-30;1;1;1;NO APLICA;2
SEC03593;1;2010-05-06;14;4;PERÚ;2;EDUCADORES DE CALLE;LIMA;LIMA;VILLA MARIA DEL TRIUNFO;2024-01-30;1;1;1;NO APLICA;2
SEC03594;1;2009-04-03;16;4;PERÚ;2;EDUCADORES DE CALLE;LIMA;LIMA;SAN BORJA;2024-01-30;1;1;1;NO APLICA;2
SEC03595;1;2012-04-28;13;4;PERÚ;2;EDUCADORES DE CALLE;LIMA;LIMA;SURQUILLO;2024-01-30;3;1;1;NO APLICA;2
SEC03596;2;2012-05-22;12;4;PERÚ;2;EDUCADORES DE CALLE;LIMA;LIMA;SAN BORJA;2024-01-30;1;1;1;NO APLICA;2
SEC03597;1;2012-11-12;12;4;PERÚ;2;EDUCADORES DE CALLE;LIMA;LIMA;VILLA MARIA DEL TRIUNFO;2024-01-30;1;1;1;NO APLICA;2
SEC03598;1;2012-11-05;12;4;PERÚ;2;EDUCADORES DE CALLE;JUNÍN;HUANCAYO;HUANCAYO;2024-01-30;1;1;1;NO APLICA;1
SEC03599;2;2013-08-01;11;3;PERÚ;1;EDUCADORES DE CALLE;LIMA;LIMA;SAN JUAN DE LURIGANCHO;2024-01-30;2;2;1;NO APLICA;2
SEC03600;1;2014-04-19;11;3;PERÚ;2;EDUCADORES DE CALLE;LIMA;LIMA;SAN BORJA;2024-01-30;1;1;1;NO APLICA;2
SEC03601;1;2015-06-01;9;3;PERÚ;2;EDUCADORES DE CALLE;LIMA;LIMA;SAN JUAN DE LURIGANCHO;2024-01-30;2;2;1;NO APLICA;2
SEC03602;1;2015-08-02;9;3;PERÚ;2;EDUCADORES DE CALLE;LIMA;LIMA;VILLA MARIA DEL TRIUNFO;2024-01-30;1;1;1;NO APLICA;2
SEC03603;2;2016-11-04;8;3;PERÚ;2;EDUCADORES DE CALLE;JUNÍN;HUANCAYO;HUANCAYO;2024-01-30;1;1;1;NO APLICA;1
SEC03604;1;2013-10-06;11;3;PERÚ;2;EDUCADORES DE CALLE;PASCO;PASCO;CHAUPIMARCA;2024-01-30;1;1;1;NO APLICA;2
SEC03605;2;2013-07-31;11;3;PERÚ;2;EDUCADORES DE CALLE;JUNÍN;HUANCAYO;HUANCAYO;2024-01-30;1;1;1;NO APLICA;1
SEC03606;1;2017-07-31;7;3;PERÚ;2;EDUCADORES DE CALLE;LIMA;LIMA;VILLA MARIA DEL TRIUNFO;2024-01-30;1;1;1;NO APLICA;2
SEC03607;1;2007-08-13;17;4;PERÚ;1;EDUCADORES DE CALLE;LIMA;LIMA;SAN BORJA;2024-01-30;1;1;1;NO APLICA;2
SEC03608;1;2020-09-17;4;2;PERÚ;2;EDUCADORES DE CALLE;LIMA;LIMA;SURQUILLO;2024-01-30;2;1;1;NO APLICA;2
SEC03609;1;2019-03-04;6;3;PERÚ;2;EDUCADORES DE CALLE;LIMA;LIMA;SAN JUAN DE LURIGANCHO;2024-01-30;2;1;1;NO APLICA;2
SEC03610;1;2013-10-22;11;3;PERÚ;2;EDUCADORES DE CALLE;LIMA;LIMA;SAN MARTIN DE PORRES;2024-01-30;1;1;1;NO APLICA;2
SEC03611;1;2010-01-24;15;4;PERÚ;2;EDUCADORES DE CALLE;LIMA;LIMA;SAN MARTIN DE PORRES;2024-01-30;1;1;1;NO APLICA;2
SEC03612;1;2006-11-28;18;5;PERÚ;2;EDUCADORES DE CALLE;LIMA;LIMA;SAN MARTIN DE PORRES;2024-01-30;1;1;1;NO APLICA;2
SEC03613;1;2012-09-10;12;4;PERÚ;2;EDUCADORES DE CALLE;AREQUIPA;AREQUIPA;AREQUIPA;2024-01-31;1;1;1;NO APLICA;2
SEC03614;2;2012-03-04;13;4;PERÚ;2;EDUCADORES DE CALLE;JUNÍN;HUANCAYO;HUANCAYO;2024-01-31;1;5;1;NO APLICA;2
SEC03615;2;2010-05-25;14;4;PERÚ;2;EDUCADORES DE CALLE;LIMA;LIMA;CARABAYLLO;2024-01-31;1;1;1;NO APLICA;2
SEC03616;1;2014-08-08;10;3;PERÚ;2;EDUCADORES DE CALLE;LIMA;LIMA;CARABAYLLO;2024-01-31;1;1;1;NO APLICA;2
SEC03617;1;2014-10-02;10;3;PERÚ;2;EDUCADORES DE CALLE;AREQUIPA;AREQUIPA;AREQUIPA;2024-01-31;1;1;1;NO APLICA;2
SEC03618;1;2018-02-01;7;3;PERÚ;2;EDUCADORES DE CALLE;AREQUIPA;AREQUIPA;AREQUIPA;2024-01-31;1;1;1;NO APLICA;1
SEC03619;1;2013-11-06;11;3;PERÚ;2;EDUCADORES DE CALLE;LIMA;LIMA;CARABAYLLO;2024-01-31;1;1;1;NO APLICA;2
SEC03620;2;2009-02-09;16;4;PERÚ;2;EDUCADORES DE CALLE;AYACUCHO;HUAMANGA;SAN JUAN BAUTISTA;2024-02-01;1;1;1;NO APLICA;2
SEC03621;2;2017-07-14;7;3;PERÚ;2;EDUCADORES DE CALLE;HUÁNUCO;HUÁNUCO;HUÁNUCO;2024-02-01;1;1;1;NO APLICA;1
SEC03622;2;2011-03-06;14;4;PERÚ;2;EDUCADORES DE CALLE;LIMA;LIMA;SAN JUAN DE LURIGANCHO;2024-02-02;1;1;1;NO APLICA;1
SEC03623;1;2012-08-09;12;4;PERÚ;2;EDUCADORES DE CALLE;LIMA;LIMA;SAN JUAN DE LURIGANCHO;2024-02-02;1;1;1;NO APLICA;1
SEC03624;1;2013-06-18;11;3;PERÚ;2;EDUCADORES DE CALLE;LIMA;LIMA;SAN JUAN DE LURIGANCHO;2024-02-02;1;1;1;NO APLICA;1
SEC03625;1;2015-09-22;9;3;PERÚ;2;EDUCADORES DE CALLE;LIMA;LIMA;SAN JUAN DE LURIGANCHO;2024-02-02;1;1;1;NO APLICA;1
SEC03626;1;2010-11-20;14;4;PERÚ;2;EDUCADORES DE CALLE;LA LIBERTAD;TRUJILLO;TRUJILLO;2024-02-05;1;1;1;NO APLICA;2
SEC03627;2;2011-10-12;13;4;PERÚ;2;EDUCADORES DE CALLE;LIMA;HUARAL;HUARAL;2024-02-06;1;1;1;NO APLICA;1
SEC03628;1;2013-01-16;12;4;PERÚ;2;EDUCADORES DE CALLE;LAMBAYEQUE;CHICLAYO;CHICLAYO;2024-02-06;1;1;2;2025-01-20;2
SEC03629;2;2013-11-20;11;3;PERÚ;2;EDUCADORES DE CALLE;LIMA;HUARAL;HUARAL;2024-02-06;1;1;1;NO APLICA;1
SEC03630;1;2010-07-27;14;4;PERÚ;1;EDUCADORES DE CALLE;LAMBAYEQUE;CHICLAYO;CHICLAYO;2024-02-06;1;1;1;NO APLICA;2
SEC03631;2;2015-10-28;9;3;PERÚ;2;EDUCADORES DE CALLE;LIMA;HUARAL;HUARAL;2024-02-06;1;1;1;NO APLICA;1
SEC03632;1;2013-09-19;11;3;PERÚ;2;EDUCADORES DE CALLE;CAJAMARCA;CAJAMARCA;CAJAMARCA;2024-02-06;1;1;1;NO APLICA;2
SEC03633;1;2009-05-06;15;4;PERÚ;2;EDUCADORES DE CALLE;LA LIBERTAD;TRUJILLO;TRUJILLO;2024-02-07;1;1;2;2025-01-24;2
SEC03634;1;2008-12-11;16;4;PERÚ;2;EDUCADORES DE CALLE;LA LIBERTAD;TRUJILLO;TRUJILLO;2024-02-08;1;1;1;NO APLICA;2
SEC03635;1;2009-06-12;15;4;PERÚ;2;EDUCADORES DE CALLE;LIMA;LIMA;ATE;2024-02-08;3;1;1;NO APLICA;2
SEC03636;1;2013-10-05;11;3;PERÚ;2;EDUCADORES DE CALLE;LIMA;LIMA;SAN JUAN DE MIRAFLORES;2024-02-08;1;1;1;NO APLICA;2
SEC03637;1;2017-11-19;7;3;PERÚ;2;EDUCADORES DE CALLE;LIMA;LIMA;INDEPENDENCIA;2024-02-09;1;1;1;NO APLICA;2
SEC03638;2;2011-02-13;14;4;PERÚ;2;EDUCADORES DE CALLE;AREQUIPA;AREQUIPA;MIRAFLORES;2024-02-10;1;1;1;NO APLICA;2
SEC03639;1;2014-10-08;10;3;PERÚ;2;EDUCADORES DE CALLE;AREQUIPA;AREQUIPA;MIRAFLORES;2024-02-10;1;1;1;NO APLICA;2
SEC03640;1;2009-11-28;15;4;VENEZUELA;2;EDUCADORES DE CALLE;LIMA;LIMA;INDEPENDENCIA;2024-02-13;1;5;1;NO APLICA;2
SEC03641;2;2008-03-07;17;4;VENEZUELA;2;EDUCADORES DE CALLE;LIMA;LIMA;INDEPENDENCIA;2024-02-13;1;5;1;NO APLICA;2
SEC03642;1;2009-12-03;15;4;PERÚ;2;EDUCADORES DE CALLE;LA LIBERTAD;TRUJILLO;TRUJILLO;2024-02-13;1;1;1;NO APLICA;2
SEC03643;1;2010-06-04;14;4;PERÚ;2;EDUCADORES DE CALLE;LA LIBERTAD;TRUJILLO;TRUJILLO;2024-02-13;1;1;2;2025-01-22;2
SEC03644;2;2011-07-01;13;4;PERÚ;2;EDUCADORES DE CALLE;TUMBES;TUMBES;TUMBES;2024-02-13;1;1;1;NO APLICA;1
SEC03645;2;2011-12-29;13;4;PERÚ;2;EDUCADORES DE CALLE;LA LIBERTAD;TRUJILLO;TRUJILLO;2024-02-13;1;1;2;2025-01-22;2
SEC03646;2;2012-06-15;12;4;PERÚ;2;EDUCADORES DE CALLE;TUMBES;TUMBES;TUMBES;2024-02-13;1;1;1;NO APLICA;1
SEC03647;1;2015-04-17;10;3;PERÚ;2;EDUCADORES DE CALLE;TUMBES;TUMBES;TUMBES;2024-02-13;1;1;1;NO APLICA;1
SEC03648;2;2016-05-19;8;3;PERÚ;2;EDUCADORES DE CALLE;TUMBES;TUMBES;TUMBES;2024-02-13;1;1;1;NO APLICA;1
SEC03649;1;2014-04-16;11;3;PERÚ;2;EDUCADORES DE CALLE;TUMBES;TUMBES;TUMBES;2024-02-13;1;1;1;NO APLICA;1
SEC03650;2;2017-12-24;7;3;VENEZUELA;2;EDUCADORES DE CALLE;TUMBES;TUMBES;TUMBES;2024-02-13;1;1;1;NO APLICA;1
SEC03651;1;2010-10-17;14;4;PERÚ;2;EDUCADORES DE CALLE;MOQUEGUA;ILO;ILO;2024-02-14;1;1;1;NO APLICA;2
SEC03652;2;2012-06-03;12;4;PERÚ;2;EDUCADORES DE CALLE;MOQUEGUA;ILO;ILO;2024-02-14;1;1;1;NO APLICA;2
SEC03653;1;2015-02-10;10;3;PERÚ;2;EDUCADORES DE CALLE;MOQUEGUA;ILO;ILO;2024-02-14;1;1;1;NO APLICA;2
SEC03654;2;2018-08-06;6;3;COLOMBIA;2;EDUCADORES DE CALLE;LIMA;LIMA;CHORRILLOS;2024-02-14;1;5;1;NO APLICA;2
SEC03655;2;2017-05-17;7;3;VENEZUELA;2;EDUCADORES DE CALLE;LIMA;LIMA;CHORRILLOS;2024-02-14;1;5;1;NO APLICA;2
SEC03656;2;2009-08-04;15;4;PERÚ;2;EDUCADORES DE CALLE;TACNA;TACNA;ALTO DE LA ALIANZA;2024-02-15;1;1;1;NO APLICA;1
SEC03657;1;2008-08-12;16;4;PERÚ;2;EDUCADORES DE CALLE;LA LIBERTAD;TRUJILLO;TRUJILLO;2024-02-15;1;1;1;NO APLICA;2
SEC03658;2;2010-06-24;14;4;PERÚ;2;EDUCADORES DE CALLE;TUMBES;TUMBES;TUMBES;2024-02-15;1;1;1;NO APLICA;2
SEC03659;1;2010-01-28;15;4;PERÚ;2;EDUCADORES DE CALLE;LA LIBERTAD;TRUJILLO;TRUJILLO;2024-02-15;1;1;1;NO APLICA;2
SEC03660;1;2009-02-25;16;4;PERÚ;2;EDUCADORES DE CALLE;LA LIBERTAD;TRUJILLO;TRUJILLO;2024-02-15;1;1;1;NO APLICA;2
SEC03661;1;2010-11-11;14;4;PERÚ;1;EDUCADORES DE CALLE;LIMA;LIMA;EL AGUSTINO;2024-02-15;3;1;1;NO APLICA;2
SEC03662;1;2011-03-22;14;4;PERÚ;2;EDUCADORES DE CALLE;LA LIBERTAD;TRUJILLO;TRUJILLO;2024-02-15;1;1;1;NO APLICA;2
SEC03663;1;2012-06-28;12;4;PERÚ;2;EDUCADORES DE CALLE;LIMA;LIMA;EL AGUSTINO;2024-02-15;3;1;1;NO APLICA;2
SEC03664;1;2015-09-02;9;3;PERÚ;2;EDUCADORES DE CALLE;LIMA;LIMA;EL AGUSTINO;2024-02-15;3;1;1;NO APLICA;2
SEC03665;2;2013-08-21;11;3;PERÚ;2;EDUCADORES DE CALLE;TUMBES;TUMBES;TUMBES;2024-02-15;1;1;1;NO APLICA;2
SEC03666;1;2014-11-14;10;3;PERÚ;2;EDUCADORES DE CALLE;TUMBES;TUMBES;TUMBES;2024-02-15;1;1;1;NO APLICA;2
SEC03667;1;2017-05-19;7;3;PERÚ;2;EDUCADORES DE CALLE;TUMBES;TUMBES;TUMBES;2024-02-15;1;1;1;NO APLICA;2
SEC03668;2;2008-06-20;16;4;PERÚ;2;EDUCADORES DE CALLE;CUSCO;CUSCO;CUSCO;2024-02-16;1;1;1;NO APLICA;1
SEC03670;1;2010-01-11;15;4;PERÚ;2;EDUCADORES DE CALLE;LA LIBERTAD;TRUJILLO;TRUJILLO;2024-02-18;1;1;1;NO APLICA;2
SEC03671;2;2008-10-03;16;4;PERÚ;2;EDUCADORES DE CALLE;TUMBES;ZARUMILLA;PAPAYAL;2024-02-19;1;1;1;NO APLICA;2
SEC03672;2;2010-07-10;14;4;PERÚ;2;EDUCADORES DE CALLE;TUMBES;ZARUMILLA;PAPAYAL;2024-02-19;1;1;1;NO APLICA;2
SEC03673;1;2009-11-19;15;4;PERÚ;2;EDUCADORES DE CALLE;CAJAMARCA;CAJAMARCA;CAJAMARCA;2024-02-19;1;1;2;2025-05-23;1
SEC03674;1;2015-12-18;9;3;PERÚ;2;EDUCADORES DE CALLE;TUMBES;ZARUMILLA;PAPAYAL;2024-02-19;1;1;1;NO APLICA;2
SEC03675;1;2013-02-08;12;4;PERÚ;2;EDUCADORES DE CALLE;TUMBES;ZARUMILLA;PAPAYAL;2024-02-19;1;1;1;NO APLICA;2
SEC03676;2;2010-02-04;15;4;PERÚ;2;EDUCADORES DE CALLE;TACNA;TACNA;ALTO DE LA ALIANZA;2024-02-20;1;1;1;NO APLICA;2
SEC03677;1;2010-01-31;15;4;PERÚ;2;EDUCADORES DE CALLE;LIMA;LIMA;ATE;2024-02-20;1;1;1;NO APLICA;2
SEC03678;2;2011-04-12;14;4;PERÚ;2;EDUCADORES DE CALLE;LIMA;LIMA;ATE;2024-02-20;1;1;1;NO APLICA;2
SEC03679;2;2018-10-27;6;3;PERÚ;2;EDUCADORES DE CALLE;LIMA;LIMA;ATE;2024-02-20;2;2;1;NO APLICA;2
SEC03680;1;2008-11-08;16;4;PERÚ;2;EDUCADORES DE CALLE;LA LIBERTAD;TRUJILLO;TRUJILLO;2024-02-20;1;1;1;NO APLICA;2
SEC03681;1;2009-05-24;15;4;PERÚ;2;EDUCADORES DE CALLE;PUNO;SAN ROMAN;JULIACA;2024-02-21;1;2;1;NO APLICA;1
SEC03682;1;2010-06-01;14;4;PERÚ;2;EDUCADORES DE CALLE;LA LIBERTAD;TRUJILLO;TRUJILLO;2024-02-21;1;1;2;2025-01-24;2
SEC03683;1;2013-02-15;12;4;PERÚ;2;EDUCADORES DE CALLE;HUANCAVELICA;HUANCAVELICA;ASCENSION;2024-02-21;1;1;1;NO APLICA;2
SEC03684;1;2011-08-19;13;4;PERÚ;2;EDUCADORES DE CALLE;TACNA;TACNA;CORONEL GREGORIO ALBARRACIN LANCHIPA;2024-02-21;1;1;1;NO APLICA;2
SEC03685;1;2012-07-03;12;4;PERÚ;2;EDUCADORES DE CALLE;LA LIBERTAD;TRUJILLO;TRUJILLO;2024-02-21;1;1;2;2025-01-24;2
SEC03686;2;2012-07-19;12;4;PERÚ;2;EDUCADORES DE CALLE;PUNO;SAN ROMAN;JULIACA;2024-02-21;1;2;1;NO APLICA;1
SEC03687;2;2008-04-27;17;4;PERÚ;2;EDUCADORES DE CALLE;HUANCAVELICA;HUANCAVELICA;ASCENSION;2024-02-21;1;1;1;NO APLICA;2
SEC03688;1;2011-07-09;13;4;PERÚ;2;EDUCADORES DE CALLE;HUANCAVELICA;HUANCAVELICA;HUANCAVELICA;2024-02-21;1;1;1;NO APLICA;2
SEC03689;1;2012-01-20;13;4;PERÚ;2;EDUCADORES DE CALLE;LIMA;LIMA;SAN JUAN DE LURIGANCHO;2024-02-21;2;1;1;NO APLICA;2
SEC03690;1;2012-03-24;13;4;PERÚ;2;EDUCADORES DE CALLE;LA LIBERTAD;TRUJILLO;TRUJILLO;2024-02-21;1;1;1;NO APLICA;2
SEC03691;1;2012-10-03;12;4;PERÚ;2;EDUCADORES DE CALLE;HUANCAVELICA;HUANCAVELICA;ASCENSION;2024-02-21;1;1;1;NO APLICA;2
SEC03692;1;2010-01-28;15;4;PERÚ;2;EDUCADORES DE CALLE;LA LIBERTAD;TRUJILLO;TRUJILLO;2024-02-21;1;1;1;NO APLICA;2
SEC03693;1;2013-03-30;12;4;PERÚ;2;EDUCADORES DE CALLE;TACNA;TACNA;CORONEL GREGORIO ALBARRACIN LANCHIPA;2024-02-21;1;1;1;NO APLICA;2
SEC03694;1;2016-10-20;8;3;PERÚ;2;EDUCADORES DE CALLE;LIMA;LIMA;INDEPENDENCIA;2024-02-22;1;5;1;NO APLICA;2
SEC03695;2;2008-01-27;17;4;PERÚ;2;EDUCADORES DE CALLE;LIMA;LIMA;ATE;2024-02-22;1;1;1;NO APLICA;2
SEC03696;2;2008-12-03;16;4;PERÚ;2;EDUCADORES DE CALLE;TUMBES;ZARUMILLA;PAPAYAL;2024-02-22;1;1;1;NO APLICA;2
SEC03697;1;2010-04-25;15;4;PERÚ;2;EDUCADORES DE CALLE;TUMBES;ZARUMILLA;PAPAYAL;2024-02-22;1;1;1;NO APLICA;2
SEC03698;1;2010-01-12;15;4;PERÚ;2;EDUCADORES DE CALLE;TUMBES;ZARUMILLA;PAPAYAL;2024-02-22;1;1;1;NO APLICA;2
SEC03699;1;2011-03-04;14;4;PERÚ;1;EDUCADORES DE CALLE;PUNO;SAN ROMAN;JULIACA;2024-02-22;1;1;1;NO APLICA;1
SEC03700;2;2010-10-27;14;4;PERÚ;2;EDUCADORES DE CALLE;HUANCAVELICA;HUANCAVELICA;HUANCAVELICA;2024-02-22;1;1;1;NO APLICA;1
SEC03701;1;2011-09-13;13;4;PERÚ;2;EDUCADORES DE CALLE;LIMA;LIMA;ATE;2024-02-22;1;1;1;NO APLICA;2
SEC03702;1;2011-11-12;13;4;PERÚ;2;EDUCADORES DE CALLE;LIMA;LIMA;ATE;2024-02-22;1;1;1;NO APLICA;2
SEC03703;1;2012-05-28;12;4;PERÚ;2;EDUCADORES DE CALLE;HUANCAVELICA;HUANCAVELICA;HUANCAVELICA;2024-02-22;1;1;1;NO APLICA;1
SEC03704;1;2013-03-11;12;4;PERÚ;2;EDUCADORES DE CALLE;PIURA;SULLANA;SULLANA;2024-02-22;1;1;1;NO APLICA;1
SEC03705;1;2013-06-19;11;3;PERÚ;2;EDUCADORES DE CALLE;LIMA;HUARAL;HUARAL;2024-02-22;2;1;1;NO APLICA;1
SEC03706;2;2013-12-15;11;3;PERÚ;2;EDUCADORES DE CALLE;HUANCAVELICA;HUANCAVELICA;HUANCAVELICA;2024-02-22;1;1;1;NO APLICA;1
SEC03707;2;2013-12-28;11;3;PERÚ;2;EDUCADORES DE CALLE;LIMA;LIMA;ATE;2024-02-22;1;1;1;NO APLICA;2
SEC03708;1;2015-06-20;9;3;PERÚ;2;EDUCADORES DE CALLE;LIMA;LIMA;SAN JUAN DE LURIGANCHO;2024-02-22;2;1;1;NO APLICA;2
SEC03709;2;2015-10-11;9;3;PERÚ;2;EDUCADORES DE CALLE;TUMBES;ZARUMILLA;PAPAYAL;2024-02-22;1;1;1;NO APLICA;2
SEC03710;2;2017-02-16;8;3;PERÚ;2;EDUCADORES DE CALLE;LIMA;HUARAL;HUARAL;2024-02-22;2;1;1;NO APLICA;1
SEC03711;1;2017-12-01;7;3;PERÚ;2;EDUCADORES DE CALLE;LIMA;LIMA;ATE;2024-02-22;1;1;1;NO APLICA;2
SEC03712;1;2018-09-06;6;3;PERÚ;2;EDUCADORES DE CALLE;HUANCAVELICA;HUANCAVELICA;HUANCAVELICA;2024-02-22;1;1;1;NO APLICA;1
SEC03713;2;2018-08-27;6;3;PERÚ;2;EDUCADORES DE CALLE;LIMA;LIMA;ATE;2024-02-22;2;1;1;NO APLICA;2
SEC03714;2;2019-03-01;6;3;PERÚ;2;EDUCADORES DE CALLE;HUANCAVELICA;HUANCAVELICA;HUANCAVELICA;2024-02-22;1;1;1;NO APLICA;1
SEC03715;1;2010-08-25;14;4;PERÚ;2;EDUCADORES DE CALLE;MOQUEGUA;MARISCAL NIETO;MOQUEGUA;2024-02-23;1;1;1;NO APLICA;1
SEC03716;2;2008-12-21;16;4;PERÚ;2;EDUCADORES DE CALLE;LIMA;LIMA;ATE;2024-02-23;1;1;1;NO APLICA;2
SEC03717;2;2008-05-05;16;4;PERÚ;2;EDUCADORES DE CALLE;LIMA;HUARAL;HUARAL;2024-02-23;1;1;1;NO APLICA;1
SEC03718;2;2009-08-20;15;4;PERÚ;2;EDUCADORES DE CALLE;CAJAMARCA;CAJAMARCA;CAJAMARCA;2024-02-23;1;1;1;NO APLICA;1
SEC03719;1;2007-06-05;17;4;PERÚ;2;EDUCADORES DE CALLE;AREQUIPA;AREQUIPA;JOSE LUIS BUSTAMANTE Y RIVERO;2024-02-23;1;1;1;NO APLICA;2
SEC03720;2;2010-08-29;14;4;PERÚ;2;EDUCADORES DE CALLE;PIURA;SULLANA;SULLANA;2024-02-23;1;1;1;NO APLICA;1
SEC03721;2;2012-07-04;12;4;PERÚ;2;EDUCADORES DE CALLE;AYACUCHO;HUAMANGA;AYACUCHO;2024-02-23;1;1;1;NO APLICA;2
SEC03722;2;2013-04-12;12;4;PERÚ;2;EDUCADORES DE CALLE;CAJAMARCA;CAJAMARCA;CAJAMARCA;2024-02-23;1;1;1;NO APLICA;1
SEC03723;1;2013-08-05;11;3;PERÚ;2;EDUCADORES DE CALLE;LIMA;HUARAL;HUARAL;2024-02-23;1;1;1;NO APLICA;1
SEC03724;1;2014-03-16;11;3;PERÚ;2;EDUCADORES DE CALLE;PIURA;PIURA;PIURA;2024-02-23;1;1;1;NO APLICA;2
SEC03725;1;2015-05-01;9;3;VENEZUELA;2;EDUCADORES DE CALLE;LIMA;LIMA;INDEPENDENCIA;2024-02-23;1;2;1;NO APLICA;2
SEC03726;2;2018-09-26;6;3;PERÚ;2;EDUCADORES DE CALLE;PIURA;PIURA;PIURA;2024-02-23;1;1;1;NO APLICA;2
SEC03727;1;2016-06-20;8;3;PERÚ;2;EDUCADORES DE CALLE;PIURA;SULLANA;SULLANA;2024-02-23;1;1;1;NO APLICA;1
SEC03728;2;2014-07-14;10;3;PERÚ;2;EDUCADORES DE CALLE;AYACUCHO;HUAMANGA;AYACUCHO;2024-02-23;1;1;1;NO APLICA;2
SEC03729;2;2014-07-21;10;3;PERÚ;2;EDUCADORES DE CALLE;PIURA;SULLANA;SULLANA;2024-02-23;1;1;1;NO APLICA;1
SEC03730;1;2014-09-15;10;3;PERÚ;2;EDUCADORES DE CALLE;AREQUIPA;AREQUIPA;JOSE LUIS BUSTAMANTE Y RIVERO;2024-02-23;1;1;1;NO APLICA;2
SEC03731;2;2017-09-19;7;3;PERÚ;2;EDUCADORES DE CALLE;LIMA;LIMA;ATE;2024-02-23;2;1;1;NO APLICA;2
SEC03732;1;2017-02-23;8;3;PERÚ;2;EDUCADORES DE CALLE;AREQUIPA;AREQUIPA;JOSE LUIS BUSTAMANTE Y RIVERO;2024-02-23;1;1;1;NO APLICA;2
SEC03733;1;2009-09-23;15;4;PERÚ;2;EDUCADORES DE CALLE;CAJAMARCA;CAJAMARCA;CAJAMARCA;2024-02-24;1;1;2;2025-05-23;1
SEC03734;1;2009-09-23;15;4;PERÚ;2;EDUCADORES DE CALLE;ICA;ICA;ICA;2024-02-25;1;1;1;NO APLICA;2
SEC03735;1;2012-07-15;12;4;PERÚ;2;EDUCADORES DE CALLE;ICA;ICA;ICA;2024-02-25;1;1;1;NO APLICA;2
SEC03736;1;2014-12-30;10;3;PERÚ;2;EDUCADORES DE CALLE;ICA;ICA;ICA;2024-02-25;1;1;1;NO APLICA;2
SEC03737;2;2015-05-06;9;3;PERÚ;2;EDUCADORES DE CALLE;ICA;ICA;ICA;2024-02-25;1;1;1;NO APLICA;2
SEC03738;1;2016-07-01;8;3;PERÚ;2;EDUCADORES DE CALLE;ICA;ICA;ICA;2024-02-25;1;1;1;NO APLICA;2
SEC03739;2;2015-03-08;10;3;PERÚ;2;EDUCADORES DE CALLE;ICA;ICA;ICA;2024-02-25;1;1;1;NO APLICA;2
SEC03740;2;2016-09-11;8;3;PERÚ;2;EDUCADORES DE CALLE;ICA;ICA;ICA;2024-02-25;1;1;1;NO APLICA;2
SEC03741;1;2016-11-12;8;3;PERÚ;2;EDUCADORES DE CALLE;LA LIBERTAD;TRUJILLO;TRUJILLO;2024-02-25;1;1;2;2025-04-23;2
SEC03742;1;2017-07-17;7;3;PERÚ;2;EDUCADORES DE CALLE;ICA;ICA;ICA;2024-02-25;1;1;1;NO APLICA;2
SEC03743;1;2017-07-19;7;3;PERÚ;2;EDUCADORES DE CALLE;LA LIBERTAD;TRUJILLO;TRUJILLO;2024-02-25;1;1;2;2025-01-24;2
SEC03744;2;2007-01-23;18;5;PERÚ;2;EDUCADORES DE CALLE;AREQUIPA;AREQUIPA;AREQUIPA;2024-02-26;1;1;2;2025-01-23;2
SEC03745;2;2006-07-24;18;5;PERÚ;2;EDUCADORES DE CALLE;LIMA;CALLAO;VENTANILLA;2024-02-26;1;1;1;NO APLICA;2
SEC03746;2;2006-07-24;18;5;PERÚ;2;EDUCADORES DE CALLE;LIMA;CALLAO;VENTANILLA;2024-02-26;1;1;1;NO APLICA;2
SEC03747;2;2008-11-15;16;4;PERÚ;2;EDUCADORES DE CALLE;LIMA;CALLAO;VENTANILLA;2024-02-26;1;1;1;NO APLICA;2
SEC03748;1;2010-05-21;14;4;PERÚ;2;EDUCADORES DE CALLE;CAJAMARCA;CAJAMARCA;CAJAMARCA;2024-02-26;1;1;1;NO APLICA;1
SEC03749;2;2010-01-28;15;4;PERÚ;2;EDUCADORES DE CALLE;JUNÍN;HUANCAYO;HUANCAYO;2024-02-26;1;1;1;NO APLICA;2
SEC03750;2;2010-08-04;14;4;PERÚ;1;EDUCADORES DE CALLE;LIMA;CALLAO;VENTANILLA;2024-02-26;1;1;1;NO APLICA;2
SEC03751;2;2010-12-01;14;4;PERÚ;2;EDUCADORES DE CALLE;AREQUIPA;AREQUIPA;AREQUIPA;2024-02-26;1;1;1;NO APLICA;1
SEC03752;2;2008-03-26;17;4;PERÚ;2;EDUCADORES DE CALLE;JUNÍN;HUANCAYO;HUANCAYO;2024-02-26;1;1;1;NO APLICA;2
SEC03753;1;2011-09-24;13;4;PERÚ;2;EDUCADORES DE CALLE;AREQUIPA;AREQUIPA;AREQUIPA;2024-02-26;1;1;1;NO APLICA;2
SEC03754;1;2011-12-23;13;4;PERÚ;2;EDUCADORES DE CALLE;AREQUIPA;AREQUIPA;AREQUIPA;2024-02-26;1;1;1;NO APLICA;2
SEC03755;2;2012-08-30;12;4;PERÚ;2;EDUCADORES DE CALLE;AREQUIPA;AREQUIPA;JOSE LUIS BUSTAMANTE Y RIVERO;2024-02-26;1;1;1;NO APLICA;2
SEC03756;2;2011-11-01;13;4;PERÚ;2;EDUCADORES DE CALLE;CAJAMARCA;CAJAMARCA;CAJAMARCA;2024-02-26;1;1;1;NO APLICA;1
SEC03757;1;2014-03-17;11;3;PERÚ;2;EDUCADORES DE CALLE;AREQUIPA;AREQUIPA;AREQUIPA;2024-02-26;1;1;1;NO APLICA;2
SEC03758;1;2016-02-27;9;3;PERÚ;2;EDUCADORES DE CALLE;JUNÍN;HUANCAYO;HUANCAYO;2024-02-26;1;1;1;NO APLICA;2
SEC03759;1;2013-01-28;12;4;PERÚ;2;EDUCADORES DE CALLE;AREQUIPA;AREQUIPA;AREQUIPA;2024-02-26;1;1;1;NO APLICA;2
SEC03760;2;2017-02-09;8;3;PERÚ;2;EDUCADORES DE CALLE;AREQUIPA;AREQUIPA;AREQUIPA;2024-02-26;1;1;1;NO APLICA;2
SEC03761;2;2017-03-20;8;3;PERÚ;2;EDUCADORES DE CALLE;AREQUIPA;AREQUIPA;AREQUIPA;2024-02-26;1;1;1;NO APLICA;2
SEC03762;2;2017-11-08;7;3;PERÚ;2;EDUCADORES DE CALLE;AREQUIPA;AREQUIPA;AREQUIPA;2024-02-26;1;1;1;NO APLICA;2
SEC03763;2;2013-02-09;12;4;PERÚ;2;EDUCADORES DE CALLE;LIMA;LIMA;VILLA MARIA DEL TRIUNFO;2024-02-27;1;1;1;NO APLICA;2
SEC03764;2;2013-04-01;12;4;PERÚ;2;EDUCADORES DE CALLE;LIMA;LIMA;VILLA MARIA DEL TRIUNFO;2024-02-27;1;1;1;NO APLICA;2
SEC03765;1;2007-10-29;17;4;PERÚ;2;EDUCADORES DE CALLE;CUSCO;CUSCO;CUSCO;2024-02-27;3;2;1;NO APLICA;2
SEC03766;1;2008-10-04;16;4;PERÚ;2;EDUCADORES DE CALLE;CUSCO;CUSCO;CUSCO;2024-02-27;3;1;1;NO APLICA;2
SEC03767;1;2010-03-08;15;4;PERÚ;2;EDUCADORES DE CALLE;PIURA;SULLANA;SULLANA;2024-02-27;1;1;1;NO APLICA;1
SEC03768;1;2009-08-07;15;4;PERÚ;2;EDUCADORES DE CALLE;PIURA;PIURA;PIURA;2024-02-27;1;1;1;NO APLICA;2
SEC03769;2;2008-08-13;16;4;PERÚ;2;EDUCADORES DE CALLE;LIMA;LIMA;VILLA MARIA DEL TRIUNFO;2024-02-27;1;1;1;NO APLICA;2
SEC03770;1;2013-01-19;12;4;PERÚ;2;EDUCADORES DE CALLE;LIMA;LIMA;SURQUILLO;2024-02-27;1;1;1;NO APLICA;2
SEC03771;1;2013-12-17;11;3;PERÚ;2;EDUCADORES DE CALLE;HUÁNUCO;HUÁNUCO;HUÁNUCO;2024-02-27;1;1;1;NO APLICA;2
SEC03772;2;2014-07-01;10;3;PERÚ;2;EDUCADORES DE CALLE;LIMA;LIMA;SURQUILLO;2024-02-27;1;1;1;NO APLICA;2
SEC03773;1;2014-09-27;10;3;PERÚ;2;EDUCADORES DE CALLE;PIURA;PIURA;PIURA;2024-02-27;1;1;1;NO APLICA;2
SEC03774;1;2014-02-03;11;3;PERÚ;2;EDUCADORES DE CALLE;PIURA;PIURA;PIURA;2024-02-27;1;1;1;NO APLICA;2
SEC03775;2;2016-05-29;8;3;PERÚ;2;EDUCADORES DE CALLE;PIURA;PIURA;PIURA;2024-02-27;1;1;1;NO APLICA;2
SEC03776;1;2013-12-23;11;3;PERÚ;2;EDUCADORES DE CALLE;PIURA;SULLANA;SULLANA;2024-02-27;1;1;1;NO APLICA;1
SEC03777;1;2010-12-25;14;4;PERÚ;2;EDUCADORES DE CALLE;LIMA;LIMA;SURQUILLO;2024-02-27;1;1;1;NO APLICA;2
SEC03778;1;2016-05-05;8;3;PERÚ;2;EDUCADORES DE CALLE;PIURA;PIURA;PIURA;2024-02-27;1;1;1;NO APLICA;2
SEC03779;1;2010-01-10;15;4;PERÚ;2;EDUCADORES DE CALLE;CAJAMARCA;CAJAMARCA;CAJAMARCA;2024-02-27;1;1;1;NO APLICA;2
SEC03780;1;2020-07-25;4;2;PERÚ;2;EDUCADORES DE CALLE;LIMA;LIMA;VILLA MARIA DEL TRIUNFO;2024-02-27;1;1;1;NO APLICA;2
SEC03781;2;2007-12-15;17;4;PERÚ;2;EDUCADORES DE CALLE;HUÁNUCO;HUÁNUCO;PILLCO MARCA;2024-02-28;1;1;1;NO APLICA;2
SEC03782;2;2008-09-16;16;4;PERÚ;2;EDUCADORES DE CALLE;HUÁNUCO;HUÁNUCO;PILLCO MARCA;2024-02-28;1;1;1;NO APLICA;2
SEC03783;2;2007-11-14;17;4;PERÚ;2;EDUCADORES DE CALLE;HUÁNUCO;HUÁNUCO;PILLCO MARCA;2024-02-28;1;1;1;NO APLICA;2
SEC03784;1;2009-11-15;15;4;PERÚ;2;EDUCADORES DE CALLE;HUÁNUCO;HUÁNUCO;PILLCO MARCA;2024-02-28;1;1;1;NO APLICA;2
SEC03785;1;2009-11-03;15;4;PERÚ;2;EDUCADORES DE CALLE;HUÁNUCO;HUÁNUCO;PILLCO MARCA;2024-02-28;1;1;1;NO APLICA;2
SEC03786;1;2010-08-24;14;4;PERÚ;2;EDUCADORES DE CALLE;LIMA;LIMA;CHORRILLOS;2024-02-28;1;2;1;NO APLICA;1
SEC03787;1;2011-09-29;13;4;PERÚ;2;EDUCADORES DE CALLE;HUÁNUCO;HUÁNUCO;PILLCO MARCA;2024-02-28;1;1;1;NO APLICA;2
SEC03788;2;2011-11-01;13;4;PERÚ;2;EDUCADORES DE CALLE;HUÁNUCO;HUÁNUCO;PILLCO MARCA;2024-02-28;1;1;1;NO APLICA;2
SEC03789;1;2014-11-30;10;3;PERÚ;2;EDUCADORES DE CALLE;LIMA;LIMA;CHORRILLOS;2024-02-28;1;2;1;NO APLICA;2
SEC03790;2;2015-12-11;9;3;PERÚ;2;EDUCADORES DE CALLE;HUÁNUCO;HUÁNUCO;PILLCO MARCA;2024-02-28;1;1;1;NO APLICA;2
SEC03791;1;2016-09-07;8;3;PERÚ;2;EDUCADORES DE CALLE;HUÁNUCO;HUÁNUCO;PILLCO MARCA;2024-02-28;1;1;1;NO APLICA;2
SEC03792;2;2012-07-09;12;4;PERÚ;2;EDUCADORES DE CALLE;HUÁNUCO;HUÁNUCO;PILLCO MARCA;2024-02-28;1;1;1;NO APLICA;2
SEC03793;1;2017-09-25;7;3;PERÚ;2;EDUCADORES DE CALLE;HUÁNUCO;HUÁNUCO;PILLCO MARCA;2024-02-28;1;1;1;NO APLICA;2
SEC03794;2;2018-04-17;7;3;PERÚ;2;EDUCADORES DE CALLE;HUÁNUCO;HUÁNUCO;PILLCO MARCA;2024-02-28;1;1;1;NO APLICA;2
SEC03795;2;2020-01-14;5;2;PERÚ;2;EDUCADORES DE CALLE;HUÁNUCO;HUÁNUCO;PILLCO MARCA;2024-02-28;1;1;1;NO APLICA;2
SEC03796;2;2021-05-07;3;2;PERÚ;2;EDUCADORES DE CALLE;HUÁNUCO;HUÁNUCO;PILLCO MARCA;2024-02-28;1;1;1;NO APLICA;2
SEC03797;2;2011-10-28;13;4;PERÚ;2;EDUCADORES DE CALLE;PIURA;PIURA;CATACAOS;2024-02-29;1;1;1;NO APLICA;2
SEC03798;2;2015-06-18;9;3;PERÚ;2;EDUCADORES DE CALLE;LIMA;LIMA;CARABAYLLO;2024-02-29;1;1;1;NO APLICA;1
SEC03799;2;2015-10-31;9;3;PERÚ;2;EDUCADORES DE CALLE;JUNÍN;HUANCAYO;HUANCAYO;2024-02-29;1;1;1;NO APLICA;2
SEC03800;1;2010-04-25;15;4;PERÚ;2;EDUCADORES DE CALLE;HUÁNUCO;HUÁNUCO;HUÁNUCO;2024-03-01;1;1;1;NO APLICA;2
SEC03801;2;2012-09-12;12;4;PERÚ;2;EDUCADORES DE CALLE;HUÁNUCO;HUÁNUCO;HUÁNUCO;2024-03-01;1;1;1;NO APLICA;2
SEC03802;1;2012-06-04;12;4;PERÚ;2;EDUCADORES DE CALLE;PIURA;PIURA;CATACAOS;2024-03-01;1;1;1;NO APLICA;2
SEC03803;1;2011-07-18;13;4;PERÚ;2;EDUCADORES DE CALLE;PIURA;PIURA;PIURA;2024-03-01;1;1;1;NO APLICA;2
SEC03804;1;2013-09-16;11;3;PERÚ;2;EDUCADORES DE CALLE;PIURA;PIURA;CATACAOS;2024-03-01;1;1;1;NO APLICA;2
SEC03805;1;2017-08-22;7;3;PERÚ;2;EDUCADORES DE CALLE;HUÁNUCO;HUÁNUCO;HUÁNUCO;2024-03-01;1;1;1;NO APLICA;2
SEC03806;1;2017-03-06;8;3;PERÚ;2;EDUCADORES DE CALLE;PIURA;PIURA;CATACAOS;2024-03-01;1;1;1;NO APLICA;2
SEC03807;1;2009-10-29;15;4;PERÚ;2;EDUCADORES DE CALLE;LA LIBERTAD;TRUJILLO;TRUJILLO;2024-03-02;1;1;1;NO APLICA;2
SEC03808;2;2010-04-24;15;4;PERÚ;2;EDUCADORES DE CALLE;LA LIBERTAD;TRUJILLO;TRUJILLO;2024-03-02;1;1;1;NO APLICA;2
SEC03809;1;2013-07-06;11;3;PERÚ;2;EDUCADORES DE CALLE;LA LIBERTAD;TRUJILLO;TRUJILLO;2024-03-03;1;1;1;NO APLICA;2
SEC03810;2;2017-05-18;7;3;PERÚ;2;EDUCADORES DE CALLE;AREQUIPA;AREQUIPA;MIRAFLORES;2024-03-05;1;1;1;NO APLICA;2
SEC03811;1;2008-07-09;16;4;PERÚ;2;EDUCADORES DE CALLE;PIURA;PIURA;PIURA;2024-03-05;1;1;1;NO APLICA;2
SEC03812;1;2011-03-27;14;4;PERÚ;2;EDUCADORES DE CALLE;PIURA;PIURA;PIURA;2024-03-05;1;1;1;NO APLICA;2
SEC03813;2;2011-06-05;13;4;PERÚ;2;EDUCADORES DE CALLE;AREQUIPA;AREQUIPA;MIRAFLORES;2024-03-05;1;1;1;NO APLICA;2
SEC03814;1;2013-11-04;11;3;PERÚ;2;EDUCADORES DE CALLE;AREQUIPA;AREQUIPA;MIRAFLORES;2024-03-05;2;2;1;NO APLICA;2
SEC03815;1;2016-08-29;8;3;PERÚ;2;EDUCADORES DE CALLE;AREQUIPA;AREQUIPA;MIRAFLORES;2024-03-05;2;2;1;NO APLICA;2
SEC03816;1;2012-09-04;12;4;PERÚ;2;EDUCADORES DE CALLE;LIMA;LIMA;INDEPENDENCIA;2024-03-05;1;1;1;NO APLICA;2
SEC03817;1;2013-05-31;11;3;PERÚ;2;EDUCADORES DE CALLE;PUNO;SAN ROMAN;JULIACA;2024-03-05;1;1;1;NO APLICA;2
SEC03818;2;2017-04-10;8;3;PERÚ;2;EDUCADORES DE CALLE;AREQUIPA;AREQUIPA;MIRAFLORES;2024-03-05;1;1;1;NO APLICA;2
SEC03819;2;2017-05-18;7;3;PERÚ;2;EDUCADORES DE CALLE;AREQUIPA;AREQUIPA;MIRAFLORES;2024-03-05;1;1;1;NO APLICA;2
SEC03820;1;2017-12-27;7;3;PERÚ;2;EDUCADORES DE CALLE;PUNO;SAN ROMAN;JULIACA;2024-03-05;1;1;1;NO APLICA;2
SEC03821;1;2018-12-05;6;3;PERÚ;2;EDUCADORES DE CALLE;AREQUIPA;AREQUIPA;MIRAFLORES;2024-03-05;1;1;1;NO APLICA;2
SEC03822;1;2020-12-29;4;2;PERÚ;2;EDUCADORES DE CALLE;AREQUIPA;AREQUIPA;MIRAFLORES;2024-03-05;2;2;1;NO APLICA;2
SEC03823;2;2013-05-01;11;3;PERÚ;2;EDUCADORES DE CALLE;LIMA;HUARAL;HUARAL;2024-03-06;1;1;1;NO APLICA;2
SEC03824;2;2013-03-08;12;4;PERÚ;2;EDUCADORES DE CALLE;AYACUCHO;HUAMANGA;AYACUCHO;2024-03-07;1;1;1;NO APLICA;2
SEC03825;1;2012-10-29;12;4;PERÚ;2;EDUCADORES DE CALLE;LIMA;HUARAL;HUARAL;2024-03-08;1;1;1;NO APLICA;2
SEC03826;1;2009-04-27;16;4;PERÚ;2;EDUCADORES DE CALLE;LA LIBERTAD;TRUJILLO;TRUJILLO;2024-03-10;1;1;1;NO APLICA;2
SEC03827;1;2011-08-23;13;4;PERÚ;2;EDUCADORES DE CALLE;PUNO;SAN ROMAN;JULIACA;2024-03-12;1;1;1;NO APLICA;2
SEC03828;2;2018-09-23;6;3;PERÚ;2;EDUCADORES DE CALLE;LAMBAYEQUE;CHICLAYO;CHICLAYO;2024-03-12;2;1;1;NO APLICA;1
SEC03829;1;2007-11-03;17;4;PERÚ;2;EDUCADORES DE CALLE;PUNO;SAN ROMAN;JULIACA;2024-03-13;1;1;1;NO APLICA;2
SEC03830;1;2010-10-18;14;4;PERÚ;2;EDUCADORES DE CALLE;LA LIBERTAD;TRUJILLO;TRUJILLO;2024-03-13;1;1;1;NO APLICA;2
SEC03831;1;2011-03-15;14;4;PERÚ;2;EDUCADORES DE CALLE;LA LIBERTAD;TRUJILLO;TRUJILLO;2024-03-13;1;1;1;NO APLICA;2
SEC03832;1;2013-01-23;12;4;PERÚ;2;EDUCADORES DE CALLE;PUNO;SAN ROMAN;JULIACA;2024-03-13;1;1;1;NO APLICA;2
SEC03833;2;2015-10-03;9;3;PERÚ;2;EDUCADORES DE CALLE;MOQUEGUA;MARISCAL NIETO;MOQUEGUA;2024-03-13;1;2;1;NO APLICA;2
SEC03834;1;2016-03-10;9;3;PERÚ;2;EDUCADORES DE CALLE;LIMA;LIMA;EL AGUSTINO;2024-03-13;3;1;1;NO APLICA;2
SEC03835;1;2018-07-18;6;3;PERÚ;2;EDUCADORES DE CALLE;PUNO;SAN ROMAN;JULIACA;2024-03-13;2;1;1;NO APLICA;2
SEC03836;2;2009-09-13;15;4;PERÚ;2;EDUCADORES DE CALLE;PUNO;SAN ROMAN;JULIACA;2024-03-14;1;1;1;NO APLICA;2
SEC03837;1;2012-02-09;13;4;PERÚ;2;EDUCADORES DE CALLE;APURÍMAC;ABANCAY;ABANCAY;2024-03-14;1;1;1;NO APLICA;2
SEC03838;2;2009-04-13;16;4;PERÚ;2;EDUCADORES DE CALLE;APURÍMAC;ABANCAY;ABANCAY;2024-03-14;1;1;1;NO APLICA;2
SEC03839;1;2015-02-22;10;3;PERÚ;2;EDUCADORES DE CALLE;APURÍMAC;ABANCAY;ABANCAY;2024-03-14;1;1;1;NO APLICA;2
SEC03840;2;2015-03-18;10;3;PERÚ;2;EDUCADORES DE CALLE;LIMA;HUARAL;HUARAL;2024-03-14;1;1;1;NO APLICA;2
SEC03841;1;2008-08-10;16;4;PERÚ;2;EDUCADORES DE CALLE;LA LIBERTAD;TRUJILLO;TRUJILLO;2024-03-14;1;1;1;NO APLICA;2
SEC03842;2;2017-12-12;7;3;PERÚ;2;EDUCADORES DE CALLE;LIMA;HUARAL;HUARAL;2024-03-14;1;1;1;NO APLICA;2
SEC03843;1;2011-08-16;13;4;PERÚ;2;EDUCADORES DE CALLE;LA LIBERTAD;TRUJILLO;TRUJILLO;2024-03-15;1;1;1;NO APLICA;2
SEC03844;1;2013-02-09;12;4;PERÚ;2;EDUCADORES DE CALLE;AYACUCHO;HUAMANGA;AYACUCHO;2024-03-15;1;1;1;NO APLICA;2
SEC03845;2;2015-03-09;10;3;PERÚ;2;EDUCADORES DE CALLE;LIMA;LIMA;SAN JUAN DE LURIGANCHO;2024-03-17;3;1;1;NO APLICA;1
SEC03846;2;2012-01-02;13;4;PERÚ;2;EDUCADORES DE CALLE;AYACUCHO;HUAMANGA;AYACUCHO;2024-03-18;1;1;1;NO APLICA;2
SEC03847;2;2013-12-24;11;3;PERÚ;2;EDUCADORES DE CALLE;AYACUCHO;HUAMANGA;AYACUCHO;2024-03-18;1;1;1;NO APLICA;2
SEC03848;2;2016-11-02;8;3;PERÚ;2;EDUCADORES DE CALLE;AYACUCHO;HUAMANGA;AYACUCHO;2024-03-18;1;1;1;NO APLICA;2
SEC03849;1;2012-10-05;12;4;PERÚ;2;EDUCADORES DE CALLE;LIMA;LIMA;SAN JUAN DE LURIGANCHO;2024-03-18;3;1;1;NO APLICA;1
SEC03850;1;2012-10-05;12;4;PERÚ;2;EDUCADORES DE CALLE;LIMA;LIMA;SAN JUAN DE LURIGANCHO;2024-03-18;3;1;1;NO APLICA;1
SEC03851;2;2017-07-30;7;3;PERÚ;2;EDUCADORES DE CALLE;AYACUCHO;HUAMANGA;AYACUCHO;2024-03-18;1;1;1;NO APLICA;2
SEC03852;1;2017-10-29;7;3;PERÚ;2;EDUCADORES DE CALLE;AYACUCHO;HUAMANGA;AYACUCHO;2024-03-18;1;1;1;NO APLICA;2
SEC03853;1;2017-11-01;7;3;PERÚ;2;EDUCADORES DE CALLE;AYACUCHO;HUAMANGA;AYACUCHO;2024-03-18;1;1;1;NO APLICA;2
SEC03854;1;2012-05-17;12;4;VENEZUELA;2;EDUCADORES DE CALLE;LIMA;HUARAL;HUARAL;2024-03-19;1;1;1;NO APLICA;2
SEC03855;1;2008-07-22;16;4;PERÚ;2;EDUCADORES DE CALLE;UCAYALI;CORONEL PORTILLO;CALLERIA;2024-03-19;1;1;1;NO APLICA;2
SEC03856;2;2008-01-22;17;4;PERÚ;2;EDUCADORES DE CALLE;PIURA;PIURA;PIURA;2024-03-19;1;1;1;NO APLICA;2
SEC03857;1;2010-02-10;15;4;PERÚ;2;EDUCADORES DE CALLE;LA LIBERTAD;TRUJILLO;TRUJILLO;2024-03-19;1;1;1;NO APLICA;2
SEC03858;1;2009-12-23;15;4;PERÚ;2;EDUCADORES DE CALLE;LA LIBERTAD;TRUJILLO;TRUJILLO;2024-03-19;1;1;1;NO APLICA;2
SEC03859;2;2012-03-24;13;4;PERÚ;2;EDUCADORES DE CALLE;PIURA;PIURA;PIURA;2024-03-19;1;1;1;NO APLICA;2
SEC03860;1;2012-04-07;13;4;PERÚ;2;EDUCADORES DE CALLE;PIURA;PIURA;PIURA;2024-03-19;1;1;1;NO APLICA;1
SEC03861;1;2010-07-10;14;4;PERÚ;2;EDUCADORES DE CALLE;UCAYALI;CORONEL PORTILLO;CALLERIA;2024-03-19;1;1;1;NO APLICA;2
SEC03862;1;2014-07-03;10;3;PERÚ;2;EDUCADORES DE CALLE;PIURA;PIURA;PIURA;2024-03-19;1;1;1;NO APLICA;1
SEC03863;1;2015-11-19;9;3;PERÚ;2;EDUCADORES DE CALLE;LIMA;LIMA;EL AGUSTINO;2024-03-19;3;1;1;NO APLICA;2
SEC03864;2;2016-11-02;8;3;PERÚ;2;EDUCADORES DE CALLE;AYACUCHO;HUAMANGA;AYACUCHO;2024-03-19;1;1;1;NO APLICA;2
SEC03865;1;2016-12-03;8;3;PERÚ;2;EDUCADORES DE CALLE;LIMA;HUARAL;HUARAL;2024-03-19;1;1;1;NO APLICA;2
SEC03866;2;2012-09-22;12;4;PERÚ;2;EDUCADORES DE CALLE;APURÍMAC;ABANCAY;ABANCAY;2024-03-19;1;1;1;NO APLICA;2
SEC03867;1;2017-05-06;7;3;PERÚ;2;EDUCADORES DE CALLE;UCAYALI;CORONEL PORTILLO;CALLERIA;2024-03-19;1;1;1;NO APLICA;2
SEC03868;1;2017-09-26;7;3;PERÚ;2;EDUCADORES DE CALLE;PUNO;SAN ROMAN;JULIACA;2024-03-19;1;1;1;NO APLICA;2
SEC03869;1;2009-07-12;15;4;PERÚ;2;EDUCADORES DE CALLE;UCAYALI;CORONEL PORTILLO;CALLERIA;2024-03-19;1;1;1;NO APLICA;2
SEC03870;2;2014-08-22;10;3;PERÚ;2;EDUCADORES DE CALLE;UCAYALI;CORONEL PORTILLO;CALLERIA;2024-03-19;1;1;1;NO APLICA;2
SEC03871;1;2013-03-13;12;4;PERÚ;2;EDUCADORES DE CALLE;UCAYALI;CORONEL PORTILLO;CALLERIA;2024-03-19;1;1;1;NO APLICA;2
SEC03872;1;2013-04-21;12;4;PERÚ;2;EDUCADORES DE CALLE;UCAYALI;CORONEL PORTILLO;CALLERIA;2024-03-19;1;5;1;NO APLICA;2
SEC03873;1;2009-06-27;15;4;PERÚ;2;EDUCADORES DE CALLE;LIMA;LIMA;SAN JUAN DE LURIGANCHO;2024-03-20;3;1;1;NO APLICA;1
SEC03874;1;2006-10-04;18;5;PERÚ;2;EDUCADORES DE CALLE;LIMA;LIMA;INDEPENDENCIA;2024-03-20;1;1;1;NO APLICA;2
SEC03875;1;2008-07-26;16;4;PERÚ;2;EDUCADORES DE CALLE;LA LIBERTAD;TRUJILLO;TRUJILLO;2024-03-20;1;1;2;2025-01-24;2
SEC03876;1;2009-10-03;15;4;PERÚ;1;EDUCADORES DE CALLE;LIMA;LIMA;PUENTE PIEDRA;2024-03-20;1;1;1;NO APLICA;2
SEC03877;2;2008-04-28;17;4;PERÚ;2;EDUCADORES DE CALLE;LIMA;LIMA;PUENTE PIEDRA;2024-03-20;1;1;1;NO APLICA;2
SEC03878;1;2008-05-01;16;4;PERÚ;2;EDUCADORES DE CALLE;LIMA;LIMA;PUENTE PIEDRA;2024-03-20;1;1;1;NO APLICA;2
SEC03879;2;2011-06-05;13;4;PERÚ;2;EDUCADORES DE CALLE;LIMA;LIMA;PUENTE PIEDRA;2024-03-20;1;1;1;NO APLICA;2
SEC03880;2;2011-06-05;13;4;PERÚ;2;EDUCADORES DE CALLE;LIMA;LIMA;PUENTE PIEDRA;2024-03-20;1;1;1;NO APLICA;2
SEC03881;2;2011-07-03;13;4;PERÚ;2;EDUCADORES DE CALLE;LIMA;LIMA;PUENTE PIEDRA;2024-03-20;1;1;1;NO APLICA;2
SEC03882;1;2012-11-27;12;4;PERÚ;2;EDUCADORES DE CALLE;PUNO;SAN ROMAN;JULIACA;2024-03-20;1;1;1;NO APLICA;2
SEC03883;1;2013-11-22;11;3;PERÚ;2;EDUCADORES DE CALLE;PUNO;SAN ROMAN;JULIACA;2024-03-20;1;1;1;NO APLICA;2
SEC03884;2;2014-04-29;11;3;PERÚ;2;EDUCADORES DE CALLE;PUNO;SAN ROMAN;JULIACA;2024-03-20;1;1;1;NO APLICA;2
SEC03885;2;2014-11-07;10;3;PERÚ;2;EDUCADORES DE CALLE;LIMA;LIMA;PUENTE PIEDRA;2024-03-20;2;1;1;NO APLICA;2
SEC03886;2;2009-06-27;15;4;PERÚ;2;EDUCADORES DE CALLE;LIMA;LIMA;SAN JUAN DE LURIGANCHO;2024-03-20;3;1;2;2025-04-20;1
SEC03887;1;2017-10-09;7;3;PERÚ;2;EDUCADORES DE CALLE;PUNO;SAN ROMAN;JULIACA;2024-03-20;1;1;1;NO APLICA;2
SEC03888;1;2018-08-18;6;3;PERÚ;2;EDUCADORES DE CALLE;LIMA;LIMA;PUENTE PIEDRA;2024-03-20;2;1;1;NO APLICA;2
SEC03889;1;2010-09-21;14;4;PERÚ;2;EDUCADORES DE CALLE;PIURA;PIURA;PIURA;2024-03-20;1;1;1;NO APLICA;2
SEC03890;1;2008-12-14;16;4;PERÚ;2;EDUCADORES DE CALLE;LA LIBERTAD;TRUJILLO;TRUJILLO;2024-03-21;1;1;1;NO APLICA;2
SEC03891;1;2012-01-07;13;4;PERÚ;2;EDUCADORES DE CALLE;APURÍMAC;ABANCAY;ABANCAY;2024-03-21;1;1;1;NO APLICA;2
SEC03892;2;2011-01-26;14;4;PERÚ;2;EDUCADORES DE CALLE;PUNO;PUNO;PUNO;2024-03-21;1;1;1;NO APLICA;2
SEC03893;2;2011-10-13;13;4;PERÚ;1;EDUCADORES DE CALLE;LIMA;LIMA;SANTA ANITA;2024-03-21;3;1;1;NO APLICA;1
SEC03894;1;2013-02-04;12;4;PERÚ;2;EDUCADORES DE CALLE;PUNO;PUNO;PUNO;2024-03-21;1;1;1;NO APLICA;2
SEC03895;2;2014-02-09;11;3;PERÚ;2;EDUCADORES DE CALLE;CUSCO;CUSCO;CUSCO;2024-03-21;1;1;1;NO APLICA;1
SEC03896;2;2010-12-17;14;4;PERÚ;2;EDUCADORES DE CALLE;UCAYALI;CORONEL PORTILLO;CALLERIA;2024-03-21;1;1;1;NO APLICA;2
SEC03897;1;2015-07-01;9;3;PERÚ;2;EDUCADORES DE CALLE;LIMA;HUARAL;HUARAL;2024-03-21;1;1;1;NO APLICA;2
SEC03898;2;2015-09-14;9;3;PERÚ;2;EDUCADORES DE CALLE;UCAYALI;CORONEL PORTILLO;CALLERIA;2024-03-21;1;2;1;NO APLICA;2
SEC03899;1;2016-01-01;9;3;PERÚ;2;EDUCADORES DE CALLE;UCAYALI;CORONEL PORTILLO;CALLERIA;2024-03-21;1;1;1;NO APLICA;2
SEC03900;1;2016-09-16;8;3;PERÚ;2;EDUCADORES DE CALLE;PUNO;PUNO;PUNO;2024-03-21;1;1;1;NO APLICA;2
SEC03901;1;2017-11-05;7;3;PERÚ;2;EDUCADORES DE CALLE;UCAYALI;CORONEL PORTILLO;CALLERIA;2024-03-21;1;2;1;NO APLICA;2
SEC03902;1;2018-02-26;7;3;PERÚ;2;EDUCADORES DE CALLE;PUNO;PUNO;PUNO;2024-03-21;1;1;1;NO APLICA;2
SEC03903;1;2020-12-24;4;2;PERÚ;2;EDUCADORES DE CALLE;LIMA;LIMA;ATE;2024-03-21;2;1;1;NO APLICA;1
SEC03904;1;2021-11-05;3;2;PERÚ;2;EDUCADORES DE CALLE;LIMA;LIMA;ATE;2024-03-21;2;1;1;NO APLICA;1
SEC03905;1;2011-02-01;14;4;PERÚ;2;EDUCADORES DE CALLE;UCAYALI;CORONEL PORTILLO;CALLERIA;2024-03-21;1;1;1;NO APLICA;2
SEC03906;2;2018-07-11;6;3;PERÚ;2;EDUCADORES DE CALLE;UCAYALI;CORONEL PORTILLO;CALLERIA;2024-03-21;1;1;1;NO APLICA;2
SEC03907;1;2009-05-15;15;4;VENEZUELA;2;EDUCADORES DE CALLE;LIMA;LIMA;PUENTE PIEDRA;2024-03-22;1;5;1;NO APLICA;2
SEC03908;2;2007-08-06;17;4;PERÚ;2;EDUCADORES DE CALLE;MOQUEGUA;ILO;ILO;2024-03-22;1;1;1;NO APLICA;2
SEC03909;2;2008-01-08;17;4;PERÚ;2;EDUCADORES DE CALLE;LIMA;LIMA;SURQUILLO;2024-03-22;1;1;1;NO APLICA;2
SEC03910;1;2008-03-04;17;4;PERÚ;2;EDUCADORES DE CALLE;ANCASH;SANTA;CHIMBOTE;2024-03-22;1;1;1;NO APLICA;2
SEC03911;1;2008-12-27;16;4;PERÚ;2;EDUCADORES DE CALLE;UCAYALI;CORONEL PORTILLO;CALLERIA;2024-03-22;1;1;1;NO APLICA;2
SEC03912;2;2009-09-24;15;4;PERÚ;2;EDUCADORES DE CALLE;LA LIBERTAD;TRUJILLO;TRUJILLO;2024-03-22;1;1;1;NO APLICA;2
SEC03913;1;2010-02-01;15;4;PERÚ;2;EDUCADORES DE CALLE;PIURA;PIURA;PIURA;2024-03-22;1;1;1;NO APLICA;2
SEC03914;1;2012-07-02;12;4;PERÚ;2;EDUCADORES DE CALLE;PIURA;PIURA;PIURA;2024-03-22;1;1;1;NO APLICA;2
SEC03915;2;2011-06-19;13;4;PERÚ;2;EDUCADORES DE CALLE;LA LIBERTAD;TRUJILLO;TRUJILLO;2024-03-22;1;1;1;NO APLICA;2
SEC03916;2;2008-05-28;16;4;PERÚ;2;EDUCADORES DE CALLE;LIMA;LIMA;PUENTE PIEDRA;2024-03-22;1;1;1;NO APLICA;2
SEC03917;1;2011-02-01;14;4;PERÚ;2;EDUCADORES DE CALLE;LIMA;LIMA;SURQUILLO;2024-03-22;1;1;1;NO APLICA;2
SEC03918;2;2011-08-27;13;4;PERÚ;2;EDUCADORES DE CALLE;LIMA;LIMA;PUENTE PIEDRA;2024-03-22;1;1;1;NO APLICA;2
SEC03919;1;2013-04-11;12;4;PERÚ;2;EDUCADORES DE CALLE;LIMA;LIMA;PUENTE PIEDRA;2024-03-22;1;1;1;NO APLICA;2
SEC03920;1;2012-11-04;12;4;PERÚ;2;EDUCADORES DE CALLE;UCAYALI;CORONEL PORTILLO;CALLERIA;2024-03-22;1;1;1;NO APLICA;2
SEC03921;2;2013-11-07;11;3;PERÚ;2;EDUCADORES DE CALLE;LIMA;LIMA;SAN JUAN DE MIRAFLORES;2024-03-22;2;1;1;NO APLICA;2
SEC03922;2;2013-11-23;11;3;PERÚ;2;EDUCADORES DE CALLE;LA LIBERTAD;TRUJILLO;TRUJILLO;2024-03-22;1;1;1;NO APLICA;2
SEC03923;2;2013-12-09;11;3;PERÚ;2;EDUCADORES DE CALLE;LIMA;LIMA;INDEPENDENCIA;2024-03-22;1;1;1;NO APLICA;2
SEC03924;1;2013-10-12;11;3;PERÚ;2;EDUCADORES DE CALLE;UCAYALI;CORONEL PORTILLO;CALLERIA;2024-03-22;1;1;1;NO APLICA;2
SEC03925;1;2015-12-07;9;3;PERÚ;2;EDUCADORES DE CALLE;PIURA;PIURA;PIURA;2024-03-22;1;1;1;NO APLICA;2
SEC03926;2;2016-06-29;8;3;PERÚ;2;EDUCADORES DE CALLE;LIMA;LIMA;PUENTE PIEDRA;2024-03-22;1;1;1;NO APLICA;2
SEC03927;1;2011-10-08;13;4;PERÚ;2;EDUCADORES DE CALLE;LIMA;LIMA;SAN JUAN DE MIRAFLORES;2024-03-22;2;1;1;NO APLICA;2
SEC03928;2;2016-11-06;8;3;PERÚ;2;EDUCADORES DE CALLE;LIMA;LIMA;SURQUILLO;2024-03-22;1;1;1;NO APLICA;2
SEC03929;2;2013-01-27;12;4;PERÚ;2;EDUCADORES DE CALLE;PIURA;PIURA;PIURA;2024-03-22;1;1;1;NO APLICA;2
SEC03930;2;2017-06-08;7;3;PERÚ;2;EDUCADORES DE CALLE;LIMA;HUARAL;HUARAL;2024-03-22;1;1;1;NO APLICA;2
SEC03931;1;2018-01-19;7;3;PERÚ;2;EDUCADORES DE CALLE;ANCASH;SANTA;CHIMBOTE;2024-03-22;1;1;1;NO APLICA;2
SEC03932;1;2018-07-22;6;3;PERÚ;2;EDUCADORES DE CALLE;ANCASH;SANTA;CHIMBOTE;2024-03-22;1;1;1;NO APLICA;2
SEC03933;2;2008-08-21;16;4;PERÚ;2;EDUCADORES DE CALLE;UCAYALI;CORONEL PORTILLO;CALLERIA;2024-03-22;1;1;1;NO APLICA;2
SEC03934;1;2011-04-16;14;4;PERÚ;2;EDUCADORES DE CALLE;UCAYALI;CORONEL PORTILLO;CALLERIA;2024-03-22;1;1;1;NO APLICA;2
SEC03935;1;2016-05-06;8;3;PERÚ;2;EDUCADORES DE CALLE;UCAYALI;CORONEL PORTILLO;CALLERIA;2024-03-22;1;1;1;NO APLICA;2
SEC03936;2;2018-05-12;6;3;PERÚ;2;EDUCADORES DE CALLE;UCAYALI;CORONEL PORTILLO;CALLERIA;2024-03-22;1;1;1;NO APLICA;2
SEC03937;2;2014-07-16;10;3;PERÚ;2;EDUCADORES DE CALLE;UCAYALI;CORONEL PORTILLO;CALLERIA;2024-03-22;1;1;1;NO APLICA;2
SEC03938;2;2020-11-13;4;2;PERÚ;2;EDUCADORES DE CALLE;LIMA;LIMA;SAN MARTIN DE PORRES;2024-03-22;2;1;2;2025-04-18;2
SEC03939;2;2021-12-17;3;2;PERÚ;2;EDUCADORES DE CALLE;LIMA;LIMA;SURQUILLO;2024-03-22;2;1;1;NO APLICA;2
SEC03940;2;2022-10-23;2;2;PERÚ;2;EDUCADORES DE CALLE;LIMA;LIMA;INDEPENDENCIA;2024-03-22;2;1;1;NO APLICA;2
SEC03941;1;2012-08-06;12;4;PERÚ;2;EDUCADORES DE CALLE;UCAYALI;CORONEL PORTILLO;CALLERIA;2024-03-22;1;1;1;NO APLICA;2
SEC03942;2;2009-10-27;15;4;PERÚ;2;EDUCADORES DE CALLE;UCAYALI;CORONEL PORTILLO;CALLERIA;2024-03-22;1;1;1;NO APLICA;2
SEC03943;1;2008-07-12;16;4;PERÚ;2;EDUCADORES DE CALLE;CUSCO;CUSCO;CUSCO;2024-03-23;3;1;1;NO APLICA;2
SEC03944;1;2012-07-28;12;4;PERÚ;2;EDUCADORES DE CALLE;LIMA;CALLAO;VENTANILLA;2024-03-23;1;1;1;NO APLICA;2
SEC03945;1;2017-06-23;7;3;PERÚ;2;EDUCADORES DE CALLE;CAJAMARCA;CAJAMARCA;CAJAMARCA;2024-03-23;1;1;1;NO APLICA;2
SEC03946;2;2011-08-03;13;4;PERÚ;2;EDUCADORES DE CALLE;PUNO;SAN ROMAN;JULIACA;2024-03-24;1;1;1;NO APLICA;2
SEC03947;1;2013-10-04;11;3;PERÚ;2;EDUCADORES DE CALLE;PUNO;SAN ROMAN;JULIACA;2024-03-24;1;1;1;NO APLICA;2
SEC03948;1;2013-10-31;11;3;PERÚ;2;EDUCADORES DE CALLE;PUNO;SAN ROMAN;JULIACA;2024-03-24;1;1;1;NO APLICA;2
SEC03949;2;2014-01-12;11;3;PERÚ;2;EDUCADORES DE CALLE;PUNO;SAN ROMAN;JULIACA;2024-03-24;1;1;1;NO APLICA;2
SEC03950;1;2014-11-16;10;3;PERÚ;2;EDUCADORES DE CALLE;CAJAMARCA;CAJAMARCA;CAJAMARCA;2024-03-24;1;1;1;NO APLICA;2
SEC03951;1;2014-06-15;10;3;PERÚ;2;EDUCADORES DE CALLE;LA LIBERTAD;TRUJILLO;TRUJILLO;2024-03-24;1;1;1;NO APLICA;2
SEC03952;1;2017-10-11;7;3;PERÚ;2;EDUCADORES DE CALLE;PUNO;SAN ROMAN;JULIACA;2024-03-24;1;1;1;NO APLICA;2
SEC03953;1;2008-03-28;17;4;PERÚ;2;EDUCADORES DE CALLE;HUÁNUCO;HUÁNUCO;HUÁNUCO;2024-03-25;1;1;1;NO APLICA;2
SEC03954;1;2007-05-15;17;4;PERÚ;2;EDUCADORES DE CALLE;ICA;CHINCHA;CHINCHA ALTA;2024-03-25;1;1;1;NO APLICA;2
SEC03955;1;2007-06-20;17;4;PERÚ;2;EDUCADORES DE CALLE;ICA;CHINCHA;CHINCHA ALTA;2024-03-25;1;1;1;NO APLICA;2
SEC03956;1;2007-05-29;17;4;PERÚ;1;EDUCADORES DE CALLE;ICA;CHINCHA;CHINCHA ALTA;2024-03-25;1;1;1;NO APLICA;2
SEC03957;1;2008-06-17;16;4;PERÚ;2;EDUCADORES DE CALLE;PASCO;PASCO;SIMON BOLIVAR;2024-03-25;1;1;1;NO APLICA;2
SEC03958;2;2009-09-12;15;4;PERÚ;2;EDUCADORES DE CALLE;ICA;CHINCHA;CHINCHA ALTA;2024-03-25;1;1;1;NO APLICA;2
SEC03959;2;2009-06-13;15;4;PERÚ;2;EDUCADORES DE CALLE;ICA;CHINCHA;CHINCHA ALTA;2024-03-25;1;1;1;NO APLICA;2
SEC03960;1;2009-06-23;15;4;PERÚ;2;EDUCADORES DE CALLE;PASCO;PASCO;YANACANCHA;2024-03-25;1;1;1;NO APLICA;1
SEC03961;1;2008-12-17;16;4;PERÚ;2;EDUCADORES DE CALLE;ICA;CHINCHA;CHINCHA ALTA;2024-03-25;1;1;1;NO APLICA;2
SEC03962;2;2009-07-02;15;4;PERÚ;2;EDUCADORES DE CALLE;PASCO;PASCO;YANACANCHA;2024-03-25;1;1;1;NO APLICA;1
SEC03963;1;2011-08-22;13;4;PERÚ;2;EDUCADORES DE CALLE;ICA;ICA;ICA;2024-03-25;1;1;1;NO APLICA;2
SEC03964;1;2011-08-06;13;4;PERÚ;2;EDUCADORES DE CALLE;JUNÍN;HUANCAYO;HUANCAYO;2024-03-25;1;1;1;NO APLICA;2
SEC03965;1;2010-05-26;14;4;PERÚ;2;EDUCADORES DE CALLE;ICA;CHINCHA;CHINCHA ALTA;2024-03-25;1;1;1;NO APLICA;2
SEC03966;1;2011-02-24;14;4;PERÚ;2;EDUCADORES DE CALLE;PASCO;PASCO;YANACANCHA;2024-03-25;1;1;1;NO APLICA;1
SEC03967;1;2011-03-23;14;4;PERÚ;2;EDUCADORES DE CALLE;PASCO;PASCO;YANACANCHA;2024-03-25;1;1;1;NO APLICA;1
SEC03968;1;2011-04-09;14;4;PERÚ;2;EDUCADORES DE CALLE;ICA;CHINCHA;CHINCHA ALTA;2024-03-25;1;1;1;NO APLICA;2
SEC03969;1;2011-05-04;13;4;PERÚ;2;EDUCADORES DE CALLE;JUNÍN;HUANCAYO;HUANCAYO;2024-03-25;1;1;1;NO APLICA;1
SEC03970;2;2011-07-19;13;4;PERÚ;2;EDUCADORES DE CALLE;ICA;CHINCHA;CHINCHA ALTA;2024-03-25;1;1;1;NO APLICA;2
SEC03971;2;2011-11-21;13;4;PERÚ;2;EDUCADORES DE CALLE;ICA;CHINCHA;CHINCHA ALTA;2024-03-25;1;1;1;NO APLICA;2
SEC03972;2;2011-12-22;13;4;PERÚ;2;EDUCADORES DE CALLE;ICA;ICA;ICA;2024-03-25;1;1;1;NO APLICA;2
SEC03973;1;2013-09-27;11;3;PERÚ;2;EDUCADORES DE CALLE;AREQUIPA;AREQUIPA;JOSE LUIS BUSTAMANTE Y RIVERO;2024-03-25;1;1;1;NO APLICA;2
SEC03974;2;2012-03-03;13;4;PERÚ;2;EDUCADORES DE CALLE;ICA;CHINCHA;CHINCHA ALTA;2024-03-25;1;1;1;NO APLICA;2
SEC03975;2;2012-04-07;13;4;PERÚ;2;EDUCADORES DE CALLE;ICA;CHINCHA;CHINCHA ALTA;2024-03-25;1;1;1;NO APLICA;2
SEC03976;2;2014-04-13;11;3;PERÚ;2;EDUCADORES DE CALLE;PASCO;PASCO;SIMON BOLIVAR;2024-03-25;1;1;1;NO APLICA;2
SEC03977;1;2014-01-08;11;3;PERÚ;2;EDUCADORES DE CALLE;PASCO;PASCO;SIMON BOLIVAR;2024-03-25;1;1;1;NO APLICA;2
SEC03978;1;2016-07-13;8;3;PERÚ;2;EDUCADORES DE CALLE;PASCO;PASCO;SIMON BOLIVAR;2024-03-25;1;1;1;NO APLICA;2
SEC03979;2;2009-12-05;15;4;PERÚ;2;EDUCADORES DE CALLE;PASCO;PASCO;SIMON BOLIVAR;2024-03-25;1;1;1;NO APLICA;2
SEC03980;2;2011-12-18;13;4;PERÚ;2;EDUCADORES DE CALLE;PASCO;PASCO;SIMON BOLIVAR;2024-03-25;1;1;1;NO APLICA;2
SEC03981;2;2014-01-22;11;3;PERÚ;2;EDUCADORES DE CALLE;ICA;CHINCHA;CHINCHA ALTA;2024-03-25;1;1;1;NO APLICA;2
SEC03982;1;2008-11-06;16;4;PERÚ;2;EDUCADORES DE CALLE;PASCO;PASCO;SIMON BOLIVAR;2024-03-25;1;1;1;NO APLICA;2
SEC03983;1;2007-12-10;17;4;PERÚ;2;EDUCADORES DE CALLE;PASCO;PASCO;SIMON BOLIVAR;2024-03-25;1;1;1;NO APLICA;2
SEC03984;1;2008-11-07;16;4;PERÚ;2;EDUCADORES DE CALLE;LIMA;LIMA;EL AGUSTINO;2024-03-25;3;1;1;NO APLICA;2
SEC03985;1;2009-03-05;16;4;PERÚ;2;EDUCADORES DE CALLE;ICA;CHINCHA;CHINCHA ALTA;2024-03-25;1;1;1;NO APLICA;2
SEC03986;2;2015-10-31;9;3;PERÚ;2;EDUCADORES DE CALLE;PASCO;PASCO;YANACANCHA;2024-03-25;1;1;1;NO APLICA;1
SEC03987;2;2010-02-18;15;4;PERÚ;2;EDUCADORES DE CALLE;ICA;CHINCHA;CHINCHA ALTA;2024-03-25;1;1;1;NO APLICA;2
SEC03988;1;2012-01-26;13;4;PERÚ;2;EDUCADORES DE CALLE;ICA;CHINCHA;CHINCHA ALTA;2024-03-25;1;1;1;NO APLICA;2
SEC03989;1;2013-12-28;11;3;PERÚ;2;EDUCADORES DE CALLE;JUNÍN;HUANCAYO;HUANCAYO;2024-03-25;1;1;1;NO APLICA;1
SEC03990;2;2014-10-19;10;3;PERÚ;2;EDUCADORES DE CALLE;HUÁNUCO;HUÁNUCO;HUÁNUCO;2024-03-25;1;1;1;NO APLICA;2
SEC03991;2;2014-11-21;10;3;PERÚ;2;EDUCADORES DE CALLE;JUNÍN;HUANCAYO;HUANCAYO;2024-03-25;1;1;1;NO APLICA;2
SEC03992;2;2014-09-14;10;3;PERÚ;2;EDUCADORES DE CALLE;ICA;CHINCHA;CHINCHA ALTA;2024-03-25;1;1;1;NO APLICA;2
SEC03993;2;2015-02-03;10;3;PERÚ;2;EDUCADORES DE CALLE;AREQUIPA;AREQUIPA;JOSE LUIS BUSTAMANTE Y RIVERO;2024-03-25;1;1;1;NO APLICA;2
SEC03994;1;2015-04-02;10;3;PERÚ;2;EDUCADORES DE CALLE;AREQUIPA;AREQUIPA;JOSE LUIS BUSTAMANTE Y RIVERO;2024-03-25;1;1;1;NO APLICA;2
SEC03995;2;2015-06-18;9;3;PERÚ;2;EDUCADORES DE CALLE;HUÁNUCO;HUÁNUCO;HUÁNUCO;2024-03-25;1;1;1;NO APLICA;1
SEC03996;1;2015-08-16;9;3;PERÚ;1;EDUCADORES DE CALLE;ICA;CHINCHA;CHINCHA ALTA;2024-03-25;1;1;1;NO APLICA;2
SEC03997;1;2015-11-25;9;3;PERÚ;2;EDUCADORES DE CALLE;ICA;CHINCHA;CHINCHA ALTA;2024-03-25;1;1;1;NO APLICA;2
SEC03998;2;2015-11-27;9;3;PERÚ;2;EDUCADORES DE CALLE;ICA;ICA;ICA;2024-03-25;1;1;1;NO APLICA;2
SEC03999;1;2016-02-14;9;3;PERÚ;2;EDUCADORES DE CALLE;JUNÍN;HUANCAYO;HUANCAYO;2024-03-25;1;1;1;NO APLICA;1
SEC04000;1;2016-02-20;9;3;PERÚ;2;EDUCADORES DE CALLE;PASCO;PASCO;SIMON BOLIVAR;2024-03-25;1;1;1;NO APLICA;2
SEC04001;2;2016-03-18;9;3;PERÚ;2;EDUCADORES DE CALLE;JUNÍN;HUANCAYO;HUANCAYO;2024-03-25;1;1;1;NO APLICA;2
SEC04002;2;2011-07-26;13;4;PERÚ;2;EDUCADORES DE CALLE;ICA;CHINCHA;CHINCHA ALTA;2024-03-25;1;1;1;NO APLICA;2
SEC04003;1;2011-07-06;13;4;PERÚ;2;EDUCADORES DE CALLE;LIMA;LIMA;SAN JUAN DE LURIGANCHO;2024-03-25;3;1;1;NO APLICA;1
SEC04004;1;2013-03-30;12;4;PERÚ;2;EDUCADORES DE CALLE;ICA;CHINCHA;CHINCHA ALTA;2024-03-25;1;1;1;NO APLICA;2
SEC04005;2;2012-06-13;12;4;PERÚ;2;EDUCADORES DE CALLE;PASCO;PASCO;SIMON BOLIVAR;2024-03-25;1;1;1;NO APLICA;2
SEC04006;2;2011-09-27;13;4;PERÚ;2;EDUCADORES DE CALLE;AREQUIPA;AREQUIPA;JOSE LUIS BUSTAMANTE Y RIVERO;2024-03-25;1;1;1;NO APLICA;2
SEC04007;1;2013-05-25;11;3;PERÚ;2;EDUCADORES DE CALLE;AREQUIPA;AREQUIPA;JOSE LUIS BUSTAMANTE Y RIVERO;2024-03-25;1;1;1;NO APLICA;2
SEC04008;1;2018-01-16;7;3;PERÚ;2;EDUCADORES DE CALLE;JUNÍN;HUANCAYO;HUANCAYO;2024-03-25;1;1;1;NO APLICA;2
SEC04009;1;2019-02-09;6;3;PERÚ;2;EDUCADORES DE CALLE;ICA;CHINCHA;CHINCHA ALTA;2024-03-25;1;1;1;NO APLICA;2
SEC04010;2;2019-06-22;5;2;PERÚ;2;EDUCADORES DE CALLE;ICA;ICA;ICA;2024-03-25;1;1;1;NO APLICA;2
SEC04011;2;2019-07-08;5;2;PERÚ;2;EDUCADORES DE CALLE;ICA;ICA;ICA;2024-03-25;1;1;1;NO APLICA;2
SEC04012;1;2020-05-09;4;2;PERÚ;2;EDUCADORES DE CALLE;ICA;ICA;ICA;2024-03-25;1;1;1;NO APLICA;2
SEC04013;2;2007-12-12;17;4;PERÚ;2;EDUCADORES DE CALLE;LIMA;LIMA;PACHACAMAC;2024-03-26;1;1;1;NO APLICA;2
SEC04014;1;2007-01-17;18;5;PERÚ;2;EDUCADORES DE CALLE;CUSCO;CUSCO;SAN JERONIMO;2024-03-26;1;1;2;2025-04-25;2
SEC04015;1;2008-07-23;16;4;PERÚ;2;EDUCADORES DE CALLE;HUÁNUCO;HUÁNUCO;AMARILIS;2024-03-26;1;1;1;NO APLICA;1
SEC04016;1;2009-07-24;15;4;PERÚ;2;EDUCADORES DE CALLE;CUSCO;CUSCO;SAN JERONIMO;2024-03-26;1;1;1;NO APLICA;2
SEC04017;1;2009-06-20;15;4;PERÚ;2;EDUCADORES DE CALLE;HUÁNUCO;HUÁNUCO;AMARILIS;2024-03-26;1;1;1;NO APLICA;1
SEC04018;2;2009-01-20;16;4;PERÚ;2;EDUCADORES DE CALLE;PASCO;PASCO;CHAUPIMARCA;2024-03-26;1;1;1;NO APLICA;2
SEC04019;1;2009-06-14;15;4;PERÚ;2;EDUCADORES DE CALLE;CAJAMARCA;CAJAMARCA;CAJAMARCA;2024-03-26;1;1;1;NO APLICA;2
SEC04020;1;2009-02-22;16;4;PERÚ;2;EDUCADORES DE CALLE;LA LIBERTAD;TRUJILLO;TRUJILLO;2024-03-26;1;1;1;NO APLICA;2
SEC04021;2;2009-09-30;15;4;PERÚ;2;EDUCADORES DE CALLE;CUSCO;CUSCO;SAN JERONIMO;2024-03-26;1;1;1;NO APLICA;2
SEC04022;1;2012-07-09;12;4;PERÚ;2;EDUCADORES DE CALLE;LIMA;LIMA;VILLA MARIA DEL TRIUNFO;2024-03-26;1;1;1;NO APLICA;2
SEC04023;2;2012-03-05;13;4;PERÚ;2;EDUCADORES DE CALLE;CAJAMARCA;CAJAMARCA;CAJAMARCA;2024-03-26;1;1;1;NO APLICA;2
SEC04024;1;2009-04-09;16;4;PERÚ;2;EDUCADORES DE CALLE;LIMA;LIMA;VILLA MARIA DEL TRIUNFO;2024-03-26;1;1;1;NO APLICA;2
SEC04025;1;2013-01-25;12;4;PERÚ;2;EDUCADORES DE CALLE;LIMA;LIMA;VILLA MARIA DEL TRIUNFO;2024-03-26;1;1;1;NO APLICA;2
SEC04026;2;2013-12-03;11;3;PERÚ;2;EDUCADORES DE CALLE;HUÁNUCO;HUÁNUCO;AMARILIS;2024-03-26;1;1;1;NO APLICA;1
SEC04027;2;2014-02-24;11;3;PERÚ;2;EDUCADORES DE CALLE;PASCO;PASCO;CHAUPIMARCA;2024-03-26;1;1;1;NO APLICA;2
SEC04028;1;2014-05-21;10;3;PERÚ;2;EDUCADORES DE CALLE;CAJAMARCA;CAJAMARCA;CAJAMARCA;2024-03-26;1;1;1;NO APLICA;2
SEC04029;2;2014-06-22;10;3;PERÚ;2;EDUCADORES DE CALLE;LIMA;LIMA;VILLA MARIA DEL TRIUNFO;2024-03-26;1;1;1;NO APLICA;2
SEC04030;2;2014-06-22;10;3;PERÚ;2;EDUCADORES DE CALLE;LIMA;LIMA;VILLA MARIA DEL TRIUNFO;2024-03-26;1;1;1;NO APLICA;2
SEC04031;2;2014-07-27;10;3;PERÚ;2;EDUCADORES DE CALLE;HUÁNUCO;HUÁNUCO;AMARILIS;2024-03-26;1;1;1;NO APLICA;1
SEC04032;1;2014-11-02;10;3;PERÚ;1;EDUCADORES DE CALLE;LIMA;LIMA;VILLA MARIA DEL TRIUNFO;2024-03-26;1;1;1;NO APLICA;2
SEC04033;2;2015-09-03;9;3;PERÚ;2;EDUCADORES DE CALLE;HUÁNUCO;HUÁNUCO;AMARILIS;2024-03-26;1;1;1;NO APLICA;1
SEC04034;2;2013-07-11;11;3;PERÚ;2;EDUCADORES DE CALLE;HUÁNUCO;HUÁNUCO;AMARILIS;2024-03-26;1;1;1;NO APLICA;1
SEC04035;2;2013-11-19;11;3;PERÚ;2;EDUCADORES DE CALLE;HUÁNUCO;HUÁNUCO;AMARILIS;2024-03-26;1;1;1;NO APLICA;1
SEC04036;2;2016-11-27;8;3;PERÚ;2;EDUCADORES DE CALLE;LIMA;LIMA;VILLA MARIA DEL TRIUNFO;2024-03-26;1;1;1;NO APLICA;2
SEC04037;1;2017-12-04;7;3;PERÚ;2;EDUCADORES DE CALLE;LIMA;LIMA;VILLA MARIA DEL TRIUNFO;2024-03-26;1;1;1;NO APLICA;2
SEC04038;1;2009-02-08;16;4;PERÚ;2;EDUCADORES DE CALLE;PIURA;SULLANA;SULLANA;2024-03-27;1;1;1;NO APLICA;1
SEC04039;1;2010-03-08;15;4;PERÚ;2;EDUCADORES DE CALLE;PIURA;SULLANA;SULLANA;2024-03-27;1;2;1;NO APLICA;1
SEC04040;1;2010-03-08;15;4;PERÚ;2;EDUCADORES DE CALLE;PIURA;SULLANA;SULLANA;2024-03-27;1;2;1;NO APLICA;2
SEC04041;1;2012-05-17;12;4;PERÚ;2;EDUCADORES DE CALLE;PIURA;SULLANA;SULLANA;2024-03-27;1;1;1;NO APLICA;1
SEC04042;1;2017-07-23;7;3;PERÚ;2;EDUCADORES DE CALLE;AREQUIPA;AREQUIPA;JOSE LUIS BUSTAMANTE Y RIVERO;2024-03-27;1;5;1;NO APLICA;2
SEC04043;2;2017-12-28;7;3;PERÚ;2;EDUCADORES DE CALLE;APURÍMAC;ABANCAY;ABANCAY;2024-03-27;1;1;1;NO APLICA;2
SEC04044;1;2021-02-01;4;2;PERÚ;2;EDUCADORES DE CALLE;LIMA;LIMA;SAN JUAN DE LURIGANCHO;2024-03-28;1;2;1;NO APLICA;2
SEC04045;2;2008-04-16;17;4;PERÚ;2;EDUCADORES DE CALLE;LIMA;LIMA;SAN JUAN DE LURIGANCHO;2024-03-28;1;2;1;NO APLICA;2
SEC04046;2;2014-04-17;11;3;PERÚ;2;EDUCADORES DE CALLE;LIMA;LIMA;SAN JUAN DE LURIGANCHO;2024-03-28;1;2;1;NO APLICA;2
SEC04047;2;2020-08-13;4;2;PERÚ;2;EDUCADORES DE CALLE;LIMA;LIMA;SAN JUAN DE LURIGANCHO;2024-03-28;1;1;1;NO APLICA;2
SEC04048;1;2021-09-23;3;2;PERÚ;2;EDUCADORES DE CALLE;LIMA;LIMA;SAN JUAN DE LURIGANCHO;2024-03-28;2;1;1;NO APLICA;2
SEC04049;2;2009-05-30;15;4;PERÚ;2;EDUCADORES DE CALLE;LIMA;LIMA;SAN BORJA;2024-03-30;1;1;1;NO APLICA;2
SEC04050;1;2015-09-12;9;3;PERÚ;2;EDUCADORES DE CALLE;LIMA;LIMA;SAN BORJA;2024-03-30;1;1;1;NO APLICA;2
SEC04051;2;2011-02-14;14;4;PERÚ;2;EDUCADORES DE CALLE;LIMA;LIMA;SAN BORJA;2024-03-30;1;1;1;NO APLICA;2
SEC04052;2;2012-06-11;12;4;PERÚ;2;EDUCADORES DE CALLE;LIMA;LIMA;SAN BORJA;2024-03-30;1;1;1;NO APLICA;2
SEC04053;2;2013-01-19;12;4;PERÚ;2;EDUCADORES DE CALLE;LIMA;LIMA;SAN BORJA;2024-03-30;1;1;1;NO APLICA;2
SEC04054;1;2020-02-22;5;2;PERÚ;2;EDUCADORES DE CALLE;LIMA;LIMA;SAN BORJA;2024-03-30;1;1;1;NO APLICA;2
SEC04055;2;2009-03-09;16;4;PERÚ;2;EDUCADORES DE CALLE;JUNÍN;HUANCAYO;HUANCAYO;2024-03-31;1;1;1;NO APLICA;2
SEC04056;2;2017-01-28;8;3;PERÚ;2;EDUCADORES DE CALLE;JUNÍN;HUANCAYO;HUANCAYO;2024-03-31;1;1;1;NO APLICA;2
SEC04057;1;2014-05-17;10;3;PERÚ;2;EDUCADORES DE CALLE;LIMA;LIMA;SAN JUAN DE LURIGANCHO;2024-04-02;1;1;1;NO APLICA;2
SEC04058;1;2007-11-30;17;4;PERÚ;2;EDUCADORES DE CALLE;LIMA;LIMA;SAN JUAN DE MIRAFLORES;2024-04-02;3;1;1;NO APLICA;2
SEC04059;1;2007-04-13;18;5;PERÚ;2;EDUCADORES DE CALLE;LA LIBERTAD;TRUJILLO;TRUJILLO;2024-04-02;1;1;1;NO APLICA;2
SEC04060;1;2021-05-08;3;2;PERÚ;2;EDUCADORES DE CALLE;LIMA;LIMA;SAN JUAN DE MIRAFLORES;2024-04-02;3;1;1;NO APLICA;2
SEC04061;2;2020-04-11;5;2;PERÚ;2;EDUCADORES DE CALLE;LIMA;LIMA;SAN JUAN DE LURIGANCHO;2024-04-02;1;1;1;NO APLICA;2
SEC04062;1;2013-03-17;12;4;PERÚ;2;EDUCADORES DE CALLE;LA LIBERTAD;TRUJILLO;TRUJILLO;2024-04-02;1;1;1;NO APLICA;2
SEC04063;1;2020-08-25;4;2;PERÚ;2;EDUCADORES DE CALLE;LIMA;LIMA;VILLA EL SALVADOR;2024-04-03;3;1;1;NO APLICA;2
SEC04064;2;2009-04-26;16;4;PERÚ;2;EDUCADORES DE CALLE;AREQUIPA;AREQUIPA;MIRAFLORES;2024-04-03;1;1;1;NO APLICA;2
SEC04065;1;2008-12-31;16;4;PERÚ;2;EDUCADORES DE CALLE;LIMA;LIMA;ATE;2024-04-03;3;1;2;2025-03-20;2
SEC04066;1;2021-04-18;4;2;PERÚ;2;EDUCADORES DE CALLE;LIMA;LIMA;ATE;2024-04-03;3;1;2;2025-03-20;2
SEC04067;2;2016-03-19;9;3;PERÚ;2;EDUCADORES DE CALLE;MOQUEGUA;MARISCAL NIETO;MOQUEGUA;2024-04-03;1;1;1;NO APLICA;2
SEC04068;2;2013-07-31;11;3;PERÚ;2;EDUCADORES DE CALLE;AREQUIPA;AREQUIPA;MIRAFLORES;2024-04-03;1;1;1;NO APLICA;2
SEC04069;1;2013-01-06;12;4;PERÚ;2;EDUCADORES DE CALLE;LA LIBERTAD;TRUJILLO;TRUJILLO;2024-04-04;1;1;1;NO APLICA;2
SEC04070;2;2009-04-30;16;4;PERÚ;2;EDUCADORES DE CALLE;LIMA;LIMA;ATE;2024-04-05;3;1;1;NO APLICA;2
SEC04071;1;2008-03-24;17;4;PERÚ;2;EDUCADORES DE CALLE;LA LIBERTAD;TRUJILLO;TRUJILLO;2024-04-05;1;1;1;NO APLICA;2
SEC04072;1;2011-07-18;13;4;PERÚ;2;EDUCADORES DE CALLE;AYACUCHO;HUAMANGA;AYACUCHO;2024-04-05;1;1;1;NO APLICA;2
SEC04073;2;2010-12-28;14;4;PERÚ;2;EDUCADORES DE CALLE;LA LIBERTAD;TRUJILLO;TRUJILLO;2024-04-05;1;1;1;NO APLICA;2
SEC04074;1;2009-04-26;16;4;PERÚ;2;EDUCADORES DE CALLE;LA LIBERTAD;TRUJILLO;TRUJILLO;2024-04-05;1;1;1;NO APLICA;1
SEC04075;1;2011-08-07;13;4;PERÚ;2;EDUCADORES DE CALLE;LA LIBERTAD;TRUJILLO;TRUJILLO;2024-04-05;1;1;1;NO APLICA;2
SEC04076;1;2008-05-07;16;4;PERÚ;2;EDUCADORES DE CALLE;LIMA;LIMA;SAN JUAN DE MIRAFLORES;2024-04-07;3;1;1;NO APLICA;2
SEC04077;2;2020-08-08;4;2;PERÚ;2;EDUCADORES DE CALLE;LIMA;LIMA;SANTA ANITA;2024-04-09;3;1;1;NO APLICA;2
SEC04078;1;2020-08-13;4;2;PERÚ;2;EDUCADORES DE CALLE;LIMA;LIMA;SANTA ANITA;2024-04-09;3;1;1;NO APLICA;2
SEC04079;1;2011-12-19;13;4;PERÚ;2;EDUCADORES DE CALLE;LA LIBERTAD;TRUJILLO;TRUJILLO;2024-04-09;1;1;1;NO APLICA;1
SEC04080;1;2010-02-26;15;4;PERÚ;2;EDUCADORES DE CALLE;LA LIBERTAD;TRUJILLO;TRUJILLO;2024-04-09;1;1;1;NO APLICA;1
SEC04081;1;2020-02-18;5;2;PERÚ;2;EDUCADORES DE CALLE;LIMA;LIMA;SAN JUAN DE LURIGANCHO;2024-04-10;1;1;1;NO APLICA;2
SEC04082;1;2014-01-14;11;3;PERÚ;2;EDUCADORES DE CALLE;LIMA;LIMA;SAN JUAN DE LURIGANCHO;2024-04-10;2;1;1;NO APLICA;2
SEC04083;2;2015-03-06;10;3;PERÚ;2;EDUCADORES DE CALLE;MOQUEGUA;MARISCAL NIETO;MOQUEGUA;2024-04-10;1;1;1;NO APLICA;1
SEC04084;2;2021-05-07;3;2;PERÚ;2;EDUCADORES DE CALLE;LIMA;LIMA;SAN JUAN DE LURIGANCHO;2024-04-10;1;1;1;NO APLICA;2
SEC04085;1;2009-03-04;16;4;PERÚ;2;EDUCADORES DE CALLE;LA LIBERTAD;TRUJILLO;TRUJILLO;2024-04-11;1;1;1;NO APLICA;1
SEC04086;1;2011-07-17;13;4;PERÚ;2;EDUCADORES DE CALLE;TACNA;TACNA;CIUDAD NUEVA;2024-04-11;1;1;1;NO APLICA;2
SEC04087;1;2014-01-26;11;3;PERÚ;2;EDUCADORES DE CALLE;APURÍMAC;ABANCAY;ABANCAY;2024-04-11;1;1;1;NO APLICA;2
SEC04088;2;2013-11-12;11;3;PERÚ;2;EDUCADORES DE CALLE;TACNA;TACNA;CIUDAD NUEVA;2024-04-11;1;1;1;NO APLICA;2
SEC04089;1;2017-02-22;8;3;PERÚ;2;EDUCADORES DE CALLE;LIMA;LIMA;SAN JUAN DE LURIGANCHO;2024-04-12;1;1;1;NO APLICA;2
SEC04090;1;2008-10-05;16;4;PERÚ;2;EDUCADORES DE CALLE;LA LIBERTAD;TRUJILLO;TRUJILLO;2024-04-12;1;1;1;NO APLICA;1
SEC04091;1;2014-11-09;10;3;PERÚ;2;EDUCADORES DE CALLE;APURÍMAC;ABANCAY;ABANCAY;2024-04-12;1;1;1;NO APLICA;2
SEC04092;2;2020-02-28;5;2;PERÚ;2;EDUCADORES DE CALLE;LIMA;LIMA;SAN JUAN DE LURIGANCHO;2024-04-12;2;1;1;NO APLICA;2
SEC04093;2;2010-05-28;14;4;PERÚ;2;EDUCADORES DE CALLE;CAJAMARCA;CAJAMARCA;CAJAMARCA;2024-04-13;1;1;1;NO APLICA;2
SEC04094;1;2021-08-16;3;2;PERÚ;2;EDUCADORES DE CALLE;LIMA;CALLAO;VENTANILLA;2024-04-15;3;1;1;NO APLICA;2
SEC04095;2;2020-04-15;5;2;PERÚ;1;EDUCADORES DE CALLE;LIMA;LIMA;CHORRILLOS;2024-04-16;2;2;1;NO APLICA;2
SEC04096;2;2013-05-18;11;3;PERÚ;2;EDUCADORES DE CALLE;LIMA;LIMA;SAN JUAN DE LURIGANCHO;2024-04-16;2;1;1;NO APLICA;2
SEC04097;1;2007-04-16;18;5;PERÚ;1;EDUCADORES DE CALLE;CUSCO;CUSCO;CUSCO;2024-04-16;1;1;2;2025-05-27;2
SEC04098;1;2007-11-23;17;4;PERÚ;2;EDUCADORES DE CALLE;LA LIBERTAD;TRUJILLO;TRUJILLO;2024-04-16;1;1;1;NO APLICA;2
SEC04099;1;2012-07-08;12;4;PERÚ;2;EDUCADORES DE CALLE;PUNO;SAN ROMAN;JULIACA;2024-04-16;1;1;1;NO APLICA;2
SEC04100;1;2009-06-24;15;4;PERÚ;2;EDUCADORES DE CALLE;LA LIBERTAD;TRUJILLO;TRUJILLO;2024-04-16;1;1;1;NO APLICA;1
SEC04101;1;2009-06-24;15;4;PERÚ;2;EDUCADORES DE CALLE;LA LIBERTAD;TRUJILLO;TRUJILLO;2024-04-16;1;1;1;NO APLICA;1
SEC04102;1;2014-02-19;11;3;PERÚ;1;EDUCADORES DE CALLE;LIMA;LIMA;CHORRILLOS;2024-04-16;2;2;1;NO APLICA;2
SEC04103;1;2016-06-29;8;3;PERÚ;2;EDUCADORES DE CALLE;PUNO;SAN ROMAN;JULIACA;2024-04-16;1;1;1;NO APLICA;2
SEC04104;2;2013-05-06;11;3;PERÚ;2;EDUCADORES DE CALLE;CUSCO;CUSCO;CUSCO;2024-04-16;1;1;1;NO APLICA;2
SEC04105;1;2010-09-25;14;4;PERÚ;1;EDUCADORES DE CALLE;CUSCO;CUSCO;CUSCO;2024-04-16;1;1;1;NO APLICA;2
SEC04106;1;2013-11-12;11;3;PERÚ;2;EDUCADORES DE CALLE;CUSCO;CUSCO;CUSCO;2024-04-16;1;1;1;NO APLICA;2
SEC04107;2;2021-01-13;4;2;PERÚ;2;EDUCADORES DE CALLE;LIMA;LIMA;SAN JUAN DE LURIGANCHO;2024-04-16;2;1;1;NO APLICA;2
SEC04108;2;2021-08-29;3;2;PERÚ;2;EDUCADORES DE CALLE;LIMA;LIMA;SAN JUAN DE LURIGANCHO;2024-04-16;2;1;1;NO APLICA;2
SEC04109;1;2007-09-24;17;4;PERÚ;2;EDUCADORES DE CALLE;MOQUEGUA;MARISCAL NIETO;MOQUEGUA;2024-04-17;1;1;1;NO APLICA;2
SEC04110;1;2011-08-22;13;4;PERÚ;2;EDUCADORES DE CALLE;APURÍMAC;ABANCAY;ABANCAY;2024-04-17;1;1;1;NO APLICA;2
SEC04111;1;2012-05-02;12;4;PERÚ;2;EDUCADORES DE CALLE;MOQUEGUA;MARISCAL NIETO;MOQUEGUA;2024-04-17;1;1;1;NO APLICA;2
SEC04112;1;2016-04-29;9;3;PERÚ;2;EDUCADORES DE CALLE;MOQUEGUA;MARISCAL NIETO;MOQUEGUA;2024-04-17;1;1;1;NO APLICA;2
SEC04113;2;2016-06-29;8;3;PERÚ;2;EDUCADORES DE CALLE;LIMA;HUARAL;HUARAL;2024-04-18;1;1;1;NO APLICA;2
SEC04114;1;2017-12-31;7;3;PERÚ;2;EDUCADORES DE CALLE;LIMA;HUARAL;HUARAL;2024-04-18;1;1;1;NO APLICA;2
SEC04115;2;2007-07-05;17;4;PERÚ;2;EDUCADORES DE CALLE;AREQUIPA;AREQUIPA;JOSE LUIS BUSTAMANTE Y RIVERO;2024-04-19;1;1;1;NO APLICA;2
SEC04116;2;2013-07-09;11;3;PERÚ;2;EDUCADORES DE CALLE;PUNO;SAN ROMAN;JULIACA;2024-04-19;1;1;1;NO APLICA;2
SEC04117;2;2015-12-22;9;3;PERÚ;2;EDUCADORES DE CALLE;AREQUIPA;AREQUIPA;JOSE LUIS BUSTAMANTE Y RIVERO;2024-04-19;1;1;1;NO APLICA;2
SEC04118;1;2017-05-22;7;3;PERÚ;2;EDUCADORES DE CALLE;PUNO;SAN ROMAN;JULIACA;2024-04-19;1;1;2;2025-01-24;2
SEC04119;1;2017-11-23;7;3;PERÚ;2;EDUCADORES DE CALLE;AREQUIPA;AREQUIPA;JOSE LUIS BUSTAMANTE Y RIVERO;2024-04-19;1;1;1;NO APLICA;2
SEC04120;2;2019-03-02;6;3;PERÚ;2;EDUCADORES DE CALLE;AREQUIPA;AREQUIPA;JOSE LUIS BUSTAMANTE Y RIVERO;2024-04-19;1;1;1;NO APLICA;2
SEC04121;2;2009-12-12;15;4;PERÚ;2;EDUCADORES DE CALLE;TUMBES;ZARUMILLA;PAPAYAL;2024-04-22;1;1;1;NO APLICA;2
SEC04122;2;2011-01-20;14;4;PERÚ;2;EDUCADORES DE CALLE;CAJAMARCA;CAJAMARCA;CAJAMARCA;2024-04-22;1;1;1;NO APLICA;2
SEC04123;1;2013-06-10;11;3;PERÚ;2;EDUCADORES DE CALLE;TUMBES;ZARUMILLA;PAPAYAL;2024-04-22;1;1;1;NO APLICA;2
SEC04124;1;2018-03-28;7;3;PERÚ;2;EDUCADORES DE CALLE;CAJAMARCA;CAJAMARCA;CAJAMARCA;2024-04-22;1;1;1;NO APLICA;2
SEC04125;1;2010-09-30;14;4;VENEZUELA;2;EDUCADORES DE CALLE;LIMA;HUARAL;HUARAL;2024-04-23;1;1;1;NO APLICA;2
SEC04126;1;2007-02-05;18;5;PERÚ;2;EDUCADORES DE CALLE;AREQUIPA;AREQUIPA;JOSE LUIS BUSTAMANTE Y RIVERO;2024-04-23;1;1;2;2025-05-16;2
SEC04127;2;2007-08-29;17;4;PERÚ;2;EDUCADORES DE CALLE;AREQUIPA;AREQUIPA;JOSE LUIS BUSTAMANTE Y RIVERO;2024-04-23;1;1;1;NO APLICA;2
SEC04128;2;2009-12-14;15;4;PERÚ;2;EDUCADORES DE CALLE;MOQUEGUA;ILO;ILO;2024-04-23;1;1;1;NO APLICA;2
SEC04129;1;2009-08-24;15;4;PERÚ;1;EDUCADORES DE CALLE;LA LIBERTAD;TRUJILLO;TRUJILLO;2024-04-23;1;1;1;NO APLICA;2
SEC04130;2;2011-10-25;13;4;PERÚ;2;EDUCADORES DE CALLE;AREQUIPA;AREQUIPA;JOSE LUIS BUSTAMANTE Y RIVERO;2024-04-23;1;1;1;NO APLICA;2
SEC04131;2;2012-04-08;13;4;PERÚ;2;EDUCADORES DE CALLE;MOQUEGUA;ILO;ILO;2024-04-23;1;1;1;NO APLICA;2
SEC04132;2;2011-07-10;13;4;PERÚ;2;EDUCADORES DE CALLE;CAJAMARCA;CAJAMARCA;CAJAMARCA;2024-04-23;1;1;1;NO APLICA;2
SEC04133;1;2011-08-16;13;4;PERÚ;2;EDUCADORES DE CALLE;APURÍMAC;ABANCAY;ABANCAY;2024-04-23;1;1;1;NO APLICA;2
SEC04134;2;2012-10-12;12;4;PERÚ;2;EDUCADORES DE CALLE;MOQUEGUA;ILO;ILO;2024-04-23;1;1;1;NO APLICA;2
SEC04135;1;2013-11-19;11;3;PERÚ;2;EDUCADORES DE CALLE;MOQUEGUA;MARISCAL NIETO;MOQUEGUA;2024-04-23;1;1;1;NO APLICA;2
SEC04136;1;2014-12-29;10;3;PERÚ;2;EDUCADORES DE CALLE;LIMA;HUARAL;HUARAL;2024-04-23;1;1;1;NO APLICA;2
SEC04137;1;2016-03-23;9;3;PERÚ;2;EDUCADORES DE CALLE;PUNO;SAN ROMAN;JULIACA;2024-04-23;1;1;1;NO APLICA;2
SEC04138;2;2016-11-21;8;3;PERÚ;2;EDUCADORES DE CALLE;PUNO;SAN ROMAN;JULIACA;2024-04-23;1;1;2;2025-04-23;2
SEC04139;1;2013-03-01;12;4;PERÚ;2;EDUCADORES DE CALLE;PASCO;PASCO;YANACANCHA;2024-04-23;1;1;1;NO APLICA;2
SEC04140;2;2013-01-15;12;4;PERÚ;2;EDUCADORES DE CALLE;CAJAMARCA;CAJAMARCA;CAJAMARCA;2024-04-23;1;1;1;NO APLICA;2
SEC04141;2;2013-07-21;11;3;PERÚ;2;EDUCADORES DE CALLE;CAJAMARCA;CAJAMARCA;CAJAMARCA;2024-04-23;1;1;1;NO APLICA;2
SEC04142;2;2017-07-14;7;3;PERÚ;1;EDUCADORES DE CALLE;MOQUEGUA;ILO;ILO;2024-04-23;1;1;1;NO APLICA;1
SEC04143;1;2018-02-19;7;3;PERÚ;2;EDUCADORES DE CALLE;AREQUIPA;AREQUIPA;JOSE LUIS BUSTAMANTE Y RIVERO;2024-04-23;1;1;1;NO APLICA;2
SEC04144;2;2018-12-17;6;3;PERÚ;2;EDUCADORES DE CALLE;PASCO;PASCO;YANACANCHA;2024-04-23;1;1;1;NO APLICA;2
SEC04145;2;2007-08-06;17;4;PERÚ;2;EDUCADORES DE CALLE;CUSCO;CUSCO;CUSCO;2024-04-24;3;1;1;NO APLICA;1
SEC04146;2;2008-09-04;16;4;PERÚ;2;EDUCADORES DE CALLE;CUSCO;CUSCO;SAN JERONIMO;2024-04-24;1;1;1;NO APLICA;1
SEC04147;2;2007-08-29;17;4;PERÚ;2;EDUCADORES DE CALLE;ICA;CHINCHA;CHINCHA ALTA;2024-04-24;1;1;1;NO APLICA;2
SEC04148;1;2009-04-14;16;4;PERÚ;2;EDUCADORES DE CALLE;CUSCO;CUSCO;CUSCO;2024-04-24;3;1;1;NO APLICA;2
SEC04149;1;2007-10-29;17;4;PERÚ;2;EDUCADORES DE CALLE;ICA;CHINCHA;CHINCHA ALTA;2024-04-24;1;1;1;NO APLICA;2
SEC04150;2;2010-02-03;15;4;PERÚ;2;EDUCADORES DE CALLE;CUSCO;CUSCO;SAN JERONIMO;2024-04-24;1;1;1;NO APLICA;1
SEC04151;2;2010-06-27;14;4;PERÚ;2;EDUCADORES DE CALLE;ICA;CHINCHA;CHINCHA ALTA;2024-04-24;1;1;1;NO APLICA;2
SEC04152;2;2011-11-05;13;4;PERÚ;2;EDUCADORES DE CALLE;CUSCO;CUSCO;SAN JERONIMO;2024-04-24;1;1;1;NO APLICA;1
SEC04153;1;2012-03-14;13;4;PERÚ;2;EDUCADORES DE CALLE;TACNA;TACNA;CIUDAD NUEVA;2024-04-24;1;1;1;NO APLICA;2
SEC04154;2;2012-03-14;13;4;PERÚ;2;EDUCADORES DE CALLE;TACNA;TACNA;CIUDAD NUEVA;2024-04-24;1;1;1;NO APLICA;2
SEC04155;2;2012-04-25;13;4;PERÚ;2;EDUCADORES DE CALLE;ICA;CHINCHA;CHINCHA ALTA;2024-04-24;1;1;1;NO APLICA;2
SEC04156;2;2009-05-02;15;4;PERÚ;2;EDUCADORES DE CALLE;CUSCO;CUSCO;SAN JERONIMO;2024-04-24;1;1;1;NO APLICA;1
SEC04157;2;2012-04-03;13;4;PERÚ;2;EDUCADORES DE CALLE;CUSCO;CUSCO;SAN JERONIMO;2024-04-24;1;1;1;NO APLICA;2
SEC04158;2;2012-12-13;12;4;PERÚ;2;EDUCADORES DE CALLE;PIURA;SULLANA;SULLANA;2024-04-24;1;1;1;NO APLICA;2
SEC04159;1;2014-12-10;10;3;PERÚ;2;EDUCADORES DE CALLE;PIURA;SULLANA;SULLANA;2024-04-24;1;1;1;NO APLICA;1
SEC04160;2;2012-06-09;12;4;PERÚ;2;EDUCADORES DE CALLE;TACNA;TACNA;CIUDAD NUEVA;2024-04-24;1;1;1;NO APLICA;2
SEC04161;1;2008-03-18;17;4;PERÚ;2;EDUCADORES DE CALLE;CAJAMARCA;CAJAMARCA;CAJAMARCA;2024-04-24;1;1;1;NO APLICA;2
SEC04162;2;2013-11-12;11;3;PERÚ;2;EDUCADORES DE CALLE;ICA;CHINCHA;CHINCHA ALTA;2024-04-24;1;1;1;NO APLICA;2
SEC04163;1;2017-12-01;7;3;PERÚ;2;EDUCADORES DE CALLE;CAJAMARCA;CAJAMARCA;CAJAMARCA;2024-04-24;1;1;1;NO APLICA;2
SEC04164;1;2009-11-27;15;4;PERÚ;2;EDUCADORES DE CALLE;LA LIBERTAD;TRUJILLO;TRUJILLO;2024-04-25;1;1;1;NO APLICA;2
SEC04165;1;2009-03-24;16;4;PERÚ;2;EDUCADORES DE CALLE;LA LIBERTAD;TRUJILLO;TRUJILLO;2024-04-25;1;1;1;NO APLICA;2
SEC04166;1;2011-08-09;13;4;PERÚ;2;EDUCADORES DE CALLE;LA LIBERTAD;TRUJILLO;TRUJILLO;2024-04-25;1;1;1;NO APLICA;2
SEC04167;2;2013-04-05;12;4;PERÚ;2;EDUCADORES DE CALLE;HUÁNUCO;HUÁNUCO;HUÁNUCO;2024-04-25;1;2;1;NO APLICA;1
SEC04168;1;2014-07-27;10;3;PERÚ;2;EDUCADORES DE CALLE;LA LIBERTAD;TRUJILLO;TRUJILLO;2024-04-25;1;1;1;NO APLICA;2
SEC04169;1;2015-12-19;9;3;PERÚ;2;EDUCADORES DE CALLE;LA LIBERTAD;TRUJILLO;TRUJILLO;2024-04-25;1;1;1;NO APLICA;2
SEC04170;2;2014-12-16;10;3;PERÚ;2;EDUCADORES DE CALLE;JUNÍN;CHUPACA;CHUPACA;2024-04-26;1;1;1;NO APLICA;2
SEC04171;2;2016-09-04;8;3;PERÚ;2;EDUCADORES DE CALLE;JUNÍN;CHUPACA;CHUPACA;2024-04-26;1;1;1;NO APLICA;2
SEC04172;2;2010-03-08;15;4;PERÚ;2;EDUCADORES DE CALLE;MOQUEGUA;ILO;ILO;2024-04-26;1;1;1;NO APLICA;2
SEC04173;1;2011-08-20;13;4;PERÚ;2;EDUCADORES DE CALLE;MOQUEGUA;ILO;ILO;2024-04-26;1;1;1;NO APLICA;2
SEC04174;1;2011-11-25;13;4;PERÚ;2;EDUCADORES DE CALLE;HUÁNUCO;HUÁNUCO;HUÁNUCO;2024-04-26;1;1;1;NO APLICA;2
SEC04175;2;2012-11-21;12;4;PERÚ;2;EDUCADORES DE CALLE;HUÁNUCO;HUÁNUCO;AMARILIS;2024-04-26;1;1;1;NO APLICA;1
SEC04176;1;2014-10-18;10;3;PERÚ;2;EDUCADORES DE CALLE;JUNÍN;CHUPACA;CHUPACA;2024-04-26;1;1;1;NO APLICA;2
SEC04177;1;2016-02-13;9;3;PERÚ;2;EDUCADORES DE CALLE;JUNÍN;CHUPACA;CHUPACA;2024-04-26;1;1;1;NO APLICA;2
SEC04178;2;2016-06-30;8;3;PERÚ;2;EDUCADORES DE CALLE;HUÁNUCO;HUÁNUCO;AMARILIS;2024-04-26;1;1;1;NO APLICA;2
SEC04179;2;2015-03-07;10;3;PERÚ;2;EDUCADORES DE CALLE;JUNÍN;CHUPACA;CHUPACA;2024-04-26;1;1;1;NO APLICA;2
SEC04180;2;2016-11-23;8;3;PERÚ;2;EDUCADORES DE CALLE;MOQUEGUA;ILO;ILO;2024-04-26;1;1;1;NO APLICA;2
SEC04181;1;2017-05-15;7;3;PERÚ;2;EDUCADORES DE CALLE;MOQUEGUA;ILO;ILO;2024-04-26;1;1;1;NO APLICA;2
SEC04182;2;2012-05-11;12;4;PERÚ;2;EDUCADORES DE CALLE;JUNÍN;HUANCAYO;HUANCAYO;2024-04-29;1;1;1;NO APLICA;2
SEC04183;1;2013-07-21;11;3;PERÚ;2;EDUCADORES DE CALLE;JUNÍN;HUANCAYO;HUANCAYO;2024-04-29;1;1;1;NO APLICA;2
SEC04184;2;2014-05-26;10;3;PERÚ;2;EDUCADORES DE CALLE;JUNÍN;HUANCAYO;HUANCAYO;2024-04-29;1;1;1;NO APLICA;2
SEC04185;2;2015-05-12;9;3;PERÚ;2;EDUCADORES DE CALLE;JUNÍN;HUANCAYO;HUANCAYO;2024-04-29;1;1;1;NO APLICA;2
SEC04186;2;2018-07-11;6;3;PERÚ;2;EDUCADORES DE CALLE;JUNÍN;HUANCAYO;HUANCAYO;2024-04-29;1;1;1;NO APLICA;2
SEC04187;2;2009-09-29;15;4;PERÚ;2;EDUCADORES DE CALLE;PASCO;PASCO;CHAUPIMARCA;2024-04-30;1;1;1;NO APLICA;2
SEC04188;1;2012-03-22;13;4;PERÚ;2;EDUCADORES DE CALLE;JUNÍN;HUANCAYO;HUANCAYO;2024-04-30;1;1;1;NO APLICA;2
SEC04189;2;2021-12-29;3;2;PERÚ;2;EDUCADORES DE CALLE;LIMA;LIMA;CARABAYLLO;2024-04-30;1;1;1;NO APLICA;2
SEC04190;1;2012-12-22;12;4;PERÚ;2;EDUCADORES DE CALLE;JUNÍN;HUANCAYO;HUANCAYO;2024-04-30;1;1;1;NO APLICA;2
SEC04191;2;2013-03-28;12;4;PERÚ;2;EDUCADORES DE CALLE;PASCO;PASCO;CHAUPIMARCA;2024-04-30;1;1;2;2025-05-24;2
SEC04192;2;2013-03-11;12;4;PERÚ;2;EDUCADORES DE CALLE;PASCO;PASCO;CHAUPIMARCA;2024-04-30;1;1;1;NO APLICA;2
SEC04193;1;2016-12-30;8;3;PERÚ;2;EDUCADORES DE CALLE;JUNÍN;HUANCAYO;HUANCAYO;2024-04-30;1;1;1;NO APLICA;2
SEC04194;1;2007-05-12;17;4;PERÚ;2;EDUCADORES DE CALLE;HUÁNUCO;HUÁNUCO;HUÁNUCO;2024-05-01;1;1;1;NO APLICA;2
SEC04195;2;2021-10-28;3;2;PERÚ;2;EDUCADORES DE CALLE;LAMBAYEQUE;CHICLAYO;CHICLAYO;2024-05-01;1;1;1;NO APLICA;2
SEC04196;1;2013-05-22;11;3;PERÚ;2;EDUCADORES DE CALLE;LAMBAYEQUE;CHICLAYO;CHICLAYO;2024-05-01;1;1;1;NO APLICA;2
SEC04197;2;2020-09-12;4;2;PERÚ;2;EDUCADORES DE CALLE;LAMBAYEQUE;CHICLAYO;CHICLAYO;2024-05-01;1;1;1;NO APLICA;2
SEC04198;1;2019-12-13;5;2;PERÚ;2;EDUCADORES DE CALLE;HUÁNUCO;HUÁNUCO;HUÁNUCO;2024-05-01;1;1;1;NO APLICA;2
SEC04199;1;2017-07-19;7;3;PERÚ;2;EDUCADORES DE CALLE;HUÁNUCO;HUÁNUCO;HUÁNUCO;2024-05-01;1;1;1;NO APLICA;2
SEC04200;1;2021-02-03;4;2;PERÚ;2;EDUCADORES DE CALLE;LA LIBERTAD;TRUJILLO;TRUJILLO;2024-05-01;1;1;1;NO APLICA;2
SEC04201;1;2013-10-28;11;3;PERÚ;2;EDUCADORES DE CALLE;HUÁNUCO;HUÁNUCO;HUÁNUCO;2024-05-01;1;1;1;NO APLICA;2
SEC04202;1;2009-02-18;16;4;PERÚ;2;EDUCADORES DE CALLE;LA LIBERTAD;TRUJILLO;TRUJILLO;2024-05-01;1;1;1;NO APLICA;2
SEC04203;2;2016-01-28;9;3;PERÚ;2;EDUCADORES DE CALLE;HUÁNUCO;HUÁNUCO;HUÁNUCO;2024-05-01;1;1;1;NO APLICA;2
SEC04204;1;2019-06-05;5;2;PERÚ;2;EDUCADORES DE CALLE;HUÁNUCO;HUÁNUCO;HUÁNUCO;2024-05-01;1;1;1;NO APLICA;2
SEC04205;2;2020-04-27;5;2;PERÚ;2;EDUCADORES DE CALLE;LAMBAYEQUE;CHICLAYO;CHICLAYO;2024-05-02;1;1;1;NO APLICA;2
SEC04206;2;2014-03-28;11;3;PERÚ;2;EDUCADORES DE CALLE;LAMBAYEQUE;CHICLAYO;CHICLAYO;2024-05-02;1;1;1;NO APLICA;2
SEC04207;2;2007-07-21;17;4;PERÚ;2;EDUCADORES DE CALLE;LAMBAYEQUE;CHICLAYO;CHICLAYO;2024-05-02;1;1;1;NO APLICA;2
SEC04208;1;2020-12-14;4;2;PERÚ;2;EDUCADORES DE CALLE;LAMBAYEQUE;CHICLAYO;CHICLAYO;2024-05-02;1;1;1;NO APLICA;2
SEC04209;1;2009-04-16;16;4;PERÚ;2;EDUCADORES DE CALLE;LIMA;LIMA;ATE;2024-05-02;3;1;1;NO APLICA;2
SEC04210;1;2009-04-16;16;4;PERÚ;2;EDUCADORES DE CALLE;LIMA;LIMA;ATE;2024-05-02;3;1;1;NO APLICA;2
SEC04211;2;2011-09-20;13;4;PERÚ;2;EDUCADORES DE CALLE;LAMBAYEQUE;CHICLAYO;CHICLAYO;2024-05-02;1;1;1;NO APLICA;2
SEC04212;2;2011-09-20;13;4;PERÚ;2;EDUCADORES DE CALLE;LAMBAYEQUE;CHICLAYO;CHICLAYO;2024-05-02;1;1;1;NO APLICA;2
SEC04213;1;2017-01-12;8;3;PERÚ;2;EDUCADORES DE CALLE;MOQUEGUA;MARISCAL NIETO;MOQUEGUA;2024-05-03;1;1;1;NO APLICA;2
SEC04214;2;2021-10-16;3;2;PERÚ;2;EDUCADORES DE CALLE;LAMBAYEQUE;CHICLAYO;CHICLAYO;2024-05-03;1;1;1;NO APLICA;2
SEC04215;1;2013-04-02;12;4;PERÚ;2;EDUCADORES DE CALLE;LAMBAYEQUE;CHICLAYO;CHICLAYO;2024-05-03;1;1;1;NO APLICA;2
SEC04216;1;2008-05-13;16;4;PERÚ;2;EDUCADORES DE CALLE;LAMBAYEQUE;CHICLAYO;CHICLAYO;2024-05-03;1;1;1;NO APLICA;2
SEC04217;2;2009-09-08;15;4;PERÚ;2;EDUCADORES DE CALLE;AREQUIPA;AREQUIPA;JOSE LUIS BUSTAMANTE Y RIVERO;2024-05-03;1;1;1;NO APLICA;2
SEC04218;1;2011-09-06;13;4;PERÚ;2;EDUCADORES DE CALLE;AREQUIPA;AREQUIPA;JOSE LUIS BUSTAMANTE Y RIVERO;2024-05-03;1;1;1;NO APLICA;2
SEC04219;2;2021-02-15;4;2;PERÚ;2;EDUCADORES DE CALLE;MOQUEGUA;MARISCAL NIETO;MOQUEGUA;2024-05-03;1;1;1;NO APLICA;2
SEC04220;1;2010-06-18;14;4;PERÚ;2;EDUCADORES DE CALLE;LIMA;LIMA;EL AGUSTINO;2024-05-04;3;1;1;NO APLICA;2
SEC04221;2;2020-09-20;4;2;PERÚ;2;EDUCADORES DE CALLE;LAMBAYEQUE;CHICLAYO;CHICLAYO;2024-05-06;1;1;1;NO APLICA;2
SEC04222;2;2008-04-10;17;4;PERÚ;2;EDUCADORES DE CALLE;LAMBAYEQUE;CHICLAYO;CHICLAYO;2024-05-06;1;1;1;NO APLICA;2
SEC04223;1;2020-07-16;4;2;PERÚ;2;EDUCADORES DE CALLE;LAMBAYEQUE;CHICLAYO;CHICLAYO;2024-05-06;1;1;1;NO APLICA;2
SEC04224;1;2008-07-27;16;4;PERÚ;2;EDUCADORES DE CALLE;LAMBAYEQUE;CHICLAYO;CHICLAYO;2024-05-06;1;1;1;NO APLICA;2
SEC04225;1;2009-01-05;16;4;PERÚ;1;EDUCADORES DE CALLE;LAMBAYEQUE;CHICLAYO;CHICLAYO;2024-05-06;1;1;1;NO APLICA;2
SEC04226;2;2012-12-11;12;4;PERÚ;2;EDUCADORES DE CALLE;LAMBAYEQUE;CHICLAYO;CHICLAYO;2024-05-06;1;1;1;NO APLICA;2
SEC04227;1;2015-04-11;10;3;PERÚ;2;EDUCADORES DE CALLE;LAMBAYEQUE;CHICLAYO;CHICLAYO;2024-05-06;1;1;1;NO APLICA;2
SEC04228;1;2016-05-25;8;3;PERÚ;2;EDUCADORES DE CALLE;LAMBAYEQUE;CHICLAYO;CHICLAYO;2024-05-06;1;1;1;NO APLICA;2
SEC04229;1;2016-05-25;8;3;PERÚ;2;EDUCADORES DE CALLE;LAMBAYEQUE;CHICLAYO;CHICLAYO;2024-05-06;1;1;1;NO APLICA;2
SEC04230;2;2015-05-12;9;3;PERÚ;2;EDUCADORES DE CALLE;LAMBAYEQUE;CHICLAYO;CHICLAYO;2024-05-07;1;1;1;NO APLICA;2
SEC04231;1;2021-02-21;4;2;PERÚ;2;EDUCADORES DE CALLE;LAMBAYEQUE;CHICLAYO;CHICLAYO;2024-05-07;1;1;1;NO APLICA;2
SEC04232;1;2008-11-04;16;4;PERÚ;2;EDUCADORES DE CALLE;LAMBAYEQUE;CHICLAYO;CHICLAYO;2024-05-07;1;1;1;NO APLICA;2
SEC04233;1;2021-03-30;4;2;PERÚ;2;EDUCADORES DE CALLE;LAMBAYEQUE;CHICLAYO;CHICLAYO;2024-05-07;1;1;1;NO APLICA;2
SEC04234;2;2020-06-25;4;2;PERÚ;2;EDUCADORES DE CALLE;LAMBAYEQUE;CHICLAYO;CHICLAYO;2024-05-07;1;1;1;NO APLICA;2
SEC04235;2;2011-07-03;13;4;PERÚ;2;EDUCADORES DE CALLE;LAMBAYEQUE;CHICLAYO;CHICLAYO;2024-05-07;1;1;1;NO APLICA;2
SEC04236;1;2008-12-16;16;4;PERÚ;2;EDUCADORES DE CALLE;LAMBAYEQUE;CHICLAYO;CHICLAYO;2024-05-07;1;1;1;NO APLICA;2
SEC04237;2;2007-03-27;18;5;PERÚ;2;EDUCADORES DE CALLE;LIMA;HUARAL;HUARAL;2024-05-09;1;1;2;2025-03-18;2
SEC04238;2;2013-10-26;11;3;PERÚ;2;EDUCADORES DE CALLE;MOQUEGUA;MARISCAL NIETO;MOQUEGUA;2024-05-09;1;1;1;NO APLICA;2
SEC04239;1;2008-03-28;17;4;PERÚ;2;EDUCADORES DE CALLE;LIMA;LIMA;SAN JUAN DE LURIGANCHO;2024-05-09;2;1;1;NO APLICA;2
SEC04240;2;2020-05-28;4;2;PERÚ;2;EDUCADORES DE CALLE;AYACUCHO;HUAMANGA;AYACUCHO;2024-05-10;1;1;1;NO APLICA;2
SEC04241;2;2020-11-01;4;2;PERÚ;2;EDUCADORES DE CALLE;LIMA;HUARAL;HUARAL;2024-05-10;1;1;1;NO APLICA;2
SEC04242;2;2021-02-17;4;2;PERÚ;2;EDUCADORES DE CALLE;AYACUCHO;HUAMANGA;AYACUCHO;2024-05-10;1;1;1;NO APLICA;2
SEC04243;1;2020-07-25;4;2;PERÚ;2;EDUCADORES DE CALLE;LIMA;HUARAL;HUARAL;2024-05-10;1;1;1;NO APLICA;2
SEC04244;1;2011-10-09;13;4;PERÚ;2;EDUCADORES DE CALLE;AREQUIPA;AREQUIPA;JOSE LUIS BUSTAMANTE Y RIVERO;2024-05-10;1;1;1;NO APLICA;2
SEC04245;2;2020-08-14;4;2;PERÚ;2;EDUCADORES DE CALLE;AYACUCHO;HUAMANGA;AYACUCHO;2024-05-11;1;1;2;2025-04-25;2
SEC04246;2;2017-03-05;8;3;PERÚ;2;EDUCADORES DE CALLE;AYACUCHO;HUAMANGA;AYACUCHO;2024-05-12;1;1;2;2025-04-25;2
SEC04247;1;2020-08-09;4;2;PERÚ;2;EDUCADORES DE CALLE;LA LIBERTAD;TRUJILLO;TRUJILLO;2024-05-12;1;1;1;NO APLICA;2
SEC04248;1;2008-03-08;17;4;PERÚ;2;EDUCADORES DE CALLE;LA LIBERTAD;TRUJILLO;TRUJILLO;2024-05-12;1;1;1;NO APLICA;2
SEC04249;1;2020-09-08;4;2;PERÚ;2;EDUCADORES DE CALLE;LIMA;HUARAL;HUARAL;2024-05-14;1;1;1;NO APLICA;2
SEC04250;2;2013-04-01;12;4;PERÚ;2;EDUCADORES DE CALLE;PUNO;SAN ROMAN;JULIACA;2024-05-14;1;1;2;2025-01-24;2
SEC04251;2;2010-01-02;15;4;PERÚ;2;EDUCADORES DE CALLE;PUNO;SAN ROMAN;JULIACA;2024-05-14;1;1;2;2025-01-24;2
SEC04252;1;2013-10-07;11;3;PERÚ;2;EDUCADORES DE CALLE;LIMA;HUARAL;HUARAL;2024-05-14;1;1;1;NO APLICA;2
SEC04253;1;2018-01-27;7;3;PERÚ;2;EDUCADORES DE CALLE;HUANCAVELICA;HUANCAVELICA;HUANCAVELICA;2024-05-15;1;1;1;NO APLICA;2
SEC04254;1;2021-03-04;4;2;PERÚ;2;EDUCADORES DE CALLE;LA LIBERTAD;TRUJILLO;TRUJILLO;2024-05-15;1;1;1;NO APLICA;2
SEC04255;1;2014-07-12;10;3;PERÚ;2;EDUCADORES DE CALLE;ANCASH;SANTA;CHIMBOTE;2024-05-15;1;1;1;NO APLICA;2
SEC04256;2;2012-12-28;12;4;PERÚ;2;EDUCADORES DE CALLE;HUANCAVELICA;HUANCAVELICA;HUANCAVELICA;2024-05-15;1;1;1;NO APLICA;2
SEC04257;2;2014-12-13;10;3;PERÚ;2;EDUCADORES DE CALLE;HUANCAVELICA;HUANCAVELICA;HUANCAVELICA;2024-05-15;1;1;1;NO APLICA;2
SEC04258;1;2018-01-27;7;3;PERÚ;2;EDUCADORES DE CALLE;HUANCAVELICA;HUANCAVELICA;HUANCAVELICA;2024-05-15;1;1;1;NO APLICA;2
SEC04259;1;2020-08-21;4;2;PERÚ;2;EDUCADORES DE CALLE;LIMA;LIMA;EL AGUSTINO;2024-05-15;3;5;1;NO APLICA;2
SEC04260;2;2020-08-17;4;2;PERÚ;2;EDUCADORES DE CALLE;LIMA;LIMA;RIMAC;2024-05-16;3;1;1;NO APLICA;2
SEC04261;2;2019-01-02;6;3;PERÚ;2;EDUCADORES DE CALLE;HUANCAVELICA;HUANCAVELICA;HUANCAVELICA;2024-05-16;1;1;1;NO APLICA;2
SEC04262;1;2018-02-24;7;3;PERÚ;2;EDUCADORES DE CALLE;HUANCAVELICA;HUANCAVELICA;HUANCAVELICA;2024-05-16;1;1;1;NO APLICA;2
SEC04263;2;2011-02-17;14;4;PERÚ;2;EDUCADORES DE CALLE;HUANCAVELICA;HUANCAVELICA;HUANCAVELICA;2024-05-16;1;1;1;NO APLICA;2
SEC04264;2;2015-10-10;9;3;PERÚ;2;EDUCADORES DE CALLE;HUANCAVELICA;HUANCAVELICA;HUANCAVELICA;2024-05-16;1;1;1;NO APLICA;2
SEC04265;2;2016-02-22;9;3;PERÚ;2;EDUCADORES DE CALLE;HUANCAVELICA;HUANCAVELICA;HUANCAVELICA;2024-05-16;1;1;1;NO APLICA;2
SEC04266;1;2018-02-24;7;3;PERÚ;2;EDUCADORES DE CALLE;HUANCAVELICA;HUANCAVELICA;HUANCAVELICA;2024-05-16;1;1;1;NO APLICA;2
SEC04267;1;2016-08-05;8;3;PERÚ;2;EDUCADORES DE CALLE;TUMBES;TUMBES;TUMBES;2024-05-17;1;1;1;NO APLICA;2
SEC04268;2;2016-09-11;8;3;PERÚ;2;EDUCADORES DE CALLE;TUMBES;TUMBES;TUMBES;2024-05-17;1;1;1;NO APLICA;2
SEC04269;2;2021-02-28;4;2;PERÚ;2;EDUCADORES DE CALLE;TUMBES;TUMBES;TUMBES;2024-05-17;1;1;1;NO APLICA;2
SEC04270;1;2020-02-01;5;2;PERÚ;2;EDUCADORES DE CALLE;TUMBES;TUMBES;TUMBES;2024-05-17;1;1;1;NO APLICA;2
SEC04271;1;2021-08-03;3;2;PERÚ;2;EDUCADORES DE CALLE;TUMBES;TUMBES;TUMBES;2024-05-17;1;1;1;NO APLICA;2
SEC04272;2;2020-04-13;5;2;PERÚ;2;EDUCADORES DE CALLE;TUMBES;TUMBES;TUMBES;2024-05-17;1;1;1;NO APLICA;2
SEC04273;1;2016-10-26;8;3;PERÚ;2;EDUCADORES DE CALLE;TUMBES;TUMBES;TUMBES;2024-05-17;1;1;1;NO APLICA;2
SEC04274;2;2008-11-16;16;4;PERÚ;2;EDUCADORES DE CALLE;MOQUEGUA;MARISCAL NIETO;MOQUEGUA;2024-05-17;1;1;1;NO APLICA;2
SEC04275;2;2008-05-09;16;4;PERÚ;2;EDUCADORES DE CALLE;TUMBES;TUMBES;TUMBES;2024-05-17;1;1;1;NO APLICA;2
SEC04276;1;2010-09-03;14;4;PERÚ;2;EDUCADORES DE CALLE;TUMBES;TUMBES;TUMBES;2024-05-17;1;1;1;NO APLICA;2
SEC04277;2;2021-04-13;4;2;PERÚ;2;EDUCADORES DE CALLE;TUMBES;TUMBES;TUMBES;2024-05-17;1;1;1;NO APLICA;2
SEC04278;2;2009-09-01;15;4;PERÚ;2;EDUCADORES DE CALLE;PIURA;PIURA;PIURA;2024-05-20;1;1;1;NO APLICA;2
SEC04279;1;2012-09-04;12;4;PERÚ;2;EDUCADORES DE CALLE;PIURA;PIURA;PIURA;2024-05-20;1;1;1;NO APLICA;2
SEC04280;1;2014-04-11;11;3;PERÚ;2;EDUCADORES DE CALLE;LIMA;LIMA;SAN JUAN DE LURIGANCHO;2024-05-20;2;1;1;NO APLICA;2
SEC04281;1;2013-02-10;12;4;PERÚ;2;EDUCADORES DE CALLE;LIMA;LIMA;SAN JUAN DE LURIGANCHO;2024-05-20;2;1;1;NO APLICA;1
SEC04282;2;2019-04-13;6;3;PERÚ;2;EDUCADORES DE CALLE;PIURA;PIURA;PIURA;2024-05-20;1;1;1;NO APLICA;2
SEC04283;2;2014-03-16;11;3;PERÚ;2;EDUCADORES DE CALLE;LA LIBERTAD;TRUJILLO;TRUJILLO;2024-05-21;1;1;1;NO APLICA;2
SEC04284;2;2016-01-15;9;3;PERÚ;2;EDUCADORES DE CALLE;LA LIBERTAD;TRUJILLO;TRUJILLO;2024-05-21;1;1;1;NO APLICA;2
SEC04285;1;2018-02-28;7;3;PERÚ;2;EDUCADORES DE CALLE;LIMA;HUARAL;HUARAL;2024-05-21;1;1;1;NO APLICA;2
SEC04286;1;2012-11-13;12;4;PERÚ;2;EDUCADORES DE CALLE;LIMA;LIMA;SAN JUAN DE LURIGANCHO;2024-05-21;1;1;1;NO APLICA;2
SEC04287;1;2013-10-08;11;3;PERÚ;2;EDUCADORES DE CALLE;LIMA;HUARAL;HUARAL;2024-05-21;1;1;1;NO APLICA;2
SEC04288;2;2021-03-17;4;2;PERÚ;2;EDUCADORES DE CALLE;PUNO;PUNO;PUNO;2024-05-22;1;1;1;NO APLICA;2
SEC04289;2;2016-06-17;8;3;PERÚ;2;EDUCADORES DE CALLE;LIMA;LIMA;SAN JUAN DE LURIGANCHO;2024-05-22;1;1;1;NO APLICA;2
SEC04290;2;2017-07-28;7;3;PERÚ;2;EDUCADORES DE CALLE;PUNO;PUNO;PUNO;2024-05-22;1;1;1;NO APLICA;2
SEC04291;1;2010-01-04;15;4;PERÚ;2;EDUCADORES DE CALLE;AREQUIPA;AREQUIPA;JOSE LUIS BUSTAMANTE Y RIVERO;2024-05-22;1;1;1;NO APLICA;2
SEC04292;1;2013-09-16;11;3;PERÚ;2;EDUCADORES DE CALLE;CAJAMARCA;CAJAMARCA;CAJAMARCA;2024-05-22;2;1;1;NO APLICA;2
SEC04293;1;2012-08-24;12;4;PERÚ;2;EDUCADORES DE CALLE;PIURA;PIURA;PIURA;2024-05-22;1;1;1;NO APLICA;2
SEC04294;2;2013-01-17;12;4;PERÚ;2;EDUCADORES DE CALLE;PUNO;PUNO;PUNO;2024-05-22;1;1;1;NO APLICA;2
SEC04295;2;2014-09-02;10;3;PERÚ;2;EDUCADORES DE CALLE;PUNO;PUNO;PUNO;2024-05-22;1;1;1;NO APLICA;2
SEC04296;2;2015-09-21;9;3;PERÚ;2;EDUCADORES DE CALLE;PUNO;PUNO;PUNO;2024-05-22;1;1;1;NO APLICA;2
SEC04297;2;2020-08-11;4;2;PERÚ;2;EDUCADORES DE CALLE;PUNO;PUNO;PUNO;2024-05-22;1;1;1;NO APLICA;2
SEC04298;2;2020-09-20;4;2;PERÚ;2;EDUCADORES DE CALLE;LIMA;CALLAO;VENTANILLA;2024-05-23;1;1;1;NO APLICA;2
SEC04299;2;2020-10-07;4;2;PERÚ;1;EDUCADORES DE CALLE;LAMBAYEQUE;CHICLAYO;CHICLAYO;2024-05-23;1;1;1;NO APLICA;2
SEC04300;2;2020-07-29;4;2;PERÚ;2;EDUCADORES DE CALLE;AREQUIPA;AREQUIPA;JOSE LUIS BUSTAMANTE Y RIVERO;2024-05-23;1;1;1;NO APLICA;2
SEC04301;1;2008-06-28;16;4;PERÚ;2;EDUCADORES DE CALLE;LIMA;LIMA;RIMAC;2024-05-23;3;1;1;NO APLICA;2
SEC04302;1;2007-02-22;18;5;PERÚ;1;EDUCADORES DE CALLE;LAMBAYEQUE;CHICLAYO;CHICLAYO;2024-05-23;2;1;2;2025-03-01;2
SEC04303;2;2009-05-22;15;4;PERÚ;2;EDUCADORES DE CALLE;HUANCAVELICA;HUANCAVELICA;HUANCAVELICA;2024-05-23;1;1;1;NO APLICA;2
SEC04304;2;2016-06-11;8;3;PERÚ;2;EDUCADORES DE CALLE;LIMA;HUARAL;HUARAL;2024-05-23;1;1;1;NO APLICA;2
SEC04305;2;2015-07-31;9;3;PERÚ;2;EDUCADORES DE CALLE;PUNO;PUNO;PUNO;2024-05-23;1;1;1;NO APLICA;2
SEC04306;2;2020-11-05;4;2;PERÚ;2;EDUCADORES DE CALLE;PUNO;PUNO;PUNO;2024-05-23;1;1;1;NO APLICA;2
SEC04307;1;2021-01-14;4;2;PERÚ;2;EDUCADORES DE CALLE;LAMBAYEQUE;CHICLAYO;CHICLAYO;2024-05-23;1;1;1;NO APLICA;2
SEC04308;1;2007-06-12;17;4;PERÚ;2;EDUCADORES DE CALLE;LAMBAYEQUE;CHICLAYO;CHICLAYO;2024-05-23;1;1;1;NO APLICA;2
SEC04309;1;2020-11-24;4;2;PERÚ;2;EDUCADORES DE CALLE;LAMBAYEQUE;CHICLAYO;CHICLAYO;2024-05-23;1;1;1;NO APLICA;2
SEC04310;1;2020-01-25;5;2;PERÚ;2;EDUCADORES DE CALLE;PUNO;PUNO;PUNO;2024-05-23;1;1;1;NO APLICA;2
SEC04311;1;2020-06-13;4;2;PERÚ;2;EDUCADORES DE CALLE;AREQUIPA;AREQUIPA;JOSE LUIS BUSTAMANTE Y RIVERO;2024-05-23;1;1;1;NO APLICA;2
SEC04312;1;2015-11-25;9;3;PERÚ;2;EDUCADORES DE CALLE;PUNO;PUNO;PUNO;2024-05-23;1;1;1;NO APLICA;2
SEC04313;2;2012-10-20;12;4;PERÚ;2;EDUCADORES DE CALLE;PASCO;PASCO;YANACANCHA;2024-05-23;1;1;1;NO APLICA;2
SEC04314;2;2012-10-06;12;4;PERÚ;2;EDUCADORES DE CALLE;LAMBAYEQUE;CHICLAYO;CHICLAYO;2024-05-23;1;1;1;NO APLICA;2
SEC04315;2;2013-08-25;11;3;PERÚ;2;EDUCADORES DE CALLE;PUNO;PUNO;PUNO;2024-05-23;1;1;1;NO APLICA;2
SEC04316;2;2013-09-15;11;3;PERÚ;2;EDUCADORES DE CALLE;TACNA;TACNA;CIUDAD NUEVA;2024-05-23;1;1;1;NO APLICA;2
SEC04317;2;2013-10-05;11;3;PERÚ;2;EDUCADORES DE CALLE;LIMA;CALLAO;VENTANILLA;2024-05-23;1;1;1;NO APLICA;2
SEC04318;2;2013-12-06;11;3;PERÚ;2;EDUCADORES DE CALLE;LAMBAYEQUE;CHICLAYO;CHICLAYO;2024-05-23;1;1;1;NO APLICA;2
SEC04319;1;2014-12-15;10;3;PERÚ;2;EDUCADORES DE CALLE;AREQUIPA;AREQUIPA;JOSE LUIS BUSTAMANTE Y RIVERO;2024-05-23;1;1;1;NO APLICA;2
SEC04320;2;2016-01-16;9;3;PERÚ;2;EDUCADORES DE CALLE;LAMBAYEQUE;CHICLAYO;CHICLAYO;2024-05-23;2;1;1;NO APLICA;2
SEC04321;2;2016-03-03;9;3;PERÚ;2;EDUCADORES DE CALLE;HUANCAVELICA;HUANCAVELICA;HUANCAVELICA;2024-05-23;1;1;1;NO APLICA;2
SEC04322;1;2016-09-30;8;3;PERÚ;2;EDUCADORES DE CALLE;CAJAMARCA;CAJAMARCA;CAJAMARCA;2024-05-23;1;1;2;2025-04-23;2
SEC04323;1;2010-07-25;14;4;PERÚ;2;EDUCADORES DE CALLE;LIMA;LIMA;LIMA;2024-05-23;3;5;1;NO APLICA;2
SEC04324;2;2020-04-26;5;2;PERÚ;2;EDUCADORES DE CALLE;LIMA;LIMA;LIMA;2024-05-23;3;5;1;NO APLICA;2
SEC04325;2;2021-09-11;3;2;PERÚ;2;EDUCADORES DE CALLE;LIMA;LIMA;PUENTE PIEDRA;2024-05-24;1;1;1;NO APLICA;2
SEC04326;1;2013-07-19;11;3;PERÚ;2;EDUCADORES DE CALLE;LIMA;LIMA;VILLA MARIA DEL TRIUNFO;2024-05-24;1;1;1;NO APLICA;2
SEC04327;1;2013-01-12;12;4;PERÚ;2;EDUCADORES DE CALLE;APURÍMAC;ABANCAY;ABANCAY;2024-05-24;1;1;2;2025-04-24;2
SEC04328;2;2021-03-28;4;2;PERÚ;2;EDUCADORES DE CALLE;AREQUIPA;AREQUIPA;CERRO COLORADO;2024-05-24;1;1;1;NO APLICA;2
SEC04329;2;2009-06-25;15;4;PERÚ;2;EDUCADORES DE CALLE;LIMA;LIMA;SANTIAGO DE SURCO;2024-05-24;1;1;1;NO APLICA;2
SEC04330;1;2015-05-01;9;3;PERÚ;2;EDUCADORES DE CALLE;LIMA;LIMA;VILLA MARIA DEL TRIUNFO;2024-05-24;1;1;1;NO APLICA;2
SEC04331;2;2020-09-30;4;2;PERÚ;1;EDUCADORES DE CALLE;LIMA;LIMA;SANTIAGO DE SURCO;2024-05-24;2;1;1;NO APLICA;2
SEC04332;2;2013-08-25;11;3;PERÚ;2;EDUCADORES DE CALLE;LIMA;LIMA;VILLA MARIA DEL TRIUNFO;2024-05-24;1;1;1;NO APLICA;2
SEC04333;2;2017-01-22;8;3;PERÚ;2;EDUCADORES DE CALLE;AYACUCHO;HUAMANGA;AYACUCHO;2024-05-24;1;1;1;NO APLICA;2
SEC04334;2;2020-12-21;4;2;PERÚ;2;EDUCADORES DE CALLE;LIMA;LIMA;SANTIAGO DE SURCO;2024-05-24;2;1;1;NO APLICA;2
SEC04335;2;2020-09-17;4;2;PERÚ;2;EDUCADORES DE CALLE;APURÍMAC;ABANCAY;ABANCAY;2024-05-24;1;1;1;NO APLICA;2
SEC04336;1;2020-11-26;4;2;PERÚ;2;EDUCADORES DE CALLE;PIURA;SULLANA;SULLANA;2024-05-24;1;1;1;NO APLICA;2
SEC04337;1;2021-03-16;4;2;PERÚ;2;EDUCADORES DE CALLE;CUSCO;CUSCO;SAN JERONIMO;2024-05-24;1;1;1;NO APLICA;2
SEC04338;1;2021-09-21;3;2;PERÚ;2;EDUCADORES DE CALLE;MOQUEGUA;MARISCAL NIETO;MOQUEGUA;2024-05-24;1;1;1;NO APLICA;2
SEC04339;1;2021-05-07;3;2;PERÚ;2;EDUCADORES DE CALLE;CAJAMARCA;CAJAMARCA;CAJAMARCA;2024-05-24;1;1;1;NO APLICA;2
SEC04340;1;2008-06-22;16;4;PERÚ;2;EDUCADORES DE CALLE;CAJAMARCA;CAJAMARCA;CAJAMARCA;2024-05-24;1;1;1;NO APLICA;2
SEC04341;1;2021-06-04;3;2;PERÚ;2;EDUCADORES DE CALLE;CAJAMARCA;CAJAMARCA;CAJAMARCA;2024-05-24;1;1;1;NO APLICA;2
SEC04342;1;2008-10-17;16;4;PERÚ;2;EDUCADORES DE CALLE;LIMA;LIMA;VILLA MARIA DEL TRIUNFO;2024-05-24;1;1;1;NO APLICA;2
SEC04343;1;2009-03-15;16;4;PERÚ;2;EDUCADORES DE CALLE;LIMA;LIMA;ATE;2024-05-24;1;1;1;NO APLICA;2
SEC04344;2;2021-06-24;3;2;PERÚ;2;EDUCADORES DE CALLE;LIMA;LIMA;COMAS;2024-05-24;1;1;1;NO APLICA;2
SEC04345;2;2016-05-23;8;3;PERÚ;2;EDUCADORES DE CALLE;LIMA;LIMA;VILLA MARIA DEL TRIUNFO;2024-05-24;1;1;1;NO APLICA;2
SEC04346;2;2016-12-15;8;3;PERÚ;2;EDUCADORES DE CALLE;PIURA;SULLANA;SULLANA;2024-05-24;1;1;1;NO APLICA;2
SEC04347;2;2020-05-05;4;2;PERÚ;2;EDUCADORES DE CALLE;CUSCO;CUSCO;SAN JERONIMO;2024-05-24;1;1;1;NO APLICA;2
SEC04348;2;2020-05-29;4;2;PERÚ;2;EDUCADORES DE CALLE;MOQUEGUA;ILO;ILO;2024-05-24;1;1;1;NO APLICA;2
SEC04349;1;2020-04-24;5;2;PERÚ;2;EDUCADORES DE CALLE;LIMA;LIMA;SURQUILLO;2024-05-24;1;1;1;NO APLICA;2
SEC04350;1;2007-10-02;17;4;PERÚ;2;EDUCADORES DE CALLE;CUSCO;CUSCO;SAN JERONIMO;2024-05-24;1;1;1;NO APLICA;2
SEC04351;1;2021-06-27;3;2;PERÚ;2;EDUCADORES DE CALLE;PIURA;SULLANA;SULLANA;2024-05-24;1;1;1;NO APLICA;2
SEC04352;2;2021-03-31;4;2;PERÚ;2;EDUCADORES DE CALLE;PIURA;SULLANA;SULLANA;2024-05-24;1;1;1;NO APLICA;2
SEC04353;2;2012-03-22;13;4;PERÚ;2;EDUCADORES DE CALLE;MOQUEGUA;ILO;ILO;2024-05-24;1;1;1;NO APLICA;2
SEC04354;1;2007-12-23;17;4;PERÚ;2;EDUCADORES DE CALLE;LA LIBERTAD;TRUJILLO;TRUJILLO;2024-05-24;1;1;1;NO APLICA;2
SEC04355;1;2021-03-23;4;2;PERÚ;1;EDUCADORES DE CALLE;LIMA;LIMA;ATE;2024-05-24;1;1;1;NO APLICA;2
SEC04356;1;2021-02-26;4;2;PERÚ;2;EDUCADORES DE CALLE;LIMA;LIMA;PUENTE PIEDRA;2024-05-24;1;1;1;NO APLICA;2
SEC04357;2;2011-01-16;14;4;PERÚ;2;EDUCADORES DE CALLE;LIMA;LIMA;PUENTE PIEDRA;2024-05-24;1;1;1;NO APLICA;2
SEC04358;1;2013-08-16;11;3;PERÚ;2;EDUCADORES DE CALLE;LIMA;LIMA;PUENTE PIEDRA;2024-05-24;1;1;1;NO APLICA;2
SEC04359;1;2010-02-21;15;4;PERÚ;2;EDUCADORES DE CALLE;LIMA;LIMA;PUENTE PIEDRA;2024-05-24;1;1;1;NO APLICA;2
SEC04360;2;2014-07-06;10;3;PERÚ;2;EDUCADORES DE CALLE;APURÍMAC;ABANCAY;ABANCAY;2024-05-24;1;1;1;NO APLICA;2
SEC04361;1;2014-08-07;10;3;PERÚ;2;EDUCADORES DE CALLE;APURÍMAC;ABANCAY;ABANCAY;2024-05-24;1;1;2;2025-04-24;2
SEC04362;1;2014-11-10;10;3;PERÚ;2;EDUCADORES DE CALLE;LIMA;LIMA;PUENTE PIEDRA;2024-05-24;1;1;1;NO APLICA;2
SEC04363;1;2020-07-28;4;2;PERÚ;2;EDUCADORES DE CALLE;MOQUEGUA;MARISCAL NIETO;MOQUEGUA;2024-05-24;1;1;1;NO APLICA;2
SEC04364;2;2015-05-20;9;3;PERÚ;2;EDUCADORES DE CALLE;LIMA;LIMA;LA VICTORIA;2024-05-24;1;1;1;NO APLICA;2
SEC04365;1;2013-08-11;11;3;PERÚ;2;EDUCADORES DE CALLE;PIURA;SULLANA;SULLANA;2024-05-24;1;1;1;NO APLICA;2
SEC04366;2;2013-06-05;11;3;PERÚ;2;EDUCADORES DE CALLE;CUSCO;CUSCO;SAN JERONIMO;2024-05-24;1;1;1;NO APLICA;2
SEC04367;2;2014-07-27;10;3;PERÚ;2;EDUCADORES DE CALLE;CUSCO;CUSCO;SAN JERONIMO;2024-05-24;1;1;1;NO APLICA;2
SEC04368;2;2021-03-12;4;2;PERÚ;2;EDUCADORES DE CALLE;LIMA;LIMA;LA VICTORIA;2024-05-24;1;1;1;NO APLICA;2
SEC04369;2;2021-02-22;4;2;PERÚ;2;EDUCADORES DE CALLE;LIMA;LIMA;SURQUILLO;2024-05-24;1;1;1;NO APLICA;2
SEC04370;2;2022-05-04;2;2;PERÚ;2;EDUCADORES DE CALLE;LIMA;LIMA;SURQUILLO;2024-05-24;1;1;1;NO APLICA;2
SEC04371;1;2020-07-29;4;2;PERÚ;2;EDUCADORES DE CALLE;PIURA;SULLANA;SULLANA;2024-05-24;1;1;1;NO APLICA;2
SEC04372;2;2020-09-25;4;2;PERÚ;2;EDUCADORES DE CALLE;PIURA;SULLANA;SULLANA;2024-05-24;1;1;1;NO APLICA;2
SEC04373;2;2007-03-05;18;5;PERÚ;2;EDUCADORES DE CALLE;AREQUIPA;AREQUIPA;AREQUIPA;2024-05-25;1;1;2;2025-03-05;2
SEC04374;2;2020-12-15;4;2;PERÚ;2;EDUCADORES DE CALLE;PASCO;PASCO;YANACANCHA;2024-05-25;1;1;1;NO APLICA;2
SEC04375;1;2008-05-16;16;4;PERÚ;2;EDUCADORES DE CALLE;PASCO;PASCO;CHAUPIMARCA;2024-05-25;1;1;1;NO APLICA;2
SEC04376;2;2020-08-09;4;2;PERÚ;2;EDUCADORES DE CALLE;PASCO;PASCO;SIMON BOLIVAR;2024-05-25;1;1;1;NO APLICA;2
SEC04377;1;2020-04-26;5;2;PERÚ;2;EDUCADORES DE CALLE;PASCO;PASCO;CHAUPIMARCA;2024-05-25;1;1;1;NO APLICA;2
SEC04378;1;2009-03-15;16;4;PERÚ;2;EDUCADORES DE CALLE;PASCO;PASCO;CHAUPIMARCA;2024-05-25;1;1;1;NO APLICA;2
SEC04379;1;2021-03-23;4;2;PERÚ;2;EDUCADORES DE CALLE;CAJAMARCA;CAJAMARCA;CAJAMARCA;2024-05-25;2;1;1;NO APLICA;2
SEC04380;2;2021-05-02;3;2;PERÚ;2;EDUCADORES DE CALLE;PASCO;PASCO;SIMON BOLIVAR;2024-05-25;1;1;1;NO APLICA;2
SEC04381;2;2021-05-09;3;2;PERÚ;2;EDUCADORES DE CALLE;PIURA;SULLANA;SULLANA;2024-05-25;1;1;1;NO APLICA;2
SEC04382;2;2008-04-03;17;4;PERÚ;2;EDUCADORES DE CALLE;PASCO;PASCO;SIMON BOLIVAR;2024-05-25;1;1;1;NO APLICA;2
SEC04383;1;2020-05-20;4;2;PERÚ;2;EDUCADORES DE CALLE;AREQUIPA;AREQUIPA;AREQUIPA;2024-05-25;1;1;1;NO APLICA;2
SEC04384;2;2013-02-13;12;4;PERÚ;2;EDUCADORES DE CALLE;AREQUIPA;AREQUIPA;AREQUIPA;2024-05-25;1;1;1;NO APLICA;2
SEC04385;1;2020-06-20;4;2;PERÚ;2;EDUCADORES DE CALLE;CAJAMARCA;CAJAMARCA;CAJAMARCA;2024-05-25;1;1;1;NO APLICA;2
SEC04386;1;2014-12-09;10;3;PERÚ;2;EDUCADORES DE CALLE;CAJAMARCA;CAJAMARCA;CAJAMARCA;2024-05-25;1;1;1;NO APLICA;2
SEC04387;2;2020-10-31;4;2;PERÚ;2;EDUCADORES DE CALLE;LIMA;LIMA;SAN JUAN DE LURIGANCHO;2024-05-25;3;1;1;NO APLICA;2
SEC04388;2;2021-01-02;4;2;PERÚ;2;EDUCADORES DE CALLE;CAJAMARCA;CAJAMARCA;CAJAMARCA;2024-05-25;2;1;1;NO APLICA;2
SEC04389;2;2010-05-25;14;4;PERÚ;2;EDUCADORES DE CALLE;AREQUIPA;AREQUIPA;AREQUIPA;2024-05-25;1;1;1;NO APLICA;2
SEC04390;1;2011-05-29;13;4;PERÚ;2;EDUCADORES DE CALLE;PASCO;PASCO;CHAUPIMARCA;2024-05-25;1;1;1;NO APLICA;2
SEC04391;1;2021-12-11;3;2;PERÚ;2;EDUCADORES DE CALLE;PIURA;SULLANA;SULLANA;2024-05-25;1;1;1;NO APLICA;2
SEC04392;1;2012-12-18;12;4;PERÚ;2;EDUCADORES DE CALLE;CAJAMARCA;CAJAMARCA;CAJAMARCA;2024-05-25;2;1;1;NO APLICA;2
SEC04393;2;2014-07-15;10;3;PERÚ;2;EDUCADORES DE CALLE;PASCO;PASCO;SIMON BOLIVAR;2024-05-25;1;1;2;2025-05-24;2
SEC04394;2;2013-10-30;11;3;PERÚ;2;EDUCADORES DE CALLE;AREQUIPA;AREQUIPA;JOSE LUIS BUSTAMANTE Y RIVERO;2024-05-25;1;1;1;NO APLICA;2
SEC04395;2;2015-06-02;9;3;PERÚ;2;EDUCADORES DE CALLE;PIURA;SULLANA;SULLANA;2024-05-25;1;1;1;NO APLICA;2
SEC04396;1;2013-12-25;11;3;PERÚ;2;EDUCADORES DE CALLE;ICA;CHINCHA;CHINCHA ALTA;2024-05-26;1;2;1;NO APLICA;2
SEC04397;1;2020-04-05;5;2;PERÚ;2;EDUCADORES DE CALLE;ICA;CHINCHA;CHINCHA ALTA;2024-05-26;1;1;1;NO APLICA;2
SEC04398;2;2016-12-23;8;3;PERÚ;2;EDUCADORES DE CALLE;ICA;CHINCHA;CHINCHA ALTA;2024-05-26;1;1;1;NO APLICA;2
SEC04399;2;2020-06-18;4;2;PERÚ;2;EDUCADORES DE CALLE;AYACUCHO;HUAMANGA;SAN JUAN BAUTISTA;2024-05-26;1;1;1;NO APLICA;2
SEC04400;2;2020-08-11;4;2;PERÚ;2;EDUCADORES DE CALLE;ICA;CHINCHA;CHINCHA ALTA;2024-05-26;1;2;1;NO APLICA;2
SEC04401;2;2013-07-18;11;3;PERÚ;2;EDUCADORES DE CALLE;ICA;CHINCHA;CHINCHA ALTA;2024-05-26;1;1;1;NO APLICA;2
SEC04402;2;2021-10-27;3;2;PERÚ;2;EDUCADORES DE CALLE;ICA;CHINCHA;CHINCHA ALTA;2024-05-26;1;1;1;NO APLICA;2
SEC04403;1;2020-06-09;4;2;PERÚ;2;EDUCADORES DE CALLE;ICA;CHINCHA;CHINCHA ALTA;2024-05-26;1;1;1;NO APLICA;2
SEC04404;1;2021-01-16;4;2;PERÚ;2;EDUCADORES DE CALLE;ICA;CHINCHA;CHINCHA ALTA;2024-05-26;1;1;1;NO APLICA;2
SEC04405;1;2020-09-12;4;2;PERÚ;2;EDUCADORES DE CALLE;JUNÍN;HUANCAYO;HUANCAYO;2024-05-27;1;1;1;NO APLICA;2
SEC04406;1;2020-08-02;4;2;PERÚ;2;EDUCADORES DE CALLE;AYACUCHO;HUAMANGA;SAN JUAN BAUTISTA;2024-05-27;1;1;1;NO APLICA;2
SEC04407;2;2020-07-13;4;2;PERÚ;2;EDUCADORES DE CALLE;JUNÍN;HUANCAYO;HUANCAYO;2024-05-27;1;1;1;NO APLICA;2
SEC04408;2;2020-06-25;4;2;PERÚ;2;EDUCADORES DE CALLE;JUNÍN;HUANCAYO;HUANCAYO;2024-05-27;1;1;1;NO APLICA;2
SEC04409;2;2020-04-19;5;2;PERÚ;2;EDUCADORES DE CALLE;JUNÍN;HUANCAYO;HUANCAYO;2024-05-27;1;1;1;NO APLICA;2
SEC04410;2;2007-10-29;17;4;PERÚ;2;EDUCADORES DE CALLE;JUNÍN;HUANCAYO;HUANCAYO;2024-05-27;1;1;1;NO APLICA;2
SEC04411;1;2021-02-20;4;2;PERÚ;2;EDUCADORES DE CALLE;ICA;ICA;ICA;2024-05-27;1;1;1;NO APLICA;2
SEC04412;1;2007-02-25;18;5;PERÚ;2;EDUCADORES DE CALLE;AYACUCHO;HUAMANGA;SAN JUAN BAUTISTA;2024-05-27;1;1;1;NO APLICA;2
SEC04413;2;2014-03-25;11;3;PERÚ;2;EDUCADORES DE CALLE;JUNÍN;HUANCAYO;HUANCAYO;2024-05-27;1;1;1;NO APLICA;2
SEC04414;2;2016-10-01;8;3;PERÚ;2;EDUCADORES DE CALLE;APURÍMAC;ABANCAY;ABANCAY;2024-05-27;1;1;1;NO APLICA;2
SEC04415;2;2013-02-23;12;4;PERÚ;2;EDUCADORES DE CALLE;JUNÍN;HUANCAYO;HUANCAYO;2024-05-27;1;1;1;NO APLICA;2
SEC04416;1;2015-05-11;9;3;PERÚ;2;EDUCADORES DE CALLE;JUNÍN;HUANCAYO;HUANCAYO;2024-05-27;1;1;2;2025-02-25;2
SEC04417;1;2020-10-28;4;2;PERÚ;2;EDUCADORES DE CALLE;JUNÍN;HUANCAYO;HUANCAYO;2024-05-27;1;1;1;NO APLICA;2
SEC04418;2;2018-09-18;6;3;PERÚ;2;EDUCADORES DE CALLE;JUNÍN;HUANCAYO;HUANCAYO;2024-05-27;1;1;1;NO APLICA;2
SEC04419;2;2007-06-12;17;4;PERÚ;2;EDUCADORES DE CALLE;AYACUCHO;HUAMANGA;SAN JUAN BAUTISTA;2024-05-27;1;1;1;NO APLICA;2
SEC04420;2;2021-02-28;4;2;PERÚ;2;EDUCADORES DE CALLE;JUNÍN;HUANCAYO;HUANCAYO;2024-05-27;1;1;1;NO APLICA;2
SEC04421;2;2014-03-25;11;3;PERÚ;2;EDUCADORES DE CALLE;JUNÍN;HUANCAYO;HUANCAYO;2024-05-27;1;1;1;NO APLICA;2
SEC04422;2;2015-06-10;9;3;PERÚ;2;EDUCADORES DE CALLE;JUNÍN;HUANCAYO;HUANCAYO;2024-05-27;1;1;1;NO APLICA;2
SEC04423;2;2020-09-23;4;2;PERÚ;2;EDUCADORES DE CALLE;AYACUCHO;HUAMANGA;SAN JUAN BAUTISTA;2024-05-27;1;1;1;NO APLICA;2
SEC04424;1;2012-09-07;12;4;PERÚ;2;EDUCADORES DE CALLE;AREQUIPA;AREQUIPA;JOSE LUIS BUSTAMANTE Y RIVERO;2024-05-30;1;1;1;NO APLICA;2
SEC04425;2;2013-03-28;12;4;PERÚ;2;EDUCADORES DE CALLE;LIMA;LIMA;CARABAYLLO;2024-05-31;1;1;1;NO APLICA;2
SEC04426;2;2021-01-14;4;2;PERÚ;2;EDUCADORES DE CALLE;LIMA;LIMA;CARABAYLLO;2024-05-31;1;1;1;NO APLICA;2
SEC04427;1;2012-10-16;12;4;PERÚ;2;EDUCADORES DE CALLE;LIMA;LIMA;CARABAYLLO;2024-05-31;1;1;1;NO APLICA;2
SEC04428;1;2020-08-15;4;2;PERÚ;2;EDUCADORES DE CALLE;JUNÍN;HUANCAYO;HUANCAYO;2024-05-31;1;1;1;NO APLICA;2
SEC04429;1;2021-05-06;3;2;PERÚ;2;EDUCADORES DE CALLE;LIMA;LIMA;CARABAYLLO;2024-05-31;1;1;1;NO APLICA;2
SEC04430;2;2012-01-27;13;4;PERÚ;2;EDUCADORES DE CALLE;HUÁNUCO;HUÁNUCO;HUÁNUCO;2024-06-01;1;1;1;NO APLICA;2
SEC04431;2;2008-01-14;17;4;PERÚ;2;EDUCADORES DE CALLE;LIMA;LIMA;ATE;2024-06-04;3;1;1;NO APLICA;2
SEC04432;2;2015-05-20;9;3;PERÚ;2;EDUCADORES DE CALLE;LIMA;LIMA;EL AGUSTINO;2024-06-04;2;1;1;NO APLICA;2
SEC04433;2;2016-09-01;8;3;PERÚ;2;EDUCADORES DE CALLE;LIMA;LIMA;EL AGUSTINO;2024-06-04;2;1;1;NO APLICA;2
SEC04434;2;2018-09-10;6;3;PERÚ;2;EDUCADORES DE CALLE;LIMA;LIMA;EL AGUSTINO;2024-06-04;2;1;1;NO APLICA;2
SEC04435;2;2009-05-17;15;4;PERÚ;2;EDUCADORES DE CALLE;LAMBAYEQUE;CHICLAYO;CHICLAYO;2024-06-05;1;1;1;NO APLICA;2
SEC04436;1;2010-02-08;15;4;PERÚ;2;EDUCADORES DE CALLE;LA LIBERTAD;TRUJILLO;TRUJILLO;2024-06-05;1;1;1;NO APLICA;2
SEC04437;1;2010-11-03;14;4;PERÚ;2;EDUCADORES DE CALLE;LA LIBERTAD;TRUJILLO;TRUJILLO;2024-06-05;1;1;1;NO APLICA;2
SEC04438;1;2013-06-03;11;3;PERÚ;1;EDUCADORES DE CALLE;LIMA;LIMA;LA VICTORIA;2024-06-05;3;1;1;NO APLICA;2
SEC04439;1;2014-01-07;11;3;PERÚ;2;EDUCADORES DE CALLE;AREQUIPA;AREQUIPA;JOSE LUIS BUSTAMANTE Y RIVERO;2024-06-05;1;1;1;NO APLICA;1
SEC04440;2;2017-09-04;7;3;PERÚ;2;EDUCADORES DE CALLE;MOQUEGUA;MARISCAL NIETO;MOQUEGUA;2024-06-05;1;1;1;NO APLICA;2
SEC04441;1;2011-02-21;14;4;PERÚ;2;EDUCADORES DE CALLE;LA LIBERTAD;TRUJILLO;TRUJILLO;2024-06-06;1;1;1;NO APLICA;2
SEC04442;2;2010-07-11;14;4;PERÚ;1;EDUCADORES DE CALLE;LIMA;LIMA;LIMA;2024-06-06;1;1;1;NO APLICA;2
SEC04443;1;2012-02-09;13;4;PERÚ;2;EDUCADORES DE CALLE;LIMA;LIMA;LIMA;2024-06-06;1;1;1;NO APLICA;2
SEC04444;2;2014-06-02;10;3;PERÚ;2;EDUCADORES DE CALLE;LAMBAYEQUE;CHICLAYO;CHICLAYO;2024-06-06;1;1;1;NO APLICA;2
SEC04445;1;2014-05-16;10;3;PERÚ;2;EDUCADORES DE CALLE;LIMA;LIMA;LIMA;2024-06-06;1;1;1;NO APLICA;2
SEC04446;1;2018-07-16;6;3;PERÚ;2;EDUCADORES DE CALLE;LAMBAYEQUE;CHICLAYO;CHICLAYO;2024-06-06;1;1;1;NO APLICA;2
SEC04447;1;2011-06-01;13;4;PERÚ;2;EDUCADORES DE CALLE;LA LIBERTAD;TRUJILLO;TRUJILLO;2024-06-08;1;1;1;NO APLICA;2
SEC04448;2;2011-03-28;14;4;PERÚ;2;EDUCADORES DE CALLE;LAMBAYEQUE;CHICLAYO;JOSE LEONARDO ORTIZ;2024-06-08;1;1;1;NO APLICA;1
SEC04449;1;2014-07-27;10;3;PERÚ;2;EDUCADORES DE CALLE;LAMBAYEQUE;CHICLAYO;JOSE LEONARDO ORTIZ;2024-06-08;1;1;1;NO APLICA;1
SEC04450;1;2008-04-20;17;4;PERÚ;2;EDUCADORES DE CALLE;LA LIBERTAD;TRUJILLO;TRUJILLO;2024-06-10;1;1;1;NO APLICA;2
SEC04451;1;2013-11-23;11;3;PERÚ;2;EDUCADORES DE CALLE;LA LIBERTAD;TRUJILLO;TRUJILLO;2024-06-10;1;1;1;NO APLICA;2
SEC04452;1;2009-08-12;15;4;PERÚ;2;EDUCADORES DE CALLE;LIMA;LIMA;ATE;2024-06-11;3;1;1;NO APLICA;2
SEC04453;1;2013-07-29;11;3;PERÚ;2;EDUCADORES DE CALLE;CUSCO;CUSCO;CUSCO;2024-06-11;1;1;1;NO APLICA;2
SEC04454;2;2008-11-20;16;4;PERÚ;2;EDUCADORES DE CALLE;CUSCO;CUSCO;CUSCO;2024-06-12;1;1;1;NO APLICA;2
SEC04455;1;2012-12-30;12;4;PERÚ;2;EDUCADORES DE CALLE;HUANCAVELICA;HUANCAVELICA;HUANCAVELICA;2024-06-12;1;1;1;NO APLICA;2
SEC04456;2;2015-11-14;9;3;PERÚ;2;EDUCADORES DE CALLE;AREQUIPA;AREQUIPA;JOSE LUIS BUSTAMANTE Y RIVERO;2024-06-13;1;1;1;NO APLICA;2
SEC04457;1;2016-05-29;8;3;PERÚ;2;EDUCADORES DE CALLE;HUANCAVELICA;HUANCAVELICA;HUANCAVELICA;2024-06-13;1;1;2;2025-03-26;2
SEC04458;1;2011-11-30;13;4;PERÚ;1;EDUCADORES DE CALLE;AREQUIPA;AREQUIPA;JOSE LUIS BUSTAMANTE Y RIVERO;2024-06-14;1;1;1;NO APLICA;2
SEC04459;2;2012-08-12;12;4;PERÚ;2;EDUCADORES DE CALLE;CUSCO;CUSCO;CUSCO;2024-06-14;1;1;1;NO APLICA;2
SEC04460;1;2011-12-25;13;4;PERÚ;2;EDUCADORES DE CALLE;HUANCAVELICA;HUANCAVELICA;HUANCAVELICA;2024-06-14;1;2;1;NO APLICA;2
SEC04461;1;2012-07-13;12;4;PERÚ;2;EDUCADORES DE CALLE;AREQUIPA;AREQUIPA;JOSE LUIS BUSTAMANTE Y RIVERO;2024-06-14;1;1;1;NO APLICA;1
SEC04462;1;2014-11-13;10;3;PERÚ;2;EDUCADORES DE CALLE;MOQUEGUA;MARISCAL NIETO;MOQUEGUA;2024-06-14;1;1;1;NO APLICA;2
SEC04463;2;2019-01-21;6;3;PERÚ;2;EDUCADORES DE CALLE;AREQUIPA;AREQUIPA;JOSE LUIS BUSTAMANTE Y RIVERO;2024-06-14;1;1;1;NO APLICA;1
SEC04464;2;2010-01-04;15;4;PERÚ;2;EDUCADORES DE CALLE;LIMA;LIMA;SAN JUAN DE LURIGANCHO;2024-06-15;2;1;1;NO APLICA;1
SEC04465;2;2017-08-31;7;3;PERÚ;2;EDUCADORES DE CALLE;HUANCAVELICA;HUANCAVELICA;HUANCAVELICA;2024-06-15;1;1;1;NO APLICA;2
SEC04466;2;2012-05-13;12;4;PERÚ;2;EDUCADORES DE CALLE;HUANCAVELICA;HUANCAVELICA;HUANCAVELICA;2024-06-16;1;1;1;NO APLICA;2
SEC04467;2;2012-05-14;12;4;PERÚ;2;EDUCADORES DE CALLE;HUANCAVELICA;HUANCAVELICA;HUANCAVELICA;2024-06-16;1;1;1;NO APLICA;2
SEC04468;1;2011-12-06;13;4;PERÚ;2;EDUCADORES DE CALLE;LIMA;LIMA;SAN JUAN DE LURIGANCHO;2024-06-18;1;1;1;NO APLICA;2
SEC04469;2;2010-04-26;15;4;PERÚ;2;EDUCADORES DE CALLE;CUSCO;CUSCO;CUSCO;2024-06-18;3;1;1;NO APLICA;2
SEC04470;2;2013-09-05;11;3;PERÚ;2;EDUCADORES DE CALLE;LIMA;HUARAL;HUARAL;2024-06-18;1;1;1;NO APLICA;2
SEC04471;2;2012-06-21;12;4;PERÚ;2;EDUCADORES DE CALLE;HUANCAVELICA;HUANCAVELICA;HUANCAVELICA;2024-06-18;1;1;1;NO APLICA;2
SEC04472;1;2015-02-06;10;3;PERÚ;2;EDUCADORES DE CALLE;LIMA;LIMA;SAN JUAN DE LURIGANCHO;2024-06-18;1;1;1;NO APLICA;2
SEC04474;2;2013-12-09;11;3;PERÚ;2;EDUCADORES DE CALLE;HUANCAVELICA;HUANCAVELICA;HUANCAVELICA;2024-06-18;1;1;1;NO APLICA;2
SEC04475;1;2017-02-26;8;3;PERÚ;2;EDUCADORES DE CALLE;APURÍMAC;ABANCAY;ABANCAY;2024-06-18;1;1;1;NO APLICA;2
SEC04476;1;2018-01-15;7;3;PERÚ;2;EDUCADORES DE CALLE;LIMA;LIMA;SAN JUAN DE LURIGANCHO;2024-06-18;1;1;1;NO APLICA;2
SEC04477;1;2018-01-15;7;3;PERÚ;2;EDUCADORES DE CALLE;LIMA;LIMA;SAN JUAN DE LURIGANCHO;2024-06-18;1;1;1;NO APLICA;2
SEC04478;2;2018-04-03;7;3;PERÚ;2;EDUCADORES DE CALLE;HUANCAVELICA;HUANCAVELICA;HUANCAVELICA;2024-06-18;1;1;1;NO APLICA;2
SEC04479;2;2018-08-10;6;3;VENEZUELA;2;EDUCADORES DE CALLE;LIMA;LIMA;CHORRILLOS;2024-06-18;1;5;1;NO APLICA;2
SEC04480;2;2013-11-07;11;3;VENEZUELA;2;EDUCADORES DE CALLE;LIMA;LIMA;CHORRILLOS;2024-06-18;1;5;1;NO APLICA;2
SEC04481;1;2011-04-28;14;4;VENEZUELA;2;EDUCADORES DE CALLE;LIMA;LIMA;CHORRILLOS;2024-06-18;1;5;1;NO APLICA;2
SEC04482;2;2006-11-30;18;5;PERÚ;2;EDUCADORES DE CALLE;LIMA;LIMA;SAN JUAN DE LURIGANCHO;2024-06-18;1;1;1;NO APLICA;2
SEC04483;1;2016-04-24;9;3;PERÚ;2;EDUCADORES DE CALLE;HUANCAVELICA;HUANCAVELICA;ASCENSION;2024-06-19;1;1;1;NO APLICA;2
SEC04484;1;2016-04-24;9;3;PERÚ;2;EDUCADORES DE CALLE;HUANCAVELICA;HUANCAVELICA;ASCENSION;2024-06-19;1;1;1;NO APLICA;2
SEC04485;1;2017-03-22;8;3;PERÚ;2;EDUCADORES DE CALLE;TACNA;TACNA;CIUDAD NUEVA;2024-06-19;1;1;1;NO APLICA;2
SEC04486;2;2017-07-24;7;3;PERÚ;2;EDUCADORES DE CALLE;AYACUCHO;HUAMANGA;AYACUCHO;2024-06-19;1;1;1;NO APLICA;2
SEC04487;2;2019-02-13;6;3;PERÚ;2;EDUCADORES DE CALLE;HUANCAVELICA;HUANCAVELICA;ASCENSION;2024-06-19;1;1;1;NO APLICA;2
SEC04488;1;2017-11-18;7;3;PERÚ;2;EDUCADORES DE CALLE;LAMBAYEQUE;CHICLAYO;CHICLAYO;2024-06-20;2;1;1;NO APLICA;2
SEC04489;1;2007-10-31;17;4;PERÚ;2;EDUCADORES DE CALLE;LAMBAYEQUE;CHICLAYO;CHICLAYO;2024-06-20;1;1;1;NO APLICA;2
SEC04490;2;2009-07-13;15;4;PERÚ;2;EDUCADORES DE CALLE;AREQUIPA;AREQUIPA;JOSE LUIS BUSTAMANTE Y RIVERO;2024-06-20;1;1;1;NO APLICA;2
SEC04491;2;2009-03-10;16;4;PERÚ;2;EDUCADORES DE CALLE;LIMA;LIMA;SAN JUAN DE LURIGANCHO;2024-06-20;1;1;1;NO APLICA;2
SEC04492;1;2010-03-24;15;4;PERÚ;2;EDUCADORES DE CALLE;LAMBAYEQUE;CHICLAYO;CHICLAYO;2024-06-20;1;1;1;NO APLICA;2
SEC04493;1;2011-11-20;13;4;PERÚ;2;EDUCADORES DE CALLE;LIMA;LIMA;SAN JUAN DE LURIGANCHO;2024-06-20;1;1;1;NO APLICA;2
SEC04494;1;2011-12-27;13;4;PERÚ;2;EDUCADORES DE CALLE;LAMBAYEQUE;CHICLAYO;CHICLAYO;2024-06-20;1;1;1;NO APLICA;2
SEC04495;2;2013-12-06;11;3;PERÚ;2;EDUCADORES DE CALLE;LAMBAYEQUE;CHICLAYO;CHICLAYO;2024-06-20;1;1;1;NO APLICA;2
SEC04496;1;2014-01-14;11;3;PERÚ;2;EDUCADORES DE CALLE;HUANCAVELICA;HUANCAVELICA;ASCENSION;2024-06-20;1;1;1;NO APLICA;2
SEC04497;2;2013-08-22;11;3;PERÚ;2;EDUCADORES DE CALLE;AREQUIPA;AREQUIPA;JOSE LUIS BUSTAMANTE Y RIVERO;2024-06-20;1;1;1;NO APLICA;2
SEC04498;1;2018-07-01;6;3;PERÚ;2;EDUCADORES DE CALLE;LAMBAYEQUE;CHICLAYO;CHICLAYO;2024-06-20;1;1;1;NO APLICA;2
SEC04499;1;2019-04-03;6;3;PERÚ;2;EDUCADORES DE CALLE;LAMBAYEQUE;CHICLAYO;CHICLAYO;2024-06-20;2;1;1;NO APLICA;2
SEC04500;1;2020-05-21;4;2;PERÚ;2;EDUCADORES DE CALLE;LIMA;LIMA;SAN JUAN DE LURIGANCHO;2024-06-20;1;1;1;NO APLICA;2
SEC04501;1;2014-04-01;11;3;PERÚ;2;EDUCADORES DE CALLE;LIMA;LIMA;SAN JUAN DE LURIGANCHO;2024-06-20;1;1;1;NO APLICA;2
SEC04502;2;2009-10-04;15;4;PERÚ;2;EDUCADORES DE CALLE;PIURA;PIURA;PIURA;2024-06-21;1;1;1;NO APLICA;2
SEC04503;1;2013-01-13;12;4;PERÚ;2;EDUCADORES DE CALLE;LAMBAYEQUE;CHICLAYO;JOSE LEONARDO ORTIZ;2024-06-21;1;1;1;NO APLICA;1
SEC04504;2;2014-11-25;10;3;PERÚ;2;EDUCADORES DE CALLE;AYACUCHO;HUAMANGA;AYACUCHO;2024-06-21;1;1;1;NO APLICA;2
SEC04505;2;2018-01-05;7;3;PERÚ;2;EDUCADORES DE CALLE;APURÍMAC;ABANCAY;ABANCAY;2024-06-21;1;1;1;NO APLICA;2
SEC04506;2;2018-04-14;7;3;PERÚ;2;EDUCADORES DE CALLE;AYACUCHO;HUAMANGA;AYACUCHO;2024-06-21;1;1;1;NO APLICA;2
SEC04507;2;2013-01-03;12;4;PERÚ;2;EDUCADORES DE CALLE;HUANCAVELICA;HUANCAVELICA;HUANCAVELICA;2024-06-22;1;1;1;NO APLICA;2
SEC04508;1;2012-05-15;12;4;PERÚ;2;EDUCADORES DE CALLE;HUANCAVELICA;HUANCAVELICA;HUANCAVELICA;2024-06-22;1;1;1;NO APLICA;2
SEC04509;1;2013-12-08;11;3;PERÚ;2;EDUCADORES DE CALLE;CAJAMARCA;CAJAMARCA;CAJAMARCA;2024-06-22;1;2;1;NO APLICA;2
SEC04510;2;2013-11-30;11;3;PERÚ;2;EDUCADORES DE CALLE;PIURA;PIURA;PIURA;2024-06-22;1;1;1;NO APLICA;2
SEC04511;1;2008-05-16;16;4;PERÚ;2;EDUCADORES DE CALLE;CAJAMARCA;CAJAMARCA;CAJAMARCA;2024-06-24;1;2;1;NO APLICA;2
SEC04512;1;2009-03-31;16;4;PERÚ;2;EDUCADORES DE CALLE;CAJAMARCA;CAJAMARCA;CAJAMARCA;2024-06-24;1;1;1;NO APLICA;2
SEC04513;1;2007-10-25;17;4;PERÚ;2;EDUCADORES DE CALLE;PASCO;PASCO;CHAUPIMARCA;2024-06-25;1;1;1;NO APLICA;2
SEC04514;2;2008-08-16;16;4;PERÚ;2;EDUCADORES DE CALLE;PASCO;PASCO;CHAUPIMARCA;2024-06-25;1;1;1;NO APLICA;2
SEC04515;1;2008-12-18;16;4;PERÚ;2;EDUCADORES DE CALLE;CAJAMARCA;CAJAMARCA;CAJAMARCA;2024-06-25;1;1;1;NO APLICA;2
SEC04516;1;2008-09-14;16;4;PERÚ;2;EDUCADORES DE CALLE;PASCO;PASCO;SIMON BOLIVAR;2024-06-25;1;1;1;NO APLICA;2
SEC04517;1;2009-10-01;15;4;PERÚ;2;EDUCADORES DE CALLE;PASCO;PASCO;SIMON BOLIVAR;2024-06-25;1;1;1;NO APLICA;2
SEC04518;1;2011-09-11;13;4;PERÚ;2;EDUCADORES DE CALLE;PASCO;PASCO;SIMON BOLIVAR;2024-06-25;1;1;1;NO APLICA;2
SEC04519;1;2010-09-06;14;4;PERÚ;2;EDUCADORES DE CALLE;PASCO;PASCO;CHAUPIMARCA;2024-06-25;1;1;1;NO APLICA;2
SEC04520;2;2014-08-15;10;3;PERÚ;2;EDUCADORES DE CALLE;PASCO;PASCO;CHAUPIMARCA;2024-06-25;1;1;1;NO APLICA;2
SEC04521;2;2008-08-15;16;4;PERÚ;2;EDUCADORES DE CALLE;AYACUCHO;HUAMANGA;SAN JUAN BAUTISTA;2024-06-25;1;1;1;NO APLICA;2
SEC04522;2;2010-04-14;15;4;PERÚ;2;EDUCADORES DE CALLE;AYACUCHO;HUAMANGA;SAN JUAN BAUTISTA;2024-06-25;1;1;1;NO APLICA;2
SEC04523;2;2012-06-27;12;4;PERÚ;2;EDUCADORES DE CALLE;LIMA;LIMA;SAN JUAN DE LURIGANCHO;2024-06-25;2;1;1;NO APLICA;2
SEC04524;2;2012-06-27;12;4;PERÚ;2;EDUCADORES DE CALLE;LIMA;LIMA;SAN JUAN DE LURIGANCHO;2024-06-25;2;1;1;NO APLICA;2
SEC04525;1;2012-08-04;12;4;PERÚ;2;EDUCADORES DE CALLE;AREQUIPA;AREQUIPA;JOSE LUIS BUSTAMANTE Y RIVERO;2024-06-25;1;1;1;NO APLICA;1
SEC04526;2;2012-08-03;12;4;PERÚ;2;EDUCADORES DE CALLE;PASCO;PASCO;YANACANCHA;2024-06-25;1;1;1;NO APLICA;2
SEC04527;2;2013-05-26;11;3;PERÚ;2;EDUCADORES DE CALLE;PASCO;PASCO;SIMON BOLIVAR;2024-06-25;1;1;1;NO APLICA;2
SEC04528;2;2013-12-12;11;3;PERÚ;2;EDUCADORES DE CALLE;PASCO;PASCO;SIMON BOLIVAR;2024-06-25;1;1;1;NO APLICA;2
SEC04529;2;2014-05-12;10;3;PERÚ;2;EDUCADORES DE CALLE;AREQUIPA;AREQUIPA;JOSE LUIS BUSTAMANTE Y RIVERO;2024-06-25;1;1;1;NO APLICA;1
SEC04530;2;2014-04-27;11;3;PERÚ;2;EDUCADORES DE CALLE;AREQUIPA;AREQUIPA;AREQUIPA;2024-06-25;1;1;1;NO APLICA;2
SEC04531;2;2014-10-25;10;3;PERÚ;2;EDUCADORES DE CALLE;JUNÍN;CHUPACA;CHUPACA;2024-06-25;1;1;1;NO APLICA;2
SEC04532;2;2015-04-11;10;3;PERÚ;2;EDUCADORES DE CALLE;AYACUCHO;HUAMANGA;SAN JUAN BAUTISTA;2024-06-25;1;1;1;NO APLICA;2
SEC04533;2;2015-07-09;9;3;PERÚ;2;EDUCADORES DE CALLE;PASCO;PASCO;SIMON BOLIVAR;2024-06-25;1;1;1;NO APLICA;2
SEC04534;2;2015-09-21;9;3;PERÚ;2;EDUCADORES DE CALLE;APURÍMAC;ABANCAY;ABANCAY;2024-06-25;1;1;1;NO APLICA;2
SEC04535;1;2012-06-11;12;4;PERÚ;2;EDUCADORES DE CALLE;AREQUIPA;AREQUIPA;JOSE LUIS BUSTAMANTE Y RIVERO;2024-06-25;1;1;1;NO APLICA;2
SEC04536;2;2019-09-07;5;2;PERÚ;2;EDUCADORES DE CALLE;LIMA;LIMA;SAN JUAN DE MIRAFLORES;2024-06-25;2;1;1;NO APLICA;2
SEC04537;1;2017-02-10;8;3;PERÚ;2;EDUCADORES DE CALLE;JUNÍN;CHUPACA;CHUPACA;2024-06-25;1;1;1;NO APLICA;2
SEC04538;2;2017-09-04;7;3;PERÚ;2;EDUCADORES DE CALLE;AYACUCHO;HUAMANGA;SAN JUAN BAUTISTA;2024-06-25;1;1;1;NO APLICA;2
SEC04539;1;2018-03-09;7;3;PERÚ;2;EDUCADORES DE CALLE;PIURA;SULLANA;SULLANA;2024-06-25;1;1;1;NO APLICA;2
SEC04540;2;2018-10-27;6;3;PERÚ;2;EDUCADORES DE CALLE;PIURA;SULLANA;SULLANA;2024-06-25;1;1;1;NO APLICA;2
SEC04541;1;2015-06-25;9;3;PERÚ;2;EDUCADORES DE CALLE;PIURA;SULLANA;SULLANA;2024-06-25;1;1;1;NO APLICA;2
SEC04542;1;2014-01-10;11;3;PERÚ;2;EDUCADORES DE CALLE;APURÍMAC;ABANCAY;ABANCAY;2024-06-25;1;1;1;NO APLICA;2
SEC04543;1;2014-09-24;10;3;PERÚ;2;EDUCADORES DE CALLE;PIURA;SULLANA;SULLANA;2024-06-25;1;5;1;NO APLICA;2
SEC04544;1;2012-09-11;12;4;PERÚ;2;EDUCADORES DE CALLE;LIMA;LIMA;SURQUILLO;2024-06-26;1;5;1;NO APLICA;2
SEC04545;2;2015-11-08;9;3;PERÚ;2;EDUCADORES DE CALLE;LIMA;LIMA;SURQUILLO;2024-06-26;1;5;1;NO APLICA;2
SEC04546;1;2020-11-13;4;2;PERÚ;1;EDUCADORES DE CALLE;LIMA;LIMA;SURQUILLO;2024-06-26;1;1;1;NO APLICA;2
SEC04547;1;2007-06-26;17;4;PERÚ;2;EDUCADORES DE CALLE;PIURA;PIURA;PIURA;2024-06-26;1;1;1;NO APLICA;2
SEC04548;1;2013-11-07;11;3;PERÚ;2;EDUCADORES DE CALLE;TUMBES;TUMBES;TUMBES;2024-06-26;1;1;1;NO APLICA;2
SEC04549;1;2009-11-01;15;4;PERÚ;2;EDUCADORES DE CALLE;PIURA;PIURA;PIURA;2024-06-26;1;1;1;NO APLICA;2
SEC04550;2;2011-09-07;13;4;PERÚ;2;EDUCADORES DE CALLE;LIMA;LIMA;VILLA MARIA DEL TRIUNFO;2024-06-26;1;1;1;NO APLICA;2
SEC04551;1;2010-08-21;14;4;PERÚ;2;EDUCADORES DE CALLE;LIMA;LIMA;PUENTE PIEDRA;2024-06-26;2;1;1;NO APLICA;2
SEC04552;2;2010-08-01;14;4;PERÚ;2;EDUCADORES DE CALLE;LIMA;LIMA;PUENTE PIEDRA;2024-06-26;1;1;1;NO APLICA;2
SEC04553;1;2011-08-29;13;4;PERÚ;2;EDUCADORES DE CALLE;PIURA;PIURA;PIURA;2024-06-26;1;1;1;NO APLICA;2
SEC04554;2;2011-12-02;13;4;PERÚ;2;EDUCADORES DE CALLE;LIMA;LIMA;PUENTE PIEDRA;2024-06-26;1;1;1;NO APLICA;2
SEC04555;1;2012-10-03;12;4;PERÚ;2;EDUCADORES DE CALLE;TUMBES;TUMBES;TUMBES;2024-06-26;1;1;1;NO APLICA;2
SEC04556;1;2009-02-14;16;4;PERÚ;2;EDUCADORES DE CALLE;LIMA;LIMA;SAN JUAN DE MIRAFLORES;2024-06-26;3;1;1;NO APLICA;2
SEC04557;2;2016-06-02;8;3;PERÚ;2;EDUCADORES DE CALLE;TUMBES;TUMBES;TUMBES;2024-06-26;1;1;1;NO APLICA;2
SEC04558;1;2015-02-26;10;3;PERÚ;2;EDUCADORES DE CALLE;LIMA;LIMA;VILLA MARIA DEL TRIUNFO;2024-06-26;1;1;1;NO APLICA;2
SEC04559;2;2017-12-19;7;3;PERÚ;2;EDUCADORES DE CALLE;APURÍMAC;ABANCAY;ABANCAY;2024-06-26;2;1;1;NO APLICA;2
SEC04560;2;2018-01-02;7;3;PERÚ;2;EDUCADORES DE CALLE;TUMBES;TUMBES;TUMBES;2024-06-26;1;1;1;NO APLICA;2
SEC04561;2;2011-07-09;13;4;PERÚ;2;EDUCADORES DE CALLE;LIMA;LIMA;SAN JUAN DE MIRAFLORES;2024-06-26;3;1;1;NO APLICA;2
SEC04562;2;2021-08-15;3;2;PERÚ;2;EDUCADORES DE CALLE;LIMA;LIMA;VILLA MARIA DEL TRIUNFO;2024-06-26;1;1;1;NO APLICA;2
SEC04563;2;2021-08-15;3;2;PERÚ;2;EDUCADORES DE CALLE;LIMA;LIMA;VILLA MARIA DEL TRIUNFO;2024-06-26;1;1;1;NO APLICA;2
SEC04564;1;2013-12-29;11;3;PERÚ;2;EDUCADORES DE CALLE;TUMBES;TUMBES;TUMBES;2024-06-26;1;1;1;NO APLICA;2
SEC04565;2;2010-04-14;15;4;PERÚ;2;EDUCADORES DE CALLE;HUÁNUCO;HUÁNUCO;AMARILIS;2024-06-27;1;1;1;NO APLICA;2
SEC04566;2;2016-10-28;8;3;PERÚ;2;EDUCADORES DE CALLE;HUÁNUCO;HUÁNUCO;AMARILIS;2024-06-27;1;1;1;NO APLICA;2
SEC04567;2;2012-03-30;13;4;PERÚ;2;EDUCADORES DE CALLE;HUÁNUCO;HUÁNUCO;AMARILIS;2024-06-27;1;1;1;NO APLICA;2
SEC04568;2;2017-02-10;8;3;PERÚ;2;EDUCADORES DE CALLE;HUÁNUCO;HUÁNUCO;AMARILIS;2024-06-27;1;1;1;NO APLICA;2
SEC04569;1;2019-03-24;6;3;PERÚ;2;EDUCADORES DE CALLE;AREQUIPA;AREQUIPA;JOSE LUIS BUSTAMANTE Y RIVERO;2024-06-27;1;1;1;NO APLICA;2
SEC04570;2;2013-02-25;12;4;PERÚ;2;EDUCADORES DE CALLE;JUNÍN;HUANCAYO;HUANCAYO;2024-06-28;1;1;1;NO APLICA;2
SEC04571;2;2008-06-06;16;4;PERÚ;2;EDUCADORES DE CALLE;JUNÍN;HUANCAYO;HUANCAYO;2024-06-28;1;1;1;NO APLICA;2
SEC04572;1;2012-02-03;13;4;PERÚ;2;EDUCADORES DE CALLE;JUNÍN;HUANCAYO;HUANCAYO;2024-06-28;1;1;1;NO APLICA;2
SEC04573;1;2014-01-21;11;3;PERÚ;2;EDUCADORES DE CALLE;JUNÍN;HUANCAYO;HUANCAYO;2024-06-28;1;1;1;NO APLICA;2
SEC04574;2;2014-03-31;11;3;PERÚ;2;EDUCADORES DE CALLE;JUNÍN;HUANCAYO;HUANCAYO;2024-06-28;1;1;1;NO APLICA;2
SEC04575;1;2018-04-19;7;3;PERÚ;2;EDUCADORES DE CALLE;JUNÍN;HUANCAYO;HUANCAYO;2024-06-28;1;1;1;NO APLICA;2
SEC04576;2;2018-09-18;6;3;PERÚ;2;EDUCADORES DE CALLE;JUNÍN;HUANCAYO;HUANCAYO;2024-06-28;1;1;2;2025-02-25;2
SEC04577;1;2019-08-03;5;2;PERÚ;2;EDUCADORES DE CALLE;JUNÍN;HUANCAYO;HUANCAYO;2024-06-28;1;1;1;NO APLICA;2
SEC04578;1;2008-01-05;17;4;PERÚ;2;EDUCADORES DE CALLE;JUNÍN;HUANCAYO;HUANCAYO;2024-06-30;1;1;1;NO APLICA;2
SEC04579;2;2009-02-20;16;4;PERÚ;2;EDUCADORES DE CALLE;JUNÍN;HUANCAYO;HUANCAYO;2024-06-30;1;1;1;NO APLICA;2
SEC04580;1;2014-02-27;11;3;PERÚ;2;EDUCADORES DE CALLE;JUNÍN;HUANCAYO;HUANCAYO;2024-06-30;1;1;1;NO APLICA;2
SEC04581;1;2015-07-27;9;3;PERÚ;2;EDUCADORES DE CALLE;JUNÍN;HUANCAYO;HUANCAYO;2024-06-30;1;1;1;NO APLICA;2
SEC04582;2;2017-08-20;7;3;PERÚ;2;EDUCADORES DE CALLE;JUNÍN;HUANCAYO;HUANCAYO;2024-06-30;1;1;1;NO APLICA;2
SEC04583;2;2017-09-29;7;3;PERÚ;2;EDUCADORES DE CALLE;JUNÍN;HUANCAYO;HUANCAYO;2024-06-30;1;1;1;NO APLICA;2
SEC04584;1;2019-03-19;6;3;PERÚ;2;EDUCADORES DE CALLE;JUNÍN;HUANCAYO;HUANCAYO;2024-06-30;1;1;1;NO APLICA;2
SEC04585;1;2011-10-05;13;4;PERÚ;2;EDUCADORES DE CALLE;LIMA;LIMA;CHORRILLOS;2024-07-02;1;1;1;NO APLICA;2
SEC04586;1;2017-08-06;7;3;PERÚ;2;EDUCADORES DE CALLE;AREQUIPA;AREQUIPA;JOSE LUIS BUSTAMANTE Y RIVERO;2024-07-02;1;1;1;NO APLICA;2
SEC04587;1;2012-03-07;13;4;PERÚ;2;EDUCADORES DE CALLE;LA LIBERTAD;TRUJILLO;TRUJILLO;2024-07-03;1;1;1;NO APLICA;2
SEC04588;1;2014-07-26;10;3;PERÚ;2;EDUCADORES DE CALLE;LA LIBERTAD;TRUJILLO;TRUJILLO;2024-07-03;1;1;1;NO APLICA;2
SEC04589;2;2009-06-26;15;4;PERÚ;2;EDUCADORES DE CALLE;ANCASH;SANTA;NUEVO CHIMBOTE;2024-07-04;1;1;1;NO APLICA;2
SEC04590;1;2011-06-24;13;4;PERÚ;2;EDUCADORES DE CALLE;ANCASH;SANTA;NUEVO CHIMBOTE;2024-07-04;1;1;1;NO APLICA;2
SEC04591;1;2007-08-11;17;4;PERÚ;2;EDUCADORES DE CALLE;LIMA;CALLAO;VENTANILLA;2024-07-04;3;1;1;NO APLICA;2
SEC04592;1;2016-04-08;9;3;PERÚ;2;EDUCADORES DE CALLE;AREQUIPA;AREQUIPA;JOSE LUIS BUSTAMANTE Y RIVERO;2024-07-04;1;1;1;NO APLICA;2
SEC04593;2;2015-12-15;9;3;PERÚ;2;EDUCADORES DE CALLE;AREQUIPA;AREQUIPA;JOSE LUIS BUSTAMANTE Y RIVERO;2024-07-04;1;1;1;NO APLICA;2
SEC04594;2;2013-05-30;11;3;PERÚ;2;EDUCADORES DE CALLE;AREQUIPA;AREQUIPA;JOSE LUIS BUSTAMANTE Y RIVERO;2024-07-04;1;1;1;NO APLICA;2
SEC04595;1;2017-05-26;7;3;PERÚ;2;EDUCADORES DE CALLE;AREQUIPA;AREQUIPA;JOSE LUIS BUSTAMANTE Y RIVERO;2024-07-04;1;1;1;NO APLICA;2
SEC04596;1;2008-03-18;17;4;PERÚ;2;EDUCADORES DE CALLE;LIMA;LIMA;RIMAC;2024-07-05;3;1;1;NO APLICA;2
SEC04597;2;2010-03-20;15;4;PERÚ;2;EDUCADORES DE CALLE;LA LIBERTAD;TRUJILLO;TRUJILLO;2024-07-05;1;1;1;NO APLICA;2
SEC04598;1;2010-01-16;15;4;PERÚ;2;EDUCADORES DE CALLE;CAJAMARCA;CAJAMARCA;CAJAMARCA;2024-07-06;1;5;1;NO APLICA;2
SEC04599;1;2011-09-05;13;4;PERÚ;2;EDUCADORES DE CALLE;LA LIBERTAD;TRUJILLO;TRUJILLO;2024-07-06;1;1;1;NO APLICA;2
SEC04600;2;2012-05-20;12;4;PERÚ;2;EDUCADORES DE CALLE;CAJAMARCA;CAJAMARCA;CAJAMARCA;2024-07-06;1;5;1;NO APLICA;2
SEC04601;1;2013-09-17;11;3;PERÚ;2;EDUCADORES DE CALLE;LA LIBERTAD;TRUJILLO;TRUJILLO;2024-07-06;1;1;1;NO APLICA;2
SEC04602;2;2013-08-11;11;3;PERÚ;2;EDUCADORES DE CALLE;LA LIBERTAD;TRUJILLO;TRUJILLO;2024-07-09;1;1;1;NO APLICA;2
SEC04603;2;2009-02-12;16;4;PERÚ;1;EDUCADORES DE CALLE;LA LIBERTAD;TRUJILLO;TRUJILLO;2024-07-09;1;1;1;NO APLICA;2
SEC04604;2;2016-07-26;8;3;PERÚ;2;EDUCADORES DE CALLE;APURÍMAC;ABANCAY;ABANCAY;2024-07-09;1;1;1;NO APLICA;2
SEC04605;1;2009-10-16;15;4;PERÚ;2;EDUCADORES DE CALLE;MOQUEGUA;MARISCAL NIETO;MOQUEGUA;2024-07-10;1;1;1;NO APLICA;2
SEC04606;1;2014-08-18;10;3;PERÚ;2;EDUCADORES DE CALLE;MOQUEGUA;MARISCAL NIETO;MOQUEGUA;2024-07-10;1;1;1;NO APLICA;2
SEC04607;1;2010-09-28;14;4;PERÚ;2;EDUCADORES DE CALLE;AYACUCHO;HUAMANGA;AYACUCHO;2024-07-10;1;1;1;NO APLICA;2
SEC04608;1;2011-02-15;14;4;PERÚ;2;EDUCADORES DE CALLE;LIMA;LIMA;EL AGUSTINO;2024-07-11;3;1;1;NO APLICA;2
SEC04609;2;2015-03-17;10;3;PERÚ;1;EDUCADORES DE CALLE;PIURA;PIURA;PIURA;2024-07-11;1;1;1;NO APLICA;2
SEC04610;1;2018-04-16;7;3;PERÚ;2;EDUCADORES DE CALLE;LIMA;HUARAL;HUARAL;2024-07-11;1;1;1;NO APLICA;2
SEC04611;1;2009-02-15;16;4;PERÚ;2;EDUCADORES DE CALLE;CUSCO;CUSCO;CUSCO;2024-07-12;1;1;1;NO APLICA;2
SEC04612;1;2009-03-26;16;4;PERÚ;2;EDUCADORES DE CALLE;MOQUEGUA;MARISCAL NIETO;MOQUEGUA;2024-07-12;1;1;1;NO APLICA;2
SEC04613;2;2009-09-24;15;4;PERÚ;2;EDUCADORES DE CALLE;LIMA;LIMA;SAN MARTIN DE PORRES;2024-07-12;1;1;1;NO APLICA;2
SEC04614;1;2013-11-18;11;3;PERÚ;2;EDUCADORES DE CALLE;CUSCO;CUSCO;CUSCO;2024-07-12;1;1;1;NO APLICA;2
SEC04615;1;2015-08-09;9;3;PERÚ;2;EDUCADORES DE CALLE;LIMA;LIMA;LIMA;2024-07-12;1;1;1;NO APLICA;2
SEC04616;2;2015-12-31;9;3;PERÚ;2;EDUCADORES DE CALLE;CUSCO;CUSCO;CUSCO;2024-07-12;1;1;1;NO APLICA;2
SEC04617;1;2016-09-21;8;3;PERÚ;2;EDUCADORES DE CALLE;APURÍMAC;ABANCAY;ABANCAY;2024-07-12;1;1;1;NO APLICA;2
SEC04618;2;2017-07-22;7;3;PERÚ;2;EDUCADORES DE CALLE;APURÍMAC;ABANCAY;ABANCAY;2024-07-12;1;1;1;NO APLICA;2
SEC04619;2;2007-12-22;17;4;PERÚ;2;EDUCADORES DE CALLE;LAMBAYEQUE;CHICLAYO;JOSE LEONARDO ORTIZ;2024-07-13;1;1;1;NO APLICA;2
SEC04620;1;2017-08-11;7;3;PERÚ;2;EDUCADORES DE CALLE;LAMBAYEQUE;CHICLAYO;JOSE LEONARDO ORTIZ;2024-07-13;1;1;1;NO APLICA;2
SEC04621;2;2011-09-30;13;4;PERÚ;2;EDUCADORES DE CALLE;LIMA;LIMA;RIMAC;2024-07-16;3;1;1;NO APLICA;1
SEC04622;2;2010-08-13;14;4;PERÚ;1;EDUCADORES DE CALLE;TACNA;TACNA;CORONEL GREGORIO ALBARRACIN LANCHIPA;2024-07-17;1;1;1;NO APLICA;2
SEC04623;1;2014-03-22;11;3;PERÚ;2;EDUCADORES DE CALLE;ANCASH;SANTA;CHIMBOTE;2024-07-17;1;1;1;NO APLICA;2
SEC04624;1;2013-08-30;11;3;PERÚ;2;EDUCADORES DE CALLE;ANCASH;SANTA;CHIMBOTE;2024-07-17;1;1;1;NO APLICA;2
SEC04625;2;2017-02-03;8;3;PERÚ;2;EDUCADORES DE CALLE;ANCASH;SANTA;CHIMBOTE;2024-07-17;1;1;1;NO APLICA;2
SEC04626;2;2020-05-26;4;2;PERÚ;2;EDUCADORES DE CALLE;LIMA;LIMA;LIMA;2024-07-17;1;1;1;NO APLICA;2
SEC04627;1;2010-11-04;14;4;PERÚ;2;EDUCADORES DE CALLE;LIMA;HUARAL;HUARAL;2024-07-18;1;1;2;2025-02-04;2
SEC04628;1;2011-08-23;13;4;PERÚ;2;EDUCADORES DE CALLE;AREQUIPA;AREQUIPA;CERRO COLORADO;2024-07-18;1;1;1;NO APLICA;2
SEC04629;1;2013-08-28;11;3;PERÚ;2;EDUCADORES DE CALLE;LIMA;HUARAL;HUARAL;2024-07-18;1;1;1;NO APLICA;2
SEC04630;2;2020-11-20;4;2;PERÚ;2;EDUCADORES DE CALLE;LIMA;LIMA;LIMA;2024-07-18;1;1;1;NO APLICA;2
SEC04631;1;2022-07-08;2;2;PERÚ;2;EDUCADORES DE CALLE;LIMA;LIMA;LIMA;2024-07-18;1;1;1;NO APLICA;2
SEC04632;2;2014-05-21;10;3;ARGENTINA;2;EDUCADORES DE CALLE;LIMA;HUARAL;HUARAL;2024-07-18;1;1;2;2025-02-04;2
SEC04633;2;2007-07-21;17;4;PERÚ;2;EDUCADORES DE CALLE;CUSCO;CUSCO;CUSCO;2024-07-19;3;1;1;NO APLICA;2
SEC04634;1;2011-07-11;13;4;PERÚ;2;EDUCADORES DE CALLE;LIMA;LIMA;SAN JUAN DE LURIGANCHO;2024-07-19;1;1;1;NO APLICA;2
SEC04635;1;2009-10-14;15;4;PERÚ;2;EDUCADORES DE CALLE;LA LIBERTAD;TRUJILLO;TRUJILLO;2024-07-19;1;1;1;NO APLICA;2
SEC04636;2;2009-05-23;15;4;PERÚ;2;EDUCADORES DE CALLE;CUSCO;CUSCO;CUSCO;2024-07-19;3;1;1;NO APLICA;2
SEC04637;1;2009-10-08;15;4;PERÚ;2;EDUCADORES DE CALLE;LIMA;LIMA;SAN JUAN DE LURIGANCHO;2024-07-19;1;1;1;NO APLICA;2
SEC04638;1;2012-12-26;12;4;PERÚ;2;EDUCADORES DE CALLE;LIMA;LIMA;ATE;2024-07-19;1;1;1;NO APLICA;2
SEC04639;1;2013-08-09;11;3;PERÚ;2;EDUCADORES DE CALLE;LIMA;LIMA;SAN JUAN DE LURIGANCHO;2024-07-19;1;1;1;NO APLICA;2
SEC04640;1;2015-11-04;9;3;PERÚ;2;EDUCADORES DE CALLE;MOQUEGUA;MARISCAL NIETO;MOQUEGUA;2024-07-19;1;1;1;NO APLICA;2
SEC04641;2;2016-01-21;9;3;PERÚ;2;EDUCADORES DE CALLE;LIMA;HUARAL;HUARAL;2024-07-19;1;1;1;NO APLICA;2
SEC04642;2;2013-02-12;12;4;PERÚ;2;EDUCADORES DE CALLE;LIMA;HUARAL;HUARAL;2024-07-19;1;1;1;NO APLICA;2
SEC04643;1;2014-06-13;10;3;PERÚ;2;EDUCADORES DE CALLE;LIMA;HUARAL;HUARAL;2024-07-19;1;1;1;NO APLICA;2
SEC04644;1;2018-01-18;7;3;PERÚ;2;EDUCADORES DE CALLE;LIMA;HUARAL;HUARAL;2024-07-19;1;1;1;NO APLICA;2
SEC04645;1;2018-03-05;7;3;PERÚ;2;EDUCADORES DE CALLE;LIMA;HUARAL;HUARAL;2024-07-19;1;1;1;NO APLICA;2
SEC04646;1;2011-09-21;13;4;PERÚ;2;EDUCADORES DE CALLE;LIMA;LIMA;RIMAC;2024-07-20;2;1;1;NO APLICA;2
SEC04647;1;2008-11-06;16;4;PERÚ;2;EDUCADORES DE CALLE;LIMA;LIMA;RIMAC;2024-07-20;2;1;1;NO APLICA;2
SEC04648;2;2014-07-21;10;3;PERÚ;2;EDUCADORES DE CALLE;LIMA;LIMA;ATE;2024-07-20;1;1;1;NO APLICA;2
SEC04649;1;2015-04-07;10;3;PERÚ;2;EDUCADORES DE CALLE;LIMA;LIMA;RIMAC;2024-07-20;2;1;1;NO APLICA;2
SEC04650;2;2018-01-18;7;3;PERÚ;2;EDUCADORES DE CALLE;LIMA;LIMA;ATE;2024-07-20;1;1;1;NO APLICA;2
SEC04651;1;2023-04-18;2;2;PERÚ;2;EDUCADORES DE CALLE;LIMA;LIMA;ATE;2024-07-20;2;1;1;NO APLICA;2
SEC04652;2;2015-05-02;9;3;PERÚ;2;EDUCADORES DE CALLE;LIMA;LIMA;SAN JUAN DE LURIGANCHO;2024-07-22;1;1;1;NO APLICA;2
SEC04653;2;2012-01-24;13;4;PERÚ;2;EDUCADORES DE CALLE;HUÁNUCO;HUÁNUCO;HUÁNUCO;2024-07-23;1;1;1;NO APLICA;2
SEC04654;1;2016-01-04;9;3;PERÚ;2;EDUCADORES DE CALLE;JUNÍN;HUANCAYO;HUANCAYO;2024-07-23;1;1;1;NO APLICA;2
SEC04655;2;2014-12-29;10;3;PERÚ;2;EDUCADORES DE CALLE;JUNÍN;HUANCAYO;HUANCAYO;2024-07-23;1;1;1;NO APLICA;2
SEC04656;1;2013-12-06;11;3;PERÚ;2;EDUCADORES DE CALLE;JUNÍN;HUANCAYO;HUANCAYO;2024-07-23;1;1;1;NO APLICA;2
SEC04657;2;2013-02-21;12;4;PERÚ;2;EDUCADORES DE CALLE;JUNÍN;HUANCAYO;HUANCAYO;2024-07-23;1;1;1;NO APLICA;2
SEC04658;1;2013-07-29;11;3;PERÚ;2;EDUCADORES DE CALLE;HUÁNUCO;HUÁNUCO;HUÁNUCO;2024-07-23;1;1;1;NO APLICA;2
SEC04659;1;2014-05-30;10;3;PERÚ;2;EDUCADORES DE CALLE;JUNÍN;HUANCAYO;HUANCAYO;2024-07-23;1;1;1;NO APLICA;2
SEC04660;2;2019-07-23;5;2;PERÚ;2;EDUCADORES DE CALLE;JUNÍN;HUANCAYO;HUANCAYO;2024-07-23;1;1;2;2025-01-24;2
SEC04661;2;2012-01-28;13;4;PERÚ;2;EDUCADORES DE CALLE;LIMA;LIMA;SURQUILLO;2024-07-24;1;5;2;2025-02-26;2
SEC04662;2;2016-12-29;8;3;PERÚ;2;EDUCADORES DE CALLE;LIMA;LIMA;SURQUILLO;2024-07-24;1;5;2;2025-02-26;2
SEC04663;2;2016-02-20;9;3;PERÚ;2;EDUCADORES DE CALLE;LIMA;LIMA;SURQUILLO;2024-07-24;1;5;2;2025-02-26;2
SEC04664;2;2013-11-09;11;3;PERÚ;2;EDUCADORES DE CALLE;LIMA;LIMA;SURQUILLO;2024-07-24;1;5;2;2025-02-26;2
SEC04665;2;2020-12-11;4;2;PERÚ;2;EDUCADORES DE CALLE;LIMA;LIMA;SURQUILLO;2024-07-24;1;5;1;NO APLICA;2
SEC04666;1;2016-08-15;8;3;PERÚ;2;EDUCADORES DE CALLE;LIMA;LIMA;SURQUILLO;2024-07-24;1;5;1;NO APLICA;2
SEC04667;2;2019-02-09;6;3;PERÚ;2;EDUCADORES DE CALLE;LIMA;LIMA;SURQUILLO;2024-07-24;1;5;1;NO APLICA;2
SEC04668;1;2018-02-05;7;3;PERÚ;2;EDUCADORES DE CALLE;LIMA;LIMA;SURQUILLO;2024-07-24;1;5;1;NO APLICA;2
SEC04669;2;2007-12-17;17;4;PERÚ;2;EDUCADORES DE CALLE;AREQUIPA;AREQUIPA;JOSE LUIS BUSTAMANTE Y RIVERO;2024-07-24;1;1;1;NO APLICA;2
SEC04670;1;2008-09-10;16;4;PERÚ;2;EDUCADORES DE CALLE;TACNA;TACNA;CORONEL GREGORIO ALBARRACIN LANCHIPA;2024-07-24;1;1;1;NO APLICA;2
SEC04671;1;2024-05-24;0;1;PERÚ;2;EDUCADORES DE CALLE;LIMA;LIMA;SAN JUAN DE MIRAFLORES;2024-07-24;3;1;1;NO APLICA;2
SEC04672;1;2010-10-05;14;4;PERÚ;2;EDUCADORES DE CALLE;AREQUIPA;AREQUIPA;JOSE LUIS BUSTAMANTE Y RIVERO;2024-07-24;1;1;1;NO APLICA;2
SEC04673;1;2010-04-06;15;4;PERÚ;2;EDUCADORES DE CALLE;AREQUIPA;AREQUIPA;CERRO COLORADO;2024-07-24;1;1;1;NO APLICA;2
SEC04674;2;2011-09-12;13;4;PERÚ;2;EDUCADORES DE CALLE;AREQUIPA;AREQUIPA;CERRO COLORADO;2024-07-24;1;1;1;NO APLICA;2
SEC04675;2;2008-12-16;16;4;PERÚ;2;EDUCADORES DE CALLE;LIMA;LIMA;PUENTE PIEDRA;2024-07-24;1;1;1;NO APLICA;2
SEC04676;2;2011-07-25;13;4;PERÚ;2;EDUCADORES DE CALLE;LORETO;MAYNAS;IQUITOS;2024-07-24;1;1;1;NO APLICA;2
SEC04677;2;2013-11-21;11;3;PERÚ;2;EDUCADORES DE CALLE;AYACUCHO;HUAMANGA;AYACUCHO;2024-07-24;1;1;1;NO APLICA;2
SEC04678;2;2015-02-20;10;3;PERÚ;2;EDUCADORES DE CALLE;LORETO;MAYNAS;IQUITOS;2024-07-24;1;1;1;NO APLICA;2
SEC04679;2;2014-08-25;10;3;PERÚ;2;EDUCADORES DE CALLE;AREQUIPA;AREQUIPA;CERRO COLORADO;2024-07-24;1;1;1;NO APLICA;2
SEC04680;2;2017-02-27;8;3;PERÚ;2;EDUCADORES DE CALLE;AYACUCHO;HUAMANGA;AYACUCHO;2024-07-24;1;1;1;NO APLICA;2
SEC04681;2;2012-09-17;12;4;PERÚ;2;EDUCADORES DE CALLE;AREQUIPA;AREQUIPA;CERRO COLORADO;2024-07-24;1;1;1;NO APLICA;2
SEC04682;1;2024-03-26;1;2;PERÚ;2;EDUCADORES DE CALLE;LIMA;LIMA;SURQUILLO;2024-07-24;1;5;2;2025-02-26;2
SEC04683;2;2009-12-17;15;4;PERÚ;2;EDUCADORES DE CALLE;AYACUCHO;HUAMANGA;SAN JUAN BAUTISTA;2024-07-25;3;1;1;NO APLICA;2
SEC04684;2;2007-07-26;17;4;PERÚ;2;EDUCADORES DE CALLE;AYACUCHO;HUAMANGA;SAN JUAN BAUTISTA;2024-07-25;1;1;1;NO APLICA;2
SEC04685;1;2007-04-25;18;5;PERÚ;2;EDUCADORES DE CALLE;CUSCO;CUSCO;CUSCO;2024-07-25;3;1;2;2025-05-27;2
SEC04686;1;2008-07-16;16;4;PERÚ;2;EDUCADORES DE CALLE;PASCO;PASCO;CHAUPIMARCA;2024-07-25;1;1;1;NO APLICA;2
SEC04687;1;2009-01-18;16;4;PERÚ;2;EDUCADORES DE CALLE;PASCO;PASCO;SIMON BOLIVAR;2024-07-25;1;1;1;NO APLICA;2
SEC04688;2;2011-05-03;13;4;PERÚ;2;EDUCADORES DE CALLE;PASCO;PASCO;SIMON BOLIVAR;2024-07-25;1;1;1;NO APLICA;2
SEC04689;1;2010-09-20;14;4;PERÚ;2;EDUCADORES DE CALLE;PASCO;PASCO;CHAUPIMARCA;2024-07-25;1;1;1;NO APLICA;2
SEC04690;1;2010-10-10;14;4;PERÚ;2;EDUCADORES DE CALLE;AYACUCHO;HUAMANGA;SAN JUAN BAUTISTA;2024-07-25;1;1;1;NO APLICA;2
SEC04691;2;2008-05-16;16;4;PERÚ;2;EDUCADORES DE CALLE;LIMA;LIMA;SANTIAGO DE SURCO;2024-07-25;2;1;1;NO APLICA;2
SEC04692;1;2009-01-30;16;4;PERÚ;2;EDUCADORES DE CALLE;LIMA;LIMA;SANTIAGO DE SURCO;2024-07-25;2;1;1;NO APLICA;2
SEC04693;2;2012-03-25;13;4;PERÚ;2;EDUCADORES DE CALLE;PASCO;PASCO;CHAUPIMARCA;2024-07-25;1;1;1;NO APLICA;2
SEC04694;1;2012-11-04;12;4;PERÚ;2;EDUCADORES DE CALLE;PASCO;PASCO;CHAUPIMARCA;2024-07-25;1;1;1;NO APLICA;2
SEC04695;1;2011-05-12;13;4;PERÚ;2;EDUCADORES DE CALLE;PASCO;PASCO;CHAUPIMARCA;2024-07-25;1;1;1;NO APLICA;2
SEC04696;2;2011-08-05;13;4;PERÚ;2;EDUCADORES DE CALLE;APURÍMAC;ABANCAY;ABANCAY;2024-07-25;1;1;1;NO APLICA;2
SEC04697;2;2012-01-22;13;4;PERÚ;2;EDUCADORES DE CALLE;PIURA;PIURA;PIURA;2024-07-25;1;1;1;NO APLICA;2
SEC04698;2;2013-05-09;11;3;PERÚ;2;EDUCADORES DE CALLE;APURÍMAC;ABANCAY;ABANCAY;2024-07-25;1;1;1;NO APLICA;2
SEC04699;1;2014-05-24;10;3;PERÚ;2;EDUCADORES DE CALLE;PIURA;PIURA;PIURA;2024-07-25;1;1;1;NO APLICA;2
SEC04700;1;2015-03-10;10;3;PERÚ;2;EDUCADORES DE CALLE;PASCO;PASCO;CHAUPIMARCA;2024-07-25;1;1;1;NO APLICA;2
SEC04701;1;2016-01-21;9;3;PERÚ;2;EDUCADORES DE CALLE;LIMA;LIMA;SANTIAGO DE SURCO;2024-07-25;2;1;1;NO APLICA;2
SEC04702;1;2015-07-22;9;3;PERÚ;2;EDUCADORES DE CALLE;PASCO;PASCO;YANACANCHA;2024-07-25;1;1;1;NO APLICA;2
SEC04703;2;2018-03-18;7;3;PERÚ;2;EDUCADORES DE CALLE;MOQUEGUA;ILO;ILO;2024-07-25;1;1;1;NO APLICA;2
SEC04704;2;2014-03-25;11;3;PERÚ;2;EDUCADORES DE CALLE;AYACUCHO;HUAMANGA;AYACUCHO;2024-07-25;1;1;1;NO APLICA;2
SEC04705;2;2017-03-15;8;3;PERÚ;2;EDUCADORES DE CALLE;PASCO;PASCO;SIMON BOLIVAR;2024-07-25;1;1;1;NO APLICA;2
SEC04706;2;2017-05-29;7;3;PERÚ;2;EDUCADORES DE CALLE;LIMA;LIMA;SANTIAGO DE SURCO;2024-07-25;2;1;1;NO APLICA;2
SEC04707;2;2017-09-20;7;3;PERÚ;2;EDUCADORES DE CALLE;MOQUEGUA;ILO;ILO;2024-07-25;1;1;1;NO APLICA;2
SEC04708;2;2018-01-24;7;3;PERÚ;2;EDUCADORES DE CALLE;MOQUEGUA;ILO;ILO;2024-07-25;1;1;1;NO APLICA;2
SEC04709;1;2018-06-18;6;3;PERÚ;2;EDUCADORES DE CALLE;LIMA;LIMA;SANTIAGO DE SURCO;2024-07-25;2;1;1;NO APLICA;2
SEC04710;1;2021-11-13;3;2;PERÚ;2;EDUCADORES DE CALLE;PASCO;PASCO;SIMON BOLIVAR;2024-07-25;2;1;1;NO APLICA;2
SEC04711;1;2022-12-08;2;2;PERÚ;2;EDUCADORES DE CALLE;LIMA;LIMA;SANTIAGO DE SURCO;2024-07-25;2;1;1;NO APLICA;2
SEC04712;1;2010-07-15;14;4;PERÚ;2;EDUCADORES DE CALLE;LIMA;LIMA;COMAS;2024-07-26;3;1;1;NO APLICA;2
SEC04713;1;2015-07-14;9;3;PERÚ;2;EDUCADORES DE CALLE;APURÍMAC;ABANCAY;ABANCAY;2024-07-26;1;1;1;NO APLICA;2
SEC04714;1;2017-02-16;8;3;PERÚ;2;EDUCADORES DE CALLE;APURÍMAC;ABANCAY;ABANCAY;2024-07-26;1;1;1;NO APLICA;2
SEC04715;1;2011-11-16;13;4;PERÚ;2;EDUCADORES DE CALLE;AYACUCHO;HUAMANGA;AYACUCHO;2024-07-27;1;1;1;NO APLICA;2
SEC04716;1;2011-03-02;14;4;PERÚ;2;EDUCADORES DE CALLE;AYACUCHO;HUAMANGA;AYACUCHO;2024-07-27;1;1;1;NO APLICA;2
SEC04717;2;2014-04-07;11;3;PERÚ;2;EDUCADORES DE CALLE;AYACUCHO;HUAMANGA;AYACUCHO;2024-07-27;1;1;1;NO APLICA;2
SEC04718;1;2015-10-09;9;3;PERÚ;2;EDUCADORES DE CALLE;AYACUCHO;HUAMANGA;AYACUCHO;2024-07-27;1;1;1;NO APLICA;2
SEC04719;1;2017-07-06;7;3;PERÚ;2;EDUCADORES DE CALLE;AYACUCHO;HUAMANGA;AYACUCHO;2024-07-27;1;1;1;NO APLICA;2
SEC04720;2;2008-10-14;16;4;PERÚ;2;EDUCADORES DE CALLE;PIURA;PIURA;PIURA;2024-07-30;1;1;1;NO APLICA;2
SEC04721;1;2010-05-07;14;4;PERÚ;2;EDUCADORES DE CALLE;PIURA;PIURA;PIURA;2024-07-30;1;1;1;NO APLICA;2
SEC04722;1;2011-06-14;13;4;PERÚ;2;EDUCADORES DE CALLE;PIURA;PIURA;PIURA;2024-07-30;1;1;1;NO APLICA;2
SEC04723;1;2012-08-13;12;4;PERÚ;2;EDUCADORES DE CALLE;PIURA;PIURA;PIURA;2024-07-30;1;1;1;NO APLICA;2
SEC04724;2;2015-12-22;9;3;PERÚ;2;EDUCADORES DE CALLE;PIURA;PIURA;PIURA;2024-07-30;1;1;1;NO APLICA;2
SEC04725;1;2017-09-11;7;3;PERÚ;1;EDUCADORES DE CALLE;PIURA;PIURA;PIURA;2024-07-30;1;1;1;NO APLICA;2
SEC04726;2;2014-12-08;10;3;PERÚ;2;EDUCADORES DE CALLE;JUNÍN;HUANCAYO;HUANCAYO;2024-07-31;1;1;1;NO APLICA;2
SEC04727;1;2012-08-04;12;4;PERÚ;2;EDUCADORES DE CALLE;JUNÍN;HUANCAYO;HUANCAYO;2024-07-31;1;1;1;NO APLICA;2
SEC04728;1;2014-02-17;11;3;PERÚ;2;EDUCADORES DE CALLE;LIMA;LIMA;CARABAYLLO;2024-07-31;1;1;1;NO APLICA;2
SEC04729;2;2014-12-08;10;3;PERÚ;2;EDUCADORES DE CALLE;JUNÍN;HUANCAYO;HUANCAYO;2024-07-31;1;1;1;NO APLICA;2
SEC04730;1;2016-01-27;9;3;PERÚ;2;EDUCADORES DE CALLE;JUNÍN;HUANCAYO;HUANCAYO;2024-07-31;1;1;1;NO APLICA;2
SEC04731;1;2016-08-08;8;3;PERÚ;2;EDUCADORES DE CALLE;LIMA;LIMA;CARABAYLLO;2024-07-31;1;1;1;NO APLICA;2
SEC04732;2;2012-02-22;13;4;PERÚ;2;EDUCADORES DE CALLE;LIMA;LIMA;CARABAYLLO;2024-07-31;1;1;2;2025-01-31;2
SEC04733;2;2014-08-25;10;3;PERÚ;2;EDUCADORES DE CALLE;LIMA;LIMA;CARABAYLLO;2024-07-31;1;1;2;2025-01-31;2
SEC04734;2;2016-12-16;8;3;PERÚ;2;EDUCADORES DE CALLE;LIMA;LIMA;CARABAYLLO;2024-07-31;1;1;2;2025-01-31;2
SEC04735;2;2018-11-20;6;3;PERÚ;2;EDUCADORES DE CALLE;JUNÍN;HUANCAYO;HUANCAYO;2024-07-31;1;1;1;NO APLICA;2
SEC04736;1;2007-03-27;18;5;PERÚ;2;EDUCADORES DE CALLE;CUSCO;CUSCO;SAN JERONIMO;2024-08-01;1;1;2;2025-04-25;2
SEC04737;1;2008-08-06;16;4;PERÚ;2;EDUCADORES DE CALLE;LA LIBERTAD;TRUJILLO;TRUJILLO;2024-08-01;1;1;1;NO APLICA;2
SEC04738;1;2009-10-06;15;4;PERÚ;2;EDUCADORES DE CALLE;LA LIBERTAD;TRUJILLO;TRUJILLO;2024-08-01;1;1;1;NO APLICA;2
SEC04739;1;2012-07-07;12;4;PERÚ;2;EDUCADORES DE CALLE;CUSCO;CUSCO;SAN JERONIMO;2024-08-01;1;1;1;NO APLICA;2
SEC04740;1;2008-10-09;16;4;PERÚ;2;EDUCADORES DE CALLE;LA LIBERTAD;TRUJILLO;TRUJILLO;2024-08-01;1;1;1;NO APLICA;2
SEC04741;2;2008-10-26;16;4;PERÚ;2;EDUCADORES DE CALLE;LA LIBERTAD;TRUJILLO;TRUJILLO;2024-08-01;1;1;1;NO APLICA;2
SEC04742;2;2016-04-06;9;3;PERÚ;2;EDUCADORES DE CALLE;AYACUCHO;HUAMANGA;AYACUCHO;2024-08-01;1;1;1;NO APLICA;2
SEC04743;2;2013-07-10;11;3;PERÚ;2;EDUCADORES DE CALLE;CUSCO;CUSCO;SAN JERONIMO;2024-08-01;1;1;1;NO APLICA;2
SEC04744;1;2011-04-13;14;4;PERÚ;2;EDUCADORES DE CALLE;LA LIBERTAD;TRUJILLO;TRUJILLO;2024-08-01;1;1;1;NO APLICA;2
SEC04745;1;2007-12-14;17;4;PERÚ;2;EDUCADORES DE CALLE;AREQUIPA;AREQUIPA;MIRAFLORES;2024-08-02;1;1;1;NO APLICA;2
SEC04746;1;2011-11-30;13;4;PERÚ;2;EDUCADORES DE CALLE;AREQUIPA;AREQUIPA;MIRAFLORES;2024-08-02;1;1;1;NO APLICA;2
SEC04747;2;2013-08-19;11;3;PERÚ;2;EDUCADORES DE CALLE;AREQUIPA;AREQUIPA;MIRAFLORES;2024-08-02;1;1;1;NO APLICA;2
SEC04748;2;2014-10-24;10;3;PERÚ;2;EDUCADORES DE CALLE;AREQUIPA;AREQUIPA;MIRAFLORES;2024-08-02;1;1;1;NO APLICA;2
SEC04749;2;2010-10-06;14;4;PERÚ;2;EDUCADORES DE CALLE;APURÍMAC;ABANCAY;ABANCAY;2024-08-07;1;1;1;NO APLICA;2
SEC04750;1;2011-01-27;14;4;PERÚ;2;EDUCADORES DE CALLE;LIMA;LIMA;CHORRILLOS;2024-08-07;1;1;1;NO APLICA;2
SEC04751;1;2007-03-09;18;5;PERÚ;2;EDUCADORES DE CALLE;TACNA;TACNA;CORONEL GREGORIO ALBARRACIN LANCHIPA;2024-08-08;1;1;2;2025-03-25;2
SEC04752;1;2010-03-03;15;4;PERÚ;2;EDUCADORES DE CALLE;TACNA;TACNA;CORONEL GREGORIO ALBARRACIN LANCHIPA;2024-08-08;1;1;1;NO APLICA;2
SEC04753;1;2013-07-08;11;3;PERÚ;2;EDUCADORES DE CALLE;LIMA;HUARAL;HUARAL;2024-08-08;2;1;1;NO APLICA;2
SEC04754;1;2013-07-08;11;3;PERÚ;2;EDUCADORES DE CALLE;LIMA;HUARAL;HUARAL;2024-08-08;2;1;1;NO APLICA;2
SEC04755;2;2014-12-10;10;3;PERÚ;2;EDUCADORES DE CALLE;LIMA;HUARAL;HUARAL;2024-08-08;2;1;1;NO APLICA;2
SEC04756;1;2010-03-13;15;4;PERÚ;2;EDUCADORES DE CALLE;LIMA;LIMA;ATE;2024-08-09;3;1;1;NO APLICA;2
SEC04757;2;2011-04-17;14;4;PERÚ;2;EDUCADORES DE CALLE;LAMBAYEQUE;CHICLAYO;JOSE LEONARDO ORTIZ;2024-08-09;1;1;1;NO APLICA;2
SEC04758;1;2014-06-22;10;3;PERÚ;2;EDUCADORES DE CALLE;LAMBAYEQUE;CHICLAYO;JOSE LEONARDO ORTIZ;2024-08-09;1;1;1;NO APLICA;2
SEC04759;1;2015-06-03;9;3;PERÚ;2;EDUCADORES DE CALLE;CUSCO;CUSCO;CUSCO;2024-08-09;1;1;1;NO APLICA;2
SEC04760;2;2012-11-10;12;4;PERÚ;2;EDUCADORES DE CALLE;LAMBAYEQUE;CHICLAYO;JOSE LEONARDO ORTIZ;2024-08-09;1;1;1;NO APLICA;2
SEC04761;1;2014-04-01;11;3;PERÚ;2;EDUCADORES DE CALLE;LIMA;LIMA;COMAS;2024-08-10;1;1;1;NO APLICA;2
SEC04762;1;2014-08-28;10;3;PERÚ;2;EDUCADORES DE CALLE;LAMBAYEQUE;CHICLAYO;JOSE LEONARDO ORTIZ;2024-08-10;1;1;1;NO APLICA;2
SEC04763;2;2010-02-21;15;4;PERÚ;2;EDUCADORES DE CALLE;LIMA;LIMA;COMAS;2024-08-10;1;1;1;NO APLICA;2
SEC04764;2;2012-07-30;12;4;PERÚ;2;EDUCADORES DE CALLE;LAMBAYEQUE;CHICLAYO;JOSE LEONARDO ORTIZ;2024-08-10;1;1;1;NO APLICA;2
SEC04765;2;2017-06-23;7;3;PERÚ;1;EDUCADORES DE CALLE;LAMBAYEQUE;CHICLAYO;JOSE LEONARDO ORTIZ;2024-08-10;1;1;1;NO APLICA;2
SEC04766;2;2008-09-03;16;4;PERÚ;2;EDUCADORES DE CALLE;CUSCO;CUSCO;CUSCO;2024-08-12;3;1;1;NO APLICA;2
SEC04767;1;2016-12-30;8;3;PERÚ;2;EDUCADORES DE CALLE;LIMA;LIMA;LIMA;2024-08-12;1;1;1;NO APLICA;1
SEC04768;2;2023-09-11;1;2;PERÚ;2;EDUCADORES DE CALLE;LIMA;LIMA;LIMA;2024-08-12;1;1;1;NO APLICA;1
SEC04769;2;2011-04-11;14;4;PERÚ;2;EDUCADORES DE CALLE;PASCO;PASCO;YANACANCHA;2024-08-13;1;1;1;NO APLICA;2
SEC04770;1;2015-04-05;10;3;PERÚ;2;EDUCADORES DE CALLE;PASCO;PASCO;YANACANCHA;2024-08-13;1;1;1;NO APLICA;2
SEC04771;1;2015-07-19;9;3;PERÚ;2;EDUCADORES DE CALLE;LIMA;LIMA;RIMAC;2024-08-13;1;1;1;NO APLICA;2
SEC04772;1;2017-01-29;8;3;PERÚ;2;EDUCADORES DE CALLE;AYACUCHO;HUAMANGA;AYACUCHO;2024-08-13;1;1;1;NO APLICA;2
SEC04773;2;2017-01-29;8;3;PERÚ;2;EDUCADORES DE CALLE;AYACUCHO;HUAMANGA;AYACUCHO;2024-08-13;1;1;1;NO APLICA;2
SEC04774;2;2017-02-27;8;3;PERÚ;2;EDUCADORES DE CALLE;UCAYALI;CORONEL PORTILLO;CALLERIA;2024-08-13;1;1;1;NO APLICA;2
SEC04775;2;2022-02-13;3;2;PERÚ;2;EDUCADORES DE CALLE;LIMA;LIMA;RIMAC;2024-08-13;2;1;1;NO APLICA;2
SEC04776;1;2020-05-14;4;2;PERÚ;2;EDUCADORES DE CALLE;UCAYALI;CORONEL PORTILLO;CALLERIA;2024-08-13;1;1;1;NO APLICA;2
SEC04777;2;2010-02-12;15;4;PERÚ;2;EDUCADORES DE CALLE;UCAYALI;CORONEL PORTILLO;CALLERIA;2024-08-13;1;1;2;2025-04-10;2
SEC04778;1;2018-10-16;6;3;VENEZUELA;2;EDUCADORES DE CALLE;LIMA;LIMA;RIMAC;2024-08-14;2;5;1;NO APLICA;2
SEC04779;2;2014-12-26;10;3;VENEZUELA;2;EDUCADORES DE CALLE;LIMA;LIMA;RIMAC;2024-08-14;2;5;1;NO APLICA;2
SEC04780;2;2007-07-26;17;4;PERÚ;2;EDUCADORES DE CALLE;ANCASH;SANTA;NUEVO CHIMBOTE;2024-08-14;1;1;1;NO APLICA;2
SEC04781;1;2010-11-01;14;4;PERÚ;2;EDUCADORES DE CALLE;CUSCO;CUSCO;SAN JERONIMO;2024-08-14;1;1;1;NO APLICA;2
SEC04782;2;2012-11-28;12;4;PERÚ;2;EDUCADORES DE CALLE;CUSCO;CUSCO;SAN JERONIMO;2024-08-14;1;1;1;NO APLICA;2
SEC04783;2;2009-11-14;15;4;PERÚ;2;EDUCADORES DE CALLE;LAMBAYEQUE;CHICLAYO;CHICLAYO;2024-08-14;1;1;1;NO APLICA;2
SEC04784;2;2010-12-02;14;4;PERÚ;2;EDUCADORES DE CALLE;LAMBAYEQUE;CHICLAYO;CHICLAYO;2024-08-14;1;1;1;NO APLICA;2
SEC04785;1;2013-01-10;12;4;PERÚ;2;EDUCADORES DE CALLE;LIMA;LIMA;SAN JUAN DE LURIGANCHO;2024-08-14;2;1;1;NO APLICA;2
SEC04786;2;2010-08-03;14;4;PERÚ;2;EDUCADORES DE CALLE;LIMA;LIMA;SAN JUAN DE LURIGANCHO;2024-08-14;2;1;1;NO APLICA;2
SEC04787;1;2014-01-27;11;3;PERÚ;2;EDUCADORES DE CALLE;PASCO;PASCO;YANACANCHA;2024-08-14;1;1;1;NO APLICA;2
SEC04788;2;2014-07-11;10;3;PERÚ;2;EDUCADORES DE CALLE;ANCASH;SANTA;NUEVO CHIMBOTE;2024-08-14;1;1;1;NO APLICA;2
SEC04789;2;2014-10-03;10;3;PERÚ;2;EDUCADORES DE CALLE;LIMA;LIMA;SAN JUAN DE LURIGANCHO;2024-08-14;2;1;1;NO APLICA;2
SEC04790;2;2017-02-16;8;3;PERÚ;2;EDUCADORES DE CALLE;LIMA;LIMA;LIMA;2024-08-14;1;1;1;NO APLICA;1
SEC04791;2;2017-03-07;8;3;PERÚ;2;EDUCADORES DE CALLE;LAMBAYEQUE;CHICLAYO;CHICLAYO;2024-08-14;1;1;1;NO APLICA;2
SEC04792;1;2017-08-20;7;3;PERÚ;2;EDUCADORES DE CALLE;PASCO;PASCO;YANACANCHA;2024-08-14;1;1;1;NO APLICA;2
SEC04793;2;2013-08-24;11;3;PERÚ;2;EDUCADORES DE CALLE;PASCO;PASCO;YANACANCHA;2024-08-15;1;1;1;NO APLICA;2
SEC04794;1;2012-06-21;12;4;PERÚ;2;EDUCADORES DE CALLE;LIMA;HUARAL;HUARAL;2024-08-16;2;1;2;2025-02-11;2
SEC04795;1;2011-07-18;13;4;PERÚ;2;EDUCADORES DE CALLE;AREQUIPA;AREQUIPA;JOSE LUIS BUSTAMANTE Y RIVERO;2024-08-16;1;2;1;NO APLICA;2
SEC04796;1;2009-09-24;15;4;PERÚ;2;EDUCADORES DE CALLE;LAMBAYEQUE;CHICLAYO;CHICLAYO;2024-08-16;1;1;1;NO APLICA;2
SEC04797;2;2011-07-12;13;4;PERÚ;2;EDUCADORES DE CALLE;LAMBAYEQUE;CHICLAYO;CHICLAYO;2024-08-16;1;1;1;NO APLICA;2
SEC04798;1;2013-05-12;11;3;PERÚ;2;EDUCADORES DE CALLE;ANCASH;SANTA;CHIMBOTE;2024-08-16;1;2;1;NO APLICA;2
SEC04799;2;2014-06-06;10;3;PERÚ;2;EDUCADORES DE CALLE;AREQUIPA;AREQUIPA;JOSE LUIS BUSTAMANTE Y RIVERO;2024-08-16;1;2;1;NO APLICA;2
SEC04800;2;2009-07-15;15;4;PERÚ;2;EDUCADORES DE CALLE;ANCASH;SANTA;CHIMBOTE;2024-08-16;1;1;1;NO APLICA;2
SEC04801;2;2015-10-27;9;3;PERÚ;2;EDUCADORES DE CALLE;LAMBAYEQUE;CHICLAYO;CHICLAYO;2024-08-16;1;1;1;NO APLICA;2
SEC04802;1;2016-04-21;9;3;PERÚ;2;EDUCADORES DE CALLE;AREQUIPA;AREQUIPA;JOSE LUIS BUSTAMANTE Y RIVERO;2024-08-16;1;1;1;NO APLICA;2
SEC04803;2;2011-10-13;13;4;PERÚ;2;EDUCADORES DE CALLE;PASCO;PASCO;YANACANCHA;2024-08-16;1;1;1;NO APLICA;2
SEC04804;2;2017-06-13;7;3;PERÚ;2;EDUCADORES DE CALLE;LAMBAYEQUE;CHICLAYO;CHICLAYO;2024-08-16;1;1;1;NO APLICA;2
SEC04805;2;2017-11-25;7;3;PERÚ;2;EDUCADORES DE CALLE;LAMBAYEQUE;CHICLAYO;CHICLAYO;2024-08-16;1;1;1;NO APLICA;2
SEC04806;2;2019-07-15;5;2;PERÚ;2;EDUCADORES DE CALLE;ANCASH;SANTA;CHIMBOTE;2024-08-16;1;2;1;NO APLICA;2
SEC04807;1;2011-08-04;13;4;PERÚ;2;EDUCADORES DE CALLE;LIMA;LIMA;LIMA;2024-08-17;1;1;1;NO APLICA;1
SEC04808;2;2013-06-20;11;3;PERÚ;2;EDUCADORES DE CALLE;LIMA;LIMA;LIMA;2024-08-17;1;1;1;NO APLICA;1
SEC04809;1;2014-01-20;11;3;PERÚ;2;EDUCADORES DE CALLE;LIMA;LIMA;COMAS;2024-08-17;1;1;1;NO APLICA;2
SEC04810;1;2015-11-25;9;3;PERÚ;2;EDUCADORES DE CALLE;LIMA;CALLAO;VENTANILLA;2024-08-17;3;1;1;NO APLICA;2
SEC04811;1;2013-02-12;12;4;PERÚ;2;EDUCADORES DE CALLE;AREQUIPA;AREQUIPA;JOSE LUIS BUSTAMANTE Y RIVERO;2024-08-17;1;1;1;NO APLICA;2
SEC04812;2;2014-09-30;10;3;PERÚ;2;EDUCADORES DE CALLE;AREQUIPA;AREQUIPA;JOSE LUIS BUSTAMANTE Y RIVERO;2024-08-17;1;1;1;NO APLICA;2
SEC04813;2;2017-06-21;7;3;PERÚ;2;EDUCADORES DE CALLE;LIMA;CALLAO;VENTANILLA;2024-08-17;3;1;1;NO APLICA;2
SEC04814;1;2018-08-11;6;3;PERÚ;2;EDUCADORES DE CALLE;AREQUIPA;AREQUIPA;JOSE LUIS BUSTAMANTE Y RIVERO;2024-08-17;1;1;1;NO APLICA;2
SEC04815;2;2018-11-04;6;3;PERÚ;2;EDUCADORES DE CALLE;LIMA;LIMA;LIMA;2024-08-17;1;1;1;NO APLICA;1
SEC04816;2;2021-12-11;3;2;PERÚ;2;EDUCADORES DE CALLE;LIMA;CALLAO;VENTANILLA;2024-08-17;3;1;1;NO APLICA;2
SEC04817;2;2020-09-08;4;2;PERÚ;2;EDUCADORES DE CALLE;LIMA;LIMA;LIMA;2024-08-17;1;1;1;NO APLICA;1
SEC04818;2;2010-05-13;14;4;PERÚ;2;EDUCADORES DE CALLE;LIMA;LIMA;SAN JUAN DE MIRAFLORES;2024-08-18;3;1;1;NO APLICA;2
SEC04819;2;2015-06-04;9;3;PERÚ;2;EDUCADORES DE CALLE;AREQUIPA;AREQUIPA;JOSE LUIS BUSTAMANTE Y RIVERO;2024-08-18;1;1;1;NO APLICA;2
SEC04820;2;2016-05-30;8;3;PERÚ;2;EDUCADORES DE CALLE;AREQUIPA;AREQUIPA;JOSE LUIS BUSTAMANTE Y RIVERO;2024-08-18;1;1;1;NO APLICA;2
SEC04821;1;2016-10-18;8;3;PERÚ;2;EDUCADORES DE CALLE;AREQUIPA;AREQUIPA;JOSE LUIS BUSTAMANTE Y RIVERO;2024-08-18;1;1;1;NO APLICA;2
SEC04822;2;2017-05-22;7;3;PERÚ;2;EDUCADORES DE CALLE;AREQUIPA;AREQUIPA;JOSE LUIS BUSTAMANTE Y RIVERO;2024-08-18;1;1;1;NO APLICA;2
SEC04823;1;2017-05-29;7;3;PERÚ;2;EDUCADORES DE CALLE;AREQUIPA;AREQUIPA;JOSE LUIS BUSTAMANTE Y RIVERO;2024-08-18;1;1;1;NO APLICA;2
SEC04824;2;2017-12-22;7;3;PERÚ;2;EDUCADORES DE CALLE;AREQUIPA;AREQUIPA;JOSE LUIS BUSTAMANTE Y RIVERO;2024-08-18;1;1;1;NO APLICA;2
SEC04825;1;2008-07-31;16;4;PERÚ;2;EDUCADORES DE CALLE;LIMA;HUARAL;HUARAL;2024-08-19;1;1;1;NO APLICA;2
SEC04826;1;2010-05-22;14;4;PERÚ;2;EDUCADORES DE CALLE;LAMBAYEQUE;CHICLAYO;JOSE LEONARDO ORTIZ;2024-08-19;1;1;1;NO APLICA;2
SEC04827;1;2012-09-28;12;4;PERÚ;2;EDUCADORES DE CALLE;LAMBAYEQUE;CHICLAYO;JOSE LEONARDO ORTIZ;2024-08-19;1;1;1;NO APLICA;2
SEC04828;1;2016-08-24;8;3;PERÚ;2;EDUCADORES DE CALLE;LIMA;HUARAL;HUARAL;2024-08-19;1;1;1;NO APLICA;2
SEC04829;1;2017-04-28;8;3;PERÚ;2;EDUCADORES DE CALLE;LAMBAYEQUE;CHICLAYO;JOSE LEONARDO ORTIZ;2024-08-19;1;1;1;NO APLICA;2
SEC04830;1;2018-05-11;6;3;PERÚ;2;EDUCADORES DE CALLE;LIMA;HUARAL;HUARAL;2024-08-19;1;1;1;NO APLICA;2
SEC04831;1;2008-07-14;16;4;PERÚ;2;EDUCADORES DE CALLE;LAMBAYEQUE;CHICLAYO;JOSE LEONARDO ORTIZ;2024-08-19;1;1;1;NO APLICA;2
SEC04832;2;2012-01-20;13;4;PERÚ;2;EDUCADORES DE CALLE;AYACUCHO;HUAMANGA;AYACUCHO;2024-08-20;1;1;1;NO APLICA;2
SEC04833;2;2012-11-26;12;4;PERÚ;2;EDUCADORES DE CALLE;AYACUCHO;HUAMANGA;AYACUCHO;2024-08-20;1;1;2;2025-04-25;2
SEC04834;2;2013-04-26;12;4;PERÚ;2;EDUCADORES DE CALLE;AYACUCHO;HUAMANGA;AYACUCHO;2024-08-20;1;1;1;NO APLICA;2
SEC04835;1;2013-04-22;12;4;PERÚ;2;EDUCADORES DE CALLE;LIMA;HUARAL;HUARAL;2024-08-20;1;1;1;NO APLICA;2
SEC04836;1;2013-07-29;11;3;PERÚ;2;EDUCADORES DE CALLE;LIMA;HUARAL;HUARAL;2024-08-20;1;1;1;NO APLICA;2
SEC04837;2;2014-01-24;11;3;PERÚ;2;EDUCADORES DE CALLE;AYACUCHO;HUAMANGA;AYACUCHO;2024-08-20;1;1;1;NO APLICA;2
SEC04838;2;2015-01-19;10;3;PERÚ;2;EDUCADORES DE CALLE;LIMA;HUARAL;HUARAL;2024-08-20;1;1;1;NO APLICA;2
SEC04839;1;2016-06-27;8;3;PERÚ;2;EDUCADORES DE CALLE;PASCO;PASCO;YANACANCHA;2024-08-20;1;1;1;NO APLICA;2
SEC04840;1;2020-06-29;4;2;PERÚ;2;EDUCADORES DE CALLE;PASCO;PASCO;YANACANCHA;2024-08-20;1;1;1;NO APLICA;2
SEC04841;2;2014-02-03;11;3;PERÚ;2;EDUCADORES DE CALLE;APURÍMAC;ABANCAY;ABANCAY;2024-08-20;1;1;1;NO APLICA;2
SEC04842;2;2014-03-26;11;3;PERÚ;2;EDUCADORES DE CALLE;AYACUCHO;HUAMANGA;AYACUCHO;2024-08-20;1;1;1;NO APLICA;2
SEC04843;2;2017-01-13;8;3;PERÚ;2;EDUCADORES DE CALLE;LIMA;HUARAL;HUARAL;2024-08-20;1;1;1;NO APLICA;2
SEC04844;2;2017-02-20;8;3;PERÚ;2;EDUCADORES DE CALLE;PASCO;PASCO;YANACANCHA;2024-08-20;1;1;1;NO APLICA;2
SEC04845;1;2019-04-12;6;3;PERÚ;2;EDUCADORES DE CALLE;LIMA;HUARAL;HUARAL;2024-08-20;1;1;1;NO APLICA;2
SEC04846;2;2014-01-21;11;3;PERÚ;2;EDUCADORES DE CALLE;AYACUCHO;HUAMANGA;AYACUCHO;2024-08-20;1;1;1;NO APLICA;2
SEC04847;2;2012-11-24;12;4;PERÚ;2;EDUCADORES DE CALLE;AREQUIPA;AREQUIPA;JOSE LUIS BUSTAMANTE Y RIVERO;2024-08-21;1;1;1;NO APLICA;2
SEC04848;2;2011-12-19;13;4;PERÚ;2;EDUCADORES DE CALLE;LA LIBERTAD;TRUJILLO;TRUJILLO;2024-08-21;1;1;1;NO APLICA;2
SEC04849;1;2013-01-29;12;4;PERÚ;2;EDUCADORES DE CALLE;MOQUEGUA;MARISCAL NIETO;MOQUEGUA;2024-08-21;1;1;1;NO APLICA;2
SEC04850;2;2013-06-20;11;3;PERÚ;2;EDUCADORES DE CALLE;LA LIBERTAD;TRUJILLO;TRUJILLO;2024-08-21;1;1;1;NO APLICA;2
SEC04851;1;2015-06-26;9;3;PERÚ;2;EDUCADORES DE CALLE;CUSCO;CUSCO;CUSCO;2024-08-21;1;1;1;NO APLICA;2
SEC04852;1;2015-07-08;9;3;PERÚ;2;EDUCADORES DE CALLE;LA LIBERTAD;TRUJILLO;TRUJILLO;2024-08-21;1;1;1;NO APLICA;2
SEC04853;2;2015-10-14;9;3;PERÚ;2;EDUCADORES DE CALLE;AREQUIPA;AREQUIPA;JOSE LUIS BUSTAMANTE Y RIVERO;2024-08-21;1;1;1;NO APLICA;2
SEC04854;1;2015-11-16;9;3;PERÚ;2;EDUCADORES DE CALLE;LIMA;CALLAO;VENTANILLA;2024-08-21;3;1;1;NO APLICA;2
SEC04855;2;2013-08-26;11;3;PERÚ;2;EDUCADORES DE CALLE;AREQUIPA;AREQUIPA;JOSE LUIS BUSTAMANTE Y RIVERO;2024-08-21;1;1;1;NO APLICA;2
SEC04856;2;2016-12-29;8;3;PERÚ;2;EDUCADORES DE CALLE;AREQUIPA;AREQUIPA;JOSE LUIS BUSTAMANTE Y RIVERO;2024-08-21;1;1;1;NO APLICA;2
SEC04857;2;2017-05-28;7;3;PERÚ;2;EDUCADORES DE CALLE;LA LIBERTAD;TRUJILLO;TRUJILLO;2024-08-21;1;1;1;NO APLICA;2
SEC04858;2;2018-12-06;6;3;PERÚ;2;EDUCADORES DE CALLE;PASCO;PASCO;YANACANCHA;2024-08-21;1;1;1;NO APLICA;2
SEC04859;1;2007-07-28;17;4;PERÚ;2;EDUCADORES DE CALLE;LIMA;CALLAO;VENTANILLA;2024-08-22;3;1;1;NO APLICA;2
SEC04860;1;2012-03-17;13;4;PERÚ;2;EDUCADORES DE CALLE;PIURA;SULLANA;SULLANA;2024-08-22;1;1;1;NO APLICA;2
SEC04861;2;2009-08-20;15;4;PERÚ;2;EDUCADORES DE CALLE;LIMA;CALLAO;VENTANILLA;2024-08-22;3;1;1;NO APLICA;2
SEC04862;2;2011-10-25;13;4;PERÚ;2;EDUCADORES DE CALLE;LIMA;CALLAO;VENTANILLA;2024-08-22;3;1;1;NO APLICA;2
SEC04863;2;2012-07-20;12;4;PERÚ;2;EDUCADORES DE CALLE;PIURA;PIURA;PIURA;2024-08-22;1;1;1;NO APLICA;2
SEC04864;2;2013-10-01;11;3;PERÚ;2;EDUCADORES DE CALLE;APURÍMAC;ABANCAY;ABANCAY;2024-08-22;1;1;1;NO APLICA;2
SEC04865;2;2015-02-04;10;3;PERÚ;2;EDUCADORES DE CALLE;HUANCAVELICA;HUANCAVELICA;HUANCAVELICA;2024-08-22;1;1;1;NO APLICA;2
SEC04866;1;2016-02-20;9;3;PERÚ;2;EDUCADORES DE CALLE;PIURA;PIURA;PIURA;2024-08-22;1;1;1;NO APLICA;2
SEC04867;2;2015-08-13;9;3;PERÚ;2;EDUCADORES DE CALLE;APURÍMAC;ABANCAY;ABANCAY;2024-08-22;1;1;1;NO APLICA;2
SEC04868;1;2020-11-03;4;2;PERÚ;2;EDUCADORES DE CALLE;LIMA;LIMA;SAN JUAN DE MIRAFLORES;2024-08-22;2;1;1;NO APLICA;2
SEC04869;2;2023-06-05;1;2;PERÚ;2;EDUCADORES DE CALLE;LIMA;LIMA;SAN JUAN DE MIRAFLORES;2024-08-22;2;1;1;NO APLICA;2
SEC04870;2;2017-09-04;7;3;PERÚ;2;EDUCADORES DE CALLE;PIURA;SULLANA;SULLANA;2024-08-22;1;5;1;NO APLICA;2
SEC04871;2;2009-06-03;15;4;PERÚ;2;EDUCADORES DE CALLE;LIMA;HUARAL;HUARAL;2024-08-23;1;1;1;NO APLICA;2
SEC04872;1;2013-05-06;11;3;PERÚ;2;EDUCADORES DE CALLE;LIMA;LIMA;SURQUILLO;2024-08-23;3;5;1;NO APLICA;2
SEC04873;2;2015-04-30;10;3;PERÚ;2;EDUCADORES DE CALLE;LIMA;LIMA;SURQUILLO;2024-08-23;3;5;1;NO APLICA;2
SEC04874;1;2017-12-11;7;3;PERÚ;2;EDUCADORES DE CALLE;LIMA;LIMA;SURQUILLO;2024-08-23;3;5;1;NO APLICA;2
SEC04875;1;2022-12-04;2;2;PERÚ;2;EDUCADORES DE CALLE;LIMA;LIMA;ATE;2024-08-23;2;1;1;NO APLICA;2
SEC04876;1;2007-07-08;17;4;PERÚ;2;EDUCADORES DE CALLE;LIMA;LIMA;PUENTE PIEDRA;2024-08-23;1;1;1;NO APLICA;2
SEC04877;2;2007-08-05;17;4;PERÚ;2;EDUCADORES DE CALLE;LIMA;LIMA;PUENTE PIEDRA;2024-08-23;1;1;1;NO APLICA;2
SEC04878;2;2007-10-01;17;4;PERÚ;2;EDUCADORES DE CALLE;LIMA;LIMA;PUENTE PIEDRA;2024-08-23;1;1;1;NO APLICA;2
SEC04879;2;2007-04-02;18;5;PERÚ;2;EDUCADORES DE CALLE;LIMA;LIMA;PUENTE PIEDRA;2024-08-23;1;1;1;NO APLICA;2
SEC04880;1;2007-05-22;17;4;PERÚ;2;EDUCADORES DE CALLE;LIMA;LIMA;PUENTE PIEDRA;2024-08-23;1;1;1;NO APLICA;2
SEC04881;2;2008-11-09;16;4;PERÚ;2;EDUCADORES DE CALLE;AREQUIPA;AREQUIPA;CERRO COLORADO;2024-08-23;1;1;1;NO APLICA;2
SEC04882;1;2009-08-30;15;4;PERÚ;2;EDUCADORES DE CALLE;LIMA;LIMA;PUENTE PIEDRA;2024-08-23;1;1;1;NO APLICA;2
SEC04883;2;2009-06-24;15;4;PERÚ;2;EDUCADORES DE CALLE;LIMA;LIMA;LA VICTORIA;2024-08-23;1;1;1;NO APLICA;2
SEC04884;1;2010-03-08;15;4;PERÚ;2;EDUCADORES DE CALLE;CAJAMARCA;CAJAMARCA;CAJAMARCA;2024-08-23;1;1;1;NO APLICA;2
SEC04885;1;2012-03-17;13;4;PERÚ;2;EDUCADORES DE CALLE;CAJAMARCA;CAJAMARCA;CAJAMARCA;2024-08-23;1;1;1;NO APLICA;2
SEC04886;2;2012-01-30;13;4;PERÚ;2;EDUCADORES DE CALLE;AREQUIPA;AREQUIPA;CERRO COLORADO;2024-08-23;1;1;1;NO APLICA;2
SEC04887;2;2011-06-02;13;4;PERÚ;2;EDUCADORES DE CALLE;AREQUIPA;AREQUIPA;CERRO COLORADO;2024-08-23;1;1;1;NO APLICA;2
SEC04888;1;2007-07-25;17;4;PERÚ;2;EDUCADORES DE CALLE;LIMA;LIMA;PUENTE PIEDRA;2024-08-23;1;1;1;NO APLICA;2
SEC04889;2;2008-01-16;17;4;PERÚ;2;EDUCADORES DE CALLE;LIMA;LIMA;PUENTE PIEDRA;2024-08-23;1;1;1;NO APLICA;2
SEC04890;1;2009-02-15;16;4;PERÚ;2;EDUCADORES DE CALLE;LIMA;LIMA;PUENTE PIEDRA;2024-08-23;1;1;1;NO APLICA;2
SEC04891;2;2009-03-30;16;4;PERÚ;2;EDUCADORES DE CALLE;LIMA;LIMA;PUENTE PIEDRA;2024-08-23;1;1;1;NO APLICA;2
SEC04892;2;2009-12-14;15;4;PERÚ;2;EDUCADORES DE CALLE;LA LIBERTAD;TRUJILLO;TRUJILLO;2024-08-23;1;1;1;NO APLICA;2
SEC04893;2;2007-03-14;18;5;PERÚ;2;EDUCADORES DE CALLE;LIMA;LIMA;PUENTE PIEDRA;2024-08-23;1;1;1;NO APLICA;2
SEC04894;1;2011-02-04;14;4;PERÚ;2;EDUCADORES DE CALLE;LIMA;LIMA;ATE;2024-08-23;1;1;1;NO APLICA;2
SEC04895;2;2012-05-04;12;4;PERÚ;2;EDUCADORES DE CALLE;AREQUIPA;AREQUIPA;CERRO COLORADO;2024-08-23;1;1;1;NO APLICA;2
SEC04896;2;2013-04-12;12;4;PERÚ;2;EDUCADORES DE CALLE;PASCO;PASCO;YANACANCHA;2024-08-23;1;1;1;NO APLICA;2
SEC04897;2;2007-08-15;17;4;PERÚ;2;EDUCADORES DE CALLE;LIMA;LIMA;PUENTE PIEDRA;2024-08-23;1;1;1;NO APLICA;2
SEC04898;1;2014-10-07;10;3;PERÚ;1;EDUCADORES DE CALLE;LIMA;LIMA;PUENTE PIEDRA;2024-08-23;1;5;1;NO APLICA;2
SEC04899;1;2015-11-03;9;3;PERÚ;2;EDUCADORES DE CALLE;LIMA;LIMA;PUENTE PIEDRA;2024-08-23;1;1;1;NO APLICA;2
SEC04900;2;2015-12-23;9;3;PERÚ;2;EDUCADORES DE CALLE;AREQUIPA;AREQUIPA;CERRO COLORADO;2024-08-23;1;1;1;NO APLICA;2
SEC04901;2;2018-01-22;7;3;PERÚ;2;EDUCADORES DE CALLE;LIMA;LIMA;ATE;2024-08-23;1;1;1;NO APLICA;2
SEC04902;1;2016-03-22;9;3;PERÚ;2;EDUCADORES DE CALLE;LIMA;LIMA;PUENTE PIEDRA;2024-08-23;1;1;1;NO APLICA;2
SEC04903;1;2014-11-05;10;3;PERÚ;2;EDUCADORES DE CALLE;LIMA;LIMA;ATE;2024-08-23;1;1;1;NO APLICA;2
SEC04904;2;2016-08-08;8;3;PERÚ;2;EDUCADORES DE CALLE;LA LIBERTAD;TRUJILLO;TRUJILLO;2024-08-23;1;1;1;NO APLICA;2
SEC04905;2;2018-02-06;7;3;PERÚ;2;EDUCADORES DE CALLE;LIMA;LIMA;PUENTE PIEDRA;2024-08-23;1;1;1;NO APLICA;2
SEC04906;2;2019-10-13;5;2;PERÚ;2;EDUCADORES DE CALLE;LIMA;LIMA;LA VICTORIA;2024-08-23;1;1;1;NO APLICA;2
SEC04907;1;2021-09-12;3;2;PERÚ;2;EDUCADORES DE CALLE;LIMA;LIMA;PUENTE PIEDRA;2024-08-23;1;1;1;NO APLICA;2
SEC04908;1;2013-11-09;11;3;PERÚ;2;EDUCADORES DE CALLE;LIMA;LIMA;PUENTE PIEDRA;2024-08-23;1;1;1;NO APLICA;2
SEC04909;1;2018-05-27;6;3;PERÚ;2;EDUCADORES DE CALLE;LA LIBERTAD;TRUJILLO;TRUJILLO;2024-08-23;1;1;1;NO APLICA;2
SEC04910;2;2015-09-19;9;3;PERÚ;2;EDUCADORES DE CALLE;PASCO;PASCO;YANACANCHA;2024-08-24;1;1;1;NO APLICA;2
SEC04911;1;2009-10-24;15;4;PERÚ;2;EDUCADORES DE CALLE;AREQUIPA;AREQUIPA;JOSE LUIS BUSTAMANTE Y RIVERO;2024-08-25;1;1;1;NO APLICA;1
SEC04912;1;2009-07-29;15;4;PERÚ;2;EDUCADORES DE CALLE;PASCO;PASCO;YANACANCHA;2024-08-25;1;1;1;NO APLICA;2
SEC04913;1;2010-05-27;14;4;PERÚ;2;EDUCADORES DE CALLE;PASCO;PASCO;CHAUPIMARCA;2024-08-25;1;1;1;NO APLICA;2
SEC04914;1;2009-09-12;15;4;PERÚ;2;EDUCADORES DE CALLE;PASCO;PASCO;SIMON BOLIVAR;2024-08-25;1;1;1;NO APLICA;2
SEC04915;1;2016-11-03;8;3;PERÚ;2;EDUCADORES DE CALLE;PASCO;PASCO;SIMON BOLIVAR;2024-08-25;1;1;1;NO APLICA;2
SEC04916;1;2014-10-25;10;3;PERÚ;2;EDUCADORES DE CALLE;AREQUIPA;AREQUIPA;JOSE LUIS BUSTAMANTE Y RIVERO;2024-08-25;1;1;1;NO APLICA;1
SEC04917;1;2012-10-21;12;4;PERÚ;2;EDUCADORES DE CALLE;AREQUIPA;AREQUIPA;JOSE LUIS BUSTAMANTE Y RIVERO;2024-08-25;1;1;1;NO APLICA;1
SEC04918;1;2018-03-14;7;3;PERÚ;2;EDUCADORES DE CALLE;AREQUIPA;AREQUIPA;JOSE LUIS BUSTAMANTE Y RIVERO;2024-08-25;1;1;1;NO APLICA;1
SEC04919;2;2018-07-23;6;3;PERÚ;2;EDUCADORES DE CALLE;PASCO;PASCO;CHAUPIMARCA;2024-08-25;3;1;1;NO APLICA;2
SEC04920;1;2019-04-17;6;3;PERÚ;2;EDUCADORES DE CALLE;PASCO;PASCO;YANACANCHA;2024-08-25;2;1;1;NO APLICA;2
SEC04921;2;2020-08-14;4;2;PERÚ;2;EDUCADORES DE CALLE;PASCO;PASCO;CHAUPIMARCA;2024-08-25;2;1;1;NO APLICA;2
SEC04922;1;2022-08-25;2;2;PERÚ;2;EDUCADORES DE CALLE;PASCO;PASCO;SIMON BOLIVAR;2024-08-25;2;1;1;NO APLICA;2
SEC04923;2;2023-05-30;1;2;PERÚ;2;EDUCADORES DE CALLE;PASCO;PASCO;CHAUPIMARCA;2024-08-25;2;1;1;NO APLICA;2
SEC04924;2;2008-03-08;17;4;PERÚ;2;EDUCADORES DE CALLE;PIURA;SULLANA;SULLANA;2024-08-26;1;1;1;NO APLICA;2
SEC04925;2;2009-06-02;15;4;PERÚ;2;EDUCADORES DE CALLE;PIURA;SULLANA;SULLANA;2024-08-26;1;1;1;NO APLICA;2
SEC04926;1;2009-09-09;15;4;PERÚ;2;EDUCADORES DE CALLE;PIURA;SULLANA;SULLANA;2024-08-26;1;1;1;NO APLICA;2
SEC04927;1;2014-02-13;11;3;PERÚ;2;EDUCADORES DE CALLE;PIURA;SULLANA;SULLANA;2024-08-26;1;1;1;NO APLICA;2
SEC04928;1;2011-03-05;14;4;PERÚ;2;EDUCADORES DE CALLE;AYACUCHO;HUAMANGA;AYACUCHO;2024-08-26;1;1;1;NO APLICA;2
SEC04929;2;2016-10-15;8;3;PERÚ;2;EDUCADORES DE CALLE;AYACUCHO;HUAMANGA;AYACUCHO;2024-08-26;1;1;1;NO APLICA;2
SEC04930;1;2016-04-09;9;3;PERÚ;2;EDUCADORES DE CALLE;AYACUCHO;HUAMANGA;AYACUCHO;2024-08-26;1;1;1;NO APLICA;2
SEC04931;2;2008-07-02;16;4;PERÚ;2;EDUCADORES DE CALLE;CUSCO;CUSCO;CUSCO;2024-08-27;3;1;1;NO APLICA;2
SEC04932;2;2009-05-21;15;4;PERÚ;2;EDUCADORES DE CALLE;ANCASH;CASMA;CASMA;2024-08-27;1;1;1;NO APLICA;2
SEC04933;2;2009-08-24;15;4;PERÚ;2;EDUCADORES DE CALLE;ANCASH;CASMA;CASMA;2024-08-27;1;1;1;NO APLICA;2
SEC04934;2;2010-05-08;14;4;PERÚ;2;EDUCADORES DE CALLE;AREQUIPA;AREQUIPA;JOSE LUIS BUSTAMANTE Y RIVERO;2024-08-27;1;1;1;NO APLICA;2
SEC04935;2;2011-10-05;13;4;PERÚ;2;EDUCADORES DE CALLE;AREQUIPA;AREQUIPA;JOSE LUIS BUSTAMANTE Y RIVERO;2024-08-27;1;1;1;NO APLICA;2
SEC04936;1;2013-08-02;11;3;PERÚ;2;EDUCADORES DE CALLE;PIURA;PIURA;PIURA;2024-08-27;1;1;1;NO APLICA;2
SEC04937;2;2013-12-18;11;3;PERÚ;2;EDUCADORES DE CALLE;PIURA;PIURA;PIURA;2024-08-27;1;1;1;NO APLICA;2
SEC04938;1;2013-12-18;11;3;PERÚ;2;EDUCADORES DE CALLE;PIURA;PIURA;PIURA;2024-08-27;1;1;1;NO APLICA;2
SEC04939;1;2015-09-18;9;3;PERÚ;2;EDUCADORES DE CALLE;ANCASH;CASMA;CASMA;2024-08-27;1;1;1;NO APLICA;2
SEC04940;1;2016-05-15;8;3;PERÚ;2;EDUCADORES DE CALLE;PIURA;PIURA;PIURA;2024-08-27;1;1;1;NO APLICA;2
SEC04941;2;2016-07-05;8;3;PERÚ;2;EDUCADORES DE CALLE;ANCASH;CASMA;CASMA;2024-08-27;1;1;1;NO APLICA;2
SEC04942;2;2015-05-11;9;3;PERÚ;2;EDUCADORES DE CALLE;AREQUIPA;AREQUIPA;JOSE LUIS BUSTAMANTE Y RIVERO;2024-08-27;1;1;1;NO APLICA;2
SEC04943;1;2017-03-14;8;3;PERÚ;2;EDUCADORES DE CALLE;ANCASH;CASMA;CASMA;2024-08-27;1;1;1;NO APLICA;2
SEC04944;2;2017-07-14;7;3;PERÚ;2;EDUCADORES DE CALLE;MOQUEGUA;ILO;ILO;2024-08-27;1;1;1;NO APLICA;2
SEC04945;2;2017-11-30;7;3;PERÚ;2;EDUCADORES DE CALLE;AREQUIPA;AREQUIPA;JOSE LUIS BUSTAMANTE Y RIVERO;2024-08-27;1;1;1;NO APLICA;2
SEC04946;1;2018-04-25;7;3;PERÚ;2;EDUCADORES DE CALLE;ANCASH;CASMA;CASMA;2024-08-27;1;1;1;NO APLICA;2
SEC04947;2;2018-05-24;6;3;PERÚ;2;EDUCADORES DE CALLE;MOQUEGUA;ILO;ILO;2024-08-27;1;1;2;2025-02-24;2
SEC04948;1;2010-05-21;14;4;PERÚ;2;EDUCADORES DE CALLE;LA LIBERTAD;TRUJILLO;TRUJILLO;2024-08-28;1;1;1;NO APLICA;2
SEC04949;2;2009-11-15;15;4;PERÚ;2;EDUCADORES DE CALLE;PIURA;SULLANA;SULLANA;2024-08-28;1;1;1;NO APLICA;2
SEC04950;2;2010-01-03;15;4;PERÚ;2;EDUCADORES DE CALLE;PIURA;SULLANA;SULLANA;2024-08-28;1;1;1;NO APLICA;2
SEC04951;2;2012-12-22;12;4;PERÚ;2;EDUCADORES DE CALLE;PIURA;SULLANA;SULLANA;2024-08-28;1;1;1;NO APLICA;2
SEC04952;1;2013-07-10;11;3;PERÚ;2;EDUCADORES DE CALLE;HUÁNUCO;HUÁNUCO;HUÁNUCO;2024-08-28;1;1;1;NO APLICA;2
SEC04953;1;2013-08-26;11;3;PERÚ;2;EDUCADORES DE CALLE;PIURA;SULLANA;SULLANA;2024-08-28;1;1;1;NO APLICA;2
SEC04954;1;2014-05-21;10;3;PERÚ;2;EDUCADORES DE CALLE;PIURA;SULLANA;SULLANA;2024-08-28;1;1;1;NO APLICA;2
SEC04955;1;2015-06-12;9;3;PERÚ;2;EDUCADORES DE CALLE;PIURA;SULLANA;SULLANA;2024-08-28;1;1;1;NO APLICA;2
SEC04956;1;2016-04-29;9;3;PERÚ;2;EDUCADORES DE CALLE;PIURA;SULLANA;SULLANA;2024-08-28;1;1;1;NO APLICA;2
SEC04957;2;2017-03-05;8;3;PERÚ;2;EDUCADORES DE CALLE;HUÁNUCO;HUÁNUCO;HUÁNUCO;2024-08-28;1;1;1;NO APLICA;2
SEC04958;2;2017-07-01;7;3;PERÚ;2;EDUCADORES DE CALLE;PIURA;SULLANA;SULLANA;2024-08-28;1;1;1;NO APLICA;2
SEC04959;2;2019-01-27;6;3;PERÚ;2;EDUCADORES DE CALLE;PIURA;SULLANA;SULLANA;2024-08-28;1;1;1;NO APLICA;2
SEC04960;2;2019-08-14;5;2;PERÚ;2;EDUCADORES DE CALLE;PIURA;SULLANA;SULLANA;2024-08-28;1;1;1;NO APLICA;2
SEC04961;1;2011-05-22;13;4;PERÚ;2;EDUCADORES DE CALLE;JUNÍN;HUANCAYO;HUANCAYO;2024-08-29;1;1;1;NO APLICA;2
SEC04962;2;2011-09-27;13;4;PERÚ;2;EDUCADORES DE CALLE;JUNÍN;HUANCAYO;HUANCAYO;2024-08-29;1;1;2;2025-01-24;2
SEC04963;2;2011-07-08;13;4;PERÚ;2;EDUCADORES DE CALLE;JUNÍN;HUANCAYO;HUANCAYO;2024-08-29;1;1;2;2025-02-25;2
SEC04964;1;2012-06-12;12;4;PERÚ;2;EDUCADORES DE CALLE;JUNÍN;HUANCAYO;HUANCAYO;2024-08-29;1;1;1;NO APLICA;2
SEC04965;2;2013-12-28;11;3;PERÚ;2;EDUCADORES DE CALLE;JUNÍN;HUANCAYO;HUANCAYO;2024-08-29;1;1;2;2025-01-24;2
SEC04966;1;2014-01-03;11;3;PERÚ;2;EDUCADORES DE CALLE;JUNÍN;HUANCAYO;HUANCAYO;2024-08-29;1;1;1;NO APLICA;2
SEC04967;2;2014-08-05;10;3;PERÚ;2;EDUCADORES DE CALLE;JUNÍN;HUANCAYO;HUANCAYO;2024-08-29;1;1;1;NO APLICA;2
SEC04968;2;2014-10-08;10;3;PERÚ;2;EDUCADORES DE CALLE;JUNÍN;HUANCAYO;HUANCAYO;2024-08-29;1;1;1;NO APLICA;2
SEC04969;1;2016-06-11;8;3;PERÚ;2;EDUCADORES DE CALLE;JUNÍN;HUANCAYO;HUANCAYO;2024-08-29;1;1;1;NO APLICA;2
SEC04970;2;2016-12-10;8;3;PERÚ;2;EDUCADORES DE CALLE;JUNÍN;HUANCAYO;HUANCAYO;2024-08-29;1;1;2;2025-02-25;2
SEC04971;2;2016-12-02;8;3;PERÚ;2;EDUCADORES DE CALLE;JUNÍN;HUANCAYO;HUANCAYO;2024-08-29;1;1;1;NO APLICA;2
SEC04972;1;2019-08-13;5;2;PERÚ;2;EDUCADORES DE CALLE;JUNÍN;HUANCAYO;HUANCAYO;2024-08-29;1;1;1;NO APLICA;2
SEC04973;2;2013-07-23;11;3;PERÚ;2;EDUCADORES DE CALLE;JUNÍN;HUANCAYO;HUANCAYO;2024-08-31;1;1;1;NO APLICA;2
SEC04974;2;2016-06-28;8;3;PERÚ;2;EDUCADORES DE CALLE;JUNÍN;HUANCAYO;HUANCAYO;2024-08-31;1;1;1;NO APLICA;2
SEC04975;1;2008-09-28;16;4;PERÚ;2;EDUCADORES DE CALLE;LA LIBERTAD;TRUJILLO;TRUJILLO;2024-09-03;1;1;1;NO APLICA;2
SEC04976;2;2016-04-16;9;3;PERÚ;2;EDUCADORES DE CALLE;HUANCAVELICA;HUANCAVELICA;ASCENSION;2024-09-03;1;5;1;NO APLICA;2
SEC04977;2;2012-01-02;13;4;PERÚ;2;EDUCADORES DE CALLE;HUANCAVELICA;HUANCAVELICA;HUANCAVELICA;2024-09-04;1;5;1;NO APLICA;2
SEC04978;2;2014-08-06;10;3;PERÚ;2;EDUCADORES DE CALLE;LIMA;HUARAL;HUARAL;2024-09-04;1;1;1;NO APLICA;2
SEC04979;1;2018-03-12;7;3;PERÚ;2;EDUCADORES DE CALLE;TACNA;TACNA;CORONEL GREGORIO ALBARRACIN LANCHIPA;2024-09-04;1;1;1;NO APLICA;2
SEC04980;2;2018-01-31;7;3;PERÚ;2;EDUCADORES DE CALLE;HUANCAVELICA;HUANCAVELICA;HUANCAVELICA;2024-09-05;1;5;1;NO APLICA;2
SEC04981;2;2011-06-25;13;4;PERÚ;2;EDUCADORES DE CALLE;CUSCO;CUSCO;CUSCO;2024-09-06;1;1;1;NO APLICA;2
SEC04982;1;2012-10-05;12;4;PERÚ;2;EDUCADORES DE CALLE;HUANCAVELICA;HUANCAVELICA;HUANCAVELICA;2024-09-06;1;5;1;NO APLICA;2
SEC04983;1;2014-03-16;11;3;PERÚ;2;EDUCADORES DE CALLE;LIMA;LIMA;SAN JUAN DE LURIGANCHO;2024-09-06;1;1;1;NO APLICA;2
SEC04984;1;2015-09-10;9;3;PERÚ;2;EDUCADORES DE CALLE;CUSCO;CUSCO;CUSCO;2024-09-06;1;1;1;NO APLICA;2
SEC04985;2;2015-06-02;9;3;PERÚ;2;EDUCADORES DE CALLE;HUANCAVELICA;HUANCAVELICA;HUANCAVELICA;2024-09-06;1;5;1;NO APLICA;2
SEC04986;2;2012-11-26;12;4;PERÚ;2;EDUCADORES DE CALLE;AREQUIPA;AREQUIPA;JOSE LUIS BUSTAMANTE Y RIVERO;2024-09-06;1;1;1;NO APLICA;2
SEC04987;2;2009-03-17;16;4;PERÚ;2;EDUCADORES DE CALLE;AYACUCHO;HUAMANGA;AYACUCHO;2024-09-09;1;1;1;NO APLICA;2
SEC04988;1;2014-11-15;10;3;PERÚ;2;EDUCADORES DE CALLE;AYACUCHO;HUAMANGA;AYACUCHO;2024-09-09;1;1;1;NO APLICA;2
SEC04989;1;2008-09-30;16;4;PERÚ;2;EDUCADORES DE CALLE;LIMA;HUARAL;HUARAL;2024-09-10;1;1;1;NO APLICA;2
SEC04990;2;2013-01-26;12;4;PERÚ;2;EDUCADORES DE CALLE;LIMA;HUARAL;HUARAL;2024-09-10;1;1;1;NO APLICA;2
SEC04991;1;2014-11-18;10;3;PERÚ;2;EDUCADORES DE CALLE;TUMBES;TUMBES;TUMBES;2024-09-10;1;1;1;NO APLICA;2
SEC04992;2;2018-07-03;6;3;PERÚ;2;EDUCADORES DE CALLE;TUMBES;TUMBES;TUMBES;2024-09-10;1;1;1;NO APLICA;2
SEC04993;1;2010-01-15;15;4;PERÚ;2;EDUCADORES DE CALLE;MOQUEGUA;MARISCAL NIETO;MOQUEGUA;2024-09-11;1;1;1;NO APLICA;2
SEC04994;1;2016-02-20;9;3;PERÚ;2;EDUCADORES DE CALLE;MOQUEGUA;MARISCAL NIETO;MOQUEGUA;2024-09-11;1;1;1;NO APLICA;2
SEC04995;2;2018-02-20;7;3;PERÚ;2;EDUCADORES DE CALLE;MOQUEGUA;MARISCAL NIETO;MOQUEGUA;2024-09-11;1;1;1;NO APLICA;2
SEC04996;2;2008-01-24;17;4;PERÚ;2;EDUCADORES DE CALLE;AYACUCHO;HUAMANGA;AYACUCHO;2024-09-12;1;1;1;NO APLICA;2
SEC04997;2;2009-11-20;15;4;PERÚ;2;EDUCADORES DE CALLE;APURÍMAC;ABANCAY;ABANCAY;2024-09-12;1;1;1;NO APLICA;2
SEC04998;1;2010-08-05;14;4;PERÚ;2;EDUCADORES DE CALLE;MOQUEGUA;MARISCAL NIETO;MOQUEGUA;2024-09-12;1;1;1;NO APLICA;2
SEC04999;2;2010-10-04;14;4;PERÚ;2;EDUCADORES DE CALLE;CUSCO;CUSCO;CUSCO;2024-09-12;3;5;2;2025-04-25;2
SEC05000;1;2011-04-06;14;4;PERÚ;2;EDUCADORES DE CALLE;CAJAMARCA;CAJAMARCA;CAJAMARCA;2024-09-12;1;1;1;NO APLICA;2
SEC05001;1;2013-02-25;12;4;PERÚ;1;EDUCADORES DE CALLE;MOQUEGUA;MARISCAL NIETO;MOQUEGUA;2024-09-12;1;1;2;2025-03-03;2
SEC05002;2;2013-07-04;11;3;PERÚ;2;EDUCADORES DE CALLE;APURÍMAC;ABANCAY;ABANCAY;2024-09-12;1;1;1;NO APLICA;2
SEC05003;1;2014-05-18;10;3;PERÚ;2;EDUCADORES DE CALLE;LIMA;LIMA;EL AGUSTINO;2024-09-12;1;1;1;NO APLICA;2
SEC05004;1;2015-12-11;9;3;PERÚ;2;EDUCADORES DE CALLE;AREQUIPA;AREQUIPA;JOSE LUIS BUSTAMANTE Y RIVERO;2024-09-12;1;1;1;NO APLICA;2
SEC05005;1;2016-05-11;8;3;PERÚ;2;EDUCADORES DE CALLE;LIMA;HUARAL;HUARAL;2024-09-12;1;1;1;NO APLICA;2
SEC05006;1;2018-06-23;6;3;PERÚ;2;EDUCADORES DE CALLE;LIMA;LIMA;EL AGUSTINO;2024-09-12;2;1;1;NO APLICA;2
SEC05007;1;2023-05-24;1;2;PERÚ;2;EDUCADORES DE CALLE;LIMA;LIMA;EL AGUSTINO;2024-09-12;2;1;1;NO APLICA;2
SEC05008;1;2009-01-26;16;4;PERÚ;2;EDUCADORES DE CALLE;LA LIBERTAD;TRUJILLO;TRUJILLO;2024-09-13;1;1;1;NO APLICA;2
SEC05009;2;2014-09-03;10;3;PERÚ;2;EDUCADORES DE CALLE;AREQUIPA;AREQUIPA;JOSE LUIS BUSTAMANTE Y RIVERO;2024-09-13;1;5;1;NO APLICA;2
SEC05010;1;2016-06-21;8;3;PERÚ;2;EDUCADORES DE CALLE;HUANCAVELICA;HUANCAVELICA;HUANCAVELICA;2024-09-13;1;5;1;NO APLICA;2
SEC05011;2;2016-08-27;8;3;PERÚ;2;EDUCADORES DE CALLE;AREQUIPA;AREQUIPA;JOSE LUIS BUSTAMANTE Y RIVERO;2024-09-13;1;5;1;NO APLICA;2
SEC05012;2;2015-05-13;9;3;PERÚ;2;EDUCADORES DE CALLE;AREQUIPA;AREQUIPA;JOSE LUIS BUSTAMANTE Y RIVERO;2024-09-14;1;1;1;NO APLICA;2
SEC05013;1;2016-12-30;8;3;PERÚ;2;EDUCADORES DE CALLE;AREQUIPA;AREQUIPA;JOSE LUIS BUSTAMANTE Y RIVERO;2024-09-14;1;1;1;NO APLICA;2
SEC05014;2;2018-11-16;6;3;PERÚ;2;EDUCADORES DE CALLE;AREQUIPA;AREQUIPA;JOSE LUIS BUSTAMANTE Y RIVERO;2024-09-14;1;1;1;NO APLICA;2
SEC05015;1;2016-03-15;9;3;PERÚ;2;EDUCADORES DE CALLE;HUANCAVELICA;HUANCAVELICA;HUANCAVELICA;2024-09-16;1;5;1;NO APLICA;2
SEC05016;2;2019-01-23;6;3;PERÚ;2;EDUCADORES DE CALLE;HUANCAVELICA;HUANCAVELICA;HUANCAVELICA;2024-09-16;1;5;1;NO APLICA;2
SEC05017;2;2020-02-12;5;2;VENEZUELA;2;EDUCADORES DE CALLE;LIMA;LIMA;MAGDALENA;2024-09-17;2;1;1;NO APLICA;2
SEC05018;2;2022-07-19;2;2;VENEZUELA;2;EDUCADORES DE CALLE;LIMA;LIMA;MAGDALENA;2024-09-17;2;1;1;NO APLICA;2
SEC05019;1;2009-08-10;15;4;PERÚ;2;EDUCADORES DE CALLE;LA LIBERTAD;TRUJILLO;TRUJILLO;2024-09-17;1;1;1;NO APLICA;2
SEC05020;1;2018-09-12;6;3;PERÚ;2;EDUCADORES DE CALLE;LA LIBERTAD;TRUJILLO;TRUJILLO;2024-09-17;1;1;1;NO APLICA;2
SEC05021;1;2015-08-23;9;3;PERÚ;2;EDUCADORES DE CALLE;AREQUIPA;AREQUIPA;JOSE LUIS BUSTAMANTE Y RIVERO;2024-09-17;1;1;1;NO APLICA;2
SEC05022;1;2018-02-08;7;3;PERÚ;2;EDUCADORES DE CALLE;HUANCAVELICA;HUANCAVELICA;HUANCAVELICA;2024-09-17;1;5;1;NO APLICA;2
SEC05023;1;2018-11-06;6;3;PERÚ;2;EDUCADORES DE CALLE;AREQUIPA;AREQUIPA;JOSE LUIS BUSTAMANTE Y RIVERO;2024-09-17;1;1;1;NO APLICA;2
SEC05024;2;2019-02-27;6;3;PERÚ;2;EDUCADORES DE CALLE;LIMA;HUARAL;HUARAL;2024-09-17;1;1;1;NO APLICA;2
SEC05025;1;2021-01-26;4;2;PERÚ;2;EDUCADORES DE CALLE;LIMA;LIMA;MAGDALENA;2024-09-17;1;1;2;2025-05-23;2
SEC05026;2;2015-05-09;9;3;PERÚ;2;EDUCADORES DE CALLE;LA LIBERTAD;TRUJILLO;TRUJILLO;2024-09-17;1;1;2;2025-04-22;2
SEC05027;1;2011-12-29;13;4;PERÚ;2;EDUCADORES DE CALLE;LA LIBERTAD;TRUJILLO;TRUJILLO;2024-09-17;1;1;2;2025-04-22;2
SEC05028;1;2007-10-20;17;4;PERÚ;2;EDUCADORES DE CALLE;LA LIBERTAD;TRUJILLO;TRUJILLO;2024-09-18;1;1;1;NO APLICA;2
SEC05029;1;2011-01-23;14;4;PERÚ;2;EDUCADORES DE CALLE;CUSCO;CUSCO;CUSCO;2024-09-18;3;5;1;NO APLICA;2
SEC05030;1;2011-05-15;13;4;PERÚ;2;EDUCADORES DE CALLE;AYACUCHO;HUAMANGA;AYACUCHO;2024-09-18;1;1;1;NO APLICA;2
SEC05031;2;2013-10-13;11;3;PERÚ;2;EDUCADORES DE CALLE;HUANCAVELICA;HUANCAVELICA;HUANCAVELICA;2024-09-18;1;5;1;NO APLICA;2
SEC05032;2;2014-04-08;11;3;PERÚ;2;EDUCADORES DE CALLE;LIMA;HUARAL;HUARAL;2024-09-18;1;1;1;NO APLICA;2
SEC05033;1;2016-01-05;9;3;PERÚ;2;EDUCADORES DE CALLE;MOQUEGUA;MARISCAL NIETO;MOQUEGUA;2024-09-18;1;1;1;NO APLICA;2
SEC05034;2;2016-08-19;8;3;PERÚ;2;EDUCADORES DE CALLE;LIMA;HUARAL;HUARAL;2024-09-18;1;1;1;NO APLICA;2
SEC05035;1;2021-09-14;3;2;COLOMBIA;2;EDUCADORES DE CALLE;LIMA;LIMA;CHORRILLOS;2024-09-18;2;1;1;NO APLICA;2
SEC05036;2;2017-06-15;7;3;VENEZUELA;2;EDUCADORES DE CALLE;LIMA;LIMA;CHORRILLOS;2024-09-18;2;5;1;NO APLICA;2
SEC05037;1;2021-07-02;3;2;COLOMBIA;2;EDUCADORES DE CALLE;LIMA;LIMA;CHORRILLOS;2024-09-18;2;1;1;NO APLICA;2
SEC05038;1;2017-11-12;7;3;VENEZUELA;2;EDUCADORES DE CALLE;LIMA;LIMA;CHORRILLOS;2024-09-18;2;5;1;NO APLICA;2
SEC05039;1;2016-03-08;9;3;VENEZUELA;2;EDUCADORES DE CALLE;LIMA;LIMA;CHORRILLOS;2024-09-18;2;5;1;NO APLICA;2
SEC05040;1;2017-04-21;8;3;VENEZUELA;2;EDUCADORES DE CALLE;LIMA;LIMA;CHORRILLOS;2024-09-18;2;5;1;NO APLICA;2
SEC05041;1;2010-02-09;15;4;PERÚ;2;EDUCADORES DE CALLE;AREQUIPA;AREQUIPA;MIRAFLORES;2024-09-19;1;1;1;NO APLICA;2
SEC05042;2;2012-01-23;13;4;PERÚ;2;EDUCADORES DE CALLE;AREQUIPA;AREQUIPA;MIRAFLORES;2024-09-19;1;1;1;NO APLICA;2
SEC05043;1;2009-05-24;15;4;PERÚ;1;EDUCADORES DE CALLE;PIURA;PIURA;PIURA;2024-09-19;1;1;1;NO APLICA;2
SEC05044;2;2016-01-16;9;3;PERÚ;2;EDUCADORES DE CALLE;AYACUCHO;HUAMANGA;AYACUCHO;2024-09-19;1;1;1;NO APLICA;2
SEC05045;1;2016-05-05;8;3;PERÚ;2;EDUCADORES DE CALLE;LIMA;LIMA;LIMA;2024-09-19;3;1;1;NO APLICA;2
SEC05046;2;2012-02-17;13;4;PERÚ;2;EDUCADORES DE CALLE;LA LIBERTAD;TRUJILLO;TRUJILLO;2024-09-19;1;1;1;NO APLICA;2
SEC05047;2;2014-09-17;10;3;PERÚ;2;EDUCADORES DE CALLE;LA LIBERTAD;TRUJILLO;TRUJILLO;2024-09-19;1;1;1;NO APLICA;2
SEC05048;1;2014-10-28;10;3;PERÚ;2;EDUCADORES DE CALLE;AREQUIPA;AREQUIPA;JOSE LUIS BUSTAMANTE Y RIVERO;2024-09-19;1;1;1;NO APLICA;2
SEC05049;1;2019-10-14;5;2;PERÚ;2;EDUCADORES DE CALLE;LIMA;LIMA;LIMA;2024-09-19;3;1;1;NO APLICA;2
SEC05050;2;2009-10-18;15;4;PERÚ;2;EDUCADORES DE CALLE;APURÍMAC;ABANCAY;ABANCAY;2024-09-20;1;1;1;NO APLICA;2
SEC05051;2;2011-01-17;14;4;PERÚ;2;EDUCADORES DE CALLE;LA LIBERTAD;TRUJILLO;TRUJILLO;2024-09-20;1;1;1;NO APLICA;2
SEC05052;2;2011-10-30;13;4;PERÚ;2;EDUCADORES DE CALLE;CUSCO;CUSCO;SAN JERONIMO;2024-09-20;1;1;1;NO APLICA;2
SEC05053;2;2013-12-24;11;3;PERÚ;2;EDUCADORES DE CALLE;AYACUCHO;HUAMANGA;AYACUCHO;2024-09-20;1;1;1;NO APLICA;2
SEC05054;1;2014-04-30;11;3;PERÚ;2;EDUCADORES DE CALLE;AYACUCHO;HUAMANGA;AYACUCHO;2024-09-20;1;1;1;NO APLICA;2
SEC05055;1;2014-06-11;10;3;PERÚ;2;EDUCADORES DE CALLE;HUANCAVELICA;HUANCAVELICA;HUANCAVELICA;2024-09-20;1;5;1;NO APLICA;2
SEC05056;1;2017-04-11;8;3;PERÚ;2;EDUCADORES DE CALLE;AYACUCHO;HUAMANGA;AYACUCHO;2024-09-20;1;1;1;NO APLICA;2
SEC05057;2;2017-09-02;7;3;PERÚ;2;EDUCADORES DE CALLE;APURÍMAC;ABANCAY;ABANCAY;2024-09-20;1;1;1;NO APLICA;2
SEC05058;1;2017-09-01;7;3;PERÚ;2;EDUCADORES DE CALLE;LIMA;LIMA;COMAS;2024-09-20;1;1;2;2025-03-17;2
SEC05059;1;2012-01-23;13;4;VENEZUELA;2;EDUCADORES DE CALLE;AREQUIPA;AREQUIPA;MIRAFLORES;2024-09-21;1;1;1;NO APLICA;2
SEC05060;1;2014-05-07;10;3;VENEZUELA;2;EDUCADORES DE CALLE;AREQUIPA;AREQUIPA;MIRAFLORES;2024-09-21;1;1;1;NO APLICA;2
SEC05061;2;2008-09-28;16;4;PERÚ;2;EDUCADORES DE CALLE;AREQUIPA;AREQUIPA;CERRO COLORADO;2024-09-21;1;1;1;NO APLICA;2
SEC05062;2;2008-06-05;16;4;PERÚ;2;EDUCADORES DE CALLE;AREQUIPA;AREQUIPA;CERRO COLORADO;2024-09-21;1;1;1;NO APLICA;2
SEC05063;1;2009-05-28;15;4;PERÚ;2;EDUCADORES DE CALLE;AREQUIPA;AREQUIPA;CERRO COLORADO;2024-09-21;1;1;1;NO APLICA;2
SEC05064;2;2014-05-04;10;3;PERÚ;2;EDUCADORES DE CALLE;AREQUIPA;AREQUIPA;CERRO COLORADO;2024-09-21;1;1;1;NO APLICA;2
SEC05065;1;2013-11-12;11;3;PERÚ;2;EDUCADORES DE CALLE;AREQUIPA;AREQUIPA;CERRO COLORADO;2024-09-21;1;1;1;NO APLICA;2
SEC05066;1;2014-09-07;10;3;PERÚ;2;EDUCADORES DE CALLE;AREQUIPA;AREQUIPA;JOSE LUIS BUSTAMANTE Y RIVERO;2024-09-21;1;1;1;NO APLICA;2
SEC05067;2;2015-02-27;10;3;PERÚ;2;EDUCADORES DE CALLE;AREQUIPA;AREQUIPA;CERRO COLORADO;2024-09-21;1;1;1;NO APLICA;2
SEC05068;2;2013-12-15;11;3;PERÚ;2;EDUCADORES DE CALLE;AYACUCHO;HUAMANGA;AYACUCHO;2024-09-21;1;1;1;NO APLICA;2
SEC05069;1;2011-04-23;14;4;PERÚ;2;EDUCADORES DE CALLE;AREQUIPA;AREQUIPA;JOSE LUIS BUSTAMANTE Y RIVERO;2024-09-22;1;1;1;NO APLICA;2
SEC05070;2;2013-03-02;12;4;PERÚ;2;EDUCADORES DE CALLE;AREQUIPA;AREQUIPA;JOSE LUIS BUSTAMANTE Y RIVERO;2024-09-22;1;1;1;NO APLICA;2
SEC05071;1;2013-12-24;11;3;PERÚ;2;EDUCADORES DE CALLE;CAJAMARCA;CAJAMARCA;CAJAMARCA;2024-09-22;1;1;1;NO APLICA;2
SEC05072;2;2016-11-30;8;3;PERÚ;2;EDUCADORES DE CALLE;AREQUIPA;AREQUIPA;JOSE LUIS BUSTAMANTE Y RIVERO;2024-09-22;1;1;1;NO APLICA;2
SEC05073;2;2019-04-25;6;3;PERÚ;2;EDUCADORES DE CALLE;AREQUIPA;AREQUIPA;JOSE LUIS BUSTAMANTE Y RIVERO;2024-09-22;1;1;1;NO APLICA;2
SEC05074;2;2008-04-06;17;4;PERÚ;2;EDUCADORES DE CALLE;LAMBAYEQUE;CHICLAYO;CHICLAYO;2024-09-23;1;1;1;NO APLICA;2
SEC05075;1;2009-03-13;16;4;PERÚ;1;EDUCADORES DE CALLE;LAMBAYEQUE;CHICLAYO;CHICLAYO;2024-09-23;1;1;1;NO APLICA;2
SEC05076;2;2014-03-07;11;3;PERÚ;2;EDUCADORES DE CALLE;CAJAMARCA;CAJAMARCA;CAJAMARCA;2024-09-23;1;1;1;NO APLICA;2
SEC05077;2;2018-08-30;6;3;PERÚ;2;EDUCADORES DE CALLE;LAMBAYEQUE;CHICLAYO;CHICLAYO;2024-09-23;1;1;1;NO APLICA;2
SEC05078;1;2019-09-11;5;2;PERÚ;2;EDUCADORES DE CALLE;LIMA;LIMA;COMAS;2024-09-23;2;1;1;NO APLICA;2
SEC05079;2;2023-07-27;1;2;PERÚ;2;EDUCADORES DE CALLE;LIMA;LIMA;COMAS;2024-09-23;2;1;1;NO APLICA;2
SEC05080;2;2008-08-01;16;4;PERÚ;2;EDUCADORES DE CALLE;CUSCO;CUSCO;CUSCO;2024-09-24;3;5;1;NO APLICA;2
SEC05082;2;2011-05-11;13;4;PERÚ;2;EDUCADORES DE CALLE;CUSCO;CUSCO;CUSCO;2024-09-24;3;5;1;NO APLICA;2
SEC05083;1;2011-04-17;14;4;PERÚ;2;EDUCADORES DE CALLE;LA LIBERTAD;TRUJILLO;TRUJILLO;2024-09-24;1;1;1;NO APLICA;2
SEC05084;1;2011-10-27;13;4;PERÚ;2;EDUCADORES DE CALLE;LA LIBERTAD;TRUJILLO;TRUJILLO;2024-09-24;1;1;1;NO APLICA;2
SEC05085;1;2013-05-09;11;3;PERÚ;2;EDUCADORES DE CALLE;LIMA;LIMA;RIMAC;2024-09-24;1;1;1;NO APLICA;2
SEC05086;2;2013-09-11;11;3;PERÚ;2;EDUCADORES DE CALLE;AREQUIPA;AREQUIPA;JOSE LUIS BUSTAMANTE Y RIVERO;2024-09-24;1;1;1;NO APLICA;2
SEC05087;2;2013-11-26;11;3;PERÚ;2;EDUCADORES DE CALLE;LIMA;LIMA;LIMA;2024-09-24;2;1;1;NO APLICA;2
SEC05088;1;2014-03-07;11;3;PERÚ;2;EDUCADORES DE CALLE;LA LIBERTAD;TRUJILLO;TRUJILLO;2024-09-24;1;1;1;NO APLICA;2
SEC05089;1;2015-04-03;10;3;PERÚ;2;EDUCADORES DE CALLE;LA LIBERTAD;TRUJILLO;TRUJILLO;2024-09-24;1;1;1;NO APLICA;2
SEC05090;1;2015-08-17;9;3;PERÚ;2;EDUCADORES DE CALLE;LA LIBERTAD;TRUJILLO;TRUJILLO;2024-09-24;1;1;1;NO APLICA;2
SEC05091;2;2007-11-03;17;4;PERÚ;2;EDUCADORES DE CALLE;LIMA;LIMA;RIMAC;2024-09-24;1;1;1;NO APLICA;2
SEC05092;1;2016-09-18;8;3;PERÚ;2;EDUCADORES DE CALLE;LA LIBERTAD;TRUJILLO;TRUJILLO;2024-09-24;1;1;1;NO APLICA;2
SEC05093;1;2016-12-12;8;3;PERÚ;2;EDUCADORES DE CALLE;LA LIBERTAD;TRUJILLO;TRUJILLO;2024-09-24;1;1;1;NO APLICA;2
SEC05094;2;2017-06-19;7;3;PERÚ;2;EDUCADORES DE CALLE;LIMA;LIMA;LIMA;2024-09-24;2;1;1;NO APLICA;2
SEC05095;2;2017-10-10;7;3;PERÚ;2;EDUCADORES DE CALLE;PIURA;SULLANA;SULLANA;2024-09-24;1;1;1;NO APLICA;2
SEC05096;1;2017-11-02;7;3;PERÚ;2;EDUCADORES DE CALLE;AREQUIPA;AREQUIPA;JOSE LUIS BUSTAMANTE Y RIVERO;2024-09-24;1;1;1;NO APLICA;2
SEC05097;2;2018-02-14;7;3;PERÚ;2;EDUCADORES DE CALLE;LA LIBERTAD;TRUJILLO;TRUJILLO;2024-09-24;1;1;1;NO APLICA;2
SEC05098;1;2020-11-11;4;2;PERÚ;2;EDUCADORES DE CALLE;LIMA;LIMA;LIMA;2024-09-24;2;1;1;NO APLICA;2
SEC05099;1;2016-01-27;9;3;PERÚ;2;EDUCADORES DE CALLE;LIMA;LIMA;SAN JUAN DE MIRAFLORES;2024-09-24;2;1;1;NO APLICA;2
SEC05100;2;2021-12-08;3;2;VENEZUELA;2;EDUCADORES DE CALLE;LIMA;LIMA;COMAS;2024-09-25;2;1;1;NO APLICA;2
SEC05101;2;2012-07-29;12;4;VENEZUELA;2;EDUCADORES DE CALLE;LIMA;LIMA;COMAS;2024-09-25;1;5;1;NO APLICA;2
SEC05102;2;2013-09-03;11;3;VENEZUELA;2;EDUCADORES DE CALLE;LIMA;LIMA;COMAS;2024-09-25;1;5;1;NO APLICA;2
SEC05103;1;2017-01-21;8;3;PERÚ;2;EDUCADORES DE CALLE;LIMA;LIMA;SURQUILLO;2024-09-25;1;5;1;NO APLICA;2
SEC05104;1;2014-04-30;11;3;PERÚ;2;EDUCADORES DE CALLE;LIMA;LIMA;SURQUILLO;2024-09-25;1;5;1;NO APLICA;2
SEC05105;1;2020-02-01;5;2;VENEZUELA;2;EDUCADORES DE CALLE;LIMA;LIMA;COMAS;2024-09-25;1;5;1;NO APLICA;2
SEC05106;1;2013-06-15;11;3;PERÚ;2;EDUCADORES DE CALLE;PASCO;PASCO;SIMON BOLIVAR;2024-09-25;1;1;1;NO APLICA;2
SEC05107;2;2014-08-03;10;3;PERÚ;2;EDUCADORES DE CALLE;PASCO;PASCO;YANACANCHA;2024-09-25;1;1;1;NO APLICA;2
SEC05108;1;2012-02-06;13;4;PERÚ;2;EDUCADORES DE CALLE;CAJAMARCA;CAJAMARCA;CAJAMARCA;2024-09-25;1;1;1;NO APLICA;2
SEC05109;2;2007-10-20;17;4;PERÚ;2;EDUCADORES DE CALLE;AREQUIPA;AREQUIPA;AREQUIPA;2024-09-25;1;1;1;NO APLICA;2
SEC05110;2;2012-08-31;12;4;PERÚ;2;EDUCADORES DE CALLE;AREQUIPA;AREQUIPA;AREQUIPA;2024-09-25;1;1;1;NO APLICA;2
SEC05111;1;2013-01-30;12;4;PERÚ;2;EDUCADORES DE CALLE;APURÍMAC;ABANCAY;ABANCAY;2024-09-25;1;1;1;NO APLICA;2
SEC05112;1;2013-06-15;11;3;PERÚ;2;EDUCADORES DE CALLE;PASCO;PASCO;SIMON BOLIVAR;2024-09-25;1;1;1;NO APLICA;2
SEC05113;2;2015-12-20;9;3;PERÚ;2;EDUCADORES DE CALLE;LIMA;LIMA;LA VICTORIA;2024-09-25;1;5;1;NO APLICA;2
SEC05114;1;2012-10-04;12;4;PERÚ;2;EDUCADORES DE CALLE;APURÍMAC;ABANCAY;ABANCAY;2024-09-25;1;1;1;NO APLICA;2
SEC05115;1;2012-12-07;12;4;PERÚ;2;EDUCADORES DE CALLE;APURÍMAC;ABANCAY;ABANCAY;2024-09-25;1;1;1;NO APLICA;2
SEC05116;2;2013-09-23;11;3;PERÚ;2;EDUCADORES DE CALLE;LIMA;LIMA;LA VICTORIA;2024-09-25;1;1;1;NO APLICA;2
SEC05117;2;2017-03-08;8;3;PERÚ;2;EDUCADORES DE CALLE;APURÍMAC;ABANCAY;ABANCAY;2024-09-25;1;1;1;NO APLICA;2
SEC05118;2;2017-04-24;8;3;PERÚ;1;EDUCADORES DE CALLE;PASCO;PASCO;CHAUPIMARCA;2024-09-25;1;1;1;NO APLICA;2
SEC05119;2;2015-08-28;9;3;PERÚ;2;EDUCADORES DE CALLE;LIMA;LIMA;LA VICTORIA;2024-09-25;1;5;1;NO APLICA;2
SEC05120;2;2023-10-06;1;2;PERÚ;2;EDUCADORES DE CALLE;LIMA;LIMA;LA VICTORIA;2024-09-25;2;5;1;NO APLICA;2
SEC05121;1;2024-07-29;0;1;PERÚ;2;EDUCADORES DE CALLE;LIMA;LIMA;SURQUILLO;2024-09-25;1;5;1;NO APLICA;2
SEC05122;1;2024-07-29;0;1;PERÚ;2;EDUCADORES DE CALLE;LIMA;LIMA;COMAS;2024-09-25;2;1;1;NO APLICA;2
SEC05123;2;2008-04-19;17;4;PERÚ;2;EDUCADORES DE CALLE;LIMA;LIMA;COMAS;2024-09-26;3;1;1;NO APLICA;2
SEC05124;1;2009-05-20;15;4;PERÚ;2;EDUCADORES DE CALLE;AYACUCHO;HUAMANGA;AYACUCHO;2024-09-26;1;1;1;NO APLICA;2
SEC05125;2;2010-04-02;15;4;PERÚ;1;EDUCADORES DE CALLE;AREQUIPA;AREQUIPA;JOSE LUIS BUSTAMANTE Y RIVERO;2024-09-26;1;1;1;NO APLICA;2
SEC05126;2;2012-09-05;12;4;PERÚ;2;EDUCADORES DE CALLE;AREQUIPA;AREQUIPA;JOSE LUIS BUSTAMANTE Y RIVERO;2024-09-26;1;1;1;NO APLICA;2
SEC05127;1;2008-12-19;16;4;PERÚ;2;EDUCADORES DE CALLE;AYACUCHO;HUAMANGA;AYACUCHO;2024-09-26;1;1;1;NO APLICA;2
SEC05128;2;2010-08-31;14;4;PERÚ;2;EDUCADORES DE CALLE;AYACUCHO;HUAMANGA;AYACUCHO;2024-09-26;1;1;1;NO APLICA;2
SEC05129;1;2011-07-25;13;4;PERÚ;2;EDUCADORES DE CALLE;AYACUCHO;HUAMANGA;AYACUCHO;2024-09-26;1;1;1;NO APLICA;2
SEC05130;1;2012-12-13;12;4;PERÚ;2;EDUCADORES DE CALLE;AYACUCHO;HUAMANGA;AYACUCHO;2024-09-26;1;1;1;NO APLICA;2
SEC05131;1;2012-12-11;12;4;PERÚ;2;EDUCADORES DE CALLE;AYACUCHO;HUAMANGA;AYACUCHO;2024-09-26;1;1;1;NO APLICA;2
SEC05132;2;2013-01-22;12;4;PERÚ;2;EDUCADORES DE CALLE;AYACUCHO;HUAMANGA;AYACUCHO;2024-09-26;1;1;1;NO APLICA;2
SEC05133;2;2010-10-14;14;4;PERÚ;2;EDUCADORES DE CALLE;AYACUCHO;HUAMANGA;AYACUCHO;2024-09-26;1;1;2;2025-04-23;2
SEC05134;2;2009-11-13;15;4;PERÚ;2;EDUCADORES DE CALLE;AYACUCHO;HUAMANGA;AYACUCHO;2024-09-26;1;1;2;2025-04-23;2
SEC05135;1;2014-07-02;10;3;PERÚ;2;EDUCADORES DE CALLE;HUÁNUCO;HUÁNUCO;AMARILIS;2024-09-26;1;1;1;NO APLICA;2
SEC05136;2;2015-01-01;10;3;PERÚ;2;EDUCADORES DE CALLE;AYACUCHO;HUAMANGA;AYACUCHO;2024-09-26;1;1;1;NO APLICA;2
SEC05137;2;2014-07-06;10;3;PERÚ;2;EDUCADORES DE CALLE;AREQUIPA;AREQUIPA;JOSE LUIS BUSTAMANTE Y RIVERO;2024-09-26;1;1;1;NO APLICA;2
SEC05138;2;2015-04-12;10;3;PERÚ;2;EDUCADORES DE CALLE;JUNÍN;HUANCAYO;HUANCAYO;2024-09-26;1;1;1;NO APLICA;2
SEC05139;1;2016-03-11;9;3;PERÚ;2;EDUCADORES DE CALLE;MOQUEGUA;ILO;ILO;2024-09-26;1;1;1;NO APLICA;2
SEC05140;2;2016-02-19;9;3;PERÚ;2;EDUCADORES DE CALLE;MOQUEGUA;ILO;ILO;2024-09-26;1;1;2;2025-04-23;2
SEC05141;1;2016-12-13;8;3;PERÚ;2;EDUCADORES DE CALLE;JUNÍN;HUANCAYO;HUANCAYO;2024-09-26;1;1;1;NO APLICA;2
SEC05142;1;2017-03-13;8;3;PERÚ;2;EDUCADORES DE CALLE;AYACUCHO;HUAMANGA;AYACUCHO;2024-09-26;1;1;1;NO APLICA;2
SEC05143;2;2008-06-09;16;4;PERÚ;2;EDUCADORES DE CALLE;TUMBES;ZARUMILLA;AGUAS VERDES;2024-09-27;1;1;1;NO APLICA;2
SEC05144;1;2009-06-14;15;4;PERÚ;2;EDUCADORES DE CALLE;LIMA;CALLAO;VENTANILLA;2024-09-27;1;1;1;NO APLICA;2
SEC05145;1;2011-07-26;13;4;PERÚ;2;EDUCADORES DE CALLE;TUMBES;ZARUMILLA;AGUAS VERDES;2024-09-27;1;1;1;NO APLICA;2
SEC05146;1;2009-08-13;15;4;PERÚ;2;EDUCADORES DE CALLE;LIMA;LIMA;EL AGUSTINO;2024-09-27;3;1;1;NO APLICA;2
SEC05147;1;2013-08-31;11;3;PERÚ;2;EDUCADORES DE CALLE;LIMA;CALLAO;VENTANILLA;2024-09-27;1;1;1;NO APLICA;2
SEC05148;1;2014-05-22;10;3;PERÚ;2;EDUCADORES DE CALLE;TUMBES;ZARUMILLA;AGUAS VERDES;2024-09-27;1;1;1;NO APLICA;2
SEC05149;2;2018-04-21;7;3;PERÚ;2;EDUCADORES DE CALLE;LIMA;CALLAO;VENTANILLA;2024-09-27;1;1;1;NO APLICA;2
SEC05150;2;2012-03-03;13;4;PERÚ;2;EDUCADORES DE CALLE;LIMA;LIMA;CARABAYLLO;2024-09-30;1;1;1;NO APLICA;2
SEC05151;1;2014-02-04;11;3;PERÚ;2;EDUCADORES DE CALLE;LIMA;LIMA;CARABAYLLO;2024-09-30;1;1;1;NO APLICA;2
SEC05152;2;2015-02-16;10;3;PERÚ;2;EDUCADORES DE CALLE;JUNÍN;HUANCAYO;HUANCAYO;2024-09-30;1;1;1;NO APLICA;2
SEC05153;2;2015-04-23;10;3;PERÚ;2;EDUCADORES DE CALLE;JUNÍN;HUANCAYO;HUANCAYO;2024-09-30;1;1;1;NO APLICA;2
SEC05154;1;2016-07-28;8;3;PERÚ;2;EDUCADORES DE CALLE;JUNÍN;HUANCAYO;HUANCAYO;2024-09-30;1;1;1;NO APLICA;2
SEC05155;2;2018-03-31;7;3;PERÚ;2;EDUCADORES DE CALLE;JUNÍN;HUANCAYO;HUANCAYO;2024-09-30;1;1;1;NO APLICA;2
SEC05156;1;2014-01-31;11;3;PERÚ;2;EDUCADORES DE CALLE;AYACUCHO;HUAMANGA;AYACUCHO;2024-10-02;1;1;1;NO APLICA;2
SEC05157;2;2012-02-26;13;4;PERÚ;2;EDUCADORES DE CALLE;AYACUCHO;HUAMANGA;AYACUCHO;2024-10-02;1;1;1;NO APLICA;2
SEC05158;2;2014-02-15;11;3;PERÚ;2;EDUCADORES DE CALLE;AYACUCHO;HUAMANGA;AYACUCHO;2024-10-02;1;1;1;NO APLICA;2
SEC05159;2;2016-05-09;8;3;PERÚ;2;EDUCADORES DE CALLE;LIMA;LIMA;ATE;2024-10-02;3;1;1;NO APLICA;2
SEC05160;2;2009-08-27;15;4;PERÚ;2;EDUCADORES DE CALLE;AYACUCHO;HUAMANGA;AYACUCHO;2024-10-03;1;1;1;NO APLICA;2
SEC05161;1;2010-03-31;15;4;PERÚ;2;EDUCADORES DE CALLE;MOQUEGUA;MARISCAL NIETO;MOQUEGUA;2024-10-03;1;1;1;NO APLICA;2
SEC05162;2;2008-12-04;16;4;PERÚ;2;EDUCADORES DE CALLE;AREQUIPA;AREQUIPA;JOSE LUIS BUSTAMANTE Y RIVERO;2024-10-03;1;1;1;NO APLICA;2
SEC05163;2;2012-08-22;12;4;PERÚ;2;EDUCADORES DE CALLE;MOQUEGUA;MARISCAL NIETO;MOQUEGUA;2024-10-03;1;1;1;NO APLICA;2
SEC05164;2;2013-02-27;12;4;PERÚ;2;EDUCADORES DE CALLE;AYACUCHO;HUAMANGA;AYACUCHO;2024-10-03;1;1;1;NO APLICA;2
SEC05165;1;2015-05-21;9;3;PERÚ;2;EDUCADORES DE CALLE;AYACUCHO;HUAMANGA;AYACUCHO;2024-10-03;1;1;2;2025-04-23;2
SEC05166;1;2016-02-15;9;3;PERÚ;2;EDUCADORES DE CALLE;AREQUIPA;AREQUIPA;MIRAFLORES;2024-10-03;1;1;1;NO APLICA;2
SEC05167;1;2015-01-05;10;3;PERÚ;2;EDUCADORES DE CALLE;AYACUCHO;HUAMANGA;AYACUCHO;2024-10-03;1;1;1;NO APLICA;2
SEC05168;2;2013-08-25;11;3;PERÚ;2;EDUCADORES DE CALLE;AREQUIPA;AREQUIPA;MIRAFLORES;2024-10-03;2;1;1;NO APLICA;2
SEC05169;1;2014-07-24;10;3;PERÚ;2;EDUCADORES DE CALLE;AREQUIPA;AREQUIPA;JOSE LUIS BUSTAMANTE Y RIVERO;2024-10-03;1;1;1;NO APLICA;2
SEC05170;1;2017-05-06;7;3;PERÚ;2;EDUCADORES DE CALLE;AREQUIPA;AREQUIPA;JOSE LUIS BUSTAMANTE Y RIVERO;2024-10-03;1;1;1;NO APLICA;2
SEC05171;2;2018-03-26;7;3;PERÚ;2;EDUCADORES DE CALLE;AREQUIPA;AREQUIPA;MIRAFLORES;2024-10-03;1;1;1;NO APLICA;2
SEC05172;2;2009-08-14;15;4;PERÚ;2;EDUCADORES DE CALLE;LIMA;LIMA;EL AGUSTINO;2024-10-04;3;1;1;NO APLICA;2
SEC05173;1;2014-06-10;10;3;PERÚ;2;EDUCADORES DE CALLE;TACNA;TACNA;CORONEL GREGORIO ALBARRACIN LANCHIPA;2024-10-04;1;1;1;NO APLICA;2
SEC05174;2;2017-11-28;7;3;PERÚ;2;EDUCADORES DE CALLE;TACNA;TACNA;CORONEL GREGORIO ALBARRACIN LANCHIPA;2024-10-04;1;1;1;NO APLICA;2
SEC05175;2;2013-11-05;11;3;PERÚ;2;EDUCADORES DE CALLE;AYACUCHO;HUAMANGA;AYACUCHO;2024-10-05;1;1;1;NO APLICA;2
SEC05176;1;2010-04-01;15;4;PERÚ;2;EDUCADORES DE CALLE;AYACUCHO;HUAMANGA;AYACUCHO;2024-10-05;1;1;1;NO APLICA;2
SEC05177;2;2010-08-29;14;4;PERÚ;2;EDUCADORES DE CALLE;LIMA;LIMA;VILLA EL SALVADOR;2024-10-05;3;1;1;NO APLICA;2
SEC05178;1;2013-12-22;11;3;PERÚ;2;EDUCADORES DE CALLE;AYACUCHO;HUAMANGA;AYACUCHO;2024-10-05;1;1;1;NO APLICA;2
SEC05179;2;2017-04-04;8;3;PERÚ;2;EDUCADORES DE CALLE;AYACUCHO;HUAMANGA;AYACUCHO;2024-10-05;1;1;1;NO APLICA;2
SEC05180;1;2014-02-05;11;3;PERÚ;2;EDUCADORES DE CALLE;TUMBES;ZARUMILLA;AGUAS VERDES;2024-10-08;1;1;1;NO APLICA;2
SEC05181;1;2009-10-11;15;4;PERÚ;2;EDUCADORES DE CALLE;LIMA;LIMA;SAN JUAN DE MIRAFLORES;2024-10-08;3;1;1;NO APLICA;2
SEC05182;1;2013-10-07;11;3;PERÚ;2;EDUCADORES DE CALLE;HUANCAVELICA;HUANCAVELICA;ASCENSION;2024-10-09;1;1;1;NO APLICA;2
SEC05183;1;2014-08-31;10;3;PERÚ;2;EDUCADORES DE CALLE;LIMA;LIMA;COMAS;2024-10-09;1;1;1;NO APLICA;2
SEC05184;2;2017-10-13;7;3;PERÚ;2;EDUCADORES DE CALLE;APURÍMAC;ABANCAY;ABANCAY;2024-10-09;1;1;1;NO APLICA;2
SEC05185;1;2017-10-20;7;3;PERÚ;2;EDUCADORES DE CALLE;HUANCAVELICA;HUANCAVELICA;HUANCAVELICA;2024-10-09;1;1;1;NO APLICA;2
SEC05186;2;2022-01-12;3;2;PERÚ;2;EDUCADORES DE CALLE;LIMA;LIMA;COMAS;2024-10-09;1;1;1;NO APLICA;2
SEC05187;2;2008-02-28;17;4;PERÚ;2;EDUCADORES DE CALLE;CUSCO;CUSCO;CUSCO;2024-10-10;3;5;1;NO APLICA;2
SEC05188;1;2010-08-11;14;4;PERÚ;2;EDUCADORES DE CALLE;CUSCO;CUSCO;SAN JERONIMO;2024-10-10;1;1;2;2025-05-27;2
SEC05189;1;2011-10-21;13;4;PERÚ;2;EDUCADORES DE CALLE;AYACUCHO;HUAMANGA;AYACUCHO;2024-10-10;1;1;2;2025-04-23;2
SEC05190;1;2012-12-12;12;4;PERÚ;2;EDUCADORES DE CALLE;AYACUCHO;HUAMANGA;AYACUCHO;2024-10-10;1;1;2;2025-05-27;2
SEC05191;1;2013-06-07;11;3;PERÚ;2;EDUCADORES DE CALLE;CUSCO;CUSCO;SAN JERONIMO;2024-10-10;1;1;2;2025-05-27;2
SEC05192;1;2013-12-31;11;3;PERÚ;2;EDUCADORES DE CALLE;CAJAMARCA;CAJAMARCA;CAJAMARCA;2024-10-10;2;1;1;NO APLICA;2
SEC05193;2;2015-01-21;10;3;PERÚ;2;EDUCADORES DE CALLE;CUSCO;CUSCO;SAN JERONIMO;2024-10-10;1;1;1;NO APLICA;2
SEC05194;1;2015-01-23;10;3;PERÚ;2;EDUCADORES DE CALLE;AYACUCHO;HUAMANGA;AYACUCHO;2024-10-10;1;1;1;NO APLICA;2
SEC05195;1;2015-09-22;9;3;PERÚ;2;EDUCADORES DE CALLE;AYACUCHO;HUAMANGA;AYACUCHO;2024-10-10;1;1;2;2025-05-27;2
SEC05196;1;2016-02-10;9;3;PERÚ;2;EDUCADORES DE CALLE;HUANCAVELICA;HUANCAVELICA;ASCENSION;2024-10-10;1;1;1;NO APLICA;2
SEC05197;1;2013-05-01;11;3;PERÚ;2;EDUCADORES DE CALLE;AYACUCHO;HUAMANGA;AYACUCHO;2024-10-10;1;1;1;NO APLICA;2
SEC05198;1;2019-09-25;5;2;PERÚ;2;EDUCADORES DE CALLE;AYACUCHO;HUAMANGA;AYACUCHO;2024-10-10;1;1;1;NO APLICA;2
SEC05199;2;2008-11-04;16;4;PERÚ;2;EDUCADORES DE CALLE;CUSCO;CUSCO;CUSCO;2024-10-11;3;5;1;NO APLICA;2
SEC05200;2;2012-11-14;12;4;PERÚ;2;EDUCADORES DE CALLE;CUSCO;CUSCO;CUSCO;2024-10-11;3;5;1;NO APLICA;2
SEC05201;1;2014-02-05;11;3;PERÚ;2;EDUCADORES DE CALLE;LAMBAYEQUE;CHICLAYO;JOSE LEONARDO ORTIZ;2024-10-11;1;1;1;NO APLICA;2
SEC05202;2;2015-06-30;9;3;PERÚ;2;EDUCADORES DE CALLE;LIMA;LIMA;COMAS;2024-10-11;1;1;1;NO APLICA;2
SEC05203;1;2016-12-17;8;3;PERÚ;2;EDUCADORES DE CALLE;LAMBAYEQUE;CHICLAYO;JOSE LEONARDO ORTIZ;2024-10-11;1;1;1;NO APLICA;2
SEC05204;1;2009-03-14;16;4;PERÚ;2;EDUCADORES DE CALLE;CAJAMARCA;CAJAMARCA;CAJAMARCA;2024-10-12;1;1;1;NO APLICA;2
SEC05205;2;2007-11-06;17;4;PERÚ;2;EDUCADORES DE CALLE;AREQUIPA;AREQUIPA;JOSE LUIS BUSTAMANTE Y RIVERO;2024-10-12;1;1;1;NO APLICA;2
SEC05206;1;2011-06-04;13;4;PERÚ;2;EDUCADORES DE CALLE;AREQUIPA;AREQUIPA;JOSE LUIS BUSTAMANTE Y RIVERO;2024-10-12;1;1;1;NO APLICA;2
SEC05207;1;2011-07-29;13;4;PERÚ;2;EDUCADORES DE CALLE;AREQUIPA;AREQUIPA;JOSE LUIS BUSTAMANTE Y RIVERO;2024-10-12;1;1;1;NO APLICA;2
SEC05208;2;2012-03-31;13;4;PERÚ;2;EDUCADORES DE CALLE;AREQUIPA;AREQUIPA;JOSE LUIS BUSTAMANTE Y RIVERO;2024-10-12;1;1;1;NO APLICA;2
SEC05209;1;2013-10-27;11;3;PERÚ;2;EDUCADORES DE CALLE;CAJAMARCA;CAJAMARCA;CAJAMARCA;2024-10-12;1;1;1;NO APLICA;2
SEC05210;2;2013-04-14;12;4;PERÚ;2;EDUCADORES DE CALLE;AREQUIPA;AREQUIPA;JOSE LUIS BUSTAMANTE Y RIVERO;2024-10-12;1;1;1;NO APLICA;2
SEC05211;1;2015-10-15;9;3;PERÚ;2;EDUCADORES DE CALLE;CAJAMARCA;CAJAMARCA;CAJAMARCA;2024-10-12;1;1;1;NO APLICA;2
SEC05212;2;2014-04-17;11;3;PERÚ;2;EDUCADORES DE CALLE;AREQUIPA;AREQUIPA;JOSE LUIS BUSTAMANTE Y RIVERO;2024-10-13;1;2;1;NO APLICA;2
SEC05213;1;2008-08-22;16;4;PERÚ;2;EDUCADORES DE CALLE;AREQUIPA;AREQUIPA;JOSE LUIS BUSTAMANTE Y RIVERO;2024-10-15;1;1;1;NO APLICA;2
SEC05214;1;2010-12-04;14;4;PERÚ;2;EDUCADORES DE CALLE;MOQUEGUA;MARISCAL NIETO;MOQUEGUA;2024-10-15;1;2;1;NO APLICA;2
SEC05215;1;2013-01-05;12;4;PERÚ;2;EDUCADORES DE CALLE;AREQUIPA;AREQUIPA;JOSE LUIS BUSTAMANTE Y RIVERO;2024-10-15;1;1;1;NO APLICA;2
SEC05216;1;2013-11-10;11;3;PERÚ;2;EDUCADORES DE CALLE;AREQUIPA;AREQUIPA;JOSE LUIS BUSTAMANTE Y RIVERO;2024-10-15;1;1;1;NO APLICA;2
SEC05217;1;2014-11-10;10;3;PERÚ;2;EDUCADORES DE CALLE;AYACUCHO;HUAMANGA;SAN JUAN BAUTISTA;2024-10-15;1;1;1;NO APLICA;2
SEC05218;1;2017-08-02;7;3;PERÚ;2;EDUCADORES DE CALLE;MOQUEGUA;MARISCAL NIETO;MOQUEGUA;2024-10-15;1;2;1;NO APLICA;2
SEC05219;2;2017-01-03;8;3;PERÚ;2;EDUCADORES DE CALLE;AYACUCHO;HUAMANGA;SAN JUAN BAUTISTA;2024-10-15;1;1;1;NO APLICA;2
SEC05220;1;2010-07-25;14;4;PERÚ;2;EDUCADORES DE CALLE;AYACUCHO;HUAMANGA;AYACUCHO;2024-10-16;1;1;1;NO APLICA;2
SEC05221;1;2013-04-22;12;4;PERÚ;2;EDUCADORES DE CALLE;AYACUCHO;HUAMANGA;AYACUCHO;2024-10-16;1;1;1;NO APLICA;2
SEC05222;2;2014-07-24;10;3;PERÚ;2;EDUCADORES DE CALLE;PUNO;PUNO;PUNO;2024-10-16;1;1;1;NO APLICA;2
SEC05223;2;2017-02-08;8;3;PERÚ;2;EDUCADORES DE CALLE;PUNO;PUNO;PUNO;2024-10-16;1;1;1;NO APLICA;2
SEC05224;1;2013-10-15;11;3;ECUADOR;2;EDUCADORES DE CALLE;TUMBES;ZARUMILLA;AGUAS VERDES;2024-10-16;1;1;1;NO APLICA;2
SEC05225;1;2012-09-09;12;4;ECUADOR;2;EDUCADORES DE CALLE;TUMBES;ZARUMILLA;AGUAS VERDES;2024-10-16;1;1;1;NO APLICA;2
SEC05226;1;2018-01-28;7;3;ECUADOR;2;EDUCADORES DE CALLE;TUMBES;ZARUMILLA;AGUAS VERDES;2024-10-16;1;1;1;NO APLICA;2
SEC05227;2;2012-08-12;12;4;PERÚ;2;EDUCADORES DE CALLE;TUMBES;ZARUMILLA;AGUAS VERDES;2024-10-17;1;1;1;NO APLICA;2
SEC05228;2;2010-09-14;14;4;PERÚ;2;EDUCADORES DE CALLE;CUSCO;CUSCO;CUSCO;2024-10-17;3;5;1;NO APLICA;2
SEC05229;2;2010-03-06;15;4;PERÚ;2;EDUCADORES DE CALLE;PIURA;SULLANA;SULLANA;2024-10-17;1;1;1;NO APLICA;2
SEC05230;1;2010-10-27;14;4;PERÚ;2;EDUCADORES DE CALLE;LIMA;LIMA;COMAS;2024-10-17;1;1;1;NO APLICA;2
SEC05231;2;2012-02-25;13;4;PERÚ;2;EDUCADORES DE CALLE;PIURA;PIURA;PIURA;2024-10-17;1;1;1;NO APLICA;2
SEC05232;2;2014-06-16;10;3;PERÚ;1;EDUCADORES DE CALLE;PIURA;PIURA;PIURA;2024-10-17;1;1;1;NO APLICA;2
SEC05233;1;2014-09-05;10;3;PERÚ;2;EDUCADORES DE CALLE;TUMBES;ZARUMILLA;AGUAS VERDES;2024-10-17;1;1;1;NO APLICA;2
SEC05234;2;2015-08-19;9;3;PERÚ;2;EDUCADORES DE CALLE;PUNO;PUNO;PUNO;2024-10-17;1;1;1;NO APLICA;2
SEC05235;2;2016-01-26;9;3;PERÚ;2;EDUCADORES DE CALLE;CUSCO;CUSCO;CUSCO;2024-10-17;3;5;1;NO APLICA;2
SEC05236;1;2016-03-26;9;3;PERÚ;2;EDUCADORES DE CALLE;PUNO;PUNO;PUNO;2024-10-17;1;1;1;NO APLICA;2
SEC05237;2;2016-01-30;9;3;PERÚ;2;EDUCADORES DE CALLE;PIURA;SULLANA;SULLANA;2024-10-17;1;1;1;NO APLICA;2
SEC05238;2;2016-01-02;9;3;PERÚ;2;EDUCADORES DE CALLE;LIMA;LIMA;COMAS;2024-10-17;1;1;1;NO APLICA;2
SEC05239;2;2017-01-18;8;3;PERÚ;2;EDUCADORES DE CALLE;PIURA;SULLANA;SULLANA;2024-10-17;1;1;1;NO APLICA;2
SEC05240;1;2017-01-14;8;3;PERÚ;2;EDUCADORES DE CALLE;TUMBES;ZARUMILLA;AGUAS VERDES;2024-10-17;1;1;1;NO APLICA;2
SEC05241;2;2018-03-20;7;3;PERÚ;2;EDUCADORES DE CALLE;PIURA;PIURA;PIURA;2024-10-17;1;1;1;NO APLICA;2
SEC05242;1;2019-02-01;6;3;PERÚ;2;EDUCADORES DE CALLE;HUANCAVELICA;HUANCAVELICA;HUANCAVELICA;2024-10-17;1;1;1;NO APLICA;2
SEC05243;2;2021-04-18;4;2;PERÚ;2;EDUCADORES DE CALLE;LIMA;LIMA;COMAS;2024-10-17;1;1;1;NO APLICA;2
SEC05244;1;2010-11-25;14;4;PERÚ;2;EDUCADORES DE CALLE;PIURA;SULLANA;SULLANA;2024-10-17;1;1;1;NO APLICA;2
SEC05245;2;2012-10-05;12;4;PERÚ;2;EDUCADORES DE CALLE;PIURA;SULLANA;SULLANA;2024-10-17;1;1;1;NO APLICA;2
SEC05246;1;2008-04-28;17;4;PERÚ;2;EDUCADORES DE CALLE;PIURA;PIURA;PIURA;2024-10-18;1;1;1;NO APLICA;2
SEC05247;1;2009-01-14;16;4;PERÚ;2;EDUCADORES DE CALLE;LA LIBERTAD;TRUJILLO;TRUJILLO;2024-10-18;1;1;1;NO APLICA;2
SEC05248;2;2010-09-28;14;4;PERÚ;2;EDUCADORES DE CALLE;TACNA;TACNA;CORONEL GREGORIO ALBARRACIN LANCHIPA;2024-10-18;1;1;1;NO APLICA;2
SEC05249;1;2011-12-26;13;4;PERÚ;2;EDUCADORES DE CALLE;LA LIBERTAD;TRUJILLO;TRUJILLO;2024-10-18;1;1;1;NO APLICA;2
SEC05250;1;2009-10-21;15;4;PERÚ;2;EDUCADORES DE CALLE;LA LIBERTAD;TRUJILLO;TRUJILLO;2024-10-18;1;1;1;NO APLICA;2
SEC05251;1;2012-08-03;12;4;PERÚ;2;EDUCADORES DE CALLE;LA LIBERTAD;TRUJILLO;TRUJILLO;2024-10-18;1;1;1;NO APLICA;2
SEC05252;1;2013-07-22;11;3;PERÚ;2;EDUCADORES DE CALLE;PIURA;PIURA;PIURA;2024-10-18;1;1;1;NO APLICA;2
SEC05253;1;2011-12-08;13;4;PERÚ;2;EDUCADORES DE CALLE;LA LIBERTAD;TRUJILLO;TRUJILLO;2024-10-18;1;1;1;NO APLICA;2
SEC05254;1;2009-02-25;16;4;PERÚ;2;EDUCADORES DE CALLE;LA LIBERTAD;TRUJILLO;TRUJILLO;2024-10-18;1;1;1;NO APLICA;2
SEC05255;1;2016-07-29;8;3;PERÚ;2;EDUCADORES DE CALLE;LA LIBERTAD;TRUJILLO;TRUJILLO;2024-10-18;1;1;1;NO APLICA;2
SEC05256;1;2017-01-25;8;3;PERÚ;2;EDUCADORES DE CALLE;LA LIBERTAD;TRUJILLO;TRUJILLO;2024-10-18;1;1;1;NO APLICA;2
SEC05257;1;2011-01-29;14;4;PERÚ;2;EDUCADORES DE CALLE;AREQUIPA;AREQUIPA;JOSE LUIS BUSTAMANTE Y RIVERO;2024-10-19;1;2;1;NO APLICA;2
SEC05258;1;2014-03-28;11;3;PERÚ;2;EDUCADORES DE CALLE;AREQUIPA;AREQUIPA;JOSE LUIS BUSTAMANTE Y RIVERO;2024-10-19;1;2;1;NO APLICA;2
SEC05259;1;2010-03-30;15;4;PERÚ;2;EDUCADORES DE CALLE;AREQUIPA;AREQUIPA;JOSE LUIS BUSTAMANTE Y RIVERO;2024-10-20;1;2;1;NO APLICA;2
SEC05260;1;2012-08-20;12;4;PERÚ;1;EDUCADORES DE CALLE;LAMBAYEQUE;CHICLAYO;CHICLAYO;2024-10-20;1;1;1;NO APLICA;2
SEC05261;1;2011-05-07;13;4;PERÚ;2;EDUCADORES DE CALLE;LAMBAYEQUE;CHICLAYO;CHICLAYO;2024-10-20;1;1;1;NO APLICA;2
SEC05262;1;2013-12-10;11;3;PERÚ;2;EDUCADORES DE CALLE;CAJAMARCA;CAJAMARCA;CAJAMARCA;2024-10-20;1;1;1;NO APLICA;2
SEC05263;1;2013-12-10;11;3;PERÚ;2;EDUCADORES DE CALLE;CAJAMARCA;CAJAMARCA;CAJAMARCA;2024-10-20;1;1;1;NO APLICA;2
SEC05264;1;2015-05-23;9;3;PERÚ;2;EDUCADORES DE CALLE;AREQUIPA;AREQUIPA;JOSE LUIS BUSTAMANTE Y RIVERO;2024-10-20;1;2;1;NO APLICA;2
SEC05265;1;2016-10-19;8;3;PERÚ;2;EDUCADORES DE CALLE;AREQUIPA;AREQUIPA;JOSE LUIS BUSTAMANTE Y RIVERO;2024-10-20;1;2;1;NO APLICA;2
SEC05266;1;2013-01-21;12;4;PERÚ;2;EDUCADORES DE CALLE;AREQUIPA;AREQUIPA;JOSE LUIS BUSTAMANTE Y RIVERO;2024-10-20;1;2;1;NO APLICA;2
SEC05267;2;2017-03-24;8;3;PERÚ;2;EDUCADORES DE CALLE;CAJAMARCA;CAJAMARCA;CAJAMARCA;2024-10-20;1;1;1;NO APLICA;2
SEC05268;2;2014-05-23;10;3;PERÚ;1;EDUCADORES DE CALLE;LAMBAYEQUE;CHICLAYO;CHICLAYO;2024-10-20;1;1;1;NO APLICA;2
SEC05269;2;2008-03-30;17;4;PERÚ;2;EDUCADORES DE CALLE;AREQUIPA;AREQUIPA;JOSE LUIS BUSTAMANTE Y RIVERO;2024-10-21;1;1;1;NO APLICA;2
SEC05270;1;2013-01-22;12;4;PERÚ;2;EDUCADORES DE CALLE;PASCO;PASCO;YANACANCHA;2024-10-21;1;1;2;2025-03-09;2
SEC05271;1;2009-07-29;15;4;PERÚ;2;EDUCADORES DE CALLE;PASCO;PASCO;SIMON BOLIVAR;2024-10-21;1;1;1;NO APLICA;2
SEC05272;2;2010-06-23;14;4;PERÚ;2;EDUCADORES DE CALLE;PASCO;PASCO;CHAUPIMARCA;2024-10-21;1;1;1;NO APLICA;2
SEC05273;1;2009-09-17;15;4;PERÚ;2;EDUCADORES DE CALLE;CUSCO;CUSCO;SAN JERONIMO;2024-10-21;1;1;1;NO APLICA;2
SEC05274;1;2012-01-27;13;4;PERÚ;1;EDUCADORES DE CALLE;PIURA;SULLANA;SULLANA;2024-10-21;1;1;1;NO APLICA;2
SEC05275;1;2013-10-18;11;3;PERÚ;2;EDUCADORES DE CALLE;AREQUIPA;AREQUIPA;JOSE LUIS BUSTAMANTE Y RIVERO;2024-10-21;1;1;1;NO APLICA;2
SEC05276;2;2015-02-26;10;3;PERÚ;2;EDUCADORES DE CALLE;PASCO;PASCO;CHAUPIMARCA;2024-10-21;1;1;1;NO APLICA;2
SEC05277;2;2015-06-26;9;3;PERÚ;2;EDUCADORES DE CALLE;CUSCO;CUSCO;SAN JERONIMO;2024-10-21;1;1;1;NO APLICA;2
SEC05278;1;2015-11-02;9;3;PERÚ;2;EDUCADORES DE CALLE;CAJAMARCA;CAJAMARCA;CAJAMARCA;2024-10-21;1;1;1;NO APLICA;2
SEC05279;1;2016-02-12;9;3;PERÚ;2;EDUCADORES DE CALLE;PIURA;SULLANA;SULLANA;2024-10-21;1;2;1;NO APLICA;2
SEC05280;2;2016-12-26;8;3;PERÚ;2;EDUCADORES DE CALLE;PASCO;PASCO;SIMON BOLIVAR;2024-10-21;1;1;1;NO APLICA;2
SEC05281;2;2013-06-30;11;3;PERÚ;2;EDUCADORES DE CALLE;PIURA;SULLANA;SULLANA;2024-10-21;1;2;1;NO APLICA;2
SEC05282;2;2018-08-02;6;3;PERÚ;2;EDUCADORES DE CALLE;PASCO;PASCO;CHAUPIMARCA;2024-10-21;1;1;1;NO APLICA;2
SEC05283;2;2018-10-31;6;3;PERÚ;2;EDUCADORES DE CALLE;PIURA;SULLANA;SULLANA;2024-10-21;1;2;1;NO APLICA;2
SEC05284;1;2020-06-16;4;2;PERÚ;2;EDUCADORES DE CALLE;PASCO;PASCO;SIMON BOLIVAR;2024-10-21;2;1;1;NO APLICA;2
SEC05285;1;2015-04-19;10;3;PERÚ;2;EDUCADORES DE CALLE;PIURA;SULLANA;SULLANA;2024-10-21;1;5;1;NO APLICA;2
SEC05286;2;2009-04-21;16;4;PERÚ;2;EDUCADORES DE CALLE;LIMA;LIMA;SAN MARTIN DE PORRES;2024-10-22;1;1;1;NO APLICA;2
SEC05287;1;2011-06-20;13;4;PERÚ;2;EDUCADORES DE CALLE;HUANCAVELICA;HUANCAVELICA;HUANCAVELICA;2024-10-22;1;1;1;NO APLICA;2
SEC05288;1;2014-02-27;11;3;PERÚ;2;EDUCADORES DE CALLE;HUANCAVELICA;HUANCAVELICA;ASCENSION;2024-10-22;1;1;1;NO APLICA;2
SEC05289;2;2014-05-19;10;3;PERÚ;2;EDUCADORES DE CALLE;HUANCAVELICA;HUANCAVELICA;HUANCAVELICA;2024-10-22;1;1;1;NO APLICA;2
SEC05290;2;2013-11-23;11;3;PERÚ;2;EDUCADORES DE CALLE;HUANCAVELICA;HUANCAVELICA;HUANCAVELICA;2024-10-22;1;1;1;NO APLICA;2
SEC05291;2;2018-06-04;6;3;PERÚ;2;EDUCADORES DE CALLE;APURÍMAC;ABANCAY;ABANCAY;2024-10-22;1;1;1;NO APLICA;2
SEC05292;2;2019-05-18;5;2;PERÚ;2;EDUCADORES DE CALLE;LIMA;LIMA;SAN JUAN DE LURIGANCHO;2024-10-22;2;1;1;NO APLICA;2
SEC05293;1;2021-12-26;3;2;PERÚ;2;EDUCADORES DE CALLE;LIMA;LIMA;SAN JUAN DE LURIGANCHO;2024-10-22;2;1;1;NO APLICA;2
SEC05294;1;2008-10-13;16;4;PERÚ;2;EDUCADORES DE CALLE;LIMA;LIMA;PUENTE PIEDRA;2024-10-23;1;1;1;NO APLICA;2
SEC05295;2;2009-11-14;15;4;PERÚ;2;EDUCADORES DE CALLE;LIMA;LIMA;SAN JUAN DE LURIGANCHO;2024-10-23;1;1;1;NO APLICA;2
SEC05296;1;2010-07-01;14;4;PERÚ;2;EDUCADORES DE CALLE;MOQUEGUA;ILO;ILO;2024-10-23;1;1;1;NO APLICA;2
SEC05297;1;2011-03-24;14;4;PERÚ;2;EDUCADORES DE CALLE;ICA;ICA;ICA;2024-10-23;1;1;1;NO APLICA;2
SEC05298;1;2008-11-07;16;4;PERÚ;2;EDUCADORES DE CALLE;ICA;ICA;ICA;2024-10-23;1;1;1;NO APLICA;2
SEC05299;1;2008-04-28;17;4;PERÚ;2;EDUCADORES DE CALLE;LIMA;LIMA;PUENTE PIEDRA;2024-10-23;1;1;1;NO APLICA;2
SEC05300;2;2011-10-09;13;4;PERÚ;2;EDUCADORES DE CALLE;LIMA;LIMA;SAN JUAN DE LURIGANCHO;2024-10-23;1;1;1;NO APLICA;2
SEC05301;2;2012-11-18;12;4;PERÚ;2;EDUCADORES DE CALLE;AYACUCHO;HUAMANGA;AYACUCHO;2024-10-23;1;1;1;NO APLICA;2
SEC05302;1;2013-01-21;12;4;PERÚ;2;EDUCADORES DE CALLE;LIMA;LIMA;PUENTE PIEDRA;2024-10-23;1;1;1;NO APLICA;2
SEC05303;2;2013-01-10;12;4;PERÚ;2;EDUCADORES DE CALLE;LIMA;LIMA;PUENTE PIEDRA;2024-10-23;1;1;1;NO APLICA;2
SEC05304;2;2013-07-06;11;3;PERÚ;2;EDUCADORES DE CALLE;LIMA;LIMA;VILLA MARIA DEL TRIUNFO;2024-10-23;1;2;1;NO APLICA;2
SEC05305;1;2013-11-06;11;3;PERÚ;2;EDUCADORES DE CALLE;LIMA;LIMA;PUENTE PIEDRA;2024-10-23;1;1;1;NO APLICA;2
SEC05306;2;2016-08-25;8;3;PERÚ;2;EDUCADORES DE CALLE;MOQUEGUA;ILO;ILO;2024-10-23;1;1;1;NO APLICA;2
SEC05307;2;2010-03-06;15;4;PERÚ;2;EDUCADORES DE CALLE;LIMA;LIMA;PUENTE PIEDRA;2024-10-23;1;1;1;NO APLICA;2
SEC05308;1;2014-11-08;10;3;PERÚ;2;EDUCADORES DE CALLE;AYACUCHO;HUAMANGA;AYACUCHO;2024-10-23;1;1;1;NO APLICA;2
SEC05309;1;2017-09-05;7;3;PERÚ;2;EDUCADORES DE CALLE;LIMA;LIMA;PUENTE PIEDRA;2024-10-23;1;1;1;NO APLICA;2
SEC05310;1;2018-05-02;6;3;PERÚ;2;EDUCADORES DE CALLE;MOQUEGUA;ILO;ILO;2024-10-23;1;1;1;NO APLICA;2
SEC05311;1;2018-09-04;6;3;PERÚ;2;EDUCADORES DE CALLE;LIMA;LIMA;SAN JUAN DE LURIGANCHO;2024-10-23;2;1;1;NO APLICA;2
SEC05312;2;2019-10-11;5;2;PERÚ;2;EDUCADORES DE CALLE;LIMA;LIMA;PUENTE PIEDRA;2024-10-23;1;1;1;NO APLICA;2
SEC05313;2;2013-02-06;12;4;PERÚ;2;EDUCADORES DE CALLE;HUANCAVELICA;HUANCAVELICA;HUANCAVELICA;2024-10-24;1;1;1;NO APLICA;2
SEC05314;1;2015-06-11;9;3;PERÚ;2;EDUCADORES DE CALLE;HUANCAVELICA;HUANCAVELICA;HUANCAVELICA;2024-10-24;1;1;1;NO APLICA;2
SEC05315;1;2016-09-01;8;3;PERÚ;2;EDUCADORES DE CALLE;APURÍMAC;ABANCAY;ABANCAY;2024-10-24;1;1;1;NO APLICA;2
SEC05316;2;2013-07-09;11;3;PERÚ;2;EDUCADORES DE CALLE;HUANCAVELICA;HUANCAVELICA;HUANCAVELICA;2024-10-24;1;1;1;NO APLICA;2
SEC05317;1;2017-02-14;8;3;PERÚ;2;EDUCADORES DE CALLE;APURÍMAC;ABANCAY;ABANCAY;2024-10-24;1;1;1;NO APLICA;2
SEC05318;1;2019-09-08;5;2;PERÚ;2;EDUCADORES DE CALLE;APURÍMAC;ABANCAY;ABANCAY;2024-10-24;1;1;1;NO APLICA;2
SEC05319;1;2020-01-23;5;2;PERÚ;2;EDUCADORES DE CALLE;LIMA;LIMA;LA VICTORIA;2024-10-24;1;1;1;NO APLICA;2
SEC05320;1;2018-03-12;7;3;PERÚ;2;EDUCADORES DE CALLE;TUMBES;TUMBES;TUMBES;2024-10-24;1;1;1;NO APLICA;2
SEC05321;2;2011-12-23;13;4;PERÚ;2;EDUCADORES DE CALLE;TUMBES;TUMBES;TUMBES;2024-10-24;1;1;1;NO APLICA;2
SEC05322;1;2009-08-04;15;4;PERÚ;2;EDUCADORES DE CALLE;AREQUIPA;AREQUIPA;AREQUIPA;2024-10-25;1;1;1;NO APLICA;2
SEC05323;2;2009-12-13;15;4;PERÚ;2;EDUCADORES DE CALLE;AREQUIPA;AREQUIPA;AREQUIPA;2024-10-25;1;1;1;NO APLICA;2
SEC05324;1;2011-08-19;13;4;PERÚ;2;EDUCADORES DE CALLE;AREQUIPA;AREQUIPA;AREQUIPA;2024-10-25;1;1;1;NO APLICA;2
SEC05325;2;2015-07-19;9;3;PERÚ;2;EDUCADORES DE CALLE;AREQUIPA;AREQUIPA;AREQUIPA;2024-10-25;1;1;1;NO APLICA;2
SEC05326;1;2017-01-05;8;3;PERÚ;2;EDUCADORES DE CALLE;AREQUIPA;AREQUIPA;AREQUIPA;2024-10-25;1;1;1;NO APLICA;2
SEC05327;2;2018-06-20;6;3;PERÚ;2;EDUCADORES DE CALLE;AYACUCHO;HUAMANGA;AYACUCHO;2024-10-25;1;1;1;NO APLICA;2
SEC05328;1;2018-09-14;6;3;PERÚ;2;EDUCADORES DE CALLE;AREQUIPA;AREQUIPA;JOSE LUIS BUSTAMANTE Y RIVERO;2024-10-25;1;1;1;NO APLICA;1
SEC05329;2;2015-03-17;10;3;PERÚ;2;EDUCADORES DE CALLE;LIMA;LIMA;SAN MARTIN DE PORRES;2024-10-29;1;1;1;NO APLICA;2
SEC05330;2;2019-01-22;6;3;PERÚ;2;EDUCADORES DE CALLE;LIMA;LIMA;LIMA;2024-10-29;2;1;1;NO APLICA;2
SEC05331;2;2022-09-06;2;2;PERÚ;2;EDUCADORES DE CALLE;LIMA;LIMA;LIMA;2024-10-29;2;1;1;NO APLICA;2
SEC05332;2;2022-10-24;2;2;PERÚ;2;EDUCADORES DE CALLE;LIMA;LIMA;LIMA;2024-10-29;2;1;2;2025-04-25;2
SEC05333;2;2023-06-30;1;2;PERÚ;2;EDUCADORES DE CALLE;LIMA;LIMA;SAN MARTIN DE PORRES;2024-10-29;2;1;1;NO APLICA;2
SEC05334;1;2015-07-09;9;3;PERÚ;2;EDUCADORES DE CALLE;UCAYALI;CORONEL PORTILLO;YARINACOCHA;2024-10-30;1;1;1;NO APLICA;2
SEC05335;1;2009-08-16;15;4;PERÚ;2;EDUCADORES DE CALLE;UCAYALI;CORONEL PORTILLO;YARINACOCHA;2024-10-30;1;1;1;NO APLICA;2
SEC05336;1;2010-11-10;14;4;PERÚ;2;EDUCADORES DE CALLE;UCAYALI;CORONEL PORTILLO;YARINACOCHA;2024-10-30;1;1;1;NO APLICA;2
SEC05337;1;2011-06-19;13;4;PERÚ;2;EDUCADORES DE CALLE;UCAYALI;CORONEL PORTILLO;YARINACOCHA;2024-10-30;1;1;1;NO APLICA;2
SEC05338;2;2012-05-28;12;4;PERÚ;2;EDUCADORES DE CALLE;UCAYALI;CORONEL PORTILLO;YARINACOCHA;2024-10-30;1;1;1;NO APLICA;2
SEC05339;2;2011-03-17;14;4;PERÚ;2;EDUCADORES DE CALLE;UCAYALI;CORONEL PORTILLO;YARINACOCHA;2024-10-30;1;1;1;NO APLICA;2
SEC05340;2;2013-06-02;11;3;PERÚ;2;EDUCADORES DE CALLE;UCAYALI;CORONEL PORTILLO;YARINACOCHA;2024-10-30;1;1;1;NO APLICA;2
SEC05341;1;2015-03-19;10;3;PERÚ;2;EDUCADORES DE CALLE;UCAYALI;CORONEL PORTILLO;YARINACOCHA;2024-10-30;1;1;1;NO APLICA;2
SEC05342;2;2016-06-18;8;3;PERÚ;2;EDUCADORES DE CALLE;UCAYALI;CORONEL PORTILLO;YARINACOCHA;2024-10-30;1;1;1;NO APLICA;2
SEC05343;1;2019-11-07;5;2;COLOMBIA;2;EDUCADORES DE CALLE;LIMA;LIMA;MAGDALENA;2024-10-30;2;5;2;2025-04-24;2
SEC05344;1;2020-12-13;4;2;COLOMBIA;2;EDUCADORES DE CALLE;LIMA;LIMA;MAGDALENA;2024-10-30;2;1;2;2025-04-24;2
SEC05345;1;2008-03-25;17;4;PERÚ;2;EDUCADORES DE CALLE;UCAYALI;CORONEL PORTILLO;YARINACOCHA;2024-10-30;1;1;1;NO APLICA;2
SEC05346;2;2023-04-14;2;2;PERÚ;2;EDUCADORES DE CALLE;LIMA;LIMA;SAN MARTIN DE PORRES;2024-10-31;2;1;1;NO APLICA;2
SEC05347;1;2008-05-16;16;4;PERÚ;1;EDUCADORES DE CALLE;LIMA;LIMA;CARABAYLLO;2024-10-31;1;1;1;NO APLICA;2
SEC05348;2;2016-03-12;9;3;PERÚ;2;EDUCADORES DE CALLE;UCAYALI;CORONEL PORTILLO;YARINACOCHA;2024-10-31;1;1;1;NO APLICA;2
SEC05349;2;2008-03-02;17;4;PERÚ;2;EDUCADORES DE CALLE;LIMA;LIMA;SAN JUAN DE LURIGANCHO;2024-10-31;3;1;1;NO APLICA;2
SEC05350;1;2011-08-30;13;4;PERÚ;2;EDUCADORES DE CALLE;LIMA;LIMA;CARABAYLLO;2024-10-31;1;1;1;NO APLICA;2
SEC05351;2;2012-09-25;12;4;PERÚ;2;EDUCADORES DE CALLE;UCAYALI;CORONEL PORTILLO;YARINACOCHA;2024-10-31;1;1;1;NO APLICA;2
SEC05352;2;2013-01-25;12;4;PERÚ;2;EDUCADORES DE CALLE;AREQUIPA;AREQUIPA;JOSE LUIS BUSTAMANTE Y RIVERO;2024-10-31;1;1;1;NO APLICA;2
SEC05353;2;2013-06-27;11;3;PERÚ;2;EDUCADORES DE CALLE;LIMA;LIMA;CARABAYLLO;2024-10-31;1;1;1;NO APLICA;2
SEC05354;2;2014-03-22;11;3;PERÚ;2;EDUCADORES DE CALLE;UCAYALI;CORONEL PORTILLO;YARINACOCHA;2024-10-31;1;1;1;NO APLICA;2
SEC05355;1;2015-07-25;9;3;PERÚ;1;EDUCADORES DE CALLE;LIMA;LIMA;CARABAYLLO;2024-10-31;1;1;1;NO APLICA;2
SEC05356;2;2016-03-04;9;3;PERÚ;2;EDUCADORES DE CALLE;JUNÍN;HUANCAYO;HUANCAYO;2024-10-31;1;1;1;NO APLICA;2
SEC05357;1;2015-05-11;9;3;PERÚ;2;EDUCADORES DE CALLE;JUNÍN;HUANCAYO;HUANCAYO;2024-10-31;1;1;1;NO APLICA;2
SEC05358;2;2009-08-30;15;4;PERÚ;2;EDUCADORES DE CALLE;UCAYALI;CORONEL PORTILLO;YARINACOCHA;2024-10-31;1;1;1;NO APLICA;2
SEC05359;1;2010-11-21;14;4;PERÚ;2;EDUCADORES DE CALLE;UCAYALI;CORONEL PORTILLO;YARINACOCHA;2024-10-31;1;1;1;NO APLICA;2
SEC05360;1;2009-10-29;15;4;PERÚ;2;EDUCADORES DE CALLE;UCAYALI;CORONEL PORTILLO;YARINACOCHA;2024-10-31;1;1;1;NO APLICA;2
SEC05361;1;2012-05-28;12;4;PERÚ;2;EDUCADORES DE CALLE;UCAYALI;CORONEL PORTILLO;YARINACOCHA;2024-10-31;1;1;1;NO APLICA;2
SEC05362;2;2016-11-28;8;3;PERÚ;2;EDUCADORES DE CALLE;LIMA;LIMA;CARABAYLLO;2024-10-31;1;1;1;NO APLICA;2
SEC05363;2;2011-08-07;13;4;PERÚ;2;EDUCADORES DE CALLE;UCAYALI;CORONEL PORTILLO;YARINACOCHA;2024-10-31;1;1;1;NO APLICA;2
SEC05364;1;2013-06-02;11;3;PERÚ;2;EDUCADORES DE CALLE;UCAYALI;CORONEL PORTILLO;YARINACOCHA;2024-10-31;1;1;1;NO APLICA;2
SEC05365;2;2017-04-24;8;3;PERÚ;2;EDUCADORES DE CALLE;LIMA;LIMA;SAN MARTIN DE PORRES;2024-10-31;2;1;1;NO APLICA;2
SEC05366;1;2017-10-18;7;3;PERÚ;2;EDUCADORES DE CALLE;AREQUIPA;AREQUIPA;JOSE LUIS BUSTAMANTE Y RIVERO;2024-10-31;1;1;1;NO APLICA;2
SEC05367;1;2008-06-20;16;4;PERÚ;2;EDUCADORES DE CALLE;UCAYALI;CORONEL PORTILLO;YARINACOCHA;2024-10-31;1;1;1;NO APLICA;2
SEC05368;2;2019-09-03;5;2;PERÚ;2;EDUCADORES DE CALLE;JUNÍN;HUANCAYO;HUANCAYO;2024-10-31;1;1;1;NO APLICA;2
SEC05369;2;2021-07-09;3;2;PERÚ;2;EDUCADORES DE CALLE;LIMA;LIMA;LIMA;2024-10-31;2;1;1;NO APLICA;2
SEC05370;1;2022-04-01;3;2;PERÚ;2;EDUCADORES DE CALLE;LIMA;LIMA;CARABAYLLO;2024-10-31;2;1;1;NO APLICA;2
SEC05371;1;2023-05-10;1;2;PERÚ;2;EDUCADORES DE CALLE;LIMA;LIMA;CARABAYLLO;2024-10-31;2;1;1;NO APLICA;2
SEC05372;2;2015-04-29;10;3;PERÚ;2;EDUCADORES DE CALLE;UCAYALI;CORONEL PORTILLO;YARINACOCHA;2024-11-01;1;1;1;NO APLICA;2
SEC05373;2;2008-04-06;17;4;PERÚ;2;EDUCADORES DE CALLE;UCAYALI;CORONEL PORTILLO;YARINACOCHA;2024-11-01;1;1;1;NO APLICA;2
SEC05374;1;2011-02-17;14;4;PERÚ;2;EDUCADORES DE CALLE;UCAYALI;CORONEL PORTILLO;YARINACOCHA;2024-11-01;1;1;1;NO APLICA;2
SEC05375;2;2008-08-11;16;4;PERÚ;2;EDUCADORES DE CALLE;UCAYALI;CORONEL PORTILLO;YARINACOCHA;2024-11-01;1;1;1;NO APLICA;2
SEC05376;1;2010-11-10;14;4;PERÚ;2;EDUCADORES DE CALLE;UCAYALI;CORONEL PORTILLO;YARINACOCHA;2024-11-01;1;1;1;NO APLICA;2
SEC05377;1;2007-12-29;17;4;PERÚ;2;EDUCADORES DE CALLE;UCAYALI;CORONEL PORTILLO;YARINACOCHA;2024-11-01;1;1;1;NO APLICA;2
SEC05378;1;2012-05-28;12;4;PERÚ;2;EDUCADORES DE CALLE;UCAYALI;CORONEL PORTILLO;YARINACOCHA;2024-11-01;1;1;1;NO APLICA;2
SEC05379;1;2008-02-21;17;4;PERÚ;2;EDUCADORES DE CALLE;UCAYALI;CORONEL PORTILLO;YARINACOCHA;2024-11-01;1;1;1;NO APLICA;2
SEC05380;1;2009-03-11;16;4;PERÚ;2;EDUCADORES DE CALLE;UCAYALI;CORONEL PORTILLO;YARINACOCHA;2024-11-01;1;1;1;NO APLICA;2
SEC05381;2;2016-02-02;9;3;PERÚ;2;EDUCADORES DE CALLE;UCAYALI;CORONEL PORTILLO;YARINACOCHA;2024-11-01;1;1;1;NO APLICA;2
SEC05382;2;2017-12-20;7;3;PERÚ;2;EDUCADORES DE CALLE;APURÍMAC;ABANCAY;ABANCAY;2024-11-01;1;5;1;NO APLICA;2
SEC05383;2;2015-08-27;9;3;PERÚ;1;EDUCADORES DE CALLE;LIMA;HUARAL;HUARAL;2024-11-05;1;1;1;NO APLICA;2
SEC05384;1;2016-06-14;8;3;PERÚ;2;EDUCADORES DE CALLE;LIMA;HUARAL;HUARAL;2024-11-05;1;1;1;NO APLICA;2
SEC05385;2;2024-04-06;1;2;PERÚ;2;EDUCADORES DE CALLE;LIMA;LIMA;SAN MARTIN DE PORRES;2024-11-05;2;1;1;NO APLICA;2
SEC05386;1;2011-06-20;13;4;PERÚ;2;EDUCADORES DE CALLE;UCAYALI;CORONEL PORTILLO;YARINACOCHA;2024-11-06;1;1;1;NO APLICA;2
SEC05387;1;2008-08-26;16;4;PERÚ;2;EDUCADORES DE CALLE;UCAYALI;CORONEL PORTILLO;YARINACOCHA;2024-11-06;1;1;1;NO APLICA;2
SEC05388;1;2009-10-22;15;4;PERÚ;2;EDUCADORES DE CALLE;UCAYALI;CORONEL PORTILLO;YARINACOCHA;2024-11-06;1;1;1;NO APLICA;2
SEC05389;2;2008-04-15;17;4;PERÚ;2;EDUCADORES DE CALLE;CUSCO;CUSCO;CUSCO;2024-11-06;1;1;1;NO APLICA;2
SEC05390;2;2015-03-05;10;3;PERÚ;2;EDUCADORES DE CALLE;UCAYALI;CORONEL PORTILLO;YARINACOCHA;2024-11-06;1;1;1;NO APLICA;2
SEC05391;2;2008-10-20;16;4;PERÚ;2;EDUCADORES DE CALLE;UCAYALI;CORONEL PORTILLO;YARINACOCHA;2024-11-06;1;1;1;NO APLICA;2
SEC05392;2;2010-02-27;15;4;PERÚ;2;EDUCADORES DE CALLE;UCAYALI;CORONEL PORTILLO;YARINACOCHA;2024-11-06;1;1;1;NO APLICA;2
SEC05393;1;2016-06-15;8;3;PERÚ;2;EDUCADORES DE CALLE;UCAYALI;CORONEL PORTILLO;YARINACOCHA;2024-11-06;1;1;1;NO APLICA;2
SEC05394;1;2011-10-13;13;4;PERÚ;2;EDUCADORES DE CALLE;UCAYALI;CORONEL PORTILLO;YARINACOCHA;2024-11-06;1;1;1;NO APLICA;2
SEC05395;2;2011-11-30;13;4;PERÚ;2;EDUCADORES DE CALLE;UCAYALI;CORONEL PORTILLO;YARINACOCHA;2024-11-06;1;1;1;NO APLICA;2
SEC05396;2;2013-10-07;11;3;PERÚ;2;EDUCADORES DE CALLE;UCAYALI;CORONEL PORTILLO;YARINACOCHA;2024-11-06;1;1;1;NO APLICA;2
SEC05397;2;2014-12-14;10;3;PERÚ;2;EDUCADORES DE CALLE;UCAYALI;CORONEL PORTILLO;YARINACOCHA;2024-11-06;1;1;1;NO APLICA;2
SEC05398;1;2007-04-30;18;5;PERÚ;2;EDUCADORES DE CALLE;UCAYALI;CORONEL PORTILLO;YARINACOCHA;2024-11-06;1;1;1;NO APLICA;2
SEC05399;1;2015-05-25;9;3;PERÚ;2;EDUCADORES DE CALLE;UCAYALI;CORONEL PORTILLO;YARINACOCHA;2024-11-06;1;1;1;NO APLICA;2
SEC05400;2;2011-03-14;14;4;PERÚ;2;EDUCADORES DE CALLE;UCAYALI;CORONEL PORTILLO;YARINACOCHA;2024-11-06;1;1;1;NO APLICA;2
SEC05401;1;2013-12-31;11;3;PERÚ;2;EDUCADORES DE CALLE;UCAYALI;CORONEL PORTILLO;YARINACOCHA;2024-11-06;1;1;1;NO APLICA;2
SEC05402;1;2013-06-22;11;3;PERÚ;2;EDUCADORES DE CALLE;AREQUIPA;AREQUIPA;JOSE LUIS BUSTAMANTE Y RIVERO;2024-11-06;1;5;1;NO APLICA;2
SEC05403;2;2014-11-01;10;3;PERÚ;2;EDUCADORES DE CALLE;AYACUCHO;HUAMANGA;AYACUCHO;2024-11-06;1;1;1;NO APLICA;2
SEC05404;1;2017-05-21;7;3;PERÚ;2;EDUCADORES DE CALLE;AYACUCHO;HUAMANGA;AYACUCHO;2024-11-06;1;1;1;NO APLICA;2
SEC05405;2;2022-06-17;2;2;VENEZUELA;2;EDUCADORES DE CALLE;LIMA;LIMA;LIMA;2024-11-06;2;1;1;NO APLICA;2
SEC05406;1;2011-01-21;14;4;PERÚ;2;EDUCADORES DE CALLE;UCAYALI;CORONEL PORTILLO;YARINACOCHA;2024-11-07;1;1;1;NO APLICA;2
SEC05407;2;2015-10-31;9;3;PERÚ;2;EDUCADORES DE CALLE;UCAYALI;CORONEL PORTILLO;YARINACOCHA;2024-11-07;1;1;1;NO APLICA;2
SEC05408;2;2009-10-12;15;4;PERÚ;2;EDUCADORES DE CALLE;UCAYALI;CORONEL PORTILLO;YARINACOCHA;2024-11-07;1;1;1;NO APLICA;2
SEC05409;1;2008-08-16;16;4;PERÚ;2;EDUCADORES DE CALLE;UCAYALI;CORONEL PORTILLO;YARINACOCHA;2024-11-07;1;1;1;NO APLICA;2
SEC05410;1;2015-10-13;9;3;PERÚ;2;EDUCADORES DE CALLE;UCAYALI;CORONEL PORTILLO;YARINACOCHA;2024-11-07;1;1;1;NO APLICA;2
SEC05411;1;2013-08-26;11;3;PERÚ;2;EDUCADORES DE CALLE;UCAYALI;CORONEL PORTILLO;YARINACOCHA;2024-11-07;1;1;1;NO APLICA;2
SEC05412;1;2012-12-04;12;4;PERÚ;2;EDUCADORES DE CALLE;AREQUIPA;AREQUIPA;CERRO COLORADO;2024-11-07;1;1;1;NO APLICA;2
SEC05413;2;2008-09-19;16;4;PERÚ;2;EDUCADORES DE CALLE;UCAYALI;CORONEL PORTILLO;YARINACOCHA;2024-11-07;1;1;1;NO APLICA;2
SEC05414;2;2008-09-23;16;4;PERÚ;2;EDUCADORES DE CALLE;UCAYALI;CORONEL PORTILLO;YARINACOCHA;2024-11-07;1;1;1;NO APLICA;2
SEC05415;1;2014-01-25;11;3;PERÚ;2;EDUCADORES DE CALLE;UCAYALI;CORONEL PORTILLO;YARINACOCHA;2024-11-07;1;1;1;NO APLICA;2
SEC05416;1;2015-03-13;10;3;PERÚ;2;EDUCADORES DE CALLE;UCAYALI;CORONEL PORTILLO;YARINACOCHA;2024-11-07;1;1;1;NO APLICA;2
SEC05417;1;2015-12-18;9;3;PERÚ;2;EDUCADORES DE CALLE;UCAYALI;CORONEL PORTILLO;YARINACOCHA;2024-11-07;1;1;1;NO APLICA;2
SEC05418;1;2011-11-18;13;4;PERÚ;2;EDUCADORES DE CALLE;UCAYALI;CORONEL PORTILLO;YARINACOCHA;2024-11-07;1;1;1;NO APLICA;2
SEC05419;1;2012-05-17;12;4;PERÚ;2;EDUCADORES DE CALLE;AREQUIPA;AREQUIPA;CERRO COLORADO;2024-11-08;1;1;1;NO APLICA;2
SEC05420;1;2011-08-20;13;4;PERÚ;2;EDUCADORES DE CALLE;LIMA;LIMA;SAN BORJA;2024-11-08;1;1;1;NO APLICA;2
SEC05421;1;2012-01-14;13;4;PERÚ;2;EDUCADORES DE CALLE;LIMA;LIMA;SANTA ANITA;2024-11-08;3;1;1;NO APLICA;2
SEC05422;1;2015-01-08;10;3;PERÚ;2;EDUCADORES DE CALLE;LIMA;LIMA;SAN BORJA;2024-11-08;1;1;1;NO APLICA;2
SEC05423;2;2019-04-02;6;3;PERÚ;2;EDUCADORES DE CALLE;LIMA;LIMA;SAN BORJA;2024-11-08;1;1;1;NO APLICA;1
SEC05424;1;2017-03-28;8;3;PERÚ;2;EDUCADORES DE CALLE;LIMA;LIMA;SAN BORJA;2024-11-08;1;1;1;NO APLICA;2
SEC05425;1;2008-01-14;17;4;PERÚ;2;EDUCADORES DE CALLE;CUSCO;CUSCO;CUSCO;2024-11-09;3;1;1;NO APLICA;2
SEC05426;2;2008-08-21;16;4;PERÚ;2;EDUCADORES DE CALLE;AREQUIPA;AREQUIPA;JOSE LUIS BUSTAMANTE Y RIVERO;2024-11-09;1;1;1;NO APLICA;2
SEC05427;2;2010-01-12;15;4;PERÚ;2;EDUCADORES DE CALLE;AREQUIPA;AREQUIPA;CERRO COLORADO;2024-11-09;1;1;1;NO APLICA;2
SEC05428;2;2013-01-11;12;4;PERÚ;2;EDUCADORES DE CALLE;LIMA;LIMA;SAN JUAN DE LURIGANCHO;2024-11-09;1;1;1;NO APLICA;2
SEC05429;1;2014-04-05;11;3;PERÚ;2;EDUCADORES DE CALLE;LIMA;LIMA;SAN JUAN DE LURIGANCHO;2024-11-09;1;1;1;NO APLICA;2
SEC05430;1;2016-04-05;9;3;PERÚ;2;EDUCADORES DE CALLE;AREQUIPA;AREQUIPA;CERRO COLORADO;2024-11-09;1;1;1;NO APLICA;2
SEC05431;1;2016-05-30;8;3;PERÚ;2;EDUCADORES DE CALLE;AREQUIPA;AREQUIPA;JOSE LUIS BUSTAMANTE Y RIVERO;2024-11-09;1;1;1;NO APLICA;2
SEC05432;1;2014-03-05;11;3;PERÚ;2;EDUCADORES DE CALLE;AREQUIPA;AREQUIPA;CERRO COLORADO;2024-11-09;1;1;1;NO APLICA;2
SEC05433;1;2017-03-20;8;3;PERÚ;2;EDUCADORES DE CALLE;AREQUIPA;AREQUIPA;CERRO COLORADO;2024-11-09;1;1;1;NO APLICA;2
SEC05434;2;2017-08-01;7;3;PERÚ;2;EDUCADORES DE CALLE;AREQUIPA;AREQUIPA;CERRO COLORADO;2024-11-09;1;1;1;NO APLICA;2
SEC05435;1;2017-12-31;7;3;PERÚ;1;EDUCADORES DE CALLE;AREQUIPA;AREQUIPA;JOSE LUIS BUSTAMANTE Y RIVERO;2024-11-09;1;1;1;NO APLICA;2
SEC05436;1;2020-02-28;5;2;PERÚ;2;EDUCADORES DE CALLE;LIMA;LIMA;SAN JUAN DE LURIGANCHO;2024-11-09;2;1;1;NO APLICA;2
SEC05437;1;2011-06-24;13;4;PERÚ;2;EDUCADORES DE CALLE;MOQUEGUA;MARISCAL NIETO;MOQUEGUA;2024-11-10;1;1;1;NO APLICA;2
SEC05438;1;2012-06-19;12;4;PERÚ;2;EDUCADORES DE CALLE;LA LIBERTAD;TRUJILLO;TRUJILLO;2024-11-10;1;1;1;NO APLICA;2
SEC05439;1;2014-01-26;11;3;PERÚ;2;EDUCADORES DE CALLE;AREQUIPA;AREQUIPA;JOSE LUIS BUSTAMANTE Y RIVERO;2024-11-10;1;1;1;NO APLICA;2
SEC05440;1;2013-12-07;11;3;PERÚ;2;EDUCADORES DE CALLE;LA LIBERTAD;TRUJILLO;TRUJILLO;2024-11-10;1;1;1;NO APLICA;2
SEC05441;2;2014-02-20;11;3;PERÚ;2;EDUCADORES DE CALLE;LIMA;LIMA;CHORRILLOS;2024-11-11;1;1;1;NO APLICA;2
SEC05442;1;2010-06-26;14;4;PERÚ;2;EDUCADORES DE CALLE;AREQUIPA;AREQUIPA;CERRO COLORADO;2024-11-12;1;1;1;NO APLICA;2
SEC05443;1;2009-06-10;15;4;PERÚ;2;EDUCADORES DE CALLE;LIMA;LIMA;SAN JUAN DE LURIGANCHO;2024-11-12;3;1;1;NO APLICA;2
SEC05444;1;2009-08-24;15;4;PERÚ;2;EDUCADORES DE CALLE;LIMA;LIMA;PUENTE PIEDRA;2024-11-12;3;1;1;NO APLICA;2
SEC05445;1;2011-07-03;13;4;PERÚ;2;EDUCADORES DE CALLE;LIMA;LIMA;PUENTE PIEDRA;2024-11-12;3;1;1;NO APLICA;2
SEC05446;1;2013-01-21;12;4;PERÚ;2;EDUCADORES DE CALLE;AREQUIPA;AREQUIPA;CERRO COLORADO;2024-11-12;1;1;1;NO APLICA;2
SEC05447;2;2013-02-18;12;4;PERÚ;2;EDUCADORES DE CALLE;AREQUIPA;AREQUIPA;CERRO COLORADO;2024-11-12;1;1;1;NO APLICA;2
SEC05448;2;2013-04-02;12;4;PERÚ;2;EDUCADORES DE CALLE;LIMA;HUARAL;HUARAL;2024-11-12;1;1;1;NO APLICA;2
SEC05449;2;2015-06-25;9;3;PERÚ;2;EDUCADORES DE CALLE;AREQUIPA;AREQUIPA;JOSE LUIS BUSTAMANTE Y RIVERO;2024-11-12;1;5;1;NO APLICA;2
SEC05450;2;2016-07-28;8;3;PERÚ;2;EDUCADORES DE CALLE;AREQUIPA;AREQUIPA;CERRO COLORADO;2024-11-12;1;1;1;NO APLICA;2
SEC05451;2;2013-03-15;12;4;PERÚ;2;EDUCADORES DE CALLE;AREQUIPA;AREQUIPA;JOSE LUIS BUSTAMANTE Y RIVERO;2024-11-12;1;5;1;NO APLICA;2
SEC05452;1;2017-12-31;7;3;PERÚ;2;EDUCADORES DE CALLE;LIMA;LIMA;SAN JUAN DE LURIGANCHO;2024-11-12;3;1;1;NO APLICA;2
SEC05453;2;2020-09-06;4;2;PERÚ;2;EDUCADORES DE CALLE;LIMA;LIMA;PUENTE PIEDRA;2024-11-13;3;1;1;NO APLICA;2
SEC05454;2;2007-08-09;17;4;VENEZUELA;2;EDUCADORES DE CALLE;LIMA;LIMA;CHORRILLOS;2024-11-13;2;5;1;NO APLICA;2
SEC05455;2;2010-05-04;14;4;VENEZUELA;2;EDUCADORES DE CALLE;LIMA;LIMA;CHORRILLOS;2024-11-13;2;5;1;NO APLICA;2
SEC05456;1;2008-05-11;16;4;PERÚ;2;EDUCADORES DE CALLE;LA LIBERTAD;TRUJILLO;TRUJILLO;2024-11-13;1;1;1;NO APLICA;2
SEC05457;2;2009-01-01;16;4;PERÚ;2;EDUCADORES DE CALLE;AREQUIPA;AREQUIPA;CERRO COLORADO;2024-11-13;1;1;1;NO APLICA;2
SEC05458;2;2010-12-14;14;4;PERÚ;2;EDUCADORES DE CALLE;CUSCO;CUSCO;SANTIAGO;2024-11-13;1;1;1;NO APLICA;2
SEC05459;2;2012-02-18;13;4;PERÚ;2;EDUCADORES DE CALLE;AYACUCHO;HUAMANGA;AYACUCHO;2024-11-13;1;1;1;NO APLICA;2
SEC05460;2;2010-05-14;14;4;PERÚ;2;EDUCADORES DE CALLE;CUSCO;CUSCO;SANTIAGO;2024-11-13;1;1;1;NO APLICA;2
SEC05461;2;2010-02-14;15;4;PERÚ;2;EDUCADORES DE CALLE;AYACUCHO;HUAMANGA;AYACUCHO;2024-11-13;1;1;1;NO APLICA;2
SEC05462;2;2010-05-04;14;4;PERÚ;2;EDUCADORES DE CALLE;LIMA;LIMA;EL AGUSTINO;2024-11-13;3;1;1;NO APLICA;2
SEC05463;2;2008-05-08;16;4;PERÚ;2;EDUCADORES DE CALLE;LIMA;LIMA;PUENTE PIEDRA;2024-11-13;3;1;1;NO APLICA;2
SEC05464;1;2012-03-25;13;4;PERÚ;2;EDUCADORES DE CALLE;LA LIBERTAD;TRUJILLO;TRUJILLO;2024-11-13;1;1;1;NO APLICA;2
SEC05465;1;2013-07-01;11;3;PERÚ;2;EDUCADORES DE CALLE;LA LIBERTAD;TRUJILLO;TRUJILLO;2024-11-13;1;1;1;NO APLICA;2
SEC05466;1;2013-10-30;11;3;PERÚ;2;EDUCADORES DE CALLE;LIMA;HUARAL;HUARAL;2024-11-13;1;1;1;NO APLICA;2
SEC05467;1;2014-01-14;11;3;PERÚ;2;EDUCADORES DE CALLE;AYACUCHO;HUAMANGA;AYACUCHO;2024-11-13;1;1;1;NO APLICA;2
SEC05468;2;2014-03-08;11;3;PERÚ;2;EDUCADORES DE CALLE;LIMA;HUARAL;HUARAL;2024-11-13;1;1;1;NO APLICA;2
SEC05469;2;2015-07-18;9;3;PERÚ;2;EDUCADORES DE CALLE;LIMA;LIMA;PUENTE PIEDRA;2024-11-13;3;1;1;NO APLICA;2
SEC05470;2;2016-10-30;8;3;PERÚ;2;EDUCADORES DE CALLE;AREQUIPA;AREQUIPA;CERRO COLORADO;2024-11-13;1;1;1;NO APLICA;2
SEC05471;1;2016-11-24;8;3;PERÚ;2;EDUCADORES DE CALLE;LIMA;LIMA;EL AGUSTINO;2024-11-13;3;1;1;NO APLICA;2
SEC05472;2;2013-08-20;11;3;PERÚ;2;EDUCADORES DE CALLE;AYACUCHO;HUAMANGA;AYACUCHO;2024-11-13;1;1;1;NO APLICA;2
SEC05473;2;2013-08-19;11;3;PERÚ;2;EDUCADORES DE CALLE;AYACUCHO;HUAMANGA;AYACUCHO;2024-11-13;1;1;1;NO APLICA;2
SEC05474;2;2017-04-04;8;3;PERÚ;2;EDUCADORES DE CALLE;AREQUIPA;AREQUIPA;CERRO COLORADO;2024-11-13;1;1;1;NO APLICA;2
SEC05475;1;2017-05-12;7;3;PERÚ;2;EDUCADORES DE CALLE;AYACUCHO;HUAMANGA;AYACUCHO;2024-11-13;1;1;1;NO APLICA;2
SEC05476;2;2017-10-03;7;3;PERÚ;2;EDUCADORES DE CALLE;LIMA;LIMA;PUENTE PIEDRA;2024-11-13;3;1;1;NO APLICA;2
SEC05477;1;2012-11-06;12;4;VENEZUELA;2;EDUCADORES DE CALLE;LIMA;LIMA;CHORRILLOS;2024-11-13;2;5;1;NO APLICA;2
SEC05478;1;2022-05-11;2;2;VENEZUELA;2;EDUCADORES DE CALLE;LIMA;LIMA;CHORRILLOS;2024-11-13;2;1;1;NO APLICA;2
SEC05479;1;2017-11-18;7;3;VENEZUELA;2;EDUCADORES DE CALLE;LIMA;LIMA;CHORRILLOS;2024-11-13;2;5;1;NO APLICA;2
SEC05480;2;2010-06-30;14;4;PERÚ;2;EDUCADORES DE CALLE;CUSCO;CUSCO;SANTIAGO;2024-11-14;1;1;1;NO APLICA;2
SEC05481;1;2010-08-07;14;4;PERÚ;2;EDUCADORES DE CALLE;PIURA;SULLANA;SULLANA;2024-11-14;1;1;1;NO APLICA;2
SEC05482;1;2010-02-11;15;4;PERÚ;2;EDUCADORES DE CALLE;LA LIBERTAD;TRUJILLO;TRUJILLO;2024-11-14;1;1;1;NO APLICA;2
SEC05483;2;2010-10-20;14;4;PERÚ;2;EDUCADORES DE CALLE;CUSCO;CUSCO;SANTIAGO;2024-11-14;1;1;1;NO APLICA;2
SEC05484;1;2011-07-03;13;4;PERÚ;1;EDUCADORES DE CALLE;AYACUCHO;HUAMANGA;AYACUCHO;2024-11-14;1;1;1;NO APLICA;2
SEC05485;2;2012-01-02;13;4;PERÚ;2;EDUCADORES DE CALLE;CUSCO;CUSCO;SANTIAGO;2024-11-14;1;1;1;NO APLICA;2
SEC05486;2;2012-02-15;13;4;PERÚ;2;EDUCADORES DE CALLE;CUSCO;CUSCO;SANTIAGO;2024-11-14;1;1;1;NO APLICA;2
SEC05487;2;2024-04-19;1;2;PERÚ;2;EDUCADORES DE CALLE;CUSCO;CUSCO;SANTIAGO;2024-11-14;1;1;1;NO APLICA;2
SEC05488;2;2009-06-30;15;4;PERÚ;2;EDUCADORES DE CALLE;LAMBAYEQUE;CHICLAYO;CHICLAYO;2024-11-14;1;1;1;NO APLICA;2
SEC05489;2;2014-06-06;10;3;PERÚ;2;EDUCADORES DE CALLE;AREQUIPA;AREQUIPA;JOSE LUIS BUSTAMANTE Y RIVERO;2024-11-14;1;5;1;NO APLICA;2
SEC05490;2;2015-09-30;9;3;PERÚ;2;EDUCADORES DE CALLE;AYACUCHO;HUAMANGA;AYACUCHO;2024-11-14;1;1;1;NO APLICA;2
SEC05491;2;2016-03-16;9;3;PERÚ;2;EDUCADORES DE CALLE;LAMBAYEQUE;CHICLAYO;CHICLAYO;2024-11-14;1;1;1;NO APLICA;2
SEC05492;2;2013-11-23;11;3;PERÚ;2;EDUCADORES DE CALLE;AREQUIPA;AREQUIPA;CERRO COLORADO;2024-11-14;1;1;1;NO APLICA;2
SEC05493;1;2014-11-21;10;3;PERÚ;2;EDUCADORES DE CALLE;AREQUIPA;AREQUIPA;CERRO COLORADO;2024-11-14;1;1;1;NO APLICA;2
SEC05494;1;2017-07-03;7;3;PERÚ;2;EDUCADORES DE CALLE;PIURA;SULLANA;SULLANA;2024-11-14;1;1;1;NO APLICA;2
SEC05495;1;2017-11-07;7;3;PERÚ;2;EDUCADORES DE CALLE;AYACUCHO;HUAMANGA;AYACUCHO;2024-11-14;1;1;1;NO APLICA;2
SEC05496;1;2020-03-11;5;2;PERÚ;2;EDUCADORES DE CALLE;PIURA;SULLANA;SULLANA;2024-11-14;1;1;1;NO APLICA;2
SEC05497;1;2020-03-11;5;2;PERÚ;2;EDUCADORES DE CALLE;PIURA;SULLANA;SULLANA;2024-11-14;1;1;1;NO APLICA;2
SEC05498;2;2010-09-27;14;4;PERÚ;2;EDUCADORES DE CALLE;CUSCO;CUSCO;SANTIAGO;2024-11-15;1;1;1;NO APLICA;2
SEC05499;1;2011-02-08;14;4;PERÚ;2;EDUCADORES DE CALLE;LA LIBERTAD;TRUJILLO;TRUJILLO;2024-11-15;1;1;1;NO APLICA;2
SEC05500;2;2011-07-01;13;4;PERÚ;2;EDUCADORES DE CALLE;CUSCO;CUSCO;SANTIAGO;2024-11-15;1;1;1;NO APLICA;2
SEC05501;1;2013-01-04;12;4;PERÚ;2;EDUCADORES DE CALLE;LAMBAYEQUE;CHICLAYO;CHICLAYO;2024-11-15;1;1;1;NO APLICA;2
SEC05502;2;2014-05-23;10;3;PERÚ;2;EDUCADORES DE CALLE;APURÍMAC;ABANCAY;ABANCAY;2024-11-15;1;1;1;NO APLICA;2
SEC05503;1;2014-07-03;10;3;PERÚ;2;EDUCADORES DE CALLE;LAMBAYEQUE;CHICLAYO;CHICLAYO;2024-11-15;1;1;1;NO APLICA;2
SEC05504;2;2011-05-01;13;4;PERÚ;2;EDUCADORES DE CALLE;CUSCO;CUSCO;SANTIAGO;2024-11-15;1;1;1;NO APLICA;2
SEC05505;1;2014-07-04;10;3;PERÚ;2;EDUCADORES DE CALLE;CUSCO;CUSCO;CUSCO;2024-11-15;1;1;1;NO APLICA;2
SEC05506;1;2015-06-03;9;3;PERÚ;2;EDUCADORES DE CALLE;AREQUIPA;AREQUIPA;CERRO COLORADO;2024-11-15;1;1;1;NO APLICA;2
SEC05507;2;2018-10-24;6;3;PERÚ;2;EDUCADORES DE CALLE;AREQUIPA;AREQUIPA;CERRO COLORADO;2024-11-15;1;1;1;NO APLICA;2
SEC05508;1;2019-09-07;5;2;PERÚ;2;EDUCADORES DE CALLE;LAMBAYEQUE;CHICLAYO;CHICLAYO;2024-11-15;1;1;1;NO APLICA;2
SEC05509;2;2011-09-09;13;4;PERÚ;2;EDUCADORES DE CALLE;CUSCO;CUSCO;SANTIAGO;2024-11-16;1;1;1;NO APLICA;2
SEC05510;2;2015-02-14;10;3;PERÚ;2;EDUCADORES DE CALLE;CUSCO;CUSCO;SANTIAGO;2024-11-16;1;1;1;NO APLICA;2
SEC05511;2;2015-03-24;10;3;PERÚ;2;EDUCADORES DE CALLE;AREQUIPA;AREQUIPA;JOSE LUIS BUSTAMANTE Y RIVERO;2024-11-16;1;1;1;NO APLICA;2
SEC05512;1;2007-02-27;18;5;PERÚ;1;EDUCADORES DE CALLE;CUSCO;CUSCO;SANTIAGO;2024-11-17;1;1;2;2025-04-25;2
SEC05513;2;2009-10-22;15;4;PERÚ;2;EDUCADORES DE CALLE;CUSCO;CUSCO;SAN SEBASTIAN;2024-11-17;3;1;1;NO APLICA;2
SEC05514;2;2012-04-07;13;4;PERÚ;2;EDUCADORES DE CALLE;AREQUIPA;AREQUIPA;JOSE LUIS BUSTAMANTE Y RIVERO;2024-11-17;1;1;1;NO APLICA;2
SEC05515;1;2014-06-05;10;3;PERÚ;2;EDUCADORES DE CALLE;CUSCO;CUSCO;SANTIAGO;2024-11-17;2;1;1;NO APLICA;2
SEC05516;1;2016-02-18;9;3;PERÚ;2;EDUCADORES DE CALLE;AREQUIPA;AREQUIPA;JOSE LUIS BUSTAMANTE Y RIVERO;2024-11-17;1;1;1;NO APLICA;2
SEC05517;2;2015-05-15;9;3;PERÚ;2;EDUCADORES DE CALLE;PASCO;PASCO;YANACANCHA;2024-11-18;1;1;1;NO APLICA;2
SEC05518;1;2011-04-08;14;4;PERÚ;2;EDUCADORES DE CALLE;PASCO;PASCO;YANACANCHA;2024-11-18;1;1;1;NO APLICA;2
SEC05519;2;2012-04-11;13;4;PERÚ;2;EDUCADORES DE CALLE;PASCO;PASCO;SIMON BOLIVAR;2024-11-18;1;1;1;NO APLICA;2
SEC05520;1;2009-08-12;15;4;PERÚ;2;EDUCADORES DE CALLE;LAMBAYEQUE;CHICLAYO;CHICLAYO;2024-11-18;1;1;1;NO APLICA;2
SEC05521;1;2012-09-07;12;4;PERÚ;2;EDUCADORES DE CALLE;PASCO;PASCO;CHAUPIMARCA;2024-11-18;1;1;1;NO APLICA;2
SEC05522;1;2013-06-30;11;3;PERÚ;2;EDUCADORES DE CALLE;LAMBAYEQUE;CHICLAYO;CHICLAYO;2024-11-18;1;1;1;NO APLICA;2
SEC05523;1;2013-06-11;11;3;PERÚ;2;EDUCADORES DE CALLE;LAMBAYEQUE;CHICLAYO;CHICLAYO;2024-11-18;1;1;1;NO APLICA;2
SEC05524;2;2014-01-28;11;3;PERÚ;2;EDUCADORES DE CALLE;LAMBAYEQUE;CHICLAYO;CHICLAYO;2024-11-18;1;1;1;NO APLICA;2
SEC05525;2;2014-06-08;10;3;PERÚ;2;EDUCADORES DE CALLE;LAMBAYEQUE;CHICLAYO;CHICLAYO;2024-11-18;1;1;2;2025-01-20;2
SEC05526;1;2014-12-15;10;3;PERÚ;2;EDUCADORES DE CALLE;PIURA;SULLANA;SULLANA;2024-11-18;1;5;1;NO APLICA;2
SEC05527;2;2015-02-19;10;3;PERÚ;2;EDUCADORES DE CALLE;APURÍMAC;ABANCAY;ABANCAY;2024-11-18;1;1;1;NO APLICA;2
SEC05528;2;2015-11-19;9;3;PERÚ;2;EDUCADORES DE CALLE;PASCO;PASCO;CHAUPIMARCA;2024-11-18;1;1;1;NO APLICA;2
SEC05529;1;2016-05-11;8;3;PERÚ;2;EDUCADORES DE CALLE;AREQUIPA;AREQUIPA;AREQUIPA;2024-11-18;1;1;1;NO APLICA;2
SEC05530;1;2012-09-16;12;4;PERÚ;2;EDUCADORES DE CALLE;APURÍMAC;ABANCAY;ABANCAY;2024-11-18;1;1;1;NO APLICA;2
SEC05531;1;2015-07-30;9;3;PERÚ;2;EDUCADORES DE CALLE;LAMBAYEQUE;CHICLAYO;CHICLAYO;2024-11-18;1;1;1;NO APLICA;2
SEC05532;1;2013-06-25;11;3;PERÚ;2;EDUCADORES DE CALLE;AREQUIPA;AREQUIPA;AREQUIPA;2024-11-18;1;1;1;NO APLICA;2
SEC05533;2;2008-08-01;16;4;PERÚ;2;EDUCADORES DE CALLE;PIURA;SULLANA;SULLANA;2024-11-18;1;1;1;NO APLICA;2
SEC05534;2;2012-01-09;13;4;PERÚ;2;EDUCADORES DE CALLE;PIURA;SULLANA;SULLANA;2024-11-18;1;1;1;NO APLICA;2
SEC05535;2;2014-02-09;11;3;PERÚ;2;EDUCADORES DE CALLE;AREQUIPA;AREQUIPA;AREQUIPA;2024-11-18;1;1;1;NO APLICA;2
SEC05536;1;2017-09-11;7;3;PERÚ;2;EDUCADORES DE CALLE;AREQUIPA;AREQUIPA;AREQUIPA;2024-11-18;1;1;1;NO APLICA;2
SEC05537;2;2018-08-28;6;3;PERÚ;2;EDUCADORES DE CALLE;LAMBAYEQUE;CHICLAYO;CHICLAYO;2024-11-18;1;1;1;NO APLICA;2
SEC05538;2;2020-01-18;5;2;PERÚ;2;EDUCADORES DE CALLE;LAMBAYEQUE;CHICLAYO;CHICLAYO;2024-11-18;2;1;1;NO APLICA;2
SEC05539;1;2020-06-08;4;2;PERÚ;2;EDUCADORES DE CALLE;LAMBAYEQUE;CHICLAYO;CHICLAYO;2024-11-18;2;5;1;NO APLICA;2
SEC05540;1;2009-06-04;15;4;PERÚ;2;EDUCADORES DE CALLE;PIURA;SULLANA;SULLANA;2024-11-18;1;5;2;2025-04-01;2
SEC05541;1;2013-01-15;12;4;PERÚ;2;EDUCADORES DE CALLE;PIURA;SULLANA;SULLANA;2024-11-18;1;5;2;2025-04-01;2
SEC05542;1;2017-02-20;8;3;VENEZUELA;2;EDUCADORES DE CALLE;LIMA;LIMA;VILLA MARIA DEL TRIUNFO;2024-11-19;1;5;1;NO APLICA;2
SEC05543;1;2019-08-07;5;2;VENEZUELA;2;EDUCADORES DE CALLE;LIMA;LIMA;VILLA MARIA DEL TRIUNFO;2024-11-19;1;5;1;NO APLICA;2
SEC05544;1;2019-08-07;5;2;VENEZUELA;2;EDUCADORES DE CALLE;LIMA;LIMA;VILLA MARIA DEL TRIUNFO;2024-11-19;1;5;1;NO APLICA;2
SEC05545;1;2007-11-10;17;4;PERÚ;2;EDUCADORES DE CALLE;LIMA;LIMA;LIMA;2024-11-19;2;1;1;NO APLICA;2
SEC05546;2;2010-03-06;15;4;PERÚ;2;EDUCADORES DE CALLE;LIMA;LIMA;LIMA;2024-11-19;2;1;1;NO APLICA;2
SEC05547;1;2012-03-02;13;4;PERÚ;2;EDUCADORES DE CALLE;CUSCO;CUSCO;SANTIAGO;2024-11-19;3;1;1;NO APLICA;2
SEC05548;1;2013-08-25;11;3;PERÚ;2;EDUCADORES DE CALLE;LIMA;LIMA;PUENTE PIEDRA;2024-11-19;1;1;1;NO APLICA;2
SEC05549;2;2014-02-15;11;3;PERÚ;2;EDUCADORES DE CALLE;APURÍMAC;ABANCAY;ABANCAY;2024-11-19;1;1;1;NO APLICA;2
SEC05550;1;2015-01-06;10;3;PERÚ;1;EDUCADORES DE CALLE;CUSCO;CUSCO;SAN JERONIMO;2024-11-19;1;1;1;NO APLICA;2
SEC05551;1;2015-04-16;10;3;PERÚ;2;EDUCADORES DE CALLE;LIMA;LIMA;PUENTE PIEDRA;2024-11-19;1;1;1;NO APLICA;2
SEC05552;2;2015-07-01;9;3;PERÚ;2;EDUCADORES DE CALLE;LIMA;LIMA;PUENTE PIEDRA;2024-11-19;1;5;1;NO APLICA;2
SEC05553;1;2015-08-21;9;3;PERÚ;2;EDUCADORES DE CALLE;APURÍMAC;ABANCAY;ABANCAY;2024-11-19;1;1;1;NO APLICA;2
SEC05554;1;2016-03-11;9;3;PERÚ;2;EDUCADORES DE CALLE;LIMA;LIMA;PUENTE PIEDRA;2024-11-19;1;1;1;NO APLICA;2
SEC05555;1;2015-02-06;10;3;PERÚ;2;EDUCADORES DE CALLE;LIMA;LIMA;LIMA;2024-11-19;2;1;1;NO APLICA;2
SEC05556;1;2016-09-02;8;3;PERÚ;2;EDUCADORES DE CALLE;APURÍMAC;ABANCAY;ABANCAY;2024-11-19;1;1;1;NO APLICA;2
SEC05557;2;2016-10-30;8;3;PERÚ;2;EDUCADORES DE CALLE;LIMA;LIMA;LIMA;2024-11-19;2;1;1;NO APLICA;2
SEC05558;2;2013-12-11;11;3;PERÚ;2;EDUCADORES DE CALLE;LIMA;LIMA;VILLA MARIA DEL TRIUNFO;2024-11-19;1;1;1;NO APLICA;2
SEC05559;2;2013-02-02;12;4;PERÚ;2;EDUCADORES DE CALLE;APURÍMAC;ABANCAY;ABANCAY;2024-11-19;1;1;1;NO APLICA;2
SEC05560;1;2011-06-06;13;4;PERÚ;2;EDUCADORES DE CALLE;CUSCO;CUSCO;CUSCO;2024-11-19;3;1;1;NO APLICA;2
SEC05561;1;2017-09-28;7;3;PERÚ;2;EDUCADORES DE CALLE;PUNO;PUNO;PUNO;2024-11-19;1;1;1;NO APLICA;2
SEC05562;1;2018-01-06;7;3;PERÚ;2;EDUCADORES DE CALLE;HUANCAVELICA;HUANCAVELICA;HUANCAVELICA;2024-11-19;1;1;1;NO APLICA;2
SEC05563;1;2019-03-19;6;3;PERÚ;2;EDUCADORES DE CALLE;PUNO;PUNO;PUNO;2024-11-19;1;1;1;NO APLICA;2
SEC05564;1;2020-02-28;5;2;PERÚ;2;EDUCADORES DE CALLE;LIMA;LIMA;SURQUILLO;2024-11-19;2;1;1;NO APLICA;2
SEC05565;2;2020-11-11;4;2;PERÚ;2;EDUCADORES DE CALLE;LIMA;LIMA;LIMA;2024-11-19;2;1;1;NO APLICA;2
SEC05566;2;2010-01-31;15;4;PERÚ;2;EDUCADORES DE CALLE;JUNÍN;HUANCAYO;HUANCAYO;2024-11-20;1;1;1;NO APLICA;2
SEC05567;2;2011-07-29;13;4;PERÚ;2;EDUCADORES DE CALLE;JUNÍN;HUANCAYO;HUANCAYO;2024-11-20;1;1;1;NO APLICA;2
SEC05568;2;2011-07-10;13;4;PERÚ;2;EDUCADORES DE CALLE;LA LIBERTAD;TRUJILLO;TRUJILLO;2024-11-20;1;1;1;NO APLICA;2
SEC05569;1;2009-07-27;15;4;PERÚ;1;EDUCADORES DE CALLE;HUANCAVELICA;HUANCAVELICA;HUANCAVELICA;2024-11-20;1;1;2;2025-03-26;2
SEC05570;1;2013-11-07;11;3;PERÚ;2;EDUCADORES DE CALLE;LA LIBERTAD;TRUJILLO;TRUJILLO;2024-11-20;1;1;1;NO APLICA;2
SEC05571;1;2015-09-23;9;3;PERÚ;2;EDUCADORES DE CALLE;APURÍMAC;ABANCAY;ABANCAY;2024-11-20;1;1;1;NO APLICA;2
SEC05572;1;2015-11-19;9;3;PERÚ;2;EDUCADORES DE CALLE;JUNÍN;HUANCAYO;HUANCAYO;2024-11-20;1;1;1;NO APLICA;2
SEC05573;2;2016-07-20;8;3;PERÚ;2;EDUCADORES DE CALLE;HUANCAVELICA;HUANCAVELICA;HUANCAVELICA;2024-11-20;1;1;1;NO APLICA;2
SEC05574;1;2016-11-16;8;3;PERÚ;2;EDUCADORES DE CALLE;HUANCAVELICA;HUANCAVELICA;HUANCAVELICA;2024-11-20;1;1;1;NO APLICA;2
SEC05575;1;2016-11-29;8;3;PERÚ;2;EDUCADORES DE CALLE;LA LIBERTAD;TRUJILLO;TRUJILLO;2024-11-20;1;1;1;NO APLICA;2
SEC05576;2;2013-08-18;11;3;PERÚ;2;EDUCADORES DE CALLE;JUNÍN;HUANCAYO;HUANCAYO;2024-11-20;1;1;1;NO APLICA;2
SEC05577;2;2018-06-01;6;3;PERÚ;2;EDUCADORES DE CALLE;JUNÍN;HUANCAYO;HUANCAYO;2024-11-20;1;1;1;NO APLICA;2
SEC05578;1;2012-09-18;12;4;PERÚ;2;EDUCADORES DE CALLE;HUANCAVELICA;HUANCAVELICA;HUANCAVELICA;2024-11-21;1;1;2;2025-03-26;2
SEC05579;1;2015-04-23;10;3;PERÚ;2;EDUCADORES DE CALLE;HUANCAVELICA;HUANCAVELICA;HUANCAVELICA;2024-11-21;1;1;1;NO APLICA;2
SEC05580;1;2016-05-21;8;3;PERÚ;2;EDUCADORES DE CALLE;HUANCAVELICA;HUANCAVELICA;HUANCAVELICA;2024-11-21;1;1;1;NO APLICA;2
SEC05581;2;2015-12-10;9;3;PERÚ;2;EDUCADORES DE CALLE;HUÁNUCO;HUÁNUCO;AMARILIS;2024-11-21;1;1;1;NO APLICA;1
SEC05582;2;2017-05-08;7;3;PERÚ;2;EDUCADORES DE CALLE;HUANCAVELICA;HUANCAVELICA;HUANCAVELICA;2024-11-21;1;2;1;NO APLICA;2
SEC05583;2;2017-05-29;7;3;PERÚ;2;EDUCADORES DE CALLE;HUÁNUCO;HUÁNUCO;AMARILIS;2024-11-21;1;1;1;NO APLICA;1
SEC05584;2;2008-02-27;17;4;PERÚ;2;EDUCADORES DE CALLE;ICA;CHINCHA;CHINCHA ALTA;2024-11-22;1;1;1;NO APLICA;2
SEC05585;1;2010-01-10;15;4;PERÚ;2;EDUCADORES DE CALLE;ICA;CHINCHA;CHINCHA ALTA;2024-11-22;1;1;1;NO APLICA;2
SEC05586;2;2010-06-27;14;4;PERÚ;2;EDUCADORES DE CALLE;ICA;CHINCHA;CHINCHA ALTA;2024-11-22;1;1;1;NO APLICA;2
SEC05587;2;2011-12-04;13;4;PERÚ;2;EDUCADORES DE CALLE;ICA;CHINCHA;CHINCHA ALTA;2024-11-22;1;1;1;NO APLICA;2
SEC05588;2;2014-01-22;11;3;PERÚ;2;EDUCADORES DE CALLE;ICA;CHINCHA;CHINCHA ALTA;2024-11-22;1;1;1;NO APLICA;2
SEC05589;1;2013-05-28;11;3;PERÚ;2;EDUCADORES DE CALLE;ICA;CHINCHA;CHINCHA ALTA;2024-11-22;1;2;1;NO APLICA;2
SEC05590;2;2015-08-16;9;3;PERÚ;2;EDUCADORES DE CALLE;ICA;ICA;ICA;2024-11-22;1;1;1;NO APLICA;2
SEC05591;2;2016-01-08;9;3;PERÚ;2;EDUCADORES DE CALLE;ICA;CHINCHA;CHINCHA ALTA;2024-11-22;1;1;1;NO APLICA;2
SEC05592;2;2013-04-28;12;4;PERÚ;2;EDUCADORES DE CALLE;ICA;ICA;ICA;2024-11-22;1;1;1;NO APLICA;2
SEC05593;1;2013-06-14;11;3;PERÚ;2;EDUCADORES DE CALLE;ICA;CHINCHA;CHINCHA ALTA;2024-11-22;1;1;1;NO APLICA;2
SEC05594;1;2013-09-10;11;3;PERÚ;2;EDUCADORES DE CALLE;ICA;CHINCHA;CHINCHA ALTA;2024-11-22;1;1;1;NO APLICA;2
SEC05595;2;2014-05-31;10;3;PERÚ;2;EDUCADORES DE CALLE;ICA;ICA;ICA;2024-11-22;1;1;1;NO APLICA;2
SEC05596;1;2017-03-13;8;3;PERÚ;2;EDUCADORES DE CALLE;ICA;CHINCHA;CHINCHA ALTA;2024-11-22;1;2;1;NO APLICA;2
SEC05597;2;2008-04-15;17;4;PERÚ;2;EDUCADORES DE CALLE;LIMA;LIMA;COMAS;2024-11-25;3;1;1;NO APLICA;2
SEC05598;1;2014-05-08;10;3;PERÚ;2;EDUCADORES DE CALLE;JUNÍN;HUANCAYO;HUANCAYO;2024-11-30;1;1;1;NO APLICA;2
SEC05599;2;2015-08-12;9;3;PERÚ;2;EDUCADORES DE CALLE;JUNÍN;HUANCAYO;HUANCAYO;2024-11-30;1;1;1;NO APLICA;2
SEC05600;1;2016-09-06;8;3;PERÚ;2;EDUCADORES DE CALLE;JUNÍN;HUANCAYO;HUANCAYO;2024-11-30;1;1;1;NO APLICA;2
SEC05601;2;2018-06-05;6;3;PERÚ;2;EDUCADORES DE CALLE;JUNÍN;HUANCAYO;HUANCAYO;2024-11-30;1;1;1;NO APLICA;2
SEC05602;1;2017-10-22;7;3;PERÚ;2;EDUCADORES DE CALLE;JUNÍN;HUANCAYO;HUANCAYO;2024-11-30;1;1;1;NO APLICA;2
SEC05603;2;2018-11-28;6;3;PERÚ;2;EDUCADORES DE CALLE;JUNÍN;HUANCAYO;HUANCAYO;2024-11-30;1;1;1;NO APLICA;2
SEC05604;1;2015-07-24;9;3;PERÚ;2;EDUCADORES DE CALLE;LIMA;HUARAL;HUARAL;2024-12-01;1;1;1;NO APLICA;2
SEC05605;1;2010-03-22;15;4;PERÚ;2;EDUCADORES DE CALLE;LA LIBERTAD;TRUJILLO;TRUJILLO;2024-12-02;1;1;1;NO APLICA;2
SEC05606;2;2014-01-22;11;3;PERÚ;2;EDUCADORES DE CALLE;LIMA;HUARAL;CHANCAY;2024-12-03;1;1;1;NO APLICA;2
SEC05607;2;2014-10-06;10;3;PERÚ;2;EDUCADORES DE CALLE;LIMA;HUARAL;CHANCAY;2024-12-03;1;1;1;NO APLICA;2
SEC05608;2;2015-07-05;9;3;PERÚ;2;EDUCADORES DE CALLE;LIMA;HUARAL;HUARAL;2024-12-03;1;1;1;NO APLICA;2
SEC05609;2;2015-11-13;9;3;PERÚ;2;EDUCADORES DE CALLE;LIMA;LIMA;CHORRILLOS;2024-12-03;1;1;1;NO APLICA;2
SEC05610;1;2018-12-23;6;3;PERÚ;2;EDUCADORES DE CALLE;LIMA;LIMA;CHORRILLOS;2024-12-03;1;1;1;NO APLICA;2
SEC05611;2;2019-03-26;6;3;PERÚ;2;EDUCADORES DE CALLE;LIMA;HUARAL;HUARAL;2024-12-03;1;1;1;NO APLICA;2
SEC05612;2;2023-02-04;2;2;PERÚ;2;EDUCADORES DE CALLE;LIMA;LIMA;CHORRILLOS;2024-12-03;2;1;1;NO APLICA;2
SEC05613;2;2014-10-08;10;3;PERÚ;2;EDUCADORES DE CALLE;AYACUCHO;HUAMANGA;AYACUCHO;2024-12-04;1;1;2;2025-04-23;2
SEC05614;1;2014-10-08;10;3;PERÚ;2;EDUCADORES DE CALLE;AYACUCHO;HUAMANGA;AYACUCHO;2024-12-04;1;1;2;2025-04-23;2
SEC05615;1;2014-10-08;10;3;PERÚ;2;EDUCADORES DE CALLE;AYACUCHO;HUAMANGA;AYACUCHO;2024-12-04;1;1;1;NO APLICA;2
SEC05616;1;2014-08-10;10;3;PERÚ;2;EDUCADORES DE CALLE;CUSCO;CUSCO;SANTIAGO;2024-12-04;1;1;1;NO APLICA;2
SEC05617;2;2010-03-19;15;4;PERÚ;2;EDUCADORES DE CALLE;AREQUIPA;AREQUIPA;JOSE LUIS BUSTAMANTE Y RIVERO;2024-12-05;1;1;1;NO APLICA;2
SEC05618;1;2010-04-17;15;4;PERÚ;2;EDUCADORES DE CALLE;LIMA;LIMA;ATE;2024-12-05;3;1;1;NO APLICA;2
SEC05619;1;2012-06-05;12;4;PERÚ;2;EDUCADORES DE CALLE;LIMA;HUARAL;CHANCAY;2024-12-05;1;1;1;NO APLICA;2
SEC05620;1;2014-02-19;11;3;PERÚ;2;EDUCADORES DE CALLE;LIMA;HUARAL;CHANCAY;2024-12-05;1;1;1;NO APLICA;2
SEC05621;1;2017-12-29;7;3;PERÚ;2;EDUCADORES DE CALLE;LIMA;HUARAL;CHANCAY;2024-12-05;1;1;1;NO APLICA;2
SEC05622;2;2014-08-09;10;3;PERÚ;2;EDUCADORES DE CALLE;AYACUCHO;HUAMANGA;AYACUCHO;2024-12-06;1;1;1;NO APLICA;2
SEC05623;2;2010-12-19;14;4;PERÚ;2;EDUCADORES DE CALLE;AREQUIPA;AREQUIPA;CERRO COLORADO;2024-12-07;1;1;1;NO APLICA;2
SEC05624;2;2015-05-11;9;3;PERÚ;2;EDUCADORES DE CALLE;AREQUIPA;AREQUIPA;CERRO COLORADO;2024-12-07;1;1;1;NO APLICA;2
SEC05625;1;2016-02-08;9;3;PERÚ;2;EDUCADORES DE CALLE;AREQUIPA;AREQUIPA;JOSE LUIS BUSTAMANTE Y RIVERO;2024-12-07;1;1;1;NO APLICA;2
SEC05626;1;2014-05-10;10;3;PERÚ;2;EDUCADORES DE CALLE;AREQUIPA;AREQUIPA;CERRO COLORADO;2024-12-09;1;1;1;NO APLICA;2
SEC05627;1;2009-05-25;15;4;PERÚ;2;EDUCADORES DE CALLE;TACNA;TACNA;TACNA;2024-12-10;1;1;1;NO APLICA;2
SEC05628;1;2010-04-09;15;4;PERÚ;2;EDUCADORES DE CALLE;LIMA;LIMA;ATE;2024-12-10;3;1;1;NO APLICA;2
SEC05629;1;2012-12-25;12;4;PERÚ;2;EDUCADORES DE CALLE;LIMA;LIMA;ATE;2024-12-10;3;1;1;NO APLICA;2
SEC05630;1;2008-04-27;17;4;PERÚ;2;EDUCADORES DE CALLE;LIMA;LIMA;SAN JUAN DE LURIGANCHO;2024-12-10;1;1;1;NO APLICA;2
SEC05631;1;2011-12-27;13;4;PERÚ;2;EDUCADORES DE CALLE;LIMA;LIMA;SAN JUAN DE LURIGANCHO;2024-12-10;1;1;1;NO APLICA;2
SEC05632;1;2014-04-29;11;3;PERÚ;2;EDUCADORES DE CALLE;TACNA;TACNA;TACNA;2024-12-10;1;1;1;NO APLICA;2
SEC05633;1;2018-08-24;6;3;PERÚ;2;EDUCADORES DE CALLE;LIMA;HUARAL;CHANCAY;2024-12-10;1;1;1;NO APLICA;2
SEC05634;2;2008-11-20;16;4;PERÚ;2;EDUCADORES DE CALLE;AREQUIPA;AREQUIPA;CERRO COLORADO;2024-12-11;1;1;1;NO APLICA;2
SEC05635;1;2010-10-11;14;4;PERÚ;2;EDUCADORES DE CALLE;AYACUCHO;Huamanga;SAN JUAN BAUTISTA;2024-12-11;1;1;1;NO APLICA;2
SEC05636;2;2010-09-24;14;4;PERÚ;2;EDUCADORES DE CALLE;AREQUIPA;AREQUIPA;CERRO COLORADO;2024-12-11;1;1;1;NO APLICA;2
SEC05637;1;2012-02-02;13;4;PERÚ;2;EDUCADORES DE CALLE;CUSCO;CUSCO;CUSCO;2024-12-11;1;1;1;NO APLICA;2
SEC05638;1;2011-04-14;14;4;PERÚ;2;EDUCADORES DE CALLE;AYACUCHO;Huamanga;SAN JUAN BAUTISTA;2024-12-11;1;1;1;NO APLICA;2
SEC05639;1;2013-05-13;11;3;PERÚ;2;EDUCADORES DE CALLE;LIMA;HUARAL;HUARAL;2024-12-11;1;1;1;NO APLICA;2
SEC05640;2;2013-06-23;11;3;PERÚ;2;EDUCADORES DE CALLE;AYACUCHO;Huamanga;SAN JUAN BAUTISTA;2024-12-11;1;1;1;NO APLICA;2
SEC05641;1;2013-11-07;11;3;PERÚ;2;EDUCADORES DE CALLE;CUSCO;CUSCO;CUSCO;2024-12-11;1;1;1;NO APLICA;2
SEC05642;1;2013-05-22;11;3;PERÚ;2;EDUCADORES DE CALLE;LIMA;LIMA;SAN JUAN DE LURIGANCHO;2024-12-11;1;1;1;NO APLICA;2
SEC05643;2;2015-01-19;10;3;PERÚ;2;EDUCADORES DE CALLE;CUSCO;CUSCO;CUSCO;2024-12-11;1;1;1;NO APLICA;2
SEC05644;1;2015-02-22;10;3;PERÚ;2;EDUCADORES DE CALLE;AYACUCHO;Huamanga;SAN JUAN BAUTISTA;2024-12-11;1;1;1;NO APLICA;2
SEC05645;1;2015-12-24;9;3;PERÚ;2;EDUCADORES DE CALLE;LIMA;HUARAL;HUARAL;2024-12-11;1;1;1;NO APLICA;2
SEC05646;1;2016-04-04;9;3;PERÚ;2;EDUCADORES DE CALLE;HUANCAVELICA;HUANCAVELICA;HUANCAVELICA;2024-12-11;1;1;1;NO APLICA;2
SEC05647;2;2016-09-01;8;3;PERÚ;2;EDUCADORES DE CALLE;CUSCO;CUSCO;CUSCO;2024-12-11;1;1;1;NO APLICA;2
SEC05648;2;2021-07-09;3;2;PERÚ;2;EDUCADORES DE CALLE;LIMA;LIMA;SAN JUAN DE LURIGANCHO;2024-12-11;2;1;1;NO APLICA;2
SEC05649;1;2009-02-28;16;4;PERÚ;2;EDUCADORES DE CALLE;MOQUEGUA;MARISCAL NIETO;MOQUEGUA;2024-12-12;1;1;1;NO APLICA;2
SEC05650;1;2009-02-15;16;4;PERÚ;2;EDUCADORES DE CALLE;CUSCO;CUSCO;CUSCO;2024-12-12;3;2;1;NO APLICA;2
SEC05651;1;2009-03-12;16;4;PERÚ;2;EDUCADORES DE CALLE;LIMA;HUARAL;HUARAL;2024-12-12;1;1;1;NO APLICA;2
SEC05652;1;2014-04-27;11;3;PERÚ;2;EDUCADORES DE CALLE;MOQUEGUA;MARISCAL NIETO;MOQUEGUA;2024-12-12;1;1;1;NO APLICA;2
SEC05653;2;2013-07-12;11;3;PERÚ;2;EDUCADORES DE CALLE;LIMA;LIMA;CHORRILLOS;2024-12-12;1;1;1;NO APLICA;2
SEC05654;2;2014-04-27;11;3;PERÚ;2;EDUCADORES DE CALLE;LIMA;LIMA;SAN JUAN DE LURIGANCHO;2024-12-12;2;1;1;NO APLICA;2
SEC05655;1;2016-02-03;9;3;PERÚ;2;EDUCADORES DE CALLE;AREQUIPA;AREQUIPA;JOSE LUIS BUSTAMANTE Y RIVERO;2024-12-12;1;1;1;NO APLICA;2
SEC05656;2;2014-05-27;10;3;PERÚ;2;EDUCADORES DE CALLE;LIMA;LIMA;LIMA;2024-12-12;1;2;1;NO APLICA;2
SEC05657;1;2018-07-08;6;3;PERÚ;2;EDUCADORES DE CALLE;LIMA;LIMA;LIMA;2024-12-12;1;1;1;NO APLICA;2
SEC05658;1;2019-10-05;5;2;PERÚ;1;EDUCADORES DE CALLE;LIMA;LIMA;LIMA;2024-12-12;2;1;1;NO APLICA;2
SEC05659;2;2019-07-14;5;2;PERÚ;2;EDUCADORES DE CALLE;LIMA;LIMA;SAN JUAN DE LURIGANCHO;2024-12-12;2;1;1;NO APLICA;2
SEC05660;2;2021-05-31;3;2;PERÚ;2;EDUCADORES DE CALLE;LIMA;LIMA;LIMA;2024-12-12;2;1;1;NO APLICA;2
SEC05661;1;2009-05-20;15;4;PERÚ;2;EDUCADORES DE CALLE;LIMA;HUARAL;CHANCAY;2024-12-13;1;1;1;NO APLICA;2
SEC05662;2;2010-10-18;14;4;PERÚ;2;EDUCADORES DE CALLE;LIMA;HUARAL;CHANCAY;2024-12-13;1;1;1;NO APLICA;2
SEC05663;2;2011-11-18;13;4;PERÚ;2;EDUCADORES DE CALLE;AREQUIPA;AREQUIPA;JOSE LUIS BUSTAMANTE Y RIVERO;2024-12-13;1;2;1;NO APLICA;2
SEC05664;1;2012-10-08;12;4;PERÚ;2;EDUCADORES DE CALLE;AREQUIPA;AREQUIPA;CERRO COLORADO;2024-12-13;1;1;1;NO APLICA;2
SEC05665;2;2012-04-20;13;4;PERÚ;2;EDUCADORES DE CALLE;LIMA;HUARAL;CHANCAY;2024-12-13;1;1;1;NO APLICA;2
SEC05666;1;2012-11-04;12;4;PERÚ;2;EDUCADORES DE CALLE;CUSCO;CUSCO;CUSCO;2024-12-13;1;1;1;NO APLICA;2
SEC05667;2;2013-12-29;11;3;PERÚ;2;EDUCADORES DE CALLE;CUSCO;CUSCO;CUSCO;2024-12-13;1;1;1;NO APLICA;2
SEC05668;1;2015-02-24;10;3;PERÚ;2;EDUCADORES DE CALLE;AREQUIPA;AREQUIPA;JOSE LUIS BUSTAMANTE Y RIVERO;2024-12-13;1;1;1;NO APLICA;2
SEC05669;1;2015-03-12;10;3;PERÚ;2;EDUCADORES DE CALLE;LA LIBERTAD;TRUJILLO;TRUJILLO;2024-12-13;1;2;1;NO APLICA;2
SEC05670;1;2017-06-11;7;3;PERÚ;2;EDUCADORES DE CALLE;LA LIBERTAD;TRUJILLO;TRUJILLO;2024-12-13;1;1;2;2025-05-03;2
SEC05671;1;2017-01-27;8;3;PERÚ;2;EDUCADORES DE CALLE;AYACUCHO;Huamanga;SAN JUAN BAUTISTA;2024-12-13;1;1;1;NO APLICA;2
SEC05672;2;2017-06-15;7;3;PERÚ;2;EDUCADORES DE CALLE;CUSCO;CUSCO;CUSCO;2024-12-13;1;1;1;NO APLICA;2
SEC05673;1;2023-02-23;2;2;PERÚ;2;EDUCADORES DE CALLE;LIMA;LIMA;LIMA;2024-12-13;2;1;1;NO APLICA;2
SEC05674;1;2017-08-24;7;3;PERÚ;2;EDUCADORES DE CALLE;LIMA;LIMA;LIMA;2024-12-13;1;1;1;NO APLICA;2
SEC05675;2;2018-08-12;6;3;PERÚ;2;EDUCADORES DE CALLE;CUSCO;CUSCO;CUSCO;2024-12-13;1;1;1;NO APLICA;2
SEC05676;1;2009-02-12;16;4;PERÚ;1;EDUCADORES DE CALLE;LIMA;HUARAL;CHANCAY;2024-12-14;1;1;1;NO APLICA;2
SEC05677;2;2012-03-21;13;4;PERÚ;2;EDUCADORES DE CALLE;CUSCO;CUSCO;SAN JERONIMO;2024-12-14;1;1;1;NO APLICA;2
SEC05678;2;2013-03-05;12;4;PERÚ;2;EDUCADORES DE CALLE;CUSCO;CUSCO;SAN JERONIMO;2024-12-14;1;1;1;NO APLICA;2
SEC05679;1;2011-02-17;14;4;PERÚ;2;EDUCADORES DE CALLE;CUSCO;CUSCO;CUSCO;2024-12-14;1;1;1;NO APLICA;2
SEC05680;1;2014-02-16;11;3;PERÚ;2;EDUCADORES DE CALLE;CUSCO;CUSCO;SAN JERONIMO;2024-12-14;1;1;1;NO APLICA;2
SEC05681;2;2015-05-14;9;3;PERÚ;2;EDUCADORES DE CALLE;CUSCO;CUSCO;SAN JERONIMO;2024-12-14;1;1;1;NO APLICA;2
SEC05682;1;2017-06-06;7;3;PERÚ;2;EDUCADORES DE CALLE;CUSCO;CUSCO;SAN JERONIMO;2024-12-14;1;1;1;NO APLICA;2
SEC05683;1;2010-09-29;14;4;PERÚ;2;EDUCADORES DE CALLE;CUSCO;CUSCO;CUSCO;2024-12-15;1;1;1;NO APLICA;2
SEC05684;1;2014-01-27;11;3;PERÚ;2;EDUCADORES DE CALLE;LIMA;HUARAL;CHANCAY;2024-12-15;1;1;1;NO APLICA;2
SEC05685;1;2007-12-12;17;4;PERÚ;2;EDUCADORES DE CALLE;ICA;CHINCHA;CHINCHA ALTA;2024-12-16;1;1;1;NO APLICA;2
SEC05686;1;2009-10-17;15;4;PERÚ;2;EDUCADORES DE CALLE;CUSCO;CUSCO;CUSCO;2024-12-16;1;1;1;NO APLICA;2
SEC05687;2;2011-12-16;13;4;PERÚ;2;EDUCADORES DE CALLE;AYACUCHO;HUAMANGA;AYACUCHO;2024-12-16;1;1;1;NO APLICA;2
SEC05688;1;2013-10-02;11;3;PERÚ;2;EDUCADORES DE CALLE;AYACUCHO;HUAMANGA;AYACUCHO;2024-12-16;1;1;1;NO APLICA;2
SEC05689;1;2013-07-24;11;3;PERÚ;2;EDUCADORES DE CALLE;CUSCO;CUSCO;CUSCO;2024-12-16;1;1;1;NO APLICA;2
SEC05690;1;2010-08-15;14;4;PERÚ;2;EDUCADORES DE CALLE;CUSCO;CUSCO;CUSCO;2024-12-16;2;1;1;NO APLICA;2
SEC05691;1;2014-12-20;10;3;PERÚ;2;EDUCADORES DE CALLE;AREQUIPA;AREQUIPA;AREQUIPA;2024-12-16;1;1;1;NO APLICA;2
SEC05692;2;2016-01-23;9;3;PERÚ;2;EDUCADORES DE CALLE;AYACUCHO;HUAMANGA;AYACUCHO;2024-12-16;1;1;1;NO APLICA;2
SEC05693;2;2013-06-01;11;3;PERÚ;2;EDUCADORES DE CALLE;JUNÍN;HUANCAYO;HUANCAYO;2024-12-16;1;1;1;NO APLICA;2
SEC05694;2;2014-03-24;11;3;PERÚ;2;EDUCADORES DE CALLE;AYACUCHO;HUAMANGA;AYACUCHO;2024-12-16;1;1;1;NO APLICA;2
SEC05695;2;2017-07-23;7;3;PERÚ;2;EDUCADORES DE CALLE;JUNÍN;HUANCAYO;HUANCAYO;2024-12-16;1;1;1;NO APLICA;2
SEC05696;1;2018-08-16;6;3;PERÚ;2;EDUCADORES DE CALLE;ICA;ICA;ICA;2024-12-16;1;1;1;NO APLICA;2
SEC05697;2;2019-04-04;6;3;PERÚ;2;EDUCADORES DE CALLE;JUNÍN;HUANCAYO;HUANCAYO;2024-12-16;1;1;1;NO APLICA;2
SEC05698;2;2015-12-21;9;3;PERÚ;2;EDUCADORES DE CALLE;JUNÍN;HUANCAYO;HUANCAYO;2024-12-16;1;1;1;NO APLICA;2
SEC05699;1;2010-09-09;14;4;PERÚ;2;EDUCADORES DE CALLE;LIMA;LIMA;ATE;2024-12-17;1;1;1;NO APLICA;2
SEC05700;2;2011-04-22;14;4;PERÚ;2;EDUCADORES DE CALLE;LIMA;LIMA;ATE;2024-12-17;3;1;1;NO APLICA;2
SEC05701;2;2015-07-01;9;3;PERÚ;2;EDUCADORES DE CALLE;LIMA;LIMA;ATE;2024-12-17;1;1;1;NO APLICA;2
SEC05702;1;2017-03-27;8;3;PERÚ;1;EDUCADORES DE CALLE;LIMA;LIMA;CHORRILLOS;2024-12-17;1;1;1;NO APLICA;2
SEC05703;1;2019-06-04;5;2;PERÚ;2;EDUCADORES DE CALLE;LIMA;LIMA;CHORRILLOS;2024-12-17;1;1;1;NO APLICA;2
SEC05704;1;2013-02-19;12;4;VENEZUELA;2;EDUCADORES DE CALLE;MOQUEGUA;MARISCAL NIETO;MOQUEGUA;2024-12-18;1;5;1;NO APLICA;2
SEC05705;2;2009-03-13;16;4;PERÚ;2;EDUCADORES DE CALLE;PASCO;PASCO;YANACANCHA;2024-12-18;1;1;1;NO APLICA;2
SEC05706;1;2008-12-08;16;4;PERÚ;2;EDUCADORES DE CALLE;LA LIBERTAD;TRUJILLO;TRUJILLO;2024-12-18;1;1;1;NO APLICA;2
SEC05707;1;2010-12-13;14;4;PERÚ;2;EDUCADORES DE CALLE;PASCO;PASCO;YANACANCHA;2024-12-18;1;1;1;NO APLICA;2
SEC05708;2;2011-08-19;13;4;PERÚ;2;EDUCADORES DE CALLE;LA LIBERTAD;TRUJILLO;TRUJILLO;2024-12-18;1;1;1;NO APLICA;2
SEC05709;1;2012-03-09;13;4;PERÚ;2;EDUCADORES DE CALLE;LA LIBERTAD;TRUJILLO;TRUJILLO;2024-12-18;1;1;1;NO APLICA;2
SEC05710;1;2010-03-20;15;4;PERÚ;2;EDUCADORES DE CALLE;AREQUIPA;AREQUIPA;JOSE LUIS BUSTAMANTE Y RIVERO;2024-12-18;1;1;1;NO APLICA;1
SEC05711;1;2014-12-31;10;3;PERÚ;2;EDUCADORES DE CALLE;HUANCAVELICA;HUANCAVELICA;ACORIA;2024-12-18;1;1;1;NO APLICA;2
SEC05712;2;2016-03-06;9;3;PERÚ;2;EDUCADORES DE CALLE;MOQUEGUA;ILO;ILO;2024-12-18;1;1;1;NO APLICA;2
SEC05713;2;2016-07-11;8;3;PERÚ;2;EDUCADORES DE CALLE;PASCO;PASCO;YANACANCHA;2024-12-18;1;1;1;NO APLICA;2
SEC05714;2;2014-01-17;11;3;PERÚ;2;EDUCADORES DE CALLE;HUANCAVELICA;HUANCAVELICA;ACORIA;2024-12-18;1;1;1;NO APLICA;2
SEC05715;1;2018-01-18;7;3;PERÚ;2;EDUCADORES DE CALLE;MOQUEGUA;ILO;ILO;2024-12-18;1;1;1;NO APLICA;2
SEC05716;2;2020-03-03;5;2;PERÚ;2;EDUCADORES DE CALLE;PASCO;PASCO;YANACANCHA;2024-12-18;2;1;1;NO APLICA;2
SEC05717;2;2007-09-17;17;4;PERÚ;2;EDUCADORES DE CALLE;LIMA;LIMA;LA VICTORIA;2024-12-19;1;5;1;NO APLICA;2
SEC05718;1;2013-05-17;11;3;PERÚ;2;EDUCADORES DE CALLE;MOQUEGUA;MARISCAL NIETO;MOQUEGUA;2024-12-19;1;1;1;NO APLICA;2
SEC05719;1;2013-05-17;11;3;PERÚ;2;EDUCADORES DE CALLE;MOQUEGUA;MARISCAL NIETO;MOQUEGUA;2024-12-19;1;1;1;NO APLICA;2
SEC05720;2;2019-01-13;6;3;PERÚ;2;EDUCADORES DE CALLE;LIMA;LIMA;LA VICTORIA;2024-12-19;2;5;1;NO APLICA;2
SEC05721;1;2008-08-09;16;4;PERÚ;2;EDUCADORES DE CALLE;LIMA;LIMA;SAN JUAN DE LURIGANCHO;2024-12-20;3;1;1;NO APLICA;2
SEC05722;1;2011-09-21;13;4;PERÚ;2;EDUCADORES DE CALLE;JUNÍN;HUANCAYO;HUANCAYO;2024-12-31;1;1;1;NO APLICA;2
SEC05723;2;2013-05-24;11;3;PERÚ;2;EDUCADORES DE CALLE;JUNÍN;HUANCAYO;HUANCAYO;2024-12-31;1;1;1;NO APLICA;2
SEC05724;1;2014-01-05;11;3;PERÚ;2;EDUCADORES DE CALLE;JUNÍN;HUANCAYO;HUANCAYO;2024-12-31;1;1;1;NO APLICA;2
SEC05725;1;2014-04-06;11;3;PERÚ;2;EDUCADORES DE CALLE;JUNÍN;HUANCAYO;HUANCAYO;2024-12-31;1;1;1;NO APLICA;2
SEC05726;1;2016-02-24;9;3;PERÚ;2;EDUCADORES DE CALLE;JUNÍN;HUANCAYO;HUANCAYO;2024-12-31;1;1;1;NO APLICA;2
SEC05727;2;2011-04-11;14;4;PERÚ;2;EDUCADORES DE CALLE;AREQUIPA;AREQUIPA;MIRAFLORES;2025-01-02;1;1;1;NO APLICA;2
SEC05728;2;2008-10-13;16;4;PERÚ;2;EDUCADORES DE CALLE;LIMA;LIMA;PUCUSANA;2025-01-02;3;1;1;NO APLICA;2
SEC05729;2;2008-10-18;16;4;PERÚ;2;EDUCADORES DE CALLE;AREQUIPA;AREQUIPA;MIRAFLORES;2025-01-02;1;1;1;NO APLICA;2
SEC05730;1;2010-07-30;14;4;PERÚ;2;EDUCADORES DE CALLE;LIMA;LIMA;VILLA EL SALVADOR;2025-01-02;3;1;1;NO APLICA;2
SEC05731;2;2012-04-29;13;4;PERÚ;2;EDUCADORES DE CALLE;LIMA;LIMA;COMAS;2025-01-02;1;1;1;NO APLICA;2
SEC05732;1;2014-11-27;10;3;PERÚ;2;EDUCADORES DE CALLE;AREQUIPA;AREQUIPA;MIRAFLORES;2025-01-02;1;1;1;NO APLICA;2
SEC05733;1;2014-03-15;11;3;PERÚ;2;EDUCADORES DE CALLE;LIMA;LIMA;VILLA EL SALVADOR;2025-01-02;3;1;1;NO APLICA;2
SEC05734;1;2011-03-05;14;4;PERÚ;2;EDUCADORES DE CALLE;LA LIBERTAD;TRUJILLO;TRUJILLO;2025-01-03;1;1;1;NO APLICA;2
SEC05735;2;2015-11-21;9;3;PERÚ;2;EDUCADORES DE CALLE;MOQUEGUA;MARISCAL NIETO;MOQUEGUA;2025-01-03;1;1;1;NO APLICA;2
SEC05736;1;2017-12-14;7;3;PERÚ;2;EDUCADORES DE CALLE;AREQUIPA;AREQUIPA;JOSE LUIS BUSTAMANTE Y RIVERO;2025-01-03;1;1;1;NO APLICA;2
SEC05737;1;2014-05-13;10;3;PERÚ;2;EDUCADORES DE CALLE;CAJAMARCA;CAJAMARCA;CAJAMARCA;2025-01-04;2;1;1;NO APLICA;2
SEC05738;2;2011-01-19;14;4;PERÚ;2;EDUCADORES DE CALLE;CUSCO;CUSCO;CUSCO;2025-01-05;1;1;1;NO APLICA;2
SEC05739;2;2012-10-14;12;4;VENEZUELA;2;EDUCADORES DE CALLE;LIMA;LIMA;MAGDALENA;2025-01-07;1;1;1;NO APLICA;2
SEC05740;2;2018-12-13;6;3;VENEZUELA;2;EDUCADORES DE CALLE;LIMA;LIMA;MAGDALENA;2025-01-07;1;1;1;NO APLICA;2
SEC05741;2;2012-10-14;12;4;VENEZUELA;2;EDUCADORES DE CALLE;LIMA;LIMA;MAGDALENA;2025-01-07;1;1;1;NO APLICA;2
SEC05742;1;2017-11-07;7;3;VENEZUELA;2;EDUCADORES DE CALLE;LIMA;LIMA;COMAS;2025-01-07;1;1;1;NO APLICA;2
SEC05743;2;2012-06-02;12;4;VENEZUELA;2;EDUCADORES DE CALLE;LIMA;LIMA;COMAS;2025-01-07;1;1;1;NO APLICA;2
SEC05744;1;2014-07-30;10;3;VENEZUELA;2;EDUCADORES DE CALLE;LIMA;LIMA;COMAS;2025-01-07;1;1;1;NO APLICA;2
SEC05745;1;2012-01-23;13;4;PERÚ;2;EDUCADORES DE CALLE;CAJAMARCA;CAJAMARCA;CAJAMARCA;2025-01-07;2;1;1;NO APLICA;2
SEC05746;1;2008-01-23;17;4;PERÚ;2;EDUCADORES DE CALLE;AREQUIPA;AREQUIPA;JOSE LUIS BUSTAMANTE Y RIVERO;2025-01-07;1;1;1;NO APLICA;2
SEC05747;1;2011-07-20;13;4;PERÚ;2;EDUCADORES DE CALLE;CAJAMARCA;CAJAMARCA;CAJAMARCA;2025-01-07;2;1;1;NO APLICA;2
SEC05748;1;2012-08-27;12;4;PERÚ;2;EDUCADORES DE CALLE;AREQUIPA;AREQUIPA;JOSE LUIS BUSTAMANTE Y RIVERO;2025-01-07;1;1;1;NO APLICA;2
SEC05749;2;2018-03-12;7;3;PERÚ;2;EDUCADORES DE CALLE;TUMBES;TUMBES;TUMBES;2025-01-07;1;1;1;NO APLICA;2
SEC05750;2;2019-06-11;5;2;PERÚ;2;EDUCADORES DE CALLE;TUMBES;TUMBES;TUMBES;2025-01-07;1;1;1;NO APLICA;2
SEC05751;1;2014-03-07;11;3;PERÚ;2;EDUCADORES DE CALLE;CAJAMARCA;CAJAMARCA;CAJAMARCA;2025-01-07;2;1;1;NO APLICA;2
SEC05752;2;2013-08-18;11;3;VENEZUELA;2;EDUCADORES DE CALLE;LIMA;LIMA;INDEPENDENCIA;2025-01-07;1;5;1;NO APLICA;2
SEC05753;1;2013-06-02;11;3;PERÚ;2;EDUCADORES DE CALLE;JUNÍN;HUANCAYO;HUANCAYO;2025-01-08;1;1;1;NO APLICA;2
SEC05754;2;2015-10-25;9;3;PERÚ;2;EDUCADORES DE CALLE;JUNÍN;HUANCAYO;HUANCAYO;2025-01-08;1;1;1;NO APLICA;2
SEC05755;2;2016-11-24;8;3;PERÚ;2;EDUCADORES DE CALLE;APURÍMAC;Abancay;ABANCAY;2025-01-08;1;1;1;NO APLICA;2
SEC05756;1;2017-10-26;7;3;PERÚ;2;EDUCADORES DE CALLE;JUNÍN;HUANCAYO;HUANCAYO;2025-01-08;1;1;1;NO APLICA;2
SEC05757;1;2017-07-19;7;3;VENEZUELA;2;EDUCADORES DE CALLE;LIMA;LIMA;LIMA;2025-01-09;2;1;1;NO APLICA;2
SEC05758;2;2013-12-20;11;3;VENEZUELA;2;EDUCADORES DE CALLE;TUMBES;TUMBES;TUMBES;2025-01-09;1;1;1;NO APLICA;2
SEC05759;1;2010-11-05;14;4;VENEZUELA;2;EDUCADORES DE CALLE;TUMBES;TUMBES;TUMBES;2025-01-09;1;1;1;NO APLICA;2
SEC05760;2;2012-05-15;12;4;VENEZUELA;2;EDUCADORES DE CALLE;TUMBES;TUMBES;TUMBES;2025-01-09;1;1;1;NO APLICA;2
SEC05761;2;2007-06-07;17;4;PERÚ;2;EDUCADORES DE CALLE;TACNA;TACNA;TACNA;2025-01-09;1;1;1;NO APLICA;2
SEC05762;1;2010-08-06;14;4;PERÚ;2;EDUCADORES DE CALLE;LIMA;HUARAL;HUARAL;2025-01-09;1;1;1;NO APLICA;2
SEC05763;1;2011-03-03;14;4;PERÚ;2;EDUCADORES DE CALLE;LIMA;LIMA;ATE;2025-01-09;3;2;1;NO APLICA;2
SEC05764;2;2013-04-27;12;4;PERÚ;2;EDUCADORES DE CALLE;LIMA;LIMA;SAN JUAN DE LURIGANCHO;2025-01-09;2;1;1;NO APLICA;2
SEC05765;2;2015-10-21;9;3;PERÚ;2;EDUCADORES DE CALLE;LIMA;LIMA;SAN JUAN DE LURIGANCHO;2025-01-09;2;1;1;NO APLICA;2
SEC05766;2;2013-01-19;12;4;PERÚ;2;EDUCADORES DE CALLE;TACNA;TACNA;TACNA;2025-01-09;1;1;1;NO APLICA;2
SEC05767;2;2023-04-07;2;2;PERÚ;2;EDUCADORES DE CALLE;LIMA;LIMA;LIMA;2025-01-09;2;1;1;NO APLICA;2
SEC05768;2;2019-10-17;5;2;VENEZUELA;2;EDUCADORES DE CALLE;TUMBES;TUMBES;TUMBES;2025-01-09;1;1;1;NO APLICA;2
SEC05769;1;2017-12-05;7;3;VENEZUELA;2;EDUCADORES DE CALLE;TUMBES;TUMBES;TUMBES;2025-01-09;1;1;1;NO APLICA;2
SEC05770;1;2018-10-28;6;3;VENEZUELA;2;EDUCADORES DE CALLE;TUMBES;TUMBES;TUMBES;2025-01-09;1;1;1;NO APLICA;2
SEC05771;1;2007-11-17;17;4;PERÚ;2;EDUCADORES DE CALLE;AYACUCHO;HUAMANGA;AYACUCHO;2025-01-10;1;1;1;NO APLICA;2
SEC05772;2;2008-04-23;17;4;PERÚ;2;EDUCADORES DE CALLE;CAJAMARCA;CAJAMARCA;CAJAMARCA;2025-01-10;1;1;1;NO APLICA;2
SEC05773;1;2009-11-21;15;4;PERÚ;2;EDUCADORES DE CALLE;PASCO;PASCO;CHAUPIMARCA;2025-01-10;1;1;1;NO APLICA;2
SEC05774;1;2011-11-28;13;4;PERÚ;2;EDUCADORES DE CALLE;PASCO;PASCO;CHAUPIMARCA;2025-01-10;1;1;1;NO APLICA;2
SEC05775;2;2012-09-09;12;4;PERÚ;2;EDUCADORES DE CALLE;AYACUCHO;HUAMANGA;AYACUCHO;2025-01-10;1;1;1;NO APLICA;2
SEC05776;1;2012-12-04;12;4;PERÚ;2;EDUCADORES DE CALLE;CAJAMARCA;CAJAMARCA;CAJAMARCA;2025-01-10;1;1;1;NO APLICA;2
SEC05777;1;2015-10-15;9;3;PERÚ;2;EDUCADORES DE CALLE;AREQUIPA;AREQUIPA;JOSE LUIS BUSTAMANTE Y RIVERO;2025-01-10;1;5;1;NO APLICA;2
SEC05778;1;2016-12-09;8;3;PERÚ;2;EDUCADORES DE CALLE;AREQUIPA;AREQUIPA;CERRO COLORADO;2025-01-10;1;1;1;NO APLICA;2
SEC05779;2;2010-09-09;14;4;PERÚ;2;EDUCADORES DE CALLE;CAJAMARCA;CAJAMARCA;CAJAMARCA;2025-01-11;1;1;1;NO APLICA;2
SEC05780;2;2017-02-28;8;3;PERÚ;2;EDUCADORES DE CALLE;HUANCAVELICA;HUANCAVELICA;HUANCAVELICA;2025-01-12;1;1;1;NO APLICA;2
SEC05781;2;2007-05-15;17;4;PERÚ;2;EDUCADORES DE CALLE;CAJAMARCA;CAJAMARCA;CAJAMARCA;2025-01-13;1;1;1;NO APLICA;2
SEC05782;1;2011-02-09;14;4;PERÚ;2;EDUCADORES DE CALLE;LIMA;LIMA;LIMA;2025-01-13;1;1;1;NO APLICA;2
SEC05783;1;2012-03-20;13;4;PERÚ;2;EDUCADORES DE CALLE;LIMA;LIMA;SAN JUAN DE LURIGANCHO;2025-01-13;1;1;1;NO APLICA;2
SEC05784;2;2008-05-25;16;4;PERÚ;2;EDUCADORES DE CALLE;CUSCO;CUSCO;CUSCO;2025-01-14;3;1;1;NO APLICA;2
SEC05785;1;2009-02-27;16;4;PERÚ;2;EDUCADORES DE CALLE;PUNO;SAN ROMAN;JULIACA;2025-01-14;1;1;1;NO APLICA;2
SEC05786;2;2008-10-30;16;4;PERÚ;2;EDUCADORES DE CALLE;CAJAMARCA;CAJAMARCA;CAJAMARCA;2025-01-14;1;1;1;NO APLICA;2
SEC05787;2;2010-08-04;14;4;PERÚ;2;EDUCADORES DE CALLE;CAJAMARCA;CAJAMARCA;CAJAMARCA;2025-01-14;1;1;1;NO APLICA;2
SEC05788;2;2013-02-16;12;4;PERÚ;2;EDUCADORES DE CALLE;PIURA;PIURA;PIURA;2025-01-14;1;1;1;NO APLICA;2
SEC05789;2;2014-03-15;11;3;PERÚ;2;EDUCADORES DE CALLE;CUSCO;CUSCO;CUSCO;2025-01-14;1;1;1;NO APLICA;2
SEC05790;2;2016-06-13;8;3;PERÚ;2;EDUCADORES DE CALLE;LIMA;LIMA;LIMA;2025-01-14;2;1;1;NO APLICA;2
SEC05791;1;2014-09-06;10;3;PERÚ;2;EDUCADORES DE CALLE;HUANCAVELICA;HUANCAVELICA;ASCENSION;2025-01-14;1;1;1;NO APLICA;2
SEC05792;2;2017-10-24;7;3;PERÚ;2;EDUCADORES DE CALLE;PUNO;SAN ROMAN;JULIACA;2025-01-14;1;1;1;NO APLICA;2
SEC05793;1;2011-12-27;13;4;PERÚ;2;EDUCADORES DE CALLE;TACNA;TACNA;TACNA;2025-01-14;1;1;1;NO APLICA;2
SEC05794;1;2016-11-20;8;3;PERÚ;2;EDUCADORES DE CALLE;PUNO;SAN ROMAN;JULIACA;2025-01-14;1;1;1;NO APLICA;2
SEC05795;2;2016-01-03;9;3;PERÚ;2;EDUCADORES DE CALLE;PIURA;PIURA;PIURA;2025-01-14;1;1;1;NO APLICA;2
SEC05796;1;2018-05-24;6;3;PERÚ;2;EDUCADORES DE CALLE;TACNA;TACNA;TACNA;2025-01-14;1;1;1;NO APLICA;2
SEC05797;2;2019-02-18;6;3;PERÚ;2;EDUCADORES DE CALLE;LIMA;LIMA;COMAS;2025-01-14;1;1;2;2025-05-23;2
SEC05798;2;2019-07-14;5;2;PERÚ;2;EDUCADORES DE CALLE;LIMA;LIMA;LIMA;2025-01-14;2;1;1;NO APLICA;2
SEC05799;2;2021-03-18;4;2;PERÚ;2;EDUCADORES DE CALLE;LIMA;LIMA;LIMA;2025-01-14;2;1;1;NO APLICA;2
SEC05800;1;2023-08-09;1;2;PERÚ;2;EDUCADORES DE CALLE;LIMA;LIMA;CHORRILLOS;2025-01-14;2;1;1;NO APLICA;2
SEC05801;2;2021-01-09;4;2;VENEZUELA;2;EDUCADORES DE CALLE;LIMA;LIMA;CHORRILLOS;2025-01-14;2;1;1;NO APLICA;2
SEC05802;2;2008-10-22;16;4;PERÚ;2;EDUCADORES DE CALLE;CAJAMARCA;CAJAMARCA;CAJAMARCA;2025-01-15;1;1;1;NO APLICA;2
SEC05803;1;2009-09-21;15;4;PERÚ;2;EDUCADORES DE CALLE;CAJAMARCA;CAJAMARCA;CAJAMARCA;2025-01-15;1;1;1;NO APLICA;2
SEC05804;2;2014-02-20;11;3;PERÚ;2;EDUCADORES DE CALLE;TUMBES;TUMBES;TUMBES;2025-01-15;1;1;1;NO APLICA;2
SEC05805;1;2011-04-16;14;4;PERÚ;1;EDUCADORES DE CALLE;LIMA;LIMA;CHORRILLOS;2025-01-15;2;1;1;NO APLICA;2
SEC05806;1;2013-10-20;11;3;PERÚ;1;EDUCADORES DE CALLE;LIMA;LIMA;ATE;2025-01-15;3;1;1;NO APLICA;2
SEC05807;2;2016-01-09;9;3;PERÚ;2;EDUCADORES DE CALLE;LIMA;LIMA;CHORRILLOS;2025-01-15;2;1;1;NO APLICA;2
SEC05808;2;2014-05-22;10;3;PERÚ;2;EDUCADORES DE CALLE;TUMBES;TUMBES;TUMBES;2025-01-15;1;1;1;NO APLICA;2
SEC05809;2;2016-12-27;8;3;PERÚ;2;EDUCADORES DE CALLE;LIMA;LIMA;CHORRILLOS;2025-01-15;2;1;1;NO APLICA;2
SEC05810;1;2017-07-04;7;3;PERÚ;2;EDUCADORES DE CALLE;AYACUCHO;HUAMANGA;AYACUCHO;2025-01-15;1;1;1;NO APLICA;2
SEC05811;1;2008-06-09;16;4;PERÚ;2;EDUCADORES DE CALLE;TUMBES;TUMBES;TUMBES;2025-01-15;1;1;1;NO APLICA;2
SEC05812;2;2016-01-28;9;3;PERÚ;2;EDUCADORES DE CALLE;PIURA;PIURA;PIURA;2025-01-16;1;1;1;NO APLICA;2
SEC05813;1;2008-02-08;17;4;PERÚ;2;EDUCADORES DE CALLE;LIMA;LIMA;RIMAC;2025-01-16;3;1;1;NO APLICA;2
SEC05814;1;2010-11-09;14;4;PERÚ;1;EDUCADORES DE CALLE;AYACUCHO;HUAMANGA;AYACUCHO;2025-01-16;1;1;1;NO APLICA;2
SEC05815;2;2011-08-03;13;4;PERÚ;1;EDUCADORES DE CALLE;AYACUCHO;HUAMANGA;AYACUCHO;2025-01-16;1;1;1;NO APLICA;2
SEC05816;1;2012-05-26;12;4;PERÚ;2;EDUCADORES DE CALLE;AYACUCHO;HUAMANGA;AYACUCHO;2025-01-16;1;1;1;NO APLICA;2
SEC05817;2;2012-11-16;12;4;PERÚ;2;EDUCADORES DE CALLE;CUSCO;CUSCO;CUSCO;2025-01-16;3;1;1;NO APLICA;2
SEC05818;1;2013-07-07;11;3;PERÚ;2;EDUCADORES DE CALLE;PIURA;PIURA;PIURA;2025-01-16;1;1;1;NO APLICA;2
SEC05819;2;2013-08-29;11;3;PERÚ;2;EDUCADORES DE CALLE;APURÍMAC;Abancay;ABANCAY;2025-01-16;1;1;1;NO APLICA;2
SEC05820;2;2014-11-21;10;3;PERÚ;2;EDUCADORES DE CALLE;HUANCAVELICA;HUANCAVELICA;HUANCAVELICA;2025-01-16;1;1;1;NO APLICA;2
SEC05821;1;2014-12-08;10;3;PERÚ;2;EDUCADORES DE CALLE;TACNA;TACNA;TACNA;2025-01-16;1;1;1;NO APLICA;2
SEC05822;1;2013-06-22;11;3;PERÚ;2;EDUCADORES DE CALLE;LIMA;LIMA;RIMAC;2025-01-16;3;1;1;NO APLICA;2
SEC05823;1;2016-01-28;9;3;PERÚ;2;EDUCADORES DE CALLE;PIURA;PIURA;PIURA;2025-01-16;1;1;1;NO APLICA;2
SEC05824;1;2014-04-08;11;3;PERÚ;2;EDUCADORES DE CALLE;AYACUCHO;HUAMANGA;AYACUCHO;2025-01-16;1;1;1;NO APLICA;2
SEC05825;1;2016-09-28;8;3;PERÚ;2;EDUCADORES DE CALLE;AREQUIPA;AREQUIPA;CERRO COLORADO;2025-01-16;1;2;1;NO APLICA;2
SEC05826;1;2011-05-21;13;4;PERÚ;2;EDUCADORES DE CALLE;LIMA;LIMA;RIMAC;2025-01-16;3;1;1;NO APLICA;2
SEC05827;1;2013-08-14;11;3;PERÚ;2;EDUCADORES DE CALLE;AYACUCHO;HUAMANGA;AYACUCHO;2025-01-16;1;1;1;NO APLICA;2
SEC05828;2;2019-02-01;6;3;PERÚ;2;EDUCADORES DE CALLE;HUANCAVELICA;HUANCAVELICA;HUANCAVELICA;2025-01-16;1;1;1;NO APLICA;2
SEC05829;2;2016-11-20;8;3;PERÚ;2;EDUCADORES DE CALLE;TACNA;TACNA;TACNA;2025-01-16;1;1;1;NO APLICA;2
SEC05830;2;2013-03-24;12;4;PERÚ;2;EDUCADORES DE CALLE;HUANCAVELICA;HUANCAVELICA;HUANCAVELICA;2025-01-17;1;1;1;NO APLICA;2
SEC05831;2;2012-10-18;12;4;PERÚ;2;EDUCADORES DE CALLE;AYACUCHO;HUAMANGA;AYACUCHO;2025-01-17;1;1;1;NO APLICA;2
SEC05832;2;2014-11-18;10;3;PERÚ;2;EDUCADORES DE CALLE;TUMBES;TUMBES;TUMBES;2025-01-17;1;1;1;NO APLICA;2
SEC05833;2;2016-08-04;8;3;PERÚ;2;EDUCADORES DE CALLE;AYACUCHO;HUAMANGA;AYACUCHO;2025-01-17;1;1;1;NO APLICA;2
SEC05834;1;2015-07-17;9;3;PERÚ;2;EDUCADORES DE CALLE;PASCO;PASCO;CHAUPIMARCA;2025-01-17;1;1;1;NO APLICA;2
SEC05835;1;2011-10-14;13;4;PERÚ;2;EDUCADORES DE CALLE;PASCO;PASCO;YANACANCHA;2025-01-18;1;1;1;NO APLICA;2
SEC05836;1;2014-07-27;10;3;PERÚ;2;EDUCADORES DE CALLE;CAJAMARCA;CAJAMARCA;CAJAMARCA;2025-01-18;1;1;1;NO APLICA;2
SEC05837;1;2021-04-10;4;2;PERÚ;2;EDUCADORES DE CALLE;PASCO;PASCO;YANACANCHA;2025-01-18;1;1;1;NO APLICA;2
SEC05838;2;2013-12-31;11;3;PERÚ;2;EDUCADORES DE CALLE;CAJAMARCA;CAJAMARCA;CAJAMARCA;2025-01-18;1;1;1;NO APLICA;2
SEC05839;2;2023-02-17;2;2;PERÚ;2;EDUCADORES DE CALLE;LIMA;CALLAO;VENTANILLA;2025-01-21;2;1;1;NO APLICA;2
SEC05840;1;2008-09-19;16;4;PERÚ;2;EDUCADORES DE CALLE;AREQUIPA;AREQUIPA;CERRO COLORADO;2025-01-21;1;1;1;NO APLICA;2
SEC05841;1;2008-05-26;16;4;PERÚ;2;EDUCADORES DE CALLE;AYACUCHO;HUAMANGA;AYACUCHO;2025-01-21;1;1;1;NO APLICA;2
SEC05842;1;2010-06-19;14;4;PERÚ;2;EDUCADORES DE CALLE;AYACUCHO;HUAMANGA;AYACUCHO;2025-01-21;3;1;2;2025-05-27;2
SEC05843;1;2010-04-14;15;4;PERÚ;2;EDUCADORES DE CALLE;PASCO;PASCO;YANACANCHA;2025-01-21;1;1;1;NO APLICA;2
SEC05844;1;2012-08-20;12;4;PERÚ;2;EDUCADORES DE CALLE;PASCO;PASCO;YANACANCHA;2025-01-21;1;1;1;NO APLICA;2
SEC05845;1;2012-06-13;12;4;PERÚ;2;EDUCADORES DE CALLE;AREQUIPA;AREQUIPA;JOSE LUIS BUSTAMANTE Y RIVERO;2025-01-21;1;1;1;NO APLICA;2
SEC05846;1;2007-12-28;17;4;PERÚ;2;EDUCADORES DE CALLE;LIMA;HUARAL;HUARAL;2025-01-21;1;1;1;NO APLICA;2
SEC05847;1;2010-10-02;14;4;PERÚ;2;EDUCADORES DE CALLE;LA LIBERTAD;TRUJILLO;TRUJILLO;2025-01-21;1;1;1;NO APLICA;2
SEC05848;1;2011-02-05;14;4;PERÚ;2;EDUCADORES DE CALLE;PIURA;PIURA;PIURA;2025-01-21;1;1;1;NO APLICA;2
SEC05849;1;2010-03-15;15;4;PERÚ;2;EDUCADORES DE CALLE;LIMA;HUARAL;HUARAL;2025-01-21;1;1;1;NO APLICA;2
SEC05850;1;2013-10-31;11;3;PERÚ;2;EDUCADORES DE CALLE;AREQUIPA;AREQUIPA;CERRO COLORADO;2025-01-21;1;1;1;NO APLICA;2
SEC05851;1;2015-07-29;9;3;PERÚ;2;EDUCADORES DE CALLE;PASCO;PASCO;YANACANCHA;2025-01-21;1;1;1;NO APLICA;2
SEC05852;2;2015-08-26;9;3;PERÚ;1;EDUCADORES DE CALLE;PIURA;PIURA;PIURA;2025-01-21;1;1;1;NO APLICA;2
SEC05853;2;2015-11-17;9;3;PERÚ;2;EDUCADORES DE CALLE;PASCO;PASCO;YANACANCHA;2025-01-21;1;1;1;NO APLICA;2
SEC05854;1;2014-10-08;10;3;PERÚ;2;EDUCADORES DE CALLE;LIMA;LIMA;SAN JUAN DE LURIGANCHO;2025-01-21;2;1;1;NO APLICA;2
SEC05855;2;2012-10-15;12;4;PERÚ;2;EDUCADORES DE CALLE;AREQUIPA;AREQUIPA;CERRO COLORADO;2025-01-21;1;1;1;NO APLICA;2
SEC05856;1;2010-11-15;14;4;PERÚ;2;EDUCADORES DE CALLE;AREQUIPA;AREQUIPA;CERRO COLORADO;2025-01-21;1;1;1;NO APLICA;2
SEC05857;1;2013-09-08;11;3;PERÚ;2;EDUCADORES DE CALLE;AYACUCHO;HUAMANGA;AYACUCHO;2025-01-21;1;1;1;NO APLICA;2
SEC05858;1;2017-01-20;8;3;PERÚ;2;EDUCADORES DE CALLE;LA LIBERTAD;TRUJILLO;TRUJILLO;2025-01-21;1;1;1;NO APLICA;2
SEC05859;2;2015-09-19;9;3;PERÚ;2;EDUCADORES DE CALLE;AREQUIPA;AREQUIPA;JOSE LUIS BUSTAMANTE Y RIVERO;2025-01-21;1;1;1;NO APLICA;2
SEC05860;1;2017-05-26;7;3;PERÚ;2;EDUCADORES DE CALLE;PASCO;PASCO;YANACANCHA;2025-01-21;1;1;1;NO APLICA;2
SEC05861;2;2019-04-09;6;3;PERÚ;2;EDUCADORES DE CALLE;AREQUIPA;AREQUIPA;JOSE LUIS BUSTAMANTE Y RIVERO;2025-01-21;1;1;1;NO APLICA;2
SEC05862;2;2020-03-26;5;2;PERÚ;2;EDUCADORES DE CALLE;LIMA;LIMA;LIMA;2025-01-21;2;1;1;NO APLICA;1
SEC05863;2;2022-06-14;2;2;PERÚ;2;EDUCADORES DE CALLE;LIMA;CALLAO;VENTANILLA;2025-01-21;2;1;1;NO APLICA;2
SEC05864;2;2009-10-24;15;4;PERÚ;2;EDUCADORES DE CALLE;APURÍMAC;Abancay;ABANCAY;2025-01-22;1;1;1;NO APLICA;2
SEC05865;1;2012-07-26;12;4;PERÚ;2;EDUCADORES DE CALLE;HUANCAVELICA;HUANCAVELICA;HUANCAVELICA;2025-01-22;1;1;1;NO APLICA;2
SEC05866;1;2011-08-19;13;4;PERÚ;2;EDUCADORES DE CALLE;LIMA;HUARAL;HUARAL;2025-01-22;1;1;1;NO APLICA;2
SEC05867;2;2012-09-22;12;4;PERÚ;2;EDUCADORES DE CALLE;LIMA;LIMA;CHORRILLOS;2025-01-22;1;1;1;NO APLICA;2
SEC05868;2;2012-03-03;13;4;PERÚ;2;EDUCADORES DE CALLE;LIMA;LIMA;PUENTE PIEDRA;2025-01-22;3;1;1;NO APLICA;2
SEC05869;1;2012-07-03;12;4;PERÚ;2;EDUCADORES DE CALLE;LIMA;HUARAL;HUARAL;2025-01-22;1;1;1;NO APLICA;2
SEC05870;1;2012-09-14;12;4;PERÚ;1;EDUCADORES DE CALLE;LIMA;LIMA;LIMA;2025-01-22;2;1;1;NO APLICA;2
SEC05871;1;2013-02-04;12;4;PERÚ;2;EDUCADORES DE CALLE;LIMA;LIMA;PUENTE PIEDRA;2025-01-22;3;1;1;NO APLICA;2
SEC05872;1;2012-11-14;12;4;PERÚ;2;EDUCADORES DE CALLE;LIMA;LIMA;PUEBLO LIBRE;2025-01-22;1;1;1;NO APLICA;2
SEC05873;1;2014-09-26;10;3;PERÚ;2;EDUCADORES DE CALLE;HUANCAVELICA;HUANCAVELICA;HUANCAVELICA;2025-01-22;1;1;1;NO APLICA;2
SEC05874;2;2011-07-26;13;4;PERÚ;2;EDUCADORES DE CALLE;TUMBES;TUMBES;TUMBES;2025-01-22;1;1;1;NO APLICA;2
SEC05875;2;2016-11-28;8;3;PERÚ;2;EDUCADORES DE CALLE;CUSCO;CUSCO;CUSCO;2025-01-22;2;1;1;NO APLICA;2
SEC05876;2;2016-12-12;8;3;PERÚ;2;EDUCADORES DE CALLE;HUANCAVELICA;HUANCAVELICA;HUANCAVELICA;2025-01-22;1;1;1;NO APLICA;2
SEC05877;2;2017-01-20;8;3;PERÚ;2;EDUCADORES DE CALLE;PIURA;PIURA;PIURA;2025-01-22;1;1;1;NO APLICA;2
SEC05878;2;2017-01-20;8;3;PERÚ;2;EDUCADORES DE CALLE;PIURA;PIURA;PIURA;2025-01-22;1;1;1;NO APLICA;2
SEC05879;1;2017-03-19;8;3;PERÚ;2;EDUCADORES DE CALLE;LIMA;LIMA;CHORRILLOS;2025-01-22;1;1;1;NO APLICA;2
SEC05880;1;2017-04-26;8;3;PERÚ;2;EDUCADORES DE CALLE;LIMA;LIMA;PUEBLO LIBRE;2025-01-22;1;1;1;NO APLICA;2
SEC05881;1;2017-12-25;7;3;PERÚ;2;EDUCADORES DE CALLE;APURÍMAC;Abancay;ABANCAY;2025-01-22;1;1;1;NO APLICA;2
SEC05882;1;2015-10-28;9;3;PERÚ;2;EDUCADORES DE CALLE;LIMA;LIMA;LIMA;2025-01-22;1;1;2;2025-05-22;2
SEC05883;2;2014-02-05;11;3;PERÚ;2;EDUCADORES DE CALLE;TUMBES;TUMBES;TUMBES;2025-01-22;1;1;1;NO APLICA;2
SEC05884;2;2021-03-02;4;2;PERÚ;2;EDUCADORES DE CALLE;LAMBAYEQUE;CHICLAYO;JOSE LEONARDO ORTIZ;2025-01-22;2;1;1;NO APLICA;2
SEC05885;2;2008-04-16;17;4;PERÚ;2;EDUCADORES DE CALLE;TUMBES;TUMBES;TUMBES;2025-01-22;1;1;1;NO APLICA;2
SEC05886;1;2010-09-08;14;4;PERÚ;2;EDUCADORES DE CALLE;TUMBES;TUMBES;TUMBES;2025-01-22;1;1;1;NO APLICA;2
SEC05887;2;2008-12-01;16;4;PERÚ;2;EDUCADORES DE CALLE;LIMA;LIMA;PUENTE PIEDRA;2025-01-23;1;1;1;NO APLICA;2
SEC05888;1;2007-07-03;17;4;PERÚ;2;EDUCADORES DE CALLE;LIMA;LIMA;PUENTE PIEDRA;2025-01-23;1;1;1;NO APLICA;2
SEC05889;2;2008-11-07;16;4;PERÚ;2;EDUCADORES DE CALLE;LIMA;HUARAL;HUARAL;2025-01-23;1;1;1;NO APLICA;2
SEC05890;1;2011-11-09;13;4;PERÚ;2;EDUCADORES DE CALLE;LIMA;LIMA;PUENTE PIEDRA;2025-01-23;1;1;1;NO APLICA;2
SEC05891;2;2008-09-16;16;4;PERÚ;2;EDUCADORES DE CALLE;LIMA;LIMA;PUENTE PIEDRA;2025-01-23;1;1;1;NO APLICA;2
SEC05892;2;2007-10-10;17;4;PERÚ;2;EDUCADORES DE CALLE;LIMA;LIMA;PUENTE PIEDRA;2025-01-23;1;1;1;NO APLICA;2
SEC05893;2;2012-08-09;12;4;PERÚ;2;EDUCADORES DE CALLE;LIMA;LIMA;PUENTE PIEDRA;2025-01-23;1;1;1;NO APLICA;2
SEC05894;2;2014-04-02;11;3;PERÚ;2;EDUCADORES DE CALLE;TACNA;TACNA;ALTO DE LA ALIANZA;2025-01-23;1;1;1;NO APLICA;2
SEC05895;2;2019-01-04;6;3;PERÚ;2;EDUCADORES DE CALLE;HUANCAVELICA;HUANCAVELICA;HUANCAVELICA;2025-01-23;1;1;1;NO APLICA;2
SEC05896;2;2014-10-05;10;3;PERÚ;2;EDUCADORES DE CALLE;TACNA;TACNA;ALTO DE LA ALIANZA;2025-01-23;1;1;1;NO APLICA;2
SEC05897;2;2010-11-12;14;4;PERÚ;2;EDUCADORES DE CALLE;TUMBES;TUMBES;TUMBES;2025-01-23;2;1;1;NO APLICA;2
SEC05898;1;2016-08-17;8;3;PERÚ;2;EDUCADORES DE CALLE;LIMA;LIMA;PUENTE PIEDRA;2025-01-23;1;1;1;NO APLICA;2
SEC05899;2;2016-08-28;8;3;PERÚ;2;EDUCADORES DE CALLE;LIMA;LIMA;PUENTE PIEDRA;2025-01-23;1;1;1;NO APLICA;2
SEC05900;1;2013-02-20;12;4;PERÚ;2;EDUCADORES DE CALLE;CAJAMARCA;CAJAMARCA;CAJAMARCA;2025-01-23;2;1;1;NO APLICA;2
SEC05901;2;2013-11-08;11;3;PERÚ;2;EDUCADORES DE CALLE;LIMA;LIMA;PUENTE PIEDRA;2025-01-23;1;1;1;NO APLICA;2
SEC05902;1;2014-09-05;10;3;PERÚ;2;EDUCADORES DE CALLE;TUMBES;TUMBES;TUMBES;2025-01-23;1;1;1;NO APLICA;2
SEC05903;2;2019-03-06;6;3;PERÚ;2;EDUCADORES DE CALLE;LIMA;LIMA;PUENTE PIEDRA;2025-01-23;1;1;1;NO APLICA;2
SEC05904;1;2011-02-20;14;4;PERÚ;2;EDUCADORES DE CALLE;LIMA;LIMA;PUENTE PIEDRA;2025-01-23;1;5;1;NO APLICA;2
SEC05905;1;2019-02-21;6;3;VENEZUELA;2;EDUCADORES DE CALLE;LIMA;LIMA;PUENTE PIEDRA;2025-01-23;1;5;1;NO APLICA;2
SEC05906;1;2009-02-12;16;4;PERÚ;2;EDUCADORES DE CALLE;JUNÍN;HUANCAYO;HUANCAYO;2025-01-24;1;1;1;NO APLICA;2
SEC05907;2;2008-09-02;16;4;PERÚ;2;EDUCADORES DE CALLE;TACNA;TACNA;CIUDAD NUEVA;2025-01-24;1;1;1;NO APLICA;2
SEC05908;1;2015-12-01;9;3;PERÚ;2;EDUCADORES DE CALLE;TUMBES;TUMBES;TUMBES;2025-01-24;1;1;1;NO APLICA;2
SEC05909;2;2010-04-23;15;4;PERÚ;2;EDUCADORES DE CALLE;AREQUIPA;AREQUIPA;JOSE LUIS BUSTAMANTE Y RIVERO;2025-01-24;1;1;1;NO APLICA;2
SEC05910;2;2015-04-19;10;3;PERÚ;2;EDUCADORES DE CALLE;JUNÍN;HUANCAYO;HUANCAYO;2025-01-24;1;1;1;NO APLICA;2
SEC05911;2;2012-04-20;13;4;PERÚ;2;EDUCADORES DE CALLE;AREQUIPA;AREQUIPA;JOSE LUIS BUSTAMANTE Y RIVERO;2025-01-24;1;1;1;NO APLICA;2
SEC05912;2;2012-07-06;12;4;PERÚ;2;EDUCADORES DE CALLE;AYACUCHO;HUAMANGA;AYACUCHO;2025-01-24;1;1;2;2025-05-27;2
SEC05913;2;2010-10-04;14;4;PERÚ;2;EDUCADORES DE CALLE;JUNÍN;HUANCAYO;HUANCAYO;2025-01-24;1;1;1;NO APLICA;2
SEC05914;2;2009-11-16;15;4;PERÚ;2;EDUCADORES DE CALLE;PUNO;PUNO;PUNO;2025-01-24;1;1;1;NO APLICA;2
SEC05915;1;2010-10-11;14;4;PERÚ;2;EDUCADORES DE CALLE;LA LIBERTAD;TRUJILLO;TRUJILLO;2025-01-24;1;1;1;NO APLICA;2
SEC05916;2;2012-01-01;13;4;PERÚ;2;EDUCADORES DE CALLE;TUMBES;TUMBES;TUMBES;2025-01-24;1;1;1;NO APLICA;2
SEC05917;2;2018-01-28;7;3;PERÚ;2;EDUCADORES DE CALLE;TUMBES;TUMBES;TUMBES;2025-01-24;1;1;1;NO APLICA;2
SEC05918;1;2012-12-14;12;4;PERÚ;2;EDUCADORES DE CALLE;PUNO;PUNO;PUNO;2025-01-24;1;1;1;NO APLICA;2
SEC05919;2;2013-10-06;11;3;PERÚ;2;EDUCADORES DE CALLE;HUANCAVELICA;HUANCAVELICA;HUANCAVELICA;2025-01-24;1;1;1;NO APLICA;2
SEC05920;2;2014-10-05;10;3;PERÚ;2;EDUCADORES DE CALLE;JUNÍN;CHUPACA;CHUPACA;2025-01-24;1;1;1;NO APLICA;2
SEC05921;2;2014-12-04;10;3;PERÚ;2;EDUCADORES DE CALLE;PUNO;PUNO;PUNO;2025-01-24;1;1;1;NO APLICA;2
SEC05922;2;2015-03-13;10;3;PERÚ;2;EDUCADORES DE CALLE;PUNO;PUNO;PUNO;2025-01-24;1;1;1;NO APLICA;2
SEC05923;2;2014-12-22;10;3;PERÚ;2;EDUCADORES DE CALLE;HUÁNUCO;HUÁNUCO;AMARILIS;2025-01-24;1;1;1;NO APLICA;2
SEC05924;2;2015-07-01;9;3;PERÚ;2;EDUCADORES DE CALLE;LA LIBERTAD;TRUJILLO;TRUJILLO;2025-01-24;1;1;1;NO APLICA;2
SEC05925;1;2015-12-01;9;3;PERÚ;2;EDUCADORES DE CALLE;TUMBES;TUMBES;TUMBES;2025-01-24;1;1;1;NO APLICA;2
SEC05926;2;2015-12-26;9;3;PERÚ;2;EDUCADORES DE CALLE;MOQUEGUA;ILO;ILO;2025-01-24;1;1;1;NO APLICA;2
SEC05927;1;2016-06-22;8;3;PERÚ;2;EDUCADORES DE CALLE;JUNÍN;HUANCAYO;HUANCAYO;2025-01-24;1;1;1;NO APLICA;2
SEC05928;2;2016-07-18;8;3;PERÚ;2;EDUCADORES DE CALLE;JUNÍN;CHUPACA;CHUPACA;2025-01-24;1;1;1;NO APLICA;2
SEC05929;2;2016-07-19;8;3;PERÚ;2;EDUCADORES DE CALLE;PUNO;PUNO;PUNO;2025-01-24;1;1;1;NO APLICA;2
SEC05930;2;2016-07-15;8;3;PERÚ;2;EDUCADORES DE CALLE;JUNÍN;CHUPACA;CHUPACA;2025-01-24;1;1;1;NO APLICA;2
SEC05931;1;2014-09-12;10;3;PERÚ;2;EDUCADORES DE CALLE;JUNÍN;HUANCAYO;HUANCAYO;2025-01-24;1;1;1;NO APLICA;2
SEC05932;1;2017-02-18;8;3;PERÚ;2;EDUCADORES DE CALLE;HUANCAVELICA;HUANCAVELICA;HUANCAVELICA;2025-01-24;1;1;1;NO APLICA;2
SEC05933;1;2011-07-21;13;4;PERÚ;2;EDUCADORES DE CALLE;AYACUCHO;HUAMANGA;AYACUCHO;2025-01-24;1;1;1;NO APLICA;2
SEC05934;2;2012-09-09;12;4;PERÚ;2;EDUCADORES DE CALLE;TUMBES;TUMBES;TUMBES;2025-01-24;1;1;1;NO APLICA;2
SEC05935;1;2017-11-28;7;3;PERÚ;2;EDUCADORES DE CALLE;HUÁNUCO;HUÁNUCO;AMARILIS;2025-01-24;1;1;1;NO APLICA;2
SEC05936;2;2018-01-15;7;3;PERÚ;2;EDUCADORES DE CALLE;AREQUIPA;AREQUIPA;JOSE LUIS BUSTAMANTE Y RIVERO;2025-01-24;1;1;1;NO APLICA;2
SEC05937;2;2018-01-16;7;3;PERÚ;2;EDUCADORES DE CALLE;MOQUEGUA;ILO;ILO;2025-01-24;1;1;1;NO APLICA;2
SEC05938;1;2018-02-23;7;3;PERÚ;2;EDUCADORES DE CALLE;MOQUEGUA;ILO;ILO;2025-01-24;1;1;1;NO APLICA;2
SEC05939;1;2018-08-15;6;3;PERÚ;2;EDUCADORES DE CALLE;MOQUEGUA;ILO;ILO;2025-01-24;1;1;1;NO APLICA;2
SEC05940;1;2018-09-14;6;3;PERÚ;2;EDUCADORES DE CALLE;JUNÍN;Huancayo;HUANCAYO;2025-01-24;1;1;1;NO APLICA;2
SEC05941;2;2018-10-24;6;3;PERÚ;2;EDUCADORES DE CALLE;PUNO;PUNO;PUNO;2025-01-24;1;1;1;NO APLICA;2
SEC05942;2;2018-06-08;6;3;PERÚ;2;EDUCADORES DE CALLE;LA LIBERTAD;TRUJILLO;TRUJILLO;2025-01-24;1;1;1;NO APLICA;2
SEC05943;2;2019-08-13;5;2;PERÚ;2;EDUCADORES DE CALLE;AREQUIPA;AREQUIPA;JOSE LUIS BUSTAMANTE Y RIVERO;2025-01-24;1;2;1;NO APLICA;2
SEC05944;2;2019-10-11;5;2;PERÚ;2;EDUCADORES DE CALLE;AREQUIPA;AREQUIPA;JOSE LUIS BUSTAMANTE Y RIVERO;2025-01-24;1;1;1;NO APLICA;2
SEC05945;2;2019-12-15;5;2;PERÚ;2;EDUCADORES DE CALLE;JUNÍN;HUANCAYO;HUANCAYO;2025-01-24;1;1;1;NO APLICA;2
SEC05946;1;2014-11-19;10;3;VENEZUELA;2;EDUCADORES DE CALLE;HUANCAVELICA;HUANCAVELICA;HUANCAVELICA;2025-01-24;1;1;1;NO APLICA;2
SEC05947;2;2011-09-24;13;4;PERÚ;2;EDUCADORES DE CALLE;AREQUIPA;AREQUIPA;JOSE LUIS BUSTAMANTE Y RIVERO;2025-01-25;1;1;1;NO APLICA;1
SEC05948;2;2012-08-17;12;4;PERÚ;2;EDUCADORES DE CALLE;AREQUIPA;AREQUIPA;JOSE LUIS BUSTAMANTE Y RIVERO;2025-01-25;1;1;1;NO APLICA;2
SEC05949;2;2017-05-06;7;3;PERÚ;2;EDUCADORES DE CALLE;AREQUIPA;AREQUIPA;JOSE LUIS BUSTAMANTE Y RIVERO;2025-01-25;1;1;1;NO APLICA;1
SEC05950;2;2018-04-14;7;3;PERÚ;2;EDUCADORES DE CALLE;HUANCAVELICA;HUANCAVELICA;HUANCAVELICA;2025-01-25;1;1;1;NO APLICA;2
SEC05951;1;2011-10-23;13;4;VENEZUELA;2;EDUCADORES DE CALLE;PIURA;SULLANA;SULLANA;2025-01-26;1;1;1;NO APLICA;2
SEC05952;1;2008-03-17;17;4;VENEZUELA;2;EDUCADORES DE CALLE;PIURA;SULLANA;SULLANA;2025-01-26;1;1;1;NO APLICA;2
SEC05953;1;2008-04-05;17;4;PERÚ;2;EDUCADORES DE CALLE;PIURA;SULLANA;SULLANA;2025-01-26;1;1;1;NO APLICA;2
SEC05954;1;2009-02-07;16;4;PERÚ;2;EDUCADORES DE CALLE;PIURA;SULLANA;SULLANA;2025-01-26;1;1;1;NO APLICA;2
SEC05955;2;2009-11-25;15;4;PERÚ;2;EDUCADORES DE CALLE;PIURA;SULLANA;SULLANA;2025-01-26;1;1;1;NO APLICA;2
SEC05956;1;2010-09-15;14;4;PERÚ;2;EDUCADORES DE CALLE;PIURA;SULLANA;SULLANA;2025-01-26;1;1;1;NO APLICA;2
SEC05957;1;2012-08-31;12;4;PERÚ;2;EDUCADORES DE CALLE;PIURA;SULLANA;SULLANA;2025-01-26;1;1;1;NO APLICA;2
SEC05958;1;2013-08-26;11;3;PERÚ;2;EDUCADORES DE CALLE;PIURA;SULLANA;SULLANA;2025-01-26;1;1;1;NO APLICA;2
SEC05959;2;2016-07-24;8;3;PERÚ;2;EDUCADORES DE CALLE;ICA;ICA;ICA;2025-01-27;1;1;1;NO APLICA;2
SEC05960;2;2016-07-24;8;3;PERÚ;2;EDUCADORES DE CALLE;ICA;ICA;ICA;2025-01-27;1;1;1;NO APLICA;2
SEC05961;1;2012-02-18;13;4;PERÚ;1;EDUCADORES DE CALLE;ICA;ICA;ICA;2025-01-27;1;1;1;NO APLICA;2
SEC05962;2;2012-03-20;13;4;PERÚ;2;EDUCADORES DE CALLE;APURÍMAC;Abancay;ABANCAY;2025-01-28;1;1;1;NO APLICA;2
SEC05963;2;2013-07-11;11;3;PERÚ;2;EDUCADORES DE CALLE;APURÍMAC;Abancay;ABANCAY;2025-01-28;1;1;1;NO APLICA;2
SEC05964;1;2011-05-30;13;4;PERÚ;2;EDUCADORES DE CALLE;LIMA;LIMA;CARABAYLLO;2025-01-31;1;1;1;NO APLICA;2
SEC05965;2;2018-07-30;6;3;PERÚ;2;EDUCADORES DE CALLE;LIMA;LIMA;CARABAYLLO;2025-01-31;1;1;2;2025-05-26;2
SEC05966;2;2020-04-19;5;2;PERÚ;2;EDUCADORES DE CALLE;LIMA;LIMA;CARABAYLLO;2025-01-31;2;1;1;NO APLICA;2
SEC05967;1;2021-01-30;4;2;PERÚ;2;EDUCADORES DE CALLE;LIMA;LIMA;CARABAYLLO;2025-01-31;1;1;1;NO APLICA;2
SEC05968;2;2023-10-16;1;2;PERÚ;2;EDUCADORES DE CALLE;LIMA;LIMA;CARABAYLLO;2025-01-31;2;1;1;NO APLICA;2
SEC05969;2;2009-01-05;16;4;VENEZUELA;2;EDUCADORES DE CALLE;TACNA;TACNA;TACNA;2025-02-04;1;1;1;NO APLICA;2
SEC05970;2;2008-09-23;16;4;PERÚ;2;EDUCADORES DE CALLE;MOQUEGUA;MARISCAL NIETO;MOQUEGUA;2025-02-04;1;1;1;NO APLICA;2
SEC05971;2;2011-02-04;14;4;PERÚ;2;EDUCADORES DE CALLE;MOQUEGUA;MARISCAL NIETO;MOQUEGUA;2025-02-04;1;1;1;NO APLICA;2
SEC05972;1;2012-07-16;12;4;PERÚ;2;EDUCADORES DE CALLE;MOQUEGUA;MARISCAL NIETO;MOQUEGUA;2025-02-04;1;1;1;NO APLICA;2
SEC05973;1;2016-09-17;8;3;PERÚ;2;EDUCADORES DE CALLE;PUNO;SAN ROMAN;JULIACA;2025-02-04;1;1;1;NO APLICA;2
SEC05974;2;2011-04-12;14;4;VENEZUELA;2;EDUCADORES DE CALLE;TACNA;TACNA;TACNA;2025-02-04;1;1;1;NO APLICA;2
SEC05975;1;2015-01-01;10;3;PERÚ;2;EDUCADORES DE CALLE;PUNO;PUNO;PUNO;2025-02-05;1;1;1;NO APLICA;2
SEC05976;1;2012-12-17;12;4;PERÚ;2;EDUCADORES DE CALLE;PUNO;PUNO;PUNO;2025-02-05;1;1;1;NO APLICA;2
SEC05977;1;2014-11-18;10;3;PERÚ;2;EDUCADORES DE CALLE;PUNO;PUNO;PUNO;2025-02-05;1;1;1;NO APLICA;2
SEC05978;1;2016-04-20;9;3;PERÚ;2;EDUCADORES DE CALLE;PUNO;PUNO;PUNO;2025-02-05;1;1;1;NO APLICA;2
SEC05979;2;2019-01-02;6;3;PERÚ;2;EDUCADORES DE CALLE;PUNO;PUNO;PUNO;2025-02-05;1;1;1;NO APLICA;2
SEC05980;1;2019-03-17;6;3;PERÚ;2;EDUCADORES DE CALLE;LIMA;LIMA;SAN MARTIN DE PORRES;2025-02-05;2;1;1;NO APLICA;2
SEC05981;1;2015-11-29;9;3;PERÚ;2;EDUCADORES DE CALLE;CAJAMARCA;CAJAMARCA;CAJAMARCA;2025-02-05;2;1;1;NO APLICA;2
SEC05982;1;2011-03-06;14;4;PERÚ;2;EDUCADORES DE CALLE;ICA;ICA;ICA;2025-02-05;1;5;1;NO APLICA;2
SEC05983;2;2007-11-19;17;4;PERÚ;2;EDUCADORES DE CALLE;LIMA;HUARAL;HUARAL;2025-02-06;1;1;1;NO APLICA;2
SEC05984;1;2011-05-23;13;4;PERÚ;2;EDUCADORES DE CALLE;LIMA;HUARAL;HUARAL;2025-02-06;1;1;1;NO APLICA;2
SEC05985;2;2012-07-19;12;4;PERÚ;2;EDUCADORES DE CALLE;LIMA;HUARAL;HUARAL;2025-02-06;1;1;1;NO APLICA;2
SEC05986;1;2008-06-19;16;4;PERÚ;2;EDUCADORES DE CALLE;ICA;ICA;ICA;2025-02-06;1;5;1;NO APLICA;2
SEC05987;1;2011-09-14;13;4;PERÚ;2;EDUCADORES DE CALLE;LIMA;CALLAO;VENTANILLA;2025-02-06;3;1;1;NO APLICA;2
SEC05988;1;2009-06-08;15;4;PERÚ;2;EDUCADORES DE CALLE;LIMA;CALLAO;VENTANILLA;2025-02-06;3;1;1;NO APLICA;2
SEC05989;1;2012-11-05;12;4;PERÚ;2;EDUCADORES DE CALLE;TACNA;TACNA;TACNA;2025-02-06;1;1;1;NO APLICA;2
SEC05990;2;2012-12-12;12;4;PERÚ;2;EDUCADORES DE CALLE;TACNA;TACNA;TACNA;2025-02-06;1;1;1;NO APLICA;2
SEC05991;2;2017-01-21;8;3;PERÚ;2;EDUCADORES DE CALLE;JUNÍN;HUANCAYO;HUANCAYO;2025-02-06;1;1;1;NO APLICA;2
SEC05992;2;2017-01-28;8;3;PERÚ;2;EDUCADORES DE CALLE;LIMA;HUARAL;HUARAL;2025-02-06;1;1;1;NO APLICA;2
SEC05993;2;2018-11-26;6;3;PERÚ;2;EDUCADORES DE CALLE;LIMA;CALLAO;VENTANILLA;2025-02-06;3;1;1;NO APLICA;2
SEC05994;2;2014-08-18;10;3;PERÚ;2;EDUCADORES DE CALLE;LIMA;HUARAL;HUARAL;2025-02-07;1;1;1;NO APLICA;2
SEC05995;2;2010-10-09;14;4;PERÚ;2;EDUCADORES DE CALLE;LIMA;LIMA;SAN JUAN DE LURIGANCHO;2025-02-07;1;1;1;NO APLICA;2
SEC05996;1;2016-04-28;9;3;PERÚ;2;EDUCADORES DE CALLE;LIMA;HUARAL;HUARAL;2025-02-07;1;1;1;NO APLICA;2
SEC05997;2;2016-09-09;8;3;PERÚ;2;EDUCADORES DE CALLE;LIMA;HUARAL;HUARAL;2025-02-07;1;1;1;NO APLICA;2
SEC05998;1;2014-05-04;10;3;PERÚ;2;EDUCADORES DE CALLE;LIMA;HUARAL;HUARAL;2025-02-07;1;1;1;NO APLICA;2
SEC05999;2;2016-10-30;8;3;PERÚ;2;EDUCADORES DE CALLE;LIMA;LIMA;SAN JUAN DE LURIGANCHO;2025-02-10;1;1;1;NO APLICA;2
SEC06000;1;2007-04-29;18;5;PERÚ;2;EDUCADORES DE CALLE;TACNA;TACNA;ALTO DE LA ALIANZA;2025-02-11;1;1;2;2025-05-27;2
SEC06001;1;2009-08-31;15;4;PERÚ;2;EDUCADORES DE CALLE;TACNA;TACNA;ALTO DE LA ALIANZA;2025-02-11;1;1;1;NO APLICA;2
SEC06002;1;2015-08-17;9;3;PERÚ;2;EDUCADORES DE CALLE;LIMA;LIMA;COMAS;2025-02-11;1;1;2;2025-05-23;2
SEC06003;1;2015-09-28;9;3;PERÚ;2;EDUCADORES DE CALLE;LIMA;LIMA;VILLA EL SALVADOR;2025-02-11;1;1;1;NO APLICA;2
SEC06004;2;2015-09-28;9;3;PERÚ;1;EDUCADORES DE CALLE;LIMA;LIMA;VILLA EL SALVADOR;2025-02-11;1;1;1;NO APLICA;2
SEC06005;2;2013-10-25;11;3;PERÚ;2;EDUCADORES DE CALLE;CAJAMARCA;CAJAMARCA;CAJAMARCA;2025-02-11;2;1;1;NO APLICA;2
SEC06006;1;2017-04-28;8;3;PERÚ;2;EDUCADORES DE CALLE;CAJAMARCA;CAJAMARCA;CAJAMARCA;2025-02-11;2;1;1;NO APLICA;2
SEC06007;2;2010-09-15;14;4;PERÚ;2;EDUCADORES DE CALLE;TACNA;TACNA;TACNA;2025-02-12;1;1;1;NO APLICA;2
SEC06008;1;2008-01-16;17;4;PERÚ;2;EDUCADORES DE CALLE;LIMA;CALLAO;VENTANILLA;2025-02-12;3;1;1;NO APLICA;2
SEC06009;1;2014-08-06;10;3;PERÚ;2;EDUCADORES DE CALLE;AREQUIPA;AREQUIPA;CERRO COLORADO;2025-02-12;1;2;1;NO APLICA;2
SEC06010;2;2013-02-21;12;4;PERÚ;2;EDUCADORES DE CALLE;TACNA;TACNA;TACNA;2025-02-12;1;1;1;NO APLICA;2
SEC06011;2;2020-03-30;5;2;VENEZUELA;2;EDUCADORES DE CALLE;LIMA;LIMA;COMAS;2025-02-13;1;1;1;NO APLICA;2
SEC06012;1;2010-08-12;14;4;PERÚ;2;EDUCADORES DE CALLE;AREQUIPA;AREQUIPA;MIRAFLORES;2025-02-13;1;1;1;NO APLICA;2
SEC06013;2;2014-02-18;11;3;PERÚ;2;EDUCADORES DE CALLE;CAJAMARCA;CAJAMARCA;CAJAMARCA;2025-02-13;2;1;1;NO APLICA;2
SEC06014;1;2013-03-27;12;4;PERÚ;2;EDUCADORES DE CALLE;AREQUIPA;AREQUIPA;JOSE LUIS BUSTAMANTE Y RIVERO;2025-02-13;1;1;1;NO APLICA;2
SEC06015;2;2018-12-18;6;3;PERÚ;2;EDUCADORES DE CALLE;LIMA;LIMA;SAN MIGUEL;2025-02-13;1;1;1;NO APLICA;2
SEC06016;2;2015-12-12;9;3;PERÚ;2;EDUCADORES DE CALLE;MOQUEGUA;MARISCAL NIETO;MOQUEGUA;2025-02-14;1;1;1;NO APLICA;2
SEC06017;1;2011-09-29;13;4;PERÚ;2;EDUCADORES DE CALLE;AYACUCHO;HUAMANGA;AYACUCHO;2025-02-15;1;1;1;NO APLICA;2
SEC06018;1;2009-11-10;15;4;PERÚ;2;EDUCADORES DE CALLE;AYACUCHO;HUAMANGA;AYACUCHO;2025-02-15;1;1;1;NO APLICA;2
SEC06019;1;2014-01-13;11;3;PERÚ;2;EDUCADORES DE CALLE;AYACUCHO;HUAMANGA;AYACUCHO;2025-02-15;1;1;1;NO APLICA;2
SEC06020;1;2014-09-16;10;3;PERÚ;2;EDUCADORES DE CALLE;AYACUCHO;HUAMANGA;AYACUCHO;2025-02-15;1;1;1;NO APLICA;2
SEC06021;1;2013-05-31;11;3;PERÚ;2;EDUCADORES DE CALLE;TACNA;TACNA;ALTO DE LA ALIANZA;2025-02-18;1;1;1;NO APLICA;2
SEC06022;2;2013-10-14;11;3;PERÚ;2;EDUCADORES DE CALLE;TACNA;TACNA;CORONEL GREGORIO ALBARRACIN LANCHIPA;2025-02-18;1;1;1;NO APLICA;2
SEC06023;2;2013-12-03;11;3;PERÚ;2;EDUCADORES DE CALLE;LIMA;LIMA;CHORRILLOS;2025-02-18;1;1;1;NO APLICA;2
SEC06024;2;2017-05-02;7;3;PERÚ;2;EDUCADORES DE CALLE;LIMA;LIMA;MAGDALENA;2025-02-18;1;1;1;NO APLICA;2
SEC06025;2;2017-09-14;7;3;PERÚ;2;EDUCADORES DE CALLE;AYACUCHO;HUAMANGA;AYACUCHO;2025-02-18;1;1;1;NO APLICA;2
SEC06026;1;2017-10-24;7;3;PERÚ;2;EDUCADORES DE CALLE;AYACUCHO;HUAMANGA;AYACUCHO;2025-02-18;1;1;1;NO APLICA;2
SEC06027;1;2018-01-27;7;3;PERÚ;2;EDUCADORES DE CALLE;AYACUCHO;HUAMANGA;AYACUCHO;2025-02-18;1;1;1;NO APLICA;2
SEC06028;2;2018-10-24;6;3;PERÚ;2;EDUCADORES DE CALLE;AREQUIPA;AREQUIPA;CERRO COLORADO;2025-02-18;1;1;1;NO APLICA;2
SEC06029;2;2018-11-19;6;3;PERÚ;2;EDUCADORES DE CALLE;AYACUCHO;HUAMANGA;AYACUCHO;2025-02-18;1;1;1;NO APLICA;2
SEC06030;2;2023-06-11;1;2;PERÚ;2;EDUCADORES DE CALLE;LIMA;LIMA;MAGDALENA;2025-02-18;1;1;1;NO APLICA;2
SEC06031;2;2008-06-25;16;4;PERÚ;2;EDUCADORES DE CALLE;TACNA;TACNA;ALTO DE LA ALIANZA;2025-02-19;1;1;1;NO APLICA;2
SEC06032;1;2007-12-11;17;4;PERÚ;2;EDUCADORES DE CALLE;LIMA;LIMA;LA VICTORIA;2025-02-19;1;1;1;NO APLICA;2
SEC06033;1;2015-05-23;9;3;PERÚ;2;EDUCADORES DE CALLE;LIMA;CALLAO;VENTANILLA;2025-02-19;2;1;1;NO APLICA;2
SEC06034;1;2012-01-12;13;4;PERÚ;2;EDUCADORES DE CALLE;CAJAMARCA;CAJAMARCA;CAJAMARCA;2025-02-20;1;1;1;NO APLICA;2
SEC06035;1;2012-06-27;12;4;PERÚ;2;EDUCADORES DE CALLE;CAJAMARCA;CAJAMARCA;CAJAMARCA;2025-02-20;1;1;1;NO APLICA;2
SEC06036;1;2015-10-11;9;3;PERÚ;2;EDUCADORES DE CALLE;CAJAMARCA;CAJAMARCA;CAJAMARCA;2025-02-20;1;1;1;NO APLICA;2
SEC06037;2;2013-10-08;11;3;PERÚ;2;EDUCADORES DE CALLE;CAJAMARCA;CAJAMARCA;CAJAMARCA;2025-02-20;2;1;1;NO APLICA;2
SEC06038;2;2013-11-19;11;3;PERÚ;2;EDUCADORES DE CALLE;CAJAMARCA;CAJAMARCA;CAJAMARCA;2025-02-20;1;1;1;NO APLICA;2
SEC06039;2;2010-01-11;15;4;PERÚ;2;EDUCADORES DE CALLE;CUSCO;CUSCO;CUSCO;2025-02-21;3;1;1;NO APLICA;2
SEC06040;1;2012-06-10;12;4;PERÚ;2;EDUCADORES DE CALLE;PIURA;PIURA;PIURA;2025-02-21;1;1;1;NO APLICA;2
SEC06041;1;2013-10-23;11;3;PERÚ;2;EDUCADORES DE CALLE;CAJAMARCA;CAJAMARCA;CAJAMARCA;2025-02-21;1;1;1;NO APLICA;2
SEC06042;2;2014-07-16;10;3;PERÚ;2;EDUCADORES DE CALLE;CAJAMARCA;CAJAMARCA;CAJAMARCA;2025-02-21;1;1;1;NO APLICA;2
SEC06043;2;2016-07-30;8;3;PERÚ;2;EDUCADORES DE CALLE;PIURA;SULLANA;SULLANA;2025-02-21;1;1;1;NO APLICA;2
SEC06044;1;2014-01-13;11;3;PERÚ;2;EDUCADORES DE CALLE;MOQUEGUA;MARISCAL NIETO;MOQUEGUA;2025-02-21;1;1;1;NO APLICA;2
SEC06045;2;2015-07-30;9;3;PERÚ;2;EDUCADORES DE CALLE;TACNA;TACNA;CORONEL GREGORIO ALBARRACIN LANCHIPA;2025-02-21;1;1;1;NO APLICA;2
SEC06046;2;2013-02-19;12;4;PERÚ;2;EDUCADORES DE CALLE;CAJAMARCA;CAJAMARCA;CAJAMARCA;2025-02-21;1;1;1;NO APLICA;2
SEC06047;2;2016-04-07;9;3;PERÚ;2;EDUCADORES DE CALLE;MOQUEGUA;MARISCAL NIETO;MOQUEGUA;2025-02-21;1;1;1;NO APLICA;2
SEC06048;1;2017-06-27;7;3;PERÚ;2;EDUCADORES DE CALLE;PASCO;PASCO;YANACANCHA;2025-02-21;1;1;1;NO APLICA;2
SEC06049;1;2018-03-02;7;3;PERÚ;2;EDUCADORES DE CALLE;JUNÍN;HUANCAYO;HUANCAYO;2025-02-21;1;1;1;NO APLICA;2
SEC06050;1;2019-03-25;6;3;PERÚ;2;EDUCADORES DE CALLE;PIURA;SULLANA;SULLANA;2025-02-21;1;1;1;NO APLICA;2
SEC06051;2;2011-01-19;14;4;PERÚ;2;EDUCADORES DE CALLE;LAMBAYEQUE;CHICLAYO;JOSE LEONARDO ORTIZ;2025-02-22;1;1;1;NO APLICA;2
SEC06052;1;2011-04-25;14;4;PERÚ;2;EDUCADORES DE CALLE;LAMBAYEQUE;CHICLAYO;JOSE LEONARDO ORTIZ;2025-02-22;1;1;1;NO APLICA;2
SEC06053;2;2008-04-01;17;4;PERÚ;2;EDUCADORES DE CALLE;LAMBAYEQUE;CHICLAYO;CHICLAYO;2025-02-22;1;1;1;NO APLICA;2
SEC06054;1;2013-01-30;12;4;PERÚ;2;EDUCADORES DE CALLE;LAMBAYEQUE;CHICLAYO;CHICLAYO;2025-02-22;1;1;1;NO APLICA;2
SEC06055;1;2015-03-18;10;3;PERÚ;2;EDUCADORES DE CALLE;LAMBAYEQUE;CHICLAYO;JOSE LEONARDO ORTIZ;2025-02-22;1;1;1;NO APLICA;2
SEC06056;1;2016-04-30;9;3;PERÚ;2;EDUCADORES DE CALLE;LAMBAYEQUE;CHICLAYO;JOSE LEONARDO ORTIZ;2025-02-22;1;1;1;NO APLICA;2
SEC06057;2;2016-06-06;8;3;PERÚ;2;EDUCADORES DE CALLE;LAMBAYEQUE;CHICLAYO;JOSE LEONARDO ORTIZ;2025-02-22;1;1;1;NO APLICA;2
SEC06058;2;2013-02-19;12;4;PERÚ;2;EDUCADORES DE CALLE;LAMBAYEQUE;CHICLAYO;JOSE LEONARDO ORTIZ;2025-02-22;1;1;1;NO APLICA;2
SEC06059;1;2018-05-07;6;3;PERÚ;2;EDUCADORES DE CALLE;LAMBAYEQUE;CHICLAYO;JOSE LEONARDO ORTIZ;2025-02-22;1;1;1;NO APLICA;2
SEC06060;1;2018-10-16;6;3;PERÚ;2;EDUCADORES DE CALLE;LAMBAYEQUE;CHICLAYO;JOSE LEONARDO ORTIZ;2025-02-22;1;1;1;NO APLICA;2
SEC06061;2;2010-08-25;14;4;PERÚ;2;EDUCADORES DE CALLE;PIURA;SULLANA;SULLANA;2025-02-24;1;1;1;NO APLICA;2
SEC06062;1;2007-08-21;17;4;PERÚ;2;EDUCADORES DE CALLE;LIMA;LIMA;PUENTE PIEDRA;2025-02-24;1;1;1;NO APLICA;2
SEC06063;1;2010-03-06;15;4;PERÚ;2;EDUCADORES DE CALLE;AREQUIPA;AREQUIPA;JOSE LUIS BUSTAMANTE Y RIVERO;2025-02-24;1;1;1;NO APLICA;2
SEC06064;1;2014-11-30;10;3;PERÚ;2;EDUCADORES DE CALLE;PIURA;SULLANA;SULLANA;2025-02-24;1;1;1;NO APLICA;2
SEC06065;1;2012-01-21;13;4;PERÚ;2;EDUCADORES DE CALLE;AREQUIPA;AREQUIPA;JOSE LUIS BUSTAMANTE Y RIVERO;2025-02-24;1;1;1;NO APLICA;2
SEC06066;2;2014-03-04;11;3;PERÚ;2;EDUCADORES DE CALLE;AREQUIPA;AREQUIPA;JOSE LUIS BUSTAMANTE Y RIVERO;2025-02-24;1;1;1;NO APLICA;2
SEC06067;2;2017-07-11;7;3;PERÚ;2;EDUCADORES DE CALLE;MOQUEGUA;ILO;ILO;2025-02-24;1;1;1;NO APLICA;2
SEC06068;2;2012-11-04;12;4;PERÚ;2;EDUCADORES DE CALLE;JUNÍN;HUANCAYO;HUANCAYO;2025-02-25;1;1;1;NO APLICA;2
SEC06069;2;2013-12-21;11;3;PERÚ;2;EDUCADORES DE CALLE;LIMA;LIMA;VILLA MARIA DEL TRIUNFO;2025-02-25;1;1;1;NO APLICA;2
SEC06070;2;2014-07-11;10;3;PERÚ;2;EDUCADORES DE CALLE;LIMA;LIMA;VILLA MARIA DEL TRIUNFO;2025-02-25;1;1;1;NO APLICA;2
SEC06071;2;2014-07-23;10;3;PERÚ;2;EDUCADORES DE CALLE;JUNÍN;HUANCAYO;HUANCAYO;2025-02-25;1;1;1;NO APLICA;2
SEC06072;2;2015-06-19;9;3;PERÚ;2;EDUCADORES DE CALLE;JUNÍN;HUANCAYO;HUANCAYO;2025-02-25;1;1;1;NO APLICA;2
SEC06073;1;2015-08-07;9;3;PERÚ;2;EDUCADORES DE CALLE;JUNÍN;HUANCAYO;HUANCAYO;2025-02-25;1;1;2;2025-05-26;2
SEC06074;1;2016-04-27;9;3;PERÚ;2;EDUCADORES DE CALLE;ICA;ICA;ICA;2025-02-25;1;1;1;NO APLICA;2
SEC06075;1;2013-03-09;12;4;PERÚ;2;EDUCADORES DE CALLE;ICA;ICA;ICA;2025-02-25;1;1;1;NO APLICA;2
SEC06076;2;2014-04-06;11;3;PERÚ;2;EDUCADORES DE CALLE;JUNÍN;HUANCAYO;HUANCAYO;2025-02-25;1;1;1;NO APLICA;2
SEC06077;2;2017-01-17;8;3;PERÚ;2;EDUCADORES DE CALLE;LIMA;LIMA;VILLA MARIA DEL TRIUNFO;2025-02-25;1;1;1;NO APLICA;2
SEC06078;1;2017-04-05;8;3;PERÚ;2;EDUCADORES DE CALLE;JUNÍN;Huancayo;HUANCAYO;2025-02-25;1;1;1;NO APLICA;2
SEC06079;2;2017-11-12;7;3;PERÚ;2;EDUCADORES DE CALLE;ICA;ICA;ICA;2025-02-25;1;1;1;NO APLICA;2
SEC06080;1;2017-10-30;7;3;PERÚ;2;EDUCADORES DE CALLE;JUNÍN;HUANCAYO;HUANCAYO;2025-02-25;1;1;2;2025-05-26;2
SEC06081;2;2019-02-15;6;3;PERÚ;2;EDUCADORES DE CALLE;JUNÍN;HUANCAYO;HUANCAYO;2025-02-25;1;1;1;NO APLICA;2
SEC06082;1;2021-12-22;3;2;PERÚ;2;EDUCADORES DE CALLE;LIMA;LIMA;VILLA MARIA DEL TRIUNFO;2025-02-25;1;1;1;NO APLICA;2
SEC06083;1;2011-06-15;13;4;PERÚ;2;EDUCADORES DE CALLE;LIMA;LIMA;SURQUILLO;2025-02-26;1;1;1;NO APLICA;2
SEC06084;2;2011-10-09;13;4;PERÚ;2;EDUCADORES DE CALLE;LIMA;LIMA;SURQUILLO;2025-02-26;1;1;1;NO APLICA;2
SEC06085;1;2015-04-24;10;3;PERÚ;2;EDUCADORES DE CALLE;JUNÍN;CHUPACA;CHUPACA;2025-02-26;1;1;1;NO APLICA;2
SEC06086;2;2016-09-01;8;3;PERÚ;2;EDUCADORES DE CALLE;JUNÍN;CHUPACA;CHUPACA;2025-02-26;1;1;1;NO APLICA;2
SEC06087;2;2018-05-20;6;3;PERÚ;2;EDUCADORES DE CALLE;LIMA;LIMA;SURQUILLO;2025-02-26;1;1;1;NO APLICA;2
SEC06088;2;2020-09-21;4;2;PERÚ;2;EDUCADORES DE CALLE;LIMA;LIMA;SURQUILLO;2025-02-26;1;1;1;NO APLICA;2
SEC06089;1;2012-07-13;12;4;PERÚ;2;EDUCADORES DE CALLE;LIMA;LIMA;CARABAYLLO;2025-02-28;1;1;1;NO APLICA;2
SEC06090;2;2018-03-20;7;3;PERÚ;2;EDUCADORES DE CALLE;LIMA;LIMA;CARABAYLLO;2025-02-28;1;1;1;NO APLICA;2
SEC06091;1;2009-05-07;15;4;PERÚ;2;EDUCADORES DE CALLE;HUÁNUCO;HUÁNUCO;HUÁNUCO;2025-03-01;1;1;1;NO APLICA;2
SEC06092;2;2014-10-08;10;3;PERÚ;2;EDUCADORES DE CALLE;HUÁNUCO;HUÁNUCO;HUÁNUCO;2025-03-01;1;1;1;NO APLICA;2
SEC06093;1;2020-09-15;4;2;PERÚ;2;EDUCADORES DE CALLE;HUÁNUCO;HUÁNUCO;HUÁNUCO;2025-03-01;1;1;1;NO APLICA;2
SEC06094;1;2009-07-02;15;4;PERÚ;2;EDUCADORES DE CALLE;CUSCO;CUSCO;SANTIAGO;2025-03-02;1;1;1;NO APLICA;2
SEC06095;1;2016-07-19;8;3;COLOMBIA;2;EDUCADORES DE CALLE;TACNA;TACNA;TACNA;2025-03-03;2;5;1;NO APLICA;2
SEC06096;2;2012-09-11;12;4;PERÚ;2;EDUCADORES DE CALLE;MOQUEGUA;MARISCAL NIETO;MOQUEGUA;2025-03-04;1;1;1;NO APLICA;2
SEC06097;2;2013-11-29;11;3;PERÚ;2;EDUCADORES DE CALLE;CUSCO;CUSCO;SANTIAGO;2025-03-04;1;1;1;NO APLICA;2
SEC06098;2;2014-09-03;10;3;PERÚ;1;EDUCADORES DE CALLE;LIMA;HUARAL;CHANCAY;2025-03-04;1;1;1;NO APLICA;2
SEC06099;2;2016-06-22;8;3;PERÚ;2;EDUCADORES DE CALLE;LIMA;LIMA;COMAS;2025-03-04;1;1;1;NO APLICA;2
SEC06100;1;2012-01-16;13;4;PERÚ;2;EDUCADORES DE CALLE;LIMA;LIMA;LIMA;2025-03-04;2;1;1;NO APLICA;2
SEC06101;1;2017-02-09;8;3;PERÚ;1;EDUCADORES DE CALLE;LIMA;HUARAL;CHANCAY;2025-03-04;1;1;1;NO APLICA;2
SEC06102;2;2017-03-08;8;3;PERÚ;2;EDUCADORES DE CALLE;LIMA;LIMA;LIMA;2025-03-04;2;1;1;NO APLICA;2
SEC06103;1;2021-07-25;3;2;PERÚ;2;EDUCADORES DE CALLE;LIMA;LIMA;LIMA;2025-03-04;2;1;1;NO APLICA;2
SEC06104;2;2022-03-22;3;2;PERÚ;2;EDUCADORES DE CALLE;LIMA;LIMA;LIMA;2025-03-04;2;1;1;NO APLICA;2
SEC06105;2;2023-06-25;1;2;PERÚ;2;EDUCADORES DE CALLE;LIMA;LIMA;LIMA;2025-03-04;2;1;1;NO APLICA;2
SEC06106;1;2018-12-31;6;3;PERÚ;2;EDUCADORES DE CALLE;LIMA;LIMA;COMAS;2025-03-04;1;1;1;NO APLICA;2
SEC06107;1;2011-08-24;13;4;PERÚ;2;EDUCADORES DE CALLE;TACNA;TACNA;TACNA;2025-03-05;1;1;1;NO APLICA;2
SEC06108;2;2008-10-03;16;4;PERÚ;2;EDUCADORES DE CALLE;LIMA;LIMA;SAN MARTIN DE PORRES;2025-03-05;1;1;1;NO APLICA;2
SEC06109;1;2014-06-10;10;3;PERÚ;2;EDUCADORES DE CALLE;LIMA;HUARAL;HUARAL;2025-03-05;1;1;1;NO APLICA;2
SEC06110;2;2015-10-23;9;3;PERÚ;2;EDUCADORES DE CALLE;LIMA;LIMA;LIMA;2025-03-05;2;1;1;NO APLICA;2
SEC06111;1;2022-06-16;2;2;PERÚ;2;EDUCADORES DE CALLE;LIMA;LIMA;SAN MARTIN DE PORRES;2025-03-05;2;1;1;NO APLICA;1
SEC06112;2;2009-06-20;15;4;PERÚ;2;EDUCADORES DE CALLE;MOQUEGUA;MARISCAL NIETO;MOQUEGUA;2025-03-06;1;1;1;NO APLICA;2
SEC06113;1;2010-06-08;14;4;PERÚ;2;EDUCADORES DE CALLE;TACNA;TACNA;TACNA;2025-03-06;3;1;1;NO APLICA;1
SEC06114;2;2011-02-28;14;4;PERÚ;2;EDUCADORES DE CALLE;MOQUEGUA;MARISCAL NIETO;MOQUEGUA;2025-03-06;1;1;1;NO APLICA;2
SEC06115;1;2012-05-06;12;4;PERÚ;2;EDUCADORES DE CALLE;CUSCO;CUSCO;SAN JERONIMO;2025-03-06;1;1;1;NO APLICA;2
SEC06116;1;2011-05-26;13;4;PERÚ;1;EDUCADORES DE CALLE;PASCO;PASCO;CHAUPIMARCA;2025-03-06;1;1;1;NO APLICA;2
SEC06117;2;2012-09-30;12;4;PERÚ;2;EDUCADORES DE CALLE;CUSCO;CUSCO;SANTIAGO;2025-03-06;1;1;1;NO APLICA;2
SEC06118;1;2013-03-22;12;4;PERÚ;2;EDUCADORES DE CALLE;MOQUEGUA;MARISCAL NIETO;MOQUEGUA;2025-03-06;1;1;1;NO APLICA;2
SEC06119;2;2013-02-15;12;4;PERÚ;2;EDUCADORES DE CALLE;MOQUEGUA;MARISCAL NIETO;MOQUEGUA;2025-03-06;1;1;1;NO APLICA;2
SEC06120;1;2014-01-09;11;3;PERÚ;2;EDUCADORES DE CALLE;TACNA;TACNA;TACNA;2025-03-06;1;1;1;NO APLICA;2
SEC06121;2;2015-10-09;9;3;PERÚ;2;EDUCADORES DE CALLE;MOQUEGUA;MARISCAL NIETO;MOQUEGUA;2025-03-06;1;1;1;NO APLICA;2
SEC06122;2;2015-10-25;9;3;PERÚ;2;EDUCADORES DE CALLE;MOQUEGUA;MARISCAL NIETO;MOQUEGUA;2025-03-06;1;1;1;NO APLICA;2
SEC06123;2;2012-09-15;12;4;PERÚ;2;EDUCADORES DE CALLE;TACNA;TACNA;CORONEL GREGORIO ALBARRACIN LANCHIPA;2025-03-06;3;1;1;NO APLICA;2
SEC06124;2;2017-12-18;7;3;PERÚ;2;EDUCADORES DE CALLE;MOQUEGUA;MARISCAL NIETO;MOQUEGUA;2025-03-06;1;1;1;NO APLICA;2
SEC06125;1;2019-12-11;5;2;PERÚ;2;EDUCADORES DE CALLE;AREQUIPA;AREQUIPA;CERRO COLORADO;2025-03-06;1;2;1;NO APLICA;2
SEC06126;1;2008-09-03;16;4;PERÚ;2;EDUCADORES DE CALLE;CUSCO;CUSCO;CUSCO;2025-03-07;1;1;1;NO APLICA;2
SEC06127;1;2010-06-06;14;4;PERÚ;2;EDUCADORES DE CALLE;CUSCO;CUSCO;CUSCO;2025-03-07;1;1;1;NO APLICA;2
SEC06128;2;2010-05-29;14;4;PERÚ;2;EDUCADORES DE CALLE;AREQUIPA;AREQUIPA;CERRO COLORADO;2025-03-07;1;1;1;NO APLICA;2
SEC06129;2;2010-03-06;15;4;PERÚ;2;EDUCADORES DE CALLE;LIMA;HUARAL;HUARAL;2025-03-07;1;1;1;NO APLICA;2
SEC06130;2;2014-11-05;10;3;PERÚ;2;EDUCADORES DE CALLE;CUSCO;CUSCO;CUSCO;2025-03-07;1;1;1;NO APLICA;2
SEC06131;1;2014-12-10;10;3;PERÚ;2;EDUCADORES DE CALLE;CUSCO;CUSCO;CUSCO;2025-03-07;1;1;1;NO APLICA;2
SEC06132;2;2015-05-07;9;3;PERÚ;2;EDUCADORES DE CALLE;LIMA;HUARAL;HUARAL;2025-03-07;1;1;1;NO APLICA;2
SEC06133;1;2015-09-23;9;3;PERÚ;2;EDUCADORES DE CALLE;CUSCO;CUSCO;CUSCO;2025-03-07;1;1;1;NO APLICA;2
SEC06134;2;2015-12-09;9;3;PERÚ;2;EDUCADORES DE CALLE;CUSCO;CUSCO;CUSCO;2025-03-07;1;1;1;NO APLICA;2
SEC06135;2;2016-04-23;9;3;PERÚ;2;EDUCADORES DE CALLE;CUSCO;CUSCO;SAN JERONIMO;2025-03-07;1;1;1;NO APLICA;2
SEC06136;2;2018-08-08;6;3;PERÚ;2;EDUCADORES DE CALLE;CUSCO;CUSCO;CUSCO;2025-03-07;1;1;1;NO APLICA;2
SEC06137;1;2013-07-07;11;3;PERÚ;2;EDUCADORES DE CALLE;LIMA;HUARAL;HUARAL;2025-03-07;1;1;1;NO APLICA;2
SEC06138;2;2018-01-22;7;3;PERÚ;2;EDUCADORES DE CALLE;CUSCO;CUSCO;CUSCO;2025-03-07;1;1;1;NO APLICA;2
SEC06139;1;2014-04-07;11;3;PERÚ;2;EDUCADORES DE CALLE;LIMA;LIMA;LIMA;2025-03-10;1;5;1;NO APLICA;2
SEC06140;2;2015-09-18;9;3;PERÚ;2;EDUCADORES DE CALLE;LIMA;LIMA;LIMA;2025-03-10;1;5;1;NO APLICA;2
SEC06141;1;2018-02-17;7;3;PERÚ;2;EDUCADORES DE CALLE;LIMA;LIMA;LIMA;2025-03-10;1;5;1;NO APLICA;2
SEC06142;2;2010-03-13;15;4;PERÚ;2;EDUCADORES DE CALLE;TACNA;TACNA;CORONEL GREGORIO ALBARRACIN LANCHIPA;2025-03-11;1;1;1;NO APLICA;2
SEC06143;1;2011-12-20;13;4;PERÚ;2;EDUCADORES DE CALLE;LIMA;LIMA;EL AGUSTINO;2025-03-11;3;1;1;NO APLICA;2
SEC06144;2;2012-06-04;12;4;PERÚ;2;EDUCADORES DE CALLE;LIMA;LIMA;SAN JUAN DE LURIGANCHO;2025-03-11;1;1;1;NO APLICA;2
SEC06145;2;2013-03-25;12;4;PERÚ;2;EDUCADORES DE CALLE;TACNA;TACNA;CORONEL GREGORIO ALBARRACIN LANCHIPA;2025-03-11;1;1;1;NO APLICA;2
SEC06146;2;2008-03-31;17;4;PERÚ;2;EDUCADORES DE CALLE;LIMA;LIMA;SAN JUAN DE LURIGANCHO;2025-03-12;1;1;1;NO APLICA;2
SEC06147;2;2009-11-30;15;4;PERÚ;2;EDUCADORES DE CALLE;CUSCO;CUSCO;CUSCO;2025-03-12;1;1;1;NO APLICA;2
SEC06148;2;2011-04-14;14;4;PERÚ;2;EDUCADORES DE CALLE;AREQUIPA;AREQUIPA;CERRO COLORADO;2025-03-12;1;1;1;NO APLICA;2
SEC06149;1;2012-03-05;13;4;PERÚ;2;EDUCADORES DE CALLE;CUSCO;CUSCO;SAN JERONIMO;2025-03-12;1;1;1;NO APLICA;2
SEC06150;2;2010-08-26;14;4;PERÚ;2;EDUCADORES DE CALLE;HUANCAVELICA;HUANCAVELICA;HUANCAVELICA;2025-03-12;1;1;1;NO APLICA;2
SEC06151;1;2011-10-17;13;4;PERÚ;2;EDUCADORES DE CALLE;LIMA;LIMA;PUENTE PIEDRA;2025-03-12;3;1;1;NO APLICA;2
SEC06152;2;2013-03-20;12;4;PERÚ;2;EDUCADORES DE CALLE;CUSCO;CUSCO;CUSCO;2025-03-12;1;1;1;NO APLICA;2
SEC06153;1;2013-04-26;12;4;PERÚ;2;EDUCADORES DE CALLE;HUANCAVELICA;HUANCAVELICA;HUANCAVELICA;2025-03-12;1;1;1;NO APLICA;2
SEC06154;1;2017-07-26;7;3;PERÚ;2;EDUCADORES DE CALLE;AREQUIPA;AREQUIPA;CERRO COLORADO;2025-03-12;1;1;1;NO APLICA;2
SEC06155;2;2013-03-27;12;4;PERÚ;2;EDUCADORES DE CALLE;LIMA;HUARAL;HUARAL;2025-03-13;1;1;1;NO APLICA;2
SEC06156;1;2011-09-04;13;4;PERÚ;2;EDUCADORES DE CALLE;AREQUIPA;AREQUIPA;JOSE LUIS BUSTAMANTE Y RIVERO;2025-03-13;1;2;1;NO APLICA;2
SEC06157;2;2013-09-08;11;3;PERÚ;2;EDUCADORES DE CALLE;TACNA;TACNA;CORONEL GREGORIO ALBARRACIN LANCHIPA;2025-03-13;1;1;1;NO APLICA;2
SEC06158;2;2014-01-06;11;3;PERÚ;2;EDUCADORES DE CALLE;TACNA;TACNA;CORONEL GREGORIO ALBARRACIN LANCHIPA;2025-03-13;1;1;1;NO APLICA;2
SEC06159;2;2015-10-24;9;3;PERÚ;2;EDUCADORES DE CALLE;LIMA;HUARAL;HUARAL;2025-03-13;1;1;1;NO APLICA;2
SEC06160;2;2018-04-02;7;3;PERÚ;2;EDUCADORES DE CALLE;AREQUIPA;AREQUIPA;JOSE LUIS BUSTAMANTE Y RIVERO;2025-03-13;1;2;1;NO APLICA;2
SEC06161;1;2013-12-16;11;3;PERÚ;2;EDUCADORES DE CALLE;AYACUCHO;HUAMANGA;AYACUCHO;2025-03-14;1;1;1;NO APLICA;2
SEC06162;1;2016-06-05;8;3;PERÚ;2;EDUCADORES DE CALLE;AYACUCHO;HUAMANGA;AYACUCHO;2025-03-14;1;1;1;NO APLICA;2
SEC06163;1;2017-03-06;8;3;PERÚ;2;EDUCADORES DE CALLE;HUANCAVELICA;HUANCAVELICA;HUANCAVELICA;2025-03-14;1;1;1;NO APLICA;2
SEC06164;2;2018-02-14;7;3;PERÚ;2;EDUCADORES DE CALLE;AYACUCHO;HUAMANGA;AYACUCHO;2025-03-14;1;1;1;NO APLICA;2
SEC06165;1;2019-03-16;6;3;PERÚ;2;EDUCADORES DE CALLE;LIMA;LIMA;VILLA EL SALVADOR;2025-03-14;1;1;1;NO APLICA;2
SEC06166;1;2011-04-20;14;4;PERÚ;2;EDUCADORES DE CALLE;AREQUIPA;AREQUIPA;JOSE LUIS BUSTAMANTE Y RIVERO;2025-03-15;1;1;1;NO APLICA;2
SEC06167;1;2012-01-12;13;4;PERÚ;2;EDUCADORES DE CALLE;AREQUIPA;AREQUIPA;JOSE LUIS BUSTAMANTE Y RIVERO;2025-03-15;1;1;1;NO APLICA;2
SEC06168;2;2012-10-10;12;4;PERÚ;2;EDUCADORES DE CALLE;CUSCO;CUSCO;SANTIAGO;2025-03-15;1;1;1;NO APLICA;2
SEC06169;2;2015-02-16;10;3;PERÚ;2;EDUCADORES DE CALLE;CUSCO;CUSCO;SANTIAGO;2025-03-15;1;1;1;NO APLICA;2
SEC06170;2;2017-09-23;7;3;PERÚ;2;EDUCADORES DE CALLE;LIMA;LIMA;COMAS;2025-03-15;3;1;1;NO APLICA;2
SEC06171;2;2008-08-05;16;4;PERÚ;2;EDUCADORES DE CALLE;CUSCO;CUSCO;SANTIAGO;2025-03-15;1;1;1;NO APLICA;2
SEC06172;1;2009-07-10;15;4;PERÚ;2;EDUCADORES DE CALLE;LIMA;LIMA;PUENTE PIEDRA;2025-03-18;3;1;1;NO APLICA;2
SEC06173;2;2009-05-06;15;4;PERÚ;2;EDUCADORES DE CALLE;PUNO;SAN ROMAN;JULIACA;2025-03-18;1;1;1;NO APLICA;2
SEC06174;1;2012-11-16;12;4;PERÚ;2;EDUCADORES DE CALLE;CUSCO;CUSCO;SAN JERONIMO;2025-03-18;1;1;1;NO APLICA;2
SEC06175;2;2013-03-08;12;4;PERÚ;2;EDUCADORES DE CALLE;LIMA;LIMA;VILLA EL SALVADOR;2025-03-18;1;1;1;NO APLICA;2
SEC06176;2;2013-08-07;11;3;PERÚ;2;EDUCADORES DE CALLE;PUNO;SAN ROMAN;JULIACA;2025-03-18;1;1;1;NO APLICA;2
SEC06177;1;2014-04-04;11;3;PERÚ;2;EDUCADORES DE CALLE;PUNO;SAN ROMAN;JULIACA;2025-03-18;1;1;1;NO APLICA;2
SEC06178;1;2018-04-23;7;3;PERÚ;2;EDUCADORES DE CALLE;PUNO;SAN ROMAN;JULIACA;2025-03-18;1;1;1;NO APLICA;2
SEC06179;2;2016-05-28;8;3;PERÚ;2;EDUCADORES DE CALLE;PUNO;SAN ROMAN;JULIACA;2025-03-18;1;1;1;NO APLICA;2
SEC06180;2;2012-07-18;12;4;PERÚ;2;EDUCADORES DE CALLE;TACNA;TACNA;CIUDAD NUEVA;2025-03-18;1;1;1;NO APLICA;2
SEC06181;1;2014-11-13;10;3;PERÚ;2;EDUCADORES DE CALLE;CUSCO;CUSCO;SAN JERONIMO;2025-03-18;1;1;1;NO APLICA;2
SEC06182;2;2015-02-16;10;3;PERÚ;2;EDUCADORES DE CALLE;PUNO;SAN ROMAN;JULIACA;2025-03-18;1;1;1;NO APLICA;2
SEC06183;1;2017-07-15;7;3;PERÚ;2;EDUCADORES DE CALLE;PUNO;SAN ROMAN;JULIACA;2025-03-18;1;1;1;NO APLICA;2
SEC06184;2;2017-08-18;7;3;PERÚ;2;EDUCADORES DE CALLE;PUNO;SAN ROMAN;JULIACA;2025-03-18;1;1;1;NO APLICA;2
SEC06185;1;2018-01-01;7;3;PERÚ;2;EDUCADORES DE CALLE;PUNO;SAN ROMAN;JULIACA;2025-03-18;1;1;1;NO APLICA;2
SEC06186;1;2017-05-22;7;3;PERÚ;2;EDUCADORES DE CALLE;LIMA;LIMA;LIMA;2025-03-18;2;1;1;NO APLICA;2
SEC06187;2;2019-05-29;5;2;PERÚ;2;EDUCADORES DE CALLE;LIMA;LIMA;LIMA;2025-03-18;2;1;1;NO APLICA;2
SEC06188;1;2013-01-15;12;4;PERÚ;2;EDUCADORES DE CALLE;LIMA;LIMA;LIMA;2025-03-18;2;1;1;NO APLICA;2
SEC06189;2;2010-03-25;15;4;PERÚ;2;EDUCADORES DE CALLE;CUSCO;CUSCO;CUSCO;2025-03-19;1;1;1;NO APLICA;2
SEC06190;1;2013-02-19;12;4;PERÚ;2;EDUCADORES DE CALLE;TUMBES;ZARUMILLA;ZARUMILLA;2025-03-19;1;1;1;NO APLICA;2
SEC06191;2;2011-04-17;14;4;PERÚ;2;EDUCADORES DE CALLE;CUSCO;CUSCO;CUSCO;2025-03-19;1;1;1;NO APLICA;2
SEC06192;2;2013-08-31;11;3;PERÚ;2;EDUCADORES DE CALLE;CUSCO;CUSCO;CUSCO;2025-03-19;1;1;1;NO APLICA;2
SEC06193;2;2013-10-10;11;3;PERÚ;1;EDUCADORES DE CALLE;CUSCO;CUSCO;SAN JERONIMO;2025-03-19;1;1;1;NO APLICA;2
SEC06194;1;2014-02-12;11;3;PERÚ;2;EDUCADORES DE CALLE;CUSCO;CUSCO;SAN JERONIMO;2025-03-19;1;1;1;NO APLICA;2
SEC06195;1;2014-05-11;10;3;PERÚ;2;EDUCADORES DE CALLE;CUSCO;CUSCO;CUSCO;2025-03-19;1;1;1;NO APLICA;2
SEC06196;1;2014-12-14;10;3;PERÚ;2;EDUCADORES DE CALLE;TUMBES;ZARUMILLA;ZARUMILLA;2025-03-19;1;1;1;NO APLICA;2
SEC06197;2;2016-08-09;8;3;PERÚ;2;EDUCADORES DE CALLE;CUSCO;CUSCO;CUSCO;2025-03-19;1;1;1;NO APLICA;2
SEC06198;1;2013-03-29;12;4;PERÚ;2;EDUCADORES DE CALLE;AREQUIPA;AREQUIPA;JOSE LUIS BUSTAMANTE Y RIVERO;2025-03-19;1;1;1;NO APLICA;2
SEC06199;2;2017-08-20;7;3;PERÚ;2;EDUCADORES DE CALLE;CUSCO;CUSCO;SAN JERONIMO;2025-03-19;1;1;1;NO APLICA;2
SEC06200;1;2024-03-01;1;2;PERÚ;2;EDUCADORES DE CALLE;LIMA;LIMA;LIMA;2025-03-19;1;5;1;NO APLICA;2
SEC06201;1;2011-06-08;13;4;PERÚ;2;EDUCADORES DE CALLE;TUMBES;ZARUMILLA;AGUAS VERDES;2025-03-20;1;1;1;NO APLICA;2
SEC06202;2;2010-03-13;15;4;PERÚ;2;EDUCADORES DE CALLE;HUANCAVELICA;HUANCAVELICA;HUANCAVELICA;2025-03-20;1;1;1;NO APLICA;2
SEC06203;2;2009-03-05;16;4;PERÚ;2;EDUCADORES DE CALLE;AYACUCHO;HUAMANGA;AYACUCHO;2025-03-20;1;1;1;NO APLICA;2
SEC06204;2;2010-09-19;14;4;PERÚ;2;EDUCADORES DE CALLE;CUSCO;CUSCO;CUSCO;2025-03-20;3;1;1;NO APLICA;2
SEC06205;1;2010-07-26;14;4;PERÚ;2;EDUCADORES DE CALLE;AYACUCHO;HUAMANGA;AYACUCHO;2025-03-20;1;1;1;NO APLICA;2
SEC06206;2;2010-06-26;14;4;PERÚ;2;EDUCADORES DE CALLE;PIURA;SULLANA;SULLANA;2025-03-20;1;1;1;NO APLICA;2
SEC06207;1;2011-09-13;13;4;PERÚ;2;EDUCADORES DE CALLE;AREQUIPA;AREQUIPA;JOSE LUIS BUSTAMANTE Y RIVERO;2025-03-20;1;1;1;NO APLICA;2
SEC06208;2;2013-10-28;11;3;PERÚ;2;EDUCADORES DE CALLE;PUNO;SAN ROMAN;JULIACA;2025-03-20;1;1;1;NO APLICA;2
SEC06209;1;2013-04-10;12;4;PERÚ;2;EDUCADORES DE CALLE;PUNO;SAN ROMAN;JULIACA;2025-03-20;1;1;1;NO APLICA;2
SEC06210;1;2010-10-08;14;4;PERÚ;2;EDUCADORES DE CALLE;CAJAMARCA;CAJAMARCA;CAJAMARCA;2025-03-20;2;1;1;NO APLICA;2
SEC06211;2;2012-11-05;12;4;PERÚ;2;EDUCADORES DE CALLE;CAJAMARCA;CAJAMARCA;CAJAMARCA;2025-03-20;2;1;1;NO APLICA;2
SEC06212;2;2012-05-25;12;4;PERÚ;2;EDUCADORES DE CALLE;CUSCO;CUSCO;CUSCO;2025-03-20;1;1;1;NO APLICA;2
SEC06213;2;2013-01-10;12;4;PERÚ;2;EDUCADORES DE CALLE;HUANCAVELICA;HUANCAVELICA;HUANCAVELICA;2025-03-20;1;1;1;NO APLICA;2
SEC06214;1;2013-08-08;11;3;PERÚ;2;EDUCADORES DE CALLE;HUANCAVELICA;HUANCAVELICA;HUANCAVELICA;2025-03-20;1;1;1;NO APLICA;2
SEC06215;2;2013-10-07;11;3;PERÚ;2;EDUCADORES DE CALLE;PIURA;SULLANA;SULLANA;2025-03-20;1;1;1;NO APLICA;2
SEC06216;2;2013-12-06;11;3;PERÚ;2;EDUCADORES DE CALLE;AYACUCHO;HUAMANGA;AYACUCHO;2025-03-20;1;1;1;NO APLICA;2
SEC06217;2;2014-03-16;11;3;PERÚ;2;EDUCADORES DE CALLE;LIMA;LIMA;PUENTE PIEDRA;2025-03-20;3;1;1;NO APLICA;2
SEC06218;1;2014-03-14;11;3;PERÚ;2;EDUCADORES DE CALLE;HUANCAVELICA;HUANCAVELICA;HUANCAVELICA;2025-03-20;1;1;1;NO APLICA;2
SEC06219;1;2015-08-14;9;3;PERÚ;2;EDUCADORES DE CALLE;LIMA;LIMA;LIMA;2025-03-20;2;5;1;NO APLICA;2
SEC06220;1;2016-02-24;9;3;PERÚ;2;EDUCADORES DE CALLE;PUNO;SAN ROMAN;JULIACA;2025-03-20;1;1;2;2025-05-19;2
SEC06221;2;2013-06-07;11;3;PERÚ;2;EDUCADORES DE CALLE;PUNO;SAN ROMAN;JULIACA;2025-03-20;1;1;2;2025-05-19;2
SEC06222;2;2016-12-18;8;3;PERÚ;2;EDUCADORES DE CALLE;MOQUEGUA;MARISCAL NIETO;MOQUEGUA;2025-03-20;1;1;1;NO APLICA;2
SEC06223;1;2017-05-09;7;3;PERÚ;2;EDUCADORES DE CALLE;LIMA;LIMA;LIMA;2025-03-20;1;5;1;NO APLICA;2
SEC06224;1;2019-01-30;6;3;PERÚ;2;EDUCADORES DE CALLE;LIMA;LIMA;LIMA;2025-03-20;1;5;1;NO APLICA;2
SEC06225;2;2012-08-07;12;4;PERÚ;2;EDUCADORES DE CALLE;PIURA;SULLANA;SULLANA;2025-03-20;1;1;1;NO APLICA;2
SEC06226;2;2017-07-04;7;3;PERÚ;2;EDUCADORES DE CALLE;PIURA;SULLANA;SULLANA;2025-03-20;1;1;1;NO APLICA;2
SEC06227;2;2018-04-25;7;3;PERÚ;2;EDUCADORES DE CALLE;LIMA;LIMA;LIMA;2025-03-20;2;5;1;NO APLICA;2
SEC06228;1;2019-11-18;5;2;PERÚ;2;EDUCADORES DE CALLE;TACNA;TACNA;TACNA;2025-03-20;1;1;1;NO APLICA;2
SEC06229;1;2014-05-26;10;3;PERÚ;2;EDUCADORES DE CALLE;PIURA;SULLANA;SULLANA;2025-03-20;1;5;1;NO APLICA;2
SEC06230;1;2011-07-05;13;4;PERÚ;2;EDUCADORES DE CALLE;HUANCAVELICA;HUANCAVELICA;HUANCAVELICA;2025-03-21;1;1;1;NO APLICA;2
SEC06231;1;2009-09-11;15;4;PERÚ;2;EDUCADORES DE CALLE;PUNO;PUNO;PUNO;2025-03-21;1;1;1;NO APLICA;2
SEC06232;2;2009-05-31;15;4;PERÚ;2;EDUCADORES DE CALLE;LA LIBERTAD;TRUJILLO;TRUJILLO;2025-03-21;1;1;1;NO APLICA;2
SEC06233;2;2012-02-08;13;4;PERÚ;2;EDUCADORES DE CALLE;PUNO;PUNO;PUNO;2025-03-21;1;1;1;NO APLICA;2
SEC06234;1;2012-09-03;12;4;PERÚ;2;EDUCADORES DE CALLE;PUNO;PUNO;PUNO;2025-03-21;1;1;1;NO APLICA;2
SEC06235;1;2013-02-13;12;4;PERÚ;2;EDUCADORES DE CALLE;PUNO;PUNO;PUNO;2025-03-21;1;1;1;NO APLICA;2
SEC06236;2;2013-07-28;11;3;PERÚ;2;EDUCADORES DE CALLE;PUNO;PUNO;PUNO;2025-03-21;1;1;1;NO APLICA;2
SEC06237;2;2013-11-25;11;3;PERÚ;2;EDUCADORES DE CALLE;MOQUEGUA;MARISCAL NIETO;MOQUEGUA;2025-03-21;1;1;1;NO APLICA;2
SEC06238;2;2014-09-06;10;3;PERÚ;2;EDUCADORES DE CALLE;JUNÍN;HUANCAYO;HUANCAYO;2025-03-21;1;1;1;NO APLICA;2
SEC06239;2;2015-01-27;10;3;PERÚ;2;EDUCADORES DE CALLE;AREQUIPA;AREQUIPA;CERRO COLORADO;2025-03-21;1;1;1;NO APLICA;2
SEC06240;1;2012-09-29;12;4;PERÚ;2;EDUCADORES DE CALLE;AREQUIPA;AREQUIPA;CERRO COLORADO;2025-03-21;1;1;1;NO APLICA;2
SEC06241;2;2017-07-05;7;3;PERÚ;2;EDUCADORES DE CALLE;PUNO;PUNO;PUNO;2025-03-21;1;1;1;NO APLICA;2
SEC06242;2;2017-08-14;7;3;PERÚ;2;EDUCADORES DE CALLE;PUNO;PUNO;PUNO;2025-03-21;1;1;1;NO APLICA;2
SEC06243;1;2017-12-24;7;3;PERÚ;2;EDUCADORES DE CALLE;LA LIBERTAD;TRUJILLO;TRUJILLO;2025-03-21;1;1;1;NO APLICA;2
SEC06244;2;2018-07-22;6;3;PERÚ;2;EDUCADORES DE CALLE;HUANCAVELICA;HUANCAVELICA;HUANCAVELICA;2025-03-21;1;1;1;NO APLICA;2
SEC06245;1;2019-07-04;5;2;PERÚ;2;EDUCADORES DE CALLE;HUANCAVELICA;HUANCAVELICA;HUANCAVELICA;2025-03-21;1;1;1;NO APLICA;2
SEC06246;2;2023-03-13;2;2;PERÚ;2;EDUCADORES DE CALLE;LIMA;LIMA;LIMA;2025-03-21;2;1;1;NO APLICA;2
SEC06247;2;2008-11-13;16;4;PERÚ;2;EDUCADORES DE CALLE;PIURA;SULLANA;SULLANA;2025-03-22;1;1;1;NO APLICA;2
SEC06248;1;2011-07-21;13;4;PERÚ;2;EDUCADORES DE CALLE;LAMBAYEQUE;CHICLAYO;JOSE LEONARDO ORTIZ;2025-03-22;1;1;1;NO APLICA;2
SEC06249;1;2011-12-27;13;4;PERÚ;2;EDUCADORES DE CALLE;PIURA;SULLANA;SULLANA;2025-03-22;1;1;1;NO APLICA;2
SEC06250;1;2011-12-23;13;4;PERÚ;2;EDUCADORES DE CALLE;PIURA;SULLANA;SULLANA;2025-03-22;1;1;1;NO APLICA;2
SEC06251;2;2016-12-19;8;3;PERÚ;2;EDUCADORES DE CALLE;AREQUIPA;AREQUIPA;MIRAFLORES;2025-03-22;1;1;1;NO APLICA;2
SEC06252;2;2016-12-28;8;3;PERÚ;2;EDUCADORES DE CALLE;LAMBAYEQUE;CHICLAYO;JOSE LEONARDO ORTIZ;2025-03-22;1;1;1;NO APLICA;2
SEC06253;1;2015-04-01;10;3;PERÚ;2;EDUCADORES DE CALLE;PIURA;SULLANA;SULLANA;2025-03-22;1;1;1;NO APLICA;2
SEC06254;1;2018-02-15;7;3;PERÚ;2;EDUCADORES DE CALLE;AREQUIPA;AREQUIPA;JOSE LUIS BUSTAMANTE Y RIVERO;2025-03-22;1;1;1;NO APLICA;2
SEC06255;1;2018-03-10;7;3;PERÚ;2;EDUCADORES DE CALLE;PIURA;SULLANA;SULLANA;2025-03-22;1;1;1;NO APLICA;2
SEC06256;1;2021-12-06;3;2;PERÚ;2;EDUCADORES DE CALLE;AREQUIPA;AREQUIPA;MIRAFLORES;2025-03-22;1;1;1;NO APLICA;2
SEC06257;1;2015-11-08;9;3;PERÚ;2;EDUCADORES DE CALLE;LA LIBERTAD;TRUJILLO;TRUJILLO;2025-03-23;1;1;1;NO APLICA;2
SEC06258;2;2013-01-03;12;4;PERÚ;2;EDUCADORES DE CALLE;AREQUIPA;AREQUIPA;JOSE LUIS BUSTAMANTE Y RIVERO;2025-03-23;1;1;1;NO APLICA;2
SEC06259;1;2011-04-05;14;4;PERÚ;2;EDUCADORES DE CALLE;LA LIBERTAD;TRUJILLO;TRUJILLO;2025-03-23;1;1;1;NO APLICA;2
SEC06260;1;2014-04-06;11;3;PERÚ;2;EDUCADORES DE CALLE;LA LIBERTAD;TRUJILLO;TRUJILLO;2025-03-23;1;1;1;NO APLICA;2
SEC06261;1;2008-07-05;16;4;PERÚ;2;EDUCADORES DE CALLE;LIMA;LIMA;PUENTE PIEDRA;2025-03-24;1;1;1;NO APLICA;2
SEC06262;2;2008-09-09;16;4;PERÚ;2;EDUCADORES DE CALLE;LIMA;LIMA;PUENTE PIEDRA;2025-03-24;1;1;1;NO APLICA;2
SEC06263;1;2009-01-16;16;4;PERÚ;2;EDUCADORES DE CALLE;LIMA;LIMA;SAN JUAN DE LURIGANCHO;2025-03-24;1;1;1;NO APLICA;2
SEC06264;1;2008-05-18;16;4;PERÚ;2;EDUCADORES DE CALLE;JUNÍN;HUANCAYO;HUANCAYO;2025-03-24;1;1;1;NO APLICA;2
SEC06265;2;2011-01-23;14;4;PERÚ;2;EDUCADORES DE CALLE;AYACUCHO;HUAMANGA;AYACUCHO;2025-03-24;1;1;1;NO APLICA;2
SEC06266;1;2010-05-30;14;4;PERÚ;2;EDUCADORES DE CALLE;PIURA;SULLANA;SULLANA;2025-03-24;1;1;1;NO APLICA;2
SEC06267;2;2011-01-13;14;4;PERÚ;2;EDUCADORES DE CALLE;AREQUIPA;AREQUIPA;AREQUIPA;2025-03-24;1;1;1;NO APLICA;2
SEC06268;2;2015-02-06;10;3;PERÚ;2;EDUCADORES DE CALLE;AYACUCHO;HUAMANGA;AYACUCHO;2025-03-24;1;1;1;NO APLICA;2
SEC06269;2;2007-11-18;17;4;PERÚ;2;EDUCADORES DE CALLE;AREQUIPA;AREQUIPA;AREQUIPA;2025-03-24;1;1;1;NO APLICA;2
SEC06270;1;2012-12-10;12;4;PERÚ;2;EDUCADORES DE CALLE;PIURA;SULLANA;SULLANA;2025-03-24;1;1;1;NO APLICA;2
SEC06271;1;2012-12-31;12;4;PERÚ;2;EDUCADORES DE CALLE;AREQUIPA;AREQUIPA;AREQUIPA;2025-03-24;1;1;1;NO APLICA;2
SEC06272;2;2014-07-28;10;3;PERÚ;2;EDUCADORES DE CALLE;AREQUIPA;AREQUIPA;AREQUIPA;2025-03-24;1;1;1;NO APLICA;2
SEC06273;1;2014-12-04;10;3;PERÚ;2;EDUCADORES DE CALLE;AYACUCHO;HUAMANGA;AYACUCHO;2025-03-24;1;1;1;NO APLICA;2
SEC06274;1;2015-06-01;9;3;PERÚ;2;EDUCADORES DE CALLE;AYACUCHO;HUAMANGA;AYACUCHO;2025-03-24;1;1;1;NO APLICA;2
SEC06275;1;2015-06-09;9;3;PERÚ;2;EDUCADORES DE CALLE;LIMA;LIMA;LA VICTORIA;2025-03-24;2;1;1;NO APLICA;2
SEC06276;1;2015-08-24;9;3;PERÚ;2;EDUCADORES DE CALLE;PASCO;PASCO;CHAUPIMARCA;2025-03-24;1;1;1;NO APLICA;2
SEC06277;1;2015-09-06;9;3;PERÚ;2;EDUCADORES DE CALLE;AYACUCHO;HUAMANGA;AYACUCHO;2025-03-24;1;1;1;NO APLICA;2
SEC06278;2;2016-03-26;9;3;PERÚ;2;EDUCADORES DE CALLE;AYACUCHO;HUAMANGA;AYACUCHO;2025-03-24;1;1;1;NO APLICA;2
SEC06279;1;2016-05-20;8;3;PERÚ;2;EDUCADORES DE CALLE;AYACUCHO;HUAMANGA;AYACUCHO;2025-03-24;1;1;1;NO APLICA;2
SEC06280;2;2016-09-19;8;3;PERÚ;2;EDUCADORES DE CALLE;LIMA;LIMA;SAN JUAN DE LURIGANCHO;2025-03-24;1;1;1;NO APLICA;2
SEC06281;1;2012-11-09;12;4;PERÚ;2;EDUCADORES DE CALLE;JUNÍN;HUANCAYO;HUANCAYO;2025-03-24;1;1;1;NO APLICA;2
SEC06282;1;2012-12-01;12;4;PERÚ;2;EDUCADORES DE CALLE;AREQUIPA;AREQUIPA;AREQUIPA;2025-03-24;1;1;1;NO APLICA;2
SEC06283;1;2014-03-04;11;3;PERÚ;2;EDUCADORES DE CALLE;AREQUIPA;AREQUIPA;AREQUIPA;2025-03-24;1;1;1;NO APLICA;2
SEC06284;1;2013-02-17;12;4;PERÚ;2;EDUCADORES DE CALLE;AYACUCHO;HUAMANGA;AYACUCHO;2025-03-24;1;1;1;NO APLICA;2
SEC06285;2;2015-01-30;10;3;PERÚ;2;EDUCADORES DE CALLE;AYACUCHO;HUAMANGA;AYACUCHO;2025-03-24;1;1;1;NO APLICA;2
SEC06286;2;2015-07-28;9;3;PERÚ;2;EDUCADORES DE CALLE;JUNÍN;HUANCAYO;HUANCAYO;2025-03-24;1;1;1;NO APLICA;2
SEC06287;2;2017-02-16;8;3;PERÚ;2;EDUCADORES DE CALLE;AYACUCHO;HUAMANGA;AYACUCHO;2025-03-24;1;1;1;NO APLICA;2
SEC06288;1;2017-04-21;8;3;PERÚ;2;EDUCADORES DE CALLE;AYACUCHO;HUAMANGA;AYACUCHO;2025-03-24;1;1;1;NO APLICA;2
SEC06289;1;2017-07-29;7;3;PERÚ;2;EDUCADORES DE CALLE;JUNÍN;HUANCAYO;HUANCAYO;2025-03-24;1;1;1;NO APLICA;2
SEC06290;2;2017-12-22;7;3;PERÚ;2;EDUCADORES DE CALLE;AYACUCHO;HUAMANGA;AYACUCHO;2025-03-24;1;1;1;NO APLICA;2
SEC06291;2;2017-03-28;8;3;PERÚ;2;EDUCADORES DE CALLE;AYACUCHO;HUAMANGA;AYACUCHO;2025-03-24;1;1;1;NO APLICA;2
SEC06292;2;2017-05-30;7;3;PERÚ;2;EDUCADORES DE CALLE;AYACUCHO;HUAMANGA;AYACUCHO;2025-03-24;1;1;1;NO APLICA;2
SEC06293;2;2018-05-08;6;3;PERÚ;2;EDUCADORES DE CALLE;LIMA;LIMA;SAN JUAN DE LURIGANCHO;2025-03-24;1;1;1;NO APLICA;2
SEC06294;1;2017-04-22;8;3;PERÚ;2;EDUCADORES DE CALLE;AYACUCHO;HUAMANGA;AYACUCHO;2025-03-24;1;1;1;NO APLICA;2
SEC06295;2;2007-12-17;17;4;PERÚ;2;EDUCADORES DE CALLE;CAJAMARCA;CAJAMARCA;CAJAMARCA;2025-03-25;1;2;1;NO APLICA;2
SEC06296;2;2008-08-19;16;4;PERÚ;2;EDUCADORES DE CALLE;HUÁNUCO;HUÁNUCO;HUÁNUCO;2025-03-25;1;1;1;NO APLICA;2
SEC06297;2;2014-05-13;10;3;PERÚ;2;EDUCADORES DE CALLE;HUÁNUCO;HUÁNUCO;HUÁNUCO;2025-03-25;1;1;1;NO APLICA;2
SEC06298;1;2011-05-05;13;4;PERÚ;2;EDUCADORES DE CALLE;ICA;ICA;ICA;2025-03-25;1;1;1;NO APLICA;2
SEC06299;2;2011-08-14;13;4;PERÚ;2;EDUCADORES DE CALLE;CUSCO;CUSCO;CUSCO;2025-03-25;3;1;1;NO APLICA;2
SEC06300;1;2011-11-25;13;4;PERÚ;2;EDUCADORES DE CALLE;HUÁNUCO;HUÁNUCO;HUÁNUCO;2025-03-25;1;1;1;NO APLICA;2
SEC06301;1;2011-12-08;13;4;PERÚ;2;EDUCADORES DE CALLE;ICA;ICA;ICA;2025-03-25;1;1;1;NO APLICA;2
SEC06302;2;2012-11-05;12;4;PERÚ;2;EDUCADORES DE CALLE;HUÁNUCO;HUÁNUCO;HUÁNUCO;2025-03-25;1;1;1;NO APLICA;2
SEC06303;1;2013-08-08;11;3;PERÚ;2;EDUCADORES DE CALLE;ICA;ICA;ICA;2025-03-25;1;1;1;NO APLICA;2
SEC06304;2;2014-04-29;11;3;PERÚ;2;EDUCADORES DE CALLE;ICA;ICA;ICA;2025-03-25;1;1;1;NO APLICA;2
SEC06305;1;2014-08-17;10;3;PERÚ;2;EDUCADORES DE CALLE;HUÁNUCO;HUÁNUCO;HUÁNUCO;2025-03-25;1;1;1;NO APLICA;2
SEC06306;1;2015-01-19;10;3;PERÚ;2;EDUCADORES DE CALLE;JUNÍN;CHUPACA;CHUPACA;2025-03-25;1;1;1;NO APLICA;2
SEC06307;2;2015-03-31;10;3;PERÚ;2;EDUCADORES DE CALLE;APURÍMAC;ABANCAY;ABANCAY;2025-03-25;1;1;1;NO APLICA;2
SEC06308;2;2015-12-16;9;3;PERÚ;2;EDUCADORES DE CALLE;ICA;ICA;ICA;2025-03-25;1;1;1;NO APLICA;2
SEC06309;2;2016-01-16;9;3;PERÚ;2;EDUCADORES DE CALLE;ICA;ICA;ICA;2025-03-25;1;1;1;NO APLICA;2
SEC06310;2;2014-04-04;11;3;PERÚ;2;EDUCADORES DE CALLE;ICA;ICA;ICA;2025-03-25;1;1;1;NO APLICA;2
SEC06311;2;2016-12-28;8;3;PERÚ;2;EDUCADORES DE CALLE;JUNÍN;CHUPACA;CHUPACA;2025-03-25;1;1;1;NO APLICA;2
SEC06312;1;2017-07-17;7;3;PERÚ;2;EDUCADORES DE CALLE;JUNÍN;CHUPACA;CHUPACA;2025-03-25;1;1;1;NO APLICA;2
SEC06313;1;2017-12-11;7;3;PERÚ;2;EDUCADORES DE CALLE;HUÁNUCO;HUÁNUCO;HUÁNUCO;2025-03-25;1;1;1;NO APLICA;2
SEC06314;1;2018-12-15;6;3;PERÚ;2;EDUCADORES DE CALLE;APURÍMAC;ABANCAY;ABANCAY;2025-03-25;1;1;1;NO APLICA;2
SEC06315;1;2020-04-23;5;2;PERÚ;2;EDUCADORES DE CALLE;ICA;ICA;ICA;2025-03-25;1;1;1;NO APLICA;2
SEC06316;2;2007-12-23;17;4;PERÚ;2;EDUCADORES DE CALLE;LIMA;LIMA;ATE;2025-03-26;1;1;1;NO APLICA;2
SEC06317;2;2014-06-20;10;3;PERÚ;2;EDUCADORES DE CALLE;HUÁNUCO;HUÁNUCO;AMARILIS;2025-03-26;1;1;1;NO APLICA;2
SEC06318;1;2013-04-24;12;4;PERÚ;2;EDUCADORES DE CALLE;LIMA;LIMA;ATE;2025-03-26;1;1;1;NO APLICA;2
SEC06319;1;2018-03-22;7;3;PERÚ;2;EDUCADORES DE CALLE;LIMA;LIMA;ATE;2025-03-26;1;1;1;NO APLICA;2
SEC06320;2;2008-01-13;17;4;PERÚ;2;EDUCADORES DE CALLE;MOQUEGUA;MARISCAL NIETO;MOQUEGUA;2025-04-01;1;1;1;NO APLICA;2
SEC06321;1;2017-07-05;7;3;PERÚ;1;EDUCADORES DE CALLE;LAMBAYEQUE;CHICLAYO;POMALCA;2025-04-01;1;5;1;NO APLICA;2
SEC06322;1;2011-10-15;13;4;PERÚ;2;EDUCADORES DE CALLE;LAMBAYEQUE;CHICLAYO;POMALCA;2025-04-01;1;5;1;NO APLICA;2
SEC06323;1;2012-09-12;12;4;PERÚ;1;EDUCADORES DE CALLE;LAMBAYEQUE;CHICLAYO;POMALCA;2025-04-01;1;1;1;NO APLICA;2
SEC06324;1;2014-07-16;10;3;PERÚ;2;EDUCADORES DE CALLE;LAMBAYEQUE;CHICLAYO;POMALCA;2025-04-01;1;1;1;NO APLICA;2
SEC06325;1;2008-07-22;16;4;PERÚ;1;EDUCADORES DE CALLE;LIMA;LIMA;LA VICTORIA;2025-04-01;1;1;1;NO APLICA;2
SEC06326;2;2011-09-28;13;4;PERÚ;2;EDUCADORES DE CALLE;LIMA;LIMA;LA VICTORIA;2025-04-01;2;1;1;NO APLICA;2
SEC06327;2;2015-04-17;10;3;PERÚ;2;EDUCADORES DE CALLE;LIMA;LIMA;LA VICTORIA;2025-04-01;3;1;1;NO APLICA;2
SEC06328;2;2017-08-22;7;3;PERÚ;2;EDUCADORES DE CALLE;LIMA;LIMA;LA VICTORIA;2025-04-01;3;1;1;NO APLICA;2
SEC06329;2;2018-10-04;6;3;PERÚ;2;EDUCADORES DE CALLE;LIMA;LIMA;LA VICTORIA;2025-04-01;3;1;1;NO APLICA;2
SEC06330;2;2023-02-26;2;2;PERÚ;2;EDUCADORES DE CALLE;LIMA;LIMA;LA VICTORIA;2025-04-01;3;1;1;NO APLICA;2
SEC06331;2;2024-10-01;0;1;PERÚ;2;EDUCADORES DE CALLE;LIMA;LIMA;SAN JUAN DE LURIGANCHO;2025-04-01;2;1;1;NO APLICA;2
SEC06332;2;2020-10-16;4;2;PERÚ;2;EDUCADORES DE CALLE;LIMA;LIMA;SAN JUAN DE LURIGANCHO;2025-04-01;2;1;1;NO APLICA;2
SEC06333;2;2008-06-18;16;4;PERÚ;2;EDUCADORES DE CALLE;CUSCO;CUSCO;SAN JERONIMO;2025-04-01;1;1;1;NO APLICA;2
SEC06334;1;2009-09-02;15;4;PERÚ;2;EDUCADORES DE CALLE;LA LIBERTAD;TRUJILLO;TRUJILLO;2025-04-02;1;1;1;NO APLICA;2
SEC06335;1;2021-01-09;4;2;PERÚ;2;EDUCADORES DE CALLE;UCAYALI;CORONEL PORTILLO;YARINACOCHA;2025-04-02;1;1;1;NO APLICA;2
SEC06336;2;2015-05-09;9;3;PERÚ;2;EDUCADORES DE CALLE;UCAYALI;CORONEL PORTILLO;CALLERIA;2025-04-02;1;1;1;NO APLICA;2
SEC06337;1;2011-09-02;13;4;PERÚ;2;EDUCADORES DE CALLE;UCAYALI;CORONEL PORTILLO;CALLERIA;2025-04-02;1;1;1;NO APLICA;2
SEC06338;1;2017-09-19;7;3;PERÚ;2;EDUCADORES DE CALLE;UCAYALI;CORONEL PORTILLO;CALLERIA;2025-04-02;1;1;1;NO APLICA;2
SEC06339;1;2021-08-17;3;2;PERÚ;2;EDUCADORES DE CALLE;UCAYALI;CORONEL PORTILLO;CALLERIA;2025-04-02;1;1;1;NO APLICA;2
SEC06340;1;2021-05-21;3;2;PERÚ;2;EDUCADORES DE CALLE;UCAYALI;CORONEL PORTILLO;CALLERIA;2025-04-02;1;1;1;NO APLICA;2
SEC06341;1;2010-12-03;14;4;PERÚ;2;EDUCADORES DE CALLE;UCAYALI;CORONEL PORTILLO;CALLERIA;2025-04-02;1;1;1;NO APLICA;2
SEC06342;2;2019-04-09;6;3;PERÚ;2;EDUCADORES DE CALLE;UCAYALI;CORONEL PORTILLO;CALLERIA;2025-04-02;1;5;1;NO APLICA;2
SEC06343;1;2015-05-24;9;3;PERÚ;2;EDUCADORES DE CALLE;UCAYALI;CORONEL PORTILLO;CALLERIA;2025-04-02;1;5;1;NO APLICA;2
SEC06344;1;2019-05-31;5;2;PERÚ;2;EDUCADORES DE CALLE;UCAYALI;CORONEL PORTILLO;CALLERIA;2025-04-02;1;1;1;NO APLICA;2
SEC06345;2;2009-09-04;15;4;PERÚ;2;EDUCADORES DE CALLE;UCAYALI;CORONEL PORTILLO;CALLERIA;2025-04-02;1;1;1;NO APLICA;2
SEC06346;1;2012-04-20;13;4;PERÚ;1;EDUCADORES DE CALLE;LIMA;LIMA;EL AGUSTINO;2025-04-02;3;1;1;NO APLICA;2
SEC06347;1;2009-03-07;16;4;PERÚ;2;EDUCADORES DE CALLE;LIMA;LIMA;LIMA;2025-04-02;1;1;1;NO APLICA;2
SEC06348;1;2015-03-10;10;3;PERÚ;2;EDUCADORES DE CALLE;CUSCO;CUSCO;SAN JERONIMO;2025-04-02;1;1;1;NO APLICA;2
SEC06349;2;2018-04-15;7;3;PERÚ;2;EDUCADORES DE CALLE;TACNA;TACNA;CIUDAD NUEVA;2025-04-03;1;1;1;NO APLICA;2
SEC06350;2;2009-12-16;15;4;PERÚ;2;EDUCADORES DE CALLE;UCAYALI;CORONEL PORTILLO;YARINACOCHA;2025-04-03;1;1;1;NO APLICA;2
SEC06351;2;2018-06-28;6;3;PERÚ;2;EDUCADORES DE CALLE;UCAYALI;CORONEL PORTILLO;YARINACOCHA;2025-04-03;1;1;1;NO APLICA;2
SEC06352;2;2019-03-02;6;3;PERÚ;2;EDUCADORES DE CALLE;UCAYALI;CORONEL PORTILLO;YARINACOCHA;2025-04-03;1;1;1;NO APLICA;2
SEC06353;2;2018-11-07;6;3;PERÚ;2;EDUCADORES DE CALLE;UCAYALI;CORONEL PORTILLO;YARINACOCHA;2025-04-03;1;1;1;NO APLICA;2
SEC06354;2;2013-03-21;12;4;PERÚ;2;EDUCADORES DE CALLE;UCAYALI;CORONEL PORTILLO;YARINACOCHA;2025-04-03;1;1;1;NO APLICA;2
SEC06355;2;2017-10-05;7;3;PERÚ;2;EDUCADORES DE CALLE;UCAYALI;CORONEL PORTILLO;YARINACOCHA;2025-04-03;1;1;1;NO APLICA;2
SEC06356;2;2022-08-06;2;2;PERÚ;2;EDUCADORES DE CALLE;UCAYALI;CORONEL PORTILLO;YARINACOCHA;2025-04-03;1;1;1;NO APLICA;2
SEC06357;1;2010-11-16;14;4;PERÚ;2;EDUCADORES DE CALLE;UCAYALI;CORONEL PORTILLO;YARINACOCHA;2025-04-03;1;1;1;NO APLICA;2
SEC06358;1;2016-10-30;8;3;PERÚ;2;EDUCADORES DE CALLE;UCAYALI;CORONEL PORTILLO;YARINACOCHA;2025-04-03;1;1;1;NO APLICA;2
SEC06359;2;2020-02-18;5;2;PERÚ;2;EDUCADORES DE CALLE;UCAYALI;CORONEL PORTILLO;YARINACOCHA;2025-04-03;1;1;1;NO APLICA;2
SEC06360;2;2023-01-17;2;2;PERÚ;2;EDUCADORES DE CALLE;UCAYALI;CORONEL PORTILLO;YARINACOCHA;2025-04-03;1;1;1;NO APLICA;2
SEC06361;1;2009-10-25;15;4;PERÚ;2;EDUCADORES DE CALLE;UCAYALI;CORONEL PORTILLO;YARINACOCHA;2025-04-03;1;1;1;NO APLICA;2
SEC06362;1;2020-12-19;4;2;PERÚ;2;EDUCADORES DE CALLE;UCAYALI;CORONEL PORTILLO;YARINACOCHA;2025-04-03;1;1;1;NO APLICA;2
SEC06363;2;2019-10-01;5;2;PERÚ;2;EDUCADORES DE CALLE;UCAYALI;CORONEL PORTILLO;YARINACOCHA;2025-04-03;1;1;1;NO APLICA;2
SEC06364;1;2016-04-26;9;3;PERÚ;2;EDUCADORES DE CALLE;UCAYALI;CORONEL PORTILLO;YARINACOCHA;2025-04-03;1;1;1;NO APLICA;2
SEC06365;1;2022-03-21;3;2;PERÚ;2;EDUCADORES DE CALLE;UCAYALI;CORONEL PORTILLO;YARINACOCHA;2025-04-03;1;1;1;NO APLICA;2
SEC06366;2;2017-08-01;7;3;PERÚ;2;EDUCADORES DE CALLE;UCAYALI;CORONEL PORTILLO;YARINACOCHA;2025-04-03;1;1;1;NO APLICA;2
SEC06367;1;2016-02-25;9;3;PERÚ;2;EDUCADORES DE CALLE;UCAYALI;CORONEL PORTILLO;YARINACOCHA;2025-04-03;1;1;1;NO APLICA;2
SEC06368;1;2021-04-01;4;2;PERÚ;2;EDUCADORES DE CALLE;UCAYALI;CORONEL PORTILLO;YARINACOCHA;2025-04-03;1;1;1;NO APLICA;2
SEC06369;1;2015-12-10;9;3;PERÚ;2;EDUCADORES DE CALLE;UCAYALI;CORONEL PORTILLO;YARINACOCHA;2025-04-03;1;1;1;NO APLICA;2
SEC06370;2;2011-03-09;14;4;PERÚ;2;EDUCADORES DE CALLE;UCAYALI;CORONEL PORTILLO;YARINACOCHA;2025-04-03;1;1;1;NO APLICA;2
SEC06371;1;2009-06-26;15;4;PERÚ;2;EDUCADORES DE CALLE;UCAYALI;CORONEL PORTILLO;YARINACOCHA;2025-04-03;1;1;1;NO APLICA;2
SEC06372;1;2013-02-07;12;4;PERÚ;2;EDUCADORES DE CALLE;UCAYALI;CORONEL PORTILLO;YARINACOCHA;2025-04-03;1;1;1;NO APLICA;2
SEC06373;2;2011-09-15;13;4;PERÚ;2;EDUCADORES DE CALLE;UCAYALI;CORONEL PORTILLO;YARINACOCHA;2025-04-03;1;1;1;NO APLICA;2
SEC06374;1;2020-05-31;4;2;PERÚ;2;EDUCADORES DE CALLE;AYACUCHO;HUAMANGA;AYACUCHO;2025-04-03;1;1;1;NO APLICA;2
SEC06375;1;2017-04-11;8;3;PERÚ;2;EDUCADORES DE CALLE;AYACUCHO;HUAMANGA;AYACUCHO;2025-04-03;1;1;1;NO APLICA;2
SEC06376;1;2018-10-23;6;3;PERÚ;2;EDUCADORES DE CALLE;APURÍMAC;ABANCAY;ABANCAY;2025-04-03;1;1;1;NO APLICA;2
SEC06377;1;2010-01-14;15;4;PERÚ;2;EDUCADORES DE CALLE;LIMA;LIMA;EL AGUSTINO;2025-04-03;3;1;1;NO APLICA;2
SEC06378;1;2018-08-30;6;3;PERÚ;2;EDUCADORES DE CALLE;CUSCO;CUSCO;CUSCO;2025-04-03;2;5;1;NO APLICA;2
SEC06379;1;2023-09-11;1;2;PERÚ;2;EDUCADORES DE CALLE;TACNA;TACNA;TACNA;2025-04-04;2;1;1;NO APLICA;2
SEC06380;1;2016-08-21;8;3;PERÚ;2;EDUCADORES DE CALLE;UCAYALI;CORONEL PORTILLO;YARINACOCHA;2025-04-04;1;5;1;NO APLICA;2
SEC06381;1;2020-02-16;5;2;PERÚ;2;EDUCADORES DE CALLE;UCAYALI;CORONEL PORTILLO;YARINACOCHA;2025-04-04;1;5;1;NO APLICA;2
SEC06382;1;2015-05-03;9;3;PERÚ;2;EDUCADORES DE CALLE;UCAYALI;CORONEL PORTILLO;YARINACOCHA;2025-04-04;1;5;1;NO APLICA;2
SEC06383;1;2017-09-18;7;3;PERÚ;2;EDUCADORES DE CALLE;UCAYALI;CORONEL PORTILLO;YARINACOCHA;2025-04-04;1;5;1;NO APLICA;2
SEC06384;1;2015-06-28;9;3;PERÚ;2;EDUCADORES DE CALLE;UCAYALI;CORONEL PORTILLO;YARINACOCHA;2025-04-04;1;5;1;NO APLICA;2
SEC06385;1;2017-07-29;7;3;PERÚ;2;EDUCADORES DE CALLE;UCAYALI;CORONEL PORTILLO;YARINACOCHA;2025-04-04;1;1;1;NO APLICA;2
SEC06386;2;2021-12-11;3;2;PERÚ;2;EDUCADORES DE CALLE;UCAYALI;CORONEL PORTILLO;YARINACOCHA;2025-04-04;1;1;1;NO APLICA;2
SEC06387;1;2019-07-31;5;2;PERÚ;2;EDUCADORES DE CALLE;UCAYALI;CORONEL PORTILLO;YARINACOCHA;2025-04-04;1;1;1;NO APLICA;2
SEC06388;1;2023-03-08;2;2;PERÚ;2;EDUCADORES DE CALLE;UCAYALI;CORONEL PORTILLO;YARINACOCHA;2025-04-04;1;1;1;NO APLICA;2
SEC06389;2;2011-09-27;13;4;PERÚ;2;EDUCADORES DE CALLE;UCAYALI;CORONEL PORTILLO;YARINACOCHA;2025-04-04;1;1;1;NO APLICA;2
SEC06390;1;2019-06-08;5;2;PERÚ;2;EDUCADORES DE CALLE;UCAYALI;CORONEL PORTILLO;YARINACOCHA;2025-04-04;1;1;1;NO APLICA;2
SEC06391;1;2015-05-09;9;3;PERÚ;2;EDUCADORES DE CALLE;UCAYALI;CORONEL PORTILLO;YARINACOCHA;2025-04-04;1;1;1;NO APLICA;2
SEC06392;1;2019-03-19;6;3;PERÚ;2;EDUCADORES DE CALLE;UCAYALI;CORONEL PORTILLO;YARINACOCHA;2025-04-04;1;1;1;NO APLICA;2
SEC06393;1;2019-09-06;5;2;PERÚ;2;EDUCADORES DE CALLE;UCAYALI;CORONEL PORTILLO;YARINACOCHA;2025-04-04;1;1;1;NO APLICA;2
SEC06394;1;2012-05-24;12;4;PERÚ;2;EDUCADORES DE CALLE;UCAYALI;CORONEL PORTILLO;YARINACOCHA;2025-04-04;1;1;1;NO APLICA;2
SEC06395;1;2016-09-10;8;3;PERÚ;2;EDUCADORES DE CALLE;UCAYALI;CORONEL PORTILLO;YARINACOCHA;2025-04-04;1;1;1;NO APLICA;2
SEC06396;1;2017-06-07;7;3;PERÚ;2;EDUCADORES DE CALLE;UCAYALI;CORONEL PORTILLO;YARINACOCHA;2025-04-04;1;5;1;NO APLICA;2
SEC06397;2;2019-11-01;5;2;PERÚ;2;EDUCADORES DE CALLE;UCAYALI;CORONEL PORTILLO;YARINACOCHA;2025-04-04;1;1;1;NO APLICA;2
SEC06398;1;2022-02-04;3;2;PERÚ;2;EDUCADORES DE CALLE;UCAYALI;CORONEL PORTILLO;YARINACOCHA;2025-04-04;1;1;1;NO APLICA;2
SEC06399;1;2011-01-16;14;4;PERÚ;2;EDUCADORES DE CALLE;UCAYALI;CORONEL PORTILLO;YARINACOCHA;2025-04-04;1;1;1;NO APLICA;2
SEC06400;1;2011-04-24;14;4;PERÚ;2;EDUCADORES DE CALLE;LIMA;LIMA;ATE;2025-04-04;3;2;1;NO APLICA;2
SEC06401;2;2014-01-03;11;3;PERÚ;2;EDUCADORES DE CALLE;CUSCO;CUSCO;CUSCO;2025-04-04;1;1;1;NO APLICA;2
SEC06402;1;2009-08-07;15;4;PERÚ;2;EDUCADORES DE CALLE;TACNA;TACNA;ALTO DE LA ALIANZA;2025-04-05;1;1;1;NO APLICA;2
SEC06403;2;2010-08-05;14;4;PERÚ;2;EDUCADORES DE CALLE;CUSCO;CUSCO;SANTIAGO;2025-04-05;1;1;1;NO APLICA;2
SEC06404;1;2008-08-02;16;4;PERÚ;2;EDUCADORES DE CALLE;CUSCO;CUSCO;SANTIAGO;2025-04-05;1;1;1;NO APLICA;2
SEC06405;1;2012-07-22;12;4;PERÚ;2;EDUCADORES DE CALLE;CUSCO;CUSCO;SANTIAGO;2025-04-05;1;1;1;NO APLICA;2
SEC06406;1;2016-11-17;8;3;PERÚ;2;EDUCADORES DE CALLE;CUSCO;CUSCO;SANTIAGO;2025-04-05;1;1;1;NO APLICA;2
SEC06407;2;2018-04-20;7;3;PERÚ;2;EDUCADORES DE CALLE;CUSCO;CUSCO;CUSCO;2025-04-05;1;1;1;NO APLICA;2
SEC06408;2;2008-04-10;17;4;PERÚ;2;EDUCADORES DE CALLE;TACNA;TACNA;CORONEL GREGORIO ALBARRACIN LANCHIPA;2025-04-07;1;1;1;NO APLICA;2
SEC06409;2;2011-01-12;14;4;PERÚ;2;EDUCADORES DE CALLE;TACNA;TACNA;CORONEL GREGORIO ALBARRACIN LANCHIPA;2025-04-07;1;1;1;NO APLICA;2
SEC06410;1;2008-03-19;17;4;PERÚ;2;EDUCADORES DE CALLE;UCAYALI;CORONEL PORTILLO;YARINACOCHA;2025-04-07;1;1;1;NO APLICA;2
SEC06411;1;2010-09-04;14;4;PERÚ;2;EDUCADORES DE CALLE;UCAYALI;CORONEL PORTILLO;YARINACOCHA;2025-04-07;1;1;1;NO APLICA;2
SEC06412;1;2017-06-22;7;3;PERÚ;2;EDUCADORES DE CALLE;UCAYALI;CORONEL PORTILLO;YARINACOCHA;2025-04-07;1;1;1;NO APLICA;2
SEC06413;1;2012-09-05;12;4;PERÚ;2;EDUCADORES DE CALLE;UCAYALI;CORONEL PORTILLO;YARINACOCHA;2025-04-07;1;1;1;NO APLICA;2
SEC06414;1;2021-11-26;3;2;PERÚ;2;EDUCADORES DE CALLE;UCAYALI;CORONEL PORTILLO;YARINACOCHA;2025-04-07;1;1;1;NO APLICA;2
SEC06415;1;2014-07-31;10;3;PERÚ;2;EDUCADORES DE CALLE;UCAYALI;CORONEL PORTILLO;YARINACOCHA;2025-04-07;1;1;1;NO APLICA;2
SEC06416;2;2020-11-07;4;2;PERÚ;2;EDUCADORES DE CALLE;UCAYALI;CORONEL PORTILLO;YARINACOCHA;2025-04-07;1;1;1;NO APLICA;2
SEC06417;2;2018-01-18;7;3;PERÚ;2;EDUCADORES DE CALLE;UCAYALI;CORONEL PORTILLO;YARINACOCHA;2025-04-07;1;1;1;NO APLICA;2
SEC06418;2;2023-09-12;1;2;PERÚ;2;EDUCADORES DE CALLE;LIMA;LIMA;SAN JUAN DE LURIGANCHO;2025-04-07;2;1;1;NO APLICA;2
SEC06419;1;2022-07-27;2;2;PERÚ;2;EDUCADORES DE CALLE;LIMA;LIMA;SANTIAGO DE SURCO;2025-04-07;1;1;1;NO APLICA;2
SEC06420;1;2016-04-27;9;3;PERÚ;2;EDUCADORES DE CALLE;TUMBES;ZARUMILLA;ZARUMILLA;2025-04-07;1;1;1;NO APLICA;2
SEC06421;1;2011-12-14;13;4;PERÚ;2;EDUCADORES DE CALLE;TUMBES;ZARUMILLA;ZARUMILLA;2025-04-07;1;1;1;NO APLICA;2
SEC06422;2;2011-03-24;14;4;PERÚ;2;EDUCADORES DE CALLE;UCAYALI;CORONEL PORTILLO;YARINACOCHA;2025-04-08;1;1;1;NO APLICA;2
SEC06423;2;2013-06-29;11;3;PERÚ;2;EDUCADORES DE CALLE;UCAYALI;CORONEL PORTILLO;YARINACOCHA;2025-04-08;1;1;1;NO APLICA;2
SEC06424;1;2011-01-17;14;4;PERÚ;2;EDUCADORES DE CALLE;UCAYALI;CORONEL PORTILLO;YARINACOCHA;2025-04-08;1;1;1;NO APLICA;2
SEC06425;1;2015-06-19;9;3;PERÚ;2;EDUCADORES DE CALLE;UCAYALI;CORONEL PORTILLO;YARINACOCHA;2025-04-08;1;1;1;NO APLICA;2
SEC06426;2;2007-08-02;17;4;PERÚ;2;EDUCADORES DE CALLE;UCAYALI;CORONEL PORTILLO;YARINACOCHA;2025-04-08;1;1;1;NO APLICA;2
SEC06427;2;2020-10-27;4;2;PERÚ;2;EDUCADORES DE CALLE;UCAYALI;CORONEL PORTILLO;YARINACOCHA;2025-04-08;1;1;1;NO APLICA;2
SEC06428;2;2014-10-09;10;3;PERÚ;2;EDUCADORES DE CALLE;UCAYALI;CORONEL PORTILLO;YARINACOCHA;2025-04-08;1;1;1;NO APLICA;2
SEC06429;2;2021-11-02;3;2;PERÚ;2;EDUCADORES DE CALLE;UCAYALI;CORONEL PORTILLO;YARINACOCHA;2025-04-08;1;1;1;NO APLICA;2
SEC06430;2;2017-01-10;8;3;PERÚ;2;EDUCADORES DE CALLE;UCAYALI;CORONEL PORTILLO;YARINACOCHA;2025-04-08;1;1;1;NO APLICA;2
SEC06431;2;2017-10-18;7;3;PERÚ;2;EDUCADORES DE CALLE;UCAYALI;CORONEL PORTILLO;YARINACOCHA;2025-04-08;1;1;1;NO APLICA;2
SEC06432;1;2015-12-14;9;3;PERÚ;2;EDUCADORES DE CALLE;UCAYALI;CORONEL PORTILLO;YARINACOCHA;2025-04-08;1;1;1;NO APLICA;2
SEC06433;2;2017-10-14;7;3;PERÚ;2;EDUCADORES DE CALLE;UCAYALI;CORONEL PORTILLO;YARINACOCHA;2025-04-08;1;1;1;NO APLICA;2
SEC06434;2;2013-11-04;11;3;PERÚ;2;EDUCADORES DE CALLE;UCAYALI;CORONEL PORTILLO;YARINACOCHA;2025-04-08;1;1;1;NO APLICA;2
SEC06435;2;2008-08-18;16;4;PERÚ;2;EDUCADORES DE CALLE;UCAYALI;CORONEL PORTILLO;YARINACOCHA;2025-04-08;1;1;1;NO APLICA;2
SEC06436;2;2011-12-01;13;4;PERÚ;2;EDUCADORES DE CALLE;UCAYALI;CORONEL PORTILLO;YARINACOCHA;2025-04-08;1;5;1;NO APLICA;2
SEC06437;2;2015-10-16;9;3;PERÚ;2;EDUCADORES DE CALLE;UCAYALI;CORONEL PORTILLO;YARINACOCHA;2025-04-08;1;1;1;NO APLICA;2
SEC06438;1;2016-03-19;9;3;PERÚ;2;EDUCADORES DE CALLE;LIMA;LIMA;MAGDALENA;2025-04-08;1;1;1;NO APLICA;2
SEC06439;2;2025-03-01;0;1;PERÚ;2;EDUCADORES DE CALLE;LIMA;LIMA;MAGDALENA;2025-04-08;2;1;1;NO APLICA;2
SEC06440;1;2014-06-03;10;3;PERÚ;2;EDUCADORES DE CALLE;LIMA;LIMA;SAN JUAN DE LURIGANCHO;2025-04-08;1;1;1;NO APLICA;2
SEC06441;2;2016-09-18;8;3;PERÚ;2;EDUCADORES DE CALLE;LIMA;LIMA;SAN JUAN DE LURIGANCHO;2025-04-08;1;1;1;NO APLICA;2
SEC06442;2;2020-05-30;4;2;PERÚ;2;EDUCADORES DE CALLE;LIMA;LIMA;SAN JUAN DE LURIGANCHO;2025-04-08;2;1;1;NO APLICA;2
SEC06443;2;2015-09-15;9;3;PERÚ;1;EDUCADORES DE CALLE;LIMA;LIMA;CHORRILLOS;2025-04-08;1;2;1;NO APLICA;2
SEC06444;1;2011-10-07;13;4;PERÚ;2;EDUCADORES DE CALLE;MOQUEGUA;MARISCAL NIETO;MOQUEGUA;2025-04-09;1;1;1;NO APLICA;2
SEC06445;2;2017-09-02;7;3;PERÚ;2;EDUCADORES DE CALLE;MOQUEGUA;MARISCAL NIETO;MOQUEGUA;2025-04-09;1;1;1;NO APLICA;2
SEC06446;2;2013-07-25;11;3;PERÚ;2;EDUCADORES DE CALLE;PUNO;SAN ROMAN;JULIACA;2025-04-09;1;1;1;NO APLICA;2
SEC06447;1;2020-05-24;4;2;PERÚ;2;EDUCADORES DE CALLE;UCAYALI;CORONEL PORTILLO;YARINACOCHA;2025-04-09;1;1;1;NO APLICA;2
SEC06448;2;2012-10-30;12;4;PERÚ;2;EDUCADORES DE CALLE;UCAYALI;CORONEL PORTILLO;YARINACOCHA;2025-04-09;1;1;1;NO APLICA;2
SEC06449;2;2015-11-01;9;3;PERÚ;2;EDUCADORES DE CALLE;UCAYALI;CORONEL PORTILLO;YARINACOCHA;2025-04-09;1;1;1;NO APLICA;2
SEC06450;1;2018-06-01;6;3;PERÚ;2;EDUCADORES DE CALLE;UCAYALI;CORONEL PORTILLO;YARINACOCHA;2025-04-09;1;1;1;NO APLICA;2
SEC06451;1;2020-11-23;4;2;PERÚ;2;EDUCADORES DE CALLE;UCAYALI;CORONEL PORTILLO;YARINACOCHA;2025-04-09;1;1;1;NO APLICA;2
SEC06452;2;2013-07-22;11;3;PERÚ;2;EDUCADORES DE CALLE;UCAYALI;CORONEL PORTILLO;YARINACOCHA;2025-04-09;1;1;1;NO APLICA;2
SEC06453;2;2016-12-20;8;3;PERÚ;2;EDUCADORES DE CALLE;UCAYALI;CORONEL PORTILLO;YARINACOCHA;2025-04-09;1;1;1;NO APLICA;2
SEC06454;1;2021-11-06;3;2;PERÚ;2;EDUCADORES DE CALLE;UCAYALI;CORONEL PORTILLO;YARINACOCHA;2025-04-09;1;1;1;NO APLICA;2
SEC06455;1;2011-04-21;14;4;PERÚ;2;EDUCADORES DE CALLE;TACNA;TACNA;TACNA;2025-04-10;1;1;1;NO APLICA;2
SEC06456;1;2015-11-22;9;3;PERÚ;2;EDUCADORES DE CALLE;TACNA;TACNA;TACNA;2025-04-10;1;1;1;NO APLICA;2
SEC06457;1;2015-10-04;9;3;PERÚ;2;EDUCADORES DE CALLE;AREQUIPA;AREQUIPA;JOSE LUIS BUSTAMANTE Y RIVERO;2025-04-10;1;1;1;NO APLICA;2
SEC06458;1;2013-05-16;11;3;PERÚ;2;EDUCADORES DE CALLE;TACNA;TACNA;TACNA;2025-04-10;1;1;1;NO APLICA;2
SEC06459;1;2017-11-11;7;3;PERÚ;2;EDUCADORES DE CALLE;AREQUIPA;AREQUIPA;JOSE LUIS BUSTAMANTE Y RIVERO;2025-04-10;1;1;1;NO APLICA;2
SEC06460;2;2018-11-16;6;3;PERÚ;2;EDUCADORES DE CALLE;TACNA;TACNA;TACNA;2025-04-10;1;1;1;NO APLICA;2
SEC06461;1;2019-01-23;6;3;PERÚ;2;EDUCADORES DE CALLE;UCAYALI;CORONEL PORTILLO;YARINACOCHA;2025-04-10;1;1;1;NO APLICA;2
SEC06462;2;2021-05-06;3;2;PERÚ;2;EDUCADORES DE CALLE;UCAYALI;CORONEL PORTILLO;YARINACOCHA;2025-04-10;1;1;1;NO APLICA;2
SEC06463;2;2022-02-16;3;2;PERÚ;2;EDUCADORES DE CALLE;UCAYALI;CORONEL PORTILLO;YARINACOCHA;2025-04-10;1;1;1;NO APLICA;2
SEC06464;2;2016-06-12;8;3;PERÚ;2;EDUCADORES DE CALLE;UCAYALI;CORONEL PORTILLO;YARINACOCHA;2025-04-10;1;1;1;NO APLICA;2
SEC06465;2;2019-05-11;5;2;PERÚ;2;EDUCADORES DE CALLE;UCAYALI;CORONEL PORTILLO;YARINACOCHA;2025-04-10;1;1;1;NO APLICA;2
SEC06466;2;2015-07-20;9;3;PERÚ;2;EDUCADORES DE CALLE;UCAYALI;CORONEL PORTILLO;YARINACOCHA;2025-04-10;1;1;1;NO APLICA;2
SEC06467;2;2012-12-07;12;4;PERÚ;2;EDUCADORES DE CALLE;UCAYALI;CORONEL PORTILLO;YARINACOCHA;2025-04-10;1;1;1;NO APLICA;2
SEC06468;1;2016-01-01;9;3;PERÚ;2;EDUCADORES DE CALLE;UCAYALI;CORONEL PORTILLO;YARINACOCHA;2025-04-10;1;1;1;NO APLICA;2
SEC06469;2;2010-04-11;15;4;PERÚ;2;EDUCADORES DE CALLE;CUSCO;CUSCO;CUSCO;2025-04-10;1;1;1;NO APLICA;2
SEC06470;1;2011-10-01;13;4;PERÚ;2;EDUCADORES DE CALLE;TACNA;TACNA;TACNA;2025-04-11;1;1;1;NO APLICA;2
SEC06471;1;2011-01-07;14;4;PERÚ;2;EDUCADORES DE CALLE;TACNA;TACNA;TACNA;2025-04-11;1;1;1;NO APLICA;2
SEC06472;1;2018-02-05;7;3;PERÚ;2;EDUCADORES DE CALLE;TACNA;TACNA;CIUDAD NUEVA;2025-04-11;1;1;1;NO APLICA;2
SEC06473;1;2014-04-03;11;3;PERÚ;2;EDUCADORES DE CALLE;UCAYALI;CORONEL PORTILLO;CALLERIA;2025-04-11;1;1;1;NO APLICA;2
SEC06474;1;2010-08-28;14;4;PERÚ;2;EDUCADORES DE CALLE;UCAYALI;CORONEL PORTILLO;CALLERIA;2025-04-11;1;1;1;NO APLICA;2
SEC06475;1;2015-05-21;9;3;PERÚ;2;EDUCADORES DE CALLE;UCAYALI;CORONEL PORTILLO;CALLERIA;2025-04-11;1;1;1;NO APLICA;2
SEC06476;2;2018-02-14;7;3;PERÚ;2;EDUCADORES DE CALLE;UCAYALI;CORONEL PORTILLO;CALLERIA;2025-04-11;1;1;1;NO APLICA;2
SEC06477;1;2018-08-26;6;3;PERÚ;2;EDUCADORES DE CALLE;UCAYALI;CORONEL PORTILLO;YARINACOCHA;2025-04-11;1;1;1;NO APLICA;2
SEC06478;2;2013-05-04;11;3;PERÚ;2;EDUCADORES DE CALLE;UCAYALI;CORONEL PORTILLO;YARINACOCHA;2025-04-11;1;1;1;NO APLICA;2
SEC06479;1;2019-04-04;6;3;PERÚ;2;EDUCADORES DE CALLE;UCAYALI;CORONEL PORTILLO;YARINACOCHA;2025-04-11;1;1;1;NO APLICA;2
SEC06480;2;2020-11-29;4;2;PERÚ;2;EDUCADORES DE CALLE;UCAYALI;CORONEL PORTILLO;YARINACOCHA;2025-04-11;1;1;1;NO APLICA;2
SEC06481;1;2011-05-21;13;4;PERÚ;2;EDUCADORES DE CALLE;UCAYALI;CORONEL PORTILLO;YARINACOCHA;2025-04-11;1;1;1;NO APLICA;2
SEC06482;1;2015-04-12;10;3;PERÚ;2;EDUCADORES DE CALLE;UCAYALI;CORONEL PORTILLO;YARINACOCHA;2025-04-11;1;1;1;NO APLICA;2
SEC06483;2;2019-07-16;5;2;PERÚ;2;EDUCADORES DE CALLE;UCAYALI;CORONEL PORTILLO;YARINACOCHA;2025-04-11;1;1;1;NO APLICA;2
SEC06484;1;2021-06-10;3;2;PERÚ;2;EDUCADORES DE CALLE;UCAYALI;CORONEL PORTILLO;YARINACOCHA;2025-04-11;1;1;1;NO APLICA;2
SEC06485;1;2017-12-28;7;3;PERÚ;2;EDUCADORES DE CALLE;UCAYALI;CORONEL PORTILLO;YARINACOCHA;2025-04-11;1;1;1;NO APLICA;2
SEC06486;2;2012-06-01;12;4;PERÚ;2;EDUCADORES DE CALLE;TUMBES;ZARUMILLA;ZARUMILLA;2025-04-11;1;1;1;NO APLICA;2
SEC06487;1;2011-03-26;14;4;PERÚ;2;EDUCADORES DE CALLE;AREQUIPA;AREQUIPA;CERRO COLORADO;2025-04-12;1;1;1;NO APLICA;2
SEC06488;2;2012-09-27;12;4;PERÚ;2;EDUCADORES DE CALLE;AREQUIPA;AREQUIPA;MIRAFLORES;2025-04-12;1;1;1;NO APLICA;2
SEC06489;1;2014-10-22;10;3;PERÚ;2;EDUCADORES DE CALLE;AREQUIPA;AREQUIPA;MIRAFLORES;2025-04-12;1;1;1;NO APLICA;2
SEC06490;1;2017-01-20;8;3;PERÚ;2;EDUCADORES DE CALLE;AREQUIPA;AREQUIPA;CERRO COLORADO;2025-04-12;1;1;1;NO APLICA;2
SEC06491;2;2017-03-13;8;3;PERÚ;2;EDUCADORES DE CALLE;TACNA;TACNA;CIUDAD NUEVA;2025-04-12;1;1;1;NO APLICA;2
SEC06492;1;2017-03-13;8;3;PERÚ;2;EDUCADORES DE CALLE;AREQUIPA;AREQUIPA;MIRAFLORES;2025-04-12;1;1;1;NO APLICA;2
SEC06493;1;2017-12-06;7;3;PERÚ;2;EDUCADORES DE CALLE;AREQUIPA;AREQUIPA;MIRAFLORES;2025-04-12;1;1;1;NO APLICA;2
SEC06494;2;2011-11-20;13;4;BOLIVIA;2;EDUCADORES DE CALLE;TACNA;TACNA;TACNA;2025-04-14;1;5;1;NO APLICA;2
SEC06495;2;2019-01-23;6;3;BOLIVIA;2;EDUCADORES DE CALLE;TACNA;TACNA;TACNA;2025-04-14;1;5;1;NO APLICA;2
SEC06496;2;2015-10-11;9;3;PERÚ;2;EDUCADORES DE CALLE;MOQUEGUA;MARISCAL NIETO;MOQUEGUA;2025-04-15;1;2;1;NO APLICA;2
SEC06497;2;2016-04-09;9;3;PERÚ;2;EDUCADORES DE CALLE;LIMA;HUARAL;CHANCAY;2025-04-15;1;1;1;NO APLICA;2
SEC06498;2;2016-04-27;9;3;PERÚ;2;EDUCADORES DE CALLE;CAJAMARCA;CAJAMARCA;CAJAMARCA;2025-04-15;2;1;1;NO APLICA;2
SEC06499;2;2016-07-09;8;3;PERÚ;2;EDUCADORES DE CALLE;LA LIBERTAD;TRUJILLO;TRUJILLO;2025-04-15;1;1;1;NO APLICA;2
SEC06500;1;2014-12-14;10;3;PERÚ;2;EDUCADORES DE CALLE;UCAYALI;CORONEL PORTILLO;CALLERIA;2025-04-15;1;1;1;NO APLICA;2
SEC06501;1;2012-07-28;12;4;PERÚ;2;EDUCADORES DE CALLE;UCAYALI;CORONEL PORTILLO;CALLERIA;2025-04-15;1;1;1;NO APLICA;2
SEC06502;1;2014-03-11;11;3;PERÚ;2;EDUCADORES DE CALLE;UCAYALI;CORONEL PORTILLO;CALLERIA;2025-04-15;1;1;1;NO APLICA;2
SEC06503;2;2018-01-16;7;3;PERÚ;2;EDUCADORES DE CALLE;UCAYALI;CORONEL PORTILLO;YARINACOCHA;2025-04-15;1;1;1;NO APLICA;2
SEC06504;1;2010-04-10;15;4;PERÚ;2;EDUCADORES DE CALLE;UCAYALI;CORONEL PORTILLO;YARINACOCHA;2025-04-15;1;1;1;NO APLICA;2
SEC06505;1;2012-04-04;13;4;PERÚ;2;EDUCADORES DE CALLE;UCAYALI;CORONEL PORTILLO;YARINACOCHA;2025-04-15;1;1;1;NO APLICA;2
SEC06506;1;2017-02-21;8;3;PERÚ;2;EDUCADORES DE CALLE;UCAYALI;CORONEL PORTILLO;YARINACOCHA;2025-04-15;1;1;1;NO APLICA;2
SEC06507;2;2016-03-08;9;3;PERÚ;2;EDUCADORES DE CALLE;UCAYALI;CORONEL PORTILLO;YARINACOCHA;2025-04-15;1;1;1;NO APLICA;2
SEC06508;2;2009-02-15;16;4;PERÚ;2;EDUCADORES DE CALLE;UCAYALI;CORONEL PORTILLO;YARINACOCHA;2025-04-15;1;1;1;NO APLICA;2
SEC06509;2;2021-08-30;3;2;PERÚ;2;EDUCADORES DE CALLE;UCAYALI;CORONEL PORTILLO;YARINACOCHA;2025-04-15;1;1;1;NO APLICA;2
SEC06510;2;2020-04-19;5;2;PERÚ;2;EDUCADORES DE CALLE;UCAYALI;CORONEL PORTILLO;YARINACOCHA;2025-04-15;1;1;1;NO APLICA;2
SEC06511;1;2025-02-26;0;1;PERÚ;2;EDUCADORES DE CALLE;LIMA;LIMA;LIMA;2025-04-15;1;1;1;NO APLICA;2
SEC06512;1;2016-10-01;8;3;PERÚ;2;EDUCADORES DE CALLE;LIMA;LIMA;SAN JUAN DE MIRAFLORES;2025-04-15;1;1;1;NO APLICA;2
SEC06513;1;2022-11-27;2;2;PERÚ;2;EDUCADORES DE CALLE;LIMA;LIMA;SAN JUAN DE MIRAFLORES;2025-04-15;1;1;1;NO APLICA;2
SEC06514;2;2020-04-24;5;2;PERÚ;2;EDUCADORES DE CALLE;LIMA;LIMA;SAN JUAN DE MIRAFLORES;2025-04-15;1;1;1;NO APLICA;2
SEC06515;1;2011-06-10;13;4;PERÚ;2;EDUCADORES DE CALLE;TUMBES;ZARUMILLA;ZARUMILLA;2025-04-15;1;1;1;NO APLICA;2
SEC06516;2;2010-03-10;15;4;PERÚ;2;EDUCADORES DE CALLE;CUSCO;CUSCO;SANTIAGO;2025-04-15;1;1;1;NO APLICA;2
SEC06517;1;2012-11-14;12;4;PERÚ;2;EDUCADORES DE CALLE;AREQUIPA;AREQUIPA;CERRO COLORADO;2025-04-16;1;2;1;NO APLICA;2
SEC06518;2;2014-03-05;11;3;PERÚ;2;EDUCADORES DE CALLE;UCAYALI;CORONEL PORTILLO;YARINACOCHA;2025-04-16;1;1;1;NO APLICA;2
SEC06519;1;2011-06-14;13;4;PERÚ;2;EDUCADORES DE CALLE;UCAYALI;CORONEL PORTILLO;YARINACOCHA;2025-04-16;1;1;1;NO APLICA;2
SEC06520;2;2017-04-21;8;3;PERÚ;2;EDUCADORES DE CALLE;UCAYALI;CORONEL PORTILLO;YARINACOCHA;2025-04-16;1;1;1;NO APLICA;2
SEC06521;2;2013-03-27;12;4;PERÚ;2;EDUCADORES DE CALLE;UCAYALI;CORONEL PORTILLO;YARINACOCHA;2025-04-16;1;1;1;NO APLICA;2
SEC06522;2;2015-07-13;9;3;PERÚ;2;EDUCADORES DE CALLE;UCAYALI;CORONEL PORTILLO;YARINACOCHA;2025-04-16;1;1;1;NO APLICA;2
SEC06523;2;2011-11-17;13;4;PERÚ;2;EDUCADORES DE CALLE;ANCASH;SANTA;CHIMBOTE;2025-04-16;1;1;1;NO APLICA;2
SEC06524;2;2014-07-06;10;3;PERÚ;2;EDUCADORES DE CALLE;ANCASH;SANTA;CHIMBOTE;2025-04-16;1;1;1;NO APLICA;2
SEC06525;2;2019-06-30;5;2;PERÚ;2;EDUCADORES DE CALLE;ANCASH;SANTA;CHIMBOTE;2025-04-16;1;1;1;NO APLICA;2
SEC06526;1;2017-09-20;7;3;PERÚ;2;EDUCADORES DE CALLE;ANCASH;SANTA;CHIMBOTE;2025-04-16;1;1;1;NO APLICA;2
SEC06527;2;2012-08-26;12;4;PERÚ;2;EDUCADORES DE CALLE;APURÍMAC;ABANCAY;ABANCAY;2025-04-16;1;1;1;NO APLICA;2
SEC06528;2;2016-04-09;9;3;PERÚ;2;EDUCADORES DE CALLE;APURÍMAC;ABANCAY;ABANCAY;2025-04-16;1;1;1;NO APLICA;2
SEC06529;2;2024-07-09;0;1;PERÚ;2;EDUCADORES DE CALLE;LIMA;LIMA;LIMA;2025-04-16;1;1;1;NO APLICA;2
SEC06530;2;2020-08-28;4;2;PERÚ;2;EDUCADORES DE CALLE;LIMA;LIMA;LIMA;2025-04-16;1;1;1;NO APLICA;2
SEC06531;1;2013-08-17;11;3;PERÚ;2;EDUCADORES DE CALLE;LIMA;LIMA;SAN JUAN DE LURIGANCHO;2025-04-16;1;1;1;NO APLICA;2
SEC06532;2;2018-04-24;7;3;PERÚ;2;EDUCADORES DE CALLE;LIMA;LIMA;SAN JUAN DE LURIGANCHO;2025-04-16;1;1;1;NO APLICA;2
SEC06533;2;2020-01-29;5;2;PERÚ;2;EDUCADORES DE CALLE;LIMA;LIMA;SAN JUAN DE LURIGANCHO;2025-04-16;2;1;1;NO APLICA;2
SEC06534;1;2015-04-05;10;3;PERÚ;2;EDUCADORES DE CALLE;UCAYALI;CORONEL PORTILLO;YARINACOCHA;2025-04-17;1;1;1;NO APLICA;2
SEC06535;2;2012-05-07;12;4;PERÚ;2;EDUCADORES DE CALLE;TUMBES;ZARUMILLA;AGUAS VERDES;2025-04-18;1;1;1;NO APLICA;2
SEC06536;2;2014-02-09;11;3;PERÚ;2;EDUCADORES DE CALLE;PIURA;SULLANA;SULLANA;2025-04-20;1;1;1;NO APLICA;2
SEC06537;2;2017-02-18;8;3;PERÚ;2;EDUCADORES DE CALLE;PIURA;SULLANA;SULLANA;2025-04-20;1;1;1;NO APLICA;2
SEC06538;2;2008-08-04;16;4;PERÚ;2;EDUCADORES DE CALLE;LIMA;LIMA;LIMA;2025-04-21;2;1;1;NO APLICA;2
SEC06539;2;2021-12-14;3;2;PERÚ;2;EDUCADORES DE CALLE;LIMA;LIMA;LIMA;2025-04-21;2;1;1;NO APLICA;2
SEC06540;1;2021-02-08;4;2;PERÚ;2;EDUCADORES DE CALLE;LIMA;LIMA;VILLA MARIA DEL TRIUNFO;2025-04-21;2;1;1;NO APLICA;2
SEC06541;1;2018-06-21;6;3;PERÚ;2;EDUCADORES DE CALLE;LIMA;LIMA;VILLA MARIA DEL TRIUNFO;2025-04-21;1;1;1;NO APLICA;2
SEC06542;2;2018-05-25;6;3;PERÚ;2;EDUCADORES DE CALLE;PIURA;SULLANA;SULLANA;2025-04-21;1;1;1;NO APLICA;2
SEC06543;1;2018-01-12;7;3;PERÚ;2;EDUCADORES DE CALLE;PIURA;SULLANA;SULLANA;2025-04-21;1;1;1;NO APLICA;2
SEC06544;1;2012-01-13;13;4;PERÚ;2;EDUCADORES DE CALLE;TUMBES;ZARUMILLA;ZARUMILLA;2025-04-21;1;1;1;NO APLICA;2
SEC06545;1;2016-02-16;9;3;PERÚ;2;EDUCADORES DE CALLE;MOQUEGUA;MARISCAL NIETO;MOQUEGUA;2025-04-22;1;1;1;NO APLICA;2
SEC06546;1;2017-01-29;8;3;PERÚ;2;EDUCADORES DE CALLE;AREQUIPA;AREQUIPA;JOSE LUIS BUSTAMANTE Y RIVERO;2025-04-22;1;1;1;NO APLICA;2
SEC06547;2;2009-10-04;15;4;PERÚ;2;EDUCADORES DE CALLE;CUSCO;CUSCO;SANTIAGO;2025-04-22;1;1;1;NO APLICA;2
SEC06548;1;2009-03-22;16;4;PERÚ;2;EDUCADORES DE CALLE;CUSCO;CUSCO;CUSCO;2025-04-22;1;1;1;NO APLICA;2
SEC06549;1;2012-04-13;13;4;PERÚ;2;EDUCADORES DE CALLE;JUNÍN;HUANCAYO;HUANCAYO;2025-04-23;1;1;1;NO APLICA;2
SEC06550;1;2010-12-05;14;4;PERÚ;2;EDUCADORES DE CALLE;JUNÍN;HUANCAYO;HUANCAYO;2025-04-23;1;1;1;NO APLICA;2
SEC06551;2;2012-07-27;12;4;PERÚ;2;EDUCADORES DE CALLE;JUNÍN;HUANCAYO;HUANCAYO;2025-04-23;1;1;1;NO APLICA;2
SEC06552;2;2009-07-24;15;4;PERÚ;2;EDUCADORES DE CALLE;LA LIBERTAD;TRUJILLO;TRUJILLO;2025-04-23;1;1;1;NO APLICA;2
SEC06553;2;2014-11-11;10;3;PERÚ;2;EDUCADORES DE CALLE;JUNÍN;HUANCAYO;HUANCAYO;2025-04-23;1;1;1;NO APLICA;2
SEC06554;2;2015-03-13;10;3;PERÚ;2;EDUCADORES DE CALLE;JUNÍN;HUANCAYO;HUANCAYO;2025-04-23;1;1;1;NO APLICA;2
SEC06555;1;2015-07-21;9;3;PERÚ;2;EDUCADORES DE CALLE;JUNÍN;HUANCAYO;HUANCAYO;2025-04-23;1;1;1;NO APLICA;2
SEC06556;1;2016-07-13;8;3;PERÚ;2;EDUCADORES DE CALLE;LA LIBERTAD;TRUJILLO;TRUJILLO;2025-04-23;1;1;1;NO APLICA;2
SEC06557;1;2015-09-07;9;3;PERÚ;2;EDUCADORES DE CALLE;JUNÍN;HUANCAYO;HUANCAYO;2025-04-23;1;1;1;NO APLICA;2
SEC06558;2;2016-09-20;8;3;PERÚ;2;EDUCADORES DE CALLE;JUNÍN;HUANCAYO;HUANCAYO;2025-04-23;1;1;1;NO APLICA;2
SEC06559;2;2016-09-20;8;3;PERÚ;2;EDUCADORES DE CALLE;JUNÍN;HUANCAYO;HUANCAYO;2025-04-23;1;1;1;NO APLICA;2
SEC06560;2;2016-10-21;8;3;PERÚ;2;EDUCADORES DE CALLE;JUNÍN;HUANCAYO;HUANCAYO;2025-04-23;1;1;1;NO APLICA;2
SEC06561;2;2016-10-07;8;3;PERÚ;2;EDUCADORES DE CALLE;JUNÍN;HUANCAYO;HUANCAYO;2025-04-23;1;1;1;NO APLICA;2
SEC06562;2;2015-07-31;9;3;PERÚ;2;EDUCADORES DE CALLE;JUNÍN;HUANCAYO;HUANCAYO;2025-04-23;1;1;1;NO APLICA;2
SEC06563;2;2018-03-27;7;3;PERÚ;2;EDUCADORES DE CALLE;JUNÍN;HUANCAYO;HUANCAYO;2025-04-23;1;1;1;NO APLICA;2
SEC06564;2;2017-09-12;7;3;PERÚ;2;EDUCADORES DE CALLE;JUNÍN;HUANCAYO;HUANCAYO;2025-04-23;1;1;1;NO APLICA;2
SEC06565;1;2017-11-28;7;3;PERÚ;2;EDUCADORES DE CALLE;LA LIBERTAD;TRUJILLO;TRUJILLO;2025-04-23;1;1;1;NO APLICA;2
SEC06566;1;2018-04-22;7;3;PERÚ;2;EDUCADORES DE CALLE;JUNÍN;HUANCAYO;HUANCAYO;2025-04-23;1;1;1;NO APLICA;2
SEC06567;2;2018-09-18;6;3;PERÚ;2;EDUCADORES DE CALLE;JUNÍN;HUANCAYO;HUANCAYO;2025-04-23;1;1;1;NO APLICA;2
SEC06568;1;2018-10-01;6;3;PERÚ;2;EDUCADORES DE CALLE;AREQUIPA;AREQUIPA;JOSE LUIS BUSTAMANTE Y RIVERO;2025-04-23;1;1;1;NO APLICA;2
SEC06569;1;2019-02-12;6;3;PERÚ;2;EDUCADORES DE CALLE;JUNÍN;HUANCAYO;HUANCAYO;2025-04-23;1;1;1;NO APLICA;2
SEC06570;2;2019-06-12;5;2;PERÚ;2;EDUCADORES DE CALLE;JUNÍN;HUANCAYO;HUANCAYO;2025-04-23;1;1;1;NO APLICA;2
SEC06571;1;2009-06-24;15;4;PERÚ;2;EDUCADORES DE CALLE;ANCASH;SANTA;NUEVO CHIMBOTE;2025-04-23;1;1;1;NO APLICA;2
SEC06572;1;2019-04-02;6;3;PERÚ;2;EDUCADORES DE CALLE;ANCASH;SANTA;NUEVO CHIMBOTE;2025-04-23;1;1;1;NO APLICA;2
SEC06573;1;2017-01-06;8;3;PERÚ;2;EDUCADORES DE CALLE;ANCASH;SANTA;NUEVO CHIMBOTE;2025-04-23;1;1;1;NO APLICA;2
SEC06574;1;2011-12-13;13;4;PERÚ;2;EDUCADORES DE CALLE;ANCASH;SANTA;NUEVO CHIMBOTE;2025-04-23;1;1;1;NO APLICA;2
SEC06575;2;2013-05-19;11;3;PERÚ;2;EDUCADORES DE CALLE;ANCASH;SANTA;NUEVO CHIMBOTE;2025-04-23;1;1;1;NO APLICA;2
SEC06576;2;2017-08-12;7;3;PERÚ;2;EDUCADORES DE CALLE;APURÍMAC;ABANCAY;ABANCAY;2025-04-23;1;1;1;NO APLICA;2
SEC06577;1;2016-04-09;9;3;PERÚ;2;EDUCADORES DE CALLE;APURÍMAC;ABANCAY;ABANCAY;2025-04-23;1;1;1;NO APLICA;2
SEC06578;2;2023-10-10;1;2;PERÚ;2;EDUCADORES DE CALLE;LIMA;LIMA;LA VICTORIA;2025-04-23;1;1;1;NO APLICA;2
SEC06579;2;2023-10-10;1;2;PERÚ;2;EDUCADORES DE CALLE;LIMA;LIMA;LA VICTORIA;2025-04-23;2;1;1;NO APLICA;2
SEC06580;1;2020-11-09;4;2;PERÚ;2;EDUCADORES DE CALLE;LIMA;LIMA;SURQUILLO;2025-04-23;1;1;1;NO APLICA;2
SEC06581;1;2015-11-06;9;3;PERÚ;2;EDUCADORES DE CALLE;LIMA;LIMA;SURQUILLO;2025-04-23;1;1;1;NO APLICA;2
SEC06582;1;2014-06-03;10;3;PERÚ;2;EDUCADORES DE CALLE;LIMA;LIMA;SURQUILLO;2025-04-23;1;1;1;NO APLICA;2
SEC06583;2;2016-05-06;8;3;PERÚ;2;EDUCADORES DE CALLE;LIMA;CALLAO;VENTANILLA;2025-04-23;1;2;1;NO APLICA;2
SEC06584;2;2010-05-28;14;4;PERÚ;2;EDUCADORES DE CALLE;LIMA;CALLAO;VENTANILLA;2025-04-23;1;2;1;NO APLICA;2
SEC06585;2;2009-04-25;16;4;PERÚ;2;EDUCADORES DE CALLE;LIMA;CALLAO;VENTANILLA;2025-04-23;1;2;1;NO APLICA;2
SEC06586;2;2017-04-06;8;3;PERÚ;2;EDUCADORES DE CALLE;LIMA;LIMA;PUENTE PIEDRA;2025-04-23;1;1;1;NO APLICA;2
SEC06587;1;2014-07-19;10;3;PERÚ;2;EDUCADORES DE CALLE;LIMA;LIMA;PUENTE PIEDRA;2025-04-23;1;1;1;NO APLICA;2
SEC06588;2;2010-04-19;15;4;PERÚ;2;EDUCADORES DE CALLE;LIMA;LIMA;PUENTE PIEDRA;2025-04-23;1;1;1;NO APLICA;2
SEC06589;2;2010-09-19;14;4;PERÚ;2;EDUCADORES DE CALLE;LIMA;LIMA;PUENTE PIEDRA;2025-04-23;1;1;1;NO APLICA;2
SEC06590;2;2012-04-28;13;4;PERÚ;2;EDUCADORES DE CALLE;LIMA;LIMA;PUENTE PIEDRA;2025-04-23;1;1;1;NO APLICA;2
SEC06591;2;2020-12-09;4;2;PERÚ;2;EDUCADORES DE CALLE;LIMA;LIMA;PUENTE PIEDRA;2025-04-23;1;1;1;NO APLICA;2
SEC06592;1;2010-11-04;14;4;PERÚ;2;EDUCADORES DE CALLE;LIMA;LIMA;PUENTE PIEDRA;2025-04-23;1;1;1;NO APLICA;2
SEC06593;2;2008-08-14;16;4;PERÚ;2;EDUCADORES DE CALLE;LIMA;LIMA;PUENTE PIEDRA;2025-04-23;1;1;1;NO APLICA;2
SEC06594;1;2012-03-29;13;4;PERÚ;2;EDUCADORES DE CALLE;LIMA;LIMA;PUENTE PIEDRA;2025-04-23;1;1;1;NO APLICA;2
SEC06595;1;2013-02-10;12;4;PERÚ;2;EDUCADORES DE CALLE;LIMA;LIMA;PUENTE PIEDRA;2025-04-23;1;1;1;NO APLICA;2
SEC06596;1;2018-02-26;7;3;PERÚ;2;EDUCADORES DE CALLE;LIMA;LIMA;PUENTE PIEDRA;2025-04-23;1;1;1;NO APLICA;2
SEC06597;2;2016-08-23;8;3;PERÚ;2;EDUCADORES DE CALLE;CUSCO;CUSCO;CUSCO;2025-04-23;2;1;1;NO APLICA;2
SEC06598;2;2020-03-10;5;2;PERÚ;2;EDUCADORES DE CALLE;CUSCO;CUSCO;CUSCO;2025-04-23;2;1;1;NO APLICA;2
SEC06599;2;2017-11-20;7;3;PERÚ;2;EDUCADORES DE CALLE;MOQUEGUA;ILO;ILO;2025-04-24;1;1;1;NO APLICA;2
SEC06600;2;2018-05-16;6;3;PERÚ;2;EDUCADORES DE CALLE;PUNO;PUNO;PUNO;2025-04-24;1;1;1;NO APLICA;2
SEC06601;2;2014-11-06;10;3;PERÚ;2;EDUCADORES DE CALLE;PUNO;PUNO;PUNO;2025-04-24;1;1;1;NO APLICA;2
SEC06602;1;2018-03-25;7;3;PERÚ;2;EDUCADORES DE CALLE;AYACUCHO;HUAMANGA;AYACUCHO;2025-04-24;1;1;1;NO APLICA;2
SEC06603;1;2016-08-05;8;3;PERÚ;1;EDUCADORES DE CALLE;AYACUCHO;HUAMANGA;AYACUCHO;2025-04-24;1;1;1;NO APLICA;2
SEC06604;2;2019-06-18;5;2;PERÚ;2;EDUCADORES DE CALLE;AYACUCHO;HUAMANGA;AYACUCHO;2025-04-24;1;1;1;NO APLICA;2
SEC06605;2;2019-01-22;6;3;PERÚ;2;EDUCADORES DE CALLE;AYACUCHO;HUAMANGA;AYACUCHO;2025-04-24;1;1;1;NO APLICA;2
SEC06606;1;2013-02-27;12;4;PERÚ;2;EDUCADORES DE CALLE;AYACUCHO;HUAMANGA;AYACUCHO;2025-04-24;1;1;1;NO APLICA;2
SEC06607;2;2018-01-09;7;3;PERÚ;2;EDUCADORES DE CALLE;AYACUCHO;HUAMANGA;AYACUCHO;2025-04-24;1;1;1;NO APLICA;2
SEC06608;2;2016-07-22;8;3;PERÚ;2;EDUCADORES DE CALLE;AYACUCHO;HUAMANGA;AYACUCHO;2025-04-24;1;1;1;NO APLICA;2
SEC06609;1;2012-03-16;13;4;PERÚ;2;EDUCADORES DE CALLE;AYACUCHO;HUAMANGA;AYACUCHO;2025-04-24;1;1;1;NO APLICA;2
SEC06610;1;2015-03-17;10;3;PERÚ;2;EDUCADORES DE CALLE;AYACUCHO;HUAMANGA;AYACUCHO;2025-04-24;1;1;1;NO APLICA;2
SEC06611;1;2015-05-20;9;3;PERÚ;2;EDUCADORES DE CALLE;HUANCAVELICA;HUANCAVELICA;HUANCAVELICA;2025-04-24;1;2;1;NO APLICA;2
SEC06612;1;2015-11-06;9;3;PERÚ;2;EDUCADORES DE CALLE;HUANCAVELICA;HUANCAVELICA;HUANCAVELICA;2025-04-24;1;2;1;NO APLICA;2
SEC06613;1;2020-12-22;4;2;PERÚ;2;EDUCADORES DE CALLE;ANCASH;SANTA;NUEVO CHIMBOTE;2025-04-24;1;1;1;NO APLICA;2
SEC06614;1;2018-05-13;6;3;PERÚ;2;EDUCADORES DE CALLE;ANCASH;SANTA;NUEVO CHIMBOTE;2025-04-24;1;1;1;NO APLICA;2
SEC06615;1;2014-06-03;10;3;PERÚ;2;EDUCADORES DE CALLE;ANCASH;SANTA;NUEVO CHIMBOTE;2025-04-24;1;1;1;NO APLICA;2
SEC06616;1;2011-02-26;14;4;PERÚ;2;EDUCADORES DE CALLE;ANCASH;SANTA;CHIMBOTE;2025-04-24;1;1;1;NO APLICA;2
SEC06617;2;2011-04-04;14;4;PERÚ;2;EDUCADORES DE CALLE;AREQUIPA;AREQUIPA;JOSE LUIS BUSTAMANTE Y RIVERO;2025-04-25;1;1;1;NO APLICA;2
SEC06618;2;2019-02-05;6;3;PERÚ;2;EDUCADORES DE CALLE;PUNO;PUNO;PUNO;2025-04-25;1;1;1;NO APLICA;2
SEC06619;2;2011-10-29;13;4;PERÚ;2;EDUCADORES DE CALLE;PUNO;PUNO;PUNO;2025-04-25;1;1;1;NO APLICA;2
SEC06620;2;2013-08-05;11;3;PERÚ;2;EDUCADORES DE CALLE;PUNO;PUNO;PUNO;2025-04-25;1;1;1;NO APLICA;2
SEC06621;2;2018-03-04;7;3;PERÚ;2;EDUCADORES DE CALLE;PUNO;PUNO;PUNO;2025-04-25;1;1;1;NO APLICA;2
SEC06622;1;2017-04-03;8;3;PERÚ;2;EDUCADORES DE CALLE;PUNO;PUNO;PUNO;2025-04-25;1;1;1;NO APLICA;2
SEC06623;1;2019-01-03;6;3;PERÚ;2;EDUCADORES DE CALLE;PUNO;PUNO;PUNO;2025-04-25;1;1;1;NO APLICA;2
SEC06624;2;2015-08-21;9;3;PERÚ;2;EDUCADORES DE CALLE;PUNO;PUNO;PUNO;2025-04-25;1;1;1;NO APLICA;2
SEC06625;1;2012-04-11;13;4;PERÚ;2;EDUCADORES DE CALLE;ICA;ICA;ICA;2025-04-25;1;1;1;NO APLICA;2
SEC06626;1;2011-05-18;13;4;PERÚ;2;EDUCADORES DE CALLE;ICA;ICA;ICA;2025-04-25;1;1;1;NO APLICA;2
SEC06627;1;2008-02-17;17;4;PERÚ;2;EDUCADORES DE CALLE;ICA;ICA;ICA;2025-04-25;1;1;1;NO APLICA;2
SEC06628;1;2010-09-20;14;4;PERÚ;2;EDUCADORES DE CALLE;ICA;ICA;ICA;2025-04-25;1;1;1;NO APLICA;2
SEC06629;1;2015-02-27;10;3;PERÚ;2;EDUCADORES DE CALLE;ICA;ICA;ICA;2025-04-25;1;1;1;NO APLICA;2
SEC06630;1;2009-01-01;16;4;PERÚ;2;EDUCADORES DE CALLE;ICA;ICA;ICA;2025-04-25;1;1;1;NO APLICA;2
SEC06631;2;2017-02-18;8;3;PERÚ;2;EDUCADORES DE CALLE;AYACUCHO;HUAMANGA;AYACUCHO;2025-04-25;1;1;1;NO APLICA;2
SEC06632;1;2010-03-11;15;4;PERÚ;2;EDUCADORES DE CALLE;AYACUCHO;HUAMANGA;AYACUCHO;2025-04-25;1;1;1;NO APLICA;2
SEC06633;1;2016-09-28;8;3;PERÚ;2;EDUCADORES DE CALLE;AYACUCHO;HUAMANGA;AYACUCHO;2025-04-25;1;1;1;NO APLICA;2
SEC06634;1;2012-02-03;13;4;PERÚ;2;EDUCADORES DE CALLE;AYACUCHO;HUAMANGA;AYACUCHO;2025-04-25;1;1;1;NO APLICA;2
SEC06635;1;2013-10-22;11;3;PERÚ;2;EDUCADORES DE CALLE;AYACUCHO;HUAMANGA;AYACUCHO;2025-04-25;1;1;1;NO APLICA;2
SEC06636;2;2019-11-24;5;2;PERÚ;2;EDUCADORES DE CALLE;AYACUCHO;HUAMANGA;AYACUCHO;2025-04-25;1;1;1;NO APLICA;2
SEC06637;2;2016-03-21;9;3;PERÚ;2;EDUCADORES DE CALLE;AYACUCHO;HUAMANGA;AYACUCHO;2025-04-25;1;1;1;NO APLICA;2
SEC06638;2;2013-11-27;11;3;PERÚ;2;EDUCADORES DE CALLE;AYACUCHO;HUAMANGA;AYACUCHO;2025-04-25;1;1;1;NO APLICA;2
SEC06639;2;2013-11-27;11;3;PERÚ;2;EDUCADORES DE CALLE;AYACUCHO;HUAMANGA;AYACUCHO;2025-04-25;1;1;1;NO APLICA;2
SEC06640;1;2013-07-07;11;3;PERÚ;2;EDUCADORES DE CALLE;AYACUCHO;HUAMANGA;AYACUCHO;2025-04-25;1;1;1;NO APLICA;2
SEC06641;2;2017-11-21;7;3;PERÚ;1;EDUCADORES DE CALLE;AYACUCHO;HUAMANGA;AYACUCHO;2025-04-25;1;1;1;NO APLICA;2
SEC06642;2;2008-10-02;16;4;PERÚ;2;EDUCADORES DE CALLE;AYACUCHO;HUAMANGA;AYACUCHO;2025-04-25;1;1;1;NO APLICA;2
SEC06643;1;2018-09-19;6;3;PERÚ;2;EDUCADORES DE CALLE;AYACUCHO;HUAMANGA;AYACUCHO;2025-04-25;1;1;2;2025-05-27;2
SEC06644;2;2015-06-16;9;3;PERÚ;2;EDUCADORES DE CALLE;AYACUCHO;HUAMANGA;AYACUCHO;2025-04-25;1;1;1;NO APLICA;2
SEC06645;1;2018-08-07;6;3;PERÚ;2;EDUCADORES DE CALLE;AYACUCHO;HUAMANGA;AYACUCHO;2025-04-25;1;1;1;NO APLICA;2
SEC06646;1;2018-04-28;7;3;PERÚ;2;EDUCADORES DE CALLE;AYACUCHO;HUAMANGA;AYACUCHO;2025-04-25;1;2;1;NO APLICA;2
SEC06647;1;2011-02-17;14;4;PERÚ;2;EDUCADORES DE CALLE;AYACUCHO;HUAMANGA;AYACUCHO;2025-04-25;1;1;1;NO APLICA;2
SEC06648;1;2015-01-11;10;3;PERÚ;2;EDUCADORES DE CALLE;AYACUCHO;HUAMANGA;AYACUCHO;2025-04-25;1;5;1;NO APLICA;2
SEC06649;2;2018-01-06;7;3;PERÚ;2;EDUCADORES DE CALLE;AYACUCHO;HUAMANGA;AYACUCHO;2025-04-25;1;5;1;NO APLICA;2
SEC06650;2;2022-02-13;3;2;PERÚ;2;EDUCADORES DE CALLE;AYACUCHO;HUAMANGA;AYACUCHO;2025-04-25;1;1;1;NO APLICA;2
SEC06651;2;2015-10-11;9;3;PERÚ;2;EDUCADORES DE CALLE;AYACUCHO;HUAMANGA;AYACUCHO;2025-04-25;1;1;1;NO APLICA;2
SEC06652;2;2013-12-17;11;3;PERÚ;2;EDUCADORES DE CALLE;AYACUCHO;HUAMANGA;AYACUCHO;2025-04-25;1;1;1;NO APLICA;2
SEC06653;1;2020-05-18;4;2;PERÚ;2;EDUCADORES DE CALLE;AYACUCHO;HUAMANGA;AYACUCHO;2025-04-25;1;1;1;NO APLICA;2
SEC06654;1;2021-05-07;3;2;PERÚ;2;EDUCADORES DE CALLE;AYACUCHO;HUAMANGA;AYACUCHO;2025-04-25;1;1;1;NO APLICA;2
SEC06655;2;2018-05-06;6;3;PERÚ;2;EDUCADORES DE CALLE;AYACUCHO;HUAMANGA;AYACUCHO;2025-04-25;1;1;1;NO APLICA;2
SEC06656;1;2012-11-19;12;4;PERÚ;2;EDUCADORES DE CALLE;AYACUCHO;HUAMANGA;AYACUCHO;2025-04-25;1;1;1;NO APLICA;2
SEC06657;2;2017-02-20;8;3;PERÚ;2;EDUCADORES DE CALLE;HUÁNUCO;HUÁNUCO;HUÁNUCO;2025-04-25;1;1;1;NO APLICA;2
SEC06658;1;2018-04-06;7;3;PERÚ;2;EDUCADORES DE CALLE;PIURA;SULLANA;SULLANA;2025-04-25;1;1;1;NO APLICA;1
SEC06659;1;2016-12-13;8;3;PERÚ;2;EDUCADORES DE CALLE;PIURA;SULLANA;SULLANA;2025-04-25;1;1;1;NO APLICA;1
SEC06660;1;2016-04-19;9;3;PERÚ;2;EDUCADORES DE CALLE;LIMA;LIMA;SAN BORJA;2025-04-25;2;1;1;NO APLICA;2
SEC06661;2;2017-09-10;7;3;PERÚ;2;EDUCADORES DE CALLE;LIMA;LIMA;SAN BORJA;2025-04-25;2;1;1;NO APLICA;2
SEC06662;1;2020-05-06;4;2;PERÚ;2;EDUCADORES DE CALLE;LIMA;LIMA;SAN BORJA;2025-04-25;2;1;1;NO APLICA;2
SEC06663;2;2024-10-03;0;1;PERÚ;2;EDUCADORES DE CALLE;LIMA;LIMA;SANTIAGO DE SURCO;2025-04-25;2;1;1;NO APLICA;2
SEC06664;2;2024-10-20;0;1;PERÚ;2;EDUCADORES DE CALLE;LIMA;LIMA;SAN BORJA;2025-04-25;2;1;1;NO APLICA;2
SEC06665;2;2017-12-31;7;3;PERÚ;2;EDUCADORES DE CALLE;TUMBES;TUMBES;TUMBES;2025-04-25;1;1;1;NO APLICA;2
SEC06666;1;2015-07-16;9;3;PERÚ;2;EDUCADORES DE CALLE;TUMBES;TUMBES;TUMBES;2025-04-25;1;1;1;NO APLICA;2
SEC06667;2;2018-08-22;6;3;PERÚ;2;EDUCADORES DE CALLE;CAJAMARCA;JAÉN;JAÉN;2025-04-25;1;1;1;NO APLICA;2
SEC06668;2;2017-12-14;7;3;PERÚ;2;EDUCADORES DE CALLE;CAJAMARCA;JAÉN;JAÉN;2025-04-25;1;1;1;NO APLICA;2
SEC06669;2;2012-07-08;12;4;PERÚ;2;EDUCADORES DE CALLE;CAJAMARCA;JAÉN;JAÉN;2025-04-25;1;1;1;NO APLICA;2
SEC06670;2;2018-05-25;6;3;PERÚ;2;EDUCADORES DE CALLE;AYACUCHO;HUAMANGA;AYACUCHO;2025-04-26;1;1;1;NO APLICA;2
SEC06671;1;2018-06-28;6;3;PERÚ;2;EDUCADORES DE CALLE;AYACUCHO;HUAMANGA;AYACUCHO;2025-04-27;1;1;1;NO APLICA;2
SEC06672;2;2011-05-06;13;4;PERÚ;2;EDUCADORES DE CALLE;CAJAMARCA;JAÉN;JAÉN;2025-04-28;1;1;1;NO APLICA;2
SEC06673;1;2013-06-08;11;3;PERÚ;2;EDUCADORES DE CALLE;CAJAMARCA;JAÉN;JAÉN;2025-04-28;1;1;1;NO APLICA;2
SEC06674;1;2017-07-13;7;3;PERÚ;2;EDUCADORES DE CALLE;CAJAMARCA;JAÉN;JAÉN;2025-04-28;1;1;1;NO APLICA;2
SEC06675;2;2011-06-11;13;4;PERÚ;2;EDUCADORES DE CALLE;CAJAMARCA;JAÉN;JAÉN;2025-04-28;1;1;1;NO APLICA;2
SEC06676;2;2015-10-23;9;3;PERÚ;2;EDUCADORES DE CALLE;CAJAMARCA;JAÉN;JAÉN;2025-04-28;1;1;1;NO APLICA;2
SEC06677;2;2010-05-24;14;4;PERÚ;2;EDUCADORES DE CALLE;CAJAMARCA;JAÉN;JAÉN;2025-04-28;1;1;1;NO APLICA;2
SEC06678;1;2018-01-02;7;3;PERÚ;2;EDUCADORES DE CALLE;CAJAMARCA;JAÉN;JAÉN;2025-04-28;1;1;1;NO APLICA;2
SEC06679;1;2018-08-21;6;3;PERÚ;2;EDUCADORES DE CALLE;CAJAMARCA;JAÉN;JAÉN;2025-04-28;1;1;1;NO APLICA;2
SEC06680;1;2016-06-09;8;3;PERÚ;2;EDUCADORES DE CALLE;CAJAMARCA;JAÉN;JAÉN;2025-04-28;1;1;1;NO APLICA;2
SEC06681;1;2011-05-18;13;4;PERÚ;2;EDUCADORES DE CALLE;CAJAMARCA;JAÉN;JAÉN;2025-04-28;1;1;1;NO APLICA;2
SEC06682;1;2016-10-05;8;3;PERÚ;2;EDUCADORES DE CALLE;CAJAMARCA;JAÉN;JAÉN;2025-04-28;1;1;1;NO APLICA;2
SEC06683;2;2015-11-19;9;3;PERÚ;2;EDUCADORES DE CALLE;CAJAMARCA;JAÉN;JAÉN;2025-04-28;1;1;1;NO APLICA;2
SEC06684;2;2020-01-05;5;2;PERÚ;2;EDUCADORES DE CALLE;CAJAMARCA;JAÉN;JAÉN;2025-04-28;1;1;1;NO APLICA;2
SEC06685;1;2020-03-05;5;2;PERÚ;2;EDUCADORES DE CALLE;CAJAMARCA;JAÉN;JAÉN;2025-04-28;1;1;1;NO APLICA;2
SEC06686;1;2012-08-31;12;4;PERÚ;2;EDUCADORES DE CALLE;CAJAMARCA;JAÉN;JAÉN;2025-04-28;1;1;1;NO APLICA;2
SEC06687;2;2015-09-29;9;3;PERÚ;2;EDUCADORES DE CALLE;LIMA;LIMA;CARABAYLLO;2025-05-01;1;1;1;NO APLICA;2
SEC06688;2;2019-04-02;6;3;PERÚ;2;EDUCADORES DE CALLE;LIMA;LIMA;CARABAYLLO;2025-05-01;1;1;1;NO APLICA;2
SEC06689;1;2017-12-04;7;3;VENEZUELA;2;EDUCADORES DE CALLE;LIMA;LIMA;MAGDALENA;2025-05-20;1;5;1;NO APLICA;2
SEC06690;1;2015-02-13;10;3;VENEZUELA;2;EDUCADORES DE CALLE;LIMA;LIMA;MAGDALENA;2025-05-14;2;5;1;NO APLICA;2
SEC06691;2;2017-02-17;8;3;VENEZUELA;2;EDUCADORES DE CALLE;LIMA;LIMA;MAGDALENA;2025-05-14;2;1;1;NO APLICA;2
SEC06692;1;2020-04-18;5;2;VENEZUELA;2;EDUCADORES DE CALLE;LIMA;LIMA;SAN MARTIN DE PORRES;2025-05-08;2;5;1;NO APLICA;2
SEC06693;1;2015-01-30;10;3;PERÚ;2;EDUCADORES DE CALLE;CAJAMARCA;CAJAMARCA;CAJAMARCA;45797;2;1;1;NO APLICA;2
SEC06694;2;2010-07-30;14;4;PERÚ;2;EDUCADORES DE CALLE;HUANCAVELICA;HUANCAVELICA;HUANCAVELICA;45800;1;1;1;NO APLICA;2
SEC06695;1;2008-06-19;16;4;PERÚ;2;EDUCADORES DE CALLE;CUSCO;CUSCO;SAN JERONIMO;45798;1;1;1;NO APLICA;2
SEC06696;2;2008-09-03;16;4;PERÚ;2;EDUCADORES DE CALLE;CUSCO;CUSCO;CUSCO;45800;1;1;1;NO APLICA;2
SEC06697;2;2008-03-06;17;4;PERÚ;2;EDUCADORES DE CALLE;CUSCO;CUSCO;SANTIAGO;45798;3;1;1;NO APLICA;2
SEC06698;2;2008-01-01;17;4;PERÚ;2;EDUCADORES DE CALLE;CUSCO;CUSCO;CUSCO;45803;1;1;1;NO APLICA;2
SEC06699;2;2009-02-27;16;4;PERÚ;2;EDUCADORES DE CALLE;CUSCO;CUSCO;CUSCO;45784;1;1;1;NO APLICA;2
SEC06700;2;2008-05-26;16;4;PERÚ;2;EDUCADORES DE CALLE;LIMA;LIMA;SAN JUAN DE MIRAFLORES;45797;1;1;1;NO APLICA;2
SEC06701;2;2009-12-07;15;4;PERÚ;2;EDUCADORES DE CALLE;HUANCAVELICA;HUANCAVELICA;HUANCAVELICA;45799;1;1;1;NO APLICA;2
SEC06702;1;2008-12-17;16;4;PERÚ;2;EDUCADORES DE CALLE;CUSCO;CUSCO;CUSCO;45798;1;1;1;NO APLICA;2
SEC06703;1;2011-04-28;14;4;PERÚ;2;EDUCADORES DE CALLE;PASCO;PASCO;CHAUPIMARCA;45800;1;1;1;NO APLICA;2
SEC06704;1;2009-07-24;15;4;PERÚ;2;EDUCADORES DE CALLE;LA LIBERTAD;Trujillo;TRUJILLO;45790;1;1;1;NO APLICA;2
SEC06705;2;2009-04-14;16;4;PERÚ;2;EDUCADORES DE CALLE;AREQUIPA;AREQUIPA;CERRO COLORADO;45800;1;1;1;NO APLICA;2
SEC06706;1;2009-08-31;15;4;PERÚ;2;EDUCADORES DE CALLE;LIMA;HUARAL;HUARAL;45798;1;1;1;NO APLICA;2
SEC06707;1;2009-06-14;15;4;PERÚ;2;EDUCADORES DE CALLE;CAJAMARCA;JAÉN;JAÉN;45804;1;1;1;NO APLICA;2
SEC06708;2;2009-08-03;15;4;PERÚ;2;EDUCADORES DE CALLE;AREQUIPA;AREQUIPA;MIRAFLORES;45787;1;1;1;NO APLICA;2
SEC06709;2;2009-03-14;16;4;PERÚ;2;EDUCADORES DE CALLE;CUSCO;CUSCO;CUSCO;45800;1;1;1;NO APLICA;2
SEC06710;2;2009-03-14;16;4;PERÚ;2;EDUCADORES DE CALLE;CUSCO;CUSCO;CUSCO;45800;1;1;1;NO APLICA;2
SEC06711;2;2009-06-12;15;4;PERÚ;2;EDUCADORES DE CALLE;TUMBES;Zarumilla;AGUAS VERDES;45799;1;1;1;NO APLICA;2
SEC06712;1;2009-08-23;15;4;PERÚ;2;EDUCADORES DE CALLE;CUSCO;CUSCO;CUSCO;45798;1;1;1;NO APLICA;2
SEC06713;2;2009-09-16;15;4;PERÚ;2;EDUCADORES DE CALLE;JUNÍN;HUANCAYO;HUANCAYO;45803;1;1;1;NO APLICA;2
SEC06714;2;2010-06-01;14;4;PERÚ;2;EDUCADORES DE CALLE;CAJAMARCA;JAÉN;JAÉN;45804;1;1;1;NO APLICA;2
SEC06715;2;2010-11-16;14;4;PERÚ;2;EDUCADORES DE CALLE;APURÍMAC;Abancay;ABANCAY;45803;1;1;1;NO APLICA;2
SEC06716;2;2010-08-03;14;4;PERÚ;2;EDUCADORES DE CALLE;HUANCAVELICA;HUANCAVELICA;HUANCAVELICA;45799;1;1;1;NO APLICA;2
SEC06717;1;2010-05-07;14;4;PERÚ;2;EDUCADORES DE CALLE;APURÍMAC;Abancay;ABANCAY;45803;1;1;1;NO APLICA;2
SEC06718;2;2009-07-27;15;4;PERÚ;2;EDUCADORES DE CALLE;CUSCO;CUSCO;SAN JERONIMO;45804;1;5;1;NO APLICA;2
SEC06719;1;2009-12-11;15;4;PERÚ;2;EDUCADORES DE CALLE;LA LIBERTAD;Trujillo;TRUJILLO;45798;1;1;1;NO APLICA;2
SEC06720;1;2010-03-30;15;4;PERÚ;2;EDUCADORES DE CALLE;CUSCO;CUSCO;CUSCO;45794;1;1;1;NO APLICA;2
SEC06721;1;2010-05-28;14;4;PERÚ;2;EDUCADORES DE CALLE;CUSCO;CUSCO;CUSCO;45799;1;1;1;NO APLICA;2
SEC06722;2;2010-06-19;14;4;PERÚ;2;EDUCADORES DE CALLE;PIURA;SULLANA;SULLANA;45801;1;5;1;NO APLICA;2
SEC06723;1;2010-07-04;14;4;PERÚ;2;EDUCADORES DE CALLE;PASCO;PASCO;YANACANCHA;45801;1;1;1;NO APLICA;2
SEC06724;2;2010-06-14;14;4;PERÚ;2;EDUCADORES DE CALLE;LIMA;LIMA;SAN JUAN DE MIRAFLORES;45798;1;1;1;NO APLICA;2
SEC06725;2;2009-11-29;15;4;PERÚ;2;EDUCADORES DE CALLE;CUSCO;CUSCO;SANTIAGO;45797;3;1;1;NO APLICA;2
SEC06726;1;2013-03-12;12;4;PERÚ;2;EDUCADORES DE CALLE;HUANCAVELICA;HUANCAVELICA;ASCENSION;45798;1;1;1;NO APLICA;2
SEC06727;2;2010-10-01;14;4;PERÚ;2;EDUCADORES DE CALLE;CUSCO;CUSCO;CUSCO;45794;1;1;1;NO APLICA;2
SEC06728;2;2010-05-17;14;4;PERÚ;2;EDUCADORES DE CALLE;CUSCO;CUSCO;CUSCO;45800;1;1;1;NO APLICA;2
SEC06729;2;2017-09-11;7;3;PERÚ;2;EDUCADORES DE CALLE;CUSCO;CUSCO;SANTIAGO;45786;2;1;1;NO APLICA;2
SEC06730;2;2019-03-16;6;3;PERÚ;2;EDUCADORES DE CALLE;CUSCO;CUSCO;SANTIAGO;45786;2;1;1;NO APLICA;2
SEC06731;2;2011-03-23;14;4;PERÚ;2;EDUCADORES DE CALLE;CUSCO;CUSCO;CUSCO;45794;1;1;1;NO APLICA;2
SEC06732;2;2011-11-24;13;4;PERÚ;2;EDUCADORES DE CALLE;CUSCO;CUSCO;CUSCO;45794;1;1;1;NO APLICA;2
SEC06733;2;2011-03-10;14;4;PERÚ;2;EDUCADORES DE CALLE;CAJAMARCA;JAÉN;JAÉN;45804;1;1;1;NO APLICA;2
SEC06734;2;2009-01-06;16;4;PERÚ;2;EDUCADORES DE CALLE;CUSCO;CUSCO;CUSCO;45797;1;1;1;NO APLICA;2
SEC06735;1;2011-05-15;13;4;PERÚ;2;EDUCADORES DE CALLE;CUSCO;CUSCO;CUSCO;45798;1;1;1;NO APLICA;2
SEC06736;1;2011-06-01;13;4;PERÚ;2;EDUCADORES DE CALLE;TUMBES;TUMBES;TUMBES;45798;1;1;1;NO APLICA;2
SEC06737;2;2011-06-15;13;4;PERÚ;2;EDUCADORES DE CALLE;PUNO;SAN ROMAN;JULIACA;45797;1;1;1;NO APLICA;2
SEC06738;1;2013-05-31;11;3;PERÚ;2;EDUCADORES DE CALLE;ICA;ICA;ICA;45803;1;1;1;NO APLICA;2
SEC06739;1;2011-03-08;14;4;PERÚ;2;EDUCADORES DE CALLE;LIMA;LIMA;SAN JUAN DE MIRAFLORES;45793;1;1;1;NO APLICA;2
SEC06740;1;2011-09-27;13;4;PERÚ;2;EDUCADORES DE CALLE;PIURA;SULLANA;SULLANA;45801;1;5;1;NO APLICA;2
SEC06741;1;2011-09-24;13;4;PERÚ;2;EDUCADORES DE CALLE;CUSCO;CUSCO;SAN JERONIMO;45799;1;1;1;NO APLICA;2
SEC06742;1;2012-05-25;12;4;PERÚ;2;EDUCADORES DE CALLE;CAJAMARCA;JAÉN;JAÉN;45804;1;1;1;NO APLICA;2
SEC06743;2;2011-12-08;13;4;PERÚ;2;EDUCADORES DE CALLE;APURÍMAC;Abancay;ABANCAY;45803;1;1;1;NO APLICA;2
SEC06744;2;2012-05-31;12;4;PERÚ;2;EDUCADORES DE CALLE;CAJAMARCA;CAJAMARCA;CAJAMARCA;45790;1;1;1;NO APLICA;2
SEC06745;1;2013-10-01;11;3;PERÚ;2;EDUCADORES DE CALLE;AREQUIPA;AREQUIPA;CERRO COLORADO;45798;1;1;1;NO APLICA;2
SEC06746;2;2008-01-23;17;4;PERÚ;2;EDUCADORES DE CALLE;LIMA;HUARAL;HUARAL;45778;1;1;1;NO APLICA;2
SEC06747;2;2008-03-11;17;4;PERÚ;2;EDUCADORES DE CALLE;LIMA;LIMA;SAN MARTIN DE PORRES;45791;1;1;1;NO APLICA;2
SEC06748;1;2008-06-20;16;4;PERÚ;2;EDUCADORES DE CALLE;CUSCO;CUSCO;CUSCO;45799;1;1;1;NO APLICA;2
SEC06749;2;2020-04-27;5;2;PERÚ;2;EDUCADORES DE CALLE;JUNÍN;HUANCAYO;HUANCAYO;45803;1;1;1;NO APLICA;2
SEC06750;2;2009-01-26;16;4;PERÚ;2;EDUCADORES DE CALLE;LIMA;LIMA;PUENTE PIEDRA;45800;1;1;1;NO APLICA;2
SEC06751;1;2010-03-15;15;4;PERÚ;2;EDUCADORES DE CALLE;LIMA;LIMA;SAN JUAN DE LURIGANCHO;45799;3;1;1;NO APLICA;2
SEC06752;2;2009-04-09;16;4;PERÚ;2;EDUCADORES DE CALLE;LAMBAYEQUE;CHICLAYO;CHICLAYO;45786;1;1;1;NO APLICA;2
SEC06753;2;2009-08-26;15;4;PERÚ;2;EDUCADORES DE CALLE;CUSCO;CUSCO;SAN JERONIMO;45798;1;1;1;NO APLICA;2
SEC06754;1;2009-11-14;15;4;PERÚ;2;EDUCADORES DE CALLE;LIMA;LIMA;SANTA ANITA;45792;3;1;1;NO APLICA;2
SEC06755;2;2010-09-06;14;4;PERÚ;2;EDUCADORES DE CALLE;LIMA;LIMA;LA VICTORIA;45803;2;1;1;NO APLICA;2
SEC06756;2;2010-09-16;14;4;PERÚ;2;EDUCADORES DE CALLE;LIMA;LIMA;VILLA EL SALVADOR;45800;3;1;1;NO APLICA;2
SEC06757;1;2010-11-05;14;4;PERÚ;2;EDUCADORES DE CALLE;LA LIBERTAD;Trujillo;TRUJILLO;45797;1;1;1;NO APLICA;2
SEC06758;2;2011-02-27;14;4;PERÚ;2;EDUCADORES DE CALLE;LIMA;LIMA;ANCON;45783;3;1;1;NO APLICA;2
SEC06759;2;2011-04-10;14;4;PERÚ;2;EDUCADORES DE CALLE;HUANCAVELICA;HUANCAVELICA;HUANCAVELICA;45799;1;1;1;NO APLICA;2
SEC06760;2;2011-07-28;13;4;PERÚ;2;EDUCADORES DE CALLE;HUANCAVELICA;HUANCAVELICA;HUANCAVELICA;45799;1;1;1;NO APLICA;2
SEC06761;1;2009-08-16;15;4;PERÚ;2;EDUCADORES DE CALLE;CAJAMARCA;CAJAMARCA;CAJAMARCA;45798;2;1;1;NO APLICA;2
SEC06762;1;2011-07-23;13;4;PERÚ;2;EDUCADORES DE CALLE;LAMBAYEQUE;CHICLAYO;CHICLAYO;45786;1;1;1;NO APLICA;2
SEC06763;1;2012-06-16;12;4;PERÚ;2;EDUCADORES DE CALLE;CUSCO;CUSCO;CUSCO;45784;1;1;1;NO APLICA;2
SEC06764;2;2012-08-08;12;4;PERÚ;2;EDUCADORES DE CALLE;ICA;CHINCHA;CHINCHA ALTA;45803;1;1;1;NO APLICA;2
SEC06765;2;2012-09-02;12;4;PERÚ;2;EDUCADORES DE CALLE;HUANCAVELICA;HUANCAVELICA;HUANCAVELICA;45799;1;1;1;NO APLICA;2
SEC06766;1;2012-09-19;12;4;PERÚ;2;EDUCADORES DE CALLE;CUSCO;CUSCO;CUSCO;45798;1;1;1;NO APLICA;2
SEC06767;2;2009-03-16;16;4;PERÚ;2;EDUCADORES DE CALLE;PIURA;SULLANA;SULLANA;45801;1;1;1;NO APLICA;2
SEC06768;1;2012-11-26;12;4;PERÚ;2;EDUCADORES DE CALLE;LIMA;HUARAL;CHANCAY;45792;1;1;1;NO APLICA;2
SEC06769;2;2012-07-30;12;4;PERÚ;2;EDUCADORES DE CALLE;CUSCO;CUSCO;SAN JERONIMO;45798;1;1;1;NO APLICA;2
SEC06770;1;2009-02-16;16;4;PERÚ;2;EDUCADORES DE CALLE;CUSCO;CUSCO;CUSCO;45793;2;1;1;NO APLICA;2
SEC06771;1;2011-05-28;13;4;PERÚ;2;EDUCADORES DE CALLE;CUSCO;CUSCO;CUSCO;45793;2;1;1;NO APLICA;2
SEC06772;1;2012-12-12;12;4;PERÚ;2;EDUCADORES DE CALLE;CUSCO;CUSCO;SAN JERONIMO;45798;1;1;1;NO APLICA;2
SEC06773;2;2013-01-14;12;4;PERÚ;2;EDUCADORES DE CALLE;LIMA;LIMA;PUENTE PIEDRA;45800;2;1;1;NO APLICA;2
SEC06774;1;2013-02-21;12;4;PERÚ;2;EDUCADORES DE CALLE;CAJAMARCA;CAJAMARCA;CAJAMARCA;45791;2;1;1;NO APLICA;2
SEC06775;1;2013-06-10;11;3;PERÚ;2;EDUCADORES DE CALLE;CUSCO;CUSCO;CUSCO;45799;3;1;1;NO APLICA;2
SEC06776;2;2013-06-23;11;3;PERÚ;2;EDUCADORES DE CALLE;LIMA;HUARAL;CHANCAY;45792;1;1;1;NO APLICA;2
SEC06777;1;2017-06-12;7;3;VENEZUELA;2;EDUCADORES DE CALLE;LIMA;LIMA;INDEPENDENCIA;45799;1;5;1;NO APLICA;2
SEC06778;1;2013-08-01;11;3;PERÚ;2;EDUCADORES DE CALLE;UCAYALI;CORONEL PORTILLO;CALLERIA;45793;1;1;1;NO APLICA;2
SEC06779;1;2013-08-28;11;3;PERÚ;2;EDUCADORES DE CALLE;HUANCAVELICA;HUANCAVELICA;HUANCAVELICA;45799;1;1;1;NO APLICA;2
SEC06780;1;2013-09-07;11;3;PERÚ;2;EDUCADORES DE CALLE;LA LIBERTAD;Trujillo;TRUJILLO;45786;1;1;1;NO APLICA;2
SEC06781;2;2013-08-19;11;3;PERÚ;2;EDUCADORES DE CALLE;PASCO;PASCO;YANACANCHA;45801;1;1;1;NO APLICA;2
SEC06782;1;2013-09-27;11;3;PERÚ;2;EDUCADORES DE CALLE;PASCO;PASCO;CHAUPIMARCA;45800;1;1;1;NO APLICA;2
SEC06783;2;2013-04-29;12;4;PERÚ;2;EDUCADORES DE CALLE;LIMA;LIMA;LA VICTORIA;45803;1;1;1;NO APLICA;2
SEC06784;2;2014-10-15;10;3;PERÚ;2;EDUCADORES DE CALLE;TUMBES;TUMBES;TUMBES;45798;1;2;1;NO APLICA;2
SEC06785;2;2013-10-25;11;3;PERÚ;2;EDUCADORES DE CALLE;LIMA;LIMA;PUENTE PIEDRA;45800;2;1;1;NO APLICA;2
SEC06786;1;2013-10-07;11;3;PERÚ;2;EDUCADORES DE CALLE;LAMBAYEQUE;CHICLAYO;CHICLAYO;45786;1;1;1;NO APLICA;2
SEC06787;2;2013-11-08;11;3;PERÚ;2;EDUCADORES DE CALLE;JUNÍN;HUANCAYO;HUANCAYO;45803;1;1;1;NO APLICA;2
SEC06788;1;2013-12-07;11;3;PERÚ;2;EDUCADORES DE CALLE;ICA;CHINCHA;CHINCHA ALTA;45803;1;1;1;NO APLICA;2
SEC06789;2;2013-01-14;12;4;PERÚ;2;EDUCADORES DE CALLE;CAJAMARCA;JAÉN;JAÉN;45804;1;1;1;NO APLICA;2
SEC06790;1;2013-12-10;11;3;ECUADOR;2;EDUCADORES DE CALLE;TUMBES;Zarumilla;AGUAS VERDES;45799;1;1;1;NO APLICA;2
SEC06791;1;2013-02-16;12;4;PERÚ;2;EDUCADORES DE CALLE;LIMA;HUARAL;CHANCAY;45797;1;1;1;NO APLICA;2
SEC06792;1;2013-12-22;11;3;PERÚ;2;EDUCADORES DE CALLE;CAJAMARCA;CAJAMARCA;CAJAMARCA;45801;1;1;1;NO APLICA;2
SEC06793;1;2013-12-11;11;3;PERÚ;2;EDUCADORES DE CALLE;PIURA;PIURA;PIURA;45799;1;1;1;NO APLICA;2
SEC06794;2;2014-01-08;11;3;PERÚ;2;EDUCADORES DE CALLE;CAJAMARCA;CAJAMARCA;CAJAMARCA;45790;1;1;1;NO APLICA;2
SEC06795;2;2014-03-28;11;3;PERÚ;2;EDUCADORES DE CALLE;HUANCAVELICA;HUANCAVELICA;HUANCAVELICA;45799;1;1;1;NO APLICA;2
SEC06796;1;2014-04-03;11;3;PERÚ;2;EDUCADORES DE CALLE;LIMA;LIMA;LURIN;45799;1;1;1;NO APLICA;2
SEC06797;1;2014-03-22;11;3;PERÚ;2;EDUCADORES DE CALLE;LIMA;HUARAL;CHANCAY;45789;1;1;1;NO APLICA;2
SEC06798;2;2014-04-21;11;3;PERÚ;2;EDUCADORES DE CALLE;CAJAMARCA;JAÉN;JAÉN;45804;1;1;1;NO APLICA;2
SEC06799;1;2014-05-05;10;3;PERÚ;2;EDUCADORES DE CALLE;LIMA;HUARAL;CHANCAY;45783;1;1;1;NO APLICA;2
SEC06800;2;2014-05-13;10;3;PERÚ;2;EDUCADORES DE CALLE;HUANCAVELICA;HUANCAVELICA;HUANCAVELICA;45798;1;1;1;NO APLICA;2
SEC06801;1;2013-09-28;11;3;PERÚ;2;EDUCADORES DE CALLE;PIURA;PIURA;PIURA;45793;1;1;1;NO APLICA;2
SEC06802;1;2014-05-17;10;3;PERÚ;2;EDUCADORES DE CALLE;LA LIBERTAD;Trujillo;TRUJILLO;45793;1;1;1;NO APLICA;2
SEC06803;1;2014-03-14;11;3;PERÚ;2;EDUCADORES DE CALLE;LIMA;LIMA;COMAS;45790;1;1;1;NO APLICA;2
SEC06804;1;2011-09-27;13;4;PERÚ;2;EDUCADORES DE CALLE;LIMA;LIMA;COMAS;45790;1;1;1;NO APLICA;2
SEC06805;1;2014-06-24;10;3;PERÚ;2;EDUCADORES DE CALLE;HUANCAVELICA;HUANCAVELICA;HUANCAVELICA;45799;1;1;1;NO APLICA;2
SEC06806;1;2014-02-02;11;3;PERÚ;2;EDUCADORES DE CALLE;CAJAMARCA;JAÉN;JAÉN;45804;1;1;1;NO APLICA;2
SEC06807;2;2014-07-03;10;3;PERÚ;2;EDUCADORES DE CALLE;CAJAMARCA;JAÉN;JAÉN;45804;1;1;1;NO APLICA;2
SEC06808;1;2014-07-05;10;3;PERÚ;2;EDUCADORES DE CALLE;AYACUCHO;Huamanga;AYACUCHO;45804;1;1;1;NO APLICA;2
SEC06809;2;2013-02-26;12;4;PERÚ;2;EDUCADORES DE CALLE;AYACUCHO;Huamanga;AYACUCHO;45804;1;1;1;NO APLICA;2
SEC06810;2;2014-08-13;10;3;PERÚ;2;EDUCADORES DE CALLE;CUSCO;CUSCO;SANTIAGO;45797;1;1;1;NO APLICA;2
SEC06811;2;2014-09-11;10;3;PERÚ;2;EDUCADORES DE CALLE;LIMA;LIMA;SAN JUAN DE MIRAFLORES;45793;1;1;1;NO APLICA;2
SEC06812;1;2014-11-02;10;3;PERÚ;2;EDUCADORES DE CALLE;LIMA;HUARAL;HUARAL;45785;1;1;1;NO APLICA;2
SEC06813;1;2009-01-24;16;4;PERÚ;2;EDUCADORES DE CALLE;TACNA;TACNA;CORONEL GREGORIO ALBARRACIN LANCHIPA;45784;1;1;1;NO APLICA;2
SEC06814;2;2014-11-24;10;3;PERÚ;2;EDUCADORES DE CALLE;JUNÍN;HUANCAYO;HUANCAYO;45803;1;1;1;NO APLICA;2
SEC06815;2;2014-12-26;10;3;PERÚ;2;EDUCADORES DE CALLE;CAJAMARCA;CAJAMARCA;CAJAMARCA;45797;1;1;1;NO APLICA;2
SEC06816;1;2015-01-11;10;3;PERÚ;2;EDUCADORES DE CALLE;HUANCAVELICA;HUANCAVELICA;HUANCAVELICA;45797;1;1;1;NO APLICA;2
SEC06817;2;2015-01-12;10;3;PERÚ;2;EDUCADORES DE CALLE;HUANCAVELICA;HUANCAVELICA;HUANCAVELICA;45798;1;1;1;NO APLICA;2
SEC06818;1;2015-02-16;10;3;PERÚ;2;EDUCADORES DE CALLE;APURÍMAC;Abancay;ABANCAY;45803;1;1;1;NO APLICA;2
SEC06819;2;2015-03-25;10;3;PERÚ;2;EDUCADORES DE CALLE;PASCO;PASCO;YANACANCHA;45801;1;1;1;NO APLICA;2
SEC06820;1;2013-04-29;12;4;PERÚ;2;EDUCADORES DE CALLE;CAJAMARCA;JAÉN;JAÉN;45804;1;1;1;NO APLICA;2
SEC06821;2;2015-03-16;10;3;PERÚ;2;EDUCADORES DE CALLE;CAJAMARCA;JAÉN;JAÉN;45804;1;1;1;NO APLICA;2
SEC06822;2;2015-04-07;10;3;PERÚ;2;EDUCADORES DE CALLE;LIMA;HUARAL;CHANCAY;45792;1;1;1;NO APLICA;2
SEC06823;2;2015-04-25;10;3;PERÚ;2;EDUCADORES DE CALLE;HUANCAVELICA;HUANCAVELICA;HUANCAVELICA;45798;1;1;1;NO APLICA;2
SEC06824;2;2015-05-03;9;3;PERÚ;2;EDUCADORES DE CALLE;APURÍMAC;Abancay;ABANCAY;45790;2;1;1;NO APLICA;2
SEC06825;1;2015-04-22;10;3;PERÚ;2;EDUCADORES DE CALLE;PIURA;PIURA;PIURA;45799;1;1;1;NO APLICA;2
SEC06826;2;2015-06-26;9;3;PERÚ;2;EDUCADORES DE CALLE;TUMBES;TUMBES;TUMBES;45798;1;1;1;NO APLICA;2
SEC06827;2;2015-07-14;9;3;PERÚ;2;EDUCADORES DE CALLE;HUANCAVELICA;HUANCAVELICA;HUANCAVELICA;45798;1;1;1;NO APLICA;2
SEC06828;1;2015-07-15;9;3;PERÚ;2;EDUCADORES DE CALLE;PASCO;PASCO;CHAUPIMARCA;45800;1;1;1;NO APLICA;2
SEC06829;1;2015-07-02;9;3;PERÚ;2;EDUCADORES DE CALLE;PIURA;PIURA;PIURA;45793;1;1;1;NO APLICA;2
SEC06830;2;2013-07-13;11;3;PERÚ;2;EDUCADORES DE CALLE;PUNO;SAN ROMAN;JULIACA;45797;1;1;1;NO APLICA;2
SEC06831;1;2015-07-14;9;3;PERÚ;2;EDUCADORES DE CALLE;HUANCAVELICA;HUANCAVELICA;HUANCAVELICA;45799;1;1;1;NO APLICA;2
SEC06832;2;2015-08-18;9;3;PERÚ;2;EDUCADORES DE CALLE;AYACUCHO;HUAMANGA;AYACUCHO;45804;1;1;1;NO APLICA;2
SEC06833;2;2015-10-08;9;3;PERÚ;2;EDUCADORES DE CALLE;HUANCAVELICA;HUANCAVELICA;HUANCAVELICA;45799;1;1;1;NO APLICA;2
SEC06834;2;2015-10-11;9;3;PERÚ;2;EDUCADORES DE CALLE;CUSCO;CUSCO;CUSCO;45803;1;1;1;NO APLICA;2
SEC06835;2;2015-11-25;9;3;PERÚ;2;EDUCADORES DE CALLE;Arequipa;AREQUIPA;CERRO COLORADO;45778;1;1;1;NO APLICA;2
SEC06836;2;2015-12-04;9;3;PERÚ;2;EDUCADORES DE CALLE;JUNÍN;HUANCAYO;HUANCAYO;45803;1;1;1;NO APLICA;2
SEC06837;2;2015-11-23;9;3;PERÚ;2;EDUCADORES DE CALLE;AYACUCHO;HUAMANGA;AYACUCHO;45800;1;1;1;NO APLICA;2
SEC06838;2;2015-11-22;9;3;PERÚ;2;EDUCADORES DE CALLE;LIMA;HUARAL;CHANCAY;45789;1;1;1;NO APLICA;2
SEC06839;2;2015-09-23;9;3;PERÚ;2;EDUCADORES DE CALLE;AREQUIPA;AREQUIPA;MIRAFLORES;45787;1;1;1;NO APLICA;2
SEC06840;2;2015-12-27;9;3;PERÚ;2;EDUCADORES DE CALLE;PASCO;PASCO;YANACANCHA;45801;1;1;1;NO APLICA;2
SEC06841;2;2016-01-29;9;3;PERÚ;2;EDUCADORES DE CALLE;CAJAMARCA;CAJAMARCA;CAJAMARCA;45784;1;1;1;NO APLICA;2
SEC06842;2;2016-02-04;9;3;PERÚ;2;EDUCADORES DE CALLE;PUNO;SAN ROMAN;JULIACA;45797;1;1;1;NO APLICA;2
SEC06843;1;2016-02-06;9;3;PERÚ;2;EDUCADORES DE CALLE;CAJAMARCA;CAJAMARCA;CAJAMARCA;45790;2;1;1;NO APLICA;2
SEC06844;1;2016-02-13;9;3;PERÚ;2;EDUCADORES DE CALLE;LIMA;LIMA;COMAS;45790;1;1;1;NO APLICA;2
SEC06845;1;2016-02-17;9;3;PERÚ;2;EDUCADORES DE CALLE;PIURA;SULLANA;SULLANA;45801;1;1;1;NO APLICA;2
SEC06846;2;2016-01-14;9;3;PERÚ;2;EDUCADORES DE CALLE;PASCO;PASCO;CHAUPIMARCA;45800;1;1;1;NO APLICA;2
SEC06847;1;2016-03-10;9;3;PERÚ;2;EDUCADORES DE CALLE;PASCO;PASCO;CHAUPIMARCA;45800;1;1;1;NO APLICA;2
SEC06848;2;2016-04-18;9;3;PERÚ;2;EDUCADORES DE CALLE;HUANCAVELICA;HUANCAVELICA;HUANCAVELICA;45800;1;1;1;NO APLICA;2
SEC06849;2;2016-09-02;8;3;PERÚ;2;EDUCADORES DE CALLE;HUANCAVELICA;HUANCAVELICA;ASCENSION;45798;1;1;1;NO APLICA;2
SEC06850;1;2016-09-29;8;3;PERÚ;2;EDUCADORES DE CALLE;CAJAMARCA;CAJAMARCA;CAJAMARCA;45791;2;1;1;NO APLICA;2
SEC06851;2;2016-10-10;8;3;PERÚ;2;EDUCADORES DE CALLE;TACNA;TACNA;CORONEL GREGORIO ALBARRACIN LANCHIPA;45791;1;1;1;NO APLICA;2
SEC06852;1;2016-10-13;8;3;PERÚ;2;EDUCADORES DE CALLE;CAJAMARCA;JAÉN;JAÉN;45804;1;1;1;NO APLICA;2
SEC06853;2;2016-03-04;9;3;PERÚ;2;EDUCADORES DE CALLE;PIURA;SULLANA;BELLAVISTA;45801;1;2;1;NO APLICA;2
SEC06854;1;2016-10-15;8;3;PERÚ;2;EDUCADORES DE CALLE;LIMA;HUARAL;HUARAL;45778;1;1;1;NO APLICA;2
SEC06855;2;2016-12-13;8;3;PERÚ;2;EDUCADORES DE CALLE;JUNÍN;HUANCAYO;HUANCAYO;45803;1;1;1;NO APLICA;2
SEC06856;2;2017-03-28;8;3;PERÚ;2;EDUCADORES DE CALLE;CAJAMARCA;CAJAMARCA;CAJAMARCA;45797;1;1;1;NO APLICA;2
SEC06857;2;2014-06-14;10;3;PERÚ;2;EDUCADORES DE CALLE;PASCO;PASCO;CHAUPIMARCA;45800;1;1;1;NO APLICA;2
SEC06858;1;2017-09-20;7;3;PERÚ;2;EDUCADORES DE CALLE;ICA;ICA;ICA;45803;1;1;1;NO APLICA;2
SEC06859;1;2013-07-28;11;3;PERÚ;2;EDUCADORES DE CALLE;ICA;ICA;ICA;45803;1;1;1;NO APLICA;2
SEC06860;1;2009-01-31;16;4;PERÚ;2;EDUCADORES DE CALLE;CUSCO;CUSCO;CUSCO;45804;3;2;1;NO APLICA;2
SEC06861;2;2012-11-02;12;4;PERÚ;2;EDUCADORES DE CALLE;AYACUCHO;HUAMANGA;AYACUCHO;45800;1;1;1;NO APLICA;2
SEC06862;1;2012-12-03;12;4;PERÚ;2;EDUCADORES DE CALLE;APURÍMAC;Abancay;ABANCAY;45784;1;1;1;NO APLICA;2
SEC06863;2;2012-10-31;12;4;PERÚ;2;EDUCADORES DE CALLE;HUANCAVELICA;HUANCAVELICA;HUANCAVELICA;45798;1;1;1;NO APLICA;2
SEC06864;1;2010-08-24;14;4;PERÚ;2;EDUCADORES DE CALLE;HUANCAVELICA;HUANCAVELICA;HUANCAVELICA;45799;1;1;1;NO APLICA;2
SEC06865;1;2012-01-08;13;4;PERÚ;2;EDUCADORES DE CALLE;LIMA;LIMA;SANTA ANITA;45792;3;2;1;NO APLICA;2
SEC06866;1;2015-12-08;9;3;PERÚ;2;EDUCADORES DE CALLE;AYACUCHO;Huamanga;AYACUCHO;45804;1;1;1;NO APLICA;2
SEC06867;1;2014-08-13;10;3;PERÚ;2;EDUCADORES DE CALLE;CUSCO;CUSCO;SANTIAGO;45792;1;1;1;NO APLICA;2
SEC06868;1;2016-05-27;8;3;PERÚ;2;EDUCADORES DE CALLE;AYACUCHO;Huamanga;AYACUCHO;45778;1;1;1;NO APLICA;2
SEC06869;1;2014-02-01;11;3;PERÚ;2;EDUCADORES DE CALLE;CUSCO;CUSCO;SAN JERONIMO;45800;1;1;1;NO APLICA;2
SEC06870;2;2015-08-14;9;3;PERÚ;2;EDUCADORES DE CALLE;TACNA;TACNA;CIUDAD NUEVA;45786;1;1;1;NO APLICA;2
SEC06871;2;2016-05-25;8;3;PERÚ;2;EDUCADORES DE CALLE;LIMA;LIMA;CHORRILLOS;45784;2;1;1;NO APLICA;2
SEC06872;1;2014-05-22;10;3;PERÚ;2;EDUCADORES DE CALLE;LIMA;LIMA;CARABAYLLO;45807;1;1;1;NO APLICA;2
SEC06873;1;2016-09-12;8;3;PERÚ;2;EDUCADORES DE CALLE;LIMA;LIMA;CARABAYLLO;45807;1;1;1;NO APLICA;2
SEC06874;2;2020-04-07;5;2;PERÚ;2;EDUCADORES DE CALLE;HUANCAVELICA;HUANCAVELICA;ASCENSION;45786;1;1;1;NO APLICA;2
SEC06875;1;2010-08-20;14;4;CHILE;2;EDUCADORES DE CALLE;LIMA;LIMA;LOS OLIVOS;45792;1;1;1;NO APLICA;2
SEC06876;2;2023-07-21;1;2;PERÚ;2;EDUCADORES DE CALLE;LIMA;LIMA;SAN MARTIN DE PORRES;45791;2;1;1;NO APLICA;2
SEC06877;1;2016-12-26;8;3;PERÚ;2;EDUCADORES DE CALLE;APURÍMAC;Abancay;ABANCAY;45790;2;1;1;NO APLICA;2
SEC06878;2;2017-01-27;8;3;PERÚ;2;EDUCADORES DE CALLE;APURÍMAC;Abancay;ABANCAY;45803;1;1;1;NO APLICA;2
SEC06879;2;2017-02-21;8;3;PERÚ;2;EDUCADORES DE CALLE;UCAYALI;CORONEL PORTILLO;CALLERIA;45793;1;1;1;NO APLICA;2
SEC06880;2;2014-10-08;10;3;PERÚ;2;EDUCADORES DE CALLE;LIMA;LIMA;LA VICTORIA;45802;1;1;1;NO APLICA;2
SEC06881;2;2017-03-18;8;3;PERÚ;2;EDUCADORES DE CALLE;LIMA;HUARAL;CHANCAY;45783;1;1;1;NO APLICA;2
SEC06882;1;2017-03-11;8;3;PERÚ;2;EDUCADORES DE CALLE;CAJAMARCA;CAJAMARCA;CAJAMARCA;45790;1;1;1;NO APLICA;2
SEC06883;1;2017-03-21;8;3;PERÚ;2;EDUCADORES DE CALLE;AYACUCHO;HUAMANGA;AYACUCHO;45800;1;1;1;NO APLICA;2
SEC06884;2;2017-04-10;8;3;PERÚ;2;EDUCADORES DE CALLE;AYACUCHO;Huamanga;AYACUCHO;45804;1;1;1;NO APLICA;2
SEC06885;1;2011-03-13;14;4;PERÚ;2;EDUCADORES DE CALLE;AYACUCHO;Huamanga;AYACUCHO;45804;1;1;1;NO APLICA;2
SEC06886;1;2015-02-26;10;3;PERÚ;2;EDUCADORES DE CALLE;AYACUCHO;Huamanga;AYACUCHO;45804;1;1;1;NO APLICA;2
SEC06887;2;2017-05-10;7;3;ECUADOR;2;EDUCADORES DE CALLE;TUMBES;Zarumilla;AGUAS VERDES;45799;1;1;1;NO APLICA;2
SEC06888;1;2017-06-04;7;3;PERÚ;2;EDUCADORES DE CALLE;PASCO;PASCO;YANACANCHA;45801;1;1;1;NO APLICA;2
SEC06889;1;2017-06-07;7;3;PERÚ;2;EDUCADORES DE CALLE;LIMA;HUARAL;CHANCAY;45785;1;1;1;NO APLICA;2
SEC06890;2;2017-08-03;7;3;PERÚ;2;EDUCADORES DE CALLE;CAJAMARCA;JAÉN;JAÉN;45804;1;1;1;NO APLICA;2
SEC06891;1;2017-07-16;7;3;PERÚ;2;EDUCADORES DE CALLE;PIURA;SULLANA;SULLANA;45801;1;1;1;NO APLICA;2
SEC06892;2;2017-08-18;7;3;PERÚ;2;EDUCADORES DE CALLE;HUANCAVELICA;HUANCAVELICA;HUANCAVELICA;45800;1;1;1;NO APLICA;2
SEC06893;1;2017-08-31;7;3;PERÚ;2;EDUCADORES DE CALLE;LIMA;LIMA;SAN MARTIN DE PORRES;45785;2;1;1;NO APLICA;2
SEC06894;1;2009-05-31;15;4;PERÚ;2;EDUCADORES DE CALLE;ICA;ICA;ICA;45803;1;1;1;NO APLICA;2
SEC06895;2;2017-10-05;7;3;PERÚ;2;EDUCADORES DE CALLE;CUSCO;CUSCO;SAN JERONIMO;45793;1;1;1;NO APLICA;2
SEC06896;2;2018-01-02;7;3;PERÚ;2;EDUCADORES DE CALLE;HUANCAVELICA;HUANCAVELICA;HUANCAVELICA;45799;1;1;1;NO APLICA;2
SEC06897;2;2018-01-20;7;3;PERÚ;2;EDUCADORES DE CALLE;CAJAMARCA;CAJAMARCA;CAJAMARCA;45790;2;1;1;NO APLICA;2
SEC06898;1;2018-01-20;7;3;PERÚ;2;EDUCADORES DE CALLE;HUANCAVELICA;HUANCAVELICA;HUANCAVELICA;45786;1;1;1;NO APLICA;2
SEC06899;2;2018-01-29;7;3;PERÚ;2;EDUCADORES DE CALLE;PUNO;PUNO;PUNO;45798;1;1;1;NO APLICA;2
SEC06900;1;2018-02-20;7;3;PERÚ;2;EDUCADORES DE CALLE;PUNO;SAN ROMAN;JULIACA;45797;1;1;1;NO APLICA;2
SEC06901;1;2018-04-12;7;3;PERÚ;2;EDUCADORES DE CALLE;CAJAMARCA;JAÉN;JAÉN;45804;1;1;1;NO APLICA;2
SEC06902;1;2018-05-30;6;3;PERÚ;2;EDUCADORES DE CALLE;LIMA;LIMA;COMAS;45790;1;1;1;NO APLICA;2
SEC06903;1;2017-03-07;8;3;PERÚ;2;EDUCADORES DE CALLE;TACNA;TACNA;TACNA;45783;1;1;1;NO APLICA;2
SEC06904;1;2018-07-18;6;3;PERÚ;2;EDUCADORES DE CALLE;CAJAMARCA;JAÉN;JAÉN;45804;1;1;1;NO APLICA;2
SEC06905;2;2018-07-21;6;3;PERÚ;2;EDUCADORES DE CALLE;CAJAMARCA;JAÉN;JAÉN;45804;1;1;1;NO APLICA;2
SEC06906;1;2018-07-24;6;3;PERÚ;2;EDUCADORES DE CALLE;LIMA;HUARAL;CHANCAY;45792;1;1;1;NO APLICA;2
SEC06907;1;2018-08-21;6;3;PERÚ;2;EDUCADORES DE CALLE;PUNO;PUNO;PUNO;45798;1;1;1;NO APLICA;2
SEC06908;1;2018-10-25;6;3;PERÚ;2;EDUCADORES DE CALLE;APURÍMAC;Abancay;ABANCAY;45784;1;1;1;NO APLICA;2
SEC06909;1;2018-05-22;6;3;PERÚ;2;EDUCADORES DE CALLE;LIMA;LIMA;LIMA;45799;2;1;1;NO APLICA;2
SEC06910;2;2018-12-23;6;3;PERÚ;2;EDUCADORES DE CALLE;TUMBES;TUMBES;TUMBES;45798;1;1;1;NO APLICA;2
SEC06911;1;2018-12-27;6;3;PERÚ;2;EDUCADORES DE CALLE;LIMA;LIMA;LA VICTORIA;45803;1;1;1;NO APLICA;2
SEC06912;2;2019-02-10;6;3;PERÚ;2;EDUCADORES DE CALLE;HUANCAVELICA;HUANCAVELICA;HUANCAVELICA;45800;1;1;1;NO APLICA;2
SEC06913;2;2019-02-18;6;3;PERÚ;2;EDUCADORES DE CALLE;HUANCAVELICA;HUANCAVELICA;HUANCAVELICA;45798;1;1;1;NO APLICA;2
SEC06914;2;2019-05-03;5;2;PERÚ;2;EDUCADORES DE CALLE;LAMBAYEQUE;CHICLAYO;CHICLAYO;45786;1;1;1;NO APLICA;2
SEC06915;2;2015-03-15;10;3;PERÚ;2;EDUCADORES DE CALLE;TUMBES;TUMBES;TUMBES;45798;1;1;1;NO APLICA;2
SEC06916;1;2019-04-05;6;3;PERÚ;2;EDUCADORES DE CALLE;HUANCAVELICA;HUANCAVELICA;ASCENSION;45786;1;1;1;NO APLICA;2
SEC06917;1;2019-03-18;6;3;PERÚ;2;EDUCADORES DE CALLE;CAJAMARCA;CAJAMARCA;CAJAMARCA;45790;1;1;1;NO APLICA;2
SEC06918;2;2019-04-17;6;3;PERÚ;2;EDUCADORES DE CALLE;PUNO;PUNO;PUNO;45798;1;1;1;NO APLICA;2
SEC06919;1;2019-05-17;5;2;PERÚ;2;EDUCADORES DE CALLE;AYACUCHO;HUAMANGA;AYACUCHO;45798;1;1;1;NO APLICA;2
SEC06920;1;2019-07-11;5;2;PERÚ;2;EDUCADORES DE CALLE;PUNO;SAN ROMAN;JULIACA;45797;1;1;1;NO APLICA;2
SEC06921;2;2019-07-20;5;2;PERÚ;2;EDUCADORES DE CALLE;CAJAMARCA;JAÉN;JAÉN;45804;1;1;1;NO APLICA;2
SEC06922;2;2019-09-04;5;2;PERÚ;2;EDUCADORES DE CALLE;HUANCAVELICA;HUANCAVELICA;HUANCAVELICA;45799;1;1;1;NO APLICA;2
SEC06923;2;2020-01-21;5;2;PERÚ;2;EDUCADORES DE CALLE;CAJAMARCA;CAJAMARCA;CAJAMARCA;45797;1;1;1;NO APLICA;2
SEC06924;2;2020-02-02;5;2;PERÚ;2;EDUCADORES DE CALLE;AREQUIPA;AREQUIPA;CERRO COLORADO;45798;1;1;1;NO APLICA;2
SEC06925;1;2020-03-05;5;2;PERÚ;2;EDUCADORES DE CALLE;JUNÍN;HUANCAYO;HUANCAYO;45803;1;1;1;NO APLICA;2
SEC06926;1;2020-05-02;4;2;PERÚ;2;EDUCADORES DE CALLE;LIMA;LIMA;MAGDALENA;45791;2;1;1;NO APLICA;2
SEC06927;1;2020-06-06;4;2;PERÚ;2;EDUCADORES DE CALLE;LIMA;LIMA;CHORRILLOS;45784;2;1;1;NO APLICA;2
SEC06928;1;2020-06-13;4;2;PERÚ;2;EDUCADORES DE CALLE;LIMA;LIMA;PUENTE PIEDRA;45800;2;1;1;NO APLICA;2
SEC06929;1;2020-09-28;4;2;PERÚ;2;EDUCADORES DE CALLE;TACNA;TACNA;TACNA;45783;1;1;1;NO APLICA;2
SEC06930;2;2021-07-18;3;2;PERÚ;2;EDUCADORES DE CALLE;LIMA;LIMA;SAN BORJA;45802;2;1;1;NO APLICA;2
SEC06931;2;2013-01-08;12;4;PERÚ;2;EDUCADORES DE CALLE;TACNA;TACNA;TACNA;45784;1;1;1;NO APLICA;2
SEC06932;2;2022-09-23;2;2;PERÚ;2;EDUCADORES DE CALLE;LIMA;LIMA;LA VICTORIA;45802;3;1;1;NO APLICA;2
SEC06933;2;2023-07-01;1;2;PERÚ;2;EDUCADORES DE CALLE;LIMA;LIMA;LA VICTORIA;45803;2;1;1;NO APLICA;2
SEC06934;2;2023-02-27;2;2;PERÚ;2;EDUCADORES DE CALLE;LIMA;LIMA;SAN BORJA;45802;2;1;1;NO APLICA;2
SEC06935;1;2023-10-24;1;2;PERÚ;2;EDUCADORES DE CALLE;LIMA;LIMA;LA VICTORIA;45803;2;1;1;NO APLICA;2
SEC06936;1;2024-12-17;0;1;PERÚ;2;EDUCADORES DE CALLE;LIMA;LIMA;LA VICTORIA;45803;2;1;1;NO APLICA;2
SEC06937;1;2025-03-24;0;1;PERÚ;2;EDUCADORES DE CALLE;LIMA;LIMA;MAGDALENA;45797;1;1;1;NO APLICA;2
SEC06938;2;2016-09-20;8;3;PERÚ;2;EDUCADORES DE CALLE;JUNÍN;HUANCAYO;HUANCAYO;45803;1;1;1;NO APLICA;2
SEC06939;1;2015-01-11;10;3;VENEZUELA;2;EDUCADORES DE CALLE;LIMA;LIMA;INDEPENDENCIA;45799;1;5;1;NO APLICA;2
SEC06940;1;2024-04-11;1;2;COLOMBIA;2;EDUCADORES DE CALLE;LIMA;LIMA;CHORRILLOS;45793;2;5;1;NO APLICA;2
SEC06941;2;2021-03-23;4;2;COLOMBIA;2;EDUCADORES DE CALLE;LIMA;LIMA;CHORRILLOS;45793;2;5;1;NO APLICA;2
SEC06942;2;2012-04-12;13;4;VENEZUELA;2;EDUCADORES DE CALLE;LIMA;LIMA;CHORRILLOS;45793;2;5;1;NO APLICA;2
SEC06943;1;2024-02-26;1;2;PERÚ;2;EDUCADORES DE CALLE;LIMA;LIMA;LIMA;45799;2;5;1;NO APLICA;2
SEC06944;2;2011-10-02;13;4;PERÚ;2;EDUCADORES DE CALLE;ICA;ICA;ICA;45590;1;1;2;2025-05-26;2
SEC06945;2;2009-06-18;15;4;PERÚ;2;EDUCADORES DE CALLE;ICA;ICA;ICA;45590;1;1;2;2025-05-26;2
SEC06946;2;2019-03-01;6;3;PERÚ;2;EDUCADORES DE CALLE;ICA;ICA;ICA;45590;1;1;2;2025-05-26;2
SEC06947;2;2019-01-29;6;3;PERÚ;2;EDUCADORES DE CALLE;LIMA;LIMA;LA VICTORIA;45349;2;1;2;2025-05-16;2
SEC06948;2;2014-10-12;10;3;PERÚ;2;EDUCADORES DE CALLE;LIMA;LIMA;LA VICTORIA;45349;2;1;2;2025-05-16;2
SEC06949;1;2017-05-17;7;3;PERÚ;2;EDUCADORES DE CALLE;LIMA;LIMA;LA VICTORIA;45349;2;1;2;2025-05-16;2
SEC06950;1;2009-09-20;15;4;PERÚ;2;EDUCADORES DE CALLE;CUSCO;CUSCO;CUSCO;45648;1;1;2;2025-05-27;2
SEC06951;1;2013-04-26;12;4;PERÚ;2;EDUCADORES DE CALLE;CUSCO;CUSCO;CUSCO;45648;1;1;2;2025-05-27;2
SEC06952;1;2015-12-29;9;3;PERÚ;2;EDUCADORES DE CALLE;CUSCO;CUSCO;CUSCO;45648;1;1;2;2025-05-27;2
