"","Año","Mes","Sede","Producto","Peso Kg.","Tipo de Envase","Pais Origen"
"1","2022",9,"OFICINA PUESTO DE CONTROL MARITIMO - PROV. CONST. DEL CALLAO","MAIZ REVENTON, grano",124740,"SACO(S)","EEUU"
"2","2022",9,"OFICINA PUESTO DE CONTROL MARITIMO - PROV. CONST. DEL CALLAO","PINO, madera aserrada con algún proceso de la CRF2",82440,"PAQUETES","CHILE"
"3","2022",9,"PUESTO DE CONTROL TERRESTRE DESAGUADERO","SOYA, torta",57000,"GRANEL","BOLIVIA"
"4","2022",9,"PUESTO DE CONTROL TERRESTRE DESAGUADERO","SOYA, torta",56500,"GRANEL","BOLIVIA"
"5","2022",9,"PUESTO DE CONTROL TERRESTRE DESAGUADERO","SOYA, torta",54500,"GRANEL","BOLIVIA"
"6","2022",9,"PUESTO DE CONTROL TERRESTRE DESAGUADERO","SOYA, torta",57000,"GRANEL","BOLIVIA"
"7","2022",9,"PUESTO DE CONTROL TERRESTRE DESAGUADERO","SOYA, torta",55500,"GRANEL","BOLIVIA"
"8","2022",9,"PUESTO DE CONTROL TERRESTRE DESAGUADERO","SOYA, torta",57000,"GRANEL","BOLIVIA"
"9","2022",9,"OFICINA PUESTO DE CONTROL MARITIMO - PROV. CONST. DEL CALLAO","ALGODON, fibra sin cardar ni peinar (>28.57 mm = o <34.92 mm)",121188,"FARDOS","EEUU"
"10","2022",9,"OFICINA PUESTO DE CONTROL MARITIMO - PROV. CONST. DEL CALLAO","FRESA, plántula",2634,"CAJA(S)","ESPAÑA"
"11","2022",9,"OFICINA PUESTO DE CONTROL MARITIMO - PROV. CONST. DEL CALLAO","ALGODON, fibra sin cardar ni peinar (>22.22 mm = o <28.57 mm)",60960,"FARDOS","EEUU"
"12","2022",9,"OFICINA PUESTO DE CONTROL MARITIMO - PROV. CONST. DEL CALLAO","CURCUMA, polvo",250,"CAJA(S)","MEXICO"
"13","2022",9,"PUESTO DE CONTROL TERRESTRE DESAGUADERO","SOYA, torta",116000,"SACO(S)","BOLIVIA"
"14","2022",9,"PUESTO DE CONTROL TERRESTRE DESAGUADERO","SOYA, torta",116000,"SACO(S)","BOLIVIA"
"15","2022",9,"PUESTO DE CONTROL TERRESTRE DESAGUADERO","SOYA, torta",24810,"GRANEL","BOLIVIA"
"16","2022",9,"PUESTO DE CONTROL TERRESTRE DESAGUADERO","SOYA, torta",26000,"GRANEL","BOLIVIA"
"17","2022",9,"PUESTO DE CONTROL TERRESTRE DESAGUADERO","SOYA, torta",81000,"GRANEL","BOLIVIA"
"18","2022",9,"PUESTO DE CONTROL TERRESTRE DESAGUADERO","SOYA, torta",55710,"GRANEL","BOLIVIA"
"19","2022",9,"PUESTO DE CONTROL TERRESTRE DESAGUADERO","SOYA, torta",28000,"GRANEL","BOLIVIA"
"20","2022",9,"PUESTO DE CONTROL TERRESTRE DESAGUADERO","SOYA, harina",24560,"SACO(S)","BOLIVIA"
"21","2022",9,"PUESTO DE CONTROL TERRESTRE DESAGUADERO","SOYA, harina",27136,"SACO(S)","BOLIVIA"
"22","2022",9,"PUESTO DE CONTROL TERRESTRE DESAGUADERO","SOYA, torta",56000,"GRANEL","BOLIVIA"
"23","2022",9,"PUESTO DE CONTROL TERRESTRE DESAGUADERO","SOYA, torta",84380,"GRANEL","BOLIVIA"
"24","2022",9,"PUESTO DE CONTROL TERRESTRE DESAGUADERO","SOYA, torta",55500,"GRANEL","BOLIVIA"
"25","2022",9,"PUESTO DE CONTROL TERRESTRE DESAGUADERO","SOYA, torta",80310,"GRANEL","BOLIVIA"
"26","2022",9,"PUESTO DE CONTROL TERRESTRE DESAGUADERO","SOYA, torta",55320,"GRANEL","BOLIVIA"
"27","2022",9,"PUESTO DE CONTROL TERRESTRE DESAGUADERO","SOYA, torta",26790,"GRANEL","BOLIVIA"
"28","2022",9,"PUESTO DE CONTROL TERRESTRE DESAGUADERO","SOYA, torta",23960,"GRANEL","BOLIVIA"
"29","2022",9,"PUESTO DE CONTROL TERRESTRE DESAGUADERO","SOYA, torta",53410,"GRANEL","BOLIVIA"
"30","2022",9,"PUESTO DE CONTROL TERRESTRE DESAGUADERO","SOYA, torta",28040,"GRANEL","BOLIVIA"
"31","2022",9,"PUESTO DE CONTROL TERRESTRE DESAGUADERO","SOYA, torta",56000,"GRANEL","BOLIVIA"
"32","2022",9,"OFICINA PUESTO DE CONTROL MARITIMO - PROV. CONST. DEL CALLAO","MADERA, monturas y mangos de herramientas, monturas y mangos de cepillos, brochas o escobas, de madera; hormas, ensanchadores y tensores del calzado, de madera ; con algún proceso de la CRF 2",53865,"UNIDADES","CHINA"
"33","2022",9,"OFICINA PUESTO DE CONTROL MARITIMO - PROV. CONST. DEL CALLAO","MADERA, monturas y mangos de herramientas, monturas y mangos de cepillos, brochas o escobas, de madera; hormas, ensanchadores y tensores del calzado, de madera ; con algún proceso de la CRF 2",28060,"UNIDADES","CHINA"
"34","2022",9,"OFICINA PUESTO DE CONTROL MARITIMO - PROV. CONST. DEL CALLAO","MADERA, monturas y mangos de herramientas, monturas y mangos de cepillos, brochas o escobas, de madera; hormas, ensanchadores y tensores del calzado, de madera ; con algún proceso de la CRF 2",28055.02,"UNIDADES","CHINA"
"35","2022",9,"OFICINA PUESTO DE CONTROL MARITIMO - PROV. CONST. DEL CALLAO","ALGODON, fibra sin cardar ni peinar (>28.57 mm = o <34.92 mm)",178810,"FARDOS","EEUU"
"36","2022",9,"PUESTO DE CONTROL TERRESTRE DESAGUADERO","SOYA, torta",58000,"SACO(S)","BOLIVIA"
"37","2022",9,"OFICINA PUESTO DE CONTROL AEREO -  PROV. CONST. DEL CALLAO","ALHELI, semilla",0.01251,"SOBRES ALUMINIZADOS","EEUU"
"38","2022",9,"OFICINA PUESTO DE CONTROL AEREO -  PROV. CONST. DEL CALLAO","ANEMONA, semilla",0.00236,"SOBRES ALUMINIZADOS","EEUU"
"39","2022",9,"OFICINA PUESTO DE CONTROL AEREO -  PROV. CONST. DEL CALLAO","ANTIRRINO, semilla",0.00164,"SOBRES ALUMINIZADOS","EEUU"
"40","2022",9,"OFICINA PUESTO DE CONTROL AEREO -  PROV. CONST. DEL CALLAO","ASTER CHINO, semilla",0.0249,"SOBRES ALUMINIZADOS","EEUU"
"41","2022",9,"OFICINA PUESTO DE CONTROL AEREO -  PROV. CONST. DEL CALLAO","CELOSIA, semilla",0.00512,"SACHETS","EEUU"
"42","2022",9,"OFICINA PUESTO DE CONTROL AEREO -  PROV. CONST. DEL CALLAO","LISIANTHUS, semilla",0.02092,"FRASCO(S)","EEUU"
"43","2022",9,"OFICINA PUESTO DE CONTROL AEREO -  PROV. CONST. DEL CALLAO","KALE (= COL), semilla",0.01027,"SOBRES ALUMINIZADOS","EEUU"
"44","2022",9,"PUESTO DE CONTROL TERRESTRE DESAGUADERO","SOYA, harina",145000,"SACO(S)","BOLIVIA"
"45","2022",9,"PUESTO DE CONTROL TERRESTRE DESAGUADERO","SOYA, torta",116000,"SACO(S)","BOLIVIA"
"46","2022",9,"SANTA ROSA, TACNA","MANZANA, fruto fresco",23520,"CAJA(S)","CHILE"
"47","2022",9,"OFICINA PUESTO DE CONTROL AEREO -  PROV. CONST. DEL CALLAO","MELON, semilla",0.705,"SACHETS","EEUU"
"48","2022",9,"OFICINA PUESTO DE CONTROL MARITIMO - PROV. CONST. DEL CALLAO","GARBANZO, grano",23000,"SACO(S)","MEXICO"
"49","2022",9,"OFICINA PUESTO DE CONTROL AEREO -  PROV. CONST. DEL CALLAO","MELON, semilla",0.595,"SACHETS","EEUU"
"50","2022",9,"OFICINA PUESTO DE CONTROL MARITIMO - PROV. CONST. DEL CALLAO","MADERA, en bruto de coníferas tratada agentes de conservación
",110800,"UNIDADES","CHILE"
"51","2022",9,"SANTA ROSA, TACNA","MANZANA, fruto fresco",23100,"CAJA(S)","CHILE"
"52","2022",9,"PUESTO DE CONTROL TERRESTRE DESAGUADERO","AZUCAR BLANCA O REFINADA (lectura polarimetrica mayor 99.5°)",101000,"SACO(S)","BOLIVIA"
"53","2022",9,"IÑAPARI, MADRE DE DIOS","MAIZ AMARILLO DURO, grano",30000,"SACO(S)","BRASIL"
"54","2022",9,"IÑAPARI, MADRE DE DIOS","ARROZ, grano pilado",24000,"SACO(S)","BRASIL"
"55","2022",9,"IÑAPARI, MADRE DE DIOS","ARROZ, grano pilado",38040,"FARDOS","BRASIL"
"56","2022",9,"PUESTO DE CONTROL TERRESTRE DESAGUADERO","MANI, grano sin cáscara",59800,"SACO(S)","BOLIVIA"
"57","2022",9,"PUESTO DE CONTROL TERRESTRE DESAGUADERO","SOYA, harina",174000,"SACO(S)","BOLIVIA"
"58","2022",9,"OFICINA PUESTO DE CONTROL MARITIMO - PROV. CONST. DEL CALLAO","ALGODON, fibra sin cardar ni peinar (>22.22 mm = o <28.57 mm)",18840,"FARDOS","EEUU"
"59","2022",9,"SANTA ROSA, TACNA","MANZANA, fruto fresco",16503.2,"CAJA(S)","CHILE"
"60","2022",9,"SANTA ROSA, TACNA","KIWI, fruto fresco",5880,"CAJA(S)","CHILE"
"61","2022",9,"SANTA ROSA, TACNA","MANZANA, fruto fresco",22500.8,"CAJA(S)","CHILE"
"62","2022",9,"SANTA ROSA, TACNA","PERA, fruta fresca",21492,"CAJA(S)","CHILE"
"63","2022",9,"PUESTO DE CONTROL TERRESTRE DESAGUADERO","SOYA, grano",116000,"GRANEL","BOLIVIA"
"64","2022",9,"PUESTO DE CONTROL TERRESTRE DESAGUADERO","SOYA, grano",28000,"GRANEL","BOLIVIA"
"65","2022",9,"OFICINA PUESTO DE CONTROL MARITIMO - PROV. CONST. DEL CALLAO","Articulos para fiestas de navidad que sean o contengan material vegetal
",834,"UNIDADES","CHINA"
"66","2022",9,"OFICINA PUESTO DE CONTROL MARITIMO - PROV. CONST. DEL CALLAO","ALGODON, fibra sin cardar ni peinar (>28.57 mm = o <34.92 mm)",59480,"FARDOS","EEUU"
"67","2022",9,"PUESTO DE CONTROL TERRESTRE DESAGUADERO","SOYA, torta",82000,"GRANEL","BOLIVIA"
"68","2022",9,"PUESTO DE CONTROL TERRESTRE DESAGUADERO","SOYA, torta",55500,"GRANEL","BOLIVIA"
"69","2022",9,"PUESTO DE CONTROL TERRESTRE DESAGUADERO","SOYA, torta",82500,"GRANEL","BOLIVIA"
"70","2022",9,"PUESTO DE CONTROL TERRESTRE DESAGUADERO","SOYA, torta",56000,"GRANEL","BOLIVIA"
"71","2022",9,"PUESTO DE CONTROL TERRESTRE DESAGUADERO","SOYA, torta",56400,"GRANEL","BOLIVIA"
"72","2022",9,"PUESTO DE CONTROL TERRESTRE DESAGUADERO","SOYA, harina",174000,"SACO(S)","BOLIVIA"
"73","2022",9,"SANTA ROSA, TACNA","JENGIBRE (=KION), fresco",14364,"CAJA(S)","CHILE"
"74","2022",9,"SANTA ROSA, TACNA","MANZANA, fruto fresco",22344,"CAJA(S)","CHILE"
"75","2022",9,"SANTA ROSA, TACNA","MANZANA, fruto fresco",23520,"CAJA(S)","CHILE"
"76","2022",9,"OFICINA PUESTO DE CONTROL MARITIMO - PROV. CONST. DEL CALLAO","MANI, grano sin cáscara",25000,"BIG BAG","BRASIL"
"77","2022",9,"OFICINA PUESTO DE CONTROL AEREO -  PROV. CONST. DEL CALLAO","PIMIENTO, semilla",2.067357,"SACHETS","HOLANDA"
"78","2022",9,"OFICINA PUESTO DE CONTROL AEREO -  PROV. CONST. DEL CALLAO","ZAPALLITO ITALIANO (CALABACIN), semilla",2.758449,"SACHETS","HOLANDA"
"79","2022",9,"OFICINA PUESTO DE CONTROL MARITIMO - PROV. CONST. DEL CALLAO","MADERA, cajas con algún proceso de la CRF 2",3.73,"UNIDADES","REINO UNIDO"
"80","2022",9,"OFICINA PUESTO DE CONTROL MARITIMO - PROV. CONST. DEL CALLAO","YUTE, sacos o bolsas con algun proceso de la CFR 2",1.696,"UNIDADES","REINO UNIDO"
"81","2022",9,"OFICINA PUESTO DE CONTROL MARITIMO - PROV. CONST. DEL CALLAO","MAIZ, harina",21900,"SACO(S)","COLOMBIA"
"82","2022",9,"OFICINA PUESTO DE CONTROL AEREO -  PROV. CONST. DEL CALLAO","COL, semilla",1.56,"SACHETS","COREA DEL SUR"
"83","2022",9,"PUESTO DE CONTROL TERRESTRE DESAGUADERO","SOYA, torta",177000,"SACO(S)","BOLIVIA"
"84","2022",9,"PUESTO DE CONTROL TERRESTRE DESAGUADERO","SOYA, torta",145000,"SACO(S)","BOLIVIA"
"85","2022",9,"OFICINA PUESTO DE CONTROL AEREO -  PROV. CONST. DEL CALLAO","CORCHO, las demas manufacturas de corcho natural",0.02,"BOLSAS","EEUU"
"86","2022",9,"OFICINA PUESTO DE CONTROL MARITIMO - PROV. CONST. DEL CALLAO","ALGODON, semilla",20000,"BOLSAS","ISRAEL"
"87","2022",9,"OFICINA PUESTO DE CONTROL MARITIMO - PROV. CONST. DEL CALLAO","AZUCAR BLANCA O REFINADA (lectura polarimetrica mayor 99.5°)",397500,"SACO(S)","COLOMBIA"
"88","2022",9,"OFICINA PUESTO DE CONTROL MARITIMO - PROV. CONST. DEL CALLAO","AZUCAR CRUDA, sólido",149350,"SACO(S)","GUATEMALA"
"89","2022",9,"SANTA ROSA, TACNA","KIWI, fruto fresco",4032,"CAJA(S)","CHILE"
"90","2022",9,"OFICINA PUESTO DE CONTROL MARITIMO - PROV. CONST. DEL CALLAO","AZUCAR BLANCA O REFINADA (lectura polarimetrica mayor 99.5°)",53000,"SACO(S)","COLOMBIA"
"91","2022",9,"OFICINA PUESTO DE CONTROL MARITIMO - PROV. CONST. DEL CALLAO","AZUCARES, los demas",25000,"SACO(S)","COLOMBIA"
"92","2022",9,"SANTA ROSA, TACNA","MANZANA, fruto fresco",19600,"CAJA(S)","CHILE"
"93","2022",9,"OFICINA PUESTO DE CONTROL MARITIMO - PROV. CONST. DEL CALLAO","AZUCAR DE CAÑA, solido en bruto",75000,"BOLSAS","BRASIL"
"94","2022",9,"OFICINA PUESTO DE CONTROL MARITIMO - PROV. CONST. DEL CALLAO","AZUCAR CRUDA, sólido",338000,"SACO(S)","NICARAGUA"
"95","2022",9,"OFICINA PUESTO DE CONTROL AEREO -  PROV. CONST. DEL CALLAO","MADERA, monturas y mangos de herramientas, monturas y mangos de cepillos, brochas o escobas, de madera; hormas, ensanchadores y tensores del calzado, de madera ; con algún proceso de la CRF 2",18.53,"PALETAS","BRASIL"
"96","2022",9,"PUESTO DE CONTROL TERRESTRE DESAGUADERO","AZUCAR BLANCA O REFINADA (lectura polarimetrica mayor 99.5°)",144000,"SACO(S)","BOLIVIA"
"97","2022",9,"OFICINA PUESTO DE CONTROL MARITIMO - PROV. CONST. DEL CALLAO","Articulos para fiestas de navidad que sean o contengan material vegetal
",438.4,"UNIDADES","CHINA"
"98","2022",9,"PUERTO DE PAITA , PIURA","COMINO, grano",53750,"SACO(S)","INDIA"
"99","2022",9,"SANTA ROSA, TACNA","KIWI, fruto fresco",3360,"CAJA(S)","CHILE"
"100","2022",9,"SANTA ROSA, TACNA","MANZANA, fruto fresco",18252.5,"CAJA(S)","CHILE"
"101","2022",9,"OFICINA PUESTO DE CONTROL MARITIMO - PROV. CONST. DEL CALLAO","MADERA, herramientas de madera con algún proceso de la CRF2",154.075,"PIEZAS","MEXICO"
"102","2022",9,"OFICINA PUESTO DE CONTROL MARITIMO - PROV. CONST. DEL CALLAO","MADERA, monturas y mangos de herramientas, monturas y mangos de cepillos, brochas o escobas, de madera; hormas, ensanchadores y tensores del calzado, de madera ; con algún proceso de la CRF 2",874.748,"PIEZAS","MEXICO"
"103","2022",9,"SANTA ROSA, TACNA","MANZANA, fruto fresco",22402.8,"CAJA(S)","CHILE"
"104","2022",9,"SANTA ROSA, TACNA","MANZANA, fruto fresco",6020,"CAJA(S)","CHILE"
"105","2022",9,"SANTA ROSA, TACNA","PERA, fruta fresca",16578,"CAJA(S)","CHILE"
"106","2022",9,"SANTA ROSA, TACNA","MANZANA, fruto fresco",23520,"CAJA(S)","CHILE"
"107","2022",9,"PUESTO DE CONTROL- CEBAF","CAÑA DE GUAYAQUIL, seca al natural",20000,"UNIDADES","ECUADOR"
"108","2022",9,"OFICINA PUESTO DE CONTROL MARITIMO - PROV. CONST. DEL CALLAO","GARBANZO, grano",24000,"SACO(S)","MEXICO"
"109","2022",9,"OFICINA PUESTO DE CONTROL AEREO -  PROV. CONST. DEL CALLAO","MELON, semilla",18.046,"SOBRES","EEUU"
"110","2022",9,"OFICINA PUESTO DE CONTROL AEREO -  PROV. CONST. DEL CALLAO","LECHUGA, semilla",361.796,"BOLSAS","EEUU"
"111","2022",9,"OFICINA PUESTO DE CONTROL AEREO -  PROV. CONST. DEL CALLAO","ZAPALLITO ITALIANO (CALABACIN), semilla",0.114603,"SACHETS","HOLANDA"
"112","2022",9,"OFICINA PUESTO DE CONTROL MARITIMO - PROV. CONST. DEL CALLAO","NARANJA, fruto fresco",24000,"CAJA(S)","CHILE"
"113","2022",9,"OFICINA PUESTO DE CONTROL MARITIMO - PROV. CONST. DEL CALLAO","MANZANA, fruto fresco",40756.8,"CAJA(S)","CHILE"
"114","2022",9,"OFICINA PUESTO DE CONTROL MARITIMO - PROV. CONST. DEL CALLAO","HONGO, seco",2000,"SACO(S)","CHILE"
"115","2022",9,"SANTA ROSA, TACNA","MANZANA, fruto fresco",23520,"CAJA(S)","CHILE"
"116","2022",9,"SANTA ROSA, TACNA","MANZANA, fruto fresco",23520,"CAJA(S)","CHILE"
"117","2022",9,"PUESTO DE CONTROL- CEBAF","CAÑA DE GUAYAQUIL, seca al natural",34000,"UNIDADES","ECUADOR"
"118","2022",9,"PUESTO DE CONTROL TERRESTRE DESAGUADERO","AZUCAR BLANCA O REFINADA (lectura polarimetrica mayor 99.5°)",77000,"SACO(S)","BOLIVIA"
"119","2022",9,"PUESTO DE CONTROL- CEBAF","CAÑA DE GUAYAQUIL, seca al natural",32000,"UNIDADES","ECUADOR"
"120","2022",9,"OFICINA PUESTO DE CONTROL MARITIMO - PROV. CONST. DEL CALLAO","TRACTOR USADO, con motor de potencia superior a 33 kW pero inferior o igual a 75 kW",5208.17,"UNIDADES","CHINA"
"121","2022",9,"OFICINA PUESTO DE CONTROL MARITIMO - PROV. CONST. DEL CALLAO","VID, estaca enraizada",6109,"CAJA(S)","CHILE"
"122","2022",9,"SANTA ROSA, TACNA","PERA, fruta fresca",7056,"CAJA(S)","CHILE"
"123","2022",9,"SANTA ROSA, TACNA","MANZANA, fruto fresco",16940,"CAJA(S)","CHILE"
"124","2022",9,"SANTA ROSA, TACNA","TRACTOR USADO, con motor de potencia superior a 33 kW pero inferior o igual a 75 kW",2400,"ENVASES METALICOS","CHINA"
"125","2022",9,"SANTA ROSA, TACNA","TRACTOR USADO, con motor de potencia superior a 33 kW pero inferior o igual a 75 kW",9860,"CAJA(S)","CHINA"
"126","2022",9,"SANTA ROSA, TACNA","MANZANA, fruto fresco",23520,"CAJA(S)","CHILE"
"127","2022",9,"PUESTO DE CONTROL TERRESTRE DESAGUADERO","AJONJOLI, grano",30000,"SACO(S)","BOLIVIA"
"128","2022",9,"OFICINA PUESTO DE CONTROL MARITIMO - PROV. CONST. DEL CALLAO","MANZANA, fruto fresco",79850.4,"CAJA(S)","CHILE"
"129","2022",9,"SANTA ROSA, TACNA","MANZANA, fruto fresco",22344,"CAJA(S)","CHILE"
"130","2022",9,"OFICINA PUESTO DE CONTROL MARITIMO - PROV. CONST. DEL CALLAO","ORQUIDEA, planta",1563,"CAJA(S)","HOLANDA"
"131","2022",9,"OFICINA PUESTO DE CONTROL MARITIMO - PROV. CONST. DEL CALLAO","BAMBU, artículos de cestería obtenidos directamente en su forma con materia trenzable con algún proceso de la CRF 2",55.1,"UNIDADES","CHINA"
"132","2022",9,"OFICINA PUESTO DE CONTROL MARITIMO - PROV. CONST. DEL CALLAO","Articulos para fiestas de navidad que sean o contengan material vegetal
",3091.65,"UNIDADES","CHINA"
"133","2022",9,"OFICINA PUESTO DE CONTROL MARITIMO - PROV. CONST. DEL CALLAO","Los demas articulos para fiesta, carnaval u otras diversiones, incluidos los de magia y articulos sorpresa que sean o contengan material vegetal
",395.2,"UNIDADES","CHINA"
"134","2022",9,"PUESTO DE CONTROL TERRESTRE DESAGUADERO","SOYA, torta",115000,"SACO(S)","BOLIVIA"
"135","2022",9,"OFICINA PUESTO DE CONTROL MARITIMO - PROV. CONST. DEL CALLAO","PAPA, fécula",1e+05,"BOLSAS","HOLANDA"
"136","2022",9,"OFICINA PUESTO DE CONTROL MARITIMO - PROV. CONST. DEL CALLAO","Marañon (NUEZ DE CAJU), semilla alimenticia sin cascara, seca industriamente",15876,"PAQUETES","BRASIL"
"137","2022",9,"PUESTO DE CONTROL TERRESTRE DESAGUADERO","SOYA, harina",145000,"SACO(S)","BOLIVIA"
"138","2022",9,"OFICINA PUESTO DE CONTROL MARITIMO - PROV. CONST. DEL CALLAO","PAPA, fécula",46000,"BOLSAS","REPUBLICA CHECA"
"139","2022",9,"OFICINA PUESTO DE CONTROL MARITIMO - PROV. CONST. DEL CALLAO","ALMENDRA, sin cáscara secado al natural",19958.4,"CAJA(S)","EEUU"
"140","2022",9,"OFICINA PUESTO DE CONTROL MARITIMO - PROV. CONST. DEL CALLAO","CEBOLLA, triturada o pulverizada",8000,"CAJA(S)","CHINA"
"141","2022",9,"OFICINA PUESTO DE CONTROL MARITIMO - PROV. CONST. DEL CALLAO","JENGIBRE (=KION), polvo",600,"CAJA(S)","CHINA"
"142","2022",9,"OFICINA PUESTO DE CONTROL MARITIMO - PROV. CONST. DEL CALLAO","ALGODON, fibra sin cardar ni peinar (>28.57 mm = o <34.92 mm)",40180,"FARDOS","EEUU"
"143","2022",9,"SANTA ROSA, TACNA","PERA, fruta fresca",9216,"CAJA(S)","CHILE"
"144","2022",9,"SANTA ROSA, TACNA","KIWI, fruto fresco",13248,"CAJA(S)","CHILE"
"145","2022",9,"PUESTO DE CONTROL TERRESTRE DESAGUADERO","SOYA, torta",171000,"SACO(S)","BOLIVIA"
"146","2022",9,"PUESTO DE CONTROL TERRESTRE DESAGUADERO","SOYA, torta",57340,"SACO(S)","BOLIVIA"
"147","2022",9,"OFICINA PUESTO DE CONTROL MARITIMO - PROV. CONST. DEL CALLAO","MARCOS, madera",3504.978,"CAJA(S)","CHINA"
"148","2022",9,"OFICINA PUESTO DE CONTROL MARITIMO - PROV. CONST. DEL CALLAO","Articulos para fiestas de navidad que sean o contengan material vegetal
",426.688,"CAJA(S)","CHINA"
"149","2022",9,"OFICINA PUESTO DE CONTROL MARITIMO - PROV. CONST. DEL CALLAO","Articulos para fiestas de navidad que sean o contengan material vegetal
",403.754,"CAJA(S)","CHINA"
"150","2022",9,"OFICINA PUESTO DE CONTROL MARITIMO - PROV. CONST. DEL CALLAO","MANZANA, fruto fresco",19756.8,"CAJA(S)","CHILE"
"151","2022",9,"OFICINA PUESTO DE CONTROL MARITIMO - PROV. CONST. DEL CALLAO","PERA, fruta fresca",46080,"CAJA(S)","CHILE"
"152","2022",9,"PUESTO DE CONTROL TERRESTRE DESAGUADERO","SOYA, torta",82000,"GRANEL","BOLIVIA"
"153","2022",9,"PUESTO DE CONTROL TERRESTRE DESAGUADERO","SOYA, torta",85000,"GRANEL","BOLIVIA"
"154","2022",9,"PUESTO DE CONTROL TERRESTRE DESAGUADERO","SOYA, torta",84500,"GRANEL","BOLIVIA"
"155","2022",9,"IÑAPARI, MADRE DE DIOS","NUEZ DEL BRASIL, con cáscara seca al natural",28140,"SACO(S)","BRASIL"
"156","2022",9,"IÑAPARI, MADRE DE DIOS","NUEZ DEL BRASIL, con cáscara seca al natural",28140,"SACO(S)","BRASIL"
"157","2022",9,"OFICINA PUESTO DE CONTROL MARITIMO - PROV. CONST. DEL CALLAO","COCO, fibra (para sustrato)",494640,"PALETAS","INDIA"
"158","2022",9,"PUESTO DE CONTROL TERRESTRE DESAGUADERO","SOYA, torta",56000,"GRANEL","BOLIVIA"
"159","2022",9,"PUESTO DE CONTROL TERRESTRE DESAGUADERO","SOYA, grano",27000,"GRANEL","BOLIVIA"
"160","2022",9,"PUESTO DE CONTROL TERRESTRE DESAGUADERO","SOYA, grano",55000,"GRANEL","BOLIVIA"
"161","2022",9,"OFICINA PUESTO DE CONTROL MARITIMO - PROV. CONST. DEL CALLAO","GARBANZO, grano",156000,"SACO(S)","MEXICO"
"162","2022",9,"OFICINA PUESTO DE CONTROL MARITIMO - PROV. CONST. DEL CALLAO","GARBANZO, grano",78000,"SACO(S)","MEXICO"
"163","2022",9,"OFICINA PUESTO DE CONTROL MARITIMO - PROV. CONST. DEL CALLAO","FREJOL, grano",66000,"SACO(S)","MEXICO"
"164","2022",9,"OFICINA PUESTO DE CONTROL MARITIMO - PROV. CONST. DEL CALLAO","FREJOL, grano",196000,"SACO(S)","MEXICO"
"165","2022",9,"OFICINA PUESTO DE CONTROL MARITIMO - PROV. CONST. DEL CALLAO","PERA, fruta fresca",4608,"CAJA(S)","CHILE"
"166","2022",9,"OFICINA PUESTO DE CONTROL MARITIMO - PROV. CONST. DEL CALLAO","KIWI, fruto fresco",1120,"CAJA(S)","CHILE"
"167","2022",9,"OFICINA PUESTO DE CONTROL MARITIMO - PROV. CONST. DEL CALLAO","NARANJA, fruto fresco",2432,"CAJA(S)","CHILE"
"168","2022",9,"OFICINA PUESTO DE CONTROL MARITIMO - PROV. CONST. DEL CALLAO","MANZANA, fruto fresco",12103,"CAJA(S)","CHILE"
"169","2022",9,"OFICINA PUESTO DE CONTROL AEREO -  PROV. CONST. DEL CALLAO","CULANTRO, semilla",40,"SACO(S)","EEUU"
"170","2022",9,"OFICINA PUESTO DE CONTROL AEREO -  PROV. CONST. DEL CALLAO","LECHUGA, semilla",1.362,"SACHETS","EEUU"
"171","2022",9,"OFICINA PUESTO DE CONTROL AEREO -  PROV. CONST. DEL CALLAO","APIO, semilla",0.454,"SACHETS","EEUU"
"172","2022",9,"OFICINA PUESTO DE CONTROL AEREO -  PROV. CONST. DEL CALLAO","TOMATE, semilla",0.006,"SACHETS","EEUU"
"173","2022",9,"OFICINA PUESTO DE CONTROL MARITIMO - PROV. CONST. DEL CALLAO","AZUCAR BLANCA O REFINADA (lectura polarimetrica mayor 99.5°)",26500,"SACO(S)","COLOMBIA"
"174","2022",9,"OFICINA PUESTO DE CONTROL MARITIMO - PROV. CONST. DEL CALLAO","AZUCAR CRUDA, sólido",125000,"SACO(S)","NICARAGUA"
"175","2022",9,"OFICINA PUESTO DE CONTROL MARITIMO - PROV. CONST. DEL CALLAO","AZUCAR CRUDA, sólido",125000,"SACO(S)","NICARAGUA"
"176","2022",9,"PUESTO DE CONTROL TERRESTRE DESAGUADERO","SOYA, torta",145000,"SACO(S)","BOLIVIA"
"177","2022",9,"PUESTO DE CONTROL TERRESTRE DESAGUADERO","SOYA, torta",114500,"SACO(S)","BOLIVIA"
"178","2022",9,"PUESTO DE CONTROL TERRESTRE DESAGUADERO","SOYA, torta",114000,"SACO(S)","BOLIVIA"
"179","2022",9,"PUESTO DE CONTROL TERRESTRE DESAGUADERO","SOYA, torta",114500,"SACO(S)","BOLIVIA"
"180","2022",9,"PUERTO DE PAITA , PIURA","CANELA, corteza entera seca al natural",14560,"CAJA(S)","SRI LANKA"
"181","2022",9,"PUESTO DE CONTROL TERRESTRE DESAGUADERO","SOYA, harina",174000,"SACO(S)","BOLIVIA"
"182","2022",9,"PUESTO DE CONTROL TERRESTRE DESAGUADERO","SOYA, harina",145000,"SACO(S)","BOLIVIA"
"183","2022",9,"PUESTO DE CONTROL TERRESTRE DESAGUADERO","SOYA, torta",56000,"GRANEL","BOLIVIA"
"184","2022",9,"PUESTO DE CONTROL TERRESTRE DESAGUADERO","SOYA, torta",54600,"GRANEL","BOLIVIA"
"185","2022",9,"PUESTO DE CONTROL TERRESTRE DESAGUADERO","SOYA, torta",84000,"GRANEL","BOLIVIA"
"186","2022",9,"OFICINA PUESTO DE CONTROL MARITIMO - PROV. CONST. DEL CALLAO","CHIA, grano",20000,"SACO(S)","PARAGUAY"
"187","2022",9,"OFICINA PUESTO DE CONTROL AEREO -  PROV. CONST. DEL CALLAO","MADERA, marcos y contramarcos de ventanas y puertas vidrieras de las demas madera con proceso de la CRF 2",99.417,"PIEZAS","DINAMARCA"
"188","2022",9,"OFICINA PUESTO DE CONTROL MARITIMO - PROV. CONST. DEL CALLAO","LILIUM (=AZUCENA), bulbo",19950,"JABAS","HOLANDA"
"189","2022",9,"OFICINA PUESTO DE CONTROL MARITIMO - PROV. CONST. DEL CALLAO","ALGODON, fibra sin cardar ni peinar (>22.22 mm = o <28.57 mm)",94280,"FARDOS","EEUU"
"190","2022",9,"OFICINA PUESTO DE CONTROL MARITIMO - PROV. CONST. DEL CALLAO","ALGODON, fibra sin cardar ni peinar (>22.22 mm = o <28.57 mm)",115540,"FARDOS","EEUU"
"191","2022",9,"PUESTO DE CONTROL TERRESTRE DESAGUADERO","SOYA, torta",56000,"GRANEL","BOLIVIA"
"192","2022",9,"PUESTO DE CONTROL TERRESTRE DESAGUADERO","SOYA, torta",56000,"GRANEL","BOLIVIA"
"193","2022",9,"PUESTO DE CONTROL TERRESTRE DESAGUADERO","SOYA, torta",56000,"GRANEL","BOLIVIA"
"194","2022",9,"PUESTO DE CONTROL TERRESTRE DESAGUADERO","SOYA, torta",83000,"GRANEL","BOLIVIA"
"195","2022",9,"SANTA ROSA, TACNA","MANZANA, fruto fresco",23520,"CAJA(S)","CHILE"
"196","2022",9,"OFICINA PUESTO DE CONTROL MARITIMO - PROV. CONST. DEL CALLAO","PAPA, fécula",252000,"BOLSAS","DINAMARCA"
"197","2022",9,"OFICINA PUESTO DE CONTROL AEREO -  PROV. CONST. DEL CALLAO","ZAPALLITO ITALIANO (CALABACIN), semilla",0.204,"SACHETS","EEUU"
"198","2022",9,"SANTA ROSA, TACNA","KIWI, fruto fresco",2160,"CAJA(S)","CHILE"
"199","2022",9,"SANTA ROSA, TACNA","MANZANA, fruto fresco",21980,"CAJA(S)","CHILE"
"200","2022",9,"OFICINA PUESTO DE CONTROL MARITIMO - PROV. CONST. DEL CALLAO","MAIZ REVENTON, grano",129950,"SACO(S)","ARGENTINA"
"201","2022",9,"SANTA ROSA, TACNA","MANZANA, fruto fresco",23520,"CAJA(S)","CHILE"
"202","2022",9,"PUESTO DE CONTROL TERRESTRE DESAGUADERO","SOYA, torta",27460,"GRANEL","BOLIVIA"
"203","2022",9,"PUESTO DE CONTROL TERRESTRE DESAGUADERO","GIRASOL, torta",57960,"GRANEL","BOLIVIA"
"204","2022",9,"PUESTO DE CONTROL TERRESTRE DESAGUADERO","SOYA, torta",101000,"GRANEL","BOLIVIA"
"205","2022",9,"PUESTO DE CONTROL TERRESTRE DESAGUADERO","SOYA, torta",23070,"GRANEL","BOLIVIA"
"206","2022",9,"OFICINA PUESTO DE CONTROL MARITIMO - PROV. CONST. DEL CALLAO","ROTEN (=Ratán), artículos de cestería obtenidos directamente en su forma con materia trenzable con algún proceso de la CRF2",361,"UNIDADES","VIETNAM"
"207","2022",9,"OFICINA PUESTO DE CONTROL MARITIMO - PROV. CONST. DEL CALLAO","ARROZ, parbolizado pulido o sin cáscara",127500,"SACO(S)","BRASIL"
"208","2022",9,"PUESTO DE CONTROL TERRESTRE DESAGUADERO","MANI, grano sin cáscara",29000,"SACO(S)","BOLIVIA"
"209","2022",9,"OFICINA PUESTO DE CONTROL MARITIMO - PROV. CONST. DEL CALLAO","ARROZ, parbolizado pulido o sin cáscara",127500,"SACO(S)","BRASIL"
"210","2022",9,"OFICINA PUESTO DE CONTROL MARITIMO - PROV. CONST. DEL CALLAO","ZANAHORIA, semilla",4124.4,"SACHETS","EEUU"
"211","2022",9,"OFICINA PUESTO DE CONTROL MARITIMO - PROV. CONST. DEL CALLAO","LENTEJA, grano",70353,"SACO(S)","EEUU"
"212","2022",9,"PUESTO DE CONTROL- CEBAF","Las demás coniferas, las demas maderas aserradas o desbastadas longitudinalmente, cortada o desenrollada, incluso cepillada,lijada o unida por lo extremos, de espesor superior a 6 mm, con algun tratamiento de la CRF 2",53400,"PIEZAS","ECUADOR"
"213","2022",9,"SANTA ROSA, TACNA","MANZANA, fruto fresco",11660,"CAJA(S)","CHILE"
"214","2022",9,"SANTA ROSA, TACNA","PERA, fruta fresca",10368,"CAJA(S)","CHILE"
"215","2022",9,"OFICINA PUESTO DE CONTROL MARITIMO - PROV. CONST. DEL CALLAO","Articulos para fiestas de navidad que sean o contengan material vegetal
",5.445,"CAJA(S)","CHINA"
"216","2022",9,"PUESTO DE CONTROL TERRESTRE DESAGUADERO","SOYA, grano",24000,"GRANEL","BOLIVIA"
"217","2022",9,"PUESTO DE CONTROL TERRESTRE DESAGUADERO","SOYA, grano",56000,"GRANEL","BOLIVIA"
"218","2022",9,"OFICINA PUESTO DE CONTROL MARITIMO - PROV. CONST. DEL CALLAO","ALGODON, fibra sin cardar ni peinar (>22.22 mm = o <28.57 mm)",58640,"FARDOS","EEUU"
"219","2022",9,"OFICINA PUESTO DE CONTROL MARITIMO - PROV. CONST. DEL CALLAO","ALGODON, fibra sin cardar ni peinar (>22.22 mm = o <28.57 mm)",213150,"FARDOS","EEUU"
"220","2022",9,"OFICINA PUESTO DE CONTROL MARITIMO - PROV. CONST. DEL CALLAO","COCO, rallado seco industrial",13018.32,"BOLSAS","FILIPINAS"
"221","2022",9,"OFICINA PUESTO DE CONTROL MARITIMO - PROV. CONST. DEL CALLAO","PINO, madera aserrada con algún proceso de la CRF2",46408,"PAQUETES","CHILE"
"222","2022",9,"OFICINA PUESTO DE CONTROL MARITIMO - PROV. CONST. DEL CALLAO","PINO, madera aserrada con algún proceso de la CRF2",45620,"PAQUETES","CHILE"
"223","2022",9,"OFICINA PUESTO DE CONTROL MARITIMO - PROV. CONST. DEL CALLAO","LENTEJA, grano",23500,"SACO(S)","EEUU"
"224","2022",9,"OFICINA PUESTO DE CONTROL MARITIMO - PROV. CONST. DEL CALLAO","AVENA, harina o polvo",2000,"SACO(S)","COLOMBIA"
"225","2022",9,"SANTA ROSA, TACNA","MANZANA, fruto fresco",23520,"CAJA(S)","CHILE"
"226","2022",9,"PUESTO DE CONTROL TERRESTRE DESAGUADERO","GIRASOL, torta",83530,"GRANEL","BOLIVIA"
"227","2022",9,"PUESTO DE CONTROL TERRESTRE DESAGUADERO","SOYA, torta",55170,"GRANEL","BOLIVIA"
"228","2022",9,"SANTA ROSA, TACNA","MANZANA, fruto fresco",23520,"CAJA(S)","CHILE"
"229","2022",9,"PUESTO DE CONTROL TERRESTRE DESAGUADERO","SOYA, torta",116000,"SACO(S)","BOLIVIA"
"230","2022",9,"SANTA ROSA, TACNA","PERA, fruta fresca",10080,"CAJA(S)","CHILE"
"231","2022",9,"SANTA ROSA, TACNA","MANZANA, fruto fresco",6713,"CAJA(S)","CHILE"
"232","2022",9,"SANTA ROSA, TACNA","KIWI, fruto fresco",6240,"CAJA(S)","CHILE"
"233","2022",9,"OFICINA PUESTO DE CONTROL MARITIMO - PROV. CONST. DEL CALLAO","MAIZ, harina",44000,"FARDOS","COLOMBIA"
"234","2022",9,"OFICINA PUESTO DE CONTROL MARITIMO - PROV. CONST. DEL CALLAO","Articulos para fiestas de navidad que sean o contengan material vegetal
",162.6,"UNIDADES","CHINA"
"235","2022",9,"OFICINA PUESTO DE CONTROL MARITIMO - PROV. CONST. DEL CALLAO","GARBANZO, grano",24000,"SACO(S)","MEXICO"
"236","2022",9,"SANTA ROSA, TACNA","MANZANA, fruto fresco",18620,"CAJA(S)","CHILE"
"237","2022",9,"SANTA ROSA, TACNA","PERA, fruta fresca",4410,"CAJA(S)","CHILE"
"238","2022",9,"OFICINA PUESTO DE CONTROL MARITIMO - PROV. CONST. DEL CALLAO","LENTEJA, grano",52571,"SACO(S)","CANADA"
"239","2022",9,"OFICINA PUESTO DE CONTROL MARITIMO - PROV. CONST. DEL CALLAO","TOMATE, semilla",100,"LATAS","ITALIA"
"240","2022",9,"OFICINA PUESTO DE CONTROL MARITIMO - PROV. CONST. DEL CALLAO","LIMONIUM (=STATICE), semilla",1.4,"LATAS","ITALIA"
"241","2022",9,"OFICINA PUESTO DE CONTROL MARITIMO - PROV. CONST. DEL CALLAO","CEBOLLA CHINA, semilla",150,"LATAS","ITALIA"
"242","2022",9,"OFICINA PUESTO DE CONTROL MARITIMO - PROV. CONST. DEL CALLAO","PORO, semilla",60,"LATAS","ITALIA"
"243","2022",9,"OFICINA PUESTO DE CONTROL MARITIMO - PROV. CONST. DEL CALLAO","BROCOLI, semilla",100,"LATAS","ITALIA"
"244","2022",9,"OFICINA PUESTO DE CONTROL MARITIMO - PROV. CONST. DEL CALLAO","COL CHINA, semilla",50,"LATAS","ITALIA"
"245","2022",9,"OFICINA PUESTO DE CONTROL MARITIMO - PROV. CONST. DEL CALLAO","COL, semilla",200,"LATAS","ITALIA"
"246","2022",9,"OFICINA PUESTO DE CONTROL MARITIMO - PROV. CONST. DEL CALLAO","COLIFLOR, semilla",150,"LATAS","ITALIA"
"247","2022",9,"OFICINA PUESTO DE CONTROL MARITIMO - PROV. CONST. DEL CALLAO","LECHUGA, semilla",300,"LATAS","ITALIA"
"248","2022",9,"OFICINA PUESTO DE CONTROL MARITIMO - PROV. CONST. DEL CALLAO","ESPINACA, semilla",300,"LATAS","ITALIA"
"249","2022",9,"OFICINA PUESTO DE CONTROL MARITIMO - PROV. CONST. DEL CALLAO","RABANITO, semilla",150,"LATAS","ITALIA"
"250","2022",9,"OFICINA PUESTO DE CONTROL MARITIMO - PROV. CONST. DEL CALLAO","ZAPALLITO ITALIANO (CALABACIN), semilla",150,"LATAS","ITALIA"
"251","2022",9,"OFICINA PUESTO DE CONTROL MARITIMO - PROV. CONST. DEL CALLAO","SANDIA, semilla",100,"LATAS","ITALIA"
"252","2022",9,"OFICINA PUESTO DE CONTROL MARITIMO - PROV. CONST. DEL CALLAO","CAUCHO, técnicamente especificado (TSNR)",28000,"FARDOS","VIETNAM"
"253","2022",9,"OFICINA PUESTO DE CONTROL MARITIMO - PROV. CONST. DEL CALLAO","AZUCAR BLANCA O REFINADA (lectura polarimetrica mayor 99.5°)",79500,"SACO(S)","GUATEMALA"
"254","2022",9,"OFICINA PUESTO DE CONTROL MARITIMO - PROV. CONST. DEL CALLAO","AZUCAR CRUDA, sólido",250000,"SACO(S)","NICARAGUA"
"255","2022",9,"OFICINA PUESTO DE CONTROL MARITIMO - PROV. CONST. DEL CALLAO","CLAVO DE OLOR, entera seca al natural",21920,"CAJA(S)","MADAGASCAR"
"256","2022",9,"OFICINA PUESTO DE CONTROL MARITIMO - PROV. CONST. DEL CALLAO","AZUCAR BLANCA O REFINADA (lectura polarimetrica mayor 99.5°)",150000,"SACO(S)","GUATEMALA"
"257","2022",9,"SANTA ROSA, TACNA","MANZANA, fruto fresco",22344,"CAJA(S)","CHILE"
"258","2022",9,"SANTA ROSA, TACNA","MANZANA, fruto fresco",23520,"CAJA(S)","CHILE"
"259","2022",9,"SANTA ROSA, TACNA","MANZANA, fruto fresco",22344,"CAJA(S)","CHILE"
"260","2022",9,"PUESTO DE CONTROL- CEBAF","CAÑA DE GUAYAQUIL, seca al natural",32000,"UNIDADES","ECUADOR"
"261","2022",9,"PUESTO DE CONTROL TERRESTRE DESAGUADERO","SOYA, torta",115500,"SACO(S)","BOLIVIA"
"262","2022",9,"SANTA ROSA, TACNA","MANZANA, fruto fresco",21560,"CAJA(S)","CHILE"
"263","2022",9,"SANTA ROSA, TACNA","PERA, fruta fresca",1764,"CAJA(S)","CHILE"
"264","2022",9,"SANTA ROSA, TACNA","AJONJOLI, grano",27000,"SACO(S)","ARGENTINA"
"265","2022",9,"OFICINA PUESTO DE CONTROL MARITIMO - PROV. CONST. DEL CALLAO","CULANTRO, semilla",8000,"BOLSAS","ITALIA"
"266","2022",9,"OFICINA PUESTO DE CONTROL MARITIMO - PROV. CONST. DEL CALLAO","ARVEJA, semilla",4000,"BOLSAS","ITALIA"
"267","2022",9,"OFICINA PUESTO DE CONTROL MARITIMO - PROV. CONST. DEL CALLAO","AVENA, grano mondado, perlado, troceado o quebrantado",92000,"SACO(S)","CHILE"
"268","2022",9,"SANTA ROSA, TACNA","MANZANA, fruto fresco",23520,"CAJA(S)","CHILE"
"269","2022",9,"PUESTO DE CONTROL TERRESTRE DESAGUADERO","AZUCAR BLANCA O REFINADA (lectura polarimetrica mayor 99.5°)",56000,"SACO(S)","BOLIVIA"
"270","2022",9,"PUESTO DE CONTROL TERRESTRE DESAGUADERO","AZUCAR BLANCA O REFINADA (lectura polarimetrica mayor 99.5°)",56000,"SACO(S)","BOLIVIA"
"271","2022",9,"PUESTO DE CONTROL TERRESTRE DESAGUADERO","AZUCAR BLANCA O REFINADA (lectura polarimetrica mayor 99.5°)",56000,"SACO(S)","BOLIVIA"
"272","2022",9,"PUESTO DE CONTROL TERRESTRE DESAGUADERO","AZUCAR BLANCA O REFINADA (lectura polarimetrica mayor 99.5°)",56000,"SACO(S)","BOLIVIA"
"273","2022",9,"OFICINA PUESTO DE CONTROL MARITIMO - PROV. CONST. DEL CALLAO","ALGODON, fibra sin cardar ni peinar (>28.57 mm = o <34.92 mm)",19900,"FARDOS","EEUU"
"274","2022",9,"OFICINA PUESTO DE CONTROL MARITIMO - PROV. CONST. DEL CALLAO","AVENA, grano mondado, perlado, troceado o quebrantado",48000,"BOLSAS","CHILE"
"275","2022",9,"PUESTO DE CONTROL TERRESTRE DESAGUADERO","SOYA, grano",56700,"GRANEL","BOLIVIA"
"276","2022",9,"OFICINA PUESTO DE CONTROL MARITIMO - PROV. CONST. DEL CALLAO","ALGODON, fibra sin cardar ni peinar (>28.57 mm = o <34.92 mm)",156910,"FARDOS","EEUU"
"277","2022",9,"SANTA ROSA, TACNA","KIWI, fruto fresco",7056,"CAJA(S)","CHILE"
"278","2022",9,"OFICINA PUESTO DE CONTROL MARITIMO - PROV. CONST. DEL CALLAO","TRIGO, grano",24194510,"GRANEL","ARGENTINA"
"279","2022",9,"IÑAPARI, MADRE DE DIOS","MAIZ AMARILLO DURO, grano",38000,"SACO(S)","BRASIL"
"280","2022",9,"IÑAPARI, MADRE DE DIOS","MAIZ AMARILLO DURO, grano",49000,"SACO(S)","BRASIL"
"281","2022",9,"SANTA ROSA, TACNA","PERA, fruta fresca",6048,"CAJA(S)","CHILE"
"282","2022",9,"SANTA ROSA, TACNA","MANZANA, fruto fresco",12180,"CAJA(S)","CHILE"
"283","2022",9,"OFICINA PUESTO DE CONTROL AEREO -  PROV. CONST. DEL CALLAO","PIMIENTO, semilla",0.017,"SACHETS","FRANCIA"
"284","2022",9,"OFICINA PUESTO DE CONTROL AEREO -  PROV. CONST. DEL CALLAO","BERENJENA, semilla",0.213,"SACHETS","FRANCIA"
"285","2022",9,"OFICINA PUESTO DE CONTROL AEREO -  PROV. CONST. DEL CALLAO","PIMIENTO, semilla",0.109,"SACHETS","FRANCIA"
"286","2022",9,"OFICINA PUESTO DE CONTROL AEREO -  PROV. CONST. DEL CALLAO","PIMIENTO, semilla",0.39525,"SACHETS","HOLANDA"
"287","2022",9,"SANTA ROSA, TACNA","TRACTOR USADO, con motor de potencia superior a 33 kW pero inferior o igual a 75 kW",3515,"UNIDADES","CHILE"
"288","2022",9,"SANTA ROSA, TACNA","TRACTOR USADO, con motor de potencia superior a 33 kW pero inferior o igual a 75 kW",3700,"UNIDADES","CHILE"
"289","2022",9,"OFICINA PUESTO DE CONTROL MARITIMO - PROV. CONST. DEL CALLAO","MAIZ AMARILLO DURO, grano",31939750,"GRANEL","ARGENTINA"
"290","2022",9,"OFICINA PUESTO DE CONTROL MARITIMO - PROV. CONST. DEL CALLAO","CANELA, corteza entera seca al natural",13500,"CAJA(S)","SRI LANKA"
"291","2022",9,"SANTA ROSA, TACNA","PERA, fruta fresca",23184,"CAJA(S)","CHILE"
"292","2022",9,"SANTA ROSA, TACNA","MANZANA, fruto fresco",23520,"CAJA(S)","CHILE"
"293","2022",9,"OFICINA PUESTO DE CONTROL MARITIMO - PROV. CONST. DEL CALLAO","ALMENDRA, sin cáscara secado al natural",48987.975,"CAJA(S)","EEUU"
"294","2022",9,"OFICINA PUESTO DE CONTROL MARITIMO - PROV. CONST. DEL CALLAO","LAUREL, hoja seca al natural",6300,"SACO(S)","ESPAÑA"
"295","2022",9,"OFICINA PUESTO DE CONTROL MARITIMO - PROV. CONST. DEL CALLAO","AZUCAR CRUDA, sólido",124810,"SACO(S)","HONDURAS"
"296","2022",9,"OFICINA PUESTO DE CONTROL MARITIMO - PROV. CONST. DEL CALLAO","UVA (PASAS), secas industrialmente",20000,"CAJA(S)","CHILE"
"297","2022",9,"OFICINA PUESTO DE CONTROL MARITIMO - PROV. CONST. DEL CALLAO","TRIGO, gluten",20250,"BOLSAS","BELGICA"
"298","2022",9,"OFICINA PUESTO DE CONTROL MARITIMO - PROV. CONST. DEL CALLAO","ALMENDRA, harina, polvo",11339.809,"CAJA(S)","EEUU"
"299","2022",9,"PUESTO DE CONTROL TERRESTRE DESAGUADERO","SOYA, torta",55000,"GRANEL","BOLIVIA"
"300","2022",9,"OFICINA PUESTO DE CONTROL MARITIMO - PROV. CONST. DEL CALLAO","ACHIOTE, grano",35880,"SACO(S)","COSTA DE MARFIL"
"301","2022",9,"PUESTO DE CONTROL TERRESTRE DESAGUADERO","SOYA, torta",174000,"SACO(S)","BOLIVIA"
"302","2022",9,"OFICINA PUESTO DE CONTROL AEREO -  PROV. CONST. DEL CALLAO","ARANDANO, planta",1053,"CAJA(S)","CHILE"
"303","2022",9,"OFICINA PUESTO DE CONTROL MARITIMO - PROV. CONST. DEL CALLAO","COMINO, grano",133750,"SACO(S)","INDIA"
"304","2022",9,"SANTA ROSA, TACNA","ALGODON, fibra sin cardar ni peinar (>22.22 mm = o <28.57 mm)",26740,"FARDOS","ARGENTINA"
"305","2022",9,"OFICINA PUESTO DE CONTROL AEREO -  PROV. CONST. DEL CALLAO","ORQUIDEA, planta",756,"CAJA(S)","HOLANDA"
"306","2022",9,"OFICINA PUESTO DE CONTROL AEREO -  PROV. CONST. DEL CALLAO","MELON, semilla",0.308,"SACHETS","EEUU"
"307","2022",9,"OFICINA PUESTO DE CONTROL AEREO -  PROV. CONST. DEL CALLAO","TOMATE, semilla",0.034,"SACHETS","HOLANDA"
"308","2022",9,"OFICINA PUESTO DE CONTROL AEREO -  PROV. CONST. DEL CALLAO","PIMIENTO, semilla",0.128,"SACHETS","EEUU"
"309","2022",9,"OFICINA PUESTO DE CONTROL AEREO -  PROV. CONST. DEL CALLAO","ORQUIDEA, planta",336.1,"CAJA(S)","HOLANDA"
"310","2022",9,"OFICINA PUESTO DE CONTROL AEREO -  PROV. CONST. DEL CALLAO","FREJOL, grano",20,"BOLSAS","MEXICO"
"311","2022",9,"PUESTO DE CONTROL TERRESTRE DESAGUADERO","SOYA, torta",56200,"GRANEL","BOLIVIA"
"312","2022",9,"PUESTO DE CONTROL TERRESTRE DESAGUADERO","SOYA, torta",84000,"GRANEL","BOLIVIA"
"313","2022",9,"PUESTO DE CONTROL TERRESTRE DESAGUADERO","SOYA, torta",55000,"GRANEL","BOLIVIA"
"314","2022",9,"PUESTO DE CONTROL TERRESTRE DESAGUADERO","SOYA, torta",83500,"GRANEL","BOLIVIA"
"315","2022",9,"PUESTO DE CONTROL TERRESTRE DESAGUADERO","SOYA, torta",55800,"GRANEL","BOLIVIA"
"316","2022",9,"LA TINA, PIURA","PINO, madera aserrada, con tratamiento de secado al horno o impregnación de sales",22200,"UNIDADES","ECUADOR"
"317","2022",9,"PUESTO DE CONTROL- CEBAF","CAÑA DE GUAYAQUIL, seca al natural",32000,"UNIDADES","ECUADOR"
"318","2022",9,"PUESTO DE CONTROL TERRESTRE DESAGUADERO","SOYA, harina",116000,"SACO(S)","BOLIVIA"
"319","2022",9,"PUESTO DE CONTROL TERRESTRE DESAGUADERO","SOYA, harina",174000,"SACO(S)","BOLIVIA"
"320","2022",9,"PUESTO DE CONTROL TERRESTRE DESAGUADERO","SOYA, torta",116000,"SACO(S)","BOLIVIA"
"321","2022",9,"PUESTO DE CONTROL TERRESTRE DESAGUADERO","SOYA, torta",145000,"SACO(S)","BOLIVIA"
"322","2022",9,"PUESTO DE CONTROL TERRESTRE DESAGUADERO","SOYA, torta",175000,"SACO(S)","BOLIVIA"
"323","2022",9,"PUESTO DE CONTROL TERRESTRE DESAGUADERO","SOYA, torta",145000,"SACO(S)","BOLIVIA"
"324","2022",9,"PUESTO DE CONTROL TERRESTRE DESAGUADERO","SOYA, harina",29202,"SACO(S)","BOLIVIA"
"325","2022",9,"PUESTO DE CONTROL TERRESTRE DESAGUADERO","SOYA, torta",56000,"GRANEL","BOLIVIA"
"326","2022",9,"PUESTO DE CONTROL TERRESTRE DESAGUADERO","SOYA, torta",28850,"GRANEL","BOLIVIA"
"327","2022",9,"PUESTO DE CONTROL TERRESTRE DESAGUADERO","SOYA, torta",56000,"GRANEL","BOLIVIA"
"328","2022",9,"PUESTO DE CONTROL TERRESTRE DESAGUADERO","SOYA, torta",27340,"GRANEL","BOLIVIA"
"329","2022",9,"PUESTO DE CONTROL TERRESTRE DESAGUADERO","SOYA, torta",84250,"GRANEL","BOLIVIA"
"330","2022",9,"OFICINA PUESTO DE CONTROL MARITIMO - PROV. CONST. DEL CALLAO","ALGODON, fibra sin cardar ni peinar (>28.57 mm = o <34.92 mm)",19360,"FARDOS","EEUU"
"331","2022",9,"OFICINA PUESTO DE CONTROL AEREO -  PROV. CONST. DEL CALLAO","SANDIA, semilla",0.435,"SACHETS","HOLANDA"
"332","2022",9,"OFICINA PUESTO DE CONTROL MARITIMO - PROV. CONST. DEL CALLAO","LENTEJA, grano",130410,"SACO(S)","CANADA"
"333","2022",9,"PUESTO DE CONTROL TERRESTRE DESAGUADERO","SOYA, torta",117000,"SACO(S)","BOLIVIA"
"334","2022",9,"PUESTO DE CONTROL TERRESTRE DESAGUADERO","SOYA, torta",112000,"SACO(S)","BOLIVIA"
"335","2022",9,"PUESTO DE CONTROL TERRESTRE DESAGUADERO","SOYA, torta",54000,"GRANEL","BOLIVIA"
"336","2022",9,"PUESTO DE CONTROL TERRESTRE DESAGUADERO","SOYA, torta",85500,"GRANEL","BOLIVIA"
"337","2022",9,"PUESTO DE CONTROL TERRESTRE DESAGUADERO","SOYA, torta",147000,"SACO(S)","BOLIVIA"
"338","2022",9,"OFICINA PUESTO DE CONTROL MARITIMO - PROV. CONST. DEL CALLAO","AZUCAR BLANCA O REFINADA (lectura polarimetrica mayor 99.5°)",183738,"SACO(S)","COLOMBIA"
"339","2022",9,"OFICINA PUESTO DE CONTROL MARITIMO - PROV. CONST. DEL CALLAO","AVENA, grano mondado, perlado, troceado o quebrantado",120000,"BOLSAS","CHILE"
"340","2022",9,"PUESTO DE CONTROL TERRESTRE DESAGUADERO","SOYA, torta",116000,"SACO(S)","BOLIVIA"
"341","2022",9,"PUESTO DE CONTROL TERRESTRE DESAGUADERO","SOYA, torta",115000,"SACO(S)","BOLIVIA"
"342","2022",9,"PUESTO DE CONTROL TERRESTRE DESAGUADERO","SOYA, torta",115000,"SACO(S)","BOLIVIA"
"343","2022",9,"SANTA ROSA, TACNA","MANZANA, fruto fresco",11466,"CAJA(S)","CHILE"
"344","2022",9,"SANTA ROSA, TACNA","KIWI, fruto fresco",10192,"CAJA(S)","CHILE"
"345","2022",9,"SANTA ROSA, TACNA","MANZANA, fruto fresco",5880,"CAJA(S)","CHILE"
"346","2022",9,"SANTA ROSA, TACNA","PERA, fruta fresca",13328,"CAJA(S)","CHILE"
"347","2022",9,"SANTA ROSA, TACNA","KIWI, fruto fresco",4032,"CAJA(S)","CHILE"
"348","2022",9,"SANTA ROSA, TACNA","MANZANA, fruto fresco",22579.2,"CAJA(S)","CHILE"
"349","2022",9,"SANTA ROSA, TACNA","MANZANA, fruto fresco",23520,"CAJA(S)","CHILE"
"350","2022",9,"PUESTO DE CONTROL TERRESTRE DESAGUADERO","SOYA, torta",87000,"SACO(S)","BOLIVIA"
"351","2022",9,"PUESTO DE CONTROL TERRESTRE DESAGUADERO","SOYA, torta",143500,"SACO(S)","BOLIVIA"
"352","2022",9,"PUESTO DE CONTROL TERRESTRE DESAGUADERO","SOYA, torta",116788,"SACO(S)","BOLIVIA"
"353","2022",9,"PUESTO DE CONTROL TERRESTRE DESAGUADERO","SOYA, harina",146500,"SACO(S)","BOLIVIA"
"354","2022",9,"PUESTO DE CONTROL TERRESTRE DESAGUADERO","SOYA, torta",56480,"GRANEL","BOLIVIA"
"355","2022",9,"PUESTO DE CONTROL TERRESTRE DESAGUADERO","SOYA, torta",84000,"GRANEL","BOLIVIA"
"356","2022",9,"PUESTO DE CONTROL TERRESTRE DESAGUADERO","SOYA, torta",86000,"GRANEL","BOLIVIA"
"357","2022",9,"PUESTO DE CONTROL TERRESTRE DESAGUADERO","SOYA, torta",56000,"GRANEL","BOLIVIA"
"358","2022",9,"PUESTO DE CONTROL TERRESTRE DESAGUADERO","SOYA, torta",55000,"GRANEL","BOLIVIA"
"359","2022",9,"PUESTO DE CONTROL TERRESTRE DESAGUADERO","SOYA, grano",55980,"GRANEL","BOLIVIA"
"360","2022",9,"PUESTO DE CONTROL TERRESTRE DESAGUADERO","SOYA, grano",82980,"GRANEL","BOLIVIA"
"361","2022",9,"PUESTO DE CONTROL TERRESTRE DESAGUADERO","SOYA, grano",28480,"GRANEL","BOLIVIA"
"362","2022",9,"PUESTO DE CONTROL TERRESTRE DESAGUADERO","SOYA, grano",28000,"GRANEL","BOLIVIA"
"363","2022",9,"PUESTO DE CONTROL TERRESTRE DESAGUADERO","SOYA, grano",50000,"GRANEL","BOLIVIA"
"364","2022",9,"PUESTO DE CONTROL TERRESTRE DESAGUADERO","SOYA, grano",50000,"GRANEL","BOLIVIA"
"365","2022",9,"PUESTO DE CONTROL TERRESTRE DESAGUADERO","SOYA, grano",55500,"GRANEL","BOLIVIA"
"366","2022",9,"PUESTO DE CONTROL TERRESTRE DESAGUADERO","SOYA, grano",56000,"GRANEL","BOLIVIA"
"367","2022",9,"SANTA ROSA, TACNA","FREJOL, grano",28000,"SACO(S)","ARGENTINA"
"368","2022",9,"PUESTO DE CONTROL TERRESTRE DESAGUADERO","SOYA, grano",28000,"GRANEL","BOLIVIA"
"369","2022",9,"PUESTO DE CONTROL TERRESTRE DESAGUADERO","SOYA, grano",28500,"GRANEL","BOLIVIA"
"370","2022",9,"PUESTO DE CONTROL TERRESTRE DESAGUADERO","SOYA, grano",50000,"GRANEL","BOLIVIA"
"371","2022",9,"PUESTO DE CONTROL TERRESTRE DESAGUADERO","SOYA, grano",57000,"GRANEL","BOLIVIA"
"372","2022",9,"PUESTO DE CONTROL TERRESTRE DESAGUADERO","SOYA, grano",28000,"GRANEL","BOLIVIA"
"373","2022",9,"PUESTO DE CONTROL TERRESTRE DESAGUADERO","SOYA, grano",28500,"GRANEL","BOLIVIA"
"374","2022",9,"PUESTO DE CONTROL TERRESTRE DESAGUADERO","SOYA, grano",114000,"GRANEL","BOLIVIA"
"375","2022",9,"OFICINA PUESTO DE CONTROL AEREO -  PROV. CONST. DEL CALLAO","ZAPALLITO ITALIANO (CALABACIN), semilla",9.589,"BOLSAS","FRANCIA"
"376","2022",9,"OFICINA PUESTO DE CONTROL AEREO -  PROV. CONST. DEL CALLAO","ZAPALLITO ITALIANO (CALABACIN), semilla",49.445,"SACHETS","FRANCIA"
"377","2022",9,"OFICINA PUESTO DE CONTROL MARITIMO - PROV. CONST. DEL CALLAO","CURCUMA, polvo",18125,"SACO(S)","INDIA"
"378","2022",9,"OFICINA PUESTO DE CONTROL AEREO -  PROV. CONST. DEL CALLAO","TOMATE, semilla",0.26,"SOBRES","EEUU"
"379","2022",9,"OFICINA PUESTO DE CONTROL AEREO -  PROV. CONST. DEL CALLAO","SANDIA, semilla",3.88,"SOBRES","EEUU"
"380","2022",9,"OFICINA PUESTO DE CONTROL AEREO -  PROV. CONST. DEL CALLAO","TOMATE DE CASCARA(=TOMATILLO), semilla",300,"SOBRES","EEUU"
"381","2022",9,"OFICINA PUESTO DE CONTROL AEREO -  PROV. CONST. DEL CALLAO","SANDIA, semilla",19.97,"SOBRES","EEUU"
"382","2022",9,"PUESTO DE CONTROL TERRESTRE DESAGUADERO","ANIS O BADIANA, grano",23000,"SACO(S)","BOLIVIA"
"383","2022",9,"PUESTO DE CONTROL TERRESTRE DESAGUADERO","MANI, grano sin cáscara",7000,"SACO(S)","BOLIVIA"
"384","2022",9,"IÑAPARI, MADRE DE DIOS","NUEZ DEL BRASIL, con cáscara seca al natural",25200,"SACO(S)","BRASIL"
"385","2022",9,"OFICINA PUESTO DE CONTROL MARITIMO - PROV. CONST. DEL CALLAO","MADERA, en bruto de coníferas tratada agentes de conservación
",224580,"UNIDADES","CHILE"
"386","2022",9,"OFICINA PUESTO DE CONTROL MARITIMO - PROV. CONST. DEL CALLAO","PINO, madera aserrada con tratamiento de secado al horno impregnación de sales",75419,"PAQUETES","CHILE"
"387","2022",9,"PUESTO DE CONTROL TERRESTRE DESAGUADERO","SOYA, torta",54930,"GRANEL","BOLIVIA"
"388","2022",9,"PUESTO DE CONTROL TERRESTRE DESAGUADERO","SOYA, torta",56000,"GRANEL","BOLIVIA"
"389","2022",9,"PUESTO DE CONTROL TERRESTRE DESAGUADERO","SOYA, torta",111720,"GRANEL","BOLIVIA"
"390","2022",9,"PUESTO DE CONTROL TERRESTRE DESAGUADERO","SOYA, torta",140000,"GRANEL","BOLIVIA"
"391","2022",9,"PUESTO DE CONTROL TERRESTRE DESAGUADERO","SOYA, torta",56500,"GRANEL","BOLIVIA"
"392","2022",9,"PUESTO DE CONTROL TERRESTRE DESAGUADERO","SOYA, torta",27000,"GRANEL","BOLIVIA"
"393","2022",9,"PUERTO DE MATARANI , AREQUIPA","TRACTOR DE UN SOLO EJE USADO",590,"UNIDADES","JAPON"
"394","2022",9,"PUERTO DE MATARANI , AREQUIPA","LOS DEMAS TRACTORES USADOS, con motor de potencia inferior o igual a 18 kW (excepto las carretillas tractor de la partida 87.09)",9140,"UNIDADES","JAPON"
"395","2022",9,"OFICINA PUESTO DE CONTROL MARITIMO - PROV. CONST. DEL CALLAO","AZUCAR BLANCA O REFINADA (lectura polarimetrica mayor 99.5°)",106000,"SACO(S)","GUATEMALA"
"396","2022",9,"OFICINA PUESTO DE CONTROL MARITIMO - PROV. CONST. DEL CALLAO","AZUCAR BLANCA O REFINADA (lectura polarimetrica mayor 99.5°)",79500,"SACO(S)","COLOMBIA"
"397","2022",9,"OFICINA PUESTO DE CONTROL MARITIMO - PROV. CONST. DEL CALLAO","AZUCAR CRUDA, sólido",25000,"SACO(S)","GUATEMALA"
"398","2022",9,"OFICINA PUESTO DE CONTROL MARITIMO - PROV. CONST. DEL CALLAO","MAIZ, harina",43800,"SACO(S)","COLOMBIA"
"399","2022",9,"OFICINA PUESTO DE CONTROL MARITIMO - PROV. CONST. DEL CALLAO","AZUCAR CRUDA, sólido",125000,"SACO(S)","GUATEMALA"
"400","2022",9,"OFICINA PUESTO DE CONTROL MARITIMO - PROV. CONST. DEL CALLAO","MADERA, puertas y sus marcos, contramarcos y umbrales, con algun proceso de la CRF 2",2343.4,"PIEZAS","EEUU"
"401","2022",9,"OFICINA PUESTO DE CONTROL MARITIMO - PROV. CONST. DEL CALLAO","AZUCAR CRUDA, sólido",50000,"SACO(S)","GUATEMALA"
"402","2022",9,"OFICINA PUESTO DE CONTROL MARITIMO - PROV. CONST. DEL CALLAO","AZUCAR BLANCA O REFINADA (lectura polarimetrica mayor 99.5°)",132500,"SACO(S)","GUATEMALA"
"403","2022",9,"OFICINA PUESTO DE CONTROL MARITIMO - PROV. CONST. DEL CALLAO","MADERA, cajas con algún proceso de la CRF 2",122200,"UNIDADES","CHILE"
"404","2022",9,"PUESTO DE CONTROL TERRESTRE DESAGUADERO","SOYA, grano",84000,"GRANEL","BOLIVIA"
"405","2022",9,"OFICINA PUESTO DE CONTROL MARITIMO - PROV. CONST. DEL CALLAO","AZUCAR BLANCA O REFINADA (lectura polarimetrica mayor 99.5°)",265000,"SACO(S)","GUATEMALA"
"406","2022",9,"OFICINA PUESTO DE CONTROL MARITIMO - PROV. CONST. DEL CALLAO","AZUCAR CRUDA, sólido",260000,"SACO(S)","NICARAGUA"
"407","2022",9,"OFICINA PUESTO DE CONTROL MARITIMO - PROV. CONST. DEL CALLAO","AZUCAR CRUDA, sólido",150000,"SACO(S)","GUATEMALA"
"408","2022",9,"OFICINA PUESTO DE CONTROL AEREO -  PROV. CONST. DEL CALLAO","ORQUIDEA, planta",807,"CAJA(S)","HOLANDA"
"409","2022",9,"OFICINA PUESTO DE CONTROL MARITIMO - PROV. CONST. DEL CALLAO","AZUCAR BLANCA O REFINADA (lectura polarimetrica mayor 99.5°)",530000,"SACO(S)","GUATEMALA"
"410","2022",9,"OFICINA PUESTO DE CONTROL MARITIMO - PROV. CONST. DEL CALLAO","AZUCAR BLANCA O REFINADA (lectura polarimetrica mayor 99.5°)",265000,"SACO(S)","GUATEMALA"
"411","2022",9,"PUERTO DE PAITA , PIURA","TURBA",249754,"BIG BAG","LETONIA"
"412","2022",9,"OFICINA PUESTO DE CONTROL MARITIMO - PROV. CONST. DEL CALLAO","TURBA",202270,"BIG BAG","HOLANDA"
"413","2022",9,"PUESTO DE CONTROL TERRESTRE DESAGUADERO","SOYA, torta",58000,"GRANEL","BOLIVIA"
"414","2022",9,"PUESTO DE CONTROL TERRESTRE DESAGUADERO","SOYA, torta",58000,"GRANEL","BOLIVIA"
"415","2022",9,"PUESTO DE CONTROL TERRESTRE DESAGUADERO","SOYA, harina",116000,"SACO(S)","BOLIVIA"
"416","2022",9,"SANTA ROSA, TACNA","MANZANA, fruto fresco",23520,"CAJA(S)","CHILE"
"417","2022",9,"OFICINA PUESTO DE CONTROL MARITIMO - PROV. CONST. DEL CALLAO","AZUCAR BLANCA O REFINADA (lectura polarimetrica mayor 99.5°)",132500,"SACO(S)","GUATEMALA"
"418","2022",9,"SANTA ROSA, TACNA","PERA, fruta fresca",22986,"CAJA(S)","CHILE"
"419","2022",9,"PUESTO DE CONTROL TERRESTRE DESAGUADERO","SOYA, torta",142000,"SACO(S)","BOLIVIA"
"420","2022",9,"SANTA ROSA, TACNA","KIWI, fruto fresco",21840,"CAJA(S)","CHILE"
"421","2022",9,"SANTA ROSA, TACNA","PERA, fruta fresca",23256,"CAJA(S)","CHILE"
"422","2022",9,"OFICINA PUESTO DE CONTROL MARITIMO - PROV. CONST. DEL CALLAO","MADERA, monturas y mangos de herramientas, monturas y mangos de cepillos, brochas o escobas, de madera; hormas, ensanchadores y tensores del calzado, de madera ; con algún proceso de la CRF 2",27308,"BOLSAS","CHINA"
"423","2022",9,"OFICINA PUESTO DE CONTROL MARITIMO - PROV. CONST. DEL CALLAO","AZUCAR CRUDA, sólido",250000,"SACO(S)","EL SALVADOR"
"424","2022",9,"OFICINA PUESTO DE CONTROL AEREO -  PROV. CONST. DEL CALLAO","CHIA, grano",1.5,"BOLSAS","PARAGUAY"
"425","2022",9,"OFICINA PUESTO DE CONTROL MARITIMO - PROV. CONST. DEL CALLAO","PINO, madera aserrada con tratamiento de secado al horno impregnación de sales",115260,"PAQUETES","CHILE"
"426","2022",9,"OFICINA PUESTO DE CONTROL MARITIMO - PROV. CONST. DEL CALLAO","PINO, madera aserrada con tratamiento de secado al horno impregnación de sales",467125,"PAQUETES","CHILE"
"427","2022",9,"SANTA ROSA, TACNA","MANZANA, fruto fresco",23520,"CAJA(S)","CHILE"
"428","2022",9,"SANTA ROSA, TACNA","MANZANA, fruto fresco",23520,"CAJA(S)","CHILE"
"429","2022",9,"SANTA ROSA, TACNA","KIWI, fruto fresco",21840,"CAJA(S)","CHILE"
"430","2022",9,"SANTA ROSA, TACNA","MANZANA, fruto fresco",22344,"CAJA(S)","CHILE"
"431","2022",9,"SANTA ROSA, TACNA","KIWI, fruto fresco",4032,"CAJA(S)","CHILE"
"432","2022",9,"SANTA ROSA, TACNA","MANZANA, fruto fresco",18769.8,"CAJA(S)","CHILE"
"433","2022",9,"OFICINA PUESTO DE CONTROL MARITIMO - PROV. CONST. DEL CALLAO","ACHIOTE, grano",48902,"SACO(S)","COSTA DE MARFIL"
"434","2022",9,"SANTA ROSA, TACNA","MANZANA, fruto fresco",22579.2,"CAJA(S)","CHILE"
"435","2022",9,"OFICINA PUESTO DE CONTROL MARITIMO - PROV. CONST. DEL CALLAO","PINO, postes de madera con algun proceso de la CRF 2",243210,"UNIDADES","CHILE"
"436","2022",9,"OFICINA PUESTO DE CONTROL MARITIMO - PROV. CONST. DEL CALLAO","MARCOS, madera",111.157,"UNIDADES","EEUU"
"437","2022",9,"PUERTO DE MATARANI , AREQUIPA","TRIGO, grano",9907350,"GRANEL","CANADA"
"438","2022",9,"PUESTO DE CONTROL TERRESTRE DESAGUADERO","SOYA, torta",28000,"GRANEL","BOLIVIA"
"439","2022",9,"PUESTO DE CONTROL TERRESTRE DESAGUADERO","SOYA, torta",108000,"GRANEL","BOLIVIA"
"440","2022",9,"PUESTO DE CONTROL TERRESTRE DESAGUADERO","MANI, grano sin cáscara",52000,"SACO(S)","BOLIVIA"
"441","2022",9,"PUESTO DE CONTROL TERRESTRE DESAGUADERO","SOYA, torta",78000,"GRANEL","BOLIVIA"
"442","2022",9,"OFICINA PUESTO DE CONTROL MARITIMO - PROV. CONST. DEL CALLAO","PINO, postes de madera con algun proceso de la CRF 2",160480,"UNIDADES","CHILE"
"443","2022",9,"OFICINA PUESTO DE CONTROL MARITIMO - PROV. CONST. DEL CALLAO","COCO, fibra (para sustrato)",44330,"PALETAS","SRI LANKA"
"444","2022",9,"OFICINA PUESTO DE CONTROL MARITIMO - PROV. CONST. DEL CALLAO","TE VERDE, triturado",108,"CAJA(S)","TAIWAN"
"445","2022",9,"PUESTO DE CONTROL TERRESTRE DESAGUADERO","SOYA, torta",144000,"SACO(S)","BOLIVIA"
"446","2022",9,"OFICINA PUESTO DE CONTROL AEREO -  PROV. CONST. DEL CALLAO","ZAPALLITO ITALIANO (CALABACIN), semilla",0.562803,"SACHETS","HOLANDA"
"447","2022",9,"OFICINA PUESTO DE CONTROL AEREO -  PROV. CONST. DEL CALLAO","MELON, semilla",0.169056,"SACHETS","HOLANDA"
"448","2022",9,"SANTA ROSA, TACNA","PERA, fruta fresca",23184,"CAJA(S)","CHILE"
"449","2022",9,"PUESTO DE CONTROL TERRESTRE DESAGUADERO","MANI, grano sin cáscara",58000,"SACO(S)","BOLIVIA"
"450","2022",9,"OFICINA PUESTO DE CONTROL MARITIMO - PROV. CONST. DEL CALLAO","CONIFERAS, madera moldurada con algún proceso de la CRF2",25173,"PAQUETES","CHILE"
"451","2022",9,"OFICINA PUESTO DE CONTROL MARITIMO - PROV. CONST. DEL CALLAO","PINO, madera aserrada con algún proceso de la CRF2",23624.12,"PAQUETES","CHILE"
"452","2022",9,"PUESTO DE CONTROL TERRESTRE DESAGUADERO","SOYA, grano",28000,"GRANEL","BOLIVIA"
"453","2022",9,"PUESTO DE CONTROL TERRESTRE DESAGUADERO","SOYA, grano",28000,"GRANEL","BOLIVIA"
"454","2022",9,"PUESTO DE CONTROL TERRESTRE DESAGUADERO","SOYA, grano",56000,"GRANEL","BOLIVIA"
"455","2022",9,"PUESTO DE CONTROL TERRESTRE DESAGUADERO","SOYA, grano",28500,"GRANEL","BOLIVIA"
"456","2022",9,"PUESTO DE CONTROL TERRESTRE DESAGUADERO","SOYA, grano",84500,"GRANEL","BOLIVIA"
"457","2022",9,"PUESTO DE CONTROL TERRESTRE DESAGUADERO","SOYA, grano",27000,"GRANEL","BOLIVIA"
"458","2022",9,"PUESTO DE CONTROL TERRESTRE DESAGUADERO","SOYA, harina",174000,"SACO(S)","BOLIVIA"
"459","2022",9,"PUESTO DE CONTROL TERRESTRE DESAGUADERO","SOYA, torta",116000,"SACO(S)","BOLIVIA"
"460","2022",9,"PUESTO DE CONTROL TERRESTRE DESAGUADERO","SOYA, torta",116000,"SACO(S)","BOLIVIA"
"461","2022",9,"IÑAPARI, MADRE DE DIOS","NUEZ DEL BRASIL, con cáscara seca al natural",28140,"SACO(S)","BRASIL"
"462","2022",9,"OFICINA PUESTO DE CONTROL AEREO -  PROV. CONST. DEL CALLAO","CAFE, grano verde",1,"BOLSAS","BRASIL"
"463","2022",9,"OFICINA PUESTO DE CONTROL AEREO -  PROV. CONST. DEL CALLAO","COLIFLOR, semilla",0.016,"SACHETS","JAPON"
"464","2022",9,"SANTA ROSA, TACNA","Los demas pulverizadores para agricultura u horticultura usados
",1850,"UNIDADES","CHILE"
"465","2022",9,"SANTA ROSA, TACNA","Los demas pulverizadores para agricultura u horticultura usados
",1850,"UNIDADES","CHILE"
"466","2022",9,"PUESTO DE CONTROL- CEBAF","CAÑA DE GUAYAQUIL, seca al natural",22000,"UNIDADES","ECUADOR"
"467","2022",9,"OFICINA PUESTO DE CONTROL MARITIMO - PROV. CONST. DEL CALLAO","ARROZ, grano pilado",150000,"SACO(S)","URUGUAY"
"468","2022",9,"SANTA ROSA, TACNA","TRIGO, almidon",125000,"BOLSAS","ARGENTINA"
"469","2022",9,"OFICINA PUESTO DE CONTROL MARITIMO - PROV. CONST. DEL CALLAO","PINO, madera aserrada con algún proceso de la CRF2",61080,"PAQUETES","CHILE"
"470","2022",9,"OFICINA PUESTO DE CONTROL MARITIMO - PROV. CONST. DEL CALLAO","AZUCAR CRUDA, sólido",225000,"SACO(S)","HONDURAS"
"471","2022",9,"OFICINA PUESTO DE CONTROL MARITIMO - PROV. CONST. DEL CALLAO","MADERA, monturas y mangos de herramientas, monturas y mangos de cepillos, brochas o escobas, de madera; hormas, ensanchadores y tensores del calzado, de madera ; con algún proceso de la CRF 2",27818,"UNIDADES","CHINA"
"472","2022",9,"OFICINA PUESTO DE CONTROL AEREO -  PROV. CONST. DEL CALLAO","MELON, semilla",0.115,"SACHETS","ISRAEL"
"473","2022",9,"OFICINA PUESTO DE CONTROL AEREO -  PROV. CONST. DEL CALLAO","TOMATE, semilla",0.039,"SACHETS","ISRAEL"
"474","2022",9,"OFICINA PUESTO DE CONTROL MARITIMO - PROV. CONST. DEL CALLAO","COCO, fibra (para sustrato)",67587,"PALETAS","SRI LANKA"
"475","2022",9,"OFICINA PUESTO DE CONTROL AEREO -  PROV. CONST. DEL CALLAO","SANDIA, semilla",0.19585,"SACHETS","JORDANIA"
"476","2022",9,"OFICINA PUESTO DE CONTROL AEREO -  PROV. CONST. DEL CALLAO","LECHUGA, semilla",0.2,"SOBRES ALUMINIZADOS","ITALIA"
"477","2022",9,"PUESTO DE CONTROL TERRESTRE DESAGUADERO","SOYA, torta",115500,"SACO(S)","BOLIVIA"
"478","2022",9,"PUESTO DE CONTROL TERRESTRE DESAGUADERO","SOYA, torta",235000,"SACO(S)","BOLIVIA"
"479","2022",9,"PUESTO DE CONTROL TERRESTRE DESAGUADERO","SOYA, torta",113500,"SACO(S)","BOLIVIA"
"480","2022",9,"OFICINA PUESTO DE CONTROL MARITIMO - PROV. CONST. DEL CALLAO","AVENA, grano mondado, perlado, troceado o quebrantado",24000,"SACO(S)","CHILE"
"481","2022",9,"PUESTO DE CONTROL TERRESTRE DESAGUADERO","SOYA, torta",59000,"GRANEL","BOLIVIA"
"482","2022",9,"PUESTO DE CONTROL TERRESTRE DESAGUADERO","SOYA, torta",56000,"GRANEL","BOLIVIA"
"483","2022",9,"PUESTO DE CONTROL TERRESTRE DESAGUADERO","MANI, grano sin cáscara",58000,"SACO(S)","BOLIVIA"
"484","2022",9,"PUESTO DE CONTROL TERRESTRE DESAGUADERO","FREJOL NEGRO, grano",29000,"SACO(S)","BOLIVIA"
"485","2022",9,"OFICINA PUESTO DE CONTROL MARITIMO - PROV. CONST. DEL CALLAO","UVA (PASAS), secas industrialmente",60000,"CAJA(S)","CHILE"
"486","2022",9,"OFICINA PUESTO DE CONTROL MARITIMO - PROV. CONST. DEL CALLAO","CAUCHO, hojas ahumadas",39905,"PACAS","VIETNAM"
"487","2022",9,"OFICINA PUESTO DE CONTROL AEREO -  PROV. CONST. DEL CALLAO","ARROZ, parbolizado pulido o sin cáscara",18.3,"BOLSAS",NA
"488","2022",9,"PUESTO DE CONTROL TERRESTRE DESAGUADERO","SOYA, grano",26980,"GRANEL","BOLIVIA"
"489","2022",9,"PUESTO DE CONTROL TERRESTRE DESAGUADERO","SOYA, grano",55950,"GRANEL","BOLIVIA"
"490","2022",9,"PUESTO DE CONTROL TERRESTRE DESAGUADERO","SOYA, grano",28500,"GRANEL","BOLIVIA"
"491","2022",9,"PUESTO DE CONTROL TERRESTRE DESAGUADERO","SOYA, grano",27000,"GRANEL","BOLIVIA"
"492","2022",9,"PUESTO DE CONTROL TERRESTRE DESAGUADERO","SOYA, grano",28500,"GRANEL","BOLIVIA"
"493","2022",9,"PUESTO DE CONTROL TERRESTRE DESAGUADERO","SOYA, grano",28000,"GRANEL","BOLIVIA"
"494","2022",9,"PUESTO DE CONTROL TERRESTRE DESAGUADERO","SOYA, grano",25000,"GRANEL","BOLIVIA"
"495","2022",9,"PUESTO DE CONTROL TERRESTRE DESAGUADERO","SOYA, grano",27000,"GRANEL","BOLIVIA"
"496","2022",9,"PUESTO DE CONTROL TERRESTRE DESAGUADERO","SOYA, grano",27000,"GRANEL","BOLIVIA"
"497","2022",9,"PUESTO DE CONTROL TERRESTRE DESAGUADERO","SOYA, grano",28000,"GRANEL","BOLIVIA"
"498","2022",9,"PUESTO DE CONTROL TERRESTRE DESAGUADERO","SOYA, grano",22000,"GRANEL","BOLIVIA"
"499","2022",9,"PUESTO DE CONTROL TERRESTRE DESAGUADERO","SOYA, grano",50000,"GRANEL","BOLIVIA"
"500","2022",9,"PUESTO DE CONTROL TERRESTRE DESAGUADERO","SOYA, grano",29000,"GRANEL","BOLIVIA"
"501","2022",9,"PUESTO DE CONTROL TERRESTRE DESAGUADERO","SOYA, harina",144000,"SACO(S)","BOLIVIA"
"502","2022",9,"OFICINA PUESTO DE CONTROL MARITIMO - PROV. CONST. DEL CALLAO","GARBANZO, grano",26000,"SACO(S)","MEXICO"
"503","2022",9,"PUESTO DE CONTROL TERRESTRE DESAGUADERO","SOYA, torta",174000,"SACO(S)","BOLIVIA"
"504","2022",9,"PUESTO DE CONTROL TERRESTRE DESAGUADERO","SOYA, harina",116000,"SACO(S)","BOLIVIA"
"505","2022",9,"PUESTO DE CONTROL TERRESTRE DESAGUADERO","SOYA, harina",114000,"SACO(S)","BOLIVIA"
"506","2022",9,"PUESTO DE CONTROL TERRESTRE DESAGUADERO","SOYA, harina",113000,"SACO(S)","BOLIVIA"
"507","2022",9,"PUESTO DE CONTROL TERRESTRE DESAGUADERO","SOYA, harina",145000,"SACO(S)","BOLIVIA"
"508","2022",9,"PUESTO DE CONTROL TERRESTRE DESAGUADERO","SOYA, torta",174300,"SACO(S)","BOLIVIA"
"509","2022",9,"OFICINA PUESTO DE CONTROL MARITIMO - PROV. CONST. DEL CALLAO","PINO, madera aserrada con algún proceso de la CRF2",21610,"PAQUETES","CHILE"
"510","2022",9,"OFICINA PUESTO DE CONTROL MARITIMO - PROV. CONST. DEL CALLAO","ARROZ, grano pilado",250000,"SACO(S)","URUGUAY"
"511","2022",9,"PUESTO DE CONTROL TERRESTRE DESAGUADERO","SOYA, grano",140000,"GRANEL","BOLIVIA"
"512","2022",9,"PUESTO DE CONTROL TERRESTRE DESAGUADERO","SOYA, grano",55500,"GRANEL","BOLIVIA"
"513","2022",9,"PUESTO DE CONTROL TERRESTRE DESAGUADERO","SOYA, grano",28000,"GRANEL","BOLIVIA"
"514","2022",9,"PUESTO DE CONTROL TERRESTRE DESAGUADERO","SOYA, grano",26000,"GRANEL","BOLIVIA"
"515","2022",9,"PUESTO DE CONTROL TERRESTRE DESAGUADERO","SOYA, grano",55980,"GRANEL","BOLIVIA"
"516","2022",9,"PUESTO DE CONTROL TERRESTRE DESAGUADERO","SOYA, grano",28000,"GRANEL","BOLIVIA"
"517","2022",9,"OFICINA PUESTO DE CONTROL MARITIMO - PROV. CONST. DEL CALLAO","PINO, madera aserrada con tratamiento de secado al horno impregnación de sales",362630,"PAQUETES","CHILE"
"518","2022",9,"PUESTO DE CONTROL TERRESTRE DESAGUADERO","SOYA, grano",24990,"GRANEL","BOLIVIA"
"519","2022",9,"OFICINA PUESTO DE CONTROL AEREO -  PROV. CONST. DEL CALLAO","PIÑON, semilla alimenticia seca industrial",25,"BOLSAS","EEUU"
"520","2022",9,"OFICINA PUESTO DE CONTROL AEREO -  PROV. CONST. DEL CALLAO","ARROZ, parbolizado pulido o sin cáscara",56.7,"SACO(S)","EEUU"
"521","2022",9,"OFICINA PUESTO DE CONTROL MARITIMO - PROV. CONST. DEL CALLAO","ARVEJA, grano partido",232700,"SACO(S)","EEUU"
"522","2022",9,"OFICINA PUESTO DE CONTROL MARITIMO - PROV. CONST. DEL CALLAO","LENTEJA, grano",45359,"SACO(S)","EEUU"
"523","2022",9,"PUESTO DE CONTROL TERRESTRE DESAGUADERO","MANI, grano sin cáscara",60000,"SACO(S)","BOLIVIA"
"524","2022",9,"OFICINA PUESTO DE CONTROL MARITIMO - PROV. CONST. DEL CALLAO","AZUCAR BLANCA O REFINADA (lectura polarimetrica mayor 99.5°)",132500,"SACO(S)","GUATEMALA"
"525","2022",9,"OFICINA PUESTO DE CONTROL AEREO -  PROV. CONST. DEL CALLAO","COL, semilla",0.045,"SACHETS","BRASIL"
"526","2022",9,"OFICINA PUESTO DE CONTROL AEREO -  PROV. CONST. DEL CALLAO","LECHUGA, semilla",7.67,"SACHETS","BRASIL"
"527","2022",9,"OFICINA PUESTO DE CONTROL AEREO -  PROV. CONST. DEL CALLAO","PEPINILLO, semilla",0.063,"SACHETS","BRASIL"
"528","2022",9,"OFICINA PUESTO DE CONTROL AEREO -  PROV. CONST. DEL CALLAO","ZAPALLITO ITALIANO (CALABACIN), semilla",0.655,"SACHETS","BRASIL"
"529","2022",9,"OFICINA PUESTO DE CONTROL AEREO -  PROV. CONST. DEL CALLAO","PIMIENTO, semilla",30.024,"SACHETS","BRASIL"
"530","2022",9,"OFICINA PUESTO DE CONTROL MARITIMO - PROV. CONST. DEL CALLAO","ARROZ, grano pilado",250000,"SACO(S)","URUGUAY"
"531","2022",9,"OFICINA PUESTO DE CONTROL MARITIMO - PROV. CONST. DEL CALLAO","AVENA, grano mondado, perlado, troceado o quebrantado",2e+05,"SACO(S)","CHILE"
"532","2022",9,"PUESTO DE CONTROL TERRESTRE DESAGUADERO","SOYA, harina",145000,"SACO(S)","BOLIVIA"
"533","2022",9,"OFICINA PUESTO DE CONTROL MARITIMO - PROV. CONST. DEL CALLAO","AZUCAR CRUDA, sólido",250000,"SACO(S)","NICARAGUA"
"534","2022",9,"OFICINA PUESTO DE CONTROL MARITIMO - PROV. CONST. DEL CALLAO","AZUCAR CRUDA, sólido",150000,"SACO(S)","GUATEMALA"
"535","2022",9,"OFICINA PUESTO DE CONTROL MARITIMO - PROV. CONST. DEL CALLAO","AZUCAR CRUDA, sólido",150000,"SACO(S)","GUATEMALA"
"536","2022",9,"OFICINA PUESTO DE CONTROL MARITIMO - PROV. CONST. DEL CALLAO","AZUCAR CRUDA, sólido",250000,"SACO(S)","NICARAGUA"
"537","2022",9,"OFICINA PUESTO DE CONTROL AEREO -  PROV. CONST. DEL CALLAO","ARTEMISA, hoja seca con algún proceso de la CRF 2",111.14,"CAJA(S)","EEUU"
"538","2022",9,"PUESTO DE CONTROL- CEBAF","CAÑA DE GUAYAQUIL, seca al natural",34000,"UNIDADES","ECUADOR"
"539","2022",9,"OFICINA PUESTO DE CONTROL MARITIMO - PROV. CONST. DEL CALLAO","ALGODON, fibra sin cardar ni peinar (>28.57 mm = o <34.92 mm)",100330,"FARDOS","EEUU"
"540","2022",9,"OFICINA PUESTO DE CONTROL MARITIMO - PROV. CONST. DEL CALLAO","MAIZ AMARILLO DURO, grano",19165140,"GRANEL","ARGENTINA"
"541","2022",9,"PUESTO DE CONTROL TERRESTRE DESAGUADERO","SOYA, harina",80980,"SACO(S)","BOLIVIA"
"542","2022",9,"OFICINA PUESTO DE CONTROL MARITIMO - PROV. CONST. DEL CALLAO","ROTEN (=Ratán), artículos de cestería obtenidos directamente en su forma con materia trenzable con algún proceso de la CRF2",47.462,"UNIDADES","INDONESIA"
"543","2022",9,"OFICINA PUESTO DE CONTROL MARITIMO - PROV. CONST. DEL CALLAO","Articulos de cesteria (canastos, cestos u otros), con algun proceso de la CRF2",187.538,"UNIDADES","INDONESIA"
"544","2022",9,"PUESTO DE CONTROL TERRESTRE DESAGUADERO","SOYA, torta",115000,"SACO(S)","BOLIVIA"
"545","2022",9,"OFICINA PUESTO DE CONTROL MARITIMO - PROV. CONST. DEL CALLAO","ARROZ, parbolizado pulido o sin cáscara",3000,"SACO(S)","ESPAÑA"
"546","2022",9,"OFICINA PUESTO DE CONTROL MARITIMO - PROV. CONST. DEL CALLAO","ARROZ, parbolizado pulido o sin cáscara",1680,"BOLSAS","ESPAÑA"
"547","2022",9,"PUESTO DE CONTROL TERRESTRE DESAGUADERO","SOYA, torta",113000,"SACO(S)","BOLIVIA"
"548","2022",9,"OFICINA PUESTO DE CONTROL MARITIMO - PROV. CONST. DEL CALLAO","PINO, madera aserrada con algún proceso de la CRF2",101100,"PAQUETES","CHILE"
"549","2022",9,"PUESTO DE CONTROL TERRESTRE DESAGUADERO","SOYA, torta",144500,"SACO(S)","BOLIVIA"
"550","2022",9,"OFICINA PUESTO DE CONTROL MARITIMO - PROV. CONST. DEL CALLAO","AVENA, grano mondado, perlado, troceado o quebrantado",44850,"SACO(S)","CHILE"
"551","2022",9,"OFICINA PUESTO DE CONTROL AEREO -  PROV. CONST. DEL CALLAO","MELON, semilla",9.005,"SACHETS","ISRAEL"
"552","2022",9,"OFICINA PUESTO DE CONTROL AEREO -  PROV. CONST. DEL CALLAO","SANDIA, semilla",135.015,"SACHETS","ISRAEL"
"553","2022",9,"OFICINA PUESTO DE CONTROL MARITIMO - PROV. CONST. DEL CALLAO","CAUCHO, hojas ahumadas",20000,"UNIDADES","VIETNAM"
"554","2022",9,"OFICINA PUESTO DE CONTROL AEREO -  PROV. CONST. DEL CALLAO","COCO, rallado seco industrial",500,"BOLSAS","CHILE"
"555","2022",9,"OFICINA PUESTO DE CONTROL MARITIMO - PROV. CONST. DEL CALLAO","ALGODON, fibra sin cardar ni peinar (>28.57 mm = o <34.92 mm)",139550,"FARDOS","EEUU"
"556","2022",9,"OFICINA PUESTO DE CONTROL MARITIMO - PROV. CONST. DEL CALLAO","AZUCAR CRUDA, sólido",212000,"SACO(S)","NICARAGUA"
"557","2022",9,"IÑAPARI, MADRE DE DIOS","MAIZ AMARILLO DURO, grano",30000,"SACO(S)","BRASIL"
"558","2022",9,"IÑAPARI, MADRE DE DIOS","MAIZ AMARILLO DURO, grano",32000,"SACO(S)","BRASIL"
"559","2022",9,"PUESTO DE CONTROL TERRESTRE DESAGUADERO","SOYA, harina",116000,"SACO(S)","BOLIVIA"
"560","2022",9,"PUESTO DE CONTROL TERRESTRE DESAGUADERO","SOYA, torta",83660,"SACO(S)","BOLIVIA"
"561","2022",9,"PUESTO DE CONTROL- CEBAF","PIMIENTA, barreduras",1000,"SACO(S)","ECUADOR"
"562","2022",9,"PUESTO DE CONTROL- CEBAF","PIMIENTA, grano seco al natural",4000,"SACO(S)","ECUADOR"
"563","2022",9,"PUESTO DE CONTROL TERRESTRE DESAGUADERO","MANI, grano sin cáscara",27500,"BIG BAG","BOLIVIA"
"564","2022",9,"OFICINA PUESTO DE CONTROL MARITIMO - PROV. CONST. DEL CALLAO","PERA, fruta fresca",47628,"CAJA(S)","ARGENTINA"
"565","2022",9,"OFICINA PUESTO DE CONTROL MARITIMO - PROV. CONST. DEL CALLAO","PERA, fruta fresca",91728,"CAJA(S)","ARGENTINA"
"566","2022",9,"OFICINA PUESTO DE CONTROL MARITIMO - PROV. CONST. DEL CALLAO","PERA, fruta fresca",90720,"CAJA(S)","ARGENTINA"
"567","2022",9,"OFICINA PUESTO DE CONTROL MARITIMO - PROV. CONST. DEL CALLAO","NUEZ MOSCADA, con cascara seca al natural",15000,"SACO(S)","INDONESIA"
"568","2022",9,"OFICINA PUESTO DE CONTROL MARITIMO - PROV. CONST. DEL CALLAO","PINO, madera aserrada con algún proceso de la CRF2",51799,"PAQUETES","CHILE"
"569","2022",9,"OFICINA PUESTO DE CONTROL MARITIMO - PROV. CONST. DEL CALLAO","ARROZ, grano pilado",5e+05,"GRANEL","URUGUAY"
"570","2022",9,"OFICINA PUESTO DE CONTROL MARITIMO - PROV. CONST. DEL CALLAO","CAUCHO, técnicamente especificado (TSNR)",80640,"PIEZAS","INDONESIA"
"571","2022",9,"OFICINA PUESTO DE CONTROL MARITIMO - PROV. CONST. DEL CALLAO","CAUCHO, técnicamente especificado (TSNR)",100800,"PIEZAS","INDONESIA"
"572","2022",9,"SANTA ROSA, TACNA","MAIZ REVENTON, grano",56000,"SACO(S)","ARGENTINA"
"573","2022",9,"OFICINA PUESTO DE CONTROL MARITIMO - PROV. CONST. DEL CALLAO","ALFALFA, semilla",54000,"BOLSAS","CHILE"
"574","2022",9,"OFICINA PUESTO DE CONTROL MARITIMO - PROV. CONST. DEL CALLAO","AZUCAR CRUDA, sólido",572000,"SACO(S)","NICARAGUA"
"575","2022",9,"PUESTO DE CONTROL TERRESTRE DESAGUADERO","SOYA, torta",140000,"GRANEL","BOLIVIA"
"576","2022",9,"PUESTO DE CONTROL TERRESTRE DESAGUADERO","SOYA, torta",86000,"GRANEL","BOLIVIA"
"577","2022",9,"PUESTO DE CONTROL TERRESTRE DESAGUADERO","SOYA, torta",84000,"GRANEL","BOLIVIA"
"578","2022",9,"PUESTO DE CONTROL TERRESTRE DESAGUADERO","SOYA, torta",84000,"GRANEL","BOLIVIA"
"579","2022",9,"PUESTO DE CONTROL TERRESTRE DESAGUADERO","SOYA, torta",112000,"GRANEL","BOLIVIA"
"580","2022",9,"PUESTO DE CONTROL TERRESTRE DESAGUADERO","SOYA, torta",112000,"GRANEL","BOLIVIA"
"581","2022",9,"PUESTO DE CONTROL TERRESTRE DESAGUADERO","SOYA, torta",56000,"GRANEL","BOLIVIA"
"582","2022",9,"PUESTO DE CONTROL TERRESTRE DESAGUADERO","SOYA, torta",27490,"GRANEL","BOLIVIA"
"583","2022",9,"SANTA ROSA, TACNA","MANZANA, fruto fresco",23520,"CAJA(S)","CHILE"
"584","2022",9,"SANTA ROSA, TACNA","MANZANA, fruto fresco",22344,"CAJA(S)","CHILE"
"585","2022",9,"SANTA ROSA, TACNA","MANZANA, fruto fresco",23520,"CAJA(S)","CHILE"
"586","2022",9,"OFICINA PUESTO DE CONTROL MARITIMO - PROV. CONST. DEL CALLAO","ALGODON, fibra sin cardar ni peinar (>28.57 mm = o <34.92 mm)",20260,"FARDOS","EEUU"
"587","2022",9,"PUESTO DE CONTROL TERRESTRE DESAGUADERO","SOYA, torta",84000,"GRANEL","BOLIVIA"
"588","2022",9,"PUESTO DE CONTROL TERRESTRE DESAGUADERO","GIRASOL, torta",83110,"GRANEL","BOLIVIA"
"589","2022",9,"PUESTO DE CONTROL TERRESTRE DESAGUADERO","SOYA, torta",57808,"BIG BAG","BOLIVIA"
"590","2022",9,"PUESTO DE CONTROL TERRESTRE DESAGUADERO","SOYA, torta",56000,"GRANEL","BOLIVIA"
"591","2022",9,"PUESTO DE CONTROL TERRESTRE DESAGUADERO","SOYA, torta",28962,"SACO(S)","BOLIVIA"
"592","2022",9,"PUESTO DE CONTROL TERRESTRE DESAGUADERO","GIRASOL, torta",28690,"GRANEL","BOLIVIA"
"593","2022",9,"PUESTO DE CONTROL TERRESTRE DESAGUADERO","SOYA, harina",48202,"SACO(S)","BOLIVIA"
"594","2022",9,"PUESTO DE CONTROL TERRESTRE DESAGUADERO","SOYA, torta",56000,"GRANEL","BOLIVIA"
"595","2022",9,"PUESTO DE CONTROL TERRESTRE DESAGUADERO","SOYA, torta",28939,"BIG BAG","BOLIVIA"
"596","2022",9,"PUESTO DE CONTROL TERRESTRE DESAGUADERO","SOYA, torta",25950,"GRANEL","BOLIVIA"
"597","2022",9,"PUESTO DE CONTROL TERRESTRE DESAGUADERO","SOYA, torta",82000,"GRANEL","BOLIVIA"
"598","2022",9,"PUESTO DE CONTROL TERRESTRE DESAGUADERO","SOYA, torta",27420,"GRANEL","BOLIVIA"
"599","2022",9,"PUESTO DE CONTROL TERRESTRE DESAGUADERO","SOYA, torta",56510,"GRANEL","BOLIVIA"
"600","2022",9,"PUESTO DE CONTROL TERRESTRE DESAGUADERO","SOYA, torta",57000,"GRANEL","BOLIVIA"
"601","2022",9,"PUESTO DE CONTROL- CEBAF","ROSA, flores frescas cortadas",2650,"CAJA(S)","ECUADOR"
"602","2022",9,"PUESTO DE CONTROL- CEBAF","CLAVEL, flores frescas cortadas",1100,"CAJA(S)","ECUADOR"
"603","2022",9,"PUESTO DE CONTROL- CEBAF","ROSA, flores frescas cortadas",3186,"CAJA(S)","ECUADOR"
"604","2022",9,"PUESTO DE CONTROL- CEBAF","CLAVEL, flores frescas cortadas",204,"CAJA(S)","ECUADOR"
"605","2022",9,"PUESTO DE CONTROL- CEBAF","CRISANTEMO, flores frescas cortadas",414,"CAJA(S)","ECUADOR"
"606","2022",9,"PUESTO DE CONTROL TERRESTRE DESAGUADERO","CHIA, grano",28000,"SACO(S)","BOLIVIA"
"607","2022",9,"PUESTO DE CONTROL TERRESTRE DESAGUADERO","SOYA, torta",145000,"SACO(S)","BOLIVIA"
"608","2022",9,"OFICINA PUESTO DE CONTROL MARITIMO - PROV. CONST. DEL CALLAO","ALGODON, fibra sin cardar ni peinar (>22.22 mm = o <28.57 mm)",79000,"FARDOS","EEUU"
"609","2022",9,"OFICINA PUESTO DE CONTROL MARITIMO - PROV. CONST. DEL CALLAO","ALGODON, fibra sin cardar ni peinar (>22.22 mm = o <28.57 mm)",199520,"FARDOS","EEUU"
"610","2022",9,"SANTA ROSA, TACNA","PERA, fruta fresca",18144,"CAJA(S)","CHILE"
"611","2022",9,"SANTA ROSA, TACNA","MANZANA, fruto fresco",5460,"CAJA(S)","CHILE"
"612","2022",9,"OFICINA PUESTO DE CONTROL MARITIMO - PROV. CONST. DEL CALLAO","PAPA, hojuelas y pellets",20160,"BOLSAS","ALEMANIA"
"613","2022",9,"OFICINA PUESTO DE CONTROL MARITIMO - PROV. CONST. DEL CALLAO","GARBANZO, grano",45500,"SACO(S)","MEXICO"
"614","2022",9,"PUESTO DE CONTROL TERRESTRE DESAGUADERO","GIRASOL, torta",112790,"GRANEL","BOLIVIA"
"615","2022",9,"PUESTO DE CONTROL TERRESTRE DESAGUADERO","SOYA, torta",25500,"GRANEL","BOLIVIA"
"616","2022",9,"SANTA ROSA, TACNA","LIMON TAHITI (Lima tahiti), fruto fresco",24192,"CAJA(S)","CHILE"
"617","2022",9,"OFICINA PUESTO DE CONTROL MARITIMO - PROV. CONST. DEL CALLAO","ALGODON, fibra sin cardar ni peinar (>28.57 mm = o <34.92 mm)",100155,"FARDOS","EEUU"
"618","2022",9,"OFICINA PUESTO DE CONTROL MARITIMO - PROV. CONST. DEL CALLAO","ALGODON, fibra sin cardar ni peinar (>28.57 mm = o <34.92 mm)",303370,"FARDOS","EEUU"
"619","2022",9,"OFICINA PUESTO DE CONTROL MARITIMO - PROV. CONST. DEL CALLAO","PERA, fruta fresca",22680,"CAJA(S)","ARGENTINA"
"620","2022",9,"PUESTO DE CONTROL TERRESTRE DESAGUADERO","AZUCAR BLANCA O REFINADA (lectura polarimetrica mayor 99.5°)",58000,"SACO(S)","BOLIVIA"
"621","2022",9,"PUESTO DE CONTROL TERRESTRE DESAGUADERO","SOYA, torta",146500,"SACO(S)","BOLIVIA"
"622","2022",9,"PUESTO DE CONTROL TERRESTRE DESAGUADERO","SOYA, torta",206000,"SACO(S)","BOLIVIA"
"623","2022",9,"OFICINA PUESTO DE CONTROL MARITIMO - PROV. CONST. DEL CALLAO","MAIZ AMARILLO DURO, grano",3914200,"GRANEL","ARGENTINA"
"624","2022",9,"OFICINA PUESTO DE CONTROL MARITIMO - PROV. CONST. DEL CALLAO","MAIZ AMARILLO DURO, grano",27854650,"GRANEL","PARAGUAY EN TRANSITO POR ARGENTINA"
"625","2022",9,"OFICINA PUESTO DE CONTROL MARITIMO - PROV. CONST. DEL CALLAO","MAIZ AMARILLO DURO, grano",4451250,"GRANEL","ARGENTINA"
"626","2022",9,"PUESTO DE CONTROL TERRESTRE DESAGUADERO","SOYA, torta",147000,"SACO(S)","BOLIVIA"
"627","2022",9,"PUESTO DE CONTROL TERRESTRE DESAGUADERO","SOYA, torta",143000,"SACO(S)","BOLIVIA"
"628","2022",9,"OFICINA PUESTO DE CONTROL MARITIMO - PROV. CONST. DEL CALLAO","CLAVO DE OLOR, entera seca al natural",10125,"SACO(S)","SRI LANKA"
"629","2022",9,"OFICINA PUESTO DE CONTROL MARITIMO - PROV. CONST. DEL CALLAO","UVA (PASAS), secas naturalmente",19500,"CAJA(S)","ARGENTINA"
"630","2022",9,"OFICINA PUESTO DE CONTROL MARITIMO - PROV. CONST. DEL CALLAO","TRACTOR USADO, con motor de potencia superior a 33 kW pero inferior o igual a 75 kW",23360.5,"PAQUETES","CHINA"
"631","2022",9,"OFICINA PUESTO DE CONTROL MARITIMO - PROV. CONST. DEL CALLAO","MAIZ, harina",2000,"SACO(S)","COLOMBIA"
"632","2022",9,"PUESTO DE CONTROL TERRESTRE DESAGUADERO","SOYA, torta",56000,"GRANEL","BOLIVIA"
"633","2022",9,"PUESTO DE CONTROL TERRESTRE DESAGUADERO","SOYA, torta",55000,"GRANEL","BENIN"
"634","2022",9,"PUESTO DE CONTROL TERRESTRE DESAGUADERO","SOYA, torta",85500,"GRANEL","BOLIVIA"
"635","2022",9,"PUESTO DE CONTROL TERRESTRE DESAGUADERO","SOYA, torta",54500,"GRANEL","BOLIVIA"
"636","2022",9,"PUESTO DE CONTROL TERRESTRE DESAGUADERO","SOYA, torta",114500,"GRANEL","BOLIVIA"
"637","2022",9,"OFICINA PUESTO DE CONTROL MARITIMO - PROV. CONST. DEL CALLAO","PAPA, fécula",1e+05,"BOLSAS","ALEMANIA"
"638","2022",9,"OFICINA PUESTO DE CONTROL AEREO -  PROV. CONST. DEL CALLAO","PIMIENTO, semilla",31.343,"BOLSAS","CHILE"
"639","2022",9,"OFICINA PUESTO DE CONTROL MARITIMO - PROV. CONST. DEL CALLAO","MAIZ AMARILLO DURO, grano",22904910,"GRANEL","ARGENTINA"
"640","2022",9,"OFICINA PUESTO DE CONTROL MARITIMO - PROV. CONST. DEL CALLAO","COLZA, torta",52000,"BOLSAS","CHILE"
"641","2022",9,"PUERTO DE SALAVERRY, LA LIBERTAD","SOYA, torta",5080000,"GRANEL","ARGENTINA"
"642","2022",9,"PUERTO DE SALAVERRY, LA LIBERTAD","MAIZ AMARILLO DURO, grano",18264000,"GRANEL","ARGENTINA"
"643","2022",9,"PUESTO DE CONTROL TERRESTRE DESAGUADERO","SOYA, torta",145000,"SACO(S)","BOLIVIA"
"644","2022",9,"OFICINA PUESTO DE CONTROL MARITIMO - PROV. CONST. DEL CALLAO","MANZANA, fruto fresco",19952.8,"CAJA(S)","CHILE"
"645","2022",9,"OFICINA PUESTO DE CONTROL MARITIMO - PROV. CONST. DEL CALLAO","CEBOLLA, triturada o pulverizada",299.52,"PAQUETES","EEUU"
"646","2022",9,"OFICINA PUESTO DE CONTROL MARITIMO - PROV. CONST. DEL CALLAO","AJO, polvo",1062.122,"PAQUETES","EEUU"
"647","2022",9,"OFICINA PUESTO DE CONTROL MARITIMO - PROV. CONST. DEL CALLAO","AJO CON PEREJIL, molido",52.712,"PAQUETES","EEUU"
"648","2022",9,"OFICINA PUESTO DE CONTROL MARITIMO - PROV. CONST. DEL CALLAO","ALBAHACA, molida",20.448,"PAQUETES","EEUU"
"649","2022",9,"OFICINA PUESTO DE CONTROL MARITIMO - PROV. CONST. DEL CALLAO","CULANTRO, hoja seca industrial",4.09,"PAQUETES","EEUU"
"650","2022",9,"OFICINA PUESTO DE CONTROL MARITIMO - PROV. CONST. DEL CALLAO","MEJORANA, hoja seca industrial",8.179,"PAQUETES","EEUU"
"651","2022",9,"OFICINA PUESTO DE CONTROL MARITIMO - PROV. CONST. DEL CALLAO","PIMIENTA, mezcla de granos enteros con algún proceso de la CRF 2",281.763,"PAQUETES","EEUU"
"652","2022",9,"OFICINA PUESTO DE CONTROL MARITIMO - PROV. CONST. DEL CALLAO","PIMIENTA, molida",1097.482,"PAQUETES","EEUU"
"653","2022",9,"OFICINA PUESTO DE CONTROL MARITIMO - PROV. CONST. DEL CALLAO","PIMENTON, polvo",936.086,"PAQUETES","EEUU"
"654","2022",9,"OFICINA PUESTO DE CONTROL MARITIMO - PROV. CONST. DEL CALLAO","LOS DEMAS FRUTOS, del género Capsicum o pimienta triturados o pulverizados",68.064,"PAQUETES","EEUU"
"655","2022",9,"OFICINA PUESTO DE CONTROL MARITIMO - PROV. CONST. DEL CALLAO","LOS DEMAS FRUTOS, del género Capsicum o pimienta triturados o pulverizados",147.024,"UNIDADES","EEUU"
"656","2022",9,"OFICINA PUESTO DE CONTROL MARITIMO - PROV. CONST. DEL CALLAO","CANELA, corteza entera secada industrialmente",32.717,"UNIDADES","EEUU"
"657","2022",9,"OFICINA PUESTO DE CONTROL MARITIMO - PROV. CONST. DEL CALLAO","CANELA, triturada o pulverizada (molida)",1355.415,"PAQUETES","EEUU"
"658","2022",9,"OFICINA PUESTO DE CONTROL MARITIMO - PROV. CONST. DEL CALLAO","CLAVO DE OLOR, sin triturar ni pulverizar con secado al horno",20.448,"PAQUETES","EEUU"
"659","2022",9,"OFICINA PUESTO DE CONTROL MARITIMO - PROV. CONST. DEL CALLAO","COMINO, triturado y/o pulverizado",233.885,"PAQUETES","EEUU"
"660","2022",9,"OFICINA PUESTO DE CONTROL MARITIMO - PROV. CONST. DEL CALLAO","JENJIBRE(=KION), triturado o pulverizado",93.869,"PAQUETES","EEUU"
"661","2022",9,"OFICINA PUESTO DE CONTROL MARITIMO - PROV. CONST. DEL CALLAO","CURCUMA, en polvo",163.296,"PAQUETES","EEUU"
"662","2022",9,"OFICINA PUESTO DE CONTROL MARITIMO - PROV. CONST. DEL CALLAO","CURRY, secas industrial o trituradas o molidas",468.115,"PAQUETES","EEUU"
"663","2022",9,"OFICINA PUESTO DE CONTROL MARITIMO - PROV. CONST. DEL CALLAO","TOMILLO, triturado o molido",40.896,"PAQUETES","EEUU"
"664","2022",9,"OFICINA PUESTO DE CONTROL MARITIMO - PROV. CONST. DEL CALLAO","AJONJOLI, grano con algún proceso de la CRF 2",146.909,"PAQUETES","EEUU"
"665","2022",9,"OFICINA PUESTO DE CONTROL MARITIMO - PROV. CONST. DEL CALLAO","OREGANO, con algún con proceso de CRF 2",132.115,"PAQUETES","EEUU"
"666","2022",9,"OFICINA PUESTO DE CONTROL MARITIMO - PROV. CONST. DEL CALLAO","ROMERO, secado industrial",50.779,"PAQUETES","EEUU"
"667","2022",9,"OFICINA PUESTO DE CONTROL MARITIMO - PROV. CONST. DEL CALLAO","ACHIOTE, molido",74.88,"PAQUETES","EEUU"
"668","2022",9,"OFICINA PUESTO DE CONTROL MARITIMO - PROV. CONST. DEL CALLAO","ACHIOTE, grano con algún proceso de la CRF 2",32.602,"PAQUETES","EEUU"
"669","2022",9,"OFICINA PUESTO DE CONTROL MARITIMO - PROV. CONST. DEL CALLAO","ALGODON, fibra sin cardar ni peinar (>28.57 mm = o <34.92 mm)",100640,"FARDOS","EEUU"
"670","2022",9,"OFICINA PUESTO DE CONTROL MARITIMO - PROV. CONST. DEL CALLAO","SOYA, torta",11980280,"GRANEL","ARGENTINA"
"671","2022",9,"PUESTO DE CONTROL TERRESTRE DESAGUADERO","SOYA, grano",28500,"GRANEL","BOLIVIA"
"672","2022",9,"PUESTO DE CONTROL TERRESTRE DESAGUADERO","SOYA, grano",29000,"GRANEL","BOLIVIA"
"673","2022",9,"PUESTO DE CONTROL TERRESTRE DESAGUADERO","SOYA, grano",28000,"GRANEL","BOLIVIA"
"674","2022",9,"OFICINA PUESTO DE CONTROL MARITIMO - PROV. CONST. DEL CALLAO","AZUCAR CRUDA, sólido",212000,"SACO(S)","NICARAGUA"
"675","2022",9,"OFICINA PUESTO DE CONTROL MARITIMO - PROV. CONST. DEL CALLAO","AZUCAR CRUDA, sólido",265000,"SACO(S)","NICARAGUA"
"676","2022",9,"OFICINA PUESTO DE CONTROL MARITIMO - PROV. CONST. DEL CALLAO","CANELA, corteza entera seca al natural",13500,"CAJA(S)","SRI LANKA"
"677","2022",9,"OFICINA PUESTO DE CONTROL MARITIMO - PROV. CONST. DEL CALLAO","CANELA, corteza entera seca al natural",13490,"CAJA(S)","SRI LANKA"
"678","2022",9,"PUESTO DE CONTROL TERRESTRE DESAGUADERO","SOYA, harina",145000,"SACO(S)","BOLIVIA"
"679","2022",9,"PUESTO DE CONTROL TERRESTRE DESAGUADERO","SOYA, torta",174000,"SACO(S)","BOLIVIA"
"680","2022",9,"PUESTO DE CONTROL TERRESTRE DESAGUADERO","SOYA, torta",175000,"SACO(S)","BOLIVIA"
"681","2022",9,"PUESTO DE CONTROL TERRESTRE DESAGUADERO","SOYA, torta",205500,"SACO(S)","BOLIVIA"
"682","2022",9,"PUESTO DE CONTROL TERRESTRE DESAGUADERO","SOYA, torta",174000,"SACO(S)","BOLIVIA"
"683","2022",9,"PUESTO DE CONTROL TERRESTRE DESAGUADERO","SOYA, torta",149000,"SACO(S)","BOLIVIA"
"684","2022",9,"OFICINA PUESTO DE CONTROL MARITIMO - PROV. CONST. DEL CALLAO","TURBA",108775,"BIG BAG","LETONIA"
"685","2022",9,"PUESTO DE CONTROL TERRESTRE DESAGUADERO","SOYA, torta",56000,"GRANEL","BOLIVIA"
"686","2022",9,"PUESTO DE CONTROL TERRESTRE DESAGUADERO","SOYA, torta",55020,"GRANEL","BOLIVIA"
"687","2022",9,"PUESTO DE CONTROL TERRESTRE DESAGUADERO","SOYA, torta",56886,"SACO(S)","BOLIVIA"
"688","2022",9,"PUESTO DE CONTROL TERRESTRE DESAGUADERO","SOYA, torta",56000,"GRANEL","BOLIVIA"
"689","2022",9,"PUESTO DE CONTROL TERRESTRE DESAGUADERO","SOYA, torta",56200,"GRANEL","BOLIVIA"
"690","2022",9,"PUESTO DE CONTROL TERRESTRE DESAGUADERO","SOYA, harina",85879,"SACO(S)","BOLIVIA"
"691","2022",9,"PUESTO DE CONTROL TERRESTRE DESAGUADERO","SOYA, torta",29000,"GRANEL","BOLIVIA"
"692","2022",9,"PUESTO DE CONTROL TERRESTRE DESAGUADERO","SOYA, torta",112000,"GRANEL","BOLIVIA"
"693","2022",9,"PUESTO DE CONTROL TERRESTRE DESAGUADERO","SOYA, torta",83320,"GRANEL","BOLIVIA"
"694","2022",9,"PUESTO DE CONTROL TERRESTRE DESAGUADERO","SOYA, torta",116000,"GRANEL","BOLIVIA"
"695","2022",9,"PUESTO DE CONTROL TERRESTRE DESAGUADERO","SOYA, torta",84000,"GRANEL","BOLIVIA"
"696","2022",9,"PUESTO DE CONTROL TERRESTRE DESAGUADERO","SOYA, torta",28000,"GRANEL","BOLIVIA"
"697","2022",9,"PUESTO DE CONTROL TERRESTRE DESAGUADERO","SOYA, torta",84000,"GRANEL","BOLIVIA"
"698","2022",9,"PUESTO DE CONTROL TERRESTRE DESAGUADERO","SOYA, torta",87160,"GRANEL","BOLIVIA"
"699","2022",9,"PUESTO DE CONTROL TERRESTRE DESAGUADERO","SOYA, torta",84000,"GRANEL","BOLIVIA"
"700","2022",9,"PUESTO DE CONTROL TERRESTRE DESAGUADERO","SOYA, torta",56000,"GRANEL","BOLIVIA"
"701","2022",9,"PUESTO DE CONTROL TERRESTRE DESAGUADERO","SOYA, torta",56000,"GRANEL","BOLIVIA"
"702","2022",9,"PUESTO DE CONTROL TERRESTRE DESAGUADERO","SOYA, torta",29100,"GRANEL","BOLIVIA"
"703","2022",9,"PUESTO DE CONTROL TERRESTRE DESAGUADERO","SOYA, torta",84500,"GRANEL","BOLIVIA"
"704","2022",9,"PUESTO DE CONTROL TERRESTRE DESAGUADERO","SOYA, torta",84740,"GRANEL","BOLIVIA"
"705","2022",9,"PUESTO DE CONTROL TERRESTRE DESAGUADERO","SOYA, torta",28080,"GRANEL","BOLIVIA"
"706","2022",9,"PUESTO DE CONTROL TERRESTRE DESAGUADERO","SOYA, torta",109570,"GRANEL","BOLIVIA"
"707","2022",9,"PUESTO DE CONTROL TERRESTRE DESAGUADERO","SOYA, torta",55870,"GRANEL","BOLIVIA"
"708","2022",9,"PUESTO DE CONTROL TERRESTRE DESAGUADERO","SOYA, torta",27300,"GRANEL","BOLIVIA"
"709","2022",9,"PUESTO DE CONTROL TERRESTRE DESAGUADERO","SOYA, torta",57000,"GRANEL","BOLIVIA"
"710","2022",9,"PUESTO DE CONTROL TERRESTRE DESAGUADERO","GIRASOL, torta",55000,"GRANEL","BOLIVIA"
"711","2022",9,"PUESTO DE CONTROL TERRESTRE DESAGUADERO","SOYA, torta",85090,"GRANEL","BOLIVIA"
"712","2022",9,"PUESTO DE CONTROL TERRESTRE DESAGUADERO","SOYA, torta",114890,"GRANEL","BOLIVIA"
"713","2022",9,"PUESTO DE CONTROL TERRESTRE DESAGUADERO","SOYA, torta",27500,"GRANEL","BOLIVIA"
"714","2022",9,"PUESTO DE CONTROL TERRESTRE DESAGUADERO","SOYA, torta",28500,"GRANEL","BOLIVIA"
"715","2022",9,"PUESTO DE CONTROL TERRESTRE DESAGUADERO","SOYA, torta",84000,"GRANEL","BOLIVIA"
"716","2022",9,"PUESTO DE CONTROL TERRESTRE DESAGUADERO","SOYA, torta",27500,"GRANEL","BOLIVIA"
"717","2022",9,"PUESTO DE CONTROL TERRESTRE DESAGUADERO","SOYA, torta",56070,"GRANEL","BOLIVIA"
"718","2022",9,"PUESTO DE CONTROL TERRESTRE DESAGUADERO","GIRASOL, torta",83550,"GRANEL","BOLIVIA"
"719","2022",9,"OFICINA PUESTO DE CONTROL MARITIMO - PROV. CONST. DEL CALLAO","PIMIENTA, grano seco al natural",53960,"SACO(S)","BRASIL"
"720","2022",9,"PUESTO DE CONTROL TERRESTRE DESAGUADERO","SOYA, grano",27000,"GRANEL","BOLIVIA"
"721","2022",9,"PUESTO DE CONTROL TERRESTRE DESAGUADERO","SOYA, grano",25950,"GRANEL","BOLIVIA"
"722","2022",9,"PUESTO DE CONTROL TERRESTRE DESAGUADERO","SOYA, grano",24980,"GRANEL","BOLIVIA"
"723","2022",9,"PUESTO DE CONTROL TERRESTRE DESAGUADERO","SOYA, torta",58000,"GRANEL","BOLIVIA"
"724","2022",9,"OFICINA PUESTO DE CONTROL AEREO -  PROV. CONST. DEL CALLAO","SANDIA, semilla",25.425,"SACHETS","CHILE"
"725","2022",9,"OFICINA PUESTO DE CONTROL AEREO -  PROV. CONST. DEL CALLAO","CARTUCHO (= CALLA LILY), planta in vitro",49,"FRASCO(S)","INDIA"
"726","2022",9,"OFICINA PUESTO DE CONTROL MARITIMO - PROV. CONST. DEL CALLAO","PIMIENTA, grano seco al natural",27000,"SACO(S)","BRASIL"
"727","2022",9,"OFICINA PUESTO DE CONTROL MARITIMO - PROV. CONST. DEL CALLAO","Las demás máquinas para limpieza de frutos o demás productos agrícolas usadas
",480,"CAJA(S)","HOLANDA"
"728","2022",9,"OFICINA PUESTO DE CONTROL MARITIMO - PROV. CONST. DEL CALLAO","SOYA, torta",13190430,"GRANEL","PARAGUAY EN TRANSITO POR ARGENTINA"
"729","2022",9,"OFICINA PUESTO DE CONTROL MARITIMO - PROV. CONST. DEL CALLAO","AVENA, grano aplastado o en copos (hojuelas)",130000,"SACO(S)","CHILE"
"730","2022",9,"OFICINA PUESTO DE CONTROL AEREO -  PROV. CONST. DEL CALLAO","UVA (PASAS), secas naturalmente",0.3,"CAJA(S)","CHILE"
"731","2022",9,"OFICINA PUESTO DE CONTROL MARITIMO - PROV. CONST. DEL CALLAO","PINO, madera aserrada con algún proceso de la CRF2",45101,"PAQUETES","CHILE"
"732","2022",9,"OFICINA PUESTO DE CONTROL MARITIMO - PROV. CONST. DEL CALLAO","MADERA, monturas y mangos de herramientas, monturas y mangos de cepillos, brochas o escobas, de madera; hormas, ensanchadores y tensores del calzado, de madera ; con algún proceso de la CRF 2",56248.76,"UNIDADES","CHINA"
"733","2022",9,"OFICINA PUESTO DE CONTROL MARITIMO - PROV. CONST. DEL CALLAO","TURBA",202760,"BIG BAG","HOLANDA"
"734","2022",9,"PUESTO DE CONTROL TERRESTRE DESAGUADERO","SOYA, grano",142000,"GRANEL","BOLIVIA"
"735","2022",9,"PUESTO DE CONTROL TERRESTRE DESAGUADERO","SOYA, grano",86000,"GRANEL","BOLIVIA"
"736","2022",9,"PUESTO DE CONTROL TERRESTRE DESAGUADERO","SOYA, grano",138500,"GRANEL","BOLIVIA"
"737","2022",9,"OFICINA PUESTO DE CONTROL MARITIMO - PROV. CONST. DEL CALLAO","Cosechadoras-trilladoras usadas
",1446.167,"UNIDADES","CHILE"
"738","2022",9,"OFICINA PUESTO DE CONTROL MARITIMO - PROV. CONST. DEL CALLAO","Las demás máquinas y aparatos de cosechar; máquinas y aparatos de trillar usadas
",826.38,"UNIDADES","CHILE"
"739","2022",9,"OFICINA PUESTO DE CONTROL MARITIMO - PROV. CONST. DEL CALLAO","Las demas maquinaria para limpieza, clasificacion o cribado de semillas, granos u otras hortalilzas, usadas
",482.11,"UNIDADES","CHILE"
"740","2022",9,"OFICINA PUESTO DE CONTROL MARITIMO - PROV. CONST. DEL CALLAO","OREJAS DE JUDAS, seco industrial",2400,"CAJA(S)","CHINA"
"741","2022",9,"OFICINA PUESTO DE CONTROL AEREO -  PROV. CONST. DEL CALLAO","Los demas articulos para fiesta, carnaval u otras diversiones, incluidos los de magia y articulos sorpresa que sean o contengan material vegetal
",526.45,"BOLSAS","COLOMBIA"
"742","2022",9,"OFICINA PUESTO DE CONTROL MARITIMO - PROV. CONST. DEL CALLAO","MAIZ, harina",84000,"BOLSAS","COLOMBIA"
"743","2022",9,"OFICINA PUESTO DE CONTROL MARITIMO - PROV. CONST. DEL CALLAO","MAIZ REVENTON, grano",260000,"SACO(S)","ARGENTINA"
"744","2022",9,"OFICINA PUESTO DE CONTROL MARITIMO - PROV. CONST. DEL CALLAO","TURBA",23613,"FARDOS","LITUANIA"
"745","2022",9,"OFICINA PUESTO DE CONTROL MARITIMO - PROV. CONST. DEL CALLAO","Los demas pulverizadores para agricultura u horticultura usados
",257.3,"CAJA(S)","CHILE"
"746","2022",9,"IÑAPARI, MADRE DE DIOS","MAIZ AMARILLO DURO, grano",60000,"SACO(S)","BRASIL"
"747","2022",9,"OFICINA PUESTO DE CONTROL MARITIMO - PROV. CONST. DEL CALLAO","AJONJOLI, grano",19000,"SACO(S)","INDIA"
"748","2022",9,"OFICINA PUESTO DE CONTROL MARITIMO - PROV. CONST. DEL CALLAO","Articulos para fiestas de navidad que sean o contengan material vegetal
",372,"UNIDADES","CHINA"
"749","2022",9,"OFICINA PUESTO DE CONTROL MARITIMO - PROV. CONST. DEL CALLAO","Articulos para fiestas de navidad que sean o contengan material vegetal
",930,"UNIDADES","CHINA"
"750","2022",9,"OFICINA PUESTO DE CONTROL MARITIMO - PROV. CONST. DEL CALLAO","MANZANA, fruto fresco",39513.6,"CAJA(S)","CHILE"
"751","2022",9,"OFICINA PUESTO DE CONTROL AEREO -  PROV. CONST. DEL CALLAO","SANDIA, semilla",3.548,"SACHETS","EEUU"
"752","2022",9,"OFICINA PUESTO DE CONTROL AEREO -  PROV. CONST. DEL CALLAO","SANDIA, semilla",1.493,"SACHETS","EEUU"
"753","2022",9,"OFICINA PUESTO DE CONTROL AEREO -  PROV. CONST. DEL CALLAO","ALYSSUM, semilla",0.2444,"SACHETS","EEUU"
"754","2022",9,"PUESTO DE CONTROL- CEBAF","ROSA, flores frescas cortadas",6000,"CAJA(S)","ECUADOR"
"755","2022",9,"PUESTO DE CONTROL- CEBAF","CLAVEL, flores frescas cortadas",950,"CAJA(S)","ECUADOR"
"756","2022",9,"PUESTO DE CONTROL- CEBAF","LILIUM (=AZUCENA), flores frescas cortadas",50,"CAJA(S)","ECUADOR"
"757","2022",9,"OFICINA PUESTO DE CONTROL MARITIMO - PROV. CONST. DEL CALLAO","MANZANA, fruto fresco",19756.8,"CAJA(S)","CHILE"
"758","2022",9,"OFICINA PUESTO DE CONTROL MARITIMO - PROV. CONST. DEL CALLAO","AZUCAR BLANCA O REFINADA (lectura polarimetrica mayor 99.5°)",26480,"SACO(S)","EEUU"
"759","2022",9,"OFICINA PUESTO DE CONTROL MARITIMO - PROV. CONST. DEL CALLAO","PERA, fruta fresca",23814,"CAJA(S)","ARGENTINA"
"760","2022",9,"OFICINA PUESTO DE CONTROL MARITIMO - PROV. CONST. DEL CALLAO","AZUCAR CRUDA, sólido",250000,"SACO(S)","HONDURAS"
"761","2022",9,"OFICINA PUESTO DE CONTROL MARITIMO - PROV. CONST. DEL CALLAO","AZUCAR CRUDA, sólido",249820,"SACO(S)","HONDURAS"
"762","2022",9,"OFICINA PUESTO DE CONTROL MARITIMO - PROV. CONST. DEL CALLAO","PERA, fruta fresca",24210.9,"CAJA(S)","ARGENTINA"
"763","2022",9,"OFICINA PUESTO DE CONTROL MARITIMO - PROV. CONST. DEL CALLAO","MANZANA, fruto fresco",12740,"BULK BAG","CHILE"
"764","2022",9,"PUESTO DE CONTROL TERRESTRE DESAGUADERO","SOYA, torta",205000,"SACO(S)","BOLIVIA"
"765","2022",9,"OFICINA PUESTO DE CONTROL MARITIMO - PROV. CONST. DEL CALLAO","PERA, fruta fresca",24210.9,"CAJA(S)","ARGENTINA"
"766","2022",9,"OFICINA PUESTO DE CONTROL MARITIMO - PROV. CONST. DEL CALLAO","AZUCAR DE CAÑA, solido en bruto",52360,"SACO(S)","GUATEMALA"
"767","2022",9,"OFICINA PUESTO DE CONTROL MARITIMO - PROV. CONST. DEL CALLAO","BAMBU, madera sin emsamblar (tablillas y frisos para parqués barnizadas o laquedas) distintas de las coniferas",22376,"PAQUETES","CHINA"
"768","2022",9,"OFICINA PUESTO DE CONTROL MARITIMO - PROV. CONST. DEL CALLAO","BAMBU, madera sin emsamblar (tablillas y frisos para parqués barnizadas o laquedas) distintas de las coniferas",2642,"PIEZAS","CHINA"
"769","2022",9,"OFICINA PUESTO DE CONTROL MARITIMO - PROV. CONST. DEL CALLAO","KIWI, fruto fresco",1200,"CAJA(S)","CHILE"
"770","2022",9,"OFICINA PUESTO DE CONTROL MARITIMO - PROV. CONST. DEL CALLAO","PERA, fruta fresca",95103,"CAJA(S)","ARGENTINA"
"771","2022",9,"OFICINA PUESTO DE CONTROL MARITIMO - PROV. CONST. DEL CALLAO","NARANJA, fruto fresco",4908.8,"CAJA(S)","CHILE"
"772","2022",9,"OFICINA PUESTO DE CONTROL MARITIMO - PROV. CONST. DEL CALLAO","PERA, fruta fresca",2352,"CAJA(S)","CHILE"
"773","2022",9,"OFICINA PUESTO DE CONTROL MARITIMO - PROV. CONST. DEL CALLAO","ALGODON, fibra sin cardar ni peinar (>28.57 mm = o <34.92 mm)",136260,"FARDOS","EEUU"
"774","2022",9,"SANTA ROSA, TACNA","TECA, madera en bruto incluso descortezada, desalburada o escuadrada con algun proceso de la categoria 2",150.82,"UNIDADES","BRASIL"
"775","2022",9,"SANTA ROSA, TACNA","LAS DEMAS MADERAS TROPICALES, en bruto con algún proceso de la CRF 2",107.07,"UNIDADES","BRASIL"
"776","2022",9,"PUESTO DE CONTROL TERRESTRE DESAGUADERO","AZUCAR BLANCA O REFINADA (lectura polarimetrica mayor 99.5°)",58000,"SACO(S)","BOLIVIA"
"777","2022",9,"PUESTO DE CONTROL TERRESTRE DESAGUADERO","AZUCAR BLANCA O REFINADA (lectura polarimetrica mayor 99.5°)",58000,"SACO(S)","BOLIVIA"
"778","2022",9,"PUESTO DE CONTROL TERRESTRE DESAGUADERO","AZUCAR BLANCA O REFINADA (lectura polarimetrica mayor 99.5°)",58000,"SACO(S)","BOLIVIA"
"779","2022",9,"PUESTO DE CONTROL TERRESTRE DESAGUADERO","AZUCAR BLANCA O REFINADA (lectura polarimetrica mayor 99.5°)",86000,"SACO(S)","BOLIVIA"
"780","2022",9,"PUESTO DE CONTROL TERRESTRE DESAGUADERO","AZUCAR BLANCA O REFINADA (lectura polarimetrica mayor 99.5°)",66970,"SACO(S)","BOLIVIA"
"781","2022",9,"PUESTO DE CONTROL TERRESTRE DESAGUADERO","AZUCAR BLANCA O REFINADA (lectura polarimetrica mayor 99.5°)",107000,"SACO(S)","BOLIVIA"
"782","2022",9,"OFICINA PUESTO DE CONTROL MARITIMO - PROV. CONST. DEL CALLAO","PERA, fruta fresca",22680,"CAJA(S)","ARGENTINA"
"783","2022",9,"OFICINA PUESTO DE CONTROL AEREO -  PROV. CONST. DEL CALLAO","MELON, semilla",0.366,"SACHETS","CHILE"
"784","2022",9,"OFICINA PUESTO DE CONTROL AEREO -  PROV. CONST. DEL CALLAO","CALABAZA MOSCADA, semilla",1.71,"SACHETS","CHILE"
"785","2022",9,"OFICINA PUESTO DE CONTROL MARITIMO - PROV. CONST. DEL CALLAO","PAPRIKA, seco industrial en trozos o  rodajas",22500,"PAQUETES","CHINA"
"786","2022",9,"OFICINA PUESTO DE CONTROL MARITIMO - PROV. CONST. DEL CALLAO","PAPRIKA, seco industrial en trozos o  rodajas",22500,"PAQUETES","CHINA"
"787","2022",9,"OFICINA PUESTO DE CONTROL MARITIMO - PROV. CONST. DEL CALLAO","PAPRIKA, seco industrial en trozos o  rodajas",22500,"PAQUETES","CHINA"
"788","2022",9,"OFICINA PUESTO DE CONTROL MARITIMO - PROV. CONST. DEL CALLAO","PAPRIKA, seco industrial en trozos o  rodajas",22500,"PAQUETES","CHINA"
"789","2022",9,"PUESTO DE CONTROL TERRESTRE DESAGUADERO","SOYA, harina",116000,"SACO(S)","BOLIVIA"
"790","2022",9,"OFICINA PUESTO DE CONTROL MARITIMO - PROV. CONST. DEL CALLAO","PERA, fruta fresca",24210.9,"CAJA(S)","ARGENTINA"
"791","2022",9,"OFICINA PUESTO DE CONTROL MARITIMO - PROV. CONST. DEL CALLAO","PERA, fruta fresca",22680,"CAJA(S)","ARGENTINA"
"792","2022",9,"OFICINA PUESTO DE CONTROL MARITIMO - PROV. CONST. DEL CALLAO","PAPRIKA, seco industrial en trozos o  rodajas",22500,"PAQUETES","CHINA"
"793","2022",9,"OFICINA PUESTO DE CONTROL AEREO -  PROV. CONST. DEL CALLAO","SANDIA, semilla",0.55855,"SACHETS","HOLANDA"
"794","2022",9,"OFICINA PUESTO DE CONTROL AEREO -  PROV. CONST. DEL CALLAO","PEPINILLO, semilla",2.938,"SACHETS","EEUU"
"795","2022",9,"OFICINA PUESTO DE CONTROL AEREO -  PROV. CONST. DEL CALLAO","PIMIENTO, semilla",0.178,"SACHETS","EEUU"
"796","2022",9,"OFICINA PUESTO DE CONTROL MARITIMO - PROV. CONST. DEL CALLAO","UVA (PASAS), secas industrialmente",25000,"CAJA(S)","ARGENTINA"
"797","2022",9,"OFICINA PUESTO DE CONTROL MARITIMO - PROV. CONST. DEL CALLAO","PERA, fruta fresca",45360,"CAJA(S)","ARGENTINA"
"798","2022",9,"OFICINA PUESTO DE CONTROL MARITIMO - PROV. CONST. DEL CALLAO","PERA, fruta fresca",24210.9,"CAJA(S)","ARGENTINA"
"799","2022",9,"OFICINA PUESTO DE CONTROL MARITIMO - PROV. CONST. DEL CALLAO","MANZANA, fruto fresco",2793,"CAJA(S)","ARGENTINA"
"800","2022",9,"OFICINA PUESTO DE CONTROL MARITIMO - PROV. CONST. DEL CALLAO","PERA, fruta fresca",20412,"CAJA(S)","ARGENTINA"
"801","2022",9,"OFICINA PUESTO DE CONTROL MARITIMO - PROV. CONST. DEL CALLAO","MANZANA, fruto fresco",20286,"CAJA(S)","CHILE"
"802","2022",9,"PUESTO DE CONTROL TERRESTRE DESAGUADERO","SOYA, torta",55600,"GRANEL","BOLIVIA"
"803","2022",9,"PUESTO DE CONTROL TERRESTRE DESAGUADERO","SOYA, torta",84000,"GRANEL","BOLIVIA"
"804","2022",9,"PUESTO DE CONTROL TERRESTRE DESAGUADERO","SOYA, torta",56000,"GRANEL","BOLIVIA"
"805","2022",9,"PUESTO DE CONTROL TERRESTRE DESAGUADERO","SOYA, torta",56000,"GRANEL","BOLIVIA"
"806","2022",9,"PUESTO DE CONTROL TERRESTRE DESAGUADERO","SOYA, torta",113500,"SACO(S)","BOLIVIA"
"807","2022",9,"PUESTO DE CONTROL TERRESTRE DESAGUADERO","SOYA, torta",116000,"SACO(S)","BOLIVIA"
"808","2022",9,"PUESTO DE CONTROL TERRESTRE DESAGUADERO","SOYA, harina",145000,"SACO(S)","BOLIVIA"
"809","2022",9,"SANTA ROSA, TACNA","MANZANA, fruto fresco",23520,"CAJA(S)","CHILE"
"810","2022",9,"OFICINA PUESTO DE CONTROL MARITIMO - PROV. CONST. DEL CALLAO","GIRASOL, grano",6000,"BOLSAS","ARGENTINA"
"811","2022",9,"OFICINA PUESTO DE CONTROL MARITIMO - PROV. CONST. DEL CALLAO","MAIZ REVENTON, grano",88850,"BOLSAS","ARGENTINA"
"812","2022",9,"PUESTO DE CONTROL TERRESTRE DESAGUADERO","SOYA, harina",143000,"SACO(S)","BOLIVIA"
"813","2022",9,"PUESTO DE CONTROL TERRESTRE DESAGUADERO","SOYA, torta",113994,"SACO(S)","BOLIVIA"
"814","2022",9,"OFICINA PUESTO DE CONTROL AEREO -  PROV. CONST. DEL CALLAO","PIMIENTO, semilla",0.642,"SACHETS","HOLANDA"
"815","2022",9,"OFICINA PUESTO DE CONTROL AEREO -  PROV. CONST. DEL CALLAO","TOMATE, semilla",0.088,"SACHETS","HOLANDA"
"816","2022",9,"OFICINA PUESTO DE CONTROL AEREO -  PROV. CONST. DEL CALLAO","TOMATE, semilla",0.089429,"SACHETS","HOLANDA"
"817","2022",9,"PUESTO DE CONTROL TERRESTRE DESAGUADERO","SOYA, torta",57000,"GRANEL","BOLIVIA"
"818","2022",9,"PUESTO DE CONTROL TERRESTRE DESAGUADERO","SOYA, torta",55980,"GRANEL","BOLIVIA"
"819","2022",9,"PUESTO DE CONTROL TERRESTRE DESAGUADERO","SOYA, torta",57000,"GRANEL","BOLIVIA"
"820","2022",9,"PUESTO DE CONTROL TERRESTRE DESAGUADERO","SOYA, torta",55980,"GRANEL","BOLIVIA"
"821","2022",9,"PUESTO DE CONTROL TERRESTRE DESAGUADERO","SOYA, torta",56000,"GRANEL","BOLIVIA"
"822","2022",9,"OFICINA PUESTO DE CONTROL AEREO -  PROV. CONST. DEL CALLAO","SANDIA, semilla",14.747,"SOBRES ALUMINIZADOS","CHILE"
"823","2022",9,"PUESTO DE CONTROL TERRESTRE DESAGUADERO","SOYA, torta",115500,"SACO(S)","BOLIVIA"
"824","2022",9,"PUESTO DE CONTROL TERRESTRE DESAGUADERO","SOYA, torta",115000,"SACO(S)","BOLIVIA"
"825","2022",9,"PUESTO DE CONTROL TERRESTRE DESAGUADERO","SOYA, torta",114000,"SACO(S)","BOLIVIA"
"826","2022",9,"PUESTO DE CONTROL TERRESTRE DESAGUADERO","SOYA, torta",114500,"SACO(S)","BOLIVIA"
"827","2022",9,"PUESTO DE CONTROL TERRESTRE DESAGUADERO","SOYA, torta",114000,"SACO(S)","BOLIVIA"
"828","2022",9,"OFICINA PUESTO DE CONTROL MARITIMO - PROV. CONST. DEL CALLAO","MANZANA, fruto fresco",41328,"CAJA(S)","CHILE"
"829","2022",9,"PUESTO DE CONTROL TERRESTRE DESAGUADERO","SOYA, grano",51000,"GRANEL","BOLIVIA"
"830","2022",9,"PUESTO DE CONTROL TERRESTRE DESAGUADERO","SOYA, grano",45000,"GRANEL","BOLIVIA"
"831","2022",9,"PUESTO DE CONTROL TERRESTRE DESAGUADERO","SOYA, grano",75000,"GRANEL","BOLIVIA"
"832","2022",9,"PUESTO DE CONTROL TERRESTRE DESAGUADERO","SOYA, grano",48000,"GRANEL","BOLIVIA"
"833","2022",9,"PUESTO DE CONTROL TERRESTRE DESAGUADERO","SOYA, grano",74950,"GRANEL","BOLIVIA"
"834","2022",9,"PUESTO DE CONTROL TERRESTRE DESAGUADERO","SOYA, grano",24990,"GRANEL","BOLIVIA"
"835","2022",9,"PUESTO DE CONTROL TERRESTRE DESAGUADERO","SOYA, grano",27000,"GRANEL","BOLIVIA"
"836","2022",9,"OFICINA PUESTO DE CONTROL MARITIMO - PROV. CONST. DEL CALLAO","AZUCARES, los demas",50000,"SACO(S)","NICARAGUA"
"837","2022",9,"PUESTO DE CONTROL TERRESTRE DESAGUADERO","SOYA, torta",114500,"SACO(S)","BOLIVIA"
"838","2022",9,"PUESTO DE CONTROL TERRESTRE DESAGUADERO","SOYA, torta",115000,"SACO(S)","BOLIVIA"
"839","2022",9,"PUESTO DE CONTROL TERRESTRE DESAGUADERO","SOYA, torta",115500,"SACO(S)","BOLIVIA"
"840","2022",9,"PUESTO DE CONTROL TERRESTRE DESAGUADERO","SOYA, torta",115500,"SACO(S)","BOLIVIA"
"841","2022",9,"PUESTO DE CONTROL TERRESTRE DESAGUADERO","SOYA, torta",115000,"SACO(S)","BOLIVIA"
"842","2022",9,"PUESTO DE CONTROL TERRESTRE DESAGUADERO","SOYA, torta",114840,"SACO(S)","BOLIVIA"
"843","2022",9,"PUESTO DE CONTROL TERRESTRE DESAGUADERO","SOYA, torta",114020,"SACO(S)","BOLIVIA"
"844","2022",9,"PUESTO DE CONTROL TERRESTRE DESAGUADERO","SOYA, torta",114700,"SACO(S)","BOLIVIA"
"845","2022",9,"PUESTO DE CONTROL TERRESTRE DESAGUADERO","SOYA, torta",115000,"SACO(S)","BOLIVIA"
"846","2022",9,"PUESTO DE CONTROL TERRESTRE DESAGUADERO","SOYA, torta",114500,"SACO(S)","BOLIVIA"
"847","2022",9,"PUESTO DE CONTROL TERRESTRE DESAGUADERO","SOYA, torta",143010,"SACO(S)","BOLIVIA"
"848","2022",9,"PUESTO DE CONTROL TERRESTRE DESAGUADERO","SOYA, torta",115500,"SACO(S)","BOLIVIA"
"849","2022",9,"OFICINA PUESTO DE CONTROL MARITIMO - PROV. CONST. DEL CALLAO","AZUCAR CRUDA, sólido",150000,"SACO(S)","GUATEMALA"
"850","2022",9,"SANTA ROSA, TACNA","LENTEJA, grano",49669,"SACO(S)","CANADA"
"851","2022",9,"OFICINA PUESTO DE CONTROL MARITIMO - PROV. CONST. DEL CALLAO","ARROZ, grano pilado",850000,"SACO(S)","URUGUAY"
"852","2022",9,"OFICINA PUESTO DE CONTROL MARITIMO - PROV. CONST. DEL CALLAO","PINO, madera aserrada con algún proceso de la CRF2",46012,"PAQUETES","CHILE"
"853","2022",9,"OFICINA PUESTO DE CONTROL MARITIMO - PROV. CONST. DEL CALLAO","YUTE, sacos",18500,"SACOS DE YUTE","BANGLADESH"
"854","2022",9,"PUESTO DE CONTROL TERRESTRE DESAGUADERO","SOYA, torta",149000,"SACO(S)","BOLIVIA"
"855","2022",9,"OFICINA PUESTO DE CONTROL MARITIMO - PROV. CONST. DEL CALLAO","ALIMENTO PARA ANIMALES, mezcla de granos molidos o pulverizados, sin ningún aditivo",132000,"SACO(S)","COLOMBIA"
"856","2022",9,"OFICINA PUESTO DE CONTROL AEREO -  PROV. CONST. DEL CALLAO","ZAPALLO (CALABAZA AMARILLA), semilla",2.676,"SACHETS","JAPON"
"857","2022",9,"PUESTO DE CONTROL TERRESTRE DESAGUADERO","SOYA, torta",144000,"SACO(S)","BOLIVIA"
"858","2022",9,"OFICINA PUESTO DE CONTROL MARITIMO - PROV. CONST. DEL CALLAO","TOMATE, polvo",500,"CAJA(S)","EEUU"
"859","2022",9,"SANTA ROSA, TACNA","MANZANA, fruto fresco",23520,"CAJA(S)","CHILE"
"860","2022",9,"SANTA ROSA, TACNA","MANZANA, fruto fresco",23520,"CAJA(S)","CHILE"
"861","2022",9,"SANTA ROSA, TACNA","MANZANA, fruto fresco",22456.8,"CAJA(S)","CHILE"
"862","2022",9,"SANTA ROSA, TACNA","PERA, fruta fresca",23328,"CAJA(S)","CHILE"
"863","2022",9,"SANTA ROSA, TACNA","MANZANA, fruto fresco",17640,"CAJA(S)","CHILE"
"864","2022",9,"SANTA ROSA, TACNA","KIWI, fruto fresco",5880,"CAJA(S)","CHILE"
"865","2022",9,"SANTA ROSA, TACNA","MANZANA, fruto fresco",16150.4,"CAJA(S)","CHILE"
"866","2022",9,"SANTA ROSA, TACNA","KIWI, fruto fresco",5376,"CAJA(S)","CHILE"
"867","2022",9,"OFICINA PUESTO DE CONTROL MARITIMO - PROV. CONST. DEL CALLAO","ARROZ, parbolizado pulido o sin cáscara",130000,"SACO(S)","BRASIL"
"868","2022",9,"PUESTO DE CONTROL TERRESTRE DESAGUADERO","SOYA, torta",84000,"GRANEL","BOLIVIA"
"869","2022",9,"PUESTO DE CONTROL TERRESTRE DESAGUADERO","SOYA, torta",55000,"GRANEL","BOLIVIA"
"870","2022",9,"OFICINA PUESTO DE CONTROL MARITIMO - PROV. CONST. DEL CALLAO","ARROZ, parbolizado pulido o sin cáscara",130000,"SACO(S)","BRASIL"
"871","2022",9,"OFICINA PUESTO DE CONTROL MARITIMO - PROV. CONST. DEL CALLAO","ARROZ, parbolizado pulido o sin cáscara",130000,"SACO(S)","BRASIL"
"872","2022",9,"OFICINA PUESTO DE CONTROL MARITIMO - PROV. CONST. DEL CALLAO","ARROZ, parbolizado pulido o sin cáscara",130000,"SACO(S)","BRASIL"
"873","2022",9,"OFICINA PUESTO DE CONTROL AEREO -  PROV. CONST. DEL CALLAO","ZANAHORIA, semilla",250,"SACO(S)","JAPON"
"874","2022",9,"SANTA ROSA, TACNA","MANZANA, fruto fresco",23520,"CAJA(S)","CHILE"
"875","2022",9,"OFICINA PUESTO DE CONTROL MARITIMO - PROV. CONST. DEL CALLAO","TRACTOR USADO, con motor de potencia superior a 130KW",16549,"UNIDADES","EEUU"
"876","2022",9,"OFICINA PUESTO DE CONTROL MARITIMO - PROV. CONST. DEL CALLAO","PERA, fruta fresca",45360,"CAJA(S)","ARGENTINA"
"877","2022",9,"OFICINA PUESTO DE CONTROL AEREO -  PROV. CONST. DEL CALLAO","PALO SANTO, trozos secos",300,"CAJA(S)","FRANCIA"
"878","2022",9,"SANTA ROSA, TACNA","PERA, fruta fresca",1152,"CAJA(S)","CHILE"
"879","2022",9,"SANTA ROSA, TACNA","MANZANA, fruto fresco",18620,"CAJA(S)","CHILE"
"880","2022",9,"SANTA ROSA, TACNA","KIWI, fruto fresco",4032,"CAJA(S)","CHILE"
"881","2022",9,"OFICINA PUESTO DE CONTROL MARITIMO - PROV. CONST. DEL CALLAO","Articulos para fiestas de navidad que sean o contengan material vegetal
",413.133,"CAJA(S)","CHINA"
"882","2022",9,"SANTA ROSA, TACNA","MANZANA, fruto fresco",23520,"CAJA(S)","CHILE"
"883","2022",9,"OFICINA PUESTO DE CONTROL MARITIMO - PROV. CONST. DEL CALLAO","MANZANA, fruto fresco",19551,"CAJA(S)","CHILE"
"884","2022",9,"OFICINA PUESTO DE CONTROL MARITIMO - PROV. CONST. DEL CALLAO","CLAVO DE OLOR, entera seca al natural",25000,"CAJA(S)","INDONESIA"
"885","2022",9,"OFICINA PUESTO DE CONTROL MARITIMO - PROV. CONST. DEL CALLAO","CEBOLLA, triturada o pulverizada",3000,"BOLSAS","ALEMANIA"
"886","2022",9,"SANTA ROSA, TACNA","MANZANA, fruto fresco",22540,"CAJA(S)","CHILE"
"887","2022",9,"OFICINA PUESTO DE CONTROL AEREO -  PROV. CONST. DEL CALLAO","PEPINILLO, semilla",0.288,"SACHETS","FRANCIA"
"888","2022",9,"OFICINA PUESTO DE CONTROL AEREO -  PROV. CONST. DEL CALLAO","SANDIA, semilla",0.67,"SACHETS","FRANCIA"
"889","2022",9,"SANTA ROSA, TACNA","MANZANA, fruto fresco",24080,"BULK BAG","CHILE"
"890","2022",9,"SANTA ROSA, TACNA","MANZANA, fruto fresco",22671,"CAJA(S)","CHILE"
"891","2022",9,"OFICINA PUESTO DE CONTROL AEREO -  PROV. CONST. DEL CALLAO","MANI, grano sin cáscara",10000,"SACO(S)","BRASIL"
"892","2022",9,"PUESTO DE CONTROL TERRESTRE DESAGUADERO","SOYA, grano",28500,"GRANEL","BOLIVIA"
"893","2022",9,"PUESTO DE CONTROL TERRESTRE DESAGUADERO","SOYA, grano",28000,"GRANEL","BOLIVIA"
"894","2022",9,"PUESTO DE CONTROL TERRESTRE DESAGUADERO","SOYA, grano",57000,"GRANEL","BOLIVIA"
"895","2022",9,"PUESTO DE CONTROL TERRESTRE DESAGUADERO","SOYA, grano",26000,"GRANEL","BOLIVIA"
"896","2022",9,"PUESTO DE CONTROL TERRESTRE DESAGUADERO","SOYA, grano",28000,"GRANEL","BOLIVIA"
"897","2022",9,"SANTA ROSA, TACNA","KIWI, fruto fresco",13644,"CAJA(S)","CHILE"
"898","2022",9,"SANTA ROSA, TACNA","PERA, fruta fresca",9216,"CAJA(S)","CHILE"
"899","2022",9,"SANTA ROSA, TACNA","TRACTOR USADO, con motor de potencia superior a 33 kW pero inferior o igual a 75 kW",1095,"UNIDADES","JAPON"
"900","2022",9,"OFICINA PUESTO DE CONTROL MARITIMO - PROV. CONST. DEL CALLAO","MANZANA, fruto fresco",17640,"CAJA(S)","EEUU"
"901","2022",9,"PUESTO DE CONTROL- CEBAF","CAÑA DE GUAYAQUIL, seca al natural",34000,"UNIDADES","ECUADOR"
"902","2022",9,"OFICINA PUESTO DE CONTROL MARITIMO - PROV. CONST. DEL CALLAO","PERA, fruta fresca",45360,"CAJA(S)","ARGENTINA"
"903","2022",9,"OFICINA PUESTO DE CONTROL MARITIMO - PROV. CONST. DEL CALLAO","MAIZ AMARILLO DURO, grano",3015990,"GRANEL","ARGENTINA"
"904","2022",9,"PUESTO DE CONTROL TERRESTRE DESAGUADERO","MANI, grano sin cáscara",56000,"SACO(S)","BOLIVIA"
"905","2022",9,"OFICINA PUESTO DE CONTROL MARITIMO - PROV. CONST. DEL CALLAO","ALGODON, fibra sin cardar ni peinar (>22.22 mm = o <28.57 mm)",77854,"FARDOS","EEUU"
"906","2022",9,"OFICINA PUESTO DE CONTROL MARITIMO - PROV. CONST. DEL CALLAO","PAPRIKA, seco industrial en trozos o  rodajas",22500,"PAQUETES","CHINA"
"907","2022",9,"OFICINA PUESTO DE CONTROL MARITIMO - PROV. CONST. DEL CALLAO","MANZANA, fruto fresco",19628,"CAJA(S)","CHILE"
"908","2022",9,"OFICINA PUESTO DE CONTROL MARITIMO - PROV. CONST. DEL CALLAO","PAPA, fécula",140000,"SACO(S)","ALEMANIA"
"909","2022",9,"OFICINA PUESTO DE CONTROL MARITIMO - PROV. CONST. DEL CALLAO","PAPRIKA, seco industrial en trozos o  rodajas",45000,"PAQUETES","CHINA"
"910","2022",9,"OFICINA PUESTO DE CONTROL MARITIMO - PROV. CONST. DEL CALLAO","LENTEJA, grano",157803,"SACO(S)","CANADA"
"911","2022",9,"OFICINA PUESTO DE CONTROL AEREO -  PROV. CONST. DEL CALLAO","CANELA, corteza entera seca al natural",0.2,"UNIDADES","SRI LANKA"
"912","2022",9,"OFICINA PUESTO DE CONTROL AEREO -  PROV. CONST. DEL CALLAO","CANELA, corteza entera seca al natural",0.1,"PAQUETES","SRI LANKA"
"913","2022",9,"SANTA ROSA, TACNA","PALTA, fruto fresco",22880,"CAJA(S)","PERU"
"914","2022",9,"PUESTO DE CONTROL TERRESTRE DESAGUADERO","SOYA, grano",28500,"GRANEL","BOLIVIA"
"915","2022",9,"SANTA ROSA, TACNA","NUEZ DE NOGAL, sin cascara con algun proceso de la CRF 2",1500,"CAJA(S)","CHILE"
"916","2022",9,"SANTA ROSA, TACNA","PAPAYA, seca industrialmente",600,"CAJA(S)","CHILE"
"917","2022",9,"SANTA ROSA, TACNA","DURAZNO, descarozado seco industrial",410,"CAJA(S)","CHILE"
"918","2022",9,"SANTA ROSA, TACNA","UVA (PASAS), secas industrialmente",2500,"CAJA(S)","CHILE"
"919","2022",9,"OFICINA PUESTO DE CONTROL MARITIMO - PROV. CONST. DEL CALLAO","MANZANA, fruto fresco",53625.6,"CAJA(S)","CHILE"
"920","2022",9,"OFICINA PUESTO DE CONTROL MARITIMO - PROV. CONST. DEL CALLAO","KIWI, fruto fresco",7200,"CAJA(S)","CHILE"
"921","2022",9,"PUESTO DE CONTROL TERRESTRE DESAGUADERO","SOYA, torta",56200,"GRANEL","BOLIVIA"
"922","2022",9,"PUESTO DE CONTROL- CEBAF","CAÑA DE GUAYAQUIL, seca al natural",34000,"UNIDADES","ECUADOR"
"923","2022",9,"OFICINA PUESTO DE CONTROL MARITIMO - PROV. CONST. DEL CALLAO","CLAVO DE OLOR, entera seca al natural",25500,"CAJA(S)","INDONESIA"
"924","2022",9,"OFICINA PUESTO DE CONTROL MARITIMO - PROV. CONST. DEL CALLAO","TRACTOR USADO, con motor de potencia superior a 33 kW pero inferior o igual a 75 kW",2462.738,"UNIDADES","CHINA"
"925","2022",9,"OFICINA PUESTO DE CONTROL MARITIMO - PROV. CONST. DEL CALLAO","SOYA, grano",5589360,"GRANEL","BOLIVIA TRANSITO POR CHILE"
"926","2022",9,"PUESTO DE CONTROL TERRESTRE DESAGUADERO","AJONJOLI, grano",90000,"SACO(S)","BOLIVIA"
"927","2022",9,"SANTA ROSA, TACNA","MANZANA, fruto fresco",23520,"CAJA(S)","CHILE"
"928","2022",9,"OFICINA PUESTO DE CONTROL MARITIMO - PROV. CONST. DEL CALLAO","PAPA, fécula",280000,"BOLSAS","ALEMANIA"
"929","2022",9,"OFICINA PUESTO DE CONTROL AEREO -  PROV. CONST. DEL CALLAO","SANDIA, semilla",2.439,"SACHETS","HOLANDA"
"930","2022",9,"OFICINA PUESTO DE CONTROL MARITIMO - PROV. CONST. DEL CALLAO","Los demas articulos de cesteria con algun proceso de CRF 2",1041.13,"UNIDADES","CHINA"
"931","2022",9,"PUESTO DE CONTROL TERRESTRE DESAGUADERO","SOYA, grano",27000,"GRANEL","BOLIVIA"
"932","2022",9,"PUESTO DE CONTROL TERRESTRE DESAGUADERO","SOYA, grano",26000,"GRANEL","BOLIVIA"
"933","2022",9,"OFICINA PUESTO DE CONTROL MARITIMO - PROV. CONST. DEL CALLAO","MAIZ, semilla",52000,"BOLSAS","TAILANDIA"
"934","2022",9,"PUESTO DE CONTROL TERRESTRE DESAGUADERO","SOYA, harina",58000,"SACO(S)","BOLIVIA"
"935","2022",9,"OFICINA PUESTO DE CONTROL MARITIMO - PROV. CONST. DEL CALLAO","MIMBRE, artículos de cestería (canasta, cestos u otros)",176.3,"CAJA(S)","CHINA"
"936","2022",9,"OFICINA PUESTO DE CONTROL MARITIMO - PROV. CONST. DEL CALLAO","KIWI, fruto fresco",24000,"CAJA(S)","CHILE"
"937","2022",9,"OFICINA PUESTO DE CONTROL MARITIMO - PROV. CONST. DEL CALLAO","PINO, madera aserrada con tratamiento de secado al horno impregnación de sales",432432,"PAQUETES","CHILE"
"938","2022",9,"OFICINA PUESTO DE CONTROL MARITIMO - PROV. CONST. DEL CALLAO","PINO, madera aserrada con tratamiento de secado al horno impregnación de sales",237878,"PAQUETES","CHILE"
"939","2022",9,"OFICINA PUESTO DE CONTROL MARITIMO - PROV. CONST. DEL CALLAO","PERA, fruta fresca",46080,"CAJA(S)","CHILE"
"940","2022",9,"PUESTO DE CONTROL TERRESTRE DESAGUADERO","SOYA, harina",174000,"SACO(S)","BOLIVIA"
"941","2022",9,"PUESTO DE CONTROL TERRESTRE DESAGUADERO","SOYA, torta",116000,"SACO(S)","BOLIVIA"
"942","2022",9,"PUESTO DE CONTROL TERRESTRE DESAGUADERO","SOYA, torta",115000,"SACO(S)","BOLIVIA"
"943","2022",9,"OFICINA PUESTO DE CONTROL MARITIMO - PROV. CONST. DEL CALLAO","PAPA, fécula",110000,"BIG BAG","ALEMANIA"
"944","2022",9,"PUESTO DE CONTROL TERRESTRE DESAGUADERO","SOYA, harina",112500,"SACO(S)","BOLIVIA"
"945","2022",9,"PUESTO DE CONTROL TERRESTRE DESAGUADERO","SOYA, harina",145000,"SACO(S)","BOLIVIA"
"946","2022",9,"PUESTO DE CONTROL TERRESTRE DESAGUADERO","SOYA, harina",116000,"SACO(S)","BOLIVIA"
"947","2022",9,"PUESTO DE CONTROL TERRESTRE DESAGUADERO","SOYA, harina",116000,"SACO(S)","BOLIVIA"
"948","2022",9,"PUESTO DE CONTROL TERRESTRE DESAGUADERO","SOYA, torta",175500,"SACO(S)","BOLIVIA"
"949","2022",9,"PUESTO DE CONTROL TERRESTRE DESAGUADERO","SOYA, torta",56180,"GRANEL","BOLIVIA"
"950","2022",9,"OFICINA PUESTO DE CONTROL MARITIMO - PROV. CONST. DEL CALLAO","LILIUM (=AZUCENA), bulbo",14775,"CAJAS DE PLASTICO","HOLANDA"
"951","2022",9,"PUESTO DE CONTROL TERRESTRE DESAGUADERO","MANI, grano sin cáscara",58000,"SACO(S)","BOLIVIA"
"952","2022",9,"OFICINA PUESTO DE CONTROL MARITIMO - PROV. CONST. DEL CALLAO","Las demás máquinas y aparatos de cosechar; máquinas y aparatos de trillar usadas
",11375.233,"UNIDADES","FRANCIA"
"953","2022",9,"OFICINA PUESTO DE CONTROL MARITIMO - PROV. CONST. DEL CALLAO","Las demas partes de maquinas, aparatos y artefactos de cosecha o trillar, maquinarias para limpieza, usadas
",1444.331,"UNIDADES","FRANCIA"
"954","2022",9,"PUESTO DE CONTROL TERRESTRE DESAGUADERO","MANI, grano sin cáscara",28000,"SACO(S)","BOLIVIA"
"955","2022",9,"OFICINA PUESTO DE CONTROL MARITIMO - PROV. CONST. DEL CALLAO","ALMENDRA, sin cáscara secado al natural",19958,"CAJA(S)","EEUU"
"956","2022",9,"OFICINA PUESTO DE CONTROL MARITIMO - PROV. CONST. DEL CALLAO","MADERA, en bruto de coníferas tratada agentes de conservación
",139340,"UNIDADES","CHILE"
"957","2022",9,"PUESTO DE CONTROL- CEBAF","Las demás coniferas, las demas maderas aserradas o desbastadas longitudinalmente, cortada o desenrollada, incluso cepillada,lijada o unida por lo extremos, de espesor superior a 6 mm, con algun tratamiento de la CRF 2",58350,"PIEZAS","ECUADOR"
"958","2022",9,"OFICINA PUESTO DE CONTROL MARITIMO - PROV. CONST. DEL CALLAO","PAPA, hojuelas y pellets",4320,"SACO(S)","CHILE"
"959","2022",9,"PUESTO DE CONTROL TERRESTRE DESAGUADERO","SOYA, torta",84000,"GRANEL","BOLIVIA"
"960","2022",9,"PUESTO DE CONTROL TERRESTRE DESAGUADERO","SOYA, torta",26710,"GRANEL","BOLIVIA"
"961","2022",9,"PUESTO DE CONTROL TERRESTRE DESAGUADERO","SOYA, torta",56000,"GRANEL","BOLIVIA"
"962","2022",9,"PUESTO DE CONTROL TERRESTRE DESAGUADERO","SOYA, torta",84000,"GRANEL","BOLIVIA"
"963","2022",9,"PUESTO DE CONTROL TERRESTRE DESAGUADERO","GIRASOL, torta",25400,"GRANEL","BOLIVIA"
"964","2022",9,"PUESTO DE CONTROL TERRESTRE DESAGUADERO","SOYA, torta",54000,"GRANEL","BOLIVIA"
"965","2022",9,"PUESTO DE CONTROL TERRESTRE DESAGUADERO","SOYA, torta",84000,"GRANEL","BOLIVIA"
"966","2022",9,"PUESTO DE CONTROL TERRESTRE DESAGUADERO","SOYA, torta",109040,"GRANEL","BOLIVIA"
"967","2022",9,"SANTA ROSA, TACNA","PERA, fruta fresca",7920,"CAJA(S)","CHILE"
"968","2022",9,"SANTA ROSA, TACNA","MANZANA, fruto fresco",14340,"CAJA(S)","CHILE"
"969","2022",9,"PUESTO DE CONTROL TERRESTRE DESAGUADERO","SOYA, torta",82220,"GRANEL","BOLIVIA"
"970","2022",9,"PUESTO DE CONTROL TERRESTRE DESAGUADERO","SOYA, torta",84500,"GRANEL","BOLIVIA"
"971","2022",9,"PUESTO DE CONTROL TERRESTRE DESAGUADERO","SOYA, torta",29000,"GRANEL","BOLIVIA"
"972","2022",9,"PUESTO DE CONTROL TERRESTRE DESAGUADERO","GIRASOL, torta",85800,"GRANEL","BOLIVIA"
"973","2022",9,"PUESTO DE CONTROL TERRESTRE DESAGUADERO","SOYA, harina",58314,"SACO(S)","BOLIVIA"
"974","2022",9,"PUESTO DE CONTROL TERRESTRE DESAGUADERO","SOYA, torta",84000,"GRANEL","BOLIVIA"
"975","2022",9,"PUESTO DE CONTROL TERRESTRE DESAGUADERO","SOYA, torta",56000,"GRANEL","BOLIVIA"
"976","2022",9,"PUESTO DE CONTROL TERRESTRE DESAGUADERO","SOYA, torta",82920,"GRANEL","BOLIVIA"
"977","2022",9,"SANTA ROSA, TACNA","MAIZ REVENTON, grano",81000,"SACO(S)","ARGENTINA"
"978","2022",9,"PUESTO DE CONTROL TERRESTRE DESAGUADERO","SOYA, torta",28000,"GRANEL","BOLIVIA"
"979","2022",9,"PUESTO DE CONTROL TERRESTRE DESAGUADERO","SOYA, torta",56000,"GRANEL","BOLIVIA"
"980","2022",9,"PUESTO DE CONTROL TERRESTRE DESAGUADERO","SOYA, torta",85000,"GRANEL","BOLIVIA"
"981","2022",9,"PUESTO DE CONTROL TERRESTRE DESAGUADERO","SOYA, torta",83470,"GRANEL","BOLIVIA"
"982","2022",9,"PUESTO DE CONTROL TERRESTRE DESAGUADERO","SOYA, torta",55500,"GRANEL","BOLIVIA"
"983","2022",9,"PUESTO DE CONTROL TERRESTRE DESAGUADERO","SOYA, torta",84000,"GRANEL","BOLIVIA"
"984","2022",9,"PUESTO DE CONTROL TERRESTRE DESAGUADERO","SOYA, torta",56000,"GRANEL","BOLIVIA"
"985","2022",9,"PUESTO DE CONTROL TERRESTRE DESAGUADERO","GIRASOL, torta",86570,"GRANEL","BOLIVIA"
"986","2022",9,"PUESTO DE CONTROL TERRESTRE DESAGUADERO","GIRASOL, torta",167250,"GRANEL","BOLIVIA"
"987","2022",9,"PUESTO DE CONTROL TERRESTRE DESAGUADERO","SOYA, harina",145000,"SACO(S)","BOLIVIA"
"988","2022",9,"OFICINA PUESTO DE CONTROL MARITIMO - PROV. CONST. DEL CALLAO","PERA, fruta fresca",23814,"CAJA(S)","ARGENTINA"
"989","2022",9,"SANTA ROSA, TACNA","MANZANA, fruto fresco",13524,"CAJA(S)","CHILE"
"990","2022",9,"SANTA ROSA, TACNA","MANZANA, fruto fresco",19600,"CAJA(S)","CHILE"
"991","2022",9,"OFICINA PUESTO DE CONTROL AEREO -  PROV. CONST. DEL CALLAO","ALYSSUM, semilla",0.1112,"SACHETS","EEUU"
"992","2022",9,"OFICINA PUESTO DE CONTROL AEREO -  PROV. CONST. DEL CALLAO","LOBELIA, semilla",0.078,"SACHETS","EEUU"
"993","2022",9,"OFICINA PUESTO DE CONTROL AEREO -  PROV. CONST. DEL CALLAO","ALYSSUM, semilla",0.5433,"SACHETS","EEUU"
"994","2022",9,"OFICINA PUESTO DE CONTROL AEREO -  PROV. CONST. DEL CALLAO","MARIGOLD, semilla",0.9435,"SACHETS","EEUU"
"995","2022",9,"SANTA ROSA, TACNA","PERA, fruta fresca",3528,"CAJA(S)","CHILE"
"996","2022",9,"IÑAPARI, MADRE DE DIOS","MAIZ AMARILLO DURO, grano",64000,"SACO(S)","BRASIL"
"997","2022",9,"PUESTO DE CONTROL TERRESTRE DESAGUADERO","SOYA, torta",84000,"GRANEL","BOLIVIA"
"998","2022",9,"PUESTO DE CONTROL TERRESTRE DESAGUADERO","SOYA, torta",57000,"GRANEL","BOLIVIA"
"999","2022",9,"PUESTO DE CONTROL TERRESTRE DESAGUADERO","SOYA, torta",112630,"GRANEL","BOLIVIA"
"1000","2022",9,"PUESTO DE CONTROL TERRESTRE DESAGUADERO","SOYA, torta",56500,"GRANEL","BOLIVIA"
"1001","2022",9,"PUESTO DE CONTROL TERRESTRE DESAGUADERO","SOYA, torta",85500,"GRANEL","BOLIVIA"
"1002","2022",9,"PUESTO DE CONTROL TERRESTRE DESAGUADERO","SOYA, torta",56000,"GRANEL","BOLIVIA"
"1003","2022",9,"PUESTO DE CONTROL TERRESTRE DESAGUADERO","SOYA, torta",85500,"GRANEL","BOLIVIA"
"1004","2022",9,"PUESTO DE CONTROL TERRESTRE DESAGUADERO","SOYA, torta",86500,"GRANEL","BOLIVIA"
"1005","2022",9,"PUESTO DE CONTROL TERRESTRE DESAGUADERO","SOYA, torta",54500,"GRANEL","BOLIVIA"
"1006","2022",9,"SANTA ROSA, TACNA","LENTEJA, grano",52618,"SACO(S)","CANADA"
"1007","2022",9,"SANTA ROSA, TACNA","MANZANA, fruto fresco",23520,"CAJA(S)","CHILE"
"1008","2022",9,"SANTA ROSA, LORETO","PERA, fruta fresca",4932,"CAJA(S)","CHILE"
"1009","2022",9,"SANTA ROSA, TACNA","MANZANA, fruto fresco",18620,"CAJA(S)","CHILE"
"1010","2022",9,"OFICINA PUESTO DE CONTROL MARITIMO - PROV. CONST. DEL CALLAO","PINO, madera aserrada con tratamiento de secado al horno impregnación de sales",493119,"PAQUETES","CHILE"
"1011","2022",9,"PUESTO DE CONTROL TERRESTRE DESAGUADERO","SOYA, torta",84000,"GRANEL","BOLIVIA"
"1012","2022",9,"OFICINA PUESTO DE CONTROL MARITIMO - PROV. CONST. DEL CALLAO","UVA (PASAS), secas industrialmente",21000,"CAJA(S)","CHILE"
"1013","2022",9,"SANTA ROSA, TACNA","PERA, fruta fresca",23184,"CAJA(S)","CHILE"
"1014","2022",9,"SANTA ROSA, TACNA","MANZANA, fruto fresco",23520,"CAJA(S)","CHILE"
"1015","2022",9,"SANTA ROSA, TACNA","MANZANA, fruto fresco",7840,"CAJA(S)","CHILE"
"1016","2022",9,"SANTA ROSA, TACNA","MANZANA, fruto fresco",23520,"CAJA(S)","CHILE"
"1017","2022",9,"SANTA ROSA, TACNA","PERA, fruta fresca",22176,"CAJA(S)","CHILE"
"1018","2022",9,"SANTA ROSA, TACNA","PERA, fruta fresca",14154,"CAJA(S)","CHILE"
"1019","2022",9,"OFICINA PUESTO DE CONTROL MARITIMO - PROV. CONST. DEL CALLAO","UVA (PASAS), secas industrialmente",20670,"CAJA(S)","CHILE"
"1020","2022",9,"OFICINA PUESTO DE CONTROL MARITIMO - PROV. CONST. DEL CALLAO","Articulos de cesteria (canastos, cestos u otros), con algun proceso de la CRF2",970.3,"UNIDADES","CHINA"
"1021","2022",9,"SANTA ROSA, TACNA","KIWI, fruto fresco",2016,"CAJA(S)","CHILE"
"1022","2022",9,"PUESTO DE CONTROL- CEBAF","ROSA, flores frescas cortadas",500,"CAJA(S)","ECUADOR"
"1023","2022",9,"PUESTO DE CONTROL- CEBAF","CLAVEL, flores frescas cortadas",500,"CAJA(S)","ECUADOR"
"1024","2022",9,"SANTA ROSA, TACNA","PERA, fruta fresca",5760,"CAJA(S)","CHILE"
"1025","2022",9,"SANTA ROSA, TACNA","KIWI, fruto fresco",4320,"CAJA(S)","CHILE"
"1026","2022",9,"PUESTO DE CONTROL TERRESTRE DESAGUADERO","AZUCAR BLANCA O REFINADA (lectura polarimetrica mayor 99.5°)",26500,"SACO(S)","BOLIVIA"
"1027","2022",9,"PUESTO DE CONTROL TERRESTRE DESAGUADERO","MANI, grano sin cáscara",60000,"SACO(S)","BOLIVIA"
"1028","2022",9,"PUESTO DE CONTROL TERRESTRE DESAGUADERO","SOYA, grano",29000,"GRANEL","BOLIVIA"
"1029","2022",9,"PUESTO DE CONTROL TERRESTRE DESAGUADERO","SOYA, grano",25000,"GRANEL","BOLIVIA"
"1030","2022",9,"PUESTO DE CONTROL TERRESTRE DESAGUADERO","SOYA, grano",25000,"GRANEL","BOLIVIA"
"1031","2022",9,"PUESTO DE CONTROL TERRESTRE DESAGUADERO","SOYA, grano",28000,"GRANEL","BOLIVIA"
"1032","2022",9,"PUESTO DE CONTROL TERRESTRE DESAGUADERO","SOYA, torta",28000,"GRANEL","BOLIVIA"
"1033","2022",9,"OFICINA PUESTO DE CONTROL MARITIMO - PROV. CONST. DEL CALLAO","CANELA, corteza entera seca al natural",15120,"CAJA(S)","SRI LANKA"
"1034","2022",9,"OFICINA PUESTO DE CONTROL AEREO -  PROV. CONST. DEL CALLAO","MELON, semilla",0.014,"SACHETS","HOLANDA"
"1035","2022",9,"OFICINA PUESTO DE CONTROL AEREO -  PROV. CONST. DEL CALLAO","MELON, semilla",0.197,"SACHETS","CHILE"
"1036","2022",9,"SANTA ROSA, TACNA","UVA (PASAS), secas industrialmente",25000,"CAJA(S)","CHILE"
"1037","2022",9,"SANTA ROSA, TACNA","UVA (PASAS), secas industrialmente",25000,"CAJA(S)","CHILE"
"1038","2022",9,"SANTA ROSA, TACNA","MANZANA, fruto fresco",20580,"CAJA(S)","CHILE"
"1039","2022",9,"SANTA ROSA, TACNA","PERA, fruta fresca",2646,"CAJA(S)","CHILE"
"1040","2022",9,"OFICINA PUESTO DE CONTROL MARITIMO - PROV. CONST. DEL CALLAO","MAIZ, harina",54800,"PACAS","COLOMBIA"
"1041","2022",9,"OFICINA PUESTO DE CONTROL MARITIMO - PROV. CONST. DEL CALLAO","YUTE, sacos",16000,"FARDOS","BANGLADESH"
"1042","2022",9,"OFICINA PUESTO DE CONTROL MARITIMO - PROV. CONST. DEL CALLAO","YUTE, sacos",32000,"FARDOS","BANGLADESH"
"1043","2022",9,"OFICINA PUESTO DE CONTROL MARITIMO - PROV. CONST. DEL CALLAO","UVA (PASAS), secas industrialmente",42000,"CAJA(S)","CHILE"
"1044","2022",9,"SANTA ROSA, TACNA","MANZANA, fruto fresco",11900,"CAJA(S)","CHILE"
"1045","2022",9,"SANTA ROSA, TACNA","PERA, fruta fresca",13440,"CAJA(S)","CHILE"
"1046","2022",9,"SANTA ROSA, TACNA","MANZANA, fruto fresco",15400,"CAJA(S)","CHILE"
"1047","2022",9,"SANTA ROSA, TACNA","KIWI, fruto fresco",8064,"CAJA(S)","CHILE"
"1048","2022",9,"PUESTO DE CONTROL- CEBAF","CAÑA DE GUAYAQUIL, seca al natural",32000,"UNIDADES","ECUADOR"
"1049","2022",9,"PUESTO DE CONTROL- CEBAF","CAÑA DE GUAYAQUIL, seca al natural",32000,"UNIDADES","ECUADOR"
"1050","2022",9,"SANTA ROSA, TACNA","TRACTOR USADO, con motor de potencia superior a 33 kW pero inferior o igual a 75 kW",4059,"PIEZAS","CHINA"
"1051","2022",9,"SANTA ROSA, TACNA","TRACTOR USADO, con motor de potencia superior a 33 kW pero inferior o igual a 75 kW",4059,"UNIDADES","CHINA"
"1052","2022",9,"SANTA ROSA, TACNA","TRACTOR USADO, con motor de potencia superior a 33 kW pero inferior o igual a 75 kW",4095,"LOTE(S)","CHINA"
"1053","2022",9,"OFICINA PUESTO DE CONTROL AEREO -  PROV. CONST. DEL CALLAO","MELON, semilla",1.644,"SACHETS","EEUU"
"1054","2022",9,"OFICINA PUESTO DE CONTROL AEREO -  PROV. CONST. DEL CALLAO","ZAPALLITO ITALIANO (CALABACIN), semilla",2.243,"SACHETS","EEUU"
"1055","2022",9,"OFICINA PUESTO DE CONTROL MARITIMO - PROV. CONST. DEL CALLAO","PERA, fruta fresca",22680,"CAJA(S)","ARGENTINA"
"1056","2022",9,"OFICINA PUESTO DE CONTROL MARITIMO - PROV. CONST. DEL CALLAO","PERA, fruta fresca",24381,"CAJA(S)","ARGENTINA"
"1057","2022",9,"OFICINA PUESTO DE CONTROL AEREO -  PROV. CONST. DEL CALLAO","SANDIA, semilla",1.451,"SACHETS","EEUU"
"1058","2022",9,"OFICINA PUESTO DE CONTROL MARITIMO - PROV. CONST. DEL CALLAO","COMINO, grano",53000,"SACO(S)","INDIA"
"1059","2022",9,"OFICINA PUESTO DE CONTROL MARITIMO - PROV. CONST. DEL CALLAO","PERA, fruta fresca",23814,"CAJA(S)","ARGENTINA"
"1060","2022",9,"PUESTO DE CONTROL- CEBAF","CAÑA DE GUAYAQUIL, seca al natural",34000,"UNIDADES","ECUADOR"
"1061","2022",9,"OFICINA PUESTO DE CONTROL MARITIMO - PROV. CONST. DEL CALLAO","TRIGO, semola",279000,"BOLSONES","MEXICO"
"1062","2022",9,"PUESTO DE CONTROL TERRESTRE DESAGUADERO","AZUCAR BLANCA O REFINADA (lectura polarimetrica mayor 99.5°)",57000,"SACO(S)","BOLIVIA"
"1063","2022",9,"OFICINA PUESTO DE CONTROL MARITIMO - PROV. CONST. DEL CALLAO","Pellets o demás preparaciones aglutinantes (incluidas las mezclas de productos vegetales naturales),no expresados ni comprendidos en otra parte.",3160.05,"CAJA(S)","CANADA"
"1064","2022",9,"PUESTO DE CONTROL TERRESTRE DESAGUADERO","AZUCAR BLANCA O REFINADA (lectura polarimetrica mayor 99.5°)",199000,"SACO(S)","BOLIVIA"
"1065","2022",9,"PUESTO DE CONTROL TERRESTRE DESAGUADERO","AZUCAR BLANCA O REFINADA (lectura polarimetrica mayor 99.5°)",84500,"SACO(S)","BOLIVIA"
"1066","2022",9,"PUESTO DE CONTROL TERRESTRE DESAGUADERO","AZUCAR BLANCA O REFINADA (lectura polarimetrica mayor 99.5°)",116000,"SACO(S)","BOLIVIA"
"1067","2022",9,"OFICINA PUESTO DE CONTROL MARITIMO - PROV. CONST. DEL CALLAO","MAIZ, almidon",5760,"BOLSAS","BRASIL"
"1068","2022",9,"OFICINA PUESTO DE CONTROL MARITIMO - PROV. CONST. DEL CALLAO","CAUCHO, técnicamente especificado (TSNR)",42000,"PAQUETES","COLOMBIA"
"1069","2022",9,"OFICINA PUESTO DE CONTROL MARITIMO - PROV. CONST. DEL CALLAO","ALGODON, fibra sin cardar ni peinar (>22.22 mm = o <28.57 mm)",235770,"FARDOS","EEUU"
"1070","2022",9,"PUESTO DE CONTROL- CEBAF","PAJA MACORA, paja seca al natural",3200,"FARDOS","ECUADOR"
"1071","2022",9,"SANTA ROSA, TACNA","ZAPALLO (=CALABAZA), fresco",21600,"UNIDADES","CHILE"
"1072","2022",9,"SANTA ROSA, TACNA","TRACTOR USADO, con motor de potencia superior a 33 kW pero inferior o igual a 75 kW",3500,"GRANEL","CHILE"
"1073","2022",9,"SANTA ROSA, TACNA","TRACTOR USADO, con motor de potencia superior a 33 kW pero inferior o igual a 75 kW",3500,"PIEZAS","CHILE"
"1074","2022",9,"SANTA ROSA, TACNA","TRACTOR USADO, con motor de potencia superior a 33 kW pero inferior o igual a 75 kW",3500,"UNIDADES","CHILE"
"1075","2022",9,"OFICINA PUESTO DE CONTROL MARITIMO - PROV. CONST. DEL CALLAO","PERA, fruta fresca",23814,"CAJA(S)","ARGENTINA"
"1076","2022",9,"OFICINA PUESTO DE CONTROL MARITIMO - PROV. CONST. DEL CALLAO","PERA, fruta fresca",94437,"CAJA(S)","ARGENTINA"
"1077","2022",9,"OFICINA PUESTO DE CONTROL MARITIMO - PROV. CONST. DEL CALLAO","PERA, fruta fresca",22680,"CAJA(S)","ARGENTINA"
"1078","2022",9,"OFICINA PUESTO DE CONTROL AEREO -  PROV. CONST. DEL CALLAO","AJI HABANERO, polvo",100,"CAJA(S)","COLOMBIA"
"1079","2022",9,"PUESTO DE CONTROL TERRESTRE DESAGUADERO","SOYA, torta",83820,"GRANEL","BOLIVIA"
"1080","2022",9,"OFICINA PUESTO DE CONTROL MARITIMO - PROV. CONST. DEL CALLAO","ANIS O BADIANA, grano",26000,"SACO(S)","ESPAÑA"
"1081","2022",9,"OFICINA PUESTO DE CONTROL MARITIMO - PROV. CONST. DEL CALLAO","PAPA, fécula",180000,"SACO(S)","ALEMANIA"
"1082","2022",9,"PUESTO DE CONTROL TERRESTRE DESAGUADERO","SOYA, grano",27500,"GRANEL","BOLIVIA"
"1083","2022",9,"PUESTO DE CONTROL TERRESTRE DESAGUADERO","SOYA, grano",53980,"GRANEL","BOLIVIA"
"1084","2022",9,"PUESTO DE CONTROL TERRESTRE DESAGUADERO","SOYA, grano",28000,"GRANEL","BOLIVIA"
"1085","2022",9,"PUESTO DE CONTROL TERRESTRE DESAGUADERO","SOYA, grano",54000,"GRANEL","BOLIVIA"
"1086","2022",9,"PUESTO DE CONTROL TERRESTRE DESAGUADERO","SOYA, grano",28000,"GRANEL","BOLIVIA"
"1087","2022",9,"PUESTO DE CONTROL TERRESTRE DESAGUADERO","SOYA, grano",28000,"GRANEL","BOLIVIA"
"1088","2022",9,"PUERTO DE PAITA , PIURA","MAIZ AMARILLO DURO, grano",5740000,"GRANEL","ARGENTINA"
"1089","2022",9,"PUERTO DE PAITA , PIURA","SOYA, torta",1450000,"GRANEL","ARGENTINA"
"1090","2022",9,"OFICINA PUESTO DE CONTROL MARITIMO - PROV. CONST. DEL CALLAO","UVA (PASAS), secas industrialmente",40000,"CAJA(S)","CHILE"
"1091","2022",9,"PUESTO DE CONTROL TERRESTRE DESAGUADERO","SOYA, harina",145000,"SACO(S)","BOLIVIA"
"1092","2022",9,"OFICINA PUESTO DE CONTROL MARITIMO - PROV. CONST. DEL CALLAO","AVENA, grano mondado, perlado, troceado o quebrantado",50000,"SACO(S)","CHILE"
"1093","2022",9,"OFICINA PUESTO DE CONTROL AEREO -  PROV. CONST. DEL CALLAO","CONTROLADOR BIOLOGICO, especimenes",0.33,"LOTE(S)","HOLANDA"
"1094","2022",9,"OFICINA PUESTO DE CONTROL AEREO -  PROV. CONST. DEL CALLAO","CONTROLADOR BIOLOGICO, especímenes",0.27,"LOTE(S)","HOLANDA"
"1095","2022",9,"PUESTO DE CONTROL TERRESTRE DESAGUADERO","SOYA, torta",115000,"SACO(S)","BOLIVIA"
"1096","2022",9,"PUESTO DE CONTROL TERRESTRE DESAGUADERO","SOYA, torta",139200,"SACO(S)","BOLIVIA"
"1097","2022",9,"PUESTO DE CONTROL TERRESTRE DESAGUADERO","SOYA, torta",116000,"SACO(S)","BOLIVIA"
"1098","2022",9,"PUESTO DE CONTROL TERRESTRE DESAGUADERO","SOYA, torta",116000,"SACO(S)","BOLIVIA"
"1099","2022",9,"PUESTO DE CONTROL TERRESTRE DESAGUADERO","SOYA, torta",28000,"GRANEL","BOLIVIA"
"1100","2022",9,"PUESTO DE CONTROL TERRESTRE DESAGUADERO","SOYA, torta",145000,"SACO(S)","BOLIVIA"
"1101","2022",9,"PUESTO DE CONTROL TERRESTRE DESAGUADERO","SOYA, torta",85000,"GRANEL","BOLIVIA"
"1102","2022",9,"PUESTO DE CONTROL TERRESTRE DESAGUADERO","SOYA, torta",54000,"GRANEL","BOLIVIA"
"1103","2022",9,"PUESTO DE CONTROL TERRESTRE DESAGUADERO","SOYA, torta",83000,"GRANEL","BOLIVIA"
"1104","2022",9,"PUESTO DE CONTROL TERRESTRE DESAGUADERO","SOYA, torta",56400,"GRANEL","BOLIVIA"
"1105","2022",9,"PUESTO DE CONTROL TERRESTRE DESAGUADERO","SOYA, torta",115000,"GRANEL","BOLIVIA"
"1106","2022",9,"PUESTO DE CONTROL TERRESTRE DESAGUADERO","SOYA, torta",81500,"GRANEL","BOLIVIA"
"1107","2022",9,"PUESTO DE CONTROL TERRESTRE DESAGUADERO","SOYA, torta",55000,"GRANEL","BOLIVIA"
"1108","2022",9,"PUESTO DE CONTROL TERRESTRE DESAGUADERO","SOYA, torta",115000,"SACO(S)","BOLIVIA"
"1109","2022",9,"PUESTO DE CONTROL TERRESTRE DESAGUADERO","SOYA, torta",143000,"SACO(S)","BOLIVIA"
"1110","2022",9,"PUESTO DE CONTROL TERRESTRE DESAGUADERO","SOYA, torta",55689,"SACO(S)","BOLIVIA"
"1111","2022",9,"PUESTO DE CONTROL TERRESTRE DESAGUADERO","SOYA, harina",114500,"SACO(S)","BOLIVIA"
"1112","2022",9,"OFICINA PUESTO DE CONTROL AEREO -  PROV. CONST. DEL CALLAO","ARANDANO, planta",2645,"CAJA(S)","CHILE"
"1113","2022",9,"PUESTO DE CONTROL TERRESTRE DESAGUADERO","SOYA, torta",114500,"SACO(S)","BOLIVIA"
"1114","2022",9,"PUESTO DE CONTROL TERRESTRE DESAGUADERO","SOYA, torta",143000,"SACO(S)","BOLIVIA"
"1115","2022",9,"OFICINA PUESTO DE CONTROL MARITIMO - PROV. CONST. DEL CALLAO","COMINO, grano",27000,"SACO(S)","INDIA"
"1116","2022",9,"SANTA ROSA, TACNA","MANZANA, fruto fresco",23520,"CAJA(S)","CHILE"
"1117","2022",9,"SANTA ROSA, TACNA","MANZANA, fruto fresco",23520,"CAJA(S)","CHILE"
"1118","2022",9,"PUESTO DE CONTROL TERRESTRE DESAGUADERO","SOYA, torta",57000,"GRANEL","BOLIVIA"
"1119","2022",9,"PUESTO DE CONTROL TERRESTRE DESAGUADERO","SOYA, torta",86300,"GRANEL","BOLIVIA"
"1120","2022",9,"PUESTO DE CONTROL TERRESTRE DESAGUADERO","SOYA, torta",83500,"GRANEL","BOLIVIA"
"1121","2022",9,"SANTA ROSA, TACNA","MANZANA, fruto fresco",11466,"CAJA(S)","CHILE"
"1122","2022",9,"SANTA ROSA, TACNA","KIWI, fruto fresco",9765,"CAJA(S)","CHILE"
"1123","2022",9,"SANTA ROSA, TACNA","MANZANA, fruto fresco",23520,"CAJA(S)","CHILE"
"1124","2022",9,"SANTA ROSA, TACNA","MANZANA, fruto fresco",22618.4,"CAJA(S)","CHILE"
"1125","2022",9,"OFICINA PUESTO DE CONTROL MARITIMO - PROV. CONST. DEL CALLAO","BOLDO, hoja seca al natural",6675,"SACO(S)","CHILE"
"1126","2022",9,"OFICINA PUESTO DE CONTROL MARITIMO - PROV. CONST. DEL CALLAO","AVENA, grano mondado, perlado, troceado o quebrantado",92000,"SACO(S)","CHILE"
"1127","2022",9,"PUESTO DE CONTROL TERRESTRE DESAGUADERO","SOYA, harina",58000,"SACO(S)","BOLIVIA"
"1128","2022",9,"OFICINA PUESTO DE CONTROL MARITIMO - PROV. CONST. DEL CALLAO","CANELA, corteza entera seca al natural",15120,"CAJA(S)","SRI LANKA"
"1129","2022",9,"SANTA ROSA, TACNA","MANZANA, fruto fresco",22579.2,"CAJA(S)","CHILE"
"1130","2022",9,"PUESTO DE CONTROL TERRESTRE DESAGUADERO","SOYA, torta",53360,"GRANEL","BOLIVIA"
"1131","2022",9,"PUESTO DE CONTROL TERRESTRE DESAGUADERO","SOYA, torta",29000,"GRANEL","BOLIVIA"
"1132","2022",9,"PUESTO DE CONTROL TERRESTRE DESAGUADERO","SOYA, torta",85000,"GRANEL","BOLIVIA"
"1133","2022",9,"PUESTO DE CONTROL TERRESTRE DESAGUADERO","SOYA, torta",56500,"GRANEL","BOLIVIA"
"1134","2022",9,"PUESTO DE CONTROL TERRESTRE DESAGUADERO","SOYA, torta",26112,"BIG BAG","BOLIVIA"
"1135","2022",9,"PUESTO DE CONTROL TERRESTRE DESAGUADERO","SOYA, torta",112000,"GRANEL","BOLIVIA"
"1136","2022",9,"PUESTO DE CONTROL TERRESTRE DESAGUADERO","SOYA, torta",133820,"GRANEL","BOLIVIA"
"1137","2022",9,"PUESTO DE CONTROL TERRESTRE DESAGUADERO","SOYA, harina",25259,"SACO(S)","BOLIVIA"
"1138","2022",9,"PUESTO DE CONTROL TERRESTRE DESAGUADERO","SOYA, torta",55020,"GRANEL","BOLIVIA"
"1139","2022",9,"PUESTO DE CONTROL TERRESTRE DESAGUADERO","SOYA, torta",82390,"GRANEL","BOLIVIA"
"1140","2022",9,"PUESTO DE CONTROL TERRESTRE DESAGUADERO","SOYA, torta",56000,"GRANEL","BOLIVIA"
"1141","2022",9,"PUESTO DE CONTROL TERRESTRE DESAGUADERO","SOYA, torta",86800,"GRANEL","BOLIVIA"
"1142","2022",9,"PUESTO DE CONTROL TERRESTRE DESAGUADERO","SOYA, torta",111500,"GRANEL","BOLIVIA"
"1143","2022",9,"PUESTO DE CONTROL TERRESTRE DESAGUADERO","SOYA, torta",57000,"GRANEL","BOLIVIA"
"1144","2022",9,"PUESTO DE CONTROL TERRESTRE DESAGUADERO","SOYA, harina",24819,"SACO(S)","BOLIVIA"
"1145","2022",9,"OFICINA PUESTO DE CONTROL MARITIMO - PROV. CONST. DEL CALLAO","AVENA, grano mondado, perlado, troceado o quebrantado",96000,"SACO(S)","CHILE"
"1146","2022",9,"OFICINA PUESTO DE CONTROL MARITIMO - PROV. CONST. DEL CALLAO","MADERA EN PLAQUITAS, o particulas distinta de coníferas con algún proceso de la CRF 2",15120,"CAJA(S)","ALEMANIA"
"1147","2022",9,"PUESTO DE CONTROL TERRESTRE DESAGUADERO","SOYA, torta",81970,"GRANEL","BOLIVIA"
"1148","2022",9,"PUESTO DE CONTROL TERRESTRE DESAGUADERO","SOYA, grano",45000,"GRANEL","BOLIVIA"
"1149","2022",9,"PUESTO DE CONTROL TERRESTRE DESAGUADERO","SOYA, grano",28000,"GRANEL","BOLIVIA"
"1150","2022",9,"PUESTO DE CONTROL TERRESTRE DESAGUADERO","SOYA, grano",27000,"GRANEL","BOLIVIA"
"1151","2022",9,"PUESTO DE CONTROL TERRESTRE DESAGUADERO","SOYA, torta",171000,"SACO(S)","BOLIVIA"
"1152","2022",9,"SANTA ROSA, TACNA","MANZANA, fruto fresco",23520,"CAJA(S)","CHILE"
"1153","2022",9,"OFICINA PUESTO DE CONTROL MARITIMO - PROV. CONST. DEL CALLAO","TURBA",174855,"BOLSAS","LETONIA"
"1154","2022",9,"PUESTO DE CONTROL TERRESTRE DESAGUADERO","SOYA, torta",50980,"GRANEL","BOLIVIA"
"1155","2022",9,"OFICINA PUESTO DE CONTROL MARITIMO - PROV. CONST. DEL CALLAO","BOLDO, hoja seca al natural",13250,"SACO(S)","CHILE"
"1156","2022",9,"OFICINA PUESTO DE CONTROL MARITIMO - PROV. CONST. DEL CALLAO","AZUCAR CRUDA, sólido",125000,"SACO(S)","GUATEMALA"
"1157","2022",9,"OFICINA PUESTO DE CONTROL MARITIMO - PROV. CONST. DEL CALLAO","AZUCAR CRUDA, sólido",250000,"SACO(S)","EL SALVADOR"
"1158","2022",9,"OFICINA PUESTO DE CONTROL MARITIMO - PROV. CONST. DEL CALLAO","AZUCAR BLANCA O REFINADA (lectura polarimetrica mayor 99.5°)",265000,"SACO(S)","GUATEMALA"
"1159","2022",9,"PUESTO DE CONTROL TERRESTRE DESAGUADERO","SOYA, torta",176220,"SACO(S)","BOLIVIA"
"1160","2022",9,"PUESTO DE CONTROL TERRESTRE DESAGUADERO","CHIA, grano",29000,"SACO(S)","BOLIVIA"
"1161","2022",9,"SANTA ROSA, TACNA","PERA, fruta fresca",23184,"CAJA(S)","CHILE"
"1162","2022",9,"OFICINA PUESTO DE CONTROL MARITIMO - PROV. CONST. DEL CALLAO","HORTALIZAS,las demas y mezclas(incluso silv.),secas,trituradas,pulverizadas",380,"PALETAS","MEXICO"
"1163","2022",9,"SANTA ROSA, TACNA","MANZANA, fruto fresco",22540,"CAJA(S)","CHILE"
"1164","2022",9,"OFICINA PUESTO DE CONTROL MARITIMO - PROV. CONST. DEL CALLAO","MAIZ REVENTON, grano",49480,"SACO(S)","EEUU"
"1165","2022",9,"PUESTO DE CONTROL TERRESTRE DESAGUADERO","SOYA, torta",113054,"SACO(S)","BOLIVIA"
"1166","2022",9,"OFICINA PUESTO DE CONTROL MARITIMO - PROV. CONST. DEL CALLAO","MAIZ REVENTON, grano",129950,"SACO(S)","ARGENTINA"
"1167","2022",9,"OFICINA PUESTO DE CONTROL AEREO -  PROV. CONST. DEL CALLAO","SANDIA, semilla",1.22,"SACHETS","EEUU"
"1168","2022",9,"OFICINA PUESTO DE CONTROL MARITIMO - PROV. CONST. DEL CALLAO","CIRUELA, seca industrialmente",75,"CAJA(S)","CHINA"
"1169","2022",9,"OFICINA PUESTO DE CONTROL MARITIMO - PROV. CONST. DEL CALLAO","AJI, seco industrial",330,"CAJA(S)","CHINA"
"1170","2022",9,"OFICINA PUESTO DE CONTROL MARITIMO - PROV. CONST. DEL CALLAO","MAIZ CON SOYA, harina",500,"CAJA(S)","CHINA"
"1171","2022",9,"OFICINA PUESTO DE CONTROL MARITIMO - PROV. CONST. DEL CALLAO","AZUCAR BLANCA O REFINADA (lectura polarimetrica mayor 99.5°)",50000,"SACO(S)","COLOMBIA"
"1172","2022",9,"OFICINA PUESTO DE CONTROL MARITIMO - PROV. CONST. DEL CALLAO","AZUCAR CRUDA, sólido",233760,"SACO(S)","NICARAGUA"
"1173","2022",9,"OFICINA PUESTO DE CONTROL AEREO -  PROV. CONST. DEL CALLAO","ZAPALLITO ITALIANO (CALABACIN), semilla",2.047,"SACHETS","EEUU"
"1174","2022",9,"OFICINA PUESTO DE CONTROL MARITIMO - PROV. CONST. DEL CALLAO","TRIGO, harina",10287.648,"BOLSAS","EEUU"
"1175","2022",9,"OFICINA PUESTO DE CONTROL MARITIMO - PROV. CONST. DEL CALLAO","AZUCAR CRUDA, sólido",494000,"SACO(S)","NICARAGUA"
"1176","2022",9,"OFICINA PUESTO DE CONTROL MARITIMO - PROV. CONST. DEL CALLAO","AZUCAR BLANCA O REFINADA (lectura polarimetrica mayor 99.5°)",265000,"SACO(S)","COLOMBIA"
"1177","2022",9,"PUESTO DE CONTROL TERRESTRE DESAGUADERO","SOYA, torta",87000,"SACO(S)","BOLIVIA"
"1178","2022",9,"OFICINA PUESTO DE CONTROL MARITIMO - PROV. CONST. DEL CALLAO","PINO, madera aserrada con algún proceso de la CRF2",40888,"PAQUETES","CHILE"
"1179","2022",9,"OFICINA PUESTO DE CONTROL MARITIMO - PROV. CONST. DEL CALLAO","LUPULO, pellets",18890,"PALETAS","BELGICA"
"1180","2022",9,"SANTA ROSA, TACNA","LENTEJA, grano",26309,"SACO(S)","CANADA"
"1181","2022",9,"OFICINA PUESTO DE CONTROL MARITIMO - PROV. CONST. DEL CALLAO","MAIZ REVENTON, grano",76200,"SACO(S)","ARGENTINA"
"1182","2022",9,"OFICINA PUESTO DE CONTROL AEREO -  PROV. CONST. DEL CALLAO","TE VERDE, triturado",1.58,"BOLSAS",NA
"1183","2022",9,"SANTA ROSA, TACNA","MANZANA, fruto fresco",19034.6,"CAJA(S)","CHILE"
"1184","2022",9,"SANTA ROSA, TACNA","PERA, fruta fresca",4608,"CAJA(S)","CHILE"
"1185","2022",9,"SANTA ROSA, TACNA","MANZANA, fruto fresco",22344,"CAJA(S)","CHILE"
"1186","2022",9,"SANTA ROSA, TACNA","MANZANA, fruto fresco",23520,"CAJA(S)","CHILE"
"1187","2022",9,"SANTA ROSA, TACNA","MANZANA, fruto fresco",23520,"CAJA(S)","CHILE"
"1188","2022",9,"SANTA ROSA, TACNA","MANZANA, fruto fresco",23520,"CAJA(S)","CHILE"
"1189","2022",9,"SANTA ROSA, TACNA","MANZANA, fruto fresco",23520,"CAJA(S)","CHILE"
"1190","2022",9,"OFICINA PUESTO DE CONTROL MARITIMO - PROV. CONST. DEL CALLAO","AZUCAR CRUDA, sólido",106000,"SACO(S)","NICARAGUA"
"1191","2022",9,"OFICINA PUESTO DE CONTROL MARITIMO - PROV. CONST. DEL CALLAO","AZUCAR CRUDA, sólido",250000,"SACO(S)","GUATEMALA"
"1192","2022",9,"OFICINA PUESTO DE CONTROL MARITIMO - PROV. CONST. DEL CALLAO","AZUCAR BLANCA O REFINADA (lectura polarimetrica mayor 99.5°)",265000,"SACO(S)","GUATEMALA"
"1193","2022",9,"OFICINA PUESTO DE CONTROL MARITIMO - PROV. CONST. DEL CALLAO","AZUCAR CRUDA, sólido",125000,"SACO(S)","NICARAGUA"
"1194","2022",9,"OFICINA PUESTO DE CONTROL MARITIMO - PROV. CONST. DEL CALLAO","AZUCAR BLANCA O REFINADA (lectura polarimetrica mayor 99.5°)",159000,"SACO(S)","GUATEMALA"
"1195","2022",9,"OFICINA PUESTO DE CONTROL MARITIMO - PROV. CONST. DEL CALLAO","AZUCAR CRUDA, sólido",125000,"SACO(S)","NICARAGUA"
"1196","2022",9,"OFICINA PUESTO DE CONTROL MARITIMO - PROV. CONST. DEL CALLAO","AZUCAR CRUDA, sólido",250000,"SACO(S)","GUATEMALA"
"1197","2022",9,"OFICINA PUESTO DE CONTROL MARITIMO - PROV. CONST. DEL CALLAO","AZUCAR BLANCA O REFINADA (lectura polarimetrica mayor 99.5°)",132500,"SACO(S)","GUATEMALA"
"1198","2022",9,"PUESTO DE CONTROL TERRESTRE DESAGUADERO","SOYA, grano",75000,"GRANEL","BOLIVIA"
"1199","2022",9,"OFICINA PUESTO DE CONTROL MARITIMO - PROV. CONST. DEL CALLAO","PINO, madera aserrada con algún proceso de la CRF2",23731,"PAQUETES","CHILE"
"1200","2022",9,"PUESTO DE CONTROL TERRESTRE DESAGUADERO","SOYA, torta",99000,"GRANEL","BOLIVIA"
"1201","2022",9,"OFICINA PUESTO DE CONTROL MARITIMO - PROV. CONST. DEL CALLAO","UVA (PASAS), secas industrialmente",25000,"CAJA(S)","ARGENTINA"
"1202","2022",9,"OFICINA PUESTO DE CONTROL MARITIMO - PROV. CONST. DEL CALLAO","TRIGO, gluten",20000,"SACO(S)","FRANCIA"
"1203","2022",9,"PUESTO DE CONTROL TERRESTRE DESAGUADERO","SOYA, torta",174000,"SACO(S)","BOLIVIA"
"1204","2022",9,"OFICINA PUESTO DE CONTROL AEREO -  PROV. CONST. DEL CALLAO","SANDIA, semilla",6.262,"SACHETS","HOLANDA"
"1205","2022",9,"OFICINA PUESTO DE CONTROL AEREO -  PROV. CONST. DEL CALLAO","ZAPALLO KABUTIA (CALABAZA KABUTIA),semilla",51.342,"SACHETS","HOLANDA"
"1206","2022",9,"OFICINA PUESTO DE CONTROL AEREO -  PROV. CONST. DEL CALLAO","SANDIA, semilla",5.379,"SACHETS","EEUU"
"1207","2022",9,"OFICINA PUESTO DE CONTROL MARITIMO - PROV. CONST. DEL CALLAO","TRACTOR USADO, con motor de potencia superior a 33 kW pero inferior o igual a 75 kW",10398.961,"UNIDADES","CHINA"
"1208","2022",9,"SANTA ROSA, TACNA","MAIZ REVENTON, grano",56000,"SACO(S)","ARGENTINA"
"1209","2022",9,"OFICINA PUESTO DE CONTROL MARITIMO - PROV. CONST. DEL CALLAO","PINO, postes de madera con algun proceso de la CRF 2",154970,"PIEZAS","CHILE"
"1210","2022",9,"OFICINA PUESTO DE CONTROL MARITIMO - PROV. CONST. DEL CALLAO","LAUREL, hoja seca al natural",5200,"SACO(S)","ESPAÑA"
"1211","2022",9,"OFICINA PUESTO DE CONTROL MARITIMO - PROV. CONST. DEL CALLAO","PINO, postes de madera con algun proceso de la CRF 2",145250,"PIEZAS","CHILE"
"1212","2022",9,"PUESTO DE CONTROL TERRESTRE DESAGUADERO","SOYA, torta",115500,"SACO(S)","BOLIVIA"
"1213","2022",9,"OFICINA PUESTO DE CONTROL MARITIMO - PROV. CONST. DEL CALLAO","COCO, fibra (para sustrato)",138060,"BOLSAS","SRI LANKA"
"1214","2022",9,"OFICINA PUESTO DE CONTROL MARITIMO - PROV. CONST. DEL CALLAO","MAIZ, harina",1000,"SACO(S)","FRANCIA"
"1215","2022",9,"OFICINA PUESTO DE CONTROL MARITIMO - PROV. CONST. DEL CALLAO","TRIGO, germen en polvo",600,"SACO(S)","FRANCIA"
"1216","2022",9,"OFICINA PUESTO DE CONTROL MARITIMO - PROV. CONST. DEL CALLAO","CAUCHO, técnicamente especificado (TSNR)",20160,"PALETAS","COLOMBIA"
"1217","2022",9,"PUERTO DE SALAVERRY, LA LIBERTAD","SOYA, torta",8400000,"GRANEL","CHILE"
"1218","2022",9,"OFICINA PUESTO DE CONTROL MARITIMO - PROV. CONST. DEL CALLAO","TURBA",52950,"BIG BAG","LETONIA"
"1219","2022",9,"OFICINA PUESTO DE CONTROL MARITIMO - PROV. CONST. DEL CALLAO","ALMENDRA, sin cáscara secado al natural",19958.4,"CAJA(S)","EEUU"
"1220","2022",9,"PUERTO DE SALAVERRY, LA LIBERTAD","MAIZ AMARILLO DURO, grano",12002080,"GRANEL","ARGENTINA"
"1221","2022",9,"OFICINA PUESTO DE CONTROL AEREO -  PROV. CONST. DEL CALLAO","GERBERA, planta",164,"CAJA(S)","HOLANDA"
"1222","2022",9,"PUESTO DE CONTROL TERRESTRE DESAGUADERO","AZUCAR BLANCA O REFINADA (lectura polarimetrica mayor 99.5°)",112000,"SACO(S)","BOLIVIA"
"1223","2022",9,"PUESTO DE CONTROL TERRESTRE DESAGUADERO","AZUCAR BLANCA O REFINADA (lectura polarimetrica mayor 99.5°)",112000,"SACO(S)","BOLIVIA"
"1224","2022",9,"PUESTO DE CONTROL TERRESTRE DESAGUADERO","AZUCAR BLANCA O REFINADA (lectura polarimetrica mayor 99.5°)",112000,"SACO(S)","BOLIVIA"
"1225","2022",9,"PUESTO DE CONTROL TERRESTRE DESAGUADERO","AZUCAR BLANCA O REFINADA (lectura polarimetrica mayor 99.5°)",112000,"SACO(S)","BOLIVIA"
"1226","2022",9,"PUESTO DE CONTROL TERRESTRE DESAGUADERO","AZUCAR BLANCA O REFINADA (lectura polarimetrica mayor 99.5°)",112000,"SACO(S)","BOLIVIA"
"1227","2022",9,"PUESTO DE CONTROL TERRESTRE DESAGUADERO","SOYA, torta",84000,"GRANEL","BOLIVIA"
"1228","2022",9,"PUESTO DE CONTROL TERRESTRE DESAGUADERO","SOYA, torta",54920,"GRANEL","BOLIVIA"
"1229","2022",9,"PUESTO DE CONTROL TERRESTRE DESAGUADERO","SOYA, torta",87110,"GRANEL","BOLIVIA"
"1230","2022",9,"PUESTO DE CONTROL TERRESTRE DESAGUADERO","SOYA, torta",56000,"GRANEL","BOLIVIA"
"1231","2022",9,"PUESTO DE CONTROL TERRESTRE DESAGUADERO","SOYA, torta",28000,"GRANEL","BOLIVIA"
"1232","2022",9,"OFICINA PUESTO DE CONTROL MARITIMO - PROV. CONST. DEL CALLAO","CORCHO, tapones",756.2,"CAJA(S)","PORTUGAL"
"1233","2022",9,"SANTA ROSA, TACNA","UVA (PASAS), secas industrialmente",20000,"CAJA(S)","CHILE"
"1234","2022",9,"OFICINA PUESTO DE CONTROL MARITIMO - PROV. CONST. DEL CALLAO","ARROZ, grano pilado",5e+05,"GRANEL","URUGUAY"
"1235","2022",9,"OFICINA PUESTO DE CONTROL MARITIMO - PROV. CONST. DEL CALLAO","ARROZ, grano pilado",250000,"SACO(S)","URUGUAY"
"1236","2022",9,"OFICINA PUESTO DE CONTROL MARITIMO - PROV. CONST. DEL CALLAO","ARROZ, parbolizado pulido o sin cáscara",2e+05,"SACO(S)","URUGUAY"
"1237","2022",9,"PUESTO DE CONTROL TERRESTRE DESAGUADERO","SOYA, grano",55700,"GRANEL","BOLIVIA"
"1238","2022",9,"PUESTO DE CONTROL TERRESTRE DESAGUADERO","SOYA, grano",27000,"GRANEL","BOLIVIA"
"1239","2022",9,"PUESTO DE CONTROL TERRESTRE DESAGUADERO","SOYA, grano",84000,"GRANEL","BOLIVIA"
"1240","2022",9,"PUESTO DE CONTROL TERRESTRE DESAGUADERO","SOYA, grano",84000,"GRANEL","BOLIVIA"
"1241","2022",9,"PUESTO DE CONTROL TERRESTRE DESAGUADERO","SOYA, grano",28500,"GRANEL","BOLIVIA"
"1242","2022",9,"PUESTO DE CONTROL TERRESTRE DESAGUADERO","SOYA, grano",48000,"GRANEL","BOLIVIA"
"1243","2022",9,"PUESTO DE CONTROL TERRESTRE DESAGUADERO","SOYA, grano",25000,"GRANEL","BOLIVIA"
"1244","2022",9,"PUESTO DE CONTROL TERRESTRE DESAGUADERO","SOYA, grano",27000,"GRANEL","BOLIVIA"
"1245","2022",9,"OFICINA PUESTO DE CONTROL AEREO -  PROV. CONST. DEL CALLAO","CORCHO, tapones",129.58,"CAJA(S)","CHILE"
"1246","2022",9,"PUESTO DE CONTROL TERRESTRE DESAGUADERO","MANI, grano sin cáscara",29000,"SACO(S)","BOLIVIA"
"1247","2022",9,"OFICINA PUESTO DE CONTROL MARITIMO - PROV. CONST. DEL CALLAO","VID, estaca enraizada",4825,"CAJA(S)","CHILE"
"1248","2022",9,"OFICINA PUESTO DE CONTROL MARITIMO - PROV. CONST. DEL CALLAO","VID, estaca enraizada",140.8,"CAJA(S)","CHILE"
"1249","2022",9,"PUESTO DE CONTROL TERRESTRE DESAGUADERO","SOYA, harina",115000,"SACO(S)","BOLIVIA"
"1250","2022",9,"PUESTO DE CONTROL TERRESTRE DESAGUADERO","SOYA, torta",55500,"GRANEL","BOLIVIA"
"1251","2022",9,"OFICINA PUESTO DE CONTROL MARITIMO - PROV. CONST. DEL CALLAO","AVENA, grano mondado, perlado, troceado o quebrantado",144000,"SACO(S)","CHILE"
"1252","2022",9,"OFICINA PUESTO DE CONTROL MARITIMO - PROV. CONST. DEL CALLAO","Articulos para fiestas de navidad que sean o contengan material vegetal
",1743,"UNIDADES","CHINA"
"1253","2022",9,"OFICINA PUESTO DE CONTROL MARITIMO - PROV. CONST. DEL CALLAO","Articulos para fiestas de navidad que sean o contengan material vegetal
",651.4,"CAJA(S)","CHIPRE"
"1254","2022",9,"OFICINA PUESTO DE CONTROL MARITIMO - PROV. CONST. DEL CALLAO","LENTEJA, grano",22997,"SACO(S)","EEUU"
"1255","2022",9,"PUESTO DE CONTROL TERRESTRE DESAGUADERO","SOYA, torta",145000,"SACO(S)","BOLIVIA"
"1256","2022",9,"PUESTO DE CONTROL TERRESTRE DESAGUADERO","SOYA, torta",49000,"GRANEL","BOLIVIA"
"1257","2022",9,"OFICINA PUESTO DE CONTROL MARITIMO - PROV. CONST. DEL CALLAO","ARROZ, grano pilado",150000,"SACO(S)","URUGUAY"
"1258","2022",9,"OFICINA PUESTO DE CONTROL AEREO -  PROV. CONST. DEL CALLAO","PIMIENTO, semilla",40.591,"SACHETS","CHILE"
"1259","2022",9,"OFICINA PUESTO DE CONTROL AEREO -  PROV. CONST. DEL CALLAO","MELON, semilla",12.556,"SACHETS","HOLANDA"
"1260","2022",9,"OFICINA PUESTO DE CONTROL AEREO -  PROV. CONST. DEL CALLAO","SANDIA, semilla",3.949,"SACHETS","EEUU"
"1261","2022",9,"OFICINA PUESTO DE CONTROL AEREO -  PROV. CONST. DEL CALLAO","SANDIA, semilla",2.388,"SACHETS","HOLANDA"
"1262","2022",9,"OFICINA PUESTO DE CONTROL AEREO -  PROV. CONST. DEL CALLAO","SANDIA, semilla",0.71,"SACHETS","HOLANDA"
"1263","2022",9,"OFICINA PUESTO DE CONTROL AEREO -  PROV. CONST. DEL CALLAO","PEPINILLO, semilla",0.608,"SACHETS","HOLANDA"
"1264","2022",9,"OFICINA PUESTO DE CONTROL AEREO -  PROV. CONST. DEL CALLAO","MELON, semilla",0.09,"SACHETS","HOLANDA"
"1265","2022",9,"OFICINA PUESTO DE CONTROL AEREO -  PROV. CONST. DEL CALLAO","PEPINILLO, semilla",3.085369,"SACHETS","HOLANDA"
"1266","2022",9,"OFICINA PUESTO DE CONTROL MARITIMO - PROV. CONST. DEL CALLAO","UVA (PASAS), secas naturalmente",39000,"CAJA(S)","ARGENTINA"
"1267","2022",9,"OFICINA PUESTO DE CONTROL MARITIMO - PROV. CONST. DEL CALLAO","ALGODON, fibra sin cardar ni peinar (>22.22 mm = o <28.57 mm)",37800,"FARDOS","EEUU"
"1268","2022",9,"PUESTO DE CONTROL TERRESTRE DESAGUADERO","SOYA, grano",56000,"GRANEL","BOLIVIA"
"1269","2022",9,"PUESTO DE CONTROL TERRESTRE DESAGUADERO","SOYA, grano",28000,"GRANEL","BOLIVIA"
"1270","2022",9,"PUESTO DE CONTROL TERRESTRE DESAGUADERO","SOYA, grano",111500,"GRANEL","BOLIVIA"
"1271","2022",9,"PUESTO DE CONTROL TERRESTRE DESAGUADERO","SOYA, grano",55000,"GRANEL","BOLIVIA"
"1272","2022",9,"OFICINA PUESTO DE CONTROL MARITIMO - PROV. CONST. DEL CALLAO","FLOR DE JAMAICA, seca natural",52000,"SACO(S)","EGYPTO"
"1273","2022",9,"PUESTO DE CONTROL TERRESTRE DESAGUADERO","SOYA, torta",116000,"SACO(S)","BOLIVIA"
"1274","2022",9,"PUESTO DE CONTROL TERRESTRE DESAGUADERO","SOYA, torta",116000,"SACO(S)","BOLIVIA"
"1275","2022",9,"OFICINA PUESTO DE CONTROL MARITIMO - PROV. CONST. DEL CALLAO","FREJOL CASTILLA (=FREJOL CAUPI), grano",20000,"BIG BAG","PERU"
"1276","2022",9,"OFICINA PUESTO DE CONTROL MARITIMO - PROV. CONST. DEL CALLAO","FREJOL CASTILLA (=FREJOL CAUPI), grano",20000,"BIG BAG","PERU"
"1277","2022",9,"PUESTO DE CONTROL TERRESTRE DESAGUADERO","SOYA, torta",51000,"GRANEL","BOLIVIA"
"1278","2022",9,"PUESTO DE CONTROL TERRESTRE DESAGUADERO","SOYA, torta",51000,"GRANEL","BOLIVIA"
"1279","2022",9,"PUESTO DE CONTROL TERRESTRE DESAGUADERO","SOYA, torta",114000,"GRANEL","BOLIVIA"
"1280","2022",9,"PUESTO DE CONTROL TERRESTRE DESAGUADERO","SOYA, torta",57000,"GRANEL","BOLIVIA"
"1281","2022",9,"PUESTO DE CONTROL TERRESTRE DESAGUADERO","SOYA, torta",58520,"GRANEL","BOLIVIA"
"1282","2022",9,"PUESTO DE CONTROL TERRESTRE DESAGUADERO","SOYA, torta",27800,"GRANEL","BOLIVIA"
"1283","2022",9,"PUESTO DE CONTROL TERRESTRE DESAGUADERO","SOYA, torta",84240,"GRANEL","BOLIVIA"
"1284","2022",9,"OFICINA PUESTO DE CONTROL AEREO -  PROV. CONST. DEL CALLAO","PIMIENTO, semilla",0.012,"SACHETS","EEUU"
"1285","2022",9,"OFICINA PUESTO DE CONTROL AEREO -  PROV. CONST. DEL CALLAO","CHIA, grano",2,"BOLSAS","PARAGUAY"
"1286","2022",9,"OFICINA PUESTO DE CONTROL AEREO -  PROV. CONST. DEL CALLAO","CORCHO, tapones",0.1,"BOLSAS","EEUU"
"1287","2022",9,"PUESTO DE CONTROL- CEBAF","PAJA MACORA, paja seca al natural",1650,"FARDOS","ECUADOR"
"1288","2022",9,"OFICINA PUESTO DE CONTROL AEREO -  PROV. CONST. DEL CALLAO","TRIGO, harina",0.12,"PAQUETES","EEUU"
"1289","2022",9,"OFICINA PUESTO DE CONTROL AEREO -  PROV. CONST. DEL CALLAO","MAIZ, almidon",0.06,"SACHETS","EEUU"
"1290","2022",9,"OFICINA PUESTO DE CONTROL MARITIMO - PROV. CONST. DEL CALLAO","AZUCAR BLANCA O REFINADA (lectura polarimetrica mayor 99.5°)",132500,"SACO(S)","COLOMBIA"
"1291","2022",9,"OFICINA PUESTO DE CONTROL MARITIMO - PROV. CONST. DEL CALLAO","MANI, grano sin cáscara",24940,"SACO(S)","ARGENTINA"
"1292","2022",9,"OFICINA PUESTO DE CONTROL MARITIMO - PROV. CONST. DEL CALLAO","AVENA, grano mondado, perlado, troceado o quebrantado",144000,"SACO(S)","CHILE"
"1293","2022",9,"OFICINA PUESTO DE CONTROL MARITIMO - PROV. CONST. DEL CALLAO","Cultivadores, azadas rotativas( rotocultores), escardadoras y binadoras usadas
",3749.398,"UNIDADES","JAPON"
"1294","2022",9,"OFICINA PUESTO DE CONTROL MARITIMO - PROV. CONST. DEL CALLAO","LOS DEMAS TRACTORES USADOS, con motor de potencia inferior o igual a 18 kW (excepto las carretillas tractor de la partida 87.09)",6699.885,"UNIDADES","JAPON"
"1295","2022",9,"OFICINA PUESTO DE CONTROL MARITIMO - PROV. CONST. DEL CALLAO","HONGO, polvo",100,"CILINDROS","CHINA"
"1296","2022",9,"OFICINA PUESTO DE CONTROL MARITIMO - PROV. CONST. DEL CALLAO","TE VERDE",100,"CILINDROS","CHINA"
"1297","2022",9,"OFICINA PUESTO DE CONTROL MARITIMO - PROV. CONST. DEL CALLAO","FREJOL CANARIO, grano",69000,"SACO(S)","MEXICO"
"1298","2022",9,"PUESTO DE CONTROL TERRESTRE DESAGUADERO","SOYA, torta",84000,"SACO(S)","BOLIVIA"
"1299","2022",9,"OFICINA PUESTO DE CONTROL MARITIMO - PROV. CONST. DEL CALLAO","YUTE, tejido crudo",25373,"ROLLOS","INDIA"
"1300","2022",9,"OFICINA PUESTO DE CONTROL MARITIMO - PROV. CONST. DEL CALLAO","AZUCAR BLANCA O REFINADA (lectura polarimetrica mayor 99.5°)",258301.887,"BIG BAG","COLOMBIA"
"1301","2022",9,"OFICINA PUESTO DE CONTROL MARITIMO - PROV. CONST. DEL CALLAO","AZUCAR BLANCA O REFINADA (lectura polarimetrica mayor 99.5°)",83948.113,"SACO(S)","COLOMBIA"
"1302","2022",9,"OFICINA PUESTO DE CONTROL MARITIMO - PROV. CONST. DEL CALLAO","AZUCAR BLANCA O REFINADA (lectura polarimetrica mayor 99.5°)",79500,"SACO(S)","NICARAGUA"
"1303","2022",9,"OFICINA PUESTO DE CONTROL MARITIMO - PROV. CONST. DEL CALLAO","AZUCAR CRUDA, sólido",650000,"SACO(S)","NICARAGUA"
"1304","2022",9,"PUESTO DE CONTROL TERRESTRE DESAGUADERO","AZUCAR BLANCA O REFINADA (lectura polarimetrica mayor 99.5°)",87000,"SACO(S)","BOLIVIA"
"1305","2022",9,"PUESTO DE CONTROL TERRESTRE DESAGUADERO","AZUCAR BLANCA O REFINADA (lectura polarimetrica mayor 99.5°)",173000,"SACO(S)","BOLIVIA"
"1306","2022",9,"OFICINA PUESTO DE CONTROL MARITIMO - PROV. CONST. DEL CALLAO","AZUCAR BLANCA O REFINADA (lectura polarimetrica mayor 99.5°)",159000,"SACO(S)","GUATEMALA"
"1307","2022",9,"PUESTO DE CONTROL TERRESTRE DESAGUADERO","SOYA, torta",174000,"SACO(S)","BOLIVIA"
"1308","2022",9,"PUESTO DE CONTROL TERRESTRE DESAGUADERO","SOYA, harina",148500,"SACO(S)","BOLIVIA"
"1309","2022",9,"PUESTO DE CONTROL TERRESTRE DESAGUADERO","MANI, grano sin cáscara",58000,"SACO(S)","BOLIVIA"
"1310","2022",9,"PUESTO DE CONTROL TERRESTRE DESAGUADERO","MANI, grano sin cáscara",59980,"SACO(S)","BOLIVIA"
"1311","2022",9,"PUESTO DE CONTROL TERRESTRE DESAGUADERO","LINAZA, grano",30000,"SACO(S)","BOLIVIA"
"1312","2022",9,"PUESTO DE CONTROL TERRESTRE DESAGUADERO","AZUCAR BLANCA O REFINADA (lectura polarimetrica mayor 99.5°)",144000,"SACO(S)","BOLIVIA"
"1313","2022",9,"PUESTO DE CONTROL TERRESTRE DESAGUADERO","AZUCAR BLANCA O REFINADA (lectura polarimetrica mayor 99.5°)",115000,"SACO(S)","BOLIVIA"
"1314","2022",9,"PUESTO DE CONTROL TERRESTRE DESAGUADERO","SOYA, torta",56500,"GRANEL","BOLIVIA"
"1315","2022",9,"OFICINA PUESTO DE CONTROL AEREO -  PROV. CONST. DEL CALLAO","STEVIA, plantas in vitro",100,"TUBOS","JAPON"
"1316","2022",9,"OFICINA PUESTO DE CONTROL AEREO -  PROV. CONST. DEL CALLAO","CALABAZA MOSCADA, semilla",13.35,"SACHETS","ESPAÑA"
"1317","2022",9,"SANTA ROSA, TACNA","LOS DEMAS TRACTORES USADOS, con motor de potencia inferior o igual a 18 kW (excepto las carretillas tractor de la partida 87.09)",432.432,"UNIDADES","CHILE"
"1318","2022",9,"SANTA ROSA, TACNA","Las demas cortadoras de cesped  con motor, en las que el dispositivo de corte gire en un plano horizontal, usada
",50,"LOTE(S)","CHILE"
"1319","2022",9,"SANTA ROSA, TACNA","Las demas cortadoras de cesped  con motor, en las que el dispositivo de corte gire en un plano horizontal, usada
",50,"UNIDADES","CHILE"
"1320","2022",9,"SANTA ROSA, TACNA","LOS DEMAS TRACTORES USADOS, con motor de potencia inferior o igual a 18 kW (excepto las carretillas tractor de la partida 87.09)",800,"PAQUETES","CHILE"
"1321","2022",9,"SANTA ROSA, TACNA","LOS DEMAS TRACTORES USADOS, con motor de potencia inferior o igual a 18 kW (excepto las carretillas tractor de la partida 87.09)",800,"PIEZAS","CHILE"
"1322","2022",9,"SANTA ROSA, TACNA","LOS DEMAS TRACTORES USADOS, con motor de potencia inferior o igual a 18 kW (excepto las carretillas tractor de la partida 87.09)",1000,"CAJA(S)","CHILE"
"1323","2022",9,"PUESTO DE CONTROL TERRESTRE DESAGUADERO","SOYA, torta",85900,"GRANEL","BOLIVIA"
"1324","2022",9,"OFICINA PUESTO DE CONTROL MARITIMO - PROV. CONST. DEL CALLAO","ALGODON, fibra sin cardar ni peinar (>28.57 mm = o <34.92 mm)",118930,"FARDOS","EEUU"
"1325","2022",9,"OFICINA PUESTO DE CONTROL MARITIMO - PROV. CONST. DEL CALLAO","PINO, madera aserrada con algún proceso de la CRF2",63666,"PAQUETES","CHILE"
"1326","2022",9,"PUESTO DE CONTROL- CEBAF","ROSA, flores frescas cortadas",3800,"CAJA(S)","ECUADOR"
"1327","2022",9,"PUESTO DE CONTROL- CEBAF","CLAVEL, flores frescas cortadas",1025,"CAJA(S)","ECUADOR"
"1328","2022",9,"PUESTO DE CONTROL- CEBAF","LILIUM (=AZUCENA), flores frescas cortadas",266,"CAJA(S)","ECUADOR"
"1329","2022",9,"PUESTO DE CONTROL TERRESTRE DESAGUADERO","SOYA, torta",206000,"SACO(S)","BOLIVIA"
"1330","2022",9,"PUESTO DE CONTROL TERRESTRE DESAGUADERO","SOYA, torta",147000,"SACO(S)","BOLIVIA"
"1331","2022",9,"PUERTO DE PAITA , PIURA","COMINO, grano",52000,"SACO(S)","INDIA"
"1332","2022",9,"OFICINA PUESTO DE CONTROL AEREO -  PROV. CONST. DEL CALLAO","LUPULO, pellets",10,"CAJA(S)","EEUU"
"1333","2022",9,"OFICINA PUESTO DE CONTROL MARITIMO - PROV. CONST. DEL CALLAO","ALGODON, fibra sin cardar ni peinar (>28.57 mm = o <34.92 mm)",39470,"FARDOS","EEUU"
"1334","2022",9,"OFICINA PUESTO DE CONTROL MARITIMO - PROV. CONST. DEL CALLAO","ALGODON, fibra sin cardar ni peinar (>28.57 mm = o <34.92 mm)",19260,"FARDOS","EEUU"
"1335","2022",9,"OFICINA PUESTO DE CONTROL MARITIMO - PROV. CONST. DEL CALLAO","TURBA",75580,"FARDOS","LETONIA"
"1336","2022",9,"PUESTO DE CONTROL- CEBAF","PIMIENTA, grano seco al natural",5000,"SACO(S)","ECUADOR"
"1337","2022",9,"OFICINA PUESTO DE CONTROL MARITIMO - PROV. CONST. DEL CALLAO","ARROZ, parbolizado pulido o sin cáscara",255000,"SACO(S)","BRASIL"
"1338","2022",9,"PUESTO DE CONTROL TERRESTRE DESAGUADERO","SOYA, torta",27050,"GRANEL","BOLIVIA"
"1339","2022",9,"PUESTO DE CONTROL TERRESTRE DESAGUADERO","SOYA, torta",28200,"GRANEL","BOLIVIA"
"1340","2022",9,"PUESTO DE CONTROL TERRESTRE DESAGUADERO","SOYA, torta",50760,"GRANEL","BOLIVIA"
"1341","2022",9,"PUESTO DE CONTROL TERRESTRE DESAGUADERO","SOYA, torta",55200,"GRANEL","BOLIVIA"
"1342","2022",9,"PUESTO DE CONTROL TERRESTRE DESAGUADERO","SOYA, torta",112280,"GRANEL","BOLIVIA"
"1343","2022",9,"PUESTO DE CONTROL TERRESTRE DESAGUADERO","SOYA, torta",143710,"GRANEL","BOLIVIA"
"1344","2022",9,"PUESTO DE CONTROL TERRESTRE DESAGUADERO","SOYA, torta",112000,"GRANEL","BOLIVIA"
"1345","2022",9,"PUESTO DE CONTROL TERRESTRE DESAGUADERO","SOYA, torta",86060,"GRANEL","BOLIVIA"
"1346","2022",9,"PUESTO DE CONTROL TERRESTRE DESAGUADERO","SOYA, torta",169730,"GRANEL","BOLIVIA"
"1347","2022",9,"OFICINA PUESTO DE CONTROL MARITIMO - PROV. CONST. DEL CALLAO","UVA (PASAS), secas naturalmente",24500,"CAJA(S)","ARGENTINA"
"1348","2022",9,"PUESTO DE CONTROL TERRESTRE DESAGUADERO","SOYA, torta",172500,"SACO(S)","BOLIVIA"
"1349","2022",9,"OFICINA PUESTO DE CONTROL MARITIMO - PROV. CONST. DEL CALLAO","PAPA, fécula",1e+05,"BOLSAS","ALEMANIA"
"1350","2022",9,"OFICINA PUESTO DE CONTROL MARITIMO - PROV. CONST. DEL CALLAO","LENTEJA, grano",105187,"BOLSAS","CANADA"
"1351","2022",9,"IÑAPARI, MADRE DE DIOS","NUEZ DEL BRASIL, con cáscara seca al natural",28140,"SACO(S)","BRASIL"
"1352","2022",9,"OFICINA PUESTO DE CONTROL AEREO -  PROV. CONST. DEL CALLAO","YUCA, harina",10000,"BOLSAS","CANADA"
"1353","2022",9,"OFICINA PUESTO DE CONTROL AEREO -  PROV. CONST. DEL CALLAO","YUCA, harina",5000,"BOLSAS","CANADA"
"1354","2022",9,"PUESTO DE CONTROL TERRESTRE DESAGUADERO","SOYA, torta",112000,"GRANEL","BOLIVIA"
"1355","2022",9,"PUESTO DE CONTROL TERRESTRE DESAGUADERO","SOYA, torta",56500,"GRANEL","BOLIVIA"
"1356","2022",9,"OFICINA PUESTO DE CONTROL MARITIMO - PROV. CONST. DEL CALLAO","GARBANZO, grano",72000,"SACO(S)","MEXICO"
"1357","2022",9,"PUESTO DE CONTROL TERRESTRE DESAGUADERO","SOYA, torta",145000,"SACO(S)","BOLIVIA"
"1358","2022",9,"SANTA ROSA, TACNA","UVA (PASAS), secas industrialmente",25000,"CAJA(S)","CHILE"
"1359","2022",9,"SANTA ROSA, TACNA","UVA (PASAS), secas industrialmente",25000,"CAJA(S)","CHILE"
"1360","2022",9,"PUESTO DE CONTROL TERRESTRE DESAGUADERO","SOYA, torta",144000,"SACO(S)","BOLIVIA"
"1361","2022",9,"PUESTO DE CONTROL TERRESTRE DESAGUADERO","SOYA, grano",50000,"GRANEL","BOLIVIA"
"1362","2022",9,"PUESTO DE CONTROL TERRESTRE DESAGUADERO","SOYA, grano",54000,"GRANEL","BOLIVIA"
"1363","2022",9,"PUESTO DE CONTROL TERRESTRE DESAGUADERO","SOYA, grano",75000,"GRANEL","BOLIVIA"
"1364","2022",9,"PUESTO DE CONTROL TERRESTRE DESAGUADERO","SOYA, grano",45000,"GRANEL","BOLIVIA"
"1365","2022",9,"PUESTO DE CONTROL TERRESTRE DESAGUADERO","SOYA, grano",55000,"GRANEL","BOLIVIA"
"1366","2022",9,"PUESTO DE CONTROL TERRESTRE DESAGUADERO","SOYA, grano",27980,"GRANEL","BOLIVIA"
"1367","2022",9,"PUESTO DE CONTROL TERRESTRE DESAGUADERO","SOYA, grano",27980,"GRANEL","BOLIVIA"
"1368","2022",9,"PUESTO DE CONTROL TERRESTRE DESAGUADERO","SOYA, grano",50000,"GRANEL","BOLIVIA"
"1369","2022",9,"PUESTO DE CONTROL TERRESTRE DESAGUADERO","SOYA, grano",27000,"GRANEL","BOLIVIA"
"1370","2022",9,"PUESTO DE CONTROL TERRESTRE DESAGUADERO","SOYA, grano",27000,"GRANEL","BOLIVIA"
"1371","2022",9,"PUESTO DE CONTROL TERRESTRE DESAGUADERO","SOYA, grano",20000,"GRANEL","BOLIVIA"
"1372","2022",9,"PUESTO DE CONTROL TERRESTRE DESAGUADERO","SOYA, grano",27000,"GRANEL","BOLIVIA"
"1373","2022",9,"PUESTO DE CONTROL TERRESTRE DESAGUADERO","SOYA, grano",50000,"GRANEL","BOLIVIA"
"1374","2022",9,"PUESTO DE CONTROL TERRESTRE DESAGUADERO","SOYA, grano",28000,"GRANEL","BOLIVIA"
"1375","2022",9,"PUESTO DE CONTROL TERRESTRE DESAGUADERO","SOYA, grano",28000,"GRANEL","BOLIVIA"
"1376","2022",9,"PUESTO DE CONTROL TERRESTRE DESAGUADERO","SOYA, grano",84000,"GRANEL","BOLIVIA"
"1377","2022",9,"PUESTO DE CONTROL TERRESTRE DESAGUADERO","SOYA, torta",111980,"GRANEL","BOLIVIA"
"1378","2022",9,"PUESTO DE CONTROL TERRESTRE DESAGUADERO","SOYA, torta",84500,"GRANEL","BOLIVIA"
"1379","2022",9,"OFICINA PUESTO DE CONTROL MARITIMO - PROV. CONST. DEL CALLAO","AZUCAR BLANCA O REFINADA (lectura polarimetrica mayor 99.5°)",26500,"SACO(S)","COLOMBIA"
"1380","2022",9,"OFICINA PUESTO DE CONTROL MARITIMO - PROV. CONST. DEL CALLAO","AZUCAR BLANCA O REFINADA (lectura polarimetrica mayor 99.5°)",265000,"SACO(S)","COLOMBIA"
"1381","2022",9,"PUESTO DE CONTROL TERRESTRE DESAGUADERO","SOYA, torta",84000,"SACO(S)","BOLIVIA"
"1382","2022",9,"PUESTO DE CONTROL TERRESTRE DESAGUADERO","SOYA, torta",100770,"GRANEL","BOLIVIA"
"1383","2022",9,"PUESTO DE CONTROL TERRESTRE DESAGUADERO","SOYA, torta",111950,"GRANEL","BOLIVIA"
"1384","2022",9,"SANTA ROSA, TACNA","MAIZ REVENTON, grano",112000,"SACO(S)","ARGENTINA"
"1385","2022",9,"PUESTO DE CONTROL TERRESTRE DESAGUADERO","SOYA, harina",76000,"SACO(S)","BOLIVIA"
"1386","2022",9,"OFICINA PUESTO DE CONTROL MARITIMO - PROV. CONST. DEL CALLAO","Articulos para fiestas de navidad que sean o contengan material vegetal
",1665.2,"CAJA(S)","CHINA"
"1387","2022",9,"OFICINA PUESTO DE CONTROL MARITIMO - PROV. CONST. DEL CALLAO","PINO, madera aserrada con tratamiento de secado al horno impregnación de sales",82003.05,"PAQUETES","CHILE"
"1388","2022",9,"OFICINA PUESTO DE CONTROL MARITIMO - PROV. CONST. DEL CALLAO","ARROZ, parbolizado pulido o sin cáscara",130000,"SACO(S)","BRASIL"
"1389","2022",9,"PUESTO DE CONTROL TERRESTRE DESAGUADERO","MANI, grano sin cáscara",90000,"SACO(S)","BOLIVIA"
"1390","2022",9,"PUESTO DE CONTROL TERRESTRE DESAGUADERO","SOYA, grano",28000,"GRANEL","BOLIVIA"
"1391","2022",9,"PUESTO DE CONTROL TERRESTRE DESAGUADERO","SOYA, grano",58000,"GRANEL","BOLIVIA"
"1392","2022",9,"OFICINA PUESTO DE CONTROL MARITIMO - PROV. CONST. DEL CALLAO","FREJOL CANARIO, grano",46000,"SACO(S)","MEXICO"
"1393","2022",9,"PUESTO DE CONTROL TERRESTRE DESAGUADERO","SOYA, torta",117500,"SACO(S)","BOLIVIA"
"1394","2022",9,"PUESTO DE CONTROL TERRESTRE DESAGUADERO","SOYA, torta",174000,"SACO(S)","BOLIVIA"
"1395","2022",9,"PUESTO DE CONTROL TERRESTRE DESAGUADERO","SOYA, torta",145500,"SACO(S)","BOLIVIA"
"1396","2022",9,"PUESTO DE CONTROL TERRESTRE DESAGUADERO","SOYA, torta",147000,"SACO(S)","BOLIVIA"
"1397","2022",9,"PUESTO DE CONTROL TERRESTRE DESAGUADERO","SOYA, torta",115500,"SACO(S)","BOLIVIA"
"1398","2022",9,"PUESTO DE CONTROL TERRESTRE DESAGUADERO","SOYA, torta",149000,"SACO(S)","BOLIVIA"
"1399","2022",9,"PUESTO DE CONTROL TERRESTRE DESAGUADERO","SOYA, torta",140000,"SACO(S)","BOLIVIA"
"1400","2022",9,"PUESTO DE CONTROL TERRESTRE DESAGUADERO","SOYA, torta",169850,"SACO(S)","BOLIVIA"
"1401","2022",9,"OFICINA PUESTO DE CONTROL MARITIMO - PROV. CONST. DEL CALLAO","CAUCHO, técnicamente especificado (TSNR)",40320,"PIEZAS","INDONESIA"
"1402","2022",9,"PUESTO DE CONTROL TERRESTRE DESAGUADERO","SOYA, torta",147000,"SACO(S)","BOLIVIA"
"1403","2022",9,"OFICINA PUESTO DE CONTROL MARITIMO - PROV. CONST. DEL CALLAO","AVENA, grano aplastado o en copos (hojuelas)",115000,"SACO(S)","CHILE"
"1404","2022",9,"PUESTO DE CONTROL TERRESTRE DESAGUADERO","SOYA, torta",57000,"GRANEL","BOLIVIA"
"1405","2022",9,"OFICINA PUESTO DE CONTROL MARITIMO - PROV. CONST. DEL CALLAO","CAUCHO, técnicamente especificado (TSNR)",40320,"PALETAS","COLOMBIA"
"1406","2022",9,"OFICINA PUESTO DE CONTROL MARITIMO - PROV. CONST. DEL CALLAO","CORCHO, tapones",13.98,"UNIDADES","ITALIA"
"1407","2022",9,"OFICINA PUESTO DE CONTROL MARITIMO - PROV. CONST. DEL CALLAO","MAIZ, almidon",24750,"BOLSAS","BRASIL"
"1408","2022",9,"PUESTO DE CONTROL TERRESTRE DESAGUADERO","MANI, grano sin cáscara",30000,"SACO(S)","BOLIVIA"
"1409","2022",9,"PUESTO DE CONTROL- CEBAF","CAÑA DE GUAYAQUIL, seca al natural",22000,"UNIDADES","ECUADOR"
"1410","2022",9,"PUESTO DE CONTROL TERRESTRE DESAGUADERO","AJONJOLI, grano",30000,"SACO(S)","BOLIVIA"
"1411","2022",9,"OFICINA PUESTO DE CONTROL MARITIMO - PROV. CONST. DEL CALLAO","UVA (PASAS), secas industrialmente",21000,"CAJA(S)","CHILE"
"1412","2022",9,"OFICINA PUESTO DE CONTROL MARITIMO - PROV. CONST. DEL CALLAO","UVA (PASAS), secas industrialmente",21000,"CAJA(S)","CHILE"
"1413","2022",9,"PUERTO DE PAITA , PIURA","COCO, fibra (para sustrato)",126550,"PALETAS","SRI LANKA"
"1414","2022",9,"PUERTO DE PAITA , PIURA","COCO, fibra (para sustrato)",203555,"PALETAS","SRI LANKA"
"1415","2022",9,"PUESTO DE CONTROL- CEBAF","CAÑA DE GUAYAQUIL, seca al natural",34000,"UNIDADES","ECUADOR"
"1416","2022",9,"OFICINA PUESTO DE CONTROL MARITIMO - PROV. CONST. DEL CALLAO","ALGODON, fibra sin cardar ni peinar (>22.22 mm = o <28.57 mm)",140200,"FARDOS","EEUU"
"1417","2022",9,"OFICINA PUESTO DE CONTROL MARITIMO - PROV. CONST. DEL CALLAO","PIMIENTA, grano seco al natural",27000,"SACO(S)","BRASIL"
"1418","2022",9,"SANTA ROSA, TACNA","UVA (PASAS), secas naturalmente",24500,"CAJA(S)","ARGENTINA"
"1419","2022",9,"PUESTO DE CONTROL TERRESTRE DESAGUADERO","AZUCAR BLANCA O REFINADA (lectura polarimetrica mayor 99.5°)",56000,"SACO(S)","BOLIVIA"
"1420","2022",9,"PUESTO DE CONTROL TERRESTRE DESAGUADERO","SOYA, harina",116000,"SACO(S)","BOLIVIA"
"1421","2022",9,"OFICINA PUESTO DE CONTROL MARITIMO - PROV. CONST. DEL CALLAO","PERA, fruta fresca",24210.9,"CAJA(S)","ARGENTINA"
"1422","2022",9,"OFICINA PUESTO DE CONTROL AEREO -  PROV. CONST. DEL CALLAO","SANDIA, semilla",17.3,"BOLSAS","EEUU"
"1423","2022",9,"OFICINA PUESTO DE CONTROL MARITIMO - PROV. CONST. DEL CALLAO","LENTEJA, grano",105130,"SACO(S)","CANADA"
"1424","2022",9,"OFICINA PUESTO DE CONTROL MARITIMO - PROV. CONST. DEL CALLAO","AZUCAR CRUDA, sólido",250000,"SACO(S)","HONDURAS"
"1425","2022",9,"OFICINA PUESTO DE CONTROL MARITIMO - PROV. CONST. DEL CALLAO","AZUCAR CRUDA, sólido",75000,"SACO(S)","HONDURAS"
"1426","2022",9,"PUESTO DE CONTROL TERRESTRE DESAGUADERO","SOYA, torta",82680,"GRANEL","BOLIVIA"
"1427","2022",9,"PUESTO DE CONTROL TERRESTRE DESAGUADERO","SOYA, torta",58000,"GRANEL","BOLIVIA"
"1428","2022",9,"PUESTO DE CONTROL TERRESTRE DESAGUADERO","SOYA, torta",53350,"GRANEL","BOLIVIA"
"1429","2022",9,"PUESTO DE CONTROL TERRESTRE DESAGUADERO","GIRASOL, torta",85160,"GRANEL","BOLIVIA"
"1430","2022",9,"PUESTO DE CONTROL TERRESTRE DESAGUADERO","SOYA, torta",59140,"GRANEL","BOLIVIA"
"1431","2022",9,"PUESTO DE CONTROL TERRESTRE DESAGUADERO","SOYA, torta",84000,"GRANEL","BOLIVIA"
"1432","2022",9,"PUESTO DE CONTROL TERRESTRE DESAGUADERO","SOYA, harina",20087,"SACO(S)","BOLIVIA"
"1433","2022",9,"PUESTO DE CONTROL TERRESTRE DESAGUADERO","SOYA, torta",24000,"GRANEL","BOLIVIA"
"1434","2022",9,"OFICINA PUESTO DE CONTROL MARITIMO - PROV. CONST. DEL CALLAO","TURBA",251561.4,"BIG BAG","LETONIA"
"1435","2022",9,"OFICINA PUESTO DE CONTROL MARITIMO - PROV. CONST. DEL CALLAO","TRIGO, semola",44000,"SACO(S)","MEXICO"
"1436","2022",9,"OFICINA PUESTO DE CONTROL MARITIMO - PROV. CONST. DEL CALLAO","UVA (PASAS), secas industrialmente",25000,"CAJA(S)","ARGENTINA"
"1437","2022",9,"OFICINA PUESTO DE CONTROL MARITIMO - PROV. CONST. DEL CALLAO","UVA (PASAS), secas industrialmente",25000,"CAJA(S)","ARGENTINA"
"1438","2022",9,"OFICINA PUESTO DE CONTROL MARITIMO - PROV. CONST. DEL CALLAO","PAPA, fécula",110000,"BOLSAS","ALEMANIA"
"1439","2022",9,"SANTA ROSA, TACNA","MANZANA, fruto fresco",22344,"CAJA(S)","CHILE"
"1440","2022",9,"SANTA ROSA, TACNA","MANZANA, fruto fresco",22344,"CAJA(S)","CHILE"
"1441","2022",9,"OFICINA PUESTO DE CONTROL MARITIMO - PROV. CONST. DEL CALLAO","PINO, madera aserrada con tratamiento de secado al horno impregnación de sales",90280,"PAQUETES","CHILE"
"1442","2022",9,"OFICINA PUESTO DE CONTROL MARITIMO - PROV. CONST. DEL CALLAO","PINO, madera aserrada con tratamiento de secado al horno impregnación de sales",263180,"PAQUETES","CHILE"
"1443","2022",9,"OFICINA PUESTO DE CONTROL MARITIMO - PROV. CONST. DEL CALLAO","COCO, fibra (para sustrato)",112671,"PALETAS","SRI LANKA"
"1444","2022",9,"OFICINA PUESTO DE CONTROL MARITIMO - PROV. CONST. DEL CALLAO","PINO, madera aserrada con algún proceso de la CRF2",209080,"PAQUETES","CHILE"
"1445","2022",9,"PUESTO DE CONTROL- CEBAF","ROSA, flores frescas cortadas",4000,"CAJA(S)","ECUADOR"
"1446","2022",9,"PUESTO DE CONTROL- CEBAF","CLAVEL, flores frescas cortadas",1000,"CAJA(S)","ECUADOR"
"1447","2022",9,"OFICINA PUESTO DE CONTROL MARITIMO - PROV. CONST. DEL CALLAO","TURBA",24104,"BIG BAG","HOLANDA"
"1448","2022",9,"SANTA ROSA, TACNA","MANZANA, fruto fresco",23520,"CAJA(S)","CHILE"
"1449","2022",9,"OFICINA PUESTO DE CONTROL MARITIMO - PROV. CONST. DEL CALLAO","GARBANZO, grano",46000,"SACO(S)","MEXICO"
"1450","2022",9,"IÑAPARI, MADRE DE DIOS","MAIZ AMARILLO DURO, grano",30000,"SACO(S)","BRASIL"
"1451","2022",9,"IÑAPARI, MADRE DE DIOS","MAIZ AMARILLO DURO, grano",32000,"SACO(S)","BRASIL"
"1452","2022",9,"IÑAPARI, MADRE DE DIOS","MAIZ AMARILLO DURO, grano",30000,"SACO(S)","BRASIL"
"1453","2022",9,"OFICINA PUESTO DE CONTROL MARITIMO - PROV. CONST. DEL CALLAO","AVENA, grano aplastado o en copos (hojuelas)",130000,"SACO(S)","CHILE"
"1454","2022",9,"OFICINA PUESTO DE CONTROL MARITIMO - PROV. CONST. DEL CALLAO","MADERA, encofrados para hormigon, de madera con algún proceso de la CRF2
",15275,"PIEZAS","ALEMANIA"
"1455","2022",9,"OFICINA PUESTO DE CONTROL MARITIMO - PROV. CONST. DEL CALLAO","AZUCAR CRUDA, sólido",125000,"SACO(S)","GUATEMALA"
"1456","2022",9,"OFICINA PUESTO DE CONTROL MARITIMO - PROV. CONST. DEL CALLAO","AZUCAR CRUDA, sólido",125000,"SACO(S)","GUATEMALA"
"1457","2022",9,"OFICINA PUESTO DE CONTROL MARITIMO - PROV. CONST. DEL CALLAO","AZUCAR CRUDA, sólido",250000,"SACO(S)","GUATEMALA"
"1458","2022",9,"PUESTO DE CONTROL TERRESTRE DESAGUADERO","AZUCAR BLANCA O REFINADA (lectura polarimetrica mayor 99.5°)",143000,"SACO(S)","BOLIVIA"
"1459","2022",9,"OFICINA PUESTO DE CONTROL MARITIMO - PROV. CONST. DEL CALLAO","ALGODON, fibra sin cardar ni peinar (>28.57 mm = o <34.92 mm)",39180,"FARDOS","EEUU"
"1460","2022",9,"OFICINA PUESTO DE CONTROL MARITIMO - PROV. CONST. DEL CALLAO","TURBA",38960,"FARDOS","CANADA"
"1461","2022",9,"PUERTO DE PISCO , ICA","PINO, postes de madera con algun proceso de la CRF 2",48554,"PIEZAS","EEUU"
"1462","2022",9,"SANTA ROSA, TACNA","MAIZ REVENTON, grano",28000,"SACO(S)","ARGENTINA"
"1463","2022",9,"PUESTO DE CONTROL- CEBAF","PIMIENTA, grano seco al natural",12000,"SACO(S)","ECUADOR"
"1464","2022",9,"PUERTO DE SALAVERRY, LA LIBERTAD","MAIZ AMARILLO DURO, grano",18001330,"GRANEL","ARGENTINA"
"1465","2022",9,"OFICINA PUESTO DE CONTROL MARITIMO - PROV. CONST. DEL CALLAO","Articulos para fiestas de navidad que sean o contengan material vegetal
",1721.682,"CAJA(S)","CHINA"
"1466","2022",9,"PUESTO DE CONTROL- CEBAF","PIMIENTA, barreduras",5000,"SACO(S)","ECUADOR"
"1467","2022",9,"SANTA ROSA, TACNA","KIWI, fruto fresco",4200,"CAJA(S)","CHILE"
"1468","2022",9,"SANTA ROSA, TACNA","MANZANA, fruto fresco",18620,"CAJA(S)","CHILE"
"1469","2022",9,"SANTA ROSA, TACNA","MANZANA, fruto fresco",18620,"CAJA(S)","CHILE"
"1470","2022",9,"SANTA ROSA, TACNA","PERA, fruta fresca",5040,"CAJA(S)","CHILE"
"1471","2022",9,"OFICINA PUESTO DE CONTROL MARITIMO - PROV. CONST. DEL CALLAO","MAIZ, almidon",83900,"BOLSAS","ARGENTINA"
"1472","2022",9,"OFICINA PUESTO DE CONTROL MARITIMO - PROV. CONST. DEL CALLAO","AVENA, grano",3000,"SACO(S)","CHILE"
"1473","2022",9,"PUESTO DE CONTROL TERRESTRE DESAGUADERO","SOYA, grano",55000,"GRANEL","BOLIVIA"
"1474","2022",9,"PUESTO DE CONTROL TERRESTRE DESAGUADERO","SOYA, grano",51000,"GRANEL","BOLIVIA"
"1475","2022",9,"PUESTO DE CONTROL TERRESTRE DESAGUADERO","SOYA, grano",28000,"GRANEL","BOLIVIA"
"1476","2022",9,"PUESTO DE CONTROL TERRESTRE DESAGUADERO","SOYA, grano",56000,"GRANEL","BOLIVIA"
"1477","2022",9,"PUERTO DE MATARANI , AREQUIPA","MAIZ AMARILLO DURO, grano",5500010,"GRANEL","ARGENTINA"
"1478","2022",9,"PUESTO DE CONTROL TERRESTRE DESAGUADERO","SOYA, torta",58000,"GRANEL","BOLIVIA"
"1479","2022",9,"OFICINA PUESTO DE CONTROL MARITIMO - PROV. CONST. DEL CALLAO","TURBA",59267,"SACO(S)","CANADA"
"1480","2022",9,"PUESTO DE CONTROL TERRESTRE DESAGUADERO","SOYA, torta",56970,"GRANEL","BOLIVIA"
"1481","2022",9,"PUESTO DE CONTROL TERRESTRE DESAGUADERO","SOYA, harina",87000,"SACO(S)","BOLIVIA"
"1482","2022",9,"PUESTO DE CONTROL TERRESTRE DESAGUADERO","SOYA, torta",85000,"GRANEL","BOLIVIA"
"1483","2022",9,"PUESTO DE CONTROL TERRESTRE DESAGUADERO","SOYA, torta",57980,"GRANEL","BOLIVIA"
"1484","2022",9,"PUESTO DE CONTROL TERRESTRE DESAGUADERO","SOYA, torta",56980,"GRANEL","BOLIVIA"
"1485","2022",9,"PUESTO DE CONTROL TERRESTRE DESAGUADERO","SOYA, torta",82840,"GRANEL","BOLIVIA"
"1486","2022",9,"PUESTO DE CONTROL TERRESTRE DESAGUADERO","SOYA, torta",135830,"GRANEL","BOLIVIA"
"1487","2022",9,"PUESTO DE CONTROL TERRESTRE DESAGUADERO","SOYA, torta",28090,"GRANEL","BOLIVIA"
"1488","2022",9,"PUESTO DE CONTROL TERRESTRE DESAGUADERO","SOYA, torta",84000,"GRANEL","BOLIVIA"
"1489","2022",9,"PUESTO DE CONTROL TERRESTRE DESAGUADERO","SOYA, torta",112500,"GRANEL","BOLIVIA"
"1490","2022",9,"PUESTO DE CONTROL TERRESTRE DESAGUADERO","SOYA, harina",101256,"SACO(S)","BOLIVIA"
"1491","2022",9,"PUESTO DE CONTROL TERRESTRE DESAGUADERO","SOYA, torta",56000,"GRANEL","BOLIVIA"
"1492","2022",9,"OFICINA PUESTO DE CONTROL MARITIMO - PROV. CONST. DEL CALLAO","PAPA, fécula",40000,"SACO(S)","ALEMANIA"
"1493","2022",9,"PUESTO DE CONTROL TERRESTRE DESAGUADERO","SOYA, harina",145000,"SACO(S)","BOLIVIA"
"1494","2022",9,"PUESTO DE CONTROL TERRESTRE DESAGUADERO","SOYA, torta",142970,"SACO(S)","BOLIVIA"
"1495","2022",9,"PUESTO DE CONTROL TERRESTRE DESAGUADERO","SOYA, torta",56000,"GRANEL","BOLIVIA"
"1496","2022",9,"PUESTO DE CONTROL TERRESTRE DESAGUADERO","SOYA, torta",115500,"SACO(S)","BOLIVIA"
"1497","2022",9,"OFICINA PUESTO DE CONTROL AEREO -  PROV. CONST. DEL CALLAO","VID, estaca sin enraizar",3,"CAJA(S)","CHILE"
"1498","2022",9,"OFICINA PUESTO DE CONTROL MARITIMO - PROV. CONST. DEL CALLAO","ARROZ, parbolizado pulido o sin cáscara",382500,"SACO(S)","BRASIL"
"1499","2022",9,"PUESTO DE CONTROL TERRESTRE DESAGUADERO","MANI, grano sin cáscara",51000,"SACO(S)","BOLIVIA"
"1500","2022",9,"IÑAPARI, MADRE DE DIOS","MAIZ AMARILLO DURO, grano",32000,"SACO(S)","BRASIL"
"1501","2022",9,"OFICINA PUESTO DE CONTROL MARITIMO - PROV. CONST. DEL CALLAO","LENTEJA, grano",187334,"SACO(S)","CANADA"
"1502","2022",9,"OFICINA PUESTO DE CONTROL MARITIMO - PROV. CONST. DEL CALLAO","CIRUELA, seca industrialmente",40000,"CAJA(S)","CHILE"
"1503","2022",9,"PUESTO DE CONTROL TERRESTRE DESAGUADERO","SOYA, harina",28792,"SACO(S)","BOLIVIA"
"1504","2022",9,"PUESTO DE CONTROL TERRESTRE DESAGUADERO","SOYA, harina",51517,"SACO(S)","BOLIVIA"
"1505","2022",9,"PUESTO DE CONTROL TERRESTRE DESAGUADERO","SOYA, harina",50068,"SACO(S)","BOLIVIA"
"1506","2022",9,"PUESTO DE CONTROL TERRESTRE DESAGUADERO","SOYA, torta",29000,"GRANEL","BOLIVIA"
"1507","2022",9,"PUESTO DE CONTROL TERRESTRE DESAGUADERO","SOYA, torta",87250,"GRANEL","BOLIVIA"
"1508","2022",9,"PUESTO DE CONTROL TERRESTRE DESAGUADERO","SOYA, torta",59000,"GRANEL","BOLIVIA"
"1509","2022",9,"PUESTO DE CONTROL TERRESTRE DESAGUADERO","SOYA, torta",81360,"GRANEL","BOLIVIA"
"1510","2022",9,"OFICINA PUESTO DE CONTROL MARITIMO - PROV. CONST. DEL CALLAO","UVA (PASAS), secas industrialmente",60000,"CAJA(S)","CHILE"
"1511","2022",9,"OFICINA PUESTO DE CONTROL MARITIMO - PROV. CONST. DEL CALLAO","GARBANZO, grano",72000,"SACO(S)","MEXICO"
"1512","2022",9,"PUESTO DE CONTROL TERRESTRE DESAGUADERO","SOYA, torta",56000,"GRANEL","BOLIVIA"
"1513","2022",9,"OFICINA PUESTO DE CONTROL AEREO -  PROV. CONST. DEL CALLAO","SANDIA, semilla",1.669,"SACHETS","EEUU"
"1514","2022",9,"SANTA ROSA, TACNA","TRACTOR USADO, con motor de potencia superior a 33 kW pero inferior o igual a 75 kW",1380,"UNIDADES","CHILE"
"1515","2022",9,"OFICINA PUESTO DE CONTROL MARITIMO - PROV. CONST. DEL CALLAO","MADERA, puertas y sus marcos, contramarcos y umbrales, con algun proceso de la CRF 2",3544.16,"PIEZAS","CHINA"
"1516","2022",9,"OFICINA PUESTO DE CONTROL MARITIMO - PROV. CONST. DEL CALLAO","MADERA, puertas y sus marcos, contramarcos y umbrales, con algun proceso de la CRF 2",1714.73,"PIEZAS","CHINA"
"1517","2022",9,"SANTA ROSA, TACNA","MANZANA, fruto fresco",23109.6,"CAJA(S)","CHILE"
"1518","2022",9,"SANTA ROSA, TACNA","PERA, fruta fresca",16128,"CAJA(S)","CHILE"
"1519","2022",9,"SANTA ROSA, TACNA","MANZANA, fruto fresco",23520,"CAJA(S)","CHILE"
"1520","2022",9,"SANTA ROSA, TACNA","KIWI, fruto fresco",14814,"CAJA(S)","CHILE"
"1521","2022",9,"SANTA ROSA, TACNA","KIWI, fruto fresco",7168,"CAJA(S)","CHILE"
"1522","2022",9,"SANTA ROSA, TACNA","PERA, fruta fresca",8064,"CAJA(S)","CHILE"
"1523","2022",9,"SANTA ROSA, TACNA","MANZANA, fruto fresco",21168,"CAJA(S)","CHILE"
"1524","2022",9,"OFICINA PUESTO DE CONTROL AEREO -  PROV. CONST. DEL CALLAO","ARANDANO, planta",1320,"CAJA(S)","CHILE"
"1525","2022",9,"OFICINA PUESTO DE CONTROL MARITIMO - PROV. CONST. DEL CALLAO","TURBA",79798.8,"BIG BAG","LETONIA"
"1526","2022",9,"OFICINA PUESTO DE CONTROL MARITIMO - PROV. CONST. DEL CALLAO","MAIZ, harina",81600,"FARDOS","VENEZUELA"
"1527","2022",9,"OFICINA PUESTO DE CONTROL MARITIMO - PROV. CONST. DEL CALLAO","Cosechadoras-trilladoras usadas
",7325.45,"UNIDADES","EEUU"
"1528","2022",9,"PUESTO DE CONTROL TERRESTRE DESAGUADERO","SOYA, harina",144000,"SACO(S)","BOLIVIA"
"1529","2022",9,"OFICINA PUESTO DE CONTROL MARITIMO - PROV. CONST. DEL CALLAO","PINO, madera aserrada con algún proceso de la CRF2",23307,"PAQUETES","CHILE"
"1530","2022",9,"SANTA ROSA, TACNA","MANZANA, fruto fresco",23520,"CAJA(S)","CHILE"
"1531","2022",9,"OFICINA PUESTO DE CONTROL MARITIMO - PROV. CONST. DEL CALLAO","MADERA, puertas y sus marcos, contramarcos y umbrales, con algun proceso de la CRF 2",2327.836,"PIEZAS","EEUU"
"1532","2022",9,"OFICINA PUESTO DE CONTROL MARITIMO - PROV. CONST. DEL CALLAO","ALGODON, fibra sin cardar ni peinar (>28.57 mm = o <34.92 mm)",78290,"FARDOS","EEUU"
"1533","2022",9,"OFICINA PUESTO DE CONTROL AEREO -  PROV. CONST. DEL CALLAO","BERRO, semilla",0.021,"SACHETS","HOLANDA"
"1534","2022",9,"OFICINA PUESTO DE CONTROL AEREO -  PROV. CONST. DEL CALLAO","MEJORANA, semilla",0.117,"SACHETS","HOLANDA"
"1535","2022",9,"PUESTO DE CONTROL- CEBAF","ARROZ, grano pilado",64000,"SACO(S)","ECUADOR"
"1536","2022",9,"SANTA ROSA, TACNA","KIWI, fruto fresco",4032,"CAJA(S)","CHILE"
"1537","2022",9,"SANTA ROSA, TACNA","MANZANA, fruto fresco",19600,"CAJA(S)","CHILE"
"1538","2022",9,"SANTA ROSA, TACNA","MANZANA, fruto fresco",23520,"CAJA(S)","CHILE"
"1539","2022",9,"PUESTO DE CONTROL TERRESTRE DESAGUADERO","AZUCAR BLANCA O REFINADA (lectura polarimetrica mayor 99.5°)",78000,"SACO(S)","BOLIVIA"
"1540","2022",9,"PUESTO DE CONTROL TERRESTRE DESAGUADERO","AZUCAR BLANCA O REFINADA (lectura polarimetrica mayor 99.5°)",38500,"SACO(S)","BOLIVIA"
"1541","2022",9,"OFICINA PUESTO DE CONTROL MARITIMO - PROV. CONST. DEL CALLAO","ROTEN (=Ratán), artículos de cestería obtenidos directamente en su forma con materia trenzable con algún proceso de la CRF2",610,"UNIDADES","VIETNAM"
"1542","2022",9,"OFICINA PUESTO DE CONTROL MARITIMO - PROV. CONST. DEL CALLAO","AZUCAR CRUDA, sólido",25000,"SACO(S)","HONDURAS"
"1543","2022",9,"OFICINA PUESTO DE CONTROL AEREO -  PROV. CONST. DEL CALLAO","BETARRAGA, semilla",7.4,"SACHETS","EEUU"
"1544","2022",9,"OFICINA PUESTO DE CONTROL MARITIMO - PROV. CONST. DEL CALLAO","MANI, grano sin cáscara",25000,"BIG BAG","BRASIL"
"1545","2022",9,"SANTA ROSA, TACNA","MANZANA, fruto fresco",22883,"CAJA(S)","CHILE"
"1546","2022",9,"PUESTO DE CONTROL TERRESTRE DESAGUADERO","SOYA, harina",174000,"SACO(S)","BOLIVIA"
"1547","2022",9,"OFICINA PUESTO DE CONTROL AEREO -  PROV. CONST. DEL CALLAO","TE VERDE, hoja polvo",20,"SOBRES ALUMINIZADOS","CHINA"
"1548","2022",9,"OFICINA PUESTO DE CONTROL MARITIMO - PROV. CONST. DEL CALLAO","ARVEJA, grano partido",233375,"SACO(S)","CANADA"
"1549","2022",9,"PUESTO DE CONTROL TERRESTRE DESAGUADERO","SOYA, torta",28000,"GRANEL","BOLIVIA"
"1550","2022",9,"OFICINA PUESTO DE CONTROL AEREO -  PROV. CONST. DEL CALLAO","COCO, rallado seco industrial",45.36,"BOLSAS","EEUU"
"1551","2022",9,"PUESTO DE CONTROL TERRESTRE DESAGUADERO","SOYA, harina",117000,"SACO(S)","BOLIVIA"
"1552","2022",9,"OFICINA PUESTO DE CONTROL MARITIMO - PROV. CONST. DEL CALLAO","TREBOL  ROJO, semilla",24000,"SACO(S)","HOLANDA"
"1553","2022",9,"SANTA ROSA, TACNA","YUCA (=MANDIOCA), raíz fresca",9460,"CAJA(S)","CHILE"
"1554","2022",9,"OFICINA PUESTO DE CONTROL MARITIMO - PROV. CONST. DEL CALLAO","CALABAZA, grano seco industrial",26000,"SACO(S)","CHINA"
"1555","2022",9,"SANTA ROSA, TACNA","TRACTOR USADO, con motor de potencia superior a 33 kW pero inferior o igual a 75 kW",4059,"PIEZAS","CHINA"
"1556","2022",9,"SANTA ROSA, TACNA","TRACTOR USADO, con motor de potencia superior a 33 kW pero inferior o igual a 75 kW",4059,"UNIDADES","CHINA"
"1557","2022",9,"SANTA ROSA, TACNA","TRACTOR USADO, con motor de potencia superior a 33 kW pero inferior o igual a 75 kW",4095,"LOTE(S)","CHINA"
"1558","2022",9,"OFICINA PUESTO DE CONTROL MARITIMO - PROV. CONST. DEL CALLAO","ALGODON, fibra sin cardar ni peinar (>28.57 mm = o <34.92 mm)",214410,"FARDOS","EEUU"
"1559","2022",9,"SANTA ROSA, TACNA","PERA, fruta fresca",6048,"CAJA(S)","CHILE"
"1560","2022",9,"SANTA ROSA, TACNA","MANZANA, fruto fresco",16660,"CAJA(S)","CHILE"
"1561","2022",9,"SANTA ROSA, TACNA","MANZANA, fruto fresco",23520,"CAJA(S)","CHILE"
"1562","2022",9,"SANTA ROSA, TACNA","TRACTOR USADO, con motor de potencia superior a 33 kW pero inferior o igual a 75 kW",4600,"UNIDADES","CHILE"
"1563","2022",9,"SANTA ROSA, TACNA","TRACTOR USADO, con motor de potencia superior a 33 kW pero inferior o igual a 75 kW",4600,"UNIDADES","CHILE"
"1564","2022",9,"SANTA ROSA, TACNA","TRACTOR USADO, con motor de potencia superior a 33 kW pero inferior o igual a 75 kW",4600,"UNIDADES","CHILE"
"1565","2022",9,"SANTA ROSA, TACNA","MANZANA, fruto fresco",23520,"CAJA(S)","CHILE"
"1566","2022",9,"SANTA ROSA, TACNA","MANZANA, fruto fresco",23177,"CAJA(S)","CHILE"
"1567","2022",9,"OFICINA PUESTO DE CONTROL MARITIMO - PROV. CONST. DEL CALLAO","ARROZ, parbolizado pulido o sin cáscara",130000,"SACO(S)","BRASIL"
"1568","2022",9,"OFICINA PUESTO DE CONTROL MARITIMO - PROV. CONST. DEL CALLAO","ARROZ, parbolizado pulido o sin cáscara",130000,"SACO(S)","BRASIL"
"1569","2022",9,"OFICINA PUESTO DE CONTROL MARITIMO - PROV. CONST. DEL CALLAO","ARROZ, parbolizado pulido o sin cáscara",130000,"SACO(S)","BRASIL"
"1570","2022",9,"OFICINA PUESTO DE CONTROL MARITIMO - PROV. CONST. DEL CALLAO","BAMBU, artículos de cestería obtenidos directamente en su forma con materia trenzable con algún proceso de la CRF 2",122.4,"CAJA(S)","EL SALVADOR"
"1571","2022",9,"OFICINA PUESTO DE CONTROL MARITIMO - PROV. CONST. DEL CALLAO","Articulos para fiestas de navidad que sean o contengan material vegetal
",288.865,"CAJA(S)","EL SALVADOR"
"1572","2022",9,"OFICINA PUESTO DE CONTROL MARITIMO - PROV. CONST. DEL CALLAO","Articulos de cesteria (canastos, cestos u otros), con algun proceso de la CRF2",28.441,"CAJA(S)","EL SALVADOR"
"1573","2022",9,"OFICINA PUESTO DE CONTROL MARITIMO - PROV. CONST. DEL CALLAO","TURBA",202600,"BIG BAG","HOLANDA"
"1574","2022",9,"OFICINA PUESTO DE CONTROL MARITIMO - PROV. CONST. DEL CALLAO","TURBA",126815,"FARDOS","LETONIA"
"1575","2022",9,"PUESTO DE CONTROL TERRESTRE DESAGUADERO","AJONJOLI, grano",30000,"SACO(S)","BOLIVIA"
"1576","2022",9,"OFICINA PUESTO DE CONTROL MARITIMO - PROV. CONST. DEL CALLAO","MADERA, herramientas de madera con algún proceso de la CRF2",223.88,"PIEZAS","MEXICO"
"1577","2022",9,"OFICINA PUESTO DE CONTROL MARITIMO - PROV. CONST. DEL CALLAO","MADERA, monturas y mangos de herramientas, monturas y mangos de cepillos, brochas o escobas, de madera; hormas, ensanchadores y tensores del calzado, de madera ; con algún proceso de la CRF 2",970.596,"PIEZAS","MEXICO"
"1578","2022",9,"OFICINA PUESTO DE CONTROL MARITIMO - PROV. CONST. DEL CALLAO","MADERA, monturas y mangos de herramientas, monturas y mangos de cepillos, brochas o escobas, de madera; hormas, ensanchadores y tensores del calzado, de madera ; con algún proceso de la CRF 2",1017.582,"PIEZAS","MEXICO"
"1579","2022",9,"OFICINA PUESTO DE CONTROL MARITIMO - PROV. CONST. DEL CALLAO","AZUCAR CRUDA, sólido",25000,"SACO(S)","GUATEMALA"
"1580","2022",9,"SANTA ROSA, TACNA","MANZANA, fruto fresco",23520,"CAJA(S)","CHILE"
"1581","2022",9,"OFICINA PUESTO DE CONTROL MARITIMO - PROV. CONST. DEL CALLAO","UVA (PASAS), secas industrialmente",40000,"CAJA(S)","CHILE"
"1582","2022",9,"SANTA ROSA, TACNA","MANZANA, fruto fresco",23520,"CAJA(S)","CHILE"
"1583","2022",9,"PUESTO DE CONTROL TERRESTRE DESAGUADERO","SOYA, grano",27000,"GRANEL","BOLIVIA"
"1584","2022",9,"PUESTO DE CONTROL TERRESTRE DESAGUADERO","SOYA, grano",79000,"GRANEL","BOLIVIA"
"1585","2022",9,"PUESTO DE CONTROL TERRESTRE DESAGUADERO","SOYA, grano",111000,"GRANEL","BOLIVIA"
"1586","2022",9,"PUESTO DE CONTROL TERRESTRE DESAGUADERO","SOYA, grano",29000,"GRANEL","BOLIVIA"
"1587","2022",9,"PUESTO DE CONTROL TERRESTRE DESAGUADERO","SOYA, grano",57000,"GRANEL","BOLIVIA"
"1588","2022",9,"OFICINA PUESTO DE CONTROL MARITIMO - PROV. CONST. DEL CALLAO","YUTE, sacos",16650,"SACOS DE YUTE","BANGLADESH"
"1589","2022",9,"OFICINA PUESTO DE CONTROL MARITIMO - PROV. CONST. DEL CALLAO","YUTE, sacos",15750,"SACOS DE YUTE","BANGLADESH"
"1590","2022",9,"OFICINA PUESTO DE CONTROL AEREO -  PROV. CONST. DEL CALLAO","SANDIA, semilla",1.4,"SACHETS","HOLANDA"
"1591","2022",9,"PUESTO DE CONTROL TERRESTRE DESAGUADERO","MANI, grano sin cáscara",60000,"SACO(S)","BOLIVIA"
"1592","2022",9,"PUESTO DE CONTROL TERRESTRE DESAGUADERO","MANI, grano sin cáscara",58000,"SACO(S)","BOLIVIA"
"1593","2022",9,"PUESTO DE CONTROL TERRESTRE DESAGUADERO","SOYA, torta",147000,"SACO(S)","BOLIVIA"
"1594","2022",9,"OFICINA PUESTO DE CONTROL MARITIMO - PROV. CONST. DEL CALLAO","ARROZ, grano pilado",425000,"SACO(S)","URUGUAY"
"1595","2022",9,"PUESTO DE CONTROL- CEBAF","CAÑA DE GUAYAQUIL, seca al natural",34000,"UNIDADES","ECUADOR"
"1596","2022",9,"OFICINA PUESTO DE CONTROL AEREO -  PROV. CONST. DEL CALLAO","UVA (PASAS), secas industrialmente",5,"CAJA(S)","CHILE"
"1597","2022",9,"PUESTO DE CONTROL TERRESTRE DESAGUADERO","SOYA, torta",148000,"SACO(S)","BOLIVIA"
"1598","2022",9,"PUESTO DE CONTROL TERRESTRE DESAGUADERO","SOYA, torta",82834,"SACO(S)","BOLIVIA"
"1599","2022",9,"OFICINA PUESTO DE CONTROL MARITIMO - PROV. CONST. DEL CALLAO","MADERA, encofrados para hormigon, de madera con algún proceso de la CRF2
",140619,"PAQUETES","AUSTRIA"
"1600","2022",9,"PUESTO DE CONTROL TERRESTRE DESAGUADERO","SOYA, grano",112000,"GRANEL","BOLIVIA"
"1601","2022",9,"OFICINA PUESTO DE CONTROL MARITIMO - PROV. CONST. DEL CALLAO","UVA (PASAS), secas naturalmente",19500,"CAJA(S)","ARGENTINA"
"1602","2022",9,"OFICINA PUESTO DE CONTROL AEREO -  PROV. CONST. DEL CALLAO","SANDIA, semilla",0.883,"SACHETS","EEUU"
"1603","2022",9,"OFICINA PUESTO DE CONTROL AEREO -  PROV. CONST. DEL CALLAO","SANDIA, semilla",24.295,"SACHETS","EEUU"
"1604","2022",9,"OFICINA PUESTO DE CONTROL AEREO -  PROV. CONST. DEL CALLAO","PEPINILLO, semilla",3.165,"SACHETS","HOLANDA"
"1605","2022",9,"OFICINA PUESTO DE CONTROL AEREO -  PROV. CONST. DEL CALLAO","MELON, semilla",0.985,"SACHETS","HOLANDA"
"1606","2022",9,"OFICINA PUESTO DE CONTROL AEREO -  PROV. CONST. DEL CALLAO","MELON, semilla",0.244,"SACHETS","HOLANDA"
"1607","2022",9,"OFICINA PUESTO DE CONTROL AEREO -  PROV. CONST. DEL CALLAO","MELON, semilla",0.02,"SACHETS","CHILE"
"1608","2022",9,"PUESTO DE CONTROL TERRESTRE DESAGUADERO","SOYA, torta",85000,"GRANEL","BOLIVIA"
"1609","2022",9,"OFICINA PUESTO DE CONTROL MARITIMO - PROV. CONST. DEL CALLAO","ARROZ, parbolizado pulido o sin cáscara",130000,"SACO(S)","BRASIL"
"1610","2022",9,"OFICINA PUESTO DE CONTROL MARITIMO - PROV. CONST. DEL CALLAO","ARROZ, parbolizado pulido o sin cáscara",130000,"SACO(S)","BRASIL"
"1611","2022",9,"OFICINA PUESTO DE CONTROL AEREO -  PROV. CONST. DEL CALLAO","ARROZ, semilla",10.62,"SOBRES","COLOMBIA"
"1612","2022",9,"OFICINA PUESTO DE CONTROL MARITIMO - PROV. CONST. DEL CALLAO","LENTEJA, grano",49986,"SACO(S)","CANADA"
"1613","2022",9,"OFICINA PUESTO DE CONTROL MARITIMO - PROV. CONST. DEL CALLAO","MADERA, paletas, paletas caja y demas plataformas para carga, collarines para paletas, con algún proceso de la CRF 2",11702,"UNIDADES","PUERTO RICO"
"1614","2022",9,"OFICINA PUESTO DE CONTROL MARITIMO - PROV. CONST. DEL CALLAO","MADERA, paletas, paletas caja y demas plataformas para carga, collarines para paletas, con algún proceso de la CRF 2",16038.219,"UNIDADES","PUERTO RICO"
"1615","2022",9,"OFICINA PUESTO DE CONTROL MARITIMO - PROV. CONST. DEL CALLAO","MADERA, paletas, paletas caja y demas plataformas para carga, collarines para paletas, con algún proceso de la CRF 2",9650,"UNIDADES","REPUBLICA DOMINICANA"
"1616","2022",9,"PUESTO DE CONTROL TERRESTRE DESAGUADERO","SOYA, torta",84000,"GRANEL","BOLIVIA"
"1617","2022",9,"PUESTO DE CONTROL TERRESTRE DESAGUADERO","SOYA, torta",82000,"GRANEL","BOLIVIA"
"1618","2022",9,"PUESTO DE CONTROL TERRESTRE DESAGUADERO","SOYA, torta",27840,"GRANEL","BOLIVIA"
"1619","2022",9,"PUESTO DE CONTROL TERRESTRE DESAGUADERO","SOYA, torta",84040,"GRANEL","BOLIVIA"
"1620","2022",9,"PUESTO DE CONTROL TERRESTRE DESAGUADERO","SOYA, torta",84000,"GRANEL","BOLIVIA"
"1621","2022",9,"PUESTO DE CONTROL TERRESTRE DESAGUADERO","SOYA, torta",84000,"GRANEL","BOLIVIA"
"1622","2022",9,"PUESTO DE CONTROL TERRESTRE DESAGUADERO","SOYA, torta",84000,"GRANEL","BOLIVIA"
"1623","2022",9,"PUESTO DE CONTROL TERRESTRE DESAGUADERO","SOYA, harina",51835,"SACO(S)","BOLIVIA"
"1624","2022",9,"PUESTO DE CONTROL TERRESTRE DESAGUADERO","SOYA, torta",83800,"GRANEL","BOLIVIA"
"1625","2022",9,"PUESTO DE CONTROL TERRESTRE DESAGUADERO","SOYA, torta",57000,"GRANEL","BOLIVIA"
"1626","2022",9,"PUESTO DE CONTROL TERRESTRE DESAGUADERO","SOYA, torta",28500,"GRANEL","BOLIVIA"
"1627","2022",9,"PUESTO DE CONTROL TERRESTRE DESAGUADERO","SOYA, torta",83540,"GRANEL","BOLIVIA"
"1628","2022",9,"PUESTO DE CONTROL TERRESTRE DESAGUADERO","SOYA, torta",28000,"GRANEL","BOLIVIA"
"1629","2022",9,"PUESTO DE CONTROL TERRESTRE DESAGUADERO","SOYA, torta",140000,"GRANEL","BOLIVIA"
"1630","2022",9,"PUESTO DE CONTROL TERRESTRE DESAGUADERO","SOYA, torta",55840,"GRANEL","BOLIVIA"
"1631","2022",9,"OFICINA PUESTO DE CONTROL MARITIMO - PROV. CONST. DEL CALLAO","UVA (PASAS), secas naturalmente",20000,"CAJA(S)","TURQUIA"
"1632","2022",9,"OFICINA PUESTO DE CONTROL MARITIMO - PROV. CONST. DEL CALLAO","UVA (PASAS), secas naturalmente",20000,"CAJA(S)","TURQUIA"
"1633","2022",9,"PUESTO DE CONTROL TERRESTRE DESAGUADERO","SOYA, torta",114500,"SACO(S)","BOLIVIA"
"1634","2022",9,"PUESTO DE CONTROL TERRESTRE DESAGUADERO","SOYA, torta",115000,"SACO(S)","BOLIVIA"
"1635","2022",9,"PUESTO DE CONTROL TERRESTRE DESAGUADERO","SOYA, torta",114500,"SACO(S)","BOLIVIA"
"1636","2022",9,"PUESTO DE CONTROL TERRESTRE DESAGUADERO","SOYA, torta",174000,"SACO(S)","BOLIVIA"
"1637","2022",9,"PUESTO DE CONTROL TERRESTRE DESAGUADERO","SOYA, torta",173000,"SACO(S)","BOLIVIA"
"1638","2022",9,"PUESTO DE CONTROL TERRESTRE DESAGUADERO","SOYA, torta",113000,"SACO(S)","BOLIVIA"
"1639","2022",9,"PUESTO DE CONTROL TERRESTRE DESAGUADERO","SOYA, torta",113000,"SACO(S)","BOLIVIA"
"1640","2022",9,"PUESTO DE CONTROL TERRESTRE DESAGUADERO","SOYA, torta",114180,"SACO(S)","BOLIVIA"
"1641","2022",9,"PUESTO DE CONTROL TERRESTRE DESAGUADERO","SOYA, torta",115000,"SACO(S)","BOLIVIA"
"1642","2022",9,"PUESTO DE CONTROL TERRESTRE DESAGUADERO","SOYA, torta",110940,"SACO(S)","BOLIVIA"
"1643","2022",9,"PUESTO DE CONTROL TERRESTRE DESAGUADERO","SOYA, torta",115990,"SACO(S)","BOLIVIA"
"1644","2022",9,"PUESTO DE CONTROL TERRESTRE DESAGUADERO","SOYA, harina",145000,"SACO(S)","BOLIVIA"
"1645","2022",9,"PUESTO DE CONTROL TERRESTRE DESAGUADERO","SOYA, torta",114940,"SACO(S)","BOLIVIA"
"1646","2022",9,"OFICINA PUESTO DE CONTROL MARITIMO - PROV. CONST. DEL CALLAO","PERA, fruta fresca",46080,"CAJA(S)","CHILE"
"1647","2022",9,"OFICINA PUESTO DE CONTROL MARITIMO - PROV. CONST. DEL CALLAO","MANZANA, fruto fresco",19756.8,"CAJA(S)","CHILE"
"1648","2022",9,"PUESTO DE CONTROL TERRESTRE DESAGUADERO","SOYA, torta",174500,"SACO(S)","BOLIVIA"
"1649","2022",9,"OFICINA PUESTO DE CONTROL MARITIMO - PROV. CONST. DEL CALLAO","MAIZ AMARILLO DURO, grano",15532190,"GRANEL","ARGENTINA"
"1650","2022",9,"OFICINA PUESTO DE CONTROL MARITIMO - PROV. CONST. DEL CALLAO","SOYA, torta",15862070,"GRANEL","PARAGUAY EN TRANSITO POR ARGENTINA"
"1651","2022",9,"OFICINA PUESTO DE CONTROL MARITIMO - PROV. CONST. DEL CALLAO","LINAZA, grano",47174,"SACO(S)","CANADA"
"1652","2022",9,"PUESTO DE CONTROL TERRESTRE DESAGUADERO","SOYA, harina",116000,"SACO(S)","BOLIVIA"
"1653","2022",9,"PUESTO DE CONTROL TERRESTRE DESAGUADERO","SOYA, torta",55000,"GRANEL","BOLIVIA"
"1654","2022",9,"PUESTO DE CONTROL TERRESTRE DESAGUADERO","SOYA, torta",85000,"GRANEL","BOLIVIA"
"1655","2022",9,"PUESTO DE CONTROL TERRESTRE DESAGUADERO","SOYA, torta",58000,"GRANEL","BOLIVIA"
"1656","2022",9,"PUESTO DE CONTROL TERRESTRE DESAGUADERO","SOYA, grano",56000,"GRANEL","BOLIVIA"
"1657","2022",9,"PUESTO DE CONTROL TERRESTRE DESAGUADERO","SOYA, grano",81000,"GRANEL","BOLIVIA"
"1658","2022",9,"OFICINA PUESTO DE CONTROL MARITIMO - PROV. CONST. DEL CALLAO","ARVEJA, grano partido",98884,"SACO(S)","CANADA"
"1659","2022",9,"PUESTO DE CONTROL- CEBAF","PAJA TOQUILLA, con algún proceso de la CRF2",900,"FARDOS","ECUADOR"
"1660","2022",9,"OFICINA PUESTO DE CONTROL MARITIMO - PROV. CONST. DEL CALLAO","Articulos para fiestas de navidad que sean o contengan material vegetal
",45.807,"UNIDADES","MALASIA"
"1661","2022",9,"OFICINA PUESTO DE CONTROL MARITIMO - PROV. CONST. DEL CALLAO","PINO, madera aserrada con tratamiento de secado al horno o impregnación de sales",49600,"PALETAS","BRASIL"
"1662","2022",9,"OFICINA PUESTO DE CONTROL MARITIMO - PROV. CONST. DEL CALLAO","PINO, madera aserrada, con tratamiento de secado al horno o impregnación de sales",104060,"PALETAS","BRASIL"
"1663","2022",9,"OFICINA PUESTO DE CONTROL MARITIMO - PROV. CONST. DEL CALLAO","MADERA, cajas con algún proceso de la CRF 2",13561.57,"UNIDADES","CHILE"
"1664","2022",9,"OFICINA PUESTO DE CONTROL MARITIMO - PROV. CONST. DEL CALLAO","ALMENDRA, sin cáscara secado al natural",16329.325,"CAJA(S)","EEUU"
"1665","2022",9,"OFICINA PUESTO DE CONTROL MARITIMO - PROV. CONST. DEL CALLAO","MADERA, cajas con algún proceso de la CRF 2",12854.24,"UNIDADES","CHILE"
"1666","2022",9,"PUESTO DE CONTROL TERRESTRE DESAGUADERO","MANI, grano sin cáscara",60000,"SACO(S)","BOLIVIA"
"1667","2022",9,"PUESTO DE CONTROL TERRESTRE DESAGUADERO","AZUCAR BLANCA O REFINADA (lectura polarimetrica mayor 99.5°)",84000,"SACO(S)","BOLIVIA"
"1668","2022",9,"OFICINA PUESTO DE CONTROL MARITIMO - PROV. CONST. DEL CALLAO","MANZANA, fruto fresco",19698,"CAJA(S)","CHILE"
"1669","2022",9,"OFICINA PUESTO DE CONTROL MARITIMO - PROV. CONST. DEL CALLAO","ARROZ, grano pilado",250000,"SACO(S)","URUGUAY"
"1670","2022",9,"OFICINA PUESTO DE CONTROL MARITIMO - PROV. CONST. DEL CALLAO","AZUCAR CRUDA, sólido",650000,"SACO(S)","NICARAGUA"
"1671","2022",9,"OFICINA PUESTO DE CONTROL MARITIMO - PROV. CONST. DEL CALLAO","AZUCAR CRUDA, sólido",650000,"SACO(S)","NICARAGUA"
"1672","2022",9,"OFICINA PUESTO DE CONTROL MARITIMO - PROV. CONST. DEL CALLAO","AZUCAR CRUDA, sólido",138200,"SACO(S)","NICARAGUA"
"1673","2022",9,"PUESTO DE CONTROL TERRESTRE DESAGUADERO","SOYA, torta",115500,"GRANEL","BOLIVIA"
"1674","2022",9,"PUERTO DE PAITA , PIURA","ARVEJA, grano partido",98884,"SACO(S)","CANADA"
"1675","2022",9,"PUERTO DE PAITA , PIURA","LENTEJA, grano",131540,"SACO(S)","CANADA"
"1676","2022",9,"OFICINA PUESTO DE CONTROL MARITIMO - PROV. CONST. DEL CALLAO","TURBA",278760,"FARDOS","ESTONIA"
"1677","2022",9,"SANTA ROSA, TACNA","KIWI, fruto fresco",4032,"CAJA(S)","CHILE"
"1678","2022",9,"SANTA ROSA, TACNA","MANZANA, fruto fresco",11642.4,"CAJA(S)","CHILE"
"1679","2022",9,"SANTA ROSA, TACNA","PERA, fruta fresca",8064,"CAJA(S)","CHILE"
"1680","2022",9,"SANTA ROSA, TACNA","MANZANA, fruto fresco",9800,"CAJA(S)","CHILE"
"1681","2022",9,"SANTA ROSA, TACNA","PERA, fruta fresca",14560,"CAJA(S)","CHILE"
"1682","2022",9,"SANTA ROSA, TACNA","KIWI, fruto fresco",21840,"CAJA(S)","CHILE"
"1683","2022",9,"SANTA ROSA, TACNA","MANZANA, fruto fresco",23520,"CAJA(S)","CHILE"
"1684","2022",9,"PUESTO DE CONTROL TERRESTRE DESAGUADERO","SOYA, torta",116000,"SACO(S)","BOLIVIA"
"1685","2022",9,"OFICINA PUESTO DE CONTROL MARITIMO - PROV. CONST. DEL CALLAO","GARBANZO, grano",49442,"SACO(S)","CANADA"
"1686","2022",9,"PUESTO DE CONTROL TERRESTRE DESAGUADERO","SOYA, torta",177000,"SACO(S)","BOLIVIA"
"1687","2022",9,"PUESTO DE CONTROL TERRESTRE DESAGUADERO","SOYA, torta",175000,"SACO(S)","BOLIVIA"
"1688","2022",9,"SANTA ROSA, TACNA","MANZANA, fruto fresco",11760,"CAJA(S)","CHILE"
"1689","2022",9,"OFICINA PUESTO DE CONTROL MARITIMO - PROV. CONST. DEL CALLAO","PAPA, fécula",20000,"SACO(S)","ALEMANIA"
"1690","2022",9,"SANTA ROSA, TACNA","PERA, fruta fresca",12992,"CAJA(S)","CHILE"
"1691","2022",9,"SANTA ROSA, TACNA","PERA, fruta fresca",4480,"CAJA(S)","CHILE"
"1692","2022",9,"SANTA ROSA, TACNA","MANZANA, fruto fresco",23520,"CAJA(S)","CHILE"
"1693","2022",9,"SANTA ROSA, TACNA","MANZANA, fruto fresco",21560,"CAJA(S)","CHILE"
"1694","2022",9,"SANTA ROSA, TACNA","MANZANA, fruto fresco",18900,"CAJA(S)","CHILE"
"1695","2022",9,"SANTA ROSA, TACNA","PERA, fruta fresca",1764,"CAJA(S)","CHILE"
"1696","2022",9,"OFICINA PUESTO DE CONTROL MARITIMO - PROV. CONST. DEL CALLAO","TREBOL BLANCO, semilla",530,"SACO(S)","NUEVA ZELANDIA"
"1697","2022",9,"OFICINA PUESTO DE CONTROL MARITIMO - PROV. CONST. DEL CALLAO","RYEGRASS ITALIANO, semilla",8000,"SACO(S)","NUEVA ZELANDIA"
"1698","2022",9,"PUESTO DE CONTROL TERRESTRE DESAGUADERO","SOYA, harina",115450,"SACO(S)","BOLIVIA"
"1699","2022",9,"OFICINA PUESTO DE CONTROL MARITIMO - PROV. CONST. DEL CALLAO","RYEGRASS INGLES, semilla",4150,"SACO(S)","NUEVA ZELANDIA"
"1700","2022",9,"PUERTO DE PAITA , PIURA","MADERA, cajas con algún proceso de la CRF 2",27390.222,"UNIDADES","CHILE"
"1701","2022",9,"PUESTO DE CONTROL TERRESTRE DESAGUADERO","SOYA, grano",140500,"GRANEL","BOLIVIA"
"1702","2022",9,"SANTA ROSA, TACNA","MANZANA, fruto fresco",19600,"CAJA(S)","CHILE"
"1703","2022",9,"SANTA ROSA, TACNA","PERA, fruta fresca",3528,"CAJA(S)","CHILE"
"1704","2022",9,"PUESTO DE CONTROL TERRESTRE DESAGUADERO","CHIA, grano",53000,"SACO(S)","PARAGUAY"
"1705","2022",9,"OFICINA PUESTO DE CONTROL MARITIMO - PROV. CONST. DEL CALLAO","ARVEJA, grano partido",74163,"SACO(S)","CANADA"
"1706","2022",9,"OFICINA PUESTO DE CONTROL MARITIMO - PROV. CONST. DEL CALLAO","PIMIENTA, molida",2000,"CAJA(S)","VIETNAM"
"1707","2022",9,"SANTA ROSA, TACNA","PERA, fruta fresca",11920,"CAJA(S)","CHILE"
"1708","2022",9,"SANTA ROSA, TACNA","MANZANA, fruto fresco",11900,"CAJA(S)","CHILE"
"1709","2022",9,"SANTA ROSA, TACNA","MANZANA, fruto fresco",21413,"CAJA(S)","CHILE"
"1710","2022",9,"OFICINA PUESTO DE CONTROL MARITIMO - PROV. CONST. DEL CALLAO","LENTEJA, grano",24857,"SACO(S)","CANADA"
"1711","2022",9,"SANTA ROSA, TACNA","MANZANA, fruto fresco",23520,"CAJA(S)","CHILE"
"1712","2022",9,"OFICINA PUESTO DE CONTROL MARITIMO - PROV. CONST. DEL CALLAO","ARVEJA, grano partido",103964,"SACO(S)","CANADA"
"1713","2022",9,"OFICINA PUESTO DE CONTROL MARITIMO - PROV. CONST. DEL CALLAO","ARVEJA, grano entero",105232,"SACO(S)","CANADA"
"1714","2022",9,"OFICINA PUESTO DE CONTROL AEREO -  PROV. CONST. DEL CALLAO","PIMIENTO, semilla",12.23,"SOBRES ALUMINIZADOS","EEUU"
"1715","2022",9,"OFICINA PUESTO DE CONTROL AEREO -  PROV. CONST. DEL CALLAO","ALFORFON /TRIGO SARRACENO, semilla",23.5868,"CAJA(S)","EEUU"
"1716","2022",9,"OFICINA PUESTO DE CONTROL MARITIMO - PROV. CONST. DEL CALLAO","MAIZ, semilla",51221.4,"BOLSAS","MEXICO"
"1717","2022",9,"PUESTO DE CONTROL TERRESTRE DESAGUADERO","SOYA, torta",28070,"GRANEL","BOLIVIA"
"1718","2022",9,"PUESTO DE CONTROL TERRESTRE DESAGUADERO","SOYA, torta",111257,"SACO(S)","BOLIVIA"
"1719","2022",9,"SANTA ROSA, TACNA","MANZANA, fruto fresco",22579.2,"CAJA(S)","CHILE"
"1720","2022",9,"SANTA ROSA, TACNA","MANZANA, fruto fresco",22579.2,"CAJA(S)","CHILE"
"1721","2022",9,"OFICINA PUESTO DE CONTROL MARITIMO - PROV. CONST. DEL CALLAO","PIMIENTA, molida",6000,"CAJA(S)","CHINA"
"1722","2022",9,"OFICINA PUESTO DE CONTROL MARITIMO - PROV. CONST. DEL CALLAO","PAPA, fécula",231000,"SACO(S)","DINAMARCA"
"1723","2022",9,"OFICINA PUESTO DE CONTROL MARITIMO - PROV. CONST. DEL CALLAO","NARANJA, fruto fresco",24000,"CAJA(S)","CHILE"
"1724","2022",9,"OFICINA PUESTO DE CONTROL MARITIMO - PROV. CONST. DEL CALLAO","FREJOL CANARIO, grano",47990,"SACO(S)","MEXICO"
"1725","2022",9,"OFICINA PUESTO DE CONTROL MARITIMO - PROV. CONST. DEL CALLAO","CAUCHO, técnicamente especificado (TSNR)",20160,"PIEZAS","INDONESIA"
"1726","2022",9,"PUERTO DE MATARANI , AREQUIPA","MADERA, en bruto de coníferas tratada agentes de conservación
",2124.16,"UNIDADES","EEUU"
"1727","2022",9,"PUESTO DE CONTROL TERRESTRE DESAGUADERO","MANI, grano sin cáscara",60000,"SACO(S)","BOLIVIA"
"1728","2022",9,"SANTA ROSA, TACNA","MANZANA, fruto fresco",22344,"CAJA(S)","CHILE"
"1729","2022",9,"SANTA ROSA, TACNA","MANZANA, fruto fresco",23520,"CAJA(S)","CHILE"
"1730","2022",9,"SANTA ROSA, TACNA","MANZANA, fruto fresco",23128,"CAJA(S)","CHILE"
"1731","2022",9,"SANTA ROSA, TACNA","MANZANA, fruto fresco",23520,"CAJA(S)","CHILE"
"1732","2022",9,"OFICINA PUESTO DE CONTROL AEREO -  PROV. CONST. DEL CALLAO","MAIZ, semilla",177.75,"BOLSAS","MEXICO"
"1733","2022",9,"PUESTO DE CONTROL TERRESTRE DESAGUADERO","MANI, grano sin cáscara",112000,"SACO(S)","BOLIVIA"
"1734","2022",9,"SANTA ROSA, TACNA","PERA, fruta fresca",6912,"CAJA(S)","CHILE"
"1735","2022",9,"SANTA ROSA, TACNA","KIWI, fruto fresco",15650,"CAJA(S)","CHILE"
"1736","2022",9,"PUESTO DE CONTROL TERRESTRE DESAGUADERO","SOYA, torta",84000,"GRANEL","BOLIVIA"
"1737","2022",9,"PUESTO DE CONTROL TERRESTRE DESAGUADERO","SOYA, torta",84000,"GRANEL","BOLIVIA"
"1738","2022",9,"PUESTO DE CONTROL TERRESTRE DESAGUADERO","SOYA, torta",56500,"GRANEL","BOLIVIA"
"1739","2022",9,"PUESTO DE CONTROL TERRESTRE DESAGUADERO","SOYA, torta",54020,"GRANEL","BOLIVIA"
"1740","2022",9,"PUESTO DE CONTROL TERRESTRE DESAGUADERO","SOYA, torta",54000,"GRANEL","BOLIVIA"
"1741","2022",9,"PUESTO DE CONTROL TERRESTRE DESAGUADERO","SOYA, torta",85000,"GRANEL","BOLIVIA"
"1742","2022",9,"PUESTO DE CONTROL TERRESTRE DESAGUADERO","SOYA, torta",49000,"GRANEL","BOLIVIA"
"1743","2022",9,"PUESTO DE CONTROL TERRESTRE DESAGUADERO","SOYA, torta",78000,"GRANEL","BOLIVIA"
"1744","2022",9,"PUESTO DE CONTROL TERRESTRE DESAGUADERO","SOYA, torta",114800,"GRANEL","BOLIVIA"
"1745","2022",9,"PUESTO DE CONTROL TERRESTRE DESAGUADERO","GIRASOL, torta",87330,"GRANEL","BOLIVIA"
"1746","2022",9,"PUESTO DE CONTROL TERRESTRE DESAGUADERO","SOYA, harina",23931,"SACO(S)","BOLIVIA"
"1747","2022",9,"SANTA ROSA, TACNA","PERA, fruta fresca",8064,"CAJA(S)","CHILE"
"1748","2022",9,"SANTA ROSA, TACNA","MANZANA, fruto fresco",15680,"CAJA(S)","CHILE"
"1749","2022",9,"SANTA ROSA, TACNA","MANZANA, fruto fresco",23520,"CAJA(S)","CHILE"
"1750","2022",9,"SANTA ROSA, TACNA","MANZANA, fruto fresco",21070,"CAJA(S)","CHILE"
"1751","2022",9,"OFICINA PUESTO DE CONTROL AEREO -  PROV. CONST. DEL CALLAO","PLATANO, polvo",1,"BOLSAS","GUATEMALA"
"1752","2022",9,"OFICINA PUESTO DE CONTROL MARITIMO - PROV. CONST. DEL CALLAO","AVENA, grano mondado, perlado, troceado o quebrantado",125000,"BOLSAS","CHILE"
"1753","2022",9,"OFICINA PUESTO DE CONTROL MARITIMO - PROV. CONST. DEL CALLAO","MAIZ, almidon",63000,"BOLSAS","ARGENTINA"
"1754","2022",9,"PUESTO DE CONTROL TERRESTRE DESAGUADERO","SOYA, torta",112000,"SACO(S)","BOLIVIA"
"1755","2022",9,"PUESTO DE CONTROL TERRESTRE DESAGUADERO","SOYA, torta",115000,"SACO(S)","BOLIVIA"
"1756","2022",9,"OFICINA PUESTO DE CONTROL MARITIMO - PROV. CONST. DEL CALLAO","LENTEJA, grano",52616,"SACO(S)","CANADA"
"1757","2022",9,"OFICINA PUESTO DE CONTROL MARITIMO - PROV. CONST. DEL CALLAO","Los demas articulos de cesteria con algun proceso de CRF 2",101.835,"CAJA(S)","EL SALVADOR"
"1758","2022",9,"OFICINA PUESTO DE CONTROL MARITIMO - PROV. CONST. DEL CALLAO","Articulos para fiestas de navidad que sean o contengan material vegetal
",245.11,"CAJA(S)","EL SALVADOR"
"1759","2022",9,"OFICINA PUESTO DE CONTROL MARITIMO - PROV. CONST. DEL CALLAO","Los demas articulos para fiesta, carnaval u otras diversiones, incluidos los de magia y articulos sorpresa que sean o contengan material vegetal
",80.233,"CAJA(S)","EL SALVADOR"
"1760","2022",9,"OFICINA PUESTO DE CONTROL MARITIMO - PROV. CONST. DEL CALLAO","MARCOS, madera",63.751,"CAJA(S)","EL SALVADOR"
"1761","2022",9,"OFICINA PUESTO DE CONTROL MARITIMO - PROV. CONST. DEL CALLAO","Los demas articulos de cesteria con algun proceso de CRF 2",620.324,"CAJA(S)","EL SALVADOR"
"1762","2022",9,"OFICINA PUESTO DE CONTROL MARITIMO - PROV. CONST. DEL CALLAO","Articulos para fiestas de navidad que sean o contengan material vegetal
",671.318,"CAJA(S)","EL SALVADOR"
"1763","2022",9,"OFICINA PUESTO DE CONTROL MARITIMO - PROV. CONST. DEL CALLAO","Los demas articulos para fiesta, carnaval u otras diversiones, incluidos los de magia y articulos sorpresa que sean o contengan material vegetal
",12.958,"CAJA(S)","EL SALVADOR"
"1764","2022",9,"OFICINA PUESTO DE CONTROL MARITIMO - PROV. CONST. DEL CALLAO","BAMBU, artículos de cestería obtenidos directamente en su forma con materia trenzable con algún proceso de la CRF 2",341.283,"CAJA(S)","EL SALVADOR"
"1765","2022",9,"PUESTO DE CONTROL TERRESTRE DESAGUADERO","SOYA, torta",140500,"SACO(S)","BOLIVIA"
"1766","2022",9,"OFICINA PUESTO DE CONTROL AEREO -  PROV. CONST. DEL CALLAO","MAIZ, semilla",71.889,"SOBRES","FRANCIA"
"1767","2022",9,"SANTA ROSA, TACNA","UVA (PASAS), secas industrialmente",25000,"CAJA(S)","CHILE"
"1768","2022",9,"SANTA ROSA, TACNA","UVA (PASAS), secas industrialmente",25000,"CAJA(S)","CHILE"
"1769","2022",9,"PUESTO DE CONTROL TERRESTRE DESAGUADERO","SOYA, torta",145000,"SACO(S)","BOLIVIA"
"1770","2022",9,"OFICINA PUESTO DE CONTROL MARITIMO - PROV. CONST. DEL CALLAO","CLAVO DE OLOR, entera seca al natural",25000,"CAJA(S)","INDONESIA"
"1771","2022",9,"OFICINA PUESTO DE CONTROL MARITIMO - PROV. CONST. DEL CALLAO","LENTEJA, grano",49442,"SACO(S)","CANADA"
"1772","2022",9,"OFICINA PUESTO DE CONTROL MARITIMO - PROV. CONST. DEL CALLAO","LENTEJA, grano",49442,"SACO(S)","CANADA"
"1773","2022",9,"PUESTO DE CONTROL TERRESTRE DESAGUADERO","SOYA, torta",56000,"GRANEL","BOLIVIA"
"1774","2022",9,"PUESTO DE CONTROL TERRESTRE DESAGUADERO","SOYA, torta",87000,"GRANEL","BOLIVIA"
"1775","2022",9,"PUESTO DE CONTROL TERRESTRE DESAGUADERO","SOYA, torta",56000,"GRANEL","BOLIVIA"
"1776","2022",9,"OFICINA PUESTO DE CONTROL MARITIMO - PROV. CONST. DEL CALLAO","PAPA, fécula",110000,"BIG BAG","ALEMANIA"
"1777","2022",9,"PUESTO DE CONTROL TERRESTRE DESAGUADERO","SOYA, grano",56000,"GRANEL","BOLIVIA"
"1778","2022",9,"PUESTO DE CONTROL TERRESTRE DESAGUADERO","SOYA, grano",25000,"GRANEL","BOLIVIA"
"1779","2022",9,"PUESTO DE CONTROL TERRESTRE DESAGUADERO","SOYA, grano",27000,"GRANEL","BOLIVIA"
"1780","2022",9,"PUESTO DE CONTROL TERRESTRE DESAGUADERO","SOYA, grano",27500,"GRANEL","BOLIVIA"
"1781","2022",9,"PUESTO DE CONTROL TERRESTRE DESAGUADERO","SOYA, grano",84000,"GRANEL","BOLIVIA"
"1782","2022",9,"PUESTO DE CONTROL TERRESTRE DESAGUADERO","SOYA, grano",56000,"GRANEL","BOLIVIA"
"1783","2022",9,"PUESTO DE CONTROL TERRESTRE DESAGUADERO","SOYA, grano",26500,"GRANEL","BOLIVIA"
"1784","2022",9,"PUESTO DE CONTROL TERRESTRE DESAGUADERO","SOYA, grano",28000,"GRANEL","BOLIVIA"
"1785","2022",9,"PUESTO DE CONTROL TERRESTRE DESAGUADERO","SOYA, grano",28000,"GRANEL","BOLIVIA"
"1786","2022",9,"PUESTO DE CONTROL TERRESTRE DESAGUADERO","SOYA, grano",28000,"GRANEL","BOLIVIA"
"1787","2022",9,"PUESTO DE CONTROL TERRESTRE DESAGUADERO","SOYA, grano",27000,"GRANEL","BOLIVIA"
"1788","2022",9,"PUESTO DE CONTROL TERRESTRE DESAGUADERO","SOYA, grano",28000,"GRANEL","BOLIVIA"
"1789","2022",9,"PUESTO DE CONTROL TERRESTRE DESAGUADERO","SOYA, grano",28000,"GRANEL","BOLIVIA"
"1790","2022",9,"PUESTO DE CONTROL TERRESTRE DESAGUADERO","SOYA, torta",174000,"SACO(S)","BOLIVIA"
"1791","2022",9,"PUESTO DE CONTROL TERRESTRE DESAGUADERO","SOYA, torta",145000,"SACO(S)","BOLIVIA"
"1792","2022",9,"OFICINA PUESTO DE CONTROL AEREO -  PROV. CONST. DEL CALLAO","CEBOLLA, semilla",113.4,"SACHETS","CHILE"
"1793","2022",9,"OFICINA PUESTO DE CONTROL MARITIMO - PROV. CONST. DEL CALLAO","AZUCAR DE CAÑA, solido en bruto",150000,"SACO(S)","GUATEMALA"
"1794","2022",9,"OFICINA PUESTO DE CONTROL AEREO -  PROV. CONST. DEL CALLAO","CEREZO, varas yemeras sin hojas",1.9,"BOLSAS","CHILE"
"1795","2022",9,"SANTA ROSA, TACNA","COMINO, grano",26000,"SACO(S)","INDIA"
"1796","2022",9,"OFICINA PUESTO DE CONTROL MARITIMO - PROV. CONST. DEL CALLAO","CANELA, corteza entera seca al natural",13500,"CAJA(S)","SRI LANKA"
"1797","2022",9,"OFICINA PUESTO DE CONTROL MARITIMO - PROV. CONST. DEL CALLAO","CANELA, corteza entera seca al natural",13500,"CAJA(S)","SRI LANKA"
"1798","2022",9,"OFICINA PUESTO DE CONTROL AEREO -  PROV. CONST. DEL CALLAO","AJO, secos industrial, cortados en trozos o en rodajas o triturados o pulverizados",1.5,"BOLSAS","CHINA"
"1799","2022",9,"PUESTO DE CONTROL TERRESTRE DESAGUADERO","SOYA, torta",84140,"GRANEL","BOLIVIA"
"1800","2022",9,"PUESTO DE CONTROL TERRESTRE DESAGUADERO","SOYA, torta",175220,"GRANEL","BOLIVIA"
"1801","2022",9,"PUESTO DE CONTROL TERRESTRE DESAGUADERO","SOYA, torta",28000,"GRANEL","BOLIVIA"
"1802","2022",9,"PUESTO DE CONTROL TERRESTRE DESAGUADERO","SOYA, torta",84000,"GRANEL","BOLIVIA"
"1803","2022",9,"PUESTO DE CONTROL TERRESTRE DESAGUADERO","SOYA, torta",56000,"GRANEL","BOLIVIA"
"1804","2022",9,"PUESTO DE CONTROL TERRESTRE DESAGUADERO","SOYA, torta",112560,"GRANEL","BOLIVIA"
"1805","2022",9,"PUESTO DE CONTROL TERRESTRE DESAGUADERO","SOYA, torta",56260,"GRANEL","BOLIVIA"
"1806","2022",9,"PUESTO DE CONTROL TERRESTRE DESAGUADERO","SOYA, torta",112000,"GRANEL","BOLIVIA"
"1807","2022",9,"IÑAPARI, MADRE DE DIOS","MAIZ AMARILLO DURO, grano",32000,"GRANEL","BRASIL"
"1808","2022",9,"IÑAPARI, MADRE DE DIOS","MAIZ AMARILLO DURO, grano",32000,"GRANEL","BRASIL"
"1809","2022",9,"IÑAPARI, MADRE DE DIOS","MAIZ AMARILLO DURO, grano",32000,"GRANEL","BRASIL"
"1810","2022",9,"OFICINA PUESTO DE CONTROL MARITIMO - PROV. CONST. DEL CALLAO","ARVEJA, grano partido",98884,"SACO(S)","CANADA"
"1811","2022",9,"IÑAPARI, MADRE DE DIOS","MAIZ AMARILLO DURO, grano",32000,"GRANEL","BRASIL"
"1812","2022",9,"IÑAPARI, MADRE DE DIOS","MAIZ AMARILLO DURO, grano",32000,"GRANEL","BRASIL"
"1813","2022",9,"IÑAPARI, MADRE DE DIOS","MAIZ AMARILLO DURO, grano",32000,"GRANEL","BRASIL"
"1814","2022",9,"PUESTO DE CONTROL TERRESTRE DESAGUADERO","SOYA, torta",84000,"GRANEL","BOLIVIA"
"1815","2022",9,"PUESTO DE CONTROL TERRESTRE DESAGUADERO","SOYA, torta",52000,"GRANEL","BOLIVIA"
"1816","2022",9,"PUESTO DE CONTROL TERRESTRE DESAGUADERO","SOYA, torta",83500,"GRANEL","BOLIVIA"
"1817","2022",9,"PUESTO DE CONTROL TERRESTRE DESAGUADERO","SOYA, torta",114000,"GRANEL","BOLIVIA"
"1818","2022",9,"PUESTO DE CONTROL TERRESTRE DESAGUADERO","SOYA, torta",84280,"GRANEL","BOLIVIA"
"1819","2022",9,"PUESTO DE CONTROL TERRESTRE DESAGUADERO","SOYA, torta",84000,"GRANEL","BOLIVIA"
"1820","2022",9,"PUESTO DE CONTROL TERRESTRE DESAGUADERO","SOYA, torta",27200,"GRANEL","BOLIVIA"
"1821","2022",9,"PUESTO DE CONTROL TERRESTRE DESAGUADERO","SOYA, torta",27500,"GRANEL","BOLIVIA"
"1822","2022",9,"IÑAPARI, MADRE DE DIOS","MAIZ AMARILLO DURO, grano",38000,"GRANEL","BRASIL"
"1823","2022",9,"IÑAPARI, MADRE DE DIOS","NUEZ DEL BRASIL, con cáscara seca al natural",28140,"SACO(S)","BRASIL"
"1824","2022",9,"PUESTO DE CONTROL TERRESTRE DESAGUADERO","SOYA, torta",116000,"SACO(S)","BOLIVIA"
"1825","2022",9,"PUESTO DE CONTROL TERRESTRE DESAGUADERO","SOYA, harina",206000,"SACO(S)","BOLIVIA"
"1826","2022",9,"OFICINA PUESTO DE CONTROL MARITIMO - PROV. CONST. DEL CALLAO","MAIZ, almidon",27000,"BOLSAS","CHINA"
"1827","2022",9,"PUESTO DE CONTROL TERRESTRE DESAGUADERO","SOYA, torta",83000,"GRANEL","BOLIVIA"
"1828","2022",9,"PUESTO DE CONTROL TERRESTRE DESAGUADERO","SOYA, torta",56000,"GRANEL","BOLIVIA"
"1829","2022",9,"OFICINA PUESTO DE CONTROL MARITIMO - PROV. CONST. DEL CALLAO","FREJOL, grano",50000,"SACO(S)","ARGENTINA"
"1830","2022",9,"PUESTO DE CONTROL TERRESTRE DESAGUADERO","SOYA, harina",146000,"SACO(S)","BOLIVIA"
"1831","2022",9,"PUESTO DE CONTROL TERRESTRE DESAGUADERO","SOYA, harina",116000,"SACO(S)","BOLIVIA"
"1832","2022",9,"PUESTO DE CONTROL TERRESTRE DESAGUADERO","SOYA, torta",116000,"SACO(S)","BOLIVIA"
"1833","2022",9,"OFICINA PUESTO DE CONTROL MARITIMO - PROV. CONST. DEL CALLAO","COCO, fibra (para sustrato)",65923,"PALETAS","SRI LANKA"
"1834","2022",9,"OFICINA PUESTO DE CONTROL MARITIMO - PROV. CONST. DEL CALLAO","COCO, rallado seco industrial",19250,"SACO(S)","MALASIA"
"1835","2022",9,"OFICINA PUESTO DE CONTROL MARITIMO - PROV. CONST. DEL CALLAO","MAIZ, semola",9360,"PAQUETES","ITALIA"
"1836","2022",9,"OFICINA PUESTO DE CONTROL MARITIMO - PROV. CONST. DEL CALLAO","ALGODON, fibra sin cardar ni peinar (>28.57 mm = o <34.92 mm)",38910,"FARDOS","EEUU"
"1837","2022",9,"OFICINA PUESTO DE CONTROL MARITIMO - PROV. CONST. DEL CALLAO","LENTEJA, grano",52200,"SACO(S)","CANADA"
"1838","2022",9,"OFICINA PUESTO DE CONTROL MARITIMO - PROV. CONST. DEL CALLAO","CULANTRO, semilla",14000,"SACO(S)","FRANCIA"
"1839","2022",9,"OFICINA PUESTO DE CONTROL MARITIMO - PROV. CONST. DEL CALLAO","APIO, semilla",560,"SACO(S)","FRANCIA"
"1840","2022",9,"OFICINA PUESTO DE CONTROL MARITIMO - PROV. CONST. DEL CALLAO","BETARRAGA, semilla",3000,"SACO(S)","FRANCIA"
"1841","2022",9,"OFICINA PUESTO DE CONTROL MARITIMO - PROV. CONST. DEL CALLAO","PEREJIL, semilla",1500,"SACO(S)","FRANCIA"
"1842","2022",9,"OFICINA PUESTO DE CONTROL MARITIMO - PROV. CONST. DEL CALLAO","RABANITO, semilla",1000,"SACO(S)","FRANCIA"
"1843","2022",9,"OFICINA PUESTO DE CONTROL MARITIMO - PROV. CONST. DEL CALLAO","ZANAHORIA, semilla",2000,"SACO(S)","FRANCIA"
"1844","2022",9,"OFICINA PUESTO DE CONTROL MARITIMO - PROV. CONST. DEL CALLAO","AZUCAR BLANCA O REFINADA (lectura polarimetrica mayor 99.5°)",132500,"SACO(S)","GUATEMALA"
"1845","2022",9,"OFICINA PUESTO DE CONTROL MARITIMO - PROV. CONST. DEL CALLAO","AZUCAR BLANCA O REFINADA (lectura polarimetrica mayor 99.5°)",26500,"SACO(S)","GUATEMALA"
"1846","2022",9,"PUESTO DE CONTROL TERRESTRE DESAGUADERO","SOYA, torta",56000,"GRANEL","BOLIVIA"
"1847","2022",9,"PUESTO DE CONTROL TERRESTRE DESAGUADERO","SOYA, harina",49468,"SACO(S)","BOLIVIA"
"1848","2022",9,"PUESTO DE CONTROL TERRESTRE DESAGUADERO","SOYA, torta",56000,"GRANEL","BOLIVIA"
"1849","2022",9,"PUESTO DE CONTROL TERRESTRE DESAGUADERO","SOYA, torta",85290,"GRANEL","BOLIVIA"
"1850","2022",9,"PUESTO DE CONTROL TERRESTRE DESAGUADERO","SOYA, torta",55040,"GRANEL","BOLIVIA"
"1851","2022",9,"OFICINA PUESTO DE CONTROL MARITIMO - PROV. CONST. DEL CALLAO","LENTEJA, grano",248570,"SACO(S)","CANADA"
"1852","2022",9,"SANTA ROSA, TACNA","UVA (PASAS), secas naturalmente",20000,"CAJA(S)","ARGENTINA"
"1853","2022",9,"PUESTO DE CONTROL TERRESTRE DESAGUADERO","SOYA, torta",117000,"SACO(S)","BOLIVIA"
"1854","2022",9,"OFICINA PUESTO DE CONTROL MARITIMO - PROV. CONST. DEL CALLAO","BAMBU, madera sin emsamblar (tablillas y frisos para parqués barnizadas o laquedas) distintas de las coniferas",21125,"CAJA(S)","CHINA"
"1855","2022",9,"PUESTO DE CONTROL TERRESTRE DESAGUADERO","AJONJOLI, grano",30000,"SACO(S)","BOLIVIA"
"1856","2022",9,"OFICINA PUESTO DE CONTROL MARITIMO - PROV. CONST. DEL CALLAO","MARCOS, madera",169.264,"UNIDADES","BELGICA"
"1857","2022",9,"OFICINA PUESTO DE CONTROL MARITIMO - PROV. CONST. DEL CALLAO","MADERA, puertas y sus marcos, contramarcos y umbrales, con algun proceso de la CRF 2",16.926,"UNIDADES","BELGICA"
"1858","2022",9,"OFICINA PUESTO DE CONTROL MARITIMO - PROV. CONST. DEL CALLAO","ARROZ, grano pilado",250000,"SACO(S)","URUGUAY"
"1859","2022",9,"OFICINA PUESTO DE CONTROL MARITIMO - PROV. CONST. DEL CALLAO","AZUCAR BLANCA O REFINADA (lectura polarimetrica mayor 99.5°)",265000,"SACO(S)","GUATEMALA"
"1860","2022",9,"OFICINA PUESTO DE CONTROL MARITIMO - PROV. CONST. DEL CALLAO","TRIGO, gluten",20000,"SACO(S)","FRANCIA"
"1861","2022",9,"OFICINA PUESTO DE CONTROL MARITIMO - PROV. CONST. DEL CALLAO","ARVEJA, grano partido",46448,"SACO(S)","EEUU"
"1862","2022",9,"OFICINA PUESTO DE CONTROL MARITIMO - PROV. CONST. DEL CALLAO","MIJO, grano",96164,"SACO(S)","CANADA"
"1863","2022",9,"PUESTO DE CONTROL TERRESTRE DESAGUADERO","AZUCAR BLANCA O REFINADA (lectura polarimetrica mayor 99.5°)",171000,"SACO(S)","BOLIVIA"
"1864","2022",9,"PUESTO DE CONTROL TERRESTRE DESAGUADERO","AZUCAR BLANCA O REFINADA (lectura polarimetrica mayor 99.5°)",114000,"SACO(S)","BOLIVIA"
"1865","2022",9,"PUESTO DE CONTROL- CEBAF","CAÑA DE GUAYAQUIL, seca al natural",32000,"UNIDADES","ECUADOR"
"1866","2022",9,"OFICINA PUESTO DE CONTROL MARITIMO - PROV. CONST. DEL CALLAO","LENTEJA, grano",52164,"SACO(S)","CANADA"
"1867","2022",9,"PUESTO DE CONTROL TERRESTRE DESAGUADERO","SOYA, grano",28000,"GRANEL","BOLIVIA"
"1868","2022",9,"PUESTO DE CONTROL TERRESTRE DESAGUADERO","SOYA, grano",27000,"GRANEL","BOLIVIA"
"1869","2022",9,"PUESTO DE CONTROL TERRESTRE DESAGUADERO","SOYA, torta",116000,"SACO(S)","BOLIVIA"
"1870","2022",9,"PUESTO DE CONTROL TERRESTRE DESAGUADERO","SOYA, grano",28000,"GRANEL","BOLIVIA"
"1871","2022",9,"OFICINA PUESTO DE CONTROL AEREO -  PROV. CONST. DEL CALLAO","TOMATE, semilla",0.021,"SACO(S)","BRASIL"
"1872","2022",9,"OFICINA PUESTO DE CONTROL AEREO -  PROV. CONST. DEL CALLAO","YUCA (=MANDIOCA), harina",13,"BOLSAS",NA
"1873","2022",9,"OFICINA PUESTO DE CONTROL AEREO -  PROV. CONST. DEL CALLAO","YUCA (=MANDIOCA), almidón",32.4,"BOLSAS",NA
"1874","2022",9,"OFICINA PUESTO DE CONTROL MARITIMO - PROV. CONST. DEL CALLAO","GIRASOL, grano sin cáscara",78000,"SACO(S)","BULGARIA"
"1875","2022",9,"PUESTO DE CONTROL TERRESTRE DESAGUADERO","FREJOL NEGRO, grano",30000,"SACO(S)","BOLIVIA"
"1876","2022",9,"OFICINA PUESTO DE CONTROL MARITIMO - PROV. CONST. DEL CALLAO","AZUCAR DE CAÑA, solido en bruto",75000,"BOLSAS","PARAGUAY"
"1877","2022",9,"OFICINA PUESTO DE CONTROL MARITIMO - PROV. CONST. DEL CALLAO","ROTEN (=Ratán), artículos de cestería obtenidos directamente en su forma con materia trenzable con algún proceso de la CRF2",180.209,"PIEZAS","MALASIA"
"1878","2022",9,"OFICINA PUESTO DE CONTROL MARITIMO - PROV. CONST. DEL CALLAO","Articulos de cesteria (canastos, cestos u otros), con algun proceso de la CRF2",231.38,"PIEZAS","MALASIA"
"1879","2022",9,"OFICINA PUESTO DE CONTROL MARITIMO - PROV. CONST. DEL CALLAO","COCO, fibra (para sustrato)",138060,"BOLSAS","SRI LANKA"
"1880","2022",9,"OFICINA PUESTO DE CONTROL MARITIMO - PROV. CONST. DEL CALLAO","ROTEN (=Ratán), artículos de cestería obtenidos directamente en su forma con materia trenzable con algún proceso de la CRF2",12.32,"UNIDADES","MALASIA"
"1881","2022",9,"OFICINA PUESTO DE CONTROL MARITIMO - PROV. CONST. DEL CALLAO","Articulos de cesteria (canastos, cestos u otros), con algun proceso de la CRF2",61.159,"UNIDADES","MALASIA"
"1882","2022",9,"OFICINA PUESTO DE CONTROL MARITIMO - PROV. CONST. DEL CALLAO","Revestimientos para el suelo de las demas fibras vegetales
",394,"UNIDADES","MALASIA"
"1883","2022",9,"OFICINA PUESTO DE CONTROL MARITIMO - PROV. CONST. DEL CALLAO","CEBOLLA, seca industrial",1600,"CAJA(S)","CHINA"
"1884","2022",9,"OFICINA PUESTO DE CONTROL MARITIMO - PROV. CONST. DEL CALLAO","AJO, polvo",1000,"CAJA(S)","CHINA"
"1885","2022",9,"OFICINA PUESTO DE CONTROL MARITIMO - PROV. CONST. DEL CALLAO","AJO, secos industrial, cortados en trozos o en rodajas o triturados o pulverizados",4400,"CAJA(S)","CHINA"
"1886","2022",9,"OFICINA PUESTO DE CONTROL MARITIMO - PROV. CONST. DEL CALLAO","APIO, secado industrialmente/ deshidratado",940,"CAJA(S)","CHINA"
"1887","2022",9,"OFICINA PUESTO DE CONTROL MARITIMO - PROV. CONST. DEL CALLAO","BROCOLI, secado industrial/ deshidratado",300,"CAJA(S)","CHINA"
"1888","2022",9,"OFICINA PUESTO DE CONTROL MARITIMO - PROV. CONST. DEL CALLAO","CULANTRO, polvo",120,"CAJA(S)","CHINA"
"1889","2022",9,"OFICINA PUESTO DE CONTROL MARITIMO - PROV. CONST. DEL CALLAO","PORO, deshidratado",1200,"CAJA(S)","CHINA"
"1890","2022",9,"OFICINA PUESTO DE CONTROL MARITIMO - PROV. CONST. DEL CALLAO","TOMATE, seco industrial",3780,"CAJA(S)","CHINA"
"1891","2022",9,"OFICINA PUESTO DE CONTROL MARITIMO - PROV. CONST. DEL CALLAO","ZANAHORIA, seca industrialmente/ deshidratado",2400,"CAJA(S)","CHINA"
"1892","2022",9,"OFICINA PUESTO DE CONTROL MARITIMO - PROV. CONST. DEL CALLAO","CANELA, triturada o pulverizada (molida)",800,"CAJA(S)","CHINA"
"1893","2022",9,"OFICINA PUESTO DE CONTROL MARITIMO - PROV. CONST. DEL CALLAO","MADERA, monturas y mangos de herramientas, monturas y mangos de cepillos, brochas o escobas, de madera; hormas, ensanchadores y tensores del calzado, de madera ; con algún proceso de la CRF 2",83225,"UNIDADES","CHINA"
"1894","2022",9,"PUESTO DE CONTROL TERRESTRE DESAGUADERO","SOYA, torta",142500,"SACO(S)","BOLIVIA"
"1895","2022",9,"PUESTO DE CONTROL TERRESTRE DESAGUADERO","SOYA, torta",144000,"SACO(S)","BOLIVIA"
"1896","2022",9,"OFICINA PUESTO DE CONTROL MARITIMO - PROV. CONST. DEL CALLAO","ALGODON, fibra sin cardar ni peinar (>28.57 mm = o <34.92 mm)",60250,"FARDOS","EEUU"
"1897","2022",9,"PUESTO DE CONTROL- CEBAF","CAÑA DE GUAYAQUIL, seca al natural",27200,"UNIDADES","ECUADOR"
"1898","2022",9,"PUESTO DE CONTROL TERRESTRE DESAGUADERO","AZUCAR BLANCA O REFINADA (lectura polarimetrica mayor 99.5°)",57558,"SACO(S)","BOLIVIA"
"1899","2022",9,"PUESTO DE CONTROL TERRESTRE DESAGUADERO","MANI, grano sin cáscara",29000,"SACO(S)","BOLIVIA"
"1900","2022",9,"OFICINA PUESTO DE CONTROL AEREO -  PROV. CONST. DEL CALLAO","ARANDANO, planta",777,"CAJA(S)","CHILE"
"1901","2022",9,"OFICINA PUESTO DE CONTROL MARITIMO - PROV. CONST. DEL CALLAO","FREJOL CANARIO, grano",23000,"SACO(S)","MEXICO"
"1902","2022",9,"OFICINA PUESTO DE CONTROL MARITIMO - PROV. CONST. DEL CALLAO","Las demas maquinarias y aparatos, usados 
",410,"CAJA(S)","ALEMANIA"
"1903","2022",9,"OFICINA PUESTO DE CONTROL MARITIMO - PROV. CONST. DEL CALLAO","Las demas maquinarias y aparatos, usados 
",680,"PAQUETES","ALEMANIA"
"1904","2022",9,"OFICINA PUESTO DE CONTROL MARITIMO - PROV. CONST. DEL CALLAO","Partes de maquinarias para limpieza, clasificacion o cribado de semillas, granos u hortalizas de vaina seca, maquinarias y aparatos para molienda o tratamiento de cereales u hortalizas de vaina secas, usadas
",500,"CAJA(S)","ALEMANIA"
"1905","2022",9,"OFICINA PUESTO DE CONTROL AEREO -  PROV. CONST. DEL CALLAO","ARANDANO, planta in vitro",16.91,"FRASCO(S)","EEUU"
"1906","2022",9,"PUESTO DE CONTROL TERRESTRE DESAGUADERO","FREJOL NEGRO, grano",52000,"SACO(S)","BOLIVIA"
"1907","2022",9,"OFICINA PUESTO DE CONTROL MARITIMO - PROV. CONST. DEL CALLAO","MAIZ AMARILLO DURO, grano",26760000,"GRANEL","ARGENTINA"
"1908","2022",9,"OFICINA PUESTO DE CONTROL MARITIMO - PROV. CONST. DEL CALLAO","MADERA EN BRUTO, las demás con algún proceso de la CRF 2",51138,"UNIDADES","CHILE"
"1909","2022",9,"OFICINA PUESTO DE CONTROL MARITIMO - PROV. CONST. DEL CALLAO","MADERA EN BRUTO, las demás con algún proceso de la CRF 2",59500,"UNIDADES","CHILE"
"1910","2022",9,"OFICINA PUESTO DE CONTROL MARITIMO - PROV. CONST. DEL CALLAO","CAUCHO, técnicamente especificado (TSNR)",60480,"PIEZAS","INDONESIA"
"1911","2022",9,"OFICINA PUESTO DE CONTROL MARITIMO - PROV. CONST. DEL CALLAO","AJO, polvo",11000,"CAJA(S)","CHINA"
"1912","2022",9,"OFICINA PUESTO DE CONTROL MARITIMO - PROV. CONST. DEL CALLAO","AZUCAR CRUDA, sólido",250000,"SACO(S)","EL SALVADOR"
"1913","2022",9,"OFICINA PUESTO DE CONTROL MARITIMO - PROV. CONST. DEL CALLAO","AZUCAR CRUDA, sólido",250000,"SACO(S)","EL SALVADOR"
"1914","2022",9,"OFICINA PUESTO DE CONTROL MARITIMO - PROV. CONST. DEL CALLAO","AZUCAR BLANCA O REFINADA (lectura polarimetrica mayor 99.5°)",715500,"SACO(S)","GUATEMALA"
"1915","2022",9,"OFICINA PUESTO DE CONTROL MARITIMO - PROV. CONST. DEL CALLAO","AZUCAR SIN REFINAR, solido",125000,"SACO(S)","GUATEMALA"
"1916","2022",9,"OFICINA PUESTO DE CONTROL MARITIMO - PROV. CONST. DEL CALLAO","AZUCAR SIN REFINAR, solido",250000,"SACO(S)","GUATEMALA"
"1917","2022",9,"OFICINA PUESTO DE CONTROL AEREO -  PROV. CONST. DEL CALLAO","MELON, semilla",2.368,"SACHETS","EEUU"
"1918","2022",9,"OFICINA PUESTO DE CONTROL MARITIMO - PROV. CONST. DEL CALLAO","GARBANZO, grano",90538,"SACO(S)","EEUU"
"1919","2022",9,"PUESTO DE CONTROL TERRESTRE DESAGUADERO","SOYA, torta",86000,"GRANEL","BOLIVIA"
"1920","2022",9,"OFICINA PUESTO DE CONTROL MARITIMO - PROV. CONST. DEL CALLAO","TRIGO, semola",88000,"SACO(S)","MEXICO"
"1921","2022",9,"OFICINA PUESTO DE CONTROL MARITIMO - PROV. CONST. DEL CALLAO","ALGODON, fibra sin cardar ni peinar (>34.92 mm)",19394,"FARDOS","EEUU"
"1922","2022",9,"OFICINA PUESTO DE CONTROL MARITIMO - PROV. CONST. DEL CALLAO","ALGODON, fibra sin cardar ni peinar (>28.57 mm = o <34.92 mm)",59560,"FARDOS","EEUU"
"1923","2022",9,"IÑAPARI, MADRE DE DIOS","MAIZ AMARILLO DURO, grano",26000,"GRANEL","BRASIL"
"1924","2022",9,"PUESTO DE CONTROL TERRESTRE DESAGUADERO","SOYA, grano",27000,"GRANEL","BOLIVIA"
"1925","2022",9,"OFICINA PUESTO DE CONTROL MARITIMO - PROV. CONST. DEL CALLAO","CAUCHO, hojas ahumadas",56000,"PACAS","VIETNAM"
"1926","2022",9,"PUESTO DE CONTROL TERRESTRE DESAGUADERO","SOYA, torta",114000,"GRANEL","BOLIVIA"
"1927","2022",9,"PUESTO DE CONTROL TERRESTRE DESAGUADERO","SOYA, torta",29000,"GRANEL","BOLIVIA"
"1928","2022",9,"PUESTO DE CONTROL TERRESTRE DESAGUADERO","SOYA, torta",58140,"GRANEL","BOLIVIA"
"1929","2022",9,"PUESTO DE CONTROL TERRESTRE DESAGUADERO","SOYA, torta",25100,"GRANEL","BOLIVIA"
"1930","2022",9,"PUESTO DE CONTROL TERRESTRE DESAGUADERO","SOYA, torta",82680,"GRANEL","BOLIVIA"
"1931","2022",9,"PUESTO DE CONTROL TERRESTRE DESAGUADERO","SOYA, torta",85220,"GRANEL","BOLIVIA"
"1932","2022",9,"PUESTO DE CONTROL TERRESTRE DESAGUADERO","SOYA, torta",84500,"GRANEL","BOLIVIA"
"1933","2022",9,"PUESTO DE CONTROL TERRESTRE DESAGUADERO","SOYA, torta",139530,"GRANEL","BOLIVIA"
"1934","2022",9,"PUESTO DE CONTROL TERRESTRE DESAGUADERO","SOYA, torta",174000,"SACO(S)","BOLIVIA"
"1935","2022",9,"PUESTO DE CONTROL TERRESTRE DESAGUADERO","SOYA, torta",116000,"SACO(S)","BOLIVIA"
"1936","2022",9,"PUESTO DE CONTROL TERRESTRE DESAGUADERO","SOYA, torta",115000,"SACO(S)","BOLIVIA"
"1937","2022",9,"PUESTO DE CONTROL TERRESTRE DESAGUADERO","SOYA, torta",114500,"SACO(S)","BOLIVIA"
"1938","2022",9,"PUESTO DE CONTROL TERRESTRE DESAGUADERO","SOYA, torta",114000,"SACO(S)","BOLIVIA"
"1939","2022",9,"PUESTO DE CONTROL TERRESTRE DESAGUADERO","SOYA, torta",115000,"SACO(S)","BOLIVIA"
"1940","2022",9,"OFICINA PUESTO DE CONTROL MARITIMO - PROV. CONST. DEL CALLAO","TURBA",50640,"FARDOS","CANADA"
"1941","2022",9,"PUESTO DE CONTROL TERRESTRE DESAGUADERO","SOYA, torta",143500,"GRANEL","BOLIVIA"
"1942","2022",9,"PUESTO DE CONTROL TERRESTRE DESAGUADERO","GIRASOL, torta",28010,"GRANEL","BOLIVIA"
"1943","2022",9,"OFICINA PUESTO DE CONTROL MARITIMO - PROV. CONST. DEL CALLAO","MADERA, encofrados para hormigón con algún proceso de la CRF2",19588.74,"UNIDADES","AUSTRIA"
"1944","2022",9,"OFICINA PUESTO DE CONTROL MARITIMO - PROV. CONST. DEL CALLAO","MADERA, tablillas para la fabricación de lapices",23520,"CAJA(S)","CHINA"
"1945","2022",9,"SANTA ROSA, TACNA","ALGODON, fibra sin cardar ni peinar (>22.22 mm = o <28.57 mm)",27040,"FARDOS","ARGENTINA"
"1946","2022",9,"OFICINA PUESTO DE CONTROL MARITIMO - PROV. CONST. DEL CALLAO","Articulos para fiestas de navidad que sean o contengan material vegetal
",104.75,"CAJA(S)","CHINA"
"1947","2022",9,"PUESTO DE CONTROL TERRESTRE DESAGUADERO","SOYA, torta",55890,"GRANEL","BOLIVIA"
"1948","2022",9,"PUESTO DE CONTROL TERRESTRE DESAGUADERO","SOYA, torta",56000,"GRANEL","BOLIVIA"
"1949","2022",9,"PUESTO DE CONTROL TERRESTRE DESAGUADERO","SOYA, torta",140000,"GRANEL","BOLIVIA"
"1950","2022",9,"PUESTO DE CONTROL TERRESTRE DESAGUADERO","SOYA, torta",56000,"GRANEL","BOLIVIA"
"1951","2022",9,"OFICINA PUESTO DE CONTROL MARITIMO - PROV. CONST. DEL CALLAO","ARVEJA, grano partido",74163,"SACO(S)","CANADA"
"1952","2022",9,"PUESTO DE CONTROL TERRESTRE DESAGUADERO","AZUCAR BLANCA O REFINADA (lectura polarimetrica mayor 99.5°)",87000,"SACO(S)","BOLIVIA"
"1953","2022",9,"PUESTO DE CONTROL TERRESTRE DESAGUADERO","AZUCAR BLANCA O REFINADA (lectura polarimetrica mayor 99.5°)",87000,"SACO(S)","BOLIVIA"
"1954","2022",9,"OFICINA PUESTO DE CONTROL MARITIMO - PROV. CONST. DEL CALLAO","MADERA, puertas y sus marcos, contramarcos y umbrales, con algun proceso de la CRF 2",46.422,"UNIDADES","MEXICO"
"1955","2022",9,"OFICINA PUESTO DE CONTROL MARITIMO - PROV. CONST. DEL CALLAO","ARROZ, grano pilado",5e+05,"GRANEL","URUGUAY"
"1956","2022",9,"OFICINA PUESTO DE CONTROL MARITIMO - PROV. CONST. DEL CALLAO","ARROZ, parbolizado pulido o sin cáscara",1e+05,"SACO(S)","URUGUAY"
"1957","2022",9,"OFICINA PUESTO DE CONTROL MARITIMO - PROV. CONST. DEL CALLAO","ARVEJA, grano partido",69399,"SACO(S)","EEUU"
"1958","2022",9,"OFICINA PUESTO DE CONTROL MARITIMO - PROV. CONST. DEL CALLAO","LENTEJA, grano",69399,"SACO(S)","EEUU"
"1959","2022",9,"OFICINA PUESTO DE CONTROL MARITIMO - PROV. CONST. DEL CALLAO","CAUCHO, técnicamente especificado (TSNR)",20160,"PALETAS","GUATEMALA"
"1960","2022",9,"PUESTO DE CONTROL TERRESTRE DESAGUADERO","SOYA, torta",80980,"GRANEL","BOLIVIA"
"1961","2022",9,"PUESTO DE CONTROL TERRESTRE DESAGUADERO","SOYA, torta",142225,"SACO(S)","BOLIVIA"
"1962","2022",9,"OFICINA PUESTO DE CONTROL MARITIMO - PROV. CONST. DEL CALLAO","MANZANA, fruto fresco",140777,"CAJA(S)","CHILE"
"1963","2022",9,"OFICINA PUESTO DE CONTROL AEREO -  PROV. CONST. DEL CALLAO","ROSA, flores frescas cortadas",71.861,"CAJA(S)","COLOMBIA"
"1964","2022",9,"OFICINA PUESTO DE CONTROL AEREO -  PROV. CONST. DEL CALLAO","CLAVEL, flores frescas cortadas",106.18,"CAJA(S)","COLOMBIA"
"1965","2022",9,"OFICINA PUESTO DE CONTROL AEREO -  PROV. CONST. DEL CALLAO","CRISANTEMO, flores frescas cortadas",151.404,"CAJA(S)","COLOMBIA"
"1966","2022",9,"OFICINA PUESTO DE CONTROL AEREO -  PROV. CONST. DEL CALLAO","ALSTROEMERIA, flores frescas cortadas",12.735,"CAJA(S)","COLOMBIA"
"1967","2022",9,"OFICINA PUESTO DE CONTROL MARITIMO - PROV. CONST. DEL CALLAO","ALGODON, fibra sin cardar ni peinar (>28.57 mm = o <34.92 mm)",319330,"FARDOS","EEUU"
"1968","2022",9,"OFICINA PUESTO DE CONTROL MARITIMO - PROV. CONST. DEL CALLAO","Articulos para fiestas de navidad que sean o contengan material vegetal
",1374.5,"UNIDADES","CHINA"
"1969","2022",9,"PUERTO DE PAITA , PIURA","COCO, fibra (para sustrato)",46580,"PALETAS","SRI LANKA"
"1970","2022",9,"PUERTO DE PAITA , PIURA","COCO, fibra (para sustrato)",69090,"PALETAS","SRI LANKA"
"1971","2022",9,"PUERTO DE PAITA , PIURA","TURBA",251329,"BIG BAG","LETONIA"
"1972","2022",9,"PUERTO DE PAITA , PIURA","TURBA",261520,"BIG BAG","LETONIA"
"1973","2022",9,"OFICINA PUESTO DE CONTROL MARITIMO - PROV. CONST. DEL CALLAO","ARVEJA, grano partido",148280,"SACO(S)","CANADA"
"1974","2022",9,"OFICINA PUESTO DE CONTROL MARITIMO - PROV. CONST. DEL CALLAO","ARVEJA, grano partido",69399,"SACO(S)","EEUU"
"1975","2022",9,"PUESTO DE CONTROL TERRESTRE DESAGUADERO","MANI, grano sin cáscara",58000,"SACO(S)","BOLIVIA"
"1976","2022",9,"PUESTO DE CONTROL TERRESTRE DESAGUADERO","MANI, grano sin cáscara",30000,"SACO(S)","BOLIVIA"
"1977","2022",9,"OFICINA PUESTO DE CONTROL MARITIMO - PROV. CONST. DEL CALLAO","TURBA",202860,"BIG BAG","HOLANDA"
"1978","2022",9,"PUESTO DE CONTROL TERRESTRE DESAGUADERO","SOYA, torta",116000,"SACO(S)","BOLIVIA"
"1979","2022",9,"PUESTO DE CONTROL TERRESTRE DESAGUADERO","SOYA, torta",116000,"SACO(S)","BOLIVIA"
"1980","2022",9,"PUESTO DE CONTROL TERRESTRE DESAGUADERO","SOYA, harina",145000,"SACO(S)","BOLIVIA"
"1981","2022",9,"OFICINA PUESTO DE CONTROL MARITIMO - PROV. CONST. DEL CALLAO","ARVEJA, grano partido",74163,"SACO(S)","CANADA"
"1982","2022",9,"OFICINA PUESTO DE CONTROL MARITIMO - PROV. CONST. DEL CALLAO","LENTEJA, grano",24721,"SACO(S)","CANADA"
"1983","2022",9,"OFICINA PUESTO DE CONTROL AEREO -  PROV. CONST. DEL CALLAO","VAINILLA, sin triturar ni pulverizar curado y secado",5,"BOLSAS","MEXICO"
"1984","2022",9,"OFICINA PUESTO DE CONTROL MARITIMO - PROV. CONST. DEL CALLAO","ARVEJA, grano partido",74163,"SACO(S)","CANADA"
"1985","2022",9,"OFICINA PUESTO DE CONTROL MARITIMO - PROV. CONST. DEL CALLAO","GARBANZO, grano",74390,"SACO(S)","CANADA"
"1986","2022",9,"OFICINA PUESTO DE CONTROL MARITIMO - PROV. CONST. DEL CALLAO","PINO, madera aserrada con algún proceso de la CRF2",44220,"PAQUETES","CHILE"
"1987","2022",9,"OFICINA PUESTO DE CONTROL MARITIMO - PROV. CONST. DEL CALLAO","PINO, madera aserrada con algún proceso de la CRF2",194620,"PAQUETES","CHILE"
"1988","2022",9,"OFICINA PUESTO DE CONTROL AEREO -  PROV. CONST. DEL CALLAO","UVA (PASAS), secas industrialmente",0.4,"BOLSAS","CHILE"
"1989","2022",9,"OFICINA PUESTO DE CONTROL MARITIMO - PROV. CONST. DEL CALLAO","PAPA, hojuelas y pellets",20160,"SACO(S)","HOLANDA"
"1990","2022",9,"SANTA ROSA, TACNA","MANZANA, fruto fresco",22579.2,"CAJA(S)","CHILE"
"1991","2022",9,"IÑAPARI, MADRE DE DIOS","MAIZ AMARILLO DURO, grano",38000,"SACO(S)","BRASIL"
"1992","2022",9,"PUESTO DE CONTROL TERRESTRE DESAGUADERO","MANI, grano sin cáscara",29000,"SACO(S)","BOLIVIA"
"1993","2022",9,"PUESTO DE CONTROL- CEBAF","ROSA, flores frescas cortadas",5016,"CAJA(S)","ECUADOR"
"1994","2022",9,"PUESTO DE CONTROL- CEBAF","CLAVEL, flores frescas cortadas",713,"CAJA(S)","ECUADOR"
"1995","2022",9,"PUESTO DE CONTROL- CEBAF","CRISANTEMO, flores frescas cortadas",266,"CAJA(S)","ECUADOR"
"1996","2022",9,"OFICINA PUESTO DE CONTROL AEREO -  PROV. CONST. DEL CALLAO","MELON, semilla",1.429,"SACHETS","HOLANDA"
"1997","2022",9,"OFICINA PUESTO DE CONTROL AEREO -  PROV. CONST. DEL CALLAO","MELON, semilla",3.377,"SACHETS","HOLANDA"
"1998","2022",9,"OFICINA PUESTO DE CONTROL AEREO -  PROV. CONST. DEL CALLAO","PIMIENTO, semilla",0.034666,"SACHETS","HOLANDA"
"1999","2022",9,"PUESTO DE CONTROL TERRESTRE DESAGUADERO","MANI, grano sin cáscara",29000,"SACO(S)","BOLIVIA"
"2000","2022",9,"OFICINA PUESTO DE CONTROL MARITIMO - PROV. CONST. DEL CALLAO","UVA (PASAS), secas naturalmente",19500,"CAJA(S)","ARGENTINA"
"2001","2022",9,"PUESTO DE CONTROL TERRESTRE DESAGUADERO","SOYA, torta",56000,"GRANEL","BOLIVIA"
"2002","2022",9,"PUESTO DE CONTROL TERRESTRE DESAGUADERO","SOYA, torta",85000,"GRANEL","BOLIVIA"
"2003","2022",9,"PUESTO DE CONTROL TERRESTRE DESAGUADERO","SOYA, torta",56000,"GRANEL","BOLIVIA"
"2004","2022",9,"SANTA ROSA, TACNA","MANZANA, fruto fresco",23520,"CAJA(S)","CHILE"
"2005","2022",9,"SANTA ROSA, TACNA","MANZANA, fruto fresco",23520,"CAJA(S)","CHILE"
"2006","2022",9,"PUESTO DE CONTROL TERRESTRE DESAGUADERO","SOYA, torta",55000,"GRANEL","BOLIVIA"
"2007","2022",9,"OFICINA PUESTO DE CONTROL MARITIMO - PROV. CONST. DEL CALLAO","AZUCAR CRUDA, sólido",25000,"SACO(S)","HONDURAS"
"2008","2022",9,"SANTA ROSA, TACNA","TRACTOR USADO, con motor de potencia superior a 33 kW pero inferior o igual a 75 kW",5783,"UNIDADES","HOLANDA"
"2009","2022",9,"SANTA ROSA, TACNA","TRACTOR USADO, con motor de potencia superior a 33 kW pero inferior o igual a 75 kW",5784,"UNIDADES","HOLANDA"
"2010","2022",9,"SANTA ROSA, TACNA","TRACTOR USADO, con motor de potencia superior a 33 kW pero inferior o igual a 75 kW",5783,"UNIDADES","HOLANDA"
"2011","2022",9,"OFICINA PUESTO DE CONTROL MARITIMO - PROV. CONST. DEL CALLAO","MAIZ, harina",60000,"PAQUETES","COLOMBIA"
"2012","2022",9,"OFICINA PUESTO DE CONTROL MARITIMO - PROV. CONST. DEL CALLAO","MADERA, moldurada con proceso de la CRF2",162.334,"PAQUETES","EEUU"
"2013","2022",9,"OFICINA PUESTO DE CONTROL MARITIMO - PROV. CONST. DEL CALLAO","MADERA, puertas y sus marcos, contramarcos y umbrales, con algun proceso de la CRF 2",2110.342,"PAQUETES","EEUU"
"2014","2022",9,"OFICINA PUESTO DE CONTROL MARITIMO - PROV. CONST. DEL CALLAO","LENTEJA, grano",52616,"BOLSAS","CANADA"
"2015","2022",9,"OFICINA PUESTO DE CONTROL AEREO -  PROV. CONST. DEL CALLAO","MELON, semilla",0.354,"SACHETS","HOLANDA"
"2016","2022",9,"OFICINA PUESTO DE CONTROL MARITIMO - PROV. CONST. DEL CALLAO","ALGODON, fibra sin cardar ni peinar (>28.57 mm = o <34.92 mm)",18871,"FARDOS","EEUU"
"2017","2022",9,"SANTA ROSA, TACNA","KIWI, fruto fresco",23424,"CAJA(S)","CHILE"
"2018","2022",9,"OFICINA PUESTO DE CONTROL MARITIMO - PROV. CONST. DEL CALLAO","TRACTOR USADO, con motor de potencia superior a 33 kW pero inferior o igual a 75 kW",867,"UNIDADES","REINO UNIDO"
"2019","2022",9,"OFICINA PUESTO DE CONTROL MARITIMO - PROV. CONST. DEL CALLAO","CANELA, corteza entera seca al natural",14560,"CAJA(S)","SRI LANKA"
"2020","2022",9,"OFICINA PUESTO DE CONTROL MARITIMO - PROV. CONST. DEL CALLAO","MARCOS, madera",79.5,"UNIDADES","CHINA"
"2021","2022",9,"PUESTO DE CONTROL TERRESTRE DESAGUADERO","AZUCAR BLANCA O REFINADA (lectura polarimetrica mayor 99.5°)",145000,"SACO(S)","BOLIVIA"
"2022","2022",9,"PUESTO DE CONTROL TERRESTRE DESAGUADERO","AZUCAR BLANCA O REFINADA (lectura polarimetrica mayor 99.5°)",144000,"SACO(S)","BOLIVIA"
"2023","2022",9,"PUESTO DE CONTROL TERRESTRE DESAGUADERO","AZUCAR BLANCA O REFINADA (lectura polarimetrica mayor 99.5°)",86000,"SACO(S)","BOLIVIA"
"2024","2022",9,"PUESTO DE CONTROL TERRESTRE DESAGUADERO","AZUCAR BLANCA O REFINADA (lectura polarimetrica mayor 99.5°)",38500,"SACO(S)","BOLIVIA"
"2025","2022",9,"PUESTO DE CONTROL TERRESTRE DESAGUADERO","AZUCAR BLANCA O REFINADA (lectura polarimetrica mayor 99.5°)",48000,"SACO(S)","BOLIVIA"
"2026","2022",9,"PUESTO DE CONTROL TERRESTRE DESAGUADERO","AZUCAR BLANCA O REFINADA (lectura polarimetrica mayor 99.5°)",143000,"SACO(S)","BOLIVIA"
"2027","2022",9,"OFICINA PUESTO DE CONTROL MARITIMO - PROV. CONST. DEL CALLAO","MARCOS, madera",745.94,"UNIDADES","CHINA"
"2028","2022",9,"OFICINA PUESTO DE CONTROL AEREO -  PROV. CONST. DEL CALLAO","BERENJENA, semilla",0.176,"SACHETS","FRANCIA"
"2029","2022",9,"OFICINA PUESTO DE CONTROL AEREO -  PROV. CONST. DEL CALLAO","TOMATE, semilla",0.02,"SACHETS","FRANCIA"
"2030","2022",9,"OFICINA PUESTO DE CONTROL MARITIMO - PROV. CONST. DEL CALLAO","PAPA, fécula",22000,"SACO(S)","HOLANDA"
"2031","2022",9,"PUESTO DE CONTROL TERRESTRE DESAGUADERO","AJONJOLI, grano",30000,"SACO(S)","BOLIVIA"
"2032","2022",9,"PUESTO DE CONTROL TERRESTRE DESAGUADERO","MANI, grano sin cáscara",60000,"SACO(S)","BOLIVIA"
"2033","2022",9,"PUESTO DE CONTROL TERRESTRE DESAGUADERO","SOYA, torta",80860,"GRANEL","BOLIVIA"
"2034","2022",9,"PUESTO DE CONTROL TERRESTRE DESAGUADERO","SOYA, torta",85540,"GRANEL","BOLIVIA"
"2035","2022",9,"PUESTO DE CONTROL TERRESTRE DESAGUADERO","SOYA, torta",85330,"GRANEL","BOLIVIA"
"2036","2022",9,"PUESTO DE CONTROL TERRESTRE DESAGUADERO","SOYA, torta",83550,"GRANEL","BOLIVIA"
"2037","2022",9,"PUESTO DE CONTROL TERRESTRE DESAGUADERO","SOYA, harina",54511,"SACO(S)","BOLIVIA"
"2038","2022",9,"PUESTO DE CONTROL TERRESTRE DESAGUADERO","SOYA, torta",54400,"GRANEL","BOLIVIA"
"2039","2022",9,"PUESTO DE CONTROL TERRESTRE DESAGUADERO","SOYA, torta",57000,"GRANEL","BOLIVIA"
"2040","2022",9,"PUESTO DE CONTROL TERRESTRE DESAGUADERO","SOYA, harina",24759,"SACO(S)","BOLIVIA"
"2041","2022",9,"PUESTO DE CONTROL TERRESTRE DESAGUADERO","SOYA, torta",56000,"GRANEL","BOLIVIA"
"2042","2022",9,"PUESTO DE CONTROL TERRESTRE DESAGUADERO","SOYA, torta",28000,"GRANEL","BOLIVIA"
"2043","2022",9,"OFICINA PUESTO DE CONTROL MARITIMO - PROV. CONST. DEL CALLAO","PAPA, fécula",1e+05,"BOLSAS","HOLANDA"
"2044","2022",9,"PUESTO DE CONTROL- CEBAF","CAÑA DE GUAYAQUIL, seca al natural",34000,"UNIDADES","ECUADOR"
"2045","2022",9,"OFICINA PUESTO DE CONTROL AEREO -  PROV. CONST. DEL CALLAO","ARANDANO, planta",92,"CAJA(S)","CHILE"
"2046","2022",9,"PUESTO DE CONTROL TERRESTRE DESAGUADERO","SOYA, torta",57000,"GRANEL","BOLIVIA"
"2047","2022",9,"PUESTO DE CONTROL TERRESTRE DESAGUADERO","SOYA, torta",54800,"GRANEL","BOLIVIA"
"2048","2022",9,"PUESTO DE CONTROL TERRESTRE DESAGUADERO","SOYA, torta",57000,"GRANEL","BOLIVIA"
"2049","2022",9,"PUESTO DE CONTROL TERRESTRE DESAGUADERO","SOYA, torta",56000,"GRANEL","BOLIVIA"
"2050","2022",9,"OFICINA PUESTO DE CONTROL MARITIMO - PROV. CONST. DEL CALLAO","PERA, fruta fresca",24210.9,"CAJA(S)","ARGENTINA"
"2051","2022",9,"PUESTO DE CONTROL TERRESTRE DESAGUADERO","SOYA, torta",144500,"SACO(S)","BOLIVIA"
"2052","2022",9,"PUESTO DE CONTROL TERRESTRE DESAGUADERO","SOYA, torta",116000,"SACO(S)","BOLIVIA"
"2053","2022",9,"OFICINA PUESTO DE CONTROL MARITIMO - PROV. CONST. DEL CALLAO","LENTEJA, grano",103964,"SACO(S)","CANADA"
"2054","2022",9,"OFICINA PUESTO DE CONTROL MARITIMO - PROV. CONST. DEL CALLAO","LENTEJA, grano",131495,"SACO(S)","CANADA"
"2055","2022",9,"IÑAPARI, MADRE DE DIOS","MAIZ AMARILLO DURO, grano",32000,"GRANEL","BRASIL"
"2056","2022",9,"IÑAPARI, MADRE DE DIOS","MAIZ AMARILLO DURO, grano",32000,"GRANEL","BRASIL"
"2057","2022",9,"OFICINA PUESTO DE CONTROL MARITIMO - PROV. CONST. DEL CALLAO","MAIZ REVENTON, grano",130000,"SACO(S)","ARGENTINA"
"2058","2022",9,"PUESTO DE CONTROL TERRESTRE DESAGUADERO","SOYA, grano",84000,"GRANEL","BOLIVIA"
"2059","2022",9,"OFICINA PUESTO DE CONTROL MARITIMO - PROV. CONST. DEL CALLAO","MANZANA, fruto fresco",20619.2,"CAJA(S)","CHILE"
"2060","2022",9,"OFICINA PUESTO DE CONTROL MARITIMO - PROV. CONST. DEL CALLAO","CENTENO, harina",1000,"SACO(S)","CHILE"
"2061","2022",9,"OFICINA PUESTO DE CONTROL MARITIMO - PROV. CONST. DEL CALLAO","SOYA, harina",200,"SACO(S)","CHILE"
"2062","2022",9,"OFICINA PUESTO DE CONTROL MARITIMO - PROV. CONST. DEL CALLAO","ALGARROBO, harina",200,"SACO(S)","CHILE"
"2063","2022",9,"OFICINA PUESTO DE CONTROL MARITIMO - PROV. CONST. DEL CALLAO","ARROZ, parbolizado pulido o sin cáscara",127500,"BOLSAS","BRASIL"
"2064","2022",9,"IÑAPARI, MADRE DE DIOS","NUEZ DEL BRASIL, con cáscara seca al natural",27900,"SACO(S)","BRASIL"
"2065","2022",9,"OFICINA PUESTO DE CONTROL MARITIMO - PROV. CONST. DEL CALLAO","PERA, fruta fresca",24210.9,"CAJA(S)","ARGENTINA"
"2066","2022",9,"PUESTO DE CONTROL TERRESTRE DESAGUADERO","SOYA, torta",112010,"GRANEL","BOLIVIA"
"2067","2022",9,"PUESTO DE CONTROL TERRESTRE DESAGUADERO","SOYA, torta",88000,"GRANEL","BOLIVIA"
"2068","2022",9,"PUESTO DE CONTROL TERRESTRE DESAGUADERO","SOYA, torta",56000,"GRANEL","BOLIVIA"
"2069","2022",9,"OFICINA PUESTO DE CONTROL MARITIMO - PROV. CONST. DEL CALLAO","ACHIOTE, grano",66000,"SACO(S)","COSTA DE MARFIL"
"2070","2022",9,"OFICINA PUESTO DE CONTROL AEREO -  PROV. CONST. DEL CALLAO","MAIZ, semilla",6.11,"SOBRES","FRANCIA"
"2071","2022",9,"PUESTO DE CONTROL TERRESTRE DESAGUADERO","SOYA, torta",116000,"SACO(S)","BOLIVIA"
"2072","2022",9,"PUESTO DE CONTROL TERRESTRE DESAGUADERO","SOYA, torta",176500,"SACO(S)","BOLIVIA"
"2073","2022",9,"OFICINA PUESTO DE CONTROL MARITIMO - PROV. CONST. DEL CALLAO","LENTEJA, grano",105236,"SACO(S)","CANADA"
"2074","2022",9,"OFICINA PUESTO DE CONTROL MARITIMO - PROV. CONST. DEL CALLAO","ARVEJA, grano partido",515560,"SACO(S)","EEUU"
"2075","2022",9,"OFICINA PUESTO DE CONTROL MARITIMO - PROV. CONST. DEL CALLAO","ARVEJA, grano partido",191646,"SACO(S)","EEUU"
"2076","2022",9,"OFICINA PUESTO DE CONTROL MARITIMO - PROV. CONST. DEL CALLAO","ARVEJA, grano partido",124330,"SACO(S)","EEUU"
"2077","2022",9,"OFICINA PUESTO DE CONTROL MARITIMO - PROV. CONST. DEL CALLAO","MADERA, monturas y mangos de herramientas, monturas y mangos de cepillos, brochas o escobas, de madera; hormas, ensanchadores y tensores del calzado, de madera ; con algún proceso de la CRF 2",69.36,"UNIDADES","EEUU"
"2078","2022",9,"SANTA ROSA, TACNA","TRACTOR USADO, con motor de potencia superior a 33 kW pero inferior o igual a 75 kW",4500,"UNIDADES","CHINA"
"2079","2022",9,"SANTA ROSA, TACNA","TRACTOR USADO, con motor de potencia superior a 33 kW pero inferior o igual a 75 kW",3500,"UNIDADES","CHINA"
"2080","2022",9,"SANTA ROSA, TACNA","TRACTOR USADO, con motor de potencia superior a 33 kW pero inferior o igual a 75 kW",4000,"UNIDADES","CHINA"
"2081","2022",9,"OFICINA PUESTO DE CONTROL MARITIMO - PROV. CONST. DEL CALLAO","TURBA",45950,"PACAS","ESTONIA"
"2082","2022",9,"OFICINA PUESTO DE CONTROL MARITIMO - PROV. CONST. DEL CALLAO","Articulos para fiestas de navidad que sean o contengan material vegetal
",790.49,"CAJA(S)","CHINA"
"2083","2022",9,"OFICINA PUESTO DE CONTROL MARITIMO - PROV. CONST. DEL CALLAO","PERA, fruta fresca",45360,"CAJA(S)","ARGENTINA"
"2084","2022",9,"OFICINA PUESTO DE CONTROL AEREO -  PROV. CONST. DEL CALLAO","CEBOLLINO FRANCES, semilla",0.92,"SACHETS","EEUU"
"2085","2022",9,"OFICINA PUESTO DE CONTROL AEREO -  PROV. CONST. DEL CALLAO","LECHUGA, semilla",0.96,"SACHETS","EEUU"
"2086","2022",9,"OFICINA PUESTO DE CONTROL AEREO -  PROV. CONST. DEL CALLAO","RABANITO, semilla",1.11,"SACHETS","EEUU"
"2087","2022",9,"OFICINA PUESTO DE CONTROL MARITIMO - PROV. CONST. DEL CALLAO","Las demás gradas (rastras), escarificadores y extirpadores usados
",395.82,"PIEZAS","ESPAÑA"
"2088","2022",9,"SANTA ROSA, TACNA","LENTEJA, grano",26082,"SACO(S)","CANADA"
"2089","2022",9,"OFICINA PUESTO DE CONTROL MARITIMO - PROV. CONST. DEL CALLAO","PINO OREGON, madera aserrada con algún proceso de la CRF 2",65317.3,"PAQUETES","EEUU"
"2090","2022",9,"OFICINA PUESTO DE CONTROL MARITIMO - PROV. CONST. DEL CALLAO","AVENA, grano mondado, perlado, troceado o quebrantado",52500,"SACO(S)","CHILE"
"2091","2022",9,"PUESTO DE CONTROL TERRESTRE DESAGUADERO","AZUCAR BLANCA O REFINADA (lectura polarimetrica mayor 99.5°)",171000,"SACO(S)","BOLIVIA"
"2092","2022",9,"OFICINA PUESTO DE CONTROL MARITIMO - PROV. CONST. DEL CALLAO","MANZANA, fruto fresco",19551,"CAJA(S)","CHILE"
"2093","2022",9,"PUESTO DE CONTROL TERRESTRE DESAGUADERO","SOYA, torta",84920,"GRANEL","BOLIVIA"
"2094","2022",9,"PUESTO DE CONTROL TERRESTRE DESAGUADERO","SOYA, harina",58194,"SACO(S)","BOLIVIA"
"2095","2022",9,"PUESTO DE CONTROL TERRESTRE DESAGUADERO","SOYA, torta",30000,"GRANEL","BOLIVIA"
"2096","2022",9,"IÑAPARI, MADRE DE DIOS","MAIZ AMARILLO DURO, grano",32000,"GRANEL","BRASIL"
"2097","2022",9,"IÑAPARI, MADRE DE DIOS","MAIZ AMARILLO DURO, grano",32000,"GRANEL","BRASIL"
"2098","2022",9,"PUESTO DE CONTROL TERRESTRE DESAGUADERO","SOYA, torta",27300,"GRANEL","BOLIVIA"
"2099","2022",9,"PUESTO DE CONTROL TERRESTRE DESAGUADERO","SOYA, harina",57644,"SACO(S)","BOLIVIA"
"2100","2022",9,"PUESTO DE CONTROL TERRESTRE DESAGUADERO","SOYA, torta",56920,"GRANEL","BOLIVIA"
"2101","2022",9,"OFICINA PUESTO DE CONTROL MARITIMO - PROV. CONST. DEL CALLAO","AZUCAR CRUDA, sólido",125000,"SACO(S)","GUATEMALA"
"2102","2022",9,"PUESTO DE CONTROL TERRESTRE DESAGUADERO","SOYA, harina",145000,"SACO(S)","BOLIVIA"
"2103","2022",9,"PUESTO DE CONTROL TERRESTRE DESAGUADERO","SOYA, torta",145000,"SACO(S)","BOLIVIA"
"2104","2022",9,"OFICINA PUESTO DE CONTROL MARITIMO - PROV. CONST. DEL CALLAO","AZUCAR BLANCA O REFINADA (lectura polarimetrica mayor 99.5°)",132500,"SACO(S)","GUATEMALA"
"2105","2022",9,"OFICINA PUESTO DE CONTROL MARITIMO - PROV. CONST. DEL CALLAO","AZUCAR BLANCA O REFINADA (lectura polarimetrica mayor 99.5°)",211865,"SACO(S)","GUATEMALA"
"2106","2022",9,"OFICINA PUESTO DE CONTROL MARITIMO - PROV. CONST. DEL CALLAO","TÉ VERDE, hebras",6,"LATAS","SRI LANKA"
"2107","2022",9,"IÑAPARI, MADRE DE DIOS","MAIZ AMARILLO DURO, grano",30000,"SACO(S)","BRASIL"
"2108","2022",9,"PUESTO DE CONTROL TERRESTRE DESAGUADERO","MANI, grano sin cáscara",60000,"SACO(S)","BOLIVIA"
"2109","2022",9,"OFICINA PUESTO DE CONTROL MARITIMO - PROV. CONST. DEL CALLAO","ALGODON, fibra sin cardar ni peinar (>22.22 mm = o <28.57 mm)",19900,"FARDOS","EEUU"
"2110","2022",9,"OFICINA PUESTO DE CONTROL MARITIMO - PROV. CONST. DEL CALLAO","MARCOS, madera",1394.3,"PAQUETES","CHINA"
"2111","2022",9,"PUESTO DE CONTROL TERRESTRE DESAGUADERO","SOYA, torta",144000,"SACO(S)","BOLIVIA"
"2112","2022",9,"PUERTO DE PAITA , PIURA","MADERA, cajas con algún proceso de la CRF 2",50460,"UNIDADES","CHILE"
"2113","2022",9,"OFICINA PUESTO DE CONTROL MARITIMO - PROV. CONST. DEL CALLAO","MAIZ, semilla",114950.67,"BOLSAS","MEXICO"
"2114","2022",9,"OFICINA PUESTO DE CONTROL MARITIMO - PROV. CONST. DEL CALLAO","UVA (PASAS), secas industrialmente",20000,"CAJA(S)","CHILE"
"2115","2022",9,"OFICINA PUESTO DE CONTROL MARITIMO - PROV. CONST. DEL CALLAO","ALGODON, fibra sin cardar ni peinar (>22.22 mm = o <28.57 mm)",193970,"FARDOS","EEUU"
"2116","2022",9,"OFICINA PUESTO DE CONTROL MARITIMO - PROV. CONST. DEL CALLAO","ROTEN (=Ratán), artículos de cestería obtenidos directamente en su forma con materia trenzable con algún proceso de la CRF2",69.32,"UNIDADES","CHINA"
"2117","2022",9,"PUESTO DE CONTROL TERRESTRE DESAGUADERO","SOYA, torta",117000,"SACO(S)","BOLIVIA"
"2118","2022",9,"PUESTO DE CONTROL- CEBAF","ROSA, flores frescas cortadas",6000,"CAJA(S)","ECUADOR"
"2119","2022",9,"PUESTO DE CONTROL- CEBAF","CLAVEL, flores frescas cortadas",1000,"CAJA(S)","ECUADOR"
"2120","2022",9,"OFICINA PUESTO DE CONTROL MARITIMO - PROV. CONST. DEL CALLAO","Articulos para fiestas de navidad que sean o contengan material vegetal
",11165.8,"CAJA(S)","CHINA"
"2121","2022",9,"OFICINA PUESTO DE CONTROL MARITIMO - PROV. CONST. DEL CALLAO","YUTE, artículos de cestería (canastas, cestos, otros)",148.18,"UNIDADES","CHINA"
"2122","2022",9,"OFICINA PUESTO DE CONTROL MARITIMO - PROV. CONST. DEL CALLAO","ARROZ, parbolizado pulido o sin cáscara",130000,"SACO(S)","BRASIL"
"2123","2022",9,"OFICINA PUESTO DE CONTROL MARITIMO - PROV. CONST. DEL CALLAO","ARROZ, parbolizado pulido o sin cáscara",130000,"SACO(S)","BRASIL"
"2124","2022",9,"PUERTO DE PAITA , PIURA","ARANDANO, fruto fresco",19040,"CAJA(S)","EEUU"
"2125","2022",9,"SANTA ROSA, TACNA","TRACTOR USADO, con motor de potencia superior a 33 kW pero inferior o igual a 75 kW",4680,"UNIDADES","HOLANDA"
"2126","2022",9,"SANTA ROSA, TACNA","TRACTOR USADO, con motor de potencia superior a 33 kW pero inferior o igual a 75 kW",4680,"UNIDADES","HOLANDA"
"2127","2022",9,"SANTA ROSA, TACNA","TRACTOR USADO, con motor de potencia superior a 33 kW pero inferior o igual a 75 kW",4660,"UNIDADES","HOLANDA"
"2128","2022",9,"SANTA ROSA, TACNA","TRACTOR USADO, con motor de potencia superior a 33 kW pero inferior o igual a 75 kW",4680,"UNIDADES","HOLANDA"
"2129","2022",9,"OFICINA PUESTO DE CONTROL MARITIMO - PROV. CONST. DEL CALLAO","TURBA",177660,"BIG BAG","HOLANDA"
"2130","2022",9,"OFICINA PUESTO DE CONTROL MARITIMO - PROV. CONST. DEL CALLAO","MANZANA, fruto fresco",13073.2,"CAJA(S)","CHILE"
"2131","2022",9,"OFICINA PUESTO DE CONTROL MARITIMO - PROV. CONST. DEL CALLAO","PERA, fruta fresca",3456,"CAJA(S)","CHILE"
"2132","2022",9,"OFICINA PUESTO DE CONTROL MARITIMO - PROV. CONST. DEL CALLAO","KIWI, fruto fresco",2400,"CAJA(S)","CHILE"
"2133","2022",9,"OFICINA PUESTO DE CONTROL MARITIMO - PROV. CONST. DEL CALLAO","NARANJA, fruto fresco",1216,"CAJA(S)","CHILE"
"2134","2022",9,"OFICINA PUESTO DE CONTROL MARITIMO - PROV. CONST. DEL CALLAO","PAPA, fécula",20000,"SACO(S)","HOLANDA"
"2135","2022",9,"OFICINA PUESTO DE CONTROL MARITIMO - PROV. CONST. DEL CALLAO","PAPA, fécula",20000,"SACO(S)","HOLANDA"
"2136","2022",9,"SANTA ROSA, TACNA","Prensas para paja o forraje, incluidas prensas recogedoras usadas
",2054.795,"PIEZAS","HOLANDA"
"2137","2022",9,"SANTA ROSA, TACNA","Prensas para paja o forraje, incluidas prensas recogedoras usadas
",3082.192,"UNIDADES","HOLANDA"
"2138","2022",9,"SANTA ROSA, TACNA","Gradas (rastras) de discos usados
",2311.64375,"BULK BAG","HOLANDA"
"2139","2022",9,"SANTA ROSA, TACNA","Gradas (rastras) de discos usados
",2311.64375,"CAJA(S)","HOLANDA"
"2140","2022",9,"SANTA ROSA, TACNA","Gradas (rastras) de discos usados
",2311.64375,"PIEZAS","HOLANDA"
"2141","2022",9,"SANTA ROSA, TACNA","Gradas (rastras) de discos usados
",2311.64375,"UNIDADES","HOLANDA"
"2142","2022",9,"SANTA ROSA, TACNA","Guadañadoras, incluidas barras de corte para montar sobre un tractor usadas
",616.438,"UNIDADES","HOLANDA"
"2143","2022",9,"OFICINA PUESTO DE CONTROL MARITIMO - PROV. CONST. DEL CALLAO","ALGODON, fibra sin cardar ni peinar (>22.22 mm = o <28.57 mm)",59407,"FARDOS","EEUU"
"2144","2022",9,"OFICINA PUESTO DE CONTROL MARITIMO - PROV. CONST. DEL CALLAO","PERA, fruta fresca",22680,"CAJA(S)","ARGENTINA"
"2145","2022",9,"OFICINA PUESTO DE CONTROL MARITIMO - PROV. CONST. DEL CALLAO","TRACTOR USADO, con motor de potencia superior a 130KW",12000,"UNIDADES","EEUU"
"2146","2022",9,"OFICINA PUESTO DE CONTROL MARITIMO - PROV. CONST. DEL CALLAO","LENTEJA, grano",70761,"SACO(S)","EEUU"
"2147","2022",9,"SANTA ROSA, TACNA","UVA (PASAS), secas industrialmente",25000,"CAJA(S)","CHILE"
"2148","2022",9,"OFICINA PUESTO DE CONTROL MARITIMO - PROV. CONST. DEL CALLAO","PERA, fruta fresca",45360,"CAJA(S)","ARGENTINA"
"2149","2022",9,"OFICINA PUESTO DE CONTROL MARITIMO - PROV. CONST. DEL CALLAO","PERA, fruta fresca",46620,"CAJA(S)","ARGENTINA"
"2150","2022",9,"OFICINA PUESTO DE CONTROL MARITIMO - PROV. CONST. DEL CALLAO","UVA (PASAS), secas naturalmente",24500,"CAJA(S)","ARGENTINA"
"2151","2022",9,"OFICINA PUESTO DE CONTROL AEREO -  PROV. CONST. DEL CALLAO","CIRUELA, seca industrialmente",0.4,"BOLSAS","ARGENTINA"
"2152","2022",9,"OFICINA PUESTO DE CONTROL AEREO -  PROV. CONST. DEL CALLAO","GIRASOL, grano secado industrialmente",1.6,"BOLSAS","ARGENTINA"
"2153","2022",9,"OFICINA PUESTO DE CONTROL MARITIMO - PROV. CONST. DEL CALLAO","MAIZ REVENTON, grano",76200,"SACO(S)","ARGENTINA"
"2154","2022",9,"PUESTO DE CONTROL- CEBAF","CAÑA DE GUAYAQUIL, seca al natural",34000,"UNIDADES","ECUADOR"
"2155","2022",9,"SANTA ROSA, TACNA","TRIGO, afrecho seco industrial",112000,"SACO(S)","CHILE"
"2156","2022",9,"OFICINA PUESTO DE CONTROL MARITIMO - PROV. CONST. DEL CALLAO","KIWI, fruto fresco",24000,"CAJA(S)","CHILE"
"2157","2022",9,"OFICINA PUESTO DE CONTROL MARITIMO - PROV. CONST. DEL CALLAO","MANZANA, fruto fresco",19551,"CAJA(S)","CHILE"
"2158","2022",9,"SANTA ROSA, TACNA","LENTEJA, grano",78927,"SACO(S)","CANADA"
"2159","2022",9,"OFICINA PUESTO DE CONTROL MARITIMO - PROV. CONST. DEL CALLAO","MADERA, en bruto de coníferas tratada agentes de conservación
",24160,"UNIDADES","CHILE"
"2160","2022",9,"SANTA ROSA, TACNA","SALVADOS, moyuelos y demas residuos del cernido, de la molienda o de otros tratamientos del trigo",56000,"SACO(S)","CHILE"
"2161","2022",9,"PUESTO DE CONTROL TERRESTRE DESAGUADERO","SOYA, torta",1e+05,"SACO(S)","BOLIVIA"
"2162","2022",9,"PUESTO DE CONTROL TERRESTRE DESAGUADERO","SOYA, torta",116000,"SACO(S)","BOLIVIA"
"2163","2022",9,"OFICINA PUESTO DE CONTROL AEREO -  PROV. CONST. DEL CALLAO","MAIZ, semilla",221.02,"SOBRES","ALEMANIA"
"2164","2022",9,"PUESTO DE CONTROL TERRESTRE DESAGUADERO","SOYA, harina",58000,"SACO(S)","BOLIVIA"
"2165","2022",9,"PUESTO DE CONTROL TERRESTRE DESAGUADERO","AZUCAR BLANCA O REFINADA (lectura polarimetrica mayor 99.5°)",25000,"SACO(S)","BOLIVIA"
"2166","2022",9,"PUESTO DE CONTROL TERRESTRE DESAGUADERO","SOYA, harina",114000,"SACO(S)","BOLIVIA"
"2167","2022",9,"OFICINA PUESTO DE CONTROL MARITIMO - PROV. CONST. DEL CALLAO","PAPA, fécula",210000,"BOLSAS","ALEMANIA"
"2168","2022",9,"OFICINA PUESTO DE CONTROL AEREO -  PROV. CONST. DEL CALLAO","PIMIENTO, semilla",0.381,"SACHETS","ESPAÑA"
"2169","2022",9,"PUESTO DE CONTROL TERRESTRE DESAGUADERO","SOYA, grano",27000,"GRANEL","BOLIVIA"
"2170","2022",9,"PUESTO DE CONTROL TERRESTRE DESAGUADERO","SOYA, grano",55000,"GRANEL","BOLIVIA"
"2171","2022",9,"PUESTO DE CONTROL TERRESTRE DESAGUADERO","SOYA, grano",28000,"GRANEL","BOLIVIA"
"2172","2022",9,"PUESTO DE CONTROL TERRESTRE DESAGUADERO","SOYA, grano",28000,"GRANEL","BOLIVIA"
"2173","2022",9,"PUESTO DE CONTROL TERRESTRE DESAGUADERO","SOYA, grano",54800,"GRANEL","BOLIVIA"
"2174","2022",9,"PUESTO DE CONTROL TERRESTRE DESAGUADERO","SOYA, grano",57000,"GRANEL","BOLIVIA"
"2175","2022",9,"PUESTO DE CONTROL TERRESTRE DESAGUADERO","SOYA, grano",55500,"GRANEL","BOLIVIA"
"2176","2022",9,"PUESTO DE CONTROL TERRESTRE DESAGUADERO","SOYA, grano",57000,"GRANEL","BOLIVIA"
"2177","2022",9,"PUESTO DE CONTROL TERRESTRE DESAGUADERO","SOYA, grano",49980,"GRANEL","BOLIVIA"
"2178","2022",9,"OFICINA PUESTO DE CONTROL AEREO -  PROV. CONST. DEL CALLAO","SANDIA, semilla",2.797,"SACHETS","HOLANDA"
"2179","2022",9,"PUESTO DE CONTROL TERRESTRE DESAGUADERO","SOYA, harina",54000,"SACO(S)","BOLIVIA"
"2180","2022",9,"OFICINA PUESTO DE CONTROL MARITIMO - PROV. CONST. DEL CALLAO","MEZCLA DE ESPECIAS, molida",1315.418,"CAJA(S)","EEUU"
"2181","2022",9,"PUESTO DE CONTROL TERRESTRE DESAGUADERO","SOYA, torta",176000,"SACO(S)","BOLIVIA"
"2182","2022",9,"PUESTO DE CONTROL TERRESTRE DESAGUADERO","SOYA, torta",174500,"SACO(S)","BOLIVIA"
"2183","2022",9,"PUESTO DE CONTROL TERRESTRE DESAGUADERO","SOYA, torta",176000,"SACO(S)","BOLIVIA"
"2184","2022",9,"PUESTO DE CONTROL TERRESTRE DESAGUADERO","SOYA, torta",177000,"SACO(S)","BOLIVIA"
"2185","2022",9,"PUESTO DE CONTROL TERRESTRE DESAGUADERO","SOYA, torta",113500,"SACO(S)","BOLIVIA"
"2186","2022",9,"PUESTO DE CONTROL TERRESTRE DESAGUADERO","SOYA, torta",115000,"SACO(S)","BOLIVIA"
"2187","2022",9,"PUESTO DE CONTROL TERRESTRE DESAGUADERO","SOYA, torta",115500,"SACO(S)","BOLIVIA"
"2188","2022",9,"OFICINA PUESTO DE CONTROL MARITIMO - PROV. CONST. DEL CALLAO","MANZANA, fruto fresco",19756.8,"CAJA(S)","CHILE"
"2189","2022",9,"OFICINA PUESTO DE CONTROL MARITIMO - PROV. CONST. DEL CALLAO","MANZANA, fruto fresco",19756.8,"CAJA(S)","CHILE"
"2190","2022",9,"PUESTO DE CONTROL TERRESTRE DESAGUADERO","SOYA, torta",146500,"SACO(S)","BOLIVIA"
"2191","2022",9,"PUESTO DE CONTROL TERRESTRE DESAGUADERO","SOYA, torta",57190,"GRANEL","BOLIVIA"
"2192","2022",9,"PUESTO DE CONTROL TERRESTRE DESAGUADERO","SOYA, torta",49920,"GRANEL","BOLIVIA"
"2193","2022",9,"PUESTO DE CONTROL TERRESTRE DESAGUADERO","SOYA, torta",84000,"GRANEL","BOLIVIA"
"2194","2022",9,"PUESTO DE CONTROL TERRESTRE DESAGUADERO","SOYA, torta",46710,"GRANEL","BOLIVIA"
"2195","2022",9,"PUESTO DE CONTROL TERRESTRE DESAGUADERO","SOYA, torta",29090,"GRANEL","BOLIVIA"
"2196","2022",9,"PUESTO DE CONTROL TERRESTRE DESAGUADERO","SOYA, torta",74000,"GRANEL","BOLIVIA"
"2197","2022",9,"PUESTO DE CONTROL TERRESTRE DESAGUADERO","SOYA, torta",56000,"GRANEL","BOLIVIA"
"2198","2022",9,"PUESTO DE CONTROL TERRESTRE DESAGUADERO","SOYA, torta",28000,"GRANEL","BOLIVIA"
"2199","2022",9,"PUESTO DE CONTROL TERRESTRE DESAGUADERO","SOYA, torta",112000,"GRANEL","BOLIVIA"
"2200","2022",9,"PUESTO DE CONTROL TERRESTRE DESAGUADERO","SOYA, torta",24940,"GRANEL","BOLIVIA"
"2201","2022",9,"PUESTO DE CONTROL TERRESTRE DESAGUADERO","SOYA, torta",56120,"GRANEL","BOLIVIA"
"2202","2022",9,"PUESTO DE CONTROL TERRESTRE DESAGUADERO","SOYA, grano",84000,"GRANEL","BOLIVIA"
"2203","2022",9,"PUESTO DE CONTROL TERRESTRE DESAGUADERO","SOYA, grano",50000,"GRANEL","BOLIVIA"
"2204","2022",9,"PUESTO DE CONTROL TERRESTRE DESAGUADERO","SOYA, grano",27000,"GRANEL","BOLIVIA"
"2205","2022",9,"OFICINA PUESTO DE CONTROL MARITIMO - PROV. CONST. DEL CALLAO","MAIZ, almidon",84000,"BOLSAS","ARGENTINA"
"2206","2022",9,"OFICINA PUESTO DE CONTROL MARITIMO - PROV. CONST. DEL CALLAO","LENTEJA, grano",173434,"SACO(S)","CANADA"
"2207","2022",9,"OFICINA PUESTO DE CONTROL MARITIMO - PROV. CONST. DEL CALLAO","AVENA, grano mondado, perlado, troceado o quebrantado",47700,"SACO(S)","CHILE"
"2208","2022",9,"OFICINA PUESTO DE CONTROL MARITIMO - PROV. CONST. DEL CALLAO","AZUCAR CRUDA, sólido",5e+05,"SACO(S)","GUATEMALA"
"2209","2022",9,"PUESTO DE CONTROL TERRESTRE DESAGUADERO","AZUCAR BLANCA O REFINADA (lectura polarimetrica mayor 99.5°)",229000,"SACO(S)","BOLIVIA"
"2210","2022",9,"OFICINA PUESTO DE CONTROL MARITIMO - PROV. CONST. DEL CALLAO","AZUCAR BLANCA O REFINADA (lectura polarimetrica mayor 99.5°)",265000,"SACO(S)","COLOMBIA"
"2211","2022",9,"OFICINA PUESTO DE CONTROL MARITIMO - PROV. CONST. DEL CALLAO","MANI, grano sin cáscara",25000,"BIG BAG","BRASIL"
"2212","2022",9,"OFICINA PUESTO DE CONTROL MARITIMO - PROV. CONST. DEL CALLAO","PAPRIKA, seco industrial en trozos o  rodajas",22500,"PAQUETES","CHINA"
"2213","2022",9,"OFICINA PUESTO DE CONTROL MARITIMO - PROV. CONST. DEL CALLAO","Articulos para fiestas de navidad que sean o contengan material vegetal
",2271.262,"UNIDADES","CHINA"
"2214","2022",9,"PUESTO DE CONTROL TERRESTRE DESAGUADERO","SOYA, torta",145000,"SACO(S)","BOLIVIA"
"2215","2022",9,"OFICINA PUESTO DE CONTROL AEREO -  PROV. CONST. DEL CALLAO","RABANITO, semilla",2,"BOLSAS","ITALIA"
"2216","2022",9,"OFICINA PUESTO DE CONTROL MARITIMO - PROV. CONST. DEL CALLAO","LAUREL, hoja seca al natural",10000,"SACO(S)","TURQUIA"
"2217","2022",9,"OFICINA PUESTO DE CONTROL MARITIMO - PROV. CONST. DEL CALLAO","TRIGO, gluten",22000,"BOLSAS","CHINA"
"2218","2022",9,"OFICINA PUESTO DE CONTROL MARITIMO - PROV. CONST. DEL CALLAO","TRIGO, gluten",22000,"BOLSAS","CHINA"
"2219","2022",9,"PUESTO DE CONTROL TERRESTRE DESAGUADERO","SOYA, torta",55200,"GRANEL","BOLIVIA"
"2220","2022",9,"PUESTO DE CONTROL TERRESTRE DESAGUADERO","SOYA, torta",84000,"GRANEL","BOLIVIA"
"2221","2022",9,"OFICINA PUESTO DE CONTROL MARITIMO - PROV. CONST. DEL CALLAO","PINO, madera aserrada con tratamiento de secado al horno impregnación de sales",20683.4,"PAQUETES","EEUU"
"2222","2022",9,"OFICINA PUESTO DE CONTROL MARITIMO - PROV. CONST. DEL CALLAO","PERA, fruta fresca",22680,"CAJA(S)","ARGENTINA"
"2223","2022",9,"SANTA ROSA, TACNA","MANZANA, fruto fresco",22344,"CAJA(S)","CHILE"
"2224","2022",9,"OFICINA PUESTO DE CONTROL MARITIMO - PROV. CONST. DEL CALLAO","UVA (PASAS), secas naturalmente",40000,"CAJA(S)","CHILE"
"2225","2022",9,"OFICINA PUESTO DE CONTROL MARITIMO - PROV. CONST. DEL CALLAO","Articulos para fiestas de navidad que sean o contengan material vegetal
",497.495,"UNIDADES","CHINA"
"2226","2022",9,"PUESTO DE CONTROL TERRESTRE DESAGUADERO","MANI, grano sin cáscara",54000,"SACO(S)","BOLIVIA"
"2227","2022",9,"PUESTO DE CONTROL TERRESTRE DESAGUADERO","SOYA, torta",115880,"GRANEL","BOLIVIA"
"2228","2022",9,"PUESTO DE CONTROL TERRESTRE DESAGUADERO","SOYA, torta",24820,"GRANEL","BOLIVIA"
"2229","2022",9,"PUESTO DE CONTROL TERRESTRE DESAGUADERO","SOYA, torta",85000,"GRANEL","BOLIVIA"
"2230","2022",9,"OFICINA PUESTO DE CONTROL MARITIMO - PROV. CONST. DEL CALLAO","BOLDO, hoja seca al natural",12540,"SACO(S)","CHILE"
"2231","2022",9,"OFICINA PUESTO DE CONTROL MARITIMO - PROV. CONST. DEL CALLAO","MANZANA, fruto fresco",1862,"CAJA(S)","ARGENTINA"
"2232","2022",9,"OFICINA PUESTO DE CONTROL MARITIMO - PROV. CONST. DEL CALLAO","PERA, fruta fresca",21546,"CAJA(S)","ARGENTINA"
"2233","2022",9,"OFICINA PUESTO DE CONTROL MARITIMO - PROV. CONST. DEL CALLAO","LENTEJA, grano",74979,"SACO(S)","CANADA"
"2234","2022",9,"OFICINA PUESTO DE CONTROL MARITIMO - PROV. CONST. DEL CALLAO","COCO, fibra (para sustrato)",76240,"PIEZAS","SRI LANKA"
"2235","2022",9,"PUESTO DE CONTROL TERRESTRE DESAGUADERO","MANI, grano sin cáscara",29000,"SACO(S)","BOLIVIA"
"2236","2022",9,"OFICINA PUESTO DE CONTROL AEREO -  PROV. CONST. DEL CALLAO","MELON, semilla",0.923,"SACHETS","EEUU"
"2237","2022",9,"PUERTO DE PAITA , PIURA","TURBA",243390,"BIG BAG","LETONIA"
"2238","2022",9,"OFICINA PUESTO DE CONTROL MARITIMO - PROV. CONST. DEL CALLAO","PINO, madera aserrada con tratamiento de secado al horno impregnación de sales",41201.5,"PAQUETES","CHILE"
"2239","2022",9,"OFICINA PUESTO DE CONTROL MARITIMO - PROV. CONST. DEL CALLAO","MANZANA, fruto fresco",39102,"CAJA(S)","CHILE"
"2240","2022",9,"IÑAPARI, MADRE DE DIOS","MAIZ AMARILLO DURO, grano",31000,"GRANEL","BRASIL"
"2241","2022",9,"IÑAPARI, MADRE DE DIOS","MAIZ AMARILLO DURO, grano",31000,"GRANEL","BRASIL"
"2242","2022",9,"IÑAPARI, MADRE DE DIOS","MAIZ AMARILLO DURO, grano",31000,"GRANEL","BRASIL"
"2243","2022",9,"SANTA ROSA, TACNA","MANZANA, fruto fresco",22344,"CAJA(S)","CHILE"
"2244","2022",9,"OFICINA PUESTO DE CONTROL MARITIMO - PROV. CONST. DEL CALLAO","PINO, madera aserrada con tratamiento de secado al horno impregnación de sales",263654,"PAQUETES","CHILE"
"2245","2022",9,"IÑAPARI, MADRE DE DIOS","MAIZ AMARILLO DURO, grano",48000,"GRANEL","BRASIL"
"2246","2022",9,"IÑAPARI, MADRE DE DIOS","MAIZ AMARILLO DURO, grano",48000,"GRANEL","BRASIL"
"2247","2022",9,"OFICINA PUESTO DE CONTROL MARITIMO - PROV. CONST. DEL CALLAO","AZUCAR CRUDA, sólido",175000,"SACO(S)","EL SALVADOR"
"2248","2022",9,"OFICINA PUESTO DE CONTROL MARITIMO - PROV. CONST. DEL CALLAO","Articulos de cesteria (canastos, cestos u otros), con algun proceso de la CRF2",102,"CAJA(S)","CHINA"
"2249","2022",9,"OFICINA PUESTO DE CONTROL MARITIMO - PROV. CONST. DEL CALLAO","MANZANA, fruto fresco",19835.2,"CAJA(S)","CHILE"
"2250","2022",9,"OFICINA PUESTO DE CONTROL MARITIMO - PROV. CONST. DEL CALLAO","PERA, fruta fresca",23040,"CAJA(S)","CHILE"
"2251","2022",9,"PUESTO DE CONTROL TERRESTRE DESAGUADERO","SOYA, torta",56190,"GRANEL","BOLIVIA"
"2252","2022",9,"PUESTO DE CONTROL TERRESTRE DESAGUADERO","SOYA, harina",28972,"SACO(S)","BOLIVIA"
"2253","2022",9,"OFICINA PUESTO DE CONTROL MARITIMO - PROV. CONST. DEL CALLAO","MANZANA, fruto fresco",19756.8,"CAJA(S)","CHILE"
"2254","2022",9,"OFICINA PUESTO DE CONTROL MARITIMO - PROV. CONST. DEL CALLAO","Los demas articulos de cesteria con algun proceso de CRF 2",261.651,"CAJA(S)","EL SALVADOR"
"2255","2022",9,"OFICINA PUESTO DE CONTROL MARITIMO - PROV. CONST. DEL CALLAO","Articulos para fiestas de navidad que sean o contengan material vegetal
",1020.306,"CAJA(S)","EL SALVADOR"
"2256","2022",9,"OFICINA PUESTO DE CONTROL MARITIMO - PROV. CONST. DEL CALLAO","Los demas articulos para fiesta, carnaval u otras diversiones, incluidos los de magia y articulos sorpresa que sean o contengan material vegetal
",2.497,"CAJA(S)","EL SALVADOR"
"2257","2022",9,"OFICINA PUESTO DE CONTROL MARITIMO - PROV. CONST. DEL CALLAO","MATERIA VEGETAL, trenzas, materia trenzable incluso ensamblados en tiras tejidos o paralelizados en forma plana con algún proceso de la CRF 2",88.821,"CAJA(S)","EL SALVADOR"
"2258","2022",9,"OFICINA PUESTO DE CONTROL MARITIMO - PROV. CONST. DEL CALLAO","Articulos de cesteria (canastos, cestos u otros), con algun proceso de la CRF2",7.281,"CAJA(S)","EL SALVADOR"
"2259","2022",9,"OFICINA PUESTO DE CONTROL MARITIMO - PROV. CONST. DEL CALLAO","Articulos para fiestas de navidad que sean o contengan material vegetal
",327.535,"CAJA(S)","EL SALVADOR"
"2260","2022",9,"OFICINA PUESTO DE CONTROL MARITIMO - PROV. CONST. DEL CALLAO","Los demas articulos para fiesta, carnaval u otras diversiones, incluidos los de magia y articulos sorpresa que sean o contengan material vegetal
",28.289,"CAJA(S)","EL SALVADOR"
"2261","2022",9,"OFICINA PUESTO DE CONTROL MARITIMO - PROV. CONST. DEL CALLAO","Articulos para fiestas de navidad que sean o contengan material vegetal
",693.224,"CAJA(S)","EL SALVADOR"
"2262","2022",9,"OFICINA PUESTO DE CONTROL MARITIMO - PROV. CONST. DEL CALLAO","Articulos para fiestas de navidad que sean o contengan material vegetal
",215.945,"CAJA(S)","EL SALVADOR"
"2263","2022",9,"OFICINA PUESTO DE CONTROL MARITIMO - PROV. CONST. DEL CALLAO","Los demas articulos para fiesta, carnaval u otras diversiones, incluidos los de magia y articulos sorpresa que sean o contengan material vegetal
",26.831,"CAJA(S)","EL SALVADOR"
"2264","2022",9,"OFICINA PUESTO DE CONTROL MARITIMO - PROV. CONST. DEL CALLAO","Articulos para fiestas de navidad que sean o contengan material vegetal
",645.263,"CAJA(S)","EL SALVADOR"
"2265","2022",9,"OFICINA PUESTO DE CONTROL MARITIMO - PROV. CONST. DEL CALLAO","Los demas articulos para fiesta, carnaval u otras diversiones, incluidos los de magia y articulos sorpresa que sean o contengan material vegetal
",16.128,"CAJA(S)","EL SALVADOR"
"2266","2022",9,"OFICINA PUESTO DE CONTROL MARITIMO - PROV. CONST. DEL CALLAO","BAMBU, artículos de cestería obtenidos directamente en su forma con materia trenzable con algún proceso de la CRF 2",32.989,"CAJA(S)","EL SALVADOR"
"2267","2022",9,"OFICINA PUESTO DE CONTROL MARITIMO - PROV. CONST. DEL CALLAO","Articulos para fiestas de navidad que sean o contengan material vegetal
",323.861,"CAJA(S)","EL SALVADOR"
"2268","2022",9,"OFICINA PUESTO DE CONTROL MARITIMO - PROV. CONST. DEL CALLAO","Los demas articulos para fiesta, carnaval u otras diversiones, incluidos los de magia y articulos sorpresa que sean o contengan material vegetal
",100.743,"CAJA(S)","EL SALVADOR"
"2269","2022",9,"OFICINA PUESTO DE CONTROL MARITIMO - PROV. CONST. DEL CALLAO","BAMBU, artículos de cestería obtenidos directamente en su forma con materia trenzable con algún proceso de la CRF 2",22.496,"CAJA(S)","EL SALVADOR"
"2270","2022",9,"OFICINA PUESTO DE CONTROL MARITIMO - PROV. CONST. DEL CALLAO","Articulos para fiestas de navidad que sean o contengan material vegetal
",12.897,"CAJA(S)","EL SALVADOR"
"2271","2022",9,"OFICINA PUESTO DE CONTROL MARITIMO - PROV. CONST. DEL CALLAO","Los demas articulos para fiesta, carnaval u otras diversiones, incluidos los de magia y articulos sorpresa que sean o contengan material vegetal
",4.455,"CAJA(S)","EL SALVADOR"
"2272","2022",9,"OFICINA PUESTO DE CONTROL MARITIMO - PROV. CONST. DEL CALLAO","TURBA",202420,"BIG BAG","HOLANDA"
"2273","2022",9,"PUESTO DE CONTROL TERRESTRE DESAGUADERO","SOYA, harina",144000,"SACO(S)","BOLIVIA"
"2274","2022",9,"OFICINA PUESTO DE CONTROL AEREO -  PROV. CONST. DEL CALLAO","CULANTRO, semilla",10,"SOBRES ALUMINIZADOS","BRASIL"
"2275","2022",9,"OFICINA PUESTO DE CONTROL AEREO -  PROV. CONST. DEL CALLAO","BROCOLI, semilla",0.836,"SOBRES ALUMINIZADOS","BRASIL"
"2276","2022",9,"OFICINA PUESTO DE CONTROL AEREO -  PROV. CONST. DEL CALLAO","COL CHINA, semilla",3,"LATAS","BRASIL"
"2277","2022",9,"OFICINA PUESTO DE CONTROL AEREO -  PROV. CONST. DEL CALLAO","COL, semilla",3,"LATAS","BRASIL"
"2278","2022",9,"OFICINA PUESTO DE CONTROL AEREO -  PROV. CONST. DEL CALLAO","COL, semilla",0.386,"SOBRES ALUMINIZADOS","BRASIL"
"2279","2022",9,"OFICINA PUESTO DE CONTROL AEREO -  PROV. CONST. DEL CALLAO","LECHUGA, semilla",34.356,"LATAS","BRASIL"
"2280","2022",9,"OFICINA PUESTO DE CONTROL AEREO -  PROV. CONST. DEL CALLAO","BERENJENA, semilla",0.04,"SOBRES ALUMINIZADOS","BRASIL"
"2281","2022",9,"OFICINA PUESTO DE CONTROL AEREO -  PROV. CONST. DEL CALLAO","ESPINACA, semilla",0.5,"SOBRES ALUMINIZADOS","BRASIL"
"2282","2022",9,"OFICINA PUESTO DE CONTROL AEREO -  PROV. CONST. DEL CALLAO","PEPINILLO, semilla",2.868,"SOBRES ALUMINIZADOS","BRASIL"
"2283","2022",9,"OFICINA PUESTO DE CONTROL AEREO -  PROV. CONST. DEL CALLAO","RABANITO, semilla",3,"LATAS","BRASIL"
"2284","2022",9,"OFICINA PUESTO DE CONTROL MARITIMO - PROV. CONST. DEL CALLAO","CEBOLLA, triturada o pulverizada",3500,"BOLSAS","ALEMANIA"
"2285","2022",9,"OFICINA PUESTO DE CONTROL AEREO -  PROV. CONST. DEL CALLAO","PEPINILLO, semilla",0.1,"SACHETS","ISRAEL"
"2286","2022",9,"OFICINA PUESTO DE CONTROL AEREO -  PROV. CONST. DEL CALLAO","TARA, vaina seca al natural",0.012,"BOLSAS","ARGENTINA"
"2287","2022",9,"SANTA ROSA, TACNA","CIRUELA, seca industrialmente",24000,"CAJA(S)","CHILE"
"2288","2022",9,"OFICINA PUESTO DE CONTROL MARITIMO - PROV. CONST. DEL CALLAO","MAIZ, harina",129260,"BOLSAS","COLOMBIA"
"2289","2022",9,"OFICINA PUESTO DE CONTROL AEREO -  PROV. CONST. DEL CALLAO","MAIZ, semilla",27.8,"SACO(S)","EEUU"
"2290","2022",9,"OFICINA PUESTO DE CONTROL MARITIMO - PROV. CONST. DEL CALLAO","COCO, fibra (para sustrato)",44000,"BOLSAS","INDIA"
"2291","2022",9,"OFICINA PUESTO DE CONTROL MARITIMO - PROV. CONST. DEL CALLAO","ARROZ, grano pilado",125000,"BOLSAS","URUGUAY"
"2292","2022",9,"PUESTO DE CONTROL TERRESTRE DESAGUADERO","SOYA, grano",87000,"SACO(S)","BOLIVIA"
"2293","2022",9,"PUESTO DE CONTROL- CEBAF","CAUCHO, granulado reaglomerado",28000,"SACO(S)","ECUADOR"
"2294","2022",9,"PUESTO DE CONTROL TERRESTRE DESAGUADERO","SOYA, torta",87000,"GRANEL","BOLIVIA"
"2295","2022",9,"PUESTO DE CONTROL TERRESTRE DESAGUADERO","SOYA, torta",29000,"GRANEL","BOLIVIA"
"2296","2022",9,"OFICINA PUESTO DE CONTROL MARITIMO - PROV. CONST. DEL CALLAO","PINO, postes de madera con algun proceso de la CRF 2",102481,"UNIDADES","CHILE"
"2297","2022",9,"PUESTO DE CONTROL TERRESTRE DESAGUADERO","SOYA, torta",145000,"SACO(S)","BOLIVIA"
"2298","2022",9,"PUESTO DE CONTROL TERRESTRE DESAGUADERO","SOYA, torta",84130,"GRANEL","BOLIVIA"
"2299","2022",9,"IÑAPARI, MADRE DE DIOS","NUEZ DEL BRASIL, con cáscara seca al natural",27945,"SACO(S)","BOLIVIA"
"2300","2022",9,"PUESTO DE CONTROL TERRESTRE DESAGUADERO","SOYA, torta",139500,"SACO(S)","BOLIVIA"
"2301","2022",9,"PUERTO DE PAITA , PIURA","LENTEJA, grano",77973,"SACO(S)","CANADA"
"2302","2022",9,"OFICINA PUESTO DE CONTROL MARITIMO - PROV. CONST. DEL CALLAO","AVENA, grano aplastado o en copos (hojuelas)",130000,"SACO(S)","CHILE"
"2303","2022",9,"OFICINA PUESTO DE CONTROL MARITIMO - PROV. CONST. DEL CALLAO","UVA (PASAS), secas industrialmente",25000,"CAJA(S)","ARGENTINA"
"2304","2022",9,"OFICINA PUESTO DE CONTROL AEREO -  PROV. CONST. DEL CALLAO","PEPINILLO, semilla",0.257,"SACHETS","ISRAEL"
"2305","2022",9,"OFICINA PUESTO DE CONTROL AEREO -  PROV. CONST. DEL CALLAO","PEPINILLO, semilla",1.602,"SACHETS","FRANCIA"
"2306","2022",9,"PUESTO DE CONTROL TERRESTRE DESAGUADERO","SOYA, torta",178000,"SACO(S)","BOLIVIA"
"2307","2022",9,"OFICINA PUESTO DE CONTROL MARITIMO - PROV. CONST. DEL CALLAO","PERA, fruta fresca",21168,"CAJA(S)","CHILE"
"2308","2022",9,"PUESTO DE CONTROL TERRESTRE DESAGUADERO","SOYA, harina",145000,"SACO(S)","BOLIVIA"
"2309","2022",9,"PUESTO DE CONTROL TERRESTRE DESAGUADERO","SOYA, grano",28000,"GRANEL","BOLIVIA"
"2310","2022",9,"PUESTO DE CONTROL TERRESTRE DESAGUADERO","SOYA, grano",56000,"GRANEL","BOLIVIA"
"2311","2022",9,"PUESTO DE CONTROL TERRESTRE DESAGUADERO","SOYA, grano",27970,"GRANEL","BOLIVIA"
"2312","2022",9,"PUESTO DE CONTROL TERRESTRE DESAGUADERO","SOYA, grano",54000,"GRANEL","BOLIVIA"
"2313","2022",9,"PUESTO DE CONTROL TERRESTRE DESAGUADERO","SOYA, grano",50000,"GRANEL","BOLIVIA"
"2314","2022",9,"PUESTO DE CONTROL TERRESTRE DESAGUADERO","SOYA, grano",75000,"GRANEL","BOLIVIA"
"2315","2022",9,"PUESTO DE CONTROL TERRESTRE DESAGUADERO","SOYA, torta",115570,"SACO(S)","BOLIVIA"
"2316","2022",9,"PUESTO DE CONTROL TERRESTRE DESAGUADERO","SOYA, torta",115000,"SACO(S)","BOLIVIA"
"2317","2022",9,"PUESTO DE CONTROL TERRESTRE DESAGUADERO","SOYA, torta",114960,"SACO(S)","BOLIVIA"
"2318","2022",9,"PUESTO DE CONTROL TERRESTRE DESAGUADERO","SOYA, torta",56610,"GRANEL","BOLIVIA"
"2319","2022",9,"PUESTO DE CONTROL TERRESTRE DESAGUADERO","SOYA, torta",84000,"GRANEL","BOLIVIA"
"2320","2022",9,"PUESTO DE CONTROL TERRESTRE DESAGUADERO","SOYA, torta",25102,"BIG BAG","BOLIVIA"
"2321","2022",9,"PUERTO DE PISCO , ICA","ARROZ, grano pilado",292950,"BIG BAG","BRASIL"
"2322","2022",9,"PUERTO DE PAITA , PIURA","ARVEJA, grano entero",47038,"SACO(S)","EEUU"
"2323","2022",9,"PUESTO DE CONTROL TERRESTRE DESAGUADERO","SOYA, torta",145000,"SACO(S)","BOLIVIA"
"2324","2022",9,"PUERTO DE PAITA , PIURA","ARVEJA, grano entero",25855,"SACO(S)","CANADA"
"2325","2022",9,"PUESTO DE CONTROL TERRESTRE DESAGUADERO","SOYA, torta",114000,"SACO(S)","BOLIVIA"
"2326","2022",9,"OFICINA PUESTO DE CONTROL MARITIMO - PROV. CONST. DEL CALLAO","MADERA, monturas y mangos de herramientas, monturas y mangos de cepillos, brochas o escobas, de madera; hormas, ensanchadores y tensores del calzado, de madera ; con algún proceso de la CRF 2",83655,"UNIDADES","CHINA"
"2327","2022",9,"OFICINA PUESTO DE CONTROL MARITIMO - PROV. CONST. DEL CALLAO","ALGODON, fibra sin cardar ni peinar (>28.57 mm = o <34.92 mm)",20598,"FARDOS","EEUU"
"2328","2022",9,"PUERTO DE PAITA , PIURA","ARVEJA, grano partido",120110,"SACO(S)","CANADA"
"2329","2022",9,"OFICINA PUESTO DE CONTROL MARITIMO - PROV. CONST. DEL CALLAO","ALGODON, fibra sin cardar ni peinar (>28.57 mm = o <34.92 mm)",100725,"FARDOS","EEUU"
"2330","2022",9,"PUESTO DE CONTROL TERRESTRE DESAGUADERO","FREJOL, grano",90000,"SACO(S)","BOLIVIA"
"2331","2022",9,"OFICINA PUESTO DE CONTROL AEREO -  PROV. CONST. DEL CALLAO","SANDIA, semilla",6.628,"SACHETS","HOLANDA"
"2332","2022",9,"OFICINA PUESTO DE CONTROL MARITIMO - PROV. CONST. DEL CALLAO","PINO, madera aserrada con algún proceso de la CRF2",80199,"PAQUETES","CHILE"
"2333","2022",9,"PUESTO DE CONTROL TERRESTRE DESAGUADERO","SOYA, torta",81220,"GRANEL","BOLIVIA"
"2334","2022",9,"PUESTO DE CONTROL TERRESTRE DESAGUADERO","SOYA, torta",167180,"GRANEL","BOLIVIA"
"2335","2022",9,"PUESTO DE CONTROL TERRESTRE DESAGUADERO","SOYA, harina",54091,"SACO(S)","BOLIVIA"
"2336","2022",9,"PUESTO DE CONTROL- CEBAF","CAÑA DE GUAYAQUIL, seca al natural",34000,"UNIDADES","ECUADOR"
"2337","2022",9,"PUESTO DE CONTROL TERRESTRE DESAGUADERO","MANI, grano sin cáscara",58000,"SACO(S)","BOLIVIA"
"2338","2022",9,"SANTA ROSA, TACNA","MANZANA, fruto fresco",23520,"CAJA(S)","CHILE"
"2339","2022",9,"SANTA ROSA, TACNA","MANZANA, fruto fresco",23520,"CAJA(S)","CHILE"
"2340","2022",9,"OFICINA PUESTO DE CONTROL MARITIMO - PROV. CONST. DEL CALLAO","MARCOS, madera",14.466,"UNIDADES","CHINA"
"2341","2022",9,"OFICINA PUESTO DE CONTROL AEREO -  PROV. CONST. DEL CALLAO","ZAPALLITO ITALIANO (CALABACIN), semilla",2.049,"SACHETS","FRANCIA"
"2342","2022",9,"SANTA ROSA, TACNA","PERA, fruta fresca",10080,"CAJA(S)","CHILE"
"2343","2022",9,"SANTA ROSA, TACNA","MANZANA, fruto fresco",13720,"CAJA(S)","CHILE"
"2344","2022",9,"SANTA ROSA, TACNA","PERA, fruta fresca",13032,"CAJA(S)","CHILE"
"2345","2022",9,"SANTA ROSA, TACNA","MANZANA, fruto fresco",9800,"CAJA(S)","CHILE"
"2346","2022",9,"SANTA ROSA, TACNA","MANZANA, fruto fresco",23520,"CAJA(S)","CHILE"
"2347","2022",9,"PUESTO DE CONTROL TERRESTRE DESAGUADERO","SOYA, torta",57000,"GRANEL","BOLIVIA"
"2348","2022",9,"IÑAPARI, MADRE DE DIOS","MAIZ AMARILLO DURO, grano",31000,"GRANEL","BRASIL"
"2349","2022",9,"IÑAPARI, MADRE DE DIOS","MAIZ AMARILLO DURO, grano",32000,"GRANEL","BRASIL"
"2350","2022",9,"IÑAPARI, MADRE DE DIOS","MAIZ AMARILLO DURO, grano",48000,"GRANEL","BRASIL"
"2351","2022",9,"OFICINA PUESTO DE CONTROL MARITIMO - PROV. CONST. DEL CALLAO","MADERA, cajas con algún proceso de la CRF 2",13561.57,"UNIDADES","CHILE"
"2352","2022",9,"OFICINA PUESTO DE CONTROL MARITIMO - PROV. CONST. DEL CALLAO","ARROZ, grano pilado",19047,"SACO(S)","EEUU"
"2353","2022",9,"OFICINA PUESTO DE CONTROL MARITIMO - PROV. CONST. DEL CALLAO","GARBANZO, grano",69399,"SACO(S)","EEUU"
"2354","2022",9,"PUESTO DE CONTROL TERRESTRE DESAGUADERO","SOYA, grano",28000,"GRANEL","BOLIVIA"
"2355","2022",9,"PUESTO DE CONTROL TERRESTRE DESAGUADERO","SOYA, grano",50000,"GRANEL","BOLIVIA"
"2356","2022",9,"SANTA ROSA, TACNA","MANZANA, fruto fresco",23520,"CAJA(S)","CHILE"
"2357","2022",9,"OFICINA PUESTO DE CONTROL AEREO -  PROV. CONST. DEL CALLAO","SANDIA, semilla",31.2,"BOLSAS","EEUU"
"2358","2022",9,"OFICINA PUESTO DE CONTROL MARITIMO - PROV. CONST. DEL CALLAO","PERA, fruta fresca",24210.9,"CAJA(S)","ARGENTINA"
"2359","2022",9,"OFICINA PUESTO DE CONTROL MARITIMO - PROV. CONST. DEL CALLAO","UVA (PASAS), secas industrialmente",40000,"CAJA(S)","CHILE"
"2360","2022",9,"OFICINA PUESTO DE CONTROL MARITIMO - PROV. CONST. DEL CALLAO","PINO, madera aserrada con tratamiento de secado al horno impregnación de sales",509362,"PAQUETES","CHILE"
"2361","2022",9,"OFICINA PUESTO DE CONTROL MARITIMO - PROV. CONST. DEL CALLAO","PINO, madera aserrada con tratamiento de secado al horno impregnación de sales",114956,"PAQUETES","CHILE"
"2362","2022",9,"OFICINA PUESTO DE CONTROL MARITIMO - PROV. CONST. DEL CALLAO","PINO, madera aserrada con tratamiento de secado al horno impregnación de sales",529095,"PAQUETES","CHILE"
"2363","2022",9,"SANTA ROSA, TACNA","PERA, fruta fresca",1764,"CAJA(S)","CHILE"
"2364","2022",9,"IÑAPARI, MADRE DE DIOS","NUEZ DEL BRASIL, con cáscara seca al natural",27945,"SACO(S)","BOLIVIA"
"2365","2022",9,"SANTA ROSA, TACNA","MANZANA, fruto fresco",21560,"CAJA(S)","CHILE"
"2366","2022",9,"PUESTO DE CONTROL TERRESTRE DESAGUADERO","SOYA, torta",149000,"SACO(S)","BOLIVIA"
"2367","2022",9,"OFICINA PUESTO DE CONTROL MARITIMO - PROV. CONST. DEL CALLAO","BAMBU, artículos de cestería obtenidos directamente en su forma con materia trenzable con algún proceso de la CRF 2",425.945,"CAJA(S)","EL SALVADOR"
"2368","2022",9,"OFICINA PUESTO DE CONTROL MARITIMO - PROV. CONST. DEL CALLAO","Articulos de cesteria (canastos, cestos u otros), con algun proceso de la CRF2",37.869,"CAJA(S)","EL SALVADOR"
"2369","2022",9,"OFICINA PUESTO DE CONTROL MARITIMO - PROV. CONST. DEL CALLAO","Los demas articulos de cesteria con algun proceso de CRF 2",137.093,"CAJA(S)","EL SALVADOR"
"2370","2022",9,"OFICINA PUESTO DE CONTROL MARITIMO - PROV. CONST. DEL CALLAO","Articulos para fiestas de navidad que sean o contengan material vegetal
",73.794,"CAJA(S)","EL SALVADOR"
"2371","2022",9,"PUERTO DE PISCO , ICA","MAIZ AMARILLO DURO, grano",2.3e+07,"GRANEL","ARGENTINA"
"2372","2022",9,"OFICINA PUESTO DE CONTROL MARITIMO - PROV. CONST. DEL CALLAO","MAIZ AMARILLO DURO, grano",18673185,"GRANEL","ARGENTINA"
"2373","2022",9,"OFICINA PUESTO DE CONTROL AEREO -  PROV. CONST. DEL CALLAO","MAIZ, semilla",2.17,"SOBRES","BRASIL"
"2374","2022",9,"SANTA ROSA, TACNA","LENTEJA, grano",78879,"SACO(S)","CANADA"
"2375","2022",9,"IÑAPARI, MADRE DE DIOS","MAIZ AMARILLO DURO, grano",64000,"SACO(S)","BRASIL"
"2376","2022",9,"SANTA ROSA, TACNA","MANZANA, fruto fresco",23520,"CAJA(S)","CHILE"
"2377","2022",9,"OFICINA PUESTO DE CONTROL MARITIMO - PROV. CONST. DEL CALLAO","YUCA (=MANDIOCA), fécula",48000,"BOLSAS","NICARAGUA"
"2378","2022",9,"SANTA ROSA, TACNA","MANZANA, fruto fresco",23520,"CAJA(S)","CHILE"
"2379","2022",9,"IÑAPARI, MADRE DE DIOS","MAIZ AMARILLO DURO, grano",30000,"GRANEL","BRASIL"
"2380","2022",9,"PUERTO DE PAITA , PIURA","MANDARINA, fruto  fresco",21840,"CAJA(S)","EEUU"
"2381","2022",9,"SANTA ROSA, TACNA","MANZANA, fruto fresco",23520,"CAJA(S)","CHILE"
"2382","2022",9,"PUESTO DE CONTROL TERRESTRE DESAGUADERO","SOYA, torta",55300,"GRANEL","BOLIVIA"
"2383","2022",9,"PUESTO DE CONTROL TERRESTRE DESAGUADERO","SOYA, torta",54130,"GRANEL","BOLIVIA"
"2384","2022",9,"OFICINA PUESTO DE CONTROL MARITIMO - PROV. CONST. DEL CALLAO","ALMENDRA, sin cáscara secado al natural",19958.269,"CAJA(S)","EEUU"
"2385","2022",9,"SANTA ROSA, TACNA","MANZANA, fruto fresco",22540,"CAJA(S)","CHILE"
"2386","2022",9,"SANTA ROSA, TACNA","MANZANA, fruto fresco",23520,"CAJA(S)","CHILE"
"2387","2022",9,"PUESTO DE CONTROL TERRESTRE DESAGUADERO","FREJOL NEGRO, grano",29000,"SACO(S)","BOLIVIA"
"2388","2022",9,"PUESTO DE CONTROL- CEBAF","CAÑA DE GUAYAQUIL, seca al natural",26000,"UNIDADES","ECUADOR"
"2389","2022",9,"PUESTO DE CONTROL- CEBAF","ROSA, flores frescas cortadas",4194,"CAJA(S)","ECUADOR"
"2390","2022",9,"PUESTO DE CONTROL- CEBAF","CLAVEL, flores frescas cortadas",293,"CAJA(S)","ECUADOR"
"2391","2022",9,"PUESTO DE CONTROL- CEBAF","CRISANTEMO, flores frescas cortadas",360,"CAJA(S)","ECUADOR"
"2392","2022",9,"OFICINA PUESTO DE CONTROL MARITIMO - PROV. CONST. DEL CALLAO","MAIZ AMARILLO DURO, grano",6750140,"GRANEL","ARGENTINA"
"2393","2022",9,"OFICINA PUESTO DE CONTROL MARITIMO - PROV. CONST. DEL CALLAO","MAIZ AMARILLO DURO, grano",7520000,"GRANEL","PARAGUAY EN TRANSITO POR ARGENTINA"
"2394","2022",9,"OFICINA PUESTO DE CONTROL MARITIMO - PROV. CONST. DEL CALLAO","MAIZ AMARILLO DURO, grano",15730000,"GRANEL","ARGENTINA"
"2395","2022",9,"SANTA ROSA, TACNA","MANZANA, fruto fresco",23520,"CAJA(S)","CHILE"
"2396","2022",9,"SANTA ROSA, TACNA","MANZANA, fruto fresco",23520,"CAJA(S)","CHILE"
"2397","2022",9,"SANTA ROSA, TACNA","MANZANA, fruto fresco",23520,"CAJA(S)","CHILE"
"2398","2022",9,"OFICINA PUESTO DE CONTROL MARITIMO - PROV. CONST. DEL CALLAO","YUCA (=MANDIOCA), fécula",55425,"SACO(S)","TAILANDIA"
"2399","2022",9,"OFICINA PUESTO DE CONTROL MARITIMO - PROV. CONST. DEL CALLAO","GIRASOL, grano secado industrialmente",1500,"SACO(S)","BULGARIA"
"2400","2022",9,"SANTA ROSA, LORETO","AZUCAR BLANCA O REFINADA (lectura polarimetrica mayor 99.5°)",1100000,"SACO(S)","BRASIL"
"2401","2022",9,"SANTA ROSA, TACNA","MANZANA, fruto fresco",12040,"CAJA(S)","CHILE"
"2402","2022",9,"OFICINA PUESTO DE CONTROL MARITIMO - PROV. CONST. DEL CALLAO","PAPRIKA, seco industrial en trozos o  rodajas",22500,"PAQUETES","CHINA"
"2403","2022",9,"SANTA ROSA, TACNA","PERA, fruta fresca",11520,"CAJA(S)","CHILE"
"2404","2022",9,"OFICINA PUESTO DE CONTROL MARITIMO - PROV. CONST. DEL CALLAO","PAPRIKA, seco industrial en trozos o  rodajas",22500,"PAQUETES","CHINA"
"2405","2022",9,"OFICINA PUESTO DE CONTROL MARITIMO - PROV. CONST. DEL CALLAO","COMINO, grano",84000,"SACO(S)","INDIA"
"2406","2022",9,"OFICINA PUESTO DE CONTROL MARITIMO - PROV. CONST. DEL CALLAO","LENTEJA, grano",78470,"SACO(S)","CANADA"
"2407","2022",9,"OFICINA PUESTO DE CONTROL MARITIMO - PROV. CONST. DEL CALLAO","GARBANZO, grano",23000,"SACO(S)","ARGENTINA"
"2408","2022",9,"OFICINA PUESTO DE CONTROL MARITIMO - PROV. CONST. DEL CALLAO","GARBANZO, grano",46000,"SACO(S)","ARGENTINA"
"2409","2022",9,"OFICINA PUESTO DE CONTROL MARITIMO - PROV. CONST. DEL CALLAO","MAIZ REVENTON, grano",52000,"SACO(S)","ARGENTINA"
"2410","2022",9,"OFICINA PUESTO DE CONTROL MARITIMO - PROV. CONST. DEL CALLAO","CANELA, triturada o pulverizada (molida)",9040,"CAJA(S)","CHINA"
"2411","2022",9,"OFICINA PUESTO DE CONTROL MARITIMO - PROV. CONST. DEL CALLAO","MAIZ, almidon",762.72,"CAJA(S)","CHINA"
"2412","2022",9,"OFICINA PUESTO DE CONTROL MARITIMO - PROV. CONST. DEL CALLAO","UVA (PASAS), secas industrialmente",25000,"CAJA(S)","ARGENTINA"
"2413","2022",9,"PUERTO DE PISCO , ICA","PINO, madera aserrada con algun proceso de la CRF 2",175108.5,"PAQUETES","BRASIL"
"2414","2022",9,"PUESTO DE CONTROL TERRESTRE DESAGUADERO","SOYA, grano quebrantado",29000,"SACO(S)","BOLIVIA"
"2415","2022",9,"OFICINA PUESTO DE CONTROL MARITIMO - PROV. CONST. DEL CALLAO","MARCOS, madera",58.627,"CAJA(S)","EL SALVADOR"
"2416","2022",9,"OFICINA PUESTO DE CONTROL MARITIMO - PROV. CONST. DEL CALLAO","MATERIA VEGETAL, trenzas, materia trenzable incluso ensamblados en tiras tejidos o paralelizados en forma plana con algún proceso de la CRF 2",34.306,"CAJA(S)","EL SALVADOR"
"2417","2022",9,"OFICINA PUESTO DE CONTROL MARITIMO - PROV. CONST. DEL CALLAO","Los demas articulos de cesteria con algun proceso de CRF 2",127.199,"CAJA(S)","EL SALVADOR"
"2418","2022",9,"OFICINA PUESTO DE CONTROL MARITIMO - PROV. CONST. DEL CALLAO","Articulos para fiestas de navidad que sean o contengan material vegetal
",154.875,"CAJA(S)","EL SALVADOR"
"2419","2022",9,"PUESTO DE CONTROL TERRESTRE DESAGUADERO","SOYA, torta",145500,"SACO(S)","BOLIVIA"
"2420","2022",9,"PUESTO DE CONTROL TERRESTRE DESAGUADERO","SOYA, torta",56270,"GRANEL","BOLIVIA"
"2421","2022",9,"PUESTO DE CONTROL TERRESTRE DESAGUADERO","SOYA, torta",143000,"SACO(S)","BOLIVIA"
"2422","2022",9,"PUESTO DE CONTROL TERRESTRE DESAGUADERO","SOYA, torta",170500,"SACO(S)","BOLIVIA"
"2423","2022",9,"OFICINA PUESTO DE CONTROL MARITIMO - PROV. CONST. DEL CALLAO","AVENA, grano aplastado o en copos (hojuelas)",10260,"CAJA(S)","ALEMANIA"
"2424","2022",9,"PUESTO DE CONTROL- CEBAF","PINO, madera aserrada con algun proceso de la CRF 2",29600,"PIEZAS","ECUADOR"
"2425","2022",9,"OFICINA PUESTO DE CONTROL MARITIMO - PROV. CONST. DEL CALLAO","PINO, madera aserrada, con tratamiento de secado al horno o impregnación de sales",24000,"LOTE(S)","PORTUGAL"
"2426","2022",9,"OFICINA PUESTO DE CONTROL MARITIMO - PROV. CONST. DEL CALLAO","ALGODON, fibra sin cardar ni peinar (>22.22 mm = o <28.57 mm)",19540,"FARDOS","EEUU"
"2427","2022",9,"OFICINA PUESTO DE CONTROL MARITIMO - PROV. CONST. DEL CALLAO","ARVEJA, grano partido",69718,"SACO(S)","EEUU"
"2428","2022",9,"PUESTO DE CONTROL TERRESTRE DESAGUADERO","SOYA, grano",25000,"GRANEL","BOLIVIA"
"2429","2022",9,"PUESTO DE CONTROL TERRESTRE DESAGUADERO","SOYA, grano",28000,"GRANEL","BOLIVIA"
"2430","2022",9,"PUESTO DE CONTROL TERRESTRE DESAGUADERO","SOYA, torta",56000,"GRANEL","BOLIVIA"
"2431","2022",9,"PUESTO DE CONTROL TERRESTRE DESAGUADERO","SOYA, torta",84500,"GRANEL","BOLIVIA"
"2432","2022",9,"PUESTO DE CONTROL TERRESTRE DESAGUADERO","SOYA, torta",84500,"GRANEL","BOLIVIA"
"2433","2022",9,"PUESTO DE CONTROL TERRESTRE DESAGUADERO","SOYA, torta",168000,"GRANEL","BOLIVIA"
"2434","2022",9,"PUESTO DE CONTROL TERRESTRE DESAGUADERO","SOYA, torta",108000,"GRANEL","BOLIVIA"
"2435","2022",9,"PUESTO DE CONTROL TERRESTRE DESAGUADERO","SOYA, torta",54610,"GRANEL","BOLIVIA"
"2436","2022",9,"PUESTO DE CONTROL TERRESTRE DESAGUADERO","SOYA, torta",56560,"GRANEL","BOLIVIA"
"2437","2022",9,"PUESTO DE CONTROL TERRESTRE DESAGUADERO","SOYA, torta",27500,"GRANEL","BOLIVIA"
"2438","2022",9,"PUESTO DE CONTROL TERRESTRE DESAGUADERO","SOYA, torta",29000,"GRANEL","BOLIVIA"
"2439","2022",9,"PUESTO DE CONTROL TERRESTRE DESAGUADERO","SOYA, torta",82070,"GRANEL","BOLIVIA"
"2440","2022",9,"PUESTO DE CONTROL TERRESTRE DESAGUADERO","SOYA, grano",25000,"GRANEL","BOLIVIA"
"2441","2022",9,"OFICINA PUESTO DE CONTROL MARITIMO - PROV. CONST. DEL CALLAO","ARVEJA, grano partido",52436,"SACO(S)","CANADA"
"2442","2022",9,"PUESTO DE CONTROL TERRESTRE DESAGUADERO","SOYA, torta",142640,"SACO(S)","BOLIVIA"
"2443","2022",9,"PUESTO DE CONTROL TERRESTRE DESAGUADERO","SOYA, torta",143030,"SACO(S)","BOLIVIA"
"2444","2022",9,"PUESTO DE CONTROL TERRESTRE DESAGUADERO","SOYA, torta",111110,"SACO(S)","BOLIVIA"
"2445","2022",9,"PUESTO DE CONTROL TERRESTRE DESAGUADERO","SOYA, grano",56500,"GRANEL","BOLIVIA"
"2446","2022",9,"SANTA ROSA, TACNA","COCO, rallado",25000,"SACO(S)","INDONESIA"
"2447","2022",9,"SANTA ROSA, TACNA","OREGANO, seco al natural",50000,"BOLSAS","TURQUIA"
"2448","2022",9,"PUESTO DE CONTROL TERRESTRE DESAGUADERO","SOYA, torta",112000,"GRANEL","BOLIVIA"
"2449","2022",9,"PUESTO DE CONTROL TERRESTRE DESAGUADERO","SOYA, torta",114500,"SACO(S)","BOLIVIA"
"2450","2022",9,"OFICINA PUESTO DE CONTROL MARITIMO - PROV. CONST. DEL CALLAO","MAIZ REVENTON, grano",76210,"SACO(S)","ARGENTINA"
"2451","2022",9,"PUESTO DE CONTROL TERRESTRE DESAGUADERO","SOYA, torta",29120,"GRANEL","BOLIVIA"
"2452","2022",9,"PUESTO DE CONTROL TERRESTRE DESAGUADERO","SOYA, torta",84000,"GRANEL","BOLIVIA"
"2453","2022",9,"SANTA ROSA, TACNA","KIWI, fruto fresco",7056,"CAJA(S)","CHILE"
"2454","2022",9,"SANTA ROSA, TACNA","PERA, fruta fresca",4032,"CAJA(S)","CHILE"
"2455","2022",9,"SANTA ROSA, TACNA","MANZANA, fruto fresco",20020,"CAJA(S)","CHILE"
"2456","2022",9,"SANTA ROSA, TACNA","PERA, fruta fresca",2646,"CAJA(S)","CHILE"
"2457","2022",9,"SANTA ROSA, TACNA","MANZANA, fruto fresco",12740,"CAJA(S)","CHILE"
"2458","2022",9,"SANTA ROSA, TACNA","MANZANA, fruto fresco",22579.2,"CAJA(S)","CHILE"
"2459","2022",9,"SANTA ROSA, TACNA","KIWI, fruto fresco",7182,"CAJA(S)","CHILE"
"2460","2022",9,"SANTA ROSA, TACNA","PERA, fruta fresca",7056,"CAJA(S)","CHILE"
"2461","2022",9,"SANTA ROSA, TACNA","MANZANA, fruto fresco",8820,"CAJA(S)","CHILE"
"2462","2022",9,"SANTA ROSA, TACNA","MANZANA, fruto fresco",21560,"CAJA(S)","CHILE"
"2463","2022",9,"OFICINA PUESTO DE CONTROL MARITIMO - PROV. CONST. DEL CALLAO","UVA (PASAS), secas naturalmente",20000,"CAJA(S)","ARGENTINA"
"2464","2022",9,"SANTA ROSA, TACNA","MANZANA, fruto fresco",23520,"CAJA(S)","CHILE"
"2465","2022",9,"SANTA ROSA, TACNA","MAIZ REVENTON, grano",56000,"SACO(S)","ARGENTINA"
"2466","2022",9,"SANTA ROSA, TACNA","MAIZ REVENTON, grano",56000,"SACO(S)","ARGENTINA"
"2467","2022",9,"PUESTO DE CONTROL TERRESTRE DESAGUADERO","SOYA, harina",116000,"SACO(S)","BOLIVIA"
"2468","2022",9,"PUERTO DE PAITA , PIURA","LENTEJA, grano",131540,"SACO(S)","CANADA"
"2469","2022",9,"SANTA ROSA, TACNA","COCO, rallado",19250,"SACO(S)","MALASIA"
"2470","2022",9,"SANTA ROSA, TACNA","MANZANA, fruto fresco",23520,"CAJA(S)","CHILE"
"2471","2022",9,"SANTA ROSA, TACNA","MANZANA, fruto fresco",23520,"CAJA(S)","CHILE"
"2472","2022",9,"SANTA ROSA, TACNA","MANZANA, fruto fresco",23520,"CAJA(S)","CHILE"
"2473","2022",9,"SANTA ROSA, TACNA","MANZANA, fruto fresco",23520,"CAJA(S)","CHILE"
"2474","2022",9,"OFICINA PUESTO DE CONTROL MARITIMO - PROV. CONST. DEL CALLAO","TREBOL BLANCO, semilla",1000,"SACO(S)","NUEVA ZELANDIA"
"2475","2022",9,"OFICINA PUESTO DE CONTROL MARITIMO - PROV. CONST. DEL CALLAO","RYEGRASS ITALIANO, semilla",1500,"SACO(S)","NUEVA ZELANDIA"
"2476","2022",9,"OFICINA PUESTO DE CONTROL MARITIMO - PROV. CONST. DEL CALLAO","LLANTEN FORRAJERO, semilla",500,"SACO(S)","NUEVA ZELANDIA"
"2477","2022",9,"OFICINA PUESTO DE CONTROL MARITIMO - PROV. CONST. DEL CALLAO","RYEGRASS INGLES, semilla",9000,"SACO(S)","NUEVA ZELANDIA"
"2478","2022",9,"PUESTO DE CONTROL TERRESTRE DESAGUADERO","SOYA, torta",56836,"SACO(S)","BOLIVIA"
"2479","2022",9,"PUESTO DE CONTROL TERRESTRE DESAGUADERO","SOYA, torta",84000,"GRANEL","BOLIVIA"
"2480","2022",9,"PUESTO DE CONTROL TERRESTRE DESAGUADERO","SOYA, torta",49860,"GRANEL","BOLIVIA"
"2481","2022",9,"PUESTO DE CONTROL TERRESTRE DESAGUADERO","SOYA, torta",111000,"GRANEL","BOLIVIA"
"2482","2022",9,"PUESTO DE CONTROL TERRESTRE DESAGUADERO","SOYA, torta",27000,"GRANEL","BOLIVIA"
"2483","2022",9,"OFICINA PUESTO DE CONTROL MARITIMO - PROV. CONST. DEL CALLAO","ALGODON, fibra sin cardar ni peinar (>28.57 mm = o <34.92 mm)",127040,"FARDOS","EEUU"
"2484","2022",9,"OFICINA PUESTO DE CONTROL MARITIMO - PROV. CONST. DEL CALLAO","MADERA, aserrada con algún tratamiento de la CRF 2",23755,"PAQUETES","CHILE"
"2485","2022",9,"SANTA ROSA, TACNA","MANZANA, fruto fresco",22281,"CAJA(S)","CHILE"
"2486","2022",9,"SANTA ROSA, TACNA","PERA, fruta fresca",22968,"CAJA(S)","CHILE"
"2487","2022",9,"PUESTO DE CONTROL TERRESTRE DESAGUADERO","SOYA, torta",86000,"GRANEL","BOLIVIA"
"2488","2022",9,"PUESTO DE CONTROL TERRESTRE DESAGUADERO","SOYA, torta",55888,"SACO(S)","BOLIVIA"
"2489","2022",9,"PUESTO DE CONTROL TERRESTRE DESAGUADERO","SOYA, torta",85200,"GRANEL","BOLIVIA"
"2490","2022",9,"OFICINA PUESTO DE CONTROL MARITIMO - PROV. CONST. DEL CALLAO","AVENA, grano aplastado o en copos (hojuelas)",52500,"SACO(S)","CHILE"
"2491","2022",9,"OFICINA PUESTO DE CONTROL MARITIMO - PROV. CONST. DEL CALLAO","AVENA, grano mondado, perlado, troceado o quebrantado",144000,"SACO(S)","CHILE"
"2492","2022",9,"OFICINA PUESTO DE CONTROL MARITIMO - PROV. CONST. DEL CALLAO","MADERA, cajas con algún proceso de la CRF 2",134420,"UNIDADES","CHILE"
"2493","2022",9,"OFICINA PUESTO DE CONTROL MARITIMO - PROV. CONST. DEL CALLAO","PINO, madera aserrada con algún proceso de la CRF2",46436,"PAQUETES","CHILE"
"2494","2022",9,"OFICINA PUESTO DE CONTROL MARITIMO - PROV. CONST. DEL CALLAO","ALGODON, fibra sin cardar ni peinar (>28.57 mm = o <34.92 mm)",59330,"FARDOS","EEUU"
"2495","2022",9,"OFICINA PUESTO DE CONTROL AEREO -  PROV. CONST. DEL CALLAO","LUPULO, pellets",580,"PALETAS","EEUU"
"2496","2022",9,"SANTA ROSA, TACNA","CURCUMA, rizoma fresco",2464,"CAJA(S)","CHILE"
"2497","2022",9,"PUESTO DE CONTROL TERRESTRE DESAGUADERO","SOYA, torta",1e+05,"SACO(S)","BOLIVIA"
"2498","2022",9,"SANTA ROSA, TACNA","JENGIBRE (=KION), fresco",22176,"CAJA(S)","CHILE"
"2499","2022",9,"OFICINA PUESTO DE CONTROL MARITIMO - PROV. CONST. DEL CALLAO","AZUCAR CRUDA, sólido",250000,"SACO(S)","EL SALVADOR"
"2500","2022",9,"OFICINA PUESTO DE CONTROL MARITIMO - PROV. CONST. DEL CALLAO","AZUCAR CRUDA, sólido",325000,"SACO(S)","EL SALVADOR"
"2501","2022",9,"PUESTO DE CONTROL TERRESTRE DESAGUADERO","MANI, grano sin cáscara",90000,"SACO(S)","BOLIVIA"
"2502","2022",9,"PUESTO DE CONTROL TERRESTRE DESAGUADERO","MANI, grano sin cáscara",53000,"SACO(S)","BOLIVIA"
"2503","2022",9,"OFICINA PUESTO DE CONTROL MARITIMO - PROV. CONST. DEL CALLAO","AZUCAR BLANCA O REFINADA (lectura polarimetrica mayor 99.5°)",25925,"SACO(S)","COLOMBIA"
"2504","2022",9,"OFICINA PUESTO DE CONTROL MARITIMO - PROV. CONST. DEL CALLAO","MANZANA, fruto fresco",39513.6,"CAJA(S)","CHILE"
"2505","2022",9,"OFICINA PUESTO DE CONTROL MARITIMO - PROV. CONST. DEL CALLAO","Gradas (rastras) de discos usados
",637,"UNIDADES","FRANCIA"
"2506","2022",9,"OFICINA PUESTO DE CONTROL MARITIMO - PROV. CONST. DEL CALLAO","TRACTOR USADO, con motor de potencia superior a 75 kW pero inferior o igual a 130 kW",8463,"UNIDADES","FRANCIA"
"2507","2022",9,"SANTA ROSA, TACNA","MANZANA, fruto fresco",23380,"CAJA(S)","CHILE"
"2508","2022",9,"OFICINA PUESTO DE CONTROL MARITIMO - PROV. CONST. DEL CALLAO","ALGODON, fibra sin cardar ni peinar (>22.22 mm = o <28.57 mm)",20580,"FARDOS","EEUU"
"2509","2022",9,"PUESTO DE CONTROL TERRESTRE DESAGUADERO","FREJOL NEGRO, grano",29000,"SACO(S)","BOLIVIA"
"2510","2022",9,"PUESTO DE CONTROL TERRESTRE DESAGUADERO","MANI, grano sin cáscara",28000,"SACO(S)","BOLIVIA"
"2511","2022",9,"OFICINA PUESTO DE CONTROL MARITIMO - PROV. CONST. DEL CALLAO","TURBA",45660,"BOLSAS","LETONIA"
"2512","2022",9,"OFICINA PUESTO DE CONTROL AEREO -  PROV. CONST. DEL CALLAO","RATTAN (=Roten), esterillas, esteras y cañizos con algún proceso de la CRF2",41.3,"CAJA(S)","CHINA"
"2513","2022",9,"PUESTO DE CONTROL TERRESTRE DESAGUADERO","SOYA, torta",60000,"SACO(S)","BOLIVIA"
"2514","2022",9,"PUESTO DE CONTROL TERRESTRE DESAGUADERO","MANI, grano sin cáscara",29000,"SACO(S)","BOLIVIA"
"2515","2022",9,"OFICINA PUESTO DE CONTROL AEREO -  PROV. CONST. DEL CALLAO","MAIZ, coronta molida",18000,"SACO(S)","CHILE"
"2516","2022",9,"OFICINA PUESTO DE CONTROL MARITIMO - PROV. CONST. DEL CALLAO","AVENA, grano mondado, perlado, troceado o quebrantado",156000,"SACO(S)","CHILE"
"2517","2022",9,"OFICINA PUESTO DE CONTROL MARITIMO - PROV. CONST. DEL CALLAO","PINO, madera aserrada con algún proceso de la CRF2",240630,"PAQUETES","CHILE"
"2518","2022",9,"OFICINA PUESTO DE CONTROL AEREO -  PROV. CONST. DEL CALLAO","MELON, semilla",36.63,"SACHETS","EEUU"
"2519","2022",9,"OFICINA PUESTO DE CONTROL AEREO -  PROV. CONST. DEL CALLAO","LECHUGA, semilla",34.9,"LATAS","EEUU"
"2520","2022",9,"OFICINA PUESTO DE CONTROL AEREO -  PROV. CONST. DEL CALLAO","PEPINILLO, semilla",4.83,"LATAS","EEUU"
"2521","2022",9,"OFICINA PUESTO DE CONTROL AEREO -  PROV. CONST. DEL CALLAO","SANDIA, semilla",100,"LATAS","EEUU"
"2522","2022",9,"OFICINA PUESTO DE CONTROL MARITIMO - PROV. CONST. DEL CALLAO","PINO, madera aserrada con algún proceso de la CRF2",43860,"PAQUETES","CHILE"
"2523","2022",9,"OFICINA PUESTO DE CONTROL MARITIMO - PROV. CONST. DEL CALLAO","CAUCHO, hojas ahumadas",21000,"UNIDADES","VIETNAM"
"2524","2022",9,"OFICINA PUESTO DE CONTROL MARITIMO - PROV. CONST. DEL CALLAO","MADERA, en bruto de coníferas tratada agentes de conservación
",5250,"UNIDADES","CHILE"
"2525","2022",9,"OFICINA PUESTO DE CONTROL MARITIMO - PROV. CONST. DEL CALLAO","LUPULO, pellets",16000,"PALETAS","ALEMANIA"
"2526","2022",9,"PUESTO DE CONTROL TERRESTRE DESAGUADERO","SOYA, grano",27980,"GRANEL","BOLIVIA"
"2527","2022",9,"PUESTO DE CONTROL TERRESTRE DESAGUADERO","SOYA, grano",27980,"GRANEL","BOLIVIA"
"2528","2022",9,"PUESTO DE CONTROL TERRESTRE DESAGUADERO","SOYA, grano",27980,"GRANEL","BOLIVIA"
"2529","2022",9,"PUESTO DE CONTROL TERRESTRE DESAGUADERO","SOYA, grano",45980,"GRANEL","BOLIVIA"
"2530","2022",9,"PUESTO DE CONTROL TERRESTRE DESAGUADERO","SOYA, grano",56000,"GRANEL","BOLIVIA"
"2531","2022",9,"PUESTO DE CONTROL TERRESTRE DESAGUADERO","SOYA, grano",28000,"GRANEL","BOLIVIA"
"2532","2022",9,"PUESTO DE CONTROL TERRESTRE DESAGUADERO","SOYA, grano",50000,"GRANEL","BOLIVIA"
"2533","2022",9,"PUESTO DE CONTROL TERRESTRE DESAGUADERO","SOYA, grano",27000,"GRANEL","BOLIVIA"
"2534","2022",9,"PUESTO DE CONTROL TERRESTRE DESAGUADERO","SOYA, grano",56000,"GRANEL","BOLIVIA"
"2535","2022",9,"OFICINA PUESTO DE CONTROL MARITIMO - PROV. CONST. DEL CALLAO","LENTEJA, grano",42638,"BOLSAS","CANADA"
"2536","2022",9,"PUESTO DE CONTROL- CEBAF","CAÑA DE GUAYAQUIL, seca al natural",34000,"UNIDADES","ECUADOR"
"2537","2022",9,"PUESTO DE CONTROL TERRESTRE DESAGUADERO","MANI, grano sin cáscara",58000,"SACO(S)","BOLIVIA"
"2538","2022",9,"OFICINA PUESTO DE CONTROL MARITIMO - PROV. CONST. DEL CALLAO","ALFALFA, follaje secado naturalmente",226.8,"CAJA(S)","EEUU"
"2539","2022",9,"OFICINA PUESTO DE CONTROL MARITIMO - PROV. CONST. DEL CALLAO","FLEOS, follaje seco al natural",4363.54,"CAJA(S)","EEUU"
"2540","2022",9,"OFICINA PUESTO DE CONTROL MARITIMO - PROV. CONST. DEL CALLAO","TRIGO, AVENA y ALFALFA, follaje secado naturalmente",3193.28,"CAJA(S)","EEUU"
"2541","2022",9,"OFICINA PUESTO DE CONTROL MARITIMO - PROV. CONST. DEL CALLAO","ARVEJA, grano partido",22870,"SACO(S)","EEUU"
"2542","2022",9,"OFICINA PUESTO DE CONTROL MARITIMO - PROV. CONST. DEL CALLAO","BAMBU, trenzas y artículos similares, de materia trenzable, incluso ensamblados en tiras, materia trenzable, trenzas y artículos similares de materia trenzable, tejidos o paralelizados, en forma plana, con algún proceso de la CRF 1",2.32,"UNIDADES","TURQUIA"
"2543","2022",9,"SANTA ROSA, TACNA","UVA (PASAS), secas industrialmente",25000,"CAJA(S)","CHILE"
"2544","2022",9,"PUESTO DE CONTROL TERRESTRE DESAGUADERO","SOYA, torta",112000,"SACO(S)","BOLIVIA"
"2545","2022",9,"OFICINA PUESTO DE CONTROL MARITIMO - PROV. CONST. DEL CALLAO","ARROZ, parbolizado pulido o sin cáscara",130000,"SACO(S)","BRASIL"
"2546","2022",9,"OFICINA PUESTO DE CONTROL MARITIMO - PROV. CONST. DEL CALLAO","ARROZ, parbolizado pulido o sin cáscara",130000,"SACO(S)","BRASIL"
"2547","2022",9,"OFICINA PUESTO DE CONTROL MARITIMO - PROV. CONST. DEL CALLAO","ARROZ, parbolizado pulido o sin cáscara",130000,"SACO(S)","BRASIL"
"2548","2022",9,"PUESTO DE CONTROL TERRESTRE DESAGUADERO","SOYA, torta",85980,"GRANEL","BOLIVIA"
"2549","2022",9,"OFICINA PUESTO DE CONTROL AEREO -  PROV. CONST. DEL CALLAO","MELON, semilla",0.250401,"SACHETS","HOLANDA"
"2550","2022",9,"OFICINA PUESTO DE CONTROL MARITIMO - PROV. CONST. DEL CALLAO","PINO, madera aserrada con algún proceso de la CRF2",118960,"PAQUETES","CHILE"
"2551","2022",9,"OFICINA PUESTO DE CONTROL AEREO -  PROV. CONST. DEL CALLAO","MOSTAZA INDIA, grano",0.8,"PAQUETES","INDIA"
"2552","2022",9,"OFICINA PUESTO DE CONTROL AEREO -  PROV. CONST. DEL CALLAO","MELON, semilla",0.787126,"SACHETS","HOLANDA"
"2553","2022",9,"PUESTO DE CONTROL- CEBAF","CAÑA DE GUAYAQUIL, seca al natural",34000,"UNIDADES","ECUADOR"
"2554","2022",9,"PUESTO DE CONTROL TERRESTRE DESAGUADERO","SOYA, torta",56310,"GRANEL","BOLIVIA"
"2555","2022",9,"PUESTO DE CONTROL TERRESTRE DESAGUADERO","SOYA, torta",51964,"BIG BAG","BOLIVIA"
"2556","2022",9,"SANTA ROSA, TACNA","LENTEJA, grano",78927,"SACO(S)","CANADA"
"2557","2022",9,"SANTA ROSA, TACNA","LENTEJA, grano",26309,"SACO(S)","CANADA"
"2558","2022",9,"SANTA ROSA, TACNA","LENTEJA, grano",52618,"SACO(S)","CANADA"
"2559","2022",9,"OFICINA PUESTO DE CONTROL MARITIMO - PROV. CONST. DEL CALLAO","MANI, grano sin cáscara",25000,"BOLSAS","ARGENTINA"
"2560","2022",9,"OFICINA PUESTO DE CONTROL MARITIMO - PROV. CONST. DEL CALLAO","TRIGO, pellets",22050,"SACO(S)","MEXICO"
"2561","2022",9,"OFICINA PUESTO DE CONTROL MARITIMO - PROV. CONST. DEL CALLAO","AZUCAR BLANCA O REFINADA (lectura polarimetrica mayor 99.5°)",238500,"SACO(S)","COLOMBIA"
"2562","2022",9,"OFICINA PUESTO DE CONTROL MARITIMO - PROV. CONST. DEL CALLAO","AZUCAR BLANCA O REFINADA (lectura polarimetrica mayor 99.5°)",26500,"SACO(S)","COLOMBIA"
"2563","2022",9,"OFICINA PUESTO DE CONTROL AEREO -  PROV. CONST. DEL CALLAO","PAPAYA, semilla",11.842,"SACHETS","HOLANDA"
"2564","2022",9,"PUESTO DE CONTROL TERRESTRE DESAGUADERO","SOYA, torta",86000,"GRANEL","BOLIVIA"
"2565","2022",9,"PUESTO DE CONTROL TERRESTRE DESAGUADERO","SOYA, torta",28000,"GRANEL","BOLIVIA"
"2566","2022",9,"PUESTO DE CONTROL TERRESTRE DESAGUADERO","SOYA, torta",25100,"GRANEL","BOLIVIA"
"2567","2022",9,"OFICINA PUESTO DE CONTROL AEREO -  PROV. CONST. DEL CALLAO","ALGODON, fibra sin cardar ni peinar (>28.57 mm = o <34.92 mm)",233.6,"FARDOS","EEUU"
"2568","2022",9,"PUESTO DE CONTROL TERRESTRE DESAGUADERO","AJONJOLI, grano",30000,"SACO(S)","BOLIVIA"
"2569","2022",9,"OFICINA PUESTO DE CONTROL MARITIMO - PROV. CONST. DEL CALLAO","BAMBU, artículos de cestería obtenidos directamente en su forma con materia trenzable con algún proceso de la CRF 2",279.479,"CAJA(S)","EL SALVADOR"
"2570","2022",9,"OFICINA PUESTO DE CONTROL MARITIMO - PROV. CONST. DEL CALLAO","MATERIA VEGETAL, trenzas, materia trenzable incluso ensamblados en tiras tejidos o paralelizados en forma plana con algún proceso de la CRF 2",28.898,"CAJA(S)","EL SALVADOR"
"2571","2022",9,"OFICINA PUESTO DE CONTROL MARITIMO - PROV. CONST. DEL CALLAO","BAMBU, artículos de cestería obtenidos directamente en su forma con materia trenzable con algún proceso de la CRF 2",254.24,"CAJA(S)","EL SALVADOR"
"2572","2022",9,"OFICINA PUESTO DE CONTROL MARITIMO - PROV. CONST. DEL CALLAO","Articulos para fiestas de navidad que sean o contengan material vegetal
",358.412,"CAJA(S)","EL SALVADOR"
"2573","2022",9,"PUESTO DE CONTROL TERRESTRE DESAGUADERO","SOYA, grano",28000,"GRANEL","BOLIVIA"
"2574","2022",9,"PUESTO DE CONTROL TERRESTRE DESAGUADERO","SOYA, grano",28000,"GRANEL","BOLIVIA"
"2575","2022",9,"PUESTO DE CONTROL TERRESTRE DESAGUADERO","SOYA, grano",28000,"GRANEL","BOLIVIA"
"2576","2022",9,"PUESTO DE CONTROL TERRESTRE DESAGUADERO","SOYA, grano",54000,"GRANEL","BOLIVIA"
"2577","2022",9,"PUESTO DE CONTROL TERRESTRE DESAGUADERO","SOYA, grano",55000,"GRANEL","BOLIVIA"
"2578","2022",9,"PUESTO DE CONTROL TERRESTRE DESAGUADERO","SOYA, grano",28000,"GRANEL","BOLIVIA"
"2579","2022",9,"PUESTO DE CONTROL TERRESTRE DESAGUADERO","SOYA, grano",26500,"GRANEL","BOLIVIA"
"2580","2022",9,"PUESTO DE CONTROL TERRESTRE DESAGUADERO","SOYA, grano",56000,"GRANEL","BOLIVIA"
"2581","2022",9,"PUESTO DE CONTROL TERRESTRE DESAGUADERO","SOYA, grano",28000,"GRANEL","BOLIVIA"
"2582","2022",9,"PUESTO DE CONTROL TERRESTRE DESAGUADERO","SOYA, grano",28000,"GRANEL","BOLIVIA"
"2583","2022",9,"PUESTO DE CONTROL TERRESTRE DESAGUADERO","SOYA, grano",28000,"GRANEL","BOLIVIA"
"2584","2022",9,"PUESTO DE CONTROL TERRESTRE DESAGUADERO","SOYA, grano",27000,"GRANEL","BOLIVIA"
"2585","2022",9,"PUESTO DE CONTROL TERRESTRE DESAGUADERO","SOYA, grano",27000,"GRANEL","BOLIVIA"
"2586","2022",9,"PUESTO DE CONTROL TERRESTRE DESAGUADERO","SOYA, grano",55500,"GRANEL","BOLIVIA"
"2587","2022",9,"OFICINA PUESTO DE CONTROL MARITIMO - PROV. CONST. DEL CALLAO","MANZANA, fruto fresco",19622.4,"CAJA(S)","CHILE"
"2588","2022",9,"OFICINA PUESTO DE CONTROL MARITIMO - PROV. CONST. DEL CALLAO","MANZANA, fruto fresco",20065.5,"CAJA(S)","CHILE"
"2589","2022",9,"PUESTO DE CONTROL TERRESTRE DESAGUADERO","SOYA, torta",112950,"GRANEL","BOLIVIA"
"2590","2022",9,"PUESTO DE CONTROL TERRESTRE DESAGUADERO","SOYA, torta",57554,"SACO(S)","BOLIVIA"
"2591","2022",9,"PUESTO DE CONTROL TERRESTRE DESAGUADERO","SOYA, torta",27880,"GRANEL","BOLIVIA"
"2592","2022",9,"SANTA ROSA, TACNA","TRIGO, afrecho seco industrial",56000,"SACO(S)","CHILE"
"2593","2022",9,"PUESTO DE CONTROL TERRESTRE DESAGUADERO","SOYA, torta",84000,"GRANEL","BOLIVIA"
"2594","2022",9,"PUESTO DE CONTROL TERRESTRE DESAGUADERO","SOYA, torta",56660,"GRANEL","BOLIVIA"
"2595","2022",9,"PUESTO DE CONTROL TERRESTRE DESAGUADERO","SOYA, torta",57954,"SACO(S)","BOLIVIA"
"2596","2022",9,"PUESTO DE CONTROL TERRESTRE DESAGUADERO","SOYA, torta",84000,"GRANEL","BOLIVIA"
"2597","2022",9,"OFICINA PUESTO DE CONTROL MARITIMO - PROV. CONST. DEL CALLAO","MAIZ REVENTON, grano",78000,"BOLSAS","ARGENTINA"
"2598","2022",9,"OFICINA PUESTO DE CONTROL MARITIMO - PROV. CONST. DEL CALLAO","MAIZ REVENTON, grano",146059,"SACO(S)","EEUU"
"2599","2022",9,"PUESTO DE CONTROL TERRESTRE DESAGUADERO","SOYA, torta",141000,"SACO(S)","BOLIVIA"
"2600","2022",9,"PUESTO DE CONTROL TERRESTRE DESAGUADERO","SOYA, torta",116000,"SACO(S)","BOLIVIA"
"2601","2022",9,"PUESTO DE CONTROL TERRESTRE DESAGUADERO","SOYA, torta",115500,"SACO(S)","BOLIVIA"
"2602","2022",9,"PUESTO DE CONTROL TERRESTRE DESAGUADERO","SOYA, torta",115500,"SACO(S)","BOLIVIA"
"2603","2022",9,"PUESTO DE CONTROL TERRESTRE DESAGUADERO","SOYA, grano",28000,"GRANEL","BOLIVIA"
"2604","2022",9,"PUESTO DE CONTROL TERRESTRE DESAGUADERO","SOYA, grano",28000,"GRANEL","BOLIVIA"
"2605","2022",9,"PUESTO DE CONTROL TERRESTRE DESAGUADERO","SOYA, grano",27000,"GRANEL","BOLIVIA"
"2606","2022",9,"PUESTO DE CONTROL TERRESTRE DESAGUADERO","SOYA, grano",47000,"GRANEL","BOLIVIA"
"2607","2022",9,"PUESTO DE CONTROL TERRESTRE DESAGUADERO","SOYA, grano",28000,"GRANEL","BOLIVIA"
"2608","2022",9,"PUESTO DE CONTROL TERRESTRE DESAGUADERO","SOYA, torta",145000,"SACO(S)","BOLIVIA"
"2609","2022",9,"PUESTO DE CONTROL TERRESTRE DESAGUADERO","SOYA, torta",85500,"GRANEL","BOLIVIA"
"2610","2022",9,"PUESTO DE CONTROL TERRESTRE DESAGUADERO","SOYA, torta",83500,"GRANEL","BOLIVIA"
"2611","2022",9,"PUESTO DE CONTROL TERRESTRE DESAGUADERO","SOYA, torta",84000,"GRANEL","BOLIVIA"
"2612","2022",9,"PUESTO DE CONTROL TERRESTRE DESAGUADERO","SOYA, torta",85500,"GRANEL","BOLIVIA"
"2613","2022",9,"PUESTO DE CONTROL TERRESTRE DESAGUADERO","SOYA, torta",85000,"GRANEL","BOLIVIA"
"2614","2022",9,"PUESTO DE CONTROL TERRESTRE DESAGUADERO","SOYA, torta",57000,"GRANEL","BOLIVIA"
"2615","2022",9,"PUESTO DE CONTROL TERRESTRE DESAGUADERO","SOYA, torta",56500,"GRANEL","BOLIVIA"
"2616","2022",9,"PUESTO DE CONTROL TERRESTRE DESAGUADERO","SOYA, torta",57000,"GRANEL","BOLIVIA"
"2617","2022",9,"OFICINA PUESTO DE CONTROL AEREO -  PROV. CONST. DEL CALLAO","ARANDANO, planta",677,"CAJA(S)","CHILE"
"2618","2022",9,"OFICINA PUESTO DE CONTROL AEREO -  PROV. CONST. DEL CALLAO","COLECCIONES Y ESPECIMENES, para colecciones de zoología, botánica secas
",2.66,"CAJA(S)",NA
"2619","2022",9,"OFICINA PUESTO DE CONTROL MARITIMO - PROV. CONST. DEL CALLAO","MADERA, moldurada con proceso de la CRF2",112.085,"PAQUETES","EEUU"
"2620","2022",9,"OFICINA PUESTO DE CONTROL MARITIMO - PROV. CONST. DEL CALLAO","MADERA, puertas y sus marcos, contramarcos y umbrales, con algun proceso de la CRF 2",458.395,"PAQUETES","EEUU"
"2621","2022",9,"OFICINA PUESTO DE CONTROL MARITIMO - PROV. CONST. DEL CALLAO","ALGODON, fibra sin cardar ni peinar (>28.57 mm = o <34.92 mm)",507655,"FARDOS","EEUU"
"2622","2022",9,"PUESTO DE CONTROL TERRESTRE DESAGUADERO","AZUCAR BLANCA O REFINADA (lectura polarimetrica mayor 99.5°)",29500,"SACO(S)","BOLIVIA"
"2623","2022",9,"OFICINA PUESTO DE CONTROL MARITIMO - PROV. CONST. DEL CALLAO","PAPA, fécula",40000,"SACO(S)","HOLANDA"
"2624","2022",9,"OFICINA PUESTO DE CONTROL MARITIMO - PROV. CONST. DEL CALLAO","OREJAS DE JUDAS, seco industrial",200,"CAJA(S)","CHINA"
"2625","2022",9,"OFICINA PUESTO DE CONTROL MARITIMO - PROV. CONST. DEL CALLAO","Shitake (Lentinus edodes), secos, incluso los cortados en trozos o en rodajas, trituradas o pulverizadas, sin otra preparación",420,"CAJA(S)","CHINA"
"2626","2022",9,"OFICINA PUESTO DE CONTROL MARITIMO - PROV. CONST. DEL CALLAO","FRUTA, secas",1102,"CAJA(S)","CHINA"
"2627","2022",9,"OFICINA PUESTO DE CONTROL MARITIMO - PROV. CONST. DEL CALLAO","GIRASOL, grano secado industrialmente",3439.44,"CAJA(S)","CHINA"
"2628","2022",9,"OFICINA PUESTO DE CONTROL AEREO -  PROV. CONST. DEL CALLAO","SANDIA, semilla",0.959,"SACHETS","EEUU"
"2629","2022",9,"OFICINA PUESTO DE CONTROL AEREO -  PROV. CONST. DEL CALLAO","SANDIA, semilla",2.051,"BOLSAS","EEUU"
"2630","2022",9,"PUESTO DE CONTROL TERRESTRE DESAGUADERO","SOYA, torta",30000,"GRANEL","BOLIVIA"
"2631","2022",9,"OFICINA PUESTO DE CONTROL MARITIMO - PROV. CONST. DEL CALLAO","ARROZ, grano pilado",50000,"BOLSAS","URUGUAY"
"2632","2022",9,"PUESTO DE CONTROL TERRESTRE DESAGUADERO","SOYA, torta",115810,"SACO(S)","BOLIVIA"
"2633","2022",9,"PUESTO DE CONTROL TERRESTRE DESAGUADERO","SOYA, torta",173000,"SACO(S)","BOLIVIA"
"2634","2022",9,"PUESTO DE CONTROL TERRESTRE DESAGUADERO","SOYA, torta",144500,"SACO(S)","BOLIVIA"
"2635","2022",9,"SANTA ROSA, TACNA","ALFALFA, pellets",9250,"BOLSAS","ARGENTINA"
"2636","2022",9,"PUESTO DE CONTROL TERRESTRE DESAGUADERO","SOYA, torta",145000,"SACO(S)","BOLIVIA"
"2637","2022",9,"OFICINA PUESTO DE CONTROL AEREO -  PROV. CONST. DEL CALLAO","HONGO comestible, semilla",90,"CAJA(S)","EEUU"
"2638","2022",9,"SANTA ROSA, TACNA","CIRUELA, fruto seco naturalmente",24000,"CAJA(S)","CHILE"
"2639","2022",9,"OFICINA PUESTO DE CONTROL MARITIMO - PROV. CONST. DEL CALLAO","Articulos para fiestas de navidad que sean o contengan material vegetal
",90.694,"UNIDADES","PANAMA"
"2640","2022",9,"OFICINA PUESTO DE CONTROL MARITIMO - PROV. CONST. DEL CALLAO","PIMIENTA, molida",490,"CAJA(S)","CHINA"
"2641","2022",9,"OFICINA PUESTO DE CONTROL MARITIMO - PROV. CONST. DEL CALLAO","UVA (PASAS), secas naturalmente",24500,"CAJA(S)","ARGENTINA"
"2642","2022",9,"OFICINA PUESTO DE CONTROL MARITIMO - PROV. CONST. DEL CALLAO","MAIZ, almidon",21000,"BOLSAS","ARGENTINA"
"2643","2022",9,"OFICINA PUESTO DE CONTROL MARITIMO - PROV. CONST. DEL CALLAO","MADERA, monturas y mangos de herramientas, monturas y mangos de cepillos, brochas o escobas, de madera; hormas, ensanchadores y tensores del calzado, de madera ; con algún proceso de la CRF 2",28500,"SACO(S)","CHINA"
"2644","2022",9,"OFICINA PUESTO DE CONTROL MARITIMO - PROV. CONST. DEL CALLAO","PAPA, fécula",220000,"BIG BAG","ALEMANIA"
"2645","2022",9,"OFICINA PUESTO DE CONTROL MARITIMO - PROV. CONST. DEL CALLAO","MADERA, monturas y mangos de herramientas, monturas y mangos de cepillos, brochas o escobas, de madera; hormas, ensanchadores y tensores del calzado, de madera ; con algún proceso de la CRF 2",23508.55,"SACO(S)","CHINA"
"2646","2022",9,"OFICINA PUESTO DE CONTROL MARITIMO - PROV. CONST. DEL CALLAO","ALGODON, fibra sin cardar ni peinar (>22.22 mm = o <28.57 mm)",97580,"FARDOS","EEUU"
"2647","2022",9,"OFICINA PUESTO DE CONTROL AEREO -  PROV. CONST. DEL CALLAO","MAIZ, harina",0.1,"BOLSAS","REINO UNIDO"
"2648","2022",9,"OFICINA PUESTO DE CONTROL AEREO -  PROV. CONST. DEL CALLAO","AVENA, grano aplastado o en copos (hojuelas)",0.1,"BOLSAS","REINO UNIDO"
"2649","2022",9,"OFICINA PUESTO DE CONTROL MARITIMO - PROV. CONST. DEL CALLAO","CEBADA, grano",13267620,"GRANEL","AUSTRALIA"
"2650","2022",9,"OFICINA PUESTO DE CONTROL MARITIMO - PROV. CONST. DEL CALLAO","MADERA, monturas y mangos de herramientas, monturas y mangos de cepillos, brochas o escobas, de madera; hormas, ensanchadores y tensores del calzado, de madera ; con algún proceso de la CRF 2",28350,"SACO(S)","CHINA"
"2651","2022",9,"PUESTO DE CONTROL TERRESTRE DESAGUADERO","SOYA, torta",145738,"SACO(S)","BOLIVIA"
"2652","2022",9,"OFICINA PUESTO DE CONTROL MARITIMO - PROV. CONST. DEL CALLAO","MAIZ, harina",22000,"FARDOS","COLOMBIA"
"2653","2022",9,"SANTA ROSA, TACNA","MANZANA, fruto fresco",23520,"CAJA(S)","CHILE"
"2654","2022",9,"IÑAPARI, MADRE DE DIOS","MAIZ AMARILLO DURO, grano",38000,"SACO(S)","BRASIL"
"2655","2022",9,"SANTA ROSA, TACNA","MANZANA, fruto fresco",23520,"CAJA(S)","CHILE"
"2656","2022",9,"SANTA ROSA, TACNA","MANZANA, fruto fresco",23520,"CAJA(S)","CHILE"
"2657","2022",9,"SANTA ROSA, TACNA","GIRASOL, grano",24000,"BOLSAS","ARGENTINA"
"2658","2022",9,"OFICINA PUESTO DE CONTROL MARITIMO - PROV. CONST. DEL CALLAO","AJONJOLI, grano con algún proceso de la CRF 2",192,"CAJA(S)","CHINA"
"2659","2022",9,"OFICINA PUESTO DE CONTROL MARITIMO - PROV. CONST. DEL CALLAO","AZUCAR SIN REFINAR, solido",420,"CAJA(S)","CHINA"
"2660","2022",9,"OFICINA PUESTO DE CONTROL MARITIMO - PROV. CONST. DEL CALLAO","PIMIENTA, molida",1200,"CAJA(S)","CHINA"
"2661","2022",9,"OFICINA PUESTO DE CONTROL MARITIMO - PROV. CONST. DEL CALLAO","ANIS ESTRELLA, trituradas o pulverizadas",360,"CAJA(S)","CHINA"
"2662","2022",9,"OFICINA PUESTO DE CONTROL MARITIMO - PROV. CONST. DEL CALLAO","MEZCLA DE ESPECIAS, molida",14020,"CAJA(S)","CHINA"
"2663","2022",9,"OFICINA PUESTO DE CONTROL MARITIMO - PROV. CONST. DEL CALLAO","LAS DEMAS, especias con algún proceso de la CRF 2",1900,"CAJA(S)","CHINA"
"2664","2022",9,"OFICINA PUESTO DE CONTROL MARITIMO - PROV. CONST. DEL CALLAO","OREJAS DE JUDAS, seco industrial",200,"CAJA(S)","CHINA"
"2665","2022",9,"OFICINA PUESTO DE CONTROL MARITIMO - PROV. CONST. DEL CALLAO","Shitake (Lentinus edodes), secos, incluso los cortados en trozos o en rodajas, trituradas o pulverizadas, sin otra preparación",420,"CAJA(S)","CHINA"
"2666","2022",9,"SANTA ROSA, TACNA","TRACTOR USADO, con motor de potencia superior a 33 kW pero inferior o igual a 75 kW",14363.277,"UNIDADES","CHINA"
"2667","2022",9,"OFICINA PUESTO DE CONTROL MARITIMO - PROV. CONST. DEL CALLAO","PINO, madera aserrada con tratamiento de secado al horno impregnación de sales",22900,"PALETAS","CHILE"
"2668","2022",9,"PUESTO DE CONTROL- CEBAF","CAÑA DE GUAYAQUIL, seca al natural",32000,"UNIDADES","ECUADOR"
"2669","2022",9,"OFICINA PUESTO DE CONTROL MARITIMO - PROV. CONST. DEL CALLAO","TRIGO, semola",132000,"SACO(S)","MEXICO"
"2670","2022",9,"PUESTO DE CONTROL TERRESTRE DESAGUADERO","SOYA, grano",28000,"GRANEL","BOLIVIA"
"2671","2022",9,"PUESTO DE CONTROL TERRESTRE DESAGUADERO","SOYA, grano",28000,"GRANEL","BOLIVIA"
"2672","2022",9,"PUESTO DE CONTROL TERRESTRE DESAGUADERO","SOYA, grano",56000,"GRANEL","BOLIVIA"
"2673","2022",9,"PUESTO DE CONTROL TERRESTRE DESAGUADERO","SOYA, grano",79980,"GRANEL","BOLIVIA"
"2674","2022",9,"PUESTO DE CONTROL TERRESTRE DESAGUADERO","SOYA, grano",28000,"GRANEL","BOLIVIA"
"2675","2022",9,"OFICINA PUESTO DE CONTROL MARITIMO - PROV. CONST. DEL CALLAO","MADERA, monturas y mangos de herramientas, monturas y mangos de cepillos, brochas o escobas, de madera; hormas, ensanchadores y tensores del calzado, de madera ; con algún proceso de la CRF 2",28098,"BOLSAS","CHINA"
"2676","2022",9,"PUESTO DE CONTROL- CEBAF","ROSA, flores frescas cortadas",7505,"CAJA(S)","ECUADOR"
"2677","2022",9,"PUESTO DE CONTROL- CEBAF","CLAVEL, flores frescas cortadas",926,"CAJA(S)","ECUADOR"
"2678","2022",9,"PUESTO DE CONTROL- CEBAF","CRISANTEMO, flores frescas cortadas",38,"CAJA(S)","ECUADOR"
"2679","2022",9,"OFICINA PUESTO DE CONTROL MARITIMO - PROV. CONST. DEL CALLAO","RYEGRASS INGLES, semilla",45000,"SACO(S)","HOLANDA"
"2680","2022",9,"OFICINA PUESTO DE CONTROL MARITIMO - PROV. CONST. DEL CALLAO","AVENA FORRAJERA, semilla",50000,"SACO(S)","CHILE"
"2681","2022",9,"OFICINA PUESTO DE CONTROL MARITIMO - PROV. CONST. DEL CALLAO","ALGODON, fibra sin cardar ni peinar (>22.22 mm = o <28.57 mm)",195650,"FARDOS","EEUU"
"2682","2022",9,"SANTA ROSA, TACNA","MAIZ REVENTON, grano",56000,"SACO(S)","ARGENTINA"
"2683","2022",9,"OFICINA PUESTO DE CONTROL MARITIMO - PROV. CONST. DEL CALLAO","MANZANA, fruto fresco",39592,"CAJA(S)","CHILE"
"2684","2022",9,"OFICINA PUESTO DE CONTROL MARITIMO - PROV. CONST. DEL CALLAO","UVA (PASAS), secas naturalmente",80000,"CAJA(S)","ARGENTINA"
"2685","2022",9,"OFICINA PUESTO DE CONTROL MARITIMO - PROV. CONST. DEL CALLAO","MIMBRE, artículos de cestería (canasta, cestos u otros)",2.32,"UNIDADES","TURQUIA"
"2686","2022",9,"OFICINA PUESTO DE CONTROL MARITIMO - PROV. CONST. DEL CALLAO","PINO, madera aserrada con tratamiento de secado al horno impregnación de sales",85251,"PAQUETES","CHILE"
"2687","2022",9,"OFICINA PUESTO DE CONTROL MARITIMO - PROV. CONST. DEL CALLAO","MADERA, encofrados para hormigon, de madera con algún proceso de la CRF2
",47348,"PIEZAS","ALEMANIA"
"2688","2022",9,"OFICINA PUESTO DE CONTROL MARITIMO - PROV. CONST. DEL CALLAO","MANZANA, fruto fresco",17884,"CAJA(S)","EEUU"
"2689","2022",9,"OFICINA PUESTO DE CONTROL MARITIMO - PROV. CONST. DEL CALLAO","GIRASOL, grano",51980,"PALETAS","ARGENTINA"
"2690","2022",9,"OFICINA PUESTO DE CONTROL MARITIMO - PROV. CONST. DEL CALLAO","ARVEJA, grano partido",45980,"SACO(S)","EEUU"
"2691","2022",9,"OFICINA PUESTO DE CONTROL AEREO -  PROV. CONST. DEL CALLAO","CAFE, grano verde",0.4,"BOLSAS","ALEMANIA"
"2692","2022",9,"PUESTO DE CONTROL TERRESTRE DESAGUADERO","SOYA, torta",116000,"SACO(S)","BOLIVIA"
"2693","2022",9,"PUESTO DE CONTROL TERRESTRE DESAGUADERO","SOYA, torta",116000,"SACO(S)","BOLIVIA"
"2694","2022",9,"PUESTO DE CONTROL TERRESTRE DESAGUADERO","SOYA, torta",145000,"SACO(S)","BOLIVIA"
"2695","2022",9,"PUESTO DE CONTROL TERRESTRE DESAGUADERO","SOYA, torta",116000,"SACO(S)","BOLIVIA"
"2696","2022",9,"PUESTO DE CONTROL TERRESTRE DESAGUADERO","SOYA, torta",145000,"SACO(S)","BOLIVIA"
"2697","2022",9,"PUESTO DE CONTROL TERRESTRE DESAGUADERO","SOYA, torta",206000,"SACO(S)","BOLIVIA"
"2698","2022",9,"OFICINA PUESTO DE CONTROL MARITIMO - PROV. CONST. DEL CALLAO","ALGODON, fibra sin cardar ni peinar (>28.57 mm = o <34.92 mm)",155860,"FARDOS","EEUU"
"2699","2022",9,"PUESTO DE CONTROL TERRESTRE DESAGUADERO","SOYA, torta",118000,"SACO(S)","BOLIVIA"
"2700","2022",9,"OFICINA PUESTO DE CONTROL MARITIMO - PROV. CONST. DEL CALLAO","PINO, madera aserrada, con tratamiento de secado al horno o impregnación de sales",48000,"LOTE(S)","PORTUGAL"
"2701","2022",9,"PUESTO DE CONTROL TERRESTRE DESAGUADERO","SOYA, torta",83150,"GRANEL","BOLIVIA"
"2702","2022",9,"PUESTO DE CONTROL TERRESTRE DESAGUADERO","AZUCAR BLANCA O REFINADA (lectura polarimetrica mayor 99.5°)",13500,"SACO(S)","BOLIVIA"
"2703","2022",9,"PUESTO DE CONTROL TERRESTRE DESAGUADERO","AZUCAR CRUDA, sólido",44500,"SACO(S)","BOLIVIA"
"2704","2022",9,"PUESTO DE CONTROL TERRESTRE DESAGUADERO","SOYA, torta",2e+05,"SACO(S)","BOLIVIA"
"2705","2022",9,"OFICINA PUESTO DE CONTROL AEREO -  PROV. CONST. DEL CALLAO","PAPAYA, semilla",10.04,"BOLSAS","TAIWAN"
"2706","2022",9,"OFICINA PUESTO DE CONTROL AEREO -  PROV. CONST. DEL CALLAO","PAPAYA, semilla",4.095,"SACHETS","MEXICO"
"2707","2022",9,"OFICINA PUESTO DE CONTROL MARITIMO - PROV. CONST. DEL CALLAO","PINO, madera aserrada con algún proceso de la CRF2",32995,"CAJA(S)","CHILE"
"2708","2022",9,"OFICINA PUESTO DE CONTROL MARITIMO - PROV. CONST. DEL CALLAO","LENTEJA, grano",133810,"SACO(S)","CANADA"
"2709","2022",9,"PUESTO DE CONTROL TERRESTRE DESAGUADERO","SOYA, torta",144000,"SACO(S)","BOLIVIA"
"2710","2022",9,"PUESTO DE CONTROL TERRESTRE DESAGUADERO","SOYA, torta",177000,"SACO(S)","BOLIVIA"
"2711","2022",9,"SANTA ROSA, TACNA","LENTEJA, grano",52618,"SACO(S)","CANADA"
"2712","2022",9,"SANTA ROSA, TACNA","COCO, rallado",19250,"SACO(S)","MALASIA"
"2713","2022",9,"SANTA ROSA, TACNA","LENTEJA, grano",78927,"SACO(S)","CANADA"
"2714","2022",9,"SANTA ROSA, TACNA","LENTEJA, grano",78745,"SACO(S)","CANADA"
"2715","2022",9,"PUESTO DE CONTROL TERRESTRE DESAGUADERO","SOYA, torta",55000,"GRANEL","BOLIVIA"
"2716","2022",9,"PUESTO DE CONTROL TERRESTRE DESAGUADERO","SOYA, torta",116000,"SACO(S)","BOLIVIA"
"2717","2022",9,"PUESTO DE CONTROL TERRESTRE DESAGUADERO","SOYA, torta",82500,"GRANEL","BOLIVIA"
"2718","2022",9,"PUESTO DE CONTROL TERRESTRE DESAGUADERO","SOYA, torta",55980,"GRANEL","BOLIVIA"
"2719","2022",9,"PUESTO DE CONTROL TERRESTRE DESAGUADERO","SOYA, torta",57000,"GRANEL","BOLIVIA"
"2720","2022",9,"PUESTO DE CONTROL- CEBAF","PAJA MACORA, paja seca al natural",2000,"FARDOS","ECUADOR"
"2721","2022",9,"SANTA ROSA, TACNA","LENTEJA, grano",25991,"SACO(S)","CANADA"
"2722","2022",9,"PUESTO DE CONTROL- CEBAF","CAÑA DE GUAYAQUIL, seca al natural",32000,"UNIDADES","ECUADOR"
"2723","2022",9,"OFICINA PUESTO DE CONTROL MARITIMO - PROV. CONST. DEL CALLAO","AZUCAR CRUDA, sólido",650000,"SACO(S)","GUATEMALA"
"2724","2022",9,"OFICINA PUESTO DE CONTROL MARITIMO - PROV. CONST. DEL CALLAO","AZUCAR BLANCA O REFINADA (lectura polarimetrica mayor 99.5°)",132500,"SACO(S)","GUATEMALA"
"2725","2022",9,"OFICINA PUESTO DE CONTROL MARITIMO - PROV. CONST. DEL CALLAO","ALGODON, fibra sin cardar ni peinar (>28.57 mm = o <34.92 mm)",76114,"FARDOS","EEUU"
"2726","2022",9,"OFICINA PUESTO DE CONTROL MARITIMO - PROV. CONST. DEL CALLAO","UVA (PASAS), secas naturalmente",17640,"CAJA(S)","INDIA"
"2727","2022",9,"OFICINA PUESTO DE CONTROL MARITIMO - PROV. CONST. DEL CALLAO","Partes de maquinarias para limpieza, clasificacion o cribado de semillas, granos u hortalizas de vaina seca, maquinarias y aparatos para molienda o tratamiento de cereales u hortalizas de vaina secas, usadas
",6827.9,"UNIDADES","FRANCIA"
"2728","2022",9,"OFICINA PUESTO DE CONTROL AEREO -  PROV. CONST. DEL CALLAO","SOYA, torta",3,"BOLSAS","BOLIVIA"
"2729","2022",9,"OFICINA PUESTO DE CONTROL MARITIMO - PROV. CONST. DEL CALLAO","LENTEJA, grano",173870,"SACO(S)","EEUU"
"2730","2022",9,"PUESTO DE CONTROL TERRESTRE DESAGUADERO","SOYA, torta",54900,"GRANEL","BOLIVIA"
"2731","2022",9,"PUESTO DE CONTROL TERRESTRE DESAGUADERO","SOYA, torta",57360,"GRANEL","BOLIVIA"
"2732","2022",9,"PUESTO DE CONTROL TERRESTRE DESAGUADERO","SOYA, torta",26000,"GRANEL","BOLIVIA"
"2733","2022",9,"PUESTO DE CONTROL TERRESTRE DESAGUADERO","SOYA, torta",126000,"GRANEL","BOLIVIA"
"2734","2022",9,"PUESTO DE CONTROL TERRESTRE DESAGUADERO","SOYA, torta",25000,"GRANEL","BOLIVIA"
"2735","2022",9,"PUESTO DE CONTROL TERRESTRE DESAGUADERO","SOYA, torta",56200,"GRANEL","BOLIVIA"
"2736","2022",9,"PUESTO DE CONTROL TERRESTRE DESAGUADERO","SOYA, torta",82950,"GRANEL","BOLIVIA"
"2737","2022",9,"PUESTO DE CONTROL TERRESTRE DESAGUADERO","SOYA, torta",55850,"GRANEL","BOLIVIA"
"2738","2022",9,"PUESTO DE CONTROL TERRESTRE DESAGUADERO","SOYA, torta",56737,"SACO(S)","BOLIVIA"
"2739","2022",9,"PUESTO DE CONTROL TERRESTRE DESAGUADERO","SOYA, torta",84270,"GRANEL","BOLIVIA"
"2740","2022",9,"PUESTO DE CONTROL TERRESTRE DESAGUADERO","SOYA, torta",84470,"GRANEL","BOLIVIA"
"2741","2022",9,"PUESTO DE CONTROL TERRESTRE DESAGUADERO","SOYA, torta",55140,"GRANEL","BOLIVIA"
"2742","2022",9,"PUESTO DE CONTROL TERRESTRE DESAGUADERO","SOYA, torta",28040,"GRANEL","BOLIVIA"
"2743","2022",9,"PUESTO DE CONTROL TERRESTRE DESAGUADERO","SOYA, torta",85590,"GRANEL","BOLIVIA"
"2744","2022",9,"PUESTO DE CONTROL TERRESTRE DESAGUADERO","SOYA, torta",84000,"GRANEL","BOLIVIA"
"2745","2022",9,"PUESTO DE CONTROL TERRESTRE DESAGUADERO","SOYA, torta",26107,"SACO(S)","BOLIVIA"
"2746","2022",9,"PUESTO DE CONTROL TERRESTRE DESAGUADERO","SOYA, torta",87310,"GRANEL","BOLIVIA"
"2747","2022",9,"OFICINA PUESTO DE CONTROL MARITIMO - PROV. CONST. DEL CALLAO","MADERA, monturas y mangos de herramientas, monturas y mangos de cepillos, brochas o escobas, de madera; hormas, ensanchadores y tensores del calzado, de madera ; con algún proceso de la CRF 2",184.039,"UNIDADES","EEUU"
"2748","2022",9,"OFICINA PUESTO DE CONTROL MARITIMO - PROV. CONST. DEL CALLAO","MAIZ, almidon",14100,"BOLSAS","COLOMBIA"
"2749","2022",9,"OFICINA PUESTO DE CONTROL MARITIMO - PROV. CONST. DEL CALLAO","PINO, postes de madera con algun proceso de la CRF 2",231081,"PIEZAS","EEUU"
"2750","2022",9,"OFICINA PUESTO DE CONTROL MARITIMO - PROV. CONST. DEL CALLAO","CAUCHO, técnicamente especificado (TSNR)",20160,"PALETAS","COLOMBIA"
"2751","2022",9,"OFICINA PUESTO DE CONTROL MARITIMO - PROV. CONST. DEL CALLAO","TRACTOR USADO, con motor de potencia superior a 33 kW pero inferior o igual a 75 kW",6000,"UNIDADES","CHINA"
"2752","2022",9,"PUERTO DE PAITA , PIURA","ARANDANO, fruto fresco",15120,"CAJA(S)","EEUU"
"2753","2022",9,"PUERTO DE PAITA , PIURA","TURBA",62204.6,"BIG BAG","LETONIA"
"2754","2022",9,"PUERTO DE PAITA , PIURA","TURBA",91357.8,"BIG BAG","LETONIA"
"2755","2022",9,"PUERTO DE PAITA , PIURA","TURBA",62398.6,"BIG BAG","LETONIA"
"2756","2022",9,"PUERTO DE PAITA , PIURA","TURBA",64009.6,"BIG BAG","LETONIA"
"2757","2022",9,"PUERTO DE PAITA , PIURA","TURBA",65744.6,"BIG BAG","LETONIA"
"2758","2022",9,"PUERTO DE PAITA , PIURA","TURBA",64784.6,"BIG BAG","LETONIA"
"2759","2022",9,"OFICINA PUESTO DE CONTROL AEREO -  PROV. CONST. DEL CALLAO","VAINILLA, sin triturar ni pulverizar curado y secado",2.5,"PAQUETES","EEUU"
"2760","2022",9,"PUERTO DE PAITA , PIURA","TURBA",61653.6,"BIG BAG","LETONIA"
"2761","2022",9,"PUERTO DE PAITA , PIURA","TURBA",70085.6,"BIG BAG","LETONIA"
"2762","2022",9,"PUERTO DE PAITA , PIURA","TURBA",254065,"BIG BAG","LETONIA"
"2763","2022",9,"PUERTO DE PAITA , PIURA","TURBA",63762.6,"BIG BAG","LETONIA"
"2764","2022",9,"PUERTO DE PAITA , PIURA","TURBA",86210.8,"BIG BAG","LETONIA"
"2765","2022",9,"OFICINA PUESTO DE CONTROL MARITIMO - PROV. CONST. DEL CALLAO","MARCOS, madera",12.959,"UNIDADES","PANAMA"
"2766","2022",9,"OFICINA PUESTO DE CONTROL MARITIMO - PROV. CONST. DEL CALLAO","MARCOS, madera",15.041,"CAJA(S)","PANAMA"
"2767","2022",9,"OFICINA PUESTO DE CONTROL MARITIMO - PROV. CONST. DEL CALLAO","Articulos para fiestas de navidad que sean o contengan material vegetal
",7.898,"UNIDADES","PANAMA"
"2768","2022",9,"PUERTO DE PAITA , PIURA","TURBA",64931.6,"BIG BAG","LETONIA"
"2769","2022",9,"OFICINA PUESTO DE CONTROL AEREO -  PROV. CONST. DEL CALLAO","PIMIENTO, semilla",16.246,"SOBRES ALUMINIZADOS","HOLANDA"
"2770","2022",9,"PUERTO DE PAITA , PIURA","TURBA",60393.6,"BIG BAG","LETONIA"
"2771","2022",9,"PUERTO DE PAITA , PIURA","TURBA",67191.6,"BIG BAG","LETONIA"
"2772","2022",9,"PUERTO DE PAITA , PIURA","TURBA",64619.6,"BIG BAG","LETONIA"
"2773","2022",9,"OFICINA PUESTO DE CONTROL MARITIMO - PROV. CONST. DEL CALLAO","UVA (PASAS), secas naturalmente",40000,"CAJA(S)","CHILE"
"2774","2022",9,"PUESTO DE CONTROL TERRESTRE DESAGUADERO","SOYA, grano",60000,"SACO(S)","BOLIVIA"
"2775","2022",9,"PUESTO DE CONTROL- CEBAF","ROSA, flores frescas cortadas",5800,"CAJA(S)","ECUADOR"
"2776","2022",9,"PUESTO DE CONTROL- CEBAF","CLAVEL, flores frescas cortadas",600,"CAJA(S)","ECUADOR"
"2777","2022",9,"PUESTO DE CONTROL- CEBAF","LILIUM (=AZUCENA), flores frescas cortadas",50,"CAJA(S)","ECUADOR"
"2778","2022",9,"OFICINA PUESTO DE CONTROL MARITIMO - PROV. CONST. DEL CALLAO","CANELA, corteza entera seca al natural",11800,"CAJA(S)","SRI LANKA"
"2779","2022",9,"PUESTO DE CONTROL TERRESTRE DESAGUADERO","SOYA, grano",58000,"SACO(S)","BOLIVIA"
"2780","2022",9,"OFICINA PUESTO DE CONTROL MARITIMO - PROV. CONST. DEL CALLAO","TURBA",277500,"FARDOS","ESTONIA"
"2781","2022",9,"OFICINA PUESTO DE CONTROL MARITIMO - PROV. CONST. DEL CALLAO","MARCOS, madera",1620,"CAJA(S)","HONG KONG"
"2782","2022",9,"OFICINA PUESTO DE CONTROL MARITIMO - PROV. CONST. DEL CALLAO","Articulos para fiestas de navidad que sean o contengan material vegetal
",133.327,"CAJA(S)","INDIA"
"2783","2022",9,"OFICINA PUESTO DE CONTROL MARITIMO - PROV. CONST. DEL CALLAO","CANELA, corteza entera seca al natural",13930,"CAJA(S)","SRI LANKA"
"2784","2022",9,"PUESTO DE CONTROL TERRESTRE DESAGUADERO","SOYA, grano",60000,"SACO(S)","BOLIVIA"
"2785","2022",9,"PUERTO DE PISCO , ICA","PINO, madera aserrada, con tratamiento de secado al horno o impregnación de sales",241698.2,"PAQUETES","BRASIL"
"2786","2022",9,"OFICINA PUESTO DE CONTROL AEREO -  PROV. CONST. DEL CALLAO","MELON, semilla",0.799165,"SACHETS","HOLANDA"
"2787","2022",9,"OFICINA PUESTO DE CONTROL MARITIMO - PROV. CONST. DEL CALLAO","TRIGO, harina",18517.766,"CAJA(S)","EEUU"
"2788","2022",9,"OFICINA PUESTO DE CONTROL MARITIMO - PROV. CONST. DEL CALLAO","TRIGO, harina",18517.766,"BOLSAS","EEUU"
"2789","2022",9,"OFICINA PUESTO DE CONTROL MARITIMO - PROV. CONST. DEL CALLAO","MANZANA, fruto fresco",19796,"CAJA(S)","CHILE"
"2790","2022",9,"PUESTO DE CONTROL- CEBAF","CAÑA DE GUAYAQUIL, seca al natural",34000,"UNIDADES","ECUADOR"
"2791","2022",9,"IÑAPARI, MADRE DE DIOS","MAIZ AMARILLO DURO, grano",30000,"GRANEL","BRASIL"
"2792","2022",9,"SANTA ROSA, TACNA","LENTEJA, grano",78924,"SACO(S)","CANADA"
"2793","2022",9,"OFICINA PUESTO DE CONTROL MARITIMO - PROV. CONST. DEL CALLAO","LENTEJA, grano",173870,"SACO(S)","CANADA"
"2794","2022",9,"OFICINA PUESTO DE CONTROL MARITIMO - PROV. CONST. DEL CALLAO","AZUCAR BLANCA O REFINADA (lectura polarimetrica mayor 99.5°)",211420,"SACO(S)","GUATEMALA"
"2795","2022",9,"OFICINA PUESTO DE CONTROL AEREO -  PROV. CONST. DEL CALLAO","TOMATE, semilla",0.011,"SACHETS","FRANCIA"
"2796","2022",9,"OFICINA PUESTO DE CONTROL AEREO -  PROV. CONST. DEL CALLAO","COLIFLOR, semilla",0.039,"SACHETS","FRANCIA"
"2797","2022",9,"OFICINA PUESTO DE CONTROL AEREO -  PROV. CONST. DEL CALLAO","LECHUGA, semilla",0.97,"FRASCO(S)","FRANCIA"
"2798","2022",9,"OFICINA PUESTO DE CONTROL AEREO -  PROV. CONST. DEL CALLAO","RABANITO, semilla",0.156,"SACHETS","FRANCIA"
"2799","2022",9,"OFICINA PUESTO DE CONTROL AEREO -  PROV. CONST. DEL CALLAO","ZAPALLITO ITALIANO (CALABACIN), semilla",1.653,"SACHETS","FRANCIA"
"2800","2022",9,"PUERTO DE PAITA , PIURA","LENTEJA, grano",52617,"SACO(S)","CANADA"
"2801","2022",9,"PUESTO DE CONTROL TERRESTRE DESAGUADERO","SOYA, grano",30000,"SACO(S)","BOLIVIA"
"2802","2022",9,"OFICINA PUESTO DE CONTROL AEREO -  PROV. CONST. DEL CALLAO","MELON, semilla",0.362637,"SACHETS","HOLANDA"
"2803","2022",9,"SANTA ROSA, TACNA","MAIZ REVENTON, grano",25000,"BOLSAS","ARGENTINA"
"2804","2022",9,"SANTA ROSA, TACNA","MAIZ REVENTON, grano",25000,"SACO(S)","ARGENTINA"
"2805","2022",9,"PUESTO DE CONTROL TERRESTRE DESAGUADERO","SOYA, torta",25558,"SACO(S)","BOLIVIA"
"2806","2022",9,"PUESTO DE CONTROL TERRESTRE DESAGUADERO","SOYA, torta",84000,"GRANEL","BOLIVIA"
"2807","2022",9,"PUESTO DE CONTROL TERRESTRE DESAGUADERO","SOYA, torta",85890,"GRANEL","BOLIVIA"
"2808","2022",9,"PUESTO DE CONTROL TERRESTRE DESAGUADERO","SOYA, harina",25139,"SACO(S)","BOLIVIA"
"2809","2022",9,"PUESTO DE CONTROL TERRESTRE DESAGUADERO","SOYA, torta",141500,"GRANEL","BOLIVIA"
"2810","2022",9,"PUESTO DE CONTROL TERRESTRE DESAGUADERO","SOYA, grano",84990,"GRANEL","BOLIVIA"
"2811","2022",9,"PUESTO DE CONTROL TERRESTRE DESAGUADERO","SOYA, torta",175000,"SACO(S)","BOLIVIA"
"2812","2022",9,"PUESTO DE CONTROL TERRESTRE DESAGUADERO","SOYA, torta",145000,"SACO(S)","BOLIVIA"
"2813","2022",9,"OFICINA PUESTO DE CONTROL AEREO -  PROV. CONST. DEL CALLAO","ESPARRAGO, semilla",30,"BALDES","CHILE"
"2814","2022",9,"OFICINA PUESTO DE CONTROL AEREO -  PROV. CONST. DEL CALLAO","ESPARRAGO, semilla",9,"LATAS","CHILE"
"2815","2022",9,"OFICINA PUESTO DE CONTROL AEREO -  PROV. CONST. DEL CALLAO","AJI HABANERO, escamas",80,"CAJA(S)","ECUADOR"
"2816","2022",9,"OFICINA PUESTO DE CONTROL MARITIMO - PROV. CONST. DEL CALLAO","CANELA, corteza entera seca al natural",26490,"CAJA(S)","SRI LANKA"
"2817","2022",9,"PUESTO DE CONTROL TERRESTRE DESAGUADERO","SOYA, torta",86000,"GRANEL","BOLIVIA"
"2818","2022",9,"PUESTO DE CONTROL TERRESTRE DESAGUADERO","SOYA, torta",83000,"GRANEL","BOLIVIA"
"2819","2022",9,"PUESTO DE CONTROL TERRESTRE DESAGUADERO","SOYA, harina",171500,"SACO(S)","BOLIVIA"
"2820","2022",9,"OFICINA PUESTO DE CONTROL MARITIMO - PROV. CONST. DEL CALLAO","MEZCLA DE ESPECIAS, molida",8639.889,"CAJA(S)","EEUU"
"2821","2022",9,"PUESTO DE CONTROL TERRESTRE DESAGUADERO","SOYA, harina",113000,"SACO(S)","BOLIVIA"
"2822","2022",9,"PUESTO DE CONTROL TERRESTRE DESAGUADERO","SOYA, grano",28000,"GRANEL","BOLIVIA"
"2823","2022",9,"PUESTO DE CONTROL TERRESTRE DESAGUADERO","SOYA, grano",28500,"GRANEL","BOLIVIA"
"2824","2022",9,"PUESTO DE CONTROL TERRESTRE DESAGUADERO","SOYA, grano",26500,"GRANEL","BOLIVIA"
"2825","2022",9,"PUESTO DE CONTROL TERRESTRE DESAGUADERO","SOYA, grano",27000,"GRANEL","BOLIVIA"
"2826","2022",9,"PUESTO DE CONTROL TERRESTRE DESAGUADERO","SOYA, grano",28500,"GRANEL","BOLIVIA"
"2827","2022",9,"PUESTO DE CONTROL TERRESTRE DESAGUADERO","SOYA, grano",28500,"GRANEL","BOLIVIA"
"2828","2022",9,"PUESTO DE CONTROL TERRESTRE DESAGUADERO","SOYA, grano",28000,"GRANEL","BOLIVIA"
"2829","2022",9,"PUESTO DE CONTROL TERRESTRE DESAGUADERO","SOYA, grano",56500,"GRANEL","BOLIVIA"
"2830","2022",9,"PUESTO DE CONTROL TERRESTRE DESAGUADERO","SOYA, grano",27000,"GRANEL","BOLIVIA"
"2831","2022",9,"OFICINA PUESTO DE CONTROL MARITIMO - PROV. CONST. DEL CALLAO","MANZANA, fruto fresco",19756.8,"CAJA(S)","CHILE"
"2832","2022",9,"OFICINA PUESTO DE CONTROL MARITIMO - PROV. CONST. DEL CALLAO","ALGODON, fibra sin cardar ni peinar (>22.22 mm = o <28.57 mm)",59082,"FARDOS","EEUU"
"2833","2022",9,"PUESTO DE CONTROL TERRESTRE DESAGUADERO","SOYA, harina",58000,"SACO(S)","BOLIVIA"
"2834","2022",9,"PUESTO DE CONTROL TERRESTRE DESAGUADERO","SOYA, harina",87000,"SACO(S)","BOLIVIA"
"2835","2022",9,"PUESTO DE CONTROL TERRESTRE DESAGUADERO","SOYA, torta",56500,"GRANEL","BOLIVIA"
"2836","2022",9,"PUESTO DE CONTROL TERRESTRE DESAGUADERO","SOYA, torta",82000,"GRANEL","BOLIVIA"
"2837","2022",9,"PUESTO DE CONTROL TERRESTRE DESAGUADERO","SOYA, torta",56000,"GRANEL","BOLIVIA"
"2838","2022",9,"PUESTO DE CONTROL TERRESTRE DESAGUADERO","SOYA, torta",58000,"GRANEL","BOLIVIA"
"2839","2022",9,"OFICINA PUESTO DE CONTROL AEREO -  PROV. CONST. DEL CALLAO","ALGODON, fibra sin cardar ni peinar (>34.92 mm)",1.52,"CAJA(S)","EEUU"
"2840","2022",9,"OFICINA PUESTO DE CONTROL MARITIMO - PROV. CONST. DEL CALLAO","ALGODON, fibra sin cardar ni peinar (>28.57 mm = o <34.92 mm)",219190,"FARDOS","EEUU"
"2841","2022",9,"PUESTO DE CONTROL TERRESTRE DESAGUADERO","SOYA, torta",56000,"GRANEL","BOLIVIA"
"2842","2022",9,"PUESTO DE CONTROL TERRESTRE DESAGUADERO","MANI, grano sin cáscara",58000,"SACO(S)","BOLIVIA"
"2843","2022",9,"OFICINA PUESTO DE CONTROL MARITIMO - PROV. CONST. DEL CALLAO","OREJAS DE JUDAS, seco industrial",600,"CAJA(S)","CHINA"
"2844","2022",9,"OFICINA PUESTO DE CONTROL MARITIMO - PROV. CONST. DEL CALLAO","Shitake (Lentinus edodes), secos, incluso los cortados en trozos o en rodajas, trituradas o pulverizadas, sin otra preparación",400,"CAJA(S)","CHINA"
"2845","2022",9,"OFICINA PUESTO DE CONTROL MARITIMO - PROV. CONST. DEL CALLAO","OLLUCO, congelado",750,"CAJA(S)","CHINA"
"2846","2022",9,"OFICINA PUESTO DE CONTROL MARITIMO - PROV. CONST. DEL CALLAO","FRUTA, secas",1200,"CAJA(S)","CHINA"
"2847","2022",9,"OFICINA PUESTO DE CONTROL MARITIMO - PROV. CONST. DEL CALLAO","AJI, polvo",500,"CAJA(S)","CHINA"
"2848","2022",9,"OFICINA PUESTO DE CONTROL MARITIMO - PROV. CONST. DEL CALLAO","LOTO, hoja seca industrial",160,"CAJA(S)","CHINA"
"2849","2022",9,"OFICINA PUESTO DE CONTROL AEREO -  PROV. CONST. DEL CALLAO","AVENA, grano",0.1,"BOLSAS","REINO UNIDO"
"2850","2022",9,"OFICINA PUESTO DE CONTROL AEREO -  PROV. CONST. DEL CALLAO","ZAPALLITO ITALIANO (CALABACIN), semilla",0.6094,"SACHETS","EEUU"
"2851","2022",9,"IÑAPARI, MADRE DE DIOS","MAIZ AMARILLO DURO, grano",32000,"GRANEL","BRASIL"
"2852","2022",9,"IÑAPARI, MADRE DE DIOS","MAIZ AMARILLO DURO, grano",38000,"GRANEL","BRASIL"
"2853","2022",9,"IÑAPARI, MADRE DE DIOS","MAIZ AMARILLO DURO, grano",48000,"GRANEL","BRASIL"
"2854","2022",9,"IÑAPARI, MADRE DE DIOS","MAIZ AMARILLO DURO, grano",32000,"GRANEL","BRASIL"
"2855","2022",9,"PUESTO DE CONTROL TERRESTRE DESAGUADERO","SOYA, torta",56500,"GRANEL","BOLIVIA"
"2856","2022",9,"PUESTO DE CONTROL TERRESTRE DESAGUADERO","SOYA, torta",55000,"GRANEL","BOLIVIA"
"2857","2022",9,"PUESTO DE CONTROL TERRESTRE DESAGUADERO","SOYA, torta",88000,"GRANEL","BOLIVIA"
"2858","2022",9,"PUESTO DE CONTROL TERRESTRE DESAGUADERO","SOYA, torta",57500,"GRANEL","BOLIVIA"
"2859","2022",9,"PUESTO DE CONTROL TERRESTRE DESAGUADERO","MANI, grano sin cáscara",58000,"SACO(S)","BOLIVIA"
"2860","2022",9,"SANTA ROSA, TACNA","MANZANA, fruto fresco",23520,"CAJA(S)","CHILE"
"2861","2022",9,"OFICINA PUESTO DE CONTROL AEREO -  PROV. CONST. DEL CALLAO","CANELA, triturada o pulverizada (molida)",1,"BOLSAS","INDONESIA"
"2862","2022",9,"OFICINA PUESTO DE CONTROL MARITIMO - PROV. CONST. DEL CALLAO","LENTEJA, grano",21857,"SACO(S)","CANADA"
"2863","2022",9,"OFICINA PUESTO DE CONTROL MARITIMO - PROV. CONST. DEL CALLAO","AVENA, grano",4142000,"GRANEL","CHILE"
"2864","2022",9,"OFICINA PUESTO DE CONTROL MARITIMO - PROV. CONST. DEL CALLAO","CHIA, grano",23850,"SACO(S)","PARAGUAY"
"2865","2022",9,"OFICINA PUESTO DE CONTROL MARITIMO - PROV. CONST. DEL CALLAO","MAIZ AMARILLO DURO, grano",3.3e+07,"GRANEL","ARGENTINA"
"2866","2022",9,"OFICINA PUESTO DE CONTROL MARITIMO - PROV. CONST. DEL CALLAO","COCO, fibra (para sustrato)",176000,"BOLSAS","INDIA"
"2867","2022",9,"OFICINA PUESTO DE CONTROL MARITIMO - PROV. CONST. DEL CALLAO","GARBANZO, grano",23000,"SACO(S)","MEXICO"
"2868","2022",9,"SANTA ROSA, TACNA","PERA, fruta fresca",2016,"CAJA(S)","CHILE"
"2869","2022",9,"SANTA ROSA, TACNA","KIWI, fruto fresco",2016,"CAJA(S)","CHILE"
"2870","2022",9,"PUESTO DE CONTROL TERRESTRE DESAGUADERO","SOYA, torta",176000,"SACO(S)","BOLIVIA"
"2871","2022",9,"PUESTO DE CONTROL TERRESTRE DESAGUADERO","SOYA, grano",30000,"SACO(S)","BOLIVIA"
"2872","2022",9,"OFICINA PUESTO DE CONTROL MARITIMO - PROV. CONST. DEL CALLAO","HONGO, polvo",100,"CILINDROS","CHINA"
"2873","2022",9,"OFICINA PUESTO DE CONTROL MARITIMO - PROV. CONST. DEL CALLAO","TE VERDE",100,"CILINDROS","CHINA"
"2874","2022",9,"IÑAPARI, MADRE DE DIOS","AZUCAR BLANCA O REFINADA (lectura polarimetrica mayor 99.5°)",93000,"SACO(S)","BRASIL"
"2875","2022",9,"OFICINA PUESTO DE CONTROL MARITIMO - PROV. CONST. DEL CALLAO","ARROZ, grano pilado",3e+05,"GRANEL","URUGUAY"
"2876","2022",9,"SANTA ROSA, TACNA","MANZANA, fruto fresco",11760,"CAJA(S)","CHILE"
"2877","2022",9,"SANTA ROSA, TACNA","PERA, fruta fresca",7056,"CAJA(S)","CHILE"
"2878","2022",9,"SANTA ROSA, TACNA","KIWI, fruto fresco",5040,"CAJA(S)","CHILE"
"2879","2022",9,"SANTA ROSA, TACNA","MANZANA, fruto fresco",22344,"CAJA(S)","CHILE"
"2880","2022",9,"SANTA ROSA, TACNA","MANZANA, fruto fresco",19600,"CAJA(S)","CHILE"
"2881","2022",9,"SANTA ROSA, TACNA","MANZANA, fruto fresco",15960,"CAJA(S)","CHILE"
"2882","2022",9,"SANTA ROSA, TACNA","KIWI, fruto fresco",4032,"CAJA(S)","CHILE"
"2883","2022",9,"SANTA ROSA, TACNA","PERA, fruta fresca",2286,"CAJA(S)","CHILE"
"2884","2022",9,"OFICINA PUESTO DE CONTROL MARITIMO - PROV. CONST. DEL CALLAO","AZUCAR CRUDA, sólido",175000,"SACO(S)","GUATEMALA"
"2885","2022",9,"OFICINA PUESTO DE CONTROL MARITIMO - PROV. CONST. DEL CALLAO","AZUCAR CRUDA, sólido",175000,"SACO(S)","GUATEMALA"
"2886","2022",9,"OFICINA PUESTO DE CONTROL AEREO -  PROV. CONST. DEL CALLAO","MAIZ, semilla",38.48,"SOBRES","FRANCIA"
"2887","2022",9,"OFICINA PUESTO DE CONTROL MARITIMO - PROV. CONST. DEL CALLAO","TRACTOR USADO, con motor de potencia superior a 33 kW pero inferior o igual a 75 kW",1512.692,"UNIDADES","HOLANDA"
"2888","2022",9,"OFICINA PUESTO DE CONTROL MARITIMO - PROV. CONST. DEL CALLAO","TRACTOR USADO, con motor de potencia superior a 130KW",11597.308,"UNIDADES","HOLANDA"
"2889","2022",9,"OFICINA PUESTO DE CONTROL MARITIMO - PROV. CONST. DEL CALLAO","ALGODON, fibra sin cardar ni peinar (>22.22 mm = o <28.57 mm)",58500,"FARDOS","EEUU"
"2890","2022",9,"OFICINA PUESTO DE CONTROL MARITIMO - PROV. CONST. DEL CALLAO","ALGODON, fibra sin cardar ni peinar (>22.22 mm = o <28.57 mm)",98849,"FARDOS","EEUU"
"2891","2022",9,"PUESTO DE CONTROL TERRESTRE DESAGUADERO","SOYA, torta",118000,"SACO(S)","BOLIVIA"
"2892","2022",9,"PUESTO DE CONTROL TERRESTRE DESAGUADERO","SOYA, torta",145000,"SACO(S)","BOLIVIA"
"2893","2022",9,"SANTA ROSA, TACNA","MANZANA, fruto fresco",23520,"CAJA(S)","CHILE"
"2894","2022",9,"SANTA ROSA, TACNA","CAMOTE, fresco",4590,"SACO(S)","CHILE"
"2895","2022",9,"OFICINA PUESTO DE CONTROL AEREO -  PROV. CONST. DEL CALLAO","COMPLEMENTOS ALIMENTICIOS, mezclas o extractos de plantas",2000,"FRASCO(S)","COLOMBIA"
"2896","2022",9,"SANTA ROSA, TACNA","YUCA (=MANDIOCA), raíz fresca",1330,"SACO(S)","CHILE"
"2897","2022",9,"SANTA ROSA, TACNA","YUCA (=MANDIOCA), raíz fresca",4620,"CAJA(S)","CHILE"
"2898","2022",9,"OFICINA PUESTO DE CONTROL MARITIMO - PROV. CONST. DEL CALLAO","TURBA",91765,"BOLSAS","LETONIA"
"2899","2022",9,"OFICINA PUESTO DE CONTROL MARITIMO - PROV. CONST. DEL CALLAO","TURBA",100395,"BOLSAS","LETONIA"
"2900","2022",9,"OFICINA PUESTO DE CONTROL MARITIMO - PROV. CONST. DEL CALLAO","MAIZ AMARILLO DURO, grano",9201000,"GRANEL","ARGENTINA"
"2901","2022",9,"SANTA ROSA, TACNA","PERA, fruta fresca",23184,"CAJA(S)","CHILE"
"2902","2022",9,"OFICINA PUESTO DE CONTROL AEREO -  PROV. CONST. DEL CALLAO","TE VERDE, hoja polvo",5,"BOLSAS","JAPON"
"2903","2022",9,"OFICINA PUESTO DE CONTROL MARITIMO - PROV. CONST. DEL CALLAO","TRIGO, grano",6678799,"GRANEL","EEUU"
"2904","2022",9,"OFICINA PUESTO DE CONTROL MARITIMO - PROV. CONST. DEL CALLAO","Articulos para fiestas de navidad que sean o contengan material vegetal
",135.66,"UNIDADES","CHINA"
"2905","2022",9,"PUESTO DE CONTROL TERRESTRE DESAGUADERO","SOYA, harina",145000,"SACO(S)","BOLIVIA"
"2906","2022",9,"OFICINA PUESTO DE CONTROL MARITIMO - PROV. CONST. DEL CALLAO","KIWI, fruto fresco",3600,"CAJA(S)","CHILE"
"2907","2022",9,"OFICINA PUESTO DE CONTROL MARITIMO - PROV. CONST. DEL CALLAO","PERA, fruta fresca",6912,"CAJA(S)","CHILE"
"2908","2022",9,"OFICINA PUESTO DE CONTROL MARITIMO - PROV. CONST. DEL CALLAO","MANZANA, fruto fresco",10299.8,"CAJA(S)","CHILE"
"2909","2022",9,"OFICINA PUESTO DE CONTROL MARITIMO - PROV. CONST. DEL CALLAO","MAIZ AMARILLO DURO, grano",3e+06,"GRANEL","ARGENTINA"
"2910","2022",9,"OFICINA PUESTO DE CONTROL MARITIMO - PROV. CONST. DEL CALLAO","AZUCAR CRUDA, sólido",150000,"SACO(S)","GUATEMALA"
"2911","2022",9,"OFICINA PUESTO DE CONTROL MARITIMO - PROV. CONST. DEL CALLAO","AZUCAR BLANCA O REFINADA (lectura polarimetrica mayor 99.5°)",264476,"SACO(S)","COLOMBIA"
"2912","2022",9,"PUESTO DE CONTROL TERRESTRE DESAGUADERO","AZUCAR BLANCA O REFINADA (lectura polarimetrica mayor 99.5°)",57000,"SACO(S)","BOLIVIA"
"2913","2022",9,"OFICINA PUESTO DE CONTROL MARITIMO - PROV. CONST. DEL CALLAO","AZUCAR CRUDA, sólido",250000,"SACO(S)","GUATEMALA"
"2914","2022",9,"PUESTO DE CONTROL TERRESTRE DESAGUADERO","AZUCAR BLANCA O REFINADA (lectura polarimetrica mayor 99.5°)",142500,"SACO(S)","BOLIVIA"
"2915","2022",9,"PUESTO DE CONTROL- CEBAF","CAÑA DE GUAYAQUIL, seca al natural",31000,"UNIDADES","ECUADOR"
"2916","2022",9,"OFICINA PUESTO DE CONTROL MARITIMO - PROV. CONST. DEL CALLAO","CEBOLLA, triturada o pulverizada",299.371,"PAQUETES","EEUU"
"2917","2022",9,"OFICINA PUESTO DE CONTROL MARITIMO - PROV. CONST. DEL CALLAO","AJO, polvo",1184.896,"PAQUETES","EEUU"
"2918","2022",9,"OFICINA PUESTO DE CONTROL MARITIMO - PROV. CONST. DEL CALLAO","AJO CON PEREJIL, molido",52.73,"PAQUETES","EEUU"
"2919","2022",9,"OFICINA PUESTO DE CONTROL MARITIMO - PROV. CONST. DEL CALLAO","ALBAHACA, triturada",20.412,"PAQUETES","EEUU"
"2920","2022",9,"OFICINA PUESTO DE CONTROL MARITIMO - PROV. CONST. DEL CALLAO","CULANTRO, hoja seca industrial",4.082,"PAQUETES","EEUU"
"2921","2022",9,"OFICINA PUESTO DE CONTROL MARITIMO - PROV. CONST. DEL CALLAO","PIMIENTA, mezcla de granos enteros con algún proceso de la CRF 2",357.884,"PAQUETES","EEUU"
"2922","2022",9,"OFICINA PUESTO DE CONTROL MARITIMO - PROV. CONST. DEL CALLAO","PIMIENTA, molida",206.838,"PAQUETES","EEUU"
"2923","2022",9,"OFICINA PUESTO DE CONTROL MARITIMO - PROV. CONST. DEL CALLAO","PIMIENTA, molida",1088.961,"UNIDADES","EEUU"
"2924","2022",9,"OFICINA PUESTO DE CONTROL MARITIMO - PROV. CONST. DEL CALLAO","PIMENTON, polvo",680.388,"PAQUETES","EEUU"
"2925","2022",9,"OFICINA PUESTO DE CONTROL MARITIMO - PROV. CONST. DEL CALLAO","LOS DEMAS FRUTOS, del género Capsicum o pimienta triturados o pulverizados",375.574,"PAQUETES","EEUU"
"2926","2022",9,"OFICINA PUESTO DE CONTROL MARITIMO - PROV. CONST. DEL CALLAO","CANELA, corteza entera secada industrialmente",138.799,"PAQUETES","EEUU"
"2927","2022",9,"OFICINA PUESTO DE CONTROL MARITIMO - PROV. CONST. DEL CALLAO","CANELA, triturada o pulverizada (molida)",1290.016,"PAQUETES","EEUU"
"2928","2022",9,"OFICINA PUESTO DE CONTROL MARITIMO - PROV. CONST. DEL CALLAO","CLAVO DE OLOR, sin triturar ni pulverizar con secado al horno",20.412,"PAQUETES","EEUU"
"2929","2022",9,"OFICINA PUESTO DE CONTROL MARITIMO - PROV. CONST. DEL CALLAO","COMINO, triturado y/o pulverizado",315.7,"PAQUETES","EEUU"
"2930","2022",9,"OFICINA PUESTO DE CONTROL MARITIMO - PROV. CONST. DEL CALLAO","JENJIBRE(=KION), triturado o pulverizado",102.058,"PAQUETES","EEUU"
"2931","2022",9,"OFICINA PUESTO DE CONTROL MARITIMO - PROV. CONST. DEL CALLAO","CURCUMA, en polvo",108.862,"PAQUETES","EEUU"
"2932","2022",9,"OFICINA PUESTO DE CONTROL MARITIMO - PROV. CONST. DEL CALLAO","CURRY, secas industrial o trituradas o molidas",538.867,"PAQUETES","EEUU"
"2933","2022",9,"OFICINA PUESTO DE CONTROL MARITIMO - PROV. CONST. DEL CALLAO","LAS DEMAS, especias con algún proceso de la CRF 2",108.862,"PAQUETES","EEUU"
"2934","2022",9,"OFICINA PUESTO DE CONTROL MARITIMO - PROV. CONST. DEL CALLAO","TOMILLO, hoja seca industrial",117.027,"PAQUETES","EEUU"
"2935","2022",9,"OFICINA PUESTO DE CONTROL MARITIMO - PROV. CONST. DEL CALLAO","AJONJOLI, grano con algún proceso de la CRF 2",24.494,"PAQUETES","EEUU"
"2936","2022",9,"OFICINA PUESTO DE CONTROL MARITIMO - PROV. CONST. DEL CALLAO","AJONJOLI, grano con algún proceso de la CRF 2",52.7301,"UNIDADES","EEUU"
"2937","2022",9,"OFICINA PUESTO DE CONTROL MARITIMO - PROV. CONST. DEL CALLAO","OREGANO, con algún con proceso de CRF 2",83.007,"PAQUETES","EEUU"
"2938","2022",9,"OFICINA PUESTO DE CONTROL MARITIMO - PROV. CONST. DEL CALLAO","OREGANO, polvo",16.329,"PAQUETES","EEUU"
"2939","2022",9,"OFICINA PUESTO DE CONTROL MARITIMO - PROV. CONST. DEL CALLAO","ROMERO, secado industrial",40.823,"PAQUETES","EEUU"
"2940","2022",9,"OFICINA PUESTO DE CONTROL MARITIMO - PROV. CONST. DEL CALLAO","ACHIOTE, molido",74.843,"PAQUETES","EEUU"
"2941","2022",9,"OFICINA PUESTO DE CONTROL MARITIMO - PROV. CONST. DEL CALLAO","ACHIOTE, grano con algún proceso de la CRF 2",16.329,"PAQUETES","EEUU"
"2942","2022",9,"OFICINA PUESTO DE CONTROL MARITIMO - PROV. CONST. DEL CALLAO","COCO, fibra (para sustrato)",17640,"PALETAS","SRI LANKA"
"2943","2022",9,"OFICINA PUESTO DE CONTROL MARITIMO - PROV. CONST. DEL CALLAO","COCO, fibra (para sustrato)",6798,"PAQUETES","SRI LANKA"
"2944","2022",9,"OFICINA PUESTO DE CONTROL MARITIMO - PROV. CONST. DEL CALLAO","MAIZ AMARILLO DURO, grano",34520000,"GRANEL","ARGENTINA"
"2945","2022",9,"OFICINA PUESTO DE CONTROL AEREO -  PROV. CONST. DEL CALLAO","MELON, semilla",81.245,"SACHETS","HOLANDA"
"2946","2022",9,"PUESTO DE CONTROL TERRESTRE DESAGUADERO","SOYA, grano",27500,"GRANEL","BOLIVIA"
"2947","2022",9,"PUESTO DE CONTROL TERRESTRE DESAGUADERO","SOYA, grano",50000,"GRANEL","BOLIVIA"
"2948","2022",9,"PUESTO DE CONTROL TERRESTRE DESAGUADERO","SOYA, grano",46000,"GRANEL","BOLIVIA"
"2949","2022",9,"PUESTO DE CONTROL TERRESTRE DESAGUADERO","SOYA, grano",26000,"GRANEL","BOLIVIA"
"2950","2022",9,"PUESTO DE CONTROL- CEBAF","ARROZ, grano pilado",64000,"SACO(S)","ECUADOR"
"2951","2022",9,"OFICINA PUESTO DE CONTROL MARITIMO - PROV. CONST. DEL CALLAO","AZUCAR BLANCA O REFINADA (lectura polarimetrica mayor 99.5°)",265000,"SACO(S)","EL SALVADOR"
"2952","2022",9,"OFICINA PUESTO DE CONTROL MARITIMO - PROV. CONST. DEL CALLAO","AZUCAR CRUDA, sólido",250000,"SACO(S)","EL SALVADOR"
"2953","2022",9,"OFICINA PUESTO DE CONTROL MARITIMO - PROV. CONST. DEL CALLAO","PERA, fruta fresca",22680,"CAJA(S)","ARGENTINA"
"2954","2022",9,"OFICINA PUESTO DE CONTROL MARITIMO - PROV. CONST. DEL CALLAO","PERA, fruta fresca",23940,"CAJA(S)","ARGENTINA"
"2955","2022",9,"OFICINA PUESTO DE CONTROL MARITIMO - PROV. CONST. DEL CALLAO","AZUCAR BLANCA O REFINADA (lectura polarimetrica mayor 99.5°)",26500,"SACO(S)","GUATEMALA"
"2956","2022",9,"OFICINA PUESTO DE CONTROL MARITIMO - PROV. CONST. DEL CALLAO","Articulos para fiestas de navidad que sean o contengan material vegetal
",444.844,"CAJA(S)","EL SALVADOR"
"2957","2022",9,"OFICINA PUESTO DE CONTROL MARITIMO - PROV. CONST. DEL CALLAO","Los demas articulos para fiesta, carnaval u otras diversiones, incluidos los de magia y articulos sorpresa que sean o contengan material vegetal
",3.743,"CAJA(S)","EL SALVADOR"
"2958","2022",9,"OFICINA PUESTO DE CONTROL MARITIMO - PROV. CONST. DEL CALLAO","MARCOS, madera",106.626,"CAJA(S)","EL SALVADOR"
"2959","2022",9,"OFICINA PUESTO DE CONTROL MARITIMO - PROV. CONST. DEL CALLAO","Los demas articulos para fiesta, carnaval u otras diversiones, incluidos los de magia y articulos sorpresa que sean o contengan material vegetal
",103.876,"CAJA(S)","EL SALVADOR"
"2960","2022",9,"OFICINA PUESTO DE CONTROL MARITIMO - PROV. CONST. DEL CALLAO","MARCOS, madera",289.549,"CAJA(S)","EL SALVADOR"
"2961","2022",9,"OFICINA PUESTO DE CONTROL MARITIMO - PROV. CONST. DEL CALLAO","MATERIA VEGETAL, trenzas, materia trenzable incluso ensamblados en tiras tejidos o paralelizados en forma plana con algún proceso de la CRF 2",82.458,"CAJA(S)","EL SALVADOR"
"2962","2022",9,"OFICINA PUESTO DE CONTROL MARITIMO - PROV. CONST. DEL CALLAO","BAMBU, artículos de cestería obtenidos directamente en su forma con materia trenzable con algún proceso de la CRF 2",201.774,"CAJA(S)","EL SALVADOR"
"2963","2022",9,"OFICINA PUESTO DE CONTROL MARITIMO - PROV. CONST. DEL CALLAO","Articulos para fiestas de navidad que sean o contengan material vegetal
",15.14,"CAJA(S)","EL SALVADOR"
"2964","2022",9,"OFICINA PUESTO DE CONTROL MARITIMO - PROV. CONST. DEL CALLAO","YUTE, tejido o de las demas fibras textiles con algun proceso de CRF2",33.392,"CAJA(S)","EL SALVADOR"
"2965","2022",9,"OFICINA PUESTO DE CONTROL MARITIMO - PROV. CONST. DEL CALLAO","Articulos para fiestas de navidad que sean o contengan material vegetal
",59.147,"CAJA(S)","EL SALVADOR"
"2966","2022",9,"OFICINA PUESTO DE CONTROL MARITIMO - PROV. CONST. DEL CALLAO","BAMBU, artículos de cestería obtenidos directamente en su forma con materia trenzable con algún proceso de la CRF 2",313.687,"CAJA(S)","EL SALVADOR"
"2967","2022",9,"OFICINA PUESTO DE CONTROL MARITIMO - PROV. CONST. DEL CALLAO","Articulos para fiestas de navidad que sean o contengan material vegetal
",74.906,"CAJA(S)","EL SALVADOR"
"2968","2022",9,"OFICINA PUESTO DE CONTROL MARITIMO - PROV. CONST. DEL CALLAO","MARCOS, madera",130.808,"CAJA(S)","EL SALVADOR"
"2969","2022",9,"OFICINA PUESTO DE CONTROL MARITIMO - PROV. CONST. DEL CALLAO","Articulos para fiestas de navidad que sean o contengan material vegetal
",25.951,"CAJA(S)","EL SALVADOR"
"2970","2022",9,"PUESTO DE CONTROL TERRESTRE DESAGUADERO","SOYA, torta",112000,"GRANEL","BOLIVIA"
"2971","2022",9,"PUESTO DE CONTROL TERRESTRE DESAGUADERO","SOYA, torta",140000,"GRANEL","BOLIVIA"
"2972","2022",9,"OFICINA PUESTO DE CONTROL MARITIMO - PROV. CONST. DEL CALLAO","AZUCAR BLANCA O REFINADA (lectura polarimetrica mayor 99.5°)",106000,"SACO(S)","GUATEMALA"
"2973","2022",9,"PUESTO DE CONTROL TERRESTRE DESAGUADERO","SOYA, torta",56000,"GRANEL","BOLIVIA"
"2974","2022",9,"PUESTO DE CONTROL TERRESTRE DESAGUADERO","SOYA, torta",56500,"GRANEL","BOLIVIA"
"2975","2022",9,"PUESTO DE CONTROL TERRESTRE DESAGUADERO","SOYA, torta",115500,"GRANEL","BOLIVIA"
"2976","2022",9,"PUESTO DE CONTROL TERRESTRE DESAGUADERO","SOYA, torta",112700,"GRANEL","BOLIVIA"
"2977","2022",9,"PUESTO DE CONTROL TERRESTRE DESAGUADERO","SOYA, grano",57060,"GRANEL","BOLIVIA"
"2978","2022",9,"PUESTO DE CONTROL TERRESTRE DESAGUADERO","SOYA, grano",55140,"GRANEL","BOLIVIA"
"2979","2022",9,"PUESTO DE CONTROL TERRESTRE DESAGUADERO","SOYA, torta",111350,"GRANEL","BOLIVIA"
"2980","2022",9,"PUESTO DE CONTROL TERRESTRE DESAGUADERO","SOYA, torta",112580,"GRANEL","BOLIVIA"
"2981","2022",9,"PUESTO DE CONTROL TERRESTRE DESAGUADERO","SOYA, torta",24699,"SACO(S)","BOLIVIA"
"2982","2022",9,"PUESTO DE CONTROL TERRESTRE DESAGUADERO","SOYA, torta",56220,"GRANEL","BOLIVIA"
"2983","2022",9,"PUESTO DE CONTROL TERRESTRE DESAGUADERO","SOYA, torta",86660,"GRANEL","BOLIVIA"
"2984","2022",9,"PUESTO DE CONTROL TERRESTRE DESAGUADERO","SOYA, torta",142410,"GRANEL","BOLIVIA"
"2985","2022",9,"PUESTO DE CONTROL TERRESTRE DESAGUADERO","SOYA, torta",27630,"GRANEL","BOLIVIA"
"2986","2022",9,"PUESTO DE CONTROL TERRESTRE DESAGUADERO","SOYA, torta",85890,"GRANEL","BOLIVIA"
"2987","2022",9,"OFICINA PUESTO DE CONTROL MARITIMO - PROV. CONST. DEL CALLAO","FREJOL CANARIO, grano",23000,"SACO(S)","MEXICO"
"2988","2022",9,"PUESTO DE CONTROL- CEBAF","Las demás coniferas, las demas maderas aserradas o desbastadas longitudinalmente, cortada o desenrollada, incluso cepillada,lijada o unida por lo extremos, de espesor superior a 6 mm, con algun tratamiento de la CRF 2",50400,"PIEZAS","ECUADOR"
"2989","2022",9,"PUESTO DE CONTROL TERRESTRE DESAGUADERO","CHIA, grano",25000,"SACO(S)","PARAGUAY"
"2990","2022",9,"PUESTO DE CONTROL TERRESTRE DESAGUADERO","MANI, grano sin cáscara",30000,"SACO(S)","BOLIVIA"
"2991","2022",9,"SANTA ROSA, TACNA","MANZANA, fruto fresco",18280,"CAJA(S)","CHILE"
"2992","2022",9,"SANTA ROSA, TACNA","PERA, fruta fresca",5364,"CAJA(S)","CHILE"
"2993","2022",9,"PUESTO DE CONTROL TERRESTRE DESAGUADERO","MANI, grano sin cáscara",30000,"SACO(S)","BOLIVIA"
"2994","2022",9,"SANTA ROSA, TACNA","MANZANA, fruto fresco",23520,"CAJA(S)","CHILE"
"2995","2022",9,"OFICINA PUESTO DE CONTROL MARITIMO - PROV. CONST. DEL CALLAO","ALGODON, fibra sin cardar ni peinar (>22.22 mm = o <28.57 mm)",326730,"FARDOS","EEUU"
"2996","2022",9,"SANTA ROSA, TACNA","MANZANA, fruto fresco",23010.4,"CAJA(S)","CHILE"
"2997","2022",9,"OFICINA PUESTO DE CONTROL MARITIMO - PROV. CONST. DEL CALLAO","PINO, madera aserrada con algún proceso de la CRF2",22659,"PAQUETES","CHILE"
"2998","2022",9,"SANTA ROSA, TACNA","KIWI, fruto fresco",2766,"CAJA(S)","CHILE"
"2999","2022",9,"SANTA ROSA, TACNA","MANZANA, fruto fresco",15190,"CAJA(S)","CHILE"
"3000","2022",9,"SANTA ROSA, TACNA","PERA, fruta fresca",7866,"CAJA(S)","CHILE"
"3001","2022",9,"OFICINA PUESTO DE CONTROL MARITIMO - PROV. CONST. DEL CALLAO","ARROZ, grano pilado",375000,"SACO(S)","URUGUAY"
"3002","2022",9,"SANTA ROSA, TACNA","PERA, fruta fresca",20160,"CAJA(S)","CHILE"
"3003","2022",9,"OFICINA PUESTO DE CONTROL AEREO -  PROV. CONST. DEL CALLAO","CEBADA, semilla",11.6,"CAJA(S)","LIBANO"
"3004","2022",9,"OFICINA PUESTO DE CONTROL MARITIMO - PROV. CONST. DEL CALLAO","MANZANA, fruto fresco",1862,"CAJA(S)","ARGENTINA"
"3005","2022",9,"OFICINA PUESTO DE CONTROL MARITIMO - PROV. CONST. DEL CALLAO","PERA, fruta fresca",21546,"CAJA(S)","ARGENTINA"
"3006","2022",9,"IÑAPARI, MADRE DE DIOS","MAIZ AMARILLO DURO, grano",32000,"GRANEL","BRASIL"
"3007","2022",9,"OFICINA PUESTO DE CONTROL MARITIMO - PROV. CONST. DEL CALLAO","PERA, fruta fresca",22680,"CAJA(S)","ARGENTINA"
"3008","2022",9,"OFICINA PUESTO DE CONTROL MARITIMO - PROV. CONST. DEL CALLAO","AZUCAR BLANCA O REFINADA (lectura polarimetrica mayor 99.5°)",140000,"BIG BAG","COLOMBIA"
"3009","2022",9,"OFICINA PUESTO DE CONTROL MARITIMO - PROV. CONST. DEL CALLAO","PERA, fruta fresca",22680,"CAJA(S)","ARGENTINA"
"3010","2022",9,"OFICINA PUESTO DE CONTROL MARITIMO - PROV. CONST. DEL CALLAO","AZUCARES, los demas",49700,"SACO(S)","COLOMBIA"
"3011","2022",9,"OFICINA PUESTO DE CONTROL MARITIMO - PROV. CONST. DEL CALLAO","PERA, fruta fresca",22932,"CAJA(S)","ARGENTINA"
"3012","2022",9,"OFICINA PUESTO DE CONTROL MARITIMO - PROV. CONST. DEL CALLAO","PERA, fruta fresca",47628,"CAJA(S)","ARGENTINA"
"3013","2022",9,"PUESTO DE CONTROL TERRESTRE DESAGUADERO","AZUCAR BLANCA O REFINADA (lectura polarimetrica mayor 99.5°)",19000,"SACO(S)","BOLIVIA"
"3014","2022",9,"OFICINA PUESTO DE CONTROL MARITIMO - PROV. CONST. DEL CALLAO","PERA, fruta fresca",24210.9,"CAJA(S)","ARGENTINA"
"3015","2022",9,"PUESTO DE CONTROL TERRESTRE DESAGUADERO","SOYA, torta",112000,"GRANEL","BOLIVIA"
"3016","2022",9,"PUESTO DE CONTROL TERRESTRE DESAGUADERO","SOYA, torta",84000,"GRANEL","BOLIVIA"
"3017","2022",9,"PUESTO DE CONTROL TERRESTRE DESAGUADERO","AZUCAR BLANCA O REFINADA (lectura polarimetrica mayor 99.5°)",68500,"SACO(S)","BOLIVIA"
"3018","2022",9,"OFICINA PUESTO DE CONTROL MARITIMO - PROV. CONST. DEL CALLAO","PERA, fruta fresca",22680,"CAJA(S)","ARGENTINA"
"3019","2022",9,"SANTA ROSA, TACNA","MANZANA, fruto fresco",23520,"CAJA(S)","CHILE"
"3020","2022",9,"OFICINA PUESTO DE CONTROL MARITIMO - PROV. CONST. DEL CALLAO","TREBOL BLANCO, semilla",24000,"SACO(S)","HOLANDA"
"3021","2022",9,"SANTA ROSA, TACNA","MANZANA, fruto fresco",20580,"CAJA(S)","CHILE"
"3022","2022",9,"SANTA ROSA, TACNA","PERA, fruta fresca",2646,"CAJA(S)","CHILE"
"3023","2022",9,"SANTA ROSA, TACNA","MANZANA, fruto fresco",22540,"CAJA(S)","CHILE"
"3024","2022",9,"SANTA ROSA, TACNA","MANZANA, fruto fresco",19600,"CAJA(S)","CHILE"
"3025","2022",9,"SANTA ROSA, TACNA","PERA, fruta fresca",2646,"CAJA(S)","CHILE"
"3026","2022",9,"PUESTO DE CONTROL TERRESTRE DESAGUADERO","SOYA, torta",145000,"SACO(S)","BOLIVIA"
"3027","2022",9,"SANTA ROSA, TACNA","KIWI, fruto fresco",2016,"CAJA(S)","CHILE"
"3028","2022",9,"SANTA ROSA, TACNA","MANZANA, fruto fresco",20580,"CAJA(S)","CHILE"
"3029","2022",9,"SANTA ROSA, TACNA","MANZANA, fruto fresco",23520,"CAJA(S)","CHILE"
"3030","2022",9,"OFICINA PUESTO DE CONTROL MARITIMO - PROV. CONST. DEL CALLAO","ALGODON, fibra sin cardar ni peinar (>22.22 mm = o <28.57 mm)",193730,"FARDOS","EEUU"
"3031","2022",9,"OFICINA PUESTO DE CONTROL AEREO -  PROV. CONST. DEL CALLAO","CULANTRO, semilla",1.5,"SACHETS","HOLANDA"
"3032","2022",9,"OFICINA PUESTO DE CONTROL AEREO -  PROV. CONST. DEL CALLAO","PORO, semilla",0.044,"SACHETS","HOLANDA"
"3033","2022",9,"OFICINA PUESTO DE CONTROL AEREO -  PROV. CONST. DEL CALLAO","APIO, semilla",0.143,"SACHETS","HOLANDA"
"3034","2022",9,"OFICINA PUESTO DE CONTROL AEREO -  PROV. CONST. DEL CALLAO","BETARRAGA, semilla",0.091,"SACHETS","HOLANDA"
"3035","2022",9,"OFICINA PUESTO DE CONTROL AEREO -  PROV. CONST. DEL CALLAO","RABANITO, semilla",0.25,"SACHETS","HOLANDA"
"3036","2022",9,"PUESTO DE CONTROL TERRESTRE DESAGUADERO","SOYA, harina",58000,"SACO(S)","BOLIVIA"
"3037","2022",9,"SANTA ROSA, TACNA","MANZANA, fruto fresco",22340,"CAJA(S)","CHILE"
"3038","2022",9,"OFICINA PUESTO DE CONTROL MARITIMO - PROV. CONST. DEL CALLAO","COCO, fibra (para sustrato)",240450,"PALETAS","INDIA"
"3039","2022",9,"SANTA ROSA, TACNA","MANZANA, fruto fresco",11760,"CAJA(S)","CHILE"
"3040","2022",9,"SANTA ROSA, TACNA","PERA, fruta fresca",12367.5,"CAJA(S)","CHILE"
"3041","2022",9,"OFICINA PUESTO DE CONTROL MARITIMO - PROV. CONST. DEL CALLAO","UVA (PASAS), secas naturalmente",24500,"CAJA(S)","ARGENTINA"
"3042","2022",9,"OFICINA PUESTO DE CONTROL MARITIMO - PROV. CONST. DEL CALLAO","ALFALFA, semilla",17500,"BOLSAS","EEUU"
"3043","2022",9,"OFICINA PUESTO DE CONTROL MARITIMO - PROV. CONST. DEL CALLAO","AZUCAR BLANCA O REFINADA (lectura polarimetrica mayor 99.5°)",132500,"SACO(S)","COLOMBIA"
"3044","2022",9,"OFICINA PUESTO DE CONTROL MARITIMO - PROV. CONST. DEL CALLAO","PERA, fruta fresca",23814,"CAJA(S)","ARGENTINA"
"3045","2022",9,"OFICINA PUESTO DE CONTROL MARITIMO - PROV. CONST. DEL CALLAO","GARBANZO, grano",69000,"SACO(S)","MEXICO"
"3046","2022",9,"OFICINA PUESTO DE CONTROL MARITIMO - PROV. CONST. DEL CALLAO","TRACTOR USADO, con motor de potencia superior a 130KW",15180,"UNIDADES","CHINA"
"3047","2022",9,"SANTA ROSA, TACNA","LENTEJA, grano",26263,"SACO(S)","CANADA"
"3048","2022",9,"PUESTO DE CONTROL TERRESTRE DESAGUADERO","SOYA, torta",203000,"SACO(S)","BOLIVIA"
"3049","2022",9,"PUESTO DE CONTROL TERRESTRE DESAGUADERO","SOYA, torta",146500,"SACO(S)","BOLIVIA"
"3050","2022",9,"OFICINA PUESTO DE CONTROL MARITIMO - PROV. CONST. DEL CALLAO","TRIGO, grano",13300000,"GRANEL","EEUU"
"3051","2022",9,"OFICINA PUESTO DE CONTROL MARITIMO - PROV. CONST. DEL CALLAO","PERA, fruta fresca",95697,"CAJA(S)","ARGENTINA"
"3052","2022",9,"SANTA ROSA, TACNA","ZAPALLO (=CALABAZA), fresco",28000,"UNIDADES","CHILE"
"3053","2022",9,"PUESTO DE CONTROL- CEBAF","CAÑA DE GUAYAQUIL, seca al natural",34000,"UNIDADES","ECUADOR"
"3054","2022",9,"PUESTO DE CONTROL TERRESTRE DESAGUADERO","SOYA, torta",56000,"GRANEL","BOLIVIA"
"3055","2022",9,"OFICINA PUESTO DE CONTROL MARITIMO - PROV. CONST. DEL CALLAO","AVENA, grano mondado, perlado, troceado o quebrantado",1e+05,"SACO(S)","CHILE"
"3056","2022",9,"OFICINA PUESTO DE CONTROL MARITIMO - PROV. CONST. DEL CALLAO","CANELA, corteza entera seca al natural",14560,"CAJA(S)","SRI LANKA"
"3057","2022",9,"PUESTO DE CONTROL TERRESTRE DESAGUADERO","SOYA, torta",58000,"GRANEL","BOLIVIA"
"3058","2022",9,"PUESTO DE CONTROL TERRESTRE DESAGUADERO","SOYA, torta",55520,"GRANEL","BOLIVIA"
"3059","2022",9,"OFICINA PUESTO DE CONTROL MARITIMO - PROV. CONST. DEL CALLAO","TRIGO, grano",2e+06,"GRANEL","EEUU"
"3060","2022",9,"OFICINA PUESTO DE CONTROL MARITIMO - PROV. CONST. DEL CALLAO","ROTEN (=Ratán), artículos de cestería obtenidos directamente en su forma con materia trenzable con algún proceso de la CRF2",3039.242,"CAJA(S)","CHINA"
"3061","2022",9,"OFICINA PUESTO DE CONTROL AEREO -  PROV. CONST. DEL CALLAO","LUPULO, pellets",75.47,"CAJA(S)","EEUU"
"3062","2022",9,"OFICINA PUESTO DE CONTROL MARITIMO - PROV. CONST. DEL CALLAO","LENTEJA, grano",24721,"SACO(S)","CANADA"
"3063","2022",9,"OFICINA PUESTO DE CONTROL MARITIMO - PROV. CONST. DEL CALLAO","TRIGO, gluten",21000,"SACO(S)","LITUANIA"
"3064","2022",9,"OFICINA PUESTO DE CONTROL MARITIMO - PROV. CONST. DEL CALLAO","AVENA, grano mondado, perlado, troceado o quebrantado",25000,"SACO(S)","CHILE"
"3065","2022",9,"PUESTO DE CONTROL TERRESTRE DESAGUADERO","SOYA, torta",29000,"GRANEL","BOLIVIA"
"3066","2022",9,"PUESTO DE CONTROL TERRESTRE DESAGUADERO","SOYA, torta",55650,"GRANEL","BOLIVIA"
"3067","2022",9,"PUESTO DE CONTROL TERRESTRE DESAGUADERO","SOYA, torta",56100,"GRANEL","BOLIVIA"
"3068","2022",9,"PUESTO DE CONTROL TERRESTRE DESAGUADERO","SOYA, torta",115000,"SACO(S)","BOLIVIA"
"3069","2022",9,"OFICINA PUESTO DE CONTROL MARITIMO - PROV. CONST. DEL CALLAO","TRIGO, harina",10287.648,"BOLSAS","EEUU"
"3070","2022",9,"OFICINA PUESTO DE CONTROL MARITIMO - PROV. CONST. DEL CALLAO","MAIZ, harina",340.2,"BOLSAS","EEUU"
"3071","2022",9,"OFICINA PUESTO DE CONTROL MARITIMO - PROV. CONST. DEL CALLAO","PINO, postes de madera con algun proceso de la CRF 2",101787.9,"UNIDADES","CHILE"
"3072","2022",9,"OFICINA PUESTO DE CONTROL MARITIMO - PROV. CONST. DEL CALLAO","ALGODON, fibra sin cardar ni peinar (>28.57 mm = o <34.92 mm)",19470,"FARDOS","EEUU"
"3073","2022",9,"PUESTO DE CONTROL TERRESTRE DESAGUADERO","SOYA, torta",115500,"SACO(S)","BOLIVIA"
"3074","2022",9,"PUESTO DE CONTROL TERRESTRE DESAGUADERO","SOYA, torta",113820,"SACO(S)","BOLIVIA"
"3075","2022",9,"OFICINA PUESTO DE CONTROL AEREO -  PROV. CONST. DEL CALLAO","TOMATE, semilla",0.08,"LATAS","HOLANDA"
"3076","2022",9,"OFICINA PUESTO DE CONTROL AEREO -  PROV. CONST. DEL CALLAO","ARANDANO, planta",1786.5,"CAJA(S)","CHILE"
"3077","2022",9,"OFICINA PUESTO DE CONTROL MARITIMO - PROV. CONST. DEL CALLAO","BAMBU, artículos de cestería obtenidos directamente en su forma con materia trenzable con algún proceso de la CRF 2",122.4,"CAJA(S)","EL SALVADOR"
"3078","2022",9,"PUESTO DE CONTROL TERRESTRE DESAGUADERO","SOYA, torta",56000,"GRANEL","BOLIVIA"
"3079","2022",9,"PUESTO DE CONTROL TERRESTRE DESAGUADERO","SOYA, torta",84000,"GRANEL","BOLIVIA"
"3080","2022",9,"PUESTO DE CONTROL TERRESTRE DESAGUADERO","SOYA, torta",84000,"GRANEL","BOLIVIA"
"3081","2022",9,"PUESTO DE CONTROL TERRESTRE DESAGUADERO","SOYA, torta",56000,"GRANEL","BOLIVIA"
"3082","2022",9,"PUESTO DE CONTROL TERRESTRE DESAGUADERO","SOYA, torta",55980,"GRANEL","BOLIVIA"
"3083","2022",9,"PUESTO DE CONTROL TERRESTRE DESAGUADERO","SOYA, torta",84000,"GRANEL","BOLIVIA"
