"","Año","Mes","Sede","Producto","Peso.Kg.","Tipo.de.Envase","Pais.Origen"
"6723","2022",4,"OFICINA PUESTO DE CONTROL AEREO -  PROV. CONST. DEL CALLAO","BERENJENA, semilla",0.236,"SACHETS","HOLANDA"
"6724","2022",4,"OFICINA PUESTO DE CONTROL AEREO -  PROV. CONST. DEL CALLAO","SANDIA, semilla",1.648,"SACHETS","EEUU"
"6725","2022",4,"OFICINA PUESTO DE CONTROL AEREO -  PROV. CONST. DEL CALLAO","MELON, semilla",0.814,"SACHETS","HOLANDA"
"6726","2022",4,"OFICINA PUESTO DE CONTROL AEREO -  PROV. CONST. DEL CALLAO","SANDIA, semilla",33.925,"SACHETS","EEUU"
"6727","2022",4,"OFICINA PUESTO DE CONTROL MARITIMO - PROV. CONST. DEL CALLAO","TURBA",25340,"BIG BAG","SUECIA"
"6728","2022",4,"PUESTO DE CONTROL TERRESTRE DESAGUADERO","SOYA, torta",86500,"SACO(S)","BOLIVIA"
"6729","2022",4,"SANTA ROSA, TACNA","MANZANA, fruto fresco",22344,"CAJA(S)","CHILE"
"6730","2022",4,"SANTA ROSA, TACNA","MANZANA, fruto fresco",23324,"CAJA(S)","CHILE"
"6731","2022",4,"PUESTO DE CONTROL TERRESTRE DESAGUADERO","SOYA, torta",83950,"GRANEL","BOLIVIA"
"6732","2022",4,"SANTA ROSA, TACNA","PERA, fruta fresca",6048,"CAJA(S)","CHILE"
"6733","2022",4,"SANTA ROSA, TACNA","MANZANA, fruto fresco",17640,"CAJA(S)","CHILE"
"6734","2022",4,"SANTA ROSA, TACNA","PERA, fruta fresca",21024,"CAJA(S)","CHILE"
"6735","2022",4,"OFICINA PUESTO DE CONTROL MARITIMO - PROV. CONST. DEL CALLAO","MAIZ REVENTON, grano",104000,"SACO(S)","ARGENTINA"
"6736","2022",4,"SANTA ROSA, TACNA","PERA, fruta fresca",2016,"CAJA(S)","CHILE"
"6737","2022",4,"SANTA ROSA, TACNA","MANZANA, fruto fresco",21560,"CAJA(S)","CHILE"
"6738","2022",4,"OFICINA PUESTO DE CONTROL MARITIMO - PROV. CONST. DEL CALLAO","MAIZ, harina",180000,"SACO(S)","MEXICO"
"6739","2022",4,"OFICINA PUESTO DE CONTROL MARITIMO - PROV. CONST. DEL CALLAO","PERA, fruta fresca",23040,"CAJA(S)","CHILE"
"6740","2022",4,"OFICINA PUESTO DE CONTROL MARITIMO - PROV. CONST. DEL CALLAO","NARANJA, fruto fresco",18468,"CAJA(S)","EEUU"
"6741","2022",4,"PUESTO DE CONTROL TERRESTRE DESAGUADERO","SOYA, torta",76500,"SACO(S)","BOLIVIA"
"6742","2022",4,"OFICINA PUESTO DE CONTROL MARITIMO - PROV. CONST. DEL CALLAO","CANELA, corteza entera seca al natural",12000,"SACO(S)","SRI LANKA"
"6743","2022",4,"PUESTO DE CONTROL TERRESTRE DESAGUADERO","SOYA, grano",30000,"SACO(S)","BOLIVIA"
"6744","2022",4,"OFICINA PUESTO DE CONTROL MARITIMO - PROV. CONST. DEL CALLAO","MANZANA, fruto fresco",19894,"CAJA(S)","CHILE"
"6745","2022",4,"OFICINA PUESTO DE CONTROL MARITIMO - PROV. CONST. DEL CALLAO","CIRUELA, fruto fresco",16800,"CAJA(S)","CHILE"
"6746","2022",4,"OFICINA PUESTO DE CONTROL MARITIMO - PROV. CONST. DEL CALLAO","PERA, fruta fresca",22050,"CAJA(S)","ARGENTINA"
"6747","2022",4,"PUESTO DE CONTROL TERRESTRE DESAGUADERO","SOYA, torta",56000,"GRANEL","BOLIVIA"
"6748","2022",4,"OFICINA PUESTO DE CONTROL MARITIMO - PROV. CONST. DEL CALLAO","ALPISTE (=PHALARIS), grano",48988,"SACO(S)","CANADA"
"6749","2022",4,"PUESTO DE CONTROL TERRESTRE DESAGUADERO","SOYA, torta",83500,"GRANEL","BOLIVIA"
"6750","2022",4,"OFICINA PUESTO DE CONTROL MARITIMO - PROV. CONST. DEL CALLAO","TURBA",126500,"FARDOS","LETONIA"
"6751","2022",4,"OFICINA PUESTO DE CONTROL MARITIMO - PROV. CONST. DEL CALLAO","TURBA",151555,"FARDOS","LETONIA"
"6752","2022",4,"SANTA ROSA, TACNA","MANZANA, fruto fresco",23520,"CAJA(S)","CHILE"
"6753","2022",4,"SANTA ROSA, TACNA","KIWI, fruto fresco",4200,"CAJA(S)","CHILE"
"6754","2022",4,"SANTA ROSA, TACNA","PERA, fruta fresca",18144,"CAJA(S)","CHILE"
"6755","2022",4,"SANTA ROSA, TACNA","MANZANA, fruto fresco",23520,"CAJA(S)","CHILE"
"6756","2022",4,"SANTA ROSA, TACNA","PERA, fruta fresca",6912,"CAJA(S)","CHILE"
"6757","2022",4,"SANTA ROSA, TACNA","MANZANA, fruto fresco",16660,"CAJA(S)","CHILE"
"6758","2022",4,"SANTA ROSA, TACNA","MANZANA, fruto fresco",23520,"CAJA(S)","CHILE"
"6759","2022",4,"SANTA ROSA, TACNA","NECTARINA, fruto fresco",22776,"CAJA(S)","CHILE"
"6760","2022",4,"PUESTO DE CONTROL TERRESTRE DESAGUADERO","FREJOL, grano",60000,"SACO(S)","BOLIVIA"
"6761","2022",4,"OFICINA PUESTO DE CONTROL MARITIMO - PROV. CONST. DEL CALLAO","LOS DEMAS TRACTORES, con motor de potencia superior a 18 kW pero inferior o igual a 37 kW (excepto las carretillas tractor de la partida 87.09), USADOS",6133.291,"UNIDADES","EEUU"
"6762","2022",4,"OFICINA PUESTO DE CONTROL MARITIMO - PROV. CONST. DEL CALLAO","Prensas para paja o forraje, incluidas prensas recogedoras usadas
",6984,"UNIDADES","CANADA"
"6763","2022",4,"OFICINA PUESTO DE CONTROL AEREO -  PROV. CONST. DEL CALLAO","CEBOLLA, semilla",1.755,"SACHETS","CHILE"
"6764","2022",4,"OFICINA PUESTO DE CONTROL AEREO -  PROV. CONST. DEL CALLAO","SANDIA, semilla",0.387,"SACHETS","CHILE"
"6765","2022",4,"SANTA ROSA, TACNA","MANZANA, fruto fresco",9535.4,"CAJA(S)","CHILE"
"6766","2022",4,"SANTA ROSA, TACNA","CIRUELA, fruto fresco",13624,"CAJA(S)","CHILE"
"6767","2022",4,"OFICINA PUESTO DE CONTROL MARITIMO - PROV. CONST. DEL CALLAO","AZUCAR BLANCA O REFINADA (lectura polarimetrica mayor 99.5°)",26500,"SACO(S)","GUATEMALA"
"6768","2022",4,"SANTA ROSA, TACNA","MANZANA, fruto fresco",23520,"CAJA(S)","CHILE"
"6769","2022",4,"OFICINA PUESTO DE CONTROL MARITIMO - PROV. CONST. DEL CALLAO","AZUCAR BLANCA O REFINADA (lectura polarimetrica mayor 99.5°)",53000,"SACO(S)","GUATEMALA"
"6770","2022",4,"SANTA ROSA, TACNA","MANZANA, fruto fresco",23520,"CAJA(S)","CHILE"
"6771","2022",4,"SANTA ROSA, TACNA","PERA, fruta fresca",3456,"CAJA(S)","CHILE"
"6772","2022",4,"SANTA ROSA, TACNA","MANZANA, fruto fresco",20580,"CAJA(S)","CHILE"
"6773","2022",4,"SANTA ROSA, TACNA","MANZANA, fruto fresco",18620,"CAJA(S)","CHILE"
"6774","2022",4,"SANTA ROSA, TACNA","PERA, fruta fresca",4410,"CAJA(S)","CHILE"
"6775","2022",4,"OFICINA PUESTO DE CONTROL MARITIMO - PROV. CONST. DEL CALLAO","YUTE, tejido o de las demas fibras textiles con algun proceso de CRF2",204.208,"UNIDADES","INDIA"
"6776","2022",4,"OFICINA PUESTO DE CONTROL MARITIMO - PROV. CONST. DEL CALLAO","PINO OREGON, madera aserrada con algún proceso de la CRF 2",94258,"PAQUETES","EEUU"
"6777","2022",4,"PUESTO DE CONTROL- CEBAF","PIMIENTA, barreduras",6830,"SACO(S)","ECUADOR"
"6778","2022",4,"PUESTO DE CONTROL TERRESTRE DESAGUADERO","SOYA, torta",99000,"SACO(S)","BOLIVIA"
"6779","2022",4,"OFICINA PUESTO DE CONTROL MARITIMO - PROV. CONST. DEL CALLAO","MAIZ, harina",98000,"PAQUETES","COLOMBIA"
"6780","2022",4,"SANTA ROSA, TACNA","CANELA, corteza entera seca al natural",6200,"CAJA(S)","SRI LANKA"
"6781","2022",4,"OFICINA PUESTO DE CONTROL MARITIMO - PROV. CONST. DEL CALLAO","TRIGO, grano",6941960,"GRANEL","ARGENTINA"
"6782","2022",4,"OFICINA PUESTO DE CONTROL MARITIMO - PROV. CONST. DEL CALLAO","TRIGO, grano",32522590,"GRANEL","ARGENTINA"
"6783","2022",4,"OFICINA PUESTO DE CONTROL MARITIMO - PROV. CONST. DEL CALLAO","MANZANA, fruto fresco",19551,"CAJA(S)","CHILE"
"6784","2022",4,"OFICINA PUESTO DE CONTROL MARITIMO - PROV. CONST. DEL CALLAO","CANELA, corteza entera seca al natural",6625,"BOLSAS","SRI LANKA"
"6785","2022",4,"OFICINA PUESTO DE CONTROL MARITIMO - PROV. CONST. DEL CALLAO","CANELA, corteza entera seca al natural",4180,"CAJA(S)","SRI LANKA"
"6786","2022",4,"OFICINA PUESTO DE CONTROL MARITIMO - PROV. CONST. DEL CALLAO","MADERA, monturas y mangos de herramientas, monturas y mangos de cepillos, brochas o escobas, de madera; hormas, ensanchadores y tensores del calzado, de madera ; con algún proceso de la CRF 2",26915.2,"BOLSAS","CHINA"
"6787","2022",4,"OFICINA PUESTO DE CONTROL MARITIMO - PROV. CONST. DEL CALLAO","MAIZ, harina",12000,"PACAS","COLOMBIA"
"6788","2022",4,"PUESTO DE CONTROL TERRESTRE DESAGUADERO","SOYA, grano quebrantado",57980,"SACO(S)","BOLIVIA"
"6789","2022",4,"PUESTO DE CONTROL TERRESTRE DESAGUADERO","MANI, grano sin cáscara",116000,"SACO(S)","BOLIVIA"
"6790","2022",4,"SANTA ROSA, TACNA","MANZANA, fruto fresco",19320,"CAJA(S)","CHILE"
"6791","2022",4,"SANTA ROSA, TACNA","MANZANA, fruto fresco",23520,"CAJA(S)","CHILE"
"6792","2022",4,"OFICINA PUESTO DE CONTROL AEREO -  PROV. CONST. DEL CALLAO","LUPULO, pellets",18.75,"SACHETS","EEUU"
"6793","2022",4,"OFICINA PUESTO DE CONTROL MARITIMO - PROV. CONST. DEL CALLAO","PERA, fruta fresca",22680,"CAJA(S)","ARGENTINA"
"6794","2022",4,"OFICINA PUESTO DE CONTROL MARITIMO - PROV. CONST. DEL CALLAO","YUTE, sacos",50620,"SACO(S)","INDIA"
"6795","2022",4,"OFICINA PUESTO DE CONTROL MARITIMO - PROV. CONST. DEL CALLAO","PAPA, fécula",20000,"SACO(S)","HOLANDA"
"6796","2022",4,"SANTA ROSA, TACNA","MANZANA, fruto fresco",22638,"CAJA(S)","CHILE"
"6797","2022",4,"OFICINA PUESTO DE CONTROL MARITIMO - PROV. CONST. DEL CALLAO","MAIZ, harina",98000,"PAQUETES","COLOMBIA"
"6798","2022",4,"PUESTO DE CONTROL TERRESTRE DESAGUADERO","SOYA, torta",114500,"SACO(S)","BOLIVIA"
"6799","2022",4,"OFICINA PUESTO DE CONTROL AEREO -  PROV. CONST. DEL CALLAO","MELON, semilla",0.265,"SACHETS","EEUU"
"6800","2022",4,"OFICINA PUESTO DE CONTROL AEREO -  PROV. CONST. DEL CALLAO","SANDIA, semilla",1.725,"SACHETS","EEUU"
"6801","2022",4,"OFICINA PUESTO DE CONTROL AEREO -  PROV. CONST. DEL CALLAO","TOMATE, semilla",0.173,"SACHETS","EEUU"
"6802","2022",4,"OFICINA PUESTO DE CONTROL AEREO -  PROV. CONST. DEL CALLAO","SANDIA, semilla",1.892,"SACHETS","HOLANDA"
"6803","2022",4,"PUESTO DE CONTROL TERRESTRE DESAGUADERO","SOYA, torta",55130,"GRANEL","BOLIVIA"
"6804","2022",4,"PUESTO DE CONTROL TERRESTRE DESAGUADERO","SOYA, grano",84410,"GRANEL","BOLIVIA"
"6805","2022",4,"PUESTO DE CONTROL TERRESTRE DESAGUADERO","SOYA, torta",84000,"GRANEL","BOLIVIA"
"6806","2022",4,"OFICINA PUESTO DE CONTROL MARITIMO - PROV. CONST. DEL CALLAO","PAPA, fécula",1e+05,"BOLSAS","ALEMANIA"
"6807","2022",4,"PUESTO DE CONTROL TERRESTRE DESAGUADERO","SOYA, torta",83750,"GRANEL","BOLIVIA"
"6808","2022",4,"PUESTO DE CONTROL TERRESTRE DESAGUADERO","SOYA, torta",116000,"SACO(S)","BOLIVIA"
"6809","2022",4,"OFICINA PUESTO DE CONTROL MARITIMO - PROV. CONST. DEL CALLAO","ESPINACA, polvo",2500,"BOLSAS","SERBIA"
"6810","2022",4,"OFICINA PUESTO DE CONTROL MARITIMO - PROV. CONST. DEL CALLAO","ARVEJA, semilla",6577,"BOLSAS","EEUU"
"6811","2022",4,"PUESTO DE CONTROL TERRESTRE DESAGUADERO","SOYA, torta",56500,"GRANEL","BOLIVIA"
"6812","2022",4,"PUESTO DE CONTROL TERRESTRE DESAGUADERO","SOYA, torta",83200,"GRANEL","BOLIVIA"
"6813","2022",4,"PUESTO DE CONTROL TERRESTRE DESAGUADERO","SOYA, torta",53500,"GRANEL","BOLIVIA"
"6814","2022",4,"SANTA ROSA, TACNA","MANZANA, fruto fresco",19061,"CAJA(S)","CHILE"
"6815","2022",4,"SANTA ROSA, TACNA","PERA, fruta fresca",4176,"CAJA(S)","CHILE"
"6816","2022",4,"OFICINA PUESTO DE CONTROL AEREO -  PROV. CONST. DEL CALLAO","MAIZ, semilla",53,"SOBRES","CHILE"
"6817","2022",4,"SANTA ROSA, TACNA","UVA, fruta fresca",18432,"CAJA(S)","CHILE"
"6818","2022",4,"SANTA ROSA, TACNA","UVA, fruta fresca",18432,"CAJA(S)","CHILE"
"6819","2022",4,"SANTA ROSA, TACNA","MANZANA, fruto fresco",21560,"CAJA(S)","CHILE"
"6820","2022",4,"SANTA ROSA, TACNA","PERA, fruta fresca",2016,"CAJA(S)","CHILE"
"6821","2022",4,"OFICINA PUESTO DE CONTROL MARITIMO - PROV. CONST. DEL CALLAO","AVENA, grano mondado, perlado, troceado o quebrantado",96000,"SACO(S)","CHILE"
"6822","2022",4,"SANTA ROSA, TACNA","MANZANA, fruto fresco",8120,"CAJA(S)","CHILE"
"6823","2022",4,"PUESTO DE CONTROL TERRESTRE DESAGUADERO","SOYA, grano",84210,"GRANEL","BOLIVIA"
"6824","2022",4,"PUESTO DE CONTROL TERRESTRE DESAGUADERO","SOYA, grano",53330,"GRANEL","BOLIVIA"
"6825","2022",4,"PUESTO DE CONTROL TERRESTRE DESAGUADERO","SOYA, torta",50000,"GRANEL","BOLIVIA"
"6826","2022",4,"SANTA ROSA, TACNA","PERA, fruta fresca",12528,"CAJA(S)","CHILE"
"6827","2022",4,"SANTA ROSA, TACNA","MANZANA, fruto fresco",18620,"CAJA(S)","CHILE"
"6828","2022",4,"SANTA ROSA, TACNA","PERA, fruta fresca",4410,"CAJA(S)","CHILE"
"6829","2022",4,"OFICINA PUESTO DE CONTROL MARITIMO - PROV. CONST. DEL CALLAO","MAIZ, almidon",79650,"BOLSAS","ARGENTINA"
"6830","2022",4,"SANTA ROSA, TACNA","PERA, fruta fresca",3024,"CAJA(S)","CHILE"
"6831","2022",4,"SANTA ROSA, TACNA","MANZANA, fruto fresco",20580,"CAJA(S)","CHILE"
"6832","2022",4,"PUESTO DE CONTROL TERRESTRE DESAGUADERO","SOYA, torta",146000,"SACO(S)","BOLIVIA"
"6833","2022",4,"SANTA ROSA, TACNA","MANZANA, fruto fresco",22579.2,"CAJA(S)","CHILE"
"6834","2022",4,"OFICINA PUESTO DE CONTROL MARITIMO - PROV. CONST. DEL CALLAO","CANELA, corteza entera seca al natural",6200,"CAJA(S)","SRI LANKA"
"6835","2022",4,"SANTA ROSA, TACNA","PERA, fruta fresca",8064,"CAJA(S)","CHILE"
"6836","2022",4,"SANTA ROSA, TACNA","MANZANA, fruto fresco",15680,"BULK BAG","CHILE"
"6837","2022",4,"SANTA ROSA, TACNA","PERA, fruta fresca",5292,"CAJA(S)","CHILE"
"6838","2022",4,"SANTA ROSA, TACNA","MANZANA, fruto fresco",17640,"CAJA(S)","CHILE"
"6839","2022",4,"OFICINA PUESTO DE CONTROL MARITIMO - PROV. CONST. DEL CALLAO","COL, semilla",148,"LATAS","EEUU"
"6840","2022",4,"OFICINA PUESTO DE CONTROL MARITIMO - PROV. CONST. DEL CALLAO","PEPINILLO, semilla",50,"LATAS","EEUU"
"6841","2022",4,"OFICINA PUESTO DE CONTROL MARITIMO - PROV. CONST. DEL CALLAO","ZAPALLITO ITALIANO (CALABACIN), semilla",100,"LATAS","EEUU"
"6842","2022",4,"OFICINA PUESTO DE CONTROL MARITIMO - PROV. CONST. DEL CALLAO","MAIZ, almidon",81125,"BOLSAS","ARGENTINA"
"6843","2022",4,"PUESTO DE CONTROL TERRESTRE DESAGUADERO","SOYA, torta",57000,"GRANEL","BOLIVIA"
"6844","2022",4,"PUESTO DE CONTROL TERRESTRE DESAGUADERO","SOYA, torta",58000,"GRANEL","BOLIVIA"
"6845","2022",4,"IÑAPARI, MADRE DE DIOS","NUEZ DEL BRASIL, con cáscara seca al natural",28140,"SACO(S)","BRASIL"
"6846","2022",4,"OFICINA PUESTO DE CONTROL MARITIMO - PROV. CONST. DEL CALLAO","TURBA",82070,"BOLSAS","ESTONIA"
"6847","2022",4,"OFICINA PUESTO DE CONTROL MARITIMO - PROV. CONST. DEL CALLAO","TURBA",136470,"BOLSAS","ESTONIA"
"6848","2022",4,"PUERTO DE MATARANI , AREQUIPA","AZUCAR BLANCA O REFINADA (lectura polarimetrica mayor 99.5°)",265000,"SACO(S)","GUATEMALA"
"6849","2022",4,"PUERTO DE MATARANI , AREQUIPA","AZUCAR BLANCA O REFINADA (lectura polarimetrica mayor 99.5°)",132500,"SACO(S)","COLOMBIA"
"6850","2022",4,"SANTA ROSA, TACNA","MANZANA, fruto fresco",23520,"CAJA(S)","CHILE"
"6851","2022",4,"PUERTO DE MATARANI , AREQUIPA","AZUCAR BLANCA O REFINADA (lectura polarimetrica mayor 99.5°)",159000,"SACO(S)","COLOMBIA"
"6852","2022",4,"PUERTO DE MATARANI , AREQUIPA","AZUCAR BLANCA O REFINADA (lectura polarimetrica mayor 99.5°)",477000,"SACO(S)","COLOMBIA"
"6853","2022",4,"OFICINA PUESTO DE CONTROL MARITIMO - PROV. CONST. DEL CALLAO","PINO, madera aserrada con algún proceso de la CRF2",22502,"PAQUETES","CHILE"
"6854","2022",4,"OFICINA PUESTO DE CONTROL MARITIMO - PROV. CONST. DEL CALLAO","PINO, madera aserrada con tratamiento de secado al horno o impregnación de sales",51884,"PAQUETES","ARGENTINA"
"6855","2022",4,"OFICINA PUESTO DE CONTROL MARITIMO - PROV. CONST. DEL CALLAO","ALMENDRA, sin cáscara secado al natural",16329.325,"CAJA(S)","EEUU"
"6856","2022",4,"OFICINA PUESTO DE CONTROL MARITIMO - PROV. CONST. DEL CALLAO","ALMENDRA, sin cáscara secado al natural",16329.325,"CAJA(S)","EEUU"
"6857","2022",4,"PUESTO DE CONTROL TERRESTRE DESAGUADERO","SOYA, grano",82500,"GRANEL","BOLIVIA"
"6858","2022",4,"PUESTO DE CONTROL TERRESTRE DESAGUADERO","SOYA, grano",55500,"GRANEL","BOLIVIA"
"6859","2022",4,"PUESTO DE CONTROL TERRESTRE DESAGUADERO","SOYA, grano",54000,"GRANEL","BOLIVIA"
"6860","2022",4,"PUESTO DE CONTROL TERRESTRE DESAGUADERO","SOYA, grano",54980,"GRANEL","BOLIVIA"
"6861","2022",4,"PUESTO DE CONTROL TERRESTRE DESAGUADERO","SOYA, grano",53980,"GRANEL","BOLIVIA"
"6862","2022",4,"OFICINA PUESTO DE CONTROL MARITIMO - PROV. CONST. DEL CALLAO","AVENA, grano mondado, perlado, troceado o quebrantado",56000,"SACO(S)","CHILE"
"6863","2022",4,"OFICINA PUESTO DE CONTROL MARITIMO - PROV. CONST. DEL CALLAO","PINO, madera aserrada con algún proceso de la CRF2",3567329,"PAQUETES","CHILE"
"6864","2022",4,"SANTA ROSA, TACNA","MANZANA, fruto fresco",23520,"CAJA(S)","CHILE"
"6865","2022",4,"SANTA ROSA, TACNA","MANZANA, fruto fresco",22442,"CAJA(S)","CHILE"
"6866","2022",4,"SANTA ROSA, TACNA","KIWI, fruto fresco",21840,"CAJA(S)","CHILE"
"6867","2022",4,"PUESTO DE CONTROL TERRESTRE DESAGUADERO","SOYA, grano",115000,"SACO(S)","BOLIVIA"
"6868","2022",4,"OFICINA PUESTO DE CONTROL MARITIMO - PROV. CONST. DEL CALLAO","MAIZ, harina",98000,"PAQUETES","COLOMBIA"
"6869","2022",4,"OFICINA PUESTO DE CONTROL MARITIMO - PROV. CONST. DEL CALLAO","TURBA",48776,"BIG BAG","SUECIA"
"6870","2022",4,"OFICINA PUESTO DE CONTROL MARITIMO - PROV. CONST. DEL CALLAO","AVENA, grano aplastado o en copos (hojuelas)",26000,"SACO(S)","CHILE"
"6871","2022",4,"PUERTO DE MATARANI , AREQUIPA","AZUCAR BLANCA O REFINADA (lectura polarimetrica mayor 99.5°)",318000,"SACO(S)","COLOMBIA"
"6872","2022",4,"PUERTO DE MATARANI , AREQUIPA","AZUCARES, los demas",211550,"SACO(S)","COLOMBIA"
"6873","2022",4,"OFICINA PUESTO DE CONTROL MARITIMO - PROV. CONST. DEL CALLAO","MAIZ, harina",98000,"PAQUETES","COLOMBIA"
"6874","2022",4,"OFICINA PUESTO DE CONTROL MARITIMO - PROV. CONST. DEL CALLAO","PINO, madera aserrada con algún proceso de la CRF2",181943,"PAQUETES","CHILE"
"6875","2022",4,"OFICINA PUESTO DE CONTROL MARITIMO - PROV. CONST. DEL CALLAO","AZUCAR CRUDA, sólido",250000,"SACO(S)","GUATEMALA"
"6876","2022",4,"OFICINA PUESTO DE CONTROL MARITIMO - PROV. CONST. DEL CALLAO","CEBADA, grano",21500000,"GRANEL","AUSTRALIA"
"6877","2022",4,"OFICINA PUESTO DE CONTROL MARITIMO - PROV. CONST. DEL CALLAO","ALGODON, fibra sin cardar ni peinar (>28.57 mm = o <34.92 mm)",237160,"FARDOS","EEUU"
"6878","2022",4,"OFICINA PUESTO DE CONTROL MARITIMO - PROV. CONST. DEL CALLAO","YUTE, tejido crudo",26195.4,"FARDOS","BANGLADESH"
"6879","2022",4,"PUESTO DE CONTROL TERRESTRE DESAGUADERO","SOYA, torta",176000,"SACO(S)","BOLIVIA"
"6880","2022",4,"PUESTO DE CONTROL TERRESTRE DESAGUADERO","SOYA, torta",85900,"SACO(S)","BOLIVIA"
"6881","2022",4,"OFICINA PUESTO DE CONTROL MARITIMO - PROV. CONST. DEL CALLAO","COCO, fibra (para sustrato)",22310,"PALETAS","SRI LANKA"
"6882","2022",4,"OFICINA PUESTO DE CONTROL MARITIMO - PROV. CONST. DEL CALLAO","GIRASOL, grano secado industrialmente",3000,"SACO(S)","BELGICA"
"6883","2022",4,"SANTA ROSA, TACNA","MANZANA, fruto fresco",22579.2,"CAJA(S)","CHILE"
"6884","2022",4,"OFICINA PUESTO DE CONTROL MARITIMO - PROV. CONST. DEL CALLAO","PINO, madera aserrada con algún proceso de la CRF2",89184,"PAQUETES","CHILE"
"6885","2022",4,"OFICINA PUESTO DE CONTROL MARITIMO - PROV. CONST. DEL CALLAO","NARANJA, fruto fresco",20340,"CAJA(S)","EEUU"
"6886","2022",4,"OFICINA PUESTO DE CONTROL AEREO -  PROV. CONST. DEL CALLAO","LECHUGA, semilla",0.013,"SACHETS","HOLANDA"
"6887","2022",4,"OFICINA PUESTO DE CONTROL AEREO -  PROV. CONST. DEL CALLAO","LECHUGA, semilla",0.171,"LATAS","HOLANDA"
"6888","2022",4,"OFICINA PUESTO DE CONTROL MARITIMO - PROV. CONST. DEL CALLAO","MAIZ, harina",168000,"PACAS","COLOMBIA"
"6889","2022",4,"OFICINA PUESTO DE CONTROL MARITIMO - PROV. CONST. DEL CALLAO","PERA, fruta fresca",23040,"CAJA(S)","CHILE"
"6890","2022",4,"OFICINA PUESTO DE CONTROL AEREO -  PROV. CONST. DEL CALLAO","TOMATE, polvo",100,"CAJA(S)","EEUU"
"6891","2022",4,"OFICINA PUESTO DE CONTROL AEREO -  PROV. CONST. DEL CALLAO","PIMIENTO, semilla",3.863,"BOLSAS","ESPAÑA"
"6892","2022",4,"OFICINA PUESTO DE CONTROL MARITIMO - PROV. CONST. DEL CALLAO","ARVEJA, grano partido",163338,"SACO(S)","EEUU"
"6893","2022",4,"PUESTO DE CONTROL TERRESTRE DESAGUADERO","SOYA, harina",112000,"SACO(S)","BOLIVIA"
"6894","2022",4,"PUESTO DE CONTROL TERRESTRE DESAGUADERO","MAIZ, almidon",27000,"SACO(S)","BRASIL"
"6895","2022",4,"OFICINA PUESTO DE CONTROL MARITIMO - PROV. CONST. DEL CALLAO","MAIZ, harina",98000,"PAQUETES","COLOMBIA"
"6896","2022",4,"PUESTO DE CONTROL TERRESTRE DESAGUADERO","SOYA, grano",112980,"GRANEL","BOLIVIA"
"6897","2022",4,"PUESTO DE CONTROL TERRESTRE DESAGUADERO","SOYA, grano",140950,"GRANEL","BOLIVIA"
"6898","2022",4,"PUESTO DE CONTROL TERRESTRE DESAGUADERO","SOYA, harina",119000,"SACO(S)","BOLIVIA"
"6899","2022",4,"OFICINA PUESTO DE CONTROL MARITIMO - PROV. CONST. DEL CALLAO","MAIZ, almidon",1e+05,"BOLSAS","FRANCIA"
"6900","2022",4,"OFICINA PUESTO DE CONTROL AEREO -  PROV. CONST. DEL CALLAO","CHIA, harina o polvo",1,"PIEZAS","PARAGUAY"
"6901","2022",4,"OFICINA PUESTO DE CONTROL MARITIMO - PROV. CONST. DEL CALLAO","COCO, rallado seco industrial",50,"SACO(S)","ESPAÑA"
"6902","2022",4,"OFICINA PUESTO DE CONTROL MARITIMO - PROV. CONST. DEL CALLAO","COCO, rallado seco industrial",60,"CAJA(S)","ESPAÑA"
"6903","2022",4,"OFICINA PUESTO DE CONTROL MARITIMO - PROV. CONST. DEL CALLAO","PISTACHOS con cáscara, secos o mondado",125,"SACO(S)","ESPAÑA"
"6904","2022",4,"OFICINA PUESTO DE CONTROL MARITIMO - PROV. CONST. DEL CALLAO","PISTACHOS sin cáscara, secas o mondado o rallado",200,"SACO(S)","ESPAÑA"
"6905","2022",4,"OFICINA PUESTO DE CONTROL MARITIMO - PROV. CONST. DEL CALLAO","MEZCLA DE FRUTAS, seca industrialmente",198.4,"CAJA(S)","ESPAÑA"
"6906","2022",4,"OFICINA PUESTO DE CONTROL MARITIMO - PROV. CONST. DEL CALLAO","AVENA, harina o polvo",100,"CAJA(S)","ESPAÑA"
"6907","2022",4,"OFICINA PUESTO DE CONTROL MARITIMO - PROV. CONST. DEL CALLAO","ALMENDRA, harina, polvo",80,"CAJA(S)","ESPAÑA"
"6908","2022",4,"OFICINA PUESTO DE CONTROL MARITIMO - PROV. CONST. DEL CALLAO","AZUCAR BLANCA O REFINADA (lectura polarimetrica mayor 99.5°)",175,"CAJA(S)","ESPAÑA"
"6909","2022",4,"OFICINA PUESTO DE CONTROL MARITIMO - PROV. CONST. DEL CALLAO","COCO, fibra (para sustrato)",46483,"PALETAS","SRI LANKA"
"6910","2022",4,"OFICINA PUESTO DE CONTROL MARITIMO - PROV. CONST. DEL CALLAO","Esparcidores de estiércol usados
",2619.623,"UNIDADES","FRANCIA"
"6911","2022",4,"OFICINA PUESTO DE CONTROL MARITIMO - PROV. CONST. DEL CALLAO","TRACTOR AGRICOLA USADO, con motor de potencia superior a 33 kW pero inferior o igual a 75 kW",5180.377,"UNIDADES","FRANCIA"
"6912","2022",4,"PUESTO DE CONTROL TERRESTRE DESAGUADERO","SOYA, torta",115000,"SACO(S)","BOLIVIA"
"6913","2022",4,"PUESTO DE CONTROL TERRESTRE DESAGUADERO","SOYA, grano",57900,"SACO(S)","BOLIVIA"
"6914","2022",4,"OFICINA PUESTO DE CONTROL AEREO -  PROV. CONST. DEL CALLAO","ANTURIO, planta",353,"CAJA(S)","HOLANDA"
"6915","2022",4,"PUESTO DE CONTROL TERRESTRE DESAGUADERO","SOYA, torta",83450,"GRANEL","BOLIVIA"
"6916","2022",4,"OFICINA PUESTO DE CONTROL MARITIMO - PROV. CONST. DEL CALLAO","ARVEJA, grano partido",46992,"SACO(S)","EEUU"
"6917","2022",4,"OFICINA PUESTO DE CONTROL MARITIMO - PROV. CONST. DEL CALLAO","TRIGO, grano",1795340,"GRANEL","CANADA"
"6918","2022",4,"OFICINA PUESTO DE CONTROL MARITIMO - PROV. CONST. DEL CALLAO","TURBA",153460,"FARDOS","LETONIA"
"6919","2022",4,"PUESTO DE CONTROL TERRESTRE DESAGUADERO","AJONJOLI, grano",29000,"SACO(S)","BOLIVIA"
"6920","2022",4,"IÑAPARI, MADRE DE DIOS","MAIZ, grano (mondado, perlado, troceado o quebrantado)",32040,"SACO(S)","BRASIL"
"6921","2022",4,"PUESTO DE CONTROL TERRESTRE DESAGUADERO","SOYA, torta",28000,"GRANEL","BOLIVIA"
"6922","2022",4,"OFICINA PUESTO DE CONTROL MARITIMO - PROV. CONST. DEL CALLAO","CANELA, corteza entera seca al natural",13500,"CAJA(S)","SRI LANKA"
"6923","2022",4,"OFICINA PUESTO DE CONTROL MARITIMO - PROV. CONST. DEL CALLAO","MANZANA, fruto fresco",18060,"CAJA(S)","EEUU"
"6924","2022",4,"PUESTO DE CONTROL TERRESTRE DESAGUADERO","SOYA, torta",171000,"SACO(S)","BOLIVIA"
"6925","2022",4,"OFICINA PUESTO DE CONTROL MARITIMO - PROV. CONST. DEL CALLAO","LENTEJA, grano",26309,"SACO(S)","CANADA"
"6926","2022",4,"OFICINA PUESTO DE CONTROL AEREO -  PROV. CONST. DEL CALLAO","UVA (PASAS), secas industrialmente",1,"BOLSAS","CHILE"
"6927","2022",4,"PUESTO DE CONTROL TERRESTRE DESAGUADERO","SOYA, torta",85010,"GRANEL","BOLIVIA"
"6928","2022",4,"IÑAPARI, MADRE DE DIOS","MAIZ, grano (mondado, perlado, troceado o quebrantado)",32040,"SACO(S)","BRASIL"
"6929","2022",4,"PUESTO DE CONTROL TERRESTRE DESAGUADERO","AZUCAR CRUDA, sólido",28980,"SACO(S)","BOLIVIA"
"6930","2022",4,"PUESTO DE CONTROL TERRESTRE DESAGUADERO","FREJOL NEGRO, grano",59750,"SACO(S)","BOLIVIA"
"6931","2022",4,"SANTA ROSA, TACNA","KIWI, fruto fresco",21840,"CAJA(S)","CHILE"
"6932","2022",4,"SANTA ROSA, TACNA","MANZANA, fruto fresco",23520,"CAJA(S)","CHILE"
"6933","2022",4,"SANTA ROSA, TACNA","MANZANA, fruto fresco",23520,"CAJA(S)","CHILE"
"6934","2022",4,"SANTA ROSA, TACNA","MANZANA, fruto fresco",22491,"CAJA(S)","CHILE"
"6935","2022",4,"OFICINA PUESTO DE CONTROL MARITIMO - PROV. CONST. DEL CALLAO","MIMBRE, artículos de cestería (canasta, cestos u otros)",388.8,"UNIDADES","CHINA"
"6936","2022",4,"SANTA ROSA, TACNA","TRACTOR AGRICOLA USADO, con motor de potencia superior a 33 kW pero inferior o igual a 75 kW",4040,"UNIDADES","ESPAÑA"
"6937","2022",4,"SANTA ROSA, TACNA","TRACTOR AGRICOLA USADO, con motor de potencia superior a 33 kW pero inferior o igual a 75 kW",4040,"UNIDADES","ESPAÑA"
"6938","2022",4,"SANTA ROSA, TACNA","TRACTOR AGRICOLA USADO, con motor de potencia superior a 33 kW pero inferior o igual a 75 kW",4040,"UNIDADES","ESPAÑA"
"6939","2022",4,"PUESTO DE CONTROL TERRESTRE DESAGUADERO","SOYA, torta",143810,"SACO(S)","BOLIVIA"
"6940","2022",4,"SANTA ROSA, TACNA","UVA, fruta fresca",18432,"CAJA(S)","CHILE"
"6941","2022",4,"SANTA ROSA, TACNA","MANZANA, fruto fresco",23520,"CAJA(S)","CHILE"
"6942","2022",4,"OFICINA PUESTO DE CONTROL MARITIMO - PROV. CONST. DEL CALLAO","CANELA, corteza entera seca al natural",14500,"CAJA(S)","SRI LANKA"
"6943","2022",4,"SANTA ROSA, TACNA","MANZANA, fruto fresco",23520,"CAJA(S)","CHILE"
"6944","2022",4,"PUESTO DE CONTROL TERRESTRE DESAGUADERO","GIRASOL, torta",57000,"SACO(S)","BOLIVIA"
"6945","2022",4,"SANTA ROSA, TACNA","MANZANA, fruto fresco",23520,"CAJA(S)","CHILE"
"6946","2022",4,"OFICINA PUESTO DE CONTROL AEREO -  PROV. CONST. DEL CALLAO","BETARRAGA, polvo",1.5,"BOLSAS","CHILE"
"6947","2022",4,"OFICINA PUESTO DE CONTROL AEREO -  PROV. CONST. DEL CALLAO","ESPINACA, polvo",3.5,"BOLSAS","CHILE"
"6948","2022",4,"PUESTO DE CONTROL TERRESTRE DESAGUADERO","SOYA, grano",53980,"GRANEL","BOLIVIA"
"6949","2022",4,"PUESTO DE CONTROL TERRESTRE DESAGUADERO","SOYA, grano",85500,"GRANEL","BOLIVIA"
"6950","2022",4,"OFICINA PUESTO DE CONTROL MARITIMO - PROV. CONST. DEL CALLAO","UVA (PASAS), secas industrialmente",63000,"CAJA(S)","CHILE"
"6951","2022",4,"OFICINA PUESTO DE CONTROL MARITIMO - PROV. CONST. DEL CALLAO","MADERA, monturas y mangos de herramientas, monturas y mangos de cepillos, brochas o escobas, de madera; hormas, ensanchadores y tensores del calzado, de madera ; con algún proceso de la CRF 2",26543,"BOLSAS","CHINA"
"6952","2022",4,"OFICINA PUESTO DE CONTROL MARITIMO - PROV. CONST. DEL CALLAO","AZUCAR CRUDA, sólido",122900,"SACO(S)","COLOMBIA"
"6953","2022",4,"OFICINA PUESTO DE CONTROL MARITIMO - PROV. CONST. DEL CALLAO","MANI, grano sin cáscara",25000,"SACO(S)","BRASIL"
"6954","2022",4,"OFICINA PUESTO DE CONTROL MARITIMO - PROV. CONST. DEL CALLAO","MANI, grano sin cáscara",25000,"SACO(S)","BRASIL"
"6955","2022",4,"OFICINA PUESTO DE CONTROL MARITIMO - PROV. CONST. DEL CALLAO","MANI, grano sin cáscara",25000,"SACO(S)","BRASIL"
"6956","2022",4,"OFICINA PUESTO DE CONTROL MARITIMO - PROV. CONST. DEL CALLAO","PAPA, fécula",1e+05,"BOLSAS","ALEMANIA"
"6957","2022",4,"PUESTO DE CONTROL TERRESTRE DESAGUADERO","SOYA, torta",173000,"SACO(S)","BOLIVIA"
"6958","2022",4,"OFICINA PUESTO DE CONTROL AEREO -  PROV. CONST. DEL CALLAO","ARANDANO, planta",376,"CAJA(S)","EEUU"
"6959","2022",4,"PUESTO DE CONTROL TERRESTRE DESAGUADERO","SOYA, torta",146500,"SACO(S)","BOLIVIA"
"6960","2022",4,"OFICINA PUESTO DE CONTROL MARITIMO - PROV. CONST. DEL CALLAO","GARBANZO, grano",46000,"SACO(S)","MEXICO"
"6961","2022",4,"OFICINA PUESTO DE CONTROL MARITIMO - PROV. CONST. DEL CALLAO","PINO, postes de madera con algun proceso de la CRF 2",108438,"UNIDADES","CHILE"
"6962","2022",4,"OFICINA PUESTO DE CONTROL MARITIMO - PROV. CONST. DEL CALLAO","TURBA",82539,"BOLSAS","ESTONIA"
"6963","2022",4,"OFICINA PUESTO DE CONTROL MARITIMO - PROV. CONST. DEL CALLAO","TURBA",109200,"BOLSAS","ESTONIA"
"6964","2022",4,"OFICINA PUESTO DE CONTROL AEREO -  PROV. CONST. DEL CALLAO","MAIZ, semilla",2.35,"SOBRES","FRANCIA"
"6965","2022",4,"PUESTO DE CONTROL TERRESTRE DESAGUADERO","SOYA, torta",116000,"SACO(S)","BOLIVIA"
"6966","2022",4,"PUESTO DE CONTROL TERRESTRE DESAGUADERO","SOYA, torta",114000,"SACO(S)","BOLIVIA"
"6967","2022",4,"PUESTO DE CONTROL TERRESTRE DESAGUADERO","SOYA, torta",115000,"SACO(S)","BOLIVIA"
"6968","2022",4,"PUESTO DE CONTROL TERRESTRE DESAGUADERO","SOYA, torta",115000,"SACO(S)","BOLIVIA"
"6969","2022",4,"OFICINA PUESTO DE CONTROL MARITIMO - PROV. CONST. DEL CALLAO","AVENA, grano mondado, perlado, troceado o quebrantado",144000,"SACO(S)","CHILE"
"6970","2022",4,"OFICINA PUESTO DE CONTROL MARITIMO - PROV. CONST. DEL CALLAO","AVENA, grano mondado, perlado, troceado o quebrantado",144000,"SACO(S)","CHILE"
"6971","2022",4,"SANTA ROSA, TACNA","TRIGO, afrecho seco industrial",28000,"SACO(S)","CHILE"
"6972","2022",4,"OFICINA PUESTO DE CONTROL MARITIMO - PROV. CONST. DEL CALLAO","AZUCAR BLANCA O REFINADA (lectura polarimetrica mayor 99.5°)",52950,"SACO(S)","COLOMBIA"
"6973","2022",4,"PUESTO DE CONTROL TERRESTRE DESAGUADERO","SOYA, torta",118000,"SACO(S)","BOLIVIA"
"6974","2022",4,"PUESTO DE CONTROL TERRESTRE DESAGUADERO","SOYA, torta",116000,"SACO(S)","BOLIVIA"
"6975","2022",4,"PUESTO DE CONTROL TERRESTRE DESAGUADERO","SOYA, torta",174000,"SACO(S)","BOLIVIA"
"6976","2022",4,"SANTA ROSA, TACNA","MAIZ REVENTON, grano",54000,"SACO(S)","ARGENTINA"
"6977","2022",4,"OFICINA PUESTO DE CONTROL AEREO -  PROV. CONST. DEL CALLAO","CEBOLLA, semilla",444.454,"SACHETS","CHILE"
"6978","2022",4,"OFICINA PUESTO DE CONTROL AEREO -  PROV. CONST. DEL CALLAO","LECHUGA, semilla",25,"SACHETS","HOLANDA"
"6979","2022",4,"OFICINA PUESTO DE CONTROL MARITIMO - PROV. CONST. DEL CALLAO","AVENA, grano mondado, perlado, troceado o quebrantado",48000,"SACO(S)","CHILE"
"6980","2022",4,"PUESTO DE CONTROL TERRESTRE DESAGUADERO","SOYA, torta",54100,"GRANEL","BOLIVIA"
"6981","2022",4,"PUESTO DE CONTROL TERRESTRE DESAGUADERO","SOYA, torta",56000,"GRANEL","BOLIVIA"
"6982","2022",4,"PUESTO DE CONTROL TERRESTRE DESAGUADERO","SOYA, torta",114000,"GRANEL","BOLIVIA"
"6983","2022",4,"PUESTO DE CONTROL TERRESTRE DESAGUADERO","SOYA, torta",118000,"SACO(S)","BOLIVIA"
"6984","2022",4,"PUESTO DE CONTROL TERRESTRE DESAGUADERO","SOYA, torta",57000,"GRANEL","BOLIVIA"
"6985","2022",4,"PUESTO DE CONTROL TERRESTRE DESAGUADERO","SOYA, torta",84700,"GRANEL","BOLIVIA"
"6986","2022",4,"OFICINA PUESTO DE CONTROL MARITIMO - PROV. CONST. DEL CALLAO","MIMBRE,  tejido (barnizadas, teñidas y/o blanqueadas)",4.875,"CAJA(S)","EL SALVADOR"
"6987","2022",4,"OFICINA PUESTO DE CONTROL MARITIMO - PROV. CONST. DEL CALLAO","BAMBU, artículos de cestería obtenidos directamente en su forma con materia trenzable con algún proceso de la CRF 2",202.102,"CAJA(S)","EL SALVADOR"
"6988","2022",4,"OFICINA PUESTO DE CONTROL MARITIMO - PROV. CONST. DEL CALLAO","ROTEN (=Ratán), artículos de cestería obtenidos directamente en su forma con materia trenzable con algún proceso de la CRF2",50.6,"CAJA(S)","EL SALVADOR"
"6989","2022",4,"PUESTO DE CONTROL TERRESTRE DESAGUADERO","SOYA, torta",28000,"GRANEL","BOLIVIA"
"6990","2022",4,"PUESTO DE CONTROL TERRESTRE DESAGUADERO","SOYA, torta",58000,"GRANEL","BOLIVIA"
"6991","2022",4,"PUESTO DE CONTROL TERRESTRE DESAGUADERO","SOYA, torta",28000,"GRANEL","BOLIVIA"
"6992","2022",4,"PUESTO DE CONTROL TERRESTRE DESAGUADERO","SOYA, torta",55830,"GRANEL","BOLIVIA"
"6993","2022",4,"PUESTO DE CONTROL TERRESTRE DESAGUADERO","SOYA, torta",56000,"GRANEL","BOLIVIA"
"6994","2022",4,"PUESTO DE CONTROL TERRESTRE DESAGUADERO","SOYA, torta",55000,"GRANEL","BOLIVIA"
"6995","2022",4,"PUESTO DE CONTROL TERRESTRE DESAGUADERO","GIRASOL, torta",56500,"GRANEL","BOLIVIA"
"6996","2022",4,"PUESTO DE CONTROL TERRESTRE DESAGUADERO","MANI, grano sin cáscara",29000,"SACO(S)","BOLIVIA"
"6997","2022",4,"SANTA ROSA, TACNA","PLATANO, fruto fresco",23040,"CAJA(S)","CHILE"
"6998","2022",4,"OFICINA PUESTO DE CONTROL MARITIMO - PROV. CONST. DEL CALLAO","YUCA (=MANDIOCA), fécula",18000,"SACO(S)","TAILANDIA"
"6999","2022",4,"PUESTO DE CONTROL TERRESTRE DESAGUADERO","SOYA, torta",114000,"SACO(S)","BOLIVIA"
"7000","2022",4,"PUESTO DE CONTROL TERRESTRE DESAGUADERO","SOYA, grano",138000,"GRANEL","BOLIVIA"
"7001","2022",4,"OFICINA PUESTO DE CONTROL MARITIMO - PROV. CONST. DEL CALLAO","CAUCHO, técnicamente especificado (TSNR)",40320,"PALETAS","COSTA DE MARFIL"
"7002","2022",4,"PUESTO DE CONTROL TERRESTRE DESAGUADERO","SOYA, torta",116000,"SACO(S)","BOLIVIA"
"7003","2022",4,"OFICINA PUESTO DE CONTROL AEREO -  PROV. CONST. DEL CALLAO","ARROZ, grano pilado",2,"BOLSAS","ARGENTINA"
"7004","2022",4,"OFICINA PUESTO DE CONTROL MARITIMO - PROV. CONST. DEL CALLAO","CAUCHO, técnicamente especificado (TSNR)",40320,"PIEZAS","BRASIL"
"7005","2022",4,"OFICINA PUESTO DE CONTROL MARITIMO - PROV. CONST. DEL CALLAO","CAUCHO, técnicamente especificado (TSNR)",20160,"PIEZAS","INDONESIA"
"7006","2022",4,"OFICINA PUESTO DE CONTROL AEREO -  PROV. CONST. DEL CALLAO","MAIZ, semilla",309.07,"SOBRES","MEXICO"
"7007","2022",4,"PUESTO DE CONTROL TERRESTRE DESAGUADERO","SOYA, torta",113500,"GRANEL","BOLIVIA"
"7008","2022",4,"PUESTO DE CONTROL- CEBAF","CAÑA DE GUAYAQUIL, seca al natural",34000,"UNIDADES","ECUADOR"
"7009","2022",4,"IÑAPARI, MADRE DE DIOS","TORNILLO, madera aserrada",29145,"FARDOS","BRASIL"
"7010","2022",4,"IÑAPARI, MADRE DE DIOS","TORNILLO, madera aserrada",30270,"FARDOS","BRASIL"
"7011","2022",4,"IÑAPARI, MADRE DE DIOS","TORNILLO, madera aserrada",30270,"FARDOS","BRASIL"
"7012","2022",4,"PUESTO DE CONTROL TERRESTRE DESAGUADERO","AZUCAR BLANCA O REFINADA (lectura polarimetrica mayor 99.5°)",174000,"SACO(S)","BOLIVIA"
"7013","2022",4,"SANTA ROSA, TACNA","COLZA, torta",78000,"SACO(S)","CHILE"
"7014","2022",4,"OFICINA PUESTO DE CONTROL MARITIMO - PROV. CONST. DEL CALLAO","AZUCAR CRUDA, sólido",250000,"SACO(S)","GUATEMALA"
"7015","2022",4,"PUESTO DE CONTROL TERRESTRE DESAGUADERO","AZUCAR BLANCA O REFINADA (lectura polarimetrica mayor 99.5°)",174000,"SACO(S)","BOLIVIA"
"7016","2022",4,"SANTA ROSA, TACNA","QUINUA, grano",7000,"SACO(S)","CHILE"
"7017","2022",4,"SANTA ROSA, TACNA","MANZANA, fruto fresco",23520,"CAJA(S)","CHILE"
"7018","2022",4,"OFICINA PUESTO DE CONTROL MARITIMO - PROV. CONST. DEL CALLAO","TURBA",101365,"SACO(S)","LETONIA"
"7019","2022",4,"OFICINA PUESTO DE CONTROL MARITIMO - PROV. CONST. DEL CALLAO","COCO, fibra (para sustrato)",51640,"PALETAS","SRI LANKA"
"7020","2022",4,"OFICINA PUESTO DE CONTROL MARITIMO - PROV. CONST. DEL CALLAO","COCO, fibra (para sustrato)",75770,"PALETAS","SRI LANKA"
"7021","2022",4,"OFICINA PUESTO DE CONTROL MARITIMO - PROV. CONST. DEL CALLAO","COCO, fibra (para sustrato)",76100,"PALETAS","SRI LANKA"
"7022","2022",4,"OFICINA PUESTO DE CONTROL MARITIMO - PROV. CONST. DEL CALLAO","COCO, fibra (para sustrato)",78100,"PALETAS","SRI LANKA"
"7023","2022",4,"PUESTO DE CONTROL- CEBAF","CAÑA DE GUAYAQUIL, seca al natural",34000,"UNIDADES","ECUADOR"
"7024","2022",4,"SANTA ROSA, TACNA","CEBOLLA, fresca",28800,"SACO(S)","CHILE"
"7025","2022",4,"OFICINA PUESTO DE CONTROL MARITIMO - PROV. CONST. DEL CALLAO","COCO, fibra (para sustrato)",76280,"PALETAS","SRI LANKA"
"7026","2022",4,"OFICINA PUESTO DE CONTROL MARITIMO - PROV. CONST. DEL CALLAO","COCO, fibra (para sustrato)",77590,"PALETAS","SRI LANKA"
"7027","2022",4,"OFICINA PUESTO DE CONTROL MARITIMO - PROV. CONST. DEL CALLAO","COCO, fibra (para sustrato)",43810,"PALETAS","SRI LANKA"
"7028","2022",4,"OFICINA PUESTO DE CONTROL MARITIMO - PROV. CONST. DEL CALLAO","COCO, fibra (para sustrato)",44265,"PALETAS","SRI LANKA"
"7029","2022",4,"OFICINA PUESTO DE CONTROL MARITIMO - PROV. CONST. DEL CALLAO","AZUCAR BLANCA O REFINADA (lectura polarimetrica mayor 99.5°)",132500,"SACO(S)","COLOMBIA"
"7030","2022",4,"OFICINA PUESTO DE CONTROL MARITIMO - PROV. CONST. DEL CALLAO","ARROZ, parbolizado pulido o sin cáscara",72000,"SACO(S)","BRASIL"
"7031","2022",4,"PUESTO DE CONTROL TERRESTRE DESAGUADERO","SOYA, grano",55000,"GRANEL","BOLIVIA"
"7032","2022",4,"PUESTO DE CONTROL TERRESTRE DESAGUADERO","SOYA, grano",54980,"GRANEL","BOLIVIA"
"7033","2022",4,"PUESTO DE CONTROL TERRESTRE DESAGUADERO","SOYA, grano",28000,"GRANEL","BOLIVIA"
"7034","2022",4,"PUESTO DE CONTROL TERRESTRE DESAGUADERO","SOYA, grano",27000,"GRANEL","BOLIVIA"
"7035","2022",4,"PUESTO DE CONTROL TERRESTRE DESAGUADERO","SOYA, grano",116000,"GRANEL","BOLIVIA"
"7036","2022",4,"PUESTO DE CONTROL TERRESTRE DESAGUADERO","SOYA, torta",28000,"GRANEL","BOLIVIA"
"7037","2022",4,"PUESTO DE CONTROL TERRESTRE DESAGUADERO","SOYA, torta",85500,"GRANEL","BOLIVIA"
"7038","2022",4,"PUESTO DE CONTROL TERRESTRE DESAGUADERO","SOYA, torta",114500,"GRANEL","BOLIVIA"
"7039","2022",4,"PUESTO DE CONTROL TERRESTRE DESAGUADERO","SOYA, torta",85000,"GRANEL","BOLIVIA"
"7040","2022",4,"PUESTO DE CONTROL TERRESTRE DESAGUADERO","AZUCAR CRUDA, sólido",86940,"SACO(S)","BOLIVIA"
"7041","2022",4,"OFICINA PUESTO DE CONTROL AEREO -  PROV. CONST. DEL CALLAO","ARANDANO, planta in vitro",710,"UNIDADES","ESPAÑA"
"7042","2022",4,"OFICINA PUESTO DE CONTROL MARITIMO - PROV. CONST. DEL CALLAO","CAUCHO, técnicamente especificado (TSNR)",21000,"PAQUETES","COLOMBIA"
"7043","2022",4,"PUESTO DE CONTROL TERRESTRE DESAGUADERO","SOYA, torta",56000,"GRANEL","BOLIVIA"
"7044","2022",4,"OFICINA PUESTO DE CONTROL MARITIMO - PROV. CONST. DEL CALLAO","NARANJA, fruto fresco",17195,"CAJA(S)","EEUU"
"7045","2022",4,"PUESTO DE CONTROL TERRESTRE DESAGUADERO","SOYA, torta",27500,"GRANEL","BOLIVIA"
"7046","2022",4,"PUESTO DE CONTROL TERRESTRE DESAGUADERO","SOYA, harina",116000,"SACO(S)","BOLIVIA"
"7047","2022",4,"PUESTO DE CONTROL TERRESTRE DESAGUADERO","SOYA, torta",117000,"SACO(S)","BOLIVIA"
"7048","2022",4,"PUESTO DE CONTROL TERRESTRE DESAGUADERO","SOYA, torta",147500,"SACO(S)","BOLIVIA"
"7049","2022",4,"PUESTO DE CONTROL TERRESTRE DESAGUADERO","SOYA, torta",115000,"SACO(S)","BOLIVIA"
"7050","2022",4,"OFICINA PUESTO DE CONTROL MARITIMO - PROV. CONST. DEL CALLAO","MIMBRE, artículos de cestería (canasta, cestos u otros)",57.892,"CAJA(S)","EL SALVADOR"
"7051","2022",4,"OFICINA PUESTO DE CONTROL MARITIMO - PROV. CONST. DEL CALLAO","BAMBU, artículos de cestería obtenidos directamente en su forma con materia trenzable con algún proceso de la CRF 2",207.168,"CAJA(S)","EL SALVADOR"
"7052","2022",4,"OFICINA PUESTO DE CONTROL MARITIMO - PROV. CONST. DEL CALLAO","Los demas articulos de cesteria con algun proceso de CRF 2",234.904,"CAJA(S)","EL SALVADOR"
"7053","2022",4,"PUESTO DE CONTROL TERRESTRE DESAGUADERO","SOYA, grano",174000,"SACO(S)","BOLIVIA"
"7054","2022",4,"OFICINA PUESTO DE CONTROL AEREO -  PROV. CONST. DEL CALLAO","CEBOLLA, semilla",180.5,"BOLSAS","EEUU"
"7055","2022",4,"PUESTO DE CONTROL TERRESTRE DESAGUADERO","SOYA, torta",141600,"GRANEL","BOLIVIA"
"7056","2022",4,"PUESTO DE CONTROL TERRESTRE DESAGUADERO","SOYA, torta",56000,"GRANEL","BOLIVIA"
"7057","2022",4,"PUESTO DE CONTROL TERRESTRE DESAGUADERO","SOYA, torta",54500,"GRANEL","BOLIVIA"
"7058","2022",4,"PUESTO DE CONTROL TERRESTRE DESAGUADERO","SOYA, torta",112000,"GRANEL","BOLIVIA"
"7059","2022",4,"PUESTO DE CONTROL TERRESTRE DESAGUADERO","SOYA, torta",142320,"GRANEL","BOLIVIA"
"7060","2022",4,"PUESTO DE CONTROL TERRESTRE DESAGUADERO","SOYA, torta",112000,"GRANEL","BOLIVIA"
"7061","2022",4,"PUESTO DE CONTROL TERRESTRE DESAGUADERO","SOYA, torta",84000,"GRANEL","BOLIVIA"
"7062","2022",4,"PUESTO DE CONTROL TERRESTRE DESAGUADERO","SOYA, harina",26147,"SACO(S)","BOLIVIA"
"7063","2022",4,"PUESTO DE CONTROL TERRESTRE DESAGUADERO","SOYA, torta",90000,"GRANEL","BOLIVIA"
"7064","2022",4,"PUESTO DE CONTROL TERRESTRE DESAGUADERO","SOYA, torta",168000,"GRANEL","BOLIVIA"
"7065","2022",4,"OFICINA PUESTO DE CONTROL AEREO -  PROV. CONST. DEL CALLAO","MAIZ, semilla",21.03,"SOBRES","FRANCIA"
"7066","2022",4,"PUESTO DE CONTROL TERRESTRE DESAGUADERO","SOYA, grano",27500,"GRANEL","BOLIVIA"
"7067","2022",4,"PUESTO DE CONTROL TERRESTRE DESAGUADERO","SOYA, grano",57000,"GRANEL","BOLIVIA"
"7068","2022",4,"PUESTO DE CONTROL TERRESTRE DESAGUADERO","SOYA, grano",27000,"GRANEL","BOLIVIA"
"7069","2022",4,"PUESTO DE CONTROL TERRESTRE DESAGUADERO","SOYA, grano",55000,"GRANEL","BOLIVIA"
"7070","2022",4,"PUESTO DE CONTROL TERRESTRE DESAGUADERO","SOYA, grano",56500,"GRANEL","BOLIVIA"
"7071","2022",4,"OFICINA PUESTO DE CONTROL MARITIMO - PROV. CONST. DEL CALLAO","ALGODON, fibra sin cardar ni peinar (>28.57 mm = o <34.92 mm)",98050,"FARDOS","EEUU"
"7072","2022",4,"PUESTO DE CONTROL TERRESTRE DESAGUADERO","SOYA, torta",1e+05,"SACO(S)","BOLIVIA"
"7073","2022",4,"OFICINA PUESTO DE CONTROL MARITIMO - PROV. CONST. DEL CALLAO","FREJOL CANARIO, grano",48000,"SACO(S)","MEXICO"
"7074","2022",4,"OFICINA PUESTO DE CONTROL MARITIMO - PROV. CONST. DEL CALLAO","AZUCAR BLANCA O REFINADA (lectura polarimetrica mayor 99.5°)",185500,"SACO(S)","COLOMBIA"
"7075","2022",4,"OFICINA PUESTO DE CONTROL MARITIMO - PROV. CONST. DEL CALLAO","AZUCAR BLANCA O REFINADA (lectura polarimetrica mayor 99.5°)",238500,"SACO(S)","COLOMBIA"
"7076","2022",4,"OFICINA PUESTO DE CONTROL MARITIMO - PROV. CONST. DEL CALLAO","AZUCAR BLANCA O REFINADA (lectura polarimetrica mayor 99.5°)",238500,"SACO(S)","COLOMBIA"
"7077","2022",4,"OFICINA PUESTO DE CONTROL MARITIMO - PROV. CONST. DEL CALLAO","TRIGO, gluten",21000,"BOLSAS","FRANCIA"
"7078","2022",4,"PUESTO DE CONTROL- CEBAF","PAJA MACORA, paja seca al natural",1760,"UNIDADES","ECUADOR"
"7079","2022",4,"OFICINA PUESTO DE CONTROL MARITIMO - PROV. CONST. DEL CALLAO","TRACTOR AGRICOLA USADO, con motor de potencia superior a 130KW",34283.41,"UNIDADES","EEUU"
"7080","2022",4,"OFICINA PUESTO DE CONTROL AEREO -  PROV. CONST. DEL CALLAO","PIMIENTO, semilla",8.63,"SOBRES ALUMINIZADOS","ISRAEL"
"7081","2022",4,"OFICINA PUESTO DE CONTROL MARITIMO - PROV. CONST. DEL CALLAO","Prensas para paja o forraje, incluidas prensas recogedoras usadas
",10744.45,"UNIDADES","EEUU"
"7082","2022",4,"OFICINA PUESTO DE CONTROL MARITIMO - PROV. CONST. DEL CALLAO","MADERA, monturas y mangos de herramientas, monturas y mangos de cepillos, brochas o escobas, de madera; hormas, ensanchadores y tensores del calzado, de madera ; con algún proceso de la CRF 2",0.5,"PIEZAS","MEXICO"
"7083","2022",4,"OFICINA PUESTO DE CONTROL MARITIMO - PROV. CONST. DEL CALLAO","AZUCAR BLANCA O REFINADA (lectura polarimetrica mayor 99.5°)",132500,"SACO(S)","COLOMBIA"
"7084","2022",4,"OFICINA PUESTO DE CONTROL MARITIMO - PROV. CONST. DEL CALLAO","AZUCAR BLANCA O REFINADA (lectura polarimetrica mayor 99.5°)",26500,"SACO(S)","COLOMBIA"
"7085","2022",4,"OFICINA PUESTO DE CONTROL MARITIMO - PROV. CONST. DEL CALLAO","Las demás máquinas y aparatos para henificar usadas
",20000,"UNIDADES","HOLANDA"
"7086","2022",4,"OFICINA PUESTO DE CONTROL AEREO -  PROV. CONST. DEL CALLAO","Marañon (NUEZ DE CAJU), semilla alimenticia sin cascara, seca industriamente",1,"BOLSAS","BRASIL"
"7087","2022",4,"PUESTO DE CONTROL TERRESTRE DESAGUADERO","SOYA, torta",55980,"GRANEL","BOLIVIA"
"7088","2022",4,"OFICINA PUESTO DE CONTROL MARITIMO - PROV. CONST. DEL CALLAO","PINO, madera aserrada con algún proceso de la CRF2",79780,"PAQUETES","CHILE"
"7089","2022",4,"OFICINA PUESTO DE CONTROL MARITIMO - PROV. CONST. DEL CALLAO","ALGODON, fibra sin cardar ni peinar (>22.22 mm = o <28.57 mm)",40480,"FARDOS","EEUU"
"7090","2022",4,"OFICINA PUESTO DE CONTROL MARITIMO - PROV. CONST. DEL CALLAO","ARVEJA, grano partido",127368,"SACO(S)","CANADA"
"7091","2022",4,"OFICINA PUESTO DE CONTROL MARITIMO - PROV. CONST. DEL CALLAO","AZUCAR BLANCA O REFINADA (lectura polarimetrica mayor 99.5°)",265000,"SACO(S)","COLOMBIA"
"7092","2022",4,"OFICINA PUESTO DE CONTROL MARITIMO - PROV. CONST. DEL CALLAO","AZUCAR BLANCA O REFINADA (lectura polarimetrica mayor 99.5°)",159000,"SACO(S)","COLOMBIA"
"7093","2022",4,"OFICINA PUESTO DE CONTROL MARITIMO - PROV. CONST. DEL CALLAO","Articulos de cesteria (canastos, cestos u otros), con algun proceso de la CRF2",4896.221,"CAJA(S)","CHINA"
"7094","2022",4,"OFICINA PUESTO DE CONTROL MARITIMO - PROV. CONST. DEL CALLAO","PAPA, fécula",240000,"SACO(S)","ALEMANIA"
"7095","2022",4,"PUESTO DE CONTROL TERRESTRE DESAGUADERO","SOYA, grano",86950,"SACO(S)","BOLIVIA"
"7096","2022",4,"PUESTO DE CONTROL TERRESTRE DESAGUADERO","SOYA, torta",117000,"SACO(S)","BOLIVIA"
"7097","2022",4,"OFICINA PUESTO DE CONTROL AEREO -  PROV. CONST. DEL CALLAO","COCO, rallado seco industrial",2,"BOLSAS","SRI LANKA"
"7098","2022",4,"PUESTO DE CONTROL TERRESTRE DESAGUADERO","SOYA, torta",174500,"SACO(S)","BOLIVIA"
"7099","2022",4,"OFICINA PUESTO DE CONTROL MARITIMO - PROV. CONST. DEL CALLAO","MAIZ, harina",132000,"FARDOS","COLOMBIA"
"7100","2022",4,"OFICINA PUESTO DE CONTROL MARITIMO - PROV. CONST. DEL CALLAO","MAIZ, harina",44000,"FARDOS","COLOMBIA"
"7101","2022",4,"OFICINA PUESTO DE CONTROL MARITIMO - PROV. CONST. DEL CALLAO","LENTEJA, grano",78924,"SACO(S)","CANADA"
"7102","2022",4,"PUESTO DE CONTROL TERRESTRE DESAGUADERO","AJONJOLI, grano",29000,"SACO(S)","BOLIVIA"
"7103","2022",4,"PUESTO DE CONTROL TERRESTRE DESAGUADERO","FREJOL, grano",58000,"SACO(S)","BOLIVIA"
"7104","2022",4,"PUESTO DE CONTROL TERRESTRE DESAGUADERO","SOYA, harina",116000,"SACO(S)","BOLIVIA"
"7105","2022",4,"PUESTO DE CONTROL TERRESTRE DESAGUADERO","SOYA, torta",54000,"GRANEL","BOLIVIA"
"7106","2022",4,"OFICINA PUESTO DE CONTROL MARITIMO - PROV. CONST. DEL CALLAO","CAUCHO, técnicamente especificado (TSNR)",20400,"PAQUETES","ECUADOR"
"7107","2022",4,"OFICINA PUESTO DE CONTROL MARITIMO - PROV. CONST. DEL CALLAO","UVA (PASAS), secas naturalmente",20000,"CAJA(S)","ARGENTINA"
"7108","2022",4,"OFICINA PUESTO DE CONTROL MARITIMO - PROV. CONST. DEL CALLAO","AZUCAR BLANCA O REFINADA (lectura polarimetrica mayor 99.5°)",132500,"SACO(S)","COLOMBIA"
"7109","2022",4,"OFICINA PUESTO DE CONTROL AEREO -  PROV. CONST. DEL CALLAO","CAÑA DE AZUCAR, estaca",20,"CAJA(S)","MEXICO"
"7110","2022",4,"PUESTO DE CONTROL TERRESTRE DESAGUADERO","SOYA, grano",75000,"GRANEL","BOLIVIA"
"7111","2022",4,"PUESTO DE CONTROL TERRESTRE DESAGUADERO","SOYA, grano",80000,"GRANEL","BOLIVIA"
"7112","2022",4,"PUESTO DE CONTROL TERRESTRE DESAGUADERO","SOYA, grano",88000,"GRANEL","BOLIVIA"
"7113","2022",4,"OFICINA PUESTO DE CONTROL MARITIMO - PROV. CONST. DEL CALLAO","ALGODON, fibra sin cardar ni peinar (>28.57 mm = o <34.92 mm)",80390,"FARDOS","EEUU"
"7114","2022",4,"OFICINA PUESTO DE CONTROL MARITIMO - PROV. CONST. DEL CALLAO","ALGODON, fibra sin cardar ni peinar (>34.92 mm)",102048,"FARDOS","EEUU"
"7115","2022",4,"PUESTO DE CONTROL- CEBAF","ROSA, flores frescas cortadas",5548,"CAJA(S)","ECUADOR"
"7116","2022",4,"PUESTO DE CONTROL- CEBAF","CLAVEL, flores frescas cortadas",1050,"CAJA(S)","ECUADOR"
"7117","2022",4,"SANTA ROSA, TACNA","MANZANA, fruto fresco",22540,"CAJA(S)","CHILE"
"7118","2022",4,"OFICINA PUESTO DE CONTROL MARITIMO - PROV. CONST. DEL CALLAO","MAIZ, almidon",50000,"BOLSAS","FRANCIA"
"7119","2022",4,"OFICINA PUESTO DE CONTROL MARITIMO - PROV. CONST. DEL CALLAO","BETARRAGA, semilla",650,"LATAS","FRANCIA"
"7120","2022",4,"OFICINA PUESTO DE CONTROL MARITIMO - PROV. CONST. DEL CALLAO","PIMIENTO, semilla",2.415,"SACHETS","FRANCIA"
"7121","2022",4,"SANTA ROSA, TACNA","TRACTOR AGRICOLA USADO, con motor de potencia superior a 33 kW pero inferior o igual a 75 kW",4500,"UNIDADES","CHILE"
"7122","2022",4,"SANTA ROSA, TACNA","TRACTOR AGRICOLA USADO, con motor de potencia superior a 33 kW pero inferior o igual a 75 kW",3000,"UNIDADES","CHILE"
"7123","2022",4,"SANTA ROSA, TACNA","TRACTOR AGRICOLA USADO, con motor de potencia superior a 33 kW pero inferior o igual a 75 kW",4500,"GRANEL","CHILE"
"7124","2022",4,"PUESTO DE CONTROL TERRESTRE DESAGUADERO","SOYA, grano",90000,"SACO(S)","BOLIVIA"
"7125","2022",4,"OFICINA PUESTO DE CONTROL MARITIMO - PROV. CONST. DEL CALLAO","PERA, fruta fresca",22932,"CAJA(S)","ARGENTINA"
"7126","2022",4,"OFICINA PUESTO DE CONTROL MARITIMO - PROV. CONST. DEL CALLAO","PERA, fruta fresca",22932,"CAJA(S)","ARGENTINA"
"7127","2022",4,"OFICINA PUESTO DE CONTROL MARITIMO - PROV. CONST. DEL CALLAO","PERA, fruta fresca",22932,"CAJA(S)","ARGENTINA"
"7128","2022",4,"OFICINA PUESTO DE CONTROL MARITIMO - PROV. CONST. DEL CALLAO","CAUCHO, técnicamente especificado (TSNR)",60480,"PALETAS","GUATEMALA"
"7129","2022",4,"SANTA ROSA, TACNA","LIMON TAHITI (Lima tahiti), fruto fresco",24192,"CAJA(S)","CHILE"
"7130","2022",4,"PUESTO DE CONTROL TERRESTRE DESAGUADERO","SOYA, torta",55350,"GRANEL","BOLIVIA"
"7131","2022",4,"PUESTO DE CONTROL TERRESTRE DESAGUADERO","SOYA, torta",56000,"GRANEL","BOLIVIA"
"7132","2022",4,"PUESTO DE CONTROL TERRESTRE DESAGUADERO","SOYA, torta",58100,"GRANEL","BOLIVIA"
"7133","2022",4,"PUESTO DE CONTROL TERRESTRE DESAGUADERO","SOYA, torta",57000,"GRANEL","BOLIVIA"
"7134","2022",4,"OFICINA PUESTO DE CONTROL MARITIMO - PROV. CONST. DEL CALLAO","AZUCAR CRUDA, sólido",560000,"SACO(S)","NICARAGUA"
"7135","2022",4,"OFICINA PUESTO DE CONTROL MARITIMO - PROV. CONST. DEL CALLAO","AZUCAR CRUDA, sólido",560000,"SACO(S)","NICARAGUA"
"7136","2022",4,"OFICINA PUESTO DE CONTROL MARITIMO - PROV. CONST. DEL CALLAO","AZUCAR CRUDA, sólido",560000,"SACO(S)","NICARAGUA"
"7137","2022",4,"OFICINA PUESTO DE CONTROL MARITIMO - PROV. CONST. DEL CALLAO","ARVEJA, semilla",12609.86,"BOLSAS","EEUU"
"7138","2022",4,"OFICINA PUESTO DE CONTROL AEREO -  PROV. CONST. DEL CALLAO","AVENA, harina o polvo",1,"BOLSAS","INDIA"
"7139","2022",4,"OFICINA PUESTO DE CONTROL MARITIMO - PROV. CONST. DEL CALLAO","TRACTOR AGRICOLA USADO, con motor de potencia superior a 130KW",5235.259,"UNIDADES","FRANCIA"
"7140","2022",4,"PUESTO DE CONTROL TERRESTRE DESAGUADERO","SOYA, torta",57000,"GRANEL","BOLIVIA"
"7141","2022",4,"PUESTO DE CONTROL TERRESTRE DESAGUADERO","SOYA, torta",54500,"GRANEL","BOLIVIA"
"7142","2022",4,"PUESTO DE CONTROL TERRESTRE DESAGUADERO","SOYA, torta",56000,"GRANEL","BOLIVIA"
"7143","2022",4,"OFICINA PUESTO DE CONTROL MARITIMO - PROV. CONST. DEL CALLAO","LENTEJA, grano",71894,"SACO(S)","EEUU"
"7144","2022",4,"OFICINA PUESTO DE CONTROL MARITIMO - PROV. CONST. DEL CALLAO","ARVEJA, grano partido",71894,"SACO(S)","EEUU"
"7145","2022",4,"PUESTO DE CONTROL TERRESTRE DESAGUADERO","SOYA, torta",80900,"GRANEL","BOLIVIA"
"7146","2022",4,"IÑAPARI, MADRE DE DIOS","NUEZ DEL BRASIL, con cáscara seca al natural",27945,"SACO(S)","BOLIVIA"
"7147","2022",4,"OFICINA PUESTO DE CONTROL MARITIMO - PROV. CONST. DEL CALLAO","ARROZ, grano pilado",2520,"BOLSAS","ESPAÑA"
"7148","2022",4,"OFICINA PUESTO DE CONTROL AEREO -  PROV. CONST. DEL CALLAO","SANDIA, semilla",0.849,"SACHETS","HOLANDA"
"7149","2022",4,"OFICINA PUESTO DE CONTROL MARITIMO - PROV. CONST. DEL CALLAO","ALMENDRA, sin cáscara, secado industrial",17990,"CAJA(S)","CHILE"
"7150","2022",4,"IÑAPARI, MADRE DE DIOS","NUEZ DEL BRASIL, con cáscara seca al natural",28140,"SACO(S)","BRASIL"
"7151","2022",4,"IÑAPARI, MADRE DE DIOS","NUEZ DEL BRASIL, con cáscara seca al natural",28140,"SACO(S)","BRASIL"
"7152","2022",4,"PUESTO DE CONTROL- CEBAF","PIMIENTA, grano seco al natural",9550,"SACO(S)","ECUADOR"
"7153","2022",4,"PUESTO DE CONTROL TERRESTRE DESAGUADERO","SOYA, torta",202000,"SACO(S)","BOLIVIA"
"7154","2022",4,"PUESTO DE CONTROL TERRESTRE DESAGUADERO","SOYA, torta",116000,"SACO(S)","BOLIVIA"
"7155","2022",4,"OFICINA PUESTO DE CONTROL MARITIMO - PROV. CONST. DEL CALLAO","ALGODON, fibra sin cardar ni peinar (>28.57 mm = o <34.92 mm)",20200,"FARDOS","EEUU"
"7156","2022",4,"OFICINA PUESTO DE CONTROL AEREO -  PROV. CONST. DEL CALLAO","TRIGO, harina",1000,"SACO(S)","ESPAÑA"
"7157","2022",4,"OFICINA PUESTO DE CONTROL AEREO -  PROV. CONST. DEL CALLAO","TRIGO, harina",1800,"SACO(S)","ESPAÑA"
"7158","2022",4,"PUESTO DE CONTROL TERRESTRE DESAGUADERO","SOYA, harina",144000,"SACO(S)","BOLIVIA"
"7159","2022",4,"OFICINA PUESTO DE CONTROL MARITIMO - PROV. CONST. DEL CALLAO","TRIGO, pellets",19010.45,"SACHETS","MEXICO"
"7160","2022",4,"PUESTO DE CONTROL TERRESTRE DESAGUADERO","GIRASOL, torta",144000,"SACO(S)","BOLIVIA"
"7161","2022",4,"PUESTO DE CONTROL TERRESTRE DESAGUADERO","SOYA, torta",114500,"SACO(S)","BOLIVIA"
"7162","2022",4,"PUESTO DE CONTROL TERRESTRE DESAGUADERO","SOYA, torta",117000,"SACO(S)","BOLIVIA"
"7163","2022",4,"PUESTO DE CONTROL TERRESTRE DESAGUADERO","SOYA, torta",115500,"SACO(S)","BOLIVIA"
"7164","2022",4,"PUESTO DE CONTROL TERRESTRE DESAGUADERO","SOYA, torta",115000,"SACO(S)","BOLIVIA"
"7165","2022",4,"PUESTO DE CONTROL TERRESTRE DESAGUADERO","SOYA, torta",114500,"SACO(S)","BOLIVIA"
"7166","2022",4,"PUESTO DE CONTROL TERRESTRE DESAGUADERO","SOYA, grano",83020,"GRANEL","BOLIVIA"
"7167","2022",4,"PUESTO DE CONTROL TERRESTRE DESAGUADERO","SOYA, grano",84510,"GRANEL","BOLIVIA"
"7168","2022",4,"PUESTO DE CONTROL TERRESTRE DESAGUADERO","SOYA, grano",83480,"GRANEL","BOLIVIA"
"7169","2022",4,"PUESTO DE CONTROL TERRESTRE DESAGUADERO","SOYA, harina",78611,"SACO(S)","BOLIVIA"
"7170","2022",4,"PUESTO DE CONTROL TERRESTRE DESAGUADERO","SOYA, grano",56030,"GRANEL","BOLIVIA"
"7171","2022",4,"PUESTO DE CONTROL TERRESTRE DESAGUADERO","SOYA, torta",54000,"GRANEL","BOLIVIA"
"7172","2022",4,"PUESTO DE CONTROL TERRESTRE DESAGUADERO","SOYA, torta",56000,"GRANEL","BOLIVIA"
"7173","2022",4,"OFICINA PUESTO DE CONTROL AEREO -  PROV. CONST. DEL CALLAO","TOMATE, semilla",0.011,"SACHETS","FRANCIA"
"7174","2022",4,"OFICINA PUESTO DE CONTROL AEREO -  PROV. CONST. DEL CALLAO","PIMIENTO, semilla",0.128,"SACHETS","EEUU"
"7175","2022",4,"PUESTO DE CONTROL TERRESTRE DESAGUADERO","SOYA, torta",146000,"SACO(S)","BOLIVIA"
"7176","2022",4,"PUESTO DE CONTROL TERRESTRE DESAGUADERO","SOYA, torta",86000,"SACO(S)","BOLIVIA"
"7177","2022",4,"PUESTO DE CONTROL TERRESTRE DESAGUADERO","SOYA, torta",139820,"GRANEL","BOLIVIA"
"7178","2022",4,"PUESTO DE CONTROL TERRESTRE DESAGUADERO","SOYA, torta",56000,"GRANEL","BOLIVIA"
"7179","2022",4,"PUESTO DE CONTROL TERRESTRE DESAGUADERO","SOYA, torta",76500,"GRANEL","BOLIVIA"
"7180","2022",4,"PUESTO DE CONTROL TERRESTRE DESAGUADERO","SOYA, torta",50000,"GRANEL","BOLIVIA"
"7181","2022",4,"PUESTO DE CONTROL TERRESTRE DESAGUADERO","SOYA, torta",56000,"GRANEL","BOLIVIA"
"7182","2022",4,"PUESTO DE CONTROL TERRESTRE DESAGUADERO","SOYA, torta",58000,"GRANEL","BOLIVIA"
"7183","2022",4,"PUESTO DE CONTROL TERRESTRE DESAGUADERO","SOYA, torta",85000,"GRANEL","BOLIVIA"
"7184","2022",4,"PUESTO DE CONTROL- CEBAF","CAÑA DE GUAYAQUIL, seca al natural",32000,"UNIDADES","ECUADOR"
"7185","2022",4,"OFICINA PUESTO DE CONTROL MARITIMO - PROV. CONST. DEL CALLAO","MAIZ, harina",29070,"BOLSAS","COLOMBIA"
"7186","2022",4,"OFICINA PUESTO DE CONTROL AEREO -  PROV. CONST. DEL CALLAO","TOMATE, semilla",0.07641,"SACHETS","HOLANDA"
"7187","2022",4,"OFICINA PUESTO DE CONTROL AEREO -  PROV. CONST. DEL CALLAO","PIMIENTO, semilla",2.666888,"SACHETS","HOLANDA"
"7188","2022",4,"OFICINA PUESTO DE CONTROL AEREO -  PROV. CONST. DEL CALLAO","ZAPALLITO ITALIANO (CALABACIN), semilla",0.373,"SACHETS","HOLANDA"
"7189","2022",4,"PUESTO DE CONTROL TERRESTRE DESAGUADERO","SOYA, grano",87000,"SACO(S)","BOLIVIA"
"7190","2022",4,"OFICINA PUESTO DE CONTROL MARITIMO - PROV. CONST. DEL CALLAO","PAPA, fécula",1e+05,"BOLSAS","ALEMANIA"
"7191","2022",4,"OFICINA PUESTO DE CONTROL MARITIMO - PROV. CONST. DEL CALLAO","LENTEJA, grano",49397,"SACO(S)","CANADA"
"7192","2022",4,"OFICINA PUESTO DE CONTROL MARITIMO - PROV. CONST. DEL CALLAO","CAUCHO, técnicamente especificado (TSNR)",20160,"PALETAS","PANAMA"
"7193","2022",4,"OFICINA PUESTO DE CONTROL MARITIMO - PROV. CONST. DEL CALLAO","CAUCHO, hojas ahumadas",41000,"UNIDADES","VIETNAM"
"7194","2022",4,"OFICINA PUESTO DE CONTROL MARITIMO - PROV. CONST. DEL CALLAO","ALGARROBO, harina",5000,"SACO(S)","ESPAÑA"
"7195","2022",4,"OFICINA PUESTO DE CONTROL MARITIMO - PROV. CONST. DEL CALLAO","PAPA, fécula",60000,"BOLSAS","ALEMANIA"
"7196","2022",4,"OFICINA PUESTO DE CONTROL MARITIMO - PROV. CONST. DEL CALLAO","ALGODON, fibra sin cardar ni peinar (>28.57 mm = o <34.92 mm)",99130,"FARDOS","EEUU"
"7197","2022",4,"OFICINA PUESTO DE CONTROL MARITIMO - PROV. CONST. DEL CALLAO","LENTEJA, grano",78924,"SACO(S)","CANADA"
"7198","2022",4,"OFICINA PUESTO DE CONTROL MARITIMO - PROV. CONST. DEL CALLAO","ARVEJA, grano partido",22317,"SACO(S)","EEUU"
"7199","2022",4,"OFICINA PUESTO DE CONTROL MARITIMO - PROV. CONST. DEL CALLAO","ARVEJA, grano partido",23496,"SACO(S)","EEUU"
"7200","2022",4,"OFICINA PUESTO DE CONTROL MARITIMO - PROV. CONST. DEL CALLAO","ARVEJA, grano partido",149688,"SACO(S)","EEUU"
"7201","2022",4,"OFICINA PUESTO DE CONTROL MARITIMO - PROV. CONST. DEL CALLAO","TRACTOR AGRICOLA USADO, con motor de potencia superior a 75 kW pero inferior o igual a 130 kW",14250,"UNIDADES","FRANCIA"
"7202","2022",4,"OFICINA PUESTO DE CONTROL MARITIMO - PROV. CONST. DEL CALLAO","ARVEJA, grano entero",23541,"SACO(S)","EEUU"
"7203","2022",4,"OFICINA PUESTO DE CONTROL MARITIMO - PROV. CONST. DEL CALLAO","ALGODON, fibra sin cardar ni peinar (>22.22 mm = o <28.57 mm)",261824.27,"FARDOS","EEUU"
"7204","2022",4,"OFICINA PUESTO DE CONTROL MARITIMO - PROV. CONST. DEL CALLAO","ALGODON, fibra sin cardar ni peinar (>22.22 mm = o <28.57 mm)",40280,"FARDOS","EEUU"
"7205","2022",4,"PUESTO DE CONTROL TERRESTRE DESAGUADERO","SOYA, torta",116500,"SACO(S)","BOLIVIA"
"7206","2022",4,"SANTA ROSA, TACNA","DURAZNO, seco industrial",1600,"CAJA(S)","CHILE"
"7207","2022",4,"SANTA ROSA, TACNA","DURAZNO, seco industrial",1600,"CAJA(S)","CHILE"
"7208","2022",4,"SANTA ROSA, TACNA","DURAZNO, seco industrial",1600,"CAJA(S)","CHILE"
"7209","2022",4,"SANTA ROSA, TACNA","DURAZNO, seco industrial",1600,"CAJA(S)","CHILE"
"7210","2022",4,"SANTA ROSA, TACNA","DURAZNO, seco industrial",1600,"CAJA(S)","CHILE"
"7211","2022",4,"OFICINA PUESTO DE CONTROL MARITIMO - PROV. CONST. DEL CALLAO","TURBA",118661,"BIG BAG","LETONIA"
"7212","2022",4,"OFICINA PUESTO DE CONTROL MARITIMO - PROV. CONST. DEL CALLAO","AVENA, grano aplastado o en copos (hojuelas)",52000,"SACO(S)","CHILE"
"7213","2022",4,"OFICINA PUESTO DE CONTROL MARITIMO - PROV. CONST. DEL CALLAO","LENTEJA, grano",92532,"SACO(S)","CANADA"
"7214","2022",4,"OFICINA PUESTO DE CONTROL MARITIMO - PROV. CONST. DEL CALLAO","LENTEJA, grano",69399,"SACO(S)","CANADA"
"7215","2022",4,"PUESTO DE CONTROL TERRESTRE DESAGUADERO","SOYA, torta",85220,"SACO(S)","BOLIVIA"
"7216","2022",4,"OFICINA PUESTO DE CONTROL MARITIMO - PROV. CONST. DEL CALLAO","ARVEJA, grano partido",93984,"SACO(S)","EEUU"
"7217","2022",4,"SANTA ROSA, TACNA","MANZANA, fruto fresco",23177,"CAJA(S)","CHILE"
"7218","2022",4,"SANTA ROSA, TACNA","MANZANA, fruto fresco",23520,"CAJA(S)","CHILE"
"7219","2022",4,"SANTA ROSA, TACNA","MANZANA, fruto fresco",22932,"CAJA(S)","CHILE"
"7220","2022",4,"SANTA ROSA, TACNA","TRACTOR AGRICOLA USADO, con motor de potencia superior a 33 kW pero inferior o igual a 75 kW",3080,"UNIDADES","CHINA"
"7221","2022",4,"SANTA ROSA, TACNA","TRACTOR AGRICOLA USADO, con motor de potencia superior a 33 kW pero inferior o igual a 75 kW",3080,"UNIDADES","CHINA"
"7222","2022",4,"SANTA ROSA, TACNA","TRACTOR AGRICOLA USADO, con motor de potencia superior a 33 kW pero inferior o igual a 75 kW",3080,"UNIDADES","CHINA"
"7223","2022",4,"SANTA ROSA, TACNA","TRACTOR AGRICOLA USADO, con motor de potencia superior a 33 kW pero inferior o igual a 75 kW",3080,"UNIDADES","CHINA"
"7224","2022",4,"SANTA ROSA, TACNA","TRACTOR AGRICOLA USADO, con motor de potencia superior a 33 kW pero inferior o igual a 75 kW",3080,"UNIDADES","CHINA"
"7225","2022",4,"SANTA ROSA, TACNA","TRACTOR AGRICOLA USADO, con motor de potencia superior a 33 kW pero inferior o igual a 75 kW",3080,"UNIDADES","CHINA"
"7226","2022",4,"SANTA ROSA, TACNA","TRACTOR AGRICOLA USADO, con motor de potencia superior a 33 kW pero inferior o igual a 75 kW",3080,"UNIDADES","CHINA"
"7227","2022",4,"SANTA ROSA, TACNA","KIWI, fruto fresco",7395,"CAJA(S)","CHILE"
"7228","2022",4,"SANTA ROSA, TACNA","MANZANA, fruto fresco",22540,"CAJA(S)","CHILE"
"7229","2022",4,"SANTA ROSA, TACNA","PERA, fruta fresca",15120,"CAJA(S)","CHILE"
"7230","2022",4,"PUESTO DE CONTROL- CEBAF","ROSA, flores frescas cortadas",800,"CAJA(S)","ECUADOR"
"7231","2022",4,"OFICINA PUESTO DE CONTROL MARITIMO - PROV. CONST. DEL CALLAO","HORTALIZAS,las demas y mezclas(incluso silv.),secas,trituradas,pulverizadas",380,"PALETAS","MEXICO"
"7232","2022",4,"OFICINA PUESTO DE CONTROL MARITIMO - PROV. CONST. DEL CALLAO","LENTEJA, grano",49896,"SACO(S)","CANADA"
"7233","2022",4,"OFICINA PUESTO DE CONTROL MARITIMO - PROV. CONST. DEL CALLAO","BETARRAGA, semilla",786.6,"BOLSAS","HOLANDA"
"7234","2022",4,"OFICINA PUESTO DE CONTROL MARITIMO - PROV. CONST. DEL CALLAO","ESPINACA, semilla",1000,"BOLSAS","HOLANDA"
"7235","2022",4,"OFICINA PUESTO DE CONTROL MARITIMO - PROV. CONST. DEL CALLAO","LENTEJA, grano",70489,"SACO(S)","EEUU"
"7236","2022",4,"PUERTO DE PISCO , ICA","ARROZ, grano pilado",2494800,"SACO(S)","BRASIL"
"7237","2022",4,"PUERTO DE PISCO , ICA","ARROZ, parbolizado pulido o sin cáscara",1008000,"BIG BAG","BRASIL"
"7238","2022",4,"PUERTO DE PISCO , ICA","ARROZ, parbolizado pulido o sin cáscara",994350,"BIG BAG","BRASIL"
"7239","2022",4,"PUERTO DE PISCO , ICA","ARROZ, parbolizado pulido o sin cáscara",722400,"BIG BAG","BRASIL"
"7240","2022",4,"OFICINA PUESTO DE CONTROL MARITIMO - PROV. CONST. DEL CALLAO","COCO, fibra (para sustrato)",201000,"PALETAS","INDIA"
"7241","2022",4,"OFICINA PUESTO DE CONTROL MARITIMO - PROV. CONST. DEL CALLAO","COCO, fibra (para sustrato)",99600,"PALETAS","INDIA"
"7242","2022",4,"OFICINA PUESTO DE CONTROL MARITIMO - PROV. CONST. DEL CALLAO","MANZANA, fruto fresco",19551,"CAJA(S)","CHILE"
"7243","2022",4,"PUESTO DE CONTROL TERRESTRE DESAGUADERO","SOYA, harina",58000,"SACO(S)","BOLIVIA"
"7244","2022",4,"OFICINA PUESTO DE CONTROL MARITIMO - PROV. CONST. DEL CALLAO","TRIGO, gluten",25000,"BOLSAS","CHINA"
"7245","2022",4,"OFICINA PUESTO DE CONTROL AEREO -  PROV. CONST. DEL CALLAO","ORQUIDEA, planta",79.8,"CAJA(S)","HOLANDA"
"7246","2022",4,"OFICINA PUESTO DE CONTROL MARITIMO - PROV. CONST. DEL CALLAO","LENTEJA, grano",23496,"SACO(S)","EEUU"
"7247","2022",4,"OFICINA PUESTO DE CONTROL AEREO -  PROV. CONST. DEL CALLAO","TOMATE, polvo",75,"CAJA(S)","EEUU"
"7248","2022",4,"OFICINA PUESTO DE CONTROL MARITIMO - PROV. CONST. DEL CALLAO","MADERA EN PLAQUITAS, o particulas distinta de coníferas con algún proceso de la CRF 2",2880,"SACO(S)","ALEMANIA"
"7249","2022",4,"OFICINA PUESTO DE CONTROL MARITIMO - PROV. CONST. DEL CALLAO","ASERRIN, polvo",8640,"SACO(S)","ALEMANIA"
"7250","2022",4,"SANTA ROSA, TACNA","MANZANA, fruto fresco",23520,"CAJA(S)","CHILE"
"7251","2022",4,"SANTA ROSA, TACNA","MANZANA, fruto fresco",23520,"CAJA(S)","CHILE"
"7252","2022",4,"OFICINA PUESTO DE CONTROL MARITIMO - PROV. CONST. DEL CALLAO","AZUCAR DE CAÑA, solido en bruto",50000,"BOLSAS","BRASIL"
"7253","2022",4,"SANTA ROSA, TACNA","FREJOL, grano",13500,"SACO(S)","ARGENTINA"
"7254","2022",4,"OFICINA PUESTO DE CONTROL MARITIMO - PROV. CONST. DEL CALLAO","ALGODON, fibra sin cardar ni peinar (>34.92 mm)",141142.533,"FARDOS","EEUU"
"7255","2022",4,"SANTA ROSA, TACNA","GARBANZO, grano",13500,"BOLSAS","ARGENTINA"
"7256","2022",4,"SANTA ROSA, TACNA","MANZANA, fruto fresco",7840,"CAJA(S)","CHILE"
"7257","2022",4,"SANTA ROSA, TACNA","PERA, fruta fresca",16398,"CAJA(S)","CHILE"
"7258","2022",4,"PUESTO DE CONTROL TERRESTRE DESAGUADERO","SOYA, torta",143000,"SACO(S)","BOLIVIA"
"7259","2022",4,"SANTA ROSA, TACNA","PERA, fruta fresca",2016,"CAJA(S)","CHILE"
"7260","2022",4,"OFICINA PUESTO DE CONTROL AEREO -  PROV. CONST. DEL CALLAO","ZAPALLITO ITALIANO (CALABACIN), semilla",1.68,"SACHETS","HOLANDA"
"7261","2022",4,"PUESTO DE CONTROL TERRESTRE DESAGUADERO","MANI, grano sin cáscara",30000,"SACO(S)","BOLIVIA"
"7262","2022",4,"PUESTO DE CONTROL TERRESTRE DESAGUADERO","MANI, grano sin cáscara",30000,"SACO(S)","BOLIVIA"
"7263","2022",4,"PUESTO DE CONTROL TERRESTRE DESAGUADERO","MANI, grano sin cáscara",58000,"SACO(S)","BOLIVIA"
"7264","2022",4,"PUESTO DE CONTROL TERRESTRE DESAGUADERO","SOYA, torta",106000,"SACO(S)","BOLIVIA"
"7265","2022",4,"PUERTO DE SALAVERRY, LA LIBERTAD","SOYA, torta",14001720,"GRANEL","CHILE"
"7266","2022",4,"PUESTO DE CONTROL TERRESTRE DESAGUADERO","SOYA, torta",115500,"SACO(S)","BOLIVIA"
"7267","2022",4,"PUESTO DE CONTROL TERRESTRE DESAGUADERO","SOYA, torta",84000,"GRANEL","BOLIVIA"
"7268","2022",4,"PUESTO DE CONTROL TERRESTRE DESAGUADERO","SOYA, torta",199000,"SACO(S)","BOLIVIA"
"7269","2022",4,"OFICINA PUESTO DE CONTROL MARITIMO - PROV. CONST. DEL CALLAO","Los demas articulos para fiesta, carnaval u otras diversiones, incluidos los de magia y articulos sorpresa que sean o contengan material vegetal
",4339.16,"BOLSAS","COLOMBIA"
"7270","2022",4,"PUESTO DE CONTROL TERRESTRE DESAGUADERO","FREJOL NEGRO, grano",83000,"SACO(S)","BOLIVIA"
"7271","2022",4,"PUESTO DE CONTROL TERRESTRE DESAGUADERO","SOYA, torta",56010,"GRANEL","BOLIVIA"
"7272","2022",4,"PUESTO DE CONTROL TERRESTRE DESAGUADERO","SOYA, grano",50000,"GRANEL","BOLIVIA"
"7273","2022",4,"PUESTO DE CONTROL TERRESTRE DESAGUADERO","SOYA, grano",50000,"GRANEL","BOLIVIA"
"7274","2022",4,"OFICINA PUESTO DE CONTROL MARITIMO - PROV. CONST. DEL CALLAO","ALGODON, fibra sin cardar ni peinar (>28.57 mm = o <34.92 mm)",59190,"FARDOS","EEUU"
"7275","2022",4,"OFICINA PUESTO DE CONTROL MARITIMO - PROV. CONST. DEL CALLAO","TURBA",139000,"FARDOS","LITUANIA"
"7276","2022",4,"PUESTO DE CONTROL TERRESTRE DESAGUADERO","SOYA, torta",29000,"SACO(S)","BOLIVIA"
"7277","2022",4,"PUESTO DE CONTROL TERRESTRE DESAGUADERO","SOYA, torta",116000,"SACO(S)","BOLIVIA"
"7278","2022",4,"PUESTO DE CONTROL TERRESTRE DESAGUADERO","SOYA, torta",91000,"SACO(S)","BOLIVIA"
"7279","2022",4,"OFICINA PUESTO DE CONTROL MARITIMO - PROV. CONST. DEL CALLAO","AZUCAR BLANCA O REFINADA (lectura polarimetrica mayor 99.5°)",265000,"SACO(S)","COLOMBIA"
"7280","2022",4,"OFICINA PUESTO DE CONTROL MARITIMO - PROV. CONST. DEL CALLAO","AZUCAR BLANCA O REFINADA (lectura polarimetrica mayor 99.5°)",264550,"SACO(S)","COLOMBIA"
"7281","2022",4,"OFICINA PUESTO DE CONTROL MARITIMO - PROV. CONST. DEL CALLAO","AZUCAR BLANCA O REFINADA (lectura polarimetrica mayor 99.5°)",265000,"SACO(S)","COLOMBIA"
"7282","2022",4,"IÑAPARI, MADRE DE DIOS","NUEZ DEL BRASIL, con cáscara seca al natural",28140,"SACO(S)","BRASIL"
"7283","2022",4,"IÑAPARI, MADRE DE DIOS","NUEZ DEL BRASIL, con cáscara seca al natural",28140,"SACO(S)","BRASIL"
"7284","2022",4,"PUESTO DE CONTROL TERRESTRE DESAGUADERO","SOYA, torta",144000,"SACO(S)","BOLIVIA"
"7285","2022",4,"PUESTO DE CONTROL TERRESTRE DESAGUADERO","SOYA, torta",144000,"SACO(S)","BOLIVIA"
"7286","2022",4,"OFICINA PUESTO DE CONTROL MARITIMO - PROV. CONST. DEL CALLAO","YUCA (=MANDIOCA), fécula",50000,"BOLSAS","NICARAGUA"
"7287","2022",4,"SANTA ROSA, TACNA","MANZANA, fruto fresco",23520,"CAJA(S)","CHILE"
"7288","2022",4,"OFICINA PUESTO DE CONTROL MARITIMO - PROV. CONST. DEL CALLAO","BAMBU, artículos de cestería obtenidos directamente en su forma con materia trenzable con algún proceso de la CRF 2",100,"UNIDADES","VIETNAM"
"7289","2022",4,"OFICINA PUESTO DE CONTROL MARITIMO - PROV. CONST. DEL CALLAO","Articulos de cesteria (canastos, cestos u otros), con algun proceso de la CRF2",3986.8,"UNIDADES","VIETNAM"
"7290","2022",4,"SANTA ROSA, TACNA","MANZANA, fruto fresco",22785,"CAJA(S)","CHILE"
"7291","2022",4,"PUESTO DE CONTROL- CEBAF","FREJOL DE PALO, grano",20550,"SACO(S)","ECUADOR"
"7292","2022",4,"OFICINA PUESTO DE CONTROL MARITIMO - PROV. CONST. DEL CALLAO","AZUCAR BLANCA O REFINADA (lectura polarimetrica mayor 99.5°)",106000,"SACO(S)","GUATEMALA"
"7293","2022",4,"OFICINA PUESTO DE CONTROL MARITIMO - PROV. CONST. DEL CALLAO","LENTEJA, grano",94348,"SACO(S)","EEUU"
"7294","2022",4,"OFICINA PUESTO DE CONTROL MARITIMO - PROV. CONST. DEL CALLAO","CAUCHO, hojas ahumadas",20195,"PALETAS","GUATEMALA"
"7295","2022",4,"PUESTO DE CONTROL TERRESTRE DESAGUADERO","SOYA, torta",176500,"SACO(S)","BOLIVIA"
"7296","2022",4,"SANTA ROSA, TACNA","MANZANA, fruto fresco",21560,"CAJA(S)","CHILE"
"7297","2022",4,"OFICINA PUESTO DE CONTROL MARITIMO - PROV. CONST. DEL CALLAO","YUTE, sacos",15360,"SACO(S)","BANGLADESH"
"7298","2022",4,"OFICINA PUESTO DE CONTROL MARITIMO - PROV. CONST. DEL CALLAO","CAUCHO, técnicamente especificado (TSNR)",80640,"PAQUETES","GUATEMALA"
"7299","2022",4,"PUESTO DE CONTROL TERRESTRE DESAGUADERO","LINAZA, grano",29000,"SACO(S)","BOLIVIA"
"7300","2022",4,"PUESTO DE CONTROL TERRESTRE DESAGUADERO","MANI, grano sin cáscara",116000,"SACO(S)","BOLIVIA"
"7301","2022",4,"PUESTO DE CONTROL- CEBAF","CAÑA DE GUAYAQUIL, seca al natural",34000,"UNIDADES","ECUADOR"
"7302","2022",4,"OFICINA PUESTO DE CONTROL MARITIMO - PROV. CONST. DEL CALLAO","MANZANA, fruto fresco",5586,"CAJA(S)","ARGENTINA"
"7303","2022",4,"OFICINA PUESTO DE CONTROL MARITIMO - PROV. CONST. DEL CALLAO","PERA, fruta fresca",17010,"CAJA(S)","ARGENTINA"
"7304","2022",4,"OFICINA PUESTO DE CONTROL MARITIMO - PROV. CONST. DEL CALLAO","NUEZ, con cáscara seca al natural",19958.048,"SACOS DE YUTE","EEUU"
"7305","2022",4,"IÑAPARI, MADRE DE DIOS","NUEZ DEL BRASIL, con cáscara seca al natural",27859,"SACO(S)","BOLIVIA"
"7306","2022",4,"IÑAPARI, MADRE DE DIOS","NUEZ DEL BRASIL, con cáscara seca al natural",27859,"SACO(S)","BOLIVIA"
"7307","2022",4,"OFICINA PUESTO DE CONTROL MARITIMO - PROV. CONST. DEL CALLAO","OREJAS DE JUDAS, seco industrial",500,"CAJA(S)","CHINA"
"7308","2022",4,"OFICINA PUESTO DE CONTROL MARITIMO - PROV. CONST. DEL CALLAO","HONGO, seco industrial",160,"CAJA(S)","CHINA"
"7309","2022",4,"OFICINA PUESTO DE CONTROL MARITIMO - PROV. CONST. DEL CALLAO","Shitake (Lentinus edodes), secos, incluso los cortados en trozos o en rodajas, trituradas o pulverizadas, sin otra preparación",370,"CAJA(S)","CHINA"
"7310","2022",4,"OFICINA PUESTO DE CONTROL MARITIMO - PROV. CONST. DEL CALLAO","ANIS ESTRELLA, sin triturar con secado industrial",160,"CAJA(S)","CHINA"
"7311","2022",4,"OFICINA PUESTO DE CONTROL MARITIMO - PROV. CONST. DEL CALLAO","LAS DEMAS PLANTAS, partes de plantas, semillas y frutos de especies utilizadas principalmente en perfumeria,medicina insecticidas o similares con algún proceso del a CRF 2",28.8,"CAJA(S)","CHINA"
"7312","2022",4,"PUESTO DE CONTROL TERRESTRE DESAGUADERO","SOYA, torta",29000,"GRANEL","BOLIVIA"
"7313","2022",4,"PUESTO DE CONTROL TERRESTRE DESAGUADERO","SOYA, grano",55330,"GRANEL","BOLIVIA"
"7314","2022",4,"PUESTO DE CONTROL TERRESTRE DESAGUADERO","SOYA, torta",113500,"GRANEL","BOLIVIA"
"7315","2022",4,"PUESTO DE CONTROL TERRESTRE DESAGUADERO","SOYA, torta",58000,"GRANEL","BOLIVIA"
"7316","2022",4,"PUESTO DE CONTROL TERRESTRE DESAGUADERO","SOYA, torta",27000,"GRANEL","BOLIVIA"
"7317","2022",4,"PUESTO DE CONTROL TERRESTRE DESAGUADERO","SOYA, grano",56100,"GRANEL","BOLIVIA"
"7318","2022",4,"PUESTO DE CONTROL TERRESTRE DESAGUADERO","SOYA, grano",83930,"GRANEL","BOLIVIA"
"7319","2022",4,"PUESTO DE CONTROL TERRESTRE DESAGUADERO","SOYA, grano",55770,"GRANEL","BOLIVIA"
"7320","2022",4,"PUESTO DE CONTROL TERRESTRE DESAGUADERO","SOYA, torta",29000,"GRANEL","BOLIVIA"
"7321","2022",4,"PUESTO DE CONTROL TERRESTRE DESAGUADERO","SOYA, torta",82630,"GRANEL","BOLIVIA"
"7322","2022",4,"PUESTO DE CONTROL TERRESTRE DESAGUADERO","SOYA, grano",56080,"GRANEL","BOLIVIA"
"7323","2022",4,"OFICINA PUESTO DE CONTROL MARITIMO - PROV. CONST. DEL CALLAO","MANZANA, fruto fresco",19845,"CAJA(S)","CHILE"
"7324","2022",4,"OFICINA PUESTO DE CONTROL AEREO -  PROV. CONST. DEL CALLAO","CULTIVO DE MICROORGANISMOS PARA FERMENTOS",360,"FRASCO(S)","COLOMBIA"
"7325","2022",4,"OFICINA PUESTO DE CONTROL MARITIMO - PROV. CONST. DEL CALLAO","CIRUELA, fruto fresco",16710,"CAJA(S)","CHILE"
"7326","2022",4,"SANTA ROSA, TACNA","MANZANA, fruto fresco",19600,"CAJA(S)","CHILE"
"7327","2022",4,"SANTA ROSA, TACNA","KIWI, fruto fresco",3360,"CAJA(S)","CHILE"
"7328","2022",4,"PUESTO DE CONTROL TERRESTRE DESAGUADERO","SOYA, torta",205000,"SACO(S)","BOLIVIA"
"7329","2022",4,"PUESTO DE CONTROL TERRESTRE DESAGUADERO","SOYA, torta",146500,"SACO(S)","BOLIVIA"
"7330","2022",4,"PUESTO DE CONTROL TERRESTRE DESAGUADERO","SOYA, torta",175000,"SACO(S)","BOLIVIA"
"7331","2022",4,"SANTA ROSA, TACNA","PERA, fruta fresca",7056,"CAJA(S)","CHILE"
"7332","2022",4,"SANTA ROSA, TACNA","MANZANA, fruto fresco",15680,"CAJA(S)","CHILE"
"7333","2022",4,"PUESTO DE CONTROL TERRESTRE DESAGUADERO","SOYA, torta",115000,"SACO(S)","BOLIVIA"
"7334","2022",4,"SANTA ROSA, TACNA","UVA, fruta fresca",18432,"CAJA(S)","CHILE"
"7335","2022",4,"OFICINA PUESTO DE CONTROL MARITIMO - PROV. CONST. DEL CALLAO","LENTEJA, grano",24948,"SACO(S)","CANADA"
"7336","2022",4,"OFICINA PUESTO DE CONTROL MARITIMO - PROV. CONST. DEL CALLAO","Arados usados
",711.23,"UNIDADES","FRANCIA"
"7337","2022",4,"OFICINA PUESTO DE CONTROL MARITIMO - PROV. CONST. DEL CALLAO","Las demás gradas (rastras), escarificadores y extirpadores usados
",1955.882,"UNIDADES","FRANCIA"
"7338","2022",4,"OFICINA PUESTO DE CONTROL MARITIMO - PROV. CONST. DEL CALLAO","Las demás partes de aparatos y artefactos agrícolas horticolas o silvicolas, usados
",675.668,"UNIDADES","FRANCIA"
"7339","2022",4,"OFICINA PUESTO DE CONTROL MARITIMO - PROV. CONST. DEL CALLAO","TRACTOR AGRICOLA USADO, con motor de potencia superior a 75 kW pero inferior o igual a 130 kW",9957.22,"UNIDADES","FRANCIA"
"7340","2022",4,"PUESTO DE CONTROL TERRESTRE DESAGUADERO","SOYA, torta",114000,"SACO(S)","BOLIVIA"
"7341","2022",4,"SALON INTERNACIONAL - AEROPUERTO","TRACTOR AGRICOLA USADO, con motor de potencia superior a 33 kW pero inferior o igual a 75 kW",4000,"UNIDADES","CHILE"
"7342","2022",4,"SANTA ROSA, TACNA","TRACTOR AGRICOLA USADO, con motor de potencia superior a 33 kW pero inferior o igual a 75 kW",4000,"UNIDADES","CHILE"
"7343","2022",4,"SANTA ROSA, TACNA","TRACTOR AGRICOLA USADO, con motor de potencia superior a 33 kW pero inferior o igual a 75 kW",4000,"UNIDADES","CHILE"
"7344","2022",4,"PUESTO DE CONTROL TERRESTRE DESAGUADERO","SOYA, torta",116000,"SACO(S)","BOLIVIA"
"7345","2022",4,"OFICINA PUESTO DE CONTROL MARITIMO - PROV. CONST. DEL CALLAO","ALGODON, fibra sin cardar ni peinar (>22.22 mm = o <28.57 mm)",118900,"FARDOS","EEUU"
"7346","2022",4,"PUERTO DE SALAVERRY, LA LIBERTAD","SOYA, torta",2171500,"GRANEL","CHILE"
"7347","2022",4,"OFICINA PUESTO DE CONTROL MARITIMO - PROV. CONST. DEL CALLAO","AZUCAR BLANCA O REFINADA (lectura polarimetrica mayor 99.5°)",265000,"SACO(S)","COLOMBIA"
"7348","2022",4,"PUESTO DE CONTROL TERRESTRE DESAGUADERO","SOYA, torta",114000,"SACO(S)","BOLIVIA"
"7349","2022",4,"PUESTO DE CONTROL TERRESTRE DESAGUADERO","SOYA, torta",116000,"SACO(S)","BOLIVIA"
"7350","2022",4,"OFICINA PUESTO DE CONTROL MARITIMO - PROV. CONST. DEL CALLAO","ALGODON, fibra sin cardar ni peinar (>28.57 mm = o <34.92 mm)",233830,"FARDOS","EEUU"
"7351","2022",4,"OFICINA PUESTO DE CONTROL MARITIMO - PROV. CONST. DEL CALLAO","ALGODON, fibra sin cardar ni peinar (>34.92 mm)",97390,"FARDOS","EEUU"
"7352","2022",4,"PUESTO DE CONTROL TERRESTRE DESAGUADERO","SOYA, harina",115000,"SACO(S)","BOLIVIA"
"7353","2022",4,"OFICINA PUESTO DE CONTROL MARITIMO - PROV. CONST. DEL CALLAO","COCO, fibra (para sustrato)",198400,"PALETAS","INDIA"
"7354","2022",4,"OFICINA PUESTO DE CONTROL MARITIMO - PROV. CONST. DEL CALLAO","COCO, fibra (para sustrato)",199600,"PALETAS","INDIA"
"7355","2022",4,"OFICINA PUESTO DE CONTROL MARITIMO - PROV. CONST. DEL CALLAO","COCO, fibra (para sustrato)",2e+05,"PALETAS","INDIA"
"7356","2022",4,"OFICINA PUESTO DE CONTROL MARITIMO - PROV. CONST. DEL CALLAO","COCO, fibra (para sustrato)",149000,"PALETAS","INDIA"
"7357","2022",4,"OFICINA PUESTO DE CONTROL MARITIMO - PROV. CONST. DEL CALLAO","COCO, fibra (para sustrato)",199200,"PALETAS","INDIA"
"7358","2022",4,"OFICINA PUESTO DE CONTROL MARITIMO - PROV. CONST. DEL CALLAO","COCO, fibra (para sustrato)",199200,"PALETAS","INDIA"
"7359","2022",4,"OFICINA PUESTO DE CONTROL MARITIMO - PROV. CONST. DEL CALLAO","COCO, fibra (para sustrato)",199200,"PALETAS","INDIA"
"7360","2022",4,"OFICINA PUESTO DE CONTROL MARITIMO - PROV. CONST. DEL CALLAO","COCO, fibra (para sustrato)",147600,"PALETAS","INDIA"
"7361","2022",4,"OFICINA PUESTO DE CONTROL MARITIMO - PROV. CONST. DEL CALLAO","COCO, fibra (para sustrato)",99600,"PALETAS","INDIA"
"7362","2022",4,"OFICINA PUESTO DE CONTROL MARITIMO - PROV. CONST. DEL CALLAO","COCO, fibra (para sustrato)",98400,"PALETAS","INDIA"
"7363","2022",4,"OFICINA PUESTO DE CONTROL MARITIMO - PROV. CONST. DEL CALLAO","COCO, fibra (para sustrato)",99600,"PALETAS","INDIA"
"7364","2022",4,"OFICINA PUESTO DE CONTROL MARITIMO - PROV. CONST. DEL CALLAO","COCO, fibra (para sustrato)",118500,"PALETAS","INDIA"
"7365","2022",4,"OFICINA PUESTO DE CONTROL MARITIMO - PROV. CONST. DEL CALLAO","COCO, fibra (para sustrato)",142800,"PALETAS","INDIA"
"7366","2022",4,"OFICINA PUESTO DE CONTROL MARITIMO - PROV. CONST. DEL CALLAO","COCO, fibra (para sustrato)",99600,"PALETAS","INDIA"
"7367","2022",4,"SANTA ROSA, TACNA","MANZANA, fruto fresco",17640,"CAJA(S)","CHILE"
"7368","2022",4,"SANTA ROSA, TACNA","PERA, fruta fresca",5292,"CAJA(S)","CHILE"
"7369","2022",4,"PUESTO DE CONTROL- CEBAF","CAÑA DE GUAYAQUIL, seca al natural",34000,"UNIDADES","ECUADOR"
"7370","2022",4,"OFICINA PUESTO DE CONTROL MARITIMO - PROV. CONST. DEL CALLAO","LUPULO, pellets",9000,"PALETAS","EEUU"
"7371","2022",4,"SANTA ROSA, TACNA","MANZANA, fruto fresco",15680,"CAJA(S)","CHILE"
"7372","2022",4,"SANTA ROSA, TACNA","PERA, fruta fresca",7704,"CAJA(S)","CHILE"
"7373","2022",4,"OFICINA PUESTO DE CONTROL MARITIMO - PROV. CONST. DEL CALLAO","ALGODON, fibra sin cardar ni peinar (>22.22 mm = o <28.57 mm)",40425.5,"FARDOS","EEUU"
"7374","2022",4,"OFICINA PUESTO DE CONTROL MARITIMO - PROV. CONST. DEL CALLAO","PAPA, hojuelas y pellets",20160,"BOLSAS","ALEMANIA"
"7375","2022",4,"OFICINA PUESTO DE CONTROL AEREO -  PROV. CONST. DEL CALLAO","UVA (PASAS), secas industrialmente",0.2,"BOLSAS","CHILE"
"7376","2022",4,"OFICINA PUESTO DE CONTROL MARITIMO - PROV. CONST. DEL CALLAO","LENTEJA, grano",52618,"SACO(S)","CANADA"
"7377","2022",4,"OFICINA PUESTO DE CONTROL MARITIMO - PROV. CONST. DEL CALLAO","MAIZ, almidon",20000,"SACO(S)","MEXICO"
"7378","2022",4,"OFICINA PUESTO DE CONTROL MARITIMO - PROV. CONST. DEL CALLAO","YUCA (=MANDIOCA), fécula",18000,"SACO(S)","TAILANDIA"
"7379","2022",4,"PUESTO DE CONTROL TERRESTRE DESAGUADERO","SOYA, harina",174000,"SACO(S)","BOLIVIA"
"7380","2022",4,"PUESTO DE CONTROL TERRESTRE DESAGUADERO","SOYA, harina",75000,"SACO(S)","BOLIVIA"
"7381","2022",4,"OFICINA PUESTO DE CONTROL MARITIMO - PROV. CONST. DEL CALLAO","TRIGO, gluten",22000,"BOLSAS","CHINA"
"7382","2022",4,"OFICINA PUESTO DE CONTROL AEREO -  PROV. CONST. DEL CALLAO","CEBOLLA, semilla",180.5,"BOLSAS","EEUU"
"7383","2022",4,"OFICINA PUESTO DE CONTROL MARITIMO - PROV. CONST. DEL CALLAO","MAIZ, harina",108000,"FARDOS","COLOMBIA"
"7384","2022",4,"PUESTO DE CONTROL TERRESTRE DESAGUADERO","SOYA, harina",145000,"SACO(S)","BOLIVIA"
"7385","2022",4,"OFICINA PUESTO DE CONTROL AEREO -  PROV. CONST. DEL CALLAO","CARDAMOMO, grano",0.5,"BOLSAS","INDIA"
"7386","2022",4,"SANTA ROSA, TACNA","MANZANA, fruto fresco",23520,"CAJA(S)","CHILE"
"7387","2022",4,"PUESTO DE CONTROL TERRESTRE DESAGUADERO","SOYA, torta",83200,"GRANEL","BOLIVIA"
"7388","2022",4,"OFICINA PUESTO DE CONTROL MARITIMO - PROV. CONST. DEL CALLAO","PERA, fruta fresca",22680,"CAJA(S)","ARGENTINA"
"7389","2022",4,"PUESTO DE CONTROL TERRESTRE DESAGUADERO","SOYA, torta",108000,"GRANEL","BOLIVIA"
"7390","2022",4,"OFICINA PUESTO DE CONTROL MARITIMO - PROV. CONST. DEL CALLAO","PINO, madera aserrada con algún proceso de la CRF2",23380,"PAQUETES","CHILE"
"7391","2022",4,"OFICINA PUESTO DE CONTROL AEREO -  PROV. CONST. DEL CALLAO","BETARRAGA, polvo",0.5,"BOLSAS","INDIA"
"7392","2022",4,"OFICINA PUESTO DE CONTROL AEREO -  PROV. CONST. DEL CALLAO","CANELA, triturada o pulverizada (molida)",0.5,"BOLSAS","INDIA"
"7393","2022",4,"OFICINA PUESTO DE CONTROL AEREO -  PROV. CONST. DEL CALLAO","MORINGA, polvo",0.5,"BOLSAS","INDIA"
"7394","2022",4,"PUESTO DE CONTROL TERRESTRE DESAGUADERO","SOYA, torta",115808,"SACO(S)","BOLIVIA"
"7395","2022",4,"PUESTO DE CONTROL TERRESTRE DESAGUADERO","SOYA, torta",146500,"SACO(S)","BOLIVIA"
"7396","2022",4,"PUESTO DE CONTROL TERRESTRE DESAGUADERO","SOYA, torta",115500,"SACO(S)","BOLIVIA"
"7397","2022",4,"PUESTO DE CONTROL TERRESTRE DESAGUADERO","SOYA, torta",115000,"SACO(S)","BOLIVIA"
"7398","2022",4,"PUESTO DE CONTROL TERRESTRE DESAGUADERO","SOYA, torta",112000,"SACO(S)","BOLIVIA"
"7399","2022",4,"PUESTO DE CONTROL TERRESTRE DESAGUADERO","SOYA, torta",114000,"SACO(S)","BOLIVIA"
"7400","2022",4,"OFICINA PUESTO DE CONTROL MARITIMO - PROV. CONST. DEL CALLAO","FLOR DE JAMAICA, seca natural",24000,"SACO(S)","NIGERIA"
"7401","2022",4,"SANTA ROSA, TACNA","PERA, fruta fresca",9216,"CAJA(S)","CHILE"
"7402","2022",4,"SANTA ROSA, TACNA","MANZANA, fruto fresco",13980,"CAJA(S)","CHILE"
"7403","2022",4,"PUESTO DE CONTROL TERRESTRE DESAGUADERO","AZUCAR CRUDA, sólido",141160,"SACO(S)","BOLIVIA"
"7404","2022",4,"PUESTO DE CONTROL TERRESTRE DESAGUADERO","SOYA, torta",81500,"GRANEL","BOLIVIA"
"7405","2022",4,"PUESTO DE CONTROL TERRESTRE DESAGUADERO","SOYA, torta",110930,"GRANEL","BOLIVIA"
"7406","2022",4,"PUESTO DE CONTROL TERRESTRE DESAGUADERO","SOYA, torta",55200,"GRANEL","BOLIVIA"
"7407","2022",4,"OFICINA PUESTO DE CONTROL MARITIMO - PROV. CONST. DEL CALLAO","MANZANA, fruto fresco",40140.8,"CAJA(S)","CHILE"
"7408","2022",4,"PUESTO DE CONTROL TERRESTRE DESAGUADERO","SOYA, torta",29000,"GRANEL","BOLIVIA"
"7409","2022",4,"PUESTO DE CONTROL TERRESTRE DESAGUADERO","SOYA, torta",111500,"GRANEL","BOLIVIA"
"7410","2022",4,"PUESTO DE CONTROL TERRESTRE DESAGUADERO","SOYA, torta",26500,"GRANEL","BOLIVIA"
"7411","2022",4,"PUESTO DE CONTROL TERRESTRE DESAGUADERO","SOYA, grano",55710,"GRANEL","BOLIVIA"
"7412","2022",4,"PUESTO DE CONTROL TERRESTRE DESAGUADERO","SOYA, grano",55170,"GRANEL","BOLIVIA"
"7413","2022",4,"PUESTO DE CONTROL TERRESTRE DESAGUADERO","SOYA, torta",28000,"GRANEL","BOLIVIA"
"7414","2022",4,"PUESTO DE CONTROL TERRESTRE DESAGUADERO","SOYA, torta",58630,"GRANEL","BOLIVIA"
"7415","2022",4,"PUESTO DE CONTROL TERRESTRE DESAGUADERO","SOYA, torta",85000,"GRANEL","BOLIVIA"
"7416","2022",4,"PUESTO DE CONTROL TERRESTRE DESAGUADERO","SOYA, torta",86000,"GRANEL","BOLIVIA"
"7417","2022",4,"PUESTO DE CONTROL TERRESTRE DESAGUADERO","SOYA, torta",81000,"GRANEL","BOLIVIA"
"7418","2022",4,"PUESTO DE CONTROL TERRESTRE DESAGUADERO","SOYA, torta",113000,"SACO(S)","BOLIVIA"
"7419","2022",4,"PUESTO DE CONTROL TERRESTRE DESAGUADERO","SOYA, torta",144000,"SACO(S)","BOLIVIA"
"7420","2022",4,"SANTA ROSA, TACNA","PERA, fruta fresca",8064,"CAJA(S)","CHILE"
"7421","2022",4,"SANTA ROSA, TACNA","MANZANA, fruto fresco",15680,"CAJA(S)","CHILE"
"7422","2022",4,"PUESTO DE CONTROL TERRESTRE DESAGUADERO","SOYA, torta",142500,"SACO(S)","BOLIVIA"
"7423","2022",4,"PUESTO DE CONTROL TERRESTRE DESAGUADERO","SOYA, torta",142000,"SACO(S)","BOLIVIA"
"7424","2022",4,"OFICINA PUESTO DE CONTROL MARITIMO - PROV. CONST. DEL CALLAO","TRIGO, gluten",20000,"SACO(S)","FRANCIA"
"7425","2022",4,"OFICINA PUESTO DE CONTROL MARITIMO - PROV. CONST. DEL CALLAO","PAPA, fécula",2e+05,"SACO(S)","ALEMANIA"
"7426","2022",4,"OFICINA PUESTO DE CONTROL MARITIMO - PROV. CONST. DEL CALLAO","ANIS O BADIANA, grano",25000,"SACO(S)","ESPAÑA"
"7427","2022",4,"OFICINA PUESTO DE CONTROL MARITIMO - PROV. CONST. DEL CALLAO","AVENA, grano mondado, perlado, troceado o quebrantado",144000,"SACO(S)","CHILE"
"7428","2022",4,"SANTA ROSA, TACNA","MANZANA, fruto fresco",15827,"CAJA(S)","CHILE"
"7429","2022",4,"SANTA ROSA, TACNA","PERA, fruta fresca",23760,"CAJA(S)","CHILE"
"7430","2022",4,"PUESTO DE CONTROL TERRESTRE DESAGUADERO","SOYA, torta",56980,"GRANEL","BOLIVIA"
"7431","2022",4,"PUESTO DE CONTROL TERRESTRE DESAGUADERO","SOYA, torta",112000,"GRANEL","BOLIVIA"
"7432","2022",4,"PUESTO DE CONTROL TERRESTRE DESAGUADERO","SOYA, torta",112000,"GRANEL","BOLIVIA"
"7433","2022",4,"SANTA ROSA, TACNA","PALTA, fruto fresco",21504,"CAJA(S)","ARGENTINA"
"7434","2022",4,"SANTA ROSA, TACNA","MANZANA, fruto fresco",21560,"CAJA(S)","CHILE"
"7435","2022",4,"SANTA ROSA, TACNA","PERA, fruta fresca",2016,"CAJA(S)","CHILE"
"7436","2022",4,"PUESTO DE CONTROL TERRESTRE DESAGUADERO","AZUCAR CRUDA, sólido",53452,"SACO(S)","BOLIVIA"
"7437","2022",4,"SANTA ROSA, TACNA","MANZANA, fruto fresco",23520,"CAJA(S)","CHILE"
"7438","2022",4,"SANTA ROSA, TACNA","UVA, fruta fresca",18432,"CAJA(S)","CHILE"
"7439","2022",4,"SANTA ROSA, TACNA","MANZANA, fruto fresco",23520,"CAJA(S)","CHILE"
"7440","2022",4,"PUESTO DE CONTROL TERRESTRE DESAGUADERO","SOYA, torta",84000,"GRANEL","BOLIVIA"
"7441","2022",4,"PUESTO DE CONTROL TERRESTRE DESAGUADERO","SOYA, torta",84000,"GRANEL","BOLIVIA"
"7442","2022",4,"PUESTO DE CONTROL TERRESTRE DESAGUADERO","SOYA, torta",28000,"GRANEL","BOLIVIA"
"7443","2022",4,"PUESTO DE CONTROL TERRESTRE DESAGUADERO","SOYA, torta",55160,"GRANEL","BOLIVIA"
"7444","2022",4,"PUESTO DE CONTROL TERRESTRE DESAGUADERO","SOYA, torta",56000,"GRANEL","BOLIVIA"
"7445","2022",4,"PUESTO DE CONTROL TERRESTRE DESAGUADERO","SOYA, torta",55500,"GRANEL","BOLIVIA"
"7446","2022",4,"OFICINA PUESTO DE CONTROL MARITIMO - PROV. CONST. DEL CALLAO","MAIZ, harina",98220,"PAQUETES","COLOMBIA"
"7447","2022",4,"OFICINA PUESTO DE CONTROL MARITIMO - PROV. CONST. DEL CALLAO","MAIZ, harina",98000,"PAQUETES","COLOMBIA"
"7448","2022",4,"OFICINA PUESTO DE CONTROL MARITIMO - PROV. CONST. DEL CALLAO","MAIZ, harina",98000,"PAQUETES","COLOMBIA"
"7449","2022",4,"OFICINA PUESTO DE CONTROL MARITIMO - PROV. CONST. DEL CALLAO","MAIZ, harina",98000,"PAQUETES","COLOMBIA"
"7450","2022",4,"OFICINA PUESTO DE CONTROL MARITIMO - PROV. CONST. DEL CALLAO","MAIZ, harina",98000,"PAQUETES","COLOMBIA"
"7451","2022",4,"SANTA ROSA, TACNA","PERA, fruta fresca",6498,"CAJA(S)","CHILE"
"7452","2022",4,"SANTA ROSA, TACNA","MANZANA, fruto fresco",23520,"CAJA(S)","CHILE"
"7453","2022",4,"SANTA ROSA, TACNA","MANZANA, fruto fresco",17640,"CAJA(S)","CHILE"
"7454","2022",4,"OFICINA PUESTO DE CONTROL MARITIMO - PROV. CONST. DEL CALLAO","TURBA",84010,"BOLSAS","ESTONIA"
"7455","2022",4,"OFICINA PUESTO DE CONTROL MARITIMO - PROV. CONST. DEL CALLAO","TURBA",83390,"BOLSAS","ESTONIA"
"7456","2022",4,"SANTA ROSA, TACNA","MANZANA, fruto fresco",23520,"CAJA(S)","CHILE"
"7457","2022",4,"SANTA ROSA, TACNA","UVA, fruta fresca",18432,"CAJA(S)","CHILE"
"7458","2022",4,"SANTA ROSA, TACNA","CIRUELA, fruto fresco",19200,"CAJA(S)","CHILE"
"7459","2022",4,"OFICINA PUESTO DE CONTROL MARITIMO - PROV. CONST. DEL CALLAO","TURBA",83140,"BOLSAS","ESTONIA"
"7460","2022",4,"OFICINA PUESTO DE CONTROL MARITIMO - PROV. CONST. DEL CALLAO","CAUCHO, técnicamente especificado (TSNR)",60480,"BOLSAS","COSTA DE MARFIL"
"7461","2022",4,"OFICINA PUESTO DE CONTROL MARITIMO - PROV. CONST. DEL CALLAO","LAUREL, hoja seca al natural",6100,"SACO(S)","ESPAÑA"
"7462","2022",4,"PUESTO DE CONTROL TERRESTRE DESAGUADERO","MANI, grano sin cáscara",58000,"SACO(S)","BOLIVIA"
"7463","2022",4,"OFICINA PUESTO DE CONTROL MARITIMO - PROV. CONST. DEL CALLAO","TURBA",83870,"BOLSAS","ESTONIA"
"7464","2022",4,"OFICINA PUESTO DE CONTROL MARITIMO - PROV. CONST. DEL CALLAO","TURBA",138820,"BOLSAS","ESTONIA"
"7465","2022",4,"SANTA ROSA, TACNA","MANZANA, fruto fresco",23520,"CAJA(S)","CHILE"
"7466","2022",4,"SANTA ROSA, TACNA","TRACTOR AGRICOLA USADO, con motor de potencia superior a 33 kW pero inferior o igual a 75 kW",4000,"UNIDADES","CHILE"
"7467","2022",4,"OFICINA PUESTO DE CONTROL MARITIMO - PROV. CONST. DEL CALLAO","AZUCAR CRUDA, sólido",5e+05,"SACO(S)","GUATEMALA"
"7468","2022",4,"OFICINA PUESTO DE CONTROL MARITIMO - PROV. CONST. DEL CALLAO","AZUCAR BLANCA O REFINADA (lectura polarimetrica mayor 99.5°)",26500,"SACO(S)","COLOMBIA"
"7469","2022",4,"OFICINA PUESTO DE CONTROL MARITIMO - PROV. CONST. DEL CALLAO","AZUCAR BLANCA O REFINADA (lectura polarimetrica mayor 99.5°)",106000,"SACO(S)","COLOMBIA"
"7470","2022",4,"OFICINA PUESTO DE CONTROL MARITIMO - PROV. CONST. DEL CALLAO","AZUCAR CRUDA, sólido",650000,"SACO(S)","GUATEMALA"
"7471","2022",4,"SANTA ROSA, TACNA","MANZANA, fruto fresco",23520,"CAJA(S)","CHILE"
"7472","2022",4,"PUESTO DE CONTROL TERRESTRE DESAGUADERO","MANI, grano sin cáscara",87000,"SACO(S)","BOLIVIA"
"7473","2022",4,"OFICINA PUESTO DE CONTROL MARITIMO - PROV. CONST. DEL CALLAO","TURBA",228420,"BIG BAG","HOLANDA"
"7474","2022",4,"OFICINA PUESTO DE CONTROL MARITIMO - PROV. CONST. DEL CALLAO","COCO, fibra (para sustrato)",43380,"PALETAS","INDIA"
"7475","2022",4,"OFICINA PUESTO DE CONTROL MARITIMO - PROV. CONST. DEL CALLAO","COCO, fibra (para sustrato)",44560,"PALETAS","INDIA"
"7476","2022",4,"SANTA ROSA, TACNA","MANZANA, fruto fresco",13720,"CAJA(S)","CHILE"
"7477","2022",4,"SANTA ROSA, TACNA","PERA, fruta fresca",5040,"CAJA(S)","CHILE"
"7478","2022",4,"SANTA ROSA, TACNA","KIWI, fruto fresco",4200,"CAJA(S)","CHILE"
"7479","2022",4,"PUESTO DE CONTROL TERRESTRE DESAGUADERO","AZUCAR BLANCA O REFINADA (lectura polarimetrica mayor 99.5°)",29000,"SACO(S)","BOLIVIA"
"7480","2022",4,"OFICINA PUESTO DE CONTROL MARITIMO - PROV. CONST. DEL CALLAO","MADERA, moldurada con proceso de la CRF2",750.841,"PAQUETES","EEUU"
"7481","2022",4,"OFICINA PUESTO DE CONTROL MARITIMO - PROV. CONST. DEL CALLAO","MADERA, puertas y sus marcos, contramarcos y umbrales, con algun proceso de la CRF 2",1970.713,"PAQUETES","EEUU"
"7482","2022",4,"OFICINA PUESTO DE CONTROL MARITIMO - PROV. CONST. DEL CALLAO","AZUCAR BLANCA O REFINADA (lectura polarimetrica mayor 99.5°)",132500,"SACO(S)","GUATEMALA"
"7483","2022",4,"OFICINA PUESTO DE CONTROL MARITIMO - PROV. CONST. DEL CALLAO","AZUCAR BLANCA O REFINADA (lectura polarimetrica mayor 99.5°)",132500,"SACO(S)","GUATEMALA"
"7484","2022",4,"PUESTO DE CONTROL TERRESTRE DESAGUADERO","SOYA, torta",174000,"SACO(S)","BOLIVIA"
"7485","2022",4,"OFICINA PUESTO DE CONTROL MARITIMO - PROV. CONST. DEL CALLAO","ALGODON, fibra sin cardar ni peinar (>22.22 mm = o <28.57 mm)",19503.5,"FARDOS","EEUU"
"7486","2022",4,"SANTA ROSA, TACNA","MANZANA, fruto fresco",22579.2,"CAJA(S)","CHILE"
"7487","2022",4,"PUESTO DE CONTROL TERRESTRE DESAGUADERO","SOYA, grano",82950,"GRANEL","BOLIVIA"
"7488","2022",4,"PUESTO DE CONTROL TERRESTRE DESAGUADERO","SOYA, grano",112000,"GRANEL","BOLIVIA"
"7489","2022",4,"PUESTO DE CONTROL TERRESTRE DESAGUADERO","SOYA, grano",57000,"GRANEL","BOLIVIA"
"7490","2022",4,"PUESTO DE CONTROL TERRESTRE DESAGUADERO","SOYA, grano",56000,"GRANEL","BOLIVIA"
"7491","2022",4,"PUESTO DE CONTROL TERRESTRE DESAGUADERO","SOYA, grano",28500,"GRANEL","BOLIVIA"
"7492","2022",4,"PUESTO DE CONTROL TERRESTRE DESAGUADERO","SOYA, grano",51000,"GRANEL","BOLIVIA"
"7493","2022",4,"PUESTO DE CONTROL TERRESTRE DESAGUADERO","SOYA, grano",27000,"GRANEL","BOLIVIA"
"7494","2022",4,"OFICINA PUESTO DE CONTROL MARITIMO - PROV. CONST. DEL CALLAO","MACA, harina, polvo",2000,"CAJA(S)","ALEMANIA"
"7495","2022",4,"PUESTO DE CONTROL TERRESTRE DESAGUADERO","SOYA, grano",28500,"GRANEL","BOLIVIA"
"7496","2022",4,"PUESTO DE CONTROL TERRESTRE DESAGUADERO","SOYA, harina",174000,"SACO(S)","BOLIVIA"
"7497","2022",4,"OFICINA PUESTO DE CONTROL MARITIMO - PROV. CONST. DEL CALLAO","AZUCAR BLANCA O REFINADA (lectura polarimetrica mayor 99.5°)",265000,"SACO(S)","COLOMBIA"
"7498","2022",4,"OFICINA PUESTO DE CONTROL MARITIMO - PROV. CONST. DEL CALLAO","AZUCAR BLANCA O REFINADA (lectura polarimetrica mayor 99.5°)",131950,"SACO(S)","COLOMBIA"
"7499","2022",4,"OFICINA PUESTO DE CONTROL MARITIMO - PROV. CONST. DEL CALLAO","AZUCAR BLANCA O REFINADA (lectura polarimetrica mayor 99.5°)",106000,"SACO(S)","COLOMBIA"
"7500","2022",4,"PUESTO DE CONTROL TERRESTRE DESAGUADERO","SOYA, torta",27000,"GRANEL","BOLIVIA"
"7501","2022",4,"OFICINA PUESTO DE CONTROL MARITIMO - PROV. CONST. DEL CALLAO","ASTER, semilla",2,"LATAS","ITALIA"
"7502","2022",4,"OFICINA PUESTO DE CONTROL MARITIMO - PROV. CONST. DEL CALLAO","CALENDULA, semilla",1,"LATAS","ITALIA"
"7503","2022",4,"OFICINA PUESTO DE CONTROL MARITIMO - PROV. CONST. DEL CALLAO","CAMPANULA, semilla",2,"LATAS","ITALIA"
"7504","2022",4,"OFICINA PUESTO DE CONTROL MARITIMO - PROV. CONST. DEL CALLAO","CLAVEL, semilla",3,"LATAS","ITALIA"
"7505","2022",4,"OFICINA PUESTO DE CONTROL MARITIMO - PROV. CONST. DEL CALLAO","DALIA, semilla",3,"LATAS","ITALIA"
"7506","2022",4,"OFICINA PUESTO DE CONTROL MARITIMO - PROV. CONST. DEL CALLAO","FLOX, semilla",2,"LATAS","ITALIA"
"7507","2022",4,"OFICINA PUESTO DE CONTROL MARITIMO - PROV. CONST. DEL CALLAO","IPOMOEA, semilla",3,"LATAS","ITALIA"
"7508","2022",4,"OFICINA PUESTO DE CONTROL MARITIMO - PROV. CONST. DEL CALLAO","LIMONIUM (=STATICE), semilla",6,"LATAS","ITALIA"
"7509","2022",4,"OFICINA PUESTO DE CONTROL MARITIMO - PROV. CONST. DEL CALLAO","PENSAMIENTO, semilla",3,"LATAS","ITALIA"
"7510","2022",4,"OFICINA PUESTO DE CONTROL MARITIMO - PROV. CONST. DEL CALLAO","ZINNIA, semilla",2,"LATAS","ITALIA"
"7511","2022",4,"OFICINA PUESTO DE CONTROL MARITIMO - PROV. CONST. DEL CALLAO","ZANAHORIA, semilla",1000,"LATAS","ITALIA"
"7512","2022",4,"OFICINA PUESTO DE CONTROL MARITIMO - PROV. CONST. DEL CALLAO","ANIS O BADIANA, semilla",3,"LATAS","ITALIA"
"7513","2022",4,"OFICINA PUESTO DE CONTROL MARITIMO - PROV. CONST. DEL CALLAO","PORO, semilla",80,"LATAS","ITALIA"
"7514","2022",4,"OFICINA PUESTO DE CONTROL MARITIMO - PROV. CONST. DEL CALLAO","BROCOLI, semilla",100,"LATAS","ITALIA"
"7515","2022",4,"OFICINA PUESTO DE CONTROL MARITIMO - PROV. CONST. DEL CALLAO","COL, semilla",400,"LATAS","ITALIA"
"7516","2022",4,"OFICINA PUESTO DE CONTROL MARITIMO - PROV. CONST. DEL CALLAO","LECHUGA, semilla",175,"LATAS","ITALIA"
"7517","2022",4,"OFICINA PUESTO DE CONTROL MARITIMO - PROV. CONST. DEL CALLAO","APIO, semilla",100,"LATAS","ITALIA"
"7518","2022",4,"OFICINA PUESTO DE CONTROL MARITIMO - PROV. CONST. DEL CALLAO","ARUGULA, semilla",10,"LATAS","ITALIA"
"7519","2022",4,"OFICINA PUESTO DE CONTROL MARITIMO - PROV. CONST. DEL CALLAO","BERRO, semilla",5,"LATAS","ITALIA"
"7520","2022",4,"OFICINA PUESTO DE CONTROL MARITIMO - PROV. CONST. DEL CALLAO","ESPINACA, semilla",300,"LATAS","ITALIA"
"7521","2022",4,"OFICINA PUESTO DE CONTROL MARITIMO - PROV. CONST. DEL CALLAO","PEPINILLO, semilla",100,"LATAS","ITALIA"
"7522","2022",4,"OFICINA PUESTO DE CONTROL MARITIMO - PROV. CONST. DEL CALLAO","RABANITO, semilla",150,"LATAS","ITALIA"
"7523","2022",4,"OFICINA PUESTO DE CONTROL MARITIMO - PROV. CONST. DEL CALLAO","TOMILLO, semilla",3,"LATAS","ITALIA"
"7524","2022",4,"OFICINA PUESTO DE CONTROL MARITIMO - PROV. CONST. DEL CALLAO","MANZANILLA, semilla",7,"LATAS","ITALIA"
"7525","2022",4,"OFICINA PUESTO DE CONTROL MARITIMO - PROV. CONST. DEL CALLAO","OREGANO, semilla",5,"LATAS","ITALIA"
"7526","2022",4,"OFICINA PUESTO DE CONTROL MARITIMO - PROV. CONST. DEL CALLAO","TOMATE, semilla",100,"LATAS","ITALIA"
"7527","2022",4,"OFICINA PUESTO DE CONTROL AEREO -  PROV. CONST. DEL CALLAO","PIMIENTO, semilla",12.259,"SACHETS","HOLANDA"
"7528","2022",4,"OFICINA PUESTO DE CONTROL AEREO -  PROV. CONST. DEL CALLAO","CHAMPIÑON COMUN, espora",810,"BIG BAG","EEUU"
"7529","2022",4,"SANTA ROSA, TACNA","PERA, fruta fresca",22176,"CAJA(S)","CHILE"
"7530","2022",4,"SANTA ROSA, TACNA","KIWI, fruto fresco",1680,"CAJA(S)","CHILE"
"7531","2022",4,"OFICINA PUESTO DE CONTROL MARITIMO - PROV. CONST. DEL CALLAO","AVENA, grano aplastado o en copos (hojuelas)",15660,"CAJA(S)","ALEMANIA"
"7532","2022",4,"OFICINA PUESTO DE CONTROL MARITIMO - PROV. CONST. DEL CALLAO","AZUCAR BLANCA O REFINADA (lectura polarimetrica mayor 99.5°)",159000,"SACO(S)","GUATEMALA"
"7533","2022",4,"OFICINA PUESTO DE CONTROL AEREO -  PROV. CONST. DEL CALLAO","MAIZ, semilla",33.731,"SOBRES","ARGENTINA"
"7534","2022",4,"OFICINA PUESTO DE CONTROL AEREO -  PROV. CONST. DEL CALLAO","MAIZ, semilla",10.9,"SOBRES","CHILE"
"7535","2022",4,"OFICINA PUESTO DE CONTROL MARITIMO - PROV. CONST. DEL CALLAO","MAIZ, harina",41849.4,"SACO(S)","COLOMBIA"
"7536","2022",4,"PUESTO DE CONTROL TERRESTRE DESAGUADERO","SOYA, grano",114000,"GRANEL","BOLIVIA"
"7537","2022",4,"OFICINA PUESTO DE CONTROL MARITIMO - PROV. CONST. DEL CALLAO","ARVEJA, grano partido",244940,"SACO(S)","CANADA"
"7538","2022",4,"SANTA ROSA, TACNA","CIRUELA, fruto fresco",11520,"CAJA(S)","CHILE"
"7539","2022",4,"SANTA ROSA, TACNA","NECTARINA, fruto fresco",11520,"CAJA(S)","CHILE"
"7540","2022",4,"OFICINA PUESTO DE CONTROL MARITIMO - PROV. CONST. DEL CALLAO","LENTEJA, grano",52618,"SACO(S)","CANADA"
"7541","2022",4,"OFICINA PUESTO DE CONTROL MARITIMO - PROV. CONST. DEL CALLAO","TRIGO, grano",12784230,"GRANEL","CANADA"
"7542","2022",4,"PUESTO DE CONTROL- CEBAF","CAÑA DE GUAYAQUIL, seca al natural",32000,"UNIDADES","ECUADOR"
"7543","2022",4,"SANTA ROSA, TACNA","MANZANA, fruto fresco",22579.2,"CAJA(S)","CHILE"
"7544","2022",4,"OFICINA PUESTO DE CONTROL MARITIMO - PROV. CONST. DEL CALLAO","AZUCAR CRUDA, sólido",5e+05,"SACO(S)","GUATEMALA"
"7545","2022",4,"PUESTO DE CONTROL TERRESTRE DESAGUADERO","AZUCAR BLANCA O REFINADA (lectura polarimetrica mayor 99.5°)",87000,"SACO(S)","BOLIVIA"
"7546","2022",4,"OFICINA PUESTO DE CONTROL MARITIMO - PROV. CONST. DEL CALLAO","AZUCAR CRUDA, sólido",250000,"SACO(S)","GUATEMALA"
"7547","2022",4,"PUESTO DE CONTROL TERRESTRE DESAGUADERO","SOYA, harina",174000,"SACO(S)","BOLIVIA"
"7548","2022",4,"PUESTO DE CONTROL TERRESTRE DESAGUADERO","SOYA, harina",174000,"SACO(S)","BOLIVIA"
"7549","2022",4,"OFICINA PUESTO DE CONTROL MARITIMO - PROV. CONST. DEL CALLAO","ALGODON, fibra sin cardar ni peinar (>34.92 mm)",59590,"FARDOS","EEUU"
"7550","2022",4,"PUESTO DE CONTROL TERRESTRE DESAGUADERO","SOYA, torta",85120,"SACO(S)","BOLIVIA"
"7551","2022",4,"OFICINA PUESTO DE CONTROL MARITIMO - PROV. CONST. DEL CALLAO","LENTEJA, grano",263080,"SACO(S)","CANADA"
"7552","2022",4,"PUESTO DE CONTROL TERRESTRE DESAGUADERO","MANI, grano sin cáscara",57900,"SACO(S)","BOLIVIA"
"7553","2022",4,"OFICINA PUESTO DE CONTROL MARITIMO - PROV. CONST. DEL CALLAO","CANELA, corteza entera seca al natural",2000,"SACO(S)","SRI LANKA"
"7554","2022",4,"OFICINA PUESTO DE CONTROL MARITIMO - PROV. CONST. DEL CALLAO","CANELA, corteza entera seca al natural",9920,"CAJA(S)","SRI LANKA"
"7555","2022",4,"PUESTO DE CONTROL TERRESTRE DESAGUADERO","MANI, grano sin cáscara",112000,"SACO(S)","BOLIVIA"
"7556","2022",4,"PUESTO DE CONTROL TERRESTRE DESAGUADERO","SOYA, torta",116650,"SACO(S)","BOLIVIA"
"7557","2022",4,"OFICINA PUESTO DE CONTROL MARITIMO - PROV. CONST. DEL CALLAO","MADERA, las demás hojas para chapado,de las demas maderas tropicales",343,"PAQUETES","ITALIA"
"7558","2022",4,"PUESTO DE CONTROL TERRESTRE DESAGUADERO","SOYA, torta",58000,"SACO(S)","BOLIVIA"
"7559","2022",4,"OFICINA PUESTO DE CONTROL AEREO -  PROV. CONST. DEL CALLAO","ZAPALLO (CALABAZA AMARILLA), semilla",2.346,"SACHETS","HOLANDA"
"7560","2022",4,"OFICINA PUESTO DE CONTROL MARITIMO - PROV. CONST. DEL CALLAO","LENTEJA, grano",23043,"SACO(S)","EEUU"
"7561","2022",4,"PUESTO DE CONTROL TERRESTRE DESAGUADERO","SOYA, torta",112500,"SACO(S)","BOLIVIA"
"7562","2022",4,"OFICINA PUESTO DE CONTROL MARITIMO - PROV. CONST. DEL CALLAO","LENTEJA, grano",78246,"SACO(S)","CANADA"
"7563","2022",4,"PUESTO DE CONTROL TERRESTRE DESAGUADERO","SOYA, torta",56000,"GRANEL","BOLIVIA"
"7564","2022",4,"OFICINA PUESTO DE CONTROL MARITIMO - PROV. CONST. DEL CALLAO","LENTEJA, grano",263080,"SACO(S)","CANADA"
"7565","2022",4,"OFICINA PUESTO DE CONTROL AEREO -  PROV. CONST. DEL CALLAO","PIMIENTO, semilla",0.43,"SACHETS","ISRAEL"
"7566","2022",4,"OFICINA PUESTO DE CONTROL AEREO -  PROV. CONST. DEL CALLAO","TOMATE, semilla",0.1,"SACHETS","ISRAEL"
"7567","2022",4,"OFICINA PUESTO DE CONTROL MARITIMO - PROV. CONST. DEL CALLAO","LENTEJA, grano",262128,"SACO(S)","CANADA"
"7568","2022",4,"OFICINA PUESTO DE CONTROL MARITIMO - PROV. CONST. DEL CALLAO","MAIZ, semola",5328,"PAQUETES","ITALIA"
"7569","2022",4,"OFICINA PUESTO DE CONTROL MARITIMO - PROV. CONST. DEL CALLAO","MIMBRE, artículos de cestería (canasta, cestos u otros)",459,"UNIDADES","CHINA"
"7570","2022",4,"OFICINA PUESTO DE CONTROL MARITIMO - PROV. CONST. DEL CALLAO","BAMBU, artículos de cestería obtenidos directamente en su forma con materia trenzable con algún proceso de la CRF 2",52,"UNIDADES","VIETNAM"
"7571","2022",4,"OFICINA PUESTO DE CONTROL MARITIMO - PROV. CONST. DEL CALLAO","Articulos de cesteria (canastos, cestos u otros), con algun proceso de la CRF2",1015,"UNIDADES","VIETNAM"
"7572","2022",4,"OFICINA PUESTO DE CONTROL AEREO -  PROV. CONST. DEL CALLAO","ARANDANO, planta in vitro",600,"UNIDADES","ESPAÑA"
"7573","2022",4,"OFICINA PUESTO DE CONTROL MARITIMO - PROV. CONST. DEL CALLAO","TRIGO, germen en polvo",500,"SACO(S)","FRANCIA"
"7574","2022",4,"PUESTO DE CONTROL TERRESTRE DESAGUADERO","MAIZ, salvado",56000,"SACO(S)","BOLIVIA"
"7575","2022",4,"PUESTO DE CONTROL TERRESTRE DESAGUADERO","SOYA, torta",115000,"SACO(S)","BOLIVIA"
"7576","2022",4,"PUESTO DE CONTROL TERRESTRE DESAGUADERO","SOYA, torta",115000,"SACO(S)","BOLIVIA"
"7577","2022",4,"PUESTO DE CONTROL TERRESTRE DESAGUADERO","SOYA, torta",114000,"SACO(S)","BOLIVIA"
"7578","2022",4,"OFICINA PUESTO DE CONTROL MARITIMO - PROV. CONST. DEL CALLAO","COCO, fibra (para sustrato)",43540,"PALETAS","INDIA"
"7579","2022",4,"OFICINA PUESTO DE CONTROL AEREO -  PROV. CONST. DEL CALLAO","BERENJENA, semilla",0.1778,"SACHETS","FRANCIA"
"7580","2022",4,"OFICINA PUESTO DE CONTROL AEREO -  PROV. CONST. DEL CALLAO","PIMIENTO, semilla",0.266,"SACHETS","FRANCIA"
"7581","2022",4,"OFICINA PUESTO DE CONTROL AEREO -  PROV. CONST. DEL CALLAO","PIMIENTO, semilla",0.055,"SACHETS","FRANCIA"
"7582","2022",4,"OFICINA PUESTO DE CONTROL AEREO -  PROV. CONST. DEL CALLAO","TOMATE, semilla",0.051357,"SACHETS","HOLANDA"
"7583","2022",4,"OFICINA PUESTO DE CONTROL AEREO -  PROV. CONST. DEL CALLAO","PIMIENTO, semilla",0.198,"SACHETS","HOLANDA"
"7584","2022",4,"OFICINA PUESTO DE CONTROL AEREO -  PROV. CONST. DEL CALLAO","MELON, semilla",0.216,"SACHETS","HOLANDA"
"7585","2022",4,"PUESTO DE CONTROL TERRESTRE DESAGUADERO","SOYA, torta",145000,"SACO(S)","BOLIVIA"
"7586","2022",4,"PUESTO DE CONTROL TERRESTRE DESAGUADERO","SOYA, torta",87000,"GRANEL","BOLIVIA"
"7587","2022",4,"PUESTO DE CONTROL TERRESTRE DESAGUADERO","SOYA, torta",83230,"GRANEL","BOLIVIA"
"7588","2022",4,"PUESTO DE CONTROL TERRESTRE DESAGUADERO","SOYA, torta",85430,"GRANEL","BOLIVIA"
"7589","2022",4,"PUESTO DE CONTROL TERRESTRE DESAGUADERO","SOYA, torta",82530,"GRANEL","BOLIVIA"
"7590","2022",4,"OFICINA PUESTO DE CONTROL MARITIMO - PROV. CONST. DEL CALLAO","MAIZ AMARILLO DURO, grano",14084340,"GRANEL","ARGENTINA"
"7591","2022",4,"PUESTO DE CONTROL TERRESTRE DESAGUADERO","SOYA, harina",118000,"SACO(S)","BOLIVIA"
"7592","2022",4,"PUESTO DE CONTROL TERRESTRE DESAGUADERO","SOYA, harina",27614,"SACO(S)","BOLIVIA"
"7593","2022",4,"PUESTO DE CONTROL TERRESTRE DESAGUADERO","SOYA, torta",28500,"GRANEL","BOLIVIA"
"7594","2022",4,"PUESTO DE CONTROL TERRESTRE DESAGUADERO","SOYA, torta",81000,"GRANEL","BOLIVIA"
"7595","2022",4,"PUESTO DE CONTROL TERRESTRE DESAGUADERO","SOYA, torta",87000,"SACO(S)","BOLIVIA"
"7596","2022",4,"OFICINA PUESTO DE CONTROL MARITIMO - PROV. CONST. DEL CALLAO","LENTEJA, grano",26218,"SACO(S)","CANADA"
"7597","2022",4,"OFICINA PUESTO DE CONTROL MARITIMO - PROV. CONST. DEL CALLAO","ALPISTE (=PHALARIS), grano",23587,"SACO(S)","CANADA"
"7598","2022",4,"OFICINA PUESTO DE CONTROL MARITIMO - PROV. CONST. DEL CALLAO","ALGODON, fibra sin cardar ni peinar (>22.22 mm = o <28.57 mm)",76740,"FARDOS","EEUU"
"7599","2022",4,"OFICINA PUESTO DE CONTROL MARITIMO - PROV. CONST. DEL CALLAO","TRIGO, gluten",10000,"BOLSAS","CHINA"
"7600","2022",4,"OFICINA PUESTO DE CONTROL MARITIMO - PROV. CONST. DEL CALLAO","MAIZ AMARILLO DURO, grano",24347720,"GRANEL","ARGENTINA"
"7601","2022",4,"OFICINA PUESTO DE CONTROL MARITIMO - PROV. CONST. DEL CALLAO","ARVEJA, grano partido",93984,"SACO(S)","EEUU"
"7602","2022",4,"PUESTO DE CONTROL- CEBAF","Las demás coniferas, las demas maderas aserradas o desbastadas longitudinalmente, cortada o desenrollada, incluso cepillada,lijada o unida por lo extremos, de espesor superior a 6 mm, con algun tratamiento de la CRF 2",45830,"PIEZAS","ECUADOR"
"7603","2022",4,"PUESTO DE CONTROL TERRESTRE DESAGUADERO","SOYA, torta",142000,"SACO(S)","BOLIVIA"
"7604","2022",4,"OFICINA PUESTO DE CONTROL AEREO -  PROV. CONST. DEL CALLAO","ARVEJA, semilla",150,"BOLSAS","EEUU"
"7605","2022",4,"OFICINA PUESTO DE CONTROL MARITIMO - PROV. CONST. DEL CALLAO","COCO, fibra (para sustrato)",69990,"PALETAS","INDIA"
"7606","2022",4,"OFICINA PUESTO DE CONTROL MARITIMO - PROV. CONST. DEL CALLAO","GARBANZO, grano",46000,"SACO(S)","MEXICO"
"7607","2022",4,"OFICINA PUESTO DE CONTROL MARITIMO - PROV. CONST. DEL CALLAO","ALGODON, fibra sin cardar ni peinar (>28.57 mm = o <34.92 mm)",19170,"FARDOS","EEUU"
"7608","2022",4,"PUERTO DE MATARANI , AREQUIPA","TRIGO, grano",5500000,"GRANEL","ARGENTINA"
"7609","2022",4,"OFICINA PUESTO DE CONTROL MARITIMO - PROV. CONST. DEL CALLAO","LUPULO, pellets",1000,"PALETAS","REINO UNIDO"
"7610","2022",4,"OFICINA PUESTO DE CONTROL MARITIMO - PROV. CONST. DEL CALLAO","ALMENDRA, sin cáscara secado al natural",19958.4,"CAJA(S)","EEUU"
"7611","2022",4,"OFICINA PUESTO DE CONTROL AEREO -  PROV. CONST. DEL CALLAO","CEBOLLA, semilla",40.07,"SACHETS","CHILE"
"7612","2022",4,"OFICINA PUESTO DE CONTROL MARITIMO - PROV. CONST. DEL CALLAO","MAIZ AMARILLO DURO, grano",12022950,"GRANEL","ARGENTINA"
"7613","2022",4,"OFICINA PUESTO DE CONTROL MARITIMO - PROV. CONST. DEL CALLAO","MAIZ AMARILLO DURO, grano",7353070,"GRANEL","ARGENTINA"
"7614","2022",4,"OFICINA PUESTO DE CONTROL MARITIMO - PROV. CONST. DEL CALLAO","MAIZ AMARILLO DURO, grano",13365210,"GRANEL","ARGENTINA"
"7615","2022",4,"PUESTO DE CONTROL TERRESTRE DESAGUADERO","SOYA, harina",174000,"SACO(S)","BOLIVIA"
"7616","2022",4,"SANTA ROSA, TACNA","TRACTOR AGRICOLA USADO, con motor de potencia superior a 33 kW pero inferior o igual a 75 kW",4450,"UNIDADES","CHINA"
"7617","2022",4,"SANTA ROSA, TACNA","TRACTOR AGRICOLA USADO, con motor de potencia superior a 33 kW pero inferior o igual a 75 kW",4500,"GRANEL","CHINA"
"7618","2022",4,"SANTA ROSA, TACNA","TRACTOR AGRICOLA USADO, con motor de potencia superior a 33 kW pero inferior o igual a 75 kW",4650,"CAJA(S)","CHINA"
"7619","2022",4,"OFICINA PUESTO DE CONTROL MARITIMO - PROV. CONST. DEL CALLAO","ALMENDRA, sin cáscara secado al natural",16329.325,"CAJA(S)","EEUU"
"7620","2022",4,"PUESTO DE CONTROL TERRESTRE DESAGUADERO","SOYA, torta",56000,"GRANEL","BOLIVIA"
"7621","2022",4,"PUESTO DE CONTROL TERRESTRE DESAGUADERO","SOYA, torta",55980,"GRANEL","BOLIVIA"
"7622","2022",4,"PUESTO DE CONTROL TERRESTRE DESAGUADERO","SOYA, torta",57000,"GRANEL","BOLIVIA"
"7623","2022",4,"PUESTO DE CONTROL TERRESTRE DESAGUADERO","SOYA, torta",83510,"GRANEL","BOLIVIA"
"7624","2022",4,"OFICINA PUESTO DE CONTROL MARITIMO - PROV. CONST. DEL CALLAO","PINO, madera aserrada con algún proceso de la CRF2",487449,"PAQUETES","CHILE"
"7625","2022",4,"OFICINA PUESTO DE CONTROL MARITIMO - PROV. CONST. DEL CALLAO","LENTEJA, grano",78927,"SACO(S)","CANADA"
"7626","2022",4,"PUESTO DE CONTROL TERRESTRE DESAGUADERO","SOYA, harina",144000,"SACO(S)","BOLIVIA"
"7627","2022",4,"OFICINA PUESTO DE CONTROL MARITIMO - PROV. CONST. DEL CALLAO","LENTEJA, grano",26309,"SACO(S)","CANADA"
"7628","2022",4,"OFICINA PUESTO DE CONTROL MARITIMO - PROV. CONST. DEL CALLAO","TRIGO, harina",9258.883,"BOLSAS","EEUU"
"7629","2022",4,"OFICINA PUESTO DE CONTROL MARITIMO - PROV. CONST. DEL CALLAO","MAIZ, harina",453.6,"BOLSAS","EEUU"
"7630","2022",4,"OFICINA PUESTO DE CONTROL MARITIMO - PROV. CONST. DEL CALLAO","LENTEJA, grano",21500,"SACO(S)","CANADA"
"7631","2022",4,"OFICINA PUESTO DE CONTROL MARITIMO - PROV. CONST. DEL CALLAO","PERA, fruta fresca",23040,"CAJA(S)","CHILE"
"7632","2022",4,"PUERTO DE PAITA , PIURA","TURBA",41355.8,"BIG BAG","LETONIA"
"7633","2022",4,"OFICINA PUESTO DE CONTROL AEREO -  PROV. CONST. DEL CALLAO","EPILOBIO, molido o triturado",1,"BOLSAS","POLONIA"
"7634","2022",4,"OFICINA PUESTO DE CONTROL AEREO -  PROV. CONST. DEL CALLAO","GINKGO, polvo o molido o triturado",1,"BOLSAS","POLONIA"
"7635","2022",4,"PUERTO DE PISCO , ICA","PINO, postes de madera con algun proceso de la CRF 2",47524.72,"UNIDADES","EEUU"
"7636","2022",4,"PUESTO DE CONTROL TERRESTRE DESAGUADERO","SOYA, grano",27990,"GRANEL","BOLIVIA"
"7637","2022",4,"PUESTO DE CONTROL TERRESTRE DESAGUADERO","SOYA, grano",55000,"GRANEL","BOLIVIA"
"7638","2022",4,"PUESTO DE CONTROL TERRESTRE DESAGUADERO","SOYA, grano",29000,"GRANEL","BOLIVIA"
"7639","2022",4,"PUESTO DE CONTROL TERRESTRE DESAGUADERO","SOYA, grano",56000,"GRANEL","BOLIVIA"
"7640","2022",4,"PUESTO DE CONTROL TERRESTRE DESAGUADERO","SOYA, grano",57000,"GRANEL","BOLIVIA"
"7641","2022",4,"PUESTO DE CONTROL TERRESTRE DESAGUADERO","SOYA, grano",28000,"GRANEL","BOLIVIA"
"7642","2022",4,"PUESTO DE CONTROL TERRESTRE DESAGUADERO","SOYA, grano",55000,"GRANEL","BOLIVIA"
"7643","2022",4,"PUESTO DE CONTROL TERRESTRE DESAGUADERO","SOYA, grano",57000,"GRANEL","BOLIVIA"
"7644","2022",4,"PUESTO DE CONTROL TERRESTRE DESAGUADERO","SOYA, grano",53000,"GRANEL","BOLIVIA"
"7645","2022",4,"PUESTO DE CONTROL TERRESTRE DESAGUADERO","SOYA, grano",28000,"GRANEL","BOLIVIA"
"7646","2022",4,"PUESTO DE CONTROL TERRESTRE DESAGUADERO","SOYA, grano",58000,"GRANEL","BOLIVIA"
"7647","2022",4,"PUESTO DE CONTROL TERRESTRE DESAGUADERO","SOYA, grano",27990,"GRANEL","BOLIVIA"
"7648","2022",4,"PUESTO DE CONTROL TERRESTRE DESAGUADERO","SOYA, grano",28000,"GRANEL","BOLIVIA"
"7649","2022",4,"PUESTO DE CONTROL TERRESTRE DESAGUADERO","SOYA, grano",56010,"GRANEL","BOLIVIA"
"7650","2022",4,"PUESTO DE CONTROL TERRESTRE DESAGUADERO","SOYA, grano",27000,"GRANEL","BOLIVIA"
"7651","2022",4,"PUESTO DE CONTROL TERRESTRE DESAGUADERO","SOYA, grano",81000,"GRANEL","BOLIVIA"
"7652","2022",4,"PUERTO DE MATARANI , AREQUIPA","MAIZ AMARILLO DURO, grano",7003410,"GRANEL","ARGENTINA"
"7653","2022",4,"OFICINA PUESTO DE CONTROL MARITIMO - PROV. CONST. DEL CALLAO","MADERA EN PLAQUITAS, o particulas distinta de coníferas con algún proceso de la CRF 2",2880,"SACO(S)","ALEMANIA"
"7654","2022",4,"OFICINA PUESTO DE CONTROL MARITIMO - PROV. CONST. DEL CALLAO","ASERRIN, polvo",8640,"SACO(S)","ALEMANIA"
"7655","2022",4,"PUERTO DE PAITA , PIURA","TURBA",124460,"BIG BAG","LETONIA"
"7656","2022",4,"OFICINA PUESTO DE CONTROL MARITIMO - PROV. CONST. DEL CALLAO","AVENA, grano mondado, perlado, troceado o quebrantado",23850,"SACO(S)","CHILE"
"7657","2022",4,"OFICINA PUESTO DE CONTROL MARITIMO - PROV. CONST. DEL CALLAO","SOYA, torta",7142220,"GRANEL","ARGENTINA"
"7658","2022",4,"OFICINA PUESTO DE CONTROL MARITIMO - PROV. CONST. DEL CALLAO","TRIGO, harina",18517.766,"BOLSAS","EEUU"
"7659","2022",4,"SANTA ROSA, TACNA","TRACTOR AGRICOLA USADO, con motor de potencia superior a 33 kW pero inferior o igual a 75 kW",18700,"UNIDADES","JAPON"
"7660","2022",4,"PUESTO DE CONTROL TERRESTRE DESAGUADERO","SOYA, torta",115988,"SACO(S)","BOLIVIA"
"7661","2022",4,"PUESTO DE CONTROL TERRESTRE DESAGUADERO","SOYA, torta",119000,"SACO(S)","BOLIVIA"
"7662","2022",4,"PUERTO DE MATARANI , AREQUIPA","MAIZ AMARILLO DURO, grano",24196925,"GRANEL","ARGENTINA"
"7663","2022",4,"PUERTO DE MATARANI , AREQUIPA","MAIZ AMARILLO DURO, grano",3300000,"GRANEL","ARGENTINA"
"7664","2022",4,"PUESTO DE CONTROL TERRESTRE DESAGUADERO","SOYA, torta",50000,"SACO(S)","BOLIVIA"
"7665","2022",4,"PUESTO DE CONTROL TERRESTRE DESAGUADERO","SOYA, torta",50000,"SACO(S)","BOLIVIA"
"7666","2022",4,"PUESTO DE CONTROL TERRESTRE DESAGUADERO","MANI, grano sin cáscara",29000,"SACO(S)","BOLIVIA"
"7667","2022",4,"OFICINA PUESTO DE CONTROL AEREO -  PROV. CONST. DEL CALLAO","FRESA, plántula",600,"CAJA(S)","ESPAÑA"
"7668","2022",4,"OFICINA PUESTO DE CONTROL MARITIMO - PROV. CONST. DEL CALLAO","YUCA (=MANDIOCA), fécula",55500,"SACO(S)","TAILANDIA"
"7669","2022",4,"OFICINA PUESTO DE CONTROL MARITIMO - PROV. CONST. DEL CALLAO","CANELA, corteza entera seca al natural",13000,"SACO(S)","SRI LANKA"
"7670","2022",4,"OFICINA PUESTO DE CONTROL MARITIMO - PROV. CONST. DEL CALLAO","TRIGO, harina",18517.766,"BOLSAS","EEUU"
"7671","2022",4,"OFICINA PUESTO DE CONTROL MARITIMO - PROV. CONST. DEL CALLAO","TRIGO, harina",18517.766,"BOLSAS","EEUU"
"7672","2022",4,"PUESTO DE CONTROL- CEBAF","CAÑA DE GUAYAQUIL, seca al natural",32000,"UNIDADES","ECUADOR"
"7673","2022",4,"PUESTO DE CONTROL TERRESTRE DESAGUADERO","SOYA, torta",55400,"GRANEL","BOLIVIA"
"7674","2022",4,"PUESTO DE CONTROL TERRESTRE DESAGUADERO","SOYA, torta",55680,"GRANEL","BOLIVIA"
"7675","2022",4,"PUESTO DE CONTROL TERRESTRE DESAGUADERO","SOYA, torta",53000,"GRANEL","BOLIVIA"
"7676","2022",4,"PUESTO DE CONTROL TERRESTRE DESAGUADERO","SOYA, torta",113000,"GRANEL","BOLIVIA"
"7677","2022",4,"PUESTO DE CONTROL TERRESTRE DESAGUADERO","SOYA, torta",84000,"GRANEL","BOLIVIA"
"7678","2022",4,"PUESTO DE CONTROL TERRESTRE DESAGUADERO","SOYA, torta",87950,"GRANEL","BOLIVIA"
"7679","2022",4,"PUESTO DE CONTROL TERRESTRE DESAGUADERO","SOYA, torta",57030,"GRANEL","BOLIVIA"
"7680","2022",4,"PUESTO DE CONTROL TERRESTRE DESAGUADERO","SOYA, torta",112000,"GRANEL","BOLIVIA"
"7681","2022",4,"OFICINA PUESTO DE CONTROL MARITIMO - PROV. CONST. DEL CALLAO","TURBA, absorbente para aceites, derrames de petróleos y químicos industriales",9480,"BOLSAS","CANADA"
"7682","2022",4,"OFICINA PUESTO DE CONTROL MARITIMO - PROV. CONST. DEL CALLAO","AZUCAR CRUDA, sólido",560000,"SACO(S)","NICARAGUA"
"7683","2022",4,"OFICINA PUESTO DE CONTROL MARITIMO - PROV. CONST. DEL CALLAO","AZUCARES, los demas",1e+05,"SACO(S)","COLOMBIA"
"7684","2022",4,"OFICINA PUESTO DE CONTROL AEREO -  PROV. CONST. DEL CALLAO","SANDIA, semilla",2.739,"SACHETS","EEUU"
"7685","2022",4,"OFICINA PUESTO DE CONTROL MARITIMO - PROV. CONST. DEL CALLAO","AZUCARES, los demas",125000,"SACO(S)","COLOMBIA"
"7686","2022",4,"OFICINA PUESTO DE CONTROL AEREO -  PROV. CONST. DEL CALLAO","MELON, semilla",0.305,"SACHETS","ESPAÑA"
"7687","2022",4,"OFICINA PUESTO DE CONTROL MARITIMO - PROV. CONST. DEL CALLAO","AZUCARES, los demas",1e+05,"SACO(S)","COLOMBIA"
"7688","2022",4,"OFICINA PUESTO DE CONTROL AEREO -  PROV. CONST. DEL CALLAO","SANDIA, semilla",0.162,"SACHETS","HOLANDA"
"7689","2022",4,"PUESTO DE CONTROL- CEBAF","SACHA INCHI, grano",3320,"SACO(S)","ECUADOR"
"7690","2022",4,"SANTA ROSA, TACNA","KIWI, fruto fresco",22080,"CAJA(S)","CHILE"
"7691","2022",4,"OFICINA PUESTO DE CONTROL MARITIMO - PROV. CONST. DEL CALLAO","AVENA, grano aplastado o en copos (hojuelas)",52000,"SACO(S)","CHILE"
"7692","2022",4,"OFICINA PUESTO DE CONTROL MARITIMO - PROV. CONST. DEL CALLAO","PERA, fruta fresca",23520,"CAJA(S)","CHILE"
"7693","2022",4,"PUESTO DE CONTROL TERRESTRE DESAGUADERO","MANI, grano sin cáscara",29000,"SACO(S)","BOLIVIA"
"7694","2022",4,"OFICINA PUESTO DE CONTROL MARITIMO - PROV. CONST. DEL CALLAO","Las demás maderas de coníferas, perfilada longitudi (con lengüetas ranuras, rebajes, acanalados, biselados, con juntas en v, redond  o simil) en una o varias caras, cantos o extrem, incluso cepillada, lijada o unida por los extrem, con algún proceso de la CRF 2",55340,"PAQUETES","BRASIL"
"7695","2022",4,"OFICINA PUESTO DE CONTROL MARITIMO - PROV. CONST. DEL CALLAO","TURBA",114069,"BIG BAG","LETONIA"
"7696","2022",4,"OFICINA PUESTO DE CONTROL MARITIMO - PROV. CONST. DEL CALLAO","ALGODON, fibra sin cardar ni peinar (>28.57 mm = o <34.92 mm)",19913,"FARDOS","EEUU"
"7697","2022",4,"OFICINA PUESTO DE CONTROL MARITIMO - PROV. CONST. DEL CALLAO","ARROZ, grano pilado",150000,"GRANEL","URUGUAY"
"7698","2022",4,"OFICINA PUESTO DE CONTROL MARITIMO - PROV. CONST. DEL CALLAO","ARROZ, grano pilado",575000,"GRANEL","URUGUAY"
"7699","2022",4,"PUESTO DE CONTROL TERRESTRE DESAGUADERO","SOYA, harina",84000,"SACO(S)","BOLIVIA"
"7700","2022",4,"OFICINA PUESTO DE CONTROL MARITIMO - PROV. CONST. DEL CALLAO","TURBA",238879,"BIG BAG","LETONIA"
"7701","2022",4,"OFICINA PUESTO DE CONTROL MARITIMO - PROV. CONST. DEL CALLAO","MIMBRE, artículos de cestería (canasta, cestos u otros)",28.932,"CAJA(S)","EL SALVADOR"
"7702","2022",4,"OFICINA PUESTO DE CONTROL MARITIMO - PROV. CONST. DEL CALLAO","BAMBU, artículos de cestería obtenidos directamente en su forma con materia trenzable con algún proceso de la CRF 2",397,"CAJA(S)","EL SALVADOR"
"7703","2022",4,"OFICINA PUESTO DE CONTROL MARITIMO - PROV. CONST. DEL CALLAO","MIMBRE, artículos de cestería (canasta, cestos u otros)",3,"CAJA(S)","EL SALVADOR"
"7704","2022",4,"OFICINA PUESTO DE CONTROL MARITIMO - PROV. CONST. DEL CALLAO","BAMBU, artículos de cestería obtenidos directamente en su forma con materia trenzable con algún proceso de la CRF 2",42.374,"CAJA(S)","EL SALVADOR"
"7705","2022",4,"OFICINA PUESTO DE CONTROL MARITIMO - PROV. CONST. DEL CALLAO","ROTEN (=Ratán), artículos de cestería obtenidos directamente en su forma con materia trenzable con algún proceso de la CRF2",55.175,"CAJA(S)","EL SALVADOR"
"7706","2022",4,"OFICINA PUESTO DE CONTROL MARITIMO - PROV. CONST. DEL CALLAO","LENTEJA, grano",78924,"SACO(S)","CANADA"
"7707","2022",4,"OFICINA PUESTO DE CONTROL MARITIMO - PROV. CONST. DEL CALLAO","MARCOS, madera",381.655,"CAJA(S)","EL SALVADOR"
"7708","2022",4,"OFICINA PUESTO DE CONTROL MARITIMO - PROV. CONST. DEL CALLAO","LENTEJA, grano",78924,"SACO(S)","CANADA"
"7709","2022",4,"PUESTO DE CONTROL- CEBAF","CAÑA DE GUAYAQUIL, seca al natural",34000,"UNIDADES","ECUADOR"
"7710","2022",4,"PUESTO DE CONTROL TERRESTRE DESAGUADERO","SOYA, grano",140000,"GRANEL","BOLIVIA"
"7711","2022",4,"PUESTO DE CONTROL TERRESTRE DESAGUADERO","SOYA, torta",174000,"SACO(S)","BOLIVIA"
"7712","2022",4,"OFICINA PUESTO DE CONTROL MARITIMO - PROV. CONST. DEL CALLAO","COCO, fibra (para sustrato)",75800,"BOLSAS","SRI LANKA"
"7713","2022",4,"OFICINA PUESTO DE CONTROL MARITIMO - PROV. CONST. DEL CALLAO","GIRASOL, grano",40610,"SACO(S)","ARGENTINA"
"7714","2022",4,"PUESTO DE CONTROL TERRESTRE DESAGUADERO","SOYA, torta",28000,"GRANEL","BOLIVIA"
"7715","2022",4,"PUESTO DE CONTROL TERRESTRE DESAGUADERO","SOYA, torta",85500,"GRANEL","BOLIVIA"
"7716","2022",4,"PUESTO DE CONTROL TERRESTRE DESAGUADERO","SOYA, torta",54000,"GRANEL","BOLIVIA"
"7717","2022",4,"PUESTO DE CONTROL TERRESTRE DESAGUADERO","SOYA, torta",75500,"GRANEL","BOLIVIA"
"7718","2022",4,"PUESTO DE CONTROL TERRESTRE DESAGUADERO","SOYA, torta",26000,"GRANEL","BOLIVIA"
"7719","2022",4,"IÑAPARI, MADRE DE DIOS","MAIZ, grano (mondado, perlado, troceado o quebrantado)",37450,"SACO(S)","BRASIL"
"7720","2022",4,"IÑAPARI, MADRE DE DIOS","MAIZ, grano (mondado, perlado, troceado o quebrantado)",47950,"SACO(S)","BRASIL"
"7721","2022",4,"IÑAPARI, MADRE DE DIOS","MAIZ, grano (mondado, perlado, troceado o quebrantado)",47900,"SACO(S)","BRASIL"
"7722","2022",4,"IÑAPARI, MADRE DE DIOS","MAIZ, grano (mondado, perlado, troceado o quebrantado)",31850,"SACO(S)","BRASIL"
"7723","2022",4,"PUESTO DE CONTROL TERRESTRE DESAGUADERO","MANI, grano sin cáscara",29000,"SACO(S)","BOLIVIA"
"7724","2022",4,"OFICINA PUESTO DE CONTROL MARITIMO - PROV. CONST. DEL CALLAO","PINO, madera aserrada con algún proceso de la CRF2",111320,"PAQUETES","CHILE"
"7725","2022",4,"PUESTO DE CONTROL TERRESTRE DESAGUADERO","SOYA, grano",174000,"GRANEL","BOLIVIA"
"7726","2022",4,"PUESTO DE CONTROL TERRESTRE DESAGUADERO","SOYA, grano",75000,"GRANEL","BOLIVIA"
"7727","2022",4,"PUESTO DE CONTROL TERRESTRE DESAGUADERO","SOYA, grano",56000,"GRANEL","BOLIVIA"
"7728","2022",4,"PUESTO DE CONTROL TERRESTRE DESAGUADERO","SOYA, grano",56500,"GRANEL","BOLIVIA"
"7729","2022",4,"PUESTO DE CONTROL TERRESTRE DESAGUADERO","SOYA, grano",58000,"GRANEL","BOLIVIA"
"7730","2022",4,"PUESTO DE CONTROL TERRESTRE DESAGUADERO","SOYA, grano",85500,"GRANEL","BOLIVIA"
"7731","2022",4,"OFICINA PUESTO DE CONTROL MARITIMO - PROV. CONST. DEL CALLAO","TURBA",79100,"FARDOS","LETONIA"
"7732","2022",4,"PUESTO DE CONTROL TERRESTRE DESAGUADERO","SOYA, torta",25000,"GRANEL","BOLIVIA"
"7733","2022",4,"OFICINA PUESTO DE CONTROL AEREO -  PROV. CONST. DEL CALLAO","ARANDANO, planta  in vitro",704.9,"CAJA(S)","CHILE"
"7734","2022",4,"PUESTO DE CONTROL TERRESTRE DESAGUADERO","SOYA, torta",112000,"GRANEL","BOLIVIA"
"7735","2022",4,"PUESTO DE CONTROL TERRESTRE DESAGUADERO","SOYA, torta",28000,"GRANEL","BOLIVIA"
"7736","2022",4,"PUESTO DE CONTROL TERRESTRE DESAGUADERO","SOYA, torta",85500,"GRANEL","BOLIVIA"
"7737","2022",4,"PUESTO DE CONTROL TERRESTRE DESAGUADERO","YUCA (=MANDIOCA), fécula",28000,"PALETAS","PARAGUAY"
"7738","2022",4,"PUESTO DE CONTROL TERRESTRE DESAGUADERO","SOYA, harina",145000,"SACO(S)","BOLIVIA"
"7739","2022",4,"OFICINA PUESTO DE CONTROL MARITIMO - PROV. CONST. DEL CALLAO","MANZANA, fruto fresco",19551,"CAJA(S)","CHILE"
"7740","2022",4,"OFICINA PUESTO DE CONTROL MARITIMO - PROV. CONST. DEL CALLAO","PINO, madera aserrada con algún proceso de la CRF2",82517,"PIEZAS","CHILE"
"7741","2022",4,"OFICINA PUESTO DE CONTROL MARITIMO - PROV. CONST. DEL CALLAO","MADERA, puertas y sus marcos, contramarcos y umbrales, con algun proceso de la CRF 2",11158.85,"PIEZAS","BRASIL"
"7742","2022",4,"PUESTO DE CONTROL TERRESTRE DESAGUADERO","SOYA, torta",145000,"SACO(S)","BOLIVIA"
"7743","2022",4,"PUESTO DE CONTROL TERRESTRE DESAGUADERO","SOYA, torta",84000,"GRANEL","BOLIVIA"
"7744","2022",4,"PUESTO DE CONTROL TERRESTRE DESAGUADERO","SOYA, torta",81510,"GRANEL","BOLIVIA"
"7745","2022",4,"PUESTO DE CONTROL TERRESTRE DESAGUADERO","SOYA, torta",54000,"GRANEL","BOLIVIA"
"7746","2022",4,"OFICINA PUESTO DE CONTROL MARITIMO - PROV. CONST. DEL CALLAO","TURBA",121330,"BIG BAG","LETONIA"
"7747","2022",4,"OFICINA PUESTO DE CONTROL MARITIMO - PROV. CONST. DEL CALLAO","ARROZ, grano pilado",75000,"SACO(S)","URUGUAY"
"7748","2022",4,"OFICINA PUESTO DE CONTROL MARITIMO - PROV. CONST. DEL CALLAO","ARROZ, grano pilado",1e+05,"SACO(S)","URUGUAY"
"7749","2022",4,"OFICINA PUESTO DE CONTROL MARITIMO - PROV. CONST. DEL CALLAO","ARROZ, grano pilado",275000,"SACO(S)","URUGUAY"
"7750","2022",4,"OFICINA PUESTO DE CONTROL MARITIMO - PROV. CONST. DEL CALLAO","ARROZ, grano pilado",75000,"SACO(S)","URUGUAY"
"7751","2022",4,"OFICINA PUESTO DE CONTROL MARITIMO - PROV. CONST. DEL CALLAO","ARROZ, grano pilado",25000,"SACO(S)","URUGUAY"
"7752","2022",4,"OFICINA PUESTO DE CONTROL MARITIMO - PROV. CONST. DEL CALLAO","TURBA",99690,"BIG BAG","LETONIA"
"7753","2022",4,"OFICINA PUESTO DE CONTROL MARITIMO - PROV. CONST. DEL CALLAO","ACHIOTE, grano",20000,"SACO(S)","GUATEMALA"
"7754","2022",4,"PUERTO DE PISCO , ICA","PINO, madera en bruto con algún proceso de CRF 2",278488.88,"UNIDADES","EEUU"
"7755","2022",4,"OFICINA PUESTO DE CONTROL MARITIMO - PROV. CONST. DEL CALLAO","YUTE, sacos",16650,"SACOS DE YUTE","BANGLADESH"
"7756","2022",4,"PUESTO DE CONTROL TERRESTRE DESAGUADERO","MANI, grano sin cáscara",30000,"SACO(S)","BOLIVIA"
"7757","2022",4,"OFICINA PUESTO DE CONTROL MARITIMO - PROV. CONST. DEL CALLAO","MANZANA, fruto fresco",19551,"CAJA(S)","CHILE"
"7758","2022",4,"OFICINA PUESTO DE CONTROL MARITIMO - PROV. CONST. DEL CALLAO","MANZANA, fruto fresco",19551,"CAJA(S)","CHILE"
"7759","2022",4,"OFICINA PUESTO DE CONTROL MARITIMO - PROV. CONST. DEL CALLAO","PERA, fruta fresca",23040,"CAJA(S)","CHILE"
"7760","2022",4,"OFICINA PUESTO DE CONTROL MARITIMO - PROV. CONST. DEL CALLAO","ALGODON, fibra sin cardar ni peinar (>34.92 mm)",79160,"FARDOS","EEUU"
"7761","2022",4,"PUESTO DE CONTROL TERRESTRE DESAGUADERO","AZUCAR BLANCA O REFINADA (lectura polarimetrica mayor 99.5°)",40950,"SACO(S)","BOLIVIA"
"7762","2022",4,"OFICINA PUESTO DE CONTROL MARITIMO - PROV. CONST. DEL CALLAO","AVENA, grano mondado, perlado, troceado o quebrantado",150000,"SACO(S)","CHILE"
"7763","2022",4,"OFICINA PUESTO DE CONTROL MARITIMO - PROV. CONST. DEL CALLAO","CIRUELA, fruto fresco",16800,"CAJA(S)","CHILE"
"7764","2022",4,"OFICINA PUESTO DE CONTROL MARITIMO - PROV. CONST. DEL CALLAO","MANZANA, fruto fresco",19551,"CAJA(S)","CHILE"
"7765","2022",4,"OFICINA PUESTO DE CONTROL MARITIMO - PROV. CONST. DEL CALLAO","MANZANA, fruto fresco",19796,"CAJA(S)","CHILE"
"7766","2022",4,"OFICINA PUESTO DE CONTROL MARITIMO - PROV. CONST. DEL CALLAO","AZUCAR CRUDA, sólido",125000,"SACO(S)","COLOMBIA"
"7767","2022",4,"OFICINA PUESTO DE CONTROL MARITIMO - PROV. CONST. DEL CALLAO","LENTEJA, grano",174636,"SACO(S)","CANADA"
"7768","2022",4,"IÑAPARI, MADRE DE DIOS","MAIZ, grano (mondado, perlado, troceado o quebrantado)",47350,"SACO(S)","BRASIL"
"7769","2022",4,"PUESTO DE CONTROL- CEBAF","CAÑA DE GUAYAQUIL, seca al natural",32000,"UNIDADES","ECUADOR"
"7770","2022",4,"OFICINA PUESTO DE CONTROL MARITIMO - PROV. CONST. DEL CALLAO","PAPA, fécula",140000,"SACO(S)","ALEMANIA"
"7771","2022",4,"PUESTO DE CONTROL TERRESTRE DESAGUADERO","MAIZ, salvado",56000,"SACO(S)","BOLIVIA"
"7772","2022",4,"PUESTO DE CONTROL TERRESTRE DESAGUADERO","SOYA, harina",87000,"SACO(S)","BOLIVIA"
"7773","2022",4,"OFICINA PUESTO DE CONTROL MARITIMO - PROV. CONST. DEL CALLAO","LENTEJA, grano",52164,"SACO(S)","CANADA"
"7774","2022",4,"OFICINA PUESTO DE CONTROL AEREO -  PROV. CONST. DEL CALLAO","ARANDANO, planta",1006,"CAJA(S)","CHILE"
"7775","2022",4,"PUESTO DE CONTROL TERRESTRE DESAGUADERO","FREJOL NEGRO, grano",29000,"SACO(S)","BOLIVIA"
"7776","2022",4,"PUESTO DE CONTROL- CEBAF","CAÑA DE GUAYAQUIL, seca al natural",34000,"UNIDADES","ECUADOR"
"7777","2022",4,"PUESTO DE CONTROL- CEBAF","CAÑA DE GUAYAQUIL, seca al natural",34000,"UNIDADES","ECUADOR"
"7778","2022",4,"OFICINA PUESTO DE CONTROL MARITIMO - PROV. CONST. DEL CALLAO","PAPA, hojuelas y pellets",800,"CAJA(S)","MEXICO"
"7779","2022",4,"OFICINA PUESTO DE CONTROL MARITIMO - PROV. CONST. DEL CALLAO","TRIGO, gluten",24000,"SACO(S)","ALEMANIA"
"7780","2022",4,"OFICINA PUESTO DE CONTROL MARITIMO - PROV. CONST. DEL CALLAO","ALMENDRA, sin cáscara secado al natural",19958.4,"CAJA(S)","EEUU"
"7781","2022",4,"IÑAPARI, MADRE DE DIOS","NUEZ DEL BRASIL, con cáscara seca al natural",27720,"SACO(S)","BRASIL"
"7782","2022",4,"OFICINA PUESTO DE CONTROL MARITIMO - PROV. CONST. DEL CALLAO","MADERA EN BRUTO, las demás con algún proceso de la CRF 2",16546,"UNIDADES","CHILE"
"7783","2022",4,"OFICINA PUESTO DE CONTROL MARITIMO - PROV. CONST. DEL CALLAO","MADERA EN BRUTO, las demás con algún proceso de la CRF 2",17593,"UNIDADES","CHILE"
"7784","2022",4,"SANTA ROSA, TACNA","DURAZNO, seco industrial",5000,"CAJA(S)","CHILE"
"7785","2022",4,"PUESTO DE CONTROL TERRESTRE DESAGUADERO","SOYA, torta",117000,"SACO(S)","BOLIVIA"
"7786","2022",4,"OFICINA PUESTO DE CONTROL MARITIMO - PROV. CONST. DEL CALLAO","MAIZ, semilla",18981,"BOLSAS","BOLIVIA"
"7787","2022",4,"PUESTO DE CONTROL TERRESTRE DESAGUADERO","SOYA, torta",112000,"GRANEL","BOLIVIA"
"7788","2022",4,"PUESTO DE CONTROL TERRESTRE DESAGUADERO","SOYA, torta",83500,"GRANEL","BOLIVIA"
"7789","2022",4,"PUESTO DE CONTROL TERRESTRE DESAGUADERO","SOYA, torta",81000,"GRANEL","BOLIVIA"
"7790","2022",4,"PUESTO DE CONTROL TERRESTRE DESAGUADERO","SOYA, torta",112000,"GRANEL","BOLIVIA"
"7791","2022",4,"PUESTO DE CONTROL TERRESTRE DESAGUADERO","SOYA, torta",28680,"GRANEL","BOLIVIA"
"7792","2022",4,"SANTA ROSA, TACNA","TRACTOR AGRICOLA USADO, con motor de potencia superior a 33 kW pero inferior o igual a 75 kW",4000,"UNIDADES","CHILE"
"7793","2022",4,"PUESTO DE CONTROL- CEBAF","CAÑA DE GUAYAQUIL, seca al natural",34000,"UNIDADES","ECUADOR"
"7794","2022",4,"PUESTO DE CONTROL- CEBAF","AZUCAR CRUDA, sólido",180000,"SACO(S)","ECUADOR"
"7795","2022",4,"PUESTO DE CONTROL- CEBAF","AZUCAR BLANCA O REFINADA (lectura polarimetrica mayor 99.5°)",120000,"SACO(S)","ECUADOR"
"7796","2022",4,"OFICINA PUESTO DE CONTROL MARITIMO - PROV. CONST. DEL CALLAO","ARROZ, grano pilado",250000,"SACO(S)","URUGUAY"
"7797","2022",4,"PUERTO DE PISCO , ICA","PINO, postes de madera con algun proceso de la CRF 2",40777.04,"PIEZAS","EEUU"
"7798","2022",4,"PUESTO DE CONTROL TERRESTRE DESAGUADERO","MANI, grano sin cáscara",29000,"SACO(S)","BOLIVIA"
"7799","2022",4,"PUESTO DE CONTROL TERRESTRE DESAGUADERO","SOYA, torta",56000,"GRANEL","BOLIVIA"
"7800","2022",4,"SANTA ROSA, TACNA","MANZANA, fruto fresco",23520,"CAJA(S)","CHILE"
"7801","2022",4,"OFICINA PUESTO DE CONTROL MARITIMO - PROV. CONST. DEL CALLAO","LENTEJA, grano",78246,"SACO(S)","CANADA"
"7802","2022",4,"OFICINA PUESTO DE CONTROL MARITIMO - PROV. CONST. DEL CALLAO","LENTEJA, grano",78246,"SACO(S)","CANADA"
"7803","2022",4,"OFICINA PUESTO DE CONTROL MARITIMO - PROV. CONST. DEL CALLAO","MAIZ, semilla",54675,"BOLSAS","TAILANDIA"
"7804","2022",4,"OFICINA PUESTO DE CONTROL AEREO -  PROV. CONST. DEL CALLAO","CEBOLLA, semilla",0.23,"SOBRES","EEUU"
"7805","2022",4,"OFICINA PUESTO DE CONTROL AEREO -  PROV. CONST. DEL CALLAO","CEBOLLA, semilla",86.69,"SOBRES ALUMINIZADOS","EEUU"
"7806","2022",4,"OFICINA PUESTO DE CONTROL AEREO -  PROV. CONST. DEL CALLAO","BROCOLI, semilla",0.012,"SOBRES","EEUU"
"7807","2022",4,"OFICINA PUESTO DE CONTROL AEREO -  PROV. CONST. DEL CALLAO","COL, semilla",0.008,"SOBRES","EEUU"
"7808","2022",4,"OFICINA PUESTO DE CONTROL AEREO -  PROV. CONST. DEL CALLAO","PEPINILLO, semilla",0.12,"SOBRES","EEUU"
"7809","2022",4,"OFICINA PUESTO DE CONTROL AEREO -  PROV. CONST. DEL CALLAO","TOMATE, semilla",0.029,"SACHETS","HOLANDA"
"7810","2022",4,"OFICINA PUESTO DE CONTROL AEREO -  PROV. CONST. DEL CALLAO","TOMATE, semilla",0.098,"SACHETS","HOLANDA"
"7811","2022",4,"OFICINA PUESTO DE CONTROL AEREO -  PROV. CONST. DEL CALLAO","TOMATE, semilla",0.103,"SACHETS","EEUU"
"7812","2022",4,"OFICINA PUESTO DE CONTROL AEREO -  PROV. CONST. DEL CALLAO","TOMATE, semilla",0.02,"SACHETS","HOLANDA"
"7813","2022",4,"OFICINA PUESTO DE CONTROL MARITIMO - PROV. CONST. DEL CALLAO","FRESA, plántula",8424,"BINES DE MADERA","ESPAÑA"
"7814","2022",4,"OFICINA PUESTO DE CONTROL AEREO -  PROV. CONST. DEL CALLAO","ZAPALLITO ITALIANO (CALABACIN), semilla",5.904,"SACHETS","HOLANDA"
"7815","2022",4,"OFICINA PUESTO DE CONTROL AEREO -  PROV. CONST. DEL CALLAO","TOMATE, semilla",0.043,"SACHETS","HOLANDA"
"7816","2022",4,"OFICINA PUESTO DE CONTROL AEREO -  PROV. CONST. DEL CALLAO","TOMATE, semilla",0.107,"SACHETS","HOLANDA"
"7817","2022",4,"OFICINA PUESTO DE CONTROL AEREO -  PROV. CONST. DEL CALLAO","ZAPALLITO ITALIANO (CALABACIN), semilla",1.15,"SACHETS","HOLANDA"
"7818","2022",4,"OFICINA PUESTO DE CONTROL MARITIMO - PROV. CONST. DEL CALLAO","TRACTOR AGRICOLA USADO, con motor de potencia superior a 130KW",12927.515,"UNIDADES","EEUU"
"7819","2022",4,"OFICINA PUESTO DE CONTROL MARITIMO - PROV. CONST. DEL CALLAO","AVENA, grano mondado, perlado, troceado o quebrantado",120000,"SACO(S)","CHILE"
"7820","2022",4,"SANTA ROSA, TACNA","MANZANA, fruto fresco",22540,"CAJA(S)","CHILE"
"7821","2022",4,"SANTA ROSA, TACNA","KIWI, fruto fresco",3435,"CAJA(S)","CHILE"
"7822","2022",4,"SANTA ROSA, TACNA","PERA, fruta fresca",16416,"CAJA(S)","CHILE"
"7823","2022",4,"SANTA ROSA, TACNA","MANZANA, fruto fresco",3920,"CAJA(S)","CHILE"
"7824","2022",4,"OFICINA PUESTO DE CONTROL MARITIMO - PROV. CONST. DEL CALLAO","MAIZ, semilla",23504.6,"BOLSAS","BOLIVIA"
"7825","2022",4,"PUESTO DE CONTROL- CEBAF","ROSA, flores frescas cortadas",6620,"CAJA(S)","ECUADOR"
"7826","2022",4,"PUESTO DE CONTROL- CEBAF","CLAVEL, flores frescas cortadas",1060,"CAJA(S)","ECUADOR"
"7827","2022",4,"PUESTO DE CONTROL TERRESTRE DESAGUADERO","SOYA, torta",57500,"GRANEL","BOLIVIA"
"7828","2022",4,"OFICINA PUESTO DE CONTROL MARITIMO - PROV. CONST. DEL CALLAO","AVENA, harina o polvo",2000,"SACO(S)","COLOMBIA"
"7829","2022",4,"PUERTO DE SALAVERRY, LA LIBERTAD","SOYA, torta",6e+05,"GRANEL","ARGENTINA"
"7830","2022",4,"SANTA ROSA, TACNA","PERA, fruta fresca",5040,"CAJA(S)","CHILE"
"7831","2022",4,"SANTA ROSA, TACNA","MANZANA, fruto fresco",18620,"CAJA(S)","CHILE"
"7832","2022",4,"PUESTO DE CONTROL TERRESTRE DESAGUADERO","SOYA, torta",83500,"GRANEL","BOLIVIA"
"7833","2022",4,"PUESTO DE CONTROL TERRESTRE DESAGUADERO","SOYA, torta",141000,"SACO(S)","BOLIVIA"
"7834","2022",4,"OFICINA PUESTO DE CONTROL MARITIMO - PROV. CONST. DEL CALLAO","ARROZ, grano pilado",50000,"SACO(S)","URUGUAY"
"7835","2022",4,"OFICINA PUESTO DE CONTROL MARITIMO - PROV. CONST. DEL CALLAO","ARROZ, grano pilado",125000,"SACO(S)","URUGUAY"
"7836","2022",4,"OFICINA PUESTO DE CONTROL MARITIMO - PROV. CONST. DEL CALLAO","Arados usados
",225,"UNIDADES","FRANCIA"
"7837","2022",4,"OFICINA PUESTO DE CONTROL MARITIMO - PROV. CONST. DEL CALLAO","las demas maquinas de cosechar usadas",14175,"UNIDADES","FRANCIA"
"7838","2022",4,"PUESTO DE CONTROL TERRESTRE DESAGUADERO","MANI, grano sin cáscara",30000,"SACO(S)","BOLIVIA"
"7839","2022",4,"OFICINA PUESTO DE CONTROL MARITIMO - PROV. CONST. DEL CALLAO","MAIZ, semilla",18604.2,"BOLSAS","BOLIVIA"
"7840","2022",4,"OFICINA PUESTO DE CONTROL MARITIMO - PROV. CONST. DEL CALLAO","ARVEJA, grano partido",99792,"SACO(S)","CANADA"
"7841","2022",4,"OFICINA PUESTO DE CONTROL MARITIMO - PROV. CONST. DEL CALLAO","ARVEJA, grano partido",99792,"SACO(S)","CANADA"
"7842","2022",4,"SANTA ROSA, TACNA","PERA, fruta fresca",2016,"CAJA(S)","CHILE"
"7843","2022",4,"SANTA ROSA, TACNA","MANZANA, fruto fresco",21560,"CAJA(S)","CHILE"
"7844","2022",4,"OFICINA PUESTO DE CONTROL MARITIMO - PROV. CONST. DEL CALLAO","PINO, madera aserrada, con tratamiento de secado al horno o impregnación de sales",120087,"PAQUETES","EEUU"
"7845","2022",4,"PUESTO DE CONTROL TERRESTRE DESAGUADERO","SOYA, torta",147000,"SACO(S)","BOLIVIA"
"7846","2022",4,"OFICINA PUESTO DE CONTROL MARITIMO - PROV. CONST. DEL CALLAO","KIWI, fruto fresco",7200,"CAJA(S)","CHILE"
"7847","2022",4,"OFICINA PUESTO DE CONTROL MARITIMO - PROV. CONST. DEL CALLAO","MANZANA, fruto fresco",14896,"CAJA(S)","CHILE"
"7848","2022",4,"OFICINA PUESTO DE CONTROL MARITIMO - PROV. CONST. DEL CALLAO","MANZANA, fruto fresco",21280,"CAJA(S)","CHILE"
"7849","2022",4,"OFICINA PUESTO DE CONTROL MARITIMO - PROV. CONST. DEL CALLAO","MANZANA, fruto fresco",19756.8,"CAJA(S)","CHILE"
"7850","2022",4,"OFICINA PUESTO DE CONTROL MARITIMO - PROV. CONST. DEL CALLAO","MANZANA, fruto fresco",19952.8,"CAJA(S)","CHILE"
"7851","2022",4,"OFICINA PUESTO DE CONTROL MARITIMO - PROV. CONST. DEL CALLAO","PERA, fruta fresca",23040,"CAJA(S)","CHILE"
"7852","2022",4,"OFICINA PUESTO DE CONTROL MARITIMO - PROV. CONST. DEL CALLAO","PERA, fruta fresca",23040,"CAJA(S)","CHILE"
"7853","2022",4,"OFICINA PUESTO DE CONTROL MARITIMO - PROV. CONST. DEL CALLAO","LENTEJA, grano",52618,"SACO(S)","CANADA"
"7854","2022",4,"OFICINA PUESTO DE CONTROL MARITIMO - PROV. CONST. DEL CALLAO","LENTEJA, grano",49896,"SACO(S)","CANADA"
"7855","2022",4,"OFICINA PUESTO DE CONTROL MARITIMO - PROV. CONST. DEL CALLAO","LENTEJA, grano",25175,"SACO(S)","CANADA"
"7856","2022",4,"PUESTO DE CONTROL TERRESTRE DESAGUADERO","SOYA, grano",114500,"GRANEL","BOLIVIA"
"7857","2022",4,"PUESTO DE CONTROL TERRESTRE DESAGUADERO","SOYA, grano",50000,"GRANEL","BOLIVIA"
"7858","2022",4,"PUESTO DE CONTROL TERRESTRE DESAGUADERO","SOYA, grano",28000,"GRANEL","BOLIVIA"
"7859","2022",4,"PUESTO DE CONTROL TERRESTRE DESAGUADERO","SOYA, grano",27990,"GRANEL","BOLIVIA"
"7860","2022",4,"PUESTO DE CONTROL TERRESTRE DESAGUADERO","SOYA, grano",56000,"GRANEL","BOLIVIA"
"7861","2022",4,"PUERTO DE SALAVERRY, LA LIBERTAD","MAIZ AMARILLO DURO, grano",13400000,"GRANEL","ARGENTINA"
"7862","2022",4,"PUESTO DE CONTROL TERRESTRE DESAGUADERO","SOYA, torta",116000,"SACO(S)","BOLIVIA"
"7863","2022",4,"PUESTO DE CONTROL TERRESTRE DESAGUADERO","SOYA, harina",145000,"SACO(S)","BOLIVIA"
"7864","2022",4,"OFICINA PUESTO DE CONTROL MARITIMO - PROV. CONST. DEL CALLAO","AZUCAR DE CAÑA, solido en bruto",75000,"BOLSAS","PARAGUAY"
"7865","2022",4,"PUESTO DE CONTROL TERRESTRE DESAGUADERO","SOYA, harina",58000,"SACO(S)","BOLIVIA"
"7866","2022",4,"OFICINA PUESTO DE CONTROL MARITIMO - PROV. CONST. DEL CALLAO","PERA, fruta fresca",23040,"CAJA(S)","CHILE"
"7867","2022",4,"OFICINA PUESTO DE CONTROL MARITIMO - PROV. CONST. DEL CALLAO","MANZANA, fruto fresco",19551,"CAJA(S)","CHILE"
"7868","2022",4,"OFICINA PUESTO DE CONTROL MARITIMO - PROV. CONST. DEL CALLAO","MANZANA, fruto fresco",19551,"CAJA(S)","CHILE"
"7869","2022",4,"PUESTO DE CONTROL TERRESTRE DESAGUADERO","SOYA, grano",54000,"GRANEL","BOLIVIA"
"7870","2022",4,"OFICINA PUESTO DE CONTROL MARITIMO - PROV. CONST. DEL CALLAO","MANZANA, fruto fresco",21520.8,"CAJA(S)","ARGENTINA"
"7871","2022",4,"PUESTO DE CONTROL TERRESTRE DESAGUADERO","SOYA, torta",115500,"SACO(S)","BOLIVIA"
"7872","2022",4,"PUESTO DE CONTROL TERRESTRE DESAGUADERO","SOYA, torta",116000,"SACO(S)","BOLIVIA"
"7873","2022",4,"PUESTO DE CONTROL TERRESTRE DESAGUADERO","SOYA, torta",142530,"SACO(S)","BOLIVIA"
"7874","2022",4,"PUESTO DE CONTROL TERRESTRE DESAGUADERO","SOYA, torta",115160,"SACO(S)","BOLIVIA"
"7875","2022",4,"PUESTO DE CONTROL TERRESTRE DESAGUADERO","SOYA, torta",114830,"SACO(S)","BOLIVIA"
"7876","2022",4,"PUESTO DE CONTROL TERRESTRE DESAGUADERO","SOYA, torta",114500,"SACO(S)","BOLIVIA"
"7877","2022",4,"PUESTO DE CONTROL TERRESTRE DESAGUADERO","SOYA, torta",141990,"SACO(S)","BOLIVIA"
"7878","2022",4,"PUESTO DE CONTROL TERRESTRE DESAGUADERO","SOYA, torta",115000,"SACO(S)","BOLIVIA"
"7879","2022",4,"PUESTO DE CONTROL TERRESTRE DESAGUADERO","SOYA, torta",116000,"SACO(S)","BOLIVIA"
"7880","2022",4,"PUESTO DE CONTROL TERRESTRE DESAGUADERO","SOYA, torta",116000,"SACO(S)","BOLIVIA"
"7881","2022",4,"PUESTO DE CONTROL TERRESTRE DESAGUADERO","SOYA, torta",116000,"SACO(S)","BOLIVIA"
"7882","2022",4,"PUESTO DE CONTROL TERRESTRE DESAGUADERO","SOYA, torta",114000,"SACO(S)","BOLIVIA"
"7883","2022",4,"OFICINA PUESTO DE CONTROL MARITIMO - PROV. CONST. DEL CALLAO","PERA, fruta fresca",23814,"CAJA(S)","ARGENTINA"
"7884","2022",4,"OFICINA PUESTO DE CONTROL MARITIMO - PROV. CONST. DEL CALLAO","MANZANA, fruto fresco",19698,"CAJA(S)","CHILE"
"7885","2022",4,"OFICINA PUESTO DE CONTROL MARITIMO - PROV. CONST. DEL CALLAO","MANZANA, fruto fresco",19551,"CAJA(S)","CHILE"
"7886","2022",4,"PUERTO DE SALAVERRY, LA LIBERTAD","SOYA, torta",4888935,"GRANEL","ARGENTINA"
"7887","2022",4,"PUESTO DE CONTROL TERRESTRE DESAGUADERO","SOYA, torta",115000,"GRANEL","BOLIVIA"
"7888","2022",4,"PUESTO DE CONTROL TERRESTRE DESAGUADERO","SOYA, torta",55510,"GRANEL","BOLIVIA"
"7889","2022",4,"PUESTO DE CONTROL TERRESTRE DESAGUADERO","SOYA, torta",111310,"GRANEL","BOLIVIA"
"7890","2022",4,"PUESTO DE CONTROL TERRESTRE DESAGUADERO","SOYA, torta",83000,"GRANEL","BOLIVIA"
"7891","2022",4,"PUESTO DE CONTROL TERRESTRE DESAGUADERO","SOYA, torta",56050,"GRANEL","BOLIVIA"
"7892","2022",4,"PUESTO DE CONTROL TERRESTRE DESAGUADERO","SOYA, torta",56000,"GRANEL","BOLIVIA"
"7893","2022",4,"PUESTO DE CONTROL TERRESTRE DESAGUADERO","SOYA, torta",56810,"GRANEL","BOLIVIA"
"7894","2022",4,"PUESTO DE CONTROL TERRESTRE DESAGUADERO","SOYA, torta",55530,"GRANEL","BOLIVIA"
"7895","2022",4,"PUESTO DE CONTROL TERRESTRE DESAGUADERO","SOYA, torta",56000,"GRANEL","BOLIVIA"
"7896","2022",4,"PUESTO DE CONTROL TERRESTRE DESAGUADERO","SOYA, torta",117000,"SACO(S)","BOLIVIA"
"7897","2022",4,"PUESTO DE CONTROL TERRESTRE DESAGUADERO","SOYA, torta",172500,"SACO(S)","BOLIVIA"
"7898","2022",4,"OFICINA PUESTO DE CONTROL MARITIMO - PROV. CONST. DEL CALLAO","ZANAHORIA, semilla",4125,"SACHETS","EEUU"
"7899","2022",4,"PUESTO DE CONTROL TERRESTRE DESAGUADERO","SOYA, torta",196000,"SACO(S)","BOLIVIA"
"7900","2022",4,"PUESTO DE CONTROL TERRESTRE DESAGUADERO","SOYA, torta",146000,"SACO(S)","BOLIVIA"
"7901","2022",4,"PUESTO DE CONTROL TERRESTRE DESAGUADERO","SOYA, torta",113870,"SACO(S)","BOLIVIA"
"7902","2022",4,"PUESTO DE CONTROL TERRESTRE DESAGUADERO","SOYA, torta",113000,"SACO(S)","BOLIVIA"
"7903","2022",4,"PUESTO DE CONTROL TERRESTRE DESAGUADERO","SOYA, torta",115000,"SACO(S)","BOLIVIA"
"7904","2022",4,"PUESTO DE CONTROL TERRESTRE DESAGUADERO","SOYA, torta",83100,"GRANEL","BOLIVIA"
"7905","2022",4,"PUESTO DE CONTROL TERRESTRE DESAGUADERO","SOYA, torta",174500,"SACO(S)","BOLIVIA"
"7906","2022",4,"PUESTO DE CONTROL TERRESTRE DESAGUADERO","SOYA, torta",69000,"GRANEL","BOLIVIA"
"7907","2022",4,"PUESTO DE CONTROL TERRESTRE DESAGUADERO","SOYA, torta",173500,"SACO(S)","BOLIVIA"
"7908","2022",4,"OFICINA PUESTO DE CONTROL MARITIMO - PROV. CONST. DEL CALLAO","LENTEJA, grano",78924,"SACO(S)","CANADA"
"7909","2022",4,"SANTA ROSA, TACNA","MANZANA, fruto fresco",23520,"CAJA(S)","CHILE"
"7910","2022",4,"PUESTO DE CONTROL TERRESTRE DESAGUADERO","SOYA, torta",57000,"GRANEL","BOLIVIA"
"7911","2022",4,"OFICINA PUESTO DE CONTROL MARITIMO - PROV. CONST. DEL CALLAO","MANZANA, fruto fresco",19756.8,"CAJA(S)","CHILE"
"7912","2022",4,"OFICINA PUESTO DE CONTROL MARITIMO - PROV. CONST. DEL CALLAO","MANZANA, fruto fresco",18126.57,"CAJA(S)","EEUU"
"7913","2022",4,"OFICINA PUESTO DE CONTROL MARITIMO - PROV. CONST. DEL CALLAO","MANZANA, fruto fresco",16660,"CAJA(S)","EEUU"
"7914","2022",4,"SANTA ROSA, TACNA","UVA, fruta fresca",18432,"CAJA(S)","CHILE"
"7915","2022",4,"SANTA ROSA, TACNA","PERA, fruta fresca",5292,"CAJA(S)","CHILE"
"7916","2022",4,"SANTA ROSA, TACNA","MANZANA, fruto fresco",17640,"CAJA(S)","CHILE"
"7917","2022",4,"OFICINA PUESTO DE CONTROL MARITIMO - PROV. CONST. DEL CALLAO","ARROZ, grano pilado",250000,"SACO(S)","URUGUAY"
"7918","2022",4,"OFICINA PUESTO DE CONTROL MARITIMO - PROV. CONST. DEL CALLAO","MIMBRE, artículos de cestería (canasta, cestos u otros)",166,"CAJA(S)","EL SALVADOR"
"7919","2022",4,"SANTA ROSA, TACNA","MANZANA, fruto fresco",22589,"CAJA(S)","CHILE"
"7920","2022",4,"SANTA ROSA, TACNA","PERA, fruta fresca",4410,"CAJA(S)","CHILE"
"7921","2022",4,"SANTA ROSA, TACNA","MANZANA, fruto fresco",18620,"CAJA(S)","CHILE"
"7922","2022",4,"SANTA ROSA, TACNA","MANZANA, fruto fresco",18620,"CAJA(S)","CHILE"
"7923","2022",4,"SANTA ROSA, TACNA","PERA, fruta fresca",4410,"CAJA(S)","CHILE"
"7924","2022",4,"SANTA ROSA, TACNA","PERA, fruta fresca",11520,"CAJA(S)","CHILE"
"7925","2022",4,"SANTA ROSA, TACNA","MANZANA, fruto fresco",11760,"CAJA(S)","CHILE"
"7926","2022",4,"SANTA ROSA, TACNA","PERA, fruta fresca",21600,"CAJA(S)","CHILE"
"7927","2022",4,"SANTA ROSA, TACNA","UVA, fruta fresca",18432,"CAJA(S)","CHILE"
"7928","2022",4,"SANTA ROSA, TACNA","MANZANA, fruto fresco",23520,"CAJA(S)","CHILE"
"7929","2022",4,"PUESTO DE CONTROL TERRESTRE DESAGUADERO","SOYA, torta",87000,"GRANEL","BOLIVIA"
"7930","2022",4,"PUESTO DE CONTROL TERRESTRE DESAGUADERO","SOYA, torta",57000,"GRANEL","BOLIVIA"
"7931","2022",4,"PUESTO DE CONTROL TERRESTRE DESAGUADERO","SOYA, torta",55820,"GRANEL","BOLIVIA"
"7932","2022",4,"PUESTO DE CONTROL TERRESTRE DESAGUADERO","SOYA, torta",56000,"GRANEL","BOLIVIA"
"7933","2022",4,"PUESTO DE CONTROL TERRESTRE DESAGUADERO","SOYA, torta",29000,"GRANEL","BOLIVIA"
"7934","2022",4,"PUESTO DE CONTROL TERRESTRE DESAGUADERO","SOYA, torta",58000,"GRANEL","BOLIVIA"
"7935","2022",4,"SANTA ROSA, TACNA","PERA, fruta fresca",8064,"CAJA(S)","CHILE"
"7936","2022",4,"SANTA ROSA, TACNA","MANZANA, fruto fresco",15680,"CAJA(S)","CHILE"
"7937","2022",4,"OFICINA PUESTO DE CONTROL MARITIMO - PROV. CONST. DEL CALLAO","MANZANA, fruto fresco",19756.8,"CAJA(S)","CHILE"
"7938","2022",4,"OFICINA PUESTO DE CONTROL MARITIMO - PROV. CONST. DEL CALLAO","MANZANA, fruto fresco",19756.8,"CAJA(S)","CHILE"
"7939","2022",4,"OFICINA PUESTO DE CONTROL MARITIMO - PROV. CONST. DEL CALLAO","ARROZ, grano pilado",125000,"SACO(S)","URUGUAY"
"7940","2022",4,"OFICINA PUESTO DE CONTROL MARITIMO - PROV. CONST. DEL CALLAO","AZUCAR CRUDA, sólido",250000,"SACO(S)","GUATEMALA"
"7941","2022",4,"OFICINA PUESTO DE CONTROL MARITIMO - PROV. CONST. DEL CALLAO","AZUCAR BLANCA O REFINADA (lectura polarimetrica mayor 99.5°)",265000,"SACO(S)","GUATEMALA"
"7942","2022",4,"SANTA ROSA, TACNA","UVA, fruta fresca",18432,"CAJA(S)","CHILE"
"7943","2022",4,"SANTA ROSA, TACNA","MANZANA, fruto fresco",17640,"CAJA(S)","CHILE"
"7944","2022",4,"SANTA ROSA, TACNA","PERA, fruta fresca",6048,"CAJA(S)","CHILE"
"7945","2022",4,"SANTA ROSA, TACNA","MANZANA, fruto fresco",23520,"CAJA(S)","CHILE"
"7946","2022",4,"SANTA ROSA, TACNA","UVA, fruta fresca",18432,"CAJA(S)","CHILE"
"7947","2022",4,"SANTA ROSA, TACNA","MANZANA, fruto fresco",23520,"CAJA(S)","CHILE"
"7948","2022",4,"SANTA ROSA, TACNA","MANZANA, fruto fresco",21940,"CAJA(S)","CHILE"
"7949","2022",4,"SANTA ROSA, TACNA","PERA, fruta fresca",7056,"CAJA(S)","CHILE"
"7950","2022",4,"SANTA ROSA, TACNA","MANZANA, fruto fresco",16660,"CAJA(S)","CHILE"
"7951","2022",4,"SANTA ROSA, TACNA","MANZANA, fruto fresco",23520,"CAJA(S)","CHILE"
"7952","2022",4,"SANTA ROSA, TACNA","PERA, fruta fresca",23040,"CAJA(S)","CHILE"
"7953","2022",4,"SANTA ROSA, TACNA","MANZANA, fruto fresco",23520,"CAJA(S)","CHILE"
"7954","2022",4,"SANTA ROSA, TACNA","MANZANA, fruto fresco",22579.2,"CAJA(S)","CHILE"
"7955","2022",4,"SANTA ROSA, TACNA","MANZANA, fruto fresco",23520,"CAJA(S)","CHILE"
"7956","2022",4,"SANTA ROSA, TACNA","MANZANA, fruto fresco",22344,"CAJA(S)","CHILE"
"7957","2022",4,"PUESTO DE CONTROL TERRESTRE DESAGUADERO","SOYA, torta",115500,"SACO(S)","BOLIVIA"
"7958","2022",4,"OFICINA PUESTO DE CONTROL MARITIMO - PROV. CONST. DEL CALLAO","ARROZ, grano pilado",75000,"SACO(S)","URUGUAY"
"7959","2022",4,"OFICINA PUESTO DE CONTROL MARITIMO - PROV. CONST. DEL CALLAO","ARROZ, grano pilado",350000,"SACO(S)","URUGUAY"
"7960","2022",4,"OFICINA PUESTO DE CONTROL MARITIMO - PROV. CONST. DEL CALLAO","ARROZ, grano pilado",175000,"SACO(S)","URUGUAY"
"7961","2022",4,"OFICINA PUESTO DE CONTROL MARITIMO - PROV. CONST. DEL CALLAO","ARROZ, grano pilado",4e+05,"SACO(S)","URUGUAY"
"7962","2022",4,"OFICINA PUESTO DE CONTROL MARITIMO - PROV. CONST. DEL CALLAO","ARROZ, grano pilado",50000,"SACO(S)","URUGUAY"
"7963","2022",4,"OFICINA PUESTO DE CONTROL MARITIMO - PROV. CONST. DEL CALLAO","ARROZ, grano pilado",1e+05,"SACO(S)","URUGUAY"
"7964","2022",4,"PUESTO DE CONTROL TERRESTRE DESAGUADERO","SOYA, torta",115000,"SACO(S)","BOLIVIA"
"7965","2022",4,"PUESTO DE CONTROL TERRESTRE DESAGUADERO","SOYA, torta",115000,"SACO(S)","BOLIVIA"
"7966","2022",4,"SANTA ROSA, TACNA","MANZANA, fruto fresco",23520,"CAJA(S)","CHILE"
"7967","2022",4,"IÑAPARI, MADRE DE DIOS","NUEZ DEL BRASIL, con cáscara seca al natural",27945,"SACO(S)","BOLIVIA"
"7968","2022",4,"IÑAPARI, MADRE DE DIOS","NUEZ DEL BRASIL, con cáscara seca al natural",27945,"SACO(S)","BOLIVIA"
"7969","2022",4,"IÑAPARI, MADRE DE DIOS","NUEZ DEL BRASIL, con cáscara seca al natural",27945,"SACO(S)","BOLIVIA"
"7970","2022",4,"PUESTO DE CONTROL- CEBAF","Las demas partes de maquinas, aparatos y artefactos de cosecha o trillar, maquinarias para limpieza, usadas
",1300,"UNIDADES",NA
"7971","2022",4,"SANTA ROSA, TACNA","KIWI, fruto fresco",8784,"CAJA(S)","CHILE"
"7972","2022",4,"SANTA ROSA, TACNA","MANZANA, fruto fresco",14500,"CAJA(S)","CHILE"
"7973","2022",4,"OFICINA PUESTO DE CONTROL MARITIMO - PROV. CONST. DEL CALLAO","PERA, fruta fresca",22680,"CAJA(S)","ARGENTINA"
"7974","2022",4,"OFICINA PUESTO DE CONTROL AEREO -  PROV. CONST. DEL CALLAO","ARVEJA, semilla",15000,"BOLSAS","EEUU"
"7975","2022",4,"PUESTO DE CONTROL TERRESTRE DESAGUADERO","SOYA, harina",116000,"SACO(S)","BOLIVIA"
"7976","2022",4,"SANTA ROSA, TACNA","PERA, fruta fresca",23184,"CAJA(S)","CHILE"
"7977","2022",4,"SANTA ROSA, TACNA","PERA, fruta fresca",23184,"CAJA(S)","CHILE"
"7978","2022",4,"SANTA ROSA, TACNA","MANZANA, fruto fresco",23520,"CAJA(S)","CHILE"
"7979","2022",4,"OFICINA PUESTO DE CONTROL MARITIMO - PROV. CONST. DEL CALLAO","PINO, madera aserrada con tratamiento de secado al horno impregnación de sales",130168,"PAQUETES","CHILE"
"7980","2022",4,"SANTA ROSA, TACNA","MANZANA, fruto fresco",23520,"CAJA(S)","CHILE"
"7981","2022",4,"SANTA ROSA, TACNA","PERA, fruta fresca",21168,"CAJA(S)","CHILE"
"7982","2022",4,"SANTA ROSA, TACNA","KIWI, fruto fresco",1560,"CAJA(S)","CHILE"
"7983","2022",4,"SANTA ROSA, TACNA","KIWI, fruto fresco",1680,"CAJA(S)","CHILE"
"7984","2022",4,"SANTA ROSA, TACNA","PERA, fruta fresca",22896,"CAJA(S)","CHILE"
"7985","2022",4,"SANTA ROSA, TACNA","MANZANA, fruto fresco",3920,"CAJA(S)","CHILE"
"7986","2022",4,"SANTA ROSA, TACNA","MANZANA, fruto fresco",23520,"CAJA(S)","CHILE"
"7987","2022",4,"SANTA ROSA, TACNA","PERA, fruta fresca",19152,"CAJA(S)","CHILE"
"7988","2022",4,"SANTA ROSA, TACNA","MANZANA, fruto fresco",23520,"CAJA(S)","CHILE"
"7989","2022",4,"OFICINA PUESTO DE CONTROL MARITIMO - PROV. CONST. DEL CALLAO","LENTEJA, grano",52027,"SACO(S)","CANADA"
"7990","2022",4,"SANTA ROSA, TACNA","LENTEJA, grano",48988,"SACO(S)","CANADA"
"7991","2022",4,"OFICINA PUESTO DE CONTROL MARITIMO - PROV. CONST. DEL CALLAO","PINO, postes de madera con algun proceso de la CRF 2",128650,"PIEZAS","EEUU"
"7992","2022",4,"OFICINA PUESTO DE CONTROL MARITIMO - PROV. CONST. DEL CALLAO","NARANJA, fruto fresco",17100,"CAJA(S)","EEUU"
"7993","2022",4,"OFICINA PUESTO DE CONTROL MARITIMO - PROV. CONST. DEL CALLAO","MANZANA, fruto fresco",19551,"CAJA(S)","CHILE"
"7994","2022",4,"OFICINA PUESTO DE CONTROL MARITIMO - PROV. CONST. DEL CALLAO","PINO, madera aserrada con algún proceso de la CRF2",43728.5,"PAQUETES","CHILE"
"7995","2022",4,"PUESTO DE CONTROL TERRESTRE DESAGUADERO","SOYA, grano",54000,"GRANEL","BOLIVIA"
"7996","2022",4,"OFICINA PUESTO DE CONTROL MARITIMO - PROV. CONST. DEL CALLAO","PINO, madera aserrada con algún proceso de la CRF2",94461.4,"PAQUETES","CHILE"
"7997","2022",4,"OFICINA PUESTO DE CONTROL MARITIMO - PROV. CONST. DEL CALLAO","MANZANA, fruto fresco",19756.8,"CAJA(S)","CHILE"
"7998","2022",4,"PUESTO DE CONTROL TERRESTRE DESAGUADERO","SOYA, torta",177000,"SACO(S)","BOLIVIA"
"7999","2022",4,"OFICINA PUESTO DE CONTROL MARITIMO - PROV. CONST. DEL CALLAO","TURBA",17000,"BOLSAS","CANADA"
"8000","2022",4,"OFICINA PUESTO DE CONTROL MARITIMO - PROV. CONST. DEL CALLAO","AZUCAR CRUDA, sólido",250000,"SACO(S)","EL SALVADOR"
"8001","2022",4,"OFICINA PUESTO DE CONTROL MARITIMO - PROV. CONST. DEL CALLAO","PERA, fruta fresca",22032,"CAJA(S)","CHILE"
"8002","2022",4,"OFICINA PUESTO DE CONTROL MARITIMO - PROV. CONST. DEL CALLAO","MANZANA, fruto fresco",19918.8,"CAJA(S)","CHILE"
"8003","2022",4,"OFICINA PUESTO DE CONTROL MARITIMO - PROV. CONST. DEL CALLAO","KIWI, fruto fresco",16800,"CAJA(S)","CHILE"
"8004","2022",4,"OFICINA PUESTO DE CONTROL MARITIMO - PROV. CONST. DEL CALLAO","PERA, fruta fresca",22464,"CAJA(S)","CHILE"
"8005","2022",4,"OFICINA PUESTO DE CONTROL MARITIMO - PROV. CONST. DEL CALLAO","ARVEJA, semilla",2267.98,"BOLSAS","EEUU"
"8006","2022",4,"PUESTO DE CONTROL TERRESTRE DESAGUADERO","SOYA, torta",144106,"SACO(S)","BOLIVIA"
"8007","2022",4,"OFICINA PUESTO DE CONTROL MARITIMO - PROV. CONST. DEL CALLAO","NARANJA, fruto fresco",18781,"CAJA(S)","EEUU"
"8008","2022",4,"PUESTO DE CONTROL TERRESTRE DESAGUADERO","SOYA, harina",174000,"SACO(S)","BOLIVIA"
"8009","2022",4,"OFICINA PUESTO DE CONTROL MARITIMO - PROV. CONST. DEL CALLAO","PAPA, fécula",1e+05,"SACO(S)","ALEMANIA"
"8010","2022",4,"PUESTO DE CONTROL TERRESTRE DESAGUADERO","SOYA, torta",117000,"SACO(S)","BOLIVIA"
"8011","2022",4,"PUESTO DE CONTROL TERRESTRE DESAGUADERO","SOYA, torta",176000,"SACO(S)","BOLIVIA"
"8012","2022",4,"OFICINA PUESTO DE CONTROL MARITIMO - PROV. CONST. DEL CALLAO","PERA, fruta fresca",23040,"CAJA(S)","CHILE"
"8013","2022",4,"OFICINA PUESTO DE CONTROL MARITIMO - PROV. CONST. DEL CALLAO","COCO, fibra (para sustrato)",72670,"PALETAS","INDIA"
"8014","2022",4,"OFICINA PUESTO DE CONTROL MARITIMO - PROV. CONST. DEL CALLAO","ACHIOTE, grano",25000,"SACO(S)","COSTA DE MARFIL"
"8015","2022",4,"OFICINA PUESTO DE CONTROL MARITIMO - PROV. CONST. DEL CALLAO","LENTEJA, grano",99428,"SACO(S)","CANADA"
"8016","2022",4,"OFICINA PUESTO DE CONTROL MARITIMO - PROV. CONST. DEL CALLAO","LENTEJA, grano",74571,"SACO(S)","CANADA"
"8017","2022",4,"PUESTO DE CONTROL TERRESTRE DESAGUADERO","MANI, grano sin cáscara",30000,"SACO(S)","BOLIVIA"
"8018","2022",4,"OFICINA PUESTO DE CONTROL MARITIMO - PROV. CONST. DEL CALLAO","LOS DEMAS TRACTORES, con motor de potencia superior a 18 kW pero inferior o igual a 37 kW (excepto las carretillas tractor de la partida 87.09), USADOS",13970.645,"UNIDADES","EEUU"
"8019","2022",4,"OFICINA PUESTO DE CONTROL MARITIMO - PROV. CONST. DEL CALLAO","ARVEJA, grano partido",26308,"SACO(S)","CANADA"
"8020","2022",4,"PUESTO DE CONTROL TERRESTRE DESAGUADERO","SOYA, torta",56000,"GRANEL","BOLIVIA"
"8021","2022",4,"PUESTO DE CONTROL TERRESTRE DESAGUADERO","SOYA, torta",198000,"SACO(S)","BOLIVIA"
"8022","2022",4,"OFICINA PUESTO DE CONTROL MARITIMO - PROV. CONST. DEL CALLAO","MANI, grano sin cáscara",50000,"BIG BAG","BRASIL"
"8023","2022",4,"OFICINA PUESTO DE CONTROL MARITIMO - PROV. CONST. DEL CALLAO","CAUCHO, técnicamente especificado (TSNR)",20160,"PIEZAS","CHILE"
"8024","2022",4,"OFICINA PUESTO DE CONTROL MARITIMO - PROV. CONST. DEL CALLAO","CAUCHO, técnicamente especificado (TSNR)",20160,"PIEZAS","MALASIA"
"8025","2022",4,"PUESTO DE CONTROL TERRESTRE DESAGUADERO","SOYA, torta",118000,"SACO(S)","BOLIVIA"
"8026","2022",4,"OFICINA PUESTO DE CONTROL MARITIMO - PROV. CONST. DEL CALLAO","CAUCHO, técnicamente especificado (TSNR)",40320,"PIEZAS","BRASIL"
"8027","2022",4,"OFICINA PUESTO DE CONTROL MARITIMO - PROV. CONST. DEL CALLAO","CAUCHO, técnicamente especificado (TSNR)",40320,"PIEZAS","BRASIL"
"8028","2022",4,"OFICINA PUESTO DE CONTROL MARITIMO - PROV. CONST. DEL CALLAO","MANI, grano sin cáscara",25000,"BIG BAG","BRASIL"
"8029","2022",4,"OFICINA PUESTO DE CONTROL MARITIMO - PROV. CONST. DEL CALLAO","ALFALFA, semilla",205275,"SACO(S)","EEUU"
"8030","2022",4,"OFICINA PUESTO DE CONTROL MARITIMO - PROV. CONST. DEL CALLAO","MANI, grano sin cáscara",25000,"BIG BAG","BRASIL"
"8031","2022",4,"OFICINA PUESTO DE CONTROL MARITIMO - PROV. CONST. DEL CALLAO","MANI, grano sin cáscara",25000,"BIG BAG","BRASIL"
"8032","2022",4,"PUESTO DE CONTROL TERRESTRE DESAGUADERO","SOYA, torta",117000,"SACO(S)","BOLIVIA"
"8033","2022",4,"OFICINA PUESTO DE CONTROL MARITIMO - PROV. CONST. DEL CALLAO","PINO, madera aserrada con algún proceso de la CRF2",90186,"PAQUETES","CHILE"
"8034","2022",4,"OFICINA PUESTO DE CONTROL MARITIMO - PROV. CONST. DEL CALLAO","TRIGO, grano",4e+06,"GRANEL","CANADA"
"8035","2022",4,"OFICINA PUESTO DE CONTROL AEREO -  PROV. CONST. DEL CALLAO","YERBA MATE, secado industrial",2.5,"BOLSAS",NA
"8036","2022",4,"OFICINA PUESTO DE CONTROL MARITIMO - PROV. CONST. DEL CALLAO","PERA, fruta fresca",23040,"CAJA(S)","CHILE"
"8037","2022",4,"PUESTO DE CONTROL TERRESTRE DESAGUADERO","SOYA, torta",116000,"SACO(S)","BOLIVIA"
"8038","2022",4,"OFICINA PUESTO DE CONTROL MARITIMO - PROV. CONST. DEL CALLAO","ARVEJA, grano partido",74844,"SACO(S)","EEUU"
"8039","2022",4,"OFICINA PUESTO DE CONTROL MARITIMO - PROV. CONST. DEL CALLAO","AVENA, grano mondado, perlado, troceado o quebrantado",122500,"SACO(S)","CHILE"
"8040","2022",4,"OFICINA PUESTO DE CONTROL MARITIMO - PROV. CONST. DEL CALLAO","LENTEJA, grano",26309,"SACO(S)","CANADA"
"8041","2022",4,"OFICINA PUESTO DE CONTROL MARITIMO - PROV. CONST. DEL CALLAO","LENTEJA, grano",26309,"SACO(S)","CANADA"
"8042","2022",4,"IÑAPARI, MADRE DE DIOS","MAIZ, grano (mondado, perlado, troceado o quebrantado)",48000,"SACO(S)","BRASIL"
"8043","2022",4,"OFICINA PUESTO DE CONTROL MARITIMO - PROV. CONST. DEL CALLAO","MOSTAZA, grano",43092,"BOLSAS","CANADA"
"8044","2022",4,"OFICINA PUESTO DE CONTROL MARITIMO - PROV. CONST. DEL CALLAO","TURBA",50558,"BOLSAS","LETONIA"
"8045","2022",4,"OFICINA PUESTO DE CONTROL MARITIMO - PROV. CONST. DEL CALLAO","FRESA, plántula",10674,"BINES DE MADERA","ESPAÑA"
"8046","2022",4,"PUESTO DE CONTROL TERRESTRE DESAGUADERO","SOYA, torta",28980,"GRANEL","BOLIVIA"
"8047","2022",4,"PUESTO DE CONTROL TERRESTRE DESAGUADERO","SOYA, torta",84000,"GRANEL","BOLIVIA"
"8048","2022",4,"PUESTO DE CONTROL TERRESTRE DESAGUADERO","SOYA, torta",84000,"GRANEL","BOLIVIA"
"8049","2022",4,"PUESTO DE CONTROL TERRESTRE DESAGUADERO","SOYA, torta",85000,"GRANEL","BOLIVIA"
"8050","2022",4,"PUESTO DE CONTROL TERRESTRE DESAGUADERO","SOYA, torta",58070,"GRANEL","BOLIVIA"
"8051","2022",4,"PUESTO DE CONTROL TERRESTRE DESAGUADERO","SOYA, harina",28232,"SACO(S)","BOLIVIA"
"8052","2022",4,"PUESTO DE CONTROL TERRESTRE DESAGUADERO","SOYA, torta",56950,"GRANEL","BOLIVIA"
"8053","2022",4,"PUESTO DE CONTROL TERRESTRE DESAGUADERO","SOYA, torta",54700,"GRANEL","BOLIVIA"
"8054","2022",4,"PUESTO DE CONTROL TERRESTRE DESAGUADERO","SOYA, torta",112000,"GRANEL","BOLIVIA"
"8055","2022",4,"PUESTO DE CONTROL TERRESTRE DESAGUADERO","SOYA, torta",56000,"GRANEL","BOLIVIA"
"8056","2022",4,"PUESTO DE CONTROL TERRESTRE DESAGUADERO","SOYA, torta",55180,"GRANEL","BOLIVIA"
"8057","2022",4,"PUESTO DE CONTROL TERRESTRE DESAGUADERO","SOYA, torta",84500,"GRANEL","BOLIVIA"
"8058","2022",4,"PUESTO DE CONTROL TERRESTRE DESAGUADERO","SOYA, torta",58110,"GRANEL","BOLIVIA"
"8059","2022",4,"PUESTO DE CONTROL TERRESTRE DESAGUADERO","SOYA, torta",26940,"GRANEL","BOLIVIA"
"8060","2022",4,"OFICINA PUESTO DE CONTROL MARITIMO - PROV. CONST. DEL CALLAO","PINO, madera aserrada con algún proceso de la CRF2",118850,"PAQUETES","CHILE"
"8061","2022",4,"OFICINA PUESTO DE CONTROL MARITIMO - PROV. CONST. DEL CALLAO","ALGODON, fibra sin cardar ni peinar (>28.57 mm = o <34.92 mm)",19690,"FARDOS","EEUU"
"8062","2022",4,"OFICINA PUESTO DE CONTROL MARITIMO - PROV. CONST. DEL CALLAO","ALGODON, fibra sin cardar ni peinar (>22.22 mm = o <28.57 mm)",117570,"FARDOS","EEUU"
"8063","2022",4,"OFICINA PUESTO DE CONTROL MARITIMO - PROV. CONST. DEL CALLAO","ALGODON, fibra sin cardar ni peinar (>22.22 mm = o <28.57 mm)",18880,"FARDOS","EEUU"
"8064","2022",4,"OFICINA PUESTO DE CONTROL MARITIMO - PROV. CONST. DEL CALLAO","ALGODON, fibra sin cardar ni peinar (>28.57 mm = o <34.92 mm)",61180,"FARDOS","EEUU"
"8065","2022",4,"OFICINA PUESTO DE CONTROL AEREO -  PROV. CONST. DEL CALLAO","GIRASOL, semilla",42.8,"SOBRES","CHILE"
"8066","2022",4,"OFICINA PUESTO DE CONTROL AEREO -  PROV. CONST. DEL CALLAO","MAIZ, semilla",40.5,"SOBRES","CHILE"
"8067","2022",4,"OFICINA PUESTO DE CONTROL AEREO -  PROV. CONST. DEL CALLAO","MAIZ, semilla",5.9,"SOBRES","CHILE"
"8068","2022",4,"PUESTO DE CONTROL TERRESTRE DESAGUADERO","SOYA, torta",84000,"SACO(S)","BOLIVIA"
"8069","2022",4,"OFICINA PUESTO DE CONTROL MARITIMO - PROV. CONST. DEL CALLAO","PERA, fruta fresca",23040,"CAJA(S)","CHILE"
"8070","2022",4,"PUESTO DE CONTROL- CEBAF","FREJOL DE PALO, grano",32000,"SACO(S)","ECUADOR"
"8071","2022",4,"OFICINA PUESTO DE CONTROL MARITIMO - PROV. CONST. DEL CALLAO","ARROZ, grano pilado",5e+05,"SACO(S)","URUGUAY"
"8072","2022",4,"SANTA ROSA, TACNA","MAIZ REVENTON, grano",54000,"BOLSAS","ARGENTINA"
"8073","2022",4,"PUESTO DE CONTROL TERRESTRE DESAGUADERO","MANI, grano sin cáscara",29000,"SACO(S)","BOLIVIA"
"8074","2022",4,"OFICINA PUESTO DE CONTROL MARITIMO - PROV. CONST. DEL CALLAO","AZUCAR CRUDA, sólido",558893.8,"SACO(S)","NICARAGUA"
"8075","2022",4,"OFICINA PUESTO DE CONTROL MARITIMO - PROV. CONST. DEL CALLAO","MADERA, herramientas de madera con algún proceso de la CRF2",155.729,"PIEZAS","MEXICO"
"8076","2022",4,"OFICINA PUESTO DE CONTROL MARITIMO - PROV. CONST. DEL CALLAO","MADERA, monturas y mangos de herramientas, monturas y mangos de cepillos, brochas o escobas, de madera; hormas, ensanchadores y tensores del calzado, de madera ; con algún proceso de la CRF 2",362.793,"PIEZAS","MEXICO"
"8077","2022",4,"OFICINA PUESTO DE CONTROL MARITIMO - PROV. CONST. DEL CALLAO","MADERA, monturas y mangos de herramientas, monturas y mangos de cepillos, brochas o escobas, de madera; hormas, ensanchadores y tensores del calzado, de madera ; con algún proceso de la CRF 2",172.32,"PIEZAS","MEXICO"
"8078","2022",4,"OFICINA PUESTO DE CONTROL MARITIMO - PROV. CONST. DEL CALLAO","ARROZ, grano pilado",250000,"BOLSAS","URUGUAY"
"8079","2022",4,"OFICINA PUESTO DE CONTROL MARITIMO - PROV. CONST. DEL CALLAO","ARROZ, grano pilado",250000,"BOLSAS","URUGUAY"
"8080","2022",4,"OFICINA PUESTO DE CONTROL MARITIMO - PROV. CONST. DEL CALLAO","CANELA, corteza entera seca al natural",27830,"CAJA(S)","SRI LANKA"
"8081","2022",4,"PUESTO DE CONTROL TERRESTRE DESAGUADERO","SOYA, grano",60000,"SACO(S)","BOLIVIA"
"8082","2022",4,"OFICINA PUESTO DE CONTROL MARITIMO - PROV. CONST. DEL CALLAO","FREJOL, grano",20865,"SACO(S)","CANADA"
"8083","2022",4,"OFICINA PUESTO DE CONTROL MARITIMO - PROV. CONST. DEL CALLAO","TRACTOR AGRICOLA USADO, con motor de potencia superior a 33 kW pero inferior o igual a 75 kW",17418.25,"UNIDADES","HOLANDA"
"8084","2022",4,"OFICINA PUESTO DE CONTROL MARITIMO - PROV. CONST. DEL CALLAO","GIRASOL, grano secado industrialmente",3000,"SACO(S)","BELGICA"
"8085","2022",4,"PUESTO DE CONTROL TERRESTRE DESAGUADERO","SOYA, torta",174000,"SACO(S)","BOLIVIA"
"8086","2022",4,"PUESTO DE CONTROL TERRESTRE DESAGUADERO","SOYA, torta",146000,"SACO(S)","BOLIVIA"
"8087","2022",4,"PUESTO DE CONTROL TERRESTRE DESAGUADERO","SOYA, torta",112000,"SACO(S)","BOLIVIA"
"8088","2022",4,"OFICINA PUESTO DE CONTROL MARITIMO - PROV. CONST. DEL CALLAO","PERA, fruta fresca",22680,"CAJA(S)","ARGENTINA"
"8089","2022",4,"OFICINA PUESTO DE CONTROL MARITIMO - PROV. CONST. DEL CALLAO","CAUCHO, hojas ahumadas",20160,"PALETAS","INDONESIA"
"8090","2022",4,"OFICINA PUESTO DE CONTROL MARITIMO - PROV. CONST. DEL CALLAO","PAPA, hojuelas y pellets",40320,"SACO(S)","HOLANDA"
"8091","2022",4,"PUERTO DE PAITA , PIURA","TURBA",150250,"BIG BAG","LETONIA"
"8092","2022",4,"PUESTO DE CONTROL TERRESTRE DESAGUADERO","SOYA, torta",55000,"GRANEL","BOLIVIA"
"8093","2022",4,"PUESTO DE CONTROL TERRESTRE DESAGUADERO","SOYA, torta",114500,"SACO(S)","BOLIVIA"
"8094","2022",4,"PUESTO DE CONTROL TERRESTRE DESAGUADERO","SOYA, torta",125000,"SACO(S)","BOLIVIA"
"8095","2022",4,"OFICINA PUESTO DE CONTROL MARITIMO - PROV. CONST. DEL CALLAO","MANZANILLA, triturada",15000,"SACO(S)","ARGENTINA"
"8096","2022",4,"OFICINA PUESTO DE CONTROL MARITIMO - PROV. CONST. DEL CALLAO","ACHIOTE, grano",25000,"SACO(S)","COSTA DE MARFIL"
"8097","2022",4,"OFICINA PUESTO DE CONTROL MARITIMO - PROV. CONST. DEL CALLAO","LENTEJA, grano",78927,"SACO(S)","CANADA"
"8098","2022",4,"OFICINA PUESTO DE CONTROL MARITIMO - PROV. CONST. DEL CALLAO","ACHIOTE, grano",20000,"SACO(S)","GUATEMALA"
"8099","2022",4,"PUESTO DE CONTROL TERRESTRE DESAGUADERO","SOYA, harina",145000,"SACO(S)","BOLIVIA"
"8100","2022",4,"PUESTO DE CONTROL TERRESTRE DESAGUADERO","FREJOL, grano",29000,"SACO(S)","BOLIVIA"
"8101","2022",4,"PUESTO DE CONTROL TERRESTRE DESAGUADERO","FREJOL NEGRO, grano",58000,"SACO(S)","BOLIVIA"
"8102","2022",4,"OFICINA PUESTO DE CONTROL MARITIMO - PROV. CONST. DEL CALLAO","AVENA, grano mondado, perlado, troceado o quebrantado",96000,"SACO(S)","CHILE"
"8103","2022",4,"OFICINA PUESTO DE CONTROL MARITIMO - PROV. CONST. DEL CALLAO","BAMBU, artículos de cestería obtenidos directamente en su forma con materia trenzable con algún proceso de la CRF 2",146.892,"CAJA(S)","EL SALVADOR"
"8104","2022",4,"PUESTO DE CONTROL TERRESTRE DESAGUADERO","SOYA, torta",84000,"GRANEL","BOLIVIA"
"8105","2022",4,"PUESTO DE CONTROL TERRESTRE DESAGUADERO","SOYA, harina",145000,"SACO(S)","BOLIVIA"
"8106","2022",4,"PUESTO DE CONTROL TERRESTRE DESAGUADERO","SOYA, torta",58104,"SACO(S)","BOLIVIA"
"8107","2022",4,"PUESTO DE CONTROL TERRESTRE DESAGUADERO","SOYA, torta",116000,"SACO(S)","BOLIVIA"
"8108","2022",4,"PUESTO DE CONTROL TERRESTRE DESAGUADERO","SOYA, torta",84000,"GRANEL","BOLIVIA"
"8109","2022",4,"PUESTO DE CONTROL TERRESTRE DESAGUADERO","SOYA, torta",56000,"GRANEL","BOLIVIA"
"8110","2022",4,"PUESTO DE CONTROL TERRESTRE DESAGUADERO","SOYA, grano",116000,"SACO(S)","BOLIVIA"
"8111","2022",4,"OFICINA PUESTO DE CONTROL MARITIMO - PROV. CONST. DEL CALLAO","TRIGO, gluten",40000,"SACO(S)","FRANCIA"
"8112","2022",4,"PUESTO DE CONTROL TERRESTRE DESAGUADERO","SOYA, torta",58000,"GRANEL","BOLIVIA"
"8113","2022",4,"PUESTO DE CONTROL TERRESTRE DESAGUADERO","SOYA, torta",57000,"GRANEL","BOLIVIA"
"8114","2022",4,"PUESTO DE CONTROL TERRESTRE DESAGUADERO","SOYA, torta",74000,"GRANEL","BOLIVIA"
"8115","2022",4,"OFICINA PUESTO DE CONTROL AEREO -  PROV. CONST. DEL CALLAO","PINO, semilla",50,"BOLSAS","NICARAGUA"
"8116","2022",4,"PUESTO DE CONTROL TERRESTRE DESAGUADERO","SOYA, torta",145000,"SACO(S)","BOLIVIA"
"8117","2022",4,"PUESTO DE CONTROL TERRESTRE DESAGUADERO","SOYA, torta",116000,"SACO(S)","BOLIVIA"
"8118","2022",4,"PUESTO DE CONTROL TERRESTRE DESAGUADERO","SOYA, torta",75970,"GRANEL","BOLIVIA"
"8119","2022",4,"OFICINA PUESTO DE CONTROL MARITIMO - PROV. CONST. DEL CALLAO","ALGODON, fibra sin cardar ni peinar (>28.57 mm = o <34.92 mm)",78490,"FARDOS","EEUU"
"8120","2022",4,"OFICINA PUESTO DE CONTROL MARITIMO - PROV. CONST. DEL CALLAO","CORCHO, tapones",627.2,"CAJA(S)","CHILE"
"8121","2022",4,"OFICINA PUESTO DE CONTROL MARITIMO - PROV. CONST. DEL CALLAO","MAIZ, harina",132000,"PAQUETES","COLOMBIA"
"8122","2022",4,"PUESTO DE CONTROL TERRESTRE DESAGUADERO","FREJOL, grano",58000,"SACO(S)","BOLIVIA"
"8123","2022",4,"PUESTO DE CONTROL TERRESTRE DESAGUADERO","SOYA, grano",144950,"SACO(S)","BOLIVIA"
"8124","2022",4,"PUESTO DE CONTROL TERRESTRE DESAGUADERO","MANI, grano sin cáscara",28980,"SACO(S)","BOLIVIA"
"8125","2022",4,"PUESTO DE CONTROL TERRESTRE DESAGUADERO","SOYA, torta",57000,"GRANEL","BOLIVIA"
"8126","2022",4,"PUESTO DE CONTROL TERRESTRE DESAGUADERO","SOYA, grano",55500,"GRANEL","BOLIVIA"
"8127","2022",4,"PUESTO DE CONTROL TERRESTRE DESAGUADERO","SOYA, torta",84310,"GRANEL","BOLIVIA"
"8128","2022",4,"PUESTO DE CONTROL TERRESTRE DESAGUADERO","SOYA, torta",56000,"GRANEL","BOLIVIA"
"8129","2022",4,"PUESTO DE CONTROL TERRESTRE DESAGUADERO","SOYA, grano",56000,"GRANEL","BOLIVIA"
"8130","2022",4,"PUESTO DE CONTROL TERRESTRE DESAGUADERO","SOYA, grano",56000,"GRANEL","BOLIVIA"
"8131","2022",4,"PUESTO DE CONTROL TERRESTRE DESAGUADERO","SOYA, grano",85500,"GRANEL","BOLIVIA"
"8132","2022",4,"PUESTO DE CONTROL TERRESTRE DESAGUADERO","SOYA, grano",28000,"GRANEL","BOLIVIA"
"8133","2022",4,"PUESTO DE CONTROL TERRESTRE DESAGUADERO","SOYA, grano",55800,"GRANEL","BOLIVIA"
"8134","2022",4,"OFICINA PUESTO DE CONTROL MARITIMO - PROV. CONST. DEL CALLAO","ABACA, trenzados o confeccionados con algún proceso de la CRF 2",1437.02,"CAJA(S)","CHINA"
"8135","2022",4,"OFICINA PUESTO DE CONTROL MARITIMO - PROV. CONST. DEL CALLAO","LILIUM (=AZUCENA), bulbo",19950,"JABAS","HOLANDA"
"8136","2022",4,"OFICINA PUESTO DE CONTROL MARITIMO - PROV. CONST. DEL CALLAO","ARROZ, grano pilado",5e+05,"SACO(S)","URUGUAY"
"8137","2022",4,"OFICINA PUESTO DE CONTROL MARITIMO - PROV. CONST. DEL CALLAO","MADERA, moldurada con proceso de la CRF2",170.85,"PAQUETES","EEUU"
"8138","2022",4,"OFICINA PUESTO DE CONTROL MARITIMO - PROV. CONST. DEL CALLAO","LAS DEMAS MADERAS DISTINTAS DE LA DE CONIFERAS, PERFILADA LONGITUDINALMENTE EN UNA O VARIAS CARAS, CANTOS O EXTREMOS, INCLUSO CEPILLADA, LIJADA O UNIDA POR LOS EXTREMOS, CON ALGÚN PROCESO DE LA  CRF 2",528.371,"PAQUETES","EEUU"
"8139","2022",4,"OFICINA PUESTO DE CONTROL MARITIMO - PROV. CONST. DEL CALLAO","MADERA, puertas y sus marcos, contramarcos y umbrales, con algun proceso de la CRF 2",253.323,"PAQUETES","EEUU"
"8140","2022",4,"OFICINA PUESTO DE CONTROL MARITIMO - PROV. CONST. DEL CALLAO","COCO, fibra (para sustrato)",76820,"PALETAS","SRI LANKA"
"8141","2022",4,"OFICINA PUESTO DE CONTROL MARITIMO - PROV. CONST. DEL CALLAO","PINO, madera aserrada con algún proceso de la CRF2",23276,"PAQUETES","CHILE"
"8142","2022",4,"PUESTO DE CONTROL- CEBAF","PAJA MACORA, paja seca al natural",1760,"FARDOS","ECUADOR"
"8143","2022",4,"PUESTO DE CONTROL- CEBAF","PAJA TOQUILLA, con algún proceso de la CRF2",1100,"FARDOS","ECUADOR"
"8144","2022",4,"OFICINA PUESTO DE CONTROL MARITIMO - PROV. CONST. DEL CALLAO","COCO, fibra (para sustrato)",78210,"PALETAS","SRI LANKA"
"8145","2022",4,"OFICINA PUESTO DE CONTROL AEREO -  PROV. CONST. DEL CALLAO","ZAPALLO (CALABAZA AMARILLA), semilla",10.5,"SACHETS","HOLANDA"
"8146","2022",4,"OFICINA PUESTO DE CONTROL MARITIMO - PROV. CONST. DEL CALLAO","PERA, fruta fresca",24192,"CAJA(S)","CHILE"
"8147","2022",4,"OFICINA PUESTO DE CONTROL AEREO -  PROV. CONST. DEL CALLAO","MELON, semilla",1.902,"SACHETS","EEUU"
"8148","2022",4,"PUESTO DE CONTROL TERRESTRE DESAGUADERO","SOYA, torta",56000,"GRANEL","BOLIVIA"
"8149","2022",4,"PUESTO DE CONTROL TERRESTRE DESAGUADERO","SOYA, torta",56000,"GRANEL","BOLIVIA"
"8150","2022",4,"PUESTO DE CONTROL TERRESTRE DESAGUADERO","SOYA, torta",57920,"GRANEL","BOLIVIA"
"8151","2022",4,"PUESTO DE CONTROL TERRESTRE DESAGUADERO","SOYA, torta",55880,"GRANEL","BOLIVIA"
"8152","2022",4,"PUESTO DE CONTROL TERRESTRE DESAGUADERO","SOYA, torta",28000,"GRANEL","BOLIVIA"
"8153","2022",4,"PUESTO DE CONTROL TERRESTRE DESAGUADERO","SOYA, torta",27380,"GRANEL","BOLIVIA"
"8154","2022",4,"PUESTO DE CONTROL TERRESTRE DESAGUADERO","SOYA, torta",58000,"GRANEL","BOLIVIA"
"8155","2022",4,"PUESTO DE CONTROL TERRESTRE DESAGUADERO","SOYA, torta",84000,"GRANEL","BOLIVIA"
"8156","2022",4,"OFICINA PUESTO DE CONTROL MARITIMO - PROV. CONST. DEL CALLAO","COCO, fibra (para sustrato)",51280,"PALETAS","SRI LANKA"
"8157","2022",4,"OFICINA PUESTO DE CONTROL AEREO -  PROV. CONST. DEL CALLAO","ARANDANO, planta  in vitro",704.9,"CAJA(S)","CHILE"
"8158","2022",4,"OFICINA PUESTO DE CONTROL AEREO -  PROV. CONST. DEL CALLAO","ARANDANO, planta in vitro",330,"CAJA(S)","EEUU"
"8159","2022",4,"PUESTO DE CONTROL TERRESTRE DESAGUADERO","SOYA, torta",84000,"GRANEL","BOLIVIA"
"8160","2022",4,"PUESTO DE CONTROL TERRESTRE DESAGUADERO","SOYA, torta",56000,"GRANEL","BOLIVIA"
"8161","2022",4,"PUESTO DE CONTROL TERRESTRE DESAGUADERO","SOYA, torta",81880,"GRANEL","BOLIVIA"
"8162","2022",4,"PUESTO DE CONTROL TERRESTRE DESAGUADERO","SOYA, torta",56000,"GRANEL","BOLIVIA"
"8163","2022",4,"PUESTO DE CONTROL TERRESTRE DESAGUADERO","SOYA, torta",84500,"GRANEL","BOLIVIA"
"8164","2022",4,"PUESTO DE CONTROL TERRESTRE DESAGUADERO","SOYA, torta",55950,"GRANEL","BOLIVIA"
"8165","2022",4,"PUESTO DE CONTROL TERRESTRE DESAGUADERO","SOYA, torta",56000,"GRANEL","BOLIVIA"
"8166","2022",4,"PUESTO DE CONTROL TERRESTRE DESAGUADERO","SOYA, torta",141000,"GRANEL","BOLIVIA"
"8167","2022",4,"PUESTO DE CONTROL TERRESTRE DESAGUADERO","SOYA, torta",85520,"GRANEL","BOLIVIA"
"8168","2022",4,"PUESTO DE CONTROL TERRESTRE DESAGUADERO","SOYA, torta",112240,"GRANEL","BOLIVIA"
"8169","2022",4,"PUERTO DE PAITA , PIURA","COMINO, grano",54000,"SACO(S)","INDIA"
"8170","2022",4,"OFICINA PUESTO DE CONTROL MARITIMO - PROV. CONST. DEL CALLAO","MAIZ, semilla",89825.37,"BOLSAS","MEXICO"
"8171","2022",4,"PUESTO DE CONTROL TERRESTRE DESAGUADERO","SOYA, torta",138000,"GRANEL","BOLIVIA"
"8172","2022",4,"OFICINA PUESTO DE CONTROL AEREO -  PROV. CONST. DEL CALLAO","MELON, semilla",0.983,"SACHETS","EEUU"
"8173","2022",4,"OFICINA PUESTO DE CONTROL AEREO -  PROV. CONST. DEL CALLAO","TOMATE, semilla",0.005,"SACHETS","HOLANDA"
"8174","2022",4,"PUESTO DE CONTROL- CEBAF","AZUCAR CRUDA, sólido",150000,"SACO(S)","ECUADOR"
"8175","2022",4,"OFICINA PUESTO DE CONTROL MARITIMO - PROV. CONST. DEL CALLAO","LINAZA, grano",22226,"SACO(S)","CANADA"
"8176","2022",4,"OFICINA PUESTO DE CONTROL MARITIMO - PROV. CONST. DEL CALLAO","CANELA, corteza entera seca al natural",14560,"CAJA(S)","SRI LANKA"
"8177","2022",4,"OFICINA PUESTO DE CONTROL MARITIMO - PROV. CONST. DEL CALLAO","LENTEJA, grano",105232,"SACO(S)","CANADA"
"8178","2022",4,"OFICINA PUESTO DE CONTROL MARITIMO - PROV. CONST. DEL CALLAO","PINO, madera aserrada con algún proceso de la CRF2",22600,"PAQUETES","CHILE"
"8179","2022",4,"OFICINA PUESTO DE CONTROL MARITIMO - PROV. CONST. DEL CALLAO","MADERA, paletas, paletas caja y demas plataformas para carga, collarines para paletas, con algún proceso de la CRF 2",13235.348,"UNIDADES","PUERTO RICO"
"8180","2022",4,"OFICINA PUESTO DE CONTROL MARITIMO - PROV. CONST. DEL CALLAO","ALGODON, fibra sin cardar ni peinar (>28.57 mm = o <34.92 mm)",445260,"FARDOS","EEUU"
"8181","2022",4,"OFICINA PUESTO DE CONTROL MARITIMO - PROV. CONST. DEL CALLAO","MAIZ, harina",21000,"PACAS","COLOMBIA"
"8182","2022",4,"PUESTO DE CONTROL- CEBAF","AZUCAR CRUDA, sólido",90000,"SACO(S)","ECUADOR"
"8183","2022",4,"PUESTO DE CONTROL- CEBAF","AZUCAR BLANCA O REFINADA (lectura polarimetrica mayor 99.5°)",30000,"SACO(S)","ECUADOR"
"8184","2022",4,"PUESTO DE CONTROL TERRESTRE DESAGUADERO","SOYA, grano",116000,"SACO(S)","BOLIVIA"
"8185","2022",4,"OFICINA PUESTO DE CONTROL MARITIMO - PROV. CONST. DEL CALLAO","PERA, fruta fresca",4800,"CAJA(S)","CHILE"
"8186","2022",4,"OFICINA PUESTO DE CONTROL MARITIMO - PROV. CONST. DEL CALLAO","MANZANA, fruto fresco",22400,"CAJA(S)","CHILE"
"8187","2022",4,"OFICINA PUESTO DE CONTROL MARITIMO - PROV. CONST. DEL CALLAO","MANZANA, fruto fresco",19756.8,"CAJA(S)","CHILE"
"8188","2022",4,"OFICINA PUESTO DE CONTROL MARITIMO - PROV. CONST. DEL CALLAO","CIRUELA, fruto fresco",10080,"CAJA(S)","CHILE"
"8189","2022",4,"PUESTO DE CONTROL TERRESTRE DESAGUADERO","SOYA, torta",116000,"SACO(S)","BOLIVIA"
"8190","2022",4,"IÑAPARI, MADRE DE DIOS","NUEZ DEL BRASIL, con cáscara seca al natural",27945,"SACO(S)","BOLIVIA"
"8191","2022",4,"PUESTO DE CONTROL TERRESTRE DESAGUADERO","SOYA, harina",173500,"SACO(S)","BOLIVIA"
"8192","2022",4,"PUESTO DE CONTROL TERRESTRE DESAGUADERO","SOYA, harina",203000,"SACO(S)","BOLIVIA"
"8193","2022",4,"PUESTO DE CONTROL- CEBAF","CAÑA DE GUAYAQUIL, seca al natural",64000,"UNIDADES","ECUADOR"
"8194","2022",4,"OFICINA PUESTO DE CONTROL MARITIMO - PROV. CONST. DEL CALLAO","COCO, fibra (para sustrato)",178815,"PALETAS","SRI LANKA"
"8195","2022",4,"OFICINA PUESTO DE CONTROL MARITIMO - PROV. CONST. DEL CALLAO","TURBA",40339.8,"PALETAS","LETONIA"
"8196","2022",4,"OFICINA PUESTO DE CONTROL MARITIMO - PROV. CONST. DEL CALLAO","TURBA",42702.8,"PALETAS","LETONIA"
"8197","2022",4,"OFICINA PUESTO DE CONTROL MARITIMO - PROV. CONST. DEL CALLAO","TURBA",41876.8,"PALETAS","LETONIA"
"8198","2022",4,"OFICINA PUESTO DE CONTROL MARITIMO - PROV. CONST. DEL CALLAO","TURBA",21601.9,"PALETAS","LETONIA"
"8199","2022",4,"OFICINA PUESTO DE CONTROL MARITIMO - PROV. CONST. DEL CALLAO","TURBA",43128.8,"PALETAS","LETONIA"
"8200","2022",4,"OFICINA PUESTO DE CONTROL MARITIMO - PROV. CONST. DEL CALLAO","TURBA",43475.8,"PALETAS","LETONIA"
"8201","2022",4,"OFICINA PUESTO DE CONTROL MARITIMO - PROV. CONST. DEL CALLAO","TURBA",24018.9,"PALETAS","LETONIA"
"8202","2022",4,"OFICINA PUESTO DE CONTROL MARITIMO - PROV. CONST. DEL CALLAO","TURBA",41021.8,"PALETAS","LETONIA"
"8203","2022",4,"OFICINA PUESTO DE CONTROL MARITIMO - PROV. CONST. DEL CALLAO","COCO, fibra (para sustrato)",123460,"PAQUETES","SRI LANKA"
"8204","2022",4,"PUESTO DE CONTROL TERRESTRE DESAGUADERO","SOYA, torta",53420,"GRANEL","BOLIVIA"
"8205","2022",4,"OFICINA PUESTO DE CONTROL MARITIMO - PROV. CONST. DEL CALLAO","CEBOLLA, triturada o pulverizada",4000,"CAJA(S)","CHINA"
"8206","2022",4,"OFICINA PUESTO DE CONTROL MARITIMO - PROV. CONST. DEL CALLAO","AJO, polvo",5000,"CAJA(S)","CHINA"
"8207","2022",4,"OFICINA PUESTO DE CONTROL MARITIMO - PROV. CONST. DEL CALLAO","TOMATE, polvo",500,"CAJA(S)","CHINA"
"8208","2022",4,"OFICINA PUESTO DE CONTROL MARITIMO - PROV. CONST. DEL CALLAO","PAPRIKA,  triturado o pulverizado",1000,"CAJA(S)","CHINA"
"8209","2022",4,"OFICINA PUESTO DE CONTROL AEREO -  PROV. CONST. DEL CALLAO","TOMATE, semilla",0.002,"SACHETS","HOLANDA"
"8210","2022",4,"OFICINA PUESTO DE CONTROL AEREO -  PROV. CONST. DEL CALLAO","PIMIENTO, semilla",0.204,"SACHETS","HOLANDA"
"8211","2022",4,"OFICINA PUESTO DE CONTROL AEREO -  PROV. CONST. DEL CALLAO","PIMIENTO, semilla",0.113,"SACHETS","HOLANDA"
"8212","2022",4,"OFICINA PUESTO DE CONTROL AEREO -  PROV. CONST. DEL CALLAO","PIMIENTO, semilla",0.153,"SACHETS","HOLANDA"
"8213","2022",4,"OFICINA PUESTO DE CONTROL MARITIMO - PROV. CONST. DEL CALLAO","LINO,agramado o espadado",2993,"FARDOS","FRANCIA"
"8214","2022",4,"PUESTO DE CONTROL TERRESTRE DESAGUADERO","SOYA, grano",27000,"GRANEL","BOLIVIA"
"8215","2022",4,"PUESTO DE CONTROL TERRESTRE DESAGUADERO","SOYA, grano",52000,"GRANEL","BOLIVIA"
"8216","2022",4,"PUESTO DE CONTROL TERRESTRE DESAGUADERO","SOYA, grano",55500,"GRANEL","BOLIVIA"
"8217","2022",4,"OFICINA PUESTO DE CONTROL MARITIMO - PROV. CONST. DEL CALLAO","AVENA, grano aplastado o en copos (hojuelas)",48000,"SACO(S)","CHILE"
"8218","2022",4,"PUESTO DE CONTROL TERRESTRE DESAGUADERO","SOYA, torta",142500,"SACO(S)","BOLIVIA"
"8219","2022",4,"PUESTO DE CONTROL TERRESTRE DESAGUADERO","SOYA, torta",144000,"SACO(S)","BOLIVIA"
"8220","2022",4,"OFICINA PUESTO DE CONTROL MARITIMO - PROV. CONST. DEL CALLAO","ALPISTE (=PHALARIS), grano",117253,"SACO(S)","CANADA"
"8221","2022",4,"OFICINA PUESTO DE CONTROL MARITIMO - PROV. CONST. DEL CALLAO","MAIZ, harina",98000,"PAQUETES","COLOMBIA"
"8222","2022",4,"SANTA ROSA, TACNA","MANZANA, fruto fresco",23520,"CAJA(S)","CHILE"
"8223","2022",4,"SANTA ROSA, TACNA","MANZANA, fruto fresco",23520,"CAJA(S)","CHILE"
"8224","2022",4,"SANTA ROSA, TACNA","MANZANA, fruto fresco",23520,"CAJA(S)","CHILE"
"8225","2022",4,"OFICINA PUESTO DE CONTROL MARITIMO - PROV. CONST. DEL CALLAO","ALGODON, fibra sin cardar ni peinar (>22.22 mm = o <28.57 mm)",101720,"FARDOS","EEUU"
"8226","2022",4,"OFICINA PUESTO DE CONTROL MARITIMO - PROV. CONST. DEL CALLAO","LENTEJA, grano",78246,"SACO(S)","CANADA"
"8227","2022",4,"OFICINA PUESTO DE CONTROL MARITIMO - PROV. CONST. DEL CALLAO","ARROZ, grano pilado",24990,"FARDOS","URUGUAY"
"8228","2022",4,"IÑAPARI, MADRE DE DIOS","NUEZ DEL BRASIL, con cáscara seca al natural",27945,"SACO(S)","BOLIVIA"
"8229","2022",4,"OFICINA PUESTO DE CONTROL MARITIMO - PROV. CONST. DEL CALLAO","MADERA, puertas y sus marcos, contramarcos y umbrales, con algun proceso de la CRF 2",56019,"UNIDADES","CHINA"
"8230","2022",4,"OFICINA PUESTO DE CONTROL MARITIMO - PROV. CONST. DEL CALLAO","AZUCARES, los demas",125000,"SACO(S)","COLOMBIA"
"8231","2022",4,"PUESTO DE CONTROL TERRESTRE DESAGUADERO","SOYA, harina",139500,"SACO(S)","BOLIVIA"
"8232","2022",4,"OFICINA PUESTO DE CONTROL AEREO -  PROV. CONST. DEL CALLAO","PIMIENTA, grano seco al natural",0.5,"FRASCO(S)","BRASIL"
"8233","2022",4,"PUESTO DE CONTROL TERRESTRE DESAGUADERO","SOYA, torta",115500,"SACO(S)","BOLIVIA"
"8234","2022",4,"IÑAPARI, MADRE DE DIOS","ARROZ, grano pilado",32000,"SACO(S)","BRASIL"
"8235","2022",4,"IÑAPARI, MADRE DE DIOS","ARROZ, grano pilado",64020,"PAQUETES","BRASIL"
"8236","2022",4,"PUERTO DE MATARANI , AREQUIPA","AZUCAR BLANCA O REFINADA (lectura polarimetrica mayor 99.5°)",291500,"SACO(S)","COLOMBIA"
"8237","2022",4,"PUESTO DE CONTROL TERRESTRE DESAGUADERO","SOYA, torta",172000,"GRANEL","BOLIVIA"
"8238","2022",4,"PUESTO DE CONTROL TERRESTRE DESAGUADERO","SOYA, torta",53710,"GRANEL","BOLIVIA"
"8239","2022",4,"PUESTO DE CONTROL TERRESTRE DESAGUADERO","SOYA, grano",57500,"GRANEL","BOLIVIA"
"8240","2022",4,"PUESTO DE CONTROL TERRESTRE DESAGUADERO","SOYA, grano",28000,"GRANEL","BOLIVIA"
"8241","2022",4,"PUESTO DE CONTROL TERRESTRE DESAGUADERO","SOYA, grano",55000,"GRANEL","BOLIVIA"
"8242","2022",4,"PUESTO DE CONTROL TERRESTRE DESAGUADERO","SOYA, grano",28000,"GRANEL","BOLIVIA"
"8243","2022",4,"PUESTO DE CONTROL TERRESTRE DESAGUADERO","SOYA, grano",28000,"GRANEL","BOLIVIA"
"8244","2022",4,"PUESTO DE CONTROL TERRESTRE DESAGUADERO","SOYA, grano",85950,"GRANEL","BOLIVIA"
"8245","2022",4,"PUESTO DE CONTROL TERRESTRE DESAGUADERO","MANI, grano sin cáscara",87000,"SACO(S)","BOLIVIA"
"8246","2022",4,"PUESTO DE CONTROL TERRESTRE DESAGUADERO","SOYA, grano",56000,"GRANEL","BOLIVIA"
"8247","2022",4,"PUESTO DE CONTROL TERRESTRE DESAGUADERO","SOYA, torta",56450,"GRANEL","BOLIVIA"
"8248","2022",4,"PUESTO DE CONTROL TERRESTRE DESAGUADERO","SOYA, torta",112000,"GRANEL","BOLIVIA"
"8249","2022",4,"PUESTO DE CONTROL TERRESTRE DESAGUADERO","SOYA, torta",112000,"GRANEL","BOLIVIA"
"8250","2022",4,"PUESTO DE CONTROL TERRESTRE DESAGUADERO","SOYA, torta",53980,"GRANEL","BOLIVIA"
"8251","2022",4,"PUESTO DE CONTROL TERRESTRE DESAGUADERO","SOYA, grano",50000,"GRANEL","BOLIVIA"
"8252","2022",4,"PUERTO DE PAITA , PIURA","MADERA, paletas, paletas caja y demas plataformas para carga, collarines para paletas, con algún proceso de la CRF 2",24307,"UNIDADES","CHILE"
"8253","2022",4,"PUERTO DE PAITA , PIURA","PINO, semilla",89,"SACO(S)","CHILE"
"8254","2022",4,"OFICINA PUESTO DE CONTROL MARITIMO - PROV. CONST. DEL CALLAO","SOYA, grano",10422240,"GRANEL","EEUU"
"8255","2022",4,"PUESTO DE CONTROL TERRESTRE DESAGUADERO","SOYA, grano",140000,"GRANEL","BOLIVIA"
"8256","2022",4,"OFICINA PUESTO DE CONTROL MARITIMO - PROV. CONST. DEL CALLAO","CAUCHO, técnicamente especificado (TSNR)",40320,"PAQUETES","COSTA DE MARFIL"
"8257","2022",4,"OFICINA PUESTO DE CONTROL MARITIMO - PROV. CONST. DEL CALLAO","LINAZA, grano",60736,"SACO(S)","CANADA"
"8258","2022",4,"PUESTO DE CONTROL TERRESTRE DESAGUADERO","MAIZ, salvado",56000,"SACO(S)","BOLIVIA"
"8259","2022",4,"OFICINA PUESTO DE CONTROL MARITIMO - PROV. CONST. DEL CALLAO","MAIZ, harina",176000,"FARDOS","COLOMBIA"
"8260","2022",4,"OFICINA PUESTO DE CONTROL AEREO -  PROV. CONST. DEL CALLAO","MELON, semilla",1.565,"SACHETS","EEUU"
"8261","2022",4,"OFICINA PUESTO DE CONTROL AEREO -  PROV. CONST. DEL CALLAO","MELON, semilla",0.217,"SACHETS","HOLANDA"
"8262","2022",4,"PUESTO DE CONTROL TERRESTRE DESAGUADERO","SOYA, torta",115500,"SACO(S)","BOLIVIA"
"8263","2022",4,"PUESTO DE CONTROL TERRESTRE DESAGUADERO","SOYA, torta",28500,"GRANEL","BOLIVIA"
"8264","2022",4,"PUESTO DE CONTROL TERRESTRE DESAGUADERO","SOYA, torta",29000,"GRANEL","BOLIVIA"
"8265","2022",4,"OFICINA PUESTO DE CONTROL MARITIMO - PROV. CONST. DEL CALLAO","ALGODON, fibra sin cardar ni peinar (>34.92 mm)",109154,"FARDOS","EEUU"
"8266","2022",4,"OFICINA PUESTO DE CONTROL MARITIMO - PROV. CONST. DEL CALLAO","Las demás máquinas para limpieza de frutos o demás productos agrícolas usadas
",1070,"UNIDADES","MEXICO"
"8267","2022",4,"OFICINA PUESTO DE CONTROL MARITIMO - PROV. CONST. DEL CALLAO","Las demás máquinas para limpieza de frutos o demás productos agrícolas usadas
",2147,"UNIDADES","MEXICO"
"8268","2022",4,"PUESTO DE CONTROL TERRESTRE DESAGUADERO","SOYA, torta",117400,"SACO(S)","BOLIVIA"
"8269","2022",4,"PUERTO DE SALAVERRY, LA LIBERTAD","MAIZ AMARILLO DURO, grano",25516000,"GRANEL","ARGENTINA"
"8270","2022",4,"PUESTO DE CONTROL TERRESTRE DESAGUADERO","SOYA, torta",116000,"SACO(S)","BOLIVIA"
"8271","2022",4,"OFICINA PUESTO DE CONTROL MARITIMO - PROV. CONST. DEL CALLAO","CAUCHO, hojas ahumadas",41900,"PACAS","VIETNAM"
"8272","2022",4,"PUESTO DE CONTROL TERRESTRE DESAGUADERO","SOYA, torta",116000,"SACO(S)","BOLIVIA"
"8273","2022",4,"PUESTO DE CONTROL TERRESTRE DESAGUADERO","SOYA, torta",140000,"SACO(S)","BOLIVIA"
"8274","2022",4,"PUESTO DE CONTROL TERRESTRE DESAGUADERO","SOYA, torta",86006,"SACO(S)","BOLIVIA"
"8275","2022",4,"PUESTO DE CONTROL TERRESTRE DESAGUADERO","SOYA, torta",56010,"GRANEL","BOLIVIA"
"8276","2022",4,"PUESTO DE CONTROL TERRESTRE DESAGUADERO","SOYA, torta",54000,"GRANEL","BOLIVIA"
"8277","2022",4,"PUESTO DE CONTROL TERRESTRE DESAGUADERO","SOYA, torta",56886,"SACO(S)","BOLIVIA"
"8278","2022",4,"OFICINA PUESTO DE CONTROL MARITIMO - PROV. CONST. DEL CALLAO","ALPISTE (=PHALARIS), grano",43362,"SACO(S)","CANADA"
"8279","2022",4,"PUESTO DE CONTROL TERRESTRE DESAGUADERO","SOYA, torta",84010,"GRANEL","BOLIVIA"
"8280","2022",4,"PUESTO DE CONTROL TERRESTRE DESAGUADERO","SOYA, torta",110000,"GRANEL","BOLIVIA"
"8281","2022",4,"PUESTO DE CONTROL TERRESTRE DESAGUADERO","SOYA, torta",56000,"GRANEL","BOLIVIA"
"8282","2022",4,"PUESTO DE CONTROL TERRESTRE DESAGUADERO","SOYA, grano",120000,"SACO(S)","BOLIVIA"
"8283","2022",4,"OFICINA PUESTO DE CONTROL MARITIMO - PROV. CONST. DEL CALLAO","CANELA Y FLORES DEL CANELERO, triturado o pulverizado",1925,"BOLSAS","ALEMANIA"
"8284","2022",4,"OFICINA PUESTO DE CONTROL MARITIMO - PROV. CONST. DEL CALLAO","CLAVO DE OLOR, polvo
",650,"BOLSAS","ALEMANIA"
"8285","2022",4,"OFICINA PUESTO DE CONTROL MARITIMO - PROV. CONST. DEL CALLAO","COCO, rallado seco industrial",104000,"SACO(S)","INDONESIA"
"8286","2022",4,"OFICINA PUESTO DE CONTROL MARITIMO - PROV. CONST. DEL CALLAO","IXTLE, fibra (cepilleria)",1000,"CAJA(S)","MEXICO"
"8287","2022",4,"PUESTO DE CONTROL TERRESTRE DESAGUADERO","AZUCAR BLANCA O REFINADA (lectura polarimetrica mayor 99.5°)",111000,"SACO(S)","BOLIVIA"
"8288","2022",4,"OFICINA PUESTO DE CONTROL MARITIMO - PROV. CONST. DEL CALLAO","CHAMPIÑON COMUN, espora",16349.5,"BOLSAS","HOLANDA"
"8289","2022",4,"OFICINA PUESTO DE CONTROL MARITIMO - PROV. CONST. DEL CALLAO","NARANJA, fruto fresco",18140,"CAJA(S)","EEUU"
"8290","2022",4,"PUESTO DE CONTROL TERRESTRE DESAGUADERO","FREJOL NEGRO, grano",58000,"SACO(S)","BOLIVIA"
"8291","2022",4,"OFICINA PUESTO DE CONTROL MARITIMO - PROV. CONST. DEL CALLAO","BRACHIARIA, semilla",12700,"SACO(S)","BRASIL"
"8292","2022",4,"OFICINA PUESTO DE CONTROL MARITIMO - PROV. CONST. DEL CALLAO","PANICUM, semilla",1000,"SACO(S)","BRASIL"
"8293","2022",4,"OFICINA PUESTO DE CONTROL MARITIMO - PROV. CONST. DEL CALLAO","TURBA",22927,"FARDOS","LITUANIA"
"8294","2022",4,"OFICINA PUESTO DE CONTROL AEREO -  PROV. CONST. DEL CALLAO","MOSTAZA BLANCA, semilla",20,"SACHETS","ITALIA"
"8295","2022",4,"OFICINA PUESTO DE CONTROL AEREO -  PROV. CONST. DEL CALLAO","COL RIZADA, semilla",15,"SACHETS","ITALIA"
"8296","2022",4,"OFICINA PUESTO DE CONTROL AEREO -  PROV. CONST. DEL CALLAO","COL, semilla",5,"SACHETS","ITALIA"
"8297","2022",4,"OFICINA PUESTO DE CONTROL AEREO -  PROV. CONST. DEL CALLAO","COLINABO, semilla",10,"SACHETS","ITALIA"
"8298","2022",4,"OFICINA PUESTO DE CONTROL AEREO -  PROV. CONST. DEL CALLAO","RUCULA(=ROQUETA), semilla",15,"SACHETS","ITALIA"
"8299","2022",4,"OFICINA PUESTO DE CONTROL AEREO -  PROV. CONST. DEL CALLAO","LECHUGA, semilla",9,"SACHETS","ITALIA"
"8300","2022",4,"OFICINA PUESTO DE CONTROL AEREO -  PROV. CONST. DEL CALLAO","ACELGA, semilla",20,"SACHETS","ITALIA"
"8301","2022",4,"OFICINA PUESTO DE CONTROL AEREO -  PROV. CONST. DEL CALLAO","ACHICORIA, semilla",9,"SACHETS","ITALIA"
"8302","2022",4,"OFICINA PUESTO DE CONTROL AEREO -  PROV. CONST. DEL CALLAO","BERRO, semilla",15,"SACHETS","ITALIA"
"8303","2022",4,"OFICINA PUESTO DE CONTROL AEREO -  PROV. CONST. DEL CALLAO","RABANITO, semilla",65,"SACHETS","ITALIA"
"8304","2022",4,"OFICINA PUESTO DE CONTROL AEREO -  PROV. CONST. DEL CALLAO","ZAPALLITO ITALIANO (CALABACIN), semilla",10,"SACHETS","ITALIA"
"8305","2022",4,"OFICINA PUESTO DE CONTROL MARITIMO - PROV. CONST. DEL CALLAO","FREJOL CHINO Ó LOCTAO, grano",72000,"SACO(S)","PERU"
"8306","2022",4,"OFICINA PUESTO DE CONTROL MARITIMO - PROV. CONST. DEL CALLAO","MAIZ, harina",22000,"FARDOS","COLOMBIA"
"8307","2022",4,"OFICINA PUESTO DE CONTROL MARITIMO - PROV. CONST. DEL CALLAO","TRIGO, grano",15013780,"GRANEL","ARGENTINA"
"8308","2022",4,"PUESTO DE CONTROL TERRESTRE DESAGUADERO","SOYA, torta",176500,"SACO(S)","BOLIVIA"
"8309","2022",4,"PUESTO DE CONTROL TERRESTRE DESAGUADERO","MANI, grano sin cáscara",58000,"SACO(S)","BOLIVIA"
"8310","2022",4,"OFICINA PUESTO DE CONTROL MARITIMO - PROV. CONST. DEL CALLAO","LILIUM (=AZUCENA), bulbo",15150,"CAJAS DE PLASTICO","HOLANDA"
"8311","2022",4,"OFICINA PUESTO DE CONTROL MARITIMO - PROV. CONST. DEL CALLAO","MARCOS, madera",2.4,"CAJA(S)","EEUU"
"8312","2022",4,"IÑAPARI, MADRE DE DIOS","NUEZ DEL BRASIL, con cáscara seca al natural",28140,"SACO(S)","BRASIL"
"8313","2022",4,"PUESTO DE CONTROL TERRESTRE DESAGUADERO","GIRASOL, torta",91000,"SACO(S)","BOLIVIA"
"8314","2022",4,"PUESTO DE CONTROL TERRESTRE DESAGUADERO","AZUCAR BLANCA O REFINADA (lectura polarimetrica mayor 99.5°)",173000,"SACO(S)","BOLIVIA"
"8315","2022",4,"PUESTO DE CONTROL- CEBAF","CAÑA DE GUAYAQUIL, seca al natural",34000,"UNIDADES","ECUADOR"
"8316","2022",4,"OFICINA PUESTO DE CONTROL MARITIMO - PROV. CONST. DEL CALLAO","LENTEJA, grano",69399,"SACO(S)","EEUU"
"8317","2022",4,"PUESTO DE CONTROL TERRESTRE DESAGUADERO","SOYA, grano",83980,"GRANEL","BOLIVIA"
"8318","2022",4,"OFICINA PUESTO DE CONTROL MARITIMO - PROV. CONST. DEL CALLAO","LINAZA, grano",101016,"SACO(S)","CANADA"
"8319","2022",4,"OFICINA PUESTO DE CONTROL MARITIMO - PROV. CONST. DEL CALLAO","LENTEJA, grano",92532,"SACO(S)","EEUU"
"8320","2022",4,"PUESTO DE CONTROL TERRESTRE DESAGUADERO","MANI, grano sin cáscara",30000,"SACO(S)","BOLIVIA"
"8321","2022",4,"OFICINA PUESTO DE CONTROL MARITIMO - PROV. CONST. DEL CALLAO","PINO, postes de madera con algun proceso de la CRF 2",282563,"UNIDADES","EEUU"
"8322","2022",4,"OFICINA PUESTO DE CONTROL AEREO -  PROV. CONST. DEL CALLAO","LECHUGA, semilla",0.017,"SACHETS","HOLANDA"
"8323","2022",4,"OFICINA PUESTO DE CONTROL AEREO -  PROV. CONST. DEL CALLAO","LECHUGA, semilla",0.044,"SACHETS","HOLANDA"
"8324","2022",4,"OFICINA PUESTO DE CONTROL AEREO -  PROV. CONST. DEL CALLAO","LECHUGA, semilla",0.046,"SACHETS","HOLANDA"
"8325","2022",4,"OFICINA PUESTO DE CONTROL AEREO -  PROV. CONST. DEL CALLAO","LECHUGA, semilla",0.006,"SACHETS","HOLANDA"
"8326","2022",4,"OFICINA PUESTO DE CONTROL AEREO -  PROV. CONST. DEL CALLAO","LECHUGA, semilla",0.006,"SACHETS","HOLANDA"
"8327","2022",4,"OFICINA PUESTO DE CONTROL AEREO -  PROV. CONST. DEL CALLAO","LECHUGA, semilla",0.064,"LATAS","HOLANDA"
"8328","2022",4,"OFICINA PUESTO DE CONTROL AEREO -  PROV. CONST. DEL CALLAO","LECHUGA, semilla",0.017,"SACHETS","HOLANDA"
"8329","2022",4,"OFICINA PUESTO DE CONTROL AEREO -  PROV. CONST. DEL CALLAO","LECHUGA, semilla",0.011,"SACHETS","HOLANDA"
"8330","2022",4,"OFICINA PUESTO DE CONTROL MARITIMO - PROV. CONST. DEL CALLAO","AVENA, grano mondado, perlado, troceado o quebrantado",47350,"SACO(S)","CHILE"
"8331","2022",4,"PUESTO DE CONTROL- CEBAF","CAÑA DE GUAYAQUIL, seca al natural",34000,"UNIDADES","ECUADOR"
"8332","2022",4,"PUESTO DE CONTROL- CEBAF","CAÑA DE GUAYAQUIL, seca al natural",34000,"UNIDADES","ECUADOR"
"8333","2022",4,"OFICINA PUESTO DE CONTROL MARITIMO - PROV. CONST. DEL CALLAO","VIGAS en I, con algún lado de madera, y algún proceso de la CRF 2",21700,"UNIDADES","CHINA"
"8334","2022",4,"OFICINA PUESTO DE CONTROL MARITIMO - PROV. CONST. DEL CALLAO","PINO, madera aserrada, con tratamiento de secado al horno o impregnación de sales",23150,"PAQUETES","BRASIL"
"8335","2022",4,"PUESTO DE CONTROL TERRESTRE DESAGUADERO","SOYA, torta",78000,"SACO(S)","BOLIVIA"
"8336","2022",4,"PUESTO DE CONTROL TERRESTRE DESAGUADERO","SOYA, torta",115000,"SACO(S)","BOLIVIA"
"8337","2022",4,"PUESTO DE CONTROL TERRESTRE DESAGUADERO","SOYA, torta",117000,"SACO(S)","BOLIVIA"
"8338","2022",4,"OFICINA PUESTO DE CONTROL AEREO -  PROV. CONST. DEL CALLAO","PALMA ACEITERA, semilla germinada",147,"CAJA(S)","INDONESIA"
"8339","2022",4,"OFICINA PUESTO DE CONTROL MARITIMO - PROV. CONST. DEL CALLAO","MADERA, carretes con algún proceso de la CRF 2",5.353,"UNIDADES","ALEMANIA"
"8340","2022",4,"OFICINA PUESTO DE CONTROL MARITIMO - PROV. CONST. DEL CALLAO","MADERA, paletas con algún proceso de la CRF 2",1.97,"UNIDADES","ALEMANIA"
"8341","2022",4,"OFICINA PUESTO DE CONTROL MARITIMO - PROV. CONST. DEL CALLAO","CAUCHO, hojas ahumadas",41000,"UNIDADES","VIETNAM"
"8342","2022",4,"PUESTO DE CONTROL TERRESTRE DESAGUADERO","SOYA, torta",56590,"GRANEL","BOLIVIA"
"8343","2022",4,"PUESTO DE CONTROL TERRESTRE DESAGUADERO","SOYA, torta",55400,"GRANEL","BOLIVIA"
"8344","2022",4,"PUESTO DE CONTROL TERRESTRE DESAGUADERO","SOYA, torta",114500,"GRANEL","BOLIVIA"
"8345","2022",4,"PUESTO DE CONTROL TERRESTRE DESAGUADERO","SOYA, harina",74707,"SACO(S)","BOLIVIA"
"8346","2022",4,"PUESTO DE CONTROL TERRESTRE DESAGUADERO","SOYA, harina",49378,"SACO(S)","BOLIVIA"
"8347","2022",4,"OFICINA PUESTO DE CONTROL MARITIMO - PROV. CONST. DEL CALLAO","ALGODON, fibra sin cardar ni peinar (>28.57 mm = o <34.92 mm)",79520,"FARDOS","EEUU"
"8348","2022",4,"PUESTO DE CONTROL TERRESTRE DESAGUADERO","SOYA, grano",30000,"SACO(S)","BOLIVIA"
"8349","2022",4,"OFICINA PUESTO DE CONTROL MARITIMO - PROV. CONST. DEL CALLAO","TRIGO, gluten",25000,"BOLSAS","CHINA"
"8350","2022",4,"OFICINA PUESTO DE CONTROL MARITIMO - PROV. CONST. DEL CALLAO","TRIGO, grano",9740810,"GRANEL","ARGENTINA"
"8351","2022",4,"OFICINA PUESTO DE CONTROL MARITIMO - PROV. CONST. DEL CALLAO","TRIGO, grano",2565860,"GRANEL","ARGENTINA"
"8352","2022",4,"OFICINA PUESTO DE CONTROL AEREO -  PROV. CONST. DEL CALLAO","LECHUGA, semilla",5.05,"SACHETS","BRASIL"
"8353","2022",4,"OFICINA PUESTO DE CONTROL AEREO -  PROV. CONST. DEL CALLAO","AJI PANCA (=AJI LIMO, AJI DULCE, AJI HABANERO), semilla",10.08,"SACHETS","BRASIL"
"8354","2022",4,"OFICINA PUESTO DE CONTROL MARITIMO - PROV. CONST. DEL CALLAO","MAIZ, harina",82200,"PACAS","COLOMBIA"
"8355","2022",4,"OFICINA PUESTO DE CONTROL AEREO -  PROV. CONST. DEL CALLAO","PEPINILLO, semilla",0.135,"SACHETS","EEUU"
"8356","2022",4,"PUERTO DE PAITA , PIURA","BANANA (CAVENDISH VALERY), fruta fresca",17414.4,"CAJA(S)","EEUU"
"8357","2022",4,"PUESTO DE CONTROL TERRESTRE DESAGUADERO","SOYA, harina",116000,"SACO(S)","BOLIVIA"
"8358","2022",4,"OFICINA PUESTO DE CONTROL MARITIMO - PROV. CONST. DEL CALLAO","MAIZ, harina",196000,"PAQUETES","COLOMBIA"
"8359","2022",4,"OFICINA PUESTO DE CONTROL MARITIMO - PROV. CONST. DEL CALLAO","MAIZ, harina",98000,"PAQUETES","COLOMBIA"
"8360","2022",4,"OFICINA PUESTO DE CONTROL MARITIMO - PROV. CONST. DEL CALLAO","ALGODON, fibra sin cardar ni peinar (>34.92 mm)",39750,"FARDOS","EEUU"
"8361","2022",4,"SANTA ROSA, TACNA","MANZANA, fruto fresco",20972,"CAJA(S)","CHILE"
"8362","2022",4,"SANTA ROSA, TACNA","TRACTOR AGRICOLA USADO, con motor de potencia superior a 33 kW pero inferior o igual a 75 kW",3080,"UNIDADES","CHINA"
"8363","2022",4,"SANTA ROSA, TACNA","TRACTOR AGRICOLA USADO, con motor de potencia superior a 33 kW pero inferior o igual a 75 kW",3080,"UNIDADES","CHINA"
"8364","2022",4,"SANTA ROSA, TACNA","TRACTOR AGRICOLA USADO, con motor de potencia superior a 33 kW pero inferior o igual a 75 kW",3080,"UNIDADES","CHINA"
"8365","2022",4,"SANTA ROSA, TACNA","TRACTOR AGRICOLA USADO, con motor de potencia superior a 33 kW pero inferior o igual a 75 kW",3080,"UNIDADES","CHINA"
"8366","2022",4,"SANTA ROSA, TACNA","TRACTOR AGRICOLA USADO, con motor de potencia superior a 33 kW pero inferior o igual a 75 kW",3080,"UNIDADES","CHINA"
"8367","2022",4,"SANTA ROSA, TACNA","TRACTOR AGRICOLA USADO, con motor de potencia superior a 33 kW pero inferior o igual a 75 kW",3080,"UNIDADES","CHINA"
"8368","2022",4,"SANTA ROSA, TACNA","TRACTOR AGRICOLA USADO, con motor de potencia superior a 33 kW pero inferior o igual a 75 kW",3080,"UNIDADES","CHINA"
"8369","2022",4,"PUESTO DE CONTROL TERRESTRE DESAGUADERO","SOYA, grano",28000,"GRANEL","BOLIVIA"
"8370","2022",4,"PUESTO DE CONTROL TERRESTRE DESAGUADERO","SOYA, torta",112960,"GRANEL","BOLIVIA"
"8371","2022",4,"PUESTO DE CONTROL TERRESTRE DESAGUADERO","SOYA, grano",142500,"GRANEL","BOLIVIA"
"8372","2022",4,"OFICINA PUESTO DE CONTROL MARITIMO - PROV. CONST. DEL CALLAO","MAIZ, semilla",55602,"BOLSAS","TAILANDIA"
"8373","2022",4,"PUESTO DE CONTROL TERRESTRE DESAGUADERO","SOYA, torta",53500,"GRANEL","BOLIVIA"
"8374","2022",4,"PUESTO DE CONTROL TERRESTRE DESAGUADERO","SOYA, torta",54500,"GRANEL","BOLIVIA"
"8375","2022",4,"OFICINA PUESTO DE CONTROL MARITIMO - PROV. CONST. DEL CALLAO","RESIDUO DE DESTILERIA",4563189,"GRANEL","EEUU"
"8376","2022",4,"PUESTO DE CONTROL TERRESTRE DESAGUADERO","SOYA, torta",113000,"SACO(S)","BOLIVIA"
"8377","2022",4,"PUESTO DE CONTROL TERRESTRE DESAGUADERO","SOYA, torta",112500,"SACO(S)","BOLIVIA"
"8378","2022",4,"OFICINA PUESTO DE CONTROL MARITIMO - PROV. CONST. DEL CALLAO","ALMENDRA, sin cáscara secado al natural",17990,"CAJA(S)","CHILE"
"8379","2022",4,"PUESTO DE CONTROL TERRESTRE DESAGUADERO","SOYA, torta",115000,"SACO(S)","BOLIVIA"
"8380","2022",4,"PUESTO DE CONTROL TERRESTRE DESAGUADERO","SOYA, torta",114500,"SACO(S)","BOLIVIA"
"8381","2022",4,"OFICINA PUESTO DE CONTROL AEREO -  PROV. CONST. DEL CALLAO","COLIFLOR, semilla",4.83,"SACO(S)","CHILE"
"8382","2022",4,"OFICINA PUESTO DE CONTROL AEREO -  PROV. CONST. DEL CALLAO","ARANDANO, planta in vitro",0.22,"FRASCO(S)","EEUU"
"8383","2022",4,"OFICINA PUESTO DE CONTROL MARITIMO - PROV. CONST. DEL CALLAO","CEBOLLA, triturada o pulverizada",707.616,"CAJA(S)","EEUU"
"8384","2022",4,"OFICINA PUESTO DE CONTROL MARITIMO - PROV. CONST. DEL CALLAO","PERA, fruta fresca",24078.6,"CAJA(S)","ARGENTINA"
"8385","2022",4,"PUESTO DE CONTROL- CEBAF","ROSA, flores frescas cortadas",6650,"CAJA(S)","ECUADOR"
"8386","2022",4,"PUESTO DE CONTROL- CEBAF","CLAVEL, flores frescas cortadas",1475,"CAJA(S)","ECUADOR"
"8387","2022",4,"OFICINA PUESTO DE CONTROL AEREO -  PROV. CONST. DEL CALLAO","CEDRO, fibra o con otro proceso de la CRF2",210,"SACO(S)","COLOMBIA"
"8388","2022",4,"OFICINA PUESTO DE CONTROL MARITIMO - PROV. CONST. DEL CALLAO","TRACTOR AGRICOLA USADO, con motor de potencia superior a 130KW",17811.39,"UNIDADES","EEUU"
"8389","2022",4,"PUESTO DE CONTROL TERRESTRE DESAGUADERO","SOYA, torta",116000,"SACO(S)","BOLIVIA"
"8390","2022",4,"OFICINA PUESTO DE CONTROL MARITIMO - PROV. CONST. DEL CALLAO","BAMBU, artículos de cestería obtenidos directamente en su forma con materia trenzable con algún proceso de la CRF 2",254.453,"CAJA(S)","EL SALVADOR"
"8391","2022",4,"OFICINA PUESTO DE CONTROL MARITIMO - PROV. CONST. DEL CALLAO","Los demas articulos de cesteria con algun proceso de CRF 2",60.189,"CAJA(S)","EL SALVADOR"
"8392","2022",4,"PUESTO DE CONTROL TERRESTRE DESAGUADERO","SOYA, torta",56000,"GRANEL","BOLIVIA"
"8393","2022",4,"PUESTO DE CONTROL TERRESTRE DESAGUADERO","SOYA, torta",84000,"GRANEL","BOLIVIA"
"8394","2022",4,"PUESTO DE CONTROL TERRESTRE DESAGUADERO","SOYA, harina",55157,"SACO(S)","BOLIVIA"
"8395","2022",4,"PUESTO DE CONTROL TERRESTRE DESAGUADERO","SOYA, torta",29000,"GRANEL","BOLIVIA"
"8396","2022",4,"PUESTO DE CONTROL TERRESTRE DESAGUADERO","SOYA, torta",87000,"GRANEL","BOLIVIA"
"8397","2022",4,"PUESTO DE CONTROL TERRESTRE DESAGUADERO","SOYA, torta",85000,"GRANEL","BOLIVIA"
"8398","2022",4,"PUESTO DE CONTROL TERRESTRE DESAGUADERO","SOYA, torta",28000,"GRANEL","BOLIVIA"
"8399","2022",4,"PUESTO DE CONTROL TERRESTRE DESAGUADERO","SOYA, torta",26000,"GRANEL","BOLIVIA"
"8400","2022",4,"PUESTO DE CONTROL TERRESTRE DESAGUADERO","SOYA, torta",84000,"GRANEL","BOLIVIA"
"8401","2022",4,"PUESTO DE CONTROL TERRESTRE DESAGUADERO","SOYA, torta",112000,"GRANEL","BOLIVIA"
"8402","2022",4,"PUESTO DE CONTROL TERRESTRE DESAGUADERO","SOYA, torta",25590,"GRANEL","BOLIVIA"
"8403","2022",4,"PUESTO DE CONTROL TERRESTRE DESAGUADERO","SOYA, torta",115000,"GRANEL","BOLIVIA"
"8404","2022",4,"OFICINA PUESTO DE CONTROL MARITIMO - PROV. CONST. DEL CALLAO","MAIZ, almidon",20475,"BOLSAS","ARGENTINA"
"8405","2022",4,"OFICINA PUESTO DE CONTROL MARITIMO - PROV. CONST. DEL CALLAO","MAIZ, almidon",41550,"BOLSAS","ARGENTINA"
"8406","2022",4,"PUESTO DE CONTROL TERRESTRE DESAGUADERO","SOYA, torta",86000,"GRANEL","BOLIVIA"
"8407","2022",4,"OFICINA PUESTO DE CONTROL MARITIMO - PROV. CONST. DEL CALLAO","CEBOLLA, triturada o pulverizada",261.274,"CAJA(S)","EEUU"
"8408","2022",4,"PUESTO DE CONTROL TERRESTRE DESAGUADERO","SOYA, torta",55640,"GRANEL","BOLIVIA"
"8409","2022",4,"PUESTO DE CONTROL TERRESTRE DESAGUADERO","SOYA, torta",86000,"SACO(S)","BOLIVIA"
"8410","2022",4,"OFICINA PUESTO DE CONTROL MARITIMO - PROV. CONST. DEL CALLAO","MAIZ REVENTON, grano",101600,"SACO(S)","ARGENTINA"
"8411","2022",4,"OFICINA PUESTO DE CONTROL MARITIMO - PROV. CONST. DEL CALLAO","PIMIENTA, molida",1816,"CAJA(S)","CHINA"
"8412","2022",4,"OFICINA PUESTO DE CONTROL MARITIMO - PROV. CONST. DEL CALLAO","CANELA, triturada o pulverizada (molida)",908,"CAJA(S)","CHINA"
"8413","2022",4,"OFICINA PUESTO DE CONTROL MARITIMO - PROV. CONST. DEL CALLAO","JENGIBRE (=KION), polvo",454,"CAJA(S)","CHINA"
"8414","2022",4,"OFICINA PUESTO DE CONTROL MARITIMO - PROV. CONST. DEL CALLAO","MANZANA, fruto fresco",18620,"CAJA(S)","EEUU"
"8415","2022",4,"OFICINA PUESTO DE CONTROL MARITIMO - PROV. CONST. DEL CALLAO","MANZANA, fruto fresco",18620,"CAJA(S)","EEUU"
"8416","2022",4,"OFICINA PUESTO DE CONTROL AEREO -  PROV. CONST. DEL CALLAO","ACHILLEA, semilla",0.0386,"SACHETS","ALEMANIA"
"8417","2022",4,"OFICINA PUESTO DE CONTROL AEREO -  PROV. CONST. DEL CALLAO","AQUILEGIA, semilla",0.0156,"SACHETS","ALEMANIA"
"8418","2022",4,"OFICINA PUESTO DE CONTROL AEREO -  PROV. CONST. DEL CALLAO","BEGONIA, semilla",0.00097,"SACHETS","ALEMANIA"
"8419","2022",4,"OFICINA PUESTO DE CONTROL AEREO -  PROV. CONST. DEL CALLAO","BEGONIA, semilla",0.0146,"SACHETS","ALEMANIA"
"8420","2022",4,"OFICINA PUESTO DE CONTROL AEREO -  PROV. CONST. DEL CALLAO","COSMOS, semilla",0.1606,"SACHETS","ALEMANIA"
"8421","2022",4,"OFICINA PUESTO DE CONTROL AEREO -  PROV. CONST. DEL CALLAO","COSMOS, semilla",0.2306,"SACHETS","ALEMANIA"
"8422","2022",4,"OFICINA PUESTO DE CONTROL AEREO -  PROV. CONST. DEL CALLAO","DALIA, semilla",0.3356,"SACHETS","ALEMANIA"
"8423","2022",4,"OFICINA PUESTO DE CONTROL AEREO -  PROV. CONST. DEL CALLAO","DELPHINIUM, semilla",0.0296,"SACHETS","ALEMANIA"
"8424","2022",4,"OFICINA PUESTO DE CONTROL AEREO -  PROV. CONST. DEL CALLAO","DELPHINIUM, semilla",0.0306,"SACHETS","ALEMANIA"
"8425","2022",4,"OFICINA PUESTO DE CONTROL AEREO -  PROV. CONST. DEL CALLAO","ECHINACEA, semilla",0.256,"SACHETS","ALEMANIA"
"8426","2022",4,"OFICINA PUESTO DE CONTROL AEREO -  PROV. CONST. DEL CALLAO","GOMFRENA, semilla",0.044,"SACHETS","ALEMANIA"
"8427","2022",4,"OFICINA PUESTO DE CONTROL AEREO -  PROV. CONST. DEL CALLAO","Impatiens, semilla",0.034,"SACHETS","ALEMANIA"
"8428","2022",4,"OFICINA PUESTO DE CONTROL AEREO -  PROV. CONST. DEL CALLAO","LAVANDULA, semilla",0.018,"SACHETS","ALEMANIA"
"8429","2022",4,"OFICINA PUESTO DE CONTROL AEREO -  PROV. CONST. DEL CALLAO","LUPINO, semilla",0.383,"SACHETS","ALEMANIA"
"8430","2022",4,"OFICINA PUESTO DE CONTROL AEREO -  PROV. CONST. DEL CALLAO","MIOSOTIS, semilla",0.019,"SACHETS","ALEMANIA"
"8431","2022",4,"OFICINA PUESTO DE CONTROL AEREO -  PROV. CONST. DEL CALLAO","PENSAMIENTO, semilla",0.122,"SACHETS","ALEMANIA"
"8432","2022",4,"OFICINA PUESTO DE CONTROL AEREO -  PROV. CONST. DEL CALLAO","PETUNIA, semilla",0.023,"SACHETS","ALEMANIA"
"8433","2022",4,"OFICINA PUESTO DE CONTROL AEREO -  PROV. CONST. DEL CALLAO","POPPY, semilla",0.0016,"SACHETS","ALEMANIA"
"8434","2022",4,"OFICINA PUESTO DE CONTROL AEREO -  PROV. CONST. DEL CALLAO","PORTULACA, semilla",0.011,"SACHETS","ALEMANIA"
"8435","2022",4,"OFICINA PUESTO DE CONTROL AEREO -  PROV. CONST. DEL CALLAO","PRIMULA, semilla",6e-04,"SACHETS","ALEMANIA"
"8436","2022",4,"OFICINA PUESTO DE CONTROL AEREO -  PROV. CONST. DEL CALLAO","RUDBECKIA, semilla",0.052,"SACHETS","ALEMANIA"
"8437","2022",4,"OFICINA PUESTO DE CONTROL AEREO -  PROV. CONST. DEL CALLAO","SALVIA, semilla",0.141,"SACHETS","ALEMANIA"
"8438","2022",4,"OFICINA PUESTO DE CONTROL AEREO -  PROV. CONST. DEL CALLAO","SALVIA, semilla",0.048,"SACHETS","ALEMANIA"
"8439","2022",4,"OFICINA PUESTO DE CONTROL AEREO -  PROV. CONST. DEL CALLAO","VERBENA, semilla",0.006,"SACHETS","ALEMANIA"
"8440","2022",4,"OFICINA PUESTO DE CONTROL AEREO -  PROV. CONST. DEL CALLAO","ZINNIA, semilla",0.148,"SACHETS","ALEMANIA"
"8441","2022",4,"OFICINA PUESTO DE CONTROL MARITIMO - PROV. CONST. DEL CALLAO","MEZCLAS, previstas en la Nota 1b) del capítulo 09, con algún proceso de la CRF2",6000,"CAJA(S)","ESPAÑA"
"8442","2022",4,"PUESTO DE CONTROL TERRESTRE DESAGUADERO","SOYA, torta",117000,"SACO(S)","BOLIVIA"
"8443","2022",4,"PUESTO DE CONTROL TERRESTRE DESAGUADERO","SOYA, torta",174000,"SACO(S)","BOLIVIA"
"8444","2022",4,"OFICINA PUESTO DE CONTROL MARITIMO - PROV. CONST. DEL CALLAO","LENTEJA, grano",97068,"BOLSAS","CANADA"
"8445","2022",4,"OFICINA PUESTO DE CONTROL MARITIMO - PROV. CONST. DEL CALLAO","MANZANA, fruto fresco",20148.8,"CAJA(S)","CHILE"
"8446","2022",4,"SANTA ROSA, TACNA","KIWI, fruto fresco",20160,"CAJA(S)","CHILE"
"8447","2022",4,"OFICINA PUESTO DE CONTROL MARITIMO - PROV. CONST. DEL CALLAO","TRIGO, grano",4674410,"GRANEL","ARGENTINA"
"8448","2022",4,"OFICINA PUESTO DE CONTROL MARITIMO - PROV. CONST. DEL CALLAO","BAMBU, trenzas y artículos similares, de materia trenzable, incluso ensamblados en tiras, materia trenzable, trenzas y artículos similares de materia trenzable, tejidos o paralelizados, en forma plana, con algún proceso de la CRF 2",313.17,"UNIDADES","CHINA"
"8449","2022",4,"PUESTO DE CONTROL TERRESTRE DESAGUADERO","SOYA, torta",55000,"GRANEL","BOLIVIA"
"8450","2022",4,"PUERTO DE SALAVERRY, LA LIBERTAD","SOYA, torta",10500000,"GRANEL","CHILE"
"8451","2022",4,"PUESTO DE CONTROL TERRESTRE DESAGUADERO","SOYA, torta",54800,"GRANEL","BOLIVIA"
"8452","2022",4,"PUESTO DE CONTROL- CEBAF","CAÑA DE GUAYAQUIL, seca al natural",32000,"UNIDADES","ECUADOR"
"8453","2022",4,"OFICINA PUESTO DE CONTROL MARITIMO - PROV. CONST. DEL CALLAO","PERA, fruta fresca",22680,"CAJA(S)","ARGENTINA"
"8454","2022",4,"OFICINA PUESTO DE CONTROL MARITIMO - PROV. CONST. DEL CALLAO","PERA, fruta fresca",22680,"CAJA(S)","ARGENTINA"
"8455","2022",4,"OFICINA PUESTO DE CONTROL MARITIMO - PROV. CONST. DEL CALLAO","PERA, fruta fresca",22680,"CAJA(S)","ARGENTINA"
"8456","2022",4,"OFICINA PUESTO DE CONTROL MARITIMO - PROV. CONST. DEL CALLAO","PERA, fruta fresca",22932,"CAJA(S)","ARGENTINA"
"8457","2022",4,"OFICINA PUESTO DE CONTROL MARITIMO - PROV. CONST. DEL CALLAO","PERA, fruta fresca",22932,"CAJA(S)","ARGENTINA"
"8458","2022",4,"OFICINA PUESTO DE CONTROL MARITIMO - PROV. CONST. DEL CALLAO","PERA, fruta fresca",22932,"CAJA(S)","ARGENTINA"
"8459","2022",4,"PUESTO DE CONTROL TERRESTRE DESAGUADERO","SOYA, torta",117000,"SACO(S)","BOLIVIA"
"8460","2022",4,"OFICINA PUESTO DE CONTROL MARITIMO - PROV. CONST. DEL CALLAO","AZUCAR CRUDA, sólido",99930,"SACO(S)","GUATEMALA"
"8461","2022",4,"OFICINA PUESTO DE CONTROL MARITIMO - PROV. CONST. DEL CALLAO","LENTEJA, grano",24721,"SACO(S)","CANADA"
"8462","2022",4,"OFICINA PUESTO DE CONTROL MARITIMO - PROV. CONST. DEL CALLAO","LENTEJA, grano",181708,"SACO(S)","CANADA"
"8463","2022",4,"OFICINA PUESTO DE CONTROL MARITIMO - PROV. CONST. DEL CALLAO","PAPA, fécula",44000,"BOLSAS","HOLANDA"
"8464","2022",4,"PUESTO DE CONTROL TERRESTRE DESAGUADERO","SOYA, grano",112500,"GRANEL","BOLIVIA"
"8465","2022",4,"SANTA ROSA, TACNA","UVA, fruta fresca",21120,"CAJA(S)","CHILE"
"8466","2022",4,"OFICINA PUESTO DE CONTROL MARITIMO - PROV. CONST. DEL CALLAO","ARVEJA, grano partido",99792,"SACO(S)","EEUU"
"8467","2022",4,"SANTA ROSA, TACNA","TRACTOR AGRICOLA USADO, con motor de potencia superior a 33 kW pero inferior o igual a 75 kW",3950,"UNIDADES","CHINA"
"8468","2022",4,"SANTA ROSA, TACNA","TRACTOR AGRICOLA USADO, con motor de potencia superior a 33 kW pero inferior o igual a 75 kW",4000,"UNIDADES","CHINA"
"8469","2022",4,"SANTA ROSA, TACNA","TRACTOR AGRICOLA USADO, con motor de potencia superior a 33 kW pero inferior o igual a 75 kW",4000,"UNIDADES","CHINA"
"8470","2022",4,"SANTA ROSA, TACNA","TRACTOR AGRICOLA USADO, con motor de potencia superior a 33 kW pero inferior o igual a 75 kW",4000,"UNIDADES","CHINA"
"8471","2022",4,"SANTA ROSA, TACNA","TRACTOR AGRICOLA USADO, con motor de potencia superior a 33 kW pero inferior o igual a 75 kW",3950,"UNIDADES","CHINA"
"8472","2022",4,"SANTA ROSA, TACNA","TRACTOR AGRICOLA USADO, con motor de potencia superior a 33 kW pero inferior o igual a 75 kW",4000,"UNIDADES","CHINA"
"8473","2022",4,"OFICINA PUESTO DE CONTROL MARITIMO - PROV. CONST. DEL CALLAO","TURBA",126304,"BIG BAG","SUECIA"
"8474","2022",4,"OFICINA PUESTO DE CONTROL MARITIMO - PROV. CONST. DEL CALLAO","TURBA",151759,"BIG BAG","SUECIA"
"8475","2022",4,"OFICINA PUESTO DE CONTROL MARITIMO - PROV. CONST. DEL CALLAO","TURBA",148600,"BIG BAG","SUECIA"
"8476","2022",4,"SANTA ROSA, TACNA","PERA, fruta fresca",15120,"CAJA(S)","CHILE"
"8477","2022",4,"SANTA ROSA, TACNA","KIWI, fruto fresco",7560,"CAJA(S)","CHILE"
"8478","2022",4,"SANTA ROSA, TACNA","MANZANA, fruto fresco",22320,"CAJA(S)","CHILE"
"8479","2022",4,"OFICINA PUESTO DE CONTROL MARITIMO - PROV. CONST. DEL CALLAO","MANZANA, fruto fresco",19551,"CAJA(S)","CHILE"
"8480","2022",4,"SANTA ROSA, TACNA","MANZANA, fruto fresco",22540,"CAJA(S)","CHILE"
"8481","2022",4,"OFICINA PUESTO DE CONTROL MARITIMO - PROV. CONST. DEL CALLAO","LENTEJA, grano",49442,"SACO(S)","CANADA"
"8482","2022",4,"PUESTO DE CONTROL TERRESTRE DESAGUADERO","SOYA, torta",115000,"SACO(S)","BOLIVIA"
"8483","2022",4,"SANTA ROSA, TACNA","MANZANA, fruto fresco",15680,"CAJA(S)","CHILE"
"8484","2022",4,"SANTA ROSA, TACNA","PERA, fruta fresca",8064,"CAJA(S)","CHILE"
"8485","2022",4,"SANTA ROSA, TACNA","KIWI, fruto fresco",20160,"CAJA(S)","CHILE"
"8486","2022",4,"OFICINA PUESTO DE CONTROL MARITIMO - PROV. CONST. DEL CALLAO","PERA, fruta fresca",21168,"CAJA(S)","CHILE"
"8487","2022",4,"OFICINA PUESTO DE CONTROL MARITIMO - PROV. CONST. DEL CALLAO","LENTEJA, grano",70715,"SACO(S)","EEUU"
"8488","2022",4,"SANTA ROSA, TACNA","MANZANA, fruto fresco",23520,"CAJA(S)","CHILE"
"8489","2022",4,"PUESTO DE CONTROL- CEBAF","CAÑA DE GUAYAQUIL, seca al natural",34000,"UNIDADES","ECUADOR"
"8490","2022",4,"PUESTO DE CONTROL TERRESTRE DESAGUADERO","SOYA, torta",85000,"GRANEL","BOLIVIA"
"8491","2022",4,"PUESTO DE CONTROL TERRESTRE DESAGUADERO","SOYA, torta",53260,"GRANEL","BOLIVIA"
"8492","2022",4,"PUESTO DE CONTROL TERRESTRE DESAGUADERO","SOYA, torta",57000,"GRANEL","BOLIVIA"
"8493","2022",4,"PUESTO DE CONTROL TERRESTRE DESAGUADERO","SOYA, torta",58000,"GRANEL","BOLIVIA"
"8494","2022",4,"IÑAPARI, MADRE DE DIOS","NUEZ DEL BRASIL, con cáscara seca al natural",28140,"SACO(S)","BRASIL"
"8495","2022",4,"IÑAPARI, MADRE DE DIOS","NUEZ DEL BRASIL, con cáscara seca al natural",28140,"SACO(S)","BRASIL"
"8496","2022",4,"IÑAPARI, MADRE DE DIOS","NUEZ DEL BRASIL, con cáscara seca al natural",28140,"SACO(S)","BRASIL"
"8497","2022",4,"IÑAPARI, MADRE DE DIOS","NUEZ DEL BRASIL, con cáscara seca al natural",28140,"SACO(S)","BRASIL"
"8498","2022",4,"IÑAPARI, MADRE DE DIOS","NUEZ DEL BRASIL, con cáscara seca al natural",28140,"SACO(S)","BRASIL"
"8499","2022",4,"OFICINA PUESTO DE CONTROL MARITIMO - PROV. CONST. DEL CALLAO","SOYA, grano",14319346,"GRANEL","EEUU"
"8500","2022",4,"SANTA ROSA, TACNA","KIWI, fruto fresco",20160,"CAJA(S)","CHILE"
"8501","2022",4,"PUERTO DE SALAVERRY, LA LIBERTAD","RESIDUO DE DESTILERIA",4563190,"GRANEL","EEUU"
"8502","2022",4,"OFICINA PUESTO DE CONTROL MARITIMO - PROV. CONST. DEL CALLAO","ACHIOTE, grano",49830,"SACO(S)","COSTA DE MARFIL"
"8503","2022",4,"PUESTO DE CONTROL- CEBAF","Las demás coniferas, las demas maderas aserradas o desbastadas longitudinalmente, cortada o desenrollada, incluso cepillada,lijada o unida por lo extremos, de espesor superior a 6 mm, con algun tratamiento de la CRF 2",46380,"PIEZAS","ECUADOR"
"8504","2022",4,"PUESTO DE CONTROL- CEBAF","AZUCAR CRUDA, sólido",150000,"SACO(S)","ECUADOR"
"8505","2022",4,"OFICINA PUESTO DE CONTROL MARITIMO - PROV. CONST. DEL CALLAO","TRACTOR AGRICOLA USADO, con motor de potencia superior a 130KW",13807.3,"UNIDADES","EEUU"
"8506","2022",4,"OFICINA PUESTO DE CONTROL MARITIMO - PROV. CONST. DEL CALLAO","ALGODON, fibra sin cardar ni peinar (>34.92 mm)",76550,"FARDOS","EEUU"
"8507","2022",4,"SANTA ROSA, TACNA","TRACTOR AGRICOLA USADO, con motor de potencia superior a 33 kW pero inferior o igual a 75 kW",4000,"UNIDADES","CHINA"
"8508","2022",4,"SANTA ROSA, TACNA","TRACTOR AGRICOLA USADO, con motor de potencia superior a 33 kW pero inferior o igual a 75 kW",3950,"UNIDADES","CHINA"
"8509","2022",4,"SANTA ROSA, TACNA","TRACTOR AGRICOLA USADO, con motor de potencia superior a 33 kW pero inferior o igual a 75 kW",4000,"UNIDADES","CHINA"
"8510","2022",4,"SANTA ROSA, TACNA","TRACTOR AGRICOLA USADO, con motor de potencia superior a 33 kW pero inferior o igual a 75 kW",3950,"UNIDADES","CHINA"
"8511","2022",4,"SANTA ROSA, TACNA","TRACTOR AGRICOLA USADO, con motor de potencia superior a 33 kW pero inferior o igual a 75 kW",4000,"UNIDADES","CHINA"
"8512","2022",4,"SANTA ROSA, TACNA","TRACTOR AGRICOLA USADO, con motor de potencia superior a 33 kW pero inferior o igual a 75 kW",4000,"UNIDADES","CHINA"
"8513","2022",4,"OFICINA PUESTO DE CONTROL MARITIMO - PROV. CONST. DEL CALLAO","ARVEJA, grano partido",99792,"SACO(S)","EEUU"
"8514","2022",4,"OFICINA PUESTO DE CONTROL MARITIMO - PROV. CONST. DEL CALLAO","AZUCAR CRUDA, sólido",225000,"SACO(S)","COLOMBIA"
"8515","2022",4,"PUERTO DE PISCO , ICA","PINO, madera aserrada, con tratamiento de secado al horno o impregnación de sales",249679,"FARDOS","BRASIL"
"8516","2022",4,"SANTA ROSA, TACNA","MANZANA, fruto fresco",22344,"CAJA(S)","CHILE"
"8517","2022",4,"OFICINA PUESTO DE CONTROL MARITIMO - PROV. CONST. DEL CALLAO","MAIZ, harina",24000,"PACAS","COLOMBIA"
"8518","2022",4,"PUESTO DE CONTROL TERRESTRE DESAGUADERO","SOYA, torta",54500,"GRANEL","BOLIVIA"
"8519","2022",4,"PUESTO DE CONTROL TERRESTRE DESAGUADERO","SOYA, torta",83600,"GRANEL","BOLIVIA"
"8520","2022",4,"OFICINA PUESTO DE CONTROL MARITIMO - PROV. CONST. DEL CALLAO","ARROZ, grano pilado",125000,"SACO(S)","URUGUAY"
"8521","2022",4,"OFICINA PUESTO DE CONTROL AEREO -  PROV. CONST. DEL CALLAO","LECHUGA, semilla",0.074,"LATAS","HOLANDA"
"8522","2022",4,"OFICINA PUESTO DE CONTROL AEREO -  PROV. CONST. DEL CALLAO","LECHUGA, semilla",0.019,"SACHETS","HOLANDA"
"8523","2022",4,"OFICINA PUESTO DE CONTROL MARITIMO - PROV. CONST. DEL CALLAO","HARINA, de los demas cereales",26000,"SACO(S)","CHILE"
"8524","2022",4,"OFICINA PUESTO DE CONTROL MARITIMO - PROV. CONST. DEL CALLAO","TURBA",42520,"FARDOS","CANADA"
"8525","2022",4,"OFICINA PUESTO DE CONTROL MARITIMO - PROV. CONST. DEL CALLAO","ARVEJA, grano partido",217087,"SACO(S)","EEUU"
"8526","2022",4,"SANTA ROSA, TACNA","TRACTOR AGRICOLA USADO, con motor de potencia superior a 33 kW pero inferior o igual a 75 kW",4000,"UNIDADES","HOLANDA"
"8527","2022",4,"SANTA ROSA, TACNA","TRACTOR AGRICOLA USADO, con motor de potencia superior a 33 kW pero inferior o igual a 75 kW",4000,"UNIDADES","HOLANDA"
"8528","2022",4,"SANTA ROSA, TACNA","TRACTOR AGRICOLA USADO, con motor de potencia superior a 33 kW pero inferior o igual a 75 kW",4000,"UNIDADES","HOLANDA"
"8529","2022",4,"SANTA ROSA, TACNA","TRACTOR AGRICOLA USADO, con motor de potencia superior a 33 kW pero inferior o igual a 75 kW",4000,"UNIDADES","HOLANDA"
"8530","2022",4,"OFICINA PUESTO DE CONTROL MARITIMO - PROV. CONST. DEL CALLAO","MAIZ, semilla",44570,"BOLSAS","TAILANDIA"
"8531","2022",4,"PUESTO DE CONTROL TERRESTRE DESAGUADERO","SOYA, torta",115500,"SACO(S)","BOLIVIA"
"8532","2022",4,"PUESTO DE CONTROL TERRESTRE DESAGUADERO","SOYA, torta",84000,"GRANEL","BOLIVIA"
"8533","2022",4,"PUESTO DE CONTROL TERRESTRE DESAGUADERO","SOYA, torta",54510,"GRANEL","BOLIVIA"
"8534","2022",4,"PUESTO DE CONTROL TERRESTRE DESAGUADERO","SOYA, torta",54000,"GRANEL","BOLIVIA"
"8535","2022",4,"OFICINA PUESTO DE CONTROL AEREO -  PROV. CONST. DEL CALLAO","CAFE, molido",3,"BOLSAS",NA
"8536","2022",4,"PUESTO DE CONTROL TERRESTRE DESAGUADERO","SOYA, torta",27000,"GRANEL","BOLIVIA"
"8537","2022",4,"PUESTO DE CONTROL TERRESTRE DESAGUADERO","SOYA, harina",112000,"SACO(S)","BOLIVIA"
"8538","2022",4,"OFICINA PUESTO DE CONTROL MARITIMO - PROV. CONST. DEL CALLAO","MIMBRE, artículos de cestería (canasta, cestos u otros)",84.6,"CAJA(S)","EL SALVADOR"
"8539","2022",4,"OFICINA PUESTO DE CONTROL MARITIMO - PROV. CONST. DEL CALLAO","LENTEJA, grano",119068,"SACO(S)","CANADA"
"8540","2022",4,"OFICINA PUESTO DE CONTROL MARITIMO - PROV. CONST. DEL CALLAO","SOYA, torta",17594888,"GRANEL","EEUU"
"8541","2022",4,"OFICINA PUESTO DE CONTROL MARITIMO - PROV. CONST. DEL CALLAO","MAIZ REVENTON, grano",78000,"BOLSAS","ARGENTINA"
"8542","2022",4,"OFICINA PUESTO DE CONTROL AEREO -  PROV. CONST. DEL CALLAO","COCO, rallado seco industrial",1.09,"BOLSAS","EEUU"
"8543","2022",4,"PUESTO DE CONTROL TERRESTRE DESAGUADERO","SOYA, harina",143500,"SACO(S)","BOLIVIA"
"8544","2022",4,"OFICINA PUESTO DE CONTROL MARITIMO - PROV. CONST. DEL CALLAO","PERA, fruta fresca",23940,"CAJA(S)","ARGENTINA"
"8545","2022",4,"SANTA ROSA, TACNA","MANZANA, fruto fresco",23520,"CAJA(S)","CHILE"
"8546","2022",4,"PUERTO DE MATARANI , AREQUIPA","AZUCAR BLANCA O REFINADA (lectura polarimetrica mayor 99.5°)",530000,"SACO(S)","GUATEMALA"
"8547","2022",4,"OFICINA PUESTO DE CONTROL AEREO -  PROV. CONST. DEL CALLAO","LECHUGA, semilla",0.064,"SACHETS","HOLANDA"
"8548","2022",4,"OFICINA PUESTO DE CONTROL AEREO -  PROV. CONST. DEL CALLAO","ROSA, flores frescas cortadas",113,"CAJA(S)","COLOMBIA"
"8549","2022",4,"OFICINA PUESTO DE CONTROL AEREO -  PROV. CONST. DEL CALLAO","CLAVEL, flores frescas cortadas",124.9,"CAJA(S)","COLOMBIA"
"8550","2022",4,"SANTA ROSA, TACNA","PERA, fruta fresca",6174,"CAJA(S)","CHILE"
"8551","2022",4,"SANTA ROSA, TACNA","MANZANA, fruto fresco",16660,"CAJA(S)","CHILE"
"8552","2022",4,"PUESTO DE CONTROL TERRESTRE DESAGUADERO","SOYA, grano",75000,"GRANEL","BOLIVIA"
"8553","2022",4,"PUESTO DE CONTROL TERRESTRE DESAGUADERO","SOYA, grano",82500,"GRANEL","BOLIVIA"
"8554","2022",4,"PUESTO DE CONTROL TERRESTRE DESAGUADERO","SOYA, grano",57500,"GRANEL","BOLIVIA"
"8555","2022",4,"PUESTO DE CONTROL TERRESTRE DESAGUADERO","SOYA, grano",56000,"GRANEL","BOLIVIA"
"8556","2022",4,"OFICINA PUESTO DE CONTROL AEREO -  PROV. CONST. DEL CALLAO","MAIZ, semilla",65.6,"BOLSAS","MEXICO"
"8557","2022",4,"OFICINA PUESTO DE CONTROL MARITIMO - PROV. CONST. DEL CALLAO","TRIGO, gluten",40000,"BOLSAS","BELGICA"
"8558","2022",4,"PUESTO DE CONTROL TERRESTRE DESAGUADERO","SOYA, torta",115000,"SACO(S)","BOLIVIA"
"8559","2022",4,"PUESTO DE CONTROL TERRESTRE DESAGUADERO","SOYA, torta",114500,"SACO(S)","BOLIVIA"
"8560","2022",4,"PUESTO DE CONTROL TERRESTRE DESAGUADERO","SOYA, torta",115000,"SACO(S)","BOLIVIA"
"8561","2022",4,"PUESTO DE CONTROL TERRESTRE DESAGUADERO","SOYA, torta",115500,"SACO(S)","BOLIVIA"
"8562","2022",4,"PUESTO DE CONTROL TERRESTRE DESAGUADERO","AZUCAR BLANCA O REFINADA (lectura polarimetrica mayor 99.5°)",142500,"SACO(S)","BOLIVIA"
"8563","2022",4,"OFICINA PUESTO DE CONTROL MARITIMO - PROV. CONST. DEL CALLAO","AVENA, grano mondado, perlado, troceado o quebrantado",150000,"SACO(S)","CHILE"
"8564","2022",4,"OFICINA PUESTO DE CONTROL AEREO -  PROV. CONST. DEL CALLAO","TOMATE, semilla",1.46,"CAJA(S)","ITALIA"
"8565","2022",4,"OFICINA PUESTO DE CONTROL MARITIMO - PROV. CONST. DEL CALLAO","LENTEJA, grano",23133,"SACO(S)","EEUU"
"8566","2022",4,"SANTA ROSA, TACNA","MANZANA, fruto fresco",23520,"CAJA(S)","CHILE"
"8567","2022",4,"OFICINA PUESTO DE CONTROL AEREO -  PROV. CONST. DEL CALLAO","MAIZ, semilla",24.82,"SOBRES","EEUU"
"8568","2022",4,"OFICINA PUESTO DE CONTROL AEREO -  PROV. CONST. DEL CALLAO","CANELA, triturada o pulverizada (molida)",0.24,"SACHETS","MEXICO"
"8569","2022",4,"OFICINA PUESTO DE CONTROL MARITIMO - PROV. CONST. DEL CALLAO","ARROZ, grano pilado",125000,"SACO(S)","URUGUAY"
"8570","2022",4,"PUERTO DE PISCO , ICA","PINO, madera aserrada con algun proceso de la CRF 2",95016,"PAQUETES","BRASIL"
"8571","2022",4,"OFICINA PUESTO DE CONTROL MARITIMO - PROV. CONST. DEL CALLAO","AVENA, grano mondado, perlado, troceado o quebrantado",96000,"SACO(S)","CHILE"
"8572","2022",4,"SANTA ROSA, TACNA","MANZANA, fruto fresco",22540,"CAJA(S)","CHILE"
"8573","2022",4,"SANTA ROSA, TACNA","PERA, fruta fresca",1008,"CAJA(S)","CHILE"
"8574","2022",4,"OFICINA PUESTO DE CONTROL MARITIMO - PROV. CONST. DEL CALLAO","PINO, madera aserrada con algún proceso de la CRF2",39346,"PAQUETES","CHILE"
"8575","2022",4,"SANTA ROSA, TACNA","PERA, fruta fresca",23184,"CAJA(S)","CHILE"
"8576","2022",4,"PUESTO DE CONTROL TERRESTRE DESAGUADERO","FREJOL, grano",29000,"SACO(S)","BOLIVIA"
"8577","2022",4,"PUESTO DE CONTROL TERRESTRE DESAGUADERO","SOYA, grano",12500,"SACO(S)","BOLIVIA"
"8578","2022",4,"PUESTO DE CONTROL TERRESTRE DESAGUADERO","SOYA, torta",79000,"GRANEL","BOLIVIA"
"8579","2022",4,"PUESTO DE CONTROL TERRESTRE DESAGUADERO","SOYA, torta",53020,"GRANEL","BOLIVIA"
"8580","2022",4,"PUESTO DE CONTROL TERRESTRE DESAGUADERO","FREJOL NEGRO, grano",16850,"SACO(S)","BOLIVIA"
"8581","2022",4,"OFICINA PUESTO DE CONTROL MARITIMO - PROV. CONST. DEL CALLAO","TRIGO, gluten",24000,"BOLSAS","ALEMANIA"
"8582","2022",4,"SANTA ROSA, TACNA","MANZANA, fruto fresco",7840,"CAJA(S)","CHILE"
"8583","2022",4,"SANTA ROSA, TACNA","PERA, fruta fresca",8064,"CAJA(S)","CHILE"
"8584","2022",4,"SANTA ROSA, TACNA","KIWI, fruto fresco",6720,"CAJA(S)","CHILE"
"8585","2022",4,"PUESTO DE CONTROL TERRESTRE DESAGUADERO","SOYA, torta",202000,"SACO(S)","BOLIVIA"
"8586","2022",4,"SANTA ROSA, TACNA","MANZANA, fruto fresco",20090,"CAJA(S)","CHILE"
"8587","2022",4,"OFICINA PUESTO DE CONTROL MARITIMO - PROV. CONST. DEL CALLAO","AVENA, grano aplastado o en copos (hojuelas)",2898,"CAJA(S)","ALEMANIA"
"8588","2022",4,"PUESTO DE CONTROL TERRESTRE DESAGUADERO","SOYA, torta",58000,"GRANEL","BOLIVIA"
"8589","2022",4,"PUESTO DE CONTROL TERRESTRE DESAGUADERO","SOYA, torta",84000,"GRANEL","BOLIVIA"
"8590","2022",4,"PUESTO DE CONTROL TERRESTRE DESAGUADERO","SOYA, torta",50000,"GRANEL","BOLIVIA"
"8591","2022",4,"PUESTO DE CONTROL TERRESTRE DESAGUADERO","SOYA, torta",28500,"GRANEL","BOLIVIA"
"8592","2022",4,"PUESTO DE CONTROL TERRESTRE DESAGUADERO","SOYA, torta",54500,"GRANEL","BOLIVIA"
"8593","2022",4,"PUESTO DE CONTROL TERRESTRE DESAGUADERO","SOYA, torta",27000,"GRANEL","BOLIVIA"
"8594","2022",4,"PUESTO DE CONTROL- CEBAF","CAÑA DE GUAYAQUIL, seca al natural",34000,"UNIDADES","ECUADOR"
"8595","2022",4,"OFICINA PUESTO DE CONTROL MARITIMO - PROV. CONST. DEL CALLAO","PINO, madera aserrada con algún proceso de la CRF2",174470,"PAQUETES","CHILE"
"8596","2022",4,"OFICINA PUESTO DE CONTROL MARITIMO - PROV. CONST. DEL CALLAO","NARANJA, fruto fresco",16960,"CAJA(S)","EEUU"
"8597","2022",4,"OFICINA PUESTO DE CONTROL MARITIMO - PROV. CONST. DEL CALLAO","PERA, fruta fresca",22680,"CAJA(S)","ARGENTINA"
"8598","2022",4,"OFICINA PUESTO DE CONTROL MARITIMO - PROV. CONST. DEL CALLAO","PERA, fruta fresca",22680,"CAJA(S)","ARGENTINA"
"8599","2022",4,"OFICINA PUESTO DE CONTROL MARITIMO - PROV. CONST. DEL CALLAO","PERA, fruta fresca",22680,"CAJA(S)","ARGENTINA"
"8600","2022",4,"OFICINA PUESTO DE CONTROL MARITIMO - PROV. CONST. DEL CALLAO","ALGODON, fibra sin cardar ni peinar (>22.22 mm = o <28.57 mm)",19773,"FARDOS","EEUU"
"8601","2022",4,"OFICINA PUESTO DE CONTROL MARITIMO - PROV. CONST. DEL CALLAO","ALGODON, fibra sin cardar ni peinar (>22.22 mm = o <28.57 mm)",162632,"FARDOS","EEUU"
"8602","2022",4,"OFICINA PUESTO DE CONTROL MARITIMO - PROV. CONST. DEL CALLAO","ALGODON, fibra sin cardar ni peinar (>22.22 mm = o <28.57 mm)",117113,"FARDOS","EEUU"
"8603","2022",4,"OFICINA PUESTO DE CONTROL MARITIMO - PROV. CONST. DEL CALLAO","LENTEJA, grano",78246,"SACO(S)","CANADA"
"8604","2022",4,"OFICINA PUESTO DE CONTROL MARITIMO - PROV. CONST. DEL CALLAO","ALGODON, fibra sin cardar ni peinar (>22.22 mm = o <28.57 mm)",80099,"FARDOS","EEUU"
"8605","2022",4,"OFICINA PUESTO DE CONTROL MARITIMO - PROV. CONST. DEL CALLAO","PINO, madera aserrada con algún proceso de la CRF2",68371.5,"PAQUETES","CHILE"
"8606","2022",4,"OFICINA PUESTO DE CONTROL MARITIMO - PROV. CONST. DEL CALLAO","MADERA, monturas y mangos de herramientas, monturas y mangos de cepillos, brochas o escobas, de madera; hormas, ensanchadores y tensores del calzado, de madera ; con algún proceso de la CRF 2",163.917,"PIEZAS","MEXICO"
"8607","2022",4,"OFICINA PUESTO DE CONTROL MARITIMO - PROV. CONST. DEL CALLAO","PINO, madera aserrada con algún proceso de la CRF2",432903,"PAQUETES","CHILE"
"8608","2022",4,"PUESTO DE CONTROL TERRESTRE DESAGUADERO","MANI, grano sin cáscara",87000,"SACO(S)","BOLIVIA"
"8609","2022",4,"OFICINA PUESTO DE CONTROL MARITIMO - PROV. CONST. DEL CALLAO","MADERA, monturas y mangos de herramientas, monturas y mangos de cepillos, brochas o escobas, de madera; hormas, ensanchadores y tensores del calzado, de madera ; con algún proceso de la CRF 2",0.255,"PIEZAS","MEXICO"
"8610","2022",4,"OFICINA PUESTO DE CONTROL MARITIMO - PROV. CONST. DEL CALLAO","MADERA, encofrados para hormigon, de madera con algún proceso de la CRF2
",8016,"PIEZAS","ALEMANIA"
"8611","2022",4,"OFICINA PUESTO DE CONTROL AEREO -  PROV. CONST. DEL CALLAO","SANDIA, semilla",0.559,"SACHETS","CHILE"
"8612","2022",4,"OFICINA PUESTO DE CONTROL MARITIMO - PROV. CONST. DEL CALLAO","GARBANZO, grano",26000,"SACO(S)","MEXICO"
"8613","2022",4,"OFICINA PUESTO DE CONTROL AEREO -  PROV. CONST. DEL CALLAO","MIJO, grano",0.3,"BOLSAS","CHINA"
"8614","2022",4,"OFICINA PUESTO DE CONTROL AEREO -  PROV. CONST. DEL CALLAO","LUPULO, pellets",270,"PALETAS","ALEMANIA"
"8615","2022",4,"PUESTO DE CONTROL TERRESTRE DESAGUADERO","SOYA, torta",112000,"GRANEL","BOLIVIA"
"8616","2022",4,"PUESTO DE CONTROL TERRESTRE DESAGUADERO","SOYA, torta",81500,"GRANEL","BOLIVIA"
"8617","2022",4,"PUESTO DE CONTROL TERRESTRE DESAGUADERO","SOYA, torta",112100,"GRANEL","BOLIVIA"
"8618","2022",4,"PUESTO DE CONTROL TERRESTRE DESAGUADERO","SOYA, torta",56000,"GRANEL","BOLIVIA"
"8619","2022",4,"PUESTO DE CONTROL TERRESTRE DESAGUADERO","SOYA, torta",48000,"GRANEL","BOLIVIA"
"8620","2022",4,"PUESTO DE CONTROL TERRESTRE DESAGUADERO","SOYA, torta",56000,"GRANEL","BOLIVIA"
"8621","2022",4,"PUESTO DE CONTROL TERRESTRE DESAGUADERO","SOYA, torta",56000,"GRANEL","BOLIVIA"
"8622","2022",4,"PUESTO DE CONTROL TERRESTRE DESAGUADERO","SOYA, torta",84000,"GRANEL","BOLIVIA"
"8623","2022",4,"PUESTO DE CONTROL TERRESTRE DESAGUADERO","SOYA, torta",84000,"GRANEL","BOLIVIA"
"8624","2022",4,"PUESTO DE CONTROL TERRESTRE DESAGUADERO","SOYA, torta",112000,"GRANEL","BOLIVIA"
"8625","2022",4,"PUESTO DE CONTROL TERRESTRE DESAGUADERO","SOYA, torta",28500,"GRANEL","BOLIVIA"
"8626","2022",4,"PUESTO DE CONTROL TERRESTRE DESAGUADERO","SOYA, torta",58000,"GRANEL","BOLIVIA"
"8627","2022",4,"OFICINA PUESTO DE CONTROL MARITIMO - PROV. CONST. DEL CALLAO","FREJOL CANARIO, grano",43870,"SACO(S)","MEXICO"
"8628","2022",4,"OFICINA PUESTO DE CONTROL MARITIMO - PROV. CONST. DEL CALLAO","SOYA, grano",17986150,"GRANEL","EEUU"
"8629","2022",4,"OFICINA PUESTO DE CONTROL MARITIMO - PROV. CONST. DEL CALLAO","MAIZ AMARILLO DURO, grano",15251040,"GRANEL","EEUU"
"8630","2022",4,"SANTA ROSA, TACNA","FREJOL, grano",78000,"BOLSAS","ARGENTINA"
"8631","2022",4,"PUESTO DE CONTROL TERRESTRE DESAGUADERO","SOYA, harina",145000,"SACO(S)","BOLIVIA"
"8632","2022",4,"PUESTO DE CONTROL TERRESTRE DESAGUADERO","SOYA, torta",173000,"SACO(S)","BOLIVIA"
"8633","2022",4,"PUESTO DE CONTROL TERRESTRE DESAGUADERO","SOYA, torta",175000,"SACO(S)","BOLIVIA"
"8634","2022",4,"PUESTO DE CONTROL TERRESTRE DESAGUADERO","SOYA, torta",116500,"SACO(S)","BOLIVIA"
"8635","2022",4,"PUESTO DE CONTROL TERRESTRE DESAGUADERO","SOYA, torta",204000,"SACO(S)","BOLIVIA"
"8636","2022",4,"PUESTO DE CONTROL TERRESTRE DESAGUADERO","SOYA, torta",174000,"SACO(S)","BOLIVIA"
"8637","2022",4,"OFICINA PUESTO DE CONTROL MARITIMO - PROV. CONST. DEL CALLAO","MANZANA, fruto fresco",17752,"CAJA(S)","CHILE"
"8638","2022",4,"SANTA ROSA, TACNA","MANZANA, fruto fresco",19600,"CAJA(S)","CHILE"
"8639","2022",4,"SANTA ROSA, TACNA","PERA, fruta fresca",4032,"CAJA(S)","CHILE"
"8640","2022",4,"OFICINA PUESTO DE CONTROL MARITIMO - PROV. CONST. DEL CALLAO","TOMATE, semilla",100,"SACHETS","EEUU"
"8641","2022",4,"OFICINA PUESTO DE CONTROL MARITIMO - PROV. CONST. DEL CALLAO","CEBOLLA CHINA, semilla",99.5,"SACHETS","EEUU"
"8642","2022",4,"OFICINA PUESTO DE CONTROL MARITIMO - PROV. CONST. DEL CALLAO","BROCOLI, semilla",150,"SACHETS","EEUU"
"8643","2022",4,"OFICINA PUESTO DE CONTROL MARITIMO - PROV. CONST. DEL CALLAO","COL CHINA, semilla",99,"SACHETS","EEUU"
"8644","2022",4,"OFICINA PUESTO DE CONTROL MARITIMO - PROV. CONST. DEL CALLAO","COL, semilla",180,"SACHETS","EEUU"
"8645","2022",4,"OFICINA PUESTO DE CONTROL MARITIMO - PROV. CONST. DEL CALLAO","NABO, semilla",150,"SACHETS","EEUU"
"8646","2022",4,"OFICINA PUESTO DE CONTROL MARITIMO - PROV. CONST. DEL CALLAO","LECHUGA, semilla",199.5,"SACHETS","EEUU"
"8647","2022",4,"OFICINA PUESTO DE CONTROL MARITIMO - PROV. CONST. DEL CALLAO","APIO, semilla",99.5,"SACHETS","EEUU"
"8648","2022",4,"OFICINA PUESTO DE CONTROL MARITIMO - PROV. CONST. DEL CALLAO","ESPARRAGO, semilla",100,"SACHETS","EEUU"
"8649","2022",4,"OFICINA PUESTO DE CONTROL MARITIMO - PROV. CONST. DEL CALLAO","ESPINACA, semilla",200,"SACHETS","EEUU"
"8650","2022",4,"OFICINA PUESTO DE CONTROL MARITIMO - PROV. CONST. DEL CALLAO","PEPINILLO, semilla",150,"SACHETS","EEUU"
"8651","2022",4,"OFICINA PUESTO DE CONTROL MARITIMO - PROV. CONST. DEL CALLAO","PEREJIL, semilla",100,"SACHETS","EEUU"
"8652","2022",4,"OFICINA PUESTO DE CONTROL MARITIMO - PROV. CONST. DEL CALLAO","SANDIA, semilla",80,"SACHETS","EEUU"
"8653","2022",4,"OFICINA PUESTO DE CONTROL MARITIMO - PROV. CONST. DEL CALLAO","ZANAHORIA, semilla",850,"SACHETS","EEUU"
"8654","2022",4,"OFICINA PUESTO DE CONTROL MARITIMO - PROV. CONST. DEL CALLAO","BERMUDA, semilla",794.3,"SACO(S)","EEUU"
"8655","2022",4,"SANTA ROSA, TACNA","MANZANA, fruto fresco",18620,"CAJA(S)","CHILE"
"8656","2022",4,"OFICINA PUESTO DE CONTROL AEREO -  PROV. CONST. DEL CALLAO","LUPULO, pellets",9.96,"UNIDADES",NA
"8657","2022",4,"SANTA ROSA, TACNA","PERA, fruta fresca",5040,"CAJA(S)","CHILE"
"8658","2022",4,"PUESTO DE CONTROL TERRESTRE DESAGUADERO","SOYA, torta",28000,"GRANEL","BOLIVIA"
"8659","2022",4,"PUESTO DE CONTROL- CEBAF","AZUCAR CRUDA, sólido",150000,"SACO(S)","ECUADOR"
"8660","2022",4,"OFICINA PUESTO DE CONTROL MARITIMO - PROV. CONST. DEL CALLAO","LENTEJA, grano",78246,"SACO(S)","CANADA"
"8661","2022",4,"OFICINA PUESTO DE CONTROL MARITIMO - PROV. CONST. DEL CALLAO","TRIGO, grano",4426890,"GRANEL","EEUU"
"8662","2022",4,"OFICINA PUESTO DE CONTROL MARITIMO - PROV. CONST. DEL CALLAO","TRIGO, grano",798612,"GRANEL","EEUU"
"8663","2022",4,"PUESTO DE CONTROL TERRESTRE DESAGUADERO","SOYA, grano",87000,"SACO(S)","BOLIVIA"
"8664","2022",4,"OFICINA PUESTO DE CONTROL MARITIMO - PROV. CONST. DEL CALLAO","TRIGO, grano",1.7e+07,"GRANEL","ARGENTINA"
"8665","2022",4,"PUESTO DE CONTROL TERRESTRE DESAGUADERO","MANI, grano sin cáscara",87000,"SACO(S)","BOLIVIA"
"8666","2022",4,"PUESTO DE CONTROL TERRESTRE DESAGUADERO","SOYA, harina",174000,"SACO(S)","BOLIVIA"
"8667","2022",4,"PUERTO DE SALAVERRY, LA LIBERTAD","SOYA, torta",3300000,"GRANEL","CHILE"
"8668","2022",4,"PUESTO DE CONTROL TERRESTRE DESAGUADERO","SOYA, torta",174000,"SACO(S)","BOLIVIA"
"8669","2022",4,"PUESTO DE CONTROL TERRESTRE DESAGUADERO","SOYA, harina",116000,"SACO(S)","BOLIVIA"
"8670","2022",4,"PUESTO DE CONTROL TERRESTRE DESAGUADERO","SOYA, torta",175500,"SACO(S)","BOLIVIA"
"8671","2022",4,"PUESTO DE CONTROL TERRESTRE DESAGUADERO","SOYA, torta",175500,"SACO(S)","BOLIVIA"
"8672","2022",4,"PUESTO DE CONTROL TERRESTRE DESAGUADERO","SOYA, torta",177000,"SACO(S)","BOLIVIA"
"8673","2022",4,"OFICINA PUESTO DE CONTROL AEREO -  PROV. CONST. DEL CALLAO","MAIZ, semilla",242,"SOBRES","CHILE"
"8674","2022",4,"PUERTO DE PAITA , PIURA","SOYA, pellets",3100000,"GRANEL","CHILE"
"8675","2022",4,"PUESTO DE CONTROL TERRESTRE DESAGUADERO","SOYA, harina",146000,"SACO(S)","BOLIVIA"
"8676","2022",4,"PUESTO DE CONTROL TERRESTRE DESAGUADERO","SOYA, torta",56340,"GRANEL","BOLIVIA"
"8677","2022",4,"PUESTO DE CONTROL TERRESTRE DESAGUADERO","SOYA, torta",28000,"GRANEL","BOLIVIA"
"8678","2022",4,"PUESTO DE CONTROL TERRESTRE DESAGUADERO","AZUCAR BLANCA O REFINADA (lectura polarimetrica mayor 99.5°)",120000,"SACO(S)","BOLIVIA"
"8679","2022",4,"SANTA ROSA, TACNA","MANZANA, fruto fresco",13720,"CAJA(S)","CHILE"
"8680","2022",4,"PUESTO DE CONTROL TERRESTRE DESAGUADERO","SOYA, torta",143000,"SACO(S)","BOLIVIA"
"8681","2022",4,"SANTA ROSA, TACNA","PERA, fruta fresca",10080,"CAJA(S)","CHILE"
"8682","2022",4,"PUESTO DE CONTROL TERRESTRE DESAGUADERO","SOYA, torta",113000,"SACO(S)","BOLIVIA"
"8683","2022",4,"PUESTO DE CONTROL TERRESTRE DESAGUADERO","SOYA, torta",144000,"SACO(S)","BOLIVIA"
"8684","2022",4,"PUESTO DE CONTROL TERRESTRE DESAGUADERO","SOYA, torta",116000,"SACO(S)","BOLIVIA"
"8685","2022",4,"PUESTO DE CONTROL TERRESTRE DESAGUADERO","SOYA, grano",58000,"SACO(S)","BOLIVIA"
"8686","2022",4,"PUESTO DE CONTROL TERRESTRE DESAGUADERO","SOYA, torta",116000,"SACO(S)","BOLIVIA"
"8687","2022",4,"PUESTO DE CONTROL TERRESTRE DESAGUADERO","SOYA, torta",115500,"SACO(S)","BOLIVIA"
"8688","2022",4,"PUESTO DE CONTROL TERRESTRE DESAGUADERO","SOYA, torta",144000,"SACO(S)","BOLIVIA"
"8689","2022",4,"PUESTO DE CONTROL TERRESTRE DESAGUADERO","SOYA, torta",115000,"SACO(S)","BOLIVIA"
"8690","2022",4,"PUESTO DE CONTROL TERRESTRE DESAGUADERO","SOYA, torta",115000,"SACO(S)","BOLIVIA"
"8691","2022",4,"PUESTO DE CONTROL TERRESTRE DESAGUADERO","SOYA, torta",114500,"SACO(S)","BOLIVIA"
"8692","2022",4,"PUESTO DE CONTROL TERRESTRE DESAGUADERO","SOYA, torta",114000,"SACO(S)","BOLIVIA"
"8693","2022",4,"PUESTO DE CONTROL TERRESTRE DESAGUADERO","SOYA, torta",114500,"SACO(S)","BOLIVIA"
"8694","2022",4,"PUESTO DE CONTROL TERRESTRE DESAGUADERO","SOYA, torta",114500,"SACO(S)","BOLIVIA"
"8695","2022",4,"PUESTO DE CONTROL TERRESTRE DESAGUADERO","SOYA, torta",117000,"SACO(S)","BOLIVIA"
"8696","2022",4,"SANTA ROSA, TACNA","MANZANA, fruto fresco",12660,"CAJA(S)","CHILE"
"8697","2022",4,"SANTA ROSA, TACNA","PERA, fruta fresca",7902,"CAJA(S)","CHILE"
"8698","2022",4,"SANTA ROSA, TACNA","MANZANA, fruto fresco",23520,"CAJA(S)","CHILE"
"8699","2022",4,"PUESTO DE CONTROL TERRESTRE DESAGUADERO","SOYA, harina",174000,"SACO(S)","BOLIVIA"
"8700","2022",4,"SANTA ROSA, TACNA","PERA, fruta fresca",3456,"CAJA(S)","CHILE"
"8701","2022",4,"SANTA ROSA, TACNA","MANZANA, fruto fresco",19551,"CAJA(S)","CHILE"
"8702","2022",4,"PUESTO DE CONTROL TERRESTRE DESAGUADERO","SOYA, torta",145000,"SACO(S)","BOLIVIA"
"8703","2022",4,"PUESTO DE CONTROL TERRESTRE DESAGUADERO","SOYA, harina",174000,"SACO(S)","BOLIVIA"
"8704","2022",4,"SANTA ROSA, TACNA","PERA, fruta fresca",12528,"CAJA(S)","CHILE"
"8705","2022",4,"SANTA ROSA, TACNA","KIWI, fruto fresco",10080,"CAJA(S)","CHILE"
"8706","2022",4,"SANTA ROSA, TACNA","PERA, fruta fresca",6174,"CAJA(S)","CHILE"
"8707","2022",4,"SANTA ROSA, TACNA","MANZANA, fruto fresco",16660,"CAJA(S)","CHILE"
"8708","2022",4,"SANTA ROSA, TACNA","UVA, fruta fresca",21120,"CAJA(S)","CHILE"
"8709","2022",4,"SANTA ROSA, TACNA","UVA, fruta fresca",19200,"CAJA(S)","CHILE"
"8710","2022",4,"SANTA ROSA, TACNA","MANZANA, fruto fresco",22579.2,"CAJA(S)","CHILE"
"8711","2022",4,"SANTA ROSA, TACNA","MANZANA, fruto fresco",22329.6,"CAJA(S)","CHILE"
"8712","2022",4,"PUESTO DE CONTROL TERRESTRE DESAGUADERO","SOYA, torta",53500,"GRANEL","BOLIVIA"
"8713","2022",4,"PUESTO DE CONTROL TERRESTRE DESAGUADERO","SOYA, torta",49000,"GRANEL","BOLIVIA"
"8714","2022",4,"PUESTO DE CONTROL TERRESTRE DESAGUADERO","SOYA, torta",138620,"SACO(S)","BOLIVIA"
"8715","2022",4,"OFICINA PUESTO DE CONTROL MARITIMO - PROV. CONST. DEL CALLAO","LENTEJA, grano",78246,"SACO(S)","CANADA"
"8716","2022",4,"PUESTO DE CONTROL TERRESTRE DESAGUADERO","SOYA, torta",56500,"GRANEL","BOLIVIA"
"8717","2022",4,"PUESTO DE CONTROL TERRESTRE DESAGUADERO","SOYA, torta",85000,"GRANEL","BOLIVIA"
"8718","2022",4,"PUESTO DE CONTROL TERRESTRE DESAGUADERO","SOYA, torta",56000,"GRANEL","BOLIVIA"
"8719","2022",4,"SANTA ROSA, TACNA","MANZANA, fruto fresco",20160,"CAJA(S)","CHILE"
"8720","2022",4,"SANTA ROSA, TACNA","PERA, fruta fresca",3024,"CAJA(S)","CHILE"
"8721","2022",4,"SANTA ROSA, TACNA","PERA, fruta fresca",3024,"CAJA(S)","CHILE"
"8722","2022",4,"SANTA ROSA, TACNA","MANZANA, fruto fresco",2940,"CAJA(S)","CHILE"
"8723","2022",4,"SANTA ROSA, TACNA","UVA, fruta fresca",9600,"CAJA(S)","CHILE"
"8724","2022",4,"SANTA ROSA, TACNA","KIWI, fruto fresco",7056,"CAJA(S)","CHILE"
"8725","2022",4,"OFICINA PUESTO DE CONTROL AEREO -  PROV. CONST. DEL CALLAO","ANTURIO, planta",201,"CAJA(S)","HOLANDA"
"8726","2022",4,"PUESTO DE CONTROL TERRESTRE DESAGUADERO","SOYA, torta",54580,"GRANEL","BOLIVIA"
"8727","2022",4,"PUESTO DE CONTROL TERRESTRE DESAGUADERO","SOYA, torta",88320,"GRANEL","BOLIVIA"
"8728","2022",4,"PUESTO DE CONTROL TERRESTRE DESAGUADERO","SOYA, torta",53500,"GRANEL","BOLIVIA"
"8729","2022",4,"PUESTO DE CONTROL TERRESTRE DESAGUADERO","SOYA, torta",28000,"GRANEL","BOLIVIA"
"8730","2022",4,"PUESTO DE CONTROL TERRESTRE DESAGUADERO","SOYA, torta",56000,"GRANEL","BOLIVIA"
"8731","2022",4,"PUESTO DE CONTROL TERRESTRE DESAGUADERO","SOYA, torta",84000,"GRANEL","BOLIVIA"
"8732","2022",4,"PUESTO DE CONTROL TERRESTRE DESAGUADERO","SOYA, torta",112000,"GRANEL","BOLIVIA"
"8733","2022",4,"PUESTO DE CONTROL TERRESTRE DESAGUADERO","SOYA, torta",53100,"GRANEL","BOLIVIA"
"8734","2022",4,"PUESTO DE CONTROL TERRESTRE DESAGUADERO","SOYA, torta",56000,"GRANEL","BOLIVIA"
"8735","2022",4,"PUESTO DE CONTROL TERRESTRE DESAGUADERO","SOYA, torta",28040,"GRANEL","BOLIVIA"
"8736","2022",4,"SANTA ROSA, TACNA","MANZANA, fruto fresco",11760,"CAJA(S)","CHILE"
"8737","2022",4,"SANTA ROSA, TACNA","KIWI, fruto fresco",10080,"CAJA(S)","CHILE"
"8738","2022",4,"SANTA ROSA, TACNA","MANZANA, fruto fresco",22589,"CAJA(S)","CHILE"
"8739","2022",4,"OFICINA PUESTO DE CONTROL AEREO -  PROV. CONST. DEL CALLAO","TOMATE, semilla",0.089,"SACHETS","HOLANDA"
"8740","2022",4,"SANTA ROSA, TACNA","KIWI, fruto fresco",21840,"CAJA(S)","CHILE"
"8741","2022",4,"SANTA ROSA, TACNA","MANZANA, fruto fresco",23520,"CAJA(S)","CHILE"
"8742","2022",4,"SANTA ROSA, TACNA","KIWI, fruto fresco",21840,"CAJA(S)","CHILE"
"8743","2022",4,"SANTA ROSA, TACNA","MANZANA, fruto fresco",23520,"CAJA(S)","CHILE"
"8744","2022",4,"OFICINA PUESTO DE CONTROL AEREO -  PROV. CONST. DEL CALLAO","ROSA, flores frescas cortadas",113,"CAJA(S)","COLOMBIA"
"8745","2022",4,"OFICINA PUESTO DE CONTROL AEREO -  PROV. CONST. DEL CALLAO","CLAVEL, flores frescas cortadas",124.9,"CAJA(S)","COLOMBIA"
"8746","2022",4,"SANTA ROSA, TACNA","PERA, fruta fresca",23040,"CAJA(S)","CHILE"
"8747","2022",4,"SANTA ROSA, TACNA","PERA, fruta fresca",23040,"CAJA(S)","CHILE"
"8748","2022",4,"SANTA ROSA, TACNA","UVA, fruta fresca",18432,"CAJA(S)","CHILE"
"8749","2022",4,"SANTA ROSA, TACNA","KIWI, fruto fresco",21585,"CAJA(S)","CHILE"
"8750","2022",4,"SANTA ROSA, TACNA","MANZANA, fruto fresco",21560,"CAJA(S)","CHILE"
"8751","2022",4,"SANTA ROSA, TACNA","MANZANA, fruto fresco",22932,"CAJA(S)","CHILE"
"8752","2022",4,"PUESTO DE CONTROL TERRESTRE DESAGUADERO","SOYA, harina",116000,"SACO(S)","BOLIVIA"
"8753","2022",4,"SANTA ROSA, TACNA","PERA, fruta fresca",2016,"CAJA(S)","CHILE"
"8754","2022",4,"SANTA ROSA, TACNA","MANZANA, fruto fresco",22540,"CAJA(S)","CHILE"
"8755","2022",4,"PUESTO DE CONTROL TERRESTRE DESAGUADERO","SOYA, grano",55500,"GRANEL","BOLIVIA"
"8756","2022",4,"PUESTO DE CONTROL TERRESTRE DESAGUADERO","SOYA, grano",57000,"GRANEL","BOLIVIA"
"8757","2022",4,"PUESTO DE CONTROL TERRESTRE DESAGUADERO","SOYA, grano",85500,"GRANEL","BOLIVIA"
"8758","2022",4,"PUESTO DE CONTROL TERRESTRE DESAGUADERO","SOYA, grano",26000,"GRANEL","BOLIVIA"
"8759","2022",4,"PUESTO DE CONTROL TERRESTRE DESAGUADERO","SOYA, grano",55500,"GRANEL","BOLIVIA"
"8760","2022",4,"OFICINA PUESTO DE CONTROL MARITIMO - PROV. CONST. DEL CALLAO","AZUCAR CRUDA, sólido",5e+05,"SACO(S)","GUATEMALA"
"8761","2022",4,"OFICINA PUESTO DE CONTROL MARITIMO - PROV. CONST. DEL CALLAO","AZUCAR BLANCA O REFINADA (lectura polarimetrica mayor 99.5°)",132200,"SACO(S)","COLOMBIA"
"8762","2022",4,"OFICINA PUESTO DE CONTROL MARITIMO - PROV. CONST. DEL CALLAO","PIMIENTA, molida",1816,"CAJA(S)","CHINA"
"8763","2022",4,"OFICINA PUESTO DE CONTROL MARITIMO - PROV. CONST. DEL CALLAO","ALGODON, fibra sin cardar ni peinar (>22.22 mm = o <28.57 mm)",37380,"FARDOS","EEUU"
"8764","2022",4,"OFICINA PUESTO DE CONTROL MARITIMO - PROV. CONST. DEL CALLAO","TURBA",133080,"BOLSAS","ESTONIA"
"8765","2022",4,"OFICINA PUESTO DE CONTROL MARITIMO - PROV. CONST. DEL CALLAO","MAIZ, harina",42000,"PACAS","COLOMBIA"
"8766","2022",4,"OFICINA PUESTO DE CONTROL MARITIMO - PROV. CONST. DEL CALLAO","TURBA",50190,"BOLSAS","LETONIA"
"8767","2022",4,"PUESTO DE CONTROL TERRESTRE DESAGUADERO","SOYA, torta",83980,"GRANEL","BOLIVIA"
"8768","2022",4,"OFICINA PUESTO DE CONTROL MARITIMO - PROV. CONST. DEL CALLAO","LENTEJA, grano",52616,"SACO(S)","CANADA"
"8769","2022",4,"OFICINA PUESTO DE CONTROL MARITIMO - PROV. CONST. DEL CALLAO","ALGODON, fibra sin cardar ni peinar (>28.57 mm = o <34.92 mm)",20206,"FARDOS","EEUU"
"8770","2022",4,"OFICINA PUESTO DE CONTROL MARITIMO - PROV. CONST. DEL CALLAO","ALGODON, fibra sin cardar ni peinar (>28.57 mm = o <34.92 mm)",179257.89,"FARDOS","EEUU"
"8771","2022",4,"OFICINA PUESTO DE CONTROL MARITIMO - PROV. CONST. DEL CALLAO","PERA, fruta fresca",22680,"CAJA(S)","ARGENTINA"
"8772","2022",4,"PUESTO DE CONTROL TERRESTRE DESAGUADERO","SOYA, torta",85500,"SACO(S)","BOLIVIA"
"8773","2022",4,"PUESTO DE CONTROL TERRESTRE DESAGUADERO","SOYA, torta",139500,"SACO(S)","BOLIVIA"
"8774","2022",4,"OFICINA PUESTO DE CONTROL AEREO -  PROV. CONST. DEL CALLAO","ARANDANO, planta",49.4,"CAJA(S)","EEUU"
"8775","2022",4,"OFICINA PUESTO DE CONTROL MARITIMO - PROV. CONST. DEL CALLAO","MANZANA, fruto fresco",17157,"CAJA(S)","EEUU"
"8776","2022",4,"PUESTO DE CONTROL TERRESTRE DESAGUADERO","SOYA, grano",195000,"GRANEL","BOLIVIA"
"8777","2022",4,"OFICINA PUESTO DE CONTROL MARITIMO - PROV. CONST. DEL CALLAO","NARANJA, fruto fresco",17233,"CAJA(S)","EEUU"
"8778","2022",4,"OFICINA PUESTO DE CONTROL MARITIMO - PROV. CONST. DEL CALLAO","NARANJA, fruto fresco",18049,"CAJA(S)","EEUU"
"8779","2022",4,"OFICINA PUESTO DE CONTROL MARITIMO - PROV. CONST. DEL CALLAO","KIWI, fruto fresco",10800,"CAJA(S)","CHILE"
"8780","2022",4,"OFICINA PUESTO DE CONTROL MARITIMO - PROV. CONST. DEL CALLAO","NARANJA, fruto fresco",15419,"CAJA(S)","EEUU"
"8781","2022",4,"OFICINA PUESTO DE CONTROL MARITIMO - PROV. CONST. DEL CALLAO","TORONJA, fruto fresco",2285,"CAJA(S)","EEUU"
"8782","2022",4,"OFICINA PUESTO DE CONTROL MARITIMO - PROV. CONST. DEL CALLAO","PERA, fruta fresca",23040,"CAJA(S)","CHILE"
"8783","2022",4,"OFICINA PUESTO DE CONTROL MARITIMO - PROV. CONST. DEL CALLAO","MANZANA, fruto fresco",19756.8,"CAJA(S)","CHILE"
"8784","2022",4,"OFICINA PUESTO DE CONTROL MARITIMO - PROV. CONST. DEL CALLAO","ALGODON, fibra sin cardar ni peinar (>22.22 mm = o <28.57 mm)",40297,"FARDOS","EEUU"
"8785","2022",4,"OFICINA PUESTO DE CONTROL MARITIMO - PROV. CONST. DEL CALLAO","ALGODON, fibra sin cardar ni peinar (>28.57 mm = o <34.92 mm)",240658,"FARDOS","EEUU"
"8786","2022",4,"OFICINA PUESTO DE CONTROL MARITIMO - PROV. CONST. DEL CALLAO","LENTEJA, grano",78924,"SACO(S)","CANADA"
"8787","2022",4,"OFICINA PUESTO DE CONTROL MARITIMO - PROV. CONST. DEL CALLAO","TRIGO, gluten",24000,"BOLSAS","ALEMANIA"
"8788","2022",4,"PUESTO DE CONTROL TERRESTRE DESAGUADERO","SOYA, grano",120000,"SACO(S)","BOLIVIA"
"8789","2022",4,"PUESTO DE CONTROL TERRESTRE DESAGUADERO","SOYA, grano",113500,"GRANEL","BOLIVIA"
"8790","2022",4,"PUESTO DE CONTROL TERRESTRE DESAGUADERO","SOYA, grano",112000,"GRANEL","BOLIVIA"
"8791","2022",4,"PUERTO DE PAITA , PIURA","TURBA",37162.8,"BIG BAG","LETONIA"
"8792","2022",4,"OFICINA PUESTO DE CONTROL MARITIMO - PROV. CONST. DEL CALLAO","LINO, peinado o trabajado de otro modo, pero sin hilar",311,"FARDOS","BELGICA"
"8793","2022",4,"OFICINA PUESTO DE CONTROL AEREO -  PROV. CONST. DEL CALLAO","CEBOLLA, triturada o pulverizada",1.5,"BOLSAS","INDIA"
"8794","2022",4,"OFICINA PUESTO DE CONTROL MARITIMO - PROV. CONST. DEL CALLAO","ALGODON, fibra sin cardar ni peinar (>34.92 mm)",196860,"FARDOS","EEUU"
"8795","2022",4,"OFICINA PUESTO DE CONTROL MARITIMO - PROV. CONST. DEL CALLAO","CAUCHO, técnicamente especificado (TSNR)",40320,"PIEZAS","INDONESIA"
"8796","2022",4,"OFICINA PUESTO DE CONTROL MARITIMO - PROV. CONST. DEL CALLAO","CAUCHO, técnicamente especificado (TSNR)",60480,"PIEZAS","INDONESIA"
"8797","2022",4,"OFICINA PUESTO DE CONTROL MARITIMO - PROV. CONST. DEL CALLAO","NUEZ DE NOGAL, sin cascara con algun proceso de la CRF 2",18101.3,"CAJA(S)","MEXICO"
"8798","2022",4,"OFICINA PUESTO DE CONTROL AEREO -  PROV. CONST. DEL CALLAO","CORCHO, tapones",0.03,"BOLSAS","EEUU"
"8799","2022",4,"PUESTO DE CONTROL TERRESTRE DESAGUADERO","MANI, grano sin cáscara",86950,"SACO(S)","BOLIVIA"
"8800","2022",4,"SANTA ROSA, TACNA","MANZANA, fruto fresco",23520,"CAJA(S)","CHILE"
"8801","2022",4,"SANTA ROSA, TACNA","MANZANA, fruto fresco",23520,"CAJA(S)","CHILE"
"8802","2022",4,"OFICINA PUESTO DE CONTROL MARITIMO - PROV. CONST. DEL CALLAO","MOSTAZA, harina",14000,"BOLSAS","CANADA"
"8803","2022",4,"OFICINA PUESTO DE CONTROL AEREO -  PROV. CONST. DEL CALLAO","PIMIENTO, semilla",3.49,"SACHETS","ITALIA"
"8804","2022",4,"OFICINA PUESTO DE CONTROL AEREO -  PROV. CONST. DEL CALLAO","PALTO, yema",10.45,"CAJA(S)","MEXICO"
"8805","2022",4,"PUESTO DE CONTROL TERRESTRE DESAGUADERO","FREJOL NEGRO, grano",29000,"SACO(S)","BOLIVIA"
"8806","2022",4,"OFICINA PUESTO DE CONTROL MARITIMO - PROV. CONST. DEL CALLAO","LENTEJA, grano",157848,"SACO(S)","CANADA"
"8807","2022",4,"SANTA ROSA, TACNA","MANZANA, fruto fresco",22344,"CAJA(S)","CHILE"
"8808","2022",4,"OFICINA PUESTO DE CONTROL MARITIMO - PROV. CONST. DEL CALLAO","LENTEJA, grano",74163,"SACO(S)","CANADA"
"8809","2022",4,"OFICINA PUESTO DE CONTROL MARITIMO - PROV. CONST. DEL CALLAO","ALGODON, fibra sin cardar ni peinar (>34.92 mm)",17504,"FARDOS","EEUU"
"8810","2022",4,"OFICINA PUESTO DE CONTROL MARITIMO - PROV. CONST. DEL CALLAO","MAIZ AMARILLO DURO, grano",15510000,"GRANEL","ARGENTINA"
"8811","2022",4,"PUESTO DE CONTROL TERRESTRE DESAGUADERO","SOYA, harina",116000,"SACO(S)","BOLIVIA"
"8812","2022",4,"OFICINA PUESTO DE CONTROL MARITIMO - PROV. CONST. DEL CALLAO","MAIZ AMARILLO DURO, grano",4507880,"GRANEL","ARGENTINA"
"8813","2022",4,"OFICINA PUESTO DE CONTROL MARITIMO - PROV. CONST. DEL CALLAO","TRIGO, grano",15173520,"GRANEL","ARGENTINA"
"8814","2022",4,"OFICINA PUESTO DE CONTROL MARITIMO - PROV. CONST. DEL CALLAO","TRIGO, gluten",24000,"SACO(S)","ALEMANIA"
"8815","2022",4,"OFICINA PUESTO DE CONTROL MARITIMO - PROV. CONST. DEL CALLAO","TURBA",92900,"FARDOS","LITUANIA"
"8816","2022",4,"OFICINA PUESTO DE CONTROL MARITIMO - PROV. CONST. DEL CALLAO","TURBA",112550,"BIG BAG","FINLANDIA"
"8817","2022",4,"OFICINA PUESTO DE CONTROL AEREO -  PROV. CONST. DEL CALLAO","TE VERDE",4,"BOLSAS","CANADA"
"8818","2022",4,"OFICINA PUESTO DE CONTROL AEREO -  PROV. CONST. DEL CALLAO","HIBISCUS, flores secas industrialmente",16,"BOLSAS","CANADA"
"8819","2022",4,"OFICINA PUESTO DE CONTROL AEREO -  PROV. CONST. DEL CALLAO","LAS DEMAS PLANTAS, partes de plantas, semillas y frutos de especies utilizadas principalmente en perfumeria,medicina insecticidas o similares con algún proceso del a CRF 2",2.25,"BOLSAS","CANADA"
"8820","2022",4,"OFICINA PUESTO DE CONTROL MARITIMO - PROV. CONST. DEL CALLAO","TURBA",47000,"BIG BAG","ALEMANIA"
"8821","2022",4,"SANTA ROSA, TACNA","PERA, fruta fresca",23184,"CAJA(S)","CHILE"
"8822","2022",4,"PUESTO DE CONTROL TERRESTRE DESAGUADERO","SOYA, torta",85500,"GRANEL","BOLIVIA"
"8823","2022",4,"PUESTO DE CONTROL TERRESTRE DESAGUADERO","SOYA, torta",85000,"GRANEL","BOLIVIA"
"8824","2022",4,"PUESTO DE CONTROL TERRESTRE DESAGUADERO","SOYA, grano",54480,"GRANEL","BOLIVIA"
"8825","2022",4,"OFICINA PUESTO DE CONTROL AEREO -  PROV. CONST. DEL CALLAO","ARANDANO, planta in vitro",875,"CAJA(S)","EEUU"
"8826","2022",4,"PUESTO DE CONTROL TERRESTRE DESAGUADERO","SOYA, torta",56000,"GRANEL","BOLIVIA"
"8827","2022",4,"OFICINA PUESTO DE CONTROL MARITIMO - PROV. CONST. DEL CALLAO","TRIGO, grano",6913170,"GRANEL","EEUU"
"8828","2022",4,"OFICINA PUESTO DE CONTROL AEREO -  PROV. CONST. DEL CALLAO","ARANDANO, planta in vitro",56,"CAJA(S)","MEXICO"
"8829","2022",4,"OFICINA PUESTO DE CONTROL MARITIMO - PROV. CONST. DEL CALLAO","YUTE, artículos de cestería (canastas, cestos, otros)",520,"CAJA(S)","INDIA"
"8830","2022",4,"OFICINA PUESTO DE CONTROL MARITIMO - PROV. CONST. DEL CALLAO","AVENA, grano aplastado o en copos (hojuelas)",19710,"CAJA(S)","ALEMANIA"
"8831","2022",4,"OFICINA PUESTO DE CONTROL MARITIMO - PROV. CONST. DEL CALLAO","AVENA, grano aplastado o en copos (hojuelas)",11010,"CAJA(S)","ALEMANIA"
"8832","2022",4,"OFICINA PUESTO DE CONTROL MARITIMO - PROV. CONST. DEL CALLAO","AVENA, grano aplastado o en copos (hojuelas)",540,"CAJA(S)","ALEMANIA"
"8833","2022",4,"OFICINA PUESTO DE CONTROL MARITIMO - PROV. CONST. DEL CALLAO","Revestimientos para el suelo de las demas fibras vegetales
",1729.4,"ROLLOS","INDIA"
"8834","2022",4,"OFICINA PUESTO DE CONTROL MARITIMO - PROV. CONST. DEL CALLAO","NARANJA, fruto fresco",16326,"CAJA(S)","EEUU"
"8835","2022",4,"PUESTO DE CONTROL TERRESTRE DESAGUADERO","SOYA, torta",228500,"SACO(S)","BOLIVIA"
"8836","2022",4,"PUESTO DE CONTROL TERRESTRE DESAGUADERO","SOYA, torta",56100,"GRANEL","BOLIVIA"
"8837","2022",4,"PUESTO DE CONTROL TERRESTRE DESAGUADERO","SOYA, torta",27500,"GRANEL","BOLIVIA"
"8838","2022",4,"PUESTO DE CONTROL TERRESTRE DESAGUADERO","SOYA, torta",84700,"GRANEL","BOLIVIA"
"8839","2022",4,"PUESTO DE CONTROL TERRESTRE DESAGUADERO","SOYA, harina",145000,"SACO(S)","BOLIVIA"
"8840","2022",4,"PUESTO DE CONTROL TERRESTRE DESAGUADERO","SOYA, harina",112500,"SACO(S)","BOLIVIA"
"8841","2022",4,"PUESTO DE CONTROL TERRESTRE DESAGUADERO","SOYA, harina",113000,"SACO(S)","BOLIVIA"
"8842","2022",4,"PUESTO DE CONTROL TERRESTRE DESAGUADERO","SOYA, torta",27610,"GRANEL","BOLIVIA"
"8843","2022",4,"PUESTO DE CONTROL TERRESTRE DESAGUADERO","SOYA, torta",29000,"GRANEL","BOLIVIA"
"8844","2022",4,"PUESTO DE CONTROL TERRESTRE DESAGUADERO","SOYA, torta",54500,"GRANEL","BOLIVIA"
"8845","2022",4,"PUESTO DE CONTROL TERRESTRE DESAGUADERO","SOYA, torta",142736,"SACO(S)","BOLIVIA"
"8846","2022",4,"PUESTO DE CONTROL TERRESTRE DESAGUADERO","SOYA, torta",29000,"GRANEL","BOLIVIA"
"8847","2022",4,"PUESTO DE CONTROL TERRESTRE DESAGUADERO","SOYA, torta",140000,"GRANEL","BOLIVIA"
"8848","2022",4,"PUESTO DE CONTROL TERRESTRE DESAGUADERO","SOYA, torta",57500,"GRANEL","BOLIVIA"
"8849","2022",4,"PUESTO DE CONTROL TERRESTRE DESAGUADERO","SOYA, torta",84000,"GRANEL","BOLIVIA"
"8850","2022",4,"OFICINA PUESTO DE CONTROL MARITIMO - PROV. CONST. DEL CALLAO","BAMBU, artículos de cestería obtenidos directamente en su forma con materia trenzable con algún proceso de la CRF 2",75.744,"CAJA(S)","EL SALVADOR"
"8851","2022",4,"OFICINA PUESTO DE CONTROL MARITIMO - PROV. CONST. DEL CALLAO","Los demas articulos de cesteria con algun proceso de CRF 2",88.979,"CAJA(S)","EL SALVADOR"
"8852","2022",4,"OFICINA PUESTO DE CONTROL MARITIMO - PROV. CONST. DEL CALLAO","MARCOS, madera",121.734,"CAJA(S)","CANADA"
"8853","2022",4,"OFICINA PUESTO DE CONTROL MARITIMO - PROV. CONST. DEL CALLAO","TRIGO, grano",5022350,"GRANEL","EEUU"
"8854","2022",4,"OFICINA PUESTO DE CONTROL MARITIMO - PROV. CONST. DEL CALLAO","TRIGO, grano",6851900,"GRANEL","EEUU"
"8855","2022",4,"PUESTO DE CONTROL TERRESTRE DESAGUADERO","SOYA, torta",54300,"GRANEL","BOLIVIA"
"8856","2022",4,"PUESTO DE CONTROL TERRESTRE DESAGUADERO","SOYA, torta",115000,"SACO(S)","BOLIVIA"
"8857","2022",4,"PUERTO DE PAITA , PIURA","LENTEJA, grano",122470,"SACO(S)","CANADA"
"8858","2022",4,"PUESTO DE CONTROL TERRESTRE DESAGUADERO","SOYA, torta",205500,"SACO(S)","BOLIVIA"
"8859","2022",4,"OFICINA PUESTO DE CONTROL MARITIMO - PROV. CONST. DEL CALLAO","LAUREL, hoja seca al natural",8000,"FARDOS","TURQUIA"
"8860","2022",4,"PUESTO DE CONTROL TERRESTRE DESAGUADERO","SOYA, torta",113810,"SACO(S)","BOLIVIA"
"8861","2022",4,"PUESTO DE CONTROL TERRESTRE DESAGUADERO","MANI, grano sin cáscara",60000,"SACO(S)","BOLIVIA"
"8862","2022",4,"PUESTO DE CONTROL TERRESTRE DESAGUADERO","SOYA, torta",86456,"SACO(S)","BOLIVIA"
"8863","2022",4,"PUESTO DE CONTROL TERRESTRE DESAGUADERO","SOYA, torta",118000,"SACO(S)","BOLIVIA"
"8864","2022",4,"PUESTO DE CONTROL TERRESTRE DESAGUADERO","FREJOL, grano",60000,"SACO(S)","BOLIVIA"
"8865","2022",4,"OFICINA PUESTO DE CONTROL AEREO -  PROV. CONST. DEL CALLAO","ARANDANO, planta in vitro",985,"UNIDADES","ESPAÑA"
"8866","2022",4,"OFICINA PUESTO DE CONTROL MARITIMO - PROV. CONST. DEL CALLAO","AZUCAR BLANCA O REFINADA (lectura polarimetrica mayor 99.5°)",530000,"SACO(S)","GUATEMALA"
"8867","2022",4,"OFICINA PUESTO DE CONTROL MARITIMO - PROV. CONST. DEL CALLAO","MAIZ REVENTON, grano",26000,"SACO(S)","ARGENTINA"
"8868","2022",4,"OFICINA PUESTO DE CONTROL MARITIMO - PROV. CONST. DEL CALLAO","AZUCAR BLANCA O REFINADA (lectura polarimetrica mayor 99.5°)",530000,"SACO(S)","GUATEMALA"
"8869","2022",4,"PUESTO DE CONTROL TERRESTRE DESAGUADERO","SOYA, torta",77000,"SACO(S)","BOLIVIA"
"8870","2022",4,"PUESTO DE CONTROL TERRESTRE DESAGUADERO","SOYA, torta",125000,"SACO(S)","BOLIVIA"
"8871","2022",4,"OFICINA PUESTO DE CONTROL MARITIMO - PROV. CONST. DEL CALLAO","Las demás máquinas y aparatos para henificar usadas
",7973.365,"UNIDADES","CHINA"
"8872","2022",4,"OFICINA PUESTO DE CONTROL MARITIMO - PROV. CONST. DEL CALLAO","MADERA, puertas y sus marcos, contramarcos y umbrales, con algun proceso de la CRF 2",5755.2,"PIEZAS","BRASIL"
"8873","2022",4,"OFICINA PUESTO DE CONTROL MARITIMO - PROV. CONST. DEL CALLAO","PINO, madera aserrada con algún proceso de la CRF2",86355,"PIEZAS","CHILE"
"8874","2022",4,"OFICINA PUESTO DE CONTROL MARITIMO - PROV. CONST. DEL CALLAO","ALGODON, fibra sin cardar ni peinar (>34.92 mm)",143630,"FARDOS","EEUU"
"8875","2022",4,"OFICINA PUESTO DE CONTROL AEREO -  PROV. CONST. DEL CALLAO","CANELA, triturada o pulverizada (molida)",0.1,"SACHETS","INDONESIA"
"8876","2022",4,"OFICINA PUESTO DE CONTROL AEREO -  PROV. CONST. DEL CALLAO","CLAVO DE OLOR, polvo
",0.1,"SACHETS","INDONESIA"
"8877","2022",4,"OFICINA PUESTO DE CONTROL MARITIMO - PROV. CONST. DEL CALLAO","TURBA",80640,"BOLSAS","ESTONIA"
"8878","2022",4,"OFICINA PUESTO DE CONTROL MARITIMO - PROV. CONST. DEL CALLAO","TRIGO, gluten",20000,"BOLSAS","BELGICA"
"8879","2022",4,"PUESTO DE CONTROL TERRESTRE DESAGUADERO","MANI, grano sin cáscara",58000,"SACO(S)","BOLIVIA"
"8880","2022",4,"OFICINA PUESTO DE CONTROL MARITIMO - PROV. CONST. DEL CALLAO","ALGODON, fibra sin cardar ni peinar (>22.22 mm = o <28.57 mm)",356300,"FARDOS","EEUU"
"8881","2022",4,"PUESTO DE CONTROL TERRESTRE DESAGUADERO","AJONJOLI, grano",30000,"SACO(S)","BOLIVIA"
"8882","2022",4,"PUESTO DE CONTROL TERRESTRE DESAGUADERO","SOYA, torta",84000,"GRANEL","BOLIVIA"
"8883","2022",4,"PUESTO DE CONTROL TERRESTRE DESAGUADERO","SOYA, torta",27950,"GRANEL","BOLIVIA"
"8884","2022",4,"PUESTO DE CONTROL TERRESTRE DESAGUADERO","SOYA, torta",84500,"GRANEL","BOLIVIA"
"8885","2022",4,"PUESTO DE CONTROL TERRESTRE DESAGUADERO","SOYA, torta",84000,"GRANEL","BOLIVIA"
"8886","2022",4,"PUESTO DE CONTROL TERRESTRE DESAGUADERO","SOYA, torta",84000,"GRANEL","BOLIVIA"
"8887","2022",4,"PUESTO DE CONTROL TERRESTRE DESAGUADERO","SOYA, torta",85000,"GRANEL","BOLIVIA"
"8888","2022",4,"OFICINA PUESTO DE CONTROL MARITIMO - PROV. CONST. DEL CALLAO","CEBOLLA, triturada o pulverizada",9500,"CAJA(S)","CHINA"
"8889","2022",4,"OFICINA PUESTO DE CONTROL MARITIMO - PROV. CONST. DEL CALLAO","AJO, polvo",1500,"CAJA(S)","CHINA"
"8890","2022",4,"OFICINA PUESTO DE CONTROL MARITIMO - PROV. CONST. DEL CALLAO","ALGODON, fibra sin cardar ni peinar (>22.22 mm = o <28.57 mm)",20000.71,"FARDOS","EEUU"
"8891","2022",4,"OFICINA PUESTO DE CONTROL AEREO -  PROV. CONST. DEL CALLAO","PLATANO Y/O BANANO, plántula in vitro",402,"CAJA(S)","ISRAEL"
"8892","2022",4,"OFICINA PUESTO DE CONTROL MARITIMO - PROV. CONST. DEL CALLAO","MAIZ, harina",84480,"FARDOS","VENEZUELA"
"8893","2022",4,"OFICINA PUESTO DE CONTROL MARITIMO - PROV. CONST. DEL CALLAO","PINO, madera aserrada con algún proceso de la CRF2",88131.5,"PAQUETES","CHILE"
"8894","2022",4,"PUESTO DE CONTROL TERRESTRE DESAGUADERO","MANI, grano sin cáscara",58000,"SACO(S)","BOLIVIA"
"8895","2022",4,"OFICINA PUESTO DE CONTROL MARITIMO - PROV. CONST. DEL CALLAO","LENTEJA, grano",74571,"SACO(S)","CANADA"
"8896","2022",4,"OFICINA PUESTO DE CONTROL MARITIMO - PROV. CONST. DEL CALLAO","CAUCHO, técnicamente especificado (TSNR)",40320,"PACAS","GHANA"
"8897","2022",4,"OFICINA PUESTO DE CONTROL MARITIMO - PROV. CONST. DEL CALLAO","ALGODON, fibra sin cardar ni peinar (>28.57 mm = o <34.92 mm)",73170,"FARDOS","EEUU"
"8898","2022",4,"OFICINA PUESTO DE CONTROL MARITIMO - PROV. CONST. DEL CALLAO","LENTEJA, grano",24857,"SACO(S)","CANADA"
"8899","2022",4,"OFICINA PUESTO DE CONTROL MARITIMO - PROV. CONST. DEL CALLAO","TRACTOR AGRICOLA USADO, con motor de potencia superior a 75 kW pero inferior o igual a 130 kW",13600,"UNIDADES","EEUU"
"8900","2022",4,"OFICINA PUESTO DE CONTROL MARITIMO - PROV. CONST. DEL CALLAO","TRACTOR AGRICOLA USADO, con motor de potencia superior a 75 kW pero inferior o igual a 130 kW",17450,"UNIDADES","EEUU"
"8901","2022",4,"OFICINA PUESTO DE CONTROL MARITIMO - PROV. CONST. DEL CALLAO","TRACTOR AGRICOLA USADO, con motor de potencia superior a 130KW",17730,"UNIDADES","EEUU"
"8902","2022",4,"OFICINA PUESTO DE CONTROL MARITIMO - PROV. CONST. DEL CALLAO","PASTO, mezcla de semillas",4800,"SACO(S)","CHILE"
"8903","2022",4,"OFICINA PUESTO DE CONTROL MARITIMO - PROV. CONST. DEL CALLAO","AZUCAR DE CAÑA, solido en bruto",75000,"BOLSAS","PARAGUAY"
"8904","2022",4,"OFICINA PUESTO DE CONTROL MARITIMO - PROV. CONST. DEL CALLAO","GOJI, fruta seca industrial",1600,"CAJA(S)","CHINA"
"8905","2022",4,"OFICINA PUESTO DE CONTROL AEREO -  PROV. CONST. DEL CALLAO","ORQUIDEA, planta",177,"CAJA(S)","HOLANDA"
"8906","2022",4,"OFICINA PUESTO DE CONTROL AEREO -  PROV. CONST. DEL CALLAO","ANTURIO, planta",278,"CAJA(S)","HOLANDA"
"8907","2022",4,"PUESTO DE CONTROL TERRESTRE DESAGUADERO","SOYA, torta",21980,"GRANEL","BOLIVIA"
"8908","2022",4,"PUESTO DE CONTROL TERRESTRE DESAGUADERO","SOYA, torta",27000,"GRANEL","BOLIVIA"
"8909","2022",4,"PUESTO DE CONTROL TERRESTRE DESAGUADERO","SOYA, torta",28000,"GRANEL","BOLIVIA"
"8910","2022",4,"PUESTO DE CONTROL TERRESTRE DESAGUADERO","SOYA, torta",83100,"GRANEL","BOLIVIA"
"8911","2022",4,"PUESTO DE CONTROL TERRESTRE DESAGUADERO","SOYA, torta",82990,"GRANEL","BOLIVIA"
"8912","2022",4,"PUESTO DE CONTROL TERRESTRE DESAGUADERO","SOYA, torta",115650,"GRANEL","BOLIVIA"
"8913","2022",4,"PUESTO DE CONTROL TERRESTRE DESAGUADERO","SOYA, torta",56780,"GRANEL","BOLIVIA"
"8914","2022",4,"OFICINA PUESTO DE CONTROL MARITIMO - PROV. CONST. DEL CALLAO","TRIGO, gluten",26000,"BOLSAS","CHINA"
"8915","2022",4,"OFICINA PUESTO DE CONTROL MARITIMO - PROV. CONST. DEL CALLAO","ARROZ, grano pilado",5e+05,"SACO(S)","URUGUAY"
"8916","2022",4,"OFICINA PUESTO DE CONTROL MARITIMO - PROV. CONST. DEL CALLAO","GARBANZO, grano",23000,"SACO(S)","MEXICO"
"8917","2022",4,"OFICINA PUESTO DE CONTROL MARITIMO - PROV. CONST. DEL CALLAO","MANZANA, fruto fresco",20580,"CAJA(S)","EEUU"
"8918","2022",4,"OFICINA PUESTO DE CONTROL MARITIMO - PROV. CONST. DEL CALLAO","MANZANA, fruto fresco",20580,"CAJA(S)","EEUU"
"8919","2022",4,"OFICINA PUESTO DE CONTROL MARITIMO - PROV. CONST. DEL CALLAO","MANZANA, fruto fresco",20580,"CAJA(S)","EEUU"
"8920","2022",4,"PUESTO DE CONTROL- CEBAF","PIMIENTA, barreduras",1000,"SACO(S)","ECUADOR"
"8921","2022",4,"PUESTO DE CONTROL TERRESTRE DESAGUADERO","SOYA, torta",111500,"GRANEL","BOLIVIA"
"8922","2022",4,"PUESTO DE CONTROL TERRESTRE DESAGUADERO","SOYA, torta",51000,"GRANEL","BOLIVIA"
"8923","2022",4,"PUESTO DE CONTROL TERRESTRE DESAGUADERO","SOYA, torta",85000,"GRANEL","BOLIVIA"
"8924","2022",4,"PUESTO DE CONTROL TERRESTRE DESAGUADERO","SOYA, torta",56000,"GRANEL","BOLIVIA"
"8925","2022",4,"PUESTO DE CONTROL TERRESTRE DESAGUADERO","SOYA, torta",57000,"GRANEL","BOLIVIA"
"8926","2022",4,"PUESTO DE CONTROL TERRESTRE DESAGUADERO","SOYA, torta",84000,"GRANEL","BOLIVIA"
"8927","2022",4,"PUESTO DE CONTROL TERRESTRE DESAGUADERO","SOYA, torta",29000,"GRANEL","BOLIVIA"
"8928","2022",4,"PUESTO DE CONTROL TERRESTRE DESAGUADERO","SOYA, torta",28000,"GRANEL","BOLIVIA"
"8929","2022",4,"PUESTO DE CONTROL TERRESTRE DESAGUADERO","SOYA, torta",26160,"GRANEL","BOLIVIA"
"8930","2022",4,"PUESTO DE CONTROL TERRESTRE DESAGUADERO","SOYA, torta",58000,"GRANEL","BOLIVIA"
"8931","2022",4,"OFICINA PUESTO DE CONTROL MARITIMO - PROV. CONST. DEL CALLAO","TRIGO, gluten",24000,"BOLSAS","ALBANIA"
"8932","2022",4,"OFICINA PUESTO DE CONTROL AEREO -  PROV. CONST. DEL CALLAO","PALMA ACEITERA, semilla germinada",147,"CAJA(S)","INDONESIA"
"8933","2022",4,"OFICINA PUESTO DE CONTROL AEREO -  PROV. CONST. DEL CALLAO","PALMA ACEITERA, semilla germinada",70,"CAJA(S)","COSTA RICA"
"8934","2022",4,"PUESTO DE CONTROL TERRESTRE DESAGUADERO","SOYA, torta",54500,"GRANEL","BOLIVIA"
"8935","2022",4,"OFICINA PUESTO DE CONTROL AEREO -  PROV. CONST. DEL CALLAO","BEGONIA, semilla",0.000236,"SACHETS","HOLANDA"
"8936","2022",4,"OFICINA PUESTO DE CONTROL AEREO -  PROV. CONST. DEL CALLAO","BEGONIA, semilla",0.018163,"SACHETS","HOLANDA"
"8937","2022",4,"OFICINA PUESTO DE CONTROL AEREO -  PROV. CONST. DEL CALLAO","CICLAMEN, semilla",0.170159,"SACHETS","HOLANDA"
"8938","2022",4,"OFICINA PUESTO DE CONTROL AEREO -  PROV. CONST. DEL CALLAO","DALIA, semilla",0.2679,"SACHETS","HOLANDA"
"8939","2022",4,"OFICINA PUESTO DE CONTROL AEREO -  PROV. CONST. DEL CALLAO","DELPHINIUM, semilla",0.04353,"SACHETS","HOLANDA"
"8940","2022",4,"OFICINA PUESTO DE CONTROL AEREO -  PROV. CONST. DEL CALLAO","DIANTHUS, semilla",0.010182,"SACHETS","HOLANDA"
"8941","2022",4,"OFICINA PUESTO DE CONTROL AEREO -  PROV. CONST. DEL CALLAO","GAZANIA, semilla",0.183274,"SACHETS","HOLANDA"
"8942","2022",4,"OFICINA PUESTO DE CONTROL AEREO -  PROV. CONST. DEL CALLAO","GERANIO, semilla",0.578138,"SACHETS","HOLANDA"
"8943","2022",4,"OFICINA PUESTO DE CONTROL AEREO -  PROV. CONST. DEL CALLAO","GERBERA, semilla",0.167866,"SACHETS","HOLANDA"
"8944","2022",4,"OFICINA PUESTO DE CONTROL AEREO -  PROV. CONST. DEL CALLAO","Impatiens, semilla",0.019687,"SACHETS","HOLANDA"
"8945","2022",4,"OFICINA PUESTO DE CONTROL AEREO -  PROV. CONST. DEL CALLAO","PETUNIA, semilla",0.006782,"SACHETS","HOLANDA"
"8946","2022",4,"OFICINA PUESTO DE CONTROL AEREO -  PROV. CONST. DEL CALLAO","PETUNIA, semilla",0.028935,"SACHETS","HOLANDA"
"8947","2022",4,"OFICINA PUESTO DE CONTROL AEREO -  PROV. CONST. DEL CALLAO","PRIMULA, semilla",0.008025,"SACHETS","HOLANDA"
"8948","2022",4,"OFICINA PUESTO DE CONTROL AEREO -  PROV. CONST. DEL CALLAO","PRIMULA, semilla",0.003998,"SACHETS","HOLANDA"
"8949","2022",4,"OFICINA PUESTO DE CONTROL AEREO -  PROV. CONST. DEL CALLAO","RANUNCULO, semilla",1.139515,"SACHETS","HOLANDA"
"8950","2022",4,"OFICINA PUESTO DE CONTROL AEREO -  PROV. CONST. DEL CALLAO","SALVIA, semilla",0.952675,"SACHETS","HOLANDA"
"8951","2022",4,"OFICINA PUESTO DE CONTROL AEREO -  PROV. CONST. DEL CALLAO","VERBENA, semilla",0.254521,"SACHETS","HOLANDA"
"8952","2022",4,"OFICINA PUESTO DE CONTROL AEREO -  PROV. CONST. DEL CALLAO","VINCA, semilla",0.060277,"SACHETS","HOLANDA"
"8953","2022",4,"OFICINA PUESTO DE CONTROL AEREO -  PROV. CONST. DEL CALLAO","ZINNIA, semilla",0.327301,"SACHETS","HOLANDA"
"8954","2022",4,"PUESTO DE CONTROL TERRESTRE DESAGUADERO","SOYA, grano",28000,"GRANEL","BOLIVIA"
"8955","2022",4,"PUESTO DE CONTROL TERRESTRE DESAGUADERO","SOYA, grano",55500,"GRANEL","BOLIVIA"
"8956","2022",4,"PUESTO DE CONTROL TERRESTRE DESAGUADERO","SOYA, grano",115500,"GRANEL","BOLIVIA"
"8957","2022",4,"PUESTO DE CONTROL TERRESTRE DESAGUADERO","SOYA, grano",57000,"GRANEL","BOLIVIA"
"8958","2022",4,"PUESTO DE CONTROL TERRESTRE DESAGUADERO","SOYA, torta",176500,"SACO(S)","BOLIVIA"
"8959","2022",4,"PUESTO DE CONTROL TERRESTRE DESAGUADERO","SOYA, torta",78500,"SACO(S)","BOLIVIA"
"8960","2022",4,"OFICINA PUESTO DE CONTROL MARITIMO - PROV. CONST. DEL CALLAO","ARROZ, grano pilado",175000,"SACO(S)","URUGUAY"
"8961","2022",4,"OFICINA PUESTO DE CONTROL MARITIMO - PROV. CONST. DEL CALLAO","ARROZ, grano pilado",150000,"SACO(S)","URUGUAY"
"8962","2022",4,"OFICINA PUESTO DE CONTROL MARITIMO - PROV. CONST. DEL CALLAO","ARROZ, grano pilado",1e+05,"SACO(S)","URUGUAY"
"8963","2022",4,"PUESTO DE CONTROL TERRESTRE DESAGUADERO","SOYA, torta",87000,"SACO(S)","BOLIVIA"
"8964","2022",4,"PUERTO DE SALAVERRY, LA LIBERTAD","SOYA, pellets",2030000,"GRANEL","CHILE"
"8965","2022",4,"IÑAPARI, MADRE DE DIOS","NUEZ DEL BRASIL, con cáscara seca al natural",56280,"SACO(S)","BRASIL"
"8966","2022",4,"IÑAPARI, MADRE DE DIOS","NUEZ DEL BRASIL, con cáscara seca al natural",28140,"SACO(S)","BRASIL"
"8967","2022",4,"OFICINA PUESTO DE CONTROL MARITIMO - PROV. CONST. DEL CALLAO","MAIZ, harina",42000,"PAQUETES","COLOMBIA"
"8968","2022",4,"OFICINA PUESTO DE CONTROL MARITIMO - PROV. CONST. DEL CALLAO","MAIZ, harina",84000,"PAQUETES","COLOMBIA"
"8969","2022",4,"PUESTO DE CONTROL TERRESTRE DESAGUADERO","SOYA, torta",56000,"GRANEL","BOLIVIA"
"8970","2022",4,"OFICINA PUESTO DE CONTROL AEREO -  PROV. CONST. DEL CALLAO","PIMIENTO, semilla",0.458,"SACHETS","EEUU"
"8971","2022",4,"PUESTO DE CONTROL TERRESTRE DESAGUADERO","SOYA, torta",116000,"SACO(S)","BOLIVIA"
"8972","2022",4,"PUESTO DE CONTROL TERRESTRE DESAGUADERO","SOYA, torta",115000,"SACO(S)","BOLIVIA"
"8973","2022",4,"PUESTO DE CONTROL TERRESTRE DESAGUADERO","SOYA, torta",113000,"SACO(S)","BOLIVIA"
"8974","2022",4,"PUESTO DE CONTROL TERRESTRE DESAGUADERO","SOYA, harina",116000,"SACO(S)","BOLIVIA"
"8975","2022",4,"PUESTO DE CONTROL TERRESTRE DESAGUADERO","SOYA, harina",116000,"SACO(S)","BOLIVIA"
"8976","2022",4,"OFICINA PUESTO DE CONTROL MARITIMO - PROV. CONST. DEL CALLAO","CAUCHO, técnicamente especificado (TSNR)",20400,"PAQUETES","ECUADOR"
"8977","2022",4,"PUESTO DE CONTROL TERRESTRE DESAGUADERO","SOYA, torta",54500,"GRANEL","BOLIVIA"
"8978","2022",4,"PUESTO DE CONTROL TERRESTRE DESAGUADERO","SOYA, torta",84300,"GRANEL","BOLIVIA"
"8979","2022",4,"OFICINA PUESTO DE CONTROL MARITIMO - PROV. CONST. DEL CALLAO","TRIGO, grano",2e+06,"GRANEL","EEUU"
"8980","2022",4,"PUESTO DE CONTROL TERRESTRE DESAGUADERO","SOYA, torta",84450,"GRANEL","BOLIVIA"
"8981","2022",4,"PUESTO DE CONTROL TERRESTRE DESAGUADERO","SOYA, torta",56010,"GRANEL","BOLIVIA"
"8982","2022",4,"PUESTO DE CONTROL TERRESTRE DESAGUADERO","SOYA, torta",50000,"GRANEL","BOLIVIA"
"8983","2022",4,"OFICINA PUESTO DE CONTROL MARITIMO - PROV. CONST. DEL CALLAO","AZUCAR DE CAÑA, solido en bruto",250000,"SACO(S)","GUATEMALA"
"8984","2022",4,"OFICINA PUESTO DE CONTROL AEREO -  PROV. CONST. DEL CALLAO","MAIZ, semilla",39.485,"SOBRES","HUNGRIA"
"8985","2022",4,"OFICINA PUESTO DE CONTROL AEREO -  PROV. CONST. DEL CALLAO","MELON, semilla",0.486249,"SACHETS","HOLANDA"
"8986","2022",4,"OFICINA PUESTO DE CONTROL AEREO -  PROV. CONST. DEL CALLAO","MELON, semilla",0.21,"SACHETS","EEUU"
"8987","2022",4,"OFICINA PUESTO DE CONTROL AEREO -  PROV. CONST. DEL CALLAO","MELON, semilla",2.406293,"SACHETS","HOLANDA"
"8988","2022",4,"PUERTO DE PAITA , PIURA","MAIZ AMARILLO DURO, grano",5400000,"GRANEL","ARGENTINA"
"8989","2022",4,"PUESTO DE CONTROL TERRESTRE DESAGUADERO","SOYA, grano",59980,"SACO(S)","BOLIVIA"
"8990","2022",4,"OFICINA PUESTO DE CONTROL MARITIMO - PROV. CONST. DEL CALLAO","AVENA, grano aplastado o en copos (hojuelas)",52000,"SACO(S)","CHILE"
"8991","2022",4,"PUESTO DE CONTROL- CEBAF","PAJA MACORA, paja seca al natural",1100,"FARDOS","ECUADOR"
"8992","2022",4,"PUESTO DE CONTROL TERRESTRE DESAGUADERO","FREJOL, grano",60000,"SACO(S)","BOLIVIA"
"8993","2022",4,"OFICINA PUESTO DE CONTROL MARITIMO - PROV. CONST. DEL CALLAO","ALGODON, fibra sin cardar ni peinar (>34.92 mm)",34115,"FARDOS","EEUU"
"8994","2022",4,"OFICINA PUESTO DE CONTROL MARITIMO - PROV. CONST. DEL CALLAO","ALPISTE (=PHALARIS), grano",49896,"SACO(S)","CANADA"
"8995","2022",4,"OFICINA PUESTO DE CONTROL MARITIMO - PROV. CONST. DEL CALLAO","ALGODON, fibra sin cardar ni peinar (>28.57 mm = o <34.92 mm)",59340,"FARDOS","EEUU"
"8996","2022",4,"OFICINA PUESTO DE CONTROL MARITIMO - PROV. CONST. DEL CALLAO","CANELA, corteza entera seca al natural",13500,"CAJA(S)","SRI LANKA"
"8997","2022",4,"OFICINA PUESTO DE CONTROL MARITIMO - PROV. CONST. DEL CALLAO","COCO, fibra (para sustrato)",70920,"PALETAS","INDIA"
"8998","2022",4,"OFICINA PUESTO DE CONTROL MARITIMO - PROV. CONST. DEL CALLAO","COCO, fibra (para sustrato)",23560,"PALETAS","INDIA"
"8999","2022",4,"OFICINA PUESTO DE CONTROL MARITIMO - PROV. CONST. DEL CALLAO","COCO, fibra (para sustrato)",23680,"PALETAS","INDIA"
"9000","2022",4,"PUESTO DE CONTROL- CEBAF","PIMIENTA, grano seco al natural",2727,"SACO(S)","ECUADOR"
"9001","2022",4,"OFICINA PUESTO DE CONTROL MARITIMO - PROV. CONST. DEL CALLAO","CANELA, corteza entera seca al natural",12500,"SACO(S)","SRI LANKA"
"9002","2022",4,"PUESTO DE CONTROL TERRESTRE DESAGUADERO","SOYA, grano",57930,"SACO(S)","BOLIVIA"
"9003","2022",4,"OFICINA PUESTO DE CONTROL AEREO -  PROV. CONST. DEL CALLAO","PIMIENTO, semilla",15.663,"SOBRES","HOLANDA"
"9004","2022",4,"OFICINA PUESTO DE CONTROL MARITIMO - PROV. CONST. DEL CALLAO","MANZANA, fruto fresco",10241,"CAJA(S)","CHILE"
"9005","2022",4,"OFICINA PUESTO DE CONTROL MARITIMO - PROV. CONST. DEL CALLAO","PERA, fruta fresca",10656,"CAJA(S)","CHILE"
"9006","2022",4,"OFICINA PUESTO DE CONTROL MARITIMO - PROV. CONST. DEL CALLAO","MANZANA, fruto fresco",19551,"CAJA(S)","CHILE"
"9007","2022",4,"OFICINA PUESTO DE CONTROL MARITIMO - PROV. CONST. DEL CALLAO","MADERA EN BRUTO, las demás con algún proceso de la CRF 2",15989,"UNIDADES","CHILE"
"9008","2022",4,"OFICINA PUESTO DE CONTROL MARITIMO - PROV. CONST. DEL CALLAO","MANZANA, fruto fresco",20580,"CAJA(S)","EEUU"
"9009","2022",4,"OFICINA PUESTO DE CONTROL MARITIMO - PROV. CONST. DEL CALLAO","LENTEJA, grano",74844,"SACO(S)","CANADA"
"9010","2022",4,"PUESTO DE CONTROL TERRESTRE DESAGUADERO","SOYA, torta",28870,"SACO(S)","BOLIVIA"
"9011","2022",4,"OFICINA PUESTO DE CONTROL MARITIMO - PROV. CONST. DEL CALLAO","BOLDO, polvo",3325,"SACO(S)","ALEMANIA"
"9012","2022",4,"OFICINA PUESTO DE CONTROL MARITIMO - PROV. CONST. DEL CALLAO","COMPLEMENTOS ALIMENTICIOS, mezclas o extractos de plantas",825,"SACO(S)","ALEMANIA"
"9013","2022",4,"OFICINA PUESTO DE CONTROL MARITIMO - PROV. CONST. DEL CALLAO","ALGODON, fibra sin cardar ni peinar (>22.22 mm = o <28.57 mm)",38102,"FARDOS","EEUU"
"9014","2022",4,"PUESTO DE CONTROL TERRESTRE DESAGUADERO","SOYA, grano",56000,"GRANEL","BOLIVIA"
"9015","2022",4,"PUESTO DE CONTROL TERRESTRE DESAGUADERO","SOYA, grano",28000,"GRANEL","BOLIVIA"
"9016","2022",4,"PUESTO DE CONTROL TERRESTRE DESAGUADERO","SOYA, grano",54980,"GRANEL","BOLIVIA"
"9017","2022",4,"OFICINA PUESTO DE CONTROL MARITIMO - PROV. CONST. DEL CALLAO","TURBA",234452,"BIG BAG","LETONIA"
"9018","2022",4,"OFICINA PUESTO DE CONTROL MARITIMO - PROV. CONST. DEL CALLAO","TURBA",50740,"PACAS","LITUANIA"
"9019","2022",4,"PUESTO DE CONTROL TERRESTRE DESAGUADERO","SOYA, torta",115000,"SACO(S)","BOLIVIA"
"9020","2022",4,"PUESTO DE CONTROL TERRESTRE DESAGUADERO","SOYA, torta",114000,"SACO(S)","BOLIVIA"
"9021","2022",4,"SANTA ROSA, TACNA","SALVADOS, moyuelos y demas residuos del cernido, de la molienda o de otros tratamientos del trigo",84000,"SACO(S)","CHILE"
"9022","2022",4,"PUESTO DE CONTROL TERRESTRE DESAGUADERO","SOYA, torta",116000,"SACO(S)","BOLIVIA"
"9023","2022",4,"PUESTO DE CONTROL TERRESTRE DESAGUADERO","SOYA, torta",143500,"SACO(S)","BOLIVIA"
"9024","2022",4,"OFICINA PUESTO DE CONTROL MARITIMO - PROV. CONST. DEL CALLAO","ALGODON, fibra sin cardar ni peinar (>22.22 mm = o <28.57 mm)",60210,"FARDOS","EEUU"
"9025","2022",4,"PUESTO DE CONTROL TERRESTRE DESAGUADERO","SOYA, harina",87000,"SACO(S)","BOLIVIA"
"9026","2022",4,"IÑAPARI, MADRE DE DIOS","NUEZ DEL BRASIL, con cáscara seca al natural",27945,"SACO(S)","BOLIVIA"
"9027","2022",4,"OFICINA PUESTO DE CONTROL MARITIMO - PROV. CONST. DEL CALLAO","PIMIENTA, grano seco al natural",26000,"SACO(S)","BRASIL"
"9028","2022",4,"OFICINA PUESTO DE CONTROL AEREO -  PROV. CONST. DEL CALLAO","MAIZ, semilla",15.9,"SOBRES","CHILE"
"9029","2022",4,"PUESTO DE CONTROL TERRESTRE DESAGUADERO","SOYA, torta",172000,"SACO(S)","BOLIVIA"
"9030","2022",4,"PUESTO DE CONTROL TERRESTRE DESAGUADERO","SOYA, torta",145000,"SACO(S)","BOLIVIA"
"9031","2022",4,"OFICINA PUESTO DE CONTROL MARITIMO - PROV. CONST. DEL CALLAO","PAPA, hojuelas y pellets",18140,"BOLSAS","EEUU"
"9032","2022",4,"PUESTO DE CONTROL TERRESTRE DESAGUADERO","SOYA, torta",140000,"GRANEL","BOLIVIA"
"9033","2022",4,"PUESTO DE CONTROL TERRESTRE DESAGUADERO","SOYA, torta",85940,"GRANEL","BOLIVIA"
"9034","2022",4,"PUESTO DE CONTROL TERRESTRE DESAGUADERO","SOYA, torta",56000,"GRANEL","BOLIVIA"
"9035","2022",4,"PUESTO DE CONTROL TERRESTRE DESAGUADERO","SOYA, torta",141000,"GRANEL","BOLIVIA"
"9036","2022",4,"PUESTO DE CONTROL TERRESTRE DESAGUADERO","SOYA, torta",84000,"GRANEL","BOLIVIA"
"9037","2022",4,"PUESTO DE CONTROL TERRESTRE DESAGUADERO","SOYA, torta",103000,"GRANEL","BOLIVIA"
"9038","2022",4,"PUESTO DE CONTROL TERRESTRE DESAGUADERO","SOYA, torta",27200,"GRANEL","BOLIVIA"
"9039","2022",4,"PUESTO DE CONTROL TERRESTRE DESAGUADERO","SOYA, torta",140000,"GRANEL","BOLIVIA"
"9040","2022",4,"OFICINA PUESTO DE CONTROL MARITIMO - PROV. CONST. DEL CALLAO","YUTE, sacos",25780,"SACO(S)","INDIA"
"9041","2022",4,"PUESTO DE CONTROL TERRESTRE DESAGUADERO","SOYA, grano",56000,"GRANEL","BOLIVIA"
"9042","2022",4,"PUESTO DE CONTROL TERRESTRE DESAGUADERO","SOYA, grano",55000,"GRANEL","BOLIVIA"
"9043","2022",4,"PUESTO DE CONTROL TERRESTRE DESAGUADERO","SOYA, grano",57000,"GRANEL","BOLIVIA"
"9044","2022",4,"PUESTO DE CONTROL TERRESTRE DESAGUADERO","SOYA, grano",28000,"GRANEL","BOLIVIA"
"9045","2022",4,"PUESTO DE CONTROL TERRESTRE DESAGUADERO","SOYA, grano",28000,"GRANEL","BOLIVIA"
"9046","2022",4,"PUESTO DE CONTROL TERRESTRE DESAGUADERO","SOYA, grano",28000,"GRANEL","BOLIVIA"
"9047","2022",4,"PUESTO DE CONTROL TERRESTRE DESAGUADERO","SOYA, grano",28000,"GRANEL","BOLIVIA"
"9048","2022",4,"PUESTO DE CONTROL TERRESTRE DESAGUADERO","SOYA, grano",54500,"GRANEL","BOLIVIA"
"9049","2022",4,"OFICINA PUESTO DE CONTROL MARITIMO - PROV. CONST. DEL CALLAO","CEBOLLA, triturada o pulverizada",261.274,"CAJA(S)","EEUU"
"9050","2022",4,"PUESTO DE CONTROL- CEBAF","ROSA, flores frescas cortadas",3150,"CAJA(S)","ECUADOR"
"9051","2022",4,"PUESTO DE CONTROL- CEBAF","CLAVEL, flores frescas cortadas",450,"CAJA(S)","ECUADOR"
"9052","2022",4,"PUESTO DE CONTROL TERRESTRE DESAGUADERO","SOYA, torta",115000,"SACO(S)","BOLIVIA"
"9053","2022",4,"PUESTO DE CONTROL TERRESTRE DESAGUADERO","SOYA, torta",115000,"SACO(S)","BOLIVIA"
"9054","2022",4,"PUESTO DE CONTROL TERRESTRE DESAGUADERO","SOYA, torta",115500,"SACO(S)","BOLIVIA"
"9055","2022",4,"PUESTO DE CONTROL TERRESTRE DESAGUADERO","SOYA, torta",115500,"SACO(S)","BOLIVIA"
"9056","2022",4,"PUESTO DE CONTROL- CEBAF","ROSA, flores frescas cortadas",5073,"CAJA(S)","ECUADOR"
"9057","2022",4,"PUESTO DE CONTROL- CEBAF","CLAVEL, flores frescas cortadas",575,"CAJA(S)","ECUADOR"
"9058","2022",4,"OFICINA PUESTO DE CONTROL MARITIMO - PROV. CONST. DEL CALLAO","NARANJA, fruto fresco",17195,"CAJA(S)","EEUU"
"9059","2022",4,"PUESTO DE CONTROL TERRESTRE DESAGUADERO","SOYA, harina",87000,"SACO(S)","BOLIVIA"
"9060","2022",4,"PUESTO DE CONTROL TERRESTRE DESAGUADERO","SOYA, torta",116000,"SACO(S)","BOLIVIA"
"9061","2022",4,"PUESTO DE CONTROL TERRESTRE DESAGUADERO","SOYA, harina",142500,"SACO(S)","BOLIVIA"
"9062","2022",4,"PUESTO DE CONTROL TERRESTRE DESAGUADERO","SOYA, torta",84000,"SACO(S)","BOLIVIA"
"9063","2022",4,"OFICINA PUESTO DE CONTROL MARITIMO - PROV. CONST. DEL CALLAO","MAIZ AMARILLO DURO, grano",7418249,"GRANEL","ARGENTINA"
"9064","2022",4,"PUERTO DE SALAVERRY, LA LIBERTAD","MAIZ AMARILLO DURO, grano",10573445,"GRANEL","ARGENTINA"
"9065","2022",4,"PUERTO DE SALAVERRY, LA LIBERTAD","MAIZ AMARILLO DURO, grano",5426555,"GRANEL","ARGENTINA"
"9066","2022",4,"PUERTO DE SALAVERRY, LA LIBERTAD","TRIGO, grano",12090000,"GRANEL","ARGENTINA"
"9067","2022",4,"PUESTO DE CONTROL TERRESTRE DESAGUADERO","SOYA, torta",116500,"SACO(S)","BOLIVIA"
"9068","2022",4,"OFICINA PUESTO DE CONTROL MARITIMO - PROV. CONST. DEL CALLAO","TURBA",101520,"BIG BAG","HOLANDA"
"9069","2022",4,"PUESTO DE CONTROL TERRESTRE DESAGUADERO","SOYA, torta",176000,"SACO(S)","BOLIVIA"
"9070","2022",4,"PUESTO DE CONTROL TERRESTRE DESAGUADERO","SOYA, torta",1e+05,"GRANEL","BOLIVIA"
"9071","2022",4,"PUESTO DE CONTROL TERRESTRE DESAGUADERO","SOYA, torta",28000,"GRANEL","BOLIVIA"
"9072","2022",4,"PUESTO DE CONTROL TERRESTRE DESAGUADERO","SOYA, torta",54000,"GRANEL","BOLIVIA"
"9073","2022",4,"PUESTO DE CONTROL TERRESTRE DESAGUADERO","SOYA, torta",54000,"GRANEL","BOLIVIA"
"9074","2022",4,"OFICINA PUESTO DE CONTROL MARITIMO - PROV. CONST. DEL CALLAO","CAUCHO, técnicamente especificado (TSNR)",60480,"PIEZAS","CHILE"
"9075","2022",4,"PUESTO DE CONTROL TERRESTRE DESAGUADERO","SOYA, torta",112000,"SACO(S)","BOLIVIA"
"9076","2022",4,"OFICINA PUESTO DE CONTROL MARITIMO - PROV. CONST. DEL CALLAO","UVA (PASAS), secas industrialmente",20000,"CAJA(S)","CHILE"
"9077","2022",4,"OFICINA PUESTO DE CONTROL MARITIMO - PROV. CONST. DEL CALLAO","LENTEJA, grano",25991,"SACO(S)","CANADA"
"9078","2022",4,"PUESTO DE CONTROL- CEBAF","Las demás coniferas, las demas maderas aserradas o desbastadas longitudinalmente, cortada o desenrollada, incluso cepillada,lijada o unida por lo extremos, de espesor superior a 6 mm, con algun tratamiento de la CRF 2",46410,"PIEZAS","ECUADOR"
"9079","2022",4,"OFICINA PUESTO DE CONTROL MARITIMO - PROV. CONST. DEL CALLAO","TRIGO, gluten",25000,"BOLSAS","HOLANDA"
"9080","2022",4,"OFICINA PUESTO DE CONTROL MARITIMO - PROV. CONST. DEL CALLAO","TRIGO, gluten",20000,"BOLSAS","BELGICA"
"9081","2022",4,"OFICINA PUESTO DE CONTROL MARITIMO - PROV. CONST. DEL CALLAO","AZUCAR CRUDA, sólido",490995,"SACO(S)","GUATEMALA"
"9082","2022",4,"PUESTO DE CONTROL- CEBAF","ROSA, flores frescas cortadas",7820,"CAJA(S)","ECUADOR"
"9083","2022",4,"PUESTO DE CONTROL- CEBAF","ROSA, flores frescas cortadas",7820,"CAJA(S)","ECUADOR"
"9084","2022",4,"OFICINA PUESTO DE CONTROL MARITIMO - PROV. CONST. DEL CALLAO","TRACTOR AGRICOLA USADO, con motor de potencia superior a 75 kW pero inferior o igual a 130 kW",17490,"UNIDADES","EEUU"
"9085","2022",4,"OFICINA PUESTO DE CONTROL MARITIMO - PROV. CONST. DEL CALLAO","ALGODON, fibra sin cardar ni peinar (>28.57 mm = o <34.92 mm)",98130,"FARDOS","EEUU"
"9086","2022",4,"OFICINA PUESTO DE CONTROL MARITIMO - PROV. CONST. DEL CALLAO","LENTEJA, grano",52616,"SACO(S)","CANADA"
"9087","2022",4,"PUESTO DE CONTROL- CEBAF","CAÑA DE GUAYAQUIL, seca al natural",34000,"UNIDADES","ECUADOR"
"9088","2022",4,"SANTA ROSA, TACNA","ARROZ, grano pilado",84000,"SACO(S)","PARAGUAY"
"9089","2022",4,"PUESTO DE CONTROL TERRESTRE DESAGUADERO","SOYA, grano",86000,"GRANEL","BOLIVIA"
"9090","2022",4,"PUESTO DE CONTROL TERRESTRE DESAGUADERO","SOYA, grano",171000,"GRANEL","BOLIVIA"
"9091","2022",4,"OFICINA PUESTO DE CONTROL AEREO -  PROV. CONST. DEL CALLAO","ALGARROBO, grano pulverizado",0.2,"BOLSAS",NA
"9092","2022",4,"OFICINA PUESTO DE CONTROL MARITIMO - PROV. CONST. DEL CALLAO","ARVEJA, grano partido",69399,"SACO(S)","EEUU"
"9093","2022",4,"OFICINA PUESTO DE CONTROL MARITIMO - PROV. CONST. DEL CALLAO","MADERA, láminas para chapado
",3915,"PIEZAS","CHINA"
"9094","2022",4,"OFICINA PUESTO DE CONTROL MARITIMO - PROV. CONST. DEL CALLAO","MAIZ AMARILLO DURO, grano",27520250,"GRANEL","ARGENTINA"
"9095","2022",4,"PUESTO DE CONTROL TERRESTRE DESAGUADERO","SOYA, torta",85000,"GRANEL","BOLIVIA"
"9096","2022",4,"PUESTO DE CONTROL TERRESTRE DESAGUADERO","SOYA, torta",28500,"GRANEL","BOLIVIA"
"9097","2022",4,"PUESTO DE CONTROL TERRESTRE DESAGUADERO","SOYA, torta",56000,"GRANEL","BOLIVIA"
"9098","2022",4,"PUESTO DE CONTROL TERRESTRE DESAGUADERO","SOYA, torta",84000,"GRANEL","BOLIVIA"
"9099","2022",4,"IÑAPARI, MADRE DE DIOS","NUEZ DEL BRASIL, con cáscara seca al natural",28140,"SACO(S)","BRASIL"
"9100","2022",4,"OFICINA PUESTO DE CONTROL MARITIMO - PROV. CONST. DEL CALLAO","UVA (PASAS), secas industrialmente",40000,"CAJA(S)","CHILE"
"9101","2022",4,"OFICINA PUESTO DE CONTROL MARITIMO - PROV. CONST. DEL CALLAO","UVA (PASAS), secas industrialmente",20000,"CAJA(S)","CHILE"
"9102","2022",4,"OFICINA PUESTO DE CONTROL MARITIMO - PROV. CONST. DEL CALLAO","ALGODON, fibra sin cardar ni peinar (>22.22 mm = o <28.57 mm)",18040.5,"FARDOS","EEUU"
"9103","2022",4,"OFICINA PUESTO DE CONTROL MARITIMO - PROV. CONST. DEL CALLAO","MANI, grano sin cáscara",25000,"BIG BAG","BRASIL"
"9104","2022",4,"PUESTO DE CONTROL TERRESTRE DESAGUADERO","SOYA, harina",75500,"SACO(S)","BOLIVIA"
"9105","2022",4,"PUESTO DE CONTROL TERRESTRE DESAGUADERO","SOYA, torta",116000,"SACO(S)","BOLIVIA"
"9106","2022",4,"OFICINA PUESTO DE CONTROL AEREO -  PROV. CONST. DEL CALLAO","ZANAHORIA, semilla",29.657,"SACHETS","FRANCIA"
"9107","2022",4,"OFICINA PUESTO DE CONTROL AEREO -  PROV. CONST. DEL CALLAO","PIMIENTO, semilla",7.702,"SACHETS","FRANCIA"
"9108","2022",4,"OFICINA PUESTO DE CONTROL AEREO -  PROV. CONST. DEL CALLAO","COLIFLOR, semilla",1.232,"SACHETS","FRANCIA"
"9109","2022",4,"OFICINA PUESTO DE CONTROL MARITIMO - PROV. CONST. DEL CALLAO","MANZANA, fruto fresco",19551,"CAJA(S)","CHILE"
"9110","2022",4,"OFICINA PUESTO DE CONTROL MARITIMO - PROV. CONST. DEL CALLAO","ALGODON, fibra sin cardar ni peinar (>34.92 mm)",239390,"FARDOS","EEUU"
"9111","2022",4,"PUESTO DE CONTROL TERRESTRE DESAGUADERO","SOYA, harina",145000,"SACO(S)","BOLIVIA"
"9112","2022",4,"SANTA ROSA, TACNA","PERA, fruta fresca",23040,"CAJA(S)","CHILE"
"9113","2022",4,"SANTA ROSA, TACNA","KIWI, fruto fresco",20160,"CAJA(S)","CHILE"
"9114","2022",4,"OFICINA PUESTO DE CONTROL AEREO -  PROV. CONST. DEL CALLAO","PEPINILLO, semilla",137,"SOBRES","EEUU"
"9115","2022",4,"OFICINA PUESTO DE CONTROL MARITIMO - PROV. CONST. DEL CALLAO","TE VERDE, hoja polvo",20,"TAMBORES","CHINA"
"9116","2022",4,"OFICINA PUESTO DE CONTROL MARITIMO - PROV. CONST. DEL CALLAO","GARBANZO, grano",44000,"SACO(S)","MEXICO"
"9117","2022",4,"OFICINA PUESTO DE CONTROL MARITIMO - PROV. CONST. DEL CALLAO","GARBANZO, grano",44000,"SACO(S)","MEXICO"
"9118","2022",4,"PUESTO DE CONTROL TERRESTRE DESAGUADERO","SOYA, torta",56950,"GRANEL","BOLIVIA"
"9119","2022",4,"PUESTO DE CONTROL TERRESTRE DESAGUADERO","MANI, grano sin cáscara",58000,"SACO(S)","BOLIVIA"
"9120","2022",4,"PUESTO DE CONTROL- CEBAF","ROSA, flores frescas cortadas",3364,"CAJA(S)","ECUADOR"
"9121","2022",4,"PUESTO DE CONTROL- CEBAF","CRISANTEMO, los demas flores frescas cortadas",1205,"CAJA(S)","ECUADOR"
"9122","2022",4,"PUESTO DE CONTROL TERRESTRE DESAGUADERO","FREJOL, grano",87000,"SACO(S)","BOLIVIA"
"9123","2022",4,"PUESTO DE CONTROL- CEBAF","ROSA, flores frescas cortadas",7820,"CAJA(S)","ECUADOR"
"9124","2022",4,"PUESTO DE CONTROL- CEBAF","ROSA, flores frescas cortadas",7820,"CAJA(S)","ECUADOR"
"9125","2022",4,"PUERTO DE PAITA , PIURA","YUTE, sacos",25840,"SACO(S)","BANGLADESH"
"9126","2022",4,"PUESTO DE CONTROL TERRESTRE DESAGUADERO","SOYA, torta",140000,"GRANEL","BOLIVIA"
"9127","2022",4,"PUESTO DE CONTROL TERRESTRE DESAGUADERO","SOYA, torta",54500,"GRANEL","BOLIVIA"
"9128","2022",4,"PUESTO DE CONTROL TERRESTRE DESAGUADERO","SOYA, torta",56000,"GRANEL","BOLIVIA"
"9129","2022",4,"PUESTO DE CONTROL TERRESTRE DESAGUADERO","SOYA, torta",86000,"GRANEL","BOLIVIA"
"9130","2022",4,"PUESTO DE CONTROL TERRESTRE DESAGUADERO","FREJOL, grano",29000,"SACO(S)","BOLIVIA"
"9131","2022",4,"OFICINA PUESTO DE CONTROL MARITIMO - PROV. CONST. DEL CALLAO","ACHIOTE, grano",50000,"SACO(S)","COSTA DE MARFIL"
"9132","2022",4,"OFICINA PUESTO DE CONTROL MARITIMO - PROV. CONST. DEL CALLAO","MANZANA, fruto fresco",18200,"CAJA(S)","EEUU"
"9133","2022",4,"OFICINA PUESTO DE CONTROL MARITIMO - PROV. CONST. DEL CALLAO","MANZANA, fruto fresco",18060,"CAJA(S)","EEUU"
"9134","2022",4,"OFICINA PUESTO DE CONTROL MARITIMO - PROV. CONST. DEL CALLAO","PERA, fruta fresca",21168,"CAJA(S)","CHILE"
"9135","2022",4,"PUESTO DE CONTROL TERRESTRE DESAGUADERO","SOYA, harina",145000,"SACO(S)","BOLIVIA"
"9136","2022",4,"OFICINA PUESTO DE CONTROL MARITIMO - PROV. CONST. DEL CALLAO","MANZANA, fruto fresco",18200,"CAJA(S)","EEUU"
"9137","2022",4,"OFICINA PUESTO DE CONTROL MARITIMO - PROV. CONST. DEL CALLAO","CEBOLLA, seca industrial",3000,"CAJA(S)","CHINA"
"9138","2022",4,"OFICINA PUESTO DE CONTROL MARITIMO - PROV. CONST. DEL CALLAO","MAIZ AMARILLO DURO, grano",3035240,"GRANEL","ARGENTINA"
"9139","2022",4,"PUESTO DE CONTROL TERRESTRE DESAGUADERO","SOYA, grano",27990,"GRANEL","BOLIVIA"
"9140","2022",4,"OFICINA PUESTO DE CONTROL MARITIMO - PROV. CONST. DEL CALLAO","MOSTAZA, grano con algún proceso de la CRF 2",120200,"BOLSAS","CANADA"
"9141","2022",4,"PUESTO DE CONTROL TERRESTRE DESAGUADERO","SOYA, torta",28870,"SACO(S)","BOLIVIA"
"9142","2022",4,"OFICINA PUESTO DE CONTROL MARITIMO - PROV. CONST. DEL CALLAO","TURBA",41744,"PACAS","ESTONIA"
"9143","2022",4,"OFICINA PUESTO DE CONTROL MARITIMO - PROV. CONST. DEL CALLAO","TURBA",211956,"PACAS","ESTONIA"
"9144","2022",4,"OFICINA PUESTO DE CONTROL MARITIMO - PROV. CONST. DEL CALLAO","ALGODON, fibra sin cardar ni peinar (>22.22 mm = o <28.57 mm)",195550,"FARDOS","EEUU"
"9145","2022",4,"PUESTO DE CONTROL TERRESTRE DESAGUADERO","SOYA, torta",82630,"GRANEL","BOLIVIA"
"9146","2022",4,"OFICINA PUESTO DE CONTROL MARITIMO - PROV. CONST. DEL CALLAO","MANZANA, fruto fresco",20580,"CAJA(S)","EEUU"
"9147","2022",4,"OFICINA PUESTO DE CONTROL MARITIMO - PROV. CONST. DEL CALLAO","ALGODON, fibra sin cardar ni peinar (>34.92 mm)",98360,"FARDOS","EEUU"
"9148","2022",4,"PUESTO DE CONTROL TERRESTRE DESAGUADERO","SOYA, torta",145000,"SACO(S)","BOLIVIA"
"9149","2022",4,"PUESTO DE CONTROL TERRESTRE DESAGUADERO","SOYA, harina",174000,"SACO(S)","BOLIVIA"
"9150","2022",4,"OFICINA PUESTO DE CONTROL MARITIMO - PROV. CONST. DEL CALLAO","ALGODON, fibra sin cardar ni peinar (>28.57 mm = o <34.92 mm)",19950,"FARDOS","EEUU"
"9151","2022",4,"PUESTO DE CONTROL TERRESTRE DESAGUADERO","SOYA, torta",117000,"SACO(S)","BOLIVIA"
"9152","2022",4,"OFICINA PUESTO DE CONTROL AEREO -  PROV. CONST. DEL CALLAO","PINO, semilla",200,"CAJA(S)","CHILE"
"9153","2022",4,"PUESTO DE CONTROL TERRESTRE DESAGUADERO","SOYA, torta",85500,"GRANEL","BOLIVIA"
"9154","2022",4,"PUESTO DE CONTROL TERRESTRE DESAGUADERO","SOYA, torta",84000,"GRANEL","BOLIVIA"
"9155","2022",4,"SANTA ROSA, TACNA","PALTA, fruto fresco",24448,"CAJA(S)","CHILE"
"9156","2022",4,"PUESTO DE CONTROL TERRESTRE DESAGUADERO","SOYA, torta",56650,"GRANEL","BOLIVIA"
"9157","2022",4,"IÑAPARI, MADRE DE DIOS","NUEZ DEL BRASIL, con cáscara seca al natural",27945,"SACO(S)","BOLIVIA"
"9158","2022",4,"IÑAPARI, MADRE DE DIOS","NUEZ DEL BRASIL, con cáscara seca al natural",27945,"SACO(S)","BOLIVIA"
"9159","2022",4,"OFICINA PUESTO DE CONTROL MARITIMO - PROV. CONST. DEL CALLAO","ARVEJA, grano partido",74844,"SACO(S)","EEUU"
"9160","2022",4,"SANTA ROSA, TACNA","MANZANA, fruto fresco",15680,"CAJA(S)","CHILE"
"9161","2022",4,"SANTA ROSA, TACNA","PERA, fruta fresca",8064,"CAJA(S)","CHILE"
"9162","2022",4,"OFICINA PUESTO DE CONTROL MARITIMO - PROV. CONST. DEL CALLAO","MANZANA, fruto fresco",20580,"CAJA(S)","EEUU"
"9163","2022",4,"OFICINA PUESTO DE CONTROL MARITIMO - PROV. CONST. DEL CALLAO","MANZANA, fruto fresco",20580,"CAJA(S)","EEUU"
"9164","2022",4,"OFICINA PUESTO DE CONTROL MARITIMO - PROV. CONST. DEL CALLAO","KIWI, fruto fresco",17200,"CAJA(S)","CHILE"
"9165","2022",4,"SANTA ROSA, TACNA","MANZANA, fruto fresco",22344,"CAJA(S)","CHILE"
"9166","2022",4,"OFICINA PUESTO DE CONTROL MARITIMO - PROV. CONST. DEL CALLAO","MIMBRE, artículos de cestería (canasta, cestos u otros)",119.177,"CAJA(S)","EL SALVADOR"
"9167","2022",4,"OFICINA PUESTO DE CONTROL MARITIMO - PROV. CONST. DEL CALLAO","Los demas articulos de cesteria con algun proceso de CRF 2",5.911,"CAJA(S)","EL SALVADOR"
"9168","2022",4,"OFICINA PUESTO DE CONTROL MARITIMO - PROV. CONST. DEL CALLAO","BAMBU, artículos de cestería obtenidos directamente en su forma con materia trenzable con algún proceso de la CRF 2",434.771,"CAJA(S)","CHINA"
"9169","2022",4,"OFICINA PUESTO DE CONTROL MARITIMO - PROV. CONST. DEL CALLAO","COCO, artículos de cestería",259.761,"CAJA(S)","CHINA"
"9170","2022",4,"OFICINA PUESTO DE CONTROL MARITIMO - PROV. CONST. DEL CALLAO","YUTE, tejido o de las demas fibras textiles con algun proceso de CRF2",258.333,"CAJA(S)","CHINA"
"9171","2022",4,"OFICINA PUESTO DE CONTROL MARITIMO - PROV. CONST. DEL CALLAO","TRIGO, gluten",42000,"SACO(S)","LITUANIA"
"9172","2022",4,"SANTA ROSA, TACNA","PERA, fruta fresca",23670,"CAJA(S)","CHILE"
"9173","2022",4,"SANTA ROSA, TACNA","LAS DEMAS PLANTAS, partes de plantas, semillas y frutos de especies utilizadas principalmente en perfumeria,medicina insecticidas o similares con algún proceso del a CRF 2",150,"UNIDADES","CHILE"
"9174","2022",4,"SANTA ROSA, TACNA","PALO SANTO, trozos secos",392,"SACO(S)","CHILE"
"9175","2022",4,"PUESTO DE CONTROL- CEBAF","Las demas partes de maquinas, aparatos y artefactos de cosecha o trillar, maquinarias para limpieza, usadas
",5550,"UNIDADES","ECUADOR"
"9176","2022",4,"PUESTO DE CONTROL TERRESTRE DESAGUADERO","SOYA, torta",27670,"GRANEL","BOLIVIA"
"9177","2022",4,"PUESTO DE CONTROL TERRESTRE DESAGUADERO","SOYA, torta",84000,"GRANEL","BOLIVIA"
"9178","2022",4,"PUESTO DE CONTROL TERRESTRE DESAGUADERO","SOYA, torta",54000,"GRANEL","BOLIVIA"
"9179","2022",4,"PUESTO DE CONTROL TERRESTRE DESAGUADERO","SOYA, torta",28000,"GRANEL","BOLIVIA"
"9180","2022",4,"PUESTO DE CONTROL TERRESTRE DESAGUADERO","SOYA, torta",112000,"GRANEL","BOLIVIA"
"9181","2022",4,"PUESTO DE CONTROL TERRESTRE DESAGUADERO","SOYA, torta",30000,"GRANEL","BOLIVIA"
"9182","2022",4,"PUESTO DE CONTROL TERRESTRE DESAGUADERO","SOYA, torta",57370,"GRANEL","BOLIVIA"
"9183","2022",4,"OFICINA PUESTO DE CONTROL MARITIMO - PROV. CONST. DEL CALLAO","PINO, madera aserrada con algún proceso de la CRF2",88756,"PAQUETES","CHILE"
"9184","2022",4,"OFICINA PUESTO DE CONTROL MARITIMO - PROV. CONST. DEL CALLAO","PINO, madera aserrada con algún proceso de la CRF2",46013,"PAQUETES","CHILE"
"9185","2022",4,"PUESTO DE CONTROL TERRESTRE DESAGUADERO","SOYA, torta",78000,"GRANEL","BOLIVIA"
"9186","2022",4,"PUESTO DE CONTROL TERRESTRE DESAGUADERO","SOYA, torta",27610,"GRANEL","BOLIVIA"
"9187","2022",4,"PUESTO DE CONTROL TERRESTRE DESAGUADERO","SOYA, torta",57980,"GRANEL","BOLIVIA"
"9188","2022",4,"OFICINA PUESTO DE CONTROL MARITIMO - PROV. CONST. DEL CALLAO","ALGODON, fibra sin cardar ni peinar (>34.92 mm)",206488,"FARDOS","EEUU"
"9189","2022",4,"OFICINA PUESTO DE CONTROL MARITIMO - PROV. CONST. DEL CALLAO","ALGODON, fibra sin cardar ni peinar (>22.22 mm = o <28.57 mm)",20000.71,"FARDOS","EEUU"
"9190","2022",4,"PUESTO DE CONTROL TERRESTRE DESAGUADERO","SOYA, torta",56000,"GRANEL","BOLIVIA"
"9191","2022",4,"SANTA ROSA, TACNA","MANZANA, fruto fresco",22540,"CAJA(S)","CHILE"
"9192","2022",4,"PUESTO DE CONTROL TERRESTRE DESAGUADERO","SOYA, grano",28000,"GRANEL","BOLIVIA"
"9193","2022",4,"PUESTO DE CONTROL TERRESTRE DESAGUADERO","SOYA, grano",50000,"GRANEL","BOLIVIA"
"9194","2022",4,"OFICINA PUESTO DE CONTROL MARITIMO - PROV. CONST. DEL CALLAO","TURBA",26470,"BIG BAG","LETONIA"
"9195","2022",4,"PUESTO DE CONTROL TERRESTRE DESAGUADERO","FREJOL NEGRO, grano",58000,"SACO(S)","BOLIVIA"
"9196","2022",4,"SANTA ROSA, TACNA","UVA, fruta fresca",22080,"CAJA(S)","CHILE"
"9197","2022",4,"OFICINA PUESTO DE CONTROL AEREO -  PROV. CONST. DEL CALLAO","CEBOLLA, semilla",0.2,"BOLSAS","JAPON"
"9198","2022",4,"OFICINA PUESTO DE CONTROL AEREO -  PROV. CONST. DEL CALLAO","BROCOLI, semilla",0.7,"BOLSAS","JAPON"
"9199","2022",4,"OFICINA PUESTO DE CONTROL AEREO -  PROV. CONST. DEL CALLAO","COL CHINA, semilla",0.05,"BOLSAS","JAPON"
"9200","2022",4,"OFICINA PUESTO DE CONTROL AEREO -  PROV. CONST. DEL CALLAO","COL, semilla",0.2,"BOLSAS","JAPON"
"9201","2022",4,"OFICINA PUESTO DE CONTROL MARITIMO - PROV. CONST. DEL CALLAO","LENTEJA, grano",49714,"SACO(S)","CANADA"
"9202","2022",4,"OFICINA PUESTO DE CONTROL MARITIMO - PROV. CONST. DEL CALLAO","PINO, madera aserrada con algún proceso de la CRF2",104540,"PAQUETES","CHILE"
"9203","2022",4,"PUESTO DE CONTROL TERRESTRE DESAGUADERO","SOYA, grano",116000,"SACO(S)","BOLIVIA"
"9204","2022",4,"PUESTO DE CONTROL TERRESTRE DESAGUADERO","MANI, grano sin cáscara",29000,"SACO(S)","BOLIVIA"
"9205","2022",4,"OFICINA PUESTO DE CONTROL AEREO -  PROV. CONST. DEL CALLAO","PAPAYA, semilla",6.639,"SACHETS","FILIPINAS"
"9206","2022",4,"OFICINA PUESTO DE CONTROL AEREO -  PROV. CONST. DEL CALLAO","CEBOLLA, semilla",235.432,"SACHETS","EEUU"
"9207","2022",4,"SANTA ROSA, TACNA","MANZANA, fruto fresco",22442,"CAJA(S)","CHILE"
"9208","2022",4,"SANTA ROSA, TACNA","KIWI, fruto fresco",21840,"CAJA(S)","CHILE"
"9209","2022",4,"SANTA ROSA, TACNA","ARROZ, grano pilado",84000,"SACO(S)","PARAGUAY"
"9210","2022",4,"SANTA ROSA, TACNA","MANZANA, fruto fresco",22344,"CAJA(S)","CHILE"
"9211","2022",4,"OFICINA PUESTO DE CONTROL MARITIMO - PROV. CONST. DEL CALLAO","ARVEJA, grano partido",74844,"SACO(S)","EEUU"
"9212","2022",4,"SANTA ROSA, TACNA","PERA, fruta fresca",4410,"CAJA(S)","CHILE"
"9213","2022",4,"SANTA ROSA, TACNA","MANZANA, fruto fresco",18620,"CAJA(S)","CHILE"
"9214","2022",4,"SANTA ROSA, TACNA","PERA, fruta fresca",4410,"CAJA(S)","CHILE"
"9215","2022",4,"SANTA ROSA, TACNA","MANZANA, fruto fresco",18620,"CAJA(S)","CHILE"
"9216","2022",4,"OFICINA PUESTO DE CONTROL MARITIMO - PROV. CONST. DEL CALLAO","NARANJA, fruto fresco",15419,"CAJA(S)","EEUU"
"9217","2022",4,"OFICINA PUESTO DE CONTROL MARITIMO - PROV. CONST. DEL CALLAO","TORONJA, fruto fresco",2285,"CAJA(S)","EEUU"
"9218","2022",4,"PUESTO DE CONTROL- CEBAF","ROSA, flores frescas cortadas",7820,"CAJA(S)","ECUADOR"
"9219","2022",4,"PUESTO DE CONTROL- CEBAF","ROSA, flores frescas cortadas",7820,"CAJA(S)","ECUADOR"
"9220","2022",4,"SANTA ROSA, TACNA","MANZANA, fruto fresco",4900,"CAJA(S)","CHILE"
"9221","2022",4,"SANTA ROSA, TACNA","KIWI, fruto fresco",7614,"CAJA(S)","CHILE"
"9222","2022",4,"SANTA ROSA, TACNA","PERA, fruta fresca",10368,"CAJA(S)","CHILE"
"9223","2022",4,"SANTA ROSA, TACNA","PERA, fruta fresca",7488,"CAJA(S)","CHILE"
"9224","2022",4,"SANTA ROSA, TACNA","MANZANA, fruto fresco",6860,"CAJA(S)","CHILE"
"9225","2022",4,"SANTA ROSA, TACNA","KIWI, fruto fresco",9600,"CAJA(S)","CHILE"
"9226","2022",4,"OFICINA PUESTO DE CONTROL AEREO -  PROV. CONST. DEL CALLAO","MELON, semilla",0.25,"SACHETS","EEUU"
"9227","2022",4,"OFICINA PUESTO DE CONTROL AEREO -  PROV. CONST. DEL CALLAO","TOMATE, semilla",0.033,"SACHETS","HOLANDA"
"9228","2022",4,"PUESTO DE CONTROL- CEBAF","CAÑA DE GUAYAQUIL, seca al natural",32000,"UNIDADES","ECUADOR"
"9229","2022",4,"OFICINA PUESTO DE CONTROL MARITIMO - PROV. CONST. DEL CALLAO","JACINTO DE AGUA, trenzados o confeccionados con algún proceso de la CRF2",1240,"UNIDADES","VIETNAM"
"9230","2022",4,"OFICINA PUESTO DE CONTROL MARITIMO - PROV. CONST. DEL CALLAO","LINO, peinado o trabajado de otro modo, pero sin hilar",872.95,"CAJA(S)","ITALIA"
"9231","2022",4,"OFICINA PUESTO DE CONTROL AEREO -  PROV. CONST. DEL CALLAO","SANDIA, semilla",1.312,"SACHETS","EEUU"
"9232","2022",4,"OFICINA PUESTO DE CONTROL AEREO -  PROV. CONST. DEL CALLAO","MELON, semilla",0.213,"SACHETS","EEUU"
"9233","2022",4,"OFICINA PUESTO DE CONTROL AEREO -  PROV. CONST. DEL CALLAO","PEPINILLO, semilla",0.149,"SACHETS","EEUU"
"9234","2022",4,"PUESTO DE CONTROL TERRESTRE DESAGUADERO","GIRASOL, torta",145000,"SACO(S)","BOLIVIA"
"9235","2022",4,"PUESTO DE CONTROL TERRESTRE DESAGUADERO","SOYA, torta",84000,"GRANEL","BOLIVIA"
"9236","2022",4,"PUESTO DE CONTROL TERRESTRE DESAGUADERO","SOYA, torta",84000,"GRANEL","BOLIVIA"
"9237","2022",4,"PUESTO DE CONTROL TERRESTRE DESAGUADERO","SOYA, torta",78000,"GRANEL","BOLIVIA"
"9238","2022",4,"PUESTO DE CONTROL TERRESTRE DESAGUADERO","SOYA, torta",86240,"GRANEL","BOLIVIA"
"9239","2022",4,"OFICINA PUESTO DE CONTROL MARITIMO - PROV. CONST. DEL CALLAO","TURBA",112122,"BIG BAG","FINLANDIA"
"9240","2022",4,"OFICINA PUESTO DE CONTROL MARITIMO - PROV. CONST. DEL CALLAO","TURBA",113220,"BIG BAG","FINLANDIA"
"9241","2022",4,"OFICINA PUESTO DE CONTROL MARITIMO - PROV. CONST. DEL CALLAO","COCO, fibra (para sustrato)",66290,"PALETAS","INDIA"
"9242","2022",4,"OFICINA PUESTO DE CONTROL MARITIMO - PROV. CONST. DEL CALLAO","COCO, fibra (para sustrato)",67790,"PALETAS","INDIA"
"9243","2022",4,"OFICINA PUESTO DE CONTROL MARITIMO - PROV. CONST. DEL CALLAO","COCO, fibra (para sustrato)",93660,"PALETAS","INDIA"
"9244","2022",4,"OFICINA PUESTO DE CONTROL MARITIMO - PROV. CONST. DEL CALLAO","COCO, fibra (para sustrato)",86300,"PALETAS","INDIA"
"9245","2022",4,"OFICINA PUESTO DE CONTROL MARITIMO - PROV. CONST. DEL CALLAO","COCO, fibra (para sustrato)",45190,"PALETAS","INDIA"
"9246","2022",4,"OFICINA PUESTO DE CONTROL MARITIMO - PROV. CONST. DEL CALLAO","TURBA",151663,"BIG BAG","SUECIA"
"9247","2022",4,"OFICINA PUESTO DE CONTROL MARITIMO - PROV. CONST. DEL CALLAO","LOS DEMAS TRACTORES USADOS, con motor de potencia inferior o igual a 18 kW (excepto las carretillas tractor de la partida 87.09)",7619.224,"PAQUETES","JAPON"
"9248","2022",4,"OFICINA PUESTO DE CONTROL MARITIMO - PROV. CONST. DEL CALLAO","LOS DEMAS TRACTORES, con motor de potencia superior a 18 kW pero inferior o igual a 37 kW (excepto las carretillas tractor de la partida 87.09), USADOS",1727.397,"PAQUETES","JAPON"
"9249","2022",4,"SANTA ROSA, TACNA","MANZANA, fruto fresco",20580,"CAJA(S)","CHILE"
"9250","2022",4,"SANTA ROSA, TACNA","PERA, fruta fresca",3024,"CAJA(S)","CHILE"
"9251","2022",4,"IÑAPARI, MADRE DE DIOS","NUEZ DEL BRASIL, con cáscara seca al natural",27945,"SACO(S)","BOLIVIA"
"9252","2022",4,"IÑAPARI, MADRE DE DIOS","NUEZ DEL BRASIL, con cáscara seca al natural",27945,"SACO(S)","BOLIVIA"
"9253","2022",4,"OFICINA PUESTO DE CONTROL MARITIMO - PROV. CONST. DEL CALLAO","TRIGO, pellets",19800,"SACO(S)","MEXICO"
"9254","2022",4,"OFICINA PUESTO DE CONTROL MARITIMO - PROV. CONST. DEL CALLAO","MAIZ, semola",7400,"PAQUETES","ITALIA"
"9255","2022",4,"PUERTO DE ILO, MOQUEGUA","MADERA, en bruto de coníferas tratada agentes de conservación
",2831,"PIEZAS","EEUU"
"9256","2022",4,"OFICINA PUESTO DE CONTROL MARITIMO - PROV. CONST. DEL CALLAO","las demas maquinas de cosechar usadas",12498.2,"UNIDADES","ALEMANIA"
"9257","2022",4,"OFICINA PUESTO DE CONTROL MARITIMO - PROV. CONST. DEL CALLAO","Las demas partes de maquinas, aparatos y artefactos de cosecha o trillar, maquinarias para limpieza, usadas
",1086.8,"UNIDADES","ALEMANIA"
"9258","2022",4,"OFICINA PUESTO DE CONTROL MARITIMO - PROV. CONST. DEL CALLAO","PERA, fruta fresca",22680,"CAJA(S)","ARGENTINA"
"9259","2022",4,"OFICINA PUESTO DE CONTROL AEREO -  PROV. CONST. DEL CALLAO","CORCHO, tapones",0.1,"BOLSAS","EEUU"
"9260","2022",4,"OFICINA PUESTO DE CONTROL MARITIMO - PROV. CONST. DEL CALLAO","UVA (PASAS), secas industrialmente",15000,"CAJA(S)","CHILE"
"9261","2022",4,"OFICINA PUESTO DE CONTROL MARITIMO - PROV. CONST. DEL CALLAO","FREJOL CANARIO, grano",44000,"SACO(S)","MEXICO"
"9262","2022",4,"PUESTO DE CONTROL- CEBAF","ROSA, flores frescas cortadas",7923,"CAJA(S)","ECUADOR"
"9263","2022",4,"PUESTO DE CONTROL- CEBAF","CLAVEL, flores frescas cortadas",1175,"CAJA(S)","ECUADOR"
"9264","2022",4,"SANTA ROSA, TACNA","MANZANA, fruto fresco",3920,"CAJA(S)","CHILE"
"9265","2022",4,"SANTA ROSA, TACNA","KIWI, fruto fresco",18144,"CAJA(S)","CHILE"
"9266","2022",4,"OFICINA PUESTO DE CONTROL MARITIMO - PROV. CONST. DEL CALLAO","AVENA, grano mondado, perlado, troceado o quebrantado",25000,"SACO(S)","CHILE"
"9267","2022",4,"SANTA ROSA, TACNA","MANZANA, fruto fresco",19551,"CAJA(S)","CHILE"
"9268","2022",4,"SANTA ROSA, TACNA","KIWI, fruto fresco",3600,"CAJA(S)","CHILE"
"9269","2022",4,"PUESTO DE CONTROL- CEBAF","ARROZ, grano pilado",96000,"SACO(S)","ECUADOR"
"9270","2022",4,"SANTA ROSA, TACNA","KIWI, fruto fresco",20272,"CAJA(S)","CHILE"
"9271","2022",4,"OFICINA PUESTO DE CONTROL AEREO -  PROV. CONST. DEL CALLAO","TOMATE, semilla",0.4895,"SACHETS","EEUU"
"9272","2022",4,"OFICINA PUESTO DE CONTROL AEREO -  PROV. CONST. DEL CALLAO","PIMIENTO, semilla",0.2796,"SACHETS","EEUU"
"9273","2022",4,"OFICINA PUESTO DE CONTROL MARITIMO - PROV. CONST. DEL CALLAO","PAPA, fécula",80000,"SACO(S)","ALEMANIA"
"9274","2022",4,"OFICINA PUESTO DE CONTROL MARITIMO - PROV. CONST. DEL CALLAO","MAIZ, almidon",102325,"BOLSAS","ARGENTINA"
"9275","2022",4,"PUESTO DE CONTROL TERRESTRE DESAGUADERO","SOYA, harina",116000,"SACO(S)","BOLIVIA"
"9276","2022",4,"PUESTO DE CONTROL TERRESTRE DESAGUADERO","SOYA, torta",172000,"SACO(S)","BOLIVIA"
"9277","2022",4,"PUESTO DE CONTROL TERRESTRE DESAGUADERO","SOYA, harina",174000,"SACO(S)","BOLIVIA"
"9278","2022",4,"PUESTO DE CONTROL TERRESTRE DESAGUADERO","SOYA, torta",146000,"SACO(S)","BOLIVIA"
"9279","2022",4,"PUESTO DE CONTROL TERRESTRE DESAGUADERO","SOYA, torta",115000,"SACO(S)","BOLIVIA"
"9280","2022",4,"PUESTO DE CONTROL TERRESTRE DESAGUADERO","SOYA, torta",112500,"SACO(S)","BOLIVIA"
"9281","2022",4,"OFICINA PUESTO DE CONTROL MARITIMO - PROV. CONST. DEL CALLAO","ROTEN (=Ratán), artículos de cestería obtenidos directamente en su forma con materia trenzable con algún proceso de la CRF2",3266.999,"CAJA(S)","INDONESIA"
"9282","2022",4,"OFICINA PUESTO DE CONTROL MARITIMO - PROV. CONST. DEL CALLAO","Articulos de cesteria (canastos, cestos u otros), con algun proceso de la CRF2",1731.001,"CAJA(S)","INDONESIA"
"9283","2022",4,"PUESTO DE CONTROL- CEBAF","ROSA, flores frescas cortadas",6156,"CAJA(S)","ECUADOR"
"9284","2022",4,"PUESTO DE CONTROL- CEBAF","PIMIENTA, grano seco al natural",15000,"SACO(S)","ECUADOR"
"9285","2022",4,"PUESTO DE CONTROL- CEBAF","ROSA, flores frescas cortadas",1862,"CAJA(S)","ECUADOR"
"9286","2022",4,"PUESTO DE CONTROL- CEBAF","CLAVEL, flores frescas cortadas",1281,"CAJA(S)","ECUADOR"
"9287","2022",4,"PUESTO DE CONTROL- CEBAF","CRISANTEMO, flores frescas cortadas",518,"CAJA(S)","ECUADOR"
"9288","2022",4,"PUESTO DE CONTROL- CEBAF","LILIUM (=AZUCENA), flores frescas cortadas",3220,"CAJA(S)","ECUADOR"
"9289","2022",4,"PUESTO DE CONTROL TERRESTRE DESAGUADERO","SOYA, torta",146000,"SACO(S)","BOLIVIA"
"9290","2022",4,"OFICINA PUESTO DE CONTROL AEREO -  PROV. CONST. DEL CALLAO","TOMATE Cherry, Congelado",2.5,"BOLSAS","ESPAÑA"
"9291","2022",4,"OFICINA PUESTO DE CONTROL MARITIMO - PROV. CONST. DEL CALLAO","PIMIENTO, semilla",50,"BOLSAS","EEUU"
"9292","2022",4,"PUESTO DE CONTROL TERRESTRE DESAGUADERO","SOYA, torta",116000,"SACO(S)","BOLIVIA"
"9293","2022",4,"PUESTO DE CONTROL TERRESTRE DESAGUADERO","SOYA, harina",145000,"SACO(S)","BOLIVIA"
"9294","2022",4,"PUESTO DE CONTROL TERRESTRE DESAGUADERO","SOYA, harina",143500,"SACO(S)","BOLIVIA"
"9295","2022",4,"PUESTO DE CONTROL TERRESTRE DESAGUADERO","SOYA, torta",115000,"SACO(S)","BOLIVIA"
"9296","2022",4,"PUESTO DE CONTROL- CEBAF","ROSA, flores frescas cortadas",3800,"CAJA(S)","ECUADOR"
"9297","2022",4,"OFICINA PUESTO DE CONTROL MARITIMO - PROV. CONST. DEL CALLAO","CULANTRO, semilla",3000,"BOLSAS","EEUU"
"9298","2022",4,"OFICINA PUESTO DE CONTROL MARITIMO - PROV. CONST. DEL CALLAO","COL, semilla",700,"BOLSAS","EEUU"
"9299","2022",4,"OFICINA PUESTO DE CONTROL MARITIMO - PROV. CONST. DEL CALLAO","LECHUGA, semilla",350,"BOLSAS","EEUU"
"9300","2022",4,"OFICINA PUESTO DE CONTROL MARITIMO - PROV. CONST. DEL CALLAO","PEPINILLO, semilla",300,"BOLSAS","EEUU"
"9301","2022",4,"OFICINA PUESTO DE CONTROL MARITIMO - PROV. CONST. DEL CALLAO","PEREJIL, semilla",300,"BOLSAS","EEUU"
"9302","2022",4,"OFICINA PUESTO DE CONTROL MARITIMO - PROV. CONST. DEL CALLAO","RABANITO, semilla",2000,"BOLSAS","EEUU"
"9303","2022",4,"OFICINA PUESTO DE CONTROL MARITIMO - PROV. CONST. DEL CALLAO","ZAPALLITO ITALIANO (CALABACIN), semilla",100,"BOLSAS","EEUU"
"9304","2022",4,"PUESTO DE CONTROL- CEBAF","ROSA, flores frescas cortadas",4610,"CAJA(S)","ECUADOR"
"9305","2022",4,"IÑAPARI, MADRE DE DIOS","NUEZ DEL BRASIL, con cáscara seca al natural",27900,"SACO(S)","BRASIL"
"9306","2022",4,"PUESTO DE CONTROL TERRESTRE DESAGUADERO","SOYA, torta",56000,"GRANEL","BOLIVIA"
"9307","2022",4,"PUESTO DE CONTROL TERRESTRE DESAGUADERO","SOYA, torta",56000,"GRANEL","BOLIVIA"
"9308","2022",4,"PUESTO DE CONTROL TERRESTRE DESAGUADERO","SOYA, torta",27770,"GRANEL","BOLIVIA"
"9309","2022",4,"PUESTO DE CONTROL TERRESTRE DESAGUADERO","SOYA, torta",56740,"GRANEL","BOLIVIA"
"9310","2022",4,"PUESTO DE CONTROL TERRESTRE DESAGUADERO","SOYA, torta",27530,"GRANEL","BOLIVIA"
"9311","2022",4,"PUESTO DE CONTROL TERRESTRE DESAGUADERO","SOYA, torta",57420,"GRANEL","BOLIVIA"
"9312","2022",4,"PUESTO DE CONTROL TERRESTRE DESAGUADERO","SOYA, harina",58892,"SACO(S)","BOLIVIA"
"9313","2022",4,"PUESTO DE CONTROL TERRESTRE DESAGUADERO","SOYA, torta",54500,"GRANEL","BOLIVIA"
"9314","2022",4,"PUESTO DE CONTROL TERRESTRE DESAGUADERO","SOYA, torta",86000,"GRANEL","BOLIVIA"
"9315","2022",4,"SANTA ROSA, TACNA","UVA (PASAS), secas industrialmente",20000,"CAJA(S)","CHILE"
"9316","2022",4,"SANTA ROSA, TACNA","UVA (PASAS), secas industrialmente",20000,"CAJA(S)","CHILE"
"9317","2022",4,"SANTA ROSA, TACNA","MANZANA, fruto fresco",22344,"CAJA(S)","CHILE"
"9318","2022",4,"SANTA ROSA, TACNA","PERA, fruta fresca",3312,"CAJA(S)","CHILE"
"9319","2022",4,"SANTA ROSA, TACNA","KIWI, fruto fresco",9600,"CAJA(S)","CHILE"
"9320","2022",4,"SANTA ROSA, TACNA","MANZANA, fruto fresco",23520,"CAJA(S)","CHILE"
"9321","2022",4,"SANTA ROSA, TACNA","MANZANA, fruto fresco",9800,"CAJA(S)","CHILE"
"9322","2022",4,"SANTA ROSA, TACNA","MANZANA, fruto fresco",22579.2,"CAJA(S)","CHILE"
"9323","2022",4,"IÑAPARI, MADRE DE DIOS","NUEZ DEL BRASIL, con cáscara seca al natural",28140,"SACO(S)","BRASIL"
"9324","2022",4,"SANTA ROSA, TACNA","PERA, fruta fresca",15282,"CAJA(S)","CHILE"
"9325","2022",4,"SANTA ROSA, TACNA","MANZANA, fruto fresco",5880,"CAJA(S)","CHILE"
"9326","2022",4,"SANTA ROSA, TACNA","MANZANA, fruto fresco",16660,"CAJA(S)","CHILE"
"9327","2022",4,"SANTA ROSA, TACNA","PERA, fruta fresca",6174,"CAJA(S)","CHILE"
"9328","2022",4,"SANTA ROSA, TACNA","MANZANA, fruto fresco",23520,"CAJA(S)","CHILE"
"9329","2022",4,"SANTA ROSA, TACNA","KIWI, fruto fresco",22240,"CAJA(S)","CHILE"
"9330","2022",4,"OFICINA PUESTO DE CONTROL MARITIMO - PROV. CONST. DEL CALLAO","GARBANZO, grano",72000,"SACO(S)","MEXICO"
"9331","2022",4,"SANTA ROSA, TACNA","PERA, fruta fresca",5040,"CAJA(S)","CHILE"
"9332","2022",4,"SANTA ROSA, TACNA","MANZANA, fruto fresco",18620,"CAJA(S)","CHILE"
"9333","2022",4,"PUESTO DE CONTROL TERRESTRE DESAGUADERO","SOYA, torta",29000,"GRANEL","BOLIVIA"
"9334","2022",4,"PUESTO DE CONTROL TERRESTRE DESAGUADERO","SOYA, torta",57000,"GRANEL","BOLIVIA"
"9335","2022",4,"PUESTO DE CONTROL TERRESTRE DESAGUADERO","SOYA, torta",56500,"GRANEL","BOLIVIA"
"9336","2022",4,"PUESTO DE CONTROL TERRESTRE DESAGUADERO","SOYA, torta",82000,"GRANEL","BOLIVIA"
"9337","2022",4,"PUESTO DE CONTROL TERRESTRE DESAGUADERO","SOYA, torta",56000,"GRANEL","BOLIVIA"
"9338","2022",4,"SANTA ROSA, TACNA","MANZANA, fruto fresco",17380,"CAJA(S)","CHILE"
"9339","2022",4,"SANTA ROSA, TACNA","KIWI, fruto fresco",5760,"CAJA(S)","CHILE"
