"","Año","Mes","Sede","Producto","Peso.Kg.","Tipo.de.Envase","Pais.Origen"
"10259",2025,5,"AGUAS VERDES, TUMBES","ROSA, flores frescas cortadas",8928,"CAJA(S)","ECUADOR"
"10260",2025,5,"AGUAS VERDES, TUMBES","Las demás coniferas, las demas maderas aserradas o desbastadas longitudinalmente, cortada o desenrollada, incluso cepillada,lijada o unida por lo extremos, de espesor superior a 6 mm, con algun tratamiento de la CRF 2",27940,"PIEZAS","ECUADOR"
"10261",2025,5,"PUESTO DE CONTROL TERRESTRE DESAGUADERO","SOYA, torta",84000,"GRANEL","BOLIVIA"
"10262",2025,5,"IÑAPARI, MADRE DE DIOS","NUEZ DEL BRASIL, con cáscara seca al natural",26640,"GRANEL","BRASIL"
"10263",2025,5,"PUESTO DE CONTROL TERRESTRE DESAGUADERO","SOYA, torta",28000,"GRANEL","BOLIVIA"
"10264",2025,5,"PUESTO DE CONTROL TERRESTRE DESAGUADERO","SOYA, torta",81900,"GRANEL","BOLIVIA"
"10265",2025,5,"PUESTO DE CONTROL TERRESTRE DESAGUADERO","SOYA, torta",56000,"GRANEL","BOLIVIA"
"10266",2025,5,"PUESTO DE CONTROL TERRESTRE DESAGUADERO","SOYA, torta",55600,"GRANEL","BOLIVIA"
"10267",2025,5,"OFICINA PUESTO DE CONTROL MARITIMO - PROV. CONST. DEL CALLAO","MANZANA, fruta fresca",19404,"CAJA(S)","EEUU"
"10268",2025,5,"OFICINA PUESTO DE CONTROL MARITIMO - PROV. CONST. DEL CALLAO","GARBANZO, grano",48000,"SACO(S)","MEXICO"
"10269",2025,5,"OFICINA PUESTO DE CONTROL MARITIMO - PROV. CONST. DEL CALLAO","KIWI, fruto fresco",16800,"CAJA(S)","CHILE"
"10270",2025,5,"PUESTO DE CONTROL TERRESTRE DESAGUADERO","MANI, grano sin cáscara",59500,"SACO(S)","BOLIVIA"
"10271",2025,5,"OFICINA PUESTO DE CONTROL MARITIMO - PROV. CONST. DEL CALLAO","MADERA, monturas y mangos de herramientas, monturas y mangos de cepillos, brochas o escobas, de madera; hormas, ensanchadores y tensores del calzado, de madera ; con algún proceso de la CRF 2",28037.4,"UNIDADES","HONG KONG"
"10272",2025,5,"SANTA ROSA, TACNA","MANZANA, fruto fresco",23520,"CAJA(S)","CHILE"
"10273",2025,5,"SANTA ROSA, TACNA","MANZANA, fruto fresco",23520,"CAJA(S)","CHILE"
"10274",2025,5,"SANTA ROSA, TACNA","PERA, fruta fresca",19998,"CAJA(S)","CHILE"
"10275",2025,5,"SANTA ROSA, TACNA","MANZANA, fruto fresco",23520,"CAJA(S)","CHILE"
"10276",2025,5,"OFICINA PUESTO DE CONTROL MARITIMO - PROV. CONST. DEL CALLAO","BAMBU, artículos de cestería obtenidos directamente en su forma con materia trenzable con algún proceso de la CRF 2",1519.7,"UNIDADES","CHINA"
"10277",2025,5,"OFICINA PUESTO DE CONTROL MARITIMO - PROV. CONST. DEL CALLAO","AZUCAR BLANCA O REFINADA (lectura polarimetrica mayor 99.5°)",96600,"SACO(S)","COLOMBIA"
"10278",2025,5,"PUESTO DE CONTROL TERRESTRE DESAGUADERO","SOYA, torta",28000,"GRANEL","BOLIVIA"
"10279",2025,5,"SANTA ROSA, TACNA","MANZANA, fruto fresco",23520,"CAJA(S)","CHILE"
"10280",2025,5,"OFICINA PUESTO DE CONTROL MARITIMO - PROV. CONST. DEL CALLAO","AVENA, grano trabajado (mondado, perlado, troceado o quebrantado)",45000,"SACO(S)","CHILE"
"10281",2025,5,"OFICINA PUESTO DE CONTROL AEREO -  PROV. CONST. DEL CALLAO","MEZCLA DE ESPECIAS, molida",750,"CAJA(S)","ESPAÑA"
"10282",2025,5,"OFICINA PUESTO DE CONTROL AEREO -  PROV. CONST. DEL CALLAO","MAIZ, semilla",24.5,"SOBRES","EEUU"
"10283",2025,5,"SANTA ROSA, TACNA","MANZANA, fruto fresco",23520,"CAJA(S)","CHILE"
"10284",2025,5,"OFICINA PUESTO DE CONTROL MARITIMO - PROV. CONST. DEL CALLAO","NARANJA, fruto fresco",17000,"CAJA(S)","EEUU"
"10285",2025,5,"SANTA ROSA, TACNA","MANZANA, fruto fresco",22447.2,"CAJA(S)","CHILE"
"10286",2025,5,"OFICINA PUESTO DE CONTROL AEREO -  PROV. CONST. DEL CALLAO","COL DE MILAN, semilla",2.15,"SACHETS","JAPON"
"10287",2025,5,"OFICINA PUESTO DE CONTROL AEREO -  PROV. CONST. DEL CALLAO","COL, semilla",2.15,"SACHETS","JAPON"
"10288",2025,5,"OFICINA PUESTO DE CONTROL AEREO -  PROV. CONST. DEL CALLAO","LECHUGA, semilla",8.47,"SACHETS","JAPON"
"10289",2025,5,"OFICINA PUESTO DE CONTROL AEREO -  PROV. CONST. DEL CALLAO","ZANAHORIA, semilla",0.7,"SACHETS","JAPON"
"10290",2025,5,"SANTA ROSA, TACNA","MANZANA, fruto fresco",23520,"CAJA(S)","CHILE"
"10291",2025,5,"OFICINA PUESTO DE CONTROL AEREO -  PROV. CONST. DEL CALLAO","MADERA, cajas con algún proceso de la CRF 2",839,"CAJA(S)","EEUU"
"10292",2025,5,"OFICINA PUESTO DE CONTROL AEREO -  PROV. CONST. DEL CALLAO","MADERA, paletas, paletas caja y demas plataformas para carga, collarines para paletas, con algún proceso de la CRF 2",855.8,"PALETAS","EEUU"
"10293",2025,5,"OFICINA PUESTO DE CONTROL MARITIMO - PROV. CONST. DEL CALLAO","GARBANZO, grano",46000,"SACO(S)","MEXICO"
"10294",2025,5,"PUESTO DE CONTROL TERRESTRE DESAGUADERO","SOYA, torta",55510,"GRANEL","BOLIVIA"
"10295",2025,5,"PUESTO DE CONTROL TERRESTRE DESAGUADERO","AJONJOLI, grano",58000,"SACO(S)","BOLIVIA"
"10296",2025,5,"OFICINA PUESTO DE CONTROL MARITIMO - PROV. CONST. DEL CALLAO","MANZANA, fruta fresca",18522,"CAJA(S)","EEUU"
"10297",2025,5,"OFICINA PUESTO DE CONTROL MARITIMO - PROV. CONST. DEL CALLAO","MANZANA, fruta fresca",18522,"CAJA(S)","EEUU"
"10298",2025,5,"OFICINA PUESTO DE CONTROL MARITIMO - PROV. CONST. DEL CALLAO","MANZANA, fruta fresca",18522,"CAJA(S)","EEUU"
"10299",2025,5,"OFICINA PUESTO DE CONTROL MARITIMO - PROV. CONST. DEL CALLAO","MANZANA, fruta fresca",18522,"CAJA(S)","EEUU"
"10300",2025,5,"AGUAS VERDES, TUMBES","ROSA, flores frescas cortadas",3813,"CAJA(S)","ECUADOR"
"10301",2025,5,"OFICINA PUESTO DE CONTROL MARITIMO - PROV. CONST. DEL CALLAO","MANZANA, fruta fresca",18522,"CAJA(S)","EEUU"
"10302",2025,5,"OFICINA PUESTO DE CONTROL MARITIMO - PROV. CONST. DEL CALLAO","Los demas articulos de cesteria con algun proceso de CRF 2",369.75,"CAJA(S)","GUATEMALA"
"10303",2025,5,"OFICINA PUESTO DE CONTROL MARITIMO - PROV. CONST. DEL CALLAO","Los demas articulos de cesteria con algun proceso de CRF 2",36.138,"CAJA(S)","GUATEMALA"
"10304",2025,5,"OFICINA PUESTO DE CONTROL MARITIMO - PROV. CONST. DEL CALLAO","MARCOS, madera",109.101,"CAJA(S)","GUATEMALA"
"10305",2025,5,"OFICINA PUESTO DE CONTROL MARITIMO - PROV. CONST. DEL CALLAO","MARCOS, madera",577.5,"CAJA(S)","GUATEMALA"
"10306",2025,5,"PUESTO DE CONTROL TERRESTRE DESAGUADERO","SOYA, torta",196000,"SACO(S)","BOLIVIA"
"10307",2025,5,"PUESTO DE CONTROL TERRESTRE DESAGUADERO","SOYA, harina",140000,"SACO(S)","BOLIVIA"
"10308",2025,5,"OFICINA PUESTO DE CONTROL MARITIMO - PROV. CONST. DEL CALLAO","MADERA, en bruto de coníferas tratada agentes de conservación
",52000,"UNIDADES","CHILE"
"10309",2025,5,"OFICINA PUESTO DE CONTROL MARITIMO - PROV. CONST. DEL CALLAO","MADERA, en bruto de coníferas tratada agentes de conservación
",52000,"UNIDADES","CHILE"
"10310",2025,5,"SANTA ROSA, TACNA","MANZANA, fruto fresco",20678,"CAJA(S)","CHILE"
"10311",2025,5,"OFICINA PUESTO DE CONTROL AEREO -  PROV. CONST. DEL CALLAO","TOMATE, semilla",0.015842,"SACHETS","HOLANDA"
"10312",2025,5,"AGUAS VERDES, TUMBES","ROSA, flores frescas cortadas",9648,"CAJA(S)","ECUADOR"
"10313",2025,5,"OFICINA PUESTO DE CONTROL MARITIMO - PROV. CONST. DEL CALLAO","LAUREL, hoja seca al natural",4850,"SACO(S)","ESPAÑA"
"10314",2025,5,"OFICINA PUESTO DE CONTROL MARITIMO - PROV. CONST. DEL CALLAO","NUEZ DE NOGAL, sin cascara con algun proceso de la CRF 2",23000,"CAJA(S)","CHINA"
"10315",2025,5,"PUESTO DE CONTROL TERRESTRE DESAGUADERO","SOYA, torta",56000,"GRANEL","BOLIVIA"
"10316",2025,5,"PUESTO DE CONTROL TERRESTRE DESAGUADERO","SOYA, harina",87000,"SACO(S)","BOLIVIA"
"10317",2025,5,"OFICINA PUESTO DE CONTROL MARITIMO - PROV. CONST. DEL CALLAO","COCO, fibra (para sustrato)",62900,"PALETAS","INDIA"
"10318",2025,5,"OFICINA PUESTO DE CONTROL MARITIMO - PROV. CONST. DEL CALLAO","AZUCAR BLANCA O REFINADA (lectura polarimetrica mayor 99.5°)",26500,"SACO(S)","COLOMBIA"
"10319",2025,5,"IÑAPARI, MADRE DE DIOS","ARROZ, grano pilado",64020,"PAQUETES","BRASIL"
"10320",2025,5,"OFICINA PUESTO DE CONTROL MARITIMO - PROV. CONST. DEL CALLAO","AZUCAR BLANCA O REFINADA (lectura polarimetrica mayor 99.5°)",132500,"SACO(S)","COLOMBIA"
"10321",2025,5,"OFICINA PUESTO DE CONTROL MARITIMO - PROV. CONST. DEL CALLAO","AZUCAR BLANCA O REFINADA (lectura polarimetrica mayor 99.5°)",132500,"SACO(S)","COLOMBIA"
"10322",2025,5,"OFICINA PUESTO DE CONTROL MARITIMO - PROV. CONST. DEL CALLAO","TURBA",103464.3,"PALETAS","LETONIA"
"10323",2025,5,"OFICINA PUESTO DE CONTROL MARITIMO - PROV. CONST. DEL CALLAO","AZUCAR BLANCA O REFINADA (lectura polarimetrica mayor 99.5°)",53000,"SACO(S)","COLOMBIA"
"10324",2025,5,"OFICINA PUESTO DE CONTROL MARITIMO - PROV. CONST. DEL CALLAO","MAIZ REVENTON, grano",25990,"BOLSA DE POLIETILENO","ARGENTINA"
"10325",2025,5,"OFICINA PUESTO DE CONTROL MARITIMO - PROV. CONST. DEL CALLAO","AZUCAR BLANCA O REFINADA (lectura polarimetrica mayor 99.5°)",106000,"SACO(S)","COLOMBIA"
"10326",2025,5,"OFICINA PUESTO DE CONTROL MARITIMO - PROV. CONST. DEL CALLAO","ARROZ, parbolizado pulido o sin cáscara",132500,"SACO(S)","BRASIL"
"10327",2025,5,"OFICINA PUESTO DE CONTROL MARITIMO - PROV. CONST. DEL CALLAO","ARROZ, parbolizado pulido o sin cáscara",132500,"SACO(S)","BRASIL"
"10328",2025,5,"OFICINA PUESTO DE CONTROL MARITIMO - PROV. CONST. DEL CALLAO","CANELA, corteza entera seca al natural",14790,"CAJA(S)","SRI LANKA"
"10329",2025,5,"OFICINA PUESTO DE CONTROL MARITIMO - PROV. CONST. DEL CALLAO","AJONJOLI, grano",26430,"SACO(S)","INDIA"
"10330",2025,5,"PUESTO DE CONTROL TERRESTRE DESAGUADERO","SOYA, torta",174000,"SACO(S)","BOLIVIA"
"10331",2025,5,"PUESTO DE CONTROL TERRESTRE DESAGUADERO","SOYA, torta",145000,"SACO(S)","BOLIVIA"
"10332",2025,5,"OFICINA PUESTO DE CONTROL AEREO -  PROV. CONST. DEL CALLAO","SANDIA, semilla",0.455,"SACHETS","ALEMANIA"
"10333",2025,5,"OFICINA PUESTO DE CONTROL MARITIMO - PROV. CONST. DEL CALLAO","PERA, fruta fresca",23946.3,"CAJA(S)","ARGENTINA"
"10334",2025,5,"SANTA ROSA, TACNA","LENTEJA, grano",24948,"SACO(S)","CANADA"
"10335",2025,5,"OFICINA PUESTO DE CONTROL MARITIMO - PROV. CONST. DEL CALLAO","ARROZ, grano pilado",125000,"SACO(S)","URUGUAY"
"10336",2025,5,"OFICINA PUESTO DE CONTROL MARITIMO - PROV. CONST. DEL CALLAO","ARROZ, grano pilado",125000,"SACO(S)","URUGUAY"
"10337",2025,5,"AGUAS VERDES, TUMBES","ROSA, flores frescas cortadas",9119.299,"CAJA(S)","ECUADOR"
"10338",2025,5,"AGUAS VERDES, TUMBES","CLAVEL, flores frescas cortadas",524.701,"CAJA(S)","ECUADOR"
"10339",2025,5,"SANTA ROSA, TACNA","MANZANA, fruta fresca",11466,"CAJA(S)","ARGENTINA"
"10340",2025,5,"SANTA ROSA, TACNA","PERA, fruta fresca",11088,"CAJA(S)","ARGENTINA"
"10341",2025,5,"PUESTO DE CONTROL TERRESTRE DESAGUADERO","MANI, grano sin cáscara",58000,"SACO(S)","BOLIVIA"
"10342",2025,5,"OFICINA PUESTO DE CONTROL MARITIMO - PROV. CONST. DEL CALLAO","TURBA",26700,"FARDOS","LITUANIA"
"10343",2025,5,"OFICINA PUESTO DE CONTROL MARITIMO - PROV. CONST. DEL CALLAO","TURBA",129900,"FARDOS","LITUANIA"
"10344",2025,5,"OFICINA PUESTO DE CONTROL MARITIMO - PROV. CONST. DEL CALLAO","ARROZ, parbolizado pulido o sin cáscara",130000,"SACO(S)","BRASIL"
"10345",2025,5,"OFICINA PUESTO DE CONTROL MARITIMO - PROV. CONST. DEL CALLAO","TURBA",132876,"PALETAS","LETONIA"
"10346",2025,5,"OFICINA PUESTO DE CONTROL MARITIMO - PROV. CONST. DEL CALLAO","TURBA",135518,"PALETAS","LETONIA"
"10347",2025,5,"OFICINA PUESTO DE CONTROL MARITIMO - PROV. CONST. DEL CALLAO","JENGIBRE (=KION), fresco",21549.6,"CAJA(S)","EEUU"
"10348",2025,5,"PUESTO DE CONTROL TERRESTRE DESAGUADERO","SOYA, harina",56000,"SACO(S)","BOLIVIA"
"10349",2025,5,"OFICINA PUESTO DE CONTROL MARITIMO - PROV. CONST. DEL CALLAO","TURBA",228640,"BIG BAG","ESTONIA"
"10350",2025,5,"PUESTO DE CONTROL TERRESTRE DESAGUADERO","SOYA, harina",56000,"SACO(S)","BOLIVIA"
"10351",2025,5,"PUESTO DE CONTROL TERRESTRE DESAGUADERO","SOYA, harina",56000,"SACO(S)","BOLIVIA"
"10352",2025,5,"PUESTO DE CONTROL TERRESTRE DESAGUADERO","SOYA, harina",56000,"SACO(S)","BOLIVIA"
"10353",2025,5,"PUESTO DE CONTROL TERRESTRE DESAGUADERO","SOYA, torta",56000,"GRANEL","BOLIVIA"
"10354",2025,5,"PUESTO DE CONTROL TERRESTRE DESAGUADERO","SOYA, harina",56000,"SACO(S)","BOLIVIA"
"10355",2025,5,"PUESTO DE CONTROL TERRESTRE DESAGUADERO","SOYA, harina",54000,"SACO(S)","BOLIVIA"
"10356",2025,5,"OFICINA PUESTO DE CONTROL MARITIMO - PROV. CONST. DEL CALLAO","GARBANZO, grano",52164,"SACO(S)","CANADA"
"10357",2025,5,"OFICINA PUESTO DE CONTROL MARITIMO - PROV. CONST. DEL CALLAO","LENTEJA, grano",157848,"SACO(S)","CANADA"
"10358",2025,5,"OFICINA PUESTO DE CONTROL MARITIMO - PROV. CONST. DEL CALLAO","LENTEJA, grano",157576,"SACO(S)","CANADA"
"10359",2025,5,"OFICINA PUESTO DE CONTROL MARITIMO - PROV. CONST. DEL CALLAO","LENTEJA, grano",157848,"SACO(S)","CANADA"
"10360",2025,5,"OFICINA PUESTO DE CONTROL MARITIMO - PROV. CONST. DEL CALLAO","GARBANZO, grano",24000,"SACO(S)","MEXICO"
"10361",2025,5,"PUESTO DE CONTROL TERRESTRE DESAGUADERO","SOYA, torta",145000,"SACO(S)","BOLIVIA"
"10362",2025,5,"OFICINA PUESTO DE CONTROL MARITIMO - PROV. CONST. DEL CALLAO","Cosechadoras-trilladoras usadas
",3680,"UNIDADES","CHINA"
"10363",2025,5,"SANTA ROSA, TACNA","LAS DEMAS MATERIAS VEGETALES y desperdicios vegetales, residuos y subproductos vegetales",26400,"SACO(S)","CHILE"
"10364",2025,5,"AGUAS VERDES, TUMBES","ROSA, flores frescas cortadas",5800,"CAJA(S)","ECUADOR"
"10365",2025,5,"AGUAS VERDES, TUMBES","CLAVEL, flores frescas cortadas",4939,"CAJA(S)","ECUADOR"
"10366",2025,5,"AGUAS VERDES, TUMBES","LILIUM (=AZUCENA), flores frescas cortadas",240,"CAJA(S)","ECUADOR"
"10367",2025,5,"PUESTO DE CONTROL TERRESTRE DESAGUADERO","SOYA, harina",25269,"SACO(S)","BOLIVIA"
"10368",2025,5,"PUESTO DE CONTROL TERRESTRE DESAGUADERO","SOYA, torta",56000,"GRANEL","BOLIVIA"
"10369",2025,5,"OFICINA PUESTO DE CONTROL MARITIMO - PROV. CONST. DEL CALLAO","MANZANA, fruta fresca",20580,"CAJA(S)","EEUU"
"10370",2025,5,"OFICINA PUESTO DE CONTROL MARITIMO - PROV. CONST. DEL CALLAO","GARBANZO, grano",44000,"SACO(S)","MEXICO"
"10371",2025,5,"PUESTO DE CONTROL TERRESTRE DESAGUADERO","SOYA, torta",58000,"SACO(S)","BOLIVIA"
"10372",2025,5,"PUESTO DE CONTROL TERRESTRE DESAGUADERO","SOYA, torta",55000,"SACO(S)","BOLIVIA"
"10373",2025,5,"PUESTO DE CONTROL TERRESTRE DESAGUADERO","SOYA, torta",25000,"SACO(S)","BOLIVIA"
"10374",2025,5,"PUESTO DE CONTROL TERRESTRE DESAGUADERO","SOYA, torta",28000,"SACO(S)","BOLIVIA"
"10375",2025,5,"PUESTO DE CONTROL TERRESTRE DESAGUADERO","SOYA, torta",27610,"GRANEL","BOLIVIA"
"10376",2025,5,"PUESTO DE CONTROL TERRESTRE DESAGUADERO","SOYA, torta",84000,"GRANEL","BOLIVIA"
"10377",2025,5,"OFICINA PUESTO DE CONTROL AEREO -  PROV. CONST. DEL CALLAO","ARANDANO, planta in vitro",374.4,"FRASCO(S)","MEXICO"
"10378",2025,5,"OFICINA PUESTO DE CONTROL AEREO -  PROV. CONST. DEL CALLAO","ARANDANO, planta in vitro",374.4,"FRASCO(S)","MEXICO"
"10379",2025,5,"PUESTO DE CONTROL TERRESTRE DESAGUADERO","SOYA, torta",56000,"GRANEL","BOLIVIA"
"10380",2025,5,"SANTA ROSA, TACNA","MANZANA, fruto fresco",22344,"CAJA(S)","CHILE"
"10381",2025,5,"PUESTO DE CONTROL TERRESTRE DESAGUADERO","SOYA, torta",51500,"GRANEL","BOLIVIA"
"10382",2025,5,"PUESTO DE CONTROL TERRESTRE DESAGUADERO","SOYA, torta",52000,"GRANEL","BOLIVIA"
"10383",2025,5,"OFICINA PUESTO DE CONTROL MARITIMO - PROV. CONST. DEL CALLAO","ALGODON, fibra sin cardar ni peinar (>22.22 mm = o <28.57 mm)",295280,"FARDOS","EEUU"
"10384",2025,5,"PUESTO DE CONTROL TERRESTRE DESAGUADERO","SOYA, torta",28000,"GRANEL","BOLIVIA"
"10385",2025,5,"OFICINA PUESTO DE CONTROL MARITIMO - PROV. CONST. DEL CALLAO","AJO, polvo",2000,"CAJA(S)","CHINA"
"10386",2025,5,"OFICINA PUESTO DE CONTROL MARITIMO - PROV. CONST. DEL CALLAO","MACIS, triturada, pulverizada o con algún proceso de la CRF 2",96,"BOLSAS","ALEMANIA"
"10387",2025,5,"OFICINA PUESTO DE CONTROL AEREO -  PROV. CONST. DEL CALLAO","ANTIRRINO, semilla",0.01,"SACHETS","EEUU"
"10388",2025,5,"OFICINA PUESTO DE CONTROL AEREO -  PROV. CONST. DEL CALLAO","GERANIO, semilla",1.618,"SACHETS","EEUU"
"10389",2025,5,"OFICINA PUESTO DE CONTROL AEREO -  PROV. CONST. DEL CALLAO","PETUNIA, semilla",0.007,"FRASCO(S)","EEUU"
"10390",2025,5,"OFICINA PUESTO DE CONTROL MARITIMO - PROV. CONST. DEL CALLAO","LENTEJA, grano",236780,"SACO(S)","CANADA"
"10391",2025,5,"OFICINA PUESTO DE CONTROL MARITIMO - PROV. CONST. DEL CALLAO","LENTEJA, grano",210199,"SACO(S)","CANADA"
"10392",2025,5,"OFICINA PUESTO DE CONTROL MARITIMO - PROV. CONST. DEL CALLAO","ARVEJA, grano partido",249930,"SACO(S)","CANADA"
"10393",2025,5,"OFICINA PUESTO DE CONTROL MARITIMO - PROV. CONST. DEL CALLAO","ARVEJA, grano partido",72120,"SACO(S)","EEUU"
"10394",2025,5,"OFICINA PUESTO DE CONTROL MARITIMO - PROV. CONST. DEL CALLAO","ARVEJA, grano partido",24721,"SACO(S)","CANADA"
"10395",2025,5,"OFICINA PUESTO DE CONTROL MARITIMO - PROV. CONST. DEL CALLAO","MAIZ AMARILLO DURO, grano",3016020,"GRANEL","ARGENTINA"
"10396",2025,5,"OFICINA PUESTO DE CONTROL MARITIMO - PROV. CONST. DEL CALLAO","LENTEJA, grano",235642,"SACO(S)","EEUU"
"10397",2025,5,"PUESTO DE CONTROL TERRESTRE DESAGUADERO","SOYA, harina",116000,"SACO(S)","BOLIVIA"
"10398",2025,5,"OFICINA PUESTO DE CONTROL MARITIMO - PROV. CONST. DEL CALLAO","AZUCAR BLANCA O REFINADA (lectura polarimetrica mayor 99.5°)",1e+05,"SACO(S)","GUATEMALA"
"10399",2025,5,"PUESTO DE CONTROL TERRESTRE DESAGUADERO","SOYA, torta",116000,"SACO(S)","BOLIVIA"
"10400",2025,5,"SANTA ROSA, TACNA","LENTEJA, grano",49896,"SACO(S)","CANADA"
"10401",2025,5,"OFICINA PUESTO DE CONTROL AEREO -  PROV. CONST. DEL CALLAO","ARANDANO, planta",3734,"BINES DE CARTON","CHILE"
"10402",2025,5,"OFICINA PUESTO DE CONTROL AEREO -  PROV. CONST. DEL CALLAO","TOMATE, semilla",0.1461,"SACHETS","EEUU"
"10403",2025,5,"OFICINA PUESTO DE CONTROL AEREO -  PROV. CONST. DEL CALLAO","PIMIENTO, semilla",0.089,"SACHETS","HOLANDA"
"10404",2025,5,"OFICINA PUESTO DE CONTROL AEREO -  PROV. CONST. DEL CALLAO","PIMIENTO, semilla",0.002,"SACHETS","FRANCIA"
"10405",2025,5,"OFICINA PUESTO DE CONTROL AEREO -  PROV. CONST. DEL CALLAO","PIMIENTO, semilla",0.107,"SACHETS","FRANCIA"
"10406",2025,5,"OFICINA PUESTO DE CONTROL AEREO -  PROV. CONST. DEL CALLAO","TOMATE, semilla",0.003,"SACHETS","FRANCIA"
"10407",2025,5,"OFICINA PUESTO DE CONTROL AEREO -  PROV. CONST. DEL CALLAO","MELON, semilla",0.092,"SACHETS","EEUU"
"10408",2025,5,"OFICINA PUESTO DE CONTROL AEREO -  PROV. CONST. DEL CALLAO","PIMIENTO, semilla",0.118,"SACHETS","FRANCIA"
"10409",2025,5,"OFICINA PUESTO DE CONTROL MARITIMO - PROV. CONST. DEL CALLAO","UVA (PASAS), secas industrialmente",21000,"CAJA(S)","CHILE"
"10410",2025,5,"OFICINA PUESTO DE CONTROL MARITIMO - PROV. CONST. DEL CALLAO","TURBA",201300,"PACAS","ESTONIA"
"10411",2025,5,"PUESTO DE CONTROL TERRESTRE DESAGUADERO","SOYA, torta",116000,"SACO(S)","BOLIVIA"
"10412",2025,5,"OFICINA PUESTO DE CONTROL MARITIMO - PROV. CONST. DEL CALLAO","ALMENDRA, sin cáscara secado al natural",19640.55,"CAJA(S)","EEUU"
"10413",2025,5,"PUESTO DE CONTROL TERRESTRE DESAGUADERO","SOYA, torta",150000,"SACO(S)","BOLIVIA"
"10414",2025,5,"OFICINA PUESTO DE CONTROL MARITIMO - PROV. CONST. DEL CALLAO","PINO, postes de madera con algun proceso de la CRF 2",27104,"PAQUETES","CHILE"
"10415",2025,5,"OFICINA PUESTO DE CONTROL MARITIMO - PROV. CONST. DEL CALLAO","SOYA, grano",329810,"GRANEL","CANADA"
"10416",2025,5,"PUESTO DE CONTROL TERRESTRE DESAGUADERO","SOYA, torta",145000,"SACO(S)","BOLIVIA"
"10417",2025,5,"PUERTO DE SALAVERRY, LA LIBERTAD","MAIZ AMARILLO DURO, grano",31936000,"GRANEL","ARGENTINA"
"10418",2025,5,"PUESTO DE CONTROL TERRESTRE DESAGUADERO","SOYA, torta",145000,"SACO(S)","BOLIVIA"
"10419",2025,5,"PUERTO DE PAITA , PIURA","NARANJA, fruto fresco",17686.5,"CAJA(S)","EEUU"
"10420",2025,5,"PUERTO DE PAITA , PIURA","NARANJA, fruto fresco",17686.5,"CAJA(S)","EEUU"
"10421",2025,5,"OFICINA PUESTO DE CONTROL MARITIMO - PROV. CONST. DEL CALLAO","ALFALFA, semilla",20000,"SACO(S)","EEUU"
"10422",2025,5,"PUESTO DE CONTROL TERRESTRE DESAGUADERO","SOYA, torta",81870,"GRANEL","BOLIVIA"
"10423",2025,5,"PUESTO DE CONTROL TERRESTRE DESAGUADERO","SOYA, torta",54000,"GRANEL","BOLIVIA"
"10424",2025,5,"PUESTO DE CONTROL TERRESTRE DESAGUADERO","SOYA, torta",56000,"GRANEL","BOLIVIA"
"10425",2025,5,"AGUAS VERDES, TUMBES","ROSA, flores frescas cortadas",9372,"CAJA(S)","ECUADOR"
"10426",2025,5,"PUESTO DE CONTROL TERRESTRE DESAGUADERO","SOYA, harina",114000,"SACO(S)","BOLIVIA"
"10427",2025,5,"AGUAS VERDES, TUMBES","ROSA, flores frescas cortadas",3100,"CAJA(S)","ECUADOR"
"10428",2025,5,"AGUAS VERDES, TUMBES","CLAVEL, flores frescas cortadas",1000,"CAJA(S)","ECUADOR"
"10429",2025,5,"AGUAS VERDES, TUMBES","CRISANTEMO, los demas flores frescas cortadas",4060,"CAJA(S)","ECUADOR"
"10430",2025,5,"AGUAS VERDES, TUMBES","LILIUM (=AZUCENA), flores frescas cortadas",1520,"CAJA(S)","ECUADOR"
"10431",2025,5,"AGUAS VERDES, TUMBES","GERBERA, flores frescas cortadas",424,"CAJA(S)","ECUADOR"
"10432",2025,5,"AGUAS VERDES, TUMBES","ROSA, flores frescas cortadas",6325,"CAJA(S)","ECUADOR"
"10433",2025,5,"AGUAS VERDES, TUMBES","LILIUM (=AZUCENA), flores frescas cortadas",293,"CAJA(S)","ECUADOR"
"10434",2025,5,"PUESTO DE CONTROL TERRESTRE DESAGUADERO","SOYA, torta",116000,"SACO(S)","BOLIVIA"
"10435",2025,5,"PUESTO DE CONTROL TERRESTRE DESAGUADERO","SOYA, torta",56000,"GRANEL","BOLIVIA"
"10436",2025,5,"PUESTO DE CONTROL TERRESTRE DESAGUADERO","SOYA, torta",28000,"GRANEL","BOLIVIA"
"10437",2025,5,"PUESTO DE CONTROL TERRESTRE DESAGUADERO","SOYA, torta",56000,"GRANEL","BOLIVIA"
"10438",2025,5,"PUESTO DE CONTROL TERRESTRE DESAGUADERO","SOYA, torta",28000,"GRANEL","BOLIVIA"
"10439",2025,5,"PUESTO DE CONTROL TERRESTRE DESAGUADERO","SOYA, torta",28000,"GRANEL","BOLIVIA"
"10440",2025,5,"PUESTO DE CONTROL TERRESTRE DESAGUADERO","SOYA, torta",28000,"GRANEL","BOLIVIA"
"10441",2025,5,"PUESTO DE CONTROL TERRESTRE DESAGUADERO","SOYA, torta",25000,"GRANEL","BOLIVIA"
"10442",2025,5,"PUESTO DE CONTROL TERRESTRE DESAGUADERO","SOYA, torta",28000,"GRANEL","BOLIVIA"
"10443",2025,5,"PUESTO DE CONTROL TERRESTRE DESAGUADERO","SOYA, torta",84000,"GRANEL","BOLIVIA"
"10444",2025,5,"PUESTO DE CONTROL TERRESTRE DESAGUADERO","SOYA, torta",56000,"GRANEL","BOLIVIA"
"10445",2025,5,"PUESTO DE CONTROL TERRESTRE DESAGUADERO","SOYA, torta",55790,"GRANEL","BOLIVIA"
"10446",2025,5,"PUESTO DE CONTROL TERRESTRE DESAGUADERO","SOYA, torta",56000,"GRANEL","BOLIVIA"
"10447",2025,5,"PUESTO DE CONTROL TERRESTRE DESAGUADERO","SOYA, torta",28070,"GRANEL","BOLIVIA"
"10448",2025,5,"PUESTO DE CONTROL TERRESTRE DESAGUADERO","SOYA, torta",23500,"GRANEL","BOLIVIA"
"10449",2025,5,"PUESTO DE CONTROL TERRESTRE DESAGUADERO","SOYA, torta",4500,"GRANEL","BOLIVIA"
"10450",2025,5,"PUESTO DE CONTROL TERRESTRE DESAGUADERO","SOYA, torta",145000,"SACO(S)","BOLIVIA"
"10451",2025,5,"PUESTO DE CONTROL TERRESTRE DESAGUADERO","SOYA, harina",116000,"SACO(S)","BOLIVIA"
"10452",2025,5,"OFICINA PUESTO DE CONTROL MARITIMO - PROV. CONST. DEL CALLAO","UVA (PASAS), secas industrialmente",20000,"CAJA(S)","CHILE"
"10453",2025,5,"PUESTO DE CONTROL TERRESTRE DESAGUADERO","SOYA, torta",56000,"GRANEL","BOLIVIA"
"10454",2025,5,"PUESTO DE CONTROL TERRESTRE DESAGUADERO","SOYA, torta",57530,"GRANEL","BOLIVIA"
"10455",2025,5,"PUESTO DE CONTROL TERRESTRE DESAGUADERO","SOYA, torta",56030,"GRANEL","BOLIVIA"
"10456",2025,5,"PUESTO DE CONTROL TERRESTRE DESAGUADERO","SOYA, torta",167630,"GRANEL","BOLIVIA"
"10457",2025,5,"PUESTO DE CONTROL TERRESTRE DESAGUADERO","SOYA, torta",55060,"GRANEL","BOLIVIA"
"10458",2025,5,"PUESTO DE CONTROL TERRESTRE DESAGUADERO","SOYA, torta",56000,"GRANEL","BOLIVIA"
"10459",2025,5,"PUESTO DE CONTROL TERRESTRE DESAGUADERO","SOYA, torta",27580,"GRANEL","BOLIVIA"
"10460",2025,5,"PUESTO DE CONTROL TERRESTRE DESAGUADERO","SOYA, torta",112810,"GRANEL","BOLIVIA"
"10461",2025,5,"PUESTO DE CONTROL TERRESTRE DESAGUADERO","SOYA, torta",27800,"GRANEL","BOLIVIA"
"10462",2025,5,"PUESTO DE CONTROL TERRESTRE DESAGUADERO","SOYA, torta",56000,"GRANEL","BOLIVIA"
"10463",2025,5,"PUESTO DE CONTROL TERRESTRE DESAGUADERO","SOYA, torta",28260,"GRANEL","BOLIVIA"
"10464",2025,5,"PUESTO DE CONTROL TERRESTRE DESAGUADERO","SOYA, torta",28050,"GRANEL","BOLIVIA"
"10465",2025,5,"PUESTO DE CONTROL TERRESTRE DESAGUADERO","SOYA, torta",27210,"GRANEL","BOLIVIA"
"10466",2025,5,"PUESTO DE CONTROL TERRESTRE DESAGUADERO","SOYA, torta",28000,"GRANEL","BOLIVIA"
"10467",2025,5,"PUESTO DE CONTROL TERRESTRE DESAGUADERO","SOYA, torta",28000,"GRANEL","BOLIVIA"
"10468",2025,5,"PUESTO DE CONTROL TERRESTRE DESAGUADERO","SOYA, torta",28000,"GRANEL","BOLIVIA"
"10469",2025,5,"OFICINA PUESTO DE CONTROL MARITIMO - PROV. CONST. DEL CALLAO","LENTEJA, grano",150591,"SACO(S)","CANADA"
"10470",2025,5,"PUESTO DE CONTROL TERRESTRE DESAGUADERO","SOYA, torta",145000,"SACO(S)","BOLIVIA"
"10471",2025,5,"PUESTO DE CONTROL TERRESTRE DESAGUADERO","SOYA, harina",145000,"SACO(S)","BOLIVIA"
"10472",2025,5,"PUESTO DE CONTROL TERRESTRE DESAGUADERO","SOYA, torta",127000,"SACO(S)","BOLIVIA"
"10473",2025,5,"OFICINA PUESTO DE CONTROL MARITIMO - PROV. CONST. DEL CALLAO","AZUCAR BLANCA O REFINADA (lectura polarimetrica mayor 99.5°)",263107,"SACO(S)","COLOMBIA"
"10474",2025,5,"SANTA ROSA, TACNA","MANZANA, fruto fresco",22344,"CAJA(S)","CHILE"
"10475",2025,5,"PUESTO DE CONTROL TERRESTRE DESAGUADERO","SOYA, harina",56000,"SACO(S)","BOLIVIA"
"10476",2025,5,"OFICINA PUESTO DE CONTROL MARITIMO - PROV. CONST. DEL CALLAO","AZUCAR BLANCA O REFINADA (lectura polarimetrica mayor 99.5°)",2e+05,"BIG BAG","COLOMBIA"
"10477",2025,5,"OFICINA PUESTO DE CONTROL MARITIMO - PROV. CONST. DEL CALLAO","AZUCAR BLANCA O REFINADA (lectura polarimetrica mayor 99.5°)",65000,"SACO(S)","COLOMBIA"
"10478",2025,5,"PUESTO DE CONTROL TERRESTRE DESAGUADERO","SOYA, torta",145000,"SACO(S)","BOLIVIA"
"10479",2025,5,"SANTA ROSA, TACNA","LENTEJA, grano",49804,"SACO(S)","CANADA"
"10480",2025,5,"OFICINA PUESTO DE CONTROL MARITIMO - PROV. CONST. DEL CALLAO","UVA (PASAS), secas naturalmente",21000,"CAJA(S)","CHILE"
"10481",2025,5,"OFICINA PUESTO DE CONTROL MARITIMO - PROV. CONST. DEL CALLAO","PINO, madera aserrada con algún proceso de la CRF2",168529,"PAQUETES","CHILE"
"10482",2025,5,"PUESTO DE CONTROL TERRESTRE DESAGUADERO","SOYA, torta",55930,"GRANEL","BOLIVIA"
"10483",2025,5,"PUESTO DE CONTROL TERRESTRE DESAGUADERO","SOYA, torta",28000,"GRANEL","BOLIVIA"
"10484",2025,5,"OFICINA PUESTO DE CONTROL MARITIMO - PROV. CONST. DEL CALLAO","AJO, polvo",21.6,"CAJA(S)","ESPAÑA"
"10485",2025,5,"OFICINA PUESTO DE CONTROL MARITIMO - PROV. CONST. DEL CALLAO","PIMIENTA, mezcla con algún proceso de la CRF 2",104.5,"CAJA(S)","ESPAÑA"
"10486",2025,5,"OFICINA PUESTO DE CONTROL MARITIMO - PROV. CONST. DEL CALLAO","PIMIENTA, molida",20.7,"CAJA(S)","ESPAÑA"
"10487",2025,5,"OFICINA PUESTO DE CONTROL MARITIMO - PROV. CONST. DEL CALLAO","PIMENTON dulce, molido",30,"CAJA(S)","ESPAÑA"
"10488",2025,5,"OFICINA PUESTO DE CONTROL MARITIMO - PROV. CONST. DEL CALLAO","PIMENTON, polvo",30,"CAJA(S)","ESPAÑA"
"10489",2025,5,"OFICINA PUESTO DE CONTROL MARITIMO - PROV. CONST. DEL CALLAO","CANELA, triturada o pulverizada (molida)",13.5,"CAJA(S)","ESPAÑA"
"10490",2025,5,"OFICINA PUESTO DE CONTROL MARITIMO - PROV. CONST. DEL CALLAO","NUEZ MOSCADA, triturada o molida",14.4,"CAJA(S)","ESPAÑA"
"10491",2025,5,"OFICINA PUESTO DE CONTROL MARITIMO - PROV. CONST. DEL CALLAO","COMINO, triturado y/o pulverizado",17.28,"CAJA(S)","ESPAÑA"
"10492",2025,5,"OFICINA PUESTO DE CONTROL MARITIMO - PROV. CONST. DEL CALLAO","JENGIBRE(=KION), triturado",12.6,"CAJA(S)","ESPAÑA"
"10493",2025,5,"OFICINA PUESTO DE CONTROL MARITIMO - PROV. CONST. DEL CALLAO","AZAFRAN, polvo",0.16,"CAJA(S)","ESPAÑA"
"10494",2025,5,"OFICINA PUESTO DE CONTROL MARITIMO - PROV. CONST. DEL CALLAO","CURCUMA, molida",44.71,"CAJA(S)","ESPAÑA"
"10495",2025,5,"OFICINA PUESTO DE CONTROL MARITIMO - PROV. CONST. DEL CALLAO","MEZCLAS, previstas en la Nota 1b) del capítulo 09, con algún proceso de la CRF2",3.12,"CAJA(S)","ESPAÑA"
"10496",2025,5,"OFICINA PUESTO DE CONTROL MARITIMO - PROV. CONST. DEL CALLAO","TOMILLO, hoja seca industrial",8.32,"CAJA(S)","ESPAÑA"
"10497",2025,5,"OFICINA PUESTO DE CONTROL MARITIMO - PROV. CONST. DEL CALLAO","AJONJOLI, grano con algún proceso de la CRF 2",18.48,"CAJA(S)","ESPAÑA"
"10498",2025,5,"OFICINA PUESTO DE CONTROL MARITIMO - PROV. CONST. DEL CALLAO","OREGANO, con algún con proceso de CRF 2",0.99,"CAJA(S)","ESPAÑA"
"10499",2025,5,"OFICINA PUESTO DE CONTROL MARITIMO - PROV. CONST. DEL CALLAO","ROMERO, secado industrial",9.9,"CAJA(S)","ESPAÑA"
"10500",2025,5,"OFICINA PUESTO DE CONTROL MARITIMO - PROV. CONST. DEL CALLAO","ALGODON, fibra sin cardar ni peinar (>22.22 mm = o <28.57 mm)",79589,"FARDOS","EEUU"
"10501",2025,5,"PUESTO DE CONTROL TERRESTRE DESAGUADERO","SOYA, torta",144000,"SACO(S)","BOLIVIA"
"10502",2025,5,"OFICINA PUESTO DE CONTROL MARITIMO - PROV. CONST. DEL CALLAO","MANI, grano sin cáscara",25000,"SACO(S)","BRASIL"
"10503",2025,5,"OFICINA PUESTO DE CONTROL AEREO -  PROV. CONST. DEL CALLAO","TOMATE, semilla",0.484,"LATAS","HOLANDA"
"10504",2025,5,"OFICINA PUESTO DE CONTROL AEREO -  PROV. CONST. DEL CALLAO","TOMATE, semilla",0.045,"SACHETS","HOLANDA"
"10505",2025,5,"OFICINA PUESTO DE CONTROL AEREO -  PROV. CONST. DEL CALLAO","MELON, semilla",0.573,"SACHETS","HOLANDA"
"10506",2025,5,"OFICINA PUESTO DE CONTROL AEREO -  PROV. CONST. DEL CALLAO","CEBOLLA, semilla",4.295,"BOLSAS","HOLANDA"
"10507",2025,5,"OFICINA PUESTO DE CONTROL AEREO -  PROV. CONST. DEL CALLAO","PORO, semilla",0.078,"SACHETS","HOLANDA"
"10508",2025,5,"OFICINA PUESTO DE CONTROL AEREO -  PROV. CONST. DEL CALLAO","LECHUGA, semilla",1.564,"FRASCO(S)","HOLANDA"
"10509",2025,5,"OFICINA PUESTO DE CONTROL AEREO -  PROV. CONST. DEL CALLAO","CALABAZA MOSCADA, semilla",2.597,"SACHETS","HOLANDA"
"10510",2025,5,"OFICINA PUESTO DE CONTROL AEREO -  PROV. CONST. DEL CALLAO","PEPINILLO, semilla",0.999,"SACHETS","HOLANDA"
"10511",2025,5,"OFICINA PUESTO DE CONTROL AEREO -  PROV. CONST. DEL CALLAO","ZAPALLO (CALABAZA AMARILLA), semilla",2.563,"SACHETS","HOLANDA"
"10512",2025,5,"OFICINA PUESTO DE CONTROL AEREO -  PROV. CONST. DEL CALLAO","SANDIA, semilla",0.065,"SACHETS","HOLANDA"
"10513",2025,5,"OFICINA PUESTO DE CONTROL MARITIMO - PROV. CONST. DEL CALLAO","PAPA, fécula",875,"PALETAS","HOLANDA"
"10514",2025,5,"OFICINA PUESTO DE CONTROL AEREO -  PROV. CONST. DEL CALLAO","PIMIENTO, semilla",1.015,"SACHETS","HOLANDA"
"10515",2025,5,"PUESTO DE CONTROL TERRESTRE DESAGUADERO","SOYA, torta",144500,"SACO(S)","BOLIVIA"
"10516",2025,5,"PUESTO DE CONTROL TERRESTRE DESAGUADERO","SOYA, torta",26000,"GRANEL","BOLIVIA"
"10517",2025,5,"PUESTO DE CONTROL TERRESTRE DESAGUADERO","SOYA, harina",58000,"SACO(S)","BOLIVIA"
"10518",2025,5,"OFICINA PUESTO DE CONTROL MARITIMO - PROV. CONST. DEL CALLAO","MARCOS, madera",2.328,"UNIDADES","CHINA"
"10519",2025,5,"OFICINA PUESTO DE CONTROL AEREO -  PROV. CONST. DEL CALLAO","MAIZ, semilla",1.041,"SOBRES","HUNGRIA"
"10520",2025,5,"PUESTO DE CONTROL TERRESTRE DESAGUADERO","SOYA, torta",142500,"SACO(S)","BOLIVIA"
"10521",2025,5,"PUESTO DE CONTROL TERRESTRE DESAGUADERO","SOYA, torta",203000,"SACO(S)","BOLIVIA"
"10522",2025,5,"PUESTO DE CONTROL TERRESTRE DESAGUADERO","SOYA, harina",28000,"SACO(S)","BOLIVIA"
"10523",2025,5,"PUESTO DE CONTROL TERRESTRE DESAGUADERO","SOYA, harina",28000,"SACO(S)","BOLIVIA"
"10524",2025,5,"PUESTO DE CONTROL TERRESTRE DESAGUADERO","SOYA, harina",28000,"SACO(S)","BOLIVIA"
"10525",2025,5,"PUESTO DE CONTROL TERRESTRE DESAGUADERO","SOYA, harina",28000,"SACO(S)","BOLIVIA"
"10526",2025,5,"PUESTO DE CONTROL TERRESTRE DESAGUADERO","SOYA, harina",28000,"SACO(S)","BOLIVIA"
"10527",2025,5,"SANTA ROSA, TACNA","MANZANA, fruto fresco",20855,"CAJA(S)","CHILE"
"10528",2025,5,"OFICINA PUESTO DE CONTROL MARITIMO - PROV. CONST. DEL CALLAO","BAMBU, esterillas, esteras y cañizos con algún proceso de la CRF2",179.166,"PIEZAS","CHINA"
"10529",2025,5,"OFICINA PUESTO DE CONTROL MARITIMO - PROV. CONST. DEL CALLAO","MADERA, monturas y mangos de herramientas, monturas y mangos de cepillos, brochas o escobas, de madera; hormas, ensanchadores y tensores del calzado, de madera ; con algún proceso de la CRF 2",28086,"UNIDADES","HONG KONG"
"10530",2025,5,"OFICINA PUESTO DE CONTROL MARITIMO - PROV. CONST. DEL CALLAO","PAPA, fécula",63000,"BOLSAS","DINAMARCA"
"10531",2025,5,"PUESTO DE CONTROL TERRESTRE DESAGUADERO","SOYA, torta",116000,"SACO(S)","BOLIVIA"
"10532",2025,5,"PUESTO DE CONTROL TERRESTRE DESAGUADERO","SOYA, torta",110710,"GRANEL","BOLIVIA"
"10533",2025,5,"PUESTO DE CONTROL TERRESTRE DESAGUADERO","SOYA, torta",27000,"GRANEL","BOLIVIA"
"10534",2025,5,"PUESTO DE CONTROL TERRESTRE DESAGUADERO","SOYA, torta",28000,"GRANEL","BOLIVIA"
"10535",2025,5,"PUESTO DE CONTROL TERRESTRE DESAGUADERO","SOYA, torta",28000,"GRANEL","BOLIVIA"
"10536",2025,5,"PUESTO DE CONTROL TERRESTRE DESAGUADERO","SOYA, torta",27870,"GRANEL","BOLIVIA"
"10537",2025,5,"OFICINA PUESTO DE CONTROL MARITIMO - PROV. CONST. DEL CALLAO","MANZANA, fruta fresca",20580,"CAJA(S)","EEUU"
"10538",2025,5,"OFICINA PUESTO DE CONTROL MARITIMO - PROV. CONST. DEL CALLAO","MADERA, monturas y mangos de herramientas, monturas y mangos de cepillos, brochas o escobas, de madera; hormas, ensanchadores y tensores del calzado, de madera ; con algún proceso de la CRF 2",117.9,"UNIDADES","CHINA"
"10539",2025,5,"PUESTO DE CONTROL TERRESTRE DESAGUADERO","SOYA, torta",28000,"GRANEL","BOLIVIA"
"10540",2025,5,"OFICINA PUESTO DE CONTROL MARITIMO - PROV. CONST. DEL CALLAO","AZUCAR BLANCA O REFINADA (lectura polarimetrica mayor 99.5°)",264950,"SACO(S)","COLOMBIA"
"10541",2025,5,"OFICINA PUESTO DE CONTROL MARITIMO - PROV. CONST. DEL CALLAO","ACHIOTE, grano",51460,"SACO(S)","COSTA DE MARFIL"
"10542",2025,5,"OFICINA PUESTO DE CONTROL MARITIMO - PROV. CONST. DEL CALLAO","ACHIOTE, grano",25670,"SACO(S)","COSTA DE MARFIL"
"10543",2025,5,"OFICINA PUESTO DE CONTROL MARITIMO - PROV. CONST. DEL CALLAO","UVA (PASAS), secas industrialmente",20000,"CAJA(S)","CHILE"
"10544",2025,5,"OFICINA PUESTO DE CONTROL MARITIMO - PROV. CONST. DEL CALLAO","ACHIOTE, grano",51720,"SACO(S)","COSTA DE MARFIL"
"10545",2025,5,"OFICINA PUESTO DE CONTROL MARITIMO - PROV. CONST. DEL CALLAO","MAIZ AMARILLO DURO, grano",14951190,"GRANEL","ARGENTINA"
"10546",2025,5,"PUESTO DE CONTROL TERRESTRE DESAGUADERO","SOYA, torta",115000,"SACO(S)","BOLIVIA"
"10547",2025,5,"OFICINA PUESTO DE CONTROL MARITIMO - PROV. CONST. DEL CALLAO","Articulos para fiestas de navidad que sean o contengan material vegetal
",5446.581,"UNIDADES","CHINA"
"10548",2025,5,"OFICINA PUESTO DE CONTROL MARITIMO - PROV. CONST. DEL CALLAO","MATERIA VEGETAL, trenzas, materia trenzable incluso ensamblados en tiras tejidos o paralelizados en forma plana con algún proceso de la CRF 2",114.784,"CAJA(S)","GUATEMALA"
"10549",2025,5,"OFICINA PUESTO DE CONTROL MARITIMO - PROV. CONST. DEL CALLAO","Articulos de cesteria (canastos, cestos u otros), con algun proceso de la CRF2",3.068,"CAJA(S)","GUATEMALA"
"10550",2025,5,"OFICINA PUESTO DE CONTROL MARITIMO - PROV. CONST. DEL CALLAO","Los demas articulos de cesteria con algun proceso de CRF 2",523.527,"CAJA(S)","GUATEMALA"
"10551",2025,5,"AGUAS VERDES, TUMBES","ROSA, flores frescas cortadas",3937,"CAJA(S)","ECUADOR"
"10552",2025,5,"PUESTO DE CONTROL TERRESTRE DESAGUADERO","SOYA, harina",116000,"SACO(S)","BOLIVIA"
"10553",2025,5,"PUESTO DE CONTROL TERRESTRE DESAGUADERO","SOYA, harina",116000,"SACO(S)","BOLIVIA"
"10554",2025,5,"OFICINA PUESTO DE CONTROL MARITIMO - PROV. CONST. DEL CALLAO","PASTO, mezcla de semillas",10000,"SACO(S)","ESPAÑA"
"10555",2025,5,"OFICINA PUESTO DE CONTROL MARITIMO - PROV. CONST. DEL CALLAO","AZUCAR BLANCA O REFINADA (lectura polarimetrica mayor 99.5°)",26450,"SACO(S)","COLOMBIA"
"10556",2025,5,"OFICINA PUESTO DE CONTROL MARITIMO - PROV. CONST. DEL CALLAO","UVA (PASAS), secas naturalmente",21000,"CAJA(S)","CHILE"
"10557",2025,5,"PUESTO DE CONTROL TERRESTRE DESAGUADERO","SOYA, torta",82500,"GRANEL","BOLIVIA"
"10558",2025,5,"OFICINA PUESTO DE CONTROL MARITIMO - PROV. CONST. DEL CALLAO","TRACTOR USADO, con motor de potencia superior a 33 kW pero inferior o igual a 75 kW",21800,"UNIDADES","CHINA"
"10559",2025,5,"OFICINA PUESTO DE CONTROL MARITIMO - PROV. CONST. DEL CALLAO","COCO, rallado seco industrial",22000,"SACO(S)","INDIA"
"10560",2025,5,"OFICINA PUESTO DE CONTROL MARITIMO - PROV. CONST. DEL CALLAO","GARBANZO, grano",23000,"SACO(S)","MEXICO"
"10561",2025,5,"OFICINA PUESTO DE CONTROL AEREO -  PROV. CONST. DEL CALLAO","GIRASOL, semilla",31.15,"SOBRES","FRANCIA"
"10562",2025,5,"OFICINA PUESTO DE CONTROL MARITIMO - PROV. CONST. DEL CALLAO","MARCOS, madera",3903,"UNIDADES","CHINA"
"10563",2025,5,"PUESTO DE CONTROL TERRESTRE DESAGUADERO","SOYA, torta",87236,"SACO(S)","BOLIVIA"
"10564",2025,5,"PUESTO DE CONTROL TERRESTRE DESAGUADERO","SOYA, torta",56996,"SACO(S)","BOLIVIA"
"10565",2025,5,"PUESTO DE CONTROL TERRESTRE DESAGUADERO","SOYA, torta",28953,"SACO(S)","BOLIVIA"
"10566",2025,5,"PUESTO DE CONTROL TERRESTRE DESAGUADERO","SOYA, harina",57936,"SACO(S)","BOLIVIA"
"10567",2025,5,"PUESTO DE CONTROL TERRESTRE DESAGUADERO","SOYA, harina",29552,"SACO(S)","BOLIVIA"
"10568",2025,5,"PUESTO DE CONTROL TERRESTRE DESAGUADERO","SOYA, torta",69950,"GRANEL","BOLIVIA"
"10569",2025,5,"PUESTO DE CONTROL TERRESTRE DESAGUADERO","SOYA, torta",13580,"GRANEL","BOLIVIA"
"10570",2025,5,"IÑAPARI, MADRE DE DIOS","NUEZ DEL BRASIL, con cáscara seca al natural",25015,"SACO(S)","BRASIL"
"10571",2025,5,"OFICINA PUESTO DE CONTROL MARITIMO - PROV. CONST. DEL CALLAO","CANELA, corteza entera seca al natural",14750,"SACO(S)","SRI LANKA"
"10572",2025,5,"OFICINA PUESTO DE CONTROL AEREO -  PROV. CONST. DEL CALLAO","MAIZ, harina",2000,"PALETAS","MEXICO"
"10573",2025,5,"OFICINA PUESTO DE CONTROL AEREO -  PROV. CONST. DEL CALLAO","MAIZ, harina",2000,"PALETAS","MEXICO"
"10574",2025,5,"OFICINA PUESTO DE CONTROL MARITIMO - PROV. CONST. DEL CALLAO","TRIGO, pellets",20100,"SACO(S)","MEXICO"
"10575",2025,5,"AGUAS VERDES, TUMBES","ROSA, flores frescas cortadas",9600,"CAJA(S)","ECUADOR"
"10576",2025,5,"PUESTO DE CONTROL TERRESTRE DESAGUADERO","SOYA, torta",28000,"GRANEL","BOLIVIA"
"10577",2025,5,"SANTA ROSA, TACNA","PERA, fruta fresca",16128,"CAJA(S)","ARGENTINA"
"10578",2025,5,"SANTA ROSA, TACNA","MANZANA, fruta fresca",7392,"CAJA(S)","ARGENTINA"
"10579",2025,5,"AGUAS VERDES, TUMBES","ROSA, flores frescas cortadas",6418,"CAJA(S)","ECUADOR"
"10580",2025,5,"OFICINA PUESTO DE CONTROL MARITIMO - PROV. CONST. DEL CALLAO","ACHIOTE, grano",34750,"SACO(S)","COSTA DE MARFIL"
"10581",2025,5,"PUESTO DE CONTROL TERRESTRE DESAGUADERO","SOYA, torta",143500,"SACO(S)","BOLIVIA"
"10582",2025,5,"OFICINA PUESTO DE CONTROL MARITIMO - PROV. CONST. DEL CALLAO","MADERA, encofrados para hormigon, de madera con algún proceso de la CRF2
",30957,"PIEZAS","ALEMANIA"
"10583",2025,5,"OFICINA PUESTO DE CONTROL MARITIMO - PROV. CONST. DEL CALLAO","ACHIOTE, grano",18000,"SACO(S)","COSTA DE MARFIL"
"10584",2025,5,"AGUAS VERDES, TUMBES","ROSA, flores frescas cortadas",8000,"CAJA(S)","ECUADOR"
"10585",2025,5,"PUESTO DE CONTROL TERRESTRE DESAGUADERO","SOYA, harina",29232,"SACO(S)","BOLIVIA"
"10586",2025,5,"PUESTO DE CONTROL TERRESTRE DESAGUADERO","SOYA, torta",53840,"GRANEL","BOLIVIA"
"10587",2025,5,"PUESTO DE CONTROL TERRESTRE DESAGUADERO","SOYA, torta",85000,"SACO(S)","BOLIVIA"
"10588",2025,5,"PUESTO DE CONTROL TERRESTRE DESAGUADERO","SOYA, harina",28000,"SACO(S)","BOLIVIA"
"10589",2025,5,"PUESTO DE CONTROL TERRESTRE DESAGUADERO","SOYA, torta",145000,"SACO(S)","BOLIVIA"
"10590",2025,5,"OFICINA PUESTO DE CONTROL MARITIMO - PROV. CONST. DEL CALLAO","MEZCLA DE ESPECIAS, molida",1131.012,"CAJA(S)","CHINA"
"10591",2025,5,"OFICINA PUESTO DE CONTROL MARITIMO - PROV. CONST. DEL CALLAO","ARROZ, harina",1200,"CAJA(S)","CHINA"
"10592",2025,5,"OFICINA PUESTO DE CONTROL MARITIMO - PROV. CONST. DEL CALLAO","MAIZ, almidon",54.48,"CAJA(S)","CHINA"
"10593",2025,5,"PUESTO DE CONTROL TERRESTRE DESAGUADERO","SOYA, torta",142000,"SACO(S)","BOLIVIA"
"10594",2025,5,"AGUAS VERDES, TUMBES","CAÑA DE GUAYAQUIL, seca al natural",35000,"UNIDADES","ECUADOR"
"10595",2025,5,"OFICINA PUESTO DE CONTROL MARITIMO - PROV. CONST. DEL CALLAO","TRIGO, grano",37828560,"GRANEL","CANADA"
"10596",2025,5,"OFICINA PUESTO DE CONTROL MARITIMO - PROV. CONST. DEL CALLAO","MAIZ AMARILLO DURO, grano",19964660,"GRANEL","ARGENTINA"
"10597",2025,5,"OFICINA PUESTO DE CONTROL MARITIMO - PROV. CONST. DEL CALLAO","ACHIOTE, grano",26080,"SACO(S)","COSTA DE MARFIL"
"10598",2025,5,"OFICINA PUESTO DE CONTROL MARITIMO - PROV. CONST. DEL CALLAO","NUEZ, con cáscara seca al natural",40000,"SACO(S)","CHILE"
"10599",2025,5,"OFICINA PUESTO DE CONTROL AEREO -  PROV. CONST. DEL CALLAO","PAPRIKA,  triturado o pulverizado",2.05,"BOLSAS","ESPAÑA"
"10600",2025,5,"OFICINA PUESTO DE CONTROL MARITIMO - PROV. CONST. DEL CALLAO","MAIZ, almidon",75000,"BIG BAG","ARGENTINA"
"10601",2025,5,"OFICINA PUESTO DE CONTROL MARITIMO - PROV. CONST. DEL CALLAO","UVA (PASAS), secas naturalmente",20000,"CAJA(S)","CHILE"
"10602",2025,5,"OFICINA PUESTO DE CONTROL MARITIMO - PROV. CONST. DEL CALLAO","UVA (PASAS), secas naturalmente",20000,"CAJA(S)","CHILE"
"10603",2025,5,"OFICINA PUESTO DE CONTROL MARITIMO - PROV. CONST. DEL CALLAO","GARBANZO, grano",22000,"SACO(S)","MEXICO"
"10604",2025,5,"PUESTO DE CONTROL TERRESTRE DESAGUADERO","SOYA, torta",28000,"GRANEL","BOLIVIA"
"10605",2025,5,"OFICINA PUESTO DE CONTROL AEREO -  PROV. CONST. DEL CALLAO","TOMATE, semilla",0.023,"SACHETS","HOLANDA"
"10606",2025,5,"OFICINA PUESTO DE CONTROL AEREO -  PROV. CONST. DEL CALLAO","LECHUGA, semilla",0.0036,"SACHETS","FRANCIA"
"10607",2025,5,"OFICINA PUESTO DE CONTROL AEREO -  PROV. CONST. DEL CALLAO","SANDIA, semilla",3.151,"SACHETS","EEUU"
"10608",2025,5,"OFICINA PUESTO DE CONTROL AEREO -  PROV. CONST. DEL CALLAO","TOMATE, semilla",0.013,"SACHETS","HOLANDA"
"10609",2025,5,"OFICINA PUESTO DE CONTROL AEREO -  PROV. CONST. DEL CALLAO","TOMATE, semilla",0.016323,"SACHETS","HOLANDA"
"10610",2025,5,"PUESTO DE CONTROL TERRESTRE DESAGUADERO","SOYA, torta",28000,"GRANEL","BOLIVIA"
"10611",2025,5,"OFICINA PUESTO DE CONTROL AEREO -  PROV. CONST. DEL CALLAO","PIMIENTO, semilla",0.33785,"SACHETS","EEUU"
"10612",2025,5,"OFICINA PUESTO DE CONTROL MARITIMO - PROV. CONST. DEL CALLAO","ACHIOTE, grano",24920,"SACO(S)","COSTA DE MARFIL"
"10613",2025,5,"OFICINA PUESTO DE CONTROL MARITIMO - PROV. CONST. DEL CALLAO","MADERA, monturas y mangos de herramientas, monturas y mangos de cepillos, brochas o escobas, de madera; hormas, ensanchadores y tensores del calzado, de madera ; con algún proceso de la CRF 2",28430,"UNIDADES","CHINA"
"10614",2025,5,"OFICINA PUESTO DE CONTROL MARITIMO - PROV. CONST. DEL CALLAO","FLOR DE JAMAICA, seca natural",83100,"SACO(S)","NIGERIA"
"10615",2025,5,"OFICINA PUESTO DE CONTROL MARITIMO - PROV. CONST. DEL CALLAO","FREJOL NEGRO, grano",24000,"SACO(S)","ARGENTINA"
"10616",2025,5,"PUESTO DE CONTROL TERRESTRE DESAGUADERO","SOYA, torta",117000,"SACO(S)","BOLIVIA"
"10617",2025,5,"AGUAS VERDES, TUMBES","ROSA, flores frescas cortadas",9763,"CAJA(S)","ECUADOR"
"10618",2025,5,"AGUAS VERDES, TUMBES","GERBERA, flores frescas cortadas",196,"CAJA(S)","ECUADOR"
"10619",2025,5,"AGUAS VERDES, TUMBES","FLORES Y CAPULLOS, cortados para ramos o adornos con algún proceso de la CRF 2",540,"CAJA(S)","ECUADOR"
"10620",2025,5,"PUESTO DE CONTROL TERRESTRE DESAGUADERO","SOYA, torta",57606,"SACO(S)","BOLIVIA"
"10621",2025,5,"PUESTO DE CONTROL TERRESTRE DESAGUADERO","SOYA, torta",28000,"GRANEL","BOLIVIA"
"10622",2025,5,"PUESTO DE CONTROL TERRESTRE DESAGUADERO","SOYA, torta",28000,"GRANEL","BOLIVIA"
"10623",2025,5,"PUESTO DE CONTROL TERRESTRE DESAGUADERO","SOYA, torta",81760,"GRANEL","BOLIVIA"
"10624",2025,5,"PUESTO DE CONTROL TERRESTRE DESAGUADERO","SOYA, torta",56000,"GRANEL","BOLIVIA"
"10625",2025,5,"OFICINA PUESTO DE CONTROL MARITIMO - PROV. CONST. DEL CALLAO","PERA, fruta fresca",22680,"CAJA(S)","ARGENTINA"
"10626",2025,5,"PUESTO DE CONTROL TERRESTRE DESAGUADERO","SOYA, torta",28000,"GRANEL","BOLIVIA"
"10627",2025,5,"PUESTO DE CONTROL TERRESTRE DESAGUADERO","SOYA, torta",25977,"SACO(S)","BOLIVIA"
"10628",2025,5,"OFICINA PUESTO DE CONTROL MARITIMO - PROV. CONST. DEL CALLAO","ALGODON, fibra sin cardar ni peinar (>28.57 mm = o <34.92 mm)",20150,"FARDOS","EEUU"
"10629",2025,5,"OFICINA PUESTO DE CONTROL AEREO -  PROV. CONST. DEL CALLAO","LINO, peinado o trabajado de otro modo, pero sin hilar",97,"FARDOS","BELGICA"
"10630",2025,5,"PUESTO DE CONTROL TERRESTRE DESAGUADERO","SOYA, harina",116000,"SACO(S)","BOLIVIA"
"10631",2025,5,"OFICINA PUESTO DE CONTROL MARITIMO - PROV. CONST. DEL CALLAO","ARVEJA, grano partido",248570,"SACO(S)","CANADA"
"10632",2025,5,"OFICINA PUESTO DE CONTROL AEREO -  PROV. CONST. DEL CALLAO","CEBOLLA, semilla",85.529,"SACHETS","HOLANDA"
"10633",2025,5,"OFICINA PUESTO DE CONTROL AEREO -  PROV. CONST. DEL CALLAO","APIO, semilla",0.343,"SACHETS","HOLANDA"
"10634",2025,5,"OFICINA PUESTO DE CONTROL AEREO -  PROV. CONST. DEL CALLAO","PEPINILLO, semilla",11.962,"SACHETS","HOLANDA"
"10635",2025,5,"OFICINA PUESTO DE CONTROL AEREO -  PROV. CONST. DEL CALLAO","ZANAHORIA, semilla",94.191,"SACHETS","HOLANDA"
"10636",2025,5,"OFICINA PUESTO DE CONTROL AEREO -  PROV. CONST. DEL CALLAO","MELON, semilla",1.025,"SACHETS","HOLANDA"
"10637",2025,5,"OFICINA PUESTO DE CONTROL AEREO -  PROV. CONST. DEL CALLAO","BROCOLI, semilla",0.73,"SACHETS","HOLANDA"
"10638",2025,5,"OFICINA PUESTO DE CONTROL AEREO -  PROV. CONST. DEL CALLAO","COL MORADA, semilla",0.283,"SACHETS","HOLANDA"
"10639",2025,5,"OFICINA PUESTO DE CONTROL AEREO -  PROV. CONST. DEL CALLAO","COL, semilla",9.478,"SACHETS","HOLANDA"
"10640",2025,5,"OFICINA PUESTO DE CONTROL AEREO -  PROV. CONST. DEL CALLAO","COLIFLOR, semilla",0.076,"SACHETS","HOLANDA"
"10641",2025,5,"OFICINA PUESTO DE CONTROL AEREO -  PROV. CONST. DEL CALLAO","LECHUGA, semilla",103.329,"LATAS","HOLANDA"
"10642",2025,5,"OFICINA PUESTO DE CONTROL AEREO -  PROV. CONST. DEL CALLAO","APIO, semilla",0.138,"LATAS","HOLANDA"
"10643",2025,5,"OFICINA PUESTO DE CONTROL AEREO -  PROV. CONST. DEL CALLAO","APIO, semilla",0.134,"SACHETS","HOLANDA"
"10644",2025,5,"OFICINA PUESTO DE CONTROL AEREO -  PROV. CONST. DEL CALLAO","ENDIVIA, semilla",2.21,"LATAS","HOLANDA"
"10645",2025,5,"OFICINA PUESTO DE CONTROL AEREO -  PROV. CONST. DEL CALLAO","ESPINACA, semilla",12.659,"SACHETS","HOLANDA"
"10646",2025,5,"OFICINA PUESTO DE CONTROL AEREO -  PROV. CONST. DEL CALLAO","PEPINILLO, semilla",5.254,"SACHETS","HOLANDA"
"10647",2025,5,"OFICINA PUESTO DE CONTROL AEREO -  PROV. CONST. DEL CALLAO","SANDIA, semilla",0.488,"SACHETS","HOLANDA"
"10648",2025,5,"OFICINA PUESTO DE CONTROL AEREO -  PROV. CONST. DEL CALLAO","PIMIENTO, semilla",0.181,"SACHETS","HOLANDA"
"10649",2025,5,"OFICINA PUESTO DE CONTROL AEREO -  PROV. CONST. DEL CALLAO","TOMATE, semilla",0.162,"SACHETS","HOLANDA"
"10650",2025,5,"OFICINA PUESTO DE CONTROL MARITIMO - PROV. CONST. DEL CALLAO","ACHIOTE, grano",36000,"SACO(S)","COSTA DE MARFIL"
"10651",2025,5,"OFICINA PUESTO DE CONTROL AEREO -  PROV. CONST. DEL CALLAO","MELON, semilla",0.167,"SACHETS","FRANCIA"
"10652",2025,5,"OFICINA PUESTO DE CONTROL AEREO -  PROV. CONST. DEL CALLAO","BROCOLI, semilla",0.04,"SACHETS","FRANCIA"
"10653",2025,5,"OFICINA PUESTO DE CONTROL AEREO -  PROV. CONST. DEL CALLAO","LECHUGA, semilla",0.2,"SACHETS","FRANCIA"
"10654",2025,5,"OFICINA PUESTO DE CONTROL AEREO -  PROV. CONST. DEL CALLAO","PEPINILLO, semilla",0.157,"SACHETS","FRANCIA"
"10655",2025,5,"OFICINA PUESTO DE CONTROL AEREO -  PROV. CONST. DEL CALLAO","SANDIA, semilla",0.586,"SACHETS","FRANCIA"
"10656",2025,5,"OFICINA PUESTO DE CONTROL AEREO -  PROV. CONST. DEL CALLAO","ZANAHORIA, semilla",0.25,"SACHETS","FRANCIA"
"10657",2025,5,"OFICINA PUESTO DE CONTROL AEREO -  PROV. CONST. DEL CALLAO","TOMATE, semilla",0.018,"SACHETS","FRANCIA"
"10658",2025,5,"PUERTO DE MATARANI , AREQUIPA","MAIZ AMARILLO DURO, grano",1.5e+07,"GRANEL","ARGENTINA"
"10659",2025,5,"OFICINA PUESTO DE CONTROL MARITIMO - PROV. CONST. DEL CALLAO","OREJAS DE JUDAS, seco industrial",2800,"CAJA(S)","CHINA"
"10660",2025,5,"OFICINA PUESTO DE CONTROL MARITIMO - PROV. CONST. DEL CALLAO","AJI, seco industrial",1000,"CAJA(S)","CHINA"
"10661",2025,5,"OFICINA PUESTO DE CONTROL MARITIMO - PROV. CONST. DEL CALLAO","LAS DEMAS PLANTAS, partes de plantas, semillas y frutos de especies utilizadas principalmente en perfumeria,medicina insecticidas o similares con algún proceso del a CRF 2",1700,"CAJA(S)","CHINA"
"10662",2025,5,"OFICINA PUESTO DE CONTROL MARITIMO - PROV. CONST. DEL CALLAO","AJO, polvo",921.66,"CAJA(S)","CHINA"
"10663",2025,5,"OFICINA PUESTO DE CONTROL MARITIMO - PROV. CONST. DEL CALLAO","CIRUELA, seca industrialmente",420.48,"CAJA(S)","CHINA"
"10664",2025,5,"OFICINA PUESTO DE CONTROL MARITIMO - PROV. CONST. DEL CALLAO","MEZCLA DE ESPECIAS, molida",180,"CAJA(S)","CHINA"
"10665",2025,5,"OFICINA PUESTO DE CONTROL MARITIMO - PROV. CONST. DEL CALLAO","ARROZ, harina",4404,"CAJA(S)","CHINA"
"10666",2025,5,"OFICINA PUESTO DE CONTROL MARITIMO - PROV. CONST. DEL CALLAO","BAMBU, hoja seca industrial",480,"CAJA(S)","CHINA"
"10667",2025,5,"OFICINA PUESTO DE CONTROL MARITIMO - PROV. CONST. DEL CALLAO","KIWI, fruto fresco",19992,"CAJA(S)","CHILE"
"10668",2025,5,"OFICINA PUESTO DE CONTROL MARITIMO - PROV. CONST. DEL CALLAO","KIWI, fruto fresco",16800,"CAJA(S)","CHILE"
"10669",2025,5,"OFICINA PUESTO DE CONTROL AEREO -  PROV. CONST. DEL CALLAO","TOMATE, semilla",1.559,"SACHETS","HOLANDA"
"10670",2025,5,"OFICINA PUESTO DE CONTROL MARITIMO - PROV. CONST. DEL CALLAO","MANZANA, fruta fresca",17640,"CAJA(S)","EEUU"
"10671",2025,5,"OFICINA PUESTO DE CONTROL MARITIMO - PROV. CONST. DEL CALLAO","ANIS O BADIANA, grano",52000,"SACO(S)","TURQUIA"
"10672",2025,5,"OFICINA PUESTO DE CONTROL MARITIMO - PROV. CONST. DEL CALLAO","UVA (PASAS), secas naturalmente",20000,"CAJA(S)","ARGENTINA"
"10673",2025,5,"PUESTO DE CONTROL TERRESTRE DESAGUADERO","SOYA, torta",144500,"SACO(S)","BOLIVIA"
"10674",2025,5,"PUESTO DE CONTROL TERRESTRE DESAGUADERO","SOYA, torta",115000,"SACO(S)","BOLIVIA"
"10675",2025,5,"PUESTO DE CONTROL TERRESTRE DESAGUADERO","SOYA, torta",144000,"SACO(S)","BOLIVIA"
"10676",2025,5,"PUESTO DE CONTROL TERRESTRE DESAGUADERO","SOYA, harina",145000,"SACO(S)","BOLIVIA"
"10677",2025,5,"OFICINA PUESTO DE CONTROL MARITIMO - PROV. CONST. DEL CALLAO","ALGODON, fibra sin cardar ni peinar (>34.92 mm)",115210,"FARDOS","EEUU"
"10678",2025,5,"OFICINA PUESTO DE CONTROL MARITIMO - PROV. CONST. DEL CALLAO","MARCOS, madera",309.89,"UNIDADES","EEUU"
"10679",2025,5,"OFICINA PUESTO DE CONTROL MARITIMO - PROV. CONST. DEL CALLAO","Esterillas, esteras y cañizos, de las demas materias vegetales, con algun proceso de la CRF 2",30.72,"UNIDADES","EEUU"
"10680",2025,5,"OFICINA PUESTO DE CONTROL MARITIMO - PROV. CONST. DEL CALLAO","ROTEN (=Ratán), artículos de cestería obtenidos directamente en su forma con materia trenzable con algún proceso de la CRF2",48.36,"UNIDADES","EEUU"
"10681",2025,5,"OFICINA PUESTO DE CONTROL MARITIMO - PROV. CONST. DEL CALLAO","Articulos de cesteria (canastos, cestos u otros), con algun proceso de la CRF2",68.94,"UNIDADES","EEUU"
"10682",2025,5,"OFICINA PUESTO DE CONTROL MARITIMO - PROV. CONST. DEL CALLAO","Los demas articulos de cesteria con algun proceso de CRF 2",13.42,"UNIDADES","EEUU"
"10683",2025,5,"OFICINA PUESTO DE CONTROL MARITIMO - PROV. CONST. DEL CALLAO","RESIDUO DE DESTILERIA",116519,"GRANEL","EEUU"
"10684",2025,5,"PUESTO DE CONTROL TERRESTRE DESAGUADERO","SOYA, harina",60000,"SACO(S)","BOLIVIA"
"10685",2025,5,"PUESTO DE CONTROL TERRESTRE DESAGUADERO","SOYA, torta",58000,"SACO(S)","BOLIVIA"
"10686",2025,5,"LA TINA, PIURA","PINO, madera aserrada, con tratamiento de secado al horno o impregnación de sales",30000,"PACAS","PERU"
"10687",2025,5,"OFICINA PUESTO DE CONTROL MARITIMO - PROV. CONST. DEL CALLAO","MADERA, monturas y mangos de herramientas, monturas y mangos de cepillos, brochas o escobas, de madera; hormas, ensanchadores y tensores del calzado, de madera ; con algún proceso de la CRF 2",22402,"UNIDADES","CHINA"
"10688",2025,5,"OFICINA PUESTO DE CONTROL AEREO -  PROV. CONST. DEL CALLAO","PIMIENTO, semilla",0.641,"SACHETS","EEUU"
"10689",2025,5,"PUESTO DE CONTROL TERRESTRE DESAGUADERO","SOYA, harina",56000,"SACO(S)","BOLIVIA"
"10690",2025,5,"PUESTO DE CONTROL TERRESTRE DESAGUADERO","SOYA, harina",54000,"SACO(S)","BOLIVIA"
"10691",2025,5,"OFICINA PUESTO DE CONTROL MARITIMO - PROV. CONST. DEL CALLAO","PAPA, fécula",2e+05,"BOLSAS","ALEMANIA"
"10692",2025,5,"PUESTO DE CONTROL TERRESTRE DESAGUADERO","SOYA, torta",54510,"GRANEL","BOLIVIA"
"10693",2025,5,"PUESTO DE CONTROL TERRESTRE DESAGUADERO","SOYA, torta",26070,"GRANEL","BOLIVIA"
"10694",2025,5,"OFICINA PUESTO DE CONTROL MARITIMO - PROV. CONST. DEL CALLAO","MANZANA, fruta fresca",52920,"CAJA(S)","EEUU"
"10695",2025,5,"AGUAS VERDES, TUMBES","ROSA, flores frescas cortadas",6196,"CAJA(S)","ECUADOR"
"10696",2025,5,"OFICINA PUESTO DE CONTROL MARITIMO - PROV. CONST. DEL CALLAO","ALGODON, fibra sin cardar ni peinar (>28.57 mm = o <34.92 mm)",176190,"FARDOS","EEUU"
"10697",2025,5,"AGUAS VERDES, TUMBES","PALTA, fruto fresco",848,"CAJA(S)","PERU"
"10698",2025,5,"AGUAS VERDES, TUMBES","PALTA, fruto fresco",22800,"CAJAS DE PLASTICO","PERU"
"10699",2025,5,"Puerto de Chancay","PINO, madera aserrada con algún proceso de la CRF2",62775,"PALETAS","CHINA"
"10700",2025,5,"OFICINA PUESTO DE CONTROL MARITIMO - PROV. CONST. DEL CALLAO","LENTEJA, grano",75116,"SACO(S)","CANADA"
"10701",2025,5,"PUESTO DE CONTROL TERRESTRE DESAGUADERO","SOYA, harina",174000,"SACO(S)","BOLIVIA"
"10702",2025,5,"OFICINA PUESTO DE CONTROL MARITIMO - PROV. CONST. DEL CALLAO","MADERA, monturas y mangos de herramientas, monturas y mangos de cepillos, brochas o escobas, de madera; hormas, ensanchadores y tensores del calzado, de madera ; con algún proceso de la CRF 2",55832,"BIG BAG","CHINA"
"10703",2025,5,"OFICINA PUESTO DE CONTROL AEREO -  PROV. CONST. DEL CALLAO","MAIZ, semilla",27.2,"BOLSAS","MEXICO"
"10704",2025,5,"OFICINA PUESTO DE CONTROL AEREO -  PROV. CONST. DEL CALLAO","PIMIENTO, semilla",0.006,"SACHETS","HOLANDA"
"10705",2025,5,"OFICINA PUESTO DE CONTROL AEREO -  PROV. CONST. DEL CALLAO","PIMIENTO, semilla",0.12,"SACHETS","HOLANDA"
"10706",2025,5,"OFICINA PUESTO DE CONTROL AEREO -  PROV. CONST. DEL CALLAO","TOMATE, semilla",0.013,"SACHETS","HOLANDA"
"10707",2025,5,"OFICINA PUESTO DE CONTROL MARITIMO - PROV. CONST. DEL CALLAO","COCO, fibra (para sustrato)",255970,"PALETAS","INDIA"
"10708",2025,5,"SANTA ROSA, TACNA","LENTEJA, grano",24585,"SACO(S)","CANADA"
"10709",2025,5,"OFICINA PUESTO DE CONTROL MARITIMO - PROV. CONST. DEL CALLAO","PINO, madera aserrada con algún proceso de la CRF2",22799,"PAQUETES","CHILE"
"10710",2025,5,"OFICINA PUESTO DE CONTROL MARITIMO - PROV. CONST. DEL CALLAO","MADERA, aserrada con algún tratamiento de la CRF 2",25169,"PAQUETES","CHILE"
"10711",2025,5,"OFICINA PUESTO DE CONTROL MARITIMO - PROV. CONST. DEL CALLAO","ARROZ, parbolizado pulido o sin cáscara",175000,"SACO(S)","TAILANDIA"
"10712",2025,5,"OFICINA PUESTO DE CONTROL MARITIMO - PROV. CONST. DEL CALLAO","ARROZ, grano pilado",75000,"SACO(S)","TAILANDIA"
"10713",2025,5,"OFICINA PUESTO DE CONTROL MARITIMO - PROV. CONST. DEL CALLAO","FREJOL CANARIO, grano",44000,"SACO(S)","MEXICO"
"10714",2025,5,"PUESTO DE CONTROL TERRESTRE DESAGUADERO","SOYA, torta",28000,"SACO(S)","BOLIVIA"
"10715",2025,5,"PUESTO DE CONTROL TERRESTRE DESAGUADERO","SOYA, torta",28000,"SACO(S)","BOLIVIA"
"10716",2025,5,"PUESTO DE CONTROL TERRESTRE DESAGUADERO","SOYA, torta",112000,"SACO(S)","BOLIVIA"
"10717",2025,5,"PUESTO DE CONTROL TERRESTRE DESAGUADERO","SOYA, torta",56000,"GRANEL","BOLIVIA"
"10718",2025,5,"PUESTO DE CONTROL TERRESTRE DESAGUADERO","SOYA, torta",28000,"SACO(S)","BOLIVIA"
"10719",2025,5,"PUESTO DE CONTROL TERRESTRE DESAGUADERO","SOYA, torta",28000,"GRANEL","BOLIVIA"
"10720",2025,5,"PUESTO DE CONTROL TERRESTRE DESAGUADERO","SOYA, torta",145000,"SACO(S)","BOLIVIA"
"10721",2025,5,"PUERTO DE SALAVERRY, LA LIBERTAD","MAIZ AMARILLO DURO, grano",34860000,"GRANEL","ARGENTINA"
"10722",2025,5,"OFICINA PUESTO DE CONTROL MARITIMO - PROV. CONST. DEL CALLAO","BRACHIARIA, semilla",12000,"SACO(S)","BRASIL"
"10723",2025,5,"OFICINA PUESTO DE CONTROL MARITIMO - PROV. CONST. DEL CALLAO","ALFALFA, semilla",20000,"BIG BAG","CANADA"
"10724",2025,5,"OFICINA PUESTO DE CONTROL MARITIMO - PROV. CONST. DEL CALLAO","PERA, fruta fresca",23040,"CAJA(S)","CHILE"
"10725",2025,5,"AGUAS VERDES, TUMBES","ROSA, flores frescas cortadas",14500,"CAJA(S)","ECUADOR"
"10726",2025,5,"OFICINA PUESTO DE CONTROL MARITIMO - PROV. CONST. DEL CALLAO","MATERIAS VEGETALES, para tallar trabajadas con algun proceso de la CRF 2",1808.215,"UNIDADES","CHINA"
"10727",2025,5,"OFICINA PUESTO DE CONTROL MARITIMO - PROV. CONST. DEL CALLAO","MANZANA, fruto fresco",19551,"CAJA(S)","CHILE"
"10728",2025,5,"OFICINA PUESTO DE CONTROL MARITIMO - PROV. CONST. DEL CALLAO","KIWI, fruto fresco",24000,"CAJA(S)","CHILE"
"10729",2025,5,"OFICINA PUESTO DE CONTROL MARITIMO - PROV. CONST. DEL CALLAO","CATNIP, triturado o pulverizado (molido)",0.922,"UNIDADES","CHINA"
"10730",2025,5,"OFICINA PUESTO DE CONTROL MARITIMO - PROV. CONST. DEL CALLAO","ALGODON, fibra sin cardar ni peinar (>28.57 mm = o <34.92 mm)",453900,"FARDOS","EEUU"
"10731",2025,5,"OFICINA PUESTO DE CONTROL MARITIMO - PROV. CONST. DEL CALLAO","Arados usados
",731.458,"PIEZAS","CHINA"
"10732",2025,5,"OFICINA PUESTO DE CONTROL MARITIMO - PROV. CONST. DEL CALLAO","Las demás partes de aparatos y artefactos agrícolas horticolas o silvicolas, usados
",129.45,"CAJA(S)","CHINA"
"10733",2025,5,"OFICINA PUESTO DE CONTROL MARITIMO - PROV. CONST. DEL CALLAO","TRACTOR USADO, con motor de potencia superior a 33 kW pero inferior o igual a 75 kW",10852.295,"UNIDADES","CHINA"
"10734",2025,5,"OFICINA PUESTO DE CONTROL MARITIMO - PROV. CONST. DEL CALLAO","Arados usados
",102.03,"UNIDADES","CHINA"
"10735",2025,5,"OFICINA PUESTO DE CONTROL MARITIMO - PROV. CONST. DEL CALLAO","Prensas para paja o forraje, incluidas prensas recogedoras usadas
",4989.628,"PAQUETES","CHINA"
"10736",2025,5,"PUESTO DE CONTROL TERRESTRE DESAGUADERO","SOYA, harina",87000,"SACO(S)","BOLIVIA"
"10737",2025,5,"OFICINA PUESTO DE CONTROL MARITIMO - PROV. CONST. DEL CALLAO","ALGODON, fibra sin cardar ni peinar (>28.57 mm = o <34.92 mm)",59450,"FARDOS","EEUU"
"10738",2025,5,"OFICINA PUESTO DE CONTROL MARITIMO - PROV. CONST. DEL CALLAO","ALGODON, fibra sin cardar ni peinar (>28.57 mm = o <34.92 mm)",98390,"FARDOS","EEUU"
"10739",2025,5,"OFICINA PUESTO DE CONTROL MARITIMO - PROV. CONST. DEL CALLAO","COCO, fibra (para sustrato)",243121,"PAQUETES","SRI LANKA"
"10740",2025,5,"PUESTO DE CONTROL TERRESTRE DESAGUADERO","SOYA, harina",28000,"SACO(S)","BOLIVIA"
"10741",2025,5,"PUESTO DE CONTROL TERRESTRE DESAGUADERO","SOYA, harina",28000,"SACO(S)","BOLIVIA"
"10742",2025,5,"PUESTO DE CONTROL TERRESTRE DESAGUADERO","SOYA, torta",84440,"GRANEL","BOLIVIA"
"10743",2025,5,"PUESTO DE CONTROL TERRESTRE DESAGUADERO","SOYA, torta",83780,"GRANEL","BOLIVIA"
"10744",2025,5,"PUESTO DE CONTROL TERRESTRE DESAGUADERO","SOYA, torta",83030,"GRANEL","BOLIVIA"
"10745",2025,5,"OFICINA PUESTO DE CONTROL MARITIMO - PROV. CONST. DEL CALLAO","ALGODON, fibra sin cardar ni peinar (>28.57 mm = o <34.92 mm)",38710,"FARDOS","EEUU"
"10746",2025,5,"OFICINA PUESTO DE CONTROL MARITIMO - PROV. CONST. DEL CALLAO","MADERA, monturas y mangos de herramientas, monturas y mangos de cepillos, brochas o escobas, de madera; hormas, ensanchadores y tensores del calzado, de madera ; con algún proceso de la CRF 2",32.854,"PIEZAS","MEXICO"
"10747",2025,5,"OFICINA PUESTO DE CONTROL MARITIMO - PROV. CONST. DEL CALLAO","MADERA, herramientas de madera con algún proceso de la CRF2",412.65,"PIEZAS","MEXICO"
"10748",2025,5,"OFICINA PUESTO DE CONTROL MARITIMO - PROV. CONST. DEL CALLAO","MADERA, monturas y mangos de herramientas, monturas y mangos de cepillos, brochas o escobas, de madera; hormas, ensanchadores y tensores del calzado, de madera ; con algún proceso de la CRF 2",126.423,"PIEZAS","MEXICO"
"10749",2025,5,"PUESTO DE CONTROL TERRESTRE DESAGUADERO","SOYA, torta",28400,"GRANEL","BOLIVIA"
"10750",2025,5,"OFICINA PUESTO DE CONTROL MARITIMO - PROV. CONST. DEL CALLAO","GIRASOL, grano sin cáscara",26000,"SACO(S)","BULGARIA"
"10751",2025,5,"IÑAPARI, MADRE DE DIOS","NUEZ DEL BRASIL, con cáscara seca al natural",26999.7,"SACO(S)","BRASIL"
"10752",2025,5,"OFICINA PUESTO DE CONTROL MARITIMO - PROV. CONST. DEL CALLAO","ARVEJA, grano entero",24948,"SACO(S)","CANADA"
"10753",2025,5,"OFICINA PUESTO DE CONTROL MARITIMO - PROV. CONST. DEL CALLAO","MANZANA, fruto fresco",20580,"CAJA(S)","CHILE"
"10754",2025,5,"OFICINA PUESTO DE CONTROL MARITIMO - PROV. CONST. DEL CALLAO","LENTEJA, grano",52100,"SACO(S)","CANADA"
"10755",2025,5,"OFICINA PUESTO DE CONTROL AEREO -  PROV. CONST. DEL CALLAO","MELON, semilla",4.829,"SACHETS","EEUU"
"10756",2025,5,"OFICINA PUESTO DE CONTROL MARITIMO - PROV. CONST. DEL CALLAO","MANI, grano sin cáscara",25000,"SACO(S)","BRASIL"
"10757",2025,5,"OFICINA PUESTO DE CONTROL MARITIMO - PROV. CONST. DEL CALLAO","ALGODON, fibra sin cardar ni peinar (>28.57 mm = o <34.92 mm)",202530,"FARDOS","EEUU"
"10758",2025,5,"OFICINA PUESTO DE CONTROL MARITIMO - PROV. CONST. DEL CALLAO","ARVEJA, grano partido",98884,"SACO(S)","CANADA"
"10759",2025,5,"OFICINA PUESTO DE CONTROL MARITIMO - PROV. CONST. DEL CALLAO","ALGODON, fibra sin cardar ni peinar (>28.57 mm = o <34.92 mm)",76960,"FARDOS","EEUU"
"10760",2025,5,"PUESTO DE CONTROL TERRESTRE DESAGUADERO","SOYA, torta",56000,"GRANEL","BOLIVIA"
"10761",2025,5,"PUESTO DE CONTROL TERRESTRE DESAGUADERO","SOYA, torta",55000,"GRANEL","BOLIVIA"
"10762",2025,5,"PUESTO DE CONTROL TERRESTRE DESAGUADERO","SOYA, torta",56000,"GRANEL","BOLIVIA"
"10763",2025,5,"PUESTO DE CONTROL TERRESTRE DESAGUADERO","SOYA, torta",174000,"SACO(S)","BOLIVIA"
"10764",2025,5,"OFICINA PUESTO DE CONTROL MARITIMO - PROV. CONST. DEL CALLAO","TRIGO, harina",14000,"SACO(S)","CHILE"
"10765",2025,5,"OFICINA PUESTO DE CONTROL MARITIMO - PROV. CONST. DEL CALLAO","AJONJOLI, grano",56000,"SACO(S)","BRASIL"
"10766",2025,5,"OFICINA PUESTO DE CONTROL MARITIMO - PROV. CONST. DEL CALLAO","AZUCAR BLANCA O REFINADA (lectura polarimetrica mayor 99.5°)",1e+05,"SACO(S)","COLOMBIA"
"10767",2025,5,"PUESTO DE CONTROL TERRESTRE DESAGUADERO","SOYA, harina",174000,"SACO(S)","BOLIVIA"
"10768",2025,5,"PUESTO DE CONTROL TERRESTRE DESAGUADERO","SOYA, torta",145000,"SACO(S)","BOLIVIA"
"10769",2025,5,"PUESTO DE CONTROL TERRESTRE DESAGUADERO","SOYA, torta",143000,"SACO(S)","BOLIVIA"
"10770",2025,5,"PUESTO DE CONTROL TERRESTRE DESAGUADERO","SOYA, torta",144000,"SACO(S)","BOLIVIA"
"10771",2025,5,"PUESTO DE CONTROL TERRESTRE DESAGUADERO","SOYA, torta",144000,"SACO(S)","BOLIVIA"
"10772",2025,5,"OFICINA PUESTO DE CONTROL MARITIMO - PROV. CONST. DEL CALLAO","NUEZ, con cáscara seca al natural",40000,"SACO(S)","CHILE"
"10773",2025,5,"OFICINA PUESTO DE CONTROL MARITIMO - PROV. CONST. DEL CALLAO","CULANTRO, semilla",1500,"BOLSAS","ITALIA"
"10774",2025,5,"OFICINA PUESTO DE CONTROL MARITIMO - PROV. CONST. DEL CALLAO","NABO, semilla",100,"LATAS","ITALIA"
"10775",2025,5,"OFICINA PUESTO DE CONTROL MARITIMO - PROV. CONST. DEL CALLAO","PEREJIL, semilla",100,"LATAS","ITALIA"
"10776",2025,5,"OFICINA PUESTO DE CONTROL AEREO -  PROV. CONST. DEL CALLAO","ACHIOTE, polvo",500,"CAJA(S)","KENIA"
"10777",2025,5,"OFICINA PUESTO DE CONTROL MARITIMO - PROV. CONST. DEL CALLAO","PERA, fruta fresca",23040,"CAJA(S)","CHILE"
"10778",2025,5,"PUESTO DE CONTROL TERRESTRE DESAGUADERO","SOYA, harina",174000,"SACO(S)","BOLIVIA"
"10779",2025,5,"OFICINA PUESTO DE CONTROL MARITIMO - PROV. CONST. DEL CALLAO","UVA (PASAS), secas naturalmente",25000,"CAJA(S)","ARGENTINA"
"10780",2025,5,"PUESTO DE CONTROL TERRESTRE DESAGUADERO","SOYA, harina",174000,"SACO(S)","BOLIVIA"
"10781",2025,5,"OFICINA PUESTO DE CONTROL AEREO -  PROV. CONST. DEL CALLAO","LUPULO, pellets",486,"BOLSAS","EEUU"
"10782",2025,5,"OFICINA PUESTO DE CONTROL MARITIMO - PROV. CONST. DEL CALLAO","LUPULO, pellets",14000,"CAJA(S)","ALEMANIA"
"10783",2025,5,"OFICINA PUESTO DE CONTROL MARITIMO - PROV. CONST. DEL CALLAO","LUPULO, pellets",14000,"CAJA(S)","ALEMANIA"
"10784",2025,5,"OFICINA PUESTO DE CONTROL MARITIMO - PROV. CONST. DEL CALLAO","ARROZ, parbolizado pulido o sin cáscara",131760,"SACO(S)","BRASIL"
"10785",2025,5,"OFICINA PUESTO DE CONTROL MARITIMO - PROV. CONST. DEL CALLAO","ARVEJA, grano partido",46266,"SACO(S)","EEUU"
"10786",2025,5,"PUESTO DE CONTROL TERRESTRE DESAGUADERO","SOYA, torta",84000,"GRANEL","BOLIVIA"
"10787",2025,5,"OFICINA PUESTO DE CONTROL MARITIMO - PROV. CONST. DEL CALLAO","MAIZ REVENTON, grano",76200,"SACO(S)","ARGENTINA"
"10788",2025,5,"PUERTO DE PAITA , PIURA","LENTEJA, grano",167602,"SACO(S)","EEUU"
"10789",2025,5,"PUERTO DE PAITA , PIURA","ARVEJA, grano partido",73755,"SACO(S)","EEUU"
"10790",2025,5,"PUERTO DE PAITA , PIURA","PAPA, fécula",84000,"SACO(S)","DINAMARCA"
"10791",2025,5,"PUERTO DE PAITA , PIURA","ARVEJA, grano entero",25855,"SACO(S)","CANADA"
"10792",2025,5,"PUESTO DE CONTROL TERRESTRE DESAGUADERO","SOYA, torta",114000,"SACO(S)","BOLIVIA"
"10793",2025,5,"PUESTO DE CONTROL TERRESTRE DESAGUADERO","SOYA, torta",85500,"SACO(S)","BOLIVIA"
"10794",2025,5,"OFICINA PUESTO DE CONTROL MARITIMO - PROV. CONST. DEL CALLAO","ALGODON, fibra sin cardar ni peinar (>34.92 mm)",120050,"FARDOS","EEUU"
"10795",2025,5,"OFICINA PUESTO DE CONTROL MARITIMO - PROV. CONST. DEL CALLAO","PINO, madera aserrada con algún proceso de la CRF2",89579,"PAQUETES","CHILE"
"10796",2025,5,"OFICINA PUESTO DE CONTROL MARITIMO - PROV. CONST. DEL CALLAO","COCO, fibra (para sustrato)",92000,"PIEZAS","SRI LANKA"
"10797",2025,5,"OFICINA PUESTO DE CONTROL AEREO -  PROV. CONST. DEL CALLAO","YUCA (=MANDIOCA), fécula",5,"BOLSAS","NICARAGUA"
"10798",2025,5,"OFICINA PUESTO DE CONTROL MARITIMO - PROV. CONST. DEL CALLAO","REMOLACHA, pulpa, residuos sólidos",51400,"SACO(S)","CHILE"
"10799",2025,5,"OFICINA PUESTO DE CONTROL MARITIMO - PROV. CONST. DEL CALLAO","PINO, postes de madera con algun proceso de la CRF 2",204810,"UNIDADES","CHILE"
"10800",2025,5,"OFICINA PUESTO DE CONTROL MARITIMO - PROV. CONST. DEL CALLAO","GARBANZO, grano",24000,"SACO(S)","MEXICO"
"10801",2025,5,"OFICINA PUESTO DE CONTROL MARITIMO - PROV. CONST. DEL CALLAO","GARBANZO, grano",23940,"SACO(S)","MEXICO"
"10802",2025,5,"OFICINA PUESTO DE CONTROL AEREO -  PROV. CONST. DEL CALLAO","ARROZ, semilla",25,"BOLSAS","COLOMBIA"
"10803",2025,5,"OFICINA PUESTO DE CONTROL AEREO -  PROV. CONST. DEL CALLAO","PEPINILLO, semilla",7.35,"SACHETS","ESPAÑA"
"10804",2025,5,"OFICINA PUESTO DE CONTROL MARITIMO - PROV. CONST. DEL CALLAO","ALGODON, fibra sin cardar ni peinar (>22.22 mm = o <28.57 mm)",477980,"FARDOS","EEUU"
"10805",2025,5,"OFICINA PUESTO DE CONTROL MARITIMO - PROV. CONST. DEL CALLAO","PERA, fruta fresca",23040,"CAJA(S)","CHILE"
"10806",2025,5,"OFICINA PUESTO DE CONTROL MARITIMO - PROV. CONST. DEL CALLAO","FREJOL NEGRO, grano",75000,"SACO(S)","BRASIL"
"10807",2025,5,"PUESTO DE CONTROL TERRESTRE DESAGUADERO","MANI, grano sin cáscara",30000,"SACO(S)","BOLIVIA"
"10808",2025,5,"OFICINA PUESTO DE CONTROL MARITIMO - PROV. CONST. DEL CALLAO","PINO, madera aserrada con algún proceso de la CRF2",256643,"PAQUETES","CHILE"
"10809",2025,5,"OFICINA PUESTO DE CONTROL MARITIMO - PROV. CONST. DEL CALLAO","CAUCHO, técnicamente especificado (TSNR)",80640,"PALETAS","INDONESIA"
"10810",2025,5,"OFICINA PUESTO DE CONTROL MARITIMO - PROV. CONST. DEL CALLAO","CAUCHO, técnicamente especificado (TSNR)",20160,"PALETAS","INDONESIA"
"10811",2025,5,"OFICINA PUESTO DE CONTROL MARITIMO - PROV. CONST. DEL CALLAO","MADERA, harina",850,"BOLSAS","ALEMANIA"
"10812",2025,5,"OFICINA PUESTO DE CONTROL MARITIMO - PROV. CONST. DEL CALLAO","PINO, madera aserrada con algún proceso de la CRF2",68160,"PAQUETES","CHILE"
"10813",2025,5,"AGUAS VERDES, TUMBES","CAÑA DE GUAYAQUIL, seca al natural",32000,"UNIDADES","ECUADOR"
"10814",2025,5,"AGUAS VERDES, TUMBES","CAÑA DE GUAYAQUIL, seca al natural",32000,"UNIDADES","ECUADOR"
"10815",2025,5,"OFICINA PUESTO DE CONTROL MARITIMO - PROV. CONST. DEL CALLAO","UVA (PASAS), secas industrialmente",21000,"CAJA(S)","CHILE"
"10816",2025,5,"OFICINA PUESTO DE CONTROL MARITIMO - PROV. CONST. DEL CALLAO","TURBA",27315,"FARDOS","LITUANIA"
"10817",2025,5,"AGUAS VERDES, TUMBES","ROSA, flores frescas cortadas",3901,"CAJA(S)","ECUADOR"
"10818",2025,5,"OFICINA PUESTO DE CONTROL AEREO -  PROV. CONST. DEL CALLAO","ESPARRAGO, semilla",1.4,"SACHETS","HOLANDA"
"10819",2025,5,"OFICINA PUESTO DE CONTROL AEREO -  PROV. CONST. DEL CALLAO","PEPINILLO, semilla",889.58,"SOBRES","EEUU"
"10820",2025,5,"OFICINA PUESTO DE CONTROL MARITIMO - PROV. CONST. DEL CALLAO","PAPA, fécula",60000,"BOLSAS","ALEMANIA"
"10821",2025,5,"OFICINA PUESTO DE CONTROL MARITIMO - PROV. CONST. DEL CALLAO","ARVEJA, semilla",20000,"SACO(S)","NUEVA ZELANDIA"
"10822",2025,5,"OFICINA PUESTO DE CONTROL MARITIMO - PROV. CONST. DEL CALLAO","Articulos para fiestas de navidad que sean o contengan material vegetal
",58447.5,"CAJA(S)","CHINA"
"10823",2025,5,"PUESTO DE CONTROL TERRESTRE DESAGUADERO","SOYA, torta",28000,"GRANEL","BOLIVIA"
"10824",2025,5,"PUESTO DE CONTROL TERRESTRE DESAGUADERO","SOYA, torta",84000,"GRANEL","BOLIVIA"
"10825",2025,5,"PUESTO DE CONTROL TERRESTRE DESAGUADERO","SOYA, torta",84000,"SACO(S)","BOLIVIA"
"10826",2025,5,"PUESTO DE CONTROL TERRESTRE DESAGUADERO","SOYA, torta",28000,"GRANEL","BOLIVIA"
"10827",2025,5,"OFICINA PUESTO DE CONTROL MARITIMO - PROV. CONST. DEL CALLAO","ALGODON, fibra sin cardar ni peinar (>34.92 mm)",498005,"FARDOS","EEUU"
"10828",2025,5,"PUESTO DE CONTROL TERRESTRE DESAGUADERO","SOYA, torta",28000,"GRANEL","BOLIVIA"
"10829",2025,5,"PUESTO DE CONTROL TERRESTRE DESAGUADERO","SOYA, torta",84000,"GRANEL","BOLIVIA"
"10830",2025,5,"PUESTO DE CONTROL TERRESTRE DESAGUADERO","SOYA, torta",56430,"GRANEL","BOLIVIA"
"10831",2025,5,"PUESTO DE CONTROL TERRESTRE DESAGUADERO","SOYA, torta",84150,"GRANEL","BOLIVIA"
"10832",2025,5,"PUESTO DE CONTROL TERRESTRE DESAGUADERO","SOYA, torta",28070,"GRANEL","BOLIVIA"
"10833",2025,5,"PUESTO DE CONTROL TERRESTRE DESAGUADERO","SOYA, torta",56000,"GRANEL","BOLIVIA"
"10834",2025,5,"PUESTO DE CONTROL TERRESTRE DESAGUADERO","SOYA, torta",28000,"GRANEL","BOLIVIA"
"10835",2025,5,"PUESTO DE CONTROL TERRESTRE DESAGUADERO","SOYA, torta",84000,"GRANEL","BOLIVIA"
"10836",2025,5,"PUESTO DE CONTROL TERRESTRE DESAGUADERO","SOYA, torta",56000,"GRANEL","BOLIVIA"
"10837",2025,5,"PUESTO DE CONTROL TERRESTRE DESAGUADERO","SOYA, torta",28000,"GRANEL","BOLIVIA"
"10838",2025,5,"OFICINA PUESTO DE CONTROL MARITIMO - PROV. CONST. DEL CALLAO","MADERA EN PLAQUITAS, o particulas distinta de coníferas con algún proceso de la CRF 2",2880,"SACO(S)","ALEMANIA"
"10839",2025,5,"AGUAS VERDES, TUMBES","ROSA, flores frescas cortadas",7500,"CAJA(S)","ECUADOR"
"10840",2025,5,"AGUAS VERDES, TUMBES","ROSA, flores frescas cortadas",6000,"CAJA(S)","ECUADOR"
"10841",2025,5,"AGUAS VERDES, TUMBES","ROSA, flores frescas cortadas",14900,"CAJA(S)","ECUADOR"
"10842",2025,5,"AGUAS VERDES, TUMBES","CLAVEL, flores frescas cortadas",2629,"CAJA(S)","ECUADOR"
"10843",2025,5,"PUESTO DE CONTROL TERRESTRE DESAGUADERO","SOYA, harina",116000,"SACO(S)","BOLIVIA"
"10844",2025,5,"OFICINA PUESTO DE CONTROL MARITIMO - PROV. CONST. DEL CALLAO","ARROZ, parbolizado pulido o sin cáscara",132500,"SACO(S)","BRASIL"
"10845",2025,5,"OFICINA PUESTO DE CONTROL MARITIMO - PROV. CONST. DEL CALLAO","ARROZ, parbolizado pulido o sin cáscara",132500,"SACO(S)","BRASIL"
"10846",2025,5,"OFICINA PUESTO DE CONTROL MARITIMO - PROV. CONST. DEL CALLAO","ARROZ, parbolizado pulido o sin cáscara",132500,"SACO(S)","BRASIL"
"10847",2025,5,"OFICINA PUESTO DE CONTROL MARITIMO - PROV. CONST. DEL CALLAO","ALGODON, fibra sin cardar ni peinar (>22.22 mm = o <28.57 mm)",38910,"FARDOS","EEUU"
"10848",2025,5,"AGUAS VERDES, TUMBES","CAÑA DE GUAYAQUIL, seca al natural",34000,"UNIDADES","ECUADOR"
"10849",2025,5,"AGUAS VERDES, TUMBES","ROSA, flores frescas cortadas",3213,"CAJA(S)","ECUADOR"
"10850",2025,5,"AGUAS VERDES, TUMBES","CLAVEL, flores frescas cortadas",427,"CAJA(S)","ECUADOR"
"10851",2025,5,"AGUAS VERDES, TUMBES","CRISANTEMO, los demas flores frescas cortadas",105,"CAJA(S)","ECUADOR"
"10852",2025,5,"Puerto de Chancay","PINO, madera aserrada con algún proceso de la CRF2",44204,"PALETAS","CHINA"
"10853",2025,5,"PUESTO DE CONTROL TERRESTRE DESAGUADERO","AZUCAR BLANCA O REFINADA (lectura polarimetrica mayor 99.5°)",75000,"SACO(S)","BOLIVIA"
"10854",2025,5,"PUESTO DE CONTROL TERRESTRE DESAGUADERO","AZUCAR BLANCA O REFINADA (lectura polarimetrica mayor 99.5°)",71000,"SACO(S)","BOLIVIA"
"10855",2025,5,"OFICINA PUESTO DE CONTROL AEREO -  PROV. CONST. DEL CALLAO","COMINO, grano",1,"BOLSAS","INDIA"
"10856",2025,5,"OFICINA PUESTO DE CONTROL AEREO -  PROV. CONST. DEL CALLAO","MOSTAZA, harina",1,"BOLSAS","POLONIA"
"10857",2025,5,"OFICINA PUESTO DE CONTROL AEREO -  PROV. CONST. DEL CALLAO","MOSTAZA, polvo",2,"BOLSAS","POLONIA"
"10858",2025,5,"PUESTO DE CONTROL TERRESTRE DESAGUADERO","SOYA, harina",174000,"SACO(S)","BOLIVIA"
"10859",2025,5,"PUESTO DE CONTROL TERRESTRE DESAGUADERO","SOYA, torta",120000,"SACO(S)","BOLIVIA"
"10860",2025,5,"PUESTO DE CONTROL TERRESTRE DESAGUADERO","MANI, grano sin cáscara",60000,"SACO(S)","BOLIVIA"
"10861",2025,5,"OFICINA PUESTO DE CONTROL MARITIMO - PROV. CONST. DEL CALLAO","LENTEJA, grano",105236,"SACO(S)","CANADA"
"10862",2025,5,"OFICINA PUESTO DE CONTROL AEREO -  PROV. CONST. DEL CALLAO","PIMIENTO, semilla",6.408,"SACHETS","ITALIA"
"10863",2025,5,"OFICINA PUESTO DE CONTROL AEREO -  PROV. CONST. DEL CALLAO","MAIZ, semilla",3,"SOBRES","INDIA"
"10864",2025,5,"PUESTO DE CONTROL TERRESTRE DESAGUADERO","SOYA, torta",145000,"SACO(S)","BOLIVIA"
"10865",2025,5,"PUESTO DE CONTROL TERRESTRE DESAGUADERO","SOYA, torta",84500,"SACO(S)","BOLIVIA"
"10866",2025,5,"OFICINA PUESTO DE CONTROL AEREO -  PROV. CONST. DEL CALLAO","PAPA, fécula",0.42,"BOLSAS","MEXICO"
"10867",2025,5,"OFICINA PUESTO DE CONTROL MARITIMO - PROV. CONST. DEL CALLAO","ALGODON, fibra sin cardar ni peinar (>34.92 mm)",237120,"FARDOS","EEUU"
"10868",2025,5,"OFICINA PUESTO DE CONTROL MARITIMO - PROV. CONST. DEL CALLAO","YUCA (=MANDIOCA), fécula",38000,"SACO(S)","TAILANDIA"
"10869",2025,5,"PUESTO DE CONTROL TERRESTRE DESAGUADERO","SOYA, torta",145000,"SACO(S)","BOLIVIA"
"10870",2025,5,"OFICINA PUESTO DE CONTROL MARITIMO - PROV. CONST. DEL CALLAO","MARCOS, madera",80,"CAJA(S)","ESPAÑA"
"10871",2025,5,"OFICINA PUESTO DE CONTROL MARITIMO - PROV. CONST. DEL CALLAO","Articulos de cesteria (canastos, cestos u otros), con algun proceso de la CRF2",81,"CAJA(S)","ESPAÑA"
"10872",2025,5,"OFICINA PUESTO DE CONTROL MARITIMO - PROV. CONST. DEL CALLAO","ARVEJA, grano partido",98884,"SACO(S)","CANADA"
"10873",2025,5,"OFICINA PUESTO DE CONTROL MARITIMO - PROV. CONST. DEL CALLAO","COCO, fibra (para sustrato)",99000,"BOLSAS","SRI LANKA"
"10874",2025,5,"OFICINA PUESTO DE CONTROL MARITIMO - PROV. CONST. DEL CALLAO","LENTEJA, grano",25038,"SACO(S)","CANADA"
"10875",2025,5,"OFICINA PUESTO DE CONTROL MARITIMO - PROV. CONST. DEL CALLAO","GARBANZO, grano",23880,"SACO(S)","MEXICO"
"10876",2025,5,"PUESTO DE CONTROL TERRESTRE DESAGUADERO","MANI, grano sin cáscara",56000,"SACO(S)","BOLIVIA"
"10877",2025,5,"OFICINA PUESTO DE CONTROL MARITIMO - PROV. CONST. DEL CALLAO","GARBANZO, grano",24000,"SACO(S)","MEXICO"
"10878",2025,5,"OFICINA PUESTO DE CONTROL MARITIMO - PROV. CONST. DEL CALLAO","Prensas para paja o forraje, incluidas prensas recogedoras usadas
",720,"UNIDADES","CHINA"
"10879",2025,5,"OFICINA PUESTO DE CONTROL MARITIMO - PROV. CONST. DEL CALLAO","TRACTOR USADO, con motor de potencia superior a 75 kW pero inferior o igual a 130 kW",10400,"UNIDADES","CHINA"
"10880",2025,5,"OFICINA PUESTO DE CONTROL MARITIMO - PROV. CONST. DEL CALLAO","UVA (PASAS), secas naturalmente",19500,"CAJA(S)","ARGENTINA"
"10881",2025,5,"OFICINA PUESTO DE CONTROL MARITIMO - PROV. CONST. DEL CALLAO","UVA (PASAS), secas naturalmente",19500,"CAJA(S)","ARGENTINA"
"10882",2025,5,"PUESTO DE CONTROL TERRESTRE DESAGUADERO","SOYA, harina",28254,"SACO(S)","BOLIVIA"
"10883",2025,5,"PUESTO DE CONTROL TERRESTRE DESAGUADERO","SOYA, torta",26237,"SACO(S)","BOLIVIA"
"10884",2025,5,"PUESTO DE CONTROL TERRESTRE DESAGUADERO","SOYA, torta",28194,"SACO(S)","BOLIVIA"
"10885",2025,5,"PUESTO DE CONTROL TERRESTRE DESAGUADERO","SOYA, torta",28000,"GRANEL","BOLIVIA"
"10886",2025,5,"PUESTO DE CONTROL TERRESTRE DESAGUADERO","SOYA, torta",28000,"GRANEL","BOLIVIA"
"10887",2025,5,"PUESTO DE CONTROL TERRESTRE DESAGUADERO","SOYA, torta",58140,"GRANEL","BOLIVIA"
"10888",2025,5,"PUESTO DE CONTROL TERRESTRE DESAGUADERO","SOYA, torta",29020,"GRANEL","BOLIVIA"
"10889",2025,5,"PUESTO DE CONTROL TERRESTRE DESAGUADERO","SOYA, torta",27240,"GRANEL","BOLIVIA"
"10890",2025,5,"OFICINA PUESTO DE CONTROL MARITIMO - PROV. CONST. DEL CALLAO","ARROZ, grano pilado",130000,"SACO(S)","TAILANDIA"
"10891",2025,5,"PUESTO DE CONTROL TERRESTRE DESAGUADERO","SOYA, torta",28000,"GRANEL","BOLIVIA"
"10892",2025,5,"PUESTO DE CONTROL TERRESTRE DESAGUADERO","SOYA, torta",28314,"SACO(S)","BOLIVIA"
"10893",2025,5,"PUESTO DE CONTROL TERRESTRE DESAGUADERO","SOYA, harina",28494,"SACO(S)","BOLIVIA"
"10894",2025,5,"PUESTO DE CONTROL TERRESTRE DESAGUADERO","SOYA, torta",146000,"SACO(S)","BOLIVIA"
"10895",2025,5,"PUESTO DE CONTROL TERRESTRE DESAGUADERO","SOYA, torta",146000,"SACO(S)","BOLIVIA"
"10896",2025,5,"OFICINA PUESTO DE CONTROL MARITIMO - PROV. CONST. DEL CALLAO","AJO, polvo",15000,"CAJA(S)","INDIA"
"10897",2025,5,"PUESTO DE CONTROL TERRESTRE DESAGUADERO","SOYA, torta",28000,"GRANEL","BOLIVIA"
"10898",2025,5,"PUESTO DE CONTROL TERRESTRE DESAGUADERO","SOYA, torta",28000,"GRANEL","BOLIVIA"
"10899",2025,5,"PUESTO DE CONTROL TERRESTRE DESAGUADERO","SOYA, torta",202420,"SACO(S)","BOLIVIA"
"10900",2025,5,"IÑAPARI, MADRE DE DIOS","NUEZ DEL BRASIL, con cáscara seca al natural",23980,"GRANEL","BRASIL"
"10901",2025,5,"IÑAPARI, MADRE DE DIOS","NUEZ DEL BRASIL, con cáscara seca al natural",28020,"GRANEL","BRASIL"
"10902",2025,5,"OFICINA PUESTO DE CONTROL MARITIMO - PROV. CONST. DEL CALLAO","ALGODON, fibra sin cardar ni peinar (>28.57 mm = o <34.92 mm)",80880,"FARDOS","EEUU"
"10903",2025,5,"PUESTO DE CONTROL TERRESTRE DESAGUADERO","SOYA, torta",116000,"SACO(S)","BOLIVIA"
"10904",2025,5,"PUESTO DE CONTROL TERRESTRE DESAGUADERO","SOYA, harina",1e+05,"SACO(S)","BOLIVIA"
"10905",2025,5,"PUESTO DE CONTROL TERRESTRE DESAGUADERO","SOYA, torta",113000,"SACO(S)","BOLIVIA"
"10906",2025,5,"PUERTO DE PAITA , PIURA","LENTEJA, grano",24948,"SACO(S)","CANADA"
"10907",2025,5,"OFICINA PUESTO DE CONTROL MARITIMO - PROV. CONST. DEL CALLAO","PINO, postes de madera con algun proceso de la CRF 2",174527,"UNIDADES","CHILE"
"10908",2025,5,"OFICINA PUESTO DE CONTROL MARITIMO - PROV. CONST. DEL CALLAO","MADERA, monturas y mangos de herramientas, monturas y mangos de cepillos, brochas o escobas, de madera; hormas, ensanchadores y tensores del calzado, de madera ; con algún proceso de la CRF 2",28038,"SACO(S)","CHINA"
"10909",2025,5,"OFICINA PUESTO DE CONTROL MARITIMO - PROV. CONST. DEL CALLAO","FLOR DE JAMAICA, seca natural",12000,"SACO(S)","NIGERIA"
"10910",2025,5,"PUESTO DE CONTROL TERRESTRE DESAGUADERO","SOYA, torta",142500,"SACO(S)","BOLIVIA"
"10911",2025,5,"PUESTO DE CONTROL TERRESTRE DESAGUADERO","SOYA, torta",145000,"SACO(S)","BOLIVIA"
"10912",2025,5,"PUESTO DE CONTROL TERRESTRE DESAGUADERO","SOYA, torta",57590,"SACO(S)","BOLIVIA"
"10913",2025,5,"SANTA ROSA, TACNA","PERA, fruta fresca",21340,"CAJA(S)","CHILE"
"10914",2025,5,"OFICINA PUESTO DE CONTROL MARITIMO - PROV. CONST. DEL CALLAO","TRIGO, gluten",17500,"BOLSAS","CHINA"
"10915",2025,5,"OFICINA PUESTO DE CONTROL MARITIMO - PROV. CONST. DEL CALLAO","COCO, fibra (para sustrato)",92000,"PIEZAS","SRI LANKA"
"10916",2025,5,"OFICINA PUESTO DE CONTROL MARITIMO - PROV. CONST. DEL CALLAO","COCO, fibra (para sustrato)",92000,"PIEZAS","SRI LANKA"
"10917",2025,5,"OFICINA PUESTO DE CONTROL MARITIMO - PROV. CONST. DEL CALLAO","MANZANA, fruto fresco",19756.8,"CAJA(S)","CHILE"
"10918",2025,5,"OFICINA PUESTO DE CONTROL AEREO -  PROV. CONST. DEL CALLAO","LECHUGA, semilla",0.087,"SACHETS","HOLANDA"
"10919",2025,5,"OFICINA PUESTO DE CONTROL MARITIMO - PROV. CONST. DEL CALLAO","CLAVO DE OLOR, entera seca al natural",10000,"CAJA(S)","INDONESIA"
"10920",2025,5,"PUESTO DE CONTROL TERRESTRE DESAGUADERO","SOYA, harina",56000,"SACO(S)","BOLIVIA"
"10921",2025,5,"PUESTO DE CONTROL TERRESTRE DESAGUADERO","SOYA, harina",50000,"SACO(S)","BOLIVIA"
"10922",2025,5,"PUESTO DE CONTROL TERRESTRE DESAGUADERO","SOYA, harina",50000,"SACO(S)","BOLIVIA"
"10923",2025,5,"PUESTO DE CONTROL TERRESTRE DESAGUADERO","SOYA, torta",28090,"GRANEL","BOLIVIA"
"10924",2025,5,"PUESTO DE CONTROL TERRESTRE DESAGUADERO","SOYA, torta",204500,"SACO(S)","BOLIVIA"
"10925",2025,5,"PUESTO DE CONTROL TERRESTRE DESAGUADERO","SOYA, torta",116000,"SACO(S)","BOLIVIA"
"10926",2025,5,"PUESTO DE CONTROL TERRESTRE DESAGUADERO","SOYA, harina",26327,"SACO(S)","BOLIVIA"
"10927",2025,5,"PUESTO DE CONTROL TERRESTRE DESAGUADERO","SOYA, torta",141500,"SACO(S)","BOLIVIA"
"10928",2025,5,"PUESTO DE CONTROL TERRESTRE DESAGUADERO","SOYA, torta",28000,"GRANEL","BOLIVIA"
"10929",2025,5,"PUESTO DE CONTROL TERRESTRE DESAGUADERO","SOYA, torta",146000,"SACO(S)","BOLIVIA"
"10930",2025,5,"PUESTO DE CONTROL TERRESTRE DESAGUADERO","SOYA, torta",107500,"SACO(S)","BOLIVIA"
"10931",2025,5,"PUESTO DE CONTROL TERRESTRE DESAGUADERO","SOYA, torta",173500,"SACO(S)","BOLIVIA"
"10932",2025,5,"PUESTO DE CONTROL TERRESTRE DESAGUADERO","SOYA, torta",120000,"SACO(S)","BOLIVIA"
"10933",2025,5,"PUESTO DE CONTROL TERRESTRE DESAGUADERO","SOYA, torta",146000,"SACO(S)","BOLIVIA"
"10934",2025,5,"PUESTO DE CONTROL TERRESTRE DESAGUADERO","SOYA, torta",146000,"SACO(S)","BOLIVIA"
"10935",2025,5,"OFICINA PUESTO DE CONTROL MARITIMO - PROV. CONST. DEL CALLAO","PAPA, fécula",110000,"BIG BAG","ALEMANIA"
"10936",2025,5,"SANTA ROSA, TACNA","MANZANA, fruto fresco",23520,"CAJA(S)","CHILE"
"10937",2025,5,"AGUAS VERDES, TUMBES","CAÑA DE GUAYAQUIL, seca al natural",32000,"UNIDADES","ECUADOR"
"10938",2025,5,"PUESTO DE CONTROL TERRESTRE DESAGUADERO","SOYA, torta",28000,"SACO(S)","BOLIVIA"
"10939",2025,5,"PUESTO DE CONTROL TERRESTRE DESAGUADERO","SOYA, torta",145000,"SACO(S)","BOLIVIA"
"10940",2025,5,"PUESTO DE CONTROL TERRESTRE DESAGUADERO","SOYA, torta",28000,"GRANEL","BOLIVIA"
"10941",2025,5,"PUESTO DE CONTROL TERRESTRE DESAGUADERO","SOYA, harina",145000,"SACO(S)","BOLIVIA"
"10942",2025,5,"PUESTO DE CONTROL TERRESTRE DESAGUADERO","SOYA, torta",28000,"GRANEL","BOLIVIA"
"10943",2025,5,"PUESTO DE CONTROL TERRESTRE DESAGUADERO","SOYA, torta",28120,"GRANEL","BOLIVIA"
"10944",2025,5,"PUESTO DE CONTROL TERRESTRE DESAGUADERO","SOYA, torta",56100,"GRANEL","BOLIVIA"
"10945",2025,5,"PUESTO DE CONTROL TERRESTRE DESAGUADERO","SOYA, torta",28000,"GRANEL","BOLIVIA"
"10946",2025,5,"PUESTO DE CONTROL TERRESTRE DESAGUADERO","SOYA, torta",28000,"GRANEL","BOLIVIA"
"10947",2025,5,"PUESTO DE CONTROL TERRESTRE DESAGUADERO","SOYA, torta",3540,"GRANEL","BOLIVIA"
"10948",2025,5,"PUESTO DE CONTROL TERRESTRE DESAGUADERO","SOYA, torta",24560,"GRANEL","BOLIVIA"
"10949",2025,5,"PUESTO DE CONTROL TERRESTRE DESAGUADERO","SOYA, torta",28000,"GRANEL","BOLIVIA"
"10950",2025,5,"PUERTO DE PAITA , PIURA","ARVEJA, grano entero",135130,"GRANEL","CANADA"
"10951",2025,5,"OFICINA PUESTO DE CONTROL MARITIMO - PROV. CONST. DEL CALLAO","UVA (PASAS), secas industrialmente",25000,"CAJA(S)","CHILE"
"10952",2025,5,"PUESTO DE CONTROL TERRESTRE DESAGUADERO","SOYA, harina",112000,"SACO(S)","BOLIVIA"
"10953",2025,5,"PUESTO DE CONTROL TERRESTRE DESAGUADERO","SOYA, harina",28000,"SACO(S)","BOLIVIA"
"10954",2025,5,"OFICINA PUESTO DE CONTROL MARITIMO - PROV. CONST. DEL CALLAO","KIWI, fruto fresco",20480,"CAJA(S)","CHILE"
"10955",2025,5,"OFICINA PUESTO DE CONTROL MARITIMO - PROV. CONST. DEL CALLAO","KIWI, fruto fresco",16800,"CAJA(S)","CHILE"
"10956",2025,5,"OFICINA PUESTO DE CONTROL MARITIMO - PROV. CONST. DEL CALLAO","LAUREL, hoja seca al natural",4900,"SACO(S)","ESPAÑA"
"10957",2025,5,"OFICINA PUESTO DE CONTROL MARITIMO - PROV. CONST. DEL CALLAO","LAUREL, hoja seca al natural",5000,"SACO(S)","ESPAÑA"
"10958",2025,5,"OFICINA PUESTO DE CONTROL MARITIMO - PROV. CONST. DEL CALLAO","ARROZ, grano pilado",130000,"SACO(S)","BRASIL"
"10959",2025,5,"OFICINA PUESTO DE CONTROL AEREO -  PROV. CONST. DEL CALLAO","ASHWAGANDHA, en polvo",1000,"CAJA(S)","INDIA"
"10960",2025,5,"OFICINA PUESTO DE CONTROL AEREO -  PROV. CONST. DEL CALLAO","ASHWAGANDHA, en polvo",1000,"CAJA(S)","INDIA"
"10961",2025,5,"OFICINA PUESTO DE CONTROL MARITIMO - PROV. CONST. DEL CALLAO","LENTEJA, grano",49532,"SACO(S)","CANADA"
"10962",2025,5,"AGUAS VERDES, TUMBES","ROSA, flores frescas cortadas",4757,"CAJA(S)","ECUADOR"
"10963",2025,5,"OFICINA PUESTO DE CONTROL MARITIMO - PROV. CONST. DEL CALLAO","AZUCAR BLANCA O REFINADA (lectura polarimetrica mayor 99.5°)",105460,"BOLSAS","GUATEMALA"
"10964",2025,5,"PUESTO DE CONTROL TERRESTRE DESAGUADERO","SOYA, torta",174000,"SACO(S)","BOLIVIA"
"10965",2025,5,"OFICINA PUESTO DE CONTROL AEREO -  PROV. CONST. DEL CALLAO","MELON, semilla",2.004,"SACHETS","EEUU"
"10966",2025,5,"OFICINA PUESTO DE CONTROL AEREO -  PROV. CONST. DEL CALLAO","ZAPALLITO ITALIANO (CALABACIN), semilla",7.232,"SACHETS","EEUU"
"10967",2025,5,"OFICINA PUESTO DE CONTROL AEREO -  PROV. CONST. DEL CALLAO","TOMATE, semilla",0.044,"SACHETS","ITALIA"
"10968",2025,5,"OFICINA PUESTO DE CONTROL AEREO -  PROV. CONST. DEL CALLAO","ZAPALLITO ITALIANO (CALABACIN), semilla",8.314,"SACHETS","EEUU"
"10969",2025,5,"OFICINA PUESTO DE CONTROL AEREO -  PROV. CONST. DEL CALLAO","ZAPALLITO ITALIANO (CALABACIN), semilla",0.328,"SACHETS","EEUU"
"10970",2025,5,"OFICINA PUESTO DE CONTROL AEREO -  PROV. CONST. DEL CALLAO","ZAPALLITO ITALIANO (CALABACIN), semilla",1.432495,"SACHETS","HOLANDA"
"10971",2025,5,"OFICINA PUESTO DE CONTROL AEREO -  PROV. CONST. DEL CALLAO","SANDIA, semilla",1.72,"SACHETS","EEUU"
"10972",2025,5,"OFICINA PUESTO DE CONTROL MARITIMO - PROV. CONST. DEL CALLAO","CATNIP, triturado o pulverizado (molido)",166.354,"CAJA(S)","CHINA"
"10973",2025,5,"PUESTO DE CONTROL TERRESTRE DESAGUADERO","SOYA, torta",54720,"GRANEL","BOLIVIA"
"10974",2025,5,"OFICINA PUESTO DE CONTROL MARITIMO - PROV. CONST. DEL CALLAO","ARROZ, grano pilado",260000,"SACO(S)","PARAGUAY"
"10975",2025,5,"OFICINA PUESTO DE CONTROL MARITIMO - PROV. CONST. DEL CALLAO","MAIZ REVENTON, grano",104000,"SACO(S)","ARGENTINA"
"10976",2025,5,"PUESTO DE CONTROL TERRESTRE DESAGUADERO","SOYA, torta",56000,"GRANEL","BOLIVIA"
"10977",2025,5,"OFICINA PUESTO DE CONTROL MARITIMO - PROV. CONST. DEL CALLAO","ALGODON, fibra sin cardar ni peinar (>22.22 mm = o <28.57 mm)",115941,"FARDOS","EEUU"
"10978",2025,5,"PUESTO DE CONTROL TERRESTRE DESAGUADERO","SOYA FORRAJERA, semilla",30000,"SACO(S)","BOLIVIA"
"10979",2025,5,"PUESTO DE CONTROL TERRESTRE DESAGUADERO","SOYA, torta",145000,"SACO(S)","BOLIVIA"
"10980",2025,5,"OFICINA PUESTO DE CONTROL MARITIMO - PROV. CONST. DEL CALLAO","MADERA, en bruto de coníferas tratada agentes de conservación
",38950,"UNIDADES","CHILE"
"10981",2025,5,"PUERTO DE SALAVERRY, LA LIBERTAD","MAIZ AMARILLO DURO, grano",17598465,"GRANEL","ARGENTINA"
"10982",2025,5,"PUERTO DE SALAVERRY, LA LIBERTAD","SOYA, torta",5509335,"GRANEL","ARGENTINA"
"10983",2025,5,"OFICINA PUESTO DE CONTROL MARITIMO - PROV. CONST. DEL CALLAO","ALPISTE (=PHALARIS), grano",24920,"SACO(S)","CANADA"
"10984",2025,5,"OFICINA PUESTO DE CONTROL AEREO -  PROV. CONST. DEL CALLAO","COCO, fibra (para sustrato)",20.6,"CAJA(S)","INDIA"
"10985",2025,5,"OFICINA PUESTO DE CONTROL MARITIMO - PROV. CONST. DEL CALLAO","ALGODON, fibra sin cardar ni peinar (>28.57 mm = o <34.92 mm)",139190,"FARDOS","EEUU"
"10986",2025,5,"IÑAPARI, MADRE DE DIOS","ARROZ, grano pilado",4500,"FARDOS","BRASIL"
"10987",2025,5,"IÑAPARI, MADRE DE DIOS","ARROZ, grano pilado",59520,"PAQUETES","BRASIL"
"10988",2025,5,"PUESTO DE CONTROL TERRESTRE DESAGUADERO","SOYA, torta",83700,"GRANEL","BOLIVIA"
"10989",2025,5,"PUESTO DE CONTROL TERRESTRE DESAGUADERO","SOYA, torta",84000,"GRANEL","BOLIVIA"
"10990",2025,5,"OFICINA PUESTO DE CONTROL MARITIMO - PROV. CONST. DEL CALLAO","Articulos de cesteria (canastos, cestos u otros), con algun proceso de la CRF2",39.15,"CAJA(S)","CHINA"
"10991",2025,5,"OFICINA PUESTO DE CONTROL MARITIMO - PROV. CONST. DEL CALLAO","TE VERDE, triturado",108,"BOLSAS","TAIWAN"
"10992",2025,5,"PUESTO DE CONTROL TERRESTRE DESAGUADERO","SOYA, torta",145000,"SACO(S)","BOLIVIA"
"10993",2025,5,"OFICINA PUESTO DE CONTROL AEREO -  PROV. CONST. DEL CALLAO","AJONJOLI, grano",50,"BOLSAS","PARAGUAY"
"10994",2025,5,"OFICINA PUESTO DE CONTROL MARITIMO - PROV. CONST. DEL CALLAO","ARROZ, grano pilado",130000,"SACO(S)","TAILANDIA"
"10995",2025,5,"OFICINA PUESTO DE CONTROL MARITIMO - PROV. CONST. DEL CALLAO","FREJOL NEGRO, grano",50000,"SACO(S)","BRASIL"
"10996",2025,5,"OFICINA PUESTO DE CONTROL MARITIMO - PROV. CONST. DEL CALLAO","LENTEJA, grano",24857,"SACO(S)","CANADA"
"10997",2025,5,"PUESTO DE CONTROL TERRESTRE DESAGUADERO","SOYA, torta",84000,"GRANEL","BOLIVIA"
"10998",2025,5,"PUESTO DE CONTROL TERRESTRE DESAGUADERO","SOYA, torta",56000,"GRANEL","BOLIVIA"
"10999",2025,5,"OFICINA PUESTO DE CONTROL AEREO -  PROV. CONST. DEL CALLAO","SANDIA, semilla",12.948,"SACHETS","ISRAEL"
"11000",2025,5,"OFICINA PUESTO DE CONTROL MARITIMO - PROV. CONST. DEL CALLAO","ARROZ, grano pilado",26000,"SACO(S)","TAILANDIA"
"11001",2025,5,"AGUAS VERDES, TUMBES","Las demás coniferas, las demas maderas aserradas o desbastadas longitudinalmente, cortada o desenrollada, incluso cepillada,lijada o unida por lo extremos, de espesor superior a 6 mm, con algun tratamiento de la CRF 2",28730,"PIEZAS","ECUADOR"
"11002",2025,5,"PUESTO DE CONTROL TERRESTRE DESAGUADERO","SOYA, torta",28000,"GRANEL","BOLIVIA"
"11003",2025,5,"PUESTO DE CONTROL TERRESTRE DESAGUADERO","SOYA, torta",28000,"GRANEL","BOLIVIA"
"11004",2025,5,"PUESTO DE CONTROL TERRESTRE DESAGUADERO","SOYA, torta",28000,"GRANEL","BOLIVIA"
"11005",2025,5,"PUESTO DE CONTROL TERRESTRE DESAGUADERO","SOYA, torta",28000,"GRANEL","BOLIVIA"
"11006",2025,5,"PUESTO DE CONTROL TERRESTRE DESAGUADERO","SOYA, torta",28000,"GRANEL","BOLIVIA"
"11007",2025,5,"PUESTO DE CONTROL TERRESTRE DESAGUADERO","SOYA, torta",28000,"GRANEL","BOLIVIA"
"11008",2025,5,"OFICINA PUESTO DE CONTROL MARITIMO - PROV. CONST. DEL CALLAO","MAIZ AMARILLO DURO, grano",17115390,"GRANEL","ARGENTINA"
"11009",2025,5,"OFICINA PUESTO DE CONTROL MARITIMO - PROV. CONST. DEL CALLAO","KIWI, fruto fresco",23040,"CAJA(S)","CHILE"
"11010",2025,5,"PUESTO DE CONTROL TERRESTRE DESAGUADERO","SOYA, torta",28000,"GRANEL","BOLIVIA"
"11011",2025,5,"OFICINA PUESTO DE CONTROL MARITIMO - PROV. CONST. DEL CALLAO","ARROZ, grano pilado",250000,"SACO(S)","URUGUAY"
"11012",2025,5,"OFICINA PUESTO DE CONTROL MARITIMO - PROV. CONST. DEL CALLAO","PINO, madera aserrada, con tratamiento de secado al horno o impregnación de sales",58217,"PAQUETES","EEUU"
"11013",2025,5,"OFICINA PUESTO DE CONTROL MARITIMO - PROV. CONST. DEL CALLAO","PINO, madera aserrada con algún proceso de la CRF2",91081.25,"PAQUETES","CHILE"
"11014",2025,5,"OFICINA PUESTO DE CONTROL MARITIMO - PROV. CONST. DEL CALLAO","ARVEJA, grano entero",101150,"SACO(S)","CANADA"
"11015",2025,5,"SANTA ROSA, TACNA","LOS DEMAS ALMIDONES Y FECULAS",1e+05,"BOLSAS","ALEMANIA"
"11016",2025,5,"OFICINA PUESTO DE CONTROL MARITIMO - PROV. CONST. DEL CALLAO","MANI, grano sin cáscara",24800,"SACO(S)","ARGENTINA"
"11017",2025,5,"PUERTO DE MATARANI , AREQUIPA","PINO, postes de madera con algun proceso de la CRF 2",12110.916,"UNIDADES","EEUU"
"11018",2025,5,"OFICINA PUESTO DE CONTROL MARITIMO - PROV. CONST. DEL CALLAO","ARROZ, parbolizado pulido o sin cáscara",125000,"SACO(S)","BRASIL"
"11019",2025,5,"OFICINA PUESTO DE CONTROL MARITIMO - PROV. CONST. DEL CALLAO","ARROZ, parbolizado pulido o sin cáscara",127500,"SACO(S)","BRASIL"
"11020",2025,5,"OFICINA PUESTO DE CONTROL MARITIMO - PROV. CONST. DEL CALLAO","ALGODON, fibra sin cardar ni peinar (>28.57 mm = o <34.92 mm)",182140,"FARDOS","EEUU"
"11021",2025,5,"OFICINA PUESTO DE CONTROL AEREO -  PROV. CONST. DEL CALLAO","LECHUGA, semilla",20,"SACHETS","JAPON"
"11022",2025,5,"AGUAS VERDES, TUMBES","ROSA, flores frescas cortadas",7018,"CAJA(S)","ECUADOR"
"11023",2025,5,"SANTA ROSA, TACNA","MANZANA, fruto fresco",23226,"CAJA(S)","CHILE"
"11024",2025,5,"OFICINA PUESTO DE CONTROL MARITIMO - PROV. CONST. DEL CALLAO","ARROZ, grano pilado",130000,"SACO(S)","BRASIL"
"11025",2025,5,"PUESTO DE CONTROL TERRESTRE DESAGUADERO","SOYA, torta",58000,"SACO(S)","BOLIVIA"
"11026",2025,5,"OFICINA PUESTO DE CONTROL AEREO -  PROV. CONST. DEL CALLAO","COCO, estopas y desperdicios de fibras",30,"PAQUETES","INDIA"
"11027",2025,5,"SANTA ROSA, TACNA","MANZANA, fruto fresco",20500,"CAJA(S)","CHILE"
"11028",2025,5,"PUESTO DE CONTROL TERRESTRE DESAGUADERO","SOYA, harina",145000,"SACO(S)","BOLIVIA"
"11029",2025,5,"OFICINA PUESTO DE CONTROL MARITIMO - PROV. CONST. DEL CALLAO","ALGODON, fibra sin cardar ni peinar (>28.57 mm = o <34.92 mm)",139560,"FARDOS","EEUU"
"11030",2025,5,"OFICINA PUESTO DE CONTROL MARITIMO - PROV. CONST. DEL CALLAO","COCO, fibra (para sustrato)",235200,"PALETAS","INDIA"
"11031",2025,5,"OFICINA PUESTO DE CONTROL MARITIMO - PROV. CONST. DEL CALLAO","COCO, fibra (para sustrato)",233100,"PALETAS","INDIA"
"11032",2025,5,"OFICINA PUESTO DE CONTROL MARITIMO - PROV. CONST. DEL CALLAO","COCO, fibra (para sustrato)",231000,"PALETAS","INDIA"
"11033",2025,5,"OFICINA PUESTO DE CONTROL MARITIMO - PROV. CONST. DEL CALLAO","COCO, fibra (para sustrato)",462000,"PALETAS","INDIA"
"11034",2025,5,"OFICINA PUESTO DE CONTROL MARITIMO - PROV. CONST. DEL CALLAO","COCO, fibra (para sustrato)",356475,"PALETAS","INDIA"
"11035",2025,5,"OFICINA PUESTO DE CONTROL MARITIMO - PROV. CONST. DEL CALLAO","COCO, fibra (para sustrato)",241500,"PALETAS","INDIA"
"11036",2025,5,"OFICINA PUESTO DE CONTROL MARITIMO - PROV. CONST. DEL CALLAO","COCO, fibra (para sustrato)",233100,"PALETAS","INDIA"
"11037",2025,5,"PUESTO DE CONTROL TERRESTRE DESAGUADERO","SOYA, torta",145000,"SACO(S)","BOLIVIA"
"11038",2025,5,"SANTA ROSA, TACNA","MANZANA, fruto fresco",23520,"CAJA(S)","CHILE"
"11039",2025,5,"SANTA ROSA, TACNA","MANZANA, fruto fresco",21638.4,"CAJA(S)","CHILE"
"11040",2025,5,"OFICINA PUESTO DE CONTROL MARITIMO - PROV. CONST. DEL CALLAO","ARVEJA, grano entero",25265,"SACO(S)","CANADA"
"11041",2025,5,"PUESTO DE CONTROL TERRESTRE DESAGUADERO","SOYA, torta",56000,"GRANEL","BOLIVIA"
"11042",2025,5,"OFICINA PUESTO DE CONTROL AEREO -  PROV. CONST. DEL CALLAO","TOMATE, semilla",0.03,"SACHETS","INDIA"
"11043",2025,5,"OFICINA PUESTO DE CONTROL MARITIMO - PROV. CONST. DEL CALLAO","TRIGO, grano",16189460,"GRANEL","CANADA"
"11044",2025,5,"PUERTO DE SALAVERRY, LA LIBERTAD","TRIGO, grano",5757280,"GRANEL","CANADA"
"11045",2025,5,"OFICINA PUESTO DE CONTROL AEREO -  PROV. CONST. DEL CALLAO","LECHUGA, semilla",0.193,"SACHETS","HOLANDA"
"11046",2025,5,"OFICINA PUESTO DE CONTROL MARITIMO - PROV. CONST. DEL CALLAO","COCO, fibra (para sustrato)",99000,"BOLSAS","SRI LANKA"
"11047",2025,5,"OFICINA PUESTO DE CONTROL MARITIMO - PROV. CONST. DEL CALLAO","TRIGO, grano",9011380,"GRANEL","CANADA"
"11048",2025,5,"OFICINA PUESTO DE CONTROL MARITIMO - PROV. CONST. DEL CALLAO","TRIGO, grano",2377880,"GRANEL","CANADA"
"11049",2025,5,"OFICINA PUESTO DE CONTROL AEREO -  PROV. CONST. DEL CALLAO","SANDIA, semilla",50.646,"SACHETS","EEUU"
"11050",2025,5,"PUESTO DE CONTROL TERRESTRE DESAGUADERO","MANI, grano sin cáscara",27000,"SACO(S)","BOLIVIA"
"11051",2025,5,"OFICINA PUESTO DE CONTROL MARITIMO - PROV. CONST. DEL CALLAO","CEBOLLA, triturada o pulverizada",1000.851,"PAQUETES","EEUU"
"11052",2025,5,"OFICINA PUESTO DE CONTROL MARITIMO - PROV. CONST. DEL CALLAO","AJO, polvo",3027.557,"PAQUETES","EEUU"
"11053",2025,5,"OFICINA PUESTO DE CONTROL MARITIMO - PROV. CONST. DEL CALLAO","PIMIENTA, mezcla con algún proceso de la CRF 2",187.787,"PAQUETES","EEUU"
"11054",2025,5,"OFICINA PUESTO DE CONTROL MARITIMO - PROV. CONST. DEL CALLAO","PIMIENTA, molida",2974.655,"PAQUETES","EEUU"
"11055",2025,5,"OFICINA PUESTO DE CONTROL MARITIMO - PROV. CONST. DEL CALLAO","PIMENTON, polvo",337.473,"PAQUETES","EEUU"
"11056",2025,5,"OFICINA PUESTO DE CONTROL MARITIMO - PROV. CONST. DEL CALLAO","CANELA, triturada o pulverizada (molida)",348.359,"PAQUETES","EEUU"
"11057",2025,5,"OFICINA PUESTO DE CONTROL MARITIMO - PROV. CONST. DEL CALLAO","NUEZ MOSCADA, sin triturar ni pulverizar con secado al horno",24.538,"PAQUETES","EEUU"
"11058",2025,5,"OFICINA PUESTO DE CONTROL MARITIMO - PROV. CONST. DEL CALLAO","NUEZ MOSCADA, triturada o molida",108.862,"PAQUETES","EEUU"
"11059",2025,5,"OFICINA PUESTO DE CONTROL MARITIMO - PROV. CONST. DEL CALLAO","COMINO, triturado y/o pulverizado",32.659,"PAQUETES","EEUU"
"11060",2025,5,"OFICINA PUESTO DE CONTROL MARITIMO - PROV. CONST. DEL CALLAO","JENJIBRE(=KION), triturado o pulverizado",122.47,"PAQUETES","EEUU"
"11061",2025,5,"OFICINA PUESTO DE CONTROL MARITIMO - PROV. CONST. DEL CALLAO","LAUREL, hoja seca industrial",3.266,"PAQUETES","EEUU"
"11062",2025,5,"OFICINA PUESTO DE CONTROL MARITIMO - PROV. CONST. DEL CALLAO","ESTRAGON (=ARTEMIASA), seco industrial",33.339,"PAQUETES","EEUU"
"11063",2025,5,"OFICINA PUESTO DE CONTROL MARITIMO - PROV. CONST. DEL CALLAO","TOMILLO, hoja seca industrial",16.328,"PAQUETES","EEUU"
"11064",2025,5,"OFICINA PUESTO DE CONTROL MARITIMO - PROV. CONST. DEL CALLAO","OREGANO, con algún con proceso de CRF 2",16.329,"PAQUETES","EEUU"
"11065",2025,5,"OFICINA PUESTO DE CONTROL MARITIMO - PROV. CONST. DEL CALLAO","ROMERO, secado industrial",16.329,"PAQUETES","EEUU"
"11066",2025,5,"OFICINA PUESTO DE CONTROL MARITIMO - PROV. CONST. DEL CALLAO","ACHIOTE, molido",149.685,"PAQUETES","EEUU"
"11067",2025,5,"OFICINA PUESTO DE CONTROL MARITIMO - PROV. CONST. DEL CALLAO","COMINO, grano",27000,"SACO(S)","INDIA"
"11068",2025,5,"OFICINA PUESTO DE CONTROL MARITIMO - PROV. CONST. DEL CALLAO","AVENA, grano trabajado (mondado, perlado, troceado o quebrantado)",1e+05,"SACO(S)","CHILE"
"11069",2025,5,"PUESTO DE CONTROL TERRESTRE DESAGUADERO","SOYA, harina",28000,"SACO(S)","BOLIVIA"
"11070",2025,5,"PUESTO DE CONTROL TERRESTRE DESAGUADERO","SOYA, harina",28000,"SACO(S)","BOLIVIA"
"11071",2025,5,"OFICINA PUESTO DE CONTROL MARITIMO - PROV. CONST. DEL CALLAO","ACHIOTE, grano",41862,"SACO(S)","GHANA"
"11072",2025,5,"PUESTO DE CONTROL TERRESTRE DESAGUADERO","SOYA, torta",27140,"GRANEL","BOLIVIA"
"11073",2025,5,"PUERTO DE MATARANI , AREQUIPA","PINO, postes de madera con algun proceso de la CRF 2",22708.648,"UNIDADES","EEUU"
"11074",2025,5,"PUESTO DE CONTROL TERRESTRE DESAGUADERO","MANI, grano sin cáscara",87000,"SACO(S)","BOLIVIA"
"11075",2025,5,"OFICINA PUESTO DE CONTROL MARITIMO - PROV. CONST. DEL CALLAO","CATNIP, triturado o pulverizado (molido)",3.97,"CAJA(S)","CHINA"
"11076",2025,5,"PUESTO DE CONTROL TERRESTRE DESAGUADERO","SOYA, harina",111748,"SACO(S)","BOLIVIA"
"11077",2025,5,"SANTA ROSA, TACNA","SOYA, grano",84000,"SACO(S)","ARGENTINA"
"11078",2025,5,"OFICINA PUESTO DE CONTROL MARITIMO - PROV. CONST. DEL CALLAO","MAIZ, semilla",10132.7,"BOLSAS","MEXICO"
"11079",2025,5,"OFICINA PUESTO DE CONTROL MARITIMO - PROV. CONST. DEL CALLAO","ARROZ, parbolizado pulido o sin cáscara",132500,"SACO(S)","BRASIL"
"11080",2025,5,"OFICINA PUESTO DE CONTROL MARITIMO - PROV. CONST. DEL CALLAO","ARROZ, parbolizado pulido o sin cáscara",130000,"SACO(S)","TAILANDIA"
"11081",2025,5,"OFICINA PUESTO DE CONTROL MARITIMO - PROV. CONST. DEL CALLAO","ARROZ, parbolizado pulido o sin cáscara",132500,"SACO(S)","BRASIL"
"11082",2025,5,"OFICINA PUESTO DE CONTROL MARITIMO - PROV. CONST. DEL CALLAO","ARROZ, parbolizado pulido o sin cáscara",132500,"SACO(S)","BRASIL"
"11083",2025,5,"PUESTO DE CONTROL TERRESTRE DESAGUADERO","SOYA, torta",143000,"SACO(S)","BOLIVIA"
"11084",2025,5,"OFICINA PUESTO DE CONTROL MARITIMO - PROV. CONST. DEL CALLAO","MARCOS, madera",560.205,"UNIDADES","GUATEMALA"
"11085",2025,5,"OFICINA PUESTO DE CONTROL MARITIMO - PROV. CONST. DEL CALLAO","COCO, fibra (para sustrato)",50240,"PALETAS","INDIA"
"11086",2025,5,"PUERTO DE PAITA , PIURA","COCO, fibra (para sustrato)",104030,"PALETAS","INDIA"
"11087",2025,5,"PUESTO DE CONTROL TERRESTRE DESAGUADERO","SOYA, torta",196000,"SACO(S)","BOLIVIA"
"11088",2025,5,"PUESTO DE CONTROL TERRESTRE DESAGUADERO","SOYA, harina",140000,"SACO(S)","BOLIVIA"
"11089",2025,5,"OFICINA PUESTO DE CONTROL MARITIMO - PROV. CONST. DEL CALLAO","ACHIOTE, grano",40000,"BOLSA DE POLIETILENO","GUATEMALA"
"11090",2025,5,"OFICINA PUESTO DE CONTROL MARITIMO - PROV. CONST. DEL CALLAO","ACHIOTE, grano",40000,"BOLSA DE POLIETILENO","GUATEMALA"
"11091",2025,5,"OFICINA PUESTO DE CONTROL MARITIMO - PROV. CONST. DEL CALLAO","CEBOLLA, triturada o pulverizada",4000,"BOLSAS","ALEMANIA"
"11092",2025,5,"OFICINA PUESTO DE CONTROL MARITIMO - PROV. CONST. DEL CALLAO","SUSTRATO (en base a turba y fibra de coco)",279020,"PALETAS","ESPAÑA"
"11093",2025,5,"OFICINA PUESTO DE CONTROL MARITIMO - PROV. CONST. DEL CALLAO","SUSTRATO (en base a turba y fibra de coco)",138680,"PALETAS","ESPAÑA"
"11094",2025,5,"OFICINA PUESTO DE CONTROL MARITIMO - PROV. CONST. DEL CALLAO","ARVEJA, semilla",5000,"SACO(S)","NUEVA ZELANDIA"
"11095",2025,5,"OFICINA PUESTO DE CONTROL MARITIMO - PROV. CONST. DEL CALLAO","RYEGRASS INGLES, semilla",3000,"SACO(S)","NUEVA ZELANDIA"
"11096",2025,5,"OFICINA PUESTO DE CONTROL MARITIMO - PROV. CONST. DEL CALLAO","RYEGRASS ITALIANO, semilla",7000,"SACO(S)","NUEVA ZELANDIA"
"11097",2025,5,"PUESTO DE CONTROL TERRESTRE DESAGUADERO","MANI, grano sin cáscara",28000,"SACO(S)","BOLIVIA"
"11098",2025,5,"OFICINA PUESTO DE CONTROL MARITIMO - PROV. CONST. DEL CALLAO","ALGODON, fibra sin cardar ni peinar (>28.57 mm = o <34.92 mm)",80649,"FARDOS","EEUU"
"11099",2025,5,"OFICINA PUESTO DE CONTROL MARITIMO - PROV. CONST. DEL CALLAO","LAUREL, hoja seca al natural",8000,"FARDOS","TURQUIA"
"11100",2025,5,"OFICINA PUESTO DE CONTROL MARITIMO - PROV. CONST. DEL CALLAO","ACHIOTE, grano",25000,"SACO(S)","GUATEMALA"
"11101",2025,5,"OFICINA PUESTO DE CONTROL MARITIMO - PROV. CONST. DEL CALLAO","ALFALFA, semilla",20000,"BIG BAG","CANADA"
"11102",2025,5,"OFICINA PUESTO DE CONTROL AEREO -  PROV. CONST. DEL CALLAO","MANZANILLA, triturada",0.5,"BOLSAS","ARGENTINA"
"11103",2025,5,"OFICINA PUESTO DE CONTROL MARITIMO - PROV. CONST. DEL CALLAO","LENTEJA, grano",92532,"SACO(S)","EEUU"
"11104",2025,5,"OFICINA PUESTO DE CONTROL MARITIMO - PROV. CONST. DEL CALLAO","TURBA",26940,"PALETAS","LETONIA"
"11105",2025,5,"PUESTO DE CONTROL TERRESTRE DESAGUADERO","SOYA, harina",52000,"SACO(S)","BOLIVIA"
"11106",2025,5,"OFICINA PUESTO DE CONTROL MARITIMO - PROV. CONST. DEL CALLAO","FREJOL, grano",40824,"SACO(S)","CANADA"
"11107",2025,5,"OFICINA PUESTO DE CONTROL MARITIMO - PROV. CONST. DEL CALLAO","ARVEJA, semilla",20000,"SACO(S)","NUEVA ZELANDIA"
"11108",2025,5,"OFICINA PUESTO DE CONTROL MARITIMO - PROV. CONST. DEL CALLAO","ALGODON, fibra sin cardar ni peinar (>22.22 mm = o <28.57 mm)",19770,"FARDOS","EEUU"
"11109",2025,5,"PUESTO DE CONTROL TERRESTRE DESAGUADERO","SOYA, harina",29000,"SACO(S)","BOLIVIA"
"11110",2025,5,"OFICINA PUESTO DE CONTROL MARITIMO - PROV. CONST. DEL CALLAO","COCO, fibra (para sustrato)",99000,"BOLSAS","SRI LANKA"
"11111",2025,5,"OFICINA PUESTO DE CONTROL MARITIMO - PROV. CONST. DEL CALLAO","LAUREL, hoja seca al natural",5000,"SACO(S)","ESPAÑA"
"11112",2025,5,"OFICINA PUESTO DE CONTROL MARITIMO - PROV. CONST. DEL CALLAO","ALGODON, fibra sin cardar ni peinar (>28.57 mm = o <34.92 mm)",182190,"FARDOS","EEUU"
"11113",2025,5,"OFICINA PUESTO DE CONTROL MARITIMO - PROV. CONST. DEL CALLAO","YUTE, sacos",25200,"SACOS DE YUTE","BANGLADESH"
"11114",2025,5,"OFICINA PUESTO DE CONTROL MARITIMO - PROV. CONST. DEL CALLAO","PINO, madera aserrada, con tratamiento de secado al horno o impregnación de sales",19058.001,"PAQUETES","EEUU"
"11115",2025,5,"OFICINA PUESTO DE CONTROL AEREO -  PROV. CONST. DEL CALLAO","ARANDANO, planta",667,"CAJA(S)","CHILE"
"11116",2025,5,"OFICINA PUESTO DE CONTROL AEREO -  PROV. CONST. DEL CALLAO","ARANDANO, planta",667,"CAJA(S)","CHILE"
"11117",2025,5,"OFICINA PUESTO DE CONTROL MARITIMO - PROV. CONST. DEL CALLAO","ALGODON, fibra sin cardar ni peinar (>28.57 mm = o <34.92 mm)",18007,"FARDOS","EEUU"
"11118",2025,5,"OFICINA PUESTO DE CONTROL MARITIMO - PROV. CONST. DEL CALLAO","ARROZ, grano pilado",250000,"SACO(S)","URUGUAY"
"11119",2025,5,"PUESTO DE CONTROL TERRESTRE DESAGUADERO","SOYA, torta",145000,"SACO(S)","BOLIVIA"
"11120",2025,5,"OFICINA PUESTO DE CONTROL MARITIMO - PROV. CONST. DEL CALLAO","COCO, fibra (para sustrato)",24550,"UNIDADES","SRI LANKA"
"11121",2025,5,"OFICINA PUESTO DE CONTROL MARITIMO - PROV. CONST. DEL CALLAO","CIRUELA, seca industrialmente",20000,"CAJA(S)","CHILE"
"11122",2025,5,"PUERTO DE PAITA , PIURA","MANZANA, fruta fresca",18522,"CAJA(S)","EEUU"
"11123",2025,5,"PUERTO DE PISCO , ICA","MAIZ AMARILLO DURO, grano",31209830,"GRANEL","ARGENTINA"
"11124",2025,5,"PUESTO DE CONTROL TERRESTRE DESAGUADERO","SOYA, torta",169000,"SACO(S)","BOLIVIA"
"11125",2025,5,"PUESTO DE CONTROL TERRESTRE DESAGUADERO","SOYA, torta",174000,"SACO(S)","BOLIVIA"
"11126",2025,5,"OFICINA PUESTO DE CONTROL AEREO -  PROV. CONST. DEL CALLAO","ACHIOTE, grano",0.5,"BOLSAS","GUATEMALA"
"11127",2025,5,"PUERTO DE PAITA , PIURA","NARANJA, fruto fresco",18140,"CAJA(S)","EEUU"
"11128",2025,5,"PUERTO DE PAITA , PIURA","NARANJA, fruto fresco",18140,"CAJA(S)","EEUU"
"11129",2025,5,"OFICINA PUESTO DE CONTROL MARITIMO - PROV. CONST. DEL CALLAO","PAPA, fécula",44000,"SACO(S)","POLONIA"
"11130",2025,5,"PUESTO DE CONTROL TERRESTRE DESAGUADERO","SOYA, torta",145000,"SACO(S)","BOLIVIA"
"11131",2025,5,"OFICINA PUESTO DE CONTROL MARITIMO - PROV. CONST. DEL CALLAO","MAIZ, residuo de gluten",54000,"BOLSAS","EEUU"
"11132",2025,5,"OFICINA PUESTO DE CONTROL AEREO -  PROV. CONST. DEL CALLAO","ARANDANO, planta",915.2,"BINES DE CARTON","CHILE"
"11133",2025,5,"OFICINA PUESTO DE CONTROL MARITIMO - PROV. CONST. DEL CALLAO","PINO, madera aserrada con tratamiento de secado al horno impregnación de sales",116296,"PAQUETES","CHILE"
"11134",2025,5,"AGUAS VERDES, TUMBES","PIMIENTA, barreduras",5000,"SACO(S)","ECUADOR"
"11135",2025,5,"AGUAS VERDES, TUMBES","PIMIENTA, grano",10000,"SACO(S)","ECUADOR"
"11136",2025,5,"PUESTO DE CONTROL TERRESTRE DESAGUADERO","SOYA, harina",174000,"SACO(S)","BOLIVIA"
"11137",2025,5,"OFICINA PUESTO DE CONTROL MARITIMO - PROV. CONST. DEL CALLAO","MADERA, monturas y mangos de herramientas, monturas y mangos de cepillos, brochas o escobas, de madera; hormas, ensanchadores y tensores del calzado, de madera ; con algún proceso de la CRF 2",132.547,"PIEZAS","MEXICO"
"11138",2025,5,"PUESTO DE CONTROL TERRESTRE DESAGUADERO","SOYA, torta",111000,"GRANEL","BOLIVIA"
"11139",2025,5,"PUESTO DE CONTROL TERRESTRE DESAGUADERO","SOYA, torta",55980,"GRANEL","BOLIVIA"
"11140",2025,5,"PUESTO DE CONTROL TERRESTRE DESAGUADERO","SOYA, torta",56000,"GRANEL","BOLIVIA"
"11141",2025,5,"PUESTO DE CONTROL TERRESTRE DESAGUADERO","SOYA, torta",28000,"GRANEL","BOLIVIA"
"11142",2025,5,"PUESTO DE CONTROL TERRESTRE DESAGUADERO","SOYA, torta",28000,"GRANEL","BOLIVIA"
"11143",2025,5,"PUESTO DE CONTROL TERRESTRE DESAGUADERO","SOYA, torta",28000,"GRANEL","BOLIVIA"
"11144",2025,5,"PUESTO DE CONTROL TERRESTRE DESAGUADERO","SOYA, torta",28000,"GRANEL","BOLIVIA"
"11145",2025,5,"PUESTO DE CONTROL TERRESTRE DESAGUADERO","SOYA, harina",116000,"SACO(S)","BOLIVIA"
"11146",2025,5,"OFICINA PUESTO DE CONTROL MARITIMO - PROV. CONST. DEL CALLAO","CEBOLLA, triturada o pulverizada",531.856,"SOBRES","EEUU"
"11147",2025,5,"OFICINA PUESTO DE CONTROL AEREO -  PROV. CONST. DEL CALLAO","LECHUGA, semilla",0.189,"SACHETS","HOLANDA"
"11148",2025,5,"PUESTO DE CONTROL TERRESTRE DESAGUADERO","SOYA, torta",144500,"SACO(S)","BOLIVIA"
"11149",2025,5,"PUESTO DE CONTROL TERRESTRE DESAGUADERO","SOYA, torta",115500,"SACO(S)","BOLIVIA"
"11150",2025,5,"PUESTO DE CONTROL TERRESTRE DESAGUADERO","SOYA, torta",113500,"SACO(S)","BOLIVIA"
"11151",2025,5,"PUESTO DE CONTROL TERRESTRE DESAGUADERO","SOYA, torta",142500,"SACO(S)","BOLIVIA"
"11152",2025,5,"OFICINA PUESTO DE CONTROL MARITIMO - PROV. CONST. DEL CALLAO","LENTEJA, grano",46176,"SACO(S)","EEUU"
"11153",2025,5,"SANTA ROSA, TACNA","MANZANA, fruto fresco",20506.4,"CAJA(S)","CHILE"
"11154",2025,5,"SANTA ROSA, TACNA","KIWI, fruto fresco",22800,"CAJA(S)","CHILE"
"11155",2025,5,"SANTA ROSA, TACNA","MANZANA, fruto fresco",23520,"CAJA(S)","CHILE"
"11156",2025,5,"OFICINA PUESTO DE CONTROL MARITIMO - PROV. CONST. DEL CALLAO","PIMIENTO, entero seco natural",19958.4,"CAJA(S)","EEUU"
"11157",2025,5,"OFICINA PUESTO DE CONTROL MARITIMO - PROV. CONST. DEL CALLAO","ALGODON, fibra sin cardar ni peinar (>28.57 mm = o <34.92 mm)",100920,"FARDOS","EEUU"
"11158",2025,5,"OFICINA PUESTO DE CONTROL AEREO -  PROV. CONST. DEL CALLAO","COLECCIONES Y ESPECIMENES, para colecciones de zoología, botánica secas
",5.5,"CAJA(S)","INDONESIA"
"11159",2025,5,"PUERTO DE PAITA , PIURA","MANI, grano sin cáscara",150000,"SACO(S)","ARGENTINA"
"11160",2025,5,"SANTA ROSA, TACNA","MANZANA, fruto fresco",23520,"CAJA(S)","CHILE"
"11161",2025,5,"PUESTO DE CONTROL TERRESTRE DESAGUADERO","SOYA, torta",56000,"GRANEL","BOLIVIA"
"11162",2025,5,"PUESTO DE CONTROL TERRESTRE DESAGUADERO","SOYA, torta",26000,"GRANEL","BOLIVIA"
"11163",2025,5,"PUESTO DE CONTROL TERRESTRE DESAGUADERO","SOYA, torta",53250,"GRANEL","BOLIVIA"
"11164",2025,5,"PUESTO DE CONTROL TERRESTRE DESAGUADERO","SOYA, torta",28000,"GRANEL","BOLIVIA"
"11165",2025,5,"PUESTO DE CONTROL TERRESTRE DESAGUADERO","SOYA, torta",56000,"GRANEL","BOLIVIA"
"11166",2025,5,"PUESTO DE CONTROL TERRESTRE DESAGUADERO","SOYA, torta",27600,"GRANEL","BOLIVIA"
"11167",2025,5,"PUESTO DE CONTROL TERRESTRE DESAGUADERO","SOYA, torta",27840,"GRANEL","BOLIVIA"
"11168",2025,5,"PUESTO DE CONTROL TERRESTRE DESAGUADERO","SOYA, torta",28000,"GRANEL","BOLIVIA"
"11169",2025,5,"PUESTO DE CONTROL TERRESTRE DESAGUADERO","SOYA, torta",27760,"GRANEL","BOLIVIA"
"11170",2025,5,"PUESTO DE CONTROL TERRESTRE DESAGUADERO","SOYA, torta",28890,"GRANEL","BOLIVIA"
"11171",2025,5,"PUESTO DE CONTROL TERRESTRE DESAGUADERO","SOYA, torta",84000,"GRANEL","BOLIVIA"
"11172",2025,5,"PUESTO DE CONTROL TERRESTRE DESAGUADERO","SOYA, torta",28000,"GRANEL","BOLIVIA"
"11173",2025,5,"PUESTO DE CONTROL TERRESTRE DESAGUADERO","SOYA, torta",28000,"GRANEL","BOLIVIA"
"11174",2025,5,"OFICINA PUESTO DE CONTROL MARITIMO - PROV. CONST. DEL CALLAO","MATERIAS VEGETALES, para tallar trabajadas con algun proceso de la CRF 2",598.263,"CAJA(S)","CHINA"
"11175",2025,5,"OFICINA PUESTO DE CONTROL MARITIMO - PROV. CONST. DEL CALLAO","MANZANA, fruta fresca",20580,"CAJA(S)","EEUU"
"11176",2025,5,"OFICINA PUESTO DE CONTROL MARITIMO - PROV. CONST. DEL CALLAO","KIWI, fruto fresco",16800,"CAJA(S)","CHILE"
"11177",2025,5,"OFICINA PUESTO DE CONTROL MARITIMO - PROV. CONST. DEL CALLAO","MANZANA, fruto fresco",60956,"CAJA(S)","CHILE"
"11178",2025,5,"PUESTO DE CONTROL TERRESTRE DESAGUADERO","SOYA, torta",28004,"SACO(S)","BOLIVIA"
"11179",2025,5,"PUESTO DE CONTROL TERRESTRE DESAGUADERO","SOYA, torta",55954.67,"SACO(S)","BOLIVIA"
"11180",2025,5,"PUESTO DE CONTROL TERRESTRE DESAGUADERO","SOYA, torta",50000,"GRANEL","BOLIVIA"
"11181",2025,5,"PUESTO DE CONTROL TERRESTRE DESAGUADERO","SOYA, torta",145000,"SACO(S)","BOLIVIA"
"11182",2025,5,"PUESTO DE CONTROL TERRESTRE DESAGUADERO","SOYA, torta",28000,"GRANEL","BOLIVIA"
"11183",2025,5,"PUESTO DE CONTROL TERRESTRE DESAGUADERO","SOYA, torta",115000,"SACO(S)","BOLIVIA"
"11184",2025,5,"PUESTO DE CONTROL TERRESTRE DESAGUADERO","SOYA, torta",56000,"GRANEL","BOLIVIA"
"11185",2025,5,"PUESTO DE CONTROL TERRESTRE DESAGUADERO","SOYA, torta",27977.33,"SACO(S)","BOLIVIA"
"11186",2025,5,"PUESTO DE CONTROL TERRESTRE DESAGUADERO","SOYA, torta",27300,"GRANEL","BOLIVIA"
"11187",2025,5,"PUESTO DE CONTROL TERRESTRE DESAGUADERO","SOYA, torta",55938,"SACO(S)","BOLIVIA"
"11188",2025,5,"PUESTO DE CONTROL TERRESTRE DESAGUADERO","SOYA, torta",55938,"SACO(S)","BOLIVIA"
"11189",2025,5,"PUESTO DE CONTROL TERRESTRE DESAGUADERO","SOYA, torta",56000,"GRANEL","BOLIVIA"
"11190",2025,5,"PUESTO DE CONTROL TERRESTRE DESAGUADERO","SOYA, torta",28000,"GRANEL","BOLIVIA"
"11191",2025,5,"PUESTO DE CONTROL TERRESTRE DESAGUADERO","SOYA, torta",28060,"GRANEL","BOLIVIA"
"11192",2025,5,"PUESTO DE CONTROL TERRESTRE DESAGUADERO","SOYA, torta",28130,"GRANEL","BOLIVIA"
"11193",2025,5,"PUESTO DE CONTROL TERRESTRE DESAGUADERO","SOYA, torta",28030,"GRANEL","BOLIVIA"
"11194",2025,5,"PUESTO DE CONTROL TERRESTRE DESAGUADERO","SOYA, torta",28000,"GRANEL","BOLIVIA"
"11195",2025,5,"SANTA ROSA, TACNA","MANZANA, fruto fresco",23520,"CAJA(S)","CHILE"
"11196",2025,5,"OFICINA PUESTO DE CONTROL MARITIMO - PROV. CONST. DEL CALLAO","MANZANA, fruta fresca",20580,"CAJA(S)","EEUU"
"11197",2025,5,"SANTA ROSA, TACNA","MANZANA, fruto fresco",23408,"CAJA(S)","CHILE"
"11198",2025,5,"OFICINA PUESTO DE CONTROL MARITIMO - PROV. CONST. DEL CALLAO","CAUCHO, técnicamente especificado (TSNR)",20160,"PALETAS","INDONESIA"
"11199",2025,5,"OFICINA PUESTO DE CONTROL MARITIMO - PROV. CONST. DEL CALLAO","CAUCHO, técnicamente especificado (TSNR)",80640,"PALETAS","INDONESIA"
"11200",2025,5,"PUESTO DE CONTROL TERRESTRE DESAGUADERO","SOYA, torta",28000,"GRANEL","BOLIVIA"
"11201",2025,5,"AGUAS VERDES, TUMBES","Las demás coniferas, las demas maderas aserradas o desbastadas longitudinalmente, cortada o desenrollada, incluso cepillada,lijada o unida por lo extremos, de espesor superior a 6 mm, con algun tratamiento de la CRF 2",28750,"PIEZAS","ECUADOR"
"11202",2025,5,"OFICINA PUESTO DE CONTROL MARITIMO - PROV. CONST. DEL CALLAO","ALGODON, fibra sin cardar ni peinar (>28.57 mm = o <34.92 mm)",39657,"FARDOS","EEUU"
"11203",2025,5,"OFICINA PUESTO DE CONTROL AEREO -  PROV. CONST. DEL CALLAO","ARANDANO, planta in vitro",374.4,"FRASCO(S)","MEXICO"
"11204",2025,5,"SANTA ROSA, TACNA","MANZANA, fruto fresco",23520,"CAJA(S)","CHILE"
"11205",2025,5,"OFICINA PUESTO DE CONTROL MARITIMO - PROV. CONST. DEL CALLAO","ARVEJA, grano partido",23133,"SACO(S)","EEUU"
"11206",2025,5,"OFICINA PUESTO DE CONTROL AEREO -  PROV. CONST. DEL CALLAO","GERBERA, planta",138,"CAJA(S)","HOLANDA"
"11207",2025,5,"PUESTO DE CONTROL TERRESTRE DESAGUADERO","SOYA, harina",58000,"SACO(S)","BOLIVIA"
"11208",2025,5,"OFICINA PUESTO DE CONTROL MARITIMO - PROV. CONST. DEL CALLAO","TRIGO, grano",5522140,"GRANEL","CANADA"
"11209",2025,5,"OFICINA PUESTO DE CONTROL MARITIMO - PROV. CONST. DEL CALLAO","ARROZ, grano pilado",130000,"SACO(S)","TAILANDIA"
"11210",2025,5,"PUESTO DE CONTROL TERRESTRE DESAGUADERO","SOYA, torta",28044,"SACO(S)","BOLIVIA"
"11211",2025,5,"PUESTO DE CONTROL TERRESTRE DESAGUADERO","SOYA, torta",24650,"GRANEL","BOLIVIA"
"11212",2025,5,"PUESTO DE CONTROL TERRESTRE DESAGUADERO","SOYA, torta",27076,"SACO(S)","BOLIVIA"
"11213",2025,5,"PUESTO DE CONTROL TERRESTRE DESAGUADERO","SOYA, torta",56000,"GRANEL","BOLIVIA"
"11214",2025,5,"PUESTO DE CONTROL TERRESTRE DESAGUADERO","SOYA, torta",56000,"GRANEL","BOLIVIA"
"11215",2025,5,"PUESTO DE CONTROL TERRESTRE DESAGUADERO","SOYA, torta",3440,"GRANEL","BOLIVIA"
"11216",2025,5,"PUESTO DE CONTROL TERRESTRE DESAGUADERO","SOYA, harina",28374,"SACO(S)","BOLIVIA"
"11217",2025,5,"PUESTO DE CONTROL TERRESTRE DESAGUADERO","SOYA, torta",28000,"GRANEL","BOLIVIA"
"11218",2025,5,"PUESTO DE CONTROL TERRESTRE DESAGUADERO","SOYA, torta",84000,"GRANEL","BOLIVIA"
"11219",2025,5,"PUESTO DE CONTROL TERRESTRE DESAGUADERO","SOYA, torta",112000,"GRANEL","BOLIVIA"
"11220",2025,5,"PUESTO DE CONTROL TERRESTRE DESAGUADERO","SOYA, torta",56000,"GRANEL","BOLIVIA"
"11221",2025,5,"OFICINA PUESTO DE CONTROL MARITIMO - PROV. CONST. DEL CALLAO","MADERA, encofrados para hormigon, de madera con algún proceso de la CRF2
",19050,"PIEZAS","ALEMANIA"
"11222",2025,5,"PUESTO DE CONTROL TERRESTRE DESAGUADERO","SOYA, torta",145000,"SACO(S)","BOLIVIA"
"11223",2025,5,"OFICINA PUESTO DE CONTROL MARITIMO - PROV. CONST. DEL CALLAO","MAIZ, harina",49960,"BOLSAS","COLOMBIA"
"11224",2025,5,"PUESTO DE CONTROL TERRESTRE DESAGUADERO","SOYA, harina",116000,"SACO(S)","BOLIVIA"
"11225",2025,5,"PUESTO DE CONTROL TERRESTRE DESAGUADERO","SOYA, harina",87000,"SACO(S)","BOLIVIA"
"11226",2025,5,"OFICINA PUESTO DE CONTROL MARITIMO - PROV. CONST. DEL CALLAO","Los demas articulos para fiesta, carnaval u otras diversiones, incluidos los de magia y articulos sorpresa que sean o contengan material vegetal
",689.056,"UNIDADES","CHINA"
"11227",2025,5,"OFICINA PUESTO DE CONTROL MARITIMO - PROV. CONST. DEL CALLAO","Los demas articulos para fiesta, carnaval u otras diversiones, incluidos los de magia y articulos sorpresa que sean o contengan material vegetal
",366.624,"UNIDADES","CHINA"
"11228",2025,5,"OFICINA PUESTO DE CONTROL MARITIMO - PROV. CONST. DEL CALLAO","Articulos para fiestas de navidad que sean o contengan material vegetal
",450.819,"UNIDADES","CHINA"
"11229",2025,5,"OFICINA PUESTO DE CONTROL MARITIMO - PROV. CONST. DEL CALLAO","Articulos para fiestas de navidad que sean o contengan material vegetal
",1031.949,"UNIDADES","CHINA"
"11230",2025,5,"OFICINA PUESTO DE CONTROL MARITIMO - PROV. CONST. DEL CALLAO","Articulos para fiestas de navidad que sean o contengan material vegetal
",461.836,"UNIDADES","CHINA"
"11231",2025,5,"PUERTO DE PAITA , PIURA","PAPA, fécula",84000,"SACO(S)","DINAMARCA"
"11232",2025,5,"OFICINA PUESTO DE CONTROL AEREO -  PROV. CONST. DEL CALLAO","ARANDANO, fruto seco industrial",0.45,"UNIDADES","EEUU"
"11233",2025,5,"OFICINA PUESTO DE CONTROL MARITIMO - PROV. CONST. DEL CALLAO","MANZANA, fruta fresca",20580,"CAJA(S)","EEUU"
"11234",2025,5,"SANTA ROSA, TACNA","MANZANA, fruto fresco",22687,"CAJA(S)","CHILE"
"11235",2025,5,"PUESTO DE CONTROL TERRESTRE DESAGUADERO","SOYA, torta",84690,"GRANEL","BOLIVIA"
"11236",2025,5,"PUESTO DE CONTROL TERRESTRE DESAGUADERO","SOYA, torta",116000,"SACO(S)","BOLIVIA"
"11237",2025,5,"PUESTO DE CONTROL TERRESTRE DESAGUADERO","SOYA, torta",176000,"SACO(S)","BOLIVIA"
"11238",2025,5,"OFICINA PUESTO DE CONTROL MARITIMO - PROV. CONST. DEL CALLAO","ALGODON, fibra sin cardar ni peinar (>28.57 mm = o <34.92 mm)",79758,"FARDOS","EEUU"
"11239",2025,5,"PUESTO DE CONTROL TERRESTRE DESAGUADERO","SOYA, torta",148000,"SACO(S)","BOLIVIA"
"11240",2025,5,"OFICINA PUESTO DE CONTROL MARITIMO - PROV. CONST. DEL CALLAO","MAIZ REVENTON, grano",20865,"SACO(S)","EEUU"
"11241",2025,5,"PUESTO DE CONTROL TERRESTRE DESAGUADERO","AZUCAR BLANCA O REFINADA (lectura polarimetrica mayor 99.5°)",58000,"SACO(S)","BOLIVIA"
"11242",2025,5,"OFICINA PUESTO DE CONTROL MARITIMO - PROV. CONST. DEL CALLAO","AJONJOLI, grano",24950,"SACO(S)","PARAGUAY"
"11243",2025,5,"PUESTO DE CONTROL TERRESTRE DESAGUADERO","SOYA, harina",50000,"SACO(S)","BOLIVIA"
"11244",2025,5,"OFICINA PUESTO DE CONTROL MARITIMO - PROV. CONST. DEL CALLAO","LENTEJA, grano",46080,"SACO(S)","EEUU"
"11245",2025,5,"OFICINA PUESTO DE CONTROL MARITIMO - PROV. CONST. DEL CALLAO","FREJOL CANARIO, grano",22680,"SACO(S)","EEUU"
"11246",2025,5,"OFICINA PUESTO DE CONTROL MARITIMO - PROV. CONST. DEL CALLAO","AVENA, grano",8358400,"GRANEL","CANADA"
"11247",2025,5,"OFICINA PUESTO DE CONTROL AEREO -  PROV. CONST. DEL CALLAO","TE VERDE",4,"BOLSAS","CANADA"
"11248",2025,5,"OFICINA PUESTO DE CONTROL AEREO -  PROV. CONST. DEL CALLAO","LAS DEMAS PLANTAS, partes de plantas, semillas y frutos de especies utilizadas principalmente en perfumeria,medicina insecticidas o similares con algún proceso del a CRF 2",48,"BOLSAS","CANADA"
"11249",2025,5,"OFICINA PUESTO DE CONTROL AEREO -  PROV. CONST. DEL CALLAO","HARINA, mezcla",50,"BOLSA DE POLIETILENO","ALEMANIA"
"11250",2025,5,"PUESTO DE CONTROL TERRESTRE DESAGUADERO","SOYA, harina",145000,"SACO(S)","BOLIVIA"
"11251",2025,5,"OFICINA PUESTO DE CONTROL MARITIMO - PROV. CONST. DEL CALLAO","MADERA, paletas con algún proceso de la CRF 2",240000,"PALETAS","COLOMBIA"
"11252",2025,5,"PUESTO DE CONTROL TERRESTRE DESAGUADERO","SOYA, torta",28000,"GRANEL","BOLIVIA"
"11253",2025,5,"PUESTO DE CONTROL TERRESTRE DESAGUADERO","SOYA, torta",28000,"GRANEL","BOLIVIA"
"11254",2025,5,"PUESTO DE CONTROL TERRESTRE DESAGUADERO","SOYA, torta",28000,"GRANEL","BOLIVIA"
"11255",2025,5,"PUESTO DE CONTROL TERRESTRE DESAGUADERO","SOYA, torta",53900,"GRANEL","BOLIVIA"
"11256",2025,5,"PUESTO DE CONTROL TERRESTRE DESAGUADERO","SOYA, torta",84000,"GRANEL","BOLIVIA"
"11257",2025,5,"PUESTO DE CONTROL TERRESTRE DESAGUADERO","SOYA, torta",28510,"GRANEL","BOLIVIA"
"11258",2025,5,"Puerto de Chancay","BAMBU, trenzas y artículos similares, de materia trenzable, incluso ensamblados en tiras, materia trenzable, trenzas y artículos similares de materia trenzable, tejidos o paralelizados, en forma plana, con algún proceso de la CRF 2",540,"CAJA(S)","CHINA"
"11259",2025,5,"PUESTO DE CONTROL TERRESTRE DESAGUADERO","SOYA, harina",29000,"SACO(S)","BOLIVIA"
"11260",2025,5,"OFICINA PUESTO DE CONTROL MARITIMO - PROV. CONST. DEL CALLAO","ALGODON, fibra sin cardar ni peinar (>28.57 mm = o <34.92 mm)",39687,"FARDOS","EEUU"
"11261",2025,5,"OFICINA PUESTO DE CONTROL MARITIMO - PROV. CONST. DEL CALLAO","ARROZ, grano pilado",24000,"SACO(S)","TAILANDIA"
"11262",2025,5,"OFICINA PUESTO DE CONTROL AEREO -  PROV. CONST. DEL CALLAO","PIMIENTO, semilla",49.243,"SACHETS","CHILE"
"11263",2025,5,"OFICINA PUESTO DE CONTROL MARITIMO - PROV. CONST. DEL CALLAO","MAIZ, almidon",171000,"SACO(S)","INDIA"
"11264",2025,5,"OFICINA PUESTO DE CONTROL MARITIMO - PROV. CONST. DEL CALLAO","AVENA, grano aplastado o en copos (hojuelas)",78000,"SACO(S)","CHILE"
"11265",2025,5,"OFICINA PUESTO DE CONTROL MARITIMO - PROV. CONST. DEL CALLAO","ALGODON, fibra sin cardar ni peinar (>22.22 mm = o <28.57 mm)",399878,"FARDOS","EEUU"
"11266",2025,5,"SANTA ROSA, TACNA","SOYA, grano",54000,"SACO(S)","ARGENTINA"
"11267",2025,5,"OFICINA PUESTO DE CONTROL MARITIMO - PROV. CONST. DEL CALLAO","MOSTAZA, grano",20956,"BOLSAS","CANADA"
"11268",2025,5,"OFICINA PUESTO DE CONTROL AEREO -  PROV. CONST. DEL CALLAO","AZAFRAN, polvo",0.21,"CAJA(S)",NA
"11269",2025,5,"PUESTO DE CONTROL TERRESTRE DESAGUADERO","SOYA, torta",114500,"SACO(S)","BOLIVIA"
"11270",2025,5,"OFICINA PUESTO DE CONTROL MARITIMO - PROV. CONST. DEL CALLAO","LENTEJA, grano",48716,"SACO(S)","CANADA"
"11271",2025,5,"PUESTO DE CONTROL TERRESTRE DESAGUADERO","AJONJOLI, grano",60000,"SACO(S)","BOLIVIA"
"11272",2025,5,"OFICINA PUESTO DE CONTROL MARITIMO - PROV. CONST. DEL CALLAO","ALFALFA, semilla",6000,"SACO(S)","EEUU"
"11273",2025,5,"OFICINA PUESTO DE CONTROL MARITIMO - PROV. CONST. DEL CALLAO","BERMUDA, semilla",2000,"SACO(S)","EEUU"
"11274",2025,5,"OFICINA PUESTO DE CONTROL MARITIMO - PROV. CONST. DEL CALLAO","BROCOLI, semilla",100,"SACHETS","EEUU"
"11275",2025,5,"OFICINA PUESTO DE CONTROL MARITIMO - PROV. CONST. DEL CALLAO","COL, semilla",200,"SACHETS","EEUU"
"11276",2025,5,"OFICINA PUESTO DE CONTROL MARITIMO - PROV. CONST. DEL CALLAO","NABO, semilla",150,"SACHETS","EEUU"
"11277",2025,5,"OFICINA PUESTO DE CONTROL MARITIMO - PROV. CONST. DEL CALLAO","LECHUGA, semilla",197.5,"SACHETS","EEUU"
"11278",2025,5,"OFICINA PUESTO DE CONTROL MARITIMO - PROV. CONST. DEL CALLAO","BETARRAGA, semilla",291.5,"SACHETS","EEUU"
"11279",2025,5,"OFICINA PUESTO DE CONTROL MARITIMO - PROV. CONST. DEL CALLAO","ESPARRAGO, semilla",100,"SACHETS","EEUU"
"11280",2025,5,"OFICINA PUESTO DE CONTROL MARITIMO - PROV. CONST. DEL CALLAO","PEPINILLO, semilla",197.5,"SACHETS","EEUU"
"11281",2025,5,"OFICINA PUESTO DE CONTROL MARITIMO - PROV. CONST. DEL CALLAO","PEREJIL, semilla",150,"SACHETS","EEUU"
"11282",2025,5,"OFICINA PUESTO DE CONTROL MARITIMO - PROV. CONST. DEL CALLAO","ARVEJA, semilla",296,"SACO(S)","EEUU"
"11283",2025,5,"SANTA ROSA, TACNA","ARANDANO, planta",17859,"BINES DE CARTON","CHILE"
"11284",2025,5,"OFICINA PUESTO DE CONTROL MARITIMO - PROV. CONST. DEL CALLAO","COCO, fibra (para sustrato)",49500,"BOLSAS","SRI LANKA"
"11285",2025,5,"OFICINA PUESTO DE CONTROL MARITIMO - PROV. CONST. DEL CALLAO","SUSTRATO (en base a turba y fibra de coco)",279000,"PALETAS","ESPAÑA"
"11286",2025,5,"OFICINA PUESTO DE CONTROL AEREO -  PROV. CONST. DEL CALLAO","TOMATE, semilla",0.45,"BOLSAS","EEUU"
"11287",2025,5,"OFICINA PUESTO DE CONTROL AEREO -  PROV. CONST. DEL CALLAO","ZAPALLITO ITALIANO (CALABACIN), semilla",4.81,"BOLSAS","EEUU"
"11288",2025,5,"OFICINA PUESTO DE CONTROL MARITIMO - PROV. CONST. DEL CALLAO","KIWI, fruto fresco",72000,"CAJA(S)","CHILE"
"11289",2025,5,"OFICINA PUESTO DE CONTROL MARITIMO - PROV. CONST. DEL CALLAO","ARROZ, parbolizado pulido o sin cáscara",132500,"SACO(S)","BRASIL"
"11290",2025,5,"OFICINA PUESTO DE CONTROL MARITIMO - PROV. CONST. DEL CALLAO","ARROZ, parbolizado pulido o sin cáscara",132500,"SACO(S)","BRASIL"
"11291",2025,5,"OFICINA PUESTO DE CONTROL MARITIMO - PROV. CONST. DEL CALLAO","ARROZ, parbolizado pulido o sin cáscara",132500,"SACO(S)","BRASIL"
"11292",2025,5,"OFICINA PUESTO DE CONTROL MARITIMO - PROV. CONST. DEL CALLAO","AZUCAR BLANCA O REFINADA (lectura polarimetrica mayor 99.5°)",53000,"SACO(S)","COLOMBIA"
"11293",2025,5,"OFICINA PUESTO DE CONTROL MARITIMO - PROV. CONST. DEL CALLAO","AZUCAR BLANCA O REFINADA (lectura polarimetrica mayor 99.5°)",132500,"SACO(S)","COLOMBIA"
"11294",2025,5,"OFICINA PUESTO DE CONTROL MARITIMO - PROV. CONST. DEL CALLAO","ARROZ, parbolizado pulido o sin cáscara",11.49,"CAJA(S)","EEUU"
"11295",2025,5,"OFICINA PUESTO DE CONTROL MARITIMO - PROV. CONST. DEL CALLAO","MAIZ, harina",567,"SACO(S)","EEUU"
"11296",2025,5,"OFICINA PUESTO DE CONTROL MARITIMO - PROV. CONST. DEL CALLAO","MANZANA, fruta fresca",39102,"CAJA(S)","EEUU"
"11297",2025,5,"OFICINA PUESTO DE CONTROL MARITIMO - PROV. CONST. DEL CALLAO","MANZANA, fruta fresca",39102,"CAJA(S)","EEUU"
"11298",2025,5,"OFICINA PUESTO DE CONTROL MARITIMO - PROV. CONST. DEL CALLAO","MADERA, encofrados para hormigón con algún proceso de la CRF2",30528,"UNIDADES","AUSTRIA"
"11299",2025,5,"PUESTO DE CONTROL TERRESTRE DESAGUADERO","SOYA, harina",145000,"SACO(S)","BOLIVIA"
"11300",2025,5,"PUESTO DE CONTROL TERRESTRE DESAGUADERO","SOYA, torta",116000,"SACO(S)","BOLIVIA"
"11301",2025,5,"PUESTO DE CONTROL TERRESTRE DESAGUADERO","SOYA, torta",143500,"SACO(S)","BOLIVIA"
"11302",2025,5,"PUESTO DE CONTROL TERRESTRE DESAGUADERO","SOYA, torta",142000,"SACO(S)","BOLIVIA"
"11303",2025,5,"PUESTO DE CONTROL TERRESTRE DESAGUADERO","SOYA, torta",28000,"GRANEL","BOLIVIA"
"11304",2025,5,"PUESTO DE CONTROL TERRESTRE DESAGUADERO","SOYA, torta",82200,"GRANEL","BOLIVIA"
"11305",2025,5,"OFICINA PUESTO DE CONTROL MARITIMO - PROV. CONST. DEL CALLAO","MAIZ REVENTON, grano",78246,"SACO(S)","EEUU"
"11306",2025,5,"PUESTO DE CONTROL- CEBAF","NUEZ DEL BRASIL, sin cascara, seco industrial o mondado o rallado",2.244,"BOLSAS","COLOMBIA"
"11307",2025,5,"PUESTO DE CONTROL TERRESTRE DESAGUADERO","SOYA, torta",145000,"SACO(S)","BOLIVIA"
"11308",2025,5,"OFICINA PUESTO DE CONTROL MARITIMO - PROV. CONST. DEL CALLAO","MANZANA, fruta fresca",20580,"CAJA(S)","EEUU"
"11309",2025,5,"PUESTO DE CONTROL TERRESTRE DESAGUADERO","SOYA, torta",28000,"GRANEL","BOLIVIA"
"11310",2025,5,"PUESTO DE CONTROL TERRESTRE DESAGUADERO","SOYA, torta",29190,"GRANEL","BOLIVIA"
"11311",2025,5,"PUESTO DE CONTROL TERRESTRE DESAGUADERO","SOYA, torta",28000,"GRANEL","BOLIVIA"
"11312",2025,5,"OFICINA PUESTO DE CONTROL MARITIMO - PROV. CONST. DEL CALLAO","KIWI, fruto fresco",23040,"CAJA(S)","CHILE"
"11313",2025,5,"PUESTO DE CONTROL TERRESTRE DESAGUADERO","SOYA, harina",56538,"SACO(S)","BOLIVIA"
"11314",2025,5,"PUESTO DE CONTROL TERRESTRE DESAGUADERO","SOYA, torta",28000,"GRANEL","BOLIVIA"
"11315",2025,5,"PUESTO DE CONTROL TERRESTRE DESAGUADERO","SOYA, torta",28000,"GRANEL","BOLIVIA"
"11316",2025,5,"PUESTO DE CONTROL TERRESTRE DESAGUADERO","SOYA, torta",28760,"GRANEL","BOLIVIA"
"11317",2025,5,"PUESTO DE CONTROL TERRESTRE DESAGUADERO","SOYA, torta",143000,"SACO(S)","BOLIVIA"
"11318",2025,5,"PUESTO DE CONTROL TERRESTRE DESAGUADERO","SOYA, torta",144000,"SACO(S)","BOLIVIA"
"11319",2025,5,"PUESTO DE CONTROL TERRESTRE DESAGUADERO","SOYA, torta",116000,"SACO(S)","BOLIVIA"
"11320",2025,5,"OFICINA PUESTO DE CONTROL MARITIMO - PROV. CONST. DEL CALLAO","PINO, madera aserrada con algún proceso de la CRF2",90169,"PAQUETES","CHILE"
"11321",2025,5,"PUESTO DE CONTROL TERRESTRE DESAGUADERO","SOYA, torta",115000,"SACO(S)","BOLIVIA"
"11322",2025,5,"OFICINA PUESTO DE CONTROL MARITIMO - PROV. CONST. DEL CALLAO","PINO, madera aserrada con algún proceso de la CRF2",220735,"PAQUETES","CHILE"
"11323",2025,5,"PUESTO DE CONTROL TERRESTRE DESAGUADERO","SOYA, torta",56000,"SACO(S)","BOLIVIA"
"11324",2025,5,"OFICINA PUESTO DE CONTROL MARITIMO - PROV. CONST. DEL CALLAO","CEBOLLA, triturada o pulverizada",435.448,"SACO(S)","EEUU"
"11325",2025,5,"AGUAS VERDES, TUMBES","Las demás coniferas, las demas maderas aserradas o desbastadas longitudinalmente, cortada o desenrollada, incluso cepillada,lijada o unida por lo extremos, de espesor superior a 6 mm, con algun tratamiento de la CRF 2",28260,"PIEZAS","ECUADOR"
"11326",2025,5,"AGUAS VERDES, TUMBES","Las demás coniferas, las demas maderas aserradas o desbastadas longitudinalmente, cortada o desenrollada, incluso cepillada,lijada o unida por lo extremos, de espesor superior a 6 mm, con algun tratamiento de la CRF 2",27790,"PIEZAS","ECUADOR"
"11327",2025,5,"OFICINA PUESTO DE CONTROL MARITIMO - PROV. CONST. DEL CALLAO","MANZANA, fruto fresco",19658.8,"CAJA(S)","CHILE"
"11328",2025,5,"PUESTO DE CONTROL TERRESTRE DESAGUADERO","SOYA, torta",27040,"GRANEL","BOLIVIA"
"11329",2025,5,"AGUAS VERDES, TUMBES","PAJA MACORA, paja seca al natural",1130,"FARDOS","ECUADOR"
"11330",2025,5,"PUESTO DE CONTROL TERRESTRE DESAGUADERO","SOYA, torta",28000,"GRANEL","BOLIVIA"
"11331",2025,5,"PUESTO DE CONTROL TERRESTRE DESAGUADERO","SOYA, harina",174000,"SACO(S)","BOLIVIA"
"11332",2025,5,"OFICINA PUESTO DE CONTROL AEREO -  PROV. CONST. DEL CALLAO","MELON, semilla",1.012,"SACHETS","ESPAÑA"
"11333",2025,5,"OFICINA PUESTO DE CONTROL AEREO -  PROV. CONST. DEL CALLAO","TOMATE, semilla",0.01,"SACHETS","HOLANDA"
"11334",2025,5,"OFICINA PUESTO DE CONTROL AEREO -  PROV. CONST. DEL CALLAO","LECHUGA, semilla",0.146,"SACHETS","HOLANDA"
"11335",2025,5,"OFICINA PUESTO DE CONTROL AEREO -  PROV. CONST. DEL CALLAO","TOMATE, semilla",0.248,"SACHETS","HOLANDA"
"11336",2025,5,"OFICINA PUESTO DE CONTROL AEREO -  PROV. CONST. DEL CALLAO","LECHUGA, semilla",0.124,"SACHETS","HOLANDA"
"11337",2025,5,"OFICINA PUESTO DE CONTROL AEREO -  PROV. CONST. DEL CALLAO","PIMIENTO, semilla",0.329,"SACHETS","HOLANDA"
"11338",2025,5,"OFICINA PUESTO DE CONTROL MARITIMO - PROV. CONST. DEL CALLAO","ACHIOTE, grano",22000,"SACO(S)","COSTA DE MARFIL"
"11339",2025,5,"OFICINA PUESTO DE CONTROL MARITIMO - PROV. CONST. DEL CALLAO","ZANAHORIA, semilla",1886.1,"SACHETS","JAPON"
"11340",2025,5,"OFICINA PUESTO DE CONTROL MARITIMO - PROV. CONST. DEL CALLAO","MANZANA, fruto fresco",18620,"CAJA(S)","CHILE"
"11341",2025,5,"OFICINA PUESTO DE CONTROL MARITIMO - PROV. CONST. DEL CALLAO","PERA, fruta fresca",22680,"CAJA(S)","ARGENTINA"
"11342",2025,5,"OFICINA PUESTO DE CONTROL MARITIMO - PROV. CONST. DEL CALLAO","PERA, fruta fresca",22680,"CAJA(S)","ARGENTINA"
"11343",2025,5,"OFICINA PUESTO DE CONTROL MARITIMO - PROV. CONST. DEL CALLAO","PERA, fruta fresca",22680,"CAJA(S)","ARGENTINA"
"11344",2025,5,"OFICINA PUESTO DE CONTROL AEREO -  PROV. CONST. DEL CALLAO","GIRASOL, semilla",23.17273,"SACHETS","EEUU"
"11345",2025,5,"OFICINA PUESTO DE CONTROL AEREO -  PROV. CONST. DEL CALLAO","ALHELI, semilla",0.03962,"SACHETS","EEUU"
"11346",2025,5,"OFICINA PUESTO DE CONTROL AEREO -  PROV. CONST. DEL CALLAO","ANTIRRINO, semilla",0.02016,"SACHETS","EEUU"
"11347",2025,5,"OFICINA PUESTO DE CONTROL AEREO -  PROV. CONST. DEL CALLAO","ASCLEPIA, semilla",0.02665,"SACHETS","EEUU"
"11348",2025,5,"OFICINA PUESTO DE CONTROL AEREO -  PROV. CONST. DEL CALLAO","CALCEOLARIA, semilla",0.00606,"FRASCO(S)","EEUU"
"11349",2025,5,"OFICINA PUESTO DE CONTROL AEREO -  PROV. CONST. DEL CALLAO","CLAVEL, semilla",0.04921,"FRASCO(S)","EEUU"
"11350",2025,5,"OFICINA PUESTO DE CONTROL AEREO -  PROV. CONST. DEL CALLAO","COLEUS, semilla",0.00414,"SACHETS","EEUU"
"11351",2025,5,"OFICINA PUESTO DE CONTROL AEREO -  PROV. CONST. DEL CALLAO","COSMOS, semilla",0.26652,"SACHETS","EEUU"
"11352",2025,5,"OFICINA PUESTO DE CONTROL AEREO -  PROV. CONST. DEL CALLAO","DALIA, semilla",0.59048,"SACHETS","EEUU"
"11353",2025,5,"OFICINA PUESTO DE CONTROL AEREO -  PROV. CONST. DEL CALLAO","DIANTHUS, semilla",0.10013,"SACHETS","EEUU"
"11354",2025,5,"OFICINA PUESTO DE CONTROL AEREO -  PROV. CONST. DEL CALLAO","ERYSIMUM, semilla",0.02368,"SACHETS","EEUU"
"11355",2025,5,"OFICINA PUESTO DE CONTROL AEREO -  PROV. CONST. DEL CALLAO","GAZANIA, semilla",0.18196,"SACHETS","EEUU"
"11356",2025,5,"OFICINA PUESTO DE CONTROL AEREO -  PROV. CONST. DEL CALLAO","GERANIO, semilla",0.85636,"SACHETS","EEUU"
"11357",2025,5,"OFICINA PUESTO DE CONTROL AEREO -  PROV. CONST. DEL CALLAO","LEUCANTHEMUM, semilla",0.04883,"SACHETS","EEUU"
"11358",2025,5,"OFICINA PUESTO DE CONTROL AEREO -  PROV. CONST. DEL CALLAO","LISIANTHUS, semilla",0.03187,"FRASCO(S)","EEUU"
"11359",2025,5,"OFICINA PUESTO DE CONTROL AEREO -  PROV. CONST. DEL CALLAO","MARGARITA DEL CABO, semilla",0.06635,"SACHETS","EEUU"
"11360",2025,5,"OFICINA PUESTO DE CONTROL AEREO -  PROV. CONST. DEL CALLAO","PENSAMIENTO, semilla",0.07608,"SACHETS","EEUU"
"11361",2025,5,"OFICINA PUESTO DE CONTROL AEREO -  PROV. CONST. DEL CALLAO","PETUNIA, semilla",0.01047,"FRASCO(S)","EEUU"
"11362",2025,5,"OFICINA PUESTO DE CONTROL AEREO -  PROV. CONST. DEL CALLAO","PETUNIA, semilla",0.00339,"SACHETS","EEUU"
"11363",2025,5,"OFICINA PUESTO DE CONTROL AEREO -  PROV. CONST. DEL CALLAO","RUDBECKIA, semilla",0.01087,"SACHETS","EEUU"
"11364",2025,5,"OFICINA PUESTO DE CONTROL AEREO -  PROV. CONST. DEL CALLAO","SALVIA, semilla",0.37172,"SACHETS","EEUU"
"11365",2025,5,"OFICINA PUESTO DE CONTROL AEREO -  PROV. CONST. DEL CALLAO","TRACHELIUM, semilla",0.01921,"FRASCO(S)","EEUU"
"11366",2025,5,"OFICINA PUESTO DE CONTROL AEREO -  PROV. CONST. DEL CALLAO","VERBENA, semilla",0.09785,"SACHETS","EEUU"
"11367",2025,5,"OFICINA PUESTO DE CONTROL MARITIMO - PROV. CONST. DEL CALLAO","COCO, fibra (para sustrato)",232050,"PALETAS","INDIA"
"11368",2025,5,"OFICINA PUESTO DE CONTROL MARITIMO - PROV. CONST. DEL CALLAO","PINO, madera aserrada, con tratamiento de secado al horno o impregnación de sales",75355,"PAQUETES","CHILE"
"11369",2025,5,"OFICINA PUESTO DE CONTROL MARITIMO - PROV. CONST. DEL CALLAO","PAPA, fécula",63000,"SACO(S)","DINAMARCA"
"11370",2025,5,"PUESTO DE CONTROL TERRESTRE DESAGUADERO","SOYA, torta",146500,"SACO(S)","BOLIVIA"
"11371",2025,5,"OFICINA PUESTO DE CONTROL AEREO -  PROV. CONST. DEL CALLAO","ORQUIDEA, planta",1363,"CAJA(S)","HOLANDA"
"11372",2025,5,"PUERTO DE PAITA , PIURA","ALPISTE (=PHALARIS), grano",21682,"SACO(S)","CANADA"
"11373",2025,5,"PUERTO DE PAITA , PIURA","ALPISTE (=PHALARIS), grano",43364,"SACO(S)","CANADA"
"11374",2025,5,"PUERTO DE PAITA , PIURA","ALPISTE (=PHALARIS), grano",21636,"SACO(S)","CANADA"
"11375",2025,5,"PUERTO DE PAITA , PIURA","ALPISTE (=PHALARIS), grano",21682,"SACO(S)","CANADA"
"11376",2025,5,"PUERTO DE PAITA , PIURA","ARVEJA, grano partido",167965,"SACO(S)","EEUU"
"11377",2025,5,"OFICINA PUESTO DE CONTROL MARITIMO - PROV. CONST. DEL CALLAO","KIWI, fruto fresco",16800,"CAJA(S)","CHILE"
"11378",2025,5,"OFICINA PUESTO DE CONTROL MARITIMO - PROV. CONST. DEL CALLAO","MADERA, monturas y mangos de herramientas, monturas y mangos de cepillos, brochas o escobas, de madera; hormas, ensanchadores y tensores del calzado, de madera ; con algún proceso de la CRF 2",28286,"SACO(S)","CHINA"
"11379",2025,5,"OFICINA PUESTO DE CONTROL MARITIMO - PROV. CONST. DEL CALLAO","MEZCLA DE ESPECIAS, molida",1131.02,"CAJA(S)","CHINA"
"11380",2025,5,"OFICINA PUESTO DE CONTROL MARITIMO - PROV. CONST. DEL CALLAO","ARROZ, harina",1200,"CAJA(S)","CHINA"
"11381",2025,5,"OFICINA PUESTO DE CONTROL MARITIMO - PROV. CONST. DEL CALLAO","MAIZ, almidon",54.48,"CAJA(S)","CHINA"
"11382",2025,5,"PUESTO DE CONTROL TERRESTRE DESAGUADERO","SOYA, torta",115500,"SACO(S)","BOLIVIA"
"11383",2025,5,"OFICINA PUESTO DE CONTROL MARITIMO - PROV. CONST. DEL CALLAO","SOYA, torta",1649065,"GRANEL","ARGENTINA"
"11384",2025,5,"OFICINA PUESTO DE CONTROL MARITIMO - PROV. CONST. DEL CALLAO","MARCOS, madera",2322.64,"CAJA(S)","CHINA"
"11385",2025,5,"OFICINA PUESTO DE CONTROL AEREO -  PROV. CONST. DEL CALLAO","ARANDANO, planta in vitro",374.4,"FRASCO(S)","MEXICO"
"11386",2025,5,"PUESTO DE CONTROL TERRESTRE DESAGUADERO","SOYA, torta",105000,"SACO(S)","BOLIVIA"
"11387",2025,5,"OFICINA PUESTO DE CONTROL MARITIMO - PROV. CONST. DEL CALLAO","PINO, madera aserrada con tratamiento de secado al horno o impregnación de sales",251190,"PAQUETES","BRASIL"
"11388",2025,5,"OFICINA PUESTO DE CONTROL AEREO -  PROV. CONST. DEL CALLAO","BROCOLI, semilla",0.02,"SACHETS","JAPON"
"11389",2025,5,"OFICINA PUESTO DE CONTROL AEREO -  PROV. CONST. DEL CALLAO","COL, semilla",0.02,"SACHETS","JAPON"
"11390",2025,5,"OFICINA PUESTO DE CONTROL AEREO -  PROV. CONST. DEL CALLAO","COLIFLOR, semilla",0.02,"SACHETS","JAPON"
"11391",2025,5,"PUESTO DE CONTROL TERRESTRE DESAGUADERO","MANI, grano sin cáscara",29000,"SACO(S)","BOLIVIA"
"11392",2025,5,"OFICINA PUESTO DE CONTROL MARITIMO - PROV. CONST. DEL CALLAO","FRESA, plántula",10762,"CAJA(S)","ESPAÑA"
"11393",2025,5,"IÑAPARI, MADRE DE DIOS","SOYA, grano",32000,"SACO(S)","BRASIL"
"11394",2025,5,"OFICINA PUESTO DE CONTROL MARITIMO - PROV. CONST. DEL CALLAO","MANZANA, fruta fresca",20580,"CAJA(S)","EEUU"
"11395",2025,5,"OFICINA PUESTO DE CONTROL MARITIMO - PROV. CONST. DEL CALLAO","PAPA, fécula",2e+05,"BOLSAS","ALEMANIA"
"11396",2025,5,"PUESTO DE CONTROL TERRESTRE DESAGUADERO","SOYA, torta",108000,"SACO(S)","BOLIVIA"
"11397",2025,5,"OFICINA PUESTO DE CONTROL MARITIMO - PROV. CONST. DEL CALLAO","TRIGO, grano",48192890,"GRANEL","CANADA"
"11398",2025,5,"OFICINA PUESTO DE CONTROL MARITIMO - PROV. CONST. DEL CALLAO","ALFALFA, semilla",20075,"SACO(S)","AUSTRALIA"
"11399",2025,5,"OFICINA PUESTO DE CONTROL MARITIMO - PROV. CONST. DEL CALLAO","ARVEJA, grano partido",92532,"SACO(S)","EEUU"
"11400",2025,5,"OFICINA PUESTO DE CONTROL MARITIMO - PROV. CONST. DEL CALLAO","PAPA, fécula",147000,"SACO(S)","ALEMANIA"
"11401",2025,5,"OFICINA PUESTO DE CONTROL MARITIMO - PROV. CONST. DEL CALLAO","FREJOL, grano",46580,"SACO(S)","ARGENTINA"
"11402",2025,5,"OFICINA PUESTO DE CONTROL MARITIMO - PROV. CONST. DEL CALLAO","ANIS O BADIANA, grano",26000,"SACO(S)","ESPAÑA"
"11403",2025,5,"OFICINA PUESTO DE CONTROL MARITIMO - PROV. CONST. DEL CALLAO","UVA (PASAS), secas naturalmente",20000,"CAJA(S)","CHILE"
"11404",2025,5,"OFICINA PUESTO DE CONTROL MARITIMO - PROV. CONST. DEL CALLAO","UVA (PASAS), secas naturalmente",20000,"CAJA(S)","CHILE"
"11405",2025,5,"PUESTO DE CONTROL TERRESTRE DESAGUADERO","SOYA, harina",139000,"SACO(S)","BOLIVIA"
"11406",2025,5,"PUERTO DE MATARANI , AREQUIPA","MADERA, en bruto de coníferas tratada agentes de conservación
",4124.11,"PIEZAS","EEUU"
"11407",2025,5,"PUESTO DE CONTROL TERRESTRE DESAGUADERO","SOYA, torta",56000,"GRANEL","BOLIVIA"
"11408",2025,5,"PUESTO DE CONTROL TERRESTRE DESAGUADERO","SOYA, torta",56000,"GRANEL","BOLIVIA"
"11409",2025,5,"PUESTO DE CONTROL TERRESTRE DESAGUADERO","SOYA, torta",27994,"SACO(S)","BOLIVIA"
"11410",2025,5,"PUESTO DE CONTROL TERRESTRE DESAGUADERO","SOYA, torta",28000,"GRANEL","BOLIVIA"
"11411",2025,5,"PUESTO DE CONTROL TERRESTRE DESAGUADERO","SOYA, torta",55000,"GRANEL","BOLIVIA"
"11412",2025,5,"PUESTO DE CONTROL TERRESTRE DESAGUADERO","SOYA, torta",82780,"GRANEL","BOLIVIA"
"11413",2025,5,"PUESTO DE CONTROL TERRESTRE DESAGUADERO","SOYA, torta",112000,"GRANEL","BOLIVIA"
"11414",2025,5,"PUESTO DE CONTROL TERRESTRE DESAGUADERO","SOYA, torta",28000,"GRANEL","BOLIVIA"
"11415",2025,5,"OFICINA PUESTO DE CONTROL MARITIMO - PROV. CONST. DEL CALLAO","LENTEJA, grano",184163,"BOLSAS","CANADA"
"11416",2025,5,"SANTA ROSA, TACNA","MAIZ, almidon",25000,"BOLSAS","BRASIL"
"11417",2025,5,"AGUAS VERDES, TUMBES","CAÑA DE GUAYAQUIL, seca al natural",34000,"UNIDADES","ECUADOR"
"11418",2025,5,"PUESTO DE CONTROL TERRESTRE DESAGUADERO","SOYA, torta",113500,"SACO(S)","BOLIVIA"
"11419",2025,5,"OFICINA PUESTO DE CONTROL MARITIMO - PROV. CONST. DEL CALLAO","LUPULO, pellets",10500,"PALETAS","EEUU"
"11420",2025,5,"OFICINA PUESTO DE CONTROL MARITIMO - PROV. CONST. DEL CALLAO","BAMBU, madera sin emsamblar (tablillas y frisos para parqués barnizadas o laquedas) distintas de las coniferas",80.75,"PAQUETES","CHINA"
"11421",2025,5,"OFICINA PUESTO DE CONTROL MARITIMO - PROV. CONST. DEL CALLAO","BAMBU, madera sin emsamblar (tablillas y frisos para parqués barnizadas o laquedas) distintas de las coniferas",1404.1,"CAJA(S)","CHINA"
"11422",2025,5,"OFICINA PUESTO DE CONTROL MARITIMO - PROV. CONST. DEL CALLAO","BAMBU, madera sin emsamblar (tablillas y frisos para parqués barnizadas o laquedas) distintas de las coniferas",21612.5,"PALETAS","CHINA"
"11423",2025,5,"OFICINA PUESTO DE CONTROL MARITIMO - PROV. CONST. DEL CALLAO","BETARRAGA, semilla",199,"SACHETS","HOLANDA"
"11424",2025,5,"OFICINA PUESTO DE CONTROL MARITIMO - PROV. CONST. DEL CALLAO","ESPINACA, semilla",750,"SACHETS","HOLANDA"
"11425",2025,5,"OFICINA PUESTO DE CONTROL MARITIMO - PROV. CONST. DEL CALLAO","MADERA, en bruto de coníferas tratada agentes de conservación
",170110,"UNIDADES","CHILE"
"11426",2025,5,"PUESTO DE CONTROL TERRESTRE DESAGUADERO","SOYA, torta",145000,"SACO(S)","BOLIVIA"
"11427",2025,5,"PUESTO DE CONTROL TERRESTRE DESAGUADERO","SOYA, torta",145000,"SACO(S)","BOLIVIA"
"11428",2025,5,"OFICINA PUESTO DE CONTROL MARITIMO - PROV. CONST. DEL CALLAO","TRACTOR USADO, con motor de potencia superior a 33 kW pero inferior o igual a 75 kW",2680,"UNIDADES","CHINA"
"11429",2025,5,"OFICINA PUESTO DE CONTROL MARITIMO - PROV. CONST. DEL CALLAO","MANZANA, fruto fresco",19551,"CAJA(S)","CHILE"
"11430",2025,5,"OFICINA PUESTO DE CONTROL MARITIMO - PROV. CONST. DEL CALLAO","COCO, fibra (para sustrato)",49700,"PALETAS","INDIA"
"11431",2025,5,"OFICINA PUESTO DE CONTROL MARITIMO - PROV. CONST. DEL CALLAO","COCO, fibra (para sustrato)",49930,"PALETAS","INDIA"
"11432",2025,5,"OFICINA PUESTO DE CONTROL MARITIMO - PROV. CONST. DEL CALLAO","ACHIOTE, grano",25026,"SACO(S)","COSTA DE MARFIL"
"11433",2025,5,"OFICINA PUESTO DE CONTROL MARITIMO - PROV. CONST. DEL CALLAO","LAS DEMAS PLANTAS, partes de plantas, semillas y frutos de especies utilizadas principalmente en perfumeria,medicina insecticidas o similares con algún proceso del a CRF 2",500,"SACO(S)","ALEMANIA"
"11434",2025,5,"IÑAPARI, MADRE DE DIOS","NUEZ DEL BRASIL, con cáscara seca al natural",26040,"SACO(S)","BRASIL"
"11435",2025,5,"OFICINA PUESTO DE CONTROL MARITIMO - PROV. CONST. DEL CALLAO","TE VERDE",2540,"SACO(S)","CHINA"
"11436",2025,5,"OFICINA PUESTO DE CONTROL MARITIMO - PROV. CONST. DEL CALLAO","PERA, fruta fresca",22680,"CAJA(S)","ARGENTINA"
"11437",2025,5,"OFICINA PUESTO DE CONTROL AEREO -  PROV. CONST. DEL CALLAO","ARANDANO, planta",890,"CAJA(S)","CHILE"
"11438",2025,5,"OFICINA PUESTO DE CONTROL MARITIMO - PROV. CONST. DEL CALLAO","ALGODON, fibra sin cardar ni peinar (>22.22 mm = o <28.57 mm)",19670,"FARDOS","EEUU"
"11439",2025,5,"PUESTO DE CONTROL TERRESTRE DESAGUADERO","SOYA, harina",28000,"SACO(S)","BOLIVIA"
"11440",2025,5,"PUESTO DE CONTROL TERRESTRE DESAGUADERO","SOYA, harina",28000,"SACO(S)","BOLIVIA"
"11441",2025,5,"PUESTO DE CONTROL TERRESTRE DESAGUADERO","SOYA, harina",56000,"SACO(S)","BOLIVIA"
"11442",2025,5,"OFICINA PUESTO DE CONTROL MARITIMO - PROV. CONST. DEL CALLAO","LENTEJA, grano",149958,"SACO(S)","CANADA"
"11443",2025,5,"OFICINA PUESTO DE CONTROL MARITIMO - PROV. CONST. DEL CALLAO","CIRUELA, seca industrialmente",20000,"CAJA(S)","CHILE"
"11444",2025,5,"OFICINA PUESTO DE CONTROL MARITIMO - PROV. CONST. DEL CALLAO","CHIA, grano",28000,"SACO(S)","PARAGUAY"
"11445",2025,5,"OFICINA PUESTO DE CONTROL MARITIMO - PROV. CONST. DEL CALLAO","BAMBU, madera sin emsamblar (tablillas y frisos para parqués barnizadas o laquedas) distintas de las coniferas",12076,"CAJA(S)","CHINA"
"11446",2025,5,"OFICINA PUESTO DE CONTROL AEREO -  PROV. CONST. DEL CALLAO","PIMIENTO, semilla",6.6,"SACO(S)","CHINA"
"11447",2025,5,"PUESTO DE CONTROL TERRESTRE DESAGUADERO","SOYA, torta",141000,"GRANEL","BOLIVIA"
"11448",2025,5,"PUESTO DE CONTROL TERRESTRE DESAGUADERO","SOYA, harina",28000,"SACO(S)","BOLIVIA"
"11449",2025,5,"OFICINA PUESTO DE CONTROL MARITIMO - PROV. CONST. DEL CALLAO","BRACHIARIA, semilla",19800,"BOLSAS","BRASIL"
"11450",2025,5,"PUESTO DE CONTROL TERRESTRE DESAGUADERO","SOYA, harina",28000,"SACO(S)","BOLIVIA"
"11451",2025,5,"PUESTO DE CONTROL TERRESTRE DESAGUADERO","SOYA, harina",28000,"SACO(S)","BOLIVIA"
"11452",2025,5,"PUESTO DE CONTROL TERRESTRE DESAGUADERO","SOYA, harina",28000,"SACO(S)","BOLIVIA"
"11453",2025,5,"OFICINA PUESTO DE CONTROL MARITIMO - PROV. CONST. DEL CALLAO","BARRILES, CUBAS, TINAS y demas manufacturas de toneleria y sus partes de madera, incluidas las duelas con algún proceso de la  CRF2",274.779,"UNIDADES","ITALIA"
"11454",2025,5,"OFICINA PUESTO DE CONTROL MARITIMO - PROV. CONST. DEL CALLAO","MAIZ, harina",36000,"PALETAS","MEXICO"
"11455",2025,5,"OFICINA PUESTO DE CONTROL MARITIMO - PROV. CONST. DEL CALLAO","MANZANA, fruto fresco",21616,"CAJA(S)","CHILE"
"11456",2025,5,"OFICINA PUESTO DE CONTROL MARITIMO - PROV. CONST. DEL CALLAO","MANZANA, fruto fresco",20580,"CAJA(S)","CHILE"
"11457",2025,5,"OFICINA PUESTO DE CONTROL MARITIMO - PROV. CONST. DEL CALLAO","MANZANA, fruto fresco",19835.2,"CAJA(S)","CHILE"
"11458",2025,5,"OFICINA PUESTO DE CONTROL MARITIMO - PROV. CONST. DEL CALLAO","MANZANA, fruto fresco",19750.5,"CAJA(S)","CHILE"
"11459",2025,5,"OFICINA PUESTO DE CONTROL AEREO -  PROV. CONST. DEL CALLAO","LECHUGA, semilla",0.25,"SACHETS","HOLANDA"
"11460",2025,5,"PUESTO DE CONTROL TERRESTRE DESAGUADERO","SOYA, torta",112050,"GRANEL","BOLIVIA"
"11461",2025,5,"PUESTO DE CONTROL TERRESTRE DESAGUADERO","SOYA, torta",139290,"GRANEL","BOLIVIA"
"11462",2025,5,"PUESTO DE CONTROL TERRESTRE DESAGUADERO","SOYA, torta",28000,"GRANEL","BOLIVIA"
"11463",2025,5,"PUESTO DE CONTROL TERRESTRE DESAGUADERO","SOYA, torta",28000,"GRANEL","BOLIVIA"
"11464",2025,5,"PUESTO DE CONTROL TERRESTRE DESAGUADERO","SOYA, torta",28000,"GRANEL","BOLIVIA"
"11465",2025,5,"PUESTO DE CONTROL TERRESTRE DESAGUADERO","SOYA, torta",28060,"GRANEL","BOLIVIA"
"11466",2025,5,"PUESTO DE CONTROL TERRESTRE DESAGUADERO","SOYA, torta",28000,"GRANEL","BOLIVIA"
"11467",2025,5,"OFICINA PUESTO DE CONTROL MARITIMO - PROV. CONST. DEL CALLAO","LENTEJA, grano",139663,"SACO(S)","EEUU"
"11468",2025,5,"OFICINA PUESTO DE CONTROL MARITIMO - PROV. CONST. DEL CALLAO","ARVEJA, grano partido",92532,"SACO(S)","EEUU"
"11469",2025,5,"PUESTO DE CONTROL TERRESTRE DESAGUADERO","SOYA, torta",126000,"SACO(S)","BOLIVIA"
"11470",2025,5,"OFICINA PUESTO DE CONTROL MARITIMO - PROV. CONST. DEL CALLAO","MAIZ, harina",150000,"BOLSAS","COLOMBIA"
"11471",2025,5,"OFICINA PUESTO DE CONTROL MARITIMO - PROV. CONST. DEL CALLAO","MAIZ, harina",150000,"BOLSAS","COLOMBIA"
"11472",2025,5,"OFICINA PUESTO DE CONTROL MARITIMO - PROV. CONST. DEL CALLAO","ACHIOTE, grano",36400,"SACO(S)","COSTA DE MARFIL"
"11473",2025,5,"OFICINA PUESTO DE CONTROL MARITIMO - PROV. CONST. DEL CALLAO","ACHIOTE, grano",54520,"SACO(S)","COSTA DE MARFIL"
"11474",2025,5,"PUESTO DE CONTROL TERRESTRE DESAGUADERO","SOYA, torta",28000,"GRANEL","BOLIVIA"
"11475",2025,5,"PUESTO DE CONTROL TERRESTRE DESAGUADERO","SOYA, torta",28000,"GRANEL","BOLIVIA"
"11476",2025,5,"PUESTO DE CONTROL TERRESTRE DESAGUADERO","SOYA, torta",28000,"GRANEL","BOLIVIA"
"11477",2025,5,"PUESTO DE CONTROL TERRESTRE DESAGUADERO","SOYA, torta",84000,"GRANEL","BOLIVIA"
"11478",2025,5,"PUERTO DE SALAVERRY, LA LIBERTAD","MAIZ AMARILLO DURO, grano",8050000,"GRANEL","ARGENTINA"
"11479",2025,5,"PUERTO DE PAITA , PIURA","LENTEJA, grano",50076,"SACO(S)","CANADA"
"11480",2025,5,"OFICINA PUESTO DE CONTROL AEREO -  PROV. CONST. DEL CALLAO","ZAPALLITO ITALIANO (CALABACIN), semilla",14.357,"SACHETS","EEUU"
"11481",2025,5,"OFICINA PUESTO DE CONTROL AEREO -  PROV. CONST. DEL CALLAO","MELON, semilla",1.212,"SACHETS","EEUU"
"11482",2025,5,"OFICINA PUESTO DE CONTROL AEREO -  PROV. CONST. DEL CALLAO","ZAPALLITO ITALIANO (CALABACIN), semilla",13.6,"SACHETS","EEUU"
"11483",2025,5,"OFICINA PUESTO DE CONTROL MARITIMO - PROV. CONST. DEL CALLAO","CAUCHO, técnicamente especificado (TSNR)",60480,"PACAS","GHANA"
"11484",2025,5,"OFICINA PUESTO DE CONTROL MARITIMO - PROV. CONST. DEL CALLAO","MANZANA, fruta fresca",20580,"CAJA(S)","EEUU"
"11485",2025,5,"PUESTO DE CONTROL TERRESTRE DESAGUADERO","SOYA, torta",28000,"GRANEL","BOLIVIA"
"11486",2025,5,"OFICINA PUESTO DE CONTROL MARITIMO - PROV. CONST. DEL CALLAO","MAIZ REVENTON, grano",101606.4,"SACO(S)","BRASIL"
"11487",2025,5,"OFICINA PUESTO DE CONTROL MARITIMO - PROV. CONST. DEL CALLAO","MAIZ REVENTON, grano",52000,"SACO(S)","ARGENTINA"
"11488",2025,5,"PUESTO DE CONTROL TERRESTRE DESAGUADERO","SOYA, torta",84000,"GRANEL","BOLIVIA"
"11489",2025,5,"PUESTO DE CONTROL TERRESTRE DESAGUADERO","SOYA, torta",56000,"GRANEL","BOLIVIA"
"11490",2025,5,"PUESTO DE CONTROL TERRESTRE DESAGUADERO","SOYA, torta",56000,"GRANEL","BOLIVIA"
"11491",2025,5,"PUESTO DE CONTROL TERRESTRE DESAGUADERO","SOYA, torta",28000,"GRANEL","BOLIVIA"
"11492",2025,5,"PUESTO DE CONTROL TERRESTRE DESAGUADERO","SOYA, torta",56000,"GRANEL","BOLIVIA"
"11493",2025,5,"PUESTO DE CONTROL TERRESTRE DESAGUADERO","SOYA, torta",28000,"GRANEL","BOLIVIA"
"11494",2025,5,"PUESTO DE CONTROL TERRESTRE DESAGUADERO","SOYA, torta",84000,"GRANEL","BOLIVIA"
"11495",2025,5,"PUESTO DE CONTROL TERRESTRE DESAGUADERO","FREJOL NEGRO, grano",29000,"SACO(S)","BOLIVIA"
"11496",2025,5,"OFICINA PUESTO DE CONTROL AEREO -  PROV. CONST. DEL CALLAO","TOMATE, semilla",0.37,"SACHETS","EEUU"
"11497",2025,5,"OFICINA PUESTO DE CONTROL MARITIMO - PROV. CONST. DEL CALLAO","MAIZ AMARILLO DURO, grano",24924765,"GRANEL","ARGENTINA"
"11498",2025,5,"OFICINA PUESTO DE CONTROL MARITIMO - PROV. CONST. DEL CALLAO","SOYA, grano",6498635,"GRANEL","ARGENTINA"
"11499",2025,5,"PUERTO DE SALAVERRY, LA LIBERTAD","MAIZ AMARILLO DURO, grano",32900000,"GRANEL","ARGENTINA"
"11500",2025,5,"OFICINA PUESTO DE CONTROL AEREO -  PROV. CONST. DEL CALLAO","TOMATE, semilla",5.703,"BOLSAS","EEUU"
"11501",2025,5,"PUESTO DE CONTROL TERRESTRE DESAGUADERO","SOYA, torta",146000,"SACO(S)","BOLIVIA"
"11502",2025,5,"PUESTO DE CONTROL TERRESTRE DESAGUADERO","SOYA, torta",145000,"SACO(S)","BOLIVIA"
"11503",2025,5,"OFICINA PUESTO DE CONTROL MARITIMO - PROV. CONST. DEL CALLAO","SOYA, grano",82250,"GRANEL","CANADA"
"11504",2025,5,"OFICINA PUESTO DE CONTROL MARITIMO - PROV. CONST. DEL CALLAO","MAIZ AMARILLO DURO, grano",14189800,"GRANEL","ARGENTINA"
"11505",2025,5,"PUESTO DE CONTROL TERRESTRE DESAGUADERO","SOYA, torta",27076,"SACO(S)","BOLIVIA"
"11506",2025,5,"OFICINA PUESTO DE CONTROL MARITIMO - PROV. CONST. DEL CALLAO","LAUREL, hoja seca al natural",4340,"SACO(S)","ESPAÑA"
"11507",2025,5,"PUESTO DE CONTROL TERRESTRE DESAGUADERO","MANI, grano sin cáscara",28000,"SACO(S)","BOLIVIA"
"11508",2025,5,"PUESTO DE CONTROL TERRESTRE DESAGUADERO","MANI, grano sin cáscara",58000,"SACO(S)","BOLIVIA"
"11509",2025,5,"PUESTO DE CONTROL TERRESTRE DESAGUADERO","SOYA, torta",145000,"SACO(S)","BOLIVIA"
"11510",2025,5,"OFICINA PUESTO DE CONTROL MARITIMO - PROV. CONST. DEL CALLAO","MAIZ, almidon",49900,"BOLSAS","ARGENTINA"
"11511",2025,5,"OFICINA PUESTO DE CONTROL MARITIMO - PROV. CONST. DEL CALLAO","PERA, fruta fresca",23814,"CAJA(S)","ARGENTINA"
"11512",2025,5,"OFICINA PUESTO DE CONTROL MARITIMO - PROV. CONST. DEL CALLAO","PERA, fruta fresca",25137,"CAJA(S)","ARGENTINA"
"11513",2025,5,"OFICINA PUESTO DE CONTROL MARITIMO - PROV. CONST. DEL CALLAO","PERA, fruta fresca",25137,"CAJA(S)","ARGENTINA"
"11514",2025,5,"OFICINA PUESTO DE CONTROL MARITIMO - PROV. CONST. DEL CALLAO","MANI, grano sin cáscara",25000,"SACO(S)","BRASIL"
"11515",2025,5,"OFICINA PUESTO DE CONTROL MARITIMO - PROV. CONST. DEL CALLAO","PERA, fruta fresca",25137,"CAJA(S)","ARGENTINA"
"11516",2025,5,"OFICINA PUESTO DE CONTROL MARITIMO - PROV. CONST. DEL CALLAO","PERA, fruta fresca",23814,"CAJA(S)","ARGENTINA"
"11517",2025,5,"OFICINA PUESTO DE CONTROL MARITIMO - PROV. CONST. DEL CALLAO","PERA, fruta fresca",23814,"CAJA(S)","ARGENTINA"
"11518",2025,5,"OFICINA PUESTO DE CONTROL MARITIMO - PROV. CONST. DEL CALLAO","PERA, fruta fresca",23814,"CAJA(S)","ARGENTINA"
"11519",2025,5,"OFICINA PUESTO DE CONTROL MARITIMO - PROV. CONST. DEL CALLAO","PAPA, fécula",84000,"SACO(S)","POLONIA"
"11520",2025,5,"OFICINA PUESTO DE CONTROL AEREO -  PROV. CONST. DEL CALLAO","MAIZ REVENTON, grano",10,"SACO(S)","ARGENTINA"
"11521",2025,5,"OFICINA PUESTO DE CONTROL MARITIMO - PROV. CONST. DEL CALLAO","MANZANA, fruta fresca",82320,"CAJA(S)","EEUU"
"11522",2025,5,"OFICINA PUESTO DE CONTROL AEREO -  PROV. CONST. DEL CALLAO","PAPA, almidon",25,"BOLSAS","BRASIL"
"11523",2025,5,"SANTA ROSA, LORETO","AZUCAR BLANCA O REFINADA (lectura polarimetrica mayor 99.5°)",2700,"BOLSAS DE POLIPROPILENO",NA
"11524",2025,5,"OFICINA PUESTO DE CONTROL MARITIMO - PROV. CONST. DEL CALLAO","ARROZ, grano pilado",520000,"SACO(S)","TAILANDIA"
"11525",2025,5,"AGUAS VERDES, TUMBES","ROSA, flores frescas cortadas",1940,"CAJA(S)","ECUADOR"
"11526",2025,5,"AGUAS VERDES, TUMBES","CLAVEL, flores frescas cortadas",180,"CAJA(S)","ECUADOR"
"11527",2025,5,"AGUAS VERDES, TUMBES","CRISANTEMO, los demas flores frescas cortadas",20,"CAJA(S)","ECUADOR"
"11528",2025,5,"PUESTO DE CONTROL TERRESTRE DESAGUADERO","SOYA, harina",56000,"SACO(S)","BOLIVIA"
"11529",2025,5,"PUESTO DE CONTROL TERRESTRE DESAGUADERO","SOYA, harina",50000,"SACO(S)","BOLIVIA"
"11530",2025,5,"PUESTO DE CONTROL TERRESTRE DESAGUADERO","SOYA, harina",84000,"SACO(S)","BOLIVIA"
"11531",2025,5,"OFICINA PUESTO DE CONTROL MARITIMO - PROV. CONST. DEL CALLAO","CEBOLLA, triturada o pulverizada",11000,"CAJA(S)","CHINA"
"11532",2025,5,"OFICINA PUESTO DE CONTROL MARITIMO - PROV. CONST. DEL CALLAO","AJO, granulado o secado industrial",3000,"CAJA(S)","CHINA"
"11533",2025,5,"OFICINA PUESTO DE CONTROL MARITIMO - PROV. CONST. DEL CALLAO","AJO, polvo",12000,"CAJA(S)","CHINA"
"11534",2025,5,"OFICINA PUESTO DE CONTROL MARITIMO - PROV. CONST. DEL CALLAO","BETARRAGA, polvo",400,"CAJA(S)","CHINA"
"11535",2025,5,"OFICINA PUESTO DE CONTROL MARITIMO - PROV. CONST. DEL CALLAO","PEREJIL, deshidratado",100,"CAJA(S)","CHINA"
"11536",2025,5,"OFICINA PUESTO DE CONTROL MARITIMO - PROV. CONST. DEL CALLAO","TOMATE, polvo",300,"CAJA(S)","CHINA"
"11537",2025,5,"OFICINA PUESTO DE CONTROL MARITIMO - PROV. CONST. DEL CALLAO","ARANDANO, liofilizado",5,"CAJA(S)","CHINA"
"11538",2025,5,"OFICINA PUESTO DE CONTROL MARITIMO - PROV. CONST. DEL CALLAO","PIMIENTO, pulverizado",200,"CAJA(S)","CHINA"
"11539",2025,5,"OFICINA PUESTO DE CONTROL MARITIMO - PROV. CONST. DEL CALLAO","AJI TABASCO (=AJI JALAPEÑO, AJI MONO),  polvo",25,"BOLSAS","CHINA"
"11540",2025,5,"OFICINA PUESTO DE CONTROL MARITIMO - PROV. CONST. DEL CALLAO","LIMON, en polvo",25,"CAJA(S)","CHINA"
"11541",2025,5,"LA TINA, PIURA","PINO, madera aserrada con algún proceso de la CRF2",32000,"UNIDADES","ECUADOR"
"11542",2025,5,"OFICINA PUESTO DE CONTROL AEREO -  PROV. CONST. DEL CALLAO","SANDIA, semilla",379.08,"SOBRES","EEUU"
"11543",2025,5,"PUESTO DE CONTROL TERRESTRE DESAGUADERO","SOYA, torta",86470,"GRANEL","BOLIVIA"
"11544",2025,5,"PUESTO DE CONTROL TERRESTRE DESAGUADERO","SOYA, torta",84080,"GRANEL","BOLIVIA"
"11545",2025,5,"PUESTO DE CONTROL TERRESTRE DESAGUADERO","SOYA, torta",54840,"GRANEL","BOLIVIA"
"11546",2025,5,"SANTA ROSA, LORETO","AZUCAR BLANCA O REFINADA (lectura polarimetrica mayor 99.5°)",2700,"BOLSAS DE POLIPROPILENO",NA
"11547",2025,5,"OFICINA PUESTO DE CONTROL MARITIMO - PROV. CONST. DEL CALLAO","TRIGO, grano",3309000.77,"GRANEL","ARGENTINA"
"11548",2025,5,"OFICINA PUESTO DE CONTROL MARITIMO - PROV. CONST. DEL CALLAO","COCO, rallado seco industrial",24000,"SACO(S)","INDIA"
"11549",2025,5,"OFICINA PUESTO DE CONTROL MARITIMO - PROV. CONST. DEL CALLAO","TRACTOR USADO, con motor de potencia superior a 75 kW pero inferior o igual a 130 kW",4550,"PAQUETES","CHINA"
"11550",2025,5,"OFICINA PUESTO DE CONTROL MARITIMO - PROV. CONST. DEL CALLAO","ARROZ, parbolizado pulido o sin cáscara",130000,"SACO(S)","BRASIL"
"11551",2025,5,"OFICINA PUESTO DE CONTROL MARITIMO - PROV. CONST. DEL CALLAO","ARROZ, grano pilado",52000,"SACO(S)","BRASIL"
"11552",2025,5,"OFICINA PUESTO DE CONTROL MARITIMO - PROV. CONST. DEL CALLAO","TURBA",173036,"BIG BAG","LETONIA"
"11553",2025,5,"OFICINA PUESTO DE CONTROL MARITIMO - PROV. CONST. DEL CALLAO","FREJOL CANARIO, grano",19958,"SACO(S)","EEUU"
"11554",2025,5,"PUESTO DE CONTROL TERRESTRE DESAGUADERO","SOYA, torta",145000,"SACO(S)","BOLIVIA"
"11555",2025,5,"OFICINA PUESTO DE CONTROL MARITIMO - PROV. CONST. DEL CALLAO","ALGODON, fibra sin cardar ni peinar (>28.57 mm = o <34.92 mm)",80410,"FARDOS","EEUU"
"11556",2025,5,"OFICINA PUESTO DE CONTROL AEREO -  PROV. CONST. DEL CALLAO","MELON, semilla",0.222,"SACHETS","HOLANDA"
"11557",2025,5,"OFICINA PUESTO DE CONTROL AEREO -  PROV. CONST. DEL CALLAO","TOMATE, semilla",0.011,"SACHETS","HOLANDA"
"11558",2025,5,"OFICINA PUESTO DE CONTROL AEREO -  PROV. CONST. DEL CALLAO","SANDIA, semilla",0.139,"SACHETS","EEUU"
"11559",2025,5,"OFICINA PUESTO DE CONTROL AEREO -  PROV. CONST. DEL CALLAO","MELON, semilla",4.578,"SACHETS","EEUU"
"11560",2025,5,"OFICINA PUESTO DE CONTROL AEREO -  PROV. CONST. DEL CALLAO","TOMATE, semilla",0.08,"SACHETS","HOLANDA"
"11561",2025,5,"OFICINA PUESTO DE CONTROL AEREO -  PROV. CONST. DEL CALLAO","PIMIENTO, semilla",0.135,"SACHETS","ESPAÑA"
"11562",2025,5,"OFICINA PUESTO DE CONTROL AEREO -  PROV. CONST. DEL CALLAO","MELON, semilla",0.502,"SACHETS","HOLANDA"
"11563",2025,5,"OFICINA PUESTO DE CONTROL AEREO -  PROV. CONST. DEL CALLAO","MELON, semilla",0.21,"SACHETS","HOLANDA"
"11564",2025,5,"OFICINA PUESTO DE CONTROL AEREO -  PROV. CONST. DEL CALLAO","PIMIENTO, semilla",0.182,"SACHETS","HOLANDA"
"11565",2025,5,"OFICINA PUESTO DE CONTROL AEREO -  PROV. CONST. DEL CALLAO","TOMATE, semilla",0.058,"SACHETS","HOLANDA"
"11566",2025,5,"OFICINA PUESTO DE CONTROL AEREO -  PROV. CONST. DEL CALLAO","PAPAYA, semilla",29.25,"SOBRES","TAIWAN"
"11567",2025,5,"OFICINA PUESTO DE CONTROL AEREO -  PROV. CONST. DEL CALLAO","PEPINILLO, semilla",16.805,"SACHETS","TAIWAN"
"11568",2025,5,"OFICINA PUESTO DE CONTROL AEREO -  PROV. CONST. DEL CALLAO","FOLLAJE, HOJAS, RAMAS Y DEMAS PARTES DE PLANTAS, sin flores ni capullos y hierbas, musgos y líquenes,para ramos o adornos con algún proceso de la CRF2.",22.7,"BOLSAS","EEUU"
"11569",2025,5,"AGUAS VERDES, TUMBES","ROSA, flores frescas cortadas",3700,"CAJA(S)","ECUADOR"
"11570",2025,5,"AGUAS VERDES, TUMBES","CLAVEL, flores frescas cortadas",1584,"CAJA(S)","ECUADOR"
"11571",2025,5,"AGUAS VERDES, TUMBES","CRISANTEMO, los demas flores frescas cortadas",144,"CAJA(S)","ECUADOR"
"11572",2025,5,"OFICINA PUESTO DE CONTROL MARITIMO - PROV. CONST. DEL CALLAO","MANZANA, fruta fresca",18620,"CAJA(S)","EEUU"
"11573",2025,5,"OFICINA PUESTO DE CONTROL AEREO -  PROV. CONST. DEL CALLAO","PIMIENTO, semilla",0.18,"SACHETS","INDIA"
"11574",2025,5,"OFICINA PUESTO DE CONTROL MARITIMO - PROV. CONST. DEL CALLAO","ALGODON, fibra sin cardar ni peinar (>28.57 mm = o <34.92 mm)",38646,"FARDOS","EEUU"
"11575",2025,5,"OFICINA PUESTO DE CONTROL AEREO -  PROV. CONST. DEL CALLAO","ZAPALLITO ITALIANO (CALABACIN), semilla",7.036,"SACHETS","EEUU"
"11576",2025,5,"OFICINA PUESTO DE CONTROL AEREO -  PROV. CONST. DEL CALLAO","MAIZ, semilla",6.166,"BOLSAS","EEUU"
"11577",2025,5,"OFICINA PUESTO DE CONTROL AEREO -  PROV. CONST. DEL CALLAO","MAIZ, semilla",1.435,"BOLSAS","EEUU"
"11578",2025,5,"OFICINA PUESTO DE CONTROL MARITIMO - PROV. CONST. DEL CALLAO","CAUCHO, técnicamente especificado (TSNR)",40320,"PALETAS","COLOMBIA"
"11579",2025,5,"OFICINA PUESTO DE CONTROL MARITIMO - PROV. CONST. DEL CALLAO","LINAZA, grano",24040,"SACO(S)","CANADA"
"11580",2025,5,"PUESTO DE CONTROL TERRESTRE DESAGUADERO","SOYA, torta",145000,"SACO(S)","BOLIVIA"
"11581",2025,5,"OFICINA PUESTO DE CONTROL MARITIMO - PROV. CONST. DEL CALLAO","MADERA EN PLAQUITAS, o particulas distinta de coníferas con algún proceso de la CRF 2",2880,"SACO(S)","ALEMANIA"
"11582",2025,5,"OFICINA PUESTO DE CONTROL MARITIMO - PROV. CONST. DEL CALLAO","MADERA, paletas con algún proceso de la CRF 2",40775.096,"UNIDADES","CHILE"
"11583",2025,5,"PUERTO DE PAITA , PIURA","YUTE, sacos",33300,"FARDOS","INDIA"
"11584",2025,5,"PUESTO DE CONTROL TERRESTRE DESAGUADERO","SOYA, harina",145000,"SACO(S)","BOLIVIA"
"11585",2025,5,"PUESTO DE CONTROL TERRESTRE DESAGUADERO","SOYA, harina",174000,"SACO(S)","BOLIVIA"
"11586",2025,5,"OFICINA PUESTO DE CONTROL MARITIMO - PROV. CONST. DEL CALLAO","TURBA",116850,"PACAS","ESTONIA"
"11587",2025,5,"PUESTO DE CONTROL TERRESTRE DESAGUADERO","SOYA, torta",202000,"SACO(S)","BOLIVIA"
"11588",2025,5,"PUESTO DE CONTROL TERRESTRE DESAGUADERO","SOYA, torta",198500,"SACO(S)","BOLIVIA"
"11589",2025,5,"PUESTO DE CONTROL TERRESTRE DESAGUADERO","SOYA, harina",114000,"SACO(S)","BOLIVIA"
"11590",2025,5,"PUESTO DE CONTROL TERRESTRE DESAGUADERO","SOYA, harina",145000,"SACO(S)","BOLIVIA"
"11591",2025,5,"OFICINA PUESTO DE CONTROL AEREO -  PROV. CONST. DEL CALLAO","PISTACHOS sin cáscara, secas o mondado o rallado",1,"BOLSAS","ITALIA"
"11592",2025,5,"PUESTO DE CONTROL TERRESTRE DESAGUADERO","SOYA, harina",57000,"SACO(S)","BOLIVIA"
"11593",2025,5,"OFICINA PUESTO DE CONTROL AEREO -  PROV. CONST. DEL CALLAO","TOMATE, semilla",0.613,"SACHETS","ISRAEL"
"11594",2025,5,"PUESTO DE CONTROL TERRESTRE DESAGUADERO","SOYA, torta",29000,"SACO(S)","BOLIVIA"
"11595",2025,5,"PUESTO DE CONTROL TERRESTRE DESAGUADERO","SOYA, torta",116000,"SACO(S)","BOLIVIA"
"11596",2025,5,"OFICINA PUESTO DE CONTROL MARITIMO - PROV. CONST. DEL CALLAO","CAUCHO, técnicamente especificado (TSNR)",20160,"PACAS","GHANA"
"11597",2025,5,"OFICINA PUESTO DE CONTROL MARITIMO - PROV. CONST. DEL CALLAO","AJONJOLI, grano con algún proceso de la CRF 2",19000,"SACO(S)","INDIA"
"11598",2025,5,"OFICINA PUESTO DE CONTROL MARITIMO - PROV. CONST. DEL CALLAO","ALPISTE (=PHALARIS), grano",24812,"SACO(S)","CANADA"
"11599",2025,5,"OFICINA PUESTO DE CONTROL MARITIMO - PROV. CONST. DEL CALLAO","UVA (PASAS), secas naturalmente",19500,"CAJA(S)","ARGENTINA"
"11600",2025,5,"OFICINA PUESTO DE CONTROL AEREO -  PROV. CONST. DEL CALLAO","FLOR DE JAMAICA, seca natural",0.2,"BOLSAS","NIGERIA"
"11601",2025,5,"OFICINA PUESTO DE CONTROL MARITIMO - PROV. CONST. DEL CALLAO","MARCOS, madera",16.797,"UNIDADES","EEUU"
"11602",2025,5,"OFICINA PUESTO DE CONTROL MARITIMO - PROV. CONST. DEL CALLAO","RATTAN (=Roten), esterillas, esteras y cañizos con algún proceso de la CRF2",27.435,"UNIDADES","EEUU"
"11603",2025,5,"OFICINA PUESTO DE CONTROL MARITIMO - PROV. CONST. DEL CALLAO","Esterillas, esteras y cañizos, de las demas materias vegetales, con algun proceso de la CRF 2",17.625,"UNIDADES","EEUU"
"11604",2025,5,"OFICINA PUESTO DE CONTROL MARITIMO - PROV. CONST. DEL CALLAO","ROTEN (=Ratán), artículos de cestería obtenidos directamente en su forma con materia trenzable con algún proceso de la CRF2",26.836,"UNIDADES","EEUU"
"11605",2025,5,"OFICINA PUESTO DE CONTROL MARITIMO - PROV. CONST. DEL CALLAO","Articulos de cesteria (canastos, cestos u otros), con algun proceso de la CRF2",2.339,"UNIDADES","EEUU"
"11606",2025,5,"OFICINA PUESTO DE CONTROL MARITIMO - PROV. CONST. DEL CALLAO","MANZANA, fruta fresca",18522,"CAJA(S)","EEUU"
"11607",2025,5,"OFICINA PUESTO DE CONTROL MARITIMO - PROV. CONST. DEL CALLAO","MANZANA, fruta fresca",18522,"CAJA(S)","EEUU"
"11608",2025,5,"OFICINA PUESTO DE CONTROL MARITIMO - PROV. CONST. DEL CALLAO","FREJOL, grano",59874,"SACO(S)","EEUU"
"11609",2025,5,"OFICINA PUESTO DE CONTROL MARITIMO - PROV. CONST. DEL CALLAO","LENTEJA, grano",52616,"SACO(S)","CANADA"
"11610",2025,5,"OFICINA PUESTO DE CONTROL MARITIMO - PROV. CONST. DEL CALLAO","LENTEJA, grano",184163,"SACO(S)","CANADA"
"11611",2025,5,"OFICINA PUESTO DE CONTROL MARITIMO - PROV. CONST. DEL CALLAO","LENTEJA, grano",167600,"SACO(S)","EEUU"
"11612",2025,5,"OFICINA PUESTO DE CONTROL MARITIMO - PROV. CONST. DEL CALLAO","LENTEJA, grano",132220,"SACO(S)","CANADA"
"11613",2025,5,"Puerto de Chancay","MAIZ AMARILLO DURO, grano",25300000,"GRANEL","ARGENTINA"
"11614",2025,5,"PUESTO DE CONTROL TERRESTRE DESAGUADERO","SOYA, torta",54600,"GRANEL","BOLIVIA"
"11615",2025,5,"PUESTO DE CONTROL TERRESTRE DESAGUADERO","SOYA, torta",54900,"GRANEL","BOLIVIA"
"11616",2025,5,"PUESTO DE CONTROL TERRESTRE DESAGUADERO","SOYA, torta",54520,"GRANEL","BOLIVIA"
"11617",2025,5,"OFICINA PUESTO DE CONTROL AEREO -  PROV. CONST. DEL CALLAO","CONTROLADOR BIOLOGICO, especimen",2.5,"LOTE(S)","ISRAEL"
"11618",2025,5,"OFICINA PUESTO DE CONTROL MARITIMO - PROV. CONST. DEL CALLAO","MAIZ, semilla",36554.4,"BOLSAS","TAILANDIA"
"11619",2025,5,"PUESTO DE CONTROL TERRESTRE DESAGUADERO","SOYA, torta",28000,"GRANEL","BOLIVIA"
"11620",2025,5,"PUESTO DE CONTROL TERRESTRE DESAGUADERO","SOYA, torta",28000,"GRANEL","BOLIVIA"
"11621",2025,5,"PUESTO DE CONTROL TERRESTRE DESAGUADERO","SOYA, torta",28000,"GRANEL","BOLIVIA"
"11622",2025,5,"OFICINA PUESTO DE CONTROL MARITIMO - PROV. CONST. DEL CALLAO","AZUCAR BLANCA O REFINADA (lectura polarimetrica mayor 99.5°)",2e+05,"SACO(S)","COLOMBIA"
"11623",2025,5,"PUESTO DE CONTROL TERRESTRE DESAGUADERO","MANI, grano sin cáscara",30000,"SACO(S)","BOLIVIA"
"11624",2025,5,"PUESTO DE CONTROL TERRESTRE DESAGUADERO","SOYA, torta",114700,"SACO(S)","BOLIVIA"
"11625",2025,5,"PUESTO DE CONTROL TERRESTRE DESAGUADERO","SOYA, torta",115100,"SACO(S)","BOLIVIA"
"11626",2025,5,"PUESTO DE CONTROL TERRESTRE DESAGUADERO","SOYA, torta",116000,"SACO(S)","BOLIVIA"
"11627",2025,5,"PUESTO DE CONTROL TERRESTRE DESAGUADERO","SOYA, torta",146000,"SACO(S)","BOLIVIA"
"11628",2025,5,"PUESTO DE CONTROL TERRESTRE DESAGUADERO","SOYA, harina",145000,"SACO(S)","BOLIVIA"
"11629",2025,5,"OFICINA PUESTO DE CONTROL MARITIMO - PROV. CONST. DEL CALLAO","NUEZ, con cáscara seca al natural",21000,"SACO(S)","CHILE"
"11630",2025,5,"PUESTO DE CONTROL TERRESTRE DESAGUADERO","SOYA, torta",116000,"SACO(S)","BOLIVIA"
"11631",2025,5,"PUESTO DE CONTROL TERRESTRE DESAGUADERO","SOYA, torta",206000,"SACO(S)","BOLIVIA"
"11632",2025,5,"OFICINA PUESTO DE CONTROL MARITIMO - PROV. CONST. DEL CALLAO","ALMENDRA, sin cáscara secado al natural",19958.4,"CAJA(S)","EEUU"
"11633",2025,5,"PUESTO DE CONTROL TERRESTRE DESAGUADERO","SOYA, torta",112000,"SACO(S)","BOLIVIA"
"11634",2025,5,"IÑAPARI, MADRE DE DIOS","NUEZ DEL BRASIL, con cáscara seca al natural",25340,"GRANEL","BRASIL"
"11635",2025,5,"IÑAPARI, MADRE DE DIOS","NUEZ DEL BRASIL, con cáscara seca al natural",28235,"SACO(S)","BRASIL"
"11636",2025,5,"OFICINA PUESTO DE CONTROL MARITIMO - PROV. CONST. DEL CALLAO","KIWI, fruto fresco",20480,"CAJA(S)","CHILE"
"11637",2025,5,"IÑAPARI, MADRE DE DIOS","NUEZ DEL BRASIL, con cáscara seca al natural",23040,"GRANEL","BRASIL"
"11638",2025,5,"PUESTO DE CONTROL TERRESTRE DESAGUADERO","SOYA, torta",56000,"GRANEL","BOLIVIA"
"11639",2025,5,"OFICINA PUESTO DE CONTROL AEREO -  PROV. CONST. DEL CALLAO","AZUCAR BLANCA O REFINADA (lectura polarimetrica mayor 99.5°)",20,"CAJA(S)","GUATEMALA"
"11640",2025,5,"OFICINA PUESTO DE CONTROL MARITIMO - PROV. CONST. DEL CALLAO","LENTEJA, grano",24766,"SACO(S)","CANADA"
"11641",2025,5,"OFICINA PUESTO DE CONTROL MARITIMO - PROV. CONST. DEL CALLAO","MAIZ REVENTON, grano",49920,"SACO(S)","BRASIL"
"11642",2025,5,"PUESTO DE CONTROL TERRESTRE DESAGUADERO","SOYA, torta",144000,"SACO(S)","BOLIVIA"
"11643",2025,5,"PUESTO DE CONTROL TERRESTRE DESAGUADERO","SOYA, torta",145000,"SACO(S)","BOLIVIA"
"11644",2025,5,"PUESTO DE CONTROL TERRESTRE DESAGUADERO","SOYA, harina",28000,"SACO(S)","BOLIVIA"
"11645",2025,5,"OFICINA PUESTO DE CONTROL MARITIMO - PROV. CONST. DEL CALLAO","LENTEJA, grano",23042,"SACO(S)","EEUU"
"11646",2025,5,"OFICINA PUESTO DE CONTROL MARITIMO - PROV. CONST. DEL CALLAO","ANIS O BADIANA, grano",25000,"SACO(S)","ESPAÑA"
"11647",2025,5,"PUESTO DE CONTROL TERRESTRE DESAGUADERO","SOYA, harina",28184,"SACO(S)","BOLIVIA"
"11648",2025,5,"PUESTO DE CONTROL TERRESTRE DESAGUADERO","SOYA, torta",28094,"SACO(S)","BOLIVIA"
"11649",2025,5,"PUESTO DE CONTROL TERRESTRE DESAGUADERO","SOYA, harina",24261,"SACO(S)","BOLIVIA"
"11650",2025,5,"PUESTO DE CONTROL TERRESTRE DESAGUADERO","SOYA, torta",56000,"GRANEL","BOLIVIA"
"11651",2025,5,"PUESTO DE CONTROL TERRESTRE DESAGUADERO","SOYA, torta",28000,"GRANEL","BOLIVIA"
"11652",2025,5,"PUESTO DE CONTROL TERRESTRE DESAGUADERO","SOYA, torta",112000,"GRANEL","BOLIVIA"
"11653",2025,5,"PUESTO DE CONTROL TERRESTRE DESAGUADERO","SOYA, torta",56000,"GRANEL","BOLIVIA"
"11654",2025,5,"OFICINA PUESTO DE CONTROL MARITIMO - PROV. CONST. DEL CALLAO","YUTE, tejido crudo",27175,"FARDOS","INDIA"
"11655",2025,5,"OFICINA PUESTO DE CONTROL MARITIMO - PROV. CONST. DEL CALLAO","YUTE, tejido crudo",26050,"FARDOS","INDIA"
"11656",2025,5,"OFICINA PUESTO DE CONTROL MARITIMO - PROV. CONST. DEL CALLAO","LENTEJA, grano",26308,"SACO(S)","CANADA"
"11657",2025,5,"PUESTO DE CONTROL TERRESTRE DESAGUADERO","MANI, grano sin cáscara",168000,"SACO(S)","BOLIVIA"
"11658",2025,5,"OFICINA PUESTO DE CONTROL AEREO -  PROV. CONST. DEL CALLAO","TE VERDE, hoja polvo",2.5,"BOLSAS","JAPON"
"11659",2025,5,"PUESTO DE CONTROL TERRESTRE DESAGUADERO","SOYA, torta",174000,"SACO(S)","BOLIVIA"
"11660",2025,5,"OFICINA PUESTO DE CONTROL MARITIMO - PROV. CONST. DEL CALLAO","LENTEJA, grano",47174,"SACO(S)","EEUU"
"11661",2025,5,"OFICINA PUESTO DE CONTROL AEREO -  PROV. CONST. DEL CALLAO","AZUCAR, refinada",4,"UNIDADES","PARAGUAY"
"11662",2025,5,"OFICINA PUESTO DE CONTROL AEREO -  PROV. CONST. DEL CALLAO","ARVEJA, semilla",1850,"BOLSAS","EEUU"
"11663",2025,5,"PUESTO DE CONTROL TERRESTRE DESAGUADERO","SOYA, torta",28000,"GRANEL","BOLIVIA"
"11664",2025,5,"PUESTO DE CONTROL TERRESTRE DESAGUADERO","SOYA, torta",28000,"GRANEL","BOLIVIA"
"11665",2025,5,"PUESTO DE CONTROL TERRESTRE DESAGUADERO","SOYA, torta",28000,"GRANEL","BOLIVIA"
"11666",2025,5,"PUESTO DE CONTROL TERRESTRE DESAGUADERO","SOYA, torta",53000,"SACO(S)","BOLIVIA"
"11667",2025,5,"PUESTO DE CONTROL TERRESTRE DESAGUADERO","SOYA, torta",58000,"SACO(S)","BOLIVIA"
"11668",2025,5,"OFICINA PUESTO DE CONTROL AEREO -  PROV. CONST. DEL CALLAO","MAIZ, almidon",1,"BOLSAS","ARGENTINA"
"11669",2025,5,"PUESTO DE CONTROL TERRESTRE DESAGUADERO","SOYA, torta",118500,"SACO(S)","BOLIVIA"
"11670",2025,5,"PUESTO DE CONTROL TERRESTRE DESAGUADERO","SOYA, harina",87000,"SACO(S)","BOLIVIA"
"11671",2025,5,"OFICINA PUESTO DE CONTROL MARITIMO - PROV. CONST. DEL CALLAO","TRIGO, gluten",36000,"BOLSAS","AUSTRALIA"
"11672",2025,5,"OFICINA PUESTO DE CONTROL MARITIMO - PROV. CONST. DEL CALLAO","MANZANA, fruto fresco",19756.8,"CAJA(S)","CHILE"
"11673",2025,5,"PUERTO DE PAITA , PIURA","COCO, fibra (para sustrato)",25600,"PIEZAS","SRI LANKA"
"11674",2025,5,"OFICINA PUESTO DE CONTROL MARITIMO - PROV. CONST. DEL CALLAO","NARANJA, fruto fresco",18000,"CAJA(S)","EEUU"
"11675",2025,5,"OFICINA PUESTO DE CONTROL MARITIMO - PROV. CONST. DEL CALLAO","MANZANA, fruta fresca",35280,"CAJA(S)","EEUU"
"11676",2025,5,"OFICINA PUESTO DE CONTROL MARITIMO - PROV. CONST. DEL CALLAO","COCO, fibra (para sustrato)",197722,"PALETAS","SRI LANKA"
"11677",2025,5,"PUESTO DE CONTROL TERRESTRE DESAGUADERO","SOYA, torta",112000,"SACO(S)","BOLIVIA"
"11678",2025,5,"OFICINA PUESTO DE CONTROL MARITIMO - PROV. CONST. DEL CALLAO","MAIZ, harina",81151.171,"PACAS","COLOMBIA"
"11679",2025,5,"PUESTO DE CONTROL TERRESTRE DESAGUADERO","SOYA, torta",116000,"SACO(S)","BOLIVIA"
"11680",2025,5,"OFICINA PUESTO DE CONTROL AEREO -  PROV. CONST. DEL CALLAO","MELON, semilla",0.236,"SACHETS","HOLANDA"
"11681",2025,5,"OFICINA PUESTO DE CONTROL AEREO -  PROV. CONST. DEL CALLAO","MELON, semilla",0.371,"SACHETS","HOLANDA"
"11682",2025,5,"OFICINA PUESTO DE CONTROL AEREO -  PROV. CONST. DEL CALLAO","TOMATE, semilla",0.069,"SACHETS","HOLANDA"
"11683",2025,5,"SANTA ROSA, TACNA","PERA, fruta fresca",16758,"CAJA(S)","ARGENTINA"
"11684",2025,5,"SANTA ROSA, TACNA","MANZANA, fruta fresca",6174,"CAJA(S)","ARGENTINA"
"11685",2025,5,"OFICINA PUESTO DE CONTROL MARITIMO - PROV. CONST. DEL CALLAO","NUEZ, con cáscara seca al natural",21000,"SACO(S)","CHILE"
"11686",2025,5,"PUESTO DE CONTROL TERRESTRE DESAGUADERO","AJONJOLI, grano",58000,"SACO(S)","BOLIVIA"
"11687",2025,5,"PUESTO DE CONTROL TERRESTRE DESAGUADERO","MANI, grano sin cáscara",87000,"SACO(S)","BOLIVIA"
"11688",2025,5,"PUESTO DE CONTROL TERRESTRE DESAGUADERO","SOYA, torta",141500,"SACO(S)","BOLIVIA"
"11689",2025,5,"PUESTO DE CONTROL TERRESTRE DESAGUADERO","SOYA, torta",144000,"SACO(S)","BOLIVIA"
"11690",2025,5,"PUESTO DE CONTROL TERRESTRE DESAGUADERO","SOYA, torta",145000,"SACO(S)","BOLIVIA"
"11691",2025,5,"PUESTO DE CONTROL TERRESTRE DESAGUADERO","SOYA, torta",116000,"SACO(S)","BOLIVIA"
"11692",2025,5,"PUESTO DE CONTROL TERRESTRE DESAGUADERO","SOYA, harina",174000,"SACO(S)","BOLIVIA"
"11693",2025,5,"OFICINA PUESTO DE CONTROL MARITIMO - PROV. CONST. DEL CALLAO","MAIZ REVENTON, grano",78000,"SACO(S)","ARGENTINA"
"11694",2025,5,"PUESTO DE CONTROL TERRESTRE DESAGUADERO","SOYA, torta",27695,"SACO(S)","BOLIVIA"
"11695",2025,5,"PUESTO DE CONTROL TERRESTRE DESAGUADERO","SOYA, harina",28364,"SACO(S)","BOLIVIA"
"11696",2025,5,"OFICINA PUESTO DE CONTROL MARITIMO - PROV. CONST. DEL CALLAO","AZUCAR CRUDA, sólido",250000,"SACO(S)","GUATEMALA"
"11697",2025,5,"OFICINA PUESTO DE CONTROL MARITIMO - PROV. CONST. DEL CALLAO","AZUCAR CRUDA, sólido",250000,"SACO(S)","GUATEMALA"
"11698",2025,5,"OFICINA PUESTO DE CONTROL MARITIMO - PROV. CONST. DEL CALLAO","AZUCAR CRUDA, sólido",250000,"SACO(S)","GUATEMALA"
"11699",2025,5,"OFICINA PUESTO DE CONTROL MARITIMO - PROV. CONST. DEL CALLAO","AZUCAR CRUDA, sólido",250000,"SACO(S)","GUATEMALA"
"11700",2025,5,"OFICINA PUESTO DE CONTROL MARITIMO - PROV. CONST. DEL CALLAO","AZUCAR CRUDA, sólido",250000,"SACO(S)","GUATEMALA"
"11701",2025,5,"OFICINA PUESTO DE CONTROL MARITIMO - PROV. CONST. DEL CALLAO","AZUCAR CRUDA, sólido",250000,"SACO(S)","GUATEMALA"
"11702",2025,5,"AGUAS VERDES, TUMBES","Las demás coniferas, las demas maderas aserradas o desbastadas longitudinalmente, cortada o desenrollada, incluso cepillada,lijada o unida por lo extremos, de espesor superior a 6 mm, con algun tratamiento de la CRF 2",28070,"PIEZAS","ECUADOR"
"11703",2025,5,"PUESTO DE CONTROL TERRESTRE DESAGUADERO","SOYA, torta",28000,"GRANEL","BOLIVIA"
"11704",2025,5,"PUESTO DE CONTROL TERRESTRE DESAGUADERO","SOYA, torta",56120,"GRANEL","BOLIVIA"
"11705",2025,5,"OFICINA PUESTO DE CONTROL MARITIMO - PROV. CONST. DEL CALLAO","PINO, madera aserrada con algún proceso de la CRF2",138000,"PAQUETES","CHILE"
"11706",2025,5,"PUESTO DE CONTROL TERRESTRE DESAGUADERO","AZUCAR BLANCA O REFINADA (lectura polarimetrica mayor 99.5°)",58000,"SACO(S)","BOLIVIA"
"11707",2025,5,"PUESTO DE CONTROL TERRESTRE DESAGUADERO","AZUCAR BLANCA O REFINADA (lectura polarimetrica mayor 99.5°)",58000,"SACO(S)","BOLIVIA"
"11708",2025,5,"PUESTO DE CONTROL TERRESTRE DESAGUADERO","SOYA, torta",56886,"SACO(S)","BOLIVIA"
"11709",2025,5,"PUESTO DE CONTROL TERRESTRE DESAGUADERO","SOYA, torta",56427,"SACO(S)","BOLIVIA"
"11710",2025,5,"PUESTO DE CONTROL TERRESTRE DESAGUADERO","SOYA, torta",28000,"GRANEL","BOLIVIA"
"11711",2025,5,"PUESTO DE CONTROL TERRESTRE DESAGUADERO","SOYA, harina",28813,"SACO(S)","BOLIVIA"
"11712",2025,5,"PUERTO DE SALAVERRY, LA LIBERTAD","TRIGO, grano",4468610,"GRANEL","CANADA"
"11713",2025,5,"IÑAPARI, MADRE DE DIOS","ARROZ, grano pilado",64020,"PAQUETES","BRASIL"
"11714",2025,5,"OFICINA PUESTO DE CONTROL AEREO -  PROV. CONST. DEL CALLAO","ARANDANO, fruto seco industrial",0.75,"UNIDADES","CHILE"
"11715",2025,5,"OFICINA PUESTO DE CONTROL MARITIMO - PROV. CONST. DEL CALLAO","RABANITO, semilla",500,"BOLSAS","HOLANDA"
"11716",2025,5,"OFICINA PUESTO DE CONTROL MARITIMO - PROV. CONST. DEL CALLAO","RYEGRASS ITALIANO, semilla",14000,"BOLSAS","HOLANDA"
"11717",2025,5,"OFICINA PUESTO DE CONTROL MARITIMO - PROV. CONST. DEL CALLAO","RYEGRASS, semilla",4000,"BOLSAS","HOLANDA"
"11718",2025,5,"PUESTO DE CONTROL TERRESTRE DESAGUADERO","SOYA, torta",116000,"SACO(S)","BOLIVIA"
"11719",2025,5,"PUESTO DE CONTROL TERRESTRE DESAGUADERO","SOYA, torta",143000,"SACO(S)","BOLIVIA"
"11720",2025,5,"OFICINA PUESTO DE CONTROL MARITIMO - PROV. CONST. DEL CALLAO","ARROZ, grano pilado",130000,"SACO(S)","BRASIL"
"11721",2025,5,"PUESTO DE CONTROL TERRESTRE DESAGUADERO","SOYA, torta",146000,"SACO(S)","BOLIVIA"
"11722",2025,5,"PUESTO DE CONTROL TERRESTRE DESAGUADERO","SOYA, torta",28224,"SACO(S)","BOLIVIA"
"11723",2025,5,"PUESTO DE CONTROL TERRESTRE DESAGUADERO","SOYA, torta",27970,"GRANEL","BOLIVIA"
"11724",2025,5,"PUESTO DE CONTROL TERRESTRE DESAGUADERO","SOYA, torta",27960,"GRANEL","BOLIVIA"
"11725",2025,5,"PUESTO DE CONTROL TERRESTRE DESAGUADERO","SOYA, torta",24760,"GRANEL","BOLIVIA"
"11726",2025,5,"PUESTO DE CONTROL TERRESTRE DESAGUADERO","SOYA, torta",28000,"GRANEL","BOLIVIA"
"11727",2025,5,"PUESTO DE CONTROL TERRESTRE DESAGUADERO","SOYA, torta",28000,"GRANEL","BOLIVIA"
"11728",2025,5,"PUESTO DE CONTROL TERRESTRE DESAGUADERO","SOYA, torta",2700,"GRANEL","BOLIVIA"
"11729",2025,5,"PUESTO DE CONTROL TERRESTRE DESAGUADERO","SOYA, torta",28000,"GRANEL","BOLIVIA"
"11730",2025,5,"OFICINA PUESTO DE CONTROL MARITIMO - PROV. CONST. DEL CALLAO","MANZANA, fruta fresca",18228,"CAJA(S)","EEUU"
"11731",2025,5,"OFICINA PUESTO DE CONTROL MARITIMO - PROV. CONST. DEL CALLAO","PERA, fruta fresca",22680,"CAJA(S)","ARGENTINA"
"11732",2025,5,"OFICINA PUESTO DE CONTROL MARITIMO - PROV. CONST. DEL CALLAO","PERA, fruta fresca",22680,"CAJA(S)","ARGENTINA"
"11733",2025,5,"PUESTO DE CONTROL TERRESTRE DESAGUADERO","SOYA, harina",27000,"SACO(S)","BOLIVIA"
"11734",2025,5,"PUESTO DE CONTROL TERRESTRE DESAGUADERO","SOYA, harina",27500,"SACO(S)","BOLIVIA"
"11735",2025,5,"OFICINA PUESTO DE CONTROL MARITIMO - PROV. CONST. DEL CALLAO","MADERA EN BRUTO, las demás con algún proceso de la CRF 2",72000,"UNIDADES","CHILE"
"11736",2025,5,"OFICINA PUESTO DE CONTROL AEREO -  PROV. CONST. DEL CALLAO","TOMATE, semilla",0.01089,"SACHETS","EEUU"
"11737",2025,5,"OFICINA PUESTO DE CONTROL MARITIMO - PROV. CONST. DEL CALLAO","MANZANA, fruta fresca",57624,"CAJA(S)","EEUU"
"11738",2025,5,"PUESTO DE CONTROL TERRESTRE DESAGUADERO","SOYA, torta",106000,"SACO(S)","BOLIVIA"
"11739",2025,5,"OFICINA PUESTO DE CONTROL MARITIMO - PROV. CONST. DEL CALLAO","UVA (PASAS), secas industrialmente",25000,"CAJA(S)","ARGENTINA"
"11740",2025,5,"OFICINA PUESTO DE CONTROL MARITIMO - PROV. CONST. DEL CALLAO","GARBANZO, grano",69000,"SACO(S)","MEXICO"
"11741",2025,5,"OFICINA PUESTO DE CONTROL MARITIMO - PROV. CONST. DEL CALLAO","CHIA, grano",25000,"BOLSAS","PARAGUAY"
"11742",2025,5,"SANTA ROSA, TACNA","MANZANA, fruto fresco",22383.2,"CAJA(S)","CHILE"
"11743",2025,5,"OFICINA PUESTO DE CONTROL MARITIMO - PROV. CONST. DEL CALLAO","BOLDO, hoja seca al natural",6000,"BOLSAS","CHILE"
"11744",2025,5,"PUESTO DE CONTROL TERRESTRE DESAGUADERO","SOYA, harina",29000,"SACO(S)","BOLIVIA"
"11745",2025,5,"OFICINA PUESTO DE CONTROL MARITIMO - PROV. CONST. DEL CALLAO","ALPISTE (=PHALARIS), grano",24857,"SACO(S)","CANADA"
"11746",2025,5,"OFICINA PUESTO DE CONTROL MARITIMO - PROV. CONST. DEL CALLAO","MANZANA, fruta fresca",78204,"CAJA(S)","EEUU"
"11747",2025,5,"OFICINA PUESTO DE CONTROL MARITIMO - PROV. CONST. DEL CALLAO","MANZANA, fruta fresca",37044,"CAJA(S)","EEUU"
"11748",2025,5,"OFICINA PUESTO DE CONTROL MARITIMO - PROV. CONST. DEL CALLAO","MANZANA, fruta fresca",19698,"CAJA(S)","EEUU"
"11749",2025,5,"PUERTO DE PAITA , PIURA","YUTE, sacos",16650,"FARDOS","INDIA"
"11750",2025,5,"OFICINA PUESTO DE CONTROL MARITIMO - PROV. CONST. DEL CALLAO","ANIS O BADIANA, grano",15000,"SACO(S)","TURQUIA"
"11751",2025,5,"SANTA ROSA, TACNA","MANZANA, fruto fresco",21888,"CAJA(S)","CHILE"
"11752",2025,5,"OFICINA PUESTO DE CONTROL MARITIMO - PROV. CONST. DEL CALLAO","MANZANA, fruta fresca",41160,"CAJA(S)","EEUU"
"11753",2025,5,"OFICINA PUESTO DE CONTROL MARITIMO - PROV. CONST. DEL CALLAO","MANZANA, fruta fresca",41160,"CAJA(S)","EEUU"
"11754",2025,5,"OFICINA PUESTO DE CONTROL MARITIMO - PROV. CONST. DEL CALLAO","MAIZ, harina",82900,"SACO(S)","COLOMBIA"
"11755",2025,5,"PUESTO DE CONTROL TERRESTRE DESAGUADERO","SOYA, torta",174000,"SACO(S)","BOLIVIA"
"11756",2025,5,"OFICINA PUESTO DE CONTROL MARITIMO - PROV. CONST. DEL CALLAO","TRIGO, grano",4381470,"GRANEL","ARGENTINA"
"11757",2025,5,"OFICINA PUESTO DE CONTROL MARITIMO - PROV. CONST. DEL CALLAO","MAIZ AMARILLO DURO, grano",6475510,"GRANEL","ARGENTINA"
"11758",2025,5,"PUESTO DE CONTROL TERRESTRE DESAGUADERO","SOYA, torta",28862,"SACO(S)","BOLIVIA"
"11759",2025,5,"PUESTO DE CONTROL TERRESTRE DESAGUADERO","SOYA, torta",56000,"GRANEL","BOLIVIA"
"11760",2025,5,"PUESTO DE CONTROL TERRESTRE DESAGUADERO","SOYA, torta",28000,"GRANEL","BOLIVIA"
"11761",2025,5,"PUESTO DE CONTROL TERRESTRE DESAGUADERO","SOYA, torta",28000,"GRANEL","BOLIVIA"
"11762",2025,5,"PUESTO DE CONTROL TERRESTRE DESAGUADERO","SOYA, torta",28000,"GRANEL","BOLIVIA"
"11763",2025,5,"OFICINA PUESTO DE CONTROL MARITIMO - PROV. CONST. DEL CALLAO","MOSTAZA, grano",99790,"BOLSAS","CANADA"
"11764",2025,5,"OFICINA PUESTO DE CONTROL MARITIMO - PROV. CONST. DEL CALLAO","LINAZA, grano",46992,"BOLSAS","CANADA"
"11765",2025,5,"OFICINA PUESTO DE CONTROL MARITIMO - PROV. CONST. DEL CALLAO","ALGODON, fibra sin cardar ni peinar (>28.57 mm = o <34.92 mm)",19942,"FARDOS","EEUU"
"11766",2025,5,"OFICINA PUESTO DE CONTROL MARITIMO - PROV. CONST. DEL CALLAO","MAIZ, harina",175000,"BOLSAS","COLOMBIA"
"11767",2025,5,"OFICINA PUESTO DE CONTROL MARITIMO - PROV. CONST. DEL CALLAO","AZUCAR BLANCA O REFINADA (lectura polarimetrica mayor 99.5°)",26500,"SACO(S)","COLOMBIA"
"11768",2025,5,"OFICINA PUESTO DE CONTROL MARITIMO - PROV. CONST. DEL CALLAO","LINAZA, grano",42910,"SACO(S)","CANADA"
"11769",2025,5,"OFICINA PUESTO DE CONTROL MARITIMO - PROV. CONST. DEL CALLAO","TURBA",70550,"BOLSAS","LETONIA"
"11770",2025,5,"OFICINA PUESTO DE CONTROL MARITIMO - PROV. CONST. DEL CALLAO","MAIZ, semilla",13928,"SACO(S)","COLOMBIA"
"11771",2025,5,"PUESTO DE CONTROL TERRESTRE DESAGUADERO","SOYA, torta",174000,"SACO(S)","BOLIVIA"
"11772",2025,5,"PUESTO DE CONTROL TERRESTRE DESAGUADERO","SOYA, torta",84000,"GRANEL","BOLIVIA"
"11773",2025,5,"IÑAPARI, MADRE DE DIOS","ALIMENTO PARA ANIMALES, mezcla de granos molidos o pulverizados, sin ningún aditivo",32000,"SACO(S)","BRASIL"
"11774",2025,5,"OFICINA PUESTO DE CONTROL MARITIMO - PROV. CONST. DEL CALLAO","COCO, fibra (para sustrato)",182940,"PALETAS","INDIA"
"11775",2025,5,"PUESTO DE CONTROL TERRESTRE DESAGUADERO","SOYA, torta",145000,"SACO(S)","BOLIVIA"
"11776",2025,5,"IÑAPARI, MADRE DE DIOS","NUEZ DEL BRASIL, con cáscara seca al natural",24444.36,"SACO(S)","BRASIL"
"11777",2025,5,"OFICINA PUESTO DE CONTROL MARITIMO - PROV. CONST. DEL CALLAO","ARVEJA, grano partido",49986,"SACO(S)","CANADA"
"11778",2025,5,"OFICINA PUESTO DE CONTROL MARITIMO - PROV. CONST. DEL CALLAO","BAMBU, artículos de cestería obtenidos directamente en su forma con materia trenzable con algún proceso de la CRF 2",1300,"CAJA(S)","CHINA"
"11779",2025,5,"OFICINA PUESTO DE CONTROL MARITIMO - PROV. CONST. DEL CALLAO","TE VERDE, hoja polvo",21,"ENVASES METALICOS","SRI LANKA"
"11780",2025,5,"OFICINA PUESTO DE CONTROL MARITIMO - PROV. CONST. DEL CALLAO","TE VERDE, triturado",15.84,"CAJA(S)","SRI LANKA"
"11781",2025,5,"OFICINA PUESTO DE CONTROL MARITIMO - PROV. CONST. DEL CALLAO","TOMATE, seco al natural",21000,"CAJA(S)","TURQUIA"
"11782",2025,5,"PUESTO DE CONTROL TERRESTRE DESAGUADERO","SOYA, torta",29000,"SACO(S)","BOLIVIA"
"11783",2025,5,"OFICINA PUESTO DE CONTROL MARITIMO - PROV. CONST. DEL CALLAO","MANZANA, fruto fresco",19756.8,"CAJA(S)","CHILE"
"11784",2025,5,"OFICINA PUESTO DE CONTROL MARITIMO - PROV. CONST. DEL CALLAO","LENTEJA, grano",24902,"SACO(S)","CANADA"
"11785",2025,5,"OFICINA PUESTO DE CONTROL AEREO -  PROV. CONST. DEL CALLAO","ARANDANO, planta",1741,"BINES DE CARTON","CHILE"
"11786",2025,5,"OFICINA PUESTO DE CONTROL MARITIMO - PROV. CONST. DEL CALLAO","MADERA, monturas y mangos de herramientas, monturas y mangos de cepillos, brochas o escobas, de madera; hormas, ensanchadores y tensores del calzado, de madera ; con algún proceso de la CRF 2",158.7,"PIEZAS","MEXICO"
"11787",2025,5,"OFICINA PUESTO DE CONTROL MARITIMO - PROV. CONST. DEL CALLAO","MADERA, monturas y mangos de herramientas, monturas y mangos de cepillos, brochas o escobas, de madera; hormas, ensanchadores y tensores del calzado, de madera ; con algún proceso de la CRF 2",129.968,"PIEZAS","MEXICO"
"11788",2025,5,"PUERTO DE PAITA , PIURA","PAPA, fécula",42000,"BOLSAS","POLONIA"
"11789",2025,5,"OFICINA PUESTO DE CONTROL MARITIMO - PROV. CONST. DEL CALLAO","ARVEJA, grano partido",74163,"SACO(S)","CANADA"
"11790",2025,5,"OFICINA PUESTO DE CONTROL MARITIMO - PROV. CONST. DEL CALLAO","ALGODON, fibra sin cardar ni peinar (>22.22 mm = o <28.57 mm)",80510,"FARDOS","EEUU"
"11791",2025,5,"OFICINA PUESTO DE CONTROL AEREO -  PROV. CONST. DEL CALLAO","LECHUGA, semilla",0.164,"SACHETS","HOLANDA"
"11792",2025,5,"AGUAS VERDES, TUMBES","PIMIENTA, grano",3750,"SACO(S)","ECUADOR"
"11793",2025,5,"OFICINA PUESTO DE CONTROL MARITIMO - PROV. CONST. DEL CALLAO","CATNIP, triturado o pulverizado (molido)",440.6,"UNIDADES","CHINA"
"11794",2025,5,"PUESTO DE CONTROL TERRESTRE DESAGUADERO","SOYA, torta",174000,"SACO(S)","BOLIVIA"
"11795",2025,5,"OFICINA PUESTO DE CONTROL MARITIMO - PROV. CONST. DEL CALLAO","MAIZ, harina",12000,"PALETAS","MEXICO"
"11796",2025,5,"SANTA ROSA, TACNA","LOS DEMAS ALMIDONES Y FECULAS",1e+05,"BOLSAS","ALEMANIA"
"11797",2025,5,"OFICINA PUESTO DE CONTROL AEREO -  PROV. CONST. DEL CALLAO","MELON, semilla",0.424,"SACHETS","HOLANDA"
"11798",2025,5,"OFICINA PUESTO DE CONTROL AEREO -  PROV. CONST. DEL CALLAO","PIMIENTO, semilla",0.41236,"SACHETS","HOLANDA"
"11799",2025,5,"OFICINA PUESTO DE CONTROL AEREO -  PROV. CONST. DEL CALLAO","BERENJENA, semilla",0.03,"SACHETS","HOLANDA"
"11800",2025,5,"OFICINA PUESTO DE CONTROL AEREO -  PROV. CONST. DEL CALLAO","TOMATE, semilla",0.101,"SACHETS","HOLANDA"
"11801",2025,5,"OFICINA PUESTO DE CONTROL AEREO -  PROV. CONST. DEL CALLAO","PIMIENTO, semilla",0.366,"SACHETS","HOLANDA"
"11802",2025,5,"OFICINA PUESTO DE CONTROL MARITIMO - PROV. CONST. DEL CALLAO","PINO, postes de madera con algun proceso de la CRF 2",55488,"PAQUETES","CHILE"
"11803",2025,5,"OFICINA PUESTO DE CONTROL MARITIMO - PROV. CONST. DEL CALLAO","GARBANZO, grano",22000,"SACO(S)","MEXICO"
"11804",2025,5,"PUERTO DE SALAVERRY, LA LIBERTAD","SOYA, torta",4040000,"GRANEL","CHILE"
"11805",2025,5,"OFICINA PUESTO DE CONTROL MARITIMO - PROV. CONST. DEL CALLAO","ALGODON, fibra sin cardar ni peinar (>28.57 mm = o <34.92 mm)",19798,"FARDOS","EEUU"
"11806",2025,5,"PUESTO DE CONTROL TERRESTRE DESAGUADERO","SOYA, torta",50000,"GRANEL","BOLIVIA"
"11807",2025,5,"PUESTO DE CONTROL TERRESTRE DESAGUADERO","SOYA, harina",27675,"SACO(S)","BOLIVIA"
"11808",2025,5,"PUESTO DE CONTROL TERRESTRE DESAGUADERO","SOYA, torta",56430,"SACO(S)","BOLIVIA"
"11809",2025,5,"PUESTO DE CONTROL TERRESTRE DESAGUADERO","SOYA, harina",27266,"SACO(S)","BOLIVIA"
"11810",2025,5,"PUESTO DE CONTROL TERRESTRE DESAGUADERO","SOYA, torta",25000,"GRANEL","BOLIVIA"
"11811",2025,5,"OFICINA PUESTO DE CONTROL AEREO -  PROV. CONST. DEL CALLAO","TOMATE, semilla",0.11,"SOBRES","EEUU"
"11812",2025,5,"OFICINA PUESTO DE CONTROL MARITIMO - PROV. CONST. DEL CALLAO","LENTEJA, grano",184163,"SACO(S)","CANADA"
"11813",2025,5,"OFICINA PUESTO DE CONTROL MARITIMO - PROV. CONST. DEL CALLAO","LENTEJA, grano",26309,"SACO(S)","CANADA"
"11814",2025,5,"OFICINA PUESTO DE CONTROL MARITIMO - PROV. CONST. DEL CALLAO","LENTEJA, grano",260820,"SACO(S)","CANADA"
"11815",2025,5,"OFICINA PUESTO DE CONTROL MARITIMO - PROV. CONST. DEL CALLAO","ALPISTE (=PHALARIS), grano",124965,"SACO(S)","CANADA"
"11816",2025,5,"OFICINA PUESTO DE CONTROL MARITIMO - PROV. CONST. DEL CALLAO","ARVEJA, grano partido",167238,"SACO(S)","EEUU"
"11817",2025,5,"PUESTO DE CONTROL TERRESTRE DESAGUADERO","SOYA, torta",125000,"SACO(S)","BOLIVIA"
"11818",2025,5,"OFICINA PUESTO DE CONTROL MARITIMO - PROV. CONST. DEL CALLAO","ARVEJA, grano partido",249930,"SACO(S)","CANADA"
"11819",2025,5,"OFICINA PUESTO DE CONTROL MARITIMO - PROV. CONST. DEL CALLAO","LINAZA, grano",43000,"SACO(S)","CANADA"
"11820",2025,5,"PUESTO DE CONTROL TERRESTRE DESAGUADERO","SOYA, harina",116000,"SACO(S)","BOLIVIA"
"11821",2025,5,"OFICINA PUESTO DE CONTROL AEREO -  PROV. CONST. DEL CALLAO","ARANDANO, planta in vitro",123.5,"CAJAS DE PLASTICO","EEUU"
"11822",2025,5,"PUESTO DE CONTROL TERRESTRE DESAGUADERO","SOYA, torta",145000,"SACO(S)","BOLIVIA"
"11823",2025,5,"PUESTO DE CONTROL TERRESTRE DESAGUADERO","SOYA, torta",167500,"SACO(S)","BOLIVIA"
"11824",2025,5,"PUESTO DE CONTROL TERRESTRE DESAGUADERO","SOYA, harina",85500,"SACO(S)","BOLIVIA"
"11825",2025,5,"PUESTO DE CONTROL TERRESTRE DESAGUADERO","SOYA, torta",115000,"SACO(S)","BOLIVIA"
"11826",2025,5,"PUESTO DE CONTROL TERRESTRE DESAGUADERO","SOYA, torta",142560,"SACO(S)","BOLIVIA"
"11827",2025,5,"PUESTO DE CONTROL TERRESTRE DESAGUADERO","SOYA, torta",115000,"SACO(S)","BOLIVIA"
"11828",2025,5,"PUESTO DE CONTROL TERRESTRE DESAGUADERO","SOYA, torta",115060,"SACO(S)","BOLIVIA"
"11829",2025,5,"PUESTO DE CONTROL TERRESTRE DESAGUADERO","SOYA, torta",115000,"SACO(S)","BOLIVIA"
"11830",2025,5,"PUESTO DE CONTROL TERRESTRE DESAGUADERO","SOYA, harina",116000,"SACO(S)","BOLIVIA"
"11831",2025,5,"OFICINA PUESTO DE CONTROL MARITIMO - PROV. CONST. DEL CALLAO","TURBA",23633,"BIG BAG","HOLANDA"
"11832",2025,5,"OFICINA PUESTO DE CONTROL MARITIMO - PROV. CONST. DEL CALLAO","MAIZ, semilla",35787.8,"BOLSAS","TAILANDIA"
"11833",2025,5,"OFICINA PUESTO DE CONTROL MARITIMO - PROV. CONST. DEL CALLAO","MAIZ, semilla",54000,"SACO(S)","TAILANDIA"
"11834",2025,5,"PUESTO DE CONTROL TERRESTRE DESAGUADERO","SOYA, torta",145000,"SACO(S)","BOLIVIA"
"11835",2025,5,"PUESTO DE CONTROL TERRESTRE DESAGUADERO","SOYA, harina",145000,"SACO(S)","BOLIVIA"
"11836",2025,5,"PUESTO DE CONTROL TERRESTRE DESAGUADERO","SOYA, torta",85578,"SACO(S)","BOLIVIA"
"11837",2025,5,"OFICINA PUESTO DE CONTROL MARITIMO - PROV. CONST. DEL CALLAO","MARCOS, madera",121.857,"UNIDADES","GUATEMALA"
"11838",2025,5,"OFICINA PUESTO DE CONTROL MARITIMO - PROV. CONST. DEL CALLAO","YUTE, tejido o de las demas fibras textiles con algun proceso de CRF2",313.197,"UNIDADES","PANAMA"
"11839",2025,5,"OFICINA PUESTO DE CONTROL MARITIMO - PROV. CONST. DEL CALLAO","MADERA, cajas con algún proceso de la CRF 2",180,"UNIDADES","PANAMA"
"11840",2025,5,"OFICINA PUESTO DE CONTROL MARITIMO - PROV. CONST. DEL CALLAO","MARCOS, madera",96.443,"UNIDADES","PANAMA"
"11841",2025,5,"OFICINA PUESTO DE CONTROL MARITIMO - PROV. CONST. DEL CALLAO","BAMBU, artículos de cestería obtenidos directamente en su forma con materia trenzable con algún proceso de la CRF 2",312.729,"UNIDADES","PANAMA"
"11842",2025,5,"OFICINA PUESTO DE CONTROL MARITIMO - PROV. CONST. DEL CALLAO","MARCOS, madera",273.091,"UNIDADES","GUATEMALA"
"11843",2025,5,"OFICINA PUESTO DE CONTROL MARITIMO - PROV. CONST. DEL CALLAO","MANZANA, fruto fresco",19894,"CAJA(S)","CHILE"
"11844",2025,5,"PUESTO DE CONTROL TERRESTRE DESAGUADERO","SOYA, torta",110000,"SACO(S)","BOLIVIA"
"11845",2025,5,"PUESTO DE CONTROL TERRESTRE DESAGUADERO","SOYA, torta",140000,"SACO(S)","BOLIVIA"
"11846",2025,5,"PUERTO DE PAITA , PIURA","NARANJA, fruto fresco",18140,"CAJA(S)","EEUU"
"11847",2025,5,"PUERTO DE PAITA , PIURA","ALPISTE (=PHALARIS), grano",23768,"SACO(S)","CANADA"
"11848",2025,5,"PUERTO DE PAITA , PIURA","PAPA, fécula",84000,"SACO(S)","DINAMARCA"
"11849",2025,5,"PUERTO DE PAITA , PIURA","PAPA, fécula",84000,"SACO(S)","DINAMARCA"
"11850",2025,5,"PUERTO DE PAITA , PIURA","NARANJA, fruto fresco",18140,"CAJA(S)","EEUU"
"11851",2025,5,"OFICINA PUESTO DE CONTROL MARITIMO - PROV. CONST. DEL CALLAO","CAUCHO, hojas ahumadas",28000,"PACAS","VIETNAM"
"11852",2025,5,"OFICINA PUESTO DE CONTROL MARITIMO - PROV. CONST. DEL CALLAO","UVA (PASAS), secas industrialmente",20000,"CAJA(S)","CHILE"
"11853",2025,5,"PUESTO DE CONTROL TERRESTRE DESAGUADERO","SOYA, torta",28000,"GRANEL","BOLIVIA"
"11854",2025,5,"PUESTO DE CONTROL TERRESTRE DESAGUADERO","SOYA, torta",29030,"GRANEL","BOLIVIA"
"11855",2025,5,"PUESTO DE CONTROL TERRESTRE DESAGUADERO","SOYA, torta",28000,"GRANEL","BOLIVIA"
"11856",2025,5,"PUESTO DE CONTROL TERRESTRE DESAGUADERO","SOYA, torta",28000,"GRANEL","BOLIVIA"
"11857",2025,5,"PUESTO DE CONTROL TERRESTRE DESAGUADERO","SOYA, torta",28000,"GRANEL","BOLIVIA"
"11858",2025,5,"PUESTO DE CONTROL TERRESTRE DESAGUADERO","SOYA, torta",28000,"GRANEL","BOLIVIA"
"11859",2025,5,"OFICINA PUESTO DE CONTROL MARITIMO - PROV. CONST. DEL CALLAO","LAS DEMAS PLANTAS, partes de plantas, semillas y frutos de especies utilizadas principalmente en perfumeria,medicina insecticidas o similares con algún proceso del a CRF 2",0.672,"BOLSAS","GUATEMALA"
"11860",2025,5,"OFICINA PUESTO DE CONTROL MARITIMO - PROV. CONST. DEL CALLAO","MARCOS, madera",389.466,"CAJA(S)","GUATEMALA"
"11861",2025,5,"OFICINA PUESTO DE CONTROL MARITIMO - PROV. CONST. DEL CALLAO","MARCOS, madera",700.4,"CAJA(S)","GUATEMALA"
"11862",2025,5,"OFICINA PUESTO DE CONTROL MARITIMO - PROV. CONST. DEL CALLAO","Los demas articulos de cesteria con algun proceso de CRF 2",161.6,"CAJA(S)","GUATEMALA"
"11863",2025,5,"OFICINA PUESTO DE CONTROL MARITIMO - PROV. CONST. DEL CALLAO","MARCOS, madera",56.771,"CAJA(S)","GUATEMALA"
"11864",2025,5,"OFICINA PUESTO DE CONTROL MARITIMO - PROV. CONST. DEL CALLAO","MARCOS, madera",58.05,"CAJA(S)","GUATEMALA"
"11865",2025,5,"OFICINA PUESTO DE CONTROL MARITIMO - PROV. CONST. DEL CALLAO","MATERIA VEGETAL, trenzas, materia trenzable incluso ensamblados en tiras tejidos o paralelizados en forma plana con algún proceso de la CRF 2",28.5,"CAJA(S)","GUATEMALA"
"11866",2025,5,"OFICINA PUESTO DE CONTROL MARITIMO - PROV. CONST. DEL CALLAO","Los demas articulos de cesteria con algun proceso de CRF 2",50.5,"CAJA(S)","GUATEMALA"
"11867",2025,5,"OFICINA PUESTO DE CONTROL MARITIMO - PROV. CONST. DEL CALLAO","MARCOS, madera",184.533,"CAJA(S)","GUATEMALA"
"11868",2025,5,"OFICINA PUESTO DE CONTROL MARITIMO - PROV. CONST. DEL CALLAO","MATERIA VEGETAL, trenzas, materia trenzable incluso ensamblados en tiras tejidos o paralelizados en forma plana con algún proceso de la CRF 2",231.768,"CAJA(S)","GUATEMALA"
"11869",2025,5,"OFICINA PUESTO DE CONTROL MARITIMO - PROV. CONST. DEL CALLAO","Articulos para fiestas de navidad que sean o contengan material vegetal
",9726.87,"CAJA(S)","CHINA"
"11870",2025,5,"OFICINA PUESTO DE CONTROL MARITIMO - PROV. CONST. DEL CALLAO","Articulos para fiestas de navidad que sean o contengan material vegetal
",1488.2,"CAJA(S)","CHINA"
"11871",2025,5,"OFICINA PUESTO DE CONTROL MARITIMO - PROV. CONST. DEL CALLAO","Articulos para fiestas de navidad que sean o contengan material vegetal
",2970.11,"CAJA(S)","CHINA"
"11872",2025,5,"PUESTO DE CONTROL TERRESTRE DESAGUADERO","SOYA, harina",28204,"SACO(S)","BOLIVIA"
"11873",2025,5,"PUESTO DE CONTROL TERRESTRE DESAGUADERO","SOYA, torta",28000,"GRANEL","BOLIVIA"
"11874",2025,5,"PUESTO DE CONTROL TERRESTRE DESAGUADERO","SOYA, torta",27540,"GRANEL","BOLIVIA"
"11875",2025,5,"SANTA ROSA, TACNA","MANZANA, fruto fresco",23373,"CAJA(S)","CHILE"
"11876",2025,5,"OFICINA PUESTO DE CONTROL MARITIMO - PROV. CONST. DEL CALLAO","DATIL, seco industrial",300,"CAJA(S)","CHINA"
"11877",2025,5,"OFICINA PUESTO DE CONTROL MARITIMO - PROV. CONST. DEL CALLAO","CIRUELA, seca industrialmente",90,"CAJA(S)","CHINA"
"11878",2025,5,"OFICINA PUESTO DE CONTROL MARITIMO - PROV. CONST. DEL CALLAO","Las demás frutas u otros frutos, excepto las de las partidas 08.01 a 08.06, con algún proceso de la CRF 2",25,"CAJA(S)","CHINA"
"11879",2025,5,"OFICINA PUESTO DE CONTROL MARITIMO - PROV. CONST. DEL CALLAO","TRIGO, harina",200,"CAJA(S)","CHINA"
"11880",2025,5,"OFICINA PUESTO DE CONTROL MARITIMO - PROV. CONST. DEL CALLAO","TRIGO, almidon",300,"CAJA(S)","CHINA"
"11881",2025,5,"OFICINA PUESTO DE CONTROL MARITIMO - PROV. CONST. DEL CALLAO","LAS DEMAS PLANTAS, partes de plantas, semillas y frutos de especies utilizadas principalmente en perfumeria,medicina insecticidas o similares con algún proceso del a CRF 2",429,"CAJA(S)","CHINA"
"11882",2025,5,"OFICINA PUESTO DE CONTROL MARITIMO - PROV. CONST. DEL CALLAO","AZUCAR SIN REFINAR, solido",282,"CAJA(S)","CHINA"
"11883",2025,5,"OFICINA PUESTO DE CONTROL MARITIMO - PROV. CONST. DEL CALLAO","HARINA, mezcla",900,"CAJA(S)","CHINA"
"11884",2025,5,"SANTA ROSA, TACNA","MANZANA, fruto fresco",22932,"CAJA(S)","CHILE"
"11885",2025,5,"SANTA ROSA, TACNA","MANZANA, fruto fresco",23520,"CAJA(S)","CHILE"
"11886",2025,5,"SANTA ROSA, TACNA","MANZANA, fruto fresco",23520,"CAJA(S)","CHILE"
"11887",2025,5,"OFICINA PUESTO DE CONTROL MARITIMO - PROV. CONST. DEL CALLAO","PINO, madera aserrada con algún proceso de la CRF2",185051.23,"PAQUETES","CHILE"
"11888",2025,5,"SANTA ROSA, TACNA","MANZANA, fruto fresco",21235.2,"CAJA(S)","CHILE"
"11889",2025,5,"SANTA ROSA, TACNA","PERA, fruta fresca",11466,"CAJA(S)","CHILE"
"11890",2025,5,"SANTA ROSA, TACNA","MANZANA, fruto fresco",11760,"CAJA(S)","CHILE"
"11891",2025,5,"SANTA ROSA, TACNA","MANZANA, fruto fresco",23520,"CAJA(S)","CHILE"
"11892",2025,5,"OFICINA PUESTO DE CONTROL MARITIMO - PROV. CONST. DEL CALLAO","MOSTAZA, grano",119748,"BOLSAS","CANADA"
"11893",2025,5,"PUESTO DE CONTROL TERRESTRE DESAGUADERO","SOYA, torta",56098,"SACO(S)","BOLIVIA"
"11894",2025,5,"PUESTO DE CONTROL TERRESTRE DESAGUADERO","SOYA, harina",25299,"SACO(S)","BOLIVIA"
"11895",2025,5,"PUESTO DE CONTROL TERRESTRE DESAGUADERO","SOYA, torta",56000,"GRANEL","BOLIVIA"
"11896",2025,5,"PUESTO DE CONTROL TERRESTRE DESAGUADERO","SOYA, torta",27320,"GRANEL","BOLIVIA"
"11897",2025,5,"PUESTO DE CONTROL TERRESTRE DESAGUADERO","SOYA, torta",57680,"GRANEL","BOLIVIA"
"11898",2025,5,"PUESTO DE CONTROL TERRESTRE DESAGUADERO","SOYA, torta",28000,"GRANEL","BOLIVIA"
"11899",2025,5,"PUESTO DE CONTROL TERRESTRE DESAGUADERO","SOYA, torta",56000,"GRANEL","BOLIVIA"
"11900",2025,5,"PUESTO DE CONTROL TERRESTRE DESAGUADERO","SOYA, torta",56008,"SACO(S)","BOLIVIA"
"11901",2025,5,"SANTA ROSA, TACNA","MANZANA, fruto fresco",20261.6,"CAJA(S)","CHILE"
"11902",2025,5,"OFICINA PUESTO DE CONTROL MARITIMO - PROV. CONST. DEL CALLAO","AZUCAR BLANCA O REFINADA (lectura polarimetrica mayor 99.5°)",106000,"SACO(S)","EL SALVADOR"
"11903",2025,5,"SANTA ROSA, TACNA","MIJO, grano",19958,"SACO(S)","EEUU"
"11904",2025,5,"SANTA ROSA, TACNA","MIJO, grano",19958,"SACO(S)","EEUU"
"11905",2025,5,"PUESTO DE CONTROL TERRESTRE DESAGUADERO","SOYA, torta",145000,"SACO(S)","BOLIVIA"
"11906",2025,5,"PUESTO DE CONTROL TERRESTRE DESAGUADERO","SOYA, torta",1e+05,"SACO(S)","BOLIVIA"
"11907",2025,5,"PUESTO DE CONTROL TERRESTRE DESAGUADERO","SOYA, torta",167500,"SACO(S)","BOLIVIA"
"11908",2025,5,"PUESTO DE CONTROL TERRESTRE DESAGUADERO","SOYA, torta",120000,"SACO(S)","BOLIVIA"
"11909",2025,5,"SANTA ROSA, TACNA","MANZANA, fruto fresco",22344,"CAJA(S)","CHILE"
"11910",2025,5,"OFICINA PUESTO DE CONTROL MARITIMO - PROV. CONST. DEL CALLAO","ARROZ, grano pilado",124950,"SACO(S)","TAILANDIA"
"11911",2025,5,"SANTA ROSA, TACNA","MANZANA, fruto fresco",22344,"CAJA(S)","CHILE"
"11912",2025,5,"PUESTO DE CONTROL TERRESTRE DESAGUADERO","SOYA, torta",56000,"GRANEL","BOLIVIA"
"11913",2025,5,"PUESTO DE CONTROL TERRESTRE DESAGUADERO","SOYA, torta",28000,"GRANEL","BOLIVIA"
"11914",2025,5,"OFICINA PUESTO DE CONTROL MARITIMO - PROV. CONST. DEL CALLAO","MANZANA, fruto fresco",40180,"CAJA(S)","CHILE"
"11915",2025,5,"PUESTO DE CONTROL TERRESTRE DESAGUADERO","SOYA, torta",116000,"SACO(S)","BOLIVIA"
"11916",2025,5,"PUESTO DE CONTROL TERRESTRE DESAGUADERO","SOYA, harina",28354,"SACO(S)","BOLIVIA"
"11917",2025,5,"PUESTO DE CONTROL TERRESTRE DESAGUADERO","SOYA, torta",28170,"GRANEL","BOLIVIA"
"11918",2025,5,"PUESTO DE CONTROL TERRESTRE DESAGUADERO","SOYA, torta",28050,"GRANEL","BOLIVIA"
"11919",2025,5,"PUESTO DE CONTROL TERRESTRE DESAGUADERO","SOYA, torta",56000,"GRANEL","BOLIVIA"
"11920",2025,5,"PUESTO DE CONTROL TERRESTRE DESAGUADERO","SOYA, torta",28000,"GRANEL","BOLIVIA"
"11921",2025,5,"PUESTO DE CONTROL TERRESTRE DESAGUADERO","SOYA, torta",28000,"GRANEL","BOLIVIA"
"11922",2025,5,"PUESTO DE CONTROL TERRESTRE DESAGUADERO","SOYA, torta",56000,"GRANEL","BOLIVIA"
"11923",2025,5,"SANTA ROSA, TACNA","MANZANA, fruto fresco",22344,"CAJA(S)","CHILE"
"11924",2025,5,"PUERTO DE SALAVERRY, LA LIBERTAD","SOYA, torta",21720500,"GRANEL","CHILE"
"11925",2025,5,"OFICINA PUESTO DE CONTROL MARITIMO - PROV. CONST. DEL CALLAO","LENTEJA, grano",74298,"SACO(S)","CANADA"
"11926",2025,5,"PUERTO DE MATARANI , AREQUIPA","PINO, postes de madera con algun proceso de la CRF 2",53259,"UNIDADES","EEUU"
"11927",2025,5,"OFICINA PUESTO DE CONTROL MARITIMO - PROV. CONST. DEL CALLAO","PINO, postes de madera con algun proceso de la CRF 2",230880,"PIEZAS","EEUU"
"11928",2025,5,"SANTA ROSA, TACNA","PERA, fruta fresca",20448,"CAJA(S)","CHILE"
"11929",2025,5,"OFICINA PUESTO DE CONTROL MARITIMO - PROV. CONST. DEL CALLAO","CANELA, corteza entera seca al natural",14000,"CAJA(S)","SRI LANKA"
"11930",2025,5,"SANTA ROSA, TACNA","MANZANA, fruto fresco",23324,"CAJA(S)","CHILE"
"11931",2025,5,"IÑAPARI, MADRE DE DIOS","AZUCAR HUAYO (=JATOBA), madera aserrada",54888.2,"FARDOS","BRASIL"
"11932",2025,5,"PUESTO DE CONTROL TERRESTRE DESAGUADERO","SOYA, torta",113520,"SACO(S)","BOLIVIA"
"11933",2025,5,"PUESTO DE CONTROL TERRESTRE DESAGUADERO","SOYA, torta",115000,"SACO(S)","BOLIVIA"
"11934",2025,5,"OFICINA PUESTO DE CONTROL MARITIMO - PROV. CONST. DEL CALLAO","Cosechadoras-trilladoras usadas
",7800,"UNIDADES","CHINA"
"11935",2025,5,"OFICINA PUESTO DE CONTROL AEREO -  PROV. CONST. DEL CALLAO","ARANDANO, planta in vitro",374.4,"FRASCO(S)","MEXICO"
"11936",2025,5,"OFICINA PUESTO DE CONTROL AEREO -  PROV. CONST. DEL CALLAO","ARANDANO, planta in vitro",374.4,"FRASCO(S)","MEXICO"
"11937",2025,5,"OFICINA PUESTO DE CONTROL AEREO -  PROV. CONST. DEL CALLAO","PAPAYA, semilla",4.283,"SOBRES","MEXICO"
"11938",2025,5,"OFICINA PUESTO DE CONTROL AEREO -  PROV. CONST. DEL CALLAO","ZAPALLO (CALABAZA AMARILLA), semilla",9.552,"SACHETS","ESPAÑA"
"11939",2025,5,"OFICINA PUESTO DE CONTROL AEREO -  PROV. CONST. DEL CALLAO","CEBOLLA, semilla",4.8,"SACHETS","ESPAÑA"
"11940",2025,5,"OFICINA PUESTO DE CONTROL AEREO -  PROV. CONST. DEL CALLAO","CALABAZA MOSCADA, semilla",4.8,"SACHETS","ESPAÑA"
"11941",2025,5,"OFICINA PUESTO DE CONTROL AEREO -  PROV. CONST. DEL CALLAO","ZAPALLO (CALABAZA AMARILLA), semilla",18.08,"SACHETS","ESPAÑA"
"11942",2025,5,"OFICINA PUESTO DE CONTROL AEREO -  PROV. CONST. DEL CALLAO","HARINA, mezcla de harinas de frutas varias",2500,"CAJA(S)","EEUU"
"11943",2025,5,"OFICINA PUESTO DE CONTROL AEREO -  PROV. CONST. DEL CALLAO","CHIA, grano",1,"BOLSAS","PARAGUAY"
"11944",2025,5,"OFICINA PUESTO DE CONTROL AEREO -  PROV. CONST. DEL CALLAO","MAIZ, semilla",12.34,"SOBRES","HUNGRIA"
"11945",2025,5,"OFICINA PUESTO DE CONTROL MARITIMO - PROV. CONST. DEL CALLAO","SOYA, torta",16500000,"GRANEL","ARGENTINA"
"11946",2025,5,"PUESTO DE CONTROL TERRESTRE DESAGUADERO","SOYA, harina",145000,"SACO(S)","BOLIVIA"
"11947",2025,5,"OFICINA PUESTO DE CONTROL MARITIMO - PROV. CONST. DEL CALLAO","ARROZ, grano pilado",132500,"SACO(S)","BRASIL"
"11948",2025,5,"PUESTO DE CONTROL TERRESTRE DESAGUADERO","SOYA, torta",140000,"SACO(S)","BOLIVIA"
"11949",2025,5,"PUESTO DE CONTROL TERRESTRE DESAGUADERO","SOYA, torta",146000,"SACO(S)","BOLIVIA"
"11950",2025,5,"OFICINA PUESTO DE CONTROL MARITIMO - PROV. CONST. DEL CALLAO","ARROZ, grano pilado",132500,"SACO(S)","BRASIL"
"11951",2025,5,"OFICINA PUESTO DE CONTROL MARITIMO - PROV. CONST. DEL CALLAO","ARROZ, grano pilado",132500,"SACO(S)","BRASIL"
"11952",2025,5,"OFICINA PUESTO DE CONTROL MARITIMO - PROV. CONST. DEL CALLAO","CAUCHO, técnicamente especificado (TSNR)",40320,"PALETAS","GUATEMALA"
"11953",2025,5,"OFICINA PUESTO DE CONTROL MARITIMO - PROV. CONST. DEL CALLAO","ALGODON, fibra sin cardar ni peinar (>28.57 mm = o <34.92 mm)",19310,"FARDOS","EEUU"
"11954",2025,5,"OFICINA PUESTO DE CONTROL MARITIMO - PROV. CONST. DEL CALLAO","MANZANILLA, hoja, flor y tallo seco",17000,"SACO(S)","MEXICO"
"11955",2025,5,"PUESTO DE CONTROL TERRESTRE DESAGUADERO","SOYA, torta",28000,"GRANEL","BOLIVIA"
"11956",2025,5,"PUESTO DE CONTROL TERRESTRE DESAGUADERO","SOYA, torta",28000,"GRANEL","BOLIVIA"
"11957",2025,5,"OFICINA PUESTO DE CONTROL MARITIMO - PROV. CONST. DEL CALLAO","MANZANILLA, hoja, flor y tallo seco",34000,"SACO(S)","MEXICO"
"11958",2025,5,"OFICINA PUESTO DE CONTROL MARITIMO - PROV. CONST. DEL CALLAO","GIRASOL, grano sin cáscara",26000,"SACO(S)","BULGARIA"
"11959",2025,5,"OFICINA PUESTO DE CONTROL MARITIMO - PROV. CONST. DEL CALLAO","PINO, madera aserrada con algún proceso de la CRF2",236423,"PAQUETES","CHILE"
"11960",2025,5,"PUESTO DE CONTROL TERRESTRE DESAGUADERO","SOYA, harina",52000,"SACO(S)","BOLIVIA"
"11961",2025,5,"PUESTO DE CONTROL TERRESTRE DESAGUADERO","SOYA, harina",50000,"SACO(S)","BOLIVIA"
"11962",2025,5,"PUESTO DE CONTROL TERRESTRE DESAGUADERO","SOYA, harina",54000,"SACO(S)","BOLIVIA"
"11963",2025,5,"PUESTO DE CONTROL TERRESTRE DESAGUADERO","SOYA, torta",145000,"SACO(S)","BOLIVIA"
"11964",2025,5,"PUESTO DE CONTROL TERRESTRE DESAGUADERO","AZUCAR BLANCA O REFINADA (lectura polarimetrica mayor 99.5°)",167000,"BIG BAG","BOLIVIA"
"11965",2025,5,"PUESTO DE CONTROL TERRESTRE DESAGUADERO","AZUCAR BLANCA O REFINADA (lectura polarimetrica mayor 99.5°)",112000,"SACO(S)","BOLIVIA"
"11966",2025,5,"PUESTO DE CONTROL TERRESTRE DESAGUADERO","AZUCAR BLANCA O REFINADA (lectura polarimetrica mayor 99.5°)",56000,"SACO(S)","BOLIVIA"
"11967",2025,5,"PUESTO DE CONTROL TERRESTRE DESAGUADERO","FREJOL NEGRO, grano",29000,"SACO(S)","BOLIVIA"
"11968",2025,5,"OFICINA PUESTO DE CONTROL MARITIMO - PROV. CONST. DEL CALLAO","FLOR DE JAMAICA, seca natural",12000,"SACO(S)","NIGERIA"
"11969",2025,5,"OFICINA PUESTO DE CONTROL MARITIMO - PROV. CONST. DEL CALLAO","MANZANA, fruta fresca",18870,"CAJA(S)","EEUU"
"11970",2025,5,"OFICINA PUESTO DE CONTROL MARITIMO - PROV. CONST. DEL CALLAO","MANZANA, fruta fresca",17988,"CAJA(S)","EEUU"
"11971",2025,5,"OFICINA PUESTO DE CONTROL MARITIMO - PROV. CONST. DEL CALLAO","MANZANA, fruta fresca",17934,"CAJA(S)","EEUU"
"11972",2025,5,"OFICINA PUESTO DE CONTROL MARITIMO - PROV. CONST. DEL CALLAO","AZUCAR BLANCA O REFINADA (lectura polarimetrica mayor 99.5°)",106000,"SACO(S)","COLOMBIA"
"11973",2025,5,"OFICINA PUESTO DE CONTROL MARITIMO - PROV. CONST. DEL CALLAO","AZUCAR BLANCA O REFINADA (lectura polarimetrica mayor 99.5°)",105815,"SACO(S)","COLOMBIA"
"11974",2025,5,"PUESTO DE CONTROL TERRESTRE DESAGUADERO","SOYA, torta",56000,"GRANEL","BOLIVIA"
"11975",2025,5,"PUESTO DE CONTROL TERRESTRE DESAGUADERO","SOYA, torta",56000,"GRANEL","BOLIVIA"
"11976",2025,5,"PUESTO DE CONTROL TERRESTRE DESAGUADERO","SOYA, harina",27755,"SACO(S)","BOLIVIA"
"11977",2025,5,"PUESTO DE CONTROL TERRESTRE DESAGUADERO","SOYA, torta",56000,"GRANEL","BOLIVIA"
"11978",2025,5,"PUESTO DE CONTROL TERRESTRE DESAGUADERO","SOYA, torta",28000,"GRANEL","BOLIVIA"
"11979",2025,5,"PUESTO DE CONTROL TERRESTRE DESAGUADERO","SOYA, torta",28000,"GRANEL","BOLIVIA"
"11980",2025,5,"PUESTO DE CONTROL TERRESTRE DESAGUADERO","SOYA, torta",56000,"GRANEL","BOLIVIA"
"11981",2025,5,"OFICINA PUESTO DE CONTROL MARITIMO - PROV. CONST. DEL CALLAO","LINO,agramado o espadado",4994,"FARDOS","FRANCIA"
"11982",2025,5,"OFICINA PUESTO DE CONTROL MARITIMO - PROV. CONST. DEL CALLAO","RATTAN (=Roten), esterillas, esteras y cañizos con algún proceso de la CRF2",66.237,"ROLLOS","CHINA"
"11983",2025,5,"OFICINA PUESTO DE CONTROL MARITIMO - PROV. CONST. DEL CALLAO","ROTEN (=Ratán), trenzas y artículos similares, de materia trenzable, incluso ensamblados en tiras, materia trenzable, trenzas y artículos similares de materia trenzable, tejidos o paralelizados, en forma plana, con algun proceso de la CRF 2",7.995,"UNIDADES","CHINA"
"11984",2025,5,"OFICINA PUESTO DE CONTROL AEREO -  PROV. CONST. DEL CALLAO","COCO, cáscara triturada",31.7,"BOLSAS","INDIA"
"11985",2025,5,"PUESTO DE CONTROL TERRESTRE DESAGUADERO","SOYA, torta",140000,"SACO(S)","BOLIVIA"
"11986",2025,5,"PUESTO DE CONTROL TERRESTRE DESAGUADERO","SOYA, torta",114500,"SACO(S)","BOLIVIA"
"11987",2025,5,"PUERTO DE PAITA , PIURA","FREJOL, grano",245250,"SACO(S)","CHINA"
"11988",2025,5,"PUERTO DE PAITA , PIURA","FREJOL, grano",245050,"SACO(S)","CHINA"
"11989",2025,5,"PUESTO DE CONTROL TERRESTRE DESAGUADERO","SOYA, torta",28000,"GRANEL","BOLIVIA"
"11990",2025,5,"PUESTO DE CONTROL TERRESTRE DESAGUADERO","SOYA, torta",28000,"GRANEL","BOLIVIA"
"11991",2025,5,"PUERTO DE PAITA , PIURA","FREJOL, grano",367500,"SACO(S)","CHINA"
"11992",2025,5,"PUESTO DE CONTROL TERRESTRE DESAGUADERO","SOYA, torta",28000,"GRANEL","BOLIVIA"
"11993",2025,5,"PUERTO DE PAITA , PIURA","FREJOL, grano",245250,"SACO(S)","CHINA"
"11994",2025,5,"PUESTO DE CONTROL TERRESTRE DESAGUADERO","SOYA, torta",28000,"GRANEL","BOLIVIA"
"11995",2025,5,"PUESTO DE CONTROL TERRESTRE DESAGUADERO","SOYA, torta",28000,"GRANEL","BOLIVIA"
"11996",2025,5,"PUESTO DE CONTROL TERRESTRE DESAGUADERO","SOYA, torta",28000,"GRANEL","BOLIVIA"
"11997",2025,5,"OFICINA PUESTO DE CONTROL MARITIMO - PROV. CONST. DEL CALLAO","LENTEJA, grano",45360,"SACO(S)","EEUU"
"11998",2025,5,"PUESTO DE CONTROL TERRESTRE DESAGUADERO","MANI, grano sin cáscara",29000,"SACO(S)","BOLIVIA"
"11999",2025,5,"PUERTO DE PISCO , ICA","PINO, postes de madera con algun proceso de la CRF 2",35374,"UNIDADES","EEUU"
"12000",2025,5,"OFICINA PUESTO DE CONTROL MARITIMO - PROV. CONST. DEL CALLAO","MAIZ, semola",1440,"PAQUETES","ITALIA"
"12001",2025,5,"PUESTO DE CONTROL TERRESTRE DESAGUADERO","MANI, grano sin cáscara",58000,"SACO(S)","BOLIVIA"
"12002",2025,5,"OFICINA PUESTO DE CONTROL MARITIMO - PROV. CONST. DEL CALLAO","ARVEJA, grano partido",98670,"SACO(S)","CANADA"
"12003",2025,5,"OFICINA PUESTO DE CONTROL MARITIMO - PROV. CONST. DEL CALLAO","LENTEJA, grano",98884,"SACO(S)","CANADA"
"12004",2025,5,"OFICINA PUESTO DE CONTROL AEREO -  PROV. CONST. DEL CALLAO","MAIZ, semilla",27.495,"BOLSAS","MEXICO"
"12005",2025,5,"OFICINA PUESTO DE CONTROL MARITIMO - PROV. CONST. DEL CALLAO","ARROZ, grano pilado",130000,"SACO(S)","BRASIL"
"12006",2025,5,"OFICINA PUESTO DE CONTROL MARITIMO - PROV. CONST. DEL CALLAO","COCO, fibra (para sustrato)",232050,"PALETAS","INDIA"
"12007",2025,5,"PUESTO DE CONTROL TERRESTRE DESAGUADERO","MANI, grano sin cáscara",29000,"SACO(S)","BOLIVIA"
"12008",2025,5,"OFICINA PUESTO DE CONTROL AEREO -  PROV. CONST. DEL CALLAO","ZAPALLITO ITALIANO (CALABACIN), semilla",0.466,"SACHETS","EEUU"
"12009",2025,5,"OFICINA PUESTO DE CONTROL AEREO -  PROV. CONST. DEL CALLAO","BERENJENA, semilla",0.033,"SACHETS","HOLANDA"
"12010",2025,5,"OFICINA PUESTO DE CONTROL AEREO -  PROV. CONST. DEL CALLAO","LECHUGA, semilla",0.3,"SACHETS","HOLANDA"
"12011",2025,5,"PUESTO DE CONTROL TERRESTRE DESAGUADERO","AZUCAR BLANCA O REFINADA (lectura polarimetrica mayor 99.5°)",141000,"BIG BAG","BOLIVIA"
"12012",2025,5,"OFICINA PUESTO DE CONTROL AEREO -  PROV. CONST. DEL CALLAO","PIMIENTO, semilla",0.05386,"SACHETS","FRANCIA"
"12013",2025,5,"OFICINA PUESTO DE CONTROL AEREO -  PROV. CONST. DEL CALLAO","PIMIENTO, semilla",0.11429,"SACHETS","FRANCIA"
"12014",2025,5,"OFICINA PUESTO DE CONTROL AEREO -  PROV. CONST. DEL CALLAO","TOMATE, semilla",0.023,"SACHETS","HOLANDA"
"12015",2025,5,"SANTA ROSA, TACNA","NUEZ, con cáscara seca al natural",23000,"SACO(S)","CHILE"
"12016",2025,5,"PUESTO DE CONTROL TERRESTRE DESAGUADERO","SOYA, torta",28383,"SACO(S)","BOLIVIA"
"12017",2025,5,"OFICINA PUESTO DE CONTROL MARITIMO - PROV. CONST. DEL CALLAO","COCO, fibra (para sustrato)",128190,"PALETAS","INDIA"
"12018",2025,5,"OFICINA PUESTO DE CONTROL AEREO -  PROV. CONST. DEL CALLAO","ARANDANO, planta",1920,"CAJA(S)","CHILE"
"12019",2025,5,"SANTA ROSA, TACNA","MANZANA, fruto fresco",23520,"CAJA(S)","CHILE"
"12020",2025,5,"SANTA ROSA, TACNA","CIRUELA, con algún proceso de la CRF 2",1000,"CAJA(S)","CHILE"
"12021",2025,5,"SANTA ROSA, TACNA","UVA (PASAS), secas industrialmente",1100,"CAJA(S)","CHILE"
"12022",2025,5,"SANTA ROSA, TACNA","DURAZNO, seco industrial",2000,"CAJA(S)","CHILE"
"12023",2025,5,"SANTA ROSA, TACNA","NUEZ DE NOGAL, sin cascara con algun proceso de la CRF 2",1450,"CAJA(S)","CHILE"
"12024",2025,5,"OFICINA PUESTO DE CONTROL MARITIMO - PROV. CONST. DEL CALLAO","KIWI, fruto fresco",19992,"CAJA(S)","CHILE"
"12025",2025,5,"OFICINA PUESTO DE CONTROL MARITIMO - PROV. CONST. DEL CALLAO","MANZANA, fruto fresco",39935,"CAJA(S)","CHILE"
"12026",2025,5,"OFICINA PUESTO DE CONTROL MARITIMO - PROV. CONST. DEL CALLAO","KIWI, fruto fresco",23120,"CAJA(S)","CHILE"
"12027",2025,5,"OFICINA PUESTO DE CONTROL MARITIMO - PROV. CONST. DEL CALLAO","KIWI, fruto fresco",33600,"CAJA(S)","CHILE"
"12028",2025,5,"OFICINA PUESTO DE CONTROL MARITIMO - PROV. CONST. DEL CALLAO","KIWI, fruto fresco",72000,"CAJA(S)","CHILE"
"12029",2025,5,"SANTA ROSA, TACNA","COMINO, grano",25000,"SACO(S)","INDIA"
"12030",2025,5,"SANTA ROSA, TACNA","FLOR DE JAMAICA, seca natural",12000,"SACO(S)","NIGERIA"
"12031",2025,5,"OFICINA PUESTO DE CONTROL MARITIMO - PROV. CONST. DEL CALLAO","PERA, fruta fresca",23436,"CAJA(S)","ARGENTINA"
"12032",2025,5,"OFICINA PUESTO DE CONTROL MARITIMO - PROV. CONST. DEL CALLAO","PERA, fruta fresca",22176,"CAJA(S)","ARGENTINA"
"12033",2025,5,"OFICINA PUESTO DE CONTROL AEREO -  PROV. CONST. DEL CALLAO","BETARRAGA, semilla",15,"SACHETS","EEUU"
"12034",2025,5,"OFICINA PUESTO DE CONTROL AEREO -  PROV. CONST. DEL CALLAO","PIMIENTO, semilla",0.06,"SACHETS","HOLANDA"
"12035",2025,5,"OFICINA PUESTO DE CONTROL AEREO -  PROV. CONST. DEL CALLAO","PIMIENTO, semilla",0.01,"SACHETS","HOLANDA"
"12036",2025,5,"OFICINA PUESTO DE CONTROL AEREO -  PROV. CONST. DEL CALLAO","MAIZ, semilla",17.5,"BOLSAS","EEUU"
"12037",2025,5,"OFICINA PUESTO DE CONTROL MARITIMO - PROV. CONST. DEL CALLAO","MADERA, encofrados para hormigon, de madera con algún proceso de la CRF2
",65790,"PAQUETES","AUSTRIA"
"12038",2025,5,"OFICINA PUESTO DE CONTROL MARITIMO - PROV. CONST. DEL CALLAO","PERA, fruta fresca",23814,"CAJA(S)","ARGENTINA"
"12039",2025,5,"AGUAS VERDES, TUMBES","Las demás coniferas, las demas maderas aserradas o desbastadas longitudinalmente, cortada o desenrollada, incluso cepillada,lijada o unida por lo extremos, de espesor superior a 6 mm, con algun tratamiento de la CRF 2",29000,"PIEZAS","ECUADOR"
"12040",2025,5,"AGUAS VERDES, TUMBES","Las demás coniferas, las demas maderas aserradas o desbastadas longitudinalmente, cortada o desenrollada, incluso cepillada,lijada o unida por lo extremos, de espesor superior a 6 mm, con algun tratamiento de la CRF 2",56630,"PIEZAS","ECUADOR"
"12041",2025,5,"OFICINA PUESTO DE CONTROL AEREO -  PROV. CONST. DEL CALLAO","LECHUGA, semilla",0.009,"SACHETS","HOLANDA"
"12042",2025,5,"OFICINA PUESTO DE CONTROL AEREO -  PROV. CONST. DEL CALLAO","TOMATE, semilla",0.032,"SACHETS","HOLANDA"
"12043",2025,5,"OFICINA PUESTO DE CONTROL MARITIMO - PROV. CONST. DEL CALLAO","ARVEJA, grano partido",197768,"SACO(S)","CANADA"
"12044",2025,5,"OFICINA PUESTO DE CONTROL MARITIMO - PROV. CONST. DEL CALLAO","PECANA, sin cáscara secado al natural",8030,"CAJA(S)","ARGENTINA"
"12045",2025,5,"OFICINA PUESTO DE CONTROL MARITIMO - PROV. CONST. DEL CALLAO","KIWI, fruto fresco",24000,"CAJA(S)","CHILE"
"12046",2025,5,"PUESTO DE CONTROL TERRESTRE DESAGUADERO","SOYA, harina",145000,"SACO(S)","BOLIVIA"
"12047",2025,5,"PUESTO DE CONTROL TERRESTRE DESAGUADERO","SOYA, harina",145000,"SACO(S)","BOLIVIA"
"12048",2025,5,"PUESTO DE CONTROL TERRESTRE DESAGUADERO","SOYA, torta",145000,"SACO(S)","BOLIVIA"
"12049",2025,5,"OFICINA PUESTO DE CONTROL MARITIMO - PROV. CONST. DEL CALLAO","PAPA, fécula",1e+05,"BOLSAS","ALEMANIA"
"12050",2025,5,"OFICINA PUESTO DE CONTROL MARITIMO - PROV. CONST. DEL CALLAO","PAPA, fécula",1e+05,"BOLSAS","HOLANDA"
"12051",2025,5,"OFICINA PUESTO DE CONTROL AEREO -  PROV. CONST. DEL CALLAO","ORQUIDEA, planta",200,"CAJA(S)","TAIWAN"
"12052",2025,5,"OFICINA PUESTO DE CONTROL MARITIMO - PROV. CONST. DEL CALLAO","PAPA, fécula",1e+05,"BOLSAS","ALEMANIA"
"12053",2025,5,"PUESTO DE CONTROL TERRESTRE DESAGUADERO","SOYA, torta",29092,"SACO(S)","BOLIVIA"
"12054",2025,5,"PUESTO DE CONTROL TERRESTRE DESAGUADERO","SOYA, torta",27735,"SACO(S)","BOLIVIA"
"12055",2025,5,"PUESTO DE CONTROL TERRESTRE DESAGUADERO","SOYA, torta",28054,"SACO(S)","BOLIVIA"
"12056",2025,5,"OFICINA PUESTO DE CONTROL MARITIMO - PROV. CONST. DEL CALLAO","PAPA, fécula",2e+05,"BOLSAS","ALEMANIA"
"12057",2025,5,"OFICINA PUESTO DE CONTROL AEREO -  PROV. CONST. DEL CALLAO","AJI TABASCO (=AJI JALAPEÑO, AJI MONO, AJI CHARAPITA), semilla",13.61,"LATAS","EEUU"
"12058",2025,5,"OFICINA PUESTO DE CONTROL MARITIMO - PROV. CONST. DEL CALLAO","COCO, fibra (para sustrato)",347025,"PALETAS","INDIA"
"12059",2025,5,"OFICINA PUESTO DE CONTROL MARITIMO - PROV. CONST. DEL CALLAO","COCO, fibra (para sustrato)",241500,"PALETAS","INDIA"
"12060",2025,5,"OFICINA PUESTO DE CONTROL MARITIMO - PROV. CONST. DEL CALLAO","COCO, fibra (para sustrato)",236250,"PALETAS","INDIA"
"12061",2025,5,"OFICINA PUESTO DE CONTROL MARITIMO - PROV. CONST. DEL CALLAO","MADERA, encofrados para hormigón con algún proceso de la CRF2",45925,"UNIDADES","AUSTRIA"
"12062",2025,5,"OFICINA PUESTO DE CONTROL MARITIMO - PROV. CONST. DEL CALLAO","MADERA, encofrados para hormigón con algún proceso de la CRF2",45792,"UNIDADES","AUSTRIA"
"12063",2025,5,"PUESTO DE CONTROL TERRESTRE DESAGUADERO","SOYA, torta",145000,"SACO(S)","BOLIVIA"
"12064",2025,5,"OFICINA PUESTO DE CONTROL MARITIMO - PROV. CONST. DEL CALLAO","MAIZ, semilla",45091.9,"BOLSAS","BOLIVIA"
"12065",2025,5,"PUESTO DE CONTROL TERRESTRE DESAGUADERO","SOYA, torta",145000,"SACO(S)","BOLIVIA"
"12066",2025,5,"Puerto de Chancay","COCO, fibra (para sustrato)",241500,"PALETAS","INDIA"
"12067",2025,5,"PUESTO DE CONTROL TERRESTRE DESAGUADERO","SOYA, torta",174000,"SACO(S)","BOLIVIA"
"12068",2025,5,"OFICINA PUESTO DE CONTROL MARITIMO - PROV. CONST. DEL CALLAO","LENTEJA, grano",24948,"SACO(S)","CANADA"
"12069",2025,5,"OFICINA PUESTO DE CONTROL MARITIMO - PROV. CONST. DEL CALLAO","LENTEJA, grano",23050,"SACO(S)","EEUU"
"12070",2025,5,"PUESTO DE CONTROL TERRESTRE DESAGUADERO","SOYA, torta",115500,"SACO(S)","BOLIVIA"
"12071",2025,5,"PUESTO DE CONTROL TERRESTRE DESAGUADERO","SOYA, torta",57500,"SACO(S)","BOLIVIA"
"12072",2025,5,"PUESTO DE CONTROL TERRESTRE DESAGUADERO","SOYA, torta",29000,"SACO(S)","BOLIVIA"
"12073",2025,5,"PUESTO DE CONTROL TERRESTRE DESAGUADERO","SOYA, torta",28000,"GRANEL","BOLIVIA"
"12074",2025,5,"PUESTO DE CONTROL TERRESTRE DESAGUADERO","SOYA, torta",27980,"GRANEL","BOLIVIA"
"12075",2025,5,"PUESTO DE CONTROL TERRESTRE DESAGUADERO","SOYA, torta",111820,"GRANEL","BOLIVIA"
"12076",2025,5,"PUESTO DE CONTROL TERRESTRE DESAGUADERO","SOYA, torta",28050,"GRANEL","BOLIVIA"
"12077",2025,5,"PUESTO DE CONTROL TERRESTRE DESAGUADERO","SOYA, torta",56000,"GRANEL","BOLIVIA"
"12078",2025,5,"PUESTO DE CONTROL TERRESTRE DESAGUADERO","SOYA, harina",28204,"SACO(S)","BOLIVIA"
"12079",2025,5,"PUESTO DE CONTROL TERRESTRE DESAGUADERO","SOYA, torta",112000,"SACO(S)","BOLIVIA"
"12080",2025,5,"PUESTO DE CONTROL TERRESTRE DESAGUADERO","SOYA, torta",118000,"SACO(S)","BOLIVIA"
"12081",2025,5,"OFICINA PUESTO DE CONTROL AEREO -  PROV. CONST. DEL CALLAO","CANELA, corteza entera seca al natural",0.5,"BOLSAS","VIETNAM"
"12082",2025,5,"OFICINA PUESTO DE CONTROL MARITIMO - PROV. CONST. DEL CALLAO","AVENA, grano aplastado o en copos (hojuelas)",26250,"SACO(S)","CHILE"
"12083",2025,5,"PUESTO DE CONTROL TERRESTRE DESAGUADERO","SOYA, torta",27833,"SACO(S)","BOLIVIA"
"12084",2025,5,"PUESTO DE CONTROL TERRESTRE DESAGUADERO","SOYA, torta",1088,"SACO(S)","BOLIVIA"
"12085",2025,5,"OFICINA PUESTO DE CONTROL AEREO -  PROV. CONST. DEL CALLAO","SANDIA, semilla",0.632,"SACHETS","BRASIL"
"12086",2025,5,"OFICINA PUESTO DE CONTROL AEREO -  PROV. CONST. DEL CALLAO","MAIZ, semilla",27.03,"SOBRES","FRANCIA"
"12087",2025,5,"PUESTO DE CONTROL TERRESTRE DESAGUADERO","SOYA, torta",116000,"SACO(S)","BOLIVIA"
"12088",2025,5,"PUESTO DE CONTROL TERRESTRE DESAGUADERO","SOYA, harina",116000,"SACO(S)","BOLIVIA"
"12089",2025,5,"OFICINA PUESTO DE CONTROL MARITIMO - PROV. CONST. DEL CALLAO","TURBA",96533,"PACAS","LETONIA"
"12090",2025,5,"PUESTO DE CONTROL TERRESTRE DESAGUADERO","SOYA, harina",145000,"SACO(S)","BOLIVIA"
"12091",2025,5,"OFICINA PUESTO DE CONTROL MARITIMO - PROV. CONST. DEL CALLAO","TURBA",27130,"PALETAS","LETONIA"
"12092",2025,5,"OFICINA PUESTO DE CONTROL AEREO -  PROV. CONST. DEL CALLAO","COLIFLOR, semilla",4.01,"SACHETS","INDIA"
"12093",2025,5,"PUESTO DE CONTROL TERRESTRE DESAGUADERO","SOYA, torta",53980,"GRANEL","BOLIVIA"
"12094",2025,5,"PUESTO DE CONTROL TERRESTRE DESAGUADERO","SOYA, torta",56000,"GRANEL","BOLIVIA"
"12095",2025,5,"PUESTO DE CONTROL TERRESTRE DESAGUADERO","SOYA, torta",28000,"GRANEL","BOLIVIA"
"12096",2025,5,"PUESTO DE CONTROL TERRESTRE DESAGUADERO","SOYA, torta",28913,"SACO(S)","BOLIVIA"
"12097",2025,5,"PUESTO DE CONTROL TERRESTRE DESAGUADERO","SOYA, torta",27804,"SACO(S)","BOLIVIA"
"12098",2025,5,"PUESTO DE CONTROL TERRESTRE DESAGUADERO","SOYA, torta",28000,"GRANEL","BOLIVIA"
"12099",2025,5,"PUESTO DE CONTROL TERRESTRE DESAGUADERO","SOYA, torta",85000,"SACO(S)","BOLIVIA"
"12100",2025,5,"OFICINA PUESTO DE CONTROL MARITIMO - PROV. CONST. DEL CALLAO","MELON, semilla",25,"LATAS","ITALIA"
"12101",2025,5,"OFICINA PUESTO DE CONTROL MARITIMO - PROV. CONST. DEL CALLAO","PORO, semilla",75,"LATAS","ITALIA"
"12102",2025,5,"OFICINA PUESTO DE CONTROL MARITIMO - PROV. CONST. DEL CALLAO","COL, semilla",100,"LATAS","ITALIA"
"12103",2025,5,"OFICINA PUESTO DE CONTROL MARITIMO - PROV. CONST. DEL CALLAO","COLIFLOR, semilla",50,"LATAS","ITALIA"
"12104",2025,5,"OFICINA PUESTO DE CONTROL MARITIMO - PROV. CONST. DEL CALLAO","LECHUGA, semilla",200,"LATAS","ITALIA"
"12105",2025,5,"OFICINA PUESTO DE CONTROL MARITIMO - PROV. CONST. DEL CALLAO","BETARRAGA, semilla",75,"LATAS","ITALIA"
"12106",2025,5,"OFICINA PUESTO DE CONTROL MARITIMO - PROV. CONST. DEL CALLAO","PEREJIL, semilla",125,"LATAS","ITALIA"
"12107",2025,5,"OFICINA PUESTO DE CONTROL MARITIMO - PROV. CONST. DEL CALLAO","ALBAHACA, semilla",25,"LATAS","ITALIA"
"12108",2025,5,"OFICINA PUESTO DE CONTROL MARITIMO - PROV. CONST. DEL CALLAO","SANDIA, semilla",50,"LATAS","ITALIA"
"12109",2025,5,"PUESTO DE CONTROL TERRESTRE DESAGUADERO","SOYA, harina",84000,"SACO(S)","BOLIVIA"
"12110",2025,5,"OFICINA PUESTO DE CONTROL MARITIMO - PROV. CONST. DEL CALLAO","PERA, fruta fresca",23946.3,"CAJA(S)","ARGENTINA"
"12111",2025,5,"OFICINA PUESTO DE CONTROL MARITIMO - PROV. CONST. DEL CALLAO","PERA, fruta fresca",23946.3,"CAJA(S)","ARGENTINA"
"12112",2025,5,"OFICINA PUESTO DE CONTROL MARITIMO - PROV. CONST. DEL CALLAO","PERA, fruta fresca",23946.3,"CAJA(S)","ARGENTINA"
"12113",2025,5,"OFICINA PUESTO DE CONTROL MARITIMO - PROV. CONST. DEL CALLAO","PERA, fruta fresca",23946.3,"CAJA(S)","ARGENTINA"
"12114",2025,5,"OFICINA PUESTO DE CONTROL MARITIMO - PROV. CONST. DEL CALLAO","PERA, fruta fresca",23946.3,"CAJA(S)","ARGENTINA"
"12115",2025,5,"OFICINA PUESTO DE CONTROL MARITIMO - PROV. CONST. DEL CALLAO","PERA, fruta fresca",23946.3,"CAJA(S)","ARGENTINA"
"12116",2025,5,"OFICINA PUESTO DE CONTROL MARITIMO - PROV. CONST. DEL CALLAO","AVENA, harina o polvo",1000,"SACO(S)","CHILE"
"12117",2025,5,"OFICINA PUESTO DE CONTROL MARITIMO - PROV. CONST. DEL CALLAO","PERA, fruta fresca",23946.3,"CAJA(S)","ARGENTINA"
"12118",2025,5,"OFICINA PUESTO DE CONTROL MARITIMO - PROV. CONST. DEL CALLAO","MADERA EN PLAQUITAS, o partículas de coníferas con algún proceso de CRF 2",4320,"SACO(S)","ALEMANIA"
"12119",2025,5,"OFICINA PUESTO DE CONTROL MARITIMO - PROV. CONST. DEL CALLAO","MADERA EN PLAQUITAS, o particulas distinta de coníferas con algún proceso de la CRF 2",1440,"SACO(S)","ALEMANIA"
"12120",2025,5,"OFICINA PUESTO DE CONTROL MARITIMO - PROV. CONST. DEL CALLAO","ASERRIN, sin aglomerar, con algún proceso de la CRF 2",2160,"SACO(S)","ALEMANIA"
"12121",2025,5,"OFICINA PUESTO DE CONTROL MARITIMO - PROV. CONST. DEL CALLAO","ALGODON, fibra sin cardar ni peinar (>28.57 mm = o <34.92 mm)",60070,"FARDOS","EEUU"
"12122",2025,5,"OFICINA PUESTO DE CONTROL MARITIMO - PROV. CONST. DEL CALLAO","AJONJOLI, grano",27500,"SACO(S)","INDIA"
"12123",2025,5,"OFICINA PUESTO DE CONTROL MARITIMO - PROV. CONST. DEL CALLAO","AJONJOLI, grano",19000,"SACO(S)","INDIA"
"12124",2025,5,"PUESTO DE CONTROL TERRESTRE DESAGUADERO","SOYA, torta",112000,"SACO(S)","BOLIVIA"
"12125",2025,5,"OFICINA PUESTO DE CONTROL MARITIMO - PROV. CONST. DEL CALLAO","PAPA, fécula",2e+05,"BOLSAS","ALEMANIA"
"12126",2025,5,"PUESTO DE CONTROL TERRESTRE DESAGUADERO","SOYA, harina",87000,"SACO(S)","BOLIVIA"
"12127",2025,5,"PUESTO DE CONTROL TERRESTRE DESAGUADERO","SOYA, torta",87000,"SACO(S)","BOLIVIA"
"12128",2025,5,"PUESTO DE CONTROL TERRESTRE DESAGUADERO","FREJOL NEGRO, grano",30000,"SACO(S)","BOLIVIA"
"12129",2025,5,"PUESTO DE CONTROL TERRESTRE DESAGUADERO","MANI, grano sin cáscara",30000,"SACO(S)","BOLIVIA"
"12130",2025,5,"OFICINA PUESTO DE CONTROL MARITIMO - PROV. CONST. DEL CALLAO","LENTEJA, grano",26535,"SACO(S)","CANADA"
"12131",2025,5,"OFICINA PUESTO DE CONTROL MARITIMO - PROV. CONST. DEL CALLAO","ALGODON, fibra sin cardar ni peinar (>22.22 mm = o <28.57 mm)",198700,"FARDOS","EEUU"
"12132",2025,5,"OFICINA PUESTO DE CONTROL MARITIMO - PROV. CONST. DEL CALLAO","ALGODON, fibra sin cardar ni peinar (>22.22 mm = o <28.57 mm)",158990,"FARDOS","EEUU"
"12133",2025,5,"PUERTO DE PISCO , ICA","PINO, postes de madera con algun proceso de la CRF 2",140028,"PAQUETES","EEUU"
"12134",2025,5,"PUESTO DE CONTROL TERRESTRE DESAGUADERO","SOYA, torta",54530,"GRANEL","BOLIVIA"
"12135",2025,5,"PUESTO DE CONTROL TERRESTRE DESAGUADERO","SOYA, torta",110550,"GRANEL","BOLIVIA"
"12136",2025,5,"AGUAS VERDES, TUMBES","ROSA, flores frescas cortadas",3000,"CAJA(S)","ECUADOR"
"12137",2025,5,"OFICINA PUESTO DE CONTROL MARITIMO - PROV. CONST. DEL CALLAO","MATERIAS VEGETALES, para tallar trabajadas con algun proceso de la CRF 2",511.743,"UNIDADES","CHINA"
"12138",2025,5,"OFICINA PUESTO DE CONTROL AEREO -  PROV. CONST. DEL CALLAO","MEZCLA DE ESPECIAS, molida",320,"SACO(S)","MEXICO"
"12139",2025,5,"OFICINA PUESTO DE CONTROL MARITIMO - PROV. CONST. DEL CALLAO","ALGODON, fibra sin cardar ni peinar (>28.57 mm = o <34.92 mm)",260630,"FARDOS","EEUU"
"12140",2025,5,"OFICINA PUESTO DE CONTROL MARITIMO - PROV. CONST. DEL CALLAO","ALGODON, fibra sin cardar ni peinar (>28.57 mm = o <34.92 mm)",40680,"FARDOS","EEUU"
"12141",2025,5,"PUERTO DE SALAVERRY, LA LIBERTAD","TRIGO, grano",11500000,"GRANEL","CANADA"
"12142",2025,5,"PUESTO DE CONTROL TERRESTRE DESAGUADERO","MANI, grano sin cáscara",28000,"SACO(S)","BOLIVIA"
"12143",2025,5,"PUESTO DE CONTROL TERRESTRE DESAGUADERO","SOYA, torta",28000,"GRANEL","BOLIVIA"
"12144",2025,5,"PUESTO DE CONTROL TERRESTRE DESAGUADERO","SOYA, torta",28000,"GRANEL","BOLIVIA"
"12145",2025,5,"OFICINA PUESTO DE CONTROL MARITIMO - PROV. CONST. DEL CALLAO","ANIS O BADIANA, grano",20000,"SACO(S)","TURQUIA"
"12146",2025,5,"PUESTO DE CONTROL TERRESTRE DESAGUADERO","AZUCAR BLANCA O REFINADA (lectura polarimetrica mayor 99.5°)",145000,"SACO(S)","BOLIVIA"
"12147",2025,5,"OFICINA PUESTO DE CONTROL MARITIMO - PROV. CONST. DEL CALLAO","CAUCHO, hojas ahumadas",20000,"UNIDADES","VIETNAM"
"12148",2025,5,"PUESTO DE CONTROL TERRESTRE DESAGUADERO","MANI, grano sin cáscara",87000,"SACO(S)","BOLIVIA"
"12149",2025,5,"OFICINA PUESTO DE CONTROL MARITIMO - PROV. CONST. DEL CALLAO","PINO, madera en bruto con algún proceso de CRF 2",100200,"UNIDADES","CHILE"
"12150",2025,5,"OFICINA PUESTO DE CONTROL AEREO -  PROV. CONST. DEL CALLAO","PIMIENTO, semilla",0.088979,"SACHETS","HOLANDA"
"12151",2025,5,"PUESTO DE CONTROL TERRESTRE DESAGUADERO","SOYA, harina",50000,"SACO(S)","BOLIVIA"
"12152",2025,5,"PUESTO DE CONTROL TERRESTRE DESAGUADERO","SOYA, harina",28000,"SACO(S)","BOLIVIA"
"12153",2025,5,"OFICINA PUESTO DE CONTROL MARITIMO - PROV. CONST. DEL CALLAO","FLOR DE JAMAICA, seca natural",12000,"SACO(S)","NIGERIA"
"12154",2025,5,"PUERTO DE PAITA , PIURA","MANZANA, fruta fresca",17920,"CAJA(S)","EEUU"
"12155",2025,5,"PUESTO DE CONTROL TERRESTRE DESAGUADERO","SOYA, torta",140500,"SACO(S)","BOLIVIA"
"12156",2025,5,"OFICINA PUESTO DE CONTROL MARITIMO - PROV. CONST. DEL CALLAO","UVA (PASAS), secas industrialmente",25400,"CAJA(S)","INDIA"
"12157",2025,5,"PUESTO DE CONTROL TERRESTRE DESAGUADERO","MANI, grano sin cáscara",29000,"SACO(S)","BOLIVIA"
"12158",2025,5,"OFICINA PUESTO DE CONTROL AEREO -  PROV. CONST. DEL CALLAO","TE VERDE, hoja polvo",5,"SACHETS","JAPON"
"12159",2025,5,"PUESTO DE CONTROL TERRESTRE DESAGUADERO","SOYA, torta",56000,"SACO(S)","BOLIVIA"
"12160",2025,5,"OFICINA PUESTO DE CONTROL MARITIMO - PROV. CONST. DEL CALLAO","PERA, fruta fresca",22680,"CAJA(S)","ARGENTINA"
"12161",2025,5,"OFICINA PUESTO DE CONTROL MARITIMO - PROV. CONST. DEL CALLAO","PERA, fruta fresca",23946.3,"CAJA(S)","ARGENTINA"
"12162",2025,5,"OFICINA PUESTO DE CONTROL MARITIMO - PROV. CONST. DEL CALLAO","MANZANA, fruta fresca",18718,"CAJA(S)","ARGENTINA"
"12163",2025,5,"OFICINA PUESTO DE CONTROL MARITIMO - PROV. CONST. DEL CALLAO","MANZANA, fruta fresca",20580,"CAJA(S)","EEUU"
"12164",2025,5,"OFICINA PUESTO DE CONTROL MARITIMO - PROV. CONST. DEL CALLAO","ALMENDRA, sin cáscara secado al natural",16329.5,"CAJA(S)","EEUU"
"12165",2025,5,"OFICINA PUESTO DE CONTROL MARITIMO - PROV. CONST. DEL CALLAO","MAIZ, semilla",22219,"BOLSAS","BOLIVIA"
"12166",2025,5,"OFICINA PUESTO DE CONTROL AEREO -  PROV. CONST. DEL CALLAO","CALENDULA, trozos secos con algún proceso de la CRF2",5,"BOLSAS","FRANCIA"
"12167",2025,5,"OFICINA PUESTO DE CONTROL MARITIMO - PROV. CONST. DEL CALLAO","MAIZ, harina",21600,"BOLSAS","COLOMBIA"
"12168",2025,5,"OFICINA PUESTO DE CONTROL MARITIMO - PROV. CONST. DEL CALLAO","LILIUM (=AZUCENA), bulbo",19950,"JABAS","HOLANDA"
"12169",2025,5,"OFICINA PUESTO DE CONTROL MARITIMO - PROV. CONST. DEL CALLAO","TULIPAN, bulbo",18876,"JABAS","CHILE"
"12170",2025,5,"OFICINA PUESTO DE CONTROL MARITIMO - PROV. CONST. DEL CALLAO","AJONJOLI, grano",10000,"BOLSAS","GUATEMALA"
"12171",2025,5,"OFICINA PUESTO DE CONTROL MARITIMO - PROV. CONST. DEL CALLAO","MANZANA, fruta fresca",20580,"CAJA(S)","EEUU"
"12172",2025,5,"OFICINA PUESTO DE CONTROL MARITIMO - PROV. CONST. DEL CALLAO","PERA, fruta fresca",22680,"CAJA(S)","ARGENTINA"
"12173",2025,5,"OFICINA PUESTO DE CONTROL MARITIMO - PROV. CONST. DEL CALLAO","PERA, fruta fresca",22680,"CAJA(S)","ARGENTINA"
"12174",2025,5,"OFICINA PUESTO DE CONTROL MARITIMO - PROV. CONST. DEL CALLAO","MANZANA, fruta fresca",5880,"CAJA(S)","ARGENTINA"
"12175",2025,5,"OFICINA PUESTO DE CONTROL MARITIMO - PROV. CONST. DEL CALLAO","PERA, fruta fresca",16443,"CAJA(S)","ARGENTINA"
"12176",2025,5,"OFICINA PUESTO DE CONTROL MARITIMO - PROV. CONST. DEL CALLAO","ALGODON, fibra sin cardar ni peinar (>34.92 mm)",95810,"FARDOS","EEUU"
"12177",2025,5,"OFICINA PUESTO DE CONTROL MARITIMO - PROV. CONST. DEL CALLAO","COCO, fibra (para sustrato)",142190,"PALETAS","INDIA"
"12178",2025,5,"OFICINA PUESTO DE CONTROL MARITIMO - PROV. CONST. DEL CALLAO","COCO, fibra (para sustrato)",48310,"PALETAS","INDIA"
"12179",2025,5,"OFICINA PUESTO DE CONTROL MARITIMO - PROV. CONST. DEL CALLAO","COCO, fibra (para sustrato)",23470,"PALETAS","INDIA"
"12180",2025,5,"OFICINA PUESTO DE CONTROL MARITIMO - PROV. CONST. DEL CALLAO","PINO, madera aserrada con algún proceso de la CRF2",92815,"PAQUETES","CHILE"
"12181",2025,5,"OFICINA PUESTO DE CONTROL MARITIMO - PROV. CONST. DEL CALLAO","PINO, madera aserrada con algún proceso de la CRF2",245145,"PAQUETES","CHILE"
"12182",2025,5,"OFICINA PUESTO DE CONTROL MARITIMO - PROV. CONST. DEL CALLAO","PINO, madera aserrada con algún proceso de la CRF2",45396,"PAQUETES","CHILE"
"12183",2025,5,"OFICINA PUESTO DE CONTROL AEREO -  PROV. CONST. DEL CALLAO","MANI, grano sin cáscara",0.65,"BOLSAS","BRASIL"
"12184",2025,5,"PUESTO DE CONTROL TERRESTRE DESAGUADERO","SOYA, harina",112000,"SACO(S)","BOLIVIA"
"12185",2025,5,"OFICINA PUESTO DE CONTROL MARITIMO - PROV. CONST. DEL CALLAO","PINO, madera aserrada con algún proceso de la CRF2",18890,"PAQUETES","CHILE"
"12186",2025,5,"OFICINA PUESTO DE CONTROL MARITIMO - PROV. CONST. DEL CALLAO","ARROZ, parbolizado pulido o sin cáscara",504000,"SACO(S)","BRASIL"
"12187",2025,5,"OFICINA PUESTO DE CONTROL MARITIMO - PROV. CONST. DEL CALLAO","AZUCAR BLANCA O REFINADA (lectura polarimetrica mayor 99.5°)",1e+05,"SACO(S)","COLOMBIA"
"12188",2025,5,"OFICINA PUESTO DE CONTROL AEREO -  PROV. CONST. DEL CALLAO","SANDIA, semilla",7.393,"SACHETS","EEUU"
"12189",2025,5,"PUESTO DE CONTROL TERRESTRE DESAGUADERO","SOYA, torta",58000,"GRANEL","BOLIVIA"
"12190",2025,5,"PUESTO DE CONTROL TERRESTRE DESAGUADERO","SOYA, torta",58040,"GRANEL","BOLIVIA"
"12191",2025,5,"PUESTO DE CONTROL TERRESTRE DESAGUADERO","SOYA, torta",56740,"GRANEL","BOLIVIA"
"12192",2025,5,"PUERTO DE PAITA , PIURA","MANZANA, fruta fresca",18974,"CAJA(S)","EEUU"
"12193",2025,5,"PUESTO DE CONTROL TERRESTRE DESAGUADERO","SOYA, torta",28000,"GRANEL","BOLIVIA"
"12194",2025,5,"PUESTO DE CONTROL TERRESTRE DESAGUADERO","SOYA, torta",28000,"GRANEL","BOLIVIA"
"12195",2025,5,"PUESTO DE CONTROL TERRESTRE DESAGUADERO","SOYA, torta",28000,"GRANEL","BOLIVIA"
"12196",2025,5,"PUESTO DE CONTROL TERRESTRE DESAGUADERO","SOYA, torta",56000,"GRANEL","BOLIVIA"
"12197",2025,5,"PUESTO DE CONTROL TERRESTRE DESAGUADERO","SOYA, torta",28000,"GRANEL","BOLIVIA"
"12198",2025,5,"PUESTO DE CONTROL TERRESTRE DESAGUADERO","SOYA, torta",28000,"GRANEL","BOLIVIA"
"12199",2025,5,"AGUAS VERDES, TUMBES","CAÑA DE GUAYAQUIL, seca al natural",32000,"UNIDADES","ECUADOR"
"12200",2025,5,"AGUAS VERDES, TUMBES","CAÑA DE GUAYAQUIL, seca al natural",34000,"UNIDADES","ECUADOR"
"12201",2025,5,"OFICINA PUESTO DE CONTROL MARITIMO - PROV. CONST. DEL CALLAO","PERA, fruta fresca",23946.3,"CAJA(S)","ARGENTINA"
"12202",2025,5,"PUESTO DE CONTROL TERRESTRE DESAGUADERO","SOYA, torta",56000,"GRANEL","BOLIVIA"
"12203",2025,5,"OFICINA PUESTO DE CONTROL MARITIMO - PROV. CONST. DEL CALLAO","Articulos para fiestas de navidad que sean o contengan material vegetal
",400,"UNIDADES","CHINA"
"12204",2025,5,"OFICINA PUESTO DE CONTROL MARITIMO - PROV. CONST. DEL CALLAO","MATERIAS VEGETALES, para tallar trabajadas con algun proceso de la CRF 2",11847,"UNIDADES","CHINA"
"12205",2025,5,"OFICINA PUESTO DE CONTROL MARITIMO - PROV. CONST. DEL CALLAO","CENTENO, harina",2000,"SACO(S)","CHILE"
"12206",2025,5,"OFICINA PUESTO DE CONTROL MARITIMO - PROV. CONST. DEL CALLAO","SOYA, harina",400,"SACO(S)","CHILE"
"12207",2025,5,"OFICINA PUESTO DE CONTROL MARITIMO - PROV. CONST. DEL CALLAO","ALGARROBO, harina",150,"SACO(S)","CHILE"
"12208",2025,5,"OFICINA PUESTO DE CONTROL MARITIMO - PROV. CONST. DEL CALLAO","ARVEJA, grano partido",98884,"SACO(S)","CANADA"
"12209",2025,5,"OFICINA PUESTO DE CONTROL MARITIMO - PROV. CONST. DEL CALLAO","TURBA",149800,"BOLSAS","HOLANDA"
"12210",2025,5,"OFICINA PUESTO DE CONTROL MARITIMO - PROV. CONST. DEL CALLAO","AVENA, grano aplastado o en copos (hojuelas)",78000,"SACO(S)","CHILE"
"12211",2025,5,"OFICINA PUESTO DE CONTROL MARITIMO - PROV. CONST. DEL CALLAO","CANELA, corteza entera seca al natural",16000,"CAJA(S)","SRI LANKA"
"12212",2025,5,"OFICINA PUESTO DE CONTROL MARITIMO - PROV. CONST. DEL CALLAO","ALGODON, fibra sin cardar ni peinar (>28.57 mm = o <34.92 mm)",37760,"FARDOS","EEUU"
"12213",2025,5,"PUESTO DE CONTROL TERRESTRE DESAGUADERO","SOYA, torta",28000,"GRANEL","BOLIVIA"
"12214",2025,5,"PUESTO DE CONTROL TERRESTRE DESAGUADERO","SOYA, torta",28000,"GRANEL","BOLIVIA"
"12215",2025,5,"PUESTO DE CONTROL TERRESTRE DESAGUADERO","SOYA, torta",28000,"GRANEL","BOLIVIA"
"12216",2025,5,"PUESTO DE CONTROL TERRESTRE DESAGUADERO","SOYA, torta",170000,"SACO(S)","BOLIVIA"
"12217",2025,5,"PUESTO DE CONTROL TERRESTRE DESAGUADERO","SOYA, torta",28070,"GRANEL","BOLIVIA"
"12218",2025,5,"PUESTO DE CONTROL TERRESTRE DESAGUADERO","SOYA, torta",28000,"GRANEL","BOLIVIA"
"12219",2025,5,"PUESTO DE CONTROL TERRESTRE DESAGUADERO","SOYA, torta",28000,"GRANEL","BOLIVIA"
"12220",2025,5,"PUESTO DE CONTROL TERRESTRE DESAGUADERO","SOYA, torta",28000,"GRANEL","BOLIVIA"
"12221",2025,5,"OFICINA PUESTO DE CONTROL MARITIMO - PROV. CONST. DEL CALLAO","MARCOS, madera",1194.3,"UNIDADES","PANAMA"
"12222",2025,5,"OFICINA PUESTO DE CONTROL MARITIMO - PROV. CONST. DEL CALLAO","BAMBU, esterillas, esteras y cañizos con algún proceso de la CRF2",5.01,"UNIDADES","PANAMA"
"12223",2025,5,"OFICINA PUESTO DE CONTROL MARITIMO - PROV. CONST. DEL CALLAO","MATERIA VEGETAL, trenzas, materia trenzable incluso ensamblados en tiras tejidos o paralelizados en forma plana con algún proceso de la CRF 2",83.983,"UNIDADES","PANAMA"
"12224",2025,5,"OFICINA PUESTO DE CONTROL MARITIMO - PROV. CONST. DEL CALLAO","Articulos de cesteria (canastos, cestos u otros), con algun proceso de la CRF2",19.449,"UNIDADES","PANAMA"
"12225",2025,5,"OFICINA PUESTO DE CONTROL MARITIMO - PROV. CONST. DEL CALLAO","LENTEJA, grano",64630,"SACO(S)","EEUU"
"12226",2025,5,"OFICINA PUESTO DE CONTROL MARITIMO - PROV. CONST. DEL CALLAO","ARVEJA, grano partido",49442,"SACO(S)","CANADA"
"12227",2025,5,"OFICINA PUESTO DE CONTROL MARITIMO - PROV. CONST. DEL CALLAO","GARBANZO, grano",21910,"SACO(S)","MEXICO"
"12228",2025,5,"OFICINA PUESTO DE CONTROL MARITIMO - PROV. CONST. DEL CALLAO","KIWI, fruto fresco",16800,"CAJA(S)","CHILE"
"12229",2025,5,"OFICINA PUESTO DE CONTROL MARITIMO - PROV. CONST. DEL CALLAO","AZUCAR BLANCA O REFINADA (lectura polarimetrica mayor 99.5°)",79500,"SACO(S)","COLOMBIA"
"12230",2025,5,"OFICINA PUESTO DE CONTROL MARITIMO - PROV. CONST. DEL CALLAO","PINO, madera aserrada con algún proceso de la CRF2",23503.95,"PAQUETES","CHILE"
"12231",2025,5,"OFICINA PUESTO DE CONTROL MARITIMO - PROV. CONST. DEL CALLAO","PINO, madera aserrada con algún proceso de la CRF2",45268,"PAQUETES","CHILE"
"12232",2025,5,"PUESTO DE CONTROL TERRESTRE DESAGUADERO","SOYA, torta",83500,"GRANEL","BOLIVIA"
"12233",2025,5,"OFICINA PUESTO DE CONTROL MARITIMO - PROV. CONST. DEL CALLAO","PINO, madera aserrada con algún proceso de la CRF2",22997.6,"PAQUETES","CHILE"
"12234",2025,5,"OFICINA PUESTO DE CONTROL MARITIMO - PROV. CONST. DEL CALLAO","PINO, madera aserrada con algún proceso de la CRF2",24331,"PAQUETES","CHILE"
"12235",2025,5,"PUESTO DE CONTROL TERRESTRE DESAGUADERO","SOYA, torta",146500,"SACO(S)","BOLIVIA"
"12236",2025,5,"PUESTO DE CONTROL TERRESTRE DESAGUADERO","SOYA, harina",174000,"SACO(S)","BOLIVIA"
"12237",2025,5,"PUESTO DE CONTROL TERRESTRE DESAGUADERO","SOYA, torta",28000,"GRANEL","BOLIVIA"
"12238",2025,5,"PUESTO DE CONTROL TERRESTRE DESAGUADERO","SOYA, torta",28000,"GRANEL","BOLIVIA"
"12239",2025,5,"PUESTO DE CONTROL TERRESTRE DESAGUADERO","SOYA, torta",28000,"GRANEL","BOLIVIA"
"12240",2025,5,"PUESTO DE CONTROL TERRESTRE DESAGUADERO","SOYA, torta",28000,"GRANEL","BOLIVIA"
"12241",2025,5,"PUESTO DE CONTROL TERRESTRE DESAGUADERO","SOYA, harina",145000,"SACO(S)","BOLIVIA"
"12242",2025,5,"OFICINA PUESTO DE CONTROL MARITIMO - PROV. CONST. DEL CALLAO","AZUCAR BLANCA O REFINADA (lectura polarimetrica mayor 99.5°)",264950,"SACO(S)","COLOMBIA"
"12243",2025,5,"OFICINA PUESTO DE CONTROL MARITIMO - PROV. CONST. DEL CALLAO","MANI, grano sin cáscara",49700,"SACO(S)","BRASIL"
"12244",2025,5,"OFICINA PUESTO DE CONTROL MARITIMO - PROV. CONST. DEL CALLAO","CEBOLLA, fresca",26725,"CAJA(S)","EEUU"
"12245",2025,5,"OFICINA PUESTO DE CONTROL MARITIMO - PROV. CONST. DEL CALLAO","MANZANA, fruto fresco",39886,"CAJA(S)","CHILE"
"12246",2025,5,"PUESTO DE CONTROL TERRESTRE DESAGUADERO","SOYA, torta",57520,"GRANEL","BOLIVIA"
"12247",2025,5,"PUESTO DE CONTROL TERRESTRE DESAGUADERO","SOYA, torta",57000,"GRANEL","BOLIVIA"
"12248",2025,5,"OFICINA PUESTO DE CONTROL AEREO -  PROV. CONST. DEL CALLAO","ORQUIDEA, planta",528,"CAJA(S)","HOLANDA"
"12249",2025,5,"PUESTO DE CONTROL TERRESTRE DESAGUADERO","SOYA, torta",114000,"SACO(S)","BOLIVIA"
"12250",2025,5,"OFICINA PUESTO DE CONTROL MARITIMO - PROV. CONST. DEL CALLAO","MADERA, encofrados para hormigon, de madera con algún proceso de la CRF2
",35447,"PIEZAS","ALEMANIA"
"12251",2025,5,"OFICINA PUESTO DE CONTROL MARITIMO - PROV. CONST. DEL CALLAO","CAUCHO, hojas ahumadas",20000,"BALDES","VIETNAM"
"12252",2025,5,"OFICINA PUESTO DE CONTROL MARITIMO - PROV. CONST. DEL CALLAO","PERA, fruta fresca",25137,"CAJA(S)","ARGENTINA"
"12253",2025,5,"OFICINA PUESTO DE CONTROL MARITIMO - PROV. CONST. DEL CALLAO","PERA, fruta fresca",23814,"CAJA(S)","ARGENTINA"
"12254",2025,5,"OFICINA PUESTO DE CONTROL MARITIMO - PROV. CONST. DEL CALLAO","PERA, fruta fresca",25137,"CAJA(S)","ARGENTINA"
"12255",2025,5,"OFICINA PUESTO DE CONTROL MARITIMO - PROV. CONST. DEL CALLAO","SOYA, torta",8392210,"GRANEL","BOLIVIA"
"12256",2025,5,"OFICINA PUESTO DE CONTROL AEREO -  PROV. CONST. DEL CALLAO","ALGARROBO, harina",12,"BOLSAS","ARGELIA"
"12257",2025,5,"OFICINA PUESTO DE CONTROL MARITIMO - PROV. CONST. DEL CALLAO","MANZANA, fruto fresco",58653,"CAJA(S)","CHILE"
"12258",2025,5,"OFICINA PUESTO DE CONTROL MARITIMO - PROV. CONST. DEL CALLAO","PERA, fruta fresca",23946.3,"CAJA(S)","ARGENTINA"
"12259",2025,5,"OFICINA PUESTO DE CONTROL MARITIMO - PROV. CONST. DEL CALLAO","PERA, fruta fresca",23946.3,"CAJA(S)","ARGENTINA"
"12260",2025,5,"OFICINA PUESTO DE CONTROL MARITIMO - PROV. CONST. DEL CALLAO","PERA, fruta fresca",23946.3,"CAJA(S)","ARGENTINA"
"12261",2025,5,"OFICINA PUESTO DE CONTROL MARITIMO - PROV. CONST. DEL CALLAO","AZUCAR BLANCA O REFINADA (lectura polarimetrica mayor 99.5°)",1e+05,"SACO(S)","COLOMBIA"
"12262",2025,5,"OFICINA PUESTO DE CONTROL MARITIMO - PROV. CONST. DEL CALLAO","PERA, fruta fresca",22680,"CAJA(S)","ARGENTINA"
"12263",2025,5,"OFICINA PUESTO DE CONTROL MARITIMO - PROV. CONST. DEL CALLAO","PERA, fruta fresca",22680,"CAJA(S)","ARGENTINA"
"12264",2025,5,"PUESTO DE CONTROL TERRESTRE DESAGUADERO","SOYA, torta",56000,"SACO(S)","BOLIVIA"
"12265",2025,5,"PUESTO DE CONTROL TERRESTRE DESAGUADERO","SOYA, torta",145000,"SACO(S)","BOLIVIA"
"12266",2025,5,"PUESTO DE CONTROL TERRESTRE DESAGUADERO","SOYA, torta",173500,"SACO(S)","BOLIVIA"
"12267",2025,5,"PUESTO DE CONTROL TERRESTRE DESAGUADERO","SOYA, torta",56000,"GRANEL","BOLIVIA"
"12268",2025,5,"PUESTO DE CONTROL TERRESTRE DESAGUADERO","SOYA, torta",58000,"SACO(S)","BOLIVIA"
"12269",2025,5,"PUESTO DE CONTROL TERRESTRE DESAGUADERO","SOYA, torta",85500,"SACO(S)","BOLIVIA"
"12270",2025,5,"PUESTO DE CONTROL TERRESTRE DESAGUADERO","SOYA, torta",28000,"SACO(S)","BOLIVIA"
"12271",2025,5,"PUESTO DE CONTROL TERRESTRE DESAGUADERO","SOYA, torta",29000,"SACO(S)","BOLIVIA"
"12272",2025,5,"PUESTO DE CONTROL TERRESTRE DESAGUADERO","SOYA, harina",87000,"SACO(S)","BOLIVIA"
"12273",2025,5,"PUESTO DE CONTROL TERRESTRE DESAGUADERO","SOYA, torta",28000,"SACO(S)","BOLIVIA"
"12274",2025,5,"PUESTO DE CONTROL TERRESTRE DESAGUADERO","SOYA, torta",27000,"SACO(S)","BOLIVIA"
"12275",2025,5,"OFICINA PUESTO DE CONTROL MARITIMO - PROV. CONST. DEL CALLAO","TURBA",97678,"PACAS","LETONIA"
"12276",2025,5,"OFICINA PUESTO DE CONTROL MARITIMO - PROV. CONST. DEL CALLAO","AVENA, grano trabajado (mondado, perlado, troceado o quebrantado)",1e+05,"SACO(S)","CHILE"
"12277",2025,5,"OFICINA PUESTO DE CONTROL AEREO -  PROV. CONST. DEL CALLAO","COCO, fibra (para sustrato)",24,"PIEZAS","INDIA"
"12278",2025,5,"OFICINA PUESTO DE CONTROL MARITIMO - PROV. CONST. DEL CALLAO","MADERA, las demás hojas para chapado,de las demas maderas tropicales",1850,"PIEZAS","CHINA"
"12279",2025,5,"PUESTO DE CONTROL TERRESTRE DESAGUADERO","SOYA, torta",28000,"GRANEL","BOLIVIA"
"12280",2025,5,"OFICINA PUESTO DE CONTROL MARITIMO - PROV. CONST. DEL CALLAO","AVENA, grano trabajado (mondado, perlado, troceado o quebrantado)",26250,"SACO(S)","CHILE"
"12281",2025,5,"OFICINA PUESTO DE CONTROL MARITIMO - PROV. CONST. DEL CALLAO","FREJOL CANARIO, grano",47800,"SACO(S)","MEXICO"
"12282",2025,5,"AGUAS VERDES, TUMBES","ROSA, flores frescas cortadas",4600,"CAJA(S)","ECUADOR"
"12283",2025,5,"AGUAS VERDES, TUMBES","CLAVEL, flores frescas cortadas",1330,"CAJA(S)","ECUADOR"
"12284",2025,5,"AGUAS VERDES, TUMBES","CRISANTEMO, flores frescas cortadas",70,"CAJA(S)","ECUADOR"
"12285",2025,5,"OFICINA PUESTO DE CONTROL MARITIMO - PROV. CONST. DEL CALLAO","MAIZ, semilla",18089,"SACO(S)","TAILANDIA"
"12286",2025,5,"PUESTO DE CONTROL TERRESTRE DESAGUADERO","SOYA, torta",116000,"SACO(S)","BOLIVIA"
"12287",2025,5,"PUESTO DE CONTROL TERRESTRE DESAGUADERO","SOYA, torta",116000,"SACO(S)","BOLIVIA"
"12288",2025,5,"PUESTO DE CONTROL TERRESTRE DESAGUADERO","SOYA, torta",203000,"SACO(S)","BOLIVIA"
"12289",2025,5,"PUESTO DE CONTROL TERRESTRE DESAGUADERO","SOYA, torta",145000,"SACO(S)","BOLIVIA"
"12290",2025,5,"OFICINA PUESTO DE CONTROL MARITIMO - PROV. CONST. DEL CALLAO","ARROZ, parbolizado pulido o sin cáscara",127500,"SACO(S)","BRASIL"
"12291",2025,5,"PUERTO DE MATARANI , AREQUIPA","PINO, postes de madera con algun proceso de la CRF 2",50288,"PIEZAS","EEUU"
"12292",2025,5,"AGUAS VERDES, TUMBES","ROSA, flores frescas cortadas",4340,"CAJA(S)","ECUADOR"
"12293",2025,5,"AGUAS VERDES, TUMBES","CLAVEL, flores frescas cortadas",175,"CAJA(S)","ECUADOR"
"12294",2025,5,"AGUAS VERDES, TUMBES","CRISANTEMO, flores frescas cortadas",420,"CAJA(S)","ECUADOR"
"12295",2025,5,"OFICINA PUESTO DE CONTROL MARITIMO - PROV. CONST. DEL CALLAO","ARVEJA, grano partido",147970,"SACO(S)","CANADA"
"12296",2025,5,"OFICINA PUESTO DE CONTROL MARITIMO - PROV. CONST. DEL CALLAO","LENTEJA, grano",222634,"SACO(S)","CANADA"
"12297",2025,5,"PUERTO DE PAITA , PIURA","YUTE, sacos",56980,"FARDOS","INDIA"
"12298",2025,5,"PUESTO DE CONTROL TERRESTRE DESAGUADERO","MANI, grano sin cáscara",30000,"SACO(S)","BOLIVIA"
"12299",2025,5,"OFICINA PUESTO DE CONTROL MARITIMO - PROV. CONST. DEL CALLAO","Articulos para fiestas de navidad que sean o contengan material vegetal
",647.14,"CAJA(S)","CHINA"
"12300",2025,5,"OFICINA PUESTO DE CONTROL MARITIMO - PROV. CONST. DEL CALLAO","LENTEJA, grano",74662,"SACO(S)","CANADA"
"12301",2025,5,"OFICINA PUESTO DE CONTROL MARITIMO - PROV. CONST. DEL CALLAO","KIWI, fruto fresco",23640,"CAJA(S)","CHILE"
"12302",2025,5,"OFICINA PUESTO DE CONTROL MARITIMO - PROV. CONST. DEL CALLAO","PERA, fruta fresca",23436,"CAJA(S)","ARGENTINA"
"12303",2025,5,"OFICINA PUESTO DE CONTROL MARITIMO - PROV. CONST. DEL CALLAO","PERA, fruta fresca",47628,"CAJA(S)","ARGENTINA"
"12304",2025,5,"OFICINA PUESTO DE CONTROL MARITIMO - PROV. CONST. DEL CALLAO","PERA, fruta fresca",23814,"CAJA(S)","ARGENTINA"
"12305",2025,5,"OFICINA PUESTO DE CONTROL MARITIMO - PROV. CONST. DEL CALLAO","COCO, fibra (para sustrato)",159300,"PALETAS","INDIA"
"12306",2025,5,"OFICINA PUESTO DE CONTROL MARITIMO - PROV. CONST. DEL CALLAO","LENTEJA, grano",24766,"SACO(S)","CANADA"
"12307",2025,5,"OFICINA PUESTO DE CONTROL AEREO -  PROV. CONST. DEL CALLAO","PALMA ACEITERA, semilla germinada",368,"CAJA(S)","COSTA RICA"
"12308",2025,5,"OFICINA PUESTO DE CONTROL MARITIMO - PROV. CONST. DEL CALLAO","Articulos para fiestas de navidad que sean o contengan material vegetal
",3658.888,"BOLSAS","CHINA"
"12309",2025,5,"OFICINA PUESTO DE CONTROL MARITIMO - PROV. CONST. DEL CALLAO","ARVEJA, semilla",300,"SACO(S)","EEUU"
"12310",2025,5,"OFICINA PUESTO DE CONTROL MARITIMO - PROV. CONST. DEL CALLAO","CULANTRO, semilla",6000,"SACO(S)","EEUU"
"12311",2025,5,"OFICINA PUESTO DE CONTROL MARITIMO - PROV. CONST. DEL CALLAO","MELON, semilla",50,"LATAS","EEUU"
"12312",2025,5,"OFICINA PUESTO DE CONTROL MARITIMO - PROV. CONST. DEL CALLAO","CEBOLLA CHINA, semilla",150,"LATAS","EEUU"
"12313",2025,5,"OFICINA PUESTO DE CONTROL MARITIMO - PROV. CONST. DEL CALLAO","BROCOLI, semilla",150,"LATAS","EEUU"
"12314",2025,5,"OFICINA PUESTO DE CONTROL MARITIMO - PROV. CONST. DEL CALLAO","COL, semilla",300,"LATAS","EEUU"
"12315",2025,5,"OFICINA PUESTO DE CONTROL MARITIMO - PROV. CONST. DEL CALLAO","NABO, semilla",200,"LATAS","EEUU"
"12316",2025,5,"OFICINA PUESTO DE CONTROL MARITIMO - PROV. CONST. DEL CALLAO","LECHUGA, semilla",700,"LATAS","EEUU"
"12317",2025,5,"OFICINA PUESTO DE CONTROL MARITIMO - PROV. CONST. DEL CALLAO","ACELGA, semilla",300,"SACHETS","EEUU"
"12318",2025,5,"OFICINA PUESTO DE CONTROL MARITIMO - PROV. CONST. DEL CALLAO","BETARRAGA, semilla",740,"SACHETS","EEUU"
"12319",2025,5,"OFICINA PUESTO DE CONTROL MARITIMO - PROV. CONST. DEL CALLAO","ESPARRAGO, semilla",150,"LATAS","EEUU"
"12320",2025,5,"OFICINA PUESTO DE CONTROL MARITIMO - PROV. CONST. DEL CALLAO","ESPINACA, semilla",300,"LATAS","EEUU"
"12321",2025,5,"OFICINA PUESTO DE CONTROL MARITIMO - PROV. CONST. DEL CALLAO","PEPINILLO, semilla",200,"LATAS","EEUU"
"12322",2025,5,"OFICINA PUESTO DE CONTROL MARITIMO - PROV. CONST. DEL CALLAO","RABANITO, semilla",300,"LATAS","EEUU"
"12323",2025,5,"OFICINA PUESTO DE CONTROL MARITIMO - PROV. CONST. DEL CALLAO","ALBAHACA, semilla",100,"LATAS","EEUU"
"12324",2025,5,"OFICINA PUESTO DE CONTROL MARITIMO - PROV. CONST. DEL CALLAO","SANDIA, semilla",300,"LATAS","EEUU"
"12325",2025,5,"OFICINA PUESTO DE CONTROL MARITIMO - PROV. CONST. DEL CALLAO","TOMATE, semilla",100,"LATAS","EEUU"
"12326",2025,5,"PUESTO DE CONTROL TERRESTRE DESAGUADERO","SOYA, torta",56000,"GRANEL","BOLIVIA"
"12327",2025,5,"PUESTO DE CONTROL TERRESTRE DESAGUADERO","SOYA, harina",55989,"SACO(S)","BOLIVIA"
"12328",2025,5,"PUESTO DE CONTROL TERRESTRE DESAGUADERO","SOYA, torta",28000,"GRANEL","BOLIVIA"
"12329",2025,5,"PUESTO DE CONTROL TERRESTRE DESAGUADERO","SOYA, torta",28000,"GRANEL","BOLIVIA"
"12330",2025,5,"OFICINA PUESTO DE CONTROL MARITIMO - PROV. CONST. DEL CALLAO","PERA, fruta fresca",22680,"CAJA(S)","ARGENTINA"
"12331",2025,5,"PUESTO DE CONTROL TERRESTRE DESAGUADERO","SOYA, torta",28000,"GRANEL","BOLIVIA"
"12332",2025,5,"PUESTO DE CONTROL TERRESTRE DESAGUADERO","SOYA, torta",28050,"GRANEL","BOLIVIA"
"12333",2025,5,"PUESTO DE CONTROL TERRESTRE DESAGUADERO","SOYA, torta",56000,"GRANEL","BOLIVIA"
"12334",2025,5,"OFICINA PUESTO DE CONTROL AEREO -  PROV. CONST. DEL CALLAO","TOMATE, semilla",0.0293,"SACHETS","EEUU"
"12335",2025,5,"OFICINA PUESTO DE CONTROL AEREO -  PROV. CONST. DEL CALLAO","LECHUGA, semilla",0.066,"SACHETS","FRANCIA"
"12336",2025,5,"OFICINA PUESTO DE CONTROL AEREO -  PROV. CONST. DEL CALLAO","LECHUGA, semilla",0.0047,"SACHETS","FRANCIA"
"12337",2025,5,"AGUAS VERDES, TUMBES","CAÑA DE GUAYAQUIL, seca al natural",34000,"UNIDADES","ECUADOR"
"12338",2025,5,"OFICINA PUESTO DE CONTROL MARITIMO - PROV. CONST. DEL CALLAO","LENTEJA, grano",262680,"SACO(S)","CANADA"
"12339",2025,5,"OFICINA PUESTO DE CONTROL AEREO -  PROV. CONST. DEL CALLAO","ESPARRAGO, semilla",30,"LATAS","EEUU"
"12340",2025,5,"OFICINA PUESTO DE CONTROL MARITIMO - PROV. CONST. DEL CALLAO","AZUCAR BLANCA O REFINADA (lectura polarimetrica mayor 99.5°)",265000,"SACO(S)","COLOMBIA"
"12341",2025,5,"OFICINA PUESTO DE CONTROL MARITIMO - PROV. CONST. DEL CALLAO","MARCOS, madera",396.8,"CAJA(S)","CHINA"
"12342",2025,5,"PUERTO DE PAITA , PIURA","AVENA, grano aplastado o en copos (hojuelas)",52000,"SACO(S)","CHILE"
"12343",2025,5,"PUERTO DE PAITA , PIURA","PAPA, fécula",42000,"BOLSAS","ALEMANIA"
"12344",2025,5,"OFICINA PUESTO DE CONTROL AEREO -  PROV. CONST. DEL CALLAO","PIMIENTO, semilla",8.174,"SACHETS","FRANCIA"
"12345",2025,5,"OFICINA PUESTO DE CONTROL AEREO -  PROV. CONST. DEL CALLAO","ZANAHORIA, semilla",74.45,"LATAS","FRANCIA"
"12346",2025,5,"OFICINA PUESTO DE CONTROL MARITIMO - PROV. CONST. DEL CALLAO","PERA, fruta fresca",22680,"CAJA(S)","ARGENTINA"
"12347",2025,5,"OFICINA PUESTO DE CONTROL MARITIMO - PROV. CONST. DEL CALLAO","PERA, fruta fresca",22680,"CAJA(S)","ARGENTINA"
"12348",2025,5,"OFICINA PUESTO DE CONTROL MARITIMO - PROV. CONST. DEL CALLAO","PERA, fruta fresca",22680,"CAJA(S)","ARGENTINA"
"12349",2025,5,"OFICINA PUESTO DE CONTROL MARITIMO - PROV. CONST. DEL CALLAO","PERA, fruta fresca",22680,"CAJA(S)","ARGENTINA"
"12350",2025,5,"PUESTO DE CONTROL TERRESTRE DESAGUADERO","SOYA, torta",28000,"SACO(S)","BOLIVIA"
"12351",2025,5,"OFICINA PUESTO DE CONTROL AEREO -  PROV. CONST. DEL CALLAO","CEBOLLA, semilla",2.662,"SOBRES","CHILE"
"12352",2025,5,"OFICINA PUESTO DE CONTROL AEREO -  PROV. CONST. DEL CALLAO","ESPINACA, semilla",2.554,"SACHETS","HOLANDA"
"12353",2025,5,"OFICINA PUESTO DE CONTROL AEREO -  PROV. CONST. DEL CALLAO","SANDIA, semilla",0.368,"SACHETS","CHILE"
"12354",2025,5,"PUESTO DE CONTROL TERRESTRE DESAGUADERO","SOYA, torta",28000,"GRANEL","BOLIVIA"
"12355",2025,5,"PUESTO DE CONTROL TERRESTRE DESAGUADERO","SOYA, torta",28100,"GRANEL","BOLIVIA"
"12356",2025,5,"PUESTO DE CONTROL TERRESTRE DESAGUADERO","SOYA, torta",26330,"GRANEL","BOLIVIA"
"12357",2025,5,"PUESTO DE CONTROL TERRESTRE DESAGUADERO","SOYA, torta",27590,"GRANEL","BOLIVIA"
"12358",2025,5,"PUESTO DE CONTROL TERRESTRE DESAGUADERO","SOYA, grano",56000,"SACO(S)","BOLIVIA"
"12359",2025,5,"OFICINA PUESTO DE CONTROL MARITIMO - PROV. CONST. DEL CALLAO","PINO, postes de madera con algun proceso de la CRF 2",26100,"PAQUETES","CHILE"
"12360",2025,5,"OFICINA PUESTO DE CONTROL MARITIMO - PROV. CONST. DEL CALLAO","AJONJOLI, grano",27944,"SACO(S)","INDIA"
"12361",2025,5,"OFICINA PUESTO DE CONTROL MARITIMO - PROV. CONST. DEL CALLAO","SOYA, grano",20590,"GRANEL","CANADA"
"12362",2025,5,"OFICINA PUESTO DE CONTROL MARITIMO - PROV. CONST. DEL CALLAO","SOYA, grano",124710,"GRANEL","CANADA"
"12363",2025,5,"PUESTO DE CONTROL TERRESTRE DESAGUADERO","SOYA, torta",85000,"SACO(S)","BOLIVIA"
"12364",2025,5,"PUESTO DE CONTROL TERRESTRE DESAGUADERO","SOYA, torta",103000,"SACO(S)","BOLIVIA"
"12365",2025,5,"OFICINA PUESTO DE CONTROL MARITIMO - PROV. CONST. DEL CALLAO","YUTE, tejido crudo",10800,"ROLLOS","INDIA"
"12366",2025,5,"OFICINA PUESTO DE CONTROL MARITIMO - PROV. CONST. DEL CALLAO","YUTE, sacos",15360,"PACAS","INDIA"
"12367",2025,5,"OFICINA PUESTO DE CONTROL MARITIMO - PROV. CONST. DEL CALLAO","ACHIOTE, grano",35350,"BOLSAS","COSTA DE MARFIL"
"12368",2025,5,"OFICINA PUESTO DE CONTROL MARITIMO - PROV. CONST. DEL CALLAO","MAIZ REVENTON, grano",130000,"SACO(S)","ARGENTINA"
"12369",2025,5,"OFICINA PUESTO DE CONTROL MARITIMO - PROV. CONST. DEL CALLAO","PERA, fruta fresca",22680,"CAJA(S)","ARGENTINA"
"12370",2025,5,"PUERTO DE PAITA , PIURA","PAPA, fécula",40000,"SACO(S)","ALEMANIA"
"12371",2025,5,"OFICINA PUESTO DE CONTROL MARITIMO - PROV. CONST. DEL CALLAO","MANZANA, fruta fresca",18522,"CAJA(S)","EEUU"
"12372",2025,5,"OFICINA PUESTO DE CONTROL MARITIMO - PROV. CONST. DEL CALLAO","FLOR DE JAMAICA, seca natural",24000,"SACO(S)","NIGERIA"
"12373",2025,5,"PUESTO DE CONTROL TERRESTRE DESAGUADERO","SOYA, torta",146000,"SACO(S)","BOLIVIA"
"12374",2025,5,"PUESTO DE CONTROL TERRESTRE DESAGUADERO","SOYA, torta",55918,"SACO(S)","BOLIVIA"
"12375",2025,5,"OFICINA PUESTO DE CONTROL MARITIMO - PROV. CONST. DEL CALLAO","AVENA, grano aplastado o en copos (hojuelas)",26250,"SACO(S)","CHILE"
"12376",2025,5,"PUESTO DE CONTROL TERRESTRE DESAGUADERO","SOYA, harina",58000,"SACO(S)","BOLIVIA"
"12377",2025,5,"PUERTO DE PAITA , PIURA","ALPISTE (=PHALARIS), grano",24993,"SACO(S)","CANADA"
"12378",2025,5,"PUERTO DE PAITA , PIURA","LENTEJA, grano",74571,"SACO(S)","CANADA"
"12379",2025,5,"PUESTO DE CONTROL TERRESTRE DESAGUADERO","SOYA, torta",116000,"SACO(S)","BOLIVIA"
"12380",2025,5,"PUESTO DE CONTROL TERRESTRE DESAGUADERO","SOYA, torta",28000,"GRANEL","BOLIVIA"
"12381",2025,5,"PUESTO DE CONTROL TERRESTRE DESAGUADERO","SOYA, torta",55750,"GRANEL","BOLIVIA"
"12382",2025,5,"OFICINA PUESTO DE CONTROL MARITIMO - PROV. CONST. DEL CALLAO","AVENA, grano aplastado o en copos (hojuelas)",26000,"SACO(S)","CHILE"
"12383",2025,5,"PUESTO DE CONTROL TERRESTRE DESAGUADERO","SOYA, torta",55420,"GRANEL","BOLIVIA"
"12384",2025,5,"OFICINA PUESTO DE CONTROL MARITIMO - PROV. CONST. DEL CALLAO","PERA, fruta fresca",25137,"CAJA(S)","ARGENTINA"
"12385",2025,5,"PUESTO DE CONTROL TERRESTRE DESAGUADERO","SOYA, torta",53000,"GRANEL","BOLIVIA"
"12386",2025,5,"PUESTO DE CONTROL TERRESTRE DESAGUADERO","SOYA, torta",28000,"GRANEL","BOLIVIA"
"12387",2025,5,"PUESTO DE CONTROL TERRESTRE DESAGUADERO","SOYA, torta",24730,"GRANEL","BOLIVIA"
"12388",2025,5,"PUESTO DE CONTROL TERRESTRE DESAGUADERO","SOYA, harina",29312,"SACO(S)","BOLIVIA"
"12389",2025,5,"PUESTO DE CONTROL TERRESTRE DESAGUADERO","SOYA, torta",28982,"SACO(S)","BOLIVIA"
"12390",2025,5,"PUESTO DE CONTROL TERRESTRE DESAGUADERO","SOYA, torta",56000,"GRANEL","BOLIVIA"
"12391",2025,5,"PUESTO DE CONTROL TERRESTRE DESAGUADERO","SOYA, torta",28000,"GRANEL","BOLIVIA"
"12392",2025,5,"PUESTO DE CONTROL TERRESTRE DESAGUADERO","SOYA, torta",28000,"GRANEL","BOLIVIA"
"12393",2025,5,"PUESTO DE CONTROL TERRESTRE DESAGUADERO","SOYA, torta",31210,"GRANEL","BOLIVIA"
"12394",2025,5,"PUESTO DE CONTROL TERRESTRE DESAGUADERO","SOYA, torta",109000,"SACO(S)","BOLIVIA"
"12395",2025,5,"PUERTO DE PAITA , PIURA","LENTEJA, grano",24857,"SACO(S)","CANADA"
"12396",2025,5,"PUESTO DE CONTROL TERRESTRE DESAGUADERO","SOYA, torta",108000,"SACO(S)","BOLIVIA"
"12397",2025,5,"PUESTO DE CONTROL TERRESTRE DESAGUADERO","SOYA, torta",125000,"SACO(S)","BOLIVIA"
"12398",2025,5,"PUESTO DE CONTROL TERRESTRE DESAGUADERO","SOYA, torta",109000,"SACO(S)","BOLIVIA"
"12399",2025,5,"PUESTO DE CONTROL TERRESTRE DESAGUADERO","SOYA, torta",116000,"SACO(S)","BOLIVIA"
"12400",2025,5,"PUESTO DE CONTROL TERRESTRE DESAGUADERO","SOYA, torta",116000,"SACO(S)","BOLIVIA"
"12401",2025,5,"OFICINA PUESTO DE CONTROL MARITIMO - PROV. CONST. DEL CALLAO","FLOR DE JAMAICA, seca natural",12000,"SACO(S)","NIGERIA"
"12402",2025,5,"OFICINA PUESTO DE CONTROL MARITIMO - PROV. CONST. DEL CALLAO","PIMIENTA, grano",8350,"BOLSAS","VIETNAM"
"12403",2025,5,"OFICINA PUESTO DE CONTROL MARITIMO - PROV. CONST. DEL CALLAO","MAIZ, semilla",22122.5,"BOLSAS","BOLIVIA"
"12404",2025,5,"OFICINA PUESTO DE CONTROL MARITIMO - PROV. CONST. DEL CALLAO","TURBA",101420,"BIG BAG","HOLANDA"
"12405",2025,5,"OFICINA PUESTO DE CONTROL MARITIMO - PROV. CONST. DEL CALLAO","MIMBRE, artículos de cestería",434.638,"CAJA(S)","CHINA"
"12406",2025,5,"OFICINA PUESTO DE CONTROL MARITIMO - PROV. CONST. DEL CALLAO","PERA, fruta fresca",22680,"CAJA(S)","ARGENTINA"
"12407",2025,5,"OFICINA PUESTO DE CONTROL MARITIMO - PROV. CONST. DEL CALLAO","PERA, fruta fresca",22680,"CAJA(S)","ARGENTINA"
"12408",2025,5,"OFICINA PUESTO DE CONTROL MARITIMO - PROV. CONST. DEL CALLAO","PERA, fruta fresca",22680,"CAJA(S)","ARGENTINA"
"12409",2025,5,"PUESTO DE CONTROL TERRESTRE DESAGUADERO","SOYA, torta",26017,"SACO(S)","BOLIVIA"
"12410",2025,5,"PUESTO DE CONTROL TERRESTRE DESAGUADERO","SOYA, torta",84060,"GRANEL","BOLIVIA"
"12411",2025,5,"OFICINA PUESTO DE CONTROL MARITIMO - PROV. CONST. DEL CALLAO","GARBANZO, grano",22000,"SACO(S)","MEXICO"
"12412",2025,5,"OFICINA PUESTO DE CONTROL MARITIMO - PROV. CONST. DEL CALLAO","MAIZ, harina",132000,"PACAS","COLOMBIA"
"12413",2025,5,"SANTA ROSA, TACNA","MANZANA, fruto fresco",22322.4,"CAJA(S)","CHILE"
"12414",2025,5,"OFICINA PUESTO DE CONTROL MARITIMO - PROV. CONST. DEL CALLAO","PERA, fruta fresca",23946.3,"CAJA(S)","ARGENTINA"
"12415",2025,5,"SANTA ROSA, TACNA","MANZANA, fruto fresco",21888,"CAJA(S)","CHILE"
"12416",2025,5,"OFICINA PUESTO DE CONTROL MARITIMO - PROV. CONST. DEL CALLAO","BARRILES, CUBAS, TINAS y demas manufacturas de toneleria y sus partes de madera, incluidas las duelas con algún proceso de la  CRF2",44,"UNIDADES","CHILE"
"12417",2025,5,"OFICINA PUESTO DE CONTROL MARITIMO - PROV. CONST. DEL CALLAO","PAPA, fécula",120000,"SACO(S)","ALEMANIA"
"12418",2025,5,"PUESTO DE CONTROL TERRESTRE DESAGUADERO","SOYA, torta",145000,"SACO(S)","BOLIVIA"
"12419",2025,5,"OFICINA PUESTO DE CONTROL MARITIMO - PROV. CONST. DEL CALLAO","PAPA, fécula",240000,"SACO(S)","ALEMANIA"
"12420",2025,5,"OFICINA PUESTO DE CONTROL MARITIMO - PROV. CONST. DEL CALLAO","ARVEJA, semilla",1500,"BOLSAS","ITALIA"
"12421",2025,5,"OFICINA PUESTO DE CONTROL MARITIMO - PROV. CONST. DEL CALLAO","COL, semilla",75,"LATAS","ITALIA"
"12422",2025,5,"OFICINA PUESTO DE CONTROL MARITIMO - PROV. CONST. DEL CALLAO","LECHUGA, semilla",165,"LATAS","ITALIA"
"12423",2025,5,"OFICINA PUESTO DE CONTROL MARITIMO - PROV. CONST. DEL CALLAO","ESPINACA, semilla",100,"LATAS","ITALIA"
"12424",2025,5,"OFICINA PUESTO DE CONTROL MARITIMO - PROV. CONST. DEL CALLAO","COL DE MILAN, semilla",50,"LATAS","ITALIA"
"12425",2025,5,"OFICINA PUESTO DE CONTROL MARITIMO - PROV. CONST. DEL CALLAO","APIO, semilla",30,"LATAS","ITALIA"
"12426",2025,5,"OFICINA PUESTO DE CONTROL MARITIMO - PROV. CONST. DEL CALLAO","PEPINILLO, semilla",35,"LATAS","ITALIA"
"12427",2025,5,"OFICINA PUESTO DE CONTROL MARITIMO - PROV. CONST. DEL CALLAO","RABANITO, semilla",60,"LATAS","ITALIA"
"12428",2025,5,"OFICINA PUESTO DE CONTROL MARITIMO - PROV. CONST. DEL CALLAO","TOMATE, semilla",25,"LATAS","ITALIA"
"12429",2025,5,"OFICINA PUESTO DE CONTROL MARITIMO - PROV. CONST. DEL CALLAO","PERA, fruta fresca",22680,"CAJA(S)","ARGENTINA"
"12430",2025,5,"PUESTO DE CONTROL TERRESTRE DESAGUADERO","SOYA, torta",115500,"SACO(S)","BOLIVIA"
"12431",2025,5,"OFICINA PUESTO DE CONTROL MARITIMO - PROV. CONST. DEL CALLAO","ALGODON, fibra sin cardar ni peinar (>22.22 mm = o <28.57 mm)",38370,"FARDOS","EEUU"
"12432",2025,5,"OFICINA PUESTO DE CONTROL AEREO -  PROV. CONST. DEL CALLAO","MADERA, paletas, paletas caja y demas plataformas para carga, collarines para paletas, con algún proceso de la CRF 2",4.536,"UNIDADES","ITALIA"
"12433",2025,5,"OFICINA PUESTO DE CONTROL MARITIMO - PROV. CONST. DEL CALLAO","LENTEJA, grano",24948,"SACO(S)","CANADA"
"12434",2025,5,"OFICINA PUESTO DE CONTROL MARITIMO - PROV. CONST. DEL CALLAO","ALGODON, fibra sin cardar ni peinar (>28.57 mm = o <34.92 mm)",381530,"FARDOS","EEUU"
"12435",2025,5,"OFICINA PUESTO DE CONTROL MARITIMO - PROV. CONST. DEL CALLAO","ALGODON, fibra sin cardar ni peinar (>28.57 mm = o <34.92 mm)",40360,"FARDOS","EEUU"
"12436",2025,5,"OFICINA PUESTO DE CONTROL MARITIMO - PROV. CONST. DEL CALLAO","COCO, fibra (para sustrato)",46080,"PALETAS","INDIA"
"12437",2025,5,"PUESTO DE CONTROL TERRESTRE DESAGUADERO","SOYA, torta",110940,"GRANEL","BOLIVIA"
"12438",2025,5,"PUESTO DE CONTROL TERRESTRE DESAGUADERO","SOYA, torta",58000,"GRANEL","BOLIVIA"
"12439",2025,5,"OFICINA PUESTO DE CONTROL MARITIMO - PROV. CONST. DEL CALLAO","CATNIP, triturado o pulverizado (molido)",57.324,"CAJA(S)","CHINA"
"12440",2025,5,"SANTA ROSA, TACNA","KIWI, fruto fresco",17568,"CAJA(S)","CHILE"
"12441",2025,5,"OFICINA PUESTO DE CONTROL AEREO -  PROV. CONST. DEL CALLAO","YUTE, sacos",1,"BOLSAS","INDIA"
"12442",2025,5,"OFICINA PUESTO DE CONTROL MARITIMO - PROV. CONST. DEL CALLAO","COMINO, grano",27000,"SACO(S)","INDIA"
"12443",2025,5,"PUESTO DE CONTROL TERRESTRE DESAGUADERO","SOYA, torta",112000,"SACO(S)","BOLIVIA"
"12444",2025,5,"PUESTO DE CONTROL TERRESTRE DESAGUADERO","SOYA, harina",116000,"SACO(S)","BOLIVIA"
"12445",2025,5,"OFICINA PUESTO DE CONTROL MARITIMO - PROV. CONST. DEL CALLAO","QUINUA, grano",19000,"BIG BAG","PERU"
"12446",2025,5,"OFICINA PUESTO DE CONTROL MARITIMO - PROV. CONST. DEL CALLAO","MACA, harina, polvo",3000,"CAJA(S)","PERU"
"12447",2025,5,"OFICINA PUESTO DE CONTROL MARITIMO - PROV. CONST. DEL CALLAO","AGUAJE, polvo",1000,"BOLSAS","PERU"
"12448",2025,5,"OFICINA PUESTO DE CONTROL MARITIMO - PROV. CONST. DEL CALLAO","MACA, con algún proceso de la CRF2",3000,"BOLSAS","PERU"
"12449",2025,5,"SANTA ROSA, TACNA","LAS DEMAS MATERIAS VEGETALES y desperdicios vegetales, residuos y subproductos vegetales",26400,"SACO(S)","CHILE"
"12450",2025,5,"OFICINA PUESTO DE CONTROL AEREO -  PROV. CONST. DEL CALLAO","MAIZ, harina",0.06,"SACHETS","REINO UNIDO"
"12451",2025,5,"OFICINA PUESTO DE CONTROL MARITIMO - PROV. CONST. DEL CALLAO","ARVEJA, grano partido",98884,"SACO(S)","CANADA"
"12452",2025,5,"OFICINA PUESTO DE CONTROL MARITIMO - PROV. CONST. DEL CALLAO","ARROZ, grano pilado",125000,"SACO(S)","URUGUAY"
"12453",2025,5,"OFICINA PUESTO DE CONTROL MARITIMO - PROV. CONST. DEL CALLAO","ARROZ, grano pilado",125000,"SACO(S)","URUGUAY"
"12454",2025,5,"OFICINA PUESTO DE CONTROL MARITIMO - PROV. CONST. DEL CALLAO","ALGODON, fibra sin cardar ni peinar (>34.92 mm)",477825,"FARDOS","EEUU"
"12455",2025,5,"PUESTO DE CONTROL TERRESTRE DESAGUADERO","SOYA, harina",81000,"SACO(S)","BOLIVIA"
"12456",2025,5,"PUESTO DE CONTROL TERRESTRE DESAGUADERO","SOYA, harina",25000,"SACO(S)","BOLIVIA"
"12457",2025,5,"SANTA ROSA, TACNA","TRACTOR USADO, con motor de potencia superior a 33 kW pero inferior o igual a 75 kW",3950,"UNIDADES","CHILE"
"12458",2025,5,"SANTA ROSA, TACNA","MANZANA, fruto fresco",21888,"CAJA(S)","CHILE"
"12459",2025,5,"PUESTO DE CONTROL TERRESTRE DESAGUADERO","SOYA, harina",1e+05,"SACO(S)","BOLIVIA"
"12460",2025,5,"PUESTO DE CONTROL TERRESTRE DESAGUADERO","SOYA, torta",84000,"GRANEL","BOLIVIA"
"12461",2025,5,"PUESTO DE CONTROL TERRESTRE DESAGUADERO","SOYA, torta",28000,"GRANEL","BOLIVIA"
"12462",2025,5,"PUESTO DE CONTROL TERRESTRE DESAGUADERO","SOYA, torta",28000,"GRANEL","BOLIVIA"
"12463",2025,5,"PUESTO DE CONTROL TERRESTRE DESAGUADERO","SOYA, torta",28000,"GRANEL","BOLIVIA"
"12464",2025,5,"OFICINA PUESTO DE CONTROL MARITIMO - PROV. CONST. DEL CALLAO","MAIZ, harina",78000,"PACAS","COLOMBIA"
"12465",2025,5,"OFICINA PUESTO DE CONTROL MARITIMO - PROV. CONST. DEL CALLAO","MAIZ, almidon",19278,"SACO(S)","EEUU"
"12466",2025,5,"OFICINA PUESTO DE CONTROL AEREO -  PROV. CONST. DEL CALLAO","CEBOLLA, semilla",3.472,"LATAS","BRASIL"
"12467",2025,5,"Puerto de Chancay","PINO, madera aserrada con algún proceso de la CRF2",68627.5,"PAQUETES","CHILE"
"12468",2025,5,"OFICINA PUESTO DE CONTROL MARITIMO - PROV. CONST. DEL CALLAO","AVENA, grano aplastado o en copos (hojuelas)",26000,"SACO(S)","CHILE"
"12469",2025,5,"OFICINA PUESTO DE CONTROL MARITIMO - PROV. CONST. DEL CALLAO","ARROZ, parbolizado pulido o sin cáscara",125000,"SACO(S)","BRASIL"
"12470",2025,5,"OFICINA PUESTO DE CONTROL MARITIMO - PROV. CONST. DEL CALLAO","COCO, fibra (para sustrato)",77820,"PALETAS","INDIA"
"12471",2025,5,"OFICINA PUESTO DE CONTROL MARITIMO - PROV. CONST. DEL CALLAO","ALGODON, fibra sin cardar ni peinar (>34.92 mm)",95980,"FARDOS","EEUU"
"12472",2025,5,"PUESTO DE CONTROL TERRESTRE DESAGUADERO","SOYA, torta",28000,"GRANEL","BOLIVIA"
"12473",2025,5,"OFICINA PUESTO DE CONTROL MARITIMO - PROV. CONST. DEL CALLAO","CLAVO DE OLOR, entera seca al natural",23000,"CAJA(S)","BRASIL"
"12474",2025,5,"OFICINA PUESTO DE CONTROL MARITIMO - PROV. CONST. DEL CALLAO","GARBANZO, grano",46000,"SACO(S)","MEXICO"
"12475",2025,5,"OFICINA PUESTO DE CONTROL MARITIMO - PROV. CONST. DEL CALLAO","CANELA, corteza entera seca al natural",15000,"CAJA(S)","SRI LANKA"
"12476",2025,5,"OFICINA PUESTO DE CONTROL MARITIMO - PROV. CONST. DEL CALLAO","CLAVO DE OLOR, entera seca al natural",24750,"CAJA(S)","INDONESIA"
"12477",2025,5,"OFICINA PUESTO DE CONTROL MARITIMO - PROV. CONST. DEL CALLAO","TRACTOR USADO, con motor de potencia superior a 75 kW pero inferior o igual a 130 kW",5000,"CAJA(S)","CHINA"
"12478",2025,5,"OFICINA PUESTO DE CONTROL MARITIMO - PROV. CONST. DEL CALLAO","LENTEJA, grano",52100,"SACO(S)","CANADA"
"12479",2025,5,"PUESTO DE CONTROL TERRESTRE DESAGUADERO","SOYA, torta",28000,"GRANEL","BOLIVIA"
"12480",2025,5,"OFICINA PUESTO DE CONTROL MARITIMO - PROV. CONST. DEL CALLAO","Articulos de cesteria (canastos, cestos u otros), con algun proceso de la CRF2",121.7,"CAJA(S)","VIETNAM"
"12481",2025,5,"OFICINA PUESTO DE CONTROL MARITIMO - PROV. CONST. DEL CALLAO","PINO, postes de madera con algun proceso de la CRF 2",26375,"PAQUETES","CHILE"
"12482",2025,5,"OFICINA PUESTO DE CONTROL MARITIMO - PROV. CONST. DEL CALLAO","AVENA, grano aplastado o en copos (hojuelas)",26250,"SACO(S)","CHILE"
"12483",2025,5,"PUESTO DE CONTROL TERRESTRE DESAGUADERO","SOYA, torta",54000,"GRANEL","BOLIVIA"
"12484",2025,5,"OFICINA PUESTO DE CONTROL MARITIMO - PROV. CONST. DEL CALLAO","COCO, fibra (para sustrato)",25610,"BOLSAS","INDIA"
"12485",2025,5,"AGUAS VERDES, TUMBES","Las demás coniferas, las demas maderas aserradas o desbastadas longitudinalmente, cortada o desenrollada, incluso cepillada,lijada o unida por lo extremos, de espesor superior a 6 mm, con algun tratamiento de la CRF 2",29310,"PIEZAS","ECUADOR"
"12486",2025,5,"PUESTO DE CONTROL TERRESTRE DESAGUADERO","SOYA, harina",145000,"SACO(S)","BOLIVIA"
"12487",2025,5,"PUESTO DE CONTROL TERRESTRE DESAGUADERO","SOYA, harina",145000,"SACO(S)","BOLIVIA"
"12488",2025,5,"PUESTO DE CONTROL TERRESTRE DESAGUADERO","SOYA, torta",28000,"GRANEL","BOLIVIA"
"12489",2025,5,"PUESTO DE CONTROL TERRESTRE DESAGUADERO","SOYA, torta",28000,"GRANEL","BOLIVIA"
"12490",2025,5,"OFICINA PUESTO DE CONTROL MARITIMO - PROV. CONST. DEL CALLAO","PINO, postes de madera con algun proceso de la CRF 2",104000,"UNIDADES","CHILE"
"12491",2025,5,"PUESTO DE CONTROL TERRESTRE DESAGUADERO","SOYA, torta",28000,"GRANEL","BOLIVIA"
"12492",2025,5,"OFICINA PUESTO DE CONTROL MARITIMO - PROV. CONST. DEL CALLAO","ALGODON, fibra sin cardar ni peinar (>34.92 mm)",57450,"FARDOS","EEUU"
"12493",2025,5,"PUESTO DE CONTROL TERRESTRE DESAGUADERO","SOYA, torta",120000,"SACO(S)","BOLIVIA"
"12494",2025,5,"OFICINA PUESTO DE CONTROL MARITIMO - PROV. CONST. DEL CALLAO","MANZANA, fruto fresco",19756.8,"CAJA(S)","CHILE"
"12495",2025,5,"PUESTO DE CONTROL TERRESTRE DESAGUADERO","SOYA, torta",115000,"SACO(S)","BOLIVIA"
"12496",2025,5,"OFICINA PUESTO DE CONTROL MARITIMO - PROV. CONST. DEL CALLAO","PERA, fruta fresca",23814,"CAJA(S)","ARGENTINA"
"12497",2025,5,"PUESTO DE CONTROL TERRESTRE DESAGUADERO","SOYA, torta",28000,"GRANEL","BOLIVIA"
"12498",2025,5,"PUESTO DE CONTROL TERRESTRE DESAGUADERO","SOYA, torta",27790,"GRANEL","BOLIVIA"
"12499",2025,5,"OFICINA PUESTO DE CONTROL AEREO -  PROV. CONST. DEL CALLAO","TOMATE, semilla",0.015,"SACHETS","EEUU"
"12500",2025,5,"PUESTO DE CONTROL TERRESTRE DESAGUADERO","SOYA, harina",113370,"SACO(S)","BOLIVIA"
"12501",2025,5,"OFICINA PUESTO DE CONTROL MARITIMO - PROV. CONST. DEL CALLAO","AVENA, grano aplastado o en copos (hojuelas)",26250,"SACO(S)","CHILE"
"12502",2025,5,"OFICINA PUESTO DE CONTROL MARITIMO - PROV. CONST. DEL CALLAO","SOYA, grano",13287965,"GRANEL","ARGENTINA"
"12503",2025,5,"OFICINA PUESTO DE CONTROL MARITIMO - PROV. CONST. DEL CALLAO","MAIZ AMARILLO DURO, grano",21282455,"GRANEL","ARGENTINA"
"12504",2025,5,"OFICINA PUESTO DE CONTROL MARITIMO - PROV. CONST. DEL CALLAO","YUCA (=MANDIOCA), fécula",72600,"BOLSAS","TAILANDIA"
"12505",2025,5,"PUESTO DE CONTROL TERRESTRE DESAGUADERO","SOYA, torta",174000,"SACO(S)","BOLIVIA"
"12506",2025,5,"PUESTO DE CONTROL TERRESTRE DESAGUADERO","SOYA, torta",28260,"GRANEL","BOLIVIA"
"12507",2025,5,"OFICINA PUESTO DE CONTROL AEREO -  PROV. CONST. DEL CALLAO","ARANDANO, planta",73.2,"CAJA(S)","EEUU"
"12508",2025,5,"PUESTO DE CONTROL TERRESTRE DESAGUADERO","SOYA, torta",56000,"GRANEL","BOLIVIA"
"12509",2025,5,"PUESTO DE CONTROL TERRESTRE DESAGUADERO","SOYA, torta",28000,"GRANEL","BOLIVIA"
"12510",2025,5,"OFICINA PUESTO DE CONTROL MARITIMO - PROV. CONST. DEL CALLAO","GARBANZO, grano",23000,"SACO(S)","MEXICO"
"12511",2025,5,"OFICINA PUESTO DE CONTROL MARITIMO - PROV. CONST. DEL CALLAO","LENTEJA, grano",46266,"SACO(S)","EEUU"
"12512",2025,5,"PUESTO DE CONTROL TERRESTRE DESAGUADERO","SOYA, harina",28174,"SACO(S)","BOLIVIA"
"12513",2025,5,"PUESTO DE CONTROL TERRESTRE DESAGUADERO","SOYA, harina",28344,"SACO(S)","BOLIVIA"
"12514",2025,5,"PUESTO DE CONTROL TERRESTRE DESAGUADERO","SOYA, torta",28000,"GRANEL","BOLIVIA"
"12515",2025,5,"SANTA ROSA, TACNA","MANZANA, fruto fresco",23204,"CAJA(S)","CHILE"
"12516",2025,5,"PUESTO DE CONTROL TERRESTRE DESAGUADERO","SOYA, torta",174000,"SACO(S)","BOLIVIA"
"12517",2025,5,"OFICINA PUESTO DE CONTROL MARITIMO - PROV. CONST. DEL CALLAO","MAIZ, almidon",24750,"BOLSAS","BRASIL"
"12518",2025,5,"OFICINA PUESTO DE CONTROL MARITIMO - PROV. CONST. DEL CALLAO","AZUCAR CRUDA, sólido",375000,"SACO(S)","GUATEMALA"
"12519",2025,5,"PUESTO DE CONTROL TERRESTRE DESAGUADERO","SOYA, torta",140000,"GRANEL","BOLIVIA"
"12520",2025,5,"OFICINA PUESTO DE CONTROL MARITIMO - PROV. CONST. DEL CALLAO","AZUCAR CRUDA, sólido",250000,"SACO(S)","GUATEMALA"
"12521",2025,5,"PUESTO DE CONTROL TERRESTRE DESAGUADERO","SOYA, torta",142500,"SACO(S)","BOLIVIA"
"12522",2025,5,"PUESTO DE CONTROL TERRESTRE DESAGUADERO","SOYA, torta",84000,"GRANEL","BOLIVIA"
"12523",2025,5,"PUESTO DE CONTROL TERRESTRE DESAGUADERO","SOYA, torta",140000,"GRANEL","BOLIVIA"
"12524",2025,5,"PUESTO DE CONTROL TERRESTRE DESAGUADERO","SOYA, harina",174000,"SACO(S)","BOLIVIA"
"12525",2025,5,"PUESTO DE CONTROL TERRESTRE DESAGUADERO","SOYA, harina",168000,"SACO(S)","BOLIVIA"
"12526",2025,5,"OFICINA PUESTO DE CONTROL MARITIMO - PROV. CONST. DEL CALLAO","PINO, postes de madera con algun proceso de la CRF 2",172177,"UNIDADES","CHILE"
"12527",2025,5,"PUESTO DE CONTROL TERRESTRE DESAGUADERO","SOYA, harina",27000,"SACO(S)","BOLIVIA"
"12528",2025,5,"OFICINA PUESTO DE CONTROL MARITIMO - PROV. CONST. DEL CALLAO","COCO, fibra (para sustrato)",377263,"PALETAS","INDIA"
"12529",2025,5,"PUESTO DE CONTROL TERRESTRE DESAGUADERO","MANI, grano sin cáscara",58000,"SACO(S)","BOLIVIA"
"12530",2025,5,"PUESTO DE CONTROL TERRESTRE DESAGUADERO","SOYA, harina",29000,"SACO(S)","BOLIVIA"
"12531",2025,5,"OFICINA PUESTO DE CONTROL MARITIMO - PROV. CONST. DEL CALLAO","PANICUM, semilla",1200,"BOLSAS","BRASIL"
"12532",2025,5,"OFICINA PUESTO DE CONTROL MARITIMO - PROV. CONST. DEL CALLAO","BRACHIARIA, semilla",13200,"BOLSAS","BRASIL"
"12533",2025,5,"PUESTO DE CONTROL TERRESTRE DESAGUADERO","SOYA, torta",146000,"SACO(S)","BOLIVIA"
"12534",2025,5,"OFICINA PUESTO DE CONTROL MARITIMO - PROV. CONST. DEL CALLAO","AZUCAR CRUDA, sólido",375000,"SACO(S)","GUATEMALA"
"12535",2025,5,"PUESTO DE CONTROL TERRESTRE DESAGUADERO","SOYA, torta",27630,"GRANEL","BOLIVIA"
"12536",2025,5,"PUESTO DE CONTROL TERRESTRE DESAGUADERO","SOYA, torta",28000,"GRANEL","BOLIVIA"
"12537",2025,5,"PUESTO DE CONTROL TERRESTRE DESAGUADERO","SOYA, torta",53840,"GRANEL","BOLIVIA"
"12538",2025,5,"PUESTO DE CONTROL TERRESTRE DESAGUADERO","SOYA, torta",56000,"GRANEL","BOLIVIA"
"12539",2025,5,"OFICINA PUESTO DE CONTROL MARITIMO - PROV. CONST. DEL CALLAO","BARRILES, CUBAS, TINAS y demas manufacturas de toneleria y sus partes de madera, incluidas las duelas con algún proceso de la  CRF2",20,"CAJA(S)","FRANCIA"
"12540",2025,5,"PUESTO DE CONTROL TERRESTRE DESAGUADERO","SOYA, torta",56080,"GRANEL","BOLIVIA"
"12541",2025,5,"PUESTO DE CONTROL TERRESTRE DESAGUADERO","SOYA, torta",56000,"GRANEL","BOLIVIA"
"12542",2025,5,"PUESTO DE CONTROL TERRESTRE DESAGUADERO","SOYA, torta",27800,"GRANEL","BOLIVIA"
"12543",2025,5,"PUESTO DE CONTROL TERRESTRE DESAGUADERO","SOYA, torta",56000,"GRANEL","BOLIVIA"
"12544",2025,5,"OFICINA PUESTO DE CONTROL MARITIMO - PROV. CONST. DEL CALLAO","FOLLAJE, HOJAS, RAMAS Y DEMAS PARTES DE PLANTAS, sin flores ni capullos y hierbas, musgos y líquenes,para ramos o adornos con algún proceso de la CRF2.",3300.038,"PIEZAS","CHINA"
"12545",2025,5,"OFICINA PUESTO DE CONTROL MARITIMO - PROV. CONST. DEL CALLAO","FLOR DE JAMAICA, seca natural",25920,"CAJA(S)","NIGERIA"
"12546",2025,5,"OFICINA PUESTO DE CONTROL MARITIMO - PROV. CONST. DEL CALLAO","LENTEJA, grano",74710,"SACO(S)","CANADA"
"12547",2025,5,"OFICINA PUESTO DE CONTROL MARITIMO - PROV. CONST. DEL CALLAO","CHIA, grano",25000,"BOLSAS","PARAGUAY"
"12548",2025,5,"OFICINA PUESTO DE CONTROL MARITIMO - PROV. CONST. DEL CALLAO","ALGODON, fibra sin cardar ni peinar (>28.57 mm = o <34.92 mm)",305860,"FARDOS","EEUU"
"12549",2025,5,"OFICINA PUESTO DE CONTROL AEREO -  PROV. CONST. DEL CALLAO","CEBOLLA, semilla",48,"SACHETS","JAPON"
"12550",2025,5,"PUERTO DE PAITA , PIURA","COCO, fibra (para sustrato)",104820,"PALETAS","INDIA"
"12551",2025,5,"PUERTO DE PAITA , PIURA","COCO, fibra (para sustrato)",26800,"PALETAS","INDIA"
"12552",2025,5,"PUESTO DE CONTROL TERRESTRE DESAGUADERO","SOYA, harina",57000,"SACO(S)","BOLIVIA"
"12553",2025,5,"OFICINA PUESTO DE CONTROL MARITIMO - PROV. CONST. DEL CALLAO","GARBANZO, grano",46000,"SACO(S)","MEXICO"
"12554",2025,5,"OFICINA PUESTO DE CONTROL MARITIMO - PROV. CONST. DEL CALLAO","AZUCAR BLANCA O REFINADA (lectura polarimetrica mayor 99.5°)",125000,"SACO(S)","GUATEMALA"
"12555",2025,5,"OFICINA PUESTO DE CONTROL MARITIMO - PROV. CONST. DEL CALLAO","AZUCAR BLANCA O REFINADA (lectura polarimetrica mayor 99.5°)",125000,"SACO(S)","GUATEMALA"
"12556",2025,5,"OFICINA PUESTO DE CONTROL MARITIMO - PROV. CONST. DEL CALLAO","AZUCAR BLANCA O REFINADA (lectura polarimetrica mayor 99.5°)",125000,"SACO(S)","GUATEMALA"
"12557",2025,5,"OFICINA PUESTO DE CONTROL MARITIMO - PROV. CONST. DEL CALLAO","AZUCAR BLANCA O REFINADA (lectura polarimetrica mayor 99.5°)",132500,"SACO(S)","EL SALVADOR"
"12558",2025,5,"OFICINA PUESTO DE CONTROL MARITIMO - PROV. CONST. DEL CALLAO","AZUCAR BLANCA O REFINADA (lectura polarimetrica mayor 99.5°)",26500,"SACO(S)","EL SALVADOR"
"12559",2025,5,"PUESTO DE CONTROL TERRESTRE DESAGUADERO","SOYA, torta",174000,"SACO(S)","BOLIVIA"
"12560",2025,5,"AGUAS VERDES, TUMBES","CAÑA DE GUAYAQUIL, seca al natural",34000,"UNIDADES","ECUADOR"
"12561",2025,5,"OFICINA PUESTO DE CONTROL MARITIMO - PROV. CONST. DEL CALLAO","MAIZ AMARILLO DURO, grano",35200000,"GRANEL","ARGENTINA"
"12562",2025,5,"OFICINA PUESTO DE CONTROL MARITIMO - PROV. CONST. DEL CALLAO","PERA, fruta fresca",25137,"CAJA(S)","ARGENTINA"
"12563",2025,5,"OFICINA PUESTO DE CONTROL MARITIMO - PROV. CONST. DEL CALLAO","PERA, fruta fresca",25137,"CAJA(S)","ARGENTINA"
"12564",2025,5,"OFICINA PUESTO DE CONTROL MARITIMO - PROV. CONST. DEL CALLAO","MANZANA, fruta fresca",19530,"CAJA(S)","ARGENTINA"
"12565",2025,5,"OFICINA PUESTO DE CONTROL MARITIMO - PROV. CONST. DEL CALLAO","PERA, fruta fresca",23814,"CAJA(S)","ARGENTINA"
"12566",2025,5,"OFICINA PUESTO DE CONTROL MARITIMO - PROV. CONST. DEL CALLAO","ARROZ, grano pilado",130000,"SACO(S)","BRASIL"
"12567",2025,5,"OFICINA PUESTO DE CONTROL MARITIMO - PROV. CONST. DEL CALLAO","ARROZ, grano pilado",130000,"SACO(S)","BRASIL"
"12568",2025,5,"OFICINA PUESTO DE CONTROL MARITIMO - PROV. CONST. DEL CALLAO","MAIZ, almidon",28000,"SACO(S)","CHINA"
"12569",2025,5,"OFICINA PUESTO DE CONTROL MARITIMO - PROV. CONST. DEL CALLAO","MADERA, paletas con algún proceso de la CRF 2",34.043,"CAJA(S)","ITALIA"
"12570",2025,5,"PUESTO DE CONTROL TERRESTRE DESAGUADERO","SOYA, torta",55059,"SACO(S)","BOLIVIA"
"12571",2025,5,"OFICINA PUESTO DE CONTROL AEREO -  PROV. CONST. DEL CALLAO","PIMIENTO, semilla",0.108,"SACHETS","HOLANDA"
"12572",2025,5,"OFICINA PUESTO DE CONTROL AEREO -  PROV. CONST. DEL CALLAO","PIMIENTO, semilla",0.675,"SACHETS","HOLANDA"
"12573",2025,5,"OFICINA PUESTO DE CONTROL AEREO -  PROV. CONST. DEL CALLAO","MELON, semilla",0.234,"SACHETS","HOLANDA"
"12574",2025,5,"OFICINA PUESTO DE CONTROL AEREO -  PROV. CONST. DEL CALLAO","MELON, semilla",3.257,"SACHETS","HOLANDA"
"12575",2025,5,"OFICINA PUESTO DE CONTROL AEREO -  PROV. CONST. DEL CALLAO","MELON, semilla",0.314,"SACHETS","HOLANDA"
"12576",2025,5,"PUESTO DE CONTROL TERRESTRE DESAGUADERO","SOYA, torta",146000,"SACO(S)","BOLIVIA"
"12577",2025,5,"PUESTO DE CONTROL TERRESTRE DESAGUADERO","SOYA, torta",147000,"SACO(S)","BOLIVIA"
"12578",2025,5,"PUESTO DE CONTROL TERRESTRE DESAGUADERO","SOYA, torta",28000,"GRANEL","BOLIVIA"
"12579",2025,5,"PUESTO DE CONTROL TERRESTRE DESAGUADERO","SOYA, torta",142500,"SACO(S)","BOLIVIA"
"12580",2025,5,"PUESTO DE CONTROL TERRESTRE DESAGUADERO","SOYA, torta",146000,"SACO(S)","BOLIVIA"
"12581",2025,5,"OFICINA PUESTO DE CONTROL MARITIMO - PROV. CONST. DEL CALLAO","PAPA, fécula",84000,"SACO(S)","DINAMARCA"
"12582",2025,5,"OFICINA PUESTO DE CONTROL MARITIMO - PROV. CONST. DEL CALLAO","AZUCAR BLANCA O REFINADA (lectura polarimetrica mayor 99.5°)",185500,"SACO(S)","GUATEMALA"
"12583",2025,5,"PUESTO DE CONTROL TERRESTRE DESAGUADERO","SOYA, torta",28110,"GRANEL","BOLIVIA"
"12584",2025,5,"OFICINA PUESTO DE CONTROL MARITIMO - PROV. CONST. DEL CALLAO","MARCOS, madera",747.9,"UNIDADES","GUATEMALA"
"12585",2025,5,"OFICINA PUESTO DE CONTROL MARITIMO - PROV. CONST. DEL CALLAO","MATERIA VEGETAL, trenzas, materia trenzable incluso ensamblados en tiras tejidos o paralelizados en forma plana con algún proceso de la CRF 2",158.25,"UNIDADES","GUATEMALA"
"12586",2025,5,"OFICINA PUESTO DE CONTROL MARITIMO - PROV. CONST. DEL CALLAO","Los demas articulos de cesteria con algun proceso de CRF 2",182.6,"UNIDADES","GUATEMALA"
"12587",2025,5,"OFICINA PUESTO DE CONTROL MARITIMO - PROV. CONST. DEL CALLAO","MARCOS, madera",216.56,"UNIDADES","GUATEMALA"
"12588",2025,5,"OFICINA PUESTO DE CONTROL MARITIMO - PROV. CONST. DEL CALLAO","MADERA, cajas con algún proceso de la CRF 2",338.669,"UNIDADES","GUATEMALA"
"12589",2025,5,"OFICINA PUESTO DE CONTROL MARITIMO - PROV. CONST. DEL CALLAO","MARCOS, madera",236.619,"CAJA(S)","PANAMA"
"12590",2025,5,"OFICINA PUESTO DE CONTROL MARITIMO - PROV. CONST. DEL CALLAO","MARCOS, madera",186.375,"CAJA(S)","GUATEMALA"
"12591",2025,5,"OFICINA PUESTO DE CONTROL MARITIMO - PROV. CONST. DEL CALLAO","MARCOS, madera",148.629,"CAJA(S)","GUATEMALA"
"12592",2025,5,"OFICINA PUESTO DE CONTROL MARITIMO - PROV. CONST. DEL CALLAO","BAMBU, trenzas y artículos similares, de materia trenzable, incluso ensamblados en tiras, materia trenzable, trenzas y artículos similares de materia trenzable, tejidos o paralelizados, en forma plana, con algún proceso de la CRF 2",39.544,"CAJA(S)","PANAMA"
"12593",2025,5,"OFICINA PUESTO DE CONTROL MARITIMO - PROV. CONST. DEL CALLAO","Articulos de cesteria (canastos, cestos u otros), con algun proceso de la CRF2",101.185,"CAJA(S)","PANAMA"
"12594",2025,5,"OFICINA PUESTO DE CONTROL MARITIMO - PROV. CONST. DEL CALLAO","MATERIAS VEGETALES, para tallar trabajadas con algun proceso de la CRF 2",27.477,"CAJA(S)","PANAMA"
"12595",2025,5,"PUESTO DE CONTROL TERRESTRE DESAGUADERO","SOYA, torta",28000,"GRANEL","BOLIVIA"
"12596",2025,5,"OFICINA PUESTO DE CONTROL MARITIMO - PROV. CONST. DEL CALLAO","PERA, fruta fresca",22680,"CAJA(S)","ARGENTINA"
"12597",2025,5,"OFICINA PUESTO DE CONTROL MARITIMO - PROV. CONST. DEL CALLAO","PERA, fruta fresca",23940,"CAJA(S)","ARGENTINA"
"12598",2025,5,"PUESTO DE CONTROL TERRESTRE DESAGUADERO","SOYA, torta",28000,"GRANEL","BOLIVIA"
"12599",2025,5,"PUERTO DE PAITA , PIURA","NARANJA, fruto fresco",18140,"CAJA(S)","EEUU"
"12600",2025,5,"PUERTO DE PAITA , PIURA","NARANJA, fruto fresco",18140,"CAJA(S)","EEUU"
"12601",2025,5,"PUESTO DE CONTROL TERRESTRE DESAGUADERO","SOYA, torta",83370,"GRANEL","BOLIVIA"
"12602",2025,5,"OFICINA PUESTO DE CONTROL MARITIMO - PROV. CONST. DEL CALLAO","CANELA, corteza entera seca al natural",15000,"CAJA(S)","SRI LANKA"
"12603",2025,5,"OFICINA PUESTO DE CONTROL MARITIMO - PROV. CONST. DEL CALLAO","ARROZ, grano pilado",132500,"SACO(S)","BRASIL"
"12604",2025,5,"OFICINA PUESTO DE CONTROL MARITIMO - PROV. CONST. DEL CALLAO","ARROZ, grano pilado",132500,"SACO(S)","BRASIL"
"12605",2025,5,"OFICINA PUESTO DE CONTROL MARITIMO - PROV. CONST. DEL CALLAO","ARROZ, grano pilado",132500,"SACO(S)","BRASIL"
"12606",2025,5,"PUERTO DE SALAVERRY, LA LIBERTAD","SOYA, torta",7335340,"GRANEL","CHILE"
"12607",2025,5,"OFICINA PUESTO DE CONTROL MARITIMO - PROV. CONST. DEL CALLAO","COCO, fibra (para sustrato)",68730,"PALETAS","INDIA"
"12608",2025,5,"PUESTO DE CONTROL TERRESTRE DESAGUADERO","SOYA, torta",115000,"SACO(S)","BOLIVIA"
"12609",2025,5,"PUESTO DE CONTROL TERRESTRE DESAGUADERO","SOYA, torta",143000,"SACO(S)","BOLIVIA"
"12610",2025,5,"PUESTO DE CONTROL TERRESTRE DESAGUADERO","SOYA, torta",28000,"SACO(S)","BOLIVIA"
"12611",2025,5,"PUESTO DE CONTROL TERRESTRE DESAGUADERO","SOYA, torta",28000,"GRANEL","BOLIVIA"
"12612",2025,5,"PUESTO DE CONTROL TERRESTRE DESAGUADERO","SOYA, torta",28000,"GRANEL","BOLIVIA"
"12613",2025,5,"OFICINA PUESTO DE CONTROL MARITIMO - PROV. CONST. DEL CALLAO","PINO, madera aserrada con tratamiento de secado al horno o impregnación de sales",128000,"PAQUETES","URUGUAY"
"12614",2025,5,"PUESTO DE CONTROL TERRESTRE DESAGUADERO","SOYA, torta",28000,"GRANEL","BOLIVIA"
"12615",2025,5,"OFICINA PUESTO DE CONTROL MARITIMO - PROV. CONST. DEL CALLAO","MADERA, monturas y mangos de herramientas, monturas y mangos de cepillos, brochas o escobas, de madera; hormas, ensanchadores y tensores del calzado, de madera ; con algún proceso de la CRF 2",159.627,"PIEZAS","MEXICO"
"12616",2025,5,"OFICINA PUESTO DE CONTROL MARITIMO - PROV. CONST. DEL CALLAO","ARVEJA, semilla",5275,"BOLSAS","EEUU"
"12617",2025,5,"OFICINA PUESTO DE CONTROL MARITIMO - PROV. CONST. DEL CALLAO","MADERA, en bruto de coníferas tratada agentes de conservación
",155260,"UNIDADES","CHILE"
"12618",2025,5,"PUESTO DE CONTROL TERRESTRE DESAGUADERO","SOYA, torta",29000,"SACO(S)","BOLIVIA"
"12619",2025,5,"OFICINA PUESTO DE CONTROL MARITIMO - PROV. CONST. DEL CALLAO","MEZCLA DE ESPECIAS, molida",250,"PALETAS","ESPAÑA"
"12620",2025,5,"PUESTO DE CONTROL TERRESTRE DESAGUADERO","SOYA, torta",28000,"GRANEL","BOLIVIA"
"12621",2025,5,"OFICINA PUESTO DE CONTROL MARITIMO - PROV. CONST. DEL CALLAO","FRESA, plántula",10688,"CAJA(S)","ESPAÑA"
"12622",2025,5,"OFICINA PUESTO DE CONTROL MARITIMO - PROV. CONST. DEL CALLAO","PIMIENTO, entero seco natural",19958.4,"CAJA(S)","EEUU"
"12623",2025,5,"PUESTO DE CONTROL TERRESTRE DESAGUADERO","SOYA, torta",28000,"GRANEL","BOLIVIA"
"12624",2025,5,"PUESTO DE CONTROL TERRESTRE DESAGUADERO","SOYA, torta",56000,"GRANEL","BOLIVIA"
"12625",2025,5,"PUESTO DE CONTROL TERRESTRE DESAGUADERO","SOYA, torta",204500,"SACO(S)","BOLIVIA"
"12626",2025,5,"PUESTO DE CONTROL TERRESTRE DESAGUADERO","SOYA, torta",141500,"SACO(S)","BOLIVIA"
"12627",2025,5,"PUESTO DE CONTROL TERRESTRE DESAGUADERO","SOYA, torta",29000,"SACO(S)","BOLIVIA"
"12628",2025,5,"PUESTO DE CONTROL TERRESTRE DESAGUADERO","SOYA, torta",28000,"GRANEL","BOLIVIA"
"12629",2025,5,"OFICINA PUESTO DE CONTROL MARITIMO - PROV. CONST. DEL CALLAO","ALGODON, fibra sin cardar ni peinar (>28.57 mm = o <34.92 mm)",183980,"FARDOS","EEUU"
"12630",2025,5,"OFICINA PUESTO DE CONTROL MARITIMO - PROV. CONST. DEL CALLAO","ALMENDRA, sin cáscara secado al natural",59875.2,"CAJA(S)","EEUU"
"12631",2025,5,"SANTA ROSA, TACNA","MANZANA, fruto fresco",23520,"CAJA(S)","CHILE"
"12632",2025,5,"SANTA ROSA, TACNA","MANZANA, fruto fresco",23520,"CAJA(S)","CHILE"
"12633",2025,5,"SANTA ROSA, TACNA","MANZANA, fruto fresco",19488,"CAJA(S)","CHILE"
"12634",2025,5,"OFICINA PUESTO DE CONTROL AEREO -  PROV. CONST. DEL CALLAO","PINO, semilla",200,"CAJA(S)","CHILE"
"12635",2025,5,"PUERTO DE PAITA , PIURA","LENTEJA, grano",149958,"SACO(S)","CANADA"
"12636",2025,5,"PUESTO DE CONTROL TERRESTRE DESAGUADERO","SOYA, torta",27490,"GRANEL","BOLIVIA"
"12637",2025,5,"PUESTO DE CONTROL TERRESTRE DESAGUADERO","SOYA, torta",27060,"GRANEL","BOLIVIA"
"12638",2025,5,"SANTA ROSA, TACNA","MANZANA, fruto fresco",23520,"CAJA(S)","CHILE"
"12639",2025,5,"SANTA ROSA, TACNA","MANZANA, fruto fresco",23520,"CAJA(S)","CHILE"
"12640",2025,5,"OFICINA PUESTO DE CONTROL MARITIMO - PROV. CONST. DEL CALLAO","ARROZ, parbolizado pulido o sin cáscara",265000,"SACO(S)","BRASIL"
"12641",2025,5,"OFICINA PUESTO DE CONTROL MARITIMO - PROV. CONST. DEL CALLAO","ARROZ, parbolizado pulido o sin cáscara",255000,"SACO(S)","BRASIL"
"12642",2025,5,"PUESTO DE CONTROL TERRESTRE DESAGUADERO","FREJOL, grano",29000,"SACO(S)","BOLIVIA"
"12643",2025,5,"PUESTO DE CONTROL TERRESTRE DESAGUADERO","SOYA, torta",142520,"SACO(S)","BOLIVIA"
"12644",2025,5,"PUESTO DE CONTROL TERRESTRE DESAGUADERO","SOYA, torta",116000,"SACO(S)","BOLIVIA"
"12645",2025,5,"PUESTO DE CONTROL TERRESTRE DESAGUADERO","SOYA, torta",145000,"SACO(S)","BOLIVIA"
"12646",2025,5,"PUESTO DE CONTROL TERRESTRE DESAGUADERO","SOYA, torta",28000,"GRANEL","BOLIVIA"
"12647",2025,5,"PUESTO DE CONTROL TERRESTRE DESAGUADERO","SOYA, torta",28000,"GRANEL","BOLIVIA"
"12648",2025,5,"PUESTO DE CONTROL TERRESTRE DESAGUADERO","SOYA, torta",28000,"GRANEL","BOLIVIA"
"12649",2025,5,"PUESTO DE CONTROL TERRESTRE DESAGUADERO","SOYA, torta",28000,"GRANEL","BOLIVIA"
"12650",2025,5,"PUESTO DE CONTROL TERRESTRE DESAGUADERO","SOYA, torta",28000,"GRANEL","BOLIVIA"
"12651",2025,5,"PUERTO DE PAITA , PIURA","LENTEJA, grano",130410,"SACO(S)","CANADA"
"12652",2025,5,"PUESTO DE CONTROL TERRESTRE DESAGUADERO","SOYA, torta",28110,"GRANEL","BOLIVIA"
"12653",2025,5,"PUESTO DE CONTROL TERRESTRE DESAGUADERO","SOYA, torta",28000,"GRANEL","BOLIVIA"
"12654",2025,5,"PUESTO DE CONTROL TERRESTRE DESAGUADERO","SOYA, torta",28000,"GRANEL","BOLIVIA"
"12655",2025,5,"OFICINA PUESTO DE CONTROL AEREO -  PROV. CONST. DEL CALLAO","PAPA, almidon",25,"BOLSAS","BRASIL"
"12656",2025,5,"SANTA ROSA, TACNA","MANZANA, fruto fresco",23520,"CAJA(S)","CHILE"
"12657",2025,5,"OFICINA PUESTO DE CONTROL MARITIMO - PROV. CONST. DEL CALLAO","MANZANA, fruta fresca",41148,"CAJA(S)","EEUU"
"12658",2025,5,"OFICINA PUESTO DE CONTROL MARITIMO - PROV. CONST. DEL CALLAO","MEZCLA DE ESPECIAS, molida",1130,"CAJA(S)","CHINA"
"12659",2025,5,"OFICINA PUESTO DE CONTROL MARITIMO - PROV. CONST. DEL CALLAO","TRIGO, harina",2724,"CAJA(S)","CHINA"
"12660",2025,5,"OFICINA PUESTO DE CONTROL MARITIMO - PROV. CONST. DEL CALLAO","ARROZ, harina",756,"CAJA(S)","CHINA"
"12661",2025,5,"PUESTO DE CONTROL TERRESTRE DESAGUADERO","SOYA, torta",145000,"SACO(S)","BOLIVIA"
"12662",2025,5,"OFICINA PUESTO DE CONTROL MARITIMO - PROV. CONST. DEL CALLAO","TE VERDE, hoja polvo",1380,"CAJA(S)","TAIWAN"
"12663",2025,5,"PUESTO DE CONTROL TERRESTRE DESAGUADERO","SOYA, torta",116000,"SACO(S)","BOLIVIA"
"12664",2025,5,"OFICINA PUESTO DE CONTROL MARITIMO - PROV. CONST. DEL CALLAO","PERA, fruta fresca",22680,"CAJA(S)","ARGENTINA"
"12665",2025,5,"PUERTO DE PAITA , PIURA","COCO, fibra (para sustrato)",49780,"PIEZAS","SRI LANKA"
"12666",2025,5,"OFICINA PUESTO DE CONTROL AEREO -  PROV. CONST. DEL CALLAO","ARANDANO, planta in vitro",374.4,"FRASCO(S)","MEXICO"
"12667",2025,5,"PUERTO DE MATARANI , AREQUIPA","TRIGO, grano",14850000,"GRANEL","CANADA"
"12668",2025,5,"PUERTO DE MATARANI , AREQUIPA","TRIGO, grano",13500000,"GRANEL","CANADA"
"12669",2025,5,"OFICINA PUESTO DE CONTROL MARITIMO - PROV. CONST. DEL CALLAO","ALIMENTO PARA ANIMALES, materias vegetales, desperdicios, residuos, incluso en pellets",24000,"PALETAS","ITALIA"
"12670",2025,5,"OFICINA PUESTO DE CONTROL MARITIMO - PROV. CONST. DEL CALLAO","PAPA, fécula",63000,"BOLSAS","POLONIA"
"12671",2025,5,"OFICINA PUESTO DE CONTROL AEREO -  PROV. CONST. DEL CALLAO","LECHUGA, semilla",0.117,"SACHETS","HOLANDA"
"12672",2025,5,"OFICINA PUESTO DE CONTROL AEREO -  PROV. CONST. DEL CALLAO","ZAPALLITO ITALIANO (CALABACIN), semilla",5.808,"SACHETS","EEUU"
"12673",2025,5,"OFICINA PUESTO DE CONTROL AEREO -  PROV. CONST. DEL CALLAO","SANDIA, semilla",4.55,"SACHETS","EEUU"
"12674",2025,5,"PUESTO DE CONTROL TERRESTRE DESAGUADERO","SOYA, torta",56000,"GRANEL","BOLIVIA"
"12675",2025,5,"PUESTO DE CONTROL TERRESTRE DESAGUADERO","SOYA, torta",56000,"GRANEL","BOLIVIA"
"12676",2025,5,"PUESTO DE CONTROL TERRESTRE DESAGUADERO","SOYA, torta",28000,"GRANEL","BOLIVIA"
"12677",2025,5,"PUESTO DE CONTROL TERRESTRE DESAGUADERO","SOYA, torta",28000,"GRANEL","BOLIVIA"
"12678",2025,5,"PUESTO DE CONTROL TERRESTRE DESAGUADERO","SOYA, torta",28000,"GRANEL","BOLIVIA"
"12679",2025,5,"PUESTO DE CONTROL TERRESTRE DESAGUADERO","SOYA, torta",28000,"GRANEL","BOLIVIA"
"12680",2025,5,"OFICINA PUESTO DE CONTROL AEREO -  PROV. CONST. DEL CALLAO","LUPULO, pellets",220,"BOLSAS","EEUU"
"12681",2025,5,"OFICINA PUESTO DE CONTROL MARITIMO - PROV. CONST. DEL CALLAO","ARROZ, parbolizado pulido o sin cáscara",130000,"SACO(S)","BRASIL"
"12682",2025,5,"OFICINA PUESTO DE CONTROL MARITIMO - PROV. CONST. DEL CALLAO","ZANAHORIA, semilla",2112.3,"SACHETS","JAPON"
"12683",2025,5,"SANTA ROSA, TACNA","MANZANA, fruto fresco",22344,"CAJA(S)","CHILE"
"12684",2025,5,"OFICINA PUESTO DE CONTROL MARITIMO - PROV. CONST. DEL CALLAO","TURBA",129440,"FARDOS","LETONIA"
"12685",2025,5,"OFICINA PUESTO DE CONTROL MARITIMO - PROV. CONST. DEL CALLAO","MARCOS, madera",492.95,"CAJA(S)","CHINA"
"12686",2025,5,"OFICINA PUESTO DE CONTROL MARITIMO - PROV. CONST. DEL CALLAO","CEBOLLA, triturada o pulverizada",171.458,"PAQUETES","EEUU"
"12687",2025,5,"OFICINA PUESTO DE CONTROL MARITIMO - PROV. CONST. DEL CALLAO","CEBOLLA, trozos o rodajas",39.292,"PAQUETES","EEUU"
"12688",2025,5,"OFICINA PUESTO DE CONTROL MARITIMO - PROV. CONST. DEL CALLAO","AJO, polvo",2339.004,"PAQUETES","EEUU"
"12689",2025,5,"OFICINA PUESTO DE CONTROL MARITIMO - PROV. CONST. DEL CALLAO","AJO CON PEREJIL, molido",158.19,"PAQUETES","EEUU"
"12690",2025,5,"OFICINA PUESTO DE CONTROL MARITIMO - PROV. CONST. DEL CALLAO","ALBAHACA, polvo",20.412,"PAQUETES","EEUU"
"12691",2025,5,"OFICINA PUESTO DE CONTROL MARITIMO - PROV. CONST. DEL CALLAO","CULANTRO, hoja seca industrial",8.165,"PAQUETES","EEUU"
"12692",2025,5,"OFICINA PUESTO DE CONTROL MARITIMO - PROV. CONST. DEL CALLAO","PEREJIL, hoja seca industrial",8.165,"PAQUETES","EEUU"
"12693",2025,5,"OFICINA PUESTO DE CONTROL MARITIMO - PROV. CONST. DEL CALLAO","PIMIENTA, mezcla con algún proceso de la CRF 2",187.787,"PAQUETES","EEUU"
"12694",2025,5,"OFICINA PUESTO DE CONTROL MARITIMO - PROV. CONST. DEL CALLAO","PIMIENTA, molida",2551.796,"PAQUETES","EEUU"
"12695",2025,5,"OFICINA PUESTO DE CONTROL MARITIMO - PROV. CONST. DEL CALLAO","PIMENTON, polvo",664.058,"PAQUETES","EEUU"
"12696",2025,5,"OFICINA PUESTO DE CONTROL MARITIMO - PROV. CONST. DEL CALLAO","CANELA, triturada o pulverizada (molida)",1309.067,"PAQUETES","EEUU"
"12697",2025,5,"OFICINA PUESTO DE CONTROL MARITIMO - PROV. CONST. DEL CALLAO","COMINO, triturado y/o pulverizado",152.407,"PAQUETES","EEUU"
"12698",2025,5,"OFICINA PUESTO DE CONTROL MARITIMO - PROV. CONST. DEL CALLAO","CURCUMA, en polvo",145.151,"PAQUETES","EEUU"
"12699",2025,5,"OFICINA PUESTO DE CONTROL MARITIMO - PROV. CONST. DEL CALLAO","CURCUMA, molida",152.407,"PAQUETES","EEUU"
"12700",2025,5,"OFICINA PUESTO DE CONTROL MARITIMO - PROV. CONST. DEL CALLAO","CURRY, secas industrial o trituradas o molidas",152.407,"PAQUETES","EEUU"
"12701",2025,5,"OFICINA PUESTO DE CONTROL MARITIMO - PROV. CONST. DEL CALLAO","OREGANO, con algún con proceso de CRF 2",65.998,"PAQUETES","EEUU"
"12702",2025,5,"OFICINA PUESTO DE CONTROL MARITIMO - PROV. CONST. DEL CALLAO","ACHIOTE, molido",149.685,"PAQUETES","EEUU"
"12703",2025,5,"OFICINA PUESTO DE CONTROL MARITIMO - PROV. CONST. DEL CALLAO","AVENA, grano trabajado (mondado, perlado, troceado o quebrantado)",26250,"SACO(S)","CHILE"
"12704",2025,5,"OFICINA PUESTO DE CONTROL MARITIMO - PROV. CONST. DEL CALLAO","MANZANA, fruto fresco",19756.8,"CAJA(S)","CHILE"
"12705",2025,5,"OFICINA PUESTO DE CONTROL MARITIMO - PROV. CONST. DEL CALLAO","LENTEJA, grano",49986,"SACO(S)","CANADA"
"12706",2025,5,"OFICINA PUESTO DE CONTROL MARITIMO - PROV. CONST. DEL CALLAO","NUEZ, con cáscara seca al natural",41472,"SACO(S)","CHILE"
"12707",2025,5,"OFICINA PUESTO DE CONTROL MARITIMO - PROV. CONST. DEL CALLAO","Marañon (NUEZ DE CAJU), semilla alimenticia sin cascara, seca industriamente",24948,"CAJA(S)","BRASIL"
"12708",2025,5,"OFICINA PUESTO DE CONTROL MARITIMO - PROV. CONST. DEL CALLAO","COCO, rallado seco industrial",24000,"SACO(S)","INDIA"
"12709",2025,5,"PUESTO DE CONTROL TERRESTRE DESAGUADERO","SOYA, torta",28000,"GRANEL","BOLIVIA"
"12710",2025,5,"PUESTO DE CONTROL TERRESTRE DESAGUADERO","SOYA, torta",28460,"GRANEL","BOLIVIA"
"12711",2025,5,"PUESTO DE CONTROL TERRESTRE DESAGUADERO","SOYA, torta",25987,"SACO(S)","BOLIVIA"
"12712",2025,5,"PUESTO DE CONTROL TERRESTRE DESAGUADERO","SOYA, torta",84000,"GRANEL","BOLIVIA"
"12713",2025,5,"OFICINA PUESTO DE CONTROL MARITIMO - PROV. CONST. DEL CALLAO","COMINO, grano",52000,"SACO(S)","INDIA"
"12714",2025,5,"OFICINA PUESTO DE CONTROL MARITIMO - PROV. CONST. DEL CALLAO","MADERA, monturas y mangos de herramientas, monturas y mangos de cepillos, brochas o escobas, de madera; hormas, ensanchadores y tensores del calzado, de madera ; con algún proceso de la CRF 2",56860,"SACO(S)","CHINA"
"12715",2025,5,"OFICINA PUESTO DE CONTROL MARITIMO - PROV. CONST. DEL CALLAO","ALFALFA, semilla",24000,"BOLSAS","CHILE"
"12716",2025,5,"SANTA ROSA, TACNA","MANZANA, fruto fresco",22785,"CAJA(S)","CHILE"
"12717",2025,5,"OFICINA PUESTO DE CONTROL MARITIMO - PROV. CONST. DEL CALLAO","MAIZ, semilla",77945.9,"BOLSAS","TAILANDIA"
"12718",2025,5,"SANTA ROSA, TACNA","MANZANA, fruto fresco",23520,"CAJA(S)","CHILE"
"12719",2025,5,"PUESTO DE CONTROL TERRESTRE DESAGUADERO","SOYA, torta",174000,"SACO(S)","BOLIVIA"
"12720",2025,5,"Puerto de Chancay","MAIZ, harina",25000,"BOLSAS","COLOMBIA"
"12721",2025,5,"PUERTO DE PAITA , PIURA","COCO, fibra (para sustrato)",103600,"PALETAS","INDIA"
"12722",2025,5,"OFICINA PUESTO DE CONTROL MARITIMO - PROV. CONST. DEL CALLAO","AJO, polvo",3094.745,"PAQUETES","EEUU"
"12723",2025,5,"OFICINA PUESTO DE CONTROL MARITIMO - PROV. CONST. DEL CALLAO","PIMIENTA, molida",3150.877,"PAQUETES","EEUU"
"12724",2025,5,"OFICINA PUESTO DE CONTROL MARITIMO - PROV. CONST. DEL CALLAO","CANELA, triturada o pulverizada (molida)",228.61,"PAQUETES","EEUU"
"12725",2025,5,"OFICINA PUESTO DE CONTROL MARITIMO - PROV. CONST. DEL CALLAO","OREGANO, con algún con proceso de CRF 2",16.329,"PAQUETES","EEUU"
"12726",2025,5,"OFICINA PUESTO DE CONTROL MARITIMO - PROV. CONST. DEL CALLAO","ACHIOTE, molido",149.685,"PAQUETES","EEUU"
"12727",2025,5,"PUESTO DE CONTROL TERRESTRE DESAGUADERO","SOYA, torta",148000,"SACO(S)","BOLIVIA"
"12728",2025,5,"PUESTO DE CONTROL TERRESTRE DESAGUADERO","SOYA, torta",29112,"SACO(S)","BOLIVIA"
"12729",2025,5,"PUESTO DE CONTROL TERRESTRE DESAGUADERO","SOYA, torta",28000,"GRANEL","BOLIVIA"
"12730",2025,5,"PUESTO DE CONTROL TERRESTRE DESAGUADERO","SOYA, torta",28000,"GRANEL","BOLIVIA"
"12731",2025,5,"PUESTO DE CONTROL TERRESTRE DESAGUADERO","SOYA, torta",28280,"GRANEL","BOLIVIA"
"12732",2025,5,"PUESTO DE CONTROL TERRESTRE DESAGUADERO","SOYA, torta",28000,"GRANEL","BOLIVIA"
"12733",2025,5,"PUESTO DE CONTROL TERRESTRE DESAGUADERO","SOYA, torta",147000,"SACO(S)","BOLIVIA"
"12734",2025,5,"PUESTO DE CONTROL TERRESTRE DESAGUADERO","SOYA, torta",28000,"GRANEL","BOLIVIA"
"12735",2025,5,"PUESTO DE CONTROL TERRESTRE DESAGUADERO","SOYA, torta",56000,"GRANEL","BOLIVIA"
"12736",2025,5,"PUESTO DE CONTROL TERRESTRE DESAGUADERO","SOYA, torta",27500,"GRANEL","BOLIVIA"
"12737",2025,5,"PUESTO DE CONTROL TERRESTRE DESAGUADERO","SOYA, torta",28000,"GRANEL","BOLIVIA"
"12738",2025,5,"SANTA ROSA, TACNA","MANZANA, fruto fresco",22834,"CAJA(S)","CHILE"
"12739",2025,5,"AGUAS VERDES, TUMBES","Las demás coniferas, las demas maderas aserradas o desbastadas longitudinalmente, cortada o desenrollada, incluso cepillada,lijada o unida por lo extremos, de espesor superior a 6 mm, con algun tratamiento de la CRF 2",27510,"PIEZAS","ECUADOR"
"12740",2025,5,"PUESTO DE CONTROL TERRESTRE DESAGUADERO","SOYA, harina",140000,"SACO(S)","BOLIVIA"
"12741",2025,5,"OFICINA PUESTO DE CONTROL AEREO -  PROV. CONST. DEL CALLAO","ARANDANO, planta in vitro",374.4,"FRASCO(S)","MEXICO"
"12742",2025,5,"OFICINA PUESTO DE CONTROL MARITIMO - PROV. CONST. DEL CALLAO","YUCA (=MANDIOCA), almidón",9998.99,"SACO(S)","EEUU"
"12743",2025,5,"PUESTO DE CONTROL TERRESTRE DESAGUADERO","SOYA, torta",28000,"GRANEL","BOLIVIA"
"12744",2025,5,"OFICINA PUESTO DE CONTROL MARITIMO - PROV. CONST. DEL CALLAO","AJONJOLI, grano",28000,"SACO(S)","INDIA"
"12745",2025,5,"OFICINA PUESTO DE CONTROL MARITIMO - PROV. CONST. DEL CALLAO","MAIZ, harina",130000,"SACO(S)","COLOMBIA"
"12746",2025,5,"PUESTO DE CONTROL TERRESTRE DESAGUADERO","SOYA, torta",28820,"GRANEL","BOLIVIA"
"12747",2025,5,"OFICINA PUESTO DE CONTROL MARITIMO - PROV. CONST. DEL CALLAO","MADERA, monturas y mangos de herramientas, monturas y mangos de cepillos, brochas o escobas, de madera; hormas, ensanchadores y tensores del calzado, de madera ; con algún proceso de la CRF 2",28101,"BOLSAS","CHINA"
"12748",2025,5,"OFICINA PUESTO DE CONTROL MARITIMO - PROV. CONST. DEL CALLAO","PINO, madera aserrada con algún proceso de la CRF2",35645,"PAQUETES","CHILE"
"12749",2025,5,"OFICINA PUESTO DE CONTROL MARITIMO - PROV. CONST. DEL CALLAO","MAIZ, coronta molida",20000,"PALETAS","CHILE"
"12750",2025,5,"OFICINA PUESTO DE CONTROL MARITIMO - PROV. CONST. DEL CALLAO","MANZANA, fruto fresco",19551,"CAJA(S)","CHILE"
"12751",2025,5,"OFICINA PUESTO DE CONTROL MARITIMO - PROV. CONST. DEL CALLAO","KIWI, fruto fresco",64800,"CAJA(S)","CHILE"
"12752",2025,5,"PUESTO DE CONTROL TERRESTRE DESAGUADERO","SOYA, torta",143000,"SACO(S)","BOLIVIA"
"12753",2025,5,"PUESTO DE CONTROL TERRESTRE DESAGUADERO","SOYA, torta",114500,"SACO(S)","BOLIVIA"
"12754",2025,5,"OFICINA PUESTO DE CONTROL MARITIMO - PROV. CONST. DEL CALLAO","MANZANA, fruto fresco",86240,"CAJA(S)","CHILE"
"12755",2025,5,"OFICINA PUESTO DE CONTROL MARITIMO - PROV. CONST. DEL CALLAO","MANZANA, fruta fresca",6860,"CAJA(S)","ARGENTINA"
"12756",2025,5,"OFICINA PUESTO DE CONTROL MARITIMO - PROV. CONST. DEL CALLAO","PERA, fruta fresca",15876,"CAJA(S)","ARGENTINA"
"12757",2025,5,"OFICINA PUESTO DE CONTROL MARITIMO - PROV. CONST. DEL CALLAO","TRIGO, gluten",6750,"BOLSAS","BELGICA"
"12758",2025,5,"OFICINA PUESTO DE CONTROL MARITIMO - PROV. CONST. DEL CALLAO","HARINA, mezcla",1425,"BOLSAS","BELGICA"
"12759",2025,5,"OFICINA PUESTO DE CONTROL AEREO -  PROV. CONST. DEL CALLAO","COCO, fibra (para sustrato)",35.22,"PAQUETES","INDIA"
"12760",2025,5,"OFICINA PUESTO DE CONTROL AEREO -  PROV. CONST. DEL CALLAO","PIMIENTO, semilla",0.514,"SACHETS","HOLANDA"
"12761",2025,5,"OFICINA PUESTO DE CONTROL AEREO -  PROV. CONST. DEL CALLAO","SANDIA, semilla",0.687,"SACHETS","HOLANDA"
"12762",2025,5,"OFICINA PUESTO DE CONTROL AEREO -  PROV. CONST. DEL CALLAO","TOMATE, semilla",0.02,"SACHETS","HOLANDA"
"12763",2025,5,"OFICINA PUESTO DE CONTROL AEREO -  PROV. CONST. DEL CALLAO","TOMATE, semilla",0.116004,"SACHETS","HOLANDA"
"12764",2025,5,"OFICINA PUESTO DE CONTROL AEREO -  PROV. CONST. DEL CALLAO","MELON, semilla",0.136005,"SACHETS","HOLANDA"
"12765",2025,5,"OFICINA PUESTO DE CONTROL AEREO -  PROV. CONST. DEL CALLAO","ZAPALLITO ITALIANO (CALABACIN), semilla",0.474225,"SACHETS","HOLANDA"
"12766",2025,5,"OFICINA PUESTO DE CONTROL AEREO -  PROV. CONST. DEL CALLAO","PIMIENTO, semilla",0.687,"SACHETS","HOLANDA"
"12767",2025,5,"OFICINA PUESTO DE CONTROL AEREO -  PROV. CONST. DEL CALLAO","ZAPALLITO ITALIANO (CALABACIN), semilla",0.47,"SACHETS","HOLANDA"
"12768",2025,5,"OFICINA PUESTO DE CONTROL AEREO -  PROV. CONST. DEL CALLAO","PAPRIKA,  triturado o pulverizado",0.6,"BOLSAS","EEUU"
"12769",2025,5,"OFICINA PUESTO DE CONTROL AEREO -  PROV. CONST. DEL CALLAO","MELON, semilla",0.887,"SACHETS","EEUU"
"12770",2025,5,"PUESTO DE CONTROL TERRESTRE DESAGUADERO","SOYA, torta",28413,"SACO(S)","BOLIVIA"
"12771",2025,5,"PUESTO DE CONTROL TERRESTRE DESAGUADERO","SOYA, torta",27200,"GRANEL","BOLIVIA"
"12772",2025,5,"PUESTO DE CONTROL TERRESTRE DESAGUADERO","SOYA, torta",28000,"GRANEL","BOLIVIA"
"12773",2025,5,"PUESTO DE CONTROL TERRESTRE DESAGUADERO","SOYA, harina",27146,"SACO(S)","BOLIVIA"
"12774",2025,5,"PUESTO DE CONTROL TERRESTRE DESAGUADERO","SOYA, torta",55480,"GRANEL","BOLIVIA"
"12775",2025,5,"OFICINA PUESTO DE CONTROL MARITIMO - PROV. CONST. DEL CALLAO","PINO, madera aserrada con algún proceso de la CRF2",39153,"PAQUETES","CHILE"
"12776",2025,5,"PUESTO DE CONTROL TERRESTRE DESAGUADERO","SOYA, torta",28000,"GRANEL","BOLIVIA"
"12777",2025,5,"PUESTO DE CONTROL TERRESTRE DESAGUADERO","SOYA, torta",28000,"GRANEL","BOLIVIA"
"12778",2025,5,"PUESTO DE CONTROL TERRESTRE DESAGUADERO","SOYA, torta",28000,"GRANEL","BOLIVIA"
"12779",2025,5,"AGUAS VERDES, TUMBES","PAJA MACORA, paja seca al natural",3500,"FARDOS","ECUADOR"
"12780",2025,5,"OFICINA PUESTO DE CONTROL MARITIMO - PROV. CONST. DEL CALLAO","ARROZ, grano pilado",250000,"SACO(S)","URUGUAY"
"12781",2025,5,"OFICINA PUESTO DE CONTROL AEREO -  PROV. CONST. DEL CALLAO","ARANDANO, planta",1740,"CAJA(S)","CHILE"
"12782",2025,5,"OFICINA PUESTO DE CONTROL MARITIMO - PROV. CONST. DEL CALLAO","ARROZ, grano pilado",125000,"SACO(S)","TAILANDIA"
"12783",2025,5,"PUESTO DE CONTROL TERRESTRE DESAGUADERO","SOYA, harina",114500,"SACO(S)","BOLIVIA"
"12784",2025,5,"PUESTO DE CONTROL TERRESTRE DESAGUADERO","SOYA, torta",114000,"SACO(S)","BOLIVIA"
"12785",2025,5,"OFICINA PUESTO DE CONTROL AEREO -  PROV. CONST. DEL CALLAO","UVA (PASAS), secas industrialmente",0.54,"BOLSAS","CHILE"
"12786",2025,5,"OFICINA PUESTO DE CONTROL MARITIMO - PROV. CONST. DEL CALLAO","TRACTOR USADO, con motor de potencia superior a 33 kW pero inferior o igual a 75 kW",7250,"UNIDADES","CHINA"
"12787",2025,5,"IÑAPARI, MADRE DE DIOS","ALIMENTO PARA ANIMALES, mezcla de granos molidos o pulverizados, sin ningún aditivo",32000,"SACO(S)","BRASIL"
"12788",2025,5,"OFICINA PUESTO DE CONTROL MARITIMO - PROV. CONST. DEL CALLAO","Articulos de cesteria (canastos, cestos u otros), con algun proceso de la CRF2",1190.528,"UNIDADES","CHINA"
"12789",2025,5,"OFICINA PUESTO DE CONTROL MARITIMO - PROV. CONST. DEL CALLAO","Los demas articulos de cesteria con algun proceso de CRF 2",334.772,"UNIDADES","CHINA"
"12790",2025,5,"OFICINA PUESTO DE CONTROL MARITIMO - PROV. CONST. DEL CALLAO","NUEZ, con cáscara seca al natural",42000,"SACO(S)","CHILE"
"12791",2025,5,"PUESTO DE CONTROL TERRESTRE DESAGUADERO","SOYA, torta",56200,"GRANEL","BOLIVIA"
"12792",2025,5,"OFICINA PUESTO DE CONTROL MARITIMO - PROV. CONST. DEL CALLAO","ARROZ, grano pilado",175000,"SACO(S)","TAILANDIA"
"12793",2025,5,"PUESTO DE CONTROL TERRESTRE DESAGUADERO","SOYA, torta",20430,"GRANEL","BOLIVIA"
"12794",2025,5,"PUESTO DE CONTROL TERRESTRE DESAGUADERO","SOYA, torta",7640,"GRANEL","BOLIVIA"
"12795",2025,5,"PUESTO DE CONTROL TERRESTRE DESAGUADERO","SOYA, torta",84500,"GRANEL","BOLIVIA"
"12796",2025,5,"PUESTO DE CONTROL TERRESTRE DESAGUADERO","SOYA, torta",28000,"GRANEL","BOLIVIA"
"12797",2025,5,"OFICINA PUESTO DE CONTROL AEREO -  PROV. CONST. DEL CALLAO","MAIZ, harina",3,"BOLSAS","COLOMBIA"
"12798",2025,5,"PUESTO DE CONTROL TERRESTRE DESAGUADERO","SOYA, torta",85210,"GRANEL","BOLIVIA"
"12799",2025,5,"PUESTO DE CONTROL TERRESTRE DESAGUADERO","SOYA, torta",54540,"GRANEL","BOLIVIA"
"12800",2025,5,"OFICINA PUESTO DE CONTROL MARITIMO - PROV. CONST. DEL CALLAO","AZUCAR BLANCA O REFINADA (lectura polarimetrica mayor 99.5°)",79500,"SACO(S)","COLOMBIA"
"12801",2025,5,"PUESTO DE CONTROL TERRESTRE DESAGUADERO","SOYA, torta",83550,"GRANEL","BOLIVIA"
"12802",2025,5,"OFICINA PUESTO DE CONTROL MARITIMO - PROV. CONST. DEL CALLAO","PINO, madera aserrada con algún proceso de la CRF2",115481.05,"PAQUETES","CHILE"
"12803",2025,5,"AGUAS VERDES, TUMBES","Las demás coniferas, las demas maderas aserradas o desbastadas longitudinalmente, cortada o desenrollada, incluso cepillada,lijada o unida por lo extremos, de espesor superior a 6 mm, con algun tratamiento de la CRF 2",53860,"PIEZAS","ECUADOR"
"12804",2025,5,"OFICINA PUESTO DE CONTROL MARITIMO - PROV. CONST. DEL CALLAO","PINO, madera aserrada con algún proceso de la CRF2",64101,"PAQUETES","CHILE"
"12805",2025,5,"PUESTO DE CONTROL TERRESTRE DESAGUADERO","SOYA, torta",84000,"GRANEL","BOLIVIA"
"12806",2025,5,"PUESTO DE CONTROL TERRESTRE DESAGUADERO","SOYA, torta",56000,"GRANEL","BOLIVIA"
"12807",2025,5,"OFICINA PUESTO DE CONTROL MARITIMO - PROV. CONST. DEL CALLAO","PAPA, hojuelas y pellets",38400,"SACO(S)","HOLANDA"
"12808",2025,5,"PUESTO DE CONTROL TERRESTRE DESAGUADERO","SOYA, torta",28000,"GRANEL","BOLIVIA"
"12809",2025,5,"PUESTO DE CONTROL TERRESTRE DESAGUADERO","SOYA, torta",56000,"GRANEL","BOLIVIA"
"12810",2025,5,"PUESTO DE CONTROL TERRESTRE DESAGUADERO","SOYA, torta",115000,"SACO(S)","BOLIVIA"
"12811",2025,5,"OFICINA PUESTO DE CONTROL MARITIMO - PROV. CONST. DEL CALLAO","MAIZ, harina",130000,"BOLSAS","COLOMBIA"
"12812",2025,5,"PUESTO DE CONTROL TERRESTRE DESAGUADERO","SOYA, torta",28000,"GRANEL","BOLIVIA"
"12813",2025,5,"PUESTO DE CONTROL TERRESTRE DESAGUADERO","SOYA, torta",28000,"GRANEL","BOLIVIA"
"12814",2025,5,"PUESTO DE CONTROL TERRESTRE DESAGUADERO","SOYA, torta",141000,"SACO(S)","BOLIVIA"
"12815",2025,5,"PUESTO DE CONTROL TERRESTRE DESAGUADERO","SOYA, torta",58000,"GRANEL","BOLIVIA"
"12816",2025,5,"PUESTO DE CONTROL TERRESTRE DESAGUADERO","SOYA, torta",56000,"GRANEL","BOLIVIA"
"12817",2025,5,"PUESTO DE CONTROL TERRESTRE DESAGUADERO","SOYA, torta",28000,"GRANEL","BOLIVIA"
"12818",2025,5,"PUESTO DE CONTROL TERRESTRE DESAGUADERO","SOYA, torta",111980,"GRANEL","BOLIVIA"
"12819",2025,5,"PUESTO DE CONTROL TERRESTRE DESAGUADERO","SOYA, torta",56000,"GRANEL","BOLIVIA"
"12820",2025,5,"OFICINA PUESTO DE CONTROL MARITIMO - PROV. CONST. DEL CALLAO","KIWI, fruto fresco",33600,"CAJA(S)","CHILE"
"12821",2025,5,"OFICINA PUESTO DE CONTROL AEREO -  PROV. CONST. DEL CALLAO","PEPINILLO, semilla",6.2,"SOBRES","ESPAÑA"
"12822",2025,5,"PUERTO DE SALAVERRY, LA LIBERTAD","MAIZ AMARILLO DURO, grano",16749320,"GRANEL","ARGENTINA"
"12823",2025,5,"PUERTO DE SALAVERRY, LA LIBERTAD","SOYA, torta",3657420,"GRANEL","ARGENTINA"
"12824",2025,5,"OFICINA PUESTO DE CONTROL AEREO -  PROV. CONST. DEL CALLAO","PINO, semilla",150,"SACO(S)","CHILE"
"12825",2025,5,"SANTA ROSA, TACNA","TRIGO, afrecho seco industrial",56000,"SACO(S)","CHILE"
"12826",2025,5,"OFICINA PUESTO DE CONTROL MARITIMO - PROV. CONST. DEL CALLAO","PINO, madera aserrada con algún proceso de la CRF2",50992,"PAQUETES","CHINA"
"12827",2025,5,"PUESTO DE CONTROL TERRESTRE DESAGUADERO","SOYA, torta",112000,"SACO(S)","BOLIVIA"
"12828",2025,5,"PUESTO DE CONTROL TERRESTRE DESAGUADERO","SOYA, torta",114500,"SACO(S)","BOLIVIA"
"12829",2025,5,"OFICINA PUESTO DE CONTROL AEREO -  PROV. CONST. DEL CALLAO","ALMENDRA, sin cáscara, secado industrial",1.82,"CAJA(S)","EEUU"
"12830",2025,5,"OFICINA PUESTO DE CONTROL MARITIMO - PROV. CONST. DEL CALLAO","GARBANZO, grano",47880,"SACO(S)","MEXICO"
"12831",2025,5,"OFICINA PUESTO DE CONTROL MARITIMO - PROV. CONST. DEL CALLAO","KIWI, fruto fresco",16800,"CAJA(S)","CHILE"
"12832",2025,5,"OFICINA PUESTO DE CONTROL MARITIMO - PROV. CONST. DEL CALLAO","PERA, fruta fresca",23814,"CAJA(S)","ARGENTINA"
"12833",2025,5,"OFICINA PUESTO DE CONTROL MARITIMO - PROV. CONST. DEL CALLAO","PERA, fruta fresca",22680,"CAJA(S)","ARGENTINA"
"12834",2025,5,"OFICINA PUESTO DE CONTROL MARITIMO - PROV. CONST. DEL CALLAO","MANZANA, fruto fresco",19952.8,"CAJA(S)","CHILE"
"12835",2025,5,"OFICINA PUESTO DE CONTROL MARITIMO - PROV. CONST. DEL CALLAO","AVENA, grano aplastado o en copos (hojuelas)",24780.923,"SACO(S)","CHILE"
"12836",2025,5,"OFICINA PUESTO DE CONTROL MARITIMO - PROV. CONST. DEL CALLAO","AVENA, grano trabajado (mondado, perlado, troceado o quebrantado)",1199.077,"SACO(S)","CHILE"
"12837",2025,5,"OFICINA PUESTO DE CONTROL MARITIMO - PROV. CONST. DEL CALLAO","CAUCHO, técnicamente especificado (TSNR)",10080,"PALETAS","GUATEMALA"
"12838",2025,5,"PUESTO DE CONTROL TERRESTRE DESAGUADERO","SOYA, torta",24989,"SACO(S)","BOLIVIA"
"12839",2025,5,"OFICINA PUESTO DE CONTROL MARITIMO - PROV. CONST. DEL CALLAO","KIWI, fruto fresco",72000,"CAJA(S)","CHILE"
"12840",2025,5,"OFICINA PUESTO DE CONTROL MARITIMO - PROV. CONST. DEL CALLAO","PERA, fruta fresca",23946.3,"CAJA(S)","ARGENTINA"
"12841",2025,5,"OFICINA PUESTO DE CONTROL MARITIMO - PROV. CONST. DEL CALLAO","MANZANA, fruta fresca",19516,"CAJA(S)","ARGENTINA"
"12842",2025,5,"OFICINA PUESTO DE CONTROL MARITIMO - PROV. CONST. DEL CALLAO","MANZANA, fruta fresca",19551,"CAJA(S)","ARGENTINA"
"12843",2025,5,"OFICINA PUESTO DE CONTROL MARITIMO - PROV. CONST. DEL CALLAO","MANZANILLA, hoja, flor y tallo seco",34000,"SACO(S)","MEXICO"
"12844",2025,5,"PUERTO DE PAITA , PIURA","LENTEJA, grano",276914,"SACO(S)","CANADA"
"12845",2025,5,"PUERTO DE PAITA , PIURA","ARVEJA, grano partido",96253,"SACO(S)","EEUU"
"12846",2025,5,"PUERTO DE PAITA , PIURA","PAPA, fécula",84000,"SACO(S)","DINAMARCA"
"12847",2025,5,"PUERTO DE PAITA , PIURA","LENTEJA, grano",77928,"SACO(S)","CANADA"
"12848",2025,5,"PUERTO DE PAITA , PIURA","ARVEJA, grano partido",95799,"SACO(S)","EEUU"
"12849",2025,5,"PUERTO DE PAITA , PIURA","ARVEJA, grano partido",145829,"SACO(S)","EEUU"
"12850",2025,5,"PUERTO DE PAITA , PIURA","LENTEJA, grano",283773,"SACO(S)","CANADA"
"12851",2025,5,"PUERTO DE PAITA , PIURA","PAPA, fécula",84000,"SACO(S)","DINAMARCA"
"12852",2025,5,"OFICINA PUESTO DE CONTROL MARITIMO - PROV. CONST. DEL CALLAO","PERA, fruta fresca",23814,"CAJA(S)","ARGENTINA"
"12853",2025,5,"PUESTO DE CONTROL TERRESTRE DESAGUADERO","SOYA, torta",116000,"SACO(S)","BOLIVIA"
"12854",2025,5,"PUESTO DE CONTROL TERRESTRE DESAGUADERO","SOYA, torta",28000,"GRANEL","BOLIVIA"
"12855",2025,5,"PUESTO DE CONTROL TERRESTRE DESAGUADERO","SOYA, torta",144500,"SACO(S)","BOLIVIA"
"12856",2025,5,"PUESTO DE CONTROL TERRESTRE DESAGUADERO","SOYA, torta",28000,"GRANEL","BOLIVIA"
"12857",2025,5,"PUESTO DE CONTROL TERRESTRE DESAGUADERO","SOYA, harina",116000,"SACO(S)","BOLIVIA"
"12858",2025,5,"PUESTO DE CONTROL TERRESTRE DESAGUADERO","SOYA, torta",58000,"SACO(S)","BOLIVIA"
"12859",2025,5,"OFICINA PUESTO DE CONTROL MARITIMO - PROV. CONST. DEL CALLAO","KIWI, fruto fresco",16800,"CAJA(S)","CHILE"
"12860",2025,5,"PUESTO DE CONTROL TERRESTRE DESAGUADERO","SOYA, torta",28000,"GRANEL","BOLIVIA"
"12861",2025,5,"OFICINA PUESTO DE CONTROL MARITIMO - PROV. CONST. DEL CALLAO","TRIGO, harina",11425,"CAJA(S)","ITALIA"
"12862",2025,5,"OFICINA PUESTO DE CONTROL MARITIMO - PROV. CONST. DEL CALLAO","TRIGO, semola",470,"CAJA(S)","ITALIA"
"12863",2025,5,"OFICINA PUESTO DE CONTROL AEREO -  PROV. CONST. DEL CALLAO","ALGODON, fibra sin cardar ni peinar (>34.92 mm)",0.725,"BOLSAS","EGYPTO"
"12864",2025,5,"OFICINA PUESTO DE CONTROL MARITIMO - PROV. CONST. DEL CALLAO","ALGODON, fibra sin cardar ni peinar (>28.57 mm = o <34.92 mm)",394680,"FARDOS","EEUU"
"12865",2025,5,"PUERTO DE PAITA , PIURA","YUTE, sacos",27380,"FARDOS","INDIA"
"12866",2025,5,"PUESTO DE CONTROL TERRESTRE DESAGUADERO","SOYA, torta",174000,"SACO(S)","BOLIVIA"
"12867",2025,5,"LA TINA, PIURA","PINO, madera aserrada con algún proceso de la CRF2",32000,"UNIDADES","ECUADOR"
"12868",2025,5,"OFICINA PUESTO DE CONTROL MARITIMO - PROV. CONST. DEL CALLAO","UVA (PASAS), secas naturalmente",25000,"CAJA(S)","ARGENTINA"
"12869",2025,5,"OFICINA PUESTO DE CONTROL MARITIMO - PROV. CONST. DEL CALLAO","PERA, fruta fresca",23814,"CAJA(S)","ARGENTINA"
"12870",2025,5,"OFICINA PUESTO DE CONTROL MARITIMO - PROV. CONST. DEL CALLAO","PERA, fruta fresca",23814,"CAJA(S)","ARGENTINA"
"12871",2025,5,"OFICINA PUESTO DE CONTROL MARITIMO - PROV. CONST. DEL CALLAO","OREJAS DE JUDAS, seco industrial",275,"CAJA(S)","CHINA"
"12872",2025,5,"OFICINA PUESTO DE CONTROL MARITIMO - PROV. CONST. DEL CALLAO","Shitake (Lentinus edodes), secos, incluso los cortados en trozos o en rodajas, trituradas o pulverizadas, sin otra preparación",1460,"CAJA(S)","CHINA"
"12873",2025,5,"OFICINA PUESTO DE CONTROL MARITIMO - PROV. CONST. DEL CALLAO","AVENA, grano trabajado (mondado, perlado, troceado o quebrantado)",1e+05,"SACO(S)","CHILE"
"12874",2025,5,"PUESTO DE CONTROL TERRESTRE DESAGUADERO","SOYA, torta",115500,"SACO(S)","BOLIVIA"
"12875",2025,5,"PUERTO DE PAITA , PIURA","LENTEJA, grano",89495,"SACO(S)","CANADA"
"12876",2025,5,"PUERTO DE PAITA , PIURA","ARVEJA, grano entero",135590,"GRANEL","CANADA"
"12877",2025,5,"OFICINA PUESTO DE CONTROL MARITIMO - PROV. CONST. DEL CALLAO","Articulos para fiestas de navidad que sean o contengan material vegetal
",1589.345,"UNIDADES","CHINA"
"12878",2025,5,"OFICINA PUESTO DE CONTROL MARITIMO - PROV. CONST. DEL CALLAO","PAPA, fécula",1e+05,"BOLSAS","ALEMANIA"
"12879",2025,5,"OFICINA PUESTO DE CONTROL MARITIMO - PROV. CONST. DEL CALLAO","COCO, fibra (para sustrato)",220248,"PALETAS","SRI LANKA"
"12880",2025,5,"PUESTO DE CONTROL TERRESTRE DESAGUADERO","SOYA, harina",117000,"SACO(S)","BOLIVIA"
"12881",2025,5,"PUESTO DE CONTROL TERRESTRE DESAGUADERO","SOYA, torta",55600,"GRANEL","BOLIVIA"
"12882",2025,5,"PUERTO DE PAITA , PIURA","CAFE, grano verde",19665,"SACOS DE YUTE","BELGICA"
"12883",2025,5,"OFICINA PUESTO DE CONTROL MARITIMO - PROV. CONST. DEL CALLAO","PECANA, sin cáscara secado industrial",19054,"CAJA(S)","MEXICO"
"12884",2025,5,"OFICINA PUESTO DE CONTROL MARITIMO - PROV. CONST. DEL CALLAO","MANZANA, fruto fresco",19551,"CAJA(S)","CHILE"
"12885",2025,5,"OFICINA PUESTO DE CONTROL MARITIMO - PROV. CONST. DEL CALLAO","NARANJA, fruto fresco",21000,"CAJA(S)","CHILE"
"12886",2025,5,"PUESTO DE CONTROL TERRESTRE DESAGUADERO","SOYA, torta",84000,"GRANEL","BOLIVIA"
"12887",2025,5,"OFICINA PUESTO DE CONTROL MARITIMO - PROV. CONST. DEL CALLAO","TURBA",136647,"PALETAS","LETONIA"
"12888",2025,5,"OFICINA PUESTO DE CONTROL MARITIMO - PROV. CONST. DEL CALLAO","TURBA",272680,"FARDOS","LETONIA"
"12889",2025,5,"OFICINA PUESTO DE CONTROL MARITIMO - PROV. CONST. DEL CALLAO","TURBA",109613,"FARDOS","LETONIA"
"12890",2025,5,"OFICINA PUESTO DE CONTROL MARITIMO - PROV. CONST. DEL CALLAO","ALFALFA, semilla",20000,"BOLSAS","EEUU"
"12891",2025,5,"PUERTO DE PAITA , PIURA","Las demas maquinaria para limpieza, clasificacion o cribado de semillas, granos u otras hortalilzas, usadas
",77.5,"UNIDADES","FRANCIA"
"12892",2025,5,"OFICINA PUESTO DE CONTROL MARITIMO - PROV. CONST. DEL CALLAO","PINO, madera aserrada con algún proceso de la CRF2",22499,"PAQUETES","CHILE"
"12893",2025,5,"OFICINA PUESTO DE CONTROL MARITIMO - PROV. CONST. DEL CALLAO","PINO, madera aserrada con algún proceso de la CRF2",42689,"PAQUETES","CHILE"
"12894",2025,5,"OFICINA PUESTO DE CONTROL MARITIMO - PROV. CONST. DEL CALLAO","PINO, postes de madera con algun proceso de la CRF 2",103995,"UNIDADES","CHILE"
"12895",2025,5,"PUESTO DE CONTROL TERRESTRE DESAGUADERO","SOYA, torta",54300,"GRANEL","BOLIVIA"
"12896",2025,5,"OFICINA PUESTO DE CONTROL MARITIMO - PROV. CONST. DEL CALLAO","COCO, fibra (para sustrato)",250450,"PALETAS","SRI LANKA"
"12897",2025,5,"OFICINA PUESTO DE CONTROL MARITIMO - PROV. CONST. DEL CALLAO","PERA, fruta fresca",22680,"CAJA(S)","ARGENTINA"
"12898",2025,5,"OFICINA PUESTO DE CONTROL MARITIMO - PROV. CONST. DEL CALLAO","PERA, fruta fresca",22680,"CAJA(S)","ARGENTINA"
"12899",2025,5,"OFICINA PUESTO DE CONTROL MARITIMO - PROV. CONST. DEL CALLAO","PERA, fruta fresca",22680,"CAJA(S)","ARGENTINA"
"12900",2025,5,"OFICINA PUESTO DE CONTROL MARITIMO - PROV. CONST. DEL CALLAO","PERA, fruta fresca",22680,"CAJA(S)","ARGENTINA"
"12901",2025,5,"OFICINA PUESTO DE CONTROL MARITIMO - PROV. CONST. DEL CALLAO","COCO, fibra (para sustrato)",199340,"PALETAS","SRI LANKA"
"12902",2025,5,"OFICINA PUESTO DE CONTROL MARITIMO - PROV. CONST. DEL CALLAO","COCO, fibra (para sustrato)",128190,"PALETAS","INDIA"
"12903",2025,5,"OFICINA PUESTO DE CONTROL MARITIMO - PROV. CONST. DEL CALLAO","PERA, fruta fresca",22680,"CAJA(S)","ARGENTINA"
"12904",2025,5,"OFICINA PUESTO DE CONTROL MARITIMO - PROV. CONST. DEL CALLAO","PERA, fruta fresca",22680,"CAJA(S)","ARGENTINA"
"12905",2025,5,"OFICINA PUESTO DE CONTROL MARITIMO - PROV. CONST. DEL CALLAO","AZUCAR BLANCA O REFINADA (lectura polarimetrica mayor 99.5°)",132500,"SACO(S)","COLOMBIA"
"12906",2025,5,"PUESTO DE CONTROL TERRESTRE DESAGUADERO","SOYA, torta",146000,"SACO(S)","BOLIVIA"
"12907",2025,5,"PUESTO DE CONTROL TERRESTRE DESAGUADERO","SOYA, torta",56570,"GRANEL","BOLIVIA"
"12908",2025,5,"OFICINA PUESTO DE CONTROL MARITIMO - PROV. CONST. DEL CALLAO","PERA, fruta fresca",21855.75,"CAJA(S)","ARGENTINA"
"12909",2025,5,"OFICINA PUESTO DE CONTROL MARITIMO - PROV. CONST. DEL CALLAO","TRIGO, semola",15000,"SACO(S)","MEXICO"
"12910",2025,5,"OFICINA PUESTO DE CONTROL MARITIMO - PROV. CONST. DEL CALLAO","PINO, madera aserrada con algún proceso de la CRF2",45431,"PAQUETES","CHILE"
"12911",2025,5,"OFICINA PUESTO DE CONTROL MARITIMO - PROV. CONST. DEL CALLAO","ARVEJA, grano partido",138798,"SACO(S)","EEUU"
"12912",2025,5,"OFICINA PUESTO DE CONTROL MARITIMO - PROV. CONST. DEL CALLAO","AVENA, grano aplastado o en copos (hojuelas)",182000,"SACO(S)","CHILE"
"12913",2025,5,"OFICINA PUESTO DE CONTROL MARITIMO - PROV. CONST. DEL CALLAO","AVENA, grano trabajado (mondado, perlado, troceado o quebrantado)",78000,"SACO(S)","CHILE"
"12914",2025,5,"PUESTO DE CONTROL TERRESTRE DESAGUADERO","SOYA, torta",145000,"SACO(S)","BOLIVIA"
"12915",2025,5,"OFICINA PUESTO DE CONTROL MARITIMO - PROV. CONST. DEL CALLAO","ARVEJA, grano partido",24857,"SACO(S)","CANADA"
"12916",2025,5,"OFICINA PUESTO DE CONTROL MARITIMO - PROV. CONST. DEL CALLAO","MANZANA, fruta fresca",20580,"CAJA(S)","EEUU"
"12917",2025,5,"OFICINA PUESTO DE CONTROL MARITIMO - PROV. CONST. DEL CALLAO","PINO, postes de madera con algun proceso de la CRF 2",39450,"PAQUETES","CHILE"
"12918",2025,5,"OFICINA PUESTO DE CONTROL MARITIMO - PROV. CONST. DEL CALLAO","GARBANZO, grano",23000,"SACO(S)","MEXICO"
"12919",2025,5,"OFICINA PUESTO DE CONTROL MARITIMO - PROV. CONST. DEL CALLAO","AVENA, grano aplastado o en copos (hojuelas)",26000,"SACO(S)","CHILE"
"12920",2025,5,"OFICINA PUESTO DE CONTROL MARITIMO - PROV. CONST. DEL CALLAO","PINO, postes de madera con algun proceso de la CRF 2",60470,"PAQUETES","CHILE"
"12921",2025,5,"OFICINA PUESTO DE CONTROL MARITIMO - PROV. CONST. DEL CALLAO","GARBANZO, grano",23000,"SACO(S)","MEXICO"
"12922",2025,5,"OFICINA PUESTO DE CONTROL MARITIMO - PROV. CONST. DEL CALLAO","COCO, fibra (para sustrato)",238350,"PALETAS","INDIA"
"12923",2025,5,"PUESTO DE CONTROL TERRESTRE DESAGUADERO","SOYA, harina",114000,"SACO(S)","BOLIVIA"
"12924",2025,5,"PUESTO DE CONTROL TERRESTRE DESAGUADERO","SOYA, torta",56000,"GRANEL","BOLIVIA"
"12925",2025,5,"PUESTO DE CONTROL TERRESTRE DESAGUADERO","SOYA, torta",28000,"GRANEL","BOLIVIA"
"12926",2025,5,"PUESTO DE CONTROL TERRESTRE DESAGUADERO","SOYA, torta",28000,"GRANEL","BOLIVIA"
"12927",2025,5,"OFICINA PUESTO DE CONTROL MARITIMO - PROV. CONST. DEL CALLAO","CAUCHO, hojas ahumadas",28000,"PACAS","VIETNAM"
"12928",2025,5,"PUESTO DE CONTROL TERRESTRE DESAGUADERO","SOYA, torta",115000,"SACO(S)","BOLIVIA"
"12929",2025,5,"PUESTO DE CONTROL TERRESTRE DESAGUADERO","SOYA, torta",56000,"GRANEL","BOLIVIA"
"12930",2025,5,"PUESTO DE CONTROL TERRESTRE DESAGUADERO","SOYA, torta",56000,"GRANEL","BOLIVIA"
"12931",2025,5,"PUESTO DE CONTROL TERRESTRE DESAGUADERO","SOYA, torta",58000,"GRANEL","BOLIVIA"
"12932",2025,5,"PUESTO DE CONTROL TERRESTRE DESAGUADERO","SOYA, torta",84000,"GRANEL","BOLIVIA"
"12933",2025,5,"PUESTO DE CONTROL TERRESTRE DESAGUADERO","SOYA, torta",28000,"GRANEL","BOLIVIA"
"12934",2025,5,"PUESTO DE CONTROL TERRESTRE DESAGUADERO","SOYA, torta",117000,"SACO(S)","BOLIVIA"
"12935",2025,5,"PUESTO DE CONTROL TERRESTRE DESAGUADERO","SOYA, torta",145000,"SACO(S)","BOLIVIA"
"12936",2025,5,"PUESTO DE CONTROL TERRESTRE DESAGUADERO","SOYA, torta",116000,"SACO(S)","BOLIVIA"
"12937",2025,5,"PUESTO DE CONTROL TERRESTRE DESAGUADERO","SOYA, harina",145000,"SACO(S)","BOLIVIA"
"12938",2025,5,"OFICINA PUESTO DE CONTROL MARITIMO - PROV. CONST. DEL CALLAO","MANZANA, fruto fresco",19551,"CAJA(S)","CHILE"
"12939",2025,5,"OFICINA PUESTO DE CONTROL MARITIMO - PROV. CONST. DEL CALLAO","MANGO, congelado",13800,"CAJA(S)","CANADA"
"12940",2025,5,"PUESTO DE CONTROL TERRESTRE DESAGUADERO","SOYA, torta",28000,"GRANEL","BOLIVIA"
"12941",2025,5,"PUESTO DE CONTROL TERRESTRE DESAGUADERO","SOYA, torta",28000,"GRANEL","BOLIVIA"
"12942",2025,5,"PUESTO DE CONTROL TERRESTRE DESAGUADERO","SOYA, torta",28000,"GRANEL","BOLIVIA"
"12943",2025,5,"OFICINA PUESTO DE CONTROL MARITIMO - PROV. CONST. DEL CALLAO","PAPA, fécula",198000,"SACO(S)","DINAMARCA"
"12944",2025,5,"PUESTO DE CONTROL TERRESTRE DESAGUADERO","SOYA, torta",84500,"GRANEL","BOLIVIA"
"12945",2025,5,"OFICINA PUESTO DE CONTROL MARITIMO - PROV. CONST. DEL CALLAO","CAUCHO, técnicamente especificado (TSNR)",20160,"PALETAS","TAILANDIA"
"12946",2025,5,"OFICINA PUESTO DE CONTROL MARITIMO - PROV. CONST. DEL CALLAO","MADERA, encofrados para hormigón con algún proceso de la CRF2",18900,"PIEZAS","CHINA"
"12947",2025,5,"OFICINA PUESTO DE CONTROL MARITIMO - PROV. CONST. DEL CALLAO","AVENA, grano aplastado o en copos (hojuelas)",104000,"SACO(S)","CHILE"
"12948",2025,5,"OFICINA PUESTO DE CONTROL MARITIMO - PROV. CONST. DEL CALLAO","KIWI, fruto fresco",6000,"CAJA(S)","CHILE"
"12949",2025,5,"OFICINA PUESTO DE CONTROL MARITIMO - PROV. CONST. DEL CALLAO","MANZANA, fruto fresco",14112,"CAJA(S)","CHILE"
"12950",2025,5,"OFICINA PUESTO DE CONTROL AEREO -  PROV. CONST. DEL CALLAO","PAPAYA, semilla",1.124,"SACHETS","TAIWAN"
"12951",2025,5,"OFICINA PUESTO DE CONTROL AEREO -  PROV. CONST. DEL CALLAO","PEPINILLO, semilla",0.504,"SACHETS","TAIWAN"
"12952",2025,5,"PUERTO DE MATARANI , AREQUIPA","MAIZ AMARILLO DURO, grano",32061600,"GRANEL","ARGENTINA"
"12953",2025,5,"PUERTO DE MATARANI , AREQUIPA","SOYA, grano",7199300,"GRANEL","URUGUAY"
"12954",2025,5,"OFICINA PUESTO DE CONTROL AEREO -  PROV. CONST. DEL CALLAO","LECHUGA, semilla",11.346,"LATAS","HOLANDA"
"12955",2025,5,"OFICINA PUESTO DE CONTROL AEREO -  PROV. CONST. DEL CALLAO","LECHUGA, semilla",0.99,"SACHETS","HOLANDA"
"12956",2025,5,"OFICINA PUESTO DE CONTROL MARITIMO - PROV. CONST. DEL CALLAO","ARVEJA, grano partido",249930,"SACO(S)","CANADA"
"12957",2025,5,"OFICINA PUESTO DE CONTROL MARITIMO - PROV. CONST. DEL CALLAO","PINO, madera aserrada con algún proceso de la CRF2",75477,"PAQUETES","CHILE"
"12958",2025,5,"OFICINA PUESTO DE CONTROL MARITIMO - PROV. CONST. DEL CALLAO","PINO, madera aserrada con algún proceso de la CRF2",16186,"PAQUETES","CHILE"
"12959",2025,5,"OFICINA PUESTO DE CONTROL MARITIMO - PROV. CONST. DEL CALLAO","PINO, madera aserrada con algún proceso de la CRF2",56391,"PAQUETES","CHILE"
"12960",2025,5,"OFICINA PUESTO DE CONTROL MARITIMO - PROV. CONST. DEL CALLAO","PINO, madera aserrada con algún proceso de la CRF2",346304,"PAQUETES","CHILE"
"12961",2025,5,"OFICINA PUESTO DE CONTROL MARITIMO - PROV. CONST. DEL CALLAO","PINO, madera aserrada con algún proceso de la CRF2",131281,"PAQUETES","CHILE"
"12962",2025,5,"OFICINA PUESTO DE CONTROL MARITIMO - PROV. CONST. DEL CALLAO","ALMENDRA, sin cáscara secado al natural",16329.5,"CAJA(S)","EEUU"
"12963",2025,5,"OFICINA PUESTO DE CONTROL MARITIMO - PROV. CONST. DEL CALLAO","Articulos de cesteria (canastos, cestos u otros), con algun proceso de la CRF2",2339.4,"PIEZAS","CHINA"
"12964",2025,5,"OFICINA PUESTO DE CONTROL MARITIMO - PROV. CONST. DEL CALLAO","KIWI, fruto fresco",20480,"CAJA(S)","CHILE"
"12965",2025,5,"OFICINA PUESTO DE CONTROL MARITIMO - PROV. CONST. DEL CALLAO","PAPA, fécula",110000,"BIG BAG","ALEMANIA"
"12966",2025,5,"PUESTO DE CONTROL TERRESTRE DESAGUADERO","SOYA, harina",112000,"SACO(S)","BOLIVIA"
"12967",2025,5,"PUESTO DE CONTROL TERRESTRE DESAGUADERO","SOYA, torta",56000,"GRANEL","BOLIVIA"
"12968",2025,5,"PUESTO DE CONTROL TERRESTRE DESAGUADERO","SOYA, torta",55200,"GRANEL","BOLIVIA"
"12969",2025,5,"OFICINA PUESTO DE CONTROL AEREO -  PROV. CONST. DEL CALLAO","ESPINACA, semilla",0.937,"SACHETS","BRASIL"
"12970",2025,5,"AGUAS VERDES, TUMBES","ROSA, flores frescas cortadas",3600,"CAJA(S)","ECUADOR"
"12971",2025,5,"AGUAS VERDES, TUMBES","CLAVEL, flores frescas cortadas",180,"CAJA(S)","ECUADOR"
"12972",2025,5,"AGUAS VERDES, TUMBES","CRISANTEMO, los demas flores frescas cortadas",160,"CAJA(S)","ECUADOR"
"12973",2025,5,"OFICINA PUESTO DE CONTROL MARITIMO - PROV. CONST. DEL CALLAO","AVENA, grano trabajado (mondado, perlado, troceado o quebrantado)",105000,"SACO(S)","CHILE"
"12974",2025,5,"OFICINA PUESTO DE CONTROL MARITIMO - PROV. CONST. DEL CALLAO","UVA (PASAS), secas naturalmente",21000,"CAJA(S)","CHILE"
"12975",2025,5,"PUESTO DE CONTROL TERRESTRE DESAGUADERO","SOYA, torta",112000,"GRANEL","BOLIVIA"
"12976",2025,5,"OFICINA PUESTO DE CONTROL MARITIMO - PROV. CONST. DEL CALLAO","PINO, madera aserrada con algún proceso de la CRF2",143090,"PAQUETES","CHILE"
"12977",2025,5,"OFICINA PUESTO DE CONTROL AEREO -  PROV. CONST. DEL CALLAO","PIMIENTO, semilla",1200,"SOBRES","EEUU"
"12978",2025,5,"PUESTO DE CONTROL TERRESTRE DESAGUADERO","SOYA, grano",52000,"SACO(S)","BOLIVIA"
"12979",2025,5,"PUESTO DE CONTROL TERRESTRE DESAGUADERO","SOYA, grano",76000,"SACO(S)","BOLIVIA"
"12980",2025,5,"PUESTO DE CONTROL TERRESTRE DESAGUADERO","SOYA, torta",28000,"GRANEL","BOLIVIA"
"12981",2025,5,"OFICINA PUESTO DE CONTROL MARITIMO - PROV. CONST. DEL CALLAO","ALGODON, fibra sin cardar ni peinar (>28.57 mm = o <34.92 mm)",59820,"FARDOS","EEUU"
"12982",2025,5,"PUESTO DE CONTROL TERRESTRE DESAGUADERO","SOYA, torta",28000,"GRANEL","BOLIVIA"
"12983",2025,5,"AGUAS VERDES, TUMBES","ROSA, flores frescas cortadas",3120,"CAJA(S)","ECUADOR"
"12984",2025,5,"AGUAS VERDES, TUMBES","CLAVEL, flores frescas cortadas",1880,"CAJA(S)","ECUADOR"
"12985",2025,5,"OFICINA PUESTO DE CONTROL MARITIMO - PROV. CONST. DEL CALLAO","UVA (PASAS), secas industrialmente",50000,"CAJA(S)","CHILE"
"12986",2025,5,"OFICINA PUESTO DE CONTROL MARITIMO - PROV. CONST. DEL CALLAO","ALGODON, fibra sin cardar ni peinar (>28.57 mm = o <34.92 mm)",20040,"FARDOS","EEUU"
"12987",2025,5,"OFICINA PUESTO DE CONTROL MARITIMO - PROV. CONST. DEL CALLAO","ARROZ, parbolizado pulido o sin cáscara",132500,"SACO(S)","BRASIL"
"12988",2025,5,"OFICINA PUESTO DE CONTROL MARITIMO - PROV. CONST. DEL CALLAO","ARROZ, parbolizado pulido o sin cáscara",132500,"SACO(S)","BRASIL"
"12989",2025,5,"OFICINA PUESTO DE CONTROL MARITIMO - PROV. CONST. DEL CALLAO","MADERA, paletas, paletas caja y demas plataformas para carga, collarines para paletas, con algún proceso de la CRF 2",7201.249,"UNIDADES","PUERTO RICO"
"12990",2025,5,"OFICINA PUESTO DE CONTROL AEREO -  PROV. CONST. DEL CALLAO","PALMA ACEITERA, semilla germinada",123,"CAJA(S)","COSTA RICA"
"12991",2025,5,"OFICINA PUESTO DE CONTROL MARITIMO - PROV. CONST. DEL CALLAO","TRIGO, harina",50000,"BOLSAS","TURQUIA"
"12992",2025,5,"OFICINA PUESTO DE CONTROL MARITIMO - PROV. CONST. DEL CALLAO","MADERA, en bruto de coníferas tratada agentes de conservación
",154680,"UNIDADES","CHILE"
"12993",2025,5,"OFICINA PUESTO DE CONTROL MARITIMO - PROV. CONST. DEL CALLAO","PINO, madera en bruto con algún proceso de CRF 2",104000,"UNIDADES","CHILE"
"12994",2025,5,"PUERTO DE PAITA , PIURA","YUTE, sacos",24790,"FARDOS","INDIA"
"12995",2025,5,"PUESTO DE CONTROL TERRESTRE DESAGUADERO","SOYA, torta",168000,"SACO(S)","BOLIVIA"
"12996",2025,5,"OFICINA PUESTO DE CONTROL MARITIMO - PROV. CONST. DEL CALLAO","MADERA, paletas con algún proceso de la CRF 2",165000,"PALETAS","COLOMBIA"
"12997",2025,5,"OFICINA PUESTO DE CONTROL MARITIMO - PROV. CONST. DEL CALLAO","TRIGO, grano",4950000,"GRANEL","EEUU"
"12998",2025,5,"PUESTO DE CONTROL TERRESTRE DESAGUADERO","SOYA, torta",28030,"GRANEL","BOLIVIA"
"12999",2025,5,"PUESTO DE CONTROL TERRESTRE DESAGUADERO","SOYA, torta",28000,"GRANEL","BOLIVIA"
"13000",2025,5,"PUESTO DE CONTROL TERRESTRE DESAGUADERO","SOYA, torta",28000,"GRANEL","BOLIVIA"
"13001",2025,5,"PUESTO DE CONTROL TERRESTRE DESAGUADERO","SOYA, torta",56000,"GRANEL","BOLIVIA"
"13002",2025,5,"PUESTO DE CONTROL TERRESTRE DESAGUADERO","SOYA, torta",28000,"GRANEL","BOLIVIA"
"13003",2025,5,"PUESTO DE CONTROL TERRESTRE DESAGUADERO","SOYA, torta",28060,"GRANEL","BOLIVIA"
"13004",2025,5,"PUESTO DE CONTROL TERRESTRE DESAGUADERO","SOYA, torta",28000,"GRANEL","BOLIVIA"
"13005",2025,5,"PUESTO DE CONTROL TERRESTRE DESAGUADERO","SOYA, torta",28000,"GRANEL","BOLIVIA"
"13006",2025,5,"PUESTO DE CONTROL TERRESTRE DESAGUADERO","SOYA, torta",28000,"GRANEL","BOLIVIA"
"13007",2025,5,"PUESTO DE CONTROL TERRESTRE DESAGUADERO","SOYA, torta",28000,"GRANEL","BOLIVIA"
"13008",2025,5,"PUESTO DE CONTROL TERRESTRE DESAGUADERO","SOYA, harina",1e+05,"SACO(S)","BOLIVIA"
"13009",2025,5,"OFICINA PUESTO DE CONTROL MARITIMO - PROV. CONST. DEL CALLAO","Esterillas, esteras y cañizos, de las demas materias vegetales, con algun proceso de la CRF 2",13.028,"UNIDADES","MALASIA"
"13010",2025,5,"PUESTO DE CONTROL TERRESTRE DESAGUADERO","SOYA, torta",145000,"SACO(S)","BOLIVIA"
"13011",2025,5,"PUESTO DE CONTROL TERRESTRE DESAGUADERO","SOYA, torta",143500,"SACO(S)","BOLIVIA"
"13012",2025,5,"OFICINA PUESTO DE CONTROL MARITIMO - PROV. CONST. DEL CALLAO","ALIMENTO PARA ANIMALES, mezcla de granos molidos o pulverizados, sin ningún aditivo",86.379,"PIEZAS","ESPAÑA"
"13013",2025,5,"OFICINA PUESTO DE CONTROL MARITIMO - PROV. CONST. DEL CALLAO","ALIMENTO PARA ANIMALES, mezcla de granos molidos o pulverizados, sin ningún aditivo",109.969,"CAJA(S)","ESPAÑA"
"13014",2025,5,"OFICINA PUESTO DE CONTROL MARITIMO - PROV. CONST. DEL CALLAO","ALIMENTO PARA ANIMALES, mezcla de granos molidos o pulverizados, sin ningún aditivo",71.377,"CAJAS DE PLASTICO","ESPAÑA"
"13015",2025,5,"OFICINA PUESTO DE CONTROL MARITIMO - PROV. CONST. DEL CALLAO","ALIMENTO PARA ANIMALES, mezcla de granos molidos o pulverizados, sin ningún aditivo",98.17,"UNIDADES","ESPAÑA"
"13016",2025,5,"OFICINA PUESTO DE CONTROL MARITIMO - PROV. CONST. DEL CALLAO","ALIMENTO PARA ANIMALES, mezcla de granos molidos o pulverizados, sin ningún aditivo",138.555,"FRASCO(S)","ESPAÑA"
"13017",2025,5,"OFICINA PUESTO DE CONTROL MARITIMO - PROV. CONST. DEL CALLAO","CAUCHO, técnicamente especificado (TSNR)",60480,"PALETAS","INDONESIA"
"13018",2025,5,"OFICINA PUESTO DE CONTROL MARITIMO - PROV. CONST. DEL CALLAO","COMINO, grano",27000,"SACO(S)","INDIA"
"13019",2025,5,"OFICINA PUESTO DE CONTROL MARITIMO - PROV. CONST. DEL CALLAO","COMINO, grano",27000,"SACO(S)","INDIA"
"13020",2025,5,"OFICINA PUESTO DE CONTROL MARITIMO - PROV. CONST. DEL CALLAO","TRIGO, grano",7700000,"GRANEL","EEUU"
"13021",2025,5,"OFICINA PUESTO DE CONTROL MARITIMO - PROV. CONST. DEL CALLAO","CHIA, grano",25000,"SACO(S)","PARAGUAY"
"13022",2025,5,"PUESTO DE CONTROL TERRESTRE DESAGUADERO","SOYA, torta",174000,"SACO(S)","BOLIVIA"
"13023",2025,5,"AGUAS VERDES, TUMBES","CACAO, grano",12558,"SACO(S)","ECUADOR"
"13024",2025,5,"OFICINA PUESTO DE CONTROL MARITIMO - PROV. CONST. DEL CALLAO","MANZANA, fruto fresco",25284,"CAJA(S)","CHILE"
"13025",2025,5,"OFICINA PUESTO DE CONTROL MARITIMO - PROV. CONST. DEL CALLAO","KIWI, fruto fresco",14280,"CAJA(S)","CHILE"
"13026",2025,5,"OFICINA PUESTO DE CONTROL MARITIMO - PROV. CONST. DEL CALLAO","AVENA, grano trabajado (mondado, perlado, troceado o quebrantado)",78750,"SACO(S)","CHILE"
"13027",2025,5,"OFICINA PUESTO DE CONTROL MARITIMO - PROV. CONST. DEL CALLAO","PERA, fruta fresca",25137,"CAJA(S)","ARGENTINA"
"13028",2025,5,"OFICINA PUESTO DE CONTROL MARITIMO - PROV. CONST. DEL CALLAO","PERA, fruta fresca",23814,"CAJA(S)","ARGENTINA"
"13029",2025,5,"OFICINA PUESTO DE CONTROL MARITIMO - PROV. CONST. DEL CALLAO","ARROZ, parbolizado pulido o sin cáscara",260000,"SACO(S)","TAILANDIA"
"13030",2025,5,"OFICINA PUESTO DE CONTROL MARITIMO - PROV. CONST. DEL CALLAO","ARROZ, grano pilado",1500000,"BOLSONES","URUGUAY"
"13031",2025,5,"OFICINA PUESTO DE CONTROL MARITIMO - PROV. CONST. DEL CALLAO","ARROZ, grano pilado",260000,"SACO(S)","PARAGUAY"
"13032",2025,5,"OFICINA PUESTO DE CONTROL MARITIMO - PROV. CONST. DEL CALLAO","ACHIOTE, grano",24964,"SACO(S)","GUATEMALA"
"13033",2025,5,"OFICINA PUESTO DE CONTROL MARITIMO - PROV. CONST. DEL CALLAO","MANZANA, fruto fresco",19551,"CAJA(S)","CHILE"
"13034",2025,5,"OFICINA PUESTO DE CONTROL MARITIMO - PROV. CONST. DEL CALLAO","KIWI, fruto fresco",22000,"CAJA(S)","CHILE"
"13035",2025,5,"OFICINA PUESTO DE CONTROL MARITIMO - PROV. CONST. DEL CALLAO","ACHIOTE, grano",24300,"SACO(S)","GUATEMALA"
"13036",2025,5,"PUESTO DE CONTROL TERRESTRE DESAGUADERO","SOYA, harina",25179,"SACO(S)","BOLIVIA"
"13037",2025,5,"OFICINA PUESTO DE CONTROL MARITIMO - PROV. CONST. DEL CALLAO","ARROZ, grano pilado",3e+05,"SACO(S)","URUGUAY"
"13038",2025,5,"OFICINA PUESTO DE CONTROL MARITIMO - PROV. CONST. DEL CALLAO","ARVEJA, grano partido",98884,"SACO(S)","CANADA"
"13039",2025,5,"PUESTO DE CONTROL TERRESTRE DESAGUADERO","MANI, grano sin cáscara",28000,"SACO(S)","BOLIVIA"
"13040",2025,5,"OFICINA PUESTO DE CONTROL MARITIMO - PROV. CONST. DEL CALLAO","ACHIOTE, grano",52220,"SACO(S)","COSTA DE MARFIL"
"13041",2025,5,"OFICINA PUESTO DE CONTROL MARITIMO - PROV. CONST. DEL CALLAO","ACHIOTE, grano",18000,"SACO(S)","COSTA DE MARFIL"
"13042",2025,5,"OFICINA PUESTO DE CONTROL MARITIMO - PROV. CONST. DEL CALLAO","PINO, madera aserrada con tratamiento de secado al horno impregnación de sales",139949,"PAQUETES","CHILE"
"13043",2025,5,"OFICINA PUESTO DE CONTROL MARITIMO - PROV. CONST. DEL CALLAO","PINO, madera aserrada con algún proceso de la CRF2",70120,"PAQUETES","CHILE"
"13044",2025,5,"OFICINA PUESTO DE CONTROL MARITIMO - PROV. CONST. DEL CALLAO","PINO, madera aserrada con algún proceso de la CRF2",73930,"PAQUETES","CHILE"
"13045",2025,5,"OFICINA PUESTO DE CONTROL MARITIMO - PROV. CONST. DEL CALLAO","ARROZ, grano pilado",250000,"SACO(S)","URUGUAY"
"13046",2025,5,"PUERTO DE PAITA , PIURA","LINAZA, grano",45179,"SACO(S)","CANADA"
"13047",2025,5,"PUESTO DE CONTROL TERRESTRE DESAGUADERO","SOYA, torta",28000,"GRANEL","BOLIVIA"
"13048",2025,5,"PUESTO DE CONTROL TERRESTRE DESAGUADERO","SOYA, torta",28000,"GRANEL","BOLIVIA"
"13049",2025,5,"PUESTO DE CONTROL TERRESTRE DESAGUADERO","SOYA, torta",56000,"GRANEL","BOLIVIA"
"13050",2025,5,"PUESTO DE CONTROL TERRESTRE DESAGUADERO","SOYA, torta",27500,"GRANEL","BOLIVIA"
"13051",2025,5,"PUESTO DE CONTROL TERRESTRE DESAGUADERO","SOYA, torta",28000,"GRANEL","BOLIVIA"
"13052",2025,5,"PUESTO DE CONTROL TERRESTRE DESAGUADERO","SOYA, torta",28000,"GRANEL","BOLIVIA"
"13053",2025,5,"OFICINA PUESTO DE CONTROL MARITIMO - PROV. CONST. DEL CALLAO","GARBANZO, grano",45620,"SACO(S)","MEXICO"
"13054",2025,5,"PUESTO DE CONTROL TERRESTRE DESAGUADERO","SOYA, torta",55900,"GRANEL","BOLIVIA"
"13055",2025,5,"OFICINA PUESTO DE CONTROL MARITIMO - PROV. CONST. DEL CALLAO","ARROZ, parbolizado pulido o sin cáscara",132500,"SACO(S)","BRASIL"
"13056",2025,5,"OFICINA PUESTO DE CONTROL MARITIMO - PROV. CONST. DEL CALLAO","ARROZ, parbolizado pulido o sin cáscara",132345,"SACO(S)","BRASIL"
"13057",2025,5,"OFICINA PUESTO DE CONTROL MARITIMO - PROV. CONST. DEL CALLAO","ARROZ, parbolizado pulido o sin cáscara",132500,"SACO(S)","BRASIL"
"13058",2025,5,"OFICINA PUESTO DE CONTROL MARITIMO - PROV. CONST. DEL CALLAO","CANELA, corteza entera seca al natural",4000,"SACO(S)","SRI LANKA"
"13059",2025,5,"OFICINA PUESTO DE CONTROL MARITIMO - PROV. CONST. DEL CALLAO","CANELA, corteza entera seca al natural",8500,"CAJA(S)","SRI LANKA"
"13060",2025,5,"OFICINA PUESTO DE CONTROL MARITIMO - PROV. CONST. DEL CALLAO","GARBANZO, grano",22840,"SACO(S)","MEXICO"
"13061",2025,5,"PUESTO DE CONTROL TERRESTRE DESAGUADERO","SOYA, torta",174000,"SACO(S)","BOLIVIA"
"13062",2025,5,"PUESTO DE CONTROL TERRESTRE DESAGUADERO","SOYA, torta",114000,"SACO(S)","BOLIVIA"
"13063",2025,5,"PUESTO DE CONTROL TERRESTRE DESAGUADERO","SOYA, harina",145000,"SACO(S)","BOLIVIA"
"13064",2025,5,"PUESTO DE CONTROL TERRESTRE DESAGUADERO","SOYA, torta",145000,"SACO(S)","BOLIVIA"
"13065",2025,5,"OFICINA PUESTO DE CONTROL MARITIMO - PROV. CONST. DEL CALLAO","PERA, fruta fresca",22680,"CAJA(S)","ARGENTINA"
"13066",2025,5,"OFICINA PUESTO DE CONTROL AEREO -  PROV. CONST. DEL CALLAO","TOMATE, semilla",0.048,"SACHETS","HOLANDA"
"13067",2025,5,"PUESTO DE CONTROL TERRESTRE DESAGUADERO","SOYA, torta",28000,"GRANEL","BOLIVIA"
"13068",2025,5,"PUESTO DE CONTROL TERRESTRE DESAGUADERO","SOYA, torta",28000,"GRANEL","BOLIVIA"
"13069",2025,5,"PUESTO DE CONTROL TERRESTRE DESAGUADERO","SOYA, torta",28000,"GRANEL","BOLIVIA"
"13070",2025,5,"PUESTO DE CONTROL TERRESTRE DESAGUADERO","SOYA, torta",28000,"GRANEL","BOLIVIA"
"13071",2025,5,"PUESTO DE CONTROL TERRESTRE DESAGUADERO","SOYA, torta",28000,"GRANEL","BOLIVIA"
"13072",2025,5,"PUESTO DE CONTROL TERRESTRE DESAGUADERO","SOYA, torta",28000,"GRANEL","BOLIVIA"
"13073",2025,5,"OFICINA PUESTO DE CONTROL AEREO -  PROV. CONST. DEL CALLAO","PIMIENTO, semilla",0.422,"SACHETS","ESPAÑA"
"13074",2025,5,"OFICINA PUESTO DE CONTROL AEREO -  PROV. CONST. DEL CALLAO","SANDIA, semilla",0.717,"SACHETS","HOLANDA"
"13075",2025,5,"OFICINA PUESTO DE CONTROL AEREO -  PROV. CONST. DEL CALLAO","SANDIA, semilla",0.381,"SACHETS","HOLANDA"
"13076",2025,5,"OFICINA PUESTO DE CONTROL AEREO -  PROV. CONST. DEL CALLAO","PEPINILLO, semilla",0.051013,"SACHETS","HOLANDA"
"13077",2025,5,"OFICINA PUESTO DE CONTROL AEREO -  PROV. CONST. DEL CALLAO","SANDIA, semilla",1.46,"SACHETS","HOLANDA"
"13078",2025,5,"OFICINA PUESTO DE CONTROL AEREO -  PROV. CONST. DEL CALLAO","PIMIENTO, semilla",1.717685,"SACHETS","HOLANDA"
"13079",2025,5,"OFICINA PUESTO DE CONTROL AEREO -  PROV. CONST. DEL CALLAO","PIMIENTO, semilla",0.093613,"SACHETS","HOLANDA"
"13080",2025,5,"OFICINA PUESTO DE CONTROL AEREO -  PROV. CONST. DEL CALLAO","TOMATE, semilla",0.202,"SACHETS","HOLANDA"
"13081",2025,5,"PUESTO DE CONTROL TERRESTRE DESAGUADERO","SOYA, harina",112000,"SACO(S)","BOLIVIA"
"13082",2025,5,"PUESTO DE CONTROL TERRESTRE DESAGUADERO","SOYA, harina",1e+05,"SACO(S)","BOLIVIA"
"13083",2025,5,"PUESTO DE CONTROL TERRESTRE DESAGUADERO","SOYA, torta",116000,"SACO(S)","BOLIVIA"
"13084",2025,5,"PUESTO DE CONTROL TERRESTRE DESAGUADERO","SOYA, torta",56000,"GRANEL","BOLIVIA"
"13085",2025,5,"OFICINA PUESTO DE CONTROL MARITIMO - PROV. CONST. DEL CALLAO","PAPA, fécula",44000,"SACO(S)","POLONIA"
"13086",2025,5,"PUERTO DE PAITA , PIURA","MAIZ AMARILLO DURO, grano",10800000,"GRANEL","ARGENTINA"
"13087",2025,5,"PUERTO DE PAITA , PIURA","SOYA, torta",3500000,"GRANEL","ARGENTINA"
"13088",2025,5,"OFICINA PUESTO DE CONTROL MARITIMO - PROV. CONST. DEL CALLAO","PINO, madera aserrada con algún proceso de la CRF2",23168,"PAQUETES","CHILE"
"13089",2025,5,"OFICINA PUESTO DE CONTROL AEREO -  PROV. CONST. DEL CALLAO","PIMIENTO, semilla",17.673,"SACHETS","CHILE"
"13090",2025,5,"OFICINA PUESTO DE CONTROL MARITIMO - PROV. CONST. DEL CALLAO","MANZANA, fruto fresco",19551,"CAJA(S)","CHILE"
"13091",2025,5,"PUESTO DE CONTROL TERRESTRE DESAGUADERO","SOYA, torta",26057,"SACO(S)","BOLIVIA"
"13092",2025,5,"PUESTO DE CONTROL TERRESTRE DESAGUADERO","SOYA, torta",28004,"SACO(S)","BOLIVIA"
"13093",2025,5,"OFICINA PUESTO DE CONTROL MARITIMO - PROV. CONST. DEL CALLAO","Articulos para fiestas de navidad que sean o contengan material vegetal
",28.484,"UNIDADES","ALEMANIA"
"13094",2025,5,"SANTA ROSA, TACNA","MANZANA, fruto fresco",22834,"CAJA(S)","CHILE"
"13095",2025,5,"PUESTO DE CONTROL TERRESTRE DESAGUADERO","SOYA, torta",27090,"GRANEL","BOLIVIA"
"13096",2025,5,"PUESTO DE CONTROL TERRESTRE DESAGUADERO","SOYA, torta",28050,"GRANEL","BOLIVIA"
"13097",2025,5,"OFICINA PUESTO DE CONTROL MARITIMO - PROV. CONST. DEL CALLAO","UVA, fruta fresca",13120,"CAJA(S)","EEUU"
"13098",2025,5,"PUESTO DE CONTROL TERRESTRE DESAGUADERO","SOYA, torta",55500,"GRANEL","BOLIVIA"
"13099",2025,5,"OFICINA PUESTO DE CONTROL MARITIMO - PROV. CONST. DEL CALLAO","TURBA",100478,"BIG BAG","LETONIA"
"13100",2025,5,"SANTA ROSA, TACNA","MANZANA, fruto fresco",18816,"CAJA(S)","CHILE"
"13101",2025,5,"SANTA ROSA, TACNA","PERA, fruta fresca",21560,"CAJA(S)","CHILE"
"13102",2025,5,"OFICINA PUESTO DE CONTROL MARITIMO - PROV. CONST. DEL CALLAO","MAIZ REVENTON, grano",78246,"SACO(S)","EEUU"
"13103",2025,5,"OFICINA PUESTO DE CONTROL AEREO -  PROV. CONST. DEL CALLAO","las demas, harina de semillas o frutos oleaginosos con algun proceso de la CR 2",100,"BOLSAS","ESPAÑA"
"13104",2025,5,"PUESTO DE CONTROL TERRESTRE DESAGUADERO","SOYA, torta",55700,"GRANEL","BOLIVIA"
"13105",2025,5,"PUESTO DE CONTROL TERRESTRE DESAGUADERO","SOYA, torta",84800,"GRANEL","BOLIVIA"
"13106",2025,5,"OFICINA PUESTO DE CONTROL MARITIMO - PROV. CONST. DEL CALLAO","LENTEJA, grano",184478,"SACO(S)","CANADA"
"13107",2025,5,"OFICINA PUESTO DE CONTROL AEREO -  PROV. CONST. DEL CALLAO","COCO, fibra (para sustrato)",7,"BOLSAS","SRI LANKA"
"13108",2025,5,"OFICINA PUESTO DE CONTROL MARITIMO - PROV. CONST. DEL CALLAO","UVA (PASAS), secas industrialmente",25000,"CAJA(S)","CHILE"
"13109",2025,5,"PUESTO DE CONTROL TERRESTRE DESAGUADERO","FREJOL ADZUKI, grano",27620,"BOLSAS","ARGENTINA"
"13110",2025,5,"PUESTO DE CONTROL TERRESTRE DESAGUADERO","SOYA, torta",29000,"GRANEL","BOLIVIA"
"13111",2025,5,"PUESTO DE CONTROL TERRESTRE DESAGUADERO","SOYA, torta",23500,"GRANEL","BOLIVIA"
"13112",2025,5,"PUESTO DE CONTROL TERRESTRE DESAGUADERO","SOYA, torta",54340,"GRANEL","BOLIVIA"
"13113",2025,5,"OFICINA PUESTO DE CONTROL MARITIMO - PROV. CONST. DEL CALLAO","PERA, fruta fresca",22680,"CAJA(S)","ARGENTINA"
"13114",2025,5,"OFICINA PUESTO DE CONTROL MARITIMO - PROV. CONST. DEL CALLAO","PINO, madera aserrada con algún proceso de la CRF2",99288,"PAQUETES","CHILE"
"13115",2025,5,"OFICINA PUESTO DE CONTROL MARITIMO - PROV. CONST. DEL CALLAO","TRIGO, grano",22549301,"GRANEL","EEUU"
"13116",2025,5,"OFICINA PUESTO DE CONTROL AEREO -  PROV. CONST. DEL CALLAO","SANDIA, semilla",1.15,"SACHETS","JAPON"
"13117",2025,5,"PUESTO DE CONTROL TERRESTRE DESAGUADERO","SOYA, torta",174000,"SACO(S)","BOLIVIA"
"13118",2025,5,"PUESTO DE CONTROL TERRESTRE DESAGUADERO","SOYA, harina",25000,"SACO(S)","BOLIVIA"
"13119",2025,5,"OFICINA PUESTO DE CONTROL MARITIMO - PROV. CONST. DEL CALLAO","MAIZ, semilla",85380.81,"BOLSAS","MEXICO"
"13120",2025,5,"OFICINA PUESTO DE CONTROL MARITIMO - PROV. CONST. DEL CALLAO","UVA (PASAS), secas industrialmente",42000,"CAJA(S)","CHILE"
"13121",2025,5,"PUESTO DE CONTROL TERRESTRE DESAGUADERO","MANI, grano sin cáscara",168000,"SACO(S)","BOLIVIA"
"13122",2025,5,"OFICINA PUESTO DE CONTROL MARITIMO - PROV. CONST. DEL CALLAO","ARROZ, parbolizado pulido o sin cáscara",132500,"SACO(S)","BRASIL"
"13123",2025,5,"PUESTO DE CONTROL TERRESTRE DESAGUADERO","SOYA, torta",26067,"SACO(S)","BOLIVIA"
"13124",2025,5,"OFICINA PUESTO DE CONTROL MARITIMO - PROV. CONST. DEL CALLAO","FLOR DE JAMAICA, seca natural",58000,"SACO(S)","NIGERIA"
"13125",2025,5,"OFICINA PUESTO DE CONTROL MARITIMO - PROV. CONST. DEL CALLAO","ARROZ, grano pilado",18688.2,"SACO(S)","EEUU"
"13126",2025,5,"PUESTO DE CONTROL TERRESTRE DESAGUADERO","SOYA, torta",28000,"GRANEL","BOLIVIA"
"13127",2025,5,"PUESTO DE CONTROL TERRESTRE DESAGUADERO","SOYA, torta",28000,"GRANEL","BOLIVIA"
"13128",2025,5,"OFICINA PUESTO DE CONTROL MARITIMO - PROV. CONST. DEL CALLAO","COCO, fibra (para sustrato)",26050,"PALETAS","SRI LANKA"
"13129",2025,5,"OFICINA PUESTO DE CONTROL MARITIMO - PROV. CONST. DEL CALLAO","AZUCAR BLANCA O REFINADA (lectura polarimetrica mayor 99.5°)",106000,"BOLSAS","GUATEMALA"
"13130",2025,5,"PUESTO DE CONTROL TERRESTRE DESAGUADERO","SOYA, torta",28000,"GRANEL","BOLIVIA"
"13131",2025,5,"OFICINA PUESTO DE CONTROL MARITIMO - PROV. CONST. DEL CALLAO","ACHIOTE, grano",50000,"SACO(S)","GUATEMALA"
"13132",2025,5,"OFICINA PUESTO DE CONTROL MARITIMO - PROV. CONST. DEL CALLAO","UVA (PASAS), secas naturalmente",25000,"CAJA(S)","ARGENTINA"
"13133",2025,5,"OFICINA PUESTO DE CONTROL MARITIMO - PROV. CONST. DEL CALLAO","MANZANA, fruta fresca",20580,"CAJA(S)","EEUU"
"13134",2025,5,"OFICINA PUESTO DE CONTROL MARITIMO - PROV. CONST. DEL CALLAO","PINO, madera aserrada con algún proceso de la CRF2",36498,"PAQUETES","CHILE"
"13135",2025,5,"OFICINA PUESTO DE CONTROL MARITIMO - PROV. CONST. DEL CALLAO","YUTE, tejido crudo",27688,"FARDOS","INDIA"
"13136",2025,5,"OFICINA PUESTO DE CONTROL MARITIMO - PROV. CONST. DEL CALLAO","YUTE, sacos",25900,"FARDOS","BANGLADESH"
"13137",2025,5,"OFICINA PUESTO DE CONTROL AEREO -  PROV. CONST. DEL CALLAO","SUSTRATO (en base a turba y fibra de coco)",585,"SACO(S)","ESPAÑA"
"13138",2025,5,"OFICINA PUESTO DE CONTROL MARITIMO - PROV. CONST. DEL CALLAO","MANI, grano sin cáscara",25000,"BIG BAG","ARGENTINA"
"13139",2025,5,"OFICINA PUESTO DE CONTROL MARITIMO - PROV. CONST. DEL CALLAO","ALGODON, fibra sin cardar ni peinar (>28.57 mm = o <34.92 mm)",97990,"FARDOS","EEUU"
"13140",2025,5,"OFICINA PUESTO DE CONTROL AEREO -  PROV. CONST. DEL CALLAO","TRIGO, harina",5.7,"BOLSAS",NA
"13141",2025,5,"OFICINA PUESTO DE CONTROL AEREO -  PROV. CONST. DEL CALLAO","ARANDANO, planta in vitro",374.4,"FRASCO(S)","MEXICO"
"13142",2025,5,"AGUAS VERDES, TUMBES","CAÑA DE GUAYAQUIL, seca al natural",34000,"UNIDADES","ECUADOR"
"13143",2025,5,"OFICINA PUESTO DE CONTROL MARITIMO - PROV. CONST. DEL CALLAO","MARCOS, madera",358.24,"CAJA(S)","CHINA"
"13144",2025,5,"PUESTO DE CONTROL TERRESTRE DESAGUADERO","SOYA, torta",145000,"SACO(S)","BOLIVIA"
"13145",2025,5,"OFICINA PUESTO DE CONTROL MARITIMO - PROV. CONST. DEL CALLAO","ALMENDRA, sin cáscara secado al natural",19958.4,"CAJA(S)","EEUU"
"13146",2025,5,"PUERTO DE PAITA , PIURA","ARVEJA, grano partido",46266,"SACO(S)","EEUU"
"13147",2025,5,"OFICINA PUESTO DE CONTROL MARITIMO - PROV. CONST. DEL CALLAO","MANZANA, fruto fresco",19709,"CAJA(S)","CHILE"
"13148",2025,5,"OFICINA PUESTO DE CONTROL MARITIMO - PROV. CONST. DEL CALLAO","TURBA",203040,"BIG BAG","HOLANDA"
"13149",2025,5,"PUESTO DE CONTROL TERRESTRE DESAGUADERO","SOYA, torta",54180,"GRANEL","BOLIVIA"
"13150",2025,5,"OFICINA PUESTO DE CONTROL AEREO -  PROV. CONST. DEL CALLAO","COCO, fibra (para sustrato)",0.5,"PIEZAS","HOLANDA"
"13151",2025,5,"PUERTO DE PAITA , PIURA","ARVEJA, grano partido",46266,"SACO(S)","EEUU"
"13152",2025,5,"OFICINA PUESTO DE CONTROL MARITIMO - PROV. CONST. DEL CALLAO","AZUCAR BLANCA O REFINADA (lectura polarimetrica mayor 99.5°)",25000,"SACO(S)","COLOMBIA"
"13153",2025,5,"PUESTO DE CONTROL TERRESTRE DESAGUADERO","SOYA, torta",54520,"GRANEL","BOLIVIA"
"13154",2025,5,"PUESTO DE CONTROL TERRESTRE DESAGUADERO","SOYA, torta",54050,"GRANEL","BOLIVIA"
"13155",2025,5,"PUESTO DE CONTROL TERRESTRE DESAGUADERO","SOYA, torta",81900,"GRANEL","BOLIVIA"
"13156",2025,5,"AGUAS VERDES, TUMBES","CAÑA DE GUAYAQUIL, seca al natural",31000,"UNIDADES","ECUADOR"
"13157",2025,5,"OFICINA PUESTO DE CONTROL MARITIMO - PROV. CONST. DEL CALLAO","TRIGO, gluten",21000,"BOLSAS","LITUANIA"
"13158",2025,5,"PUESTO DE CONTROL TERRESTRE DESAGUADERO","SOYA, torta",113000,"SACO(S)","BOLIVIA"
"13159",2025,5,"OFICINA PUESTO DE CONTROL MARITIMO - PROV. CONST. DEL CALLAO","BARRILES, cubas, tinas y demás manufacturas de tonelería ensambladas.",6520,"BIDONES","CHILE"
"13160",2025,5,"PUERTO DE PAITA , PIURA","ARVEJA, grano partido",70307,"SACO(S)","EEUU"
"13161",2025,5,"PUESTO DE CONTROL TERRESTRE DESAGUADERO","SOYA, torta",28500,"GRANEL","BOLIVIA"
"13162",2025,5,"PUESTO DE CONTROL TERRESTRE DESAGUADERO","SOYA, torta",27800,"GRANEL","BOLIVIA"
"13163",2025,5,"PUESTO DE CONTROL TERRESTRE DESAGUADERO","SOYA, torta",114500,"SACO(S)","BOLIVIA"
"13164",2025,5,"PUESTO DE CONTROL TERRESTRE DESAGUADERO","SOYA, harina",203000,"SACO(S)","BOLIVIA"
"13165",2025,5,"OFICINA PUESTO DE CONTROL MARITIMO - PROV. CONST. DEL CALLAO","LENTEJA, grano",26308,"SACO(S)","CANADA"
"13166",2025,5,"PUESTO DE CONTROL TERRESTRE DESAGUADERO","SOYA, torta",146500,"SACO(S)","BOLIVIA"
"13167",2025,5,"OFICINA PUESTO DE CONTROL MARITIMO - PROV. CONST. DEL CALLAO","MARCOS, madera",180.6,"CAJA(S)","GUATEMALA"
"13168",2025,5,"OFICINA PUESTO DE CONTROL MARITIMO - PROV. CONST. DEL CALLAO","MARCOS, madera",425.1,"CAJA(S)","GUATEMALA"
"13169",2025,5,"OFICINA PUESTO DE CONTROL MARITIMO - PROV. CONST. DEL CALLAO","MADERA, monturas y mangos de herramientas, monturas y mangos de cepillos, brochas o escobas, de madera; hormas, ensanchadores y tensores del calzado, de madera ; con algún proceso de la CRF 2",89.88,"CAJA(S)","GUATEMALA"
"13170",2025,5,"OFICINA PUESTO DE CONTROL MARITIMO - PROV. CONST. DEL CALLAO","MATERIAS VEGETALES, para tallar trabajadas con algun proceso de la CRF 2",81.9,"CAJA(S)","GUATEMALA"
"13171",2025,5,"OFICINA PUESTO DE CONTROL MARITIMO - PROV. CONST. DEL CALLAO","Articulos para fiestas de navidad que sean o contengan material vegetal
",4.9,"CAJA(S)","GUATEMALA"
"13172",2025,5,"OFICINA PUESTO DE CONTROL MARITIMO - PROV. CONST. DEL CALLAO","Articulos para fiestas de navidad que sean o contengan material vegetal
",284.616,"CAJA(S)","GUATEMALA"
"13173",2025,5,"OFICINA PUESTO DE CONTROL AEREO -  PROV. CONST. DEL CALLAO","PEREJIL, deshidratado",15,"BOLSAS","EEUU"
"13174",2025,5,"OFICINA PUESTO DE CONTROL MARITIMO - PROV. CONST. DEL CALLAO","UVA (PASAS), secas industrialmente",20000,"CAJA(S)","CHILE"
"13175",2025,5,"PUESTO DE CONTROL TERRESTRE DESAGUADERO","SOYA, torta",145000,"SACO(S)","BOLIVIA"
"13176",2025,5,"OFICINA PUESTO DE CONTROL MARITIMO - PROV. CONST. DEL CALLAO","MANZANA, fruto fresco",39709.6,"CAJA(S)","CHILE"
"13177",2025,5,"PUESTO DE CONTROL TERRESTRE DESAGUADERO","SOYA, torta",146500,"SACO(S)","BOLIVIA"
"13178",2025,5,"PUESTO DE CONTROL TERRESTRE DESAGUADERO","SOYA, torta",28000,"GRANEL","BOLIVIA"
"13179",2025,5,"PUESTO DE CONTROL TERRESTRE DESAGUADERO","SOYA, torta",29050,"SACO(S)","BOLIVIA"
"13180",2025,5,"PUESTO DE CONTROL TERRESTRE DESAGUADERO","SOYA, torta",86500,"SACO(S)","BOLIVIA"
"13181",2025,5,"PUESTO DE CONTROL TERRESTRE DESAGUADERO","SOYA, torta",25019,"SACO(S)","BOLIVIA"
"13182",2025,5,"PUESTO DE CONTROL TERRESTRE DESAGUADERO","SOYA, torta",28000,"GRANEL","BOLIVIA"
"13183",2025,5,"SANTA ROSA, TACNA","MANZANA, fruto fresco",23226,"CAJA(S)","CHILE"
"13184",2025,5,"OFICINA PUESTO DE CONTROL MARITIMO - PROV. CONST. DEL CALLAO","YUTE, tejido crudo",27175,"FARDOS","INDIA"
"13185",2025,5,"PUESTO DE CONTROL TERRESTRE DESAGUADERO","SOYA, torta",174000,"SACO(S)","BOLIVIA"
"13186",2025,5,"OFICINA PUESTO DE CONTROL MARITIMO - PROV. CONST. DEL CALLAO","YUCA (=MANDIOCA), fécula",102000,"BIG BAG","TAILANDIA"
"13187",2025,5,"SANTA ROSA, TACNA","LENTEJA, grano",26309,"SACO(S)","CANADA"
"13188",2025,5,"PUESTO DE CONTROL TERRESTRE DESAGUADERO","SOYA, harina",145000,"SACO(S)","BOLIVIA"
"13189",2025,5,"OFICINA PUESTO DE CONTROL MARITIMO - PROV. CONST. DEL CALLAO","LENTEJA, grano",26082,"SACO(S)","CANADA"
"13190",2025,5,"SANTA ROSA, TACNA","NUEZ, con cáscara seca al natural",23000,"SACO(S)","CHILE"
"13191",2025,5,"OFICINA PUESTO DE CONTROL AEREO -  PROV. CONST. DEL CALLAO","ARANDANO, planta in vitro",10.8,"CAJAS DE PLASTICO","EEUU"
"13192",2025,5,"OFICINA PUESTO DE CONTROL MARITIMO - PROV. CONST. DEL CALLAO","ARVEJA, grano partido",49442,"SACO(S)","CANADA"
"13193",2025,5,"OFICINA PUESTO DE CONTROL MARITIMO - PROV. CONST. DEL CALLAO","COCO, fibra (para sustrato)",237240,"PALETAS","INDIA"
"13194",2025,5,"OFICINA PUESTO DE CONTROL MARITIMO - PROV. CONST. DEL CALLAO","COCO, fibra (para sustrato)",102800,"BOLSAS","SRI LANKA"
"13195",2025,5,"OFICINA PUESTO DE CONTROL MARITIMO - PROV. CONST. DEL CALLAO","AJONJOLI, grano",27000,"SACO(S)","INDIA"
"13196",2025,5,"OFICINA PUESTO DE CONTROL MARITIMO - PROV. CONST. DEL CALLAO","Las demás maderas de coníferas, perfilada longitudi (con lengüetas ranuras, rebajes, acanalados, biselados, con juntas en v, redond  o simil) en una o varias caras, cantos o extrem, incluso cepillada, lijada o unida por los extrem, con algún proceso de la CRF 2",26776,"PAQUETES","CHILE"
"13197",2025,5,"OFICINA PUESTO DE CONTROL AEREO -  PROV. CONST. DEL CALLAO","YERBA MATE, secado industrial",720,"CAJA(S)","BRASIL"
"13198",2025,5,"PUESTO DE CONTROL TERRESTRE DESAGUADERO","SOYA, torta",56000,"GRANEL","BOLIVIA"
"13199",2025,5,"SANTA ROSA, TACNA","SOYA, grano",81850,"SACO(S)","ARGENTINA"
"13200",2025,5,"PUESTO DE CONTROL TERRESTRE DESAGUADERO","SOYA, torta",55800,"GRANEL","BOLIVIA"
"13201",2025,5,"PUESTO DE CONTROL TERRESTRE DESAGUADERO","SOYA, torta",55500,"GRANEL","BOLIVIA"
"13202",2025,5,"OFICINA PUESTO DE CONTROL MARITIMO - PROV. CONST. DEL CALLAO","CANELA, corteza entera seca al natural",15000,"CAJA(S)","SRI LANKA"
"13203",2025,5,"OFICINA PUESTO DE CONTROL MARITIMO - PROV. CONST. DEL CALLAO","PINO, madera aserrada con algún proceso de la CRF2",115130,"PAQUETES","CHILE"
"13204",2025,5,"PUESTO DE CONTROL TERRESTRE DESAGUADERO","SOYA, harina",57000,"SACO(S)","BOLIVIA"
"13205",2025,5,"OFICINA PUESTO DE CONTROL MARITIMO - PROV. CONST. DEL CALLAO","COCO, fibra (para sustrato)",40000,"PALETAS","INDIA"
"13206",2025,5,"PUERTO DE PAITA , PIURA","MADERA, en bruto de coníferas tratada agentes de conservación
",131570,"UNIDADES","CHILE"
"13207",2025,5,"PUESTO DE CONTROL TERRESTRE DESAGUADERO","SOYA, harina",58000,"SACO(S)","BOLIVIA"
"13208",2025,5,"SANTA ROSA, TACNA","LENTEJA, grano",78924,"SACO(S)","CANADA"
"13209",2025,5,"SANTA ROSA, TACNA","TRACTOR USADO, con motor de potencia superior a 33 kW pero inferior o igual a 75 kW",12000,"UNIDADES","HOLANDA"
"13210",2025,5,"SANTA ROSA, TACNA","TRACTOR USADO, con motor de potencia superior a 33 kW pero inferior o igual a 75 kW",4000,"UNIDADES","CHILE"
"13211",2025,5,"SANTA ROSA, TACNA","TRACTOR USADO, con motor de potencia superior a 33 kW pero inferior o igual a 75 kW",3850,"PIEZAS","CHINA"
"13212",2025,5,"SANTA ROSA, TACNA","TRACTOR USADO, con motor de potencia superior a 75 kW pero inferior o igual a 130 kW",7900,"UNIDADES","CHINA"
"13213",2025,5,"OFICINA PUESTO DE CONTROL MARITIMO - PROV. CONST. DEL CALLAO","TURBA",101320,"BIG BAG","HOLANDA"
"13214",2025,5,"OFICINA PUESTO DE CONTROL MARITIMO - PROV. CONST. DEL CALLAO","ARROZ, parbolizado pulido o sin cáscara",260000,"SACO(S)","TAILANDIA"
"13215",2025,5,"OFICINA PUESTO DE CONTROL MARITIMO - PROV. CONST. DEL CALLAO","LENTEJA, grano",47174,"SACO(S)","EEUU"
"13216",2025,5,"AGUAS VERDES, TUMBES","Las demás coniferas, las demas maderas aserradas o desbastadas longitudinalmente, cortada o desenrollada, incluso cepillada,lijada o unida por lo extremos, de espesor superior a 6 mm, con algun tratamiento de la CRF 2",26810,"PIEZAS","ECUADOR"
"13217",2025,5,"OFICINA PUESTO DE CONTROL MARITIMO - PROV. CONST. DEL CALLAO","ANIS O BADIANA, grano",25730,"SACO(S)","TURQUIA"
"13218",2025,5,"PUESTO DE CONTROL TERRESTRE DESAGUADERO","SOYA, torta",145000,"SACO(S)","BOLIVIA"
"13219",2025,5,"OFICINA PUESTO DE CONTROL MARITIMO - PROV. CONST. DEL CALLAO","ANIS O BADIANA, grano",54000,"SACO(S)","TURQUIA"
"13220",2025,5,"OFICINA PUESTO DE CONTROL MARITIMO - PROV. CONST. DEL CALLAO","MATERIAS VEGETALES, para tallar trabajadas con algun proceso de la CRF 2",1591.775,"UNIDADES","CHINA"
"13221",2025,5,"SANTA ROSA, TACNA","LENTEJA, grano",99972,"SACO(S)","CANADA"
"13222",2025,5,"OFICINA PUESTO DE CONTROL MARITIMO - PROV. CONST. DEL CALLAO","LENTEJA, grano",184160,"SACO(S)","CANADA"
"13223",2025,5,"OFICINA PUESTO DE CONTROL MARITIMO - PROV. CONST. DEL CALLAO","FREJOL, grano",40824,"SACO(S)","CANADA"
"13224",2025,5,"OFICINA PUESTO DE CONTROL MARITIMO - PROV. CONST. DEL CALLAO","COCO, rallado seco industrial",18000,"SACO(S)","VIETNAM"
"13225",2025,5,"OFICINA PUESTO DE CONTROL MARITIMO - PROV. CONST. DEL CALLAO","ALMENDRA, sin cáscara secado al natural",19958.4,"CAJA(S)","EEUU"
"13226",2025,5,"OFICINA PUESTO DE CONTROL MARITIMO - PROV. CONST. DEL CALLAO","TURBA",26000,"FARDOS","LETONIA"
"13227",2025,5,"OFICINA PUESTO DE CONTROL MARITIMO - PROV. CONST. DEL CALLAO","ARROZ, grano pilado",130000,"SACO(S)","BRASIL"
"13228",2025,5,"OFICINA PUESTO DE CONTROL MARITIMO - PROV. CONST. DEL CALLAO","MANZANA, fruto fresco",19756.8,"CAJA(S)","CHILE"
"13229",2025,5,"OFICINA PUESTO DE CONTROL MARITIMO - PROV. CONST. DEL CALLAO","TE VERDE",8038,"CAJA(S)","CHINA"
"13230",2025,5,"PUESTO DE CONTROL TERRESTRE DESAGUADERO","SOYA, torta",82260,"GRANEL","BOLIVIA"
"13231",2025,5,"PUESTO DE CONTROL TERRESTRE DESAGUADERO","SOYA, torta",82690,"GRANEL","BOLIVIA"
"13232",2025,5,"OFICINA PUESTO DE CONTROL MARITIMO - PROV. CONST. DEL CALLAO","MADERA, cajas con algún proceso de la CRF 2",40.226,"PIEZAS","CHINA"
"13233",2025,5,"OFICINA PUESTO DE CONTROL MARITIMO - PROV. CONST. DEL CALLAO","Articulos de cesteria (canastos, cestos u otros), con algun proceso de la CRF2",89.39,"PIEZAS","CHINA"
"13234",2025,5,"OFICINA PUESTO DE CONTROL MARITIMO - PROV. CONST. DEL CALLAO","MANZANA, fruta fresca",119364,"CAJA(S)","EEUU"
"13235",2025,5,"OFICINA PUESTO DE CONTROL MARITIMO - PROV. CONST. DEL CALLAO","MAIZ, harina",18000,"PALETAS","MEXICO"
"13236",2025,5,"OFICINA PUESTO DE CONTROL MARITIMO - PROV. CONST. DEL CALLAO","MAIZ, harina",36000,"PALETAS","MEXICO"
"13237",2025,5,"PUESTO DE CONTROL TERRESTRE DESAGUADERO","SOYA, torta",28000,"GRANEL","BOLIVIA"
"13238",2025,5,"PUESTO DE CONTROL TERRESTRE DESAGUADERO","SOYA, torta",28850,"GRANEL","BOLIVIA"
"13239",2025,5,"PUESTO DE CONTROL TERRESTRE DESAGUADERO","SOYA, torta",28000,"GRANEL","BOLIVIA"
"13240",2025,5,"PUESTO DE CONTROL TERRESTRE DESAGUADERO","SOYA, torta",28000,"GRANEL","BOLIVIA"
"13241",2025,5,"PUESTO DE CONTROL TERRESTRE DESAGUADERO","SOYA, torta",28000,"GRANEL","BOLIVIA"
"13242",2025,5,"OFICINA PUESTO DE CONTROL MARITIMO - PROV. CONST. DEL CALLAO","MADERA, monturas y mangos de herramientas, monturas y mangos de cepillos, brochas o escobas, de madera; hormas, ensanchadores y tensores del calzado, de madera ; con algún proceso de la CRF 2",222.436,"PIEZAS","MEXICO"
"13243",2025,5,"OFICINA PUESTO DE CONTROL MARITIMO - PROV. CONST. DEL CALLAO","MADERA, monturas y mangos de herramientas, monturas y mangos de cepillos, brochas o escobas, de madera; hormas, ensanchadores y tensores del calzado, de madera ; con algún proceso de la CRF 2",191.213,"PIEZAS","MEXICO"
"13244",2025,5,"PUESTO DE CONTROL TERRESTRE DESAGUADERO","SOYA, torta",142000,"SACO(S)","BOLIVIA"
"13245",2025,5,"OFICINA PUESTO DE CONTROL MARITIMO - PROV. CONST. DEL CALLAO","TURBA",74500,"FARDOS","LITUANIA"
"13246",2025,5,"OFICINA PUESTO DE CONTROL MARITIMO - PROV. CONST. DEL CALLAO","SUSTRATO (en base a turba y fibra de coco)",78200,"FARDOS","LITUANIA"
"13247",2025,5,"OFICINA PUESTO DE CONTROL AEREO -  PROV. CONST. DEL CALLAO","ORQUIDEA, planta",537.5,"CAJA(S)","HOLANDA"
"13248",2025,5,"OFICINA PUESTO DE CONTROL MARITIMO - PROV. CONST. DEL CALLAO","MADERA, herramientas de madera con algún proceso de la CRF2",85.58,"PIEZAS","MEXICO"
"13249",2025,5,"PUESTO DE CONTROL TERRESTRE DESAGUADERO","SOYA, torta",145000,"SACO(S)","BOLIVIA"
"13250",2025,5,"PUERTO DE PAITA , PIURA","ARVEJA, grano partido",98068,"SACO(S)","EEUU"
"13251",2025,5,"OFICINA PUESTO DE CONTROL MARITIMO - PROV. CONST. DEL CALLAO","ARVEJA, grano partido",74050,"SACO(S)","CANADA"
"13252",2025,5,"OFICINA PUESTO DE CONTROL MARITIMO - PROV. CONST. DEL CALLAO","CHIA, grano",20790,"SACO(S)","ARGENTINA"
"13253",2025,5,"OFICINA PUESTO DE CONTROL MARITIMO - PROV. CONST. DEL CALLAO","ARVEJA, grano partido",24721,"SACO(S)","CANADA"
"13254",2025,5,"PUESTO DE CONTROL TERRESTRE DESAGUADERO","SOYA, torta",28000,"GRANEL","BOLIVIA"
"13255",2025,5,"PUESTO DE CONTROL TERRESTRE DESAGUADERO","SOYA, harina",50867,"SACO(S)","BOLIVIA"
"13256",2025,5,"PUESTO DE CONTROL TERRESTRE DESAGUADERO","SOYA, torta",27000,"GRANEL","BOLIVIA"
"13257",2025,5,"PUESTO DE CONTROL TERRESTRE DESAGUADERO","SOYA, torta",84000,"GRANEL","BOLIVIA"
"13258",2025,5,"PUESTO DE CONTROL TERRESTRE DESAGUADERO","SOYA, torta",174000,"SACO(S)","BOLIVIA"
"13259",2025,5,"PUESTO DE CONTROL TERRESTRE DESAGUADERO","SOYA, torta",28000,"GRANEL","BOLIVIA"
"13260",2025,5,"PUESTO DE CONTROL TERRESTRE DESAGUADERO","SOYA, torta",28000,"GRANEL","BOLIVIA"
"13261",2025,5,"PUESTO DE CONTROL TERRESTRE DESAGUADERO","SOYA, torta",169960,"SACO(S)","BOLIVIA"
"13262",2025,5,"PUESTO DE CONTROL TERRESTRE DESAGUADERO","SOYA, harina",145000,"SACO(S)","BOLIVIA"
"13263",2025,5,"PUESTO DE CONTROL TERRESTRE DESAGUADERO","SOYA, torta",112000,"GRANEL","BOLIVIA"
"13264",2025,5,"PUESTO DE CONTROL TERRESTRE DESAGUADERO","SOYA, harina",116000,"SACO(S)","BOLIVIA"
"13265",2025,5,"PUERTO DE PAITA , PIURA","FREJOL, grano",220500,"SACO(S)","CHINA"
"13266",2025,5,"PUESTO DE CONTROL TERRESTRE DESAGUADERO","SOYA, torta",116000,"SACO(S)","BOLIVIA"
"13267",2025,5,"PUESTO DE CONTROL TERRESTRE DESAGUADERO","SOYA, torta",145000,"SACO(S)","BOLIVIA"
"13268",2025,5,"PUESTO DE CONTROL TERRESTRE DESAGUADERO","SOYA, harina",174000,"SACO(S)","BOLIVIA"
"13269",2025,5,"PUESTO DE CONTROL TERRESTRE DESAGUADERO","SOYA, harina",30121,"SACO(S)","BOLIVIA"
"13270",2025,5,"PUESTO DE CONTROL TERRESTRE DESAGUADERO","SOYA, torta",147000,"SACO(S)","BOLIVIA"
"13271",2025,5,"PUESTO DE CONTROL TERRESTRE DESAGUADERO","SOYA, harina",174000,"SACO(S)","BOLIVIA"
"13272",2025,5,"OFICINA PUESTO DE CONTROL MARITIMO - PROV. CONST. DEL CALLAO","TRIGO, harina",36.288,"BOLSAS","EEUU"
"13273",2025,5,"OFICINA PUESTO DE CONTROL MARITIMO - PROV. CONST. DEL CALLAO","MAIZ, harina",680.4,"SACO(S)","EEUU"
"13274",2025,5,"AGUAS VERDES, TUMBES","PAJA TOQUILLA, con algún proceso de la CRF2",1000,"FARDOS","ECUADOR"
"13275",2025,5,"OFICINA PUESTO DE CONTROL AEREO -  PROV. CONST. DEL CALLAO","ORQUIDEA, planta",748,"CAJA(S)","HOLANDA"
"13276",2025,5,"PUESTO DE CONTROL TERRESTRE DESAGUADERO","SOYA, torta",145000,"SACO(S)","BOLIVIA"
"13277",2025,5,"OFICINA PUESTO DE CONTROL MARITIMO - PROV. CONST. DEL CALLAO","MANZANA, fruto fresco",40278,"CAJA(S)","CHILE"
"13278",2025,5,"OFICINA PUESTO DE CONTROL MARITIMO - PROV. CONST. DEL CALLAO","YUTE, artículos de cestería (canastas, cestos, otros)",228,"CAJA(S)","CHINA"
"13279",2025,5,"PUESTO DE CONTROL TERRESTRE DESAGUADERO","SOYA, torta",28070,"GRANEL","BOLIVIA"
"13280",2025,5,"LA TINA, PIURA","COCO, fibra (para sustrato)",104000,"SACO(S)","ECUADOR"
"13281",2025,5,"PUESTO DE CONTROL TERRESTRE DESAGUADERO","SOYA, harina",58115,"SACO(S)","BOLIVIA"
"13282",2025,5,"OFICINA PUESTO DE CONTROL MARITIMO - PROV. CONST. DEL CALLAO","PINO, madera aserrada con algún proceso de la CRF2",92950,"PAQUETES","CHILE"
"13283",2025,5,"PUESTO DE CONTROL TERRESTRE DESAGUADERO","SOYA, torta",28000,"GRANEL","BOLIVIA"
"13284",2025,5,"PUESTO DE CONTROL TERRESTRE DESAGUADERO","SOYA, torta",26380,"GRANEL","BOLIVIA"
"13285",2025,5,"PUESTO DE CONTROL TERRESTRE DESAGUADERO","SOYA, torta",1720,"GRANEL","BOLIVIA"
"13286",2025,5,"PUESTO DE CONTROL TERRESTRE DESAGUADERO","SOYA, torta",28000,"GRANEL","BOLIVIA"
"13287",2025,5,"PUESTO DE CONTROL TERRESTRE DESAGUADERO","SOYA, torta",56000,"GRANEL","BOLIVIA"
"13288",2025,5,"PUESTO DE CONTROL TERRESTRE DESAGUADERO","SOYA, torta",300,"GRANEL","BOLIVIA"
"13289",2025,5,"PUESTO DE CONTROL TERRESTRE DESAGUADERO","SOYA, torta",27660,"GRANEL","BOLIVIA"
"13290",2025,5,"PUESTO DE CONTROL TERRESTRE DESAGUADERO","SOYA, torta",84000,"GRANEL","BOLIVIA"
"13291",2025,5,"PUESTO DE CONTROL TERRESTRE DESAGUADERO","SOYA, torta",84230,"GRANEL","BOLIVIA"
"13292",2025,5,"PUESTO DE CONTROL TERRESTRE DESAGUADERO","SOYA, torta",28000,"GRANEL","BOLIVIA"
"13293",2025,5,"PUESTO DE CONTROL TERRESTRE DESAGUADERO","SOYA, torta",28000,"GRANEL","BOLIVIA"
"13294",2025,5,"PUESTO DE CONTROL TERRESTRE DESAGUADERO","SOYA, torta",84280,"GRANEL","BOLIVIA"
"13295",2025,5,"SANTA ROSA, TACNA","PERA, fruta fresca",22176,"CAJA(S)","CHILE"
"13296",2025,5,"SANTA ROSA, TACNA","MANZANA, fruto fresco",23422,"CAJA(S)","CHILE"
"13297",2025,5,"SANTA ROSA, TACNA","MANZANA, fruto fresco",23226,"CAJA(S)","CHILE"
"13298",2025,5,"PUESTO DE CONTROL TERRESTRE DESAGUADERO","SOYA, torta",176000,"SACO(S)","BOLIVIA"
"13299",2025,5,"SANTA ROSA, TACNA","MANZANA, fruto fresco",23520,"CAJA(S)","CHILE"
"13300",2025,5,"SANTA ROSA, TACNA","MANZANA, fruto fresco",23520,"CAJA(S)","CHILE"
"13301",2025,5,"PUESTO DE CONTROL TERRESTRE DESAGUADERO","SOYA, torta",28000,"GRANEL","BOLIVIA"
