"","Año","Mes","Sede","Producto","Peso Kg.","Tipo de Envase","Pais Origen"
"1","2022",10,"OFICINA PUESTO DE CONTROL MARITIMO - PROV. CONST. DEL CALLAO","AVENA, grano trabajado (mondado, perlado, troceado o quebrantado)",75000,"SACO(S)","CHILE"
"2","2022",10,"OFICINA PUESTO DE CONTROL MARITIMO - PROV. CONST. DEL CALLAO","ARVEJA, grano partido",78924,"SACO(S)","CANADA"
"3","2022",10,"PUESTO DE CONTROL TERRESTRE DESAGUADERO","SOYA, torta",144860,"GRANEL","BOLIVIA"
"4","2022",10,"PUESTO DE CONTROL TERRESTRE DESAGUADERO","SOYA, torta",141880,"GRANEL","BOLIVIA"
"5","2022",10,"PUESTO DE CONTROL TERRESTRE DESAGUADERO","SOYA, torta",106060,"GRANEL","BOLIVIA"
"6","2022",10,"PUESTO DE CONTROL TERRESTRE DESAGUADERO","SOYA, torta",28080,"GRANEL","BOLIVIA"
"7","2022",10,"PUESTO DE CONTROL TERRESTRE DESAGUADERO","SOYA, torta",27950,"GRANEL","BOLIVIA"
"8","2022",10,"PUESTO DE CONTROL TERRESTRE DESAGUADERO","SOYA, torta",87190,"GRANEL","BOLIVIA"
"9","2022",10,"SANTA ROSA, TACNA","MANZANA, fruto fresco",22540,"CAJA(S)","CHILE"
"10","2022",10,"PUESTO DE CONTROL TERRESTRE DESAGUADERO","SOYA, torta",56000,"GRANEL","BOLIVIA"
"11","2022",10,"PUESTO DE CONTROL TERRESTRE DESAGUADERO","SOYA, torta",58000,"GRANEL","BOLIVIA"
"12","2022",10,"PUESTO DE CONTROL TERRESTRE DESAGUADERO","SOYA, torta",56500,"GRANEL","BOLIVIA"
"13","2022",10,"PUESTO DE CONTROL TERRESTRE DESAGUADERO","SOYA, torta",87000,"GRANEL","BOLIVIA"
"14","2022",10,"PUESTO DE CONTROL TERRESTRE DESAGUADERO","SOYA, torta",57000,"GRANEL","BOLIVIA"
"15","2022",10,"SANTA ROSA, TACNA","KIWI, fruto fresco",4032,"CAJA(S)","CHILE"
"16","2022",10,"SANTA ROSA, TACNA","MANZANA, fruto fresco",19600,"CAJA(S)","CHILE"
"17","2022",10,"OFICINA PUESTO DE CONTROL MARITIMO - PROV. CONST. DEL CALLAO","PERA, fruta fresca",23814,"CAJA(S)","ARGENTINA"
"18","2022",10,"SANTA ROSA, TACNA","MANZANA, fruto fresco",23520,"CAJA(S)","CHILE"
"19","2022",10,"SANTA ROSA, TACNA","MANZANA, fruto fresco",23520,"CAJA(S)","CHILE"
"20","2022",10,"OFICINA PUESTO DE CONTROL MARITIMO - PROV. CONST. DEL CALLAO","FREJOL, grano",46000,"SACO(S)","MEXICO"
"21","2022",10,"OFICINA PUESTO DE CONTROL MARITIMO - PROV. CONST. DEL CALLAO","LENTEJA, grano",49986,"SACO(S)","CANADA"
"22","2022",10,"OFICINA PUESTO DE CONTROL MARITIMO - PROV. CONST. DEL CALLAO","GARBANZO, grano",120000,"SACO(S)","MEXICO"
"23","2022",10,"OFICINA PUESTO DE CONTROL MARITIMO - PROV. CONST. DEL CALLAO","ARVEJA, grano entero",25000,"BOLSAS","ARGENTINA"
"24","2022",10,"PUESTO DE CONTROL TERRESTRE DESAGUADERO","SOYA, harina",174000,"SACO(S)","BOLIVIA"
"25","2022",10,"PUESTO DE CONTROL TERRESTRE DESAGUADERO","SOYA, torta",116000,"SACO(S)","BOLIVIA"
"26","2022",10,"PUESTO DE CONTROL TERRESTRE DESAGUADERO","SOYA, torta",115000,"SACO(S)","BOLIVIA"
"27","2022",10,"PUESTO DE CONTROL TERRESTRE DESAGUADERO","SOYA, torta",55490,"GRANEL","BOLIVIA"
"28","2022",10,"OFICINA PUESTO DE CONTROL MARITIMO - PROV. CONST. DEL CALLAO","ALGODON, fibra sin cardar ni peinar (>28.57 mm = o <34.92 mm)",18750,"FARDOS","EEUU"
"29","2022",10,"OFICINA PUESTO DE CONTROL MARITIMO - PROV. CONST. DEL CALLAO","Articulos para fiestas de navidad que sean o contengan material vegetal
",282.8,"UNIDADES","CHINA"
"30","2022",10,"SANTA ROSA, TACNA","MANZANA, fruto fresco",23520,"CAJA(S)","CHILE"
"31","2022",10,"SANTA ROSA, TACNA","MANZANA, fruto fresco",23520,"CAJA(S)","CHILE"
"32","2022",10,"SANTA ROSA, TACNA","PERA, fruta fresca",22176,"CAJA(S)","CHILE"
"33","2022",10,"SANTA ROSA, TACNA","MANZANA, fruto fresco",23520,"CAJA(S)","CHILE"
"34","2022",10,"OFICINA PUESTO DE CONTROL MARITIMO - PROV. CONST. DEL CALLAO","KIWI, fruto fresco",24000,"CAJA(S)","CHILE"
"35","2022",10,"OFICINA PUESTO DE CONTROL AEREO -  PROV. CONST. DEL CALLAO","PIMENTON, desecado",0.34,"BOLSAS","CHINA"
"36","2022",10,"OFICINA PUESTO DE CONTROL AEREO -  PROV. CONST. DEL CALLAO","
Las demás plantas, partes de plantas, semillas y frutos de las especies utilizadas principalmente en perfumería, medicina o para usos insecticidas, parasiticidas o similares, frescos o secos natural, incluso cortados o quebrantados
",0.5,"BOLSAS","CHINA"
"37","2022",10,"OFICINA PUESTO DE CONTROL MARITIMO - PROV. CONST. DEL CALLAO","TURBA",192160,"BOLSAS","LETONIA"
"38","2022",10,"OFICINA PUESTO DE CONTROL AEREO -  PROV. CONST. DEL CALLAO","MAIZ, semilla",27.61,"SOBRES","FRANCIA"
"39","2022",10,"PUESTO DE CONTROL TERRESTRE DESAGUADERO","SOYA, torta",144996,"SACO(S)","BOLIVIA"
"40","2022",10,"OFICINA PUESTO DE CONTROL MARITIMO - PROV. CONST. DEL CALLAO","PINO, madera aserrada con algún proceso de la CRF2",62263,"PAQUETES","CHILE"
"41","2022",10,"OFICINA PUESTO DE CONTROL MARITIMO - PROV. CONST. DEL CALLAO","ALGODON, fibra sin cardar ni peinar (>28.57 mm = o <34.92 mm)",20290,"FARDOS","EEUU"
"42","2022",10,"OFICINA PUESTO DE CONTROL MARITIMO - PROV. CONST. DEL CALLAO","MAIZ, semilla",34798,"BOLSAS","TAILANDIA"
"43","2022",10,"IÑAPARI, MADRE DE DIOS","MAIZ AMARILLO DURO, grano",32000,"SACO(S)","BRASIL"
"44","2022",10,"PUESTO DE CONTROL TERRESTRE DESAGUADERO","SOYA, torta",27850,"GRANEL","BOLIVIA"
"45","2022",10,"SANTA ROSA, TACNA","ZAPALLO (=CALABAZA), fresco",40000,"UNIDADES","CHILE"
"46","2022",10,"SANTA ROSA, TACNA","KIWI, fruto fresco",840,"CAJA(S)","CHILE"
"47","2022",10,"SANTA ROSA, TACNA","MANZANA, fruto fresco",22579.2,"CAJA(S)","CHILE"
"48","2022",10,"SANTA ROSA, TACNA","MANZANA, fruto fresco",22579.2,"CAJA(S)","CHILE"
"49","2022",10,"SANTA ROSA, TACNA","MANZANA, fruto fresco",23520,"CAJA(S)","CHILE"
"50","2022",10,"SANTA ROSA, TACNA","PERA, fruta fresca",22626,"CAJA(S)","CHILE"
"51","2022",10,"OFICINA PUESTO DE CONTROL MARITIMO - PROV. CONST. DEL CALLAO","BARRILES, CUBAS, TINAS y demas manufacturas de toneleria y sus partes de madera, incluidas las duelas con algún proceso de la  CRF2",744,"BIDONES","EEUU"
"52","2022",10,"PUESTO DE CONTROL TERRESTRE DESAGUADERO","SOYA, torta",54180,"GRANEL","BOLIVIA"
"53","2022",10,"OFICINA PUESTO DE CONTROL MARITIMO - PROV. CONST. DEL CALLAO","UVA (PASAS), secas industrialmente",20000,"CAJA(S)","CHILE"
"54","2022",10,"OFICINA PUESTO DE CONTROL MARITIMO - PROV. CONST. DEL CALLAO","PIÑA, seco industrial",20,"BOLSAS","ALEMANIA"
"55","2022",10,"OFICINA PUESTO DE CONTROL MARITIMO - PROV. CONST. DEL CALLAO","MANGO, seco industrial",40,"BOLSAS","ALEMANIA"
"56","2022",10,"OFICINA PUESTO DE CONTROL MARITIMO - PROV. CONST. DEL CALLAO","ANIS ESTRELLA, trituradas o pulverizadas",20,"BOLSAS","ALEMANIA"
"57","2022",10,"OFICINA PUESTO DE CONTROL MARITIMO - PROV. CONST. DEL CALLAO","LAS DEMAS PLANTAS, partes de plantas, semillas y frutos de especies utilizadas principalmente en perfumeria,medicina insecticidas o similares con algún proceso del a CRF 2",411,"BOLSAS","ALEMANIA"
"58","2022",10,"OFICINA PUESTO DE CONTROL MARITIMO - PROV. CONST. DEL CALLAO","MANZANA, fruto fresco",17640,"CAJA(S)","EEUU"
"59","2022",10,"PUESTO DE CONTROL TERRESTRE DESAGUADERO","SOYA, torta",116000,"SACO(S)","BOLIVIA"
"60","2022",10,"OFICINA PUESTO DE CONTROL MARITIMO - PROV. CONST. DEL CALLAO","UVA (PASAS), secas industrialmente",25000,"CAJA(S)","ARGENTINA"
"61","2022",10,"PUESTO DE CONTROL- CEBAF","CAÑA DE GUAYAQUIL, seca al natural",34000,"UNIDADES","ECUADOR"
"62","2022",10,"OFICINA PUESTO DE CONTROL MARITIMO - PROV. CONST. DEL CALLAO","PINO, madera aserrada con algún proceso de la CRF2",64088,"PAQUETES","CHILE"
"63","2022",10,"OFICINA PUESTO DE CONTROL MARITIMO - PROV. CONST. DEL CALLAO","CAUCHO, técnicamente especificado (TSNR)",20160,"PALETAS","TAILANDIA"
"64","2022",10,"PUERTO DE PISCO , ICA","ARROZ, grano pilado",529200,"BIG BAG","BRASIL"
"65","2022",10,"PUESTO DE CONTROL TERRESTRE DESAGUADERO","SOYA, harina",143918,"SACO(S)","BOLIVIA"
"66","2022",10,"PUERTO DE PISCO , ICA","ARROZ, grano pilado",264600,"BIG BAG","BRASIL"
"67","2022",10,"PUERTO DE PISCO , ICA","ARROZ, grano pilado",529200,"BIG BAG","BRASIL"
"68","2022",10,"OFICINA PUESTO DE CONTROL MARITIMO - PROV. CONST. DEL CALLAO","PERA, fruta fresca",22680,"CAJA(S)","ARGENTINA"
"69","2022",10,"IÑAPARI, MADRE DE DIOS","MAIZ AMARILLO DURO, grano",48000,"GRANEL","BRASIL"
"70","2022",10,"IÑAPARI, MADRE DE DIOS","MAIZ AMARILLO DURO, grano",48000,"GRANEL","BRASIL"
"71","2022",10,"SANTA ROSA, TACNA","MANZANA, fruto fresco",22687,"CAJA(S)","CHILE"
"72","2022",10,"OFICINA PUESTO DE CONTROL MARITIMO - PROV. CONST. DEL CALLAO","TRACTOR USADO, con motor de potencia superior a 33 kW pero inferior o igual a 75 kW",10850.19,"UNIDADES","CHINA"
"73","2022",10,"OFICINA PUESTO DE CONTROL MARITIMO - PROV. CONST. DEL CALLAO","UVA (PASAS), secas industrialmente",25000,"CAJA(S)","ARGENTINA"
"74","2022",10,"PUERTO DE PAITA , PIURA","ARVEJA, grano entero",51710,"SACO(S)","CANADA"
"75","2022",10,"PUESTO DE CONTROL TERRESTRE DESAGUADERO","SOYA, harina",116000,"SACO(S)","BOLIVIA"
"76","2022",10,"PUESTO DE CONTROL TERRESTRE DESAGUADERO","SOYA, harina",116000,"SACO(S)","BOLIVIA"
"77","2022",10,"OFICINA PUESTO DE CONTROL MARITIMO - PROV. CONST. DEL CALLAO","ALGODON, fibra sin cardar ni peinar (>22.22 mm = o <28.57 mm)",101135,"FARDOS","EEUU"
"78","2022",10,"PUESTO DE CONTROL TERRESTRE DESAGUADERO","SOYA, torta",56000,"GRANEL","BOLIVIA"
"79","2022",10,"PUESTO DE CONTROL TERRESTRE DESAGUADERO","SOYA, grano",55620,"GRANEL","BOLIVIA"
"80","2022",10,"PUESTO DE CONTROL TERRESTRE DESAGUADERO","SOYA, torta",115960,"GRANEL","BOLIVIA"
"81","2022",10,"PUESTO DE CONTROL TERRESTRE DESAGUADERO","SOYA, torta",115100,"GRANEL","BOLIVIA"
"82","2022",10,"OFICINA PUESTO DE CONTROL MARITIMO - PROV. CONST. DEL CALLAO","CANELA, corteza entera seca al natural",15120,"CAJA(S)","SRI LANKA"
"83","2022",10,"OFICINA PUESTO DE CONTROL MARITIMO - PROV. CONST. DEL CALLAO","Articulos de cesteria (canastos, cestos u otros), con algun proceso de la CRF2",345.8,"UNIDADES","CHINA"
"84","2022",10,"OFICINA PUESTO DE CONTROL MARITIMO - PROV. CONST. DEL CALLAO","YERBA MATE, secado industrial",1200,"BOLSAS","URUGUAY"
"85","2022",10,"OFICINA PUESTO DE CONTROL MARITIMO - PROV. CONST. DEL CALLAO","PAPRIKA,  triturado o pulverizado",5000,"BOLSAS","CHINA"
"86","2022",10,"OFICINA PUESTO DE CONTROL MARITIMO - PROV. CONST. DEL CALLAO","AJI, polvo",0.2,"BOLSAS","CHINA"
"87","2022",10,"OFICINA PUESTO DE CONTROL MARITIMO - PROV. CONST. DEL CALLAO","MADERA, herramientas de madera con algún proceso de la CRF2",224.247,"PIEZAS","MEXICO"
"88","2022",10,"PUESTO DE CONTROL- CEBAF","CAÑA DE GUAYAQUIL, seca al natural",27000,"UNIDADES","ECUADOR"
"89","2022",10,"PUESTO DE CONTROL TERRESTRE DESAGUADERO","MANI, grano sin cáscara",28000,"SACO(S)","BOLIVIA"
"90","2022",10,"SANTA ROSA, TACNA","MANZANA, fruto fresco",22344,"CAJA(S)","CHILE"
"91","2022",10,"PUESTO DE CONTROL TERRESTRE DESAGUADERO","FREJOL, grano",30000,"SACO(S)","BOLIVIA"
"92","2022",10,"OFICINA PUESTO DE CONTROL MARITIMO - PROV. CONST. DEL CALLAO","CAUCHO, hojas ahumadas",20160,"FARDOS","VIETNAM"
"93","2022",10,"OFICINA PUESTO DE CONTROL AEREO -  PROV. CONST. DEL CALLAO","PAPRIKA,  triturado o pulverizado",0.11,"BOLSAS","REINO UNIDO"
"94","2022",10,"SANTA ROSA, TACNA","MAIZ, almidon",24750,"BOLSAS","BRASIL"
"95","2022",10,"PUESTO DE CONTROL TERRESTRE DESAGUADERO","SOYA, torta",142000,"SACO(S)","BOLIVIA"
"96","2022",10,"PUESTO DE CONTROL TERRESTRE DESAGUADERO","SOYA, torta",142000,"SACO(S)","BOLIVIA"
"97","2022",10,"SANTA ROSA, TACNA","MAIZ, almidon",24750,"BOLSAS","BRASIL"
"98","2022",10,"OFICINA PUESTO DE CONTROL MARITIMO - PROV. CONST. DEL CALLAO","ALFALFA, semilla",18000,"BOLSAS","EEUU"
"99","2022",10,"OFICINA PUESTO DE CONTROL MARITIMO - PROV. CONST. DEL CALLAO","PINO, postes de madera con algun proceso de la CRF 2",283127,"PIEZAS","EEUU"
"100","2022",10,"PUESTO DE CONTROL TERRESTRE DESAGUADERO","SOYA, torta",85760,"GRANEL","BOLIVIA"
"101","2022",10,"PUESTO DE CONTROL TERRESTRE DESAGUADERO","SOYA, torta",26980,"GRANEL","BOLIVIA"
"102","2022",10,"PUESTO DE CONTROL TERRESTRE DESAGUADERO","SOYA, harina",25029,"SACO(S)","BOLIVIA"
"103","2022",10,"PUESTO DE CONTROL TERRESTRE DESAGUADERO","SOYA, torta",55658,"SACO(S)","BOLIVIA"
"104","2022",10,"PUESTO DE CONTROL TERRESTRE DESAGUADERO","SOYA, harina",28992,"SACO(S)","BOLIVIA"
"105","2022",10,"PUESTO DE CONTROL TERRESTRE DESAGUADERO","MANI, grano sin cáscara",60000,"SACO(S)","BOLIVIA"
"106","2022",10,"PUESTO DE CONTROL TERRESTRE DESAGUADERO","SOYA, grano",28500,"GRANEL","BOLIVIA"
"107","2022",10,"PUESTO DE CONTROL TERRESTRE DESAGUADERO","SOYA, grano",27000,"GRANEL","BOLIVIA"
"108","2022",10,"PUESTO DE CONTROL TERRESTRE DESAGUADERO","SOYA, grano",28000,"GRANEL","BOLIVIA"
"109","2022",10,"PUESTO DE CONTROL TERRESTRE DESAGUADERO","SOYA, grano",112000,"GRANEL","BOLIVIA"
"110","2022",10,"PUESTO DE CONTROL TERRESTRE DESAGUADERO","SOYA, grano",112000,"GRANEL","BOLIVIA"
"111","2022",10,"PUESTO DE CONTROL TERRESTRE DESAGUADERO","SOYA, grano",28000,"GRANEL","BOLIVIA"
"112","2022",10,"PUESTO DE CONTROL TERRESTRE DESAGUADERO","SOYA, grano",28000,"GRANEL","BOLIVIA"
"113","2022",10,"PUESTO DE CONTROL TERRESTRE DESAGUADERO","SOYA, grano",28000,"GRANEL","BOLIVIA"
"114","2022",10,"PUESTO DE CONTROL TERRESTRE DESAGUADERO","SOYA, grano",55500,"GRANEL","BOLIVIA"
"115","2022",10,"PUESTO DE CONTROL TERRESTRE DESAGUADERO","SOYA, grano",28000,"GRANEL","BOLIVIA"
"116","2022",10,"PUESTO DE CONTROL TERRESTRE DESAGUADERO","SOYA, grano",48000,"GRANEL","BOLIVIA"
"117","2022",10,"PUESTO DE CONTROL TERRESTRE DESAGUADERO","SOYA, grano",44980,"GRANEL","BOLIVIA"
"118","2022",10,"SANTA ROSA, TACNA","MANZANA, fruto fresco",22579.2,"CAJA(S)","CHILE"
"119","2022",10,"OFICINA PUESTO DE CONTROL AEREO -  PROV. CONST. DEL CALLAO","MELON, semilla",0.153,"SACHETS","EEUU"
"120","2022",10,"OFICINA PUESTO DE CONTROL MARITIMO - PROV. CONST. DEL CALLAO","PINO, madera aserrada con tratamiento de secado al horno impregnación de sales",360925,"PAQUETES","CHILE"
"121","2022",10,"PUESTO DE CONTROL TERRESTRE DESAGUADERO","SOYA, harina",145000,"SACO(S)","BOLIVIA"
"122","2022",10,"OFICINA PUESTO DE CONTROL MARITIMO - PROV. CONST. DEL CALLAO","YUCA (=MANDIOCA), fécula",18000,"BOLSAS","TAILANDIA"
"123","2022",10,"SANTA ROSA, TACNA","TRIGO, afrecho seco industrial",112000,"SACO(S)","CHILE"
"124","2022",10,"PUERTO DE SALAVERRY, LA LIBERTAD","SOYA, torta",12005040,"GRANEL","CHILE"
"125","2022",10,"PUESTO DE CONTROL TERRESTRE DESAGUADERO","SOYA, torta",86950,"GRANEL","BOLIVIA"
"126","2022",10,"PUESTO DE CONTROL TERRESTRE DESAGUADERO","SOYA, torta",110110,"GRANEL","BOLIVIA"
"127","2022",10,"PUERTO DE PAITA , PIURA","ARVEJA, grano partido",49442,"SACO(S)","CANADA"
"128","2022",10,"PUESTO DE CONTROL TERRESTRE DESAGUADERO","SOYA, torta",55980,"GRANEL","BOLIVIA"
"129","2022",10,"PUERTO DE PAITA , PIURA","LENTEJA, grano",249885,"SACO(S)","CANADA"
"130","2022",10,"PUESTO DE CONTROL TERRESTRE DESAGUADERO","SOYA, torta",112500,"GRANEL","BOLIVIA"
"131","2022",10,"PUESTO DE CONTROL TERRESTRE DESAGUADERO","SOYA, harina",173000,"SACO(S)","BOLIVIA"
"132","2022",10,"PUESTO DE CONTROL TERRESTRE DESAGUADERO","SOYA, harina",145000,"SACO(S)","BOLIVIA"
"133","2022",10,"PUESTO DE CONTROL TERRESTRE DESAGUADERO","SOYA, torta",145000,"SACO(S)","BOLIVIA"
"134","2022",10,"OFICINA PUESTO DE CONTROL MARITIMO - PROV. CONST. DEL CALLAO","MANZANA, fruto fresco",14954.8,"CAJA(S)","CHILE"
"135","2022",10,"OFICINA PUESTO DE CONTROL MARITIMO - PROV. CONST. DEL CALLAO","PERA, fruta fresca",3456,"CAJA(S)","CHILE"
"136","2022",10,"OFICINA PUESTO DE CONTROL MARITIMO - PROV. CONST. DEL CALLAO","KIWI, fruto fresco",1200,"CAJA(S)","CHILE"
"137","2022",10,"LA TINA, PIURA","PINO, madera aserrada con algun proceso de la CRF 2",44.4,"UNIDADES","ECUADOR"
"138","2022",10,"OFICINA PUESTO DE CONTROL AEREO -  PROV. CONST. DEL CALLAO","ALMENDRA, trozos",1,"BOLSAS","EEUU"
"139","2022",10,"OFICINA PUESTO DE CONTROL AEREO -  PROV. CONST. DEL CALLAO","las demas, harina de semillas o frutos oleaginosos con algun proceso de la CR 2",0.98,"BOLSAS","EEUU"
"140","2022",10,"OFICINA PUESTO DE CONTROL MARITIMO - PROV. CONST. DEL CALLAO","UVA (PASAS), secas industrialmente",25000,"CAJA(S)","ARGENTINA"
"141","2022",10,"PUESTO DE CONTROL TERRESTRE DESAGUADERO","SOYA, torta",26530,"GRANEL","BOLIVIA"
"142","2022",10,"PUERTO DE PAITA , PIURA","LENTEJA, grano",249930,"SACO(S)","CANADA"
"143","2022",10,"PUESTO DE CONTROL TERRESTRE DESAGUADERO","SOYA, torta",55498,"SACO(S)","BOLIVIA"
"144","2022",10,"PUESTO DE CONTROL TERRESTRE DESAGUADERO","SOYA, torta",29012,"SACO(S)","BOLIVIA"
"145","2022",10,"PUESTO DE CONTROL TERRESTRE DESAGUADERO","SOYA, torta",85380,"GRANEL","BOLIVIA"
"146","2022",10,"PUESTO DE CONTROL TERRESTRE DESAGUADERO","SOYA, torta",50230,"GRANEL","BOLIVIA"
"147","2022",10,"PUESTO DE CONTROL TERRESTRE DESAGUADERO","SOYA, grano",82890,"GRANEL","BOLIVIA"
"148","2022",10,"PUESTO DE CONTROL TERRESTRE DESAGUADERO","SOYA, torta",83660,"GRANEL","BOLIVIA"
"149","2022",10,"PUESTO DE CONTROL TERRESTRE DESAGUADERO","SOYA, torta",28080,"GRANEL","BOLIVIA"
"150","2022",10,"PUESTO DE CONTROL TERRESTRE DESAGUADERO","SOYA, torta",25000,"GRANEL","BOLIVIA"
"151","2022",10,"PUESTO DE CONTROL TERRESTRE DESAGUADERO","AZUCAR CRUDA, sólido",199000,"SACO(S)","BOLIVIA"
"152","2022",10,"PUESTO DE CONTROL TERRESTRE DESAGUADERO","AZUCAR CRUDA, sólido",83500,"SACO(S)","BOLIVIA"
"153","2022",10,"SANTA ROSA, TACNA","ARVEJA, grano partido",74163,"SACO(S)","CANADA"
"154","2022",10,"PUESTO DE CONTROL TERRESTRE DESAGUADERO","SOYA, torta",85250,"GRANEL","BOLIVIA"
"155","2022",10,"PUESTO DE CONTROL TERRESTRE DESAGUADERO","SOYA, torta",84300,"GRANEL","BOLIVIA"
"156","2022",10,"PUESTO DE CONTROL TERRESTRE DESAGUADERO","SOYA, torta",56000,"GRANEL","BOLIVIA"
"157","2022",10,"PUESTO DE CONTROL TERRESTRE DESAGUADERO","SOYA, torta",55000,"GRANEL","BOLIVIA"
"158","2022",10,"PUESTO DE CONTROL TERRESTRE DESAGUADERO","SOYA, torta",56500,"GRANEL","BOLIVIA"
"159","2022",10,"PUESTO DE CONTROL TERRESTRE DESAGUADERO","SOYA, torta",110500,"GRANEL","BOLIVIA"
"160","2022",10,"PUESTO DE CONTROL TERRESTRE DESAGUADERO","SOYA, torta",55000,"GRANEL","BOLIVIA"
"161","2022",10,"PUESTO DE CONTROL TERRESTRE DESAGUADERO","SOYA, torta",81000,"GRANEL","BOLIVIA"
"162","2022",10,"PUESTO DE CONTROL TERRESTRE DESAGUADERO","SOYA, torta",116000,"SACO(S)","BOLIVIA"
"163","2022",10,"PUESTO DE CONTROL TERRESTRE DESAGUADERO","SOYA, torta",56000,"GRANEL","BOLIVIA"
"164","2022",10,"PUESTO DE CONTROL TERRESTRE DESAGUADERO","SOYA, torta",83400,"GRANEL","BOLIVIA"
"165","2022",10,"SANTA ROSA, TACNA","LENTEJA, grano",74571,"SACO(S)","CANADA"
"166","2022",10,"PUESTO DE CONTROL TERRESTRE DESAGUADERO","SOYA, torta",83980,"GRANEL","BOLIVIA"
"167","2022",10,"PUESTO DE CONTROL TERRESTRE DESAGUADERO","SOYA, torta",24670,"GRANEL","BOLIVIA"
"168","2022",10,"PUESTO DE CONTROL TERRESTRE DESAGUADERO","SOYA, torta",85920,"GRANEL","BOLIVIA"
"169","2022",10,"PUESTO DE CONTROL TERRESTRE DESAGUADERO","SOYA, torta",85700,"GRANEL","BOLIVIA"
"170","2022",10,"PUESTO DE CONTROL TERRESTRE DESAGUADERO","SOYA, torta",27570,"GRANEL","BOLIVIA"
"171","2022",10,"PUESTO DE CONTROL TERRESTRE DESAGUADERO","SOYA, torta",56190,"GRANEL","BOLIVIA"
"172","2022",10,"PUESTO DE CONTROL TERRESTRE DESAGUADERO","SOYA, torta",86760,"GRANEL","BOLIVIA"
"173","2022",10,"PUESTO DE CONTROL TERRESTRE DESAGUADERO","SOYA, grano",84210,"GRANEL","BOLIVIA"
"174","2022",10,"PUESTO DE CONTROL TERRESTRE DESAGUADERO","SOYA, torta",56170,"GRANEL","BOLIVIA"
"175","2022",10,"PUESTO DE CONTROL TERRESTRE DESAGUADERO","SOYA, torta",28972,"SACO(S)","BOLIVIA"
"176","2022",10,"OFICINA PUESTO DE CONTROL AEREO -  PROV. CONST. DEL CALLAO","TARA, polvo",0.012,"BOLSAS","ARGENTINA"
"177","2022",10,"PUESTO DE CONTROL TERRESTRE DESAGUADERO","SOYA, harina",174000,"SACO(S)","BOLIVIA"
"178","2022",10,"OFICINA PUESTO DE CONTROL MARITIMO - PROV. CONST. DEL CALLAO","ARROZ, harina",48,"CAJA(S)","CHINA"
"179","2022",10,"SANTA ROSA, TACNA","LENTEJA, grano",49714,"SACO(S)","CANADA"
"180","2022",10,"OFICINA PUESTO DE CONTROL MARITIMO - PROV. CONST. DEL CALLAO","Articulos para fiestas de navidad que sean o contengan material vegetal
",197.718,"CAJA(S)","CHINA"
"181","2022",10,"OFICINA PUESTO DE CONTROL MARITIMO - PROV. CONST. DEL CALLAO","PERA, fruta fresca",22680,"CAJA(S)","ARGENTINA"
"182","2022",10,"OFICINA PUESTO DE CONTROL MARITIMO - PROV. CONST. DEL CALLAO","TE VERDE",32.26,"CAJA(S)","EEUU"
"183","2022",10,"OFICINA PUESTO DE CONTROL AEREO -  PROV. CONST. DEL CALLAO","SANDIA, semilla",0.162,"SACHETS","EEUU"
"184","2022",10,"OFICINA PUESTO DE CONTROL AEREO -  PROV. CONST. DEL CALLAO","SANDIA, semilla",0.865,"SACHETS","EEUU"
"185","2022",10,"OFICINA PUESTO DE CONTROL AEREO -  PROV. CONST. DEL CALLAO","BERENJENA, semilla",0.172,"SACHETS","FRANCIA"
"186","2022",10,"OFICINA PUESTO DE CONTROL AEREO -  PROV. CONST. DEL CALLAO","TOMATE, semilla",0.02047,"SACHETS","FRANCIA"
"187","2022",10,"OFICINA PUESTO DE CONTROL AEREO -  PROV. CONST. DEL CALLAO","MELON, semilla",0.124918,"SACHETS","HOLANDA"
"188","2022",10,"OFICINA PUESTO DE CONTROL AEREO -  PROV. CONST. DEL CALLAO","MELON, semilla",3.1,"SACHETS","EEUU"
"189","2022",10,"OFICINA PUESTO DE CONTROL AEREO -  PROV. CONST. DEL CALLAO","BERENJENA, semilla",0.182,"SACHETS","HOLANDA"
"190","2022",10,"OFICINA PUESTO DE CONTROL AEREO -  PROV. CONST. DEL CALLAO","ARANDANO, planta",1707,"CAJA(S)","CHILE"
"191","2022",10,"SANTA ROSA, TACNA","MANZANA, fruto fresco",23520,"CAJA(S)","CHILE"
"192","2022",10,"SANTA ROSA, TACNA","MANZANA, fruto fresco",23520,"CAJA(S)","CHILE"
"193","2022",10,"OFICINA PUESTO DE CONTROL MARITIMO - PROV. CONST. DEL CALLAO","CHIA, grano",25998,"SACO(S)","PARAGUAY"
"194","2022",10,"PUESTO DE CONTROL TERRESTRE DESAGUADERO","AZUCAR BLANCA O REFINADA (lectura polarimetrica mayor 99.5°)",16000,"SACO(S)","BOLIVIA"
"195","2022",10,"PUESTO DE CONTROL TERRESTRE DESAGUADERO","AZUCAR BLANCA O REFINADA (lectura polarimetrica mayor 99.5°)",2e+05,"SACO(S)","BOLIVIA"
"196","2022",10,"PUESTO DE CONTROL TERRESTRE DESAGUADERO","MANI, grano sin cáscara",29000,"SACO(S)","BOLIVIA"
"197","2022",10,"PUERTO DE PAITA , PIURA","LENTEJA, grano",262944,"SACO(S)","CANADA"
"198","2022",10,"OFICINA PUESTO DE CONTROL MARITIMO - PROV. CONST. DEL CALLAO","AZUCAR CRUDA, sólido",250000,"SACO(S)","HONDURAS"
"199","2022",10,"OFICINA PUESTO DE CONTROL MARITIMO - PROV. CONST. DEL CALLAO","GARBANZO, grano",26000,"SACO(S)","MEXICO"
"200","2022",10,"OFICINA PUESTO DE CONTROL MARITIMO - PROV. CONST. DEL CALLAO","KIWI, fruto fresco",7200,"CAJA(S)","CHILE"
"201","2022",10,"OFICINA PUESTO DE CONTROL MARITIMO - PROV. CONST. DEL CALLAO","MANZANA, fruto fresco",33868.8,"CAJA(S)","CHILE"
"202","2022",10,"PUERTO DE SALAVERRY, LA LIBERTAD","SOYA, torta",7070000,"GRANEL","CHILE"
"203","2022",10,"PUESTO DE CONTROL TERRESTRE DESAGUADERO","SOYA, torta",81220,"GRANEL","BOLIVIA"
"204","2022",10,"OFICINA PUESTO DE CONTROL MARITIMO - PROV. CONST. DEL CALLAO","FREJOL CANARIO, grano",109710,"SACO(S)","MEXICO"
"205","2022",10,"OFICINA PUESTO DE CONTROL MARITIMO - PROV. CONST. DEL CALLAO","PINO, madera aserrada con algún proceso de la CRF2",357141,"PAQUETES","CHILE"
"206","2022",10,"SANTA ROSA, TACNA","MANZANA, fruto fresco",22834,"CAJA(S)","CHILE"
"207","2022",10,"SANTA ROSA, TACNA","MANZANA, fruto fresco",22344,"CAJA(S)","CHILE"
"208","2022",10,"OFICINA PUESTO DE CONTROL MARITIMO - PROV. CONST. DEL CALLAO","RAFIA, artículos de cestería con algún proceso de la CRF 2",733.1,"UNIDADES","INDONESIA"
"209","2022",10,"OFICINA PUESTO DE CONTROL MARITIMO - PROV. CONST. DEL CALLAO","COCO, fibra (para sustrato)",138060,"BOLSAS","SRI LANKA"
"210","2022",10,"IÑAPARI, MADRE DE DIOS","MAIZ AMARILLO DURO, grano",32000,"GRANEL","BRASIL"
"211","2022",10,"IÑAPARI, MADRE DE DIOS","MAIZ AMARILLO DURO, grano",32000,"GRANEL","BRASIL"
"212","2022",10,"IÑAPARI, MADRE DE DIOS","MAIZ AMARILLO DURO, grano",32000,"GRANEL","BRASIL"
"213","2022",10,"OFICINA PUESTO DE CONTROL MARITIMO - PROV. CONST. DEL CALLAO","MADERA, monturas y mangos de herramientas, monturas y mangos de cepillos, brochas o escobas, de madera; hormas, ensanchadores y tensores del calzado, de madera ; con algún proceso de la CRF 2",27050,"SACO(S)","CHINA"
"214","2022",10,"OFICINA PUESTO DE CONTROL MARITIMO - PROV. CONST. DEL CALLAO","AZUCAR BLANCA O REFINADA (lectura polarimetrica mayor 99.5°)",132500,"SACO(S)","NICARAGUA"
"215","2022",10,"OFICINA PUESTO DE CONTROL AEREO -  PROV. CONST. DEL CALLAO","MELON, semilla",0.008,"SACHETS","ESPAÑA"
"216","2022",10,"PUESTO DE CONTROL- CEBAF","ROSA, flores frescas cortadas",6232,"CAJA(S)","ECUADOR"
"217","2022",10,"PUESTO DE CONTROL- CEBAF","CLAVEL, flores frescas cortadas",1178,"CAJA(S)","ECUADOR"
"218","2022",10,"OFICINA PUESTO DE CONTROL MARITIMO - PROV. CONST. DEL CALLAO","ARROZ, grano pilado",18960.36,"SACO(S)","EEUU"
"219","2022",10,"PUERTO DE PAITA , PIURA","TURBA",83548.8,"BIG BAG","LETONIA"
"220","2022",10,"PUERTO DE PAITA , PIURA","TURBA",61093.6,"BIG BAG","LETONIA"
"221","2022",10,"PUERTO DE PAITA , PIURA","TURBA",66015.6,"BIG BAG","LETONIA"
"222","2022",10,"PUERTO DE PAITA , PIURA","TURBA",81921.8,"BIG BAG","LETONIA"
"223","2022",10,"PUERTO DE PAITA , PIURA","TURBA",63441.6,"BIG BAG","LETONIA"
"224","2022",10,"OFICINA PUESTO DE CONTROL MARITIMO - PROV. CONST. DEL CALLAO","ARROZ, grano pilado",150000,"SACO(S)","URUGUAY"
"225","2022",10,"PUESTO DE CONTROL TERRESTRE DESAGUADERO","SOYA, torta",56300,"GRANEL","BOLIVIA"
"226","2022",10,"SANTA ROSA, TACNA","LENTEJA, grano",24857,"SACO(S)","CANADA"
"227","2022",10,"OFICINA PUESTO DE CONTROL MARITIMO - PROV. CONST. DEL CALLAO","ALGODON, semilla",30000,"BOLSAS","ISRAEL"
"228","2022",10,"SANTA ROSA, TACNA","MANZANA, fruto fresco",22344,"CAJA(S)","CHILE"
"229","2022",10,"SANTA ROSA, TACNA","MANZANA, fruto fresco",23520,"CAJA(S)","CHILE"
"230","2022",10,"SANTA ROSA, TACNA","MANZANA, fruto fresco",23520,"CAJA(S)","CHILE"
"231","2022",10,"SANTA ROSA, TACNA","MANZANA, fruto fresco",23520,"CAJA(S)","CHILE"
"232","2022",10,"SANTA ROSA, TACNA","MANZANA, fruto fresco",22344,"CAJA(S)","CHILE"
"233","2022",10,"PUESTO DE CONTROL TERRESTRE DESAGUADERO","SOYA, grano",58000,"SACO(S)","BOLIVIA"
"234","2022",10,"PUESTO DE CONTROL TERRESTRE DESAGUADERO","MANI, grano sin cáscara",30000,"SACO(S)","BOLIVIA"
"235","2022",10,"OFICINA PUESTO DE CONTROL MARITIMO - PROV. CONST. DEL CALLAO","ALGODON, fibra sin cardar ni peinar (>28.57 mm = o <34.92 mm)",38910,"FARDOS","EEUU"
"236","2022",10,"OFICINA PUESTO DE CONTROL MARITIMO - PROV. CONST. DEL CALLAO","MAIZ, semilla",24138.1,"BOLSAS","BRASIL"
"237","2022",10,"OFICINA PUESTO DE CONTROL MARITIMO - PROV. CONST. DEL CALLAO","CANELA, corteza entera seca al natural",6200,"CAJA(S)","SRI LANKA"
"238","2022",10,"PUERTO DE PAITA , PIURA","COCO, fibra (para sustrato)",51216,"BOLSAS","SRI LANKA"
"239","2022",10,"PUERTO DE PAITA , PIURA","LENTEJA, grano",106140,"SACO(S)","CANADA"
"240","2022",10,"OFICINA PUESTO DE CONTROL MARITIMO - PROV. CONST. DEL CALLAO","ALGODON, fibra sin cardar ni peinar (>22.22 mm = o <28.57 mm)",40930,"FARDOS","EEUU"
"241","2022",10,"PUESTO DE CONTROL TERRESTRE DESAGUADERO","MANI, grano sin cáscara",29000,"SACO(S)","BOLIVIA"
"242","2022",10,"OFICINA PUESTO DE CONTROL AEREO -  PROV. CONST. DEL CALLAO","SANDIA, semilla",0.945,"SACHETS","FRANCIA"
"243","2022",10,"PUESTO DE CONTROL TERRESTRE DESAGUADERO","SOYA, torta",115500,"SACO(S)","BOLIVIA"
"244","2022",10,"PUESTO DE CONTROL TERRESTRE DESAGUADERO","AZUCAR BLANCA O REFINADA (lectura polarimetrica mayor 99.5°)",12920,"SACO(S)","BOLIVIA"
"245","2022",10,"OFICINA PUESTO DE CONTROL MARITIMO - PROV. CONST. DEL CALLAO","PALTA, fruto fresco",21552,"CAJA(S)","MEXICO"
"246","2022",10,"PUESTO DE CONTROL- CEBAF","CAÑA DE GUAYAQUIL, seca al natural",34000,"UNIDADES","ECUADOR"
"247","2022",10,"PUERTO DE PISCO , ICA","ARROZ, grano pilado",203700,"BIG BAG","BRASIL"
"248","2022",10,"OFICINA PUESTO DE CONTROL MARITIMO - PROV. CONST. DEL CALLAO","UVA (PASAS), secas industrialmente",40000,"CAJA(S)","CHILE"
"249","2022",10,"SANTA ROSA, TACNA","YUCA (=MANDIOCA), raíz fresca",1520,"SACO(S)","CHILE"
"250","2022",10,"SANTA ROSA, TACNA","YUCA (=MANDIOCA), raíz fresca",2200,"CAJA(S)","CHILE"
"251","2022",10,"SANTA ROSA, TACNA","COCO, fruto fresco",2400,"SACO(S)","CHILE"
"252","2022",10,"OFICINA PUESTO DE CONTROL MARITIMO - PROV. CONST. DEL CALLAO","MADERA, encofrados para hormigon, de madera con algún proceso de la CRF2
",9209,"PIEZAS","ALEMANIA"
"253","2022",10,"PUESTO DE CONTROL TERRESTRE DESAGUADERO","SOYA, torta",27580,"GRANEL","BOLIVIA"
"254","2022",10,"PUESTO DE CONTROL TERRESTRE DESAGUADERO","SOYA, torta",55140,"GRANEL","BOLIVIA"
"255","2022",10,"PUESTO DE CONTROL TERRESTRE DESAGUADERO","SOYA, torta",24550,"SACO(S)","BOLIVIA"
"256","2022",10,"PUESTO DE CONTROL TERRESTRE DESAGUADERO","SOYA, torta",49470,"GRANEL","BOLIVIA"
"257","2022",10,"PUESTO DE CONTROL TERRESTRE DESAGUADERO","SOYA, grano",84210,"GRANEL","BOLIVIA"
"258","2022",10,"PUESTO DE CONTROL TERRESTRE DESAGUADERO","SOYA, grano",83550,"GRANEL","BOLIVIA"
"259","2022",10,"PUERTO DE PAITA , PIURA","LENTEJA, grano",130315,"SACO(S)","CANADA"
"260","2022",10,"OFICINA PUESTO DE CONTROL AEREO -  PROV. CONST. DEL CALLAO","BERENJENA, semilla",0.17678,"SACHETS","FRANCIA"
"261","2022",10,"OFICINA PUESTO DE CONTROL AEREO -  PROV. CONST. DEL CALLAO","MELON, semilla",0.354,"SACHETS","HOLANDA"
"262","2022",10,"OFICINA PUESTO DE CONTROL AEREO -  PROV. CONST. DEL CALLAO","MELON, semilla",32.875,"SACHETS","ESPAÑA"
"263","2022",10,"OFICINA PUESTO DE CONTROL MARITIMO - PROV. CONST. DEL CALLAO","MANZANA, fruto fresco",19649,"CAJA(S)","CHILE"
"264","2022",10,"OFICINA PUESTO DE CONTROL MARITIMO - PROV. CONST. DEL CALLAO","Articulos para fiestas de navidad que sean o contengan material vegetal
",711.26,"UNIDADES","CHINA"
"265","2022",10,"PUESTO DE CONTROL TERRESTRE DESAGUADERO","SOYA, harina",116000,"SACO(S)","BOLIVIA"
"266","2022",10,"OFICINA PUESTO DE CONTROL AEREO -  PROV. CONST. DEL CALLAO","BROCOLI, semilla",8.506,"SOBRES ALUMINIZADOS","CHILE"
"267","2022",10,"OFICINA PUESTO DE CONTROL MARITIMO - PROV. CONST. DEL CALLAO","FREJOL CANARIO, grano",22860,"SACO(S)","MEXICO"
"268","2022",10,"PUESTO DE CONTROL TERRESTRE DESAGUADERO","SOYA, torta",57000,"GRANEL","BOLIVIA"
"269","2022",10,"PUESTO DE CONTROL TERRESTRE DESAGUADERO","SOYA, torta",56000,"GRANEL","BOLIVIA"
"270","2022",10,"PUESTO DE CONTROL TERRESTRE DESAGUADERO","SOYA, torta",57000,"GRANEL","BOLIVIA"
"271","2022",10,"PUESTO DE CONTROL TERRESTRE DESAGUADERO","SOYA, grano",115000,"GRANEL","BOLIVIA"
"272","2022",10,"PUESTO DE CONTROL TERRESTRE DESAGUADERO","SOYA, grano",58000,"GRANEL","BOLIVIA"
"273","2022",10,"PUESTO DE CONTROL TERRESTRE DESAGUADERO","SOYA, grano",27800,"GRANEL","BOLIVIA"
"274","2022",10,"PUESTO DE CONTROL TERRESTRE DESAGUADERO","SOYA, grano",27000,"GRANEL","BOLIVIA"
"275","2022",10,"PUESTO DE CONTROL TERRESTRE DESAGUADERO","SOYA, grano",55000,"GRANEL","BOLIVIA"
"276","2022",10,"PUESTO DE CONTROL TERRESTRE DESAGUADERO","SOYA, grano",75000,"GRANEL","BOLIVIA"
"277","2022",10,"PUESTO DE CONTROL TERRESTRE DESAGUADERO","SOYA, grano",27500,"GRANEL","BOLIVIA"
"278","2022",10,"PUESTO DE CONTROL TERRESTRE DESAGUADERO","SOYA, grano",116000,"GRANEL","BOLIVIA"
"279","2022",10,"PUESTO DE CONTROL TERRESTRE DESAGUADERO","SOYA, grano",28500,"GRANEL","BOLIVIA"
"280","2022",10,"PUESTO DE CONTROL TERRESTRE DESAGUADERO","SOYA, grano",27000,"GRANEL","BOLIVIA"
"281","2022",10,"OFICINA PUESTO DE CONTROL MARITIMO - PROV. CONST. DEL CALLAO","Articulos para fiestas de navidad que sean o contengan material vegetal
",427.2,"CAJA(S)","CHINA"
"282","2022",10,"PUESTO DE CONTROL TERRESTRE DESAGUADERO","SOYA, torta",57100,"GRANEL","BOLIVIA"
"283","2022",10,"PUESTO DE CONTROL TERRESTRE DESAGUADERO","SOYA, torta",55000,"GRANEL","BOLIVIA"
"284","2022",10,"OFICINA PUESTO DE CONTROL AEREO -  PROV. CONST. DEL CALLAO","SANDIA, semilla",0.621,"SACHETS","ESPAÑA"
"285","2022",10,"OFICINA PUESTO DE CONTROL AEREO -  PROV. CONST. DEL CALLAO","MELON, semilla",0.29006,"SACHETS","MARRUECOS"
"286","2022",10,"PUESTO DE CONTROL TERRESTRE DESAGUADERO","SOYA, harina",58000,"SACO(S)","BOLIVIA"
"287","2022",10,"PUESTO DE CONTROL TERRESTRE DESAGUADERO","SOYA, harina",86800,"SACO(S)","BOLIVIA"
"288","2022",10,"PUESTO DE CONTROL TERRESTRE DESAGUADERO","SOYA, torta",112000,"GRANEL","BOLIVIA"
"289","2022",10,"PUESTO DE CONTROL TERRESTRE DESAGUADERO","SOYA, torta",112000,"GRANEL","BOLIVIA"
"290","2022",10,"PUESTO DE CONTROL TERRESTRE DESAGUADERO","SOYA, torta",56000,"GRANEL","BOLIVIA"
"291","2022",10,"PUESTO DE CONTROL TERRESTRE DESAGUADERO","SOYA, torta",57000,"GRANEL","BOLIVIA"
"292","2022",10,"OFICINA PUESTO DE CONTROL AEREO -  PROV. CONST. DEL CALLAO","MAIZ, semilla",78.3,"SOBRES","FRANCIA"
"293","2022",10,"OFICINA PUESTO DE CONTROL MARITIMO - PROV. CONST. DEL CALLAO","CANELA, corteza entera seca al natural",13500,"CAJA(S)","SRI LANKA"
"294","2022",10,"OFICINA PUESTO DE CONTROL MARITIMO - PROV. CONST. DEL CALLAO","ARVEJA, grano partido",92988,"SACO(S)","EEUU"
"295","2022",10,"OFICINA PUESTO DE CONTROL MARITIMO - PROV. CONST. DEL CALLAO","AZUCAR CRUDA, sólido",250000,"SACO(S)","COLOMBIA"
"296","2022",10,"OFICINA PUESTO DE CONTROL MARITIMO - PROV. CONST. DEL CALLAO","AZUCAR CRUDA, sólido",2e+05,"SACO(S)","EL SALVADOR"
"297","2022",10,"OFICINA PUESTO DE CONTROL MARITIMO - PROV. CONST. DEL CALLAO","AZUCAR BLANCA O REFINADA (lectura polarimetrica mayor 99.5°)",265000,"SACO(S)","EL SALVADOR"
"298","2022",10,"OFICINA PUESTO DE CONTROL MARITIMO - PROV. CONST. DEL CALLAO","AZUCAR CRUDA, sólido",150000,"SACO(S)","NICARAGUA"
"299","2022",10,"OFICINA PUESTO DE CONTROL MARITIMO - PROV. CONST. DEL CALLAO","ALGODON, fibra sin cardar ni peinar (>28.57 mm = o <34.92 mm)",122227.722,"FARDOS","EEUU"
"300","2022",10,"OFICINA PUESTO DE CONTROL MARITIMO - PROV. CONST. DEL CALLAO","RYEGRASS ITALIANO, semilla",22990,"SACO(S)","URUGUAY"
"301","2022",10,"PUESTO DE CONTROL TERRESTRE DESAGUADERO","SOYA, torta",146500,"SACO(S)","BOLIVIA"
"302","2022",10,"OFICINA PUESTO DE CONTROL MARITIMO - PROV. CONST. DEL CALLAO","AVENA, grano aplastado o en copos (hojuelas)",130000,"SACO(S)","CHILE"
"303","2022",10,"OFICINA PUESTO DE CONTROL MARITIMO - PROV. CONST. DEL CALLAO","AVENA, grano aplastado o en copos (hojuelas)",130000,"SACO(S)","CHILE"
"304","2022",10,"OFICINA PUESTO DE CONTROL AEREO -  PROV. CONST. DEL CALLAO","YUCA (=MANDIOCA), planta in vitro",70,"TUBOS","COLOMBIA"
"305","2022",10,"OFICINA PUESTO DE CONTROL MARITIMO - PROV. CONST. DEL CALLAO","MAIZ, harina",41200,"PACAS","COLOMBIA"
"306","2022",10,"OFICINA PUESTO DE CONTROL MARITIMO - PROV. CONST. DEL CALLAO","LUPULO, pellets",57.629,"BOLSAS","EEUU"
"307","2022",10,"PUESTO DE CONTROL TERRESTRE DESAGUADERO","SOYA, torta",57500,"GRANEL","BOLIVIA"
"308","2022",10,"OFICINA PUESTO DE CONTROL MARITIMO - PROV. CONST. DEL CALLAO","ACHIOTE, grano",20900,"SACO(S)","COSTA DE MARFIL"
"309","2022",10,"OFICINA PUESTO DE CONTROL MARITIMO - PROV. CONST. DEL CALLAO","ESPINACA, semilla",4200,"SACHETS","JAPON"
"310","2022",10,"PUESTO DE CONTROL TERRESTRE DESAGUADERO","SOYA, torta",84000,"GRANEL","BOLIVIA"
"311","2022",10,"PUESTO DE CONTROL TERRESTRE DESAGUADERO","SOYA, torta",168000,"GRANEL","BOLIVIA"
"312","2022",10,"PUESTO DE CONTROL TERRESTRE DESAGUADERO","SOYA, torta",75300,"GRANEL","BOLIVIA"
"313","2022",10,"PUESTO DE CONTROL TERRESTRE DESAGUADERO","SOYA, torta",54000,"GRANEL","BOLIVIA"
"314","2022",10,"PUESTO DE CONTROL TERRESTRE DESAGUADERO","SOYA, torta",83250,"GRANEL","BOLIVIA"
"315","2022",10,"PUESTO DE CONTROL TERRESTRE DESAGUADERO","SOYA, torta",112000,"GRANEL","BOLIVIA"
"316","2022",10,"PUESTO DE CONTROL TERRESTRE DESAGUADERO","SOYA, torta",54990,"GRANEL","BOLIVIA"
"317","2022",10,"PUESTO DE CONTROL TERRESTRE DESAGUADERO","SOYA, torta",57000,"GRANEL","BOLIVIA"
"318","2022",10,"PUESTO DE CONTROL TERRESTRE DESAGUADERO","SOYA, torta",168000,"GRANEL","BOLIVIA"
"319","2022",10,"PUESTO DE CONTROL TERRESTRE DESAGUADERO","SOYA, torta",141000,"GRANEL","BOLIVIA"
"320","2022",10,"PUESTO DE CONTROL TERRESTRE DESAGUADERO","SOYA, torta",172000,"GRANEL","BOLIVIA"
"321","2022",10,"PUESTO DE CONTROL TERRESTRE DESAGUADERO","SOYA, torta",112000,"GRANEL","BOLIVIA"
"322","2022",10,"PUESTO DE CONTROL TERRESTRE DESAGUADERO","SOYA, torta",55350,"GRANEL","BOLIVIA"
"323","2022",10,"PUESTO DE CONTROL TERRESTRE DESAGUADERO","SOYA, torta",56200,"GRANEL","BOLIVIA"
"324","2022",10,"PUESTO DE CONTROL TERRESTRE DESAGUADERO","SOYA, grano",84710,"GRANEL","BOLIVIA"
"325","2022",10,"PUESTO DE CONTROL TERRESTRE DESAGUADERO","SOYA, torta",29060,"GRANEL","BOLIVIA"
"326","2022",10,"PUESTO DE CONTROL TERRESTRE DESAGUADERO","SOYA, torta",140000,"GRANEL","BOLIVIA"
"327","2022",10,"PUESTO DE CONTROL TERRESTRE DESAGUADERO","SOYA, torta",108000,"GRANEL","BOLIVIA"
"328","2022",10,"PUESTO DE CONTROL TERRESTRE DESAGUADERO","SOYA, torta",81000,"GRANEL","BOLIVIA"
"329","2022",10,"PUESTO DE CONTROL TERRESTRE DESAGUADERO","SOYA, torta",25000,"GRANEL","BOLIVIA"
"330","2022",10,"IÑAPARI, MADRE DE DIOS","AZUCAR BLANCA O REFINADA (lectura polarimetrica mayor 99.5°)",93000,"SACO(S)","BRASIL"
"331","2022",10,"PUESTO DE CONTROL TERRESTRE DESAGUADERO","AZUCAR BLANCA O REFINADA (lectura polarimetrica mayor 99.5°)",56000,"SACO(S)","BOLIVIA"
"332","2022",10,"OFICINA PUESTO DE CONTROL MARITIMO - PROV. CONST. DEL CALLAO","AZUCAR BLANCA O REFINADA (lectura polarimetrica mayor 99.5°)",265000,"SACO(S)","GUATEMALA"
"333","2022",10,"OFICINA PUESTO DE CONTROL MARITIMO - PROV. CONST. DEL CALLAO","AZUCAR BLANCA O REFINADA (lectura polarimetrica mayor 99.5°)",265000,"SACO(S)","GUATEMALA"
"334","2022",10,"OFICINA PUESTO DE CONTROL MARITIMO - PROV. CONST. DEL CALLAO","AZUCAR BLANCA O REFINADA (lectura polarimetrica mayor 99.5°)",265000,"SACO(S)","GUATEMALA"
"335","2022",10,"OFICINA PUESTO DE CONTROL MARITIMO - PROV. CONST. DEL CALLAO","AZUCAR BLANCA O REFINADA (lectura polarimetrica mayor 99.5°)",260160,"SACO(S)","COLOMBIA"
"336","2022",10,"OFICINA PUESTO DE CONTROL MARITIMO - PROV. CONST. DEL CALLAO","AZUCAR CRUDA, sólido",250000,"SACO(S)","EL SALVADOR"
"337","2022",10,"OFICINA PUESTO DE CONTROL MARITIMO - PROV. CONST. DEL CALLAO","AZUCAR BLANCA O REFINADA (lectura polarimetrica mayor 99.5°)",397500,"SACO(S)","COLOMBIA"
"338","2022",10,"OFICINA PUESTO DE CONTROL MARITIMO - PROV. CONST. DEL CALLAO","AZUCARES, los demas",75000,"SACO(S)","COLOMBIA"
"339","2022",10,"OFICINA PUESTO DE CONTROL MARITIMO - PROV. CONST. DEL CALLAO","COCO, fibra (para sustrato)",44850,"PALETAS","SRI LANKA"
"340","2022",10,"SANTA ROSA, TACNA","MANZANA, fruto fresco",23520,"CAJA(S)","CHILE"
"341","2022",10,"OFICINA PUESTO DE CONTROL MARITIMO - PROV. CONST. DEL CALLAO","PERA, fruta fresca",47880,"CAJA(S)","ARGENTINA"
"342","2022",10,"OFICINA PUESTO DE CONTROL AEREO -  PROV. CONST. DEL CALLAO","ARROZ, harina",1,"BOLSAS","PAKISTAN"
"343","2022",10,"PUESTO DE CONTROL- CEBAF","CAÑA DE GUAYAQUIL, seca al natural",32000,"UNIDADES","ECUADOR"
"344","2022",10,"PUESTO DE CONTROL TERRESTRE DESAGUADERO","SOYA, torta",86250,"GRANEL","BOLIVIA"
"345","2022",10,"PUESTO DE CONTROL TERRESTRE DESAGUADERO","MANI, grano sin cáscara",56000,"SACO(S)","BOLIVIA"
"346","2022",10,"OFICINA PUESTO DE CONTROL MARITIMO - PROV. CONST. DEL CALLAO","CEBOLLA, fresca",25770,"SACO(S)","EEUU"
"347","2022",10,"SANTA ROSA, TACNA","MANZANA, fruto fresco",23520,"CAJA(S)","CHILE"
"348","2022",10,"PUESTO DE CONTROL TERRESTRE DESAGUADERO","MANI, grano sin cáscara",29000,"SACO(S)","BOLIVIA"
"349","2022",10,"OFICINA PUESTO DE CONTROL MARITIMO - PROV. CONST. DEL CALLAO","Articulos para fiestas de navidad que sean o contengan material vegetal
",1307.99,"UNIDADES","CHINA"
"350","2022",10,"PUERTO DE ILO, MOQUEGUA","TRIGO, grano",7500000,"GRANEL","CANADA"
"351","2022",10,"PUERTO DE ILO, MOQUEGUA","TRIGO, grano",7500000,"GRANEL","CANADA"
"352","2022",10,"PUERTO DE ILO, MOQUEGUA","TRIGO, grano",7500000,"GRANEL","CANADA"
"353","2022",10,"PUERTO DE ILO, MOQUEGUA","TRIGO, grano",12700000,"GRANEL","CANADA"
"354","2022",10,"IÑAPARI, MADRE DE DIOS","MAIZ AMARILLO DURO, grano",48000,"GRANEL","BRASIL"
"355","2022",10,"IÑAPARI, MADRE DE DIOS","MAIZ AMARILLO DURO, grano",32000,"GRANEL","BRASIL"
"356","2022",10,"OFICINA PUESTO DE CONTROL MARITIMO - PROV. CONST. DEL CALLAO","UVA (PASAS), secas industrialmente",25000,"CAJA(S)","ARGENTINA"
"357","2022",10,"SANTA ROSA, TACNA","MANZANA, fruto fresco",22695.4,"CAJA(S)","CHILE"
"358","2022",10,"PUESTO DE CONTROL- CEBAF","TARA, vaina seca al natural",42312.1,"SACO(S)","ECUADOR"
"359","2022",10,"PUESTO DE CONTROL TERRESTRE DESAGUADERO","SOYA, torta",57000,"GRANEL","BOLIVIA"
"360","2022",10,"PUESTO DE CONTROL TERRESTRE DESAGUADERO","SOYA, torta",56010,"GRANEL","BOLIVIA"
"361","2022",10,"IÑAPARI, MADRE DE DIOS","ARROZ, grano pilado",32000,"SACO(S)","BRASIL"
"362","2022",10,"IÑAPARI, MADRE DE DIOS","ARROZ, grano pilado",64020,"PAQUETES","BRASIL"
"363","2022",10,"PUESTO DE CONTROL- CEBAF","ROSA, flores frescas cortadas",7500,"CAJA(S)","ECUADOR"
"364","2022",10,"PUESTO DE CONTROL- CEBAF","CLAVEL, flores frescas cortadas",500,"CAJA(S)","ECUADOR"
"365","2022",10,"OFICINA PUESTO DE CONTROL MARITIMO - PROV. CONST. DEL CALLAO","MADERA, monturas y mangos de herramientas, monturas y mangos de cepillos, brochas o escobas, de madera; hormas, ensanchadores y tensores del calzado, de madera ; con algún proceso de la CRF 2",27050,"SACO(S)","CHINA"
"366","2022",10,"OFICINA PUESTO DE CONTROL MARITIMO - PROV. CONST. DEL CALLAO","MANZANA, fruto fresco",28959,"CAJA(S)","CHILE"
"367","2022",10,"OFICINA PUESTO DE CONTROL MARITIMO - PROV. CONST. DEL CALLAO","PERA, fruta fresca",11520,"CAJA(S)","CHILE"
"368","2022",10,"PUESTO DE CONTROL TERRESTRE DESAGUADERO","FREJOL NEGRO, grano",29000,"SACO(S)","BOLIVIA"
"369","2022",10,"OFICINA PUESTO DE CONTROL AEREO -  PROV. CONST. DEL CALLAO","PIMIENTO, semilla",0.057,"SACHETS","HOLANDA"
"370","2022",10,"PUESTO DE CONTROL TERRESTRE DESAGUADERO","MANI, grano sin cáscara",60000,"SACO(S)","BOLIVIA"
"371","2022",10,"OFICINA PUESTO DE CONTROL MARITIMO - PROV. CONST. DEL CALLAO","PERA, fruta fresca",72576,"CAJA(S)","ARGENTINA"
"372","2022",10,"OFICINA PUESTO DE CONTROL AEREO -  PROV. CONST. DEL CALLAO","CEBOLLINO FRANCES, semilla",13.908,"SACHETS","HOLANDA"
"373","2022",10,"OFICINA PUESTO DE CONTROL AEREO -  PROV. CONST. DEL CALLAO","COCO, rallado seco industrial",1,"BOLSAS","SRI LANKA"
"374","2022",10,"PUESTO DE CONTROL- CEBAF","PAJA TOQUILLA, con algún proceso de la CRF2",1000,"FARDOS","ECUADOR"
"375","2022",10,"PUESTO DE CONTROL- CEBAF","CAÑA DE GUAYAQUIL, seca al natural",32000,"UNIDADES","ECUADOR"
"376","2022",10,"OFICINA PUESTO DE CONTROL MARITIMO - PROV. CONST. DEL CALLAO","PAPA, hojuelas y pellets",20160,"BOLSAS","ALEMANIA"
"377","2022",10,"SANTA ROSA, TACNA","MANZANA, fruto fresco",23520,"CAJA(S)","CHILE"
"378","2022",10,"OFICINA PUESTO DE CONTROL MARITIMO - PROV. CONST. DEL CALLAO","MADERA, cajas con algún proceso de la CRF 2",27123.14,"UNIDADES","CHILE"
"379","2022",10,"PUESTO DE CONTROL TERRESTRE DESAGUADERO","SOYA, harina",116000,"SACO(S)","BOLIVIA"
"380","2022",10,"PUESTO DE CONTROL TERRESTRE DESAGUADERO","SOYA, torta",144500,"SACO(S)","BOLIVIA"
"381","2022",10,"IÑAPARI, MADRE DE DIOS","NUEZ DEL BRASIL, con cáscara seca al natural",27900,"SACO(S)","BRASIL"
"382","2022",10,"OFICINA PUESTO DE CONTROL MARITIMO - PROV. CONST. DEL CALLAO","MAIZ, almidon",42000,"BOLSAS","ARGENTINA"
"383","2022",10,"PUESTO DE CONTROL TERRESTRE DESAGUADERO","SOYA, torta",56000,"GRANEL","BOLIVIA"
"384","2022",10,"PUESTO DE CONTROL TERRESTRE DESAGUADERO","SOYA, torta",84000,"GRANEL","BOLIVIA"
"385","2022",10,"PUESTO DE CONTROL TERRESTRE DESAGUADERO","SOYA, torta",57500,"GRANEL","BOLIVIA"
"386","2022",10,"PUESTO DE CONTROL TERRESTRE DESAGUADERO","SOYA, torta",27160,"GRANEL","BOLIVIA"
"387","2022",10,"PUESTO DE CONTROL TERRESTRE DESAGUADERO","SOYA, torta",26660,"GRANEL","BOLIVIA"
"388","2022",10,"OFICINA PUESTO DE CONTROL MARITIMO - PROV. CONST. DEL CALLAO","ALGODON, fibra sin cardar ni peinar (>28.57 mm = o <34.92 mm)",140390,"FARDOS","EEUU"
"389","2022",10,"OFICINA PUESTO DE CONTROL MARITIMO - PROV. CONST. DEL CALLAO","CANELA, corteza entera seca al natural",13500,"CAJA(S)","SRI LANKA"
"390","2022",10,"OFICINA PUESTO DE CONTROL MARITIMO - PROV. CONST. DEL CALLAO","ALGODON, fibra sin cardar ni peinar (>22.22 mm = o <28.57 mm)",256840,"FARDOS","EEUU"
"391","2022",10,"OFICINA PUESTO DE CONTROL AEREO -  PROV. CONST. DEL CALLAO","Cacao, polvo",1.5,"BOLSAS","ESPAÑA"
"392","2022",10,"PUESTO DE CONTROL TERRESTRE DESAGUADERO","SOYA, torta",116000,"SACO(S)","BOLIVIA"
"393","2022",10,"OFICINA PUESTO DE CONTROL MARITIMO - PROV. CONST. DEL CALLAO","AVENA, grano aplastado o en copos (hojuelas)",78720,"SACO(S)","CHILE"
"394","2022",10,"PUESTO DE CONTROL TERRESTRE DESAGUADERO","SOYA, grano",27000,"GRANEL","BOLIVIA"
"395","2022",10,"PUESTO DE CONTROL TERRESTRE DESAGUADERO","SOYA, grano",56000,"GRANEL","BOLIVIA"
"396","2022",10,"PUESTO DE CONTROL TERRESTRE DESAGUADERO","SOYA, grano",27000,"GRANEL","BOLIVIA"
"397","2022",10,"OFICINA PUESTO DE CONTROL MARITIMO - PROV. CONST. DEL CALLAO","MAIZ AMARILLO DURO, grano",27972920,"GRANEL","ARGENTINA"
"398","2022",10,"OFICINA PUESTO DE CONTROL MARITIMO - PROV. CONST. DEL CALLAO","MAIZ AMARILLO DURO, grano",7677780,"GRANEL","ARGENTINA"
"399","2022",10,"PUESTO DE CONTROL TERRESTRE DESAGUADERO","SOYA, grano",27000,"GRANEL","BOLIVIA"
"400","2022",10,"PUESTO DE CONTROL TERRESTRE DESAGUADERO","SOYA, grano",23000,"GRANEL","BOLIVIA"
"401","2022",10,"PUESTO DE CONTROL TERRESTRE DESAGUADERO","SOYA, torta",144000,"SACO(S)","BOLIVIA"
"402","2022",10,"PUESTO DE CONTROL TERRESTRE DESAGUADERO","SOYA, torta",174000,"SACO(S)","BOLIVIA"
"403","2022",10,"PUESTO DE CONTROL TERRESTRE DESAGUADERO","SOYA, torta",114500,"SACO(S)","BOLIVIA"
"404","2022",10,"PUESTO DE CONTROL TERRESTRE DESAGUADERO","SOYA, torta",114500,"SACO(S)","BOLIVIA"
"405","2022",10,"PUESTO DE CONTROL TERRESTRE DESAGUADERO","SOYA, torta",114500,"SACO(S)","BOLIVIA"
"406","2022",10,"PUESTO DE CONTROL TERRESTRE DESAGUADERO","SOYA, harina",145000,"SACO(S)","BOLIVIA"
"407","2022",10,"PUESTO DE CONTROL TERRESTRE DESAGUADERO","SOYA, harina",145000,"SACO(S)","BOLIVIA"
"408","2022",10,"PUESTO DE CONTROL TERRESTRE DESAGUADERO","SOYA, harina",145000,"SACO(S)","BOLIVIA"
"409","2022",10,"PUESTO DE CONTROL TERRESTRE DESAGUADERO","SOYA, torta",113500,"SACO(S)","BOLIVIA"
"410","2022",10,"PUESTO DE CONTROL TERRESTRE DESAGUADERO","SOYA, torta",115000,"SACO(S)","BOLIVIA"
"411","2022",10,"PUESTO DE CONTROL TERRESTRE DESAGUADERO","SOYA, harina",177000,"SACO(S)","BOLIVIA"
"412","2022",10,"PUESTO DE CONTROL TERRESTRE DESAGUADERO","SOYA, torta",86300,"GRANEL","BOLIVIA"
"413","2022",10,"PUESTO DE CONTROL TERRESTRE DESAGUADERO","SOYA, torta",113200,"GRANEL","BOLIVIA"
"414","2022",10,"PUESTO DE CONTROL TERRESTRE DESAGUADERO","SOYA, torta",82000,"GRANEL","BOLIVIA"
"415","2022",10,"OFICINA PUESTO DE CONTROL MARITIMO - PROV. CONST. DEL CALLAO","MADERA, cajas con algún proceso de la CRF 2",12220,"UNIDADES","CHILE"
"416","2022",10,"OFICINA PUESTO DE CONTROL MARITIMO - PROV. CONST. DEL CALLAO","TRIGO, grano",11000670,"GRANEL","CANADA"
"417","2022",10,"OFICINA PUESTO DE CONTROL MARITIMO - PROV. CONST. DEL CALLAO","MADERA, cajas con algún proceso de la CRF 2",122200,"UNIDADES","CHILE"
"418","2022",10,"OFICINA PUESTO DE CONTROL MARITIMO - PROV. CONST. DEL CALLAO","LAS DEMAS HOJAS PARA CHAPADO, coníferas",467.582,"PALETAS","CHINA"
"419","2022",10,"PUESTO DE CONTROL- CEBAF","Las demás coniferas, las demas maderas aserradas o desbastadas longitudinalmente, cortada o desenrollada, incluso cepillada,lijada o unida por lo extremos, de espesor superior a 6 mm, con algun tratamiento de la CRF 2",49900,"PIEZAS","ECUADOR"
"420","2022",10,"OFICINA PUESTO DE CONTROL MARITIMO - PROV. CONST. DEL CALLAO","TRIGO, gluten",20000,"BOLSAS","HOLANDA"
"421","2022",10,"OFICINA PUESTO DE CONTROL MARITIMO - PROV. CONST. DEL CALLAO","TRIGO, gluten",20000,"BOLSAS","HOLANDA"
"422","2022",10,"PUERTO DE PAITA , PIURA","ARANDANO, fruto fresco",15120,"CAJA(S)","EEUU"
"423","2022",10,"SANTA ROSA, TACNA","MANZANA, fruto fresco",22540,"CAJA(S)","CHILE"
"424","2022",10,"SANTA ROSA, TACNA","MANZANA, fruto fresco",19278,"CAJA(S)","CHILE"
"425","2022",10,"SANTA ROSA, TACNA","PERA, fruta fresca",11088,"CAJA(S)","CHILE"
"426","2022",10,"SANTA ROSA, TACNA","MANZANA, fruto fresco",11760,"CAJA(S)","CHILE"
"427","2022",10,"SANTA ROSA, TACNA","MANZANA, fruto fresco",22304.8,"CAJA(S)","CHILE"
"428","2022",10,"SANTA ROSA, TACNA","MANZANA, fruto fresco",22344,"CAJA(S)","CHILE"
"429","2022",10,"PUESTO DE CONTROL TERRESTRE DESAGUADERO","SOYA, harina",174000,"SACO(S)","BOLIVIA"
"430","2022",10,"PUESTO DE CONTROL TERRESTRE DESAGUADERO","SOYA, harina",174000,"SACO(S)","BOLIVIA"
"431","2022",10,"OFICINA PUESTO DE CONTROL MARITIMO - PROV. CONST. DEL CALLAO","ARROZ, grano pilado",640,"BOLSAS","ITALIA"
"432","2022",10,"OFICINA PUESTO DE CONTROL MARITIMO - PROV. CONST. DEL CALLAO","ARROZ, grano pilado",236,"LATAS","ITALIA"
"433","2022",10,"OFICINA PUESTO DE CONTROL MARITIMO - PROV. CONST. DEL CALLAO","CANELA, corteza entera seca al natural",14500,"CAJA(S)","SRI LANKA"
"434","2022",10,"OFICINA PUESTO DE CONTROL MARITIMO - PROV. CONST. DEL CALLAO","AVENA, grano aplastado o en copos (hojuelas)",77930,"SACO(S)","CHILE"
"435","2022",10,"SANTA ROSA, TACNA","MANZANA, fruto fresco",22932,"CAJA(S)","CHILE"
"436","2022",10,"SANTA ROSA, TACNA","COCO, rallado",25350,"SACO(S)","INDONESIA"
"437","2022",10,"SANTA ROSA, TACNA","MANZANA, fruto fresco",23520,"CAJA(S)","CHILE"
"438","2022",10,"PUESTO DE CONTROL TERRESTRE DESAGUADERO","CHIA, grano",27000,"SACO(S)","BOLIVIA"
"439","2022",10,"PUESTO DE CONTROL TERRESTRE DESAGUADERO","CHIA, grano",28630,"SACO(S)","BOLIVIA"
"440","2022",10,"OFICINA PUESTO DE CONTROL MARITIMO - PROV. CONST. DEL CALLAO","COCO, fibra (para sustrato)",152560,"PALETAS","SRI LANKA"
"441","2022",10,"PUESTO DE CONTROL TERRESTRE DESAGUADERO","SOYA, torta",174000,"SACO(S)","BOLIVIA"
"442","2022",10,"OFICINA PUESTO DE CONTROL MARITIMO - PROV. CONST. DEL CALLAO","TRIGO, semola",220000,"SACO(S)","MEXICO"
"443","2022",10,"OFICINA PUESTO DE CONTROL MARITIMO - PROV. CONST. DEL CALLAO","ARROZ, harina",500,"CAJA(S)","CHINA"
"444","2022",10,"PUESTO DE CONTROL TERRESTRE DESAGUADERO","SOYA, torta",53000,"GRANEL","BOLIVIA"
"445","2022",10,"PUESTO DE CONTROL TERRESTRE DESAGUADERO","SOYA, torta",83110,"GRANEL","BOLIVIA"
"446","2022",10,"PUESTO DE CONTROL TERRESTRE DESAGUADERO","SOYA, torta",51000,"GRANEL","BOLIVIA"
"447","2022",10,"OFICINA PUESTO DE CONTROL MARITIMO - PROV. CONST. DEL CALLAO","COCO, fibra (para sustrato)",88335,"PALETAS","SRI LANKA"
"448","2022",10,"PUESTO DE CONTROL TERRESTRE DESAGUADERO","SOYA, torta",112000,"GRANEL","BOLIVIA"
"449","2022",10,"PUESTO DE CONTROL TERRESTRE DESAGUADERO","SOYA, torta",82110,"GRANEL","BOLIVIA"
"450","2022",10,"PUESTO DE CONTROL TERRESTRE DESAGUADERO","SOYA, torta",81000,"GRANEL","BOLIVIA"
"451","2022",10,"PUESTO DE CONTROL TERRESTRE DESAGUADERO","SOYA, torta",29000,"GRANEL","BOLIVIA"
"452","2022",10,"PUESTO DE CONTROL TERRESTRE DESAGUADERO","SOYA, torta",29000,"GRANEL","BOLIVIA"
"453","2022",10,"PUESTO DE CONTROL TERRESTRE DESAGUADERO","SOYA, harina",147500,"SACO(S)","BOLIVIA"
"454","2022",10,"OFICINA PUESTO DE CONTROL MARITIMO - PROV. CONST. DEL CALLAO","MADERA, en bruto de coníferas tratada agentes de conservación
",76399,"UNIDADES","CHILE"
"455","2022",10,"OFICINA PUESTO DE CONTROL MARITIMO - PROV. CONST. DEL CALLAO","ALGODON, fibra sin cardar ni peinar (>22.22 mm = o <28.57 mm)",116710,"FARDOS","EEUU"
"456","2022",10,"OFICINA PUESTO DE CONTROL MARITIMO - PROV. CONST. DEL CALLAO","ROTEN (=Ratán), artículos de cestería obtenidos directamente en su forma con materia trenzable con algún proceso de la CRF2",130.15,"CAJA(S)","VIETNAM"
"457","2022",10,"SANTA ROSA, TACNA","ALBARICOQUE (=DAMASCO), seco industrial",1440,"CAJA(S)","CHILE"
"458","2022",10,"PUESTO DE CONTROL TERRESTRE DESAGUADERO","SOYA, torta",173100,"SACO(S)","BOLIVIA"
"459","2022",10,"OFICINA PUESTO DE CONTROL MARITIMO - PROV. CONST. DEL CALLAO","COCO, fibra (para sustrato)",132000,"BOLSAS","INDIA"
"460","2022",10,"PUESTO DE CONTROL TERRESTRE DESAGUADERO","SOYA, harina",50000,"SACO(S)","BOLIVIA"
"461","2022",10,"OFICINA PUESTO DE CONTROL MARITIMO - PROV. CONST. DEL CALLAO","UVA (PASAS), secas industrialmente",20900,"CAJA(S)","CHILE"
"462","2022",10,"OFICINA PUESTO DE CONTROL MARITIMO - PROV. CONST. DEL CALLAO","COCO, fibra (para sustrato)",358070,"PALETAS","SRI LANKA"
"463","2022",10,"SANTA ROSA, TACNA","MAIZ REVENTON, grano",28000,"SACO(S)","ARGENTINA"
"464","2022",10,"OFICINA PUESTO DE CONTROL AEREO -  PROV. CONST. DEL CALLAO","ROSA, flores frescas cortadas",23.534,"CAJA(S)","COLOMBIA"
"465","2022",10,"OFICINA PUESTO DE CONTROL AEREO -  PROV. CONST. DEL CALLAO","CLAVEL, flores frescas cortadas",153.996,"CAJA(S)","COLOMBIA"
"466","2022",10,"OFICINA PUESTO DE CONTROL AEREO -  PROV. CONST. DEL CALLAO","CRISANTEMO, flores frescas cortadas",245.168,"CAJA(S)","COLOMBIA"
"467","2022",10,"OFICINA PUESTO DE CONTROL AEREO -  PROV. CONST. DEL CALLAO","MAIZ, semilla",74.36,"SACO(S)","BRASIL"
"468","2022",10,"OFICINA PUESTO DE CONTROL AEREO -  PROV. CONST. DEL CALLAO","PLATANO Y/O BANANO, deshidratado",2,"BOLSAS","BRASIL"
"469","2022",10,"PUESTO DE CONTROL TERRESTRE DESAGUADERO","MANI, grano sin cáscara",29000,"SACO(S)","BOLIVIA"
"470","2022",10,"SANTA ROSA, TACNA","MANZANA, fruto fresco",22579.2,"CAJA(S)","CHILE"
"471","2022",10,"PUESTO DE CONTROL TERRESTRE DESAGUADERO","SOYA, torta",174000,"SACO(S)","BOLIVIA"
"472","2022",10,"OFICINA PUESTO DE CONTROL MARITIMO - PROV. CONST. DEL CALLAO","COCO, fibra (para sustrato)",44000,"BOLSAS","INDIA"
"473","2022",10,"PUESTO DE CONTROL TERRESTRE DESAGUADERO","AZUCAR BLANCA O REFINADA (lectura polarimetrica mayor 99.5°)",56000,"SACO(S)","BOLIVIA"
"474","2022",10,"OFICINA PUESTO DE CONTROL MARITIMO - PROV. CONST. DEL CALLAO","AVENA, grano trabajado (mondado, perlado, troceado o quebrantado)",25000,"SACO(S)","CHILE"
"475","2022",10,"PUESTO DE CONTROL TERRESTRE DESAGUADERO","SOYA, torta",85500,"GRANEL","BOLIVIA"
"476","2022",10,"PUESTO DE CONTROL TERRESTRE DESAGUADERO","SOYA, torta",84000,"GRANEL","BOLIVIA"
"477","2022",10,"PUESTO DE CONTROL TERRESTRE DESAGUADERO","SOYA, torta",26017,"SACO(S)","BOLIVIA"
"478","2022",10,"PUESTO DE CONTROL TERRESTRE DESAGUADERO","SOYA, torta",87480,"GRANEL","BOLIVIA"
"479","2022",10,"PUESTO DE CONTROL TERRESTRE DESAGUADERO","SOYA, torta",114500,"GRANEL","BOLIVIA"
"480","2022",10,"PUESTO DE CONTROL TERRESTRE DESAGUADERO","SOYA, torta",86000,"GRANEL","BOLIVIA"
"481","2022",10,"PUESTO DE CONTROL TERRESTRE DESAGUADERO","SOYA, torta",55500,"GRANEL","BOLIVIA"
"482","2022",10,"PUESTO DE CONTROL TERRESTRE DESAGUADERO","SOYA, torta",56000,"GRANEL","BOLIVIA"
"483","2022",10,"PUESTO DE CONTROL TERRESTRE DESAGUADERO","SOYA, torta",174000,"SACO(S)","BOLIVIA"
"484","2022",10,"PUESTO DE CONTROL TERRESTRE DESAGUADERO","SOYA, torta",140000,"SACO(S)","BOLIVIA"
"485","2022",10,"PUESTO DE CONTROL- CEBAF","CAÑA DE GUAYAQUIL, seca al natural",34000,"UNIDADES","ECUADOR"
"486","2022",10,"PUESTO DE CONTROL- CEBAF","CAÑA DE GUAYAQUIL, seca al natural",34000,"UNIDADES","ECUADOR"
"487","2022",10,"PUERTO DE SALAVERRY, LA LIBERTAD","MAIZ AMARILLO DURO, grano",28471060,"GRANEL","ARGENTINA"
"488","2022",10,"OFICINA PUESTO DE CONTROL MARITIMO - PROV. CONST. DEL CALLAO","MOSTAZA, grano",72120,"BOLSAS","CANADA"
"489","2022",10,"OFICINA PUESTO DE CONTROL MARITIMO - PROV. CONST. DEL CALLAO","PERA, fruta fresca",22680,"CAJA(S)","ARGENTINA"
"490","2022",10,"PUESTO DE CONTROL TERRESTRE DESAGUADERO","SOYA, torta",85500,"GRANEL","BOLIVIA"
"491","2022",10,"PUESTO DE CONTROL TERRESTRE DESAGUADERO","SOYA, torta",145000,"SACO(S)","BOLIVIA"
"492","2022",10,"OFICINA PUESTO DE CONTROL MARITIMO - PROV. CONST. DEL CALLAO","COCO, revestimiento de fibra",10.129,"UNIDADES","MALASIA"
"493","2022",10,"OFICINA PUESTO DE CONTROL MARITIMO - PROV. CONST. DEL CALLAO","ALGODON, fibra sin cardar ni peinar (>22.22 mm = o <28.57 mm)",81330,"FARDOS","EEUU"
"494","2022",10,"OFICINA PUESTO DE CONTROL MARITIMO - PROV. CONST. DEL CALLAO","ARVEJA, grano partido",69440,"SACO(S)","CANADA"
"495","2022",10,"PUESTO DE CONTROL TERRESTRE DESAGUADERO","SOYA, torta",174000,"SACO(S)","BOLIVIA"
"496","2022",10,"OFICINA PUESTO DE CONTROL MARITIMO - PROV. CONST. DEL CALLAO","Articulos para fiestas de navidad que sean o contengan material vegetal
",63.09,"UNIDADES","CHINA"
"497","2022",10,"OFICINA PUESTO DE CONTROL MARITIMO - PROV. CONST. DEL CALLAO","Articulos para fiestas de navidad que sean o contengan material vegetal
",1266.58,"CAJA(S)","CHINA"
"498","2022",10,"PUESTO DE CONTROL TERRESTRE DESAGUADERO","MANI, grano sin cáscara",49500,"SACO(S)","BOLIVIA"
"499","2022",10,"PUESTO DE CONTROL TERRESTRE DESAGUADERO","AJONJOLI, grano",8500,"SACO(S)","BOLIVIA"
"500","2022",10,"PUERTO DE MATARANI , AREQUIPA","MAIZ AMARILLO DURO, grano",1061830,"GRANEL","ARGENTINA"
"501","2022",10,"PUERTO DE MATARANI , AREQUIPA","MAIZ AMARILLO DURO, grano",8950050,"GRANEL","ARGENTINA"
"502","2022",10,"PUERTO DE MATARANI , AREQUIPA","TRIGO, grano",6359120,"GRANEL","ARGENTINA"
"503","2022",10,"OFICINA PUESTO DE CONTROL MARITIMO - PROV. CONST. DEL CALLAO","MAIZ AMARILLO DURO, grano",3559820,"GRANEL","ARGENTINA"
"504","2022",10,"OFICINA PUESTO DE CONTROL MARITIMO - PROV. CONST. DEL CALLAO","SOYA, torta",12318040,"GRANEL","ARGENTINA"
"505","2022",10,"PUESTO DE CONTROL TERRESTRE DESAGUADERO","SOYA, grano",27000,"GRANEL","BOLIVIA"
"506","2022",10,"PUESTO DE CONTROL TERRESTRE DESAGUADERO","SOYA, grano",96000,"GRANEL","BOLIVIA"
"507","2022",10,"PUESTO DE CONTROL TERRESTRE DESAGUADERO","SOYA, grano",26000,"GRANEL","BOLIVIA"
"508","2022",10,"PUESTO DE CONTROL TERRESTRE DESAGUADERO","SOYA, grano",28000,"GRANEL","BOLIVIA"
"509","2022",10,"PUESTO DE CONTROL TERRESTRE DESAGUADERO","SOYA, grano",27000,"GRANEL","BOLIVIA"
"510","2022",10,"PUESTO DE CONTROL TERRESTRE DESAGUADERO","SOYA, grano",56000,"GRANEL","BOLIVIA"
"511","2022",10,"PUESTO DE CONTROL TERRESTRE DESAGUADERO","SOYA, grano",83000,"GRANEL","BOLIVIA"
"512","2022",10,"PUESTO DE CONTROL TERRESTRE DESAGUADERO","SOYA, grano",112000,"GRANEL","BOLIVIA"
"513","2022",10,"PUESTO DE CONTROL TERRESTRE DESAGUADERO","SOYA, torta",111980,"GRANEL","BOLIVIA"
"514","2022",10,"PUESTO DE CONTROL TERRESTRE DESAGUADERO","SOYA, torta",55080,"GRANEL","BOLIVIA"
"515","2022",10,"PUESTO DE CONTROL TERRESTRE DESAGUADERO","SOYA, torta",172500,"SACO(S)","BOLIVIA"
"516","2022",10,"PUESTO DE CONTROL TERRESTRE DESAGUADERO","SOYA, torta",116000,"SACO(S)","BOLIVIA"
"517","2022",10,"PUESTO DE CONTROL TERRESTRE DESAGUADERO","SOYA, torta",115000,"SACO(S)","BOLIVIA"
"518","2022",10,"PUESTO DE CONTROL TERRESTRE DESAGUADERO","SOYA, torta",145000,"SACO(S)","BOLIVIA"
"519","2022",10,"OFICINA PUESTO DE CONTROL MARITIMO - PROV. CONST. DEL CALLAO","TURBA",129520,"FARDOS","LETONIA"
"520","2022",10,"SANTA ROSA, TACNA","LENTEJA, grano",104963,"SACO(S)","CANADA"
"521","2022",10,"OFICINA PUESTO DE CONTROL AEREO -  PROV. CONST. DEL CALLAO","PIMIENTO, semilla",0.240112,"SACHETS","HOLANDA"
"522","2022",10,"OFICINA PUESTO DE CONTROL AEREO -  PROV. CONST. DEL CALLAO","TOMATE, semilla",0.076,"SACHETS","HOLANDA"
"523","2022",10,"OFICINA PUESTO DE CONTROL AEREO -  PROV. CONST. DEL CALLAO","TOMATE, semilla",0.051,"SACHETS","HOLANDA"
"524","2022",10,"OFICINA PUESTO DE CONTROL MARITIMO - PROV. CONST. DEL CALLAO","AVENA, grano trabajado (mondado, perlado, troceado o quebrantado)",115000,"SACO(S)","CHILE"
"525","2022",10,"OFICINA PUESTO DE CONTROL MARITIMO - PROV. CONST. DEL CALLAO","BRACHIARIA, semilla",3000,"SACO(S)","BRASIL"
"526","2022",10,"PUESTO DE CONTROL TERRESTRE DESAGUADERO","SOYA, torta",143500,"SACO(S)","BOLIVIA"
"527","2022",10,"PUESTO DE CONTROL TERRESTRE DESAGUADERO","SOYA, torta",145000,"SACO(S)","BOLIVIA"
"528","2022",10,"PUESTO DE CONTROL TERRESTRE DESAGUADERO","SOYA, torta",116000,"SACO(S)","BOLIVIA"
"529","2022",10,"PUESTO DE CONTROL TERRESTRE DESAGUADERO","SOYA, torta",115000,"SACO(S)","BOLIVIA"
"530","2022",10,"PUESTO DE CONTROL TERRESTRE DESAGUADERO","SOYA, torta",142500,"SACO(S)","BOLIVIA"
"531","2022",10,"PUESTO DE CONTROL TERRESTRE DESAGUADERO","SOYA, torta",25200,"GRANEL","BOLIVIA"
"532","2022",10,"PUESTO DE CONTROL TERRESTRE DESAGUADERO","SOYA, torta",168870,"GRANEL","BOLIVIA"
"533","2022",10,"PUESTO DE CONTROL TERRESTRE DESAGUADERO","SOYA, torta",29000,"GRANEL","BOLIVIA"
"534","2022",10,"PUESTO DE CONTROL TERRESTRE DESAGUADERO","SOYA, torta",84000,"GRANEL","BOLIVIA"
"535","2022",10,"PUESTO DE CONTROL TERRESTRE DESAGUADERO","SOYA, torta",87000,"GRANEL","BOLIVIA"
"536","2022",10,"PUESTO DE CONTROL TERRESTRE DESAGUADERO","SOYA, torta",85710,"GRANEL","BOLIVIA"
"537","2022",10,"PUESTO DE CONTROL TERRESTRE DESAGUADERO","SOYA, torta",109590,"GRANEL","BOLIVIA"
"538","2022",10,"PUESTO DE CONTROL TERRESTRE DESAGUADERO","SOYA, torta",114290,"GRANEL","BOLIVIA"
"539","2022",10,"PUESTO DE CONTROL TERRESTRE DESAGUADERO","SOYA, torta",84000,"GRANEL","BOLIVIA"
"540","2022",10,"PUESTO DE CONTROL TERRESTRE DESAGUADERO","SOYA, torta",139000,"GRANEL","BOLIVIA"
"541","2022",10,"PUESTO DE CONTROL TERRESTRE DESAGUADERO","SOYA, torta",143183,"SACO(S)","BOLIVIA"
"542","2022",10,"PUESTO DE CONTROL TERRESTRE DESAGUADERO","SOYA, torta",28500,"GRANEL","BOLIVIA"
"543","2022",10,"PUESTO DE CONTROL TERRESTRE DESAGUADERO","SOYA, torta",28500,"GRANEL","BOLIVIA"
"544","2022",10,"OFICINA PUESTO DE CONTROL MARITIMO - PROV. CONST. DEL CALLAO","KIWI, fruto fresco",3600,"CAJA(S)","CHILE"
"545","2022",10,"OFICINA PUESTO DE CONTROL MARITIMO - PROV. CONST. DEL CALLAO","NARANJA, fruto fresco",24000,"CAJA(S)","CHILE"
"546","2022",10,"OFICINA PUESTO DE CONTROL MARITIMO - PROV. CONST. DEL CALLAO","MANZANA, fruto fresco",36691.2,"CAJA(S)","CHILE"
"547","2022",10,"OFICINA PUESTO DE CONTROL MARITIMO - PROV. CONST. DEL CALLAO","AZUCAR BLANCA O REFINADA (lectura polarimetrica mayor 99.5°)",265000,"SACO(S)","COLOMBIA"
"548","2022",10,"SANTA ROSA, TACNA","TRACTOR USADO, con motor de potencia superior a 33 kW pero inferior o igual a 75 kW",950,"UNIDADES","CHILE"
"549","2022",10,"PUERTO DE PAITA , PIURA","COCO, fibra (para sustrato)",69040,"PALETAS","SRI LANKA"
"550","2022",10,"PUERTO DE PAITA , PIURA","COCO, fibra (para sustrato)",46520,"PALETAS","SRI LANKA"
"551","2022",10,"PUERTO DE PAITA , PIURA","COCO, fibra (para sustrato)",46710,"PALETAS","SRI LANKA"
"552","2022",10,"PUERTO DE PAITA , PIURA","COCO, fibra (para sustrato)",153390,"PALETAS","SRI LANKA"
"553","2022",10,"PUESTO DE CONTROL TERRESTRE DESAGUADERO","SOYA, torta",27080,"GRANEL","BOLIVIA"
"554","2022",10,"SANTA ROSA, TACNA","MANZANA, fruto fresco",21560,"CAJA(S)","CHILE"
"555","2022",10,"SANTA ROSA, TACNA","KIWI, fruto fresco",2016,"CAJA(S)","CHILE"
"556","2022",10,"SANTA ROSA, TACNA","MANZANA, fruto fresco",17640,"CAJA(S)","CHILE"
"557","2022",10,"SANTA ROSA, TACNA","KIWI, fruto fresco",6030,"CAJA(S)","CHILE"
"558","2022",10,"SANTA ROSA, TACNA","MANZANA, fruto fresco",23520,"CAJA(S)","CHILE"
"559","2022",10,"SANTA ROSA, TACNA","MANZANA, fruto fresco",23520,"CAJA(S)","CHILE"
"560","2022",10,"SANTA ROSA, TACNA","MANZANA, fruto fresco",15990.4,"CAJA(S)","CHILE"
"561","2022",10,"SANTA ROSA, TACNA","PERA, fruta fresca",6894,"CAJA(S)","CHILE"
"562","2022",10,"SANTA ROSA, TACNA","PERA, fruta fresca",2646,"CAJA(S)","CHILE"
"563","2022",10,"SANTA ROSA, TACNA","MANZANA, fruto fresco",22451.8,"CAJA(S)","CHILE"
"564","2022",10,"SANTA ROSA, TACNA","MANZANA, fruto fresco",20580,"CAJA(S)","CHILE"
"565","2022",10,"SANTA ROSA, TACNA","MANZANA, fruto fresco",21560,"CAJA(S)","CHILE"
"566","2022",10,"SANTA ROSA, TACNA","PERA, fruta fresca",1764,"CAJA(S)","CHILE"
"567","2022",10,"SANTA ROSA, TACNA","MANZANA, fruto fresco",18620,"CAJA(S)","CHILE"
"568","2022",10,"SANTA ROSA, TACNA","PERA, fruta fresca",5040,"CAJA(S)","CHILE"
"569","2022",10,"SANTA ROSA, TACNA","MANZANA, fruto fresco",23520,"CAJA(S)","CHILE"
"570","2022",10,"SANTA ROSA, TACNA","PERA, fruta fresca",23184,"CAJA(S)","CHILE"
"571","2022",10,"SANTA ROSA, TACNA","PERA, fruta fresca",23184,"CAJA(S)","CHILE"
"572","2022",10,"OFICINA PUESTO DE CONTROL MARITIMO - PROV. CONST. DEL CALLAO","PINO, madera aserrada con algún proceso de la CRF2",45540,"PAQUETES","CHILE"
"573","2022",10,"SANTA ROSA, TACNA","MANZANA, fruto fresco",23275,"CAJA(S)","CHILE"
"574","2022",10,"OFICINA PUESTO DE CONTROL AEREO -  PROV. CONST. DEL CALLAO","ANTURIO, planta",526.1,"CAJA(S)","HOLANDA"
"575","2022",10,"PUESTO DE CONTROL TERRESTRE DESAGUADERO","SOYA, torta",84211,"SACO(S)","BOLIVIA"
"576","2022",10,"SANTA ROSA, TACNA","MANZANA, fruto fresco",15680,"CAJA(S)","CHILE"
"577","2022",10,"SANTA ROSA, TACNA","KIWI, fruto fresco",6048,"CAJA(S)","CHILE"
"578","2022",10,"SANTA ROSA, TACNA","MANZANA, fruto fresco",23520,"CAJA(S)","CHILE"
"579","2022",10,"OFICINA PUESTO DE CONTROL MARITIMO - PROV. CONST. DEL CALLAO","AZUCAR BLANCA O REFINADA (lectura polarimetrica mayor 99.5°)",265000,"SACO(S)","NICARAGUA"
"580","2022",10,"OFICINA PUESTO DE CONTROL MARITIMO - PROV. CONST. DEL CALLAO","AVENA, grano trabajado (mondado, perlado, troceado o quebrantado)",48000,"SACO(S)","CHILE"
"581","2022",10,"OFICINA PUESTO DE CONTROL MARITIMO - PROV. CONST. DEL CALLAO","AJO, polvo",8000,"CAJA(S)","CHINA"
"582","2022",10,"OFICINA PUESTO DE CONTROL MARITIMO - PROV. CONST. DEL CALLAO","ALGODON, fibra sin cardar ni peinar (>22.22 mm = o <28.57 mm)",543810,"FARDOS","EEUU"
"583","2022",10,"OFICINA PUESTO DE CONTROL MARITIMO - PROV. CONST. DEL CALLAO","ALGODON, fibra sin cardar ni peinar (>22.22 mm = o <28.57 mm)",96690,"FARDOS","EEUU"
"584","2022",10,"PUESTO DE CONTROL TERRESTRE DESAGUADERO","SOYA, torta",111350,"GRANEL","BOLIVIA"
"585","2022",10,"OFICINA PUESTO DE CONTROL MARITIMO - PROV. CONST. DEL CALLAO","PINO, madera aserrada con algún proceso de la CRF2",135510,"PAQUETES","CHILE"
"586","2022",10,"OFICINA PUESTO DE CONTROL MARITIMO - PROV. CONST. DEL CALLAO","GARBANZO, grano",43960,"SACO(S)","MEXICO"
"587","2022",10,"OFICINA PUESTO DE CONTROL MARITIMO - PROV. CONST. DEL CALLAO","ARVEJA, grano partido",49340,"SACO(S)","CANADA"
"588","2022",10,"SANTA ROSA, TACNA","TRACTOR USADO, con motor de potencia superior a 75 kW pero inferior o igual a 130 kW",3000,"UNIDADES","CHILE"
"589","2022",10,"OFICINA PUESTO DE CONTROL MARITIMO - PROV. CONST. DEL CALLAO","PERA, fruta fresca",23814,"CAJA(S)","ARGENTINA"
"590","2022",10,"OFICINA PUESTO DE CONTROL MARITIMO - PROV. CONST. DEL CALLAO","MANZANA, fruto fresco",20109.6,"CAJA(S)","CHILE"
"591","2022",10,"PUESTO DE CONTROL TERRESTRE DESAGUADERO","SOYA, torta",116000,"SACO(S)","BOLIVIA"
"592","2022",10,"OFICINA PUESTO DE CONTROL MARITIMO - PROV. CONST. DEL CALLAO","PINO, madera aserrada con algún proceso de la CRF2",49540,"PAQUETES","CHILE"
"593","2022",10,"OFICINA PUESTO DE CONTROL MARITIMO - PROV. CONST. DEL CALLAO","COCO, fibra (para sustrato)",72135,"PALETAS","INDIA"
"594","2022",10,"OFICINA PUESTO DE CONTROL MARITIMO - PROV. CONST. DEL CALLAO","MAIZ, semilla",60284,"BOLSAS","TAILANDIA"
"595","2022",10,"OFICINA PUESTO DE CONTROL MARITIMO - PROV. CONST. DEL CALLAO","COCO, rallado seco industrial",400,"BOLSAS","CHILE"
"596","2022",10,"OFICINA PUESTO DE CONTROL MARITIMO - PROV. CONST. DEL CALLAO","PINO, madera aserrada con algún proceso de la CRF2",72930,"PAQUETES","CHILE"
"597","2022",10,"OFICINA PUESTO DE CONTROL MARITIMO - PROV. CONST. DEL CALLAO","MAIZ, semilla",176059,"BOLSAS","TAILANDIA"
"598","2022",10,"SANTA ROSA, TACNA","MADERA, postes y vigas de madera con algún proceso de la CRF2",14565,"PIEZAS","CHILE"
"599","2022",10,"OFICINA PUESTO DE CONTROL MARITIMO - PROV. CONST. DEL CALLAO","UVA (PASAS), secas industrialmente",20000,"CAJA(S)","CHILE"
"600","2022",10,"OFICINA PUESTO DE CONTROL MARITIMO - PROV. CONST. DEL CALLAO","TRIGO, semola",66000,"SACO(S)","MEXICO"
"601","2022",10,"OFICINA PUESTO DE CONTROL MARITIMO - PROV. CONST. DEL CALLAO","ARROZ, parbolizado pulido o sin cáscara",130000,"SACO(S)","BRASIL"
"602","2022",10,"PUESTO DE CONTROL TERRESTRE DESAGUADERO","SOYA, torta",55000,"GRANEL","BOLIVIA"
"603","2022",10,"PUESTO DE CONTROL TERRESTRE DESAGUADERO","SOYA, torta",84700,"GRANEL","BOLIVIA"
"604","2022",10,"OFICINA PUESTO DE CONTROL MARITIMO - PROV. CONST. DEL CALLAO","UVA (PASAS), secas naturalmente",20000,"CAJA(S)","TURQUIA"
"605","2022",10,"PUESTO DE CONTROL TERRESTRE DESAGUADERO","SOYA, torta",235000,"SACO(S)","BOLIVIA"
"606","2022",10,"PUESTO DE CONTROL TERRESTRE DESAGUADERO","SOYA, torta",147000,"SACO(S)","BOLIVIA"
"607","2022",10,"PUESTO DE CONTROL TERRESTRE DESAGUADERO","SOYA, grano",53000,"GRANEL","BOLIVIA"
"608","2022",10,"PUESTO DE CONTROL TERRESTRE DESAGUADERO","SOYA, grano",27000,"GRANEL","BOLIVIA"
"609","2022",10,"PUESTO DE CONTROL TERRESTRE DESAGUADERO","SOYA, grano",57500,"GRANEL","BOLIVIA"
"610","2022",10,"PUESTO DE CONTROL TERRESTRE DESAGUADERO","SOYA, grano",56500,"GRANEL","BOLIVIA"
"611","2022",10,"PUESTO DE CONTROL TERRESTRE DESAGUADERO","SOYA, grano",56000,"GRANEL","BOLIVIA"
"612","2022",10,"OFICINA PUESTO DE CONTROL MARITIMO - PROV. CONST. DEL CALLAO","AVENA, grano trabajado (mondado, perlado, troceado o quebrantado)",72000,"SACO(S)","CHILE"
"613","2022",10,"OFICINA PUESTO DE CONTROL MARITIMO - PROV. CONST. DEL CALLAO","ACHIOTE, grano",20900,"SACO(S)","COSTA DE MARFIL"
"614","2022",10,"PUESTO DE CONTROL TERRESTRE DESAGUADERO","SOYA, torta",116000,"SACO(S)","BOLIVIA"
"615","2022",10,"PUESTO DE CONTROL TERRESTRE DESAGUADERO","SOYA, torta",116000,"SACO(S)","BOLIVIA"
"616","2022",10,"OFICINA PUESTO DE CONTROL MARITIMO - PROV. CONST. DEL CALLAO","PINO, madera aserrada con algún proceso de la CRF2",45950,"PAQUETES","CHILE"
"617","2022",10,"OFICINA PUESTO DE CONTROL MARITIMO - PROV. CONST. DEL CALLAO","PINO, madera aserrada con algún proceso de la CRF2",21630,"PAQUETES","CHILE"
"618","2022",10,"SANTA ROSA, TACNA","MANZANA, fruto fresco",12740,"CAJA(S)","CHILE"
"619","2022",10,"SANTA ROSA, TACNA","PERA, fruta fresca",12320,"CAJA(S)","CHILE"
"620","2022",10,"SANTA ROSA, TACNA","MANZANA, fruto fresco",22579.2,"CAJA(S)","CHILE"
"621","2022",10,"PUESTO DE CONTROL TERRESTRE DESAGUADERO","SOYA, torta",148000,"SACO(S)","BOLIVIA"
"622","2022",10,"PUESTO DE CONTROL TERRESTRE DESAGUADERO","SOYA, torta",146500,"SACO(S)","BOLIVIA"
"623","2022",10,"PUESTO DE CONTROL TERRESTRE DESAGUADERO","SOYA, torta",86726,"SACO(S)","BOLIVIA"
"624","2022",10,"PUERTO DE PISCO , ICA","PINO, postes de madera con algun proceso de la CRF 2",15340,"UNIDADES","EEUU"
"625","2022",10,"SANTA ROSA, TACNA","MANZANA, fruto fresco",23520,"CAJA(S)","CHILE"
"626","2022",10,"OFICINA PUESTO DE CONTROL MARITIMO - PROV. CONST. DEL CALLAO","AVENA, grano trabajado (mondado, perlado, troceado o quebrantado)",48000,"SACO(S)","CHILE"
"627","2022",10,"PUESTO DE CONTROL TERRESTRE DESAGUADERO","SOYA, torta",55000,"GRANEL","BOLIVIA"
"628","2022",10,"PUESTO DE CONTROL TERRESTRE DESAGUADERO","SOYA, torta",82920,"GRANEL","BOLIVIA"
"629","2022",10,"PUESTO DE CONTROL TERRESTRE DESAGUADERO","SOYA, torta",83880,"GRANEL","BOLIVIA"
"630","2022",10,"PUESTO DE CONTROL TERRESTRE DESAGUADERO","SOYA, torta",141500,"GRANEL","BOLIVIA"
"631","2022",10,"PUESTO DE CONTROL TERRESTRE DESAGUADERO","SOYA, torta",56640,"GRANEL","BOLIVIA"
"632","2022",10,"PUESTO DE CONTROL TERRESTRE DESAGUADERO","SOYA, torta",86450,"GRANEL","BOLIVIA"
"633","2022",10,"PUESTO DE CONTROL TERRESTRE DESAGUADERO","SOYA, torta",57590,"GRANEL","BOLIVIA"
"634","2022",10,"PUESTO DE CONTROL TERRESTRE DESAGUADERO","SOYA, torta",54020,"GRANEL","BOLIVIA"
"635","2022",10,"PUESTO DE CONTROL TERRESTRE DESAGUADERO","SOYA, torta",114000,"GRANEL","BOLIVIA"
"636","2022",10,"PUESTO DE CONTROL TERRESTRE DESAGUADERO","SOYA, torta",112500,"GRANEL","BOLIVIA"
"637","2022",10,"PUESTO DE CONTROL TERRESTRE DESAGUADERO","SOYA, torta",112500,"GRANEL","BOLIVIA"
"638","2022",10,"PUESTO DE CONTROL TERRESTRE DESAGUADERO","SOYA, torta",140000,"GRANEL","BOLIVIA"
"639","2022",10,"PUESTO DE CONTROL TERRESTRE DESAGUADERO","SOYA, torta",27000,"GRANEL","BOLIVIA"
"640","2022",10,"PUESTO DE CONTROL TERRESTRE DESAGUADERO","SOYA, torta",56000,"GRANEL","BOLIVIA"
"641","2022",10,"PUESTO DE CONTROL TERRESTRE DESAGUADERO","SOYA, torta",112000,"GRANEL","BOLIVIA"
"642","2022",10,"PUESTO DE CONTROL TERRESTRE DESAGUADERO","SOYA, torta",58150,"GRANEL","BOLIVIA"
"643","2022",10,"OFICINA PUESTO DE CONTROL AEREO -  PROV. CONST. DEL CALLAO","TURBA",3.2,"BOLSAS","HOLANDA"
"644","2022",10,"OFICINA PUESTO DE CONTROL MARITIMO - PROV. CONST. DEL CALLAO","AZUCAR CRUDA, sólido",260000,"SACO(S)","NICARAGUA"
"645","2022",10,"PUESTO DE CONTROL TERRESTRE DESAGUADERO","SOYA, torta",84000,"GRANEL","BOLIVIA"
"646","2022",10,"PUESTO DE CONTROL TERRESTRE DESAGUADERO","SOYA, harina",29342,"SACO(S)","BOLIVIA"
"647","2022",10,"PUESTO DE CONTROL TERRESTRE DESAGUADERO","SOYA, torta",140000,"GRANEL","BOLIVIA"
"648","2022",10,"OFICINA PUESTO DE CONTROL MARITIMO - PROV. CONST. DEL CALLAO","PINO, madera aserrada con tratamiento de secado al horno impregnación de sales",44194,"PAQUETES","CHILE"
"649","2022",10,"PUESTO DE CONTROL TERRESTRE DESAGUADERO","SOYA, torta",56500,"GRANEL","BOLIVIA"
"650","2022",10,"PUESTO DE CONTROL TERRESTRE DESAGUADERO","SOYA, torta",140000,"GRANEL","BOLIVIA"
"651","2022",10,"PUESTO DE CONTROL TERRESTRE DESAGUADERO","SOYA, torta",86000,"GRANEL","BOLIVIA"
"652","2022",10,"PUESTO DE CONTROL TERRESTRE DESAGUADERO","SOYA, torta",87310,"GRANEL","BOLIVIA"
"653","2022",10,"OFICINA PUESTO DE CONTROL MARITIMO - PROV. CONST. DEL CALLAO","AZUCAR CRUDA, sólido",260000,"SACO(S)","NICARAGUA"
"654","2022",10,"OFICINA PUESTO DE CONTROL MARITIMO - PROV. CONST. DEL CALLAO","AZUCAR CRUDA, sólido",260000,"SACO(S)","NICARAGUA"
"655","2022",10,"PUESTO DE CONTROL TERRESTRE DESAGUADERO","SOYA, torta",117000,"SACO(S)","BOLIVIA"
"656","2022",10,"OFICINA PUESTO DE CONTROL MARITIMO - PROV. CONST. DEL CALLAO","MADERA, puertas y sus marcos, contramarcos y umbrales, con algun proceso de la CRF 2",4177.4,"PIEZAS","BRASIL"
"657","2022",10,"PUESTO DE CONTROL TERRESTRE DESAGUADERO","SOYA, torta",196000,"SACO(S)","BOLIVIA"
"658","2022",10,"PUESTO DE CONTROL TERRESTRE DESAGUADERO","SOYA, torta",116000,"SACO(S)","BOLIVIA"
"659","2022",10,"PUERTO DE PISCO , ICA","PINO, postes de madera con algun proceso de la CRF 2",25585,"PALETAS","EEUU"
"660","2022",10,"OFICINA PUESTO DE CONTROL AEREO -  PROV. CONST. DEL CALLAO","HENNA, polvo",10,"BOLSAS","INDIA"
"661","2022",10,"OFICINA PUESTO DE CONTROL AEREO -  PROV. CONST. DEL CALLAO","INDIGO, polvo",10,"BOLSAS","INDIA"
"662","2022",10,"SANTA ROSA, TACNA","MANZANA, fruto fresco",23520,"CAJA(S)","CHILE"
"663","2022",10,"OFICINA PUESTO DE CONTROL AEREO -  PROV. CONST. DEL CALLAO","TOMATE, semilla",6.38,"BALDES","EEUU"
"664","2022",10,"SANTA ROSA, TACNA","MANZANA, fruto fresco",23128,"CAJA(S)","CHILE"
"665","2022",10,"PUERTO DE PISCO , ICA","PINO, postes de madera con algun proceso de la CRF 2",52386,"PIEZAS","EEUU"
"666","2022",10,"OFICINA PUESTO DE CONTROL AEREO -  PROV. CONST. DEL CALLAO","CARTUCHO (=CALLA LILY), rizoma",261,"JABAS","HOLANDA"
"667","2022",10,"OFICINA PUESTO DE CONTROL AEREO -  PROV. CONST. DEL CALLAO","PIMIENTO, semilla",0.358,"SACHETS","HOLANDA"
"668","2022",10,"OFICINA PUESTO DE CONTROL AEREO -  PROV. CONST. DEL CALLAO","SANDIA, semilla",0.6,"SACHETS","EEUU"
"669","2022",10,"PUESTO DE CONTROL TERRESTRE DESAGUADERO","SOYA, torta",113980,"GRANEL","BOLIVIA"
"670","2022",10,"PUESTO DE CONTROL TERRESTRE DESAGUADERO","SOYA, torta",56000,"GRANEL","BOLIVIA"
"671","2022",10,"OFICINA PUESTO DE CONTROL MARITIMO - PROV. CONST. DEL CALLAO","ALFALFA, semilla",18000,"SACO(S)","EEUU"
"672","2022",10,"OFICINA PUESTO DE CONTROL MARITIMO - PROV. CONST. DEL CALLAO","CIRUELA, seca industrialmente",20000,"CAJA(S)","CHILE"
"673","2022",10,"OFICINA PUESTO DE CONTROL MARITIMO - PROV. CONST. DEL CALLAO","CIRUELA, seca industrialmente",20000,"CAJA(S)","CHILE"
"674","2022",10,"IÑAPARI, MADRE DE DIOS","MAIZ AMARILLO DURO, grano",96000,"SACO(S)","BRASIL"
"675","2022",10,"OFICINA PUESTO DE CONTROL MARITIMO - PROV. CONST. DEL CALLAO","PERA, fruta fresca",22680,"CAJA(S)","ARGENTINA"
"676","2022",10,"PUESTO DE CONTROL TERRESTRE DESAGUADERO","SOYA, torta",29100,"GRANEL","BOLIVIA"
"677","2022",10,"SANTA ROSA, TACNA","MANZANA, fruto fresco",23520,"CAJA(S)","CHILE"
"678","2022",10,"SANTA ROSA, TACNA","MANZANA, fruto fresco",23520,"CAJA(S)","CHILE"
"679","2022",10,"SANTA ROSA, TACNA","MANZANA, fruto fresco",23520,"CAJA(S)","CHILE"
"680","2022",10,"SANTA ROSA, TACNA","MANZANA, fruto fresco",23520,"CAJA(S)","CHILE"
"681","2022",10,"OFICINA PUESTO DE CONTROL MARITIMO - PROV. CONST. DEL CALLAO","PINO, madera aserrada con algún proceso de la CRF2",22639,"PAQUETES","CHILE"
"682","2022",10,"OFICINA PUESTO DE CONTROL MARITIMO - PROV. CONST. DEL CALLAO","ALGODON, fibra sin cardar ni peinar (>22.22 mm = o <28.57 mm)",40982,"FARDOS","EEUU"
"683","2022",10,"SANTA ROSA, TACNA","MANZANA, fruto fresco",23520,"CAJA(S)","CHILE"
"684","2022",10,"PUESTO DE CONTROL TERRESTRE DESAGUADERO","SOYA, torta",58000,"GRANEL","BOLIVIA"
"685","2022",10,"PUESTO DE CONTROL TERRESTRE DESAGUADERO","SOYA, torta",57500,"GRANEL","BOLIVIA"
"686","2022",10,"PUESTO DE CONTROL TERRESTRE DESAGUADERO","SOYA, torta",56500,"GRANEL","BOLIVIA"
"687","2022",10,"PUESTO DE CONTROL TERRESTRE DESAGUADERO","SOYA, torta",57400,"GRANEL","BOLIVIA"
"688","2022",10,"OFICINA PUESTO DE CONTROL MARITIMO - PROV. CONST. DEL CALLAO","Articulos para fiestas de navidad que sean o contengan material vegetal
",4194,"CAJA(S)","CHINA"
"689","2022",10,"OFICINA PUESTO DE CONTROL MARITIMO - PROV. CONST. DEL CALLAO","PERA, fruta fresca",22680,"CAJA(S)","ARGENTINA"
"690","2022",10,"SANTA ROSA, TACNA","MANZANA, fruto fresco",23520,"CAJA(S)","CHILE"
"691","2022",10,"PUERTO DE PAITA , PIURA","YUTE, sacos",14430,"FARDOS","INDIA"
"692","2022",10,"PUERTO DE PAITA , PIURA","YUTE, sacos",14060,"FARDOS","INDIA"
"693","2022",10,"OFICINA PUESTO DE CONTROL MARITIMO - PROV. CONST. DEL CALLAO","ARVEJA, grano partido",180304,"SACO(S)","CANADA"
"694","2022",10,"PUESTO DE CONTROL TERRESTRE DESAGUADERO","SOYA, torta",143160,"SACO(S)","BOLIVIA"
"695","2022",10,"PUESTO DE CONTROL TERRESTRE DESAGUADERO","SOYA, torta",145500,"SACO(S)","BOLIVIA"
"696","2022",10,"PUESTO DE CONTROL TERRESTRE DESAGUADERO","SOYA, torta",177000,"SACO(S)","BOLIVIA"
"697","2022",10,"PUESTO DE CONTROL TERRESTRE DESAGUADERO","SOYA, torta",172000,"SACO(S)","BOLIVIA"
"698","2022",10,"PUESTO DE CONTROL TERRESTRE DESAGUADERO","SOYA, grano",30000,"SACO(S)","BOLIVIA"
"699","2022",10,"SANTA ROSA, TACNA","LENTEJA, grano",74844,"SACO(S)","CANADA"
"700","2022",10,"OFICINA PUESTO DE CONTROL MARITIMO - PROV. CONST. DEL CALLAO","MANZANA, fruto fresco",120785,"CAJA(S)","CHILE"
"701","2022",10,"PUESTO DE CONTROL TERRESTRE DESAGUADERO","SOYA, torta",115000,"SACO(S)","BOLIVIA"
"702","2022",10,"PUESTO DE CONTROL TERRESTRE DESAGUADERO","SOYA, torta",115000,"SACO(S)","BOLIVIA"
"703","2022",10,"PUESTO DE CONTROL TERRESTRE DESAGUADERO","SOYA, torta",115500,"SACO(S)","BOLIVIA"
"704","2022",10,"PUESTO DE CONTROL TERRESTRE DESAGUADERO","SOYA, torta",115000,"SACO(S)","BOLIVIA"
"705","2022",10,"PUESTO DE CONTROL TERRESTRE DESAGUADERO","SOYA, torta",115000,"SACO(S)","BOLIVIA"
"706","2022",10,"PUESTO DE CONTROL TERRESTRE DESAGUADERO","SOYA, torta",115000,"SACO(S)","BOLIVIA"
"707","2022",10,"PUESTO DE CONTROL TERRESTRE DESAGUADERO","SOYA, torta",115000,"SACO(S)","BOLIVIA"
"708","2022",10,"PUESTO DE CONTROL TERRESTRE DESAGUADERO","SOYA, torta",115000,"SACO(S)","BOLIVIA"
"709","2022",10,"PUESTO DE CONTROL TERRESTRE DESAGUADERO","SOYA, torta",114000,"SACO(S)","BOLIVIA"
"710","2022",10,"PUESTO DE CONTROL TERRESTRE DESAGUADERO","SOYA, torta",114000,"SACO(S)","BOLIVIA"
"711","2022",10,"PUESTO DE CONTROL TERRESTRE DESAGUADERO","SOYA, torta",116000,"SACO(S)","BOLIVIA"
"712","2022",10,"PUESTO DE CONTROL TERRESTRE DESAGUADERO","SOYA, torta",174000,"SACO(S)","BOLIVIA"
"713","2022",10,"OFICINA PUESTO DE CONTROL MARITIMO - PROV. CONST. DEL CALLAO","ALGODON, fibra sin cardar ni peinar (>28.57 mm = o <34.92 mm)",233180,"FARDOS","EEUU"
"714","2022",10,"IÑAPARI, MADRE DE DIOS","AZUCAR BLANCA O REFINADA (lectura polarimetrica mayor 99.5°)",96000,"SACO(S)","BRASIL"
"715","2022",10,"OFICINA PUESTO DE CONTROL MARITIMO - PROV. CONST. DEL CALLAO","LUPULO, pellets",5996.16,"PALETAS","ALEMANIA"
"716","2022",10,"OFICINA PUESTO DE CONTROL MARITIMO - PROV. CONST. DEL CALLAO","LUPULO, pellets",280,"PALETAS","ALEMANIA"
"717","2022",10,"PUERTO DE PAITA , PIURA","COCO, fibra (para sustrato)",47990,"PALETAS","SRI LANKA"
"718","2022",10,"PUERTO DE PAITA , PIURA","COCO, fibra (para sustrato)",47060,"PALETAS","SRI LANKA"
"719","2022",10,"PUESTO DE CONTROL TERRESTRE DESAGUADERO","SOYA, torta",116000,"SACO(S)","BOLIVIA"
"720","2022",10,"PUESTO DE CONTROL TERRESTRE DESAGUADERO","SOYA, harina",116000,"SACO(S)","BOLIVIA"
"721","2022",10,"OFICINA PUESTO DE CONTROL MARITIMO - PROV. CONST. DEL CALLAO","TURBA",549630,"FARDOS","ESTONIA"
"722","2022",10,"OFICINA PUESTO DE CONTROL MARITIMO - PROV. CONST. DEL CALLAO","ARVEJA, grano partido",223531,"SACO(S)","EEUU"
"723","2022",10,"OFICINA PUESTO DE CONTROL MARITIMO - PROV. CONST. DEL CALLAO","LOS DEMAS TRACTORES, con motor de potencia superior a 18 kW pero inferior o igual a 37 kW (excepto las carretillas tractor de la partida 87.09), USADOS",2719.859,"UNIDADES","CHINA"
"724","2022",10,"OFICINA PUESTO DE CONTROL MARITIMO - PROV. CONST. DEL CALLAO","LOS DEMAS TRACTORES, con motor de potencia superior a 18 kW pero inferior o igual a 37 kW (excepto las carretillas tractor de la partida 87.09), USADOS",2598.592,"UNIDADES","CHINA"
"725","2022",10,"OFICINA PUESTO DE CONTROL AEREO -  PROV. CONST. DEL CALLAO","CHAMPIÑON COMUN, espora",5.178,"CAJAS DE PLASTICO","BELGICA"
"726","2022",10,"OFICINA PUESTO DE CONTROL AEREO -  PROV. CONST. DEL CALLAO","HONGO comestible, semilla",3.728,"FRASCO(S)","BELGICA"
"727","2022",10,"OFICINA PUESTO DE CONTROL AEREO -  PROV. CONST. DEL CALLAO","HONGO comestible, semilla",17.894,"BOLSAS","BELGICA"
"728","2022",10,"OFICINA PUESTO DE CONTROL MARITIMO - PROV. CONST. DEL CALLAO","CAUCHO, técnicamente especificado (TSNR)",21000,"PAQUETES","COLOMBIA"
"729","2022",10,"OFICINA PUESTO DE CONTROL MARITIMO - PROV. CONST. DEL CALLAO","CAUCHO, técnicamente especificado (TSNR)",20160,"PALETAS","COLOMBIA"
"730","2022",10,"PUESTO DE CONTROL TERRESTRE DESAGUADERO","SOYA, torta",85000,"GRANEL","BOLIVIA"
"731","2022",10,"PUESTO DE CONTROL TERRESTRE DESAGUADERO","SOYA, torta",55510,"GRANEL","BOLIVIA"
"732","2022",10,"PUESTO DE CONTROL TERRESTRE DESAGUADERO","SOYA, torta",140000,"GRANEL","BOLIVIA"
"733","2022",10,"PUESTO DE CONTROL TERRESTRE DESAGUADERO","SOYA, torta",29000,"GRANEL","BOLIVIA"
"734","2022",10,"PUESTO DE CONTROL TERRESTRE DESAGUADERO","SOYA, torta",56200,"GRANEL","BOLIVIA"
"735","2022",10,"OFICINA PUESTO DE CONTROL MARITIMO - PROV. CONST. DEL CALLAO","AVENA, grano trabajado (mondado, perlado, troceado o quebrantado)",24970,"SACO(S)","CHILE"
"736","2022",10,"OFICINA PUESTO DE CONTROL MARITIMO - PROV. CONST. DEL CALLAO","CAUCHO, técnicamente especificado (TSNR)",20160,"FARDOS","GHANA"
"737","2022",10,"OFICINA PUESTO DE CONTROL MARITIMO - PROV. CONST. DEL CALLAO","CAUCHO, técnicamente especificado (TSNR)",40320,"FARDOS","GHANA"
"738","2022",10,"OFICINA PUESTO DE CONTROL MARITIMO - PROV. CONST. DEL CALLAO","MADERA, las demás hojas para chapado,de las demas maderas tropicales",491.509,"PAQUETES","ITALIA"
"739","2022",10,"OFICINA PUESTO DE CONTROL MARITIMO - PROV. CONST. DEL CALLAO","MADERA, láminas para chapado
",93.491,"PAQUETES","ITALIA"
"740","2022",10,"PUESTO DE CONTROL TERRESTRE DESAGUADERO","SOYA, torta",28090,"GRANEL","BOLIVIA"
"741","2022",10,"OFICINA PUESTO DE CONTROL MARITIMO - PROV. CONST. DEL CALLAO","FREJOL CANARIO, grano",43040,"SACO(S)","MEXICO"
"742","2022",10,"OFICINA PUESTO DE CONTROL MARITIMO - PROV. CONST. DEL CALLAO","GARBANZO, grano",72000,"SACO(S)","MEXICO"
"743","2022",10,"PUESTO DE CONTROL TERRESTRE DESAGUADERO","MANI, grano sin cáscara",58000,"SACO(S)","BOLIVIA"
"744","2022",10,"OFICINA PUESTO DE CONTROL MARITIMO - PROV. CONST. DEL CALLAO","FREJOL CANARIO, grano",21460,"SACO(S)","MEXICO"
"745","2022",10,"PUESTO DE CONTROL TERRESTRE DESAGUADERO","SOYA, grano",84500,"GRANEL","BOLIVIA"
"746","2022",10,"OFICINA PUESTO DE CONTROL MARITIMO - PROV. CONST. DEL CALLAO","CAUCHO, técnicamente especificado (TSNR)",40320,"PIEZAS","INDONESIA"
"747","2022",10,"OFICINA PUESTO DE CONTROL MARITIMO - PROV. CONST. DEL CALLAO","CAUCHO, técnicamente especificado (TSNR)",20160,"PIEZAS","INDONESIA"
"748","2022",10,"OFICINA PUESTO DE CONTROL AEREO -  PROV. CONST. DEL CALLAO","LINO, peinado o trabajado de otro modo, pero sin hilar",0.3,"BOLSAS","BELGICA"
"749","2022",10,"OFICINA PUESTO DE CONTROL MARITIMO - PROV. CONST. DEL CALLAO","GARBANZO, grano",68040,"SACO(S)","EEUU"
"750","2022",10,"OFICINA PUESTO DE CONTROL MARITIMO - PROV. CONST. DEL CALLAO","LENTEJA, grano",90584,"SACO(S)","EEUU"
"751","2022",10,"PUESTO DE CONTROL TERRESTRE DESAGUADERO","SOYA, torta",81600,"GRANEL","BOLIVIA"
"752","2022",10,"OFICINA PUESTO DE CONTROL MARITIMO - PROV. CONST. DEL CALLAO","LENTEJA, grano",22680,"SACO(S)","EEUU"
"753","2022",10,"OFICINA PUESTO DE CONTROL AEREO -  PROV. CONST. DEL CALLAO","ZAPALLITO ITALIANO (CALABACIN), semilla",0.288,"SACHETS","HOLANDA"
"754","2022",10,"OFICINA PUESTO DE CONTROL AEREO -  PROV. CONST. DEL CALLAO","ZAPALLO (CALABAZA AMARILLA), semilla",6.665,"SACHETS","HOLANDA"
"755","2022",10,"OFICINA PUESTO DE CONTROL AEREO -  PROV. CONST. DEL CALLAO","CALABAZA MOSCADA, semilla",1.026,"SACHETS","HOLANDA"
"756","2022",10,"OFICINA PUESTO DE CONTROL MARITIMO - PROV. CONST. DEL CALLAO","UVA (PASAS), secas naturalmente",25000,"CAJA(S)","ARGENTINA"
"757","2022",10,"OFICINA PUESTO DE CONTROL MARITIMO - PROV. CONST. DEL CALLAO","UVA (PASAS), secas naturalmente",25000,"CAJA(S)","ARGENTINA"
"758","2022",10,"PUESTO DE CONTROL TERRESTRE DESAGUADERO","SOYA, torta",141968,"SACO(S)","BOLIVIA"
"759","2022",10,"PUESTO DE CONTROL TERRESTRE DESAGUADERO","SOYA, grano",26000,"GRANEL","BOLIVIA"
"760","2022",10,"PUESTO DE CONTROL TERRESTRE DESAGUADERO","SOYA, grano",54980,"GRANEL","BOLIVIA"
"761","2022",10,"PUESTO DE CONTROL TERRESTRE DESAGUADERO","SOYA, grano",56000,"GRANEL","BOLIVIA"
"762","2022",10,"PUESTO DE CONTROL TERRESTRE DESAGUADERO","SOYA, grano",55000,"GRANEL","BOLIVIA"
"763","2022",10,"PUESTO DE CONTROL TERRESTRE DESAGUADERO","SOYA, grano",56000,"GRANEL","BOLIVIA"
"764","2022",10,"PUESTO DE CONTROL TERRESTRE DESAGUADERO","SOYA, torta",115914,"SACO(S)","BOLIVIA"
"765","2022",10,"PUESTO DE CONTROL TERRESTRE DESAGUADERO","SOYA, grano",27990,"GRANEL","BOLIVIA"
"766","2022",10,"PUESTO DE CONTROL TERRESTRE DESAGUADERO","SOYA, grano",50000,"GRANEL","BOLIVIA"
"767","2022",10,"PUESTO DE CONTROL TERRESTRE DESAGUADERO","SOYA, grano",25000,"GRANEL","BOLIVIA"
"768","2022",10,"PUESTO DE CONTROL TERRESTRE DESAGUADERO","SOYA, grano",86000,"GRANEL","BOLIVIA"
"769","2022",10,"PUESTO DE CONTROL TERRESTRE DESAGUADERO","SOYA, grano",171000,"GRANEL","BOLIVIA"
"770","2022",10,"PUESTO DE CONTROL TERRESTRE DESAGUADERO","SOYA, grano",85000,"GRANEL","BOLIVIA"
"771","2022",10,"PUESTO DE CONTROL TERRESTRE DESAGUADERO","SOYA, torta",146000,"SACO(S)","BOLIVIA"
"772","2022",10,"OFICINA PUESTO DE CONTROL MARITIMO - PROV. CONST. DEL CALLAO","LENTEJA, grano",131540,"SACO(S)","CANADA"
"773","2022",10,"OFICINA PUESTO DE CONTROL MARITIMO - PROV. CONST. DEL CALLAO","ARVEJA, grano partido",92988,"SACO(S)","EEUU"
"774","2022",10,"OFICINA PUESTO DE CONTROL MARITIMO - PROV. CONST. DEL CALLAO","LENTEJA, grano",131545,"SACO(S)","CANADA"
"775","2022",10,"PUESTO DE CONTROL TERRESTRE DESAGUADERO","SOYA, torta",84000,"GRANEL","BOLIVIA"
"776","2022",10,"PUESTO DE CONTROL TERRESTRE DESAGUADERO","SOYA, torta",56000,"GRANEL","BOLIVIA"
"777","2022",10,"PUESTO DE CONTROL TERRESTRE DESAGUADERO","SOYA, torta",84000,"GRANEL","BOLIVIA"
"778","2022",10,"PUESTO DE CONTROL TERRESTRE DESAGUADERO","SOYA, torta",25010,"GRANEL","BOLIVIA"
"779","2022",10,"PUESTO DE CONTROL TERRESTRE DESAGUADERO","SOYA, torta",84000,"GRANEL","BOLIVIA"
"780","2022",10,"PUESTO DE CONTROL TERRESTRE DESAGUADERO","SOYA, harina",87000,"SACO(S)","BOLIVIA"
"781","2022",10,"PUESTO DE CONTROL TERRESTRE DESAGUADERO","SOYA, torta",142500,"SACO(S)","BOLIVIA"
"782","2022",10,"PUESTO DE CONTROL TERRESTRE DESAGUADERO","SOYA, torta",55000,"GRANEL","BOLIVIA"
"783","2022",10,"PUESTO DE CONTROL TERRESTRE DESAGUADERO","SOYA, torta",173000,"SACO(S)","BOLIVIA"
"784","2022",10,"PUESTO DE CONTROL TERRESTRE DESAGUADERO","SOYA, torta",55660,"GRANEL","BOLIVIA"
"785","2022",10,"PUESTO DE CONTROL TERRESTRE DESAGUADERO","SOYA, torta",84750,"GRANEL","BOLIVIA"
"786","2022",10,"PUESTO DE CONTROL TERRESTRE DESAGUADERO","SOYA, torta",88000,"GRANEL","BOLIVIA"
"787","2022",10,"PUESTO DE CONTROL TERRESTRE DESAGUADERO","SOYA, torta",145000,"SACO(S)","BOLIVIA"
"788","2022",10,"PUESTO DE CONTROL TERRESTRE DESAGUADERO","SOYA, torta",145000,"SACO(S)","BOLIVIA"
"789","2022",10,"PUERTO DE ILO, MOQUEGUA","MADERA, canillas, carretes, bobinas para la hilatura o el tejido y para hilo de coser y artículos similares con algún tratamiento de la CRF2
",2157.342,"UNIDADES","EEUU"
"790","2022",10,"PUESTO DE CONTROL TERRESTRE DESAGUADERO","SOYA, torta",55500,"GRANEL","BOLIVIA"
"791","2022",10,"PUESTO DE CONTROL TERRESTRE DESAGUADERO","SOYA, torta",55000,"GRANEL","BOLIVIA"
"792","2022",10,"PUESTO DE CONTROL TERRESTRE DESAGUADERO","SOYA, torta",84000,"GRANEL","BOLIVIA"
"793","2022",10,"PUESTO DE CONTROL TERRESTRE DESAGUADERO","SOYA, torta",56000,"GRANEL","BOLIVIA"
"794","2022",10,"PUESTO DE CONTROL TERRESTRE DESAGUADERO","SOYA, harina",25967,"SACO(S)","BOLIVIA"
"795","2022",10,"PUESTO DE CONTROL TERRESTRE DESAGUADERO","SOYA, torta",111500,"GRANEL","BOLIVIA"
"796","2022",10,"PUESTO DE CONTROL TERRESTRE DESAGUADERO","SOYA, harina",49928,"SACO(S)","BOLIVIA"
"797","2022",10,"PUESTO DE CONTROL TERRESTRE DESAGUADERO","SOYA, torta",53980,"GRANEL","BOLIVIA"
"798","2022",10,"PUESTO DE CONTROL TERRESTRE DESAGUADERO","SOYA, torta",56000,"GRANEL","BOLIVIA"
"799","2022",10,"PUESTO DE CONTROL TERRESTRE DESAGUADERO","SOYA, torta",28500,"GRANEL","BOLIVIA"
"800","2022",10,"PUESTO DE CONTROL TERRESTRE DESAGUADERO","SOYA, torta",57210,"GRANEL","BOLIVIA"
"801","2022",10,"PUESTO DE CONTROL TERRESTRE DESAGUADERO","SOYA, torta",56000,"GRANEL","BOLIVIA"
"802","2022",10,"PUESTO DE CONTROL TERRESTRE DESAGUADERO","SOYA, torta",85830,"GRANEL","BOLIVIA"
"803","2022",10,"PUESTO DE CONTROL TERRESTRE DESAGUADERO","SOYA, torta",83580,"GRANEL","BOLIVIA"
"804","2022",10,"PUESTO DE CONTROL TERRESTRE DESAGUADERO","SOYA, torta",55780,"GRANEL","BOLIVIA"
"805","2022",10,"PUESTO DE CONTROL TERRESTRE DESAGUADERO","SOYA, grano",116000,"SACO(S)","BOLIVIA"
"806","2022",10,"PUESTO DE CONTROL TERRESTRE DESAGUADERO","SOYA, torta",145000,"SACO(S)","BOLIVIA"
"807","2022",10,"PUESTO DE CONTROL TERRESTRE DESAGUADERO","SOYA, torta",109780,"SACO(S)","BOLIVIA"
"808","2022",10,"SANTA ROSA, TACNA","TRACTOR USADO, con motor de potencia superior a 33 kW pero inferior o igual a 75 kW",2400,"GRANEL","CHINA"
"809","2022",10,"SANTA ROSA, TACNA","TRACTOR USADO, con motor de potencia superior a 33 kW pero inferior o igual a 75 kW",4930,"BULK BAG","CHINA"
"810","2022",10,"SANTA ROSA, TACNA","TRACTOR USADO, con motor de potencia superior a 33 kW pero inferior o igual a 75 kW",4930,"CAJA(S)","CHINA"
"811","2022",10,"OFICINA PUESTO DE CONTROL MARITIMO - PROV. CONST. DEL CALLAO","CAUCHO, técnicamente especificado (TSNR)",56000,"FARDOS","VIETNAM"
"812","2022",10,"OFICINA PUESTO DE CONTROL MARITIMO - PROV. CONST. DEL CALLAO","LENTEJA, grano",184072,"SACO(S)","CANADA"
"813","2022",10,"OFICINA PUESTO DE CONTROL MARITIMO - PROV. CONST. DEL CALLAO","TRACTOR USADO, con motor de potencia superior a 130KW",18010,"UNIDADES","EEUU"
"814","2022",10,"OFICINA PUESTO DE CONTROL MARITIMO - PROV. CONST. DEL CALLAO","UVA (PASAS), secas naturalmente",24500,"CAJA(S)","ARGENTINA"
"815","2022",10,"OFICINA PUESTO DE CONTROL MARITIMO - PROV. CONST. DEL CALLAO","UVA (PASAS), secas naturalmente",49000,"CAJA(S)","ARGENTINA"
"816","2022",10,"OFICINA PUESTO DE CONTROL MARITIMO - PROV. CONST. DEL CALLAO","Articulos para fiestas de navidad que sean o contengan material vegetal
",33.286,"UNIDADES","EL SALVADOR"
"817","2022",10,"OFICINA PUESTO DE CONTROL MARITIMO - PROV. CONST. DEL CALLAO","LILIUM (=AZUCENA), bulbo",19950,"JABAS","HOLANDA"
"818","2022",10,"PUESTO DE CONTROL TERRESTRE DESAGUADERO","CHIA, grano",25000,"BOLSAS","PARAGUAY"
"819","2022",10,"SANTA ROSA, TACNA","PERA, fruta fresca",9288,"CAJA(S)","CHILE"
"820","2022",10,"SANTA ROSA, TACNA","KIWI, fruto fresco",13020,"CAJA(S)","CHILE"
"821","2022",10,"OFICINA PUESTO DE CONTROL MARITIMO - PROV. CONST. DEL CALLAO","LENTEJA, grano",131495,"SACO(S)","CANADA"
"822","2022",10,"PUERTO DE PAITA , PIURA","LENTEJA, grano",52570,"SACO(S)","CANADA"
"823","2022",10,"PUESTO DE CONTROL TERRESTRE DESAGUADERO","SOYA, grano",84000,"GRANEL","BOLIVIA"
"824","2022",10,"IÑAPARI, MADRE DE DIOS","MAIZ AMARILLO DURO, grano",48000,"GRANEL","BRASIL"
"825","2022",10,"IÑAPARI, MADRE DE DIOS","MAIZ AMARILLO DURO, grano",38000,"GRANEL","BRASIL"
"826","2022",10,"PUESTO DE CONTROL TERRESTRE DESAGUADERO","SOYA, torta",56170,"GRANEL","BOLIVIA"
"827","2022",10,"IÑAPARI, MADRE DE DIOS","MAIZ AMARILLO DURO, grano",48000,"GRANEL","BRASIL"
"828","2022",10,"OFICINA PUESTO DE CONTROL MARITIMO - PROV. CONST. DEL CALLAO","TRIGO, gluten",20000,"BOLSAS","HOLANDA"
"829","2022",10,"OFICINA PUESTO DE CONTROL MARITIMO - PROV. CONST. DEL CALLAO","TRIGO, gluten",20000,"BOLSAS","HOLANDA"
"830","2022",10,"OFICINA PUESTO DE CONTROL MARITIMO - PROV. CONST. DEL CALLAO","TURBA",26620,"BIG BAG","LETONIA"
"831","2022",10,"OFICINA PUESTO DE CONTROL MARITIMO - PROV. CONST. DEL CALLAO","PINO, madera aserrada con algún proceso de la CRF2",238540,"PAQUETES","CHILE"
"832","2022",10,"OFICINA PUESTO DE CONTROL MARITIMO - PROV. CONST. DEL CALLAO","LENTEJA, grano",52571,"BOLSAS","CANADA"
"833","2022",10,"OFICINA PUESTO DE CONTROL MARITIMO - PROV. CONST. DEL CALLAO","MANZANA, fruto fresco",20580,"CAJA(S)","CHILE"
"834","2022",10,"SANTA ROSA, TACNA","TRACTOR USADO, con motor de potencia superior a 33 kW pero inferior o igual a 75 kW",3600,"UNIDADES","CHILE"
"835","2022",10,"SANTA ROSA, TACNA","TRACTOR USADO, con motor de potencia superior a 33 kW pero inferior o igual a 75 kW",3400,"UNIDADES","CHILE"
"836","2022",10,"OFICINA PUESTO DE CONTROL AEREO -  PROV. CONST. DEL CALLAO","COL, semilla",9,"LATAS","JAPON"
"837","2022",10,"OFICINA PUESTO DE CONTROL AEREO -  PROV. CONST. DEL CALLAO","COLIFLOR, semilla",34.2,"LATAS","JAPON"
"838","2022",10,"OFICINA PUESTO DE CONTROL AEREO -  PROV. CONST. DEL CALLAO","LECHUGA, semilla",2,"LATAS","JAPON"
"839","2022",10,"OFICINA PUESTO DE CONTROL MARITIMO - PROV. CONST. DEL CALLAO","MAIZ REVENTON, grano",76200,"SACO(S)","ARGENTINA"
"840","2022",10,"SANTA ROSA, TACNA","KIWI, fruto fresco",12096,"CAJA(S)","CHILE"
"841","2022",10,"SANTA ROSA, TACNA","MANZANA, fruto fresco",11172,"CAJA(S)","CHILE"
"842","2022",10,"SANTA ROSA, TACNA","MANZANA, fruto fresco",22344,"CAJA(S)","CHILE"
"843","2022",10,"OFICINA PUESTO DE CONTROL MARITIMO - PROV. CONST. DEL CALLAO","AZUCAR BLANCA O REFINADA (lectura polarimetrica mayor 99.5°)",212000,"SACO(S)","GUATEMALA"
"844","2022",10,"OFICINA PUESTO DE CONTROL AEREO -  PROV. CONST. DEL CALLAO","CLAVEL, esqueje",149.8,"CAJA(S)","COLOMBIA"
"845","2022",10,"PUESTO DE CONTROL- CEBAF","ROSA, flores frescas cortadas",3960,"CAJA(S)","ECUADOR"
"846","2022",10,"PUESTO DE CONTROL- CEBAF","CLAVEL, flores frescas cortadas",188,"CAJA(S)","ECUADOR"
"847","2022",10,"OFICINA PUESTO DE CONTROL AEREO -  PROV. CONST. DEL CALLAO","ARANDANO, planta",2168,"CAJA(S)","CHILE"
"848","2022",10,"PUESTO DE CONTROL- CEBAF","CAÑA DE GUAYAQUIL, seca al natural",32000,"UNIDADES","ECUADOR"
"849","2022",10,"PUESTO DE CONTROL TERRESTRE DESAGUADERO","MANI, grano sin cáscara",29000,"SACO(S)","BOLIVIA"
"850","2022",10,"PUESTO DE CONTROL TERRESTRE DESAGUADERO","MANI, grano sin cáscara",58000,"SACO(S)","BOLIVIA"
"851","2022",10,"OFICINA PUESTO DE CONTROL MARITIMO - PROV. CONST. DEL CALLAO","MAIZ, harina",81600,"FARDOS","VENEZUELA"
"852","2022",10,"OFICINA PUESTO DE CONTROL MARITIMO - PROV. CONST. DEL CALLAO","ARROZ, parbolizado pulido o sin cáscara",130000,"SACO(S)","BRASIL"
"853","2022",10,"OFICINA PUESTO DE CONTROL MARITIMO - PROV. CONST. DEL CALLAO","ARROZ, parbolizado pulido o sin cáscara",130000,"SACO(S)","BRASIL"
"854","2022",10,"OFICINA PUESTO DE CONTROL MARITIMO - PROV. CONST. DEL CALLAO","ARROZ, parbolizado pulido o sin cáscara",130000,"SACO(S)","BRASIL"
"855","2022",10,"OFICINA PUESTO DE CONTROL MARITIMO - PROV. CONST. DEL CALLAO","PAPA, fécula",220000,"BIG BAG","ALEMANIA"
"856","2022",10,"SANTA ROSA, TACNA","SALVADOS, moyuelos y demas residuos del cernido, de la molienda o de otros tratamientos del trigo",84000,"SACO(S)","CHILE"
"857","2022",10,"SANTA ROSA, TACNA","TRIGO, afrecho seco industrial",84000,"SACO(S)","CHILE"
"858","2022",10,"OFICINA PUESTO DE CONTROL MARITIMO - PROV. CONST. DEL CALLAO","UVA (PASAS), secas naturalmente",20000,"CAJA(S)","ARGENTINA"
"859","2022",10,"OFICINA PUESTO DE CONTROL AEREO -  PROV. CONST. DEL CALLAO","PALMA ACEITERA, semilla germinada",306,"CAJA(S)","INDONESIA"
"860","2022",10,"PUESTO DE CONTROL TERRESTRE DESAGUADERO","SOYA, torta",84480,"GRANEL","BOLIVIA"
"861","2022",10,"PUESTO DE CONTROL TERRESTRE DESAGUADERO","SOYA, torta",28660,"GRANEL","BOLIVIA"
"862","2022",10,"OFICINA PUESTO DE CONTROL MARITIMO - PROV. CONST. DEL CALLAO","LAS DEMAS, especias con algún proceso de la CRF 2",2000,"SACO(S)","ESPAÑA"
"863","2022",10,"OFICINA PUESTO DE CONTROL MARITIMO - PROV. CONST. DEL CALLAO","AZUCAR CRUDA, sólido",150000,"SACO(S)","NICARAGUA"
"864","2022",10,"OFICINA PUESTO DE CONTROL MARITIMO - PROV. CONST. DEL CALLAO","ALFALFA, semilla",36000,"BOLSAS","CHILE"
"865","2022",10,"PUESTO DE CONTROL TERRESTRE DESAGUADERO","AZUCAR BLANCA O REFINADA (lectura polarimetrica mayor 99.5°)",116000,"SACO(S)","BOLIVIA"
"866","2022",10,"OFICINA PUESTO DE CONTROL AEREO -  PROV. CONST. DEL CALLAO","CANELA, corteza entera seca al natural",0.2,"PAQUETES","SRI LANKA"
"867","2022",10,"OFICINA PUESTO DE CONTROL AEREO -  PROV. CONST. DEL CALLAO","CANELA, corteza entera seca al natural",0.1,"BOLSAS","SRI LANKA"
"868","2022",10,"PUESTO DE CONTROL TERRESTRE DESAGUADERO","SOYA, torta",146500,"SACO(S)","BOLIVIA"
"869","2022",10,"OFICINA PUESTO DE CONTROL MARITIMO - PROV. CONST. DEL CALLAO","AZUCAR CRUDA, sólido",125000,"SACO(S)","NICARAGUA"
"870","2022",10,"OFICINA PUESTO DE CONTROL MARITIMO - PROV. CONST. DEL CALLAO","PEREJIL, deshidratado",1000,"SACO(S)","ESPAÑA"
"871","2022",10,"OFICINA PUESTO DE CONTROL MARITIMO - PROV. CONST. DEL CALLAO","UVA (PASAS), secas naturalmente",60000,"CAJA(S)","TURQUIA"
"872","2022",10,"OFICINA PUESTO DE CONTROL MARITIMO - PROV. CONST. DEL CALLAO","UVA (PASAS), secas naturalmente",19200,"CAJA(S)","ARGENTINA"
"873","2022",10,"OFICINA PUESTO DE CONTROL MARITIMO - PROV. CONST. DEL CALLAO","PINO, madera aserrada con algún proceso de la CRF2",57570,"PAQUETES","CHILE"
"874","2022",10,"PUESTO DE CONTROL TERRESTRE DESAGUADERO","SOYA, grano",56000,"GRANEL","BOLIVIA"
"875","2022",10,"PUESTO DE CONTROL TERRESTRE DESAGUADERO","SOYA, torta",113000,"SACO(S)","BOLIVIA"
"876","2022",10,"PUESTO DE CONTROL TERRESTRE DESAGUADERO","SOYA, torta",87000,"SACO(S)","BOLIVIA"
"877","2022",10,"PUESTO DE CONTROL TERRESTRE DESAGUADERO","AZUCAR BLANCA O REFINADA (lectura polarimetrica mayor 99.5°)",87000,"SACO(S)","BOLIVIA"
"878","2022",10,"PUESTO DE CONTROL TERRESTRE DESAGUADERO","SOYA, torta",116000,"SACO(S)","BOLIVIA"
"879","2022",10,"OFICINA PUESTO DE CONTROL MARITIMO - PROV. CONST. DEL CALLAO","MADERA, monturas y mangos de herramientas, monturas y mangos de cepillos, brochas o escobas, de madera; hormas, ensanchadores y tensores del calzado, de madera ; con algún proceso de la CRF 2",27492,"BOLSAS","CHINA"
"880","2022",10,"OFICINA PUESTO DE CONTROL AEREO -  PROV. CONST. DEL CALLAO","MELON, semilla",17.97,"SACHETS","ISRAEL"
"881","2022",10,"OFICINA PUESTO DE CONTROL MARITIMO - PROV. CONST. DEL CALLAO","CURRY, secas industrial o trituradas o molidas",5000,"SACO(S)","INDIA"
"882","2022",10,"PUESTO DE CONTROL TERRESTRE DESAGUADERO","SOYA, torta",87000,"GRANEL","BOLIVIA"
"883","2022",10,"PUESTO DE CONTROL TERRESTRE DESAGUADERO","SOYA, torta",114000,"SACO(S)","BOLIVIA"
"884","2022",10,"PUESTO DE CONTROL TERRESTRE DESAGUADERO","SOYA, torta",113500,"SACO(S)","BOLIVIA"
"885","2022",10,"PUESTO DE CONTROL TERRESTRE DESAGUADERO","SOYA, torta",114000,"SACO(S)","BOLIVIA"
"886","2022",10,"PUESTO DE CONTROL TERRESTRE DESAGUADERO","SOYA, torta",114000,"SACO(S)","BOLIVIA"
"887","2022",10,"PUESTO DE CONTROL TERRESTRE DESAGUADERO","SOYA, torta",232500,"SACO(S)","BOLIVIA"
"888","2022",10,"PUESTO DE CONTROL TERRESTRE DESAGUADERO","SOYA, torta",55510,"GRANEL","BOLIVIA"
"889","2022",10,"PUESTO DE CONTROL TERRESTRE DESAGUADERO","SOYA, torta",48500,"GRANEL","BOLIVIA"
"890","2022",10,"PUESTO DE CONTROL TERRESTRE DESAGUADERO","SOYA, torta",26070,"GRANEL","BOLIVIA"
"891","2022",10,"PUESTO DE CONTROL TERRESTRE DESAGUADERO","SOYA, torta",25648,"SACO(S)","BOLIVIA"
"892","2022",10,"PUESTO DE CONTROL TERRESTRE DESAGUADERO","SOYA, torta",125000,"GRANEL","BOLIVIA"
"893","2022",10,"PUESTO DE CONTROL TERRESTRE DESAGUADERO","SOYA, torta",86500,"GRANEL","BOLIVIA"
"894","2022",10,"PUESTO DE CONTROL TERRESTRE DESAGUADERO","SOYA, torta",86000,"GRANEL","BOLIVIA"
"895","2022",10,"PUESTO DE CONTROL TERRESTRE DESAGUADERO","SOYA, torta",55500,"GRANEL","BOLIVIA"
"896","2022",10,"PUESTO DE CONTROL TERRESTRE DESAGUADERO","SOYA, torta",143015,"SACO(S)","BOLIVIA"
"897","2022",10,"PUESTO DE CONTROL TERRESTRE DESAGUADERO","SOYA, torta",56270,"GRANEL","BOLIVIA"
"898","2022",10,"PUESTO DE CONTROL TERRESTRE DESAGUADERO","SOYA, torta",28000,"GRANEL","BOLIVIA"
"899","2022",10,"PUESTO DE CONTROL TERRESTRE DESAGUADERO","SOYA, torta",49950,"GRANEL","BOLIVIA"
"900","2022",10,"PUESTO DE CONTROL TERRESTRE DESAGUADERO","SOYA, torta",28000,"GRANEL","BOLIVIA"
"901","2022",10,"PUESTO DE CONTROL TERRESTRE DESAGUADERO","SOYA, torta",28900,"GRANEL","BOLIVIA"
"902","2022",10,"PUESTO DE CONTROL TERRESTRE DESAGUADERO","SOYA, torta",50000,"GRANEL","BOLIVIA"
"903","2022",10,"PUESTO DE CONTROL TERRESTRE DESAGUADERO","SOYA, torta",86907,"SACO(S)","BOLIVIA"
"904","2022",10,"PUESTO DE CONTROL TERRESTRE DESAGUADERO","SOYA, torta",58154,"SACO(S)","BOLIVIA"
"905","2022",10,"PUESTO DE CONTROL TERRESTRE DESAGUADERO","SOYA, torta",82260,"GRANEL","BOLIVIA"
"906","2022",10,"PUESTO DE CONTROL TERRESTRE DESAGUADERO","SOYA, torta",24970,"GRANEL","BOLIVIA"
"907","2022",10,"OFICINA PUESTO DE CONTROL AEREO -  PROV. CONST. DEL CALLAO","MELON, semilla",0.067,"SACHETS","HOLANDA"
"908","2022",10,"OFICINA PUESTO DE CONTROL MARITIMO - PROV. CONST. DEL CALLAO","PINO, madera aserrada con algún proceso de la CRF2",67380,"PAQUETES","CHILE"
"909","2022",10,"PUESTO DE CONTROL- CEBAF","PAJA MACORA, seca al natural",2200,"FARDOS","ECUADOR"
"910","2022",10,"OFICINA PUESTO DE CONTROL MARITIMO - PROV. CONST. DEL CALLAO","AZUCAR BLANCA O REFINADA (lectura polarimetrica mayor 99.5°)",265000,"SACO(S)","COLOMBIA"
"911","2022",10,"OFICINA PUESTO DE CONTROL MARITIMO - PROV. CONST. DEL CALLAO","AZUCAR BLANCA O REFINADA (lectura polarimetrica mayor 99.5°)",264860,"SACO(S)","COLOMBIA"
"912","2022",10,"PUESTO DE CONTROL TERRESTRE DESAGUADERO","SOYA, torta",115000,"SACO(S)","BOLIVIA"
"913","2022",10,"PUESTO DE CONTROL TERRESTRE DESAGUADERO","SOYA, torta",145000,"SACO(S)","BOLIVIA"
"914","2022",10,"IÑAPARI, MADRE DE DIOS","MAIZ AMARILLO DURO, grano",96000,"SACO(S)","BRASIL"
"915","2022",10,"PUESTO DE CONTROL TERRESTRE DESAGUADERO","SOYA, harina",145000,"SACO(S)","BOLIVIA"
"916","2022",10,"OFICINA PUESTO DE CONTROL MARITIMO - PROV. CONST. DEL CALLAO","Articulos de cesteria (canastos, cestos u otros), con algun proceso de la CRF2",252,"CAJA(S)","CHINA"
"917","2022",10,"OFICINA PUESTO DE CONTROL MARITIMO - PROV. CONST. DEL CALLAO","AVENA, grano trabajado (mondado, perlado, troceado o quebrantado)",46000,"SACO(S)","CHILE"
"918","2022",10,"OFICINA PUESTO DE CONTROL MARITIMO - PROV. CONST. DEL CALLAO","MADERA, monturas y mangos de herramientas, monturas y mangos de cepillos, brochas o escobas, de madera; hormas, ensanchadores y tensores del calzado, de madera ; con algún proceso de la CRF 2",24937.5,"BOLSAS","CHINA"
"919","2022",10,"OFICINA PUESTO DE CONTROL MARITIMO - PROV. CONST. DEL CALLAO","CANELA, corteza entera seca al natural",14560,"CAJA(S)","SRI LANKA"
"920","2022",10,"PUESTO DE CONTROL TERRESTRE DESAGUADERO","MAIZ, semilla",18351.1,"BOLSAS","BOLIVIA"
"921","2022",10,"OFICINA PUESTO DE CONTROL MARITIMO - PROV. CONST. DEL CALLAO","TURBA",260397.4,"BIG BAG","LETONIA"
"922","2022",10,"OFICINA PUESTO DE CONTROL MARITIMO - PROV. CONST. DEL CALLAO","AVENA, grano trabajado (mondado, perlado, troceado o quebrantado)",144000,"SACO(S)","CHILE"
"923","2022",10,"PUESTO DE CONTROL TERRESTRE DESAGUADERO","SOYA, torta",145000,"SACO(S)","BOLIVIA"
"924","2022",10,"PUERTO DE PAITA , PIURA","ARANDANO, fruto fresco",15667.2,"CAJA(S)","EEUU"
"925","2022",10,"PUESTO DE CONTROL TERRESTRE DESAGUADERO","SOYA, torta",116000,"SACO(S)","BOLIVIA"
"926","2022",10,"OFICINA PUESTO DE CONTROL MARITIMO - PROV. CONST. DEL CALLAO","PAPA, fécula",20000,"SACO(S)","ALEMANIA"
"927","2022",10,"PUESTO DE CONTROL TERRESTRE DESAGUADERO","SOYA, torta",137700,"GRANEL","BOLIVIA"
"928","2022",10,"PUESTO DE CONTROL TERRESTRE DESAGUADERO","SOYA, torta",138410,"GRANEL","BOLIVIA"
"929","2022",10,"PUESTO DE CONTROL TERRESTRE DESAGUADERO","SOYA, torta",85890,"GRANEL","BOLIVIA"
"930","2022",10,"PUESTO DE CONTROL TERRESTRE DESAGUADERO","SOYA, torta",59000,"GRANEL","BOLIVIA"
"931","2022",10,"PUESTO DE CONTROL TERRESTRE DESAGUADERO","SOYA, torta",56000,"GRANEL","BOLIVIA"
"932","2022",10,"PUESTO DE CONTROL TERRESTRE DESAGUADERO","SOYA, torta",54000,"GRANEL","BOLIVIA"
"933","2022",10,"PUESTO DE CONTROL TERRESTRE DESAGUADERO","SOYA, torta",28074,"SACO(S)","BOLIVIA"
"934","2022",10,"OFICINA PUESTO DE CONTROL MARITIMO - PROV. CONST. DEL CALLAO","PAPA, fécula",139900,"SACO(S)","ALEMANIA"
"935","2022",10,"OFICINA PUESTO DE CONTROL MARITIMO - PROV. CONST. DEL CALLAO","COCO, rallado seco industrial",20,"CAJA(S)","BELGICA"
"936","2022",10,"OFICINA PUESTO DE CONTROL MARITIMO - PROV. CONST. DEL CALLAO","DATIL, seco industrial",250,"CAJA(S)","BELGICA"
"937","2022",10,"OFICINA PUESTO DE CONTROL MARITIMO - PROV. CONST. DEL CALLAO","GOJI, fruta seca industrial",40,"CAJA(S)","BELGICA"
"938","2022",10,"OFICINA PUESTO DE CONTROL MARITIMO - PROV. CONST. DEL CALLAO","AVENA, grano aplastado o en copos (hojuelas)",1100,"BOLSAS","BELGICA"
"939","2022",10,"OFICINA PUESTO DE CONTROL MARITIMO - PROV. CONST. DEL CALLAO","TRIGO, grano trabajado (mondado, perlado, troceado o quebrantado)",50,"SACO(S)","BELGICA"
"940","2022",10,"SANTA ROSA, TACNA","LENTEJA, grano",26082,"SACO(S)","CANADA"
"941","2022",10,"PUESTO DE CONTROL TERRESTRE DESAGUADERO","AZUCAR BLANCA O REFINADA (lectura polarimetrica mayor 99.5°)",57000,"SACO(S)","BOLIVIA"
"942","2022",10,"PUESTO DE CONTROL- CEBAF","ROSA, flores frescas cortadas",6100,"CAJA(S)","ECUADOR"
"943","2022",10,"PUESTO DE CONTROL- CEBAF","CLAVEL, flores frescas cortadas",1900,"CAJA(S)","ECUADOR"
"944","2022",10,"OFICINA PUESTO DE CONTROL MARITIMO - PROV. CONST. DEL CALLAO","Articulos para fiestas de navidad que sean o contengan material vegetal
",377.806,"PIEZAS","CHINA"
"945","2022",10,"OFICINA PUESTO DE CONTROL MARITIMO - PROV. CONST. DEL CALLAO","Articulos para fiestas de navidad que sean o contengan material vegetal
",730.153,"UNIDADES","CHINA"
"946","2022",10,"OFICINA PUESTO DE CONTROL MARITIMO - PROV. CONST. DEL CALLAO","Articulos para fiestas de navidad que sean o contengan material vegetal
",50.549,"PAQUETES","CHINA"
"947","2022",10,"OFICINA PUESTO DE CONTROL AEREO -  PROV. CONST. DEL CALLAO","CHAMPIÑON COMUN, espora",5.178,"CAJAS DE PLASTICO","BELGICA"
"948","2022",10,"OFICINA PUESTO DE CONTROL MARITIMO - PROV. CONST. DEL CALLAO","PALTA, congelado",24000,"CAJA(S)","ISRAEL"
"949","2022",10,"PUESTO DE CONTROL TERRESTRE DESAGUADERO","SOYA, torta",171760,"SACO(S)","BOLIVIA"
"950","2022",10,"OFICINA PUESTO DE CONTROL MARITIMO - PROV. CONST. DEL CALLAO","PAPA, fécula",120000,"BOLSAS","ALEMANIA"
"951","2022",10,"OFICINA PUESTO DE CONTROL MARITIMO - PROV. CONST. DEL CALLAO","PAPA, fécula",119925,"BOLSAS","ALEMANIA"
"952","2022",10,"OFICINA PUESTO DE CONTROL MARITIMO - PROV. CONST. DEL CALLAO","PAPA, fécula",119925,"BOLSAS","ALEMANIA"
"953","2022",10,"OFICINA PUESTO DE CONTROL MARITIMO - PROV. CONST. DEL CALLAO","MAIZ, harina",990,"CAJA(S)","COLOMBIA"
"954","2022",10,"OFICINA PUESTO DE CONTROL MARITIMO - PROV. CONST. DEL CALLAO","MAIZ, harina",62600,"PAQUETES","COLOMBIA"
"955","2022",10,"OFICINA PUESTO DE CONTROL MARITIMO - PROV. CONST. DEL CALLAO","ARROZ, grano pilado",775000,"GRANEL","URUGUAY"
"956","2022",10,"PUESTO DE CONTROL TERRESTRE DESAGUADERO","SOYA, harina",112000,"SACO(S)","BOLIVIA"
"957","2022",10,"OFICINA PUESTO DE CONTROL MARITIMO - PROV. CONST. DEL CALLAO","UVA (PASAS), secas industrialmente",25000,"CAJA(S)","ARGENTINA"
"958","2022",10,"OFICINA PUESTO DE CONTROL MARITIMO - PROV. CONST. DEL CALLAO","PINO, madera aserrada con tratamiento de secado al horno o impregnación de sales",46900.14,"PALETAS","BRASIL"
"959","2022",10,"OFICINA PUESTO DE CONTROL MARITIMO - PROV. CONST. DEL CALLAO","GIRASOL, grano",116260,"SACO(S)","ARGENTINA"
"960","2022",10,"OFICINA PUESTO DE CONTROL MARITIMO - PROV. CONST. DEL CALLAO","AJONJOLI, grano",21000,"SACO(S)","INDIA"
"961","2022",10,"OFICINA PUESTO DE CONTROL MARITIMO - PROV. CONST. DEL CALLAO","CANELA, corteza entera seca al natural",15120,"CAJA(S)","SRI LANKA"
"962","2022",10,"OFICINA PUESTO DE CONTROL MARITIMO - PROV. CONST. DEL CALLAO","MACA, harina, polvo",460,"CAJA(S)","PERU"
"963","2022",10,"OFICINA PUESTO DE CONTROL MARITIMO - PROV. CONST. DEL CALLAO","LUCUMA, harina",920,"BOLSAS","PERU"
"964","2022",10,"OFICINA PUESTO DE CONTROL MARITIMO - PROV. CONST. DEL CALLAO","MADERA, monturas y mangos de herramientas, monturas y mangos de cepillos, brochas o escobas, de madera; hormas, ensanchadores y tensores del calzado, de madera ; con algún proceso de la CRF 2",28139.6,"UNIDADES","CHINA"
"965","2022",10,"SANTA ROSA, TACNA","CAMOTE, fresco",24500,"SACO(S)","CHILE"
"966","2022",10,"PUESTO DE CONTROL TERRESTRE DESAGUADERO","SOYA, harina",105000,"SACO(S)","BOLIVIA"
"967","2022",10,"OFICINA PUESTO DE CONTROL MARITIMO - PROV. CONST. DEL CALLAO","MADERA, láminas para chapado
",7500,"CAJA(S)","CHINA"
"968","2022",10,"PUESTO DE CONTROL TERRESTRE DESAGUADERO","SOYA, torta",116000,"SACO(S)","BOLIVIA"
"969","2022",10,"OFICINA PUESTO DE CONTROL MARITIMO - PROV. CONST. DEL CALLAO","MAIZ REVENTON, grano",124740,"BOLSAS","EEUU"
"970","2022",10,"OFICINA PUESTO DE CONTROL AEREO -  PROV. CONST. DEL CALLAO","BERENJENA, semilla",0.281,"SACHETS","HOLANDA"
"971","2022",10,"OFICINA PUESTO DE CONTROL AEREO -  PROV. CONST. DEL CALLAO","TOMATE, semilla",0.028,"SACHETS","ITALIA"
"972","2022",10,"OFICINA PUESTO DE CONTROL AEREO -  PROV. CONST. DEL CALLAO","TOMATE, semilla",0.0152,"SACHETS","ITALIA"
"973","2022",10,"OFICINA PUESTO DE CONTROL AEREO -  PROV. CONST. DEL CALLAO","MELON, semilla",0.417,"SACHETS","JAPON"
"974","2022",10,"OFICINA PUESTO DE CONTROL AEREO -  PROV. CONST. DEL CALLAO","SANDIA, semilla",0.541,"SACHETS","JAPON"
"975","2022",10,"OFICINA PUESTO DE CONTROL AEREO -  PROV. CONST. DEL CALLAO","SANDIA, semilla",0.4959,"SACHETS","EEUU"
"976","2022",10,"OFICINA PUESTO DE CONTROL MARITIMO - PROV. CONST. DEL CALLAO","AZUCAR BLANCA O REFINADA (lectura polarimetrica mayor 99.5°)",318000,"SACO(S)","COLOMBIA"
"977","2022",10,"OFICINA PUESTO DE CONTROL MARITIMO - PROV. CONST. DEL CALLAO","AZUCAR CRUDA, sólido",250000,"SACO(S)","GUATEMALA"
"978","2022",10,"PUESTO DE CONTROL TERRESTRE DESAGUADERO","SOYA, grano",22000,"GRANEL","BOLIVIA"
"979","2022",10,"PUESTO DE CONTROL TERRESTRE DESAGUADERO","SOYA, grano",55000,"GRANEL","BOLIVIA"
"980","2022",10,"PUESTO DE CONTROL TERRESTRE DESAGUADERO","SOYA, grano",84000,"GRANEL","BOLIVIA"
"981","2022",10,"PUESTO DE CONTROL TERRESTRE DESAGUADERO","SOYA, grano",56000,"GRANEL","BOLIVIA"
"982","2022",10,"OFICINA PUESTO DE CONTROL AEREO -  PROV. CONST. DEL CALLAO","COCO, rallado seco industrial",100,"CAJA(S)","CANADA"
"983","2022",10,"OFICINA PUESTO DE CONTROL AEREO -  PROV. CONST. DEL CALLAO","ALMENDRA, sin cáscara, secado industrial",40.073,"CAJA(S)","CANADA"
"984","2022",10,"OFICINA PUESTO DE CONTROL AEREO -  PROV. CONST. DEL CALLAO","MAIZ, semilla",37.56,"SOBRES","FRANCIA"
"985","2022",10,"PUESTO DE CONTROL TERRESTRE DESAGUADERO","SOYA, torta",115760,"GRANEL","BOLIVIA"
"986","2022",10,"PUESTO DE CONTROL TERRESTRE DESAGUADERO","SOYA, torta",112000,"GRANEL","BOLIVIA"
"987","2022",10,"PUESTO DE CONTROL TERRESTRE DESAGUADERO","SOYA, torta",28130,"GRANEL","BOLIVIA"
"988","2022",10,"PUESTO DE CONTROL TERRESTRE DESAGUADERO","SOYA, torta",56228,"SACO(S)","BOLIVIA"
"989","2022",10,"PUESTO DE CONTROL- CEBAF","CAÑA DE GUAYAQUIL, seca al natural",30000,"UNIDADES","ECUADOR"
"990","2022",10,"PUESTO DE CONTROL- CEBAF","CAÑA DE GUAYAQUIL, seca al natural",34000,"UNIDADES","ECUADOR"
"991","2022",10,"PUESTO DE CONTROL- CEBAF","Las demás coniferas, las demas maderas aserradas o desbastadas longitudinalmente, cortada o desenrollada, incluso cepillada,lijada o unida por lo extremos, de espesor superior a 6 mm, con algun tratamiento de la CRF 2",28620,"PALETAS","ECUADOR"
"992","2022",10,"PUESTO DE CONTROL TERRESTRE DESAGUADERO","SOYA, torta",116000,"SACO(S)","BOLIVIA"
"993","2022",10,"PUESTO DE CONTROL TERRESTRE DESAGUADERO","SOYA, torta",84500,"GRANEL","BOLIVIA"
"994","2022",10,"PUESTO DE CONTROL TERRESTRE DESAGUADERO","SOYA, torta",50000,"GRANEL","BOLIVIA"
"995","2022",10,"PUESTO DE CONTROL TERRESTRE DESAGUADERO","SOYA, torta",56000,"GRANEL","BOLIVIA"
"996","2022",10,"PUESTO DE CONTROL TERRESTRE DESAGUADERO","SOYA, torta",84000,"GRANEL","BOLIVIA"
"997","2022",10,"PUESTO DE CONTROL TERRESTRE DESAGUADERO","SOYA, torta",145000,"SACO(S)","BOLIVIA"
"998","2022",10,"PUESTO DE CONTROL TERRESTRE DESAGUADERO","SOYA, torta",53930,"GRANEL","BOLIVIA"
"999","2022",10,"OFICINA PUESTO DE CONTROL MARITIMO - PROV. CONST. DEL CALLAO","AZUCAR CRUDA, sólido",250000,"SACO(S)","NICARAGUA"
"1000","2022",10,"PUESTO DE CONTROL TERRESTRE DESAGUADERO","SOYA, torta",82160,"GRANEL","BOLIVIA"
"1001","2022",10,"PUESTO DE CONTROL TERRESTRE DESAGUADERO","SOYA, torta",84840,"GRANEL","BOLIVIA"
"1002","2022",10,"PUESTO DE CONTROL TERRESTRE DESAGUADERO","SOYA, torta",100036,"SACO(S)","BOLIVIA"
"1003","2022",10,"PUESTO DE CONTROL TERRESTRE DESAGUADERO","SOYA, torta",28190,"GRANEL","BOLIVIA"
"1004","2022",10,"PUESTO DE CONTROL TERRESTRE DESAGUADERO","SOYA, torta",56000,"GRANEL","BOLIVIA"
"1005","2022",10,"PUESTO DE CONTROL TERRESTRE DESAGUADERO","SOYA, torta",50058,"SACO(S)","BOLIVIA"
"1006","2022",10,"PUESTO DE CONTROL TERRESTRE DESAGUADERO","SOYA, torta",27560,"GRANEL","BOLIVIA"
"1007","2022",10,"PUESTO DE CONTROL TERRESTRE DESAGUADERO","SOYA, torta",28084,"SACO(S)","BOLIVIA"
"1008","2022",10,"PUESTO DE CONTROL TERRESTRE DESAGUADERO","SOYA, torta",77153,"SACO(S)","BOLIVIA"
"1009","2022",10,"PUESTO DE CONTROL TERRESTRE DESAGUADERO","SOYA, harina",75367,"SACO(S)","BOLIVIA"
"1010","2022",10,"PUESTO DE CONTROL TERRESTRE DESAGUADERO","SOYA, torta",27100,"GRANEL","BOLIVIA"
"1011","2022",10,"PUESTO DE CONTROL TERRESTRE DESAGUADERO","SOYA, torta",75287,"SACO(S)","BOLIVIA"
"1012","2022",10,"PUESTO DE CONTROL TERRESTRE DESAGUADERO","SOYA, torta",139000,"GRANEL","BOLIVIA"
"1013","2022",10,"PUESTO DE CONTROL TERRESTRE DESAGUADERO","SOYA, torta",84000,"GRANEL","BOLIVIA"
"1014","2022",10,"PUESTO DE CONTROL TERRESTRE DESAGUADERO","SOYA, harina",27416,"SACO(S)","BOLIVIA"
"1015","2022",10,"PUESTO DE CONTROL TERRESTRE DESAGUADERO","SOYA, torta",30000,"GRANEL","BOLIVIA"
"1016","2022",10,"PUESTO DE CONTROL TERRESTRE DESAGUADERO","SOYA, grano",83960,"GRANEL","BOLIVIA"
"1017","2022",10,"PUESTO DE CONTROL TERRESTRE DESAGUADERO","SOYA, grano",81540,"GRANEL","BOLIVIA"
"1018","2022",10,"OFICINA PUESTO DE CONTROL MARITIMO - PROV. CONST. DEL CALLAO","PINO, madera aserrada con algún proceso de la CRF2",92870,"PAQUETES","CHILE"
"1019","2022",10,"PUESTO DE CONTROL TERRESTRE DESAGUADERO","AZUCAR BLANCA O REFINADA (lectura polarimetrica mayor 99.5°)",107000,"SACO(S)","BOLIVIA"
"1020","2022",10,"PUESTO DE CONTROL TERRESTRE DESAGUADERO","CHIA, grano",25000,"SACO(S)","PARAGUAY"
"1021","2022",10,"PUESTO DE CONTROL TERRESTRE DESAGUADERO","AZUCAR BLANCA O REFINADA (lectura polarimetrica mayor 99.5°)",106000,"SACO(S)","BOLIVIA"
"1022","2022",10,"OFICINA PUESTO DE CONTROL MARITIMO - PROV. CONST. DEL CALLAO","CAUCHO, técnicamente especificado (TSNR)",20160,"PIEZAS","INDONESIA"
"1023","2022",10,"PUESTO DE CONTROL TERRESTRE DESAGUADERO","AZUCAR BLANCA O REFINADA (lectura polarimetrica mayor 99.5°)",83000,"SACO(S)","BOLIVIA"
"1024","2022",10,"OFICINA PUESTO DE CONTROL MARITIMO - PROV. CONST. DEL CALLAO","MADERA, cajas con algún proceso de la CRF 2",85540,"UNIDADES","CHILE"
"1025","2022",10,"OFICINA PUESTO DE CONTROL MARITIMO - PROV. CONST. DEL CALLAO","MADERA, cajas con algún proceso de la CRF 2",122200,"UNIDADES","CHILE"
"1026","2022",10,"OFICINA PUESTO DE CONTROL MARITIMO - PROV. CONST. DEL CALLAO","AZUCAR CRUDA, sólido",125000,"SACO(S)","COLOMBIA"
"1027","2022",10,"SANTA ROSA, TACNA","MANZANA, fruto fresco",22579.2,"CAJA(S)","CHILE"
"1028","2022",10,"OFICINA PUESTO DE CONTROL MARITIMO - PROV. CONST. DEL CALLAO","AZUCAR CRUDA, sólido",125000,"SACO(S)","COLOMBIA"
"1029","2022",10,"OFICINA PUESTO DE CONTROL MARITIMO - PROV. CONST. DEL CALLAO","AZUCAR CRUDA, sólido",125000,"SACO(S)","COLOMBIA"
"1030","2022",10,"PUESTO DE CONTROL TERRESTRE DESAGUADERO","SOYA, harina",29000,"SACO(S)","BOLIVIA"
"1031","2022",10,"OFICINA PUESTO DE CONTROL MARITIMO - PROV. CONST. DEL CALLAO","CANELA, corteza entera seca al natural",14560,"CAJA(S)","SRI LANKA"
"1032","2022",10,"PUESTO DE CONTROL TERRESTRE DESAGUADERO","SOYA, harina",58000,"SACO(S)","BOLIVIA"
"1033","2022",10,"PUESTO DE CONTROL TERRESTRE DESAGUADERO","SOYA, torta",56000,"GRANEL","BOLIVIA"
"1034","2022",10,"PUESTO DE CONTROL TERRESTRE DESAGUADERO","SOYA, torta",86000,"GRANEL","BOLIVIA"
"1035","2022",10,"OFICINA PUESTO DE CONTROL MARITIMO - PROV. CONST. DEL CALLAO","MADERA, en bruto de coníferas tratada agentes de conservación
",65500,"UNIDADES","CHILE"
"1036","2022",10,"OFICINA PUESTO DE CONTROL MARITIMO - PROV. CONST. DEL CALLAO","AZUCAR CRUDA, sólido",274960,"SACO(S)","HONDURAS"
"1037","2022",10,"OFICINA PUESTO DE CONTROL MARITIMO - PROV. CONST. DEL CALLAO","AZUCAR CRUDA, sólido",249570,"SACO(S)","HONDURAS"
"1038","2022",10,"PUESTO DE CONTROL TERRESTRE DESAGUADERO","SOYA, torta",176000,"SACO(S)","BOLIVIA"
"1039","2022",10,"SANTA ROSA, TACNA","MANZANA, fruto fresco",23422,"CAJA(S)","CHILE"
"1040","2022",10,"SANTA ROSA, TACNA","MANZANA, fruto fresco",23520,"CAJA(S)","CHILE"
"1041","2022",10,"SANTA ROSA, TACNA","MANZANA, fruto fresco",23520,"CAJA(S)","CHILE"
"1042","2022",10,"SANTA ROSA, TACNA","MANZANA, fruto fresco",23520,"CAJA(S)","CHILE"
"1043","2022",10,"SANTA ROSA, TACNA","MANZANA, fruto fresco",23520,"CAJA(S)","CHILE"
"1044","2022",10,"OFICINA PUESTO DE CONTROL MARITIMO - PROV. CONST. DEL CALLAO","YUCA (=MANDIOCA), fécula",74000,"SACO(S)","TAILANDIA"
"1045","2022",10,"OFICINA PUESTO DE CONTROL MARITIMO - PROV. CONST. DEL CALLAO","PINO, postes de madera con algun proceso de la CRF 2",256812,"PIEZAS","EEUU"
"1046","2022",10,"OFICINA PUESTO DE CONTROL MARITIMO - PROV. CONST. DEL CALLAO","LENTEJA, grano",26082,"SACO(S)","CANADA"
"1047","2022",10,"SANTA ROSA, TACNA","MANZANA, fruto fresco",23520,"CAJA(S)","CHILE"
"1048","2022",10,"SANTA ROSA, TACNA","MANZANA, fruto fresco",23520,"CAJA(S)","CHILE"
"1049","2022",10,"OFICINA PUESTO DE CONTROL MARITIMO - PROV. CONST. DEL CALLAO","Marañon (NUEZ DE CAJU), semilla alimenticia sin cascara, seca industriamente",24948,"CAJA(S)","BRASIL"
"1050","2022",10,"OFICINA PUESTO DE CONTROL MARITIMO - PROV. CONST. DEL CALLAO","Articulos para fiestas de navidad que sean o contengan material vegetal
",1474.6,"UNIDADES","CHINA"
"1051","2022",10,"OFICINA PUESTO DE CONTROL MARITIMO - PROV. CONST. DEL CALLAO","Articulos para fiestas de navidad que sean o contengan material vegetal
",280,"UNIDADES","CHINA"
"1052","2022",10,"PUERTO DE PAITA , PIURA","MANDARINA, fruto  fresco",21980,"CAJA(S)","EEUU"
"1053","2022",10,"SANTA ROSA, TACNA","MANZANA, fruto fresco",10780,"CAJA(S)","CHILE"
"1054","2022",10,"SANTA ROSA, TACNA","PERA, fruta fresca",12096,"CAJA(S)","CHILE"
"1055","2022",10,"SANTA ROSA, TACNA","MANZANA, fruto fresco",23520,"CAJA(S)","CHILE"
"1056","2022",10,"OFICINA PUESTO DE CONTROL MARITIMO - PROV. CONST. DEL CALLAO","GERMANTOWN PGX,  mezcla de estabilizantes y emulsificantes (ind. alimentaria)",638.391,"CAJA(S)","EEUU"
"1057","2022",10,"OFICINA PUESTO DE CONTROL MARITIMO - PROV. CONST. DEL CALLAO","Articulos de cesteria (canastos, cestos u otros), con algun proceso de la CRF2",21.92,"CAJA(S)","EEUU"
"1058","2022",10,"PUESTO DE CONTROL- CEBAF","TARA, vaina seca al natural",30000,"SACO(S)","ECUADOR"
"1059","2022",10,"SANTA ROSA, TACNA","TRIGO, afrecho seco industrial",56000,"SACO(S)","CHILE"
"1060","2022",10,"SANTA ROSA, TACNA","MANZANA, fruto fresco",21280,"CAJA(S)","CHILE"
"1061","2022",10,"SANTA ROSA, TACNA","KIWI, fruto fresco",6048,"CAJA(S)","CHILE"
"1062","2022",10,"OFICINA PUESTO DE CONTROL MARITIMO - PROV. CONST. DEL CALLAO","ARROZ, grano pilado",425000,"SACO(S)","URUGUAY"
"1063","2022",10,"SANTA ROSA, TACNA","PERA, fruta fresca",8172,"CAJA(S)","CHILE"
"1064","2022",10,"SANTA ROSA, TACNA","MANZANA, fruto fresco",9800,"CAJA(S)","CHILE"
"1065","2022",10,"PUESTO DE CONTROL TERRESTRE DESAGUADERO","CHIA, grano",29000,"SACO(S)","BOLIVIA"
"1066","2022",10,"OFICINA PUESTO DE CONTROL MARITIMO - PROV. CONST. DEL CALLAO","AZUCAR DE CAÑA, solido en bruto",75000,"BOLSAS","PARAGUAY"
"1067","2022",10,"OFICINA PUESTO DE CONTROL MARITIMO - PROV. CONST. DEL CALLAO","TRACTOR USADO, con motor de potencia superior a 33 kW pero inferior o igual a 75 kW",17770.356,"UNIDADES","CHINA"
"1068","2022",10,"PUESTO DE CONTROL TERRESTRE DESAGUADERO","SOYA, torta",83980,"GRANEL","BOLIVIA"
"1069","2022",10,"PUESTO DE CONTROL- CEBAF","CAÑA DE GUAYAQUIL, seca al natural",34000,"UNIDADES","ECUADOR"
"1070","2022",10,"OFICINA PUESTO DE CONTROL MARITIMO - PROV. CONST. DEL CALLAO","LENTEJA, grano",26082,"SACO(S)","CANADA"
"1071","2022",10,"OFICINA PUESTO DE CONTROL MARITIMO - PROV. CONST. DEL CALLAO","LENTEJA, grano",52164,"SACO(S)","CANADA"
"1072","2022",10,"OFICINA PUESTO DE CONTROL MARITIMO - PROV. CONST. DEL CALLAO","ARVEJA, grano partido",46540,"SACO(S)","EEUU"
"1073","2022",10,"PUESTO DE CONTROL- CEBAF","CAÑA DE GUAYAQUIL, seca al natural",34000,"UNIDADES","ECUADOR"
"1074","2022",10,"OFICINA PUESTO DE CONTROL MARITIMO - PROV. CONST. DEL CALLAO","TRACTOR USADO, con motor de potencia superior a 130KW",16359,"UNIDADES","EEUU"
"1075","2022",10,"OFICINA PUESTO DE CONTROL AEREO -  PROV. CONST. DEL CALLAO","GIRASOL, semilla",102,"SOBRES ALUMINIZADOS","EEUU"
"1076","2022",10,"OFICINA PUESTO DE CONTROL MARITIMO - PROV. CONST. DEL CALLAO","CAFE, grano verde",150036.06,"BOLSAS","BELGICA"
"1077","2022",10,"OFICINA PUESTO DE CONTROL AEREO -  PROV. CONST. DEL CALLAO","TOMATE, semilla",2.352,"SACHETS","BRASIL"
"1078","2022",10,"OFICINA PUESTO DE CONTROL AEREO -  PROV. CONST. DEL CALLAO","CEBOLLINO JAPONES, semilla",0.5,"SACHETS","BRASIL"
"1079","2022",10,"OFICINA PUESTO DE CONTROL AEREO -  PROV. CONST. DEL CALLAO","PORO, semilla",0.3,"SACHETS","BRASIL"
"1080","2022",10,"OFICINA PUESTO DE CONTROL AEREO -  PROV. CONST. DEL CALLAO","COL CHINA, semilla",0.03,"SACHETS","BRASIL"
"1081","2022",10,"OFICINA PUESTO DE CONTROL AEREO -  PROV. CONST. DEL CALLAO","LECHUGA, semilla",3.5,"SACHETS","BRASIL"
"1082","2022",10,"OFICINA PUESTO DE CONTROL AEREO -  PROV. CONST. DEL CALLAO","RABANITO, semilla",5,"SACHETS","BRASIL"
"1083","2022",10,"OFICINA PUESTO DE CONTROL AEREO -  PROV. CONST. DEL CALLAO","ALBAHACA, semilla",0.5,"SACHETS","BRASIL"
"1084","2022",10,"PUESTO DE CONTROL TERRESTRE DESAGUADERO","SOYA, torta",58960,"GRANEL","BOLIVIA"
"1085","2022",10,"OFICINA PUESTO DE CONTROL MARITIMO - PROV. CONST. DEL CALLAO","MADERA, monturas y mangos de herramientas, monturas y mangos de cepillos, brochas o escobas, de madera; hormas, ensanchadores y tensores del calzado, de madera ; con algún proceso de la CRF 2",28000,"UNIDADES","CHINA"
"1086","2022",10,"PUESTO DE CONTROL TERRESTRE DESAGUADERO","SOYA, torta",144000,"SACO(S)","BOLIVIA"
"1087","2022",10,"PUESTO DE CONTROL TERRESTRE DESAGUADERO","SOYA, torta",146500,"SACO(S)","BOLIVIA"
"1088","2022",10,"PUESTO DE CONTROL TERRESTRE DESAGUADERO","SOYA, harina",145000,"SACO(S)","BOLIVIA"
"1089","2022",10,"OFICINA PUESTO DE CONTROL MARITIMO - PROV. CONST. DEL CALLAO","ALGODON, fibra sin cardar ni peinar (>22.22 mm = o <28.57 mm)",19700,"FARDOS","EEUU"
"1090","2022",10,"PUESTO DE CONTROL TERRESTRE DESAGUADERO","SOYA, torta",57500,"GRANEL","BOLIVIA"
"1091","2022",10,"PUESTO DE CONTROL TERRESTRE DESAGUADERO","SOYA, torta",82600,"GRANEL","BOLIVIA"
"1092","2022",10,"OFICINA PUESTO DE CONTROL MARITIMO - PROV. CONST. DEL CALLAO","LENTEJA, grano",236415,"SACO(S)","CANADA"
"1093","2022",10,"OFICINA PUESTO DE CONTROL MARITIMO - PROV. CONST. DEL CALLAO","Articulos de cesteria (canastos, cestos u otros), con algun proceso de la CRF2",600.6,"CAJA(S)","CHINA"
"1094","2022",10,"OFICINA PUESTO DE CONTROL MARITIMO - PROV. CONST. DEL CALLAO","JACINTO DE AGUA, trenzados o confeccionados con algún proceso de la CRF2",247.5,"CAJA(S)","CHINA"
"1095","2022",10,"OFICINA PUESTO DE CONTROL MARITIMO - PROV. CONST. DEL CALLAO","SAUCE, artículos de cestería con algún proceso de la CRF 2",585,"CAJA(S)","CHINA"
"1096","2022",10,"OFICINA PUESTO DE CONTROL MARITIMO - PROV. CONST. DEL CALLAO","PINO, postes de madera con algun proceso de la CRF 2",256679,"PIEZAS","EEUU"
"1097","2022",10,"OFICINA PUESTO DE CONTROL MARITIMO - PROV. CONST. DEL CALLAO","Articulos para fiestas de navidad que sean o contengan material vegetal
",182.54,"CAJA(S)","CHINA"
"1098","2022",10,"OFICINA PUESTO DE CONTROL AEREO -  PROV. CONST. DEL CALLAO","APIO, grano",45.359,"BOLSAS","EEUU"
"1099","2022",10,"OFICINA PUESTO DE CONTROL MARITIMO - PROV. CONST. DEL CALLAO","TRIGO, gluten",24000,"BOLSAS","ALEMANIA"
"1100","2022",10,"SANTA ROSA, TACNA","MANZANA, fruto fresco",23520,"CAJA(S)","CHILE"
"1101","2022",10,"PUESTO DE CONTROL TERRESTRE DESAGUADERO","SOYA, grano",55640,"GRANEL","BOLIVIA"
"1102","2022",10,"PUESTO DE CONTROL TERRESTRE DESAGUADERO","SOYA, torta",111440,"GRANEL","BOLIVIA"
"1103","2022",10,"OFICINA PUESTO DE CONTROL MARITIMO - PROV. CONST. DEL CALLAO","MANZANA, fruto fresco",11424,"CAJA(S)","CHILE"
"1104","2022",10,"OFICINA PUESTO DE CONTROL MARITIMO - PROV. CONST. DEL CALLAO","KIWI, fruto fresco",3600,"CAJA(S)","CHILE"
"1105","2022",10,"OFICINA PUESTO DE CONTROL MARITIMO - PROV. CONST. DEL CALLAO","PERA, fruta fresca",5760,"CAJA(S)","CHILE"
"1106","2022",10,"OFICINA PUESTO DE CONTROL MARITIMO - PROV. CONST. DEL CALLAO","AZUCAR BLANCA O REFINADA (lectura polarimetrica mayor 99.5°)",265000,"SACO(S)","GUATEMALA"
"1107","2022",10,"OFICINA PUESTO DE CONTROL MARITIMO - PROV. CONST. DEL CALLAO","AZUCAR CRUDA, sólido",250000,"SACO(S)","GUATEMALA"
"1108","2022",10,"OFICINA PUESTO DE CONTROL MARITIMO - PROV. CONST. DEL CALLAO","TRIGO DURO, grano",11294420,"GRANEL","CANADA"
"1109","2022",10,"OFICINA PUESTO DE CONTROL MARITIMO - PROV. CONST. DEL CALLAO","TRIGO, grano",62171230,"GRANEL","CANADA"
"1110","2022",10,"OFICINA PUESTO DE CONTROL AEREO -  PROV. CONST. DEL CALLAO","SANDIA, semilla",1.47743,"SACHETS","EEUU"
"1111","2022",10,"OFICINA PUESTO DE CONTROL MARITIMO - PROV. CONST. DEL CALLAO","FREJOL, grano",24150,"SACO(S)","ARGENTINA"
"1112","2022",10,"OFICINA PUESTO DE CONTROL MARITIMO - PROV. CONST. DEL CALLAO","PINO, madera aserrada con algún proceso de la CRF2",87846.5,"PAQUETES","CHILE"
"1113","2022",10,"PUESTO DE CONTROL- CEBAF","CAÑA DE GUAYAQUIL, seca al natural",34000,"UNIDADES","ECUADOR"
"1114","2022",10,"OFICINA PUESTO DE CONTROL MARITIMO - PROV. CONST. DEL CALLAO","UVA (PASAS), secas naturalmente",40000,"CAJA(S)","ARGENTINA"
"1115","2022",10,"OFICINA PUESTO DE CONTROL AEREO -  PROV. CONST. DEL CALLAO","PIMIENTO, semilla",0.349,"SACHETS","ESPAÑA"
"1116","2022",10,"OFICINA PUESTO DE CONTROL MARITIMO - PROV. CONST. DEL CALLAO","PAPA, fécula",22000,"BIG BAG","ALEMANIA"
"1117","2022",10,"PUESTO DE CONTROL TERRESTRE DESAGUADERO","SOYA, torta",54850,"GRANEL","BOLIVIA"
"1118","2022",10,"PUESTO DE CONTROL TERRESTRE DESAGUADERO","SOYA, torta",84000,"GRANEL","BOLIVIA"
"1119","2022",10,"PUESTO DE CONTROL TERRESTRE DESAGUADERO","SOYA, torta",84000,"GRANEL","BOLIVIA"
"1120","2022",10,"SANTA ROSA, TACNA","Las demás maquinarias, aparatos y artefactos agricolas, horticolas o silvicolas, usados
",5750,"UNIDADES","CHILE"
"1121","2022",10,"PUESTO DE CONTROL TERRESTRE DESAGUADERO","AZUCAR CRUDA, sólido",26900,"SACO(S)","BOLIVIA"
"1122","2022",10,"OFICINA PUESTO DE CONTROL MARITIMO - PROV. CONST. DEL CALLAO","MANZANA, fruto fresco",59270.4,"CAJA(S)","CHILE"
"1123","2022",10,"PUESTO DE CONTROL TERRESTRE DESAGUADERO","SOYA, harina",145000,"SACO(S)","BOLIVIA"
"1124","2022",10,"PUESTO DE CONTROL- CEBAF","PAJA MACORA, paja seca al natural",2240,"FARDOS","ECUADOR"
"1125","2022",10,"PUESTO DE CONTROL TERRESTRE DESAGUADERO","SOYA, torta",56000,"GRANEL","BOLIVIA"
"1126","2022",10,"PUESTO DE CONTROL TERRESTRE DESAGUADERO","SOYA, torta",86000,"GRANEL","BOLIVIA"
"1127","2022",10,"PUESTO DE CONTROL TERRESTRE DESAGUADERO","SOYA, torta",57000,"GRANEL","BOLIVIA"
"1128","2022",10,"PUESTO DE CONTROL- CEBAF","Las demás coniferas, las demas maderas aserradas o desbastadas longitudinalmente, cortada o desenrollada, incluso cepillada,lijada o unida por lo extremos, de espesor superior a 6 mm, con algun tratamiento de la CRF 2",75770,"PIEZAS","ECUADOR"
"1129","2022",10,"PUESTO DE CONTROL TERRESTRE DESAGUADERO","SOYA, torta",55300,"GRANEL","BOLIVIA"
"1130","2022",10,"PUESTO DE CONTROL TERRESTRE DESAGUADERO","SOYA, torta",56500,"GRANEL","BOLIVIA"
"1131","2022",10,"PUESTO DE CONTROL TERRESTRE DESAGUADERO","SOYA, torta",1e+05,"SACO(S)","BOLIVIA"
"1132","2022",10,"OFICINA PUESTO DE CONTROL AEREO -  PROV. CONST. DEL CALLAO","KUDZU, semilla",1000,"SACO(S)","BRASIL"
"1133","2022",10,"OFICINA PUESTO DE CONTROL MARITIMO - PROV. CONST. DEL CALLAO","ARVEJA, grano partido",69440,"SACO(S)","CANADA"
"1134","2022",10,"OFICINA PUESTO DE CONTROL MARITIMO - PROV. CONST. DEL CALLAO","LENTEJA, grano",140600,"SACO(S)","CANADA"
"1135","2022",10,"OFICINA PUESTO DE CONTROL MARITIMO - PROV. CONST. DEL CALLAO","PINO, madera aserrada con algún proceso de la CRF2",22239,"PAQUETES","CHILE"
"1136","2022",10,"OFICINA PUESTO DE CONTROL MARITIMO - PROV. CONST. DEL CALLAO","ARVEJA, grano partido",90720,"SACO(S)","EEUU"
"1137","2022",10,"OFICINA PUESTO DE CONTROL MARITIMO - PROV. CONST. DEL CALLAO","LENTEJA, grano",90720,"SACO(S)","EEUU"
"1138","2022",10,"OFICINA PUESTO DE CONTROL MARITIMO - PROV. CONST. DEL CALLAO","ARVEJA, grano partido",90720,"SACO(S)","EEUU"
"1139","2022",10,"OFICINA PUESTO DE CONTROL AEREO -  PROV. CONST. DEL CALLAO","ALCACHOFA, semilla",958.106,"SACHETS","ESPAÑA"
"1140","2022",10,"PUESTO DE CONTROL TERRESTRE DESAGUADERO","SOYA, harina",116000,"SACO(S)","BOLIVIA"
"1141","2022",10,"SANTA ROSA, TACNA","LENTEJA, grano",26082,"SACO(S)","CANADA"
"1142","2022",10,"OFICINA PUESTO DE CONTROL MARITIMO - PROV. CONST. DEL CALLAO","MANZANA, fruto fresco",17640,"CAJA(S)","EEUU"
"1143","2022",10,"SANTA ROSA, TACNA","MANZANA, fruto fresco",23520,"CAJA(S)","CHILE"
"1144","2022",10,"SANTA ROSA, TACNA","MANZANA, fruto fresco",23520,"CAJA(S)","CHILE"
"1145","2022",10,"SANTA ROSA, TACNA","MANZANA, fruto fresco",20580,"CAJA(S)","CHILE"
"1146","2022",10,"SANTA ROSA, TACNA","KIWI, fruto fresco",3024,"CAJA(S)","CHILE"
"1147","2022",10,"SANTA ROSA, TACNA","MANZANA, fruto fresco",23520,"CAJA(S)","CHILE"
"1148","2022",10,"OFICINA PUESTO DE CONTROL MARITIMO - PROV. CONST. DEL CALLAO","PAPA, hojuelas y pellets",20160,"SACO(S)","HOLANDA"
"1149","2022",10,"OFICINA PUESTO DE CONTROL MARITIMO - PROV. CONST. DEL CALLAO","CAUCHO, técnicamente especificado (TSNR)",60480,"PIEZAS","INDONESIA"
"1150","2022",10,"SANTA ROSA, TACNA","MANZANA, fruto fresco",23520,"CAJA(S)","CHILE"
"1151","2022",10,"SANTA ROSA, TACNA","MANZANA, fruto fresco",23520,"CAJA(S)","CHILE"
"1152","2022",10,"SANTA ROSA, TACNA","Arados usados
",200,"UNIDADES","CHILE"
"1153","2022",10,"SANTA ROSA, TACNA","TRACTOR USADO, con motor de potencia superior a 33 kW pero inferior o igual a 75 kW",1200,"UNIDADES","CHILE"
"1154","2022",10,"SANTA ROSA, TACNA","MANZANA, fruto fresco",23880,"CAJA(S)","CHILE"
"1155","2022",10,"OFICINA PUESTO DE CONTROL AEREO -  PROV. CONST. DEL CALLAO","TE VERDE",4,"BOLSAS",NA
"1156","2022",10,"SANTA ROSA, TACNA","MANZANA, fruto fresco",23520,"CAJA(S)","CHILE"
"1157","2022",10,"OFICINA PUESTO DE CONTROL MARITIMO - PROV. CONST. DEL CALLAO","MANZANA, fruto fresco",19756.8,"CAJA(S)","CHILE"
"1158","2022",10,"SANTA ROSA, TACNA","MANZANA, fruto fresco",22461.6,"CAJA(S)","CHILE"
"1159","2022",10,"SANTA ROSA, TACNA","KIWI, fruto fresco",12628,"CAJA(S)","CHILE"
"1160","2022",10,"SANTA ROSA, TACNA","MANZANA, fruto fresco",9800,"CAJA(S)","CHILE"
"1161","2022",10,"PUESTO DE CONTROL TERRESTRE DESAGUADERO","SOYA, torta",85500,"GRANEL","BOLIVIA"
"1162","2022",10,"PUESTO DE CONTROL TERRESTRE DESAGUADERO","SOYA, torta",55420,"GRANEL","BOLIVIA"
"1163","2022",10,"PUESTO DE CONTROL TERRESTRE DESAGUADERO","SOYA, torta",57000,"GRANEL","BOLIVIA"
"1164","2022",10,"PUESTO DE CONTROL TERRESTRE DESAGUADERO","SOYA, torta",84000,"GRANEL","BOLIVIA"
"1165","2022",10,"PUESTO DE CONTROL TERRESTRE DESAGUADERO","SOYA, torta",85500,"GRANEL","BOLIVIA"
"1166","2022",10,"PUESTO DE CONTROL TERRESTRE DESAGUADERO","SOYA, torta",27570,"GRANEL","BOLIVIA"
"1167","2022",10,"PUESTO DE CONTROL TERRESTRE DESAGUADERO","SOYA, torta",28090,"GRANEL","BOLIVIA"
"1168","2022",10,"PUESTO DE CONTROL TERRESTRE DESAGUADERO","SOYA, grano",84140,"GRANEL","BOLIVIA"
"1169","2022",10,"PUESTO DE CONTROL TERRESTRE DESAGUADERO","SOYA, torta",84400,"GRANEL","BOLIVIA"
"1170","2022",10,"PUESTO DE CONTROL TERRESTRE DESAGUADERO","SOYA, torta",140000,"GRANEL","BOLIVIA"
"1171","2022",10,"PUESTO DE CONTROL TERRESTRE DESAGUADERO","SOYA, torta",140000,"GRANEL","BOLIVIA"
"1172","2022",10,"PUESTO DE CONTROL TERRESTRE DESAGUADERO","SOYA, torta",55000,"GRANEL","BOLIVIA"
"1173","2022",10,"PUESTO DE CONTROL TERRESTRE DESAGUADERO","SOYA, torta",113000,"GRANEL","BOLIVIA"
"1174","2022",10,"PUESTO DE CONTROL TERRESTRE DESAGUADERO","SOYA, harina",25189,"SACO(S)","BOLIVIA"
"1175","2022",10,"PUESTO DE CONTROL TERRESTRE DESAGUADERO","SOYA, torta",25069,"SACO(S)","BOLIVIA"
"1176","2022",10,"PUESTO DE CONTROL TERRESTRE DESAGUADERO","SOYA, torta",57720,"GRANEL","BOLIVIA"
"1177","2022",10,"PUESTO DE CONTROL TERRESTRE DESAGUADERO","SOYA, torta",56040,"GRANEL","BOLIVIA"
"1178","2022",10,"SANTA ROSA, TACNA","MANZANA, fruto fresco",22579.2,"CAJA(S)","CHILE"
"1179","2022",10,"PUESTO DE CONTROL TERRESTRE DESAGUADERO","SOYA, torta",140000,"GRANEL","BOLIVIA"
"1180","2022",10,"PUESTO DE CONTROL TERRESTRE DESAGUADERO","SOYA, torta",112000,"GRANEL","BOLIVIA"
"1181","2022",10,"PUESTO DE CONTROL TERRESTRE DESAGUADERO","SOYA, torta",114000,"GRANEL","BOLIVIA"
"1182","2022",10,"PUESTO DE CONTROL TERRESTRE DESAGUADERO","SOYA, torta",168000,"GRANEL","BOLIVIA"
"1183","2022",10,"PUESTO DE CONTROL TERRESTRE DESAGUADERO","SOYA, torta",84000,"GRANEL","BOLIVIA"
"1184","2022",10,"SANTA ROSA, TACNA","MANZANA, fruto fresco",23520,"CAJA(S)","CHILE"
"1185","2022",10,"SANTA ROSA, TACNA","PERA, fruta fresca",1764,"CAJA(S)","CHILE"
"1186","2022",10,"SANTA ROSA, TACNA","MANZANA, fruto fresco",21560,"CAJA(S)","CHILE"
"1187","2022",10,"SANTA ROSA, TACNA","MANZANA, fruto fresco",23520,"CAJA(S)","CHILE"
"1188","2022",10,"PUESTO DE CONTROL TERRESTRE DESAGUADERO","SOYA, torta",174000,"SACO(S)","BOLIVIA"
"1189","2022",10,"OFICINA PUESTO DE CONTROL MARITIMO - PROV. CONST. DEL CALLAO","MADERA, monturas y mangos de herramientas, monturas y mangos de cepillos, brochas o escobas, de madera; hormas, ensanchadores y tensores del calzado, de madera ; con algún proceso de la CRF 2",25162.06,"BOLSAS","CHINA"
"1190","2022",10,"PUESTO DE CONTROL- CEBAF","SACHA INCHI, grano",3040,"SACO(S)","COLOMBIA"
"1191","2022",10,"PUESTO DE CONTROL- CEBAF","SACHA INCHI, grano",2000,"SACO(S)","COLOMBIA"
"1192","2022",10,"PUESTO DE CONTROL- CEBAF","SACHA INCHI, grano",4020,"SACO(S)","ECUADOR"
"1193","2022",10,"SANTA ROSA, TACNA","MANZANA, fruto fresco",14700,"CAJA(S)","CHILE"
"1194","2022",10,"SANTA ROSA, TACNA","MANZANA, fruto fresco",22579.2,"CAJA(S)","CHILE"
"1195","2022",10,"SANTA ROSA, TACNA","PERA, fruta fresca",10144,"CAJA(S)","CHILE"
"1196","2022",10,"PUESTO DE CONTROL TERRESTRE DESAGUADERO","SOYA, torta",177000,"SACO(S)","BOLIVIA"
"1197","2022",10,"IÑAPARI, MADRE DE DIOS","MAIZ AMARILLO DURO, grano",38000,"SACO(S)","BRASIL"
"1198","2022",10,"OFICINA PUESTO DE CONTROL MARITIMO - PROV. CONST. DEL CALLAO","COCO, fibra (para sustrato)",138060,"BOLSAS","SRI LANKA"
"1199","2022",10,"OFICINA PUESTO DE CONTROL MARITIMO - PROV. CONST. DEL CALLAO","SOYA, torta",6980280,"GRANEL","BOLIVIA"
"1200","2022",10,"OFICINA PUESTO DE CONTROL MARITIMO - PROV. CONST. DEL CALLAO","Articulos para fiestas de navidad que sean o contengan material vegetal
",495.175,"CAJA(S)","EL SALVADOR"
"1201","2022",10,"OFICINA PUESTO DE CONTROL MARITIMO - PROV. CONST. DEL CALLAO","Articulos de cesteria (canastos, cestos u otros), con algun proceso de la CRF2",47.36,"CAJA(S)","EL SALVADOR"
"1202","2022",10,"OFICINA PUESTO DE CONTROL MARITIMO - PROV. CONST. DEL CALLAO","Articulos para fiestas de navidad que sean o contengan material vegetal
",156.4,"CAJA(S)","EL SALVADOR"
"1203","2022",10,"IÑAPARI, MADRE DE DIOS","MAIZ AMARILLO DURO, grano",48000,"GRANEL","BRASIL"
"1204","2022",10,"SANTA ROSA, TACNA","UVA (PASAS), secas industrialmente",24540,"CAJA(S)","CHILE"
"1205","2022",10,"PUESTO DE CONTROL- CEBAF","SACHA INCHI, grano",3520,"SACO(S)","COLOMBIA"
"1206","2022",10,"OFICINA PUESTO DE CONTROL MARITIMO - PROV. CONST. DEL CALLAO","CEDRÓN, polvo",90,"CAJA(S)","ARGENTINA"
"1207","2022",10,"OFICINA PUESTO DE CONTROL MARITIMO - PROV. CONST. DEL CALLAO","MANZANILLA, triturada",144,"CAJA(S)","ARGENTINA"
"1208","2022",10,"OFICINA PUESTO DE CONTROL MARITIMO - PROV. CONST. DEL CALLAO","MENTA, polvo",90,"CAJA(S)","ARGENTINA"
"1209","2022",10,"SANTA ROSA, TACNA","MANZANA, fruto fresco",23520,"CAJA(S)","CHILE"
"1210","2022",10,"SANTA ROSA, TACNA","TRIGO, grano trabajado (mondado, perlado, troceado o quebrantado)",2000,"PAQUETES","CHILE"
"1211","2022",10,"OFICINA PUESTO DE CONTROL MARITIMO - PROV. CONST. DEL CALLAO","TE VERDE, triturado",365,"BOLSAS","ALEMANIA"
"1212","2022",10,"OFICINA PUESTO DE CONTROL MARITIMO - PROV. CONST. DEL CALLAO","MANZANILLA, triturada",30,"BOLSAS","ALEMANIA"
"1213","2022",10,"OFICINA PUESTO DE CONTROL MARITIMO - PROV. CONST. DEL CALLAO","HARINA, mezcla",2645,"BOLSAS","ALEMANIA"
"1214","2022",10,"OFICINA PUESTO DE CONTROL MARITIMO - PROV. CONST. DEL CALLAO","COCO, rallado seco industrial",25,"CAJA(S)","ESPAÑA"
"1215","2022",10,"OFICINA PUESTO DE CONTROL MARITIMO - PROV. CONST. DEL CALLAO","Marañon (NUEZ DE CAJU), semilla alimenticia sin cascara, seca industriamente",226.8,"CAJA(S)","ESPAÑA"
"1216","2022",10,"OFICINA PUESTO DE CONTROL MARITIMO - PROV. CONST. DEL CALLAO","AVELLANA, sin cascara seca industrial",25.5,"CAJA(S)","ESPAÑA"
"1217","2022",10,"OFICINA PUESTO DE CONTROL MARITIMO - PROV. CONST. DEL CALLAO","PISTACHOS con cáscara, secos o mondado",150,"SACO(S)","ESPAÑA"
"1218","2022",10,"OFICINA PUESTO DE CONTROL MARITIMO - PROV. CONST. DEL CALLAO","NUEZ DE MACADAMIA, con algun proceso de la CRF 2",45,"CAJA(S)","ESPAÑA"
"1219","2022",10,"OFICINA PUESTO DE CONTROL MARITIMO - PROV. CONST. DEL CALLAO","MANGO, seco industrial",6,"CAJA(S)","ESPAÑA"
"1220","2022",10,"OFICINA PUESTO DE CONTROL MARITIMO - PROV. CONST. DEL CALLAO","UVA (PASAS), secas industrialmente",100,"CAJA(S)","ESPAÑA"
"1221","2022",10,"OFICINA PUESTO DE CONTROL MARITIMO - PROV. CONST. DEL CALLAO","GOJI, fruta seca industrial",100,"CAJA(S)","ESPAÑA"
"1222","2022",10,"OFICINA PUESTO DE CONTROL MARITIMO - PROV. CONST. DEL CALLAO","AVENA, harina o polvo",220,"CAJA(S)","ESPAÑA"
"1223","2022",10,"OFICINA PUESTO DE CONTROL MARITIMO - PROV. CONST. DEL CALLAO","HARINA, de los demas cereales",42.5,"CAJA(S)","ESPAÑA"
"1224","2022",10,"OFICINA PUESTO DE CONTROL MARITIMO - PROV. CONST. DEL CALLAO","CEREALES, en grano aplastados o en copos",40,"SACO(S)","ESPAÑA"
"1225","2022",10,"OFICINA PUESTO DE CONTROL MARITIMO - PROV. CONST. DEL CALLAO","ALMENDRA, harina, polvo",800,"CAJA(S)","ESPAÑA"
"1226","2022",10,"OFICINA PUESTO DE CONTROL MARITIMO - PROV. CONST. DEL CALLAO","AVELLANA, harina polvo o molido",50,"CAJA(S)","ESPAÑA"
"1227","2022",10,"OFICINA PUESTO DE CONTROL MARITIMO - PROV. CONST. DEL CALLAO","MAIZ, almidon",25,"SACO(S)","ESPAÑA"
"1228","2022",10,"OFICINA PUESTO DE CONTROL MARITIMO - PROV. CONST. DEL CALLAO","CALABAZA, grano seco industrial",25,"SACO(S)","ESPAÑA"
"1229","2022",10,"OFICINA PUESTO DE CONTROL MARITIMO - PROV. CONST. DEL CALLAO","COCO, harina",120,"CAJA(S)","ESPAÑA"
"1230","2022",10,"OFICINA PUESTO DE CONTROL MARITIMO - PROV. CONST. DEL CALLAO","las demas, harina de semillas o frutos oleaginosos con algun proceso de la CR 2",60,"CAJA(S)","ESPAÑA"
"1231","2022",10,"OFICINA PUESTO DE CONTROL MARITIMO - PROV. CONST. DEL CALLAO","ALGARROBO, harina",62.5,"CAJA(S)","ESPAÑA"
"1232","2022",10,"OFICINA PUESTO DE CONTROL MARITIMO - PROV. CONST. DEL CALLAO","STEVIA, polvo",48,"CAJA(S)","ESPAÑA"
"1233","2022",10,"OFICINA PUESTO DE CONTROL MARITIMO - PROV. CONST. DEL CALLAO","AZUCARES, los demas",178.5,"CAJA(S)","ESPAÑA"
"1234","2022",10,"OFICINA PUESTO DE CONTROL MARITIMO - PROV. CONST. DEL CALLAO","HARINA, mezcla",40,"CAJA(S)","ESPAÑA"
"1235","2022",10,"PUESTO DE CONTROL TERRESTRE DESAGUADERO","SOYA, torta",56000,"GRANEL","BOLIVIA"
"1236","2022",10,"PUESTO DE CONTROL TERRESTRE DESAGUADERO","SOYA, torta",56000,"GRANEL","BOLIVIA"
"1237","2022",10,"PUESTO DE CONTROL TERRESTRE DESAGUADERO","SOYA, torta",56000,"GRANEL","BOLIVIA"
"1238","2022",10,"OFICINA PUESTO DE CONTROL MARITIMO - PROV. CONST. DEL CALLAO","CAFE, grano verde",131191.74,"SACO(S)","BELGICA"
"1239","2022",10,"OFICINA PUESTO DE CONTROL MARITIMO - PROV. CONST. DEL CALLAO","NUEZ, con cáscara seca al natural",80000,"SACO(S)","CHILE"
"1240","2022",10,"OFICINA PUESTO DE CONTROL MARITIMO - PROV. CONST. DEL CALLAO","MAIZ, harina",82200,"PAQUETES","COLOMBIA"
"1241","2022",10,"OFICINA PUESTO DE CONTROL MARITIMO - PROV. CONST. DEL CALLAO","CANELA, corteza entera seca al natural",13500,"CAJA(S)","SRI LANKA"
"1242","2022",10,"OFICINA PUESTO DE CONTROL AEREO -  PROV. CONST. DEL CALLAO","PIMIENTO, semilla",1.634,"SACHETS","HOLANDA"
"1243","2022",10,"OFICINA PUESTO DE CONTROL AEREO -  PROV. CONST. DEL CALLAO","PIMIENTO, semilla",0.092056,"SACHETS","HOLANDA"
"1244","2022",10,"OFICINA PUESTO DE CONTROL AEREO -  PROV. CONST. DEL CALLAO","PIMIENTO, semilla",0.622,"SACHETS","HOLANDA"
"1245","2022",10,"OFICINA PUESTO DE CONTROL AEREO -  PROV. CONST. DEL CALLAO","PIMIENTO, semilla",0.341,"SACHETS","HOLANDA"
"1246","2022",10,"OFICINA PUESTO DE CONTROL AEREO -  PROV. CONST. DEL CALLAO","PIMIENTO, semilla",1.067,"SACHETS","HOLANDA"
"1247","2022",10,"PUESTO DE CONTROL TERRESTRE DESAGUADERO","SOYA, torta",113273,"SACO(S)","BOLIVIA"
"1248","2022",10,"SANTA ROSA, TACNA","MANZANA, fruto fresco",22579.2,"CAJA(S)","CHILE"
"1249","2022",10,"PUESTO DE CONTROL TERRESTRE DESAGUADERO","SOYA, torta",175500,"SACO(S)","BOLIVIA"
"1250","2022",10,"OFICINA PUESTO DE CONTROL MARITIMO - PROV. CONST. DEL CALLAO","AJONJOLI, grano",54000,"BOLSAS","BRASIL"
"1251","2022",10,"PUESTO DE CONTROL TERRESTRE DESAGUADERO","SOYA, torta",178000,"SACO(S)","BOLIVIA"
"1252","2022",10,"OFICINA PUESTO DE CONTROL MARITIMO - PROV. CONST. DEL CALLAO","MADERA EN PLAQUITAS, o particulas distinta de coníferas con algún proceso de la CRF 2",1200,"PALETAS","CHILE"
"1253","2022",10,"OFICINA PUESTO DE CONTROL MARITIMO - PROV. CONST. DEL CALLAO","UVA (PASAS), secas industrialmente",42000,"CAJA(S)","ARGENTINA"
"1254","2022",10,"PUESTO DE CONTROL TERRESTRE DESAGUADERO","SOYA, torta",57000,"GRANEL","BOLIVIA"
"1255","2022",10,"PUESTO DE CONTROL TERRESTRE DESAGUADERO","SOYA, torta",54000,"GRANEL","BOLIVIA"
"1256","2022",10,"OFICINA PUESTO DE CONTROL MARITIMO - PROV. CONST. DEL CALLAO","ARVEJA, grano partido",69440,"SACO(S)","CANADA"
"1257","2022",10,"PUESTO DE CONTROL TERRESTRE DESAGUADERO","SOYA, torta",114000,"SACO(S)","BOLIVIA"
"1258","2022",10,"SANTA ROSA, TACNA","MANZANA, fruto fresco",19278,"CAJA(S)","CHILE"
"1259","2022",10,"SANTA ROSA, TACNA","MANZANA, fruto fresco",20580,"CAJA(S)","CHILE"
"1260","2022",10,"SANTA ROSA, TACNA","PERA, fruta fresca",2646,"CAJA(S)","CHILE"
"1261","2022",10,"SANTA ROSA, TACNA","MANZANA, fruto fresco",22736,"CAJA(S)","CHILE"
"1262","2022",10,"SANTA ROSA, TACNA","MANZANA, fruto fresco",22579.2,"CAJA(S)","CHILE"
"1263","2022",10,"SANTA ROSA, TACNA","PERA, fruta fresca",4806,"CAJA(S)","CHILE"
"1264","2022",10,"SANTA ROSA, TACNA","MANZANA, fruto fresco",17885,"CAJA(S)","CHILE"
"1265","2022",10,"PUESTO DE CONTROL TERRESTRE DESAGUADERO","SOYA, harina",58000,"SACO(S)","BOLIVIA"
"1266","2022",10,"LA TINA, PIURA","PINO, madera aserrada con algun proceso de la CRF 2",22200,"UNIDADES","ECUADOR"
"1267","2022",10,"PUESTO DE CONTROL TERRESTRE DESAGUADERO","SOYA, torta",27500,"GRANEL","BOLIVIA"
"1268","2022",10,"PUESTO DE CONTROL TERRESTRE DESAGUADERO","SOYA, torta",56048,"SACO(S)","BOLIVIA"
"1269","2022",10,"PUESTO DE CONTROL TERRESTRE DESAGUADERO","SOYA, torta",28000,"GRANEL","BOLIVIA"
"1270","2022",10,"PUESTO DE CONTROL TERRESTRE DESAGUADERO","SOYA, torta",25500,"GRANEL","BOLIVIA"
"1271","2022",10,"PUESTO DE CONTROL TERRESTRE DESAGUADERO","SOYA, torta",84000,"GRANEL","BOLIVIA"
"1272","2022",10,"PUESTO DE CONTROL TERRESTRE DESAGUADERO","SOYA, torta",29000,"GRANEL","BOLIVIA"
"1273","2022",10,"PUESTO DE CONTROL TERRESTRE DESAGUADERO","SOYA, torta",112000,"GRANEL","BOLIVIA"
"1274","2022",10,"PUESTO DE CONTROL TERRESTRE DESAGUADERO","SOYA, torta",29000,"GRANEL","BOLIVIA"
"1275","2022",10,"PUESTO DE CONTROL TERRESTRE DESAGUADERO","SOYA, torta",57000,"GRANEL","BOLIVIA"
"1276","2022",10,"PUESTO DE CONTROL TERRESTRE DESAGUADERO","SOYA, torta",84000,"GRANEL","BOLIVIA"
"1277","2022",10,"PUESTO DE CONTROL TERRESTRE DESAGUADERO","SOYA, torta",57000,"GRANEL","BOLIVIA"
"1278","2022",10,"PUESTO DE CONTROL TERRESTRE DESAGUADERO","SOYA, torta",56230,"GRANEL","BOLIVIA"
"1279","2022",10,"PUESTO DE CONTROL TERRESTRE DESAGUADERO","SOYA, torta",84000,"GRANEL","BOLIVIA"
"1280","2022",10,"PUESTO DE CONTROL TERRESTRE DESAGUADERO","SOYA, torta",26000,"GRANEL","BOLIVIA"
"1281","2022",10,"PUESTO DE CONTROL TERRESTRE DESAGUADERO","SOYA, torta",86500,"GRANEL","BOLIVIA"
"1282","2022",10,"PUESTO DE CONTROL TERRESTRE DESAGUADERO","SOYA, torta",28000,"GRANEL","BOLIVIA"
"1283","2022",10,"PUESTO DE CONTROL TERRESTRE DESAGUADERO","SOYA, torta",25140,"GRANEL","BOLIVIA"
"1284","2022",10,"PUESTO DE CONTROL TERRESTRE DESAGUADERO","SOYA, torta",57520,"GRANEL","BOLIVIA"
"1285","2022",10,"PUESTO DE CONTROL TERRESTRE DESAGUADERO","SOYA, torta",28500,"GRANEL","BOLIVIA"
"1286","2022",10,"PUESTO DE CONTROL TERRESTRE DESAGUADERO","SOYA, torta",27615,"SACO(S)","BOLIVIA"
"1287","2022",10,"PUESTO DE CONTROL TERRESTRE DESAGUADERO","SOYA, torta",51844,"SACO(S)","BOLIVIA"
"1288","2022",10,"LA TINA, PIURA","PINO, madera aserrada con algun proceso de la CRF 2",22200,"UNIDADES","ECUADOR"
"1289","2022",10,"SANTA ROSA, TACNA","MANZANA, fruto fresco",23520,"CAJA(S)","CHILE"
"1290","2022",10,"OFICINA PUESTO DE CONTROL AEREO -  PROV. CONST. DEL CALLAO","CALABAZA MOSCADA, semilla",7.42,"SACHETS","ESPAÑA"
"1291","2022",10,"OFICINA PUESTO DE CONTROL AEREO -  PROV. CONST. DEL CALLAO","ZAPALLO (CALABAZA AMARILLA), semilla",10.3,"SACHETS","ESPAÑA"
"1292","2022",10,"PUESTO DE CONTROL TERRESTRE DESAGUADERO","SOYA, torta",173000,"SACO(S)","BOLIVIA"
"1293","2022",10,"SANTA ROSA, TACNA","MANZANA, fruto fresco",23520,"CAJA(S)","CHILE"
"1294","2022",10,"SANTA ROSA, TACNA","MANZANA, fruto fresco",23520,"CAJA(S)","CHILE"
"1295","2022",10,"SANTA ROSA, TACNA","MANZANA, fruto fresco",23520,"CAJA(S)","CHILE"
"1296","2022",10,"SANTA ROSA, TACNA","MANZANA, fruto fresco",23520,"CAJA(S)","CHILE"
"1297","2022",10,"PUESTO DE CONTROL TERRESTRE DESAGUADERO","SOYA, torta",115000,"SACO(S)","BOLIVIA"
"1298","2022",10,"PUESTO DE CONTROL TERRESTRE DESAGUADERO","SOYA, torta",114500,"SACO(S)","BOLIVIA"
"1299","2022",10,"OFICINA PUESTO DE CONTROL MARITIMO - PROV. CONST. DEL CALLAO","ARVEJA, grano partido",157370,"SACO(S)","CANADA"
"1300","2022",10,"SANTA ROSA, TACNA","MANZANA, fruto fresco",22834,"CAJA(S)","CHILE"
"1301","2022",10,"SANTA ROSA, TACNA","MANZANA, fruto fresco",23520,"CAJA(S)","CHILE"
"1302","2022",10,"OFICINA PUESTO DE CONTROL MARITIMO - PROV. CONST. DEL CALLAO","MADERA, tablillas para la fabricación de lapices",23931.6,"CAJA(S)","CHINA"
"1303","2022",10,"PUESTO DE CONTROL TERRESTRE DESAGUADERO","SOYA, harina",58000,"SACO(S)","BOLIVIA"
"1304","2022",10,"OFICINA PUESTO DE CONTROL MARITIMO - PROV. CONST. DEL CALLAO","MANZANA, secada industrialmente",1012,"CAJA(S)","CHILE"
"1305","2022",10,"OFICINA PUESTO DE CONTROL MARITIMO - PROV. CONST. DEL CALLAO","UVA (PASAS), secas industrialmente",40000,"CAJA(S)","CHILE"
"1306","2022",10,"PUESTO DE CONTROL- CEBAF","ARROZ, grano pilado",1e+05,"SACO(S)","ECUADOR"
"1307","2022",10,"OFICINA PUESTO DE CONTROL MARITIMO - PROV. CONST. DEL CALLAO","PINO, madera aserrada con algún proceso de la CRF2",59500,"PAQUETES","CHILE"
"1308","2022",10,"OFICINA PUESTO DE CONTROL MARITIMO - PROV. CONST. DEL CALLAO","PINO, madera aserrada con algún proceso de la CRF2",87202.4,"PAQUETES","CHILE"
"1309","2022",10,"PUESTO DE CONTROL TERRESTRE DESAGUADERO","AZUCAR BLANCA O REFINADA (lectura polarimetrica mayor 99.5°)",9000,"SACO(S)","BOLIVIA"
"1310","2022",10,"PUESTO DE CONTROL TERRESTRE DESAGUADERO","AZUCAR BLANCA O REFINADA (lectura polarimetrica mayor 99.5°)",57000,"SACO(S)","BOLIVIA"
"1311","2022",10,"PUESTO DE CONTROL TERRESTRE DESAGUADERO","AZUCAR BLANCA O REFINADA (lectura polarimetrica mayor 99.5°)",110500,"SACO(S)","BOLIVIA"
"1312","2022",10,"IÑAPARI, MADRE DE DIOS","MAIZ AMARILLO DURO, grano",48000,"GRANEL","BRASIL"
"1313","2022",10,"IÑAPARI, MADRE DE DIOS","MAIZ AMARILLO DURO, grano",32000,"GRANEL","BRASIL"
"1314","2022",10,"IÑAPARI, MADRE DE DIOS","MAIZ AMARILLO DURO, grano",32000,"GRANEL","BRASIL"
"1315","2022",10,"PUESTO DE CONTROL TERRESTRE DESAGUADERO","AJONJOLI, grano",29000,"SACO(S)","BOLIVIA"
"1316","2022",10,"OFICINA PUESTO DE CONTROL AEREO -  PROV. CONST. DEL CALLAO","TULIPAN, flores frescas cortadas",806,"CAJA(S)","CHILE"
"1317","2022",10,"OFICINA PUESTO DE CONTROL MARITIMO - PROV. CONST. DEL CALLAO","PAPRIKA,  triturado o pulverizado",254,"CAJA(S)","EEUU"
"1318","2022",10,"OFICINA PUESTO DE CONTROL MARITIMO - PROV. CONST. DEL CALLAO","AVENA, grano trabajado (mondado, perlado, troceado o quebrantado)",50000,"SACO(S)","CHILE"
"1319","2022",10,"SANTA ROSA, TACNA","PERA, fruta fresca",13878,"CAJA(S)","CHILE"
"1320","2022",10,"SANTA ROSA, TACNA","MANZANA, fruto fresco",22736,"CAJA(S)","CHILE"
"1321","2022",10,"PUESTO DE CONTROL TERRESTRE DESAGUADERO","SOYA, torta",146500,"SACO(S)","BOLIVIA"
"1322","2022",10,"PUESTO DE CONTROL TERRESTRE DESAGUADERO","SOYA, torta",146000,"SACO(S)","BOLIVIA"
"1323","2022",10,"PUESTO DE CONTROL TERRESTRE DESAGUADERO","SOYA, torta",115000,"SACO(S)","BOLIVIA"
"1324","2022",10,"PUESTO DE CONTROL TERRESTRE DESAGUADERO","SOYA, torta",116000,"SACO(S)","BOLIVIA"
"1325","2022",10,"PUESTO DE CONTROL TERRESTRE DESAGUADERO","SOYA, torta",117000,"SACO(S)","BOLIVIA"
"1326","2022",10,"PUESTO DE CONTROL TERRESTRE DESAGUADERO","SOYA, torta",174000,"SACO(S)","BOLIVIA"
"1327","2022",10,"OFICINA PUESTO DE CONTROL MARITIMO - PROV. CONST. DEL CALLAO","ALMENDRA, sin cáscara secado al natural",19958.4,"CAJA(S)","EEUU"
"1328","2022",10,"SANTA ROSA, TACNA","TRACTOR USADO, con motor de potencia superior a 33 kW pero inferior o igual a 75 kW",4460,"UNIDADES","BELGICA"
"1329","2022",10,"PUESTO DE CONTROL TERRESTRE DESAGUADERO","MANI, grano sin cáscara",29000,"SACO(S)","BOLIVIA"
"1330","2022",10,"OFICINA PUESTO DE CONTROL MARITIMO - PROV. CONST. DEL CALLAO","COCO, fibra (para sustrato)",138060,"BOLSAS","SRI LANKA"
"1331","2022",10,"SANTA ROSA, TACNA","MANZANA, fruto fresco",23520,"CAJA(S)","CHILE"
"1332","2022",10,"SANTA ROSA, TACNA","MANZANA, fruto fresco",22344,"CAJA(S)","CHILE"
"1333","2022",10,"SANTA ROSA, TACNA","MANZANA, fruto fresco",23520,"CAJA(S)","CHILE"
"1334","2022",10,"SANTA ROSA, TACNA","KIWI, fruto fresco",23680,"CAJA(S)","CHILE"
"1335","2022",10,"OFICINA PUESTO DE CONTROL MARITIMO - PROV. CONST. DEL CALLAO","PERA, fruta fresca",24210.9,"CAJA(S)","ARGENTINA"
"1336","2022",10,"PUESTO DE CONTROL TERRESTRE DESAGUADERO","SOYA, torta",50000,"GRANEL","BOLIVIA"
"1337","2022",10,"PUESTO DE CONTROL TERRESTRE DESAGUADERO","SOYA, torta",56000,"GRANEL","BOLIVIA"
"1338","2022",10,"OFICINA PUESTO DE CONTROL MARITIMO - PROV. CONST. DEL CALLAO","OREJAS DE JUDAS, seco industrial",1985,"CAJA(S)","CHINA"
"1339","2022",10,"OFICINA PUESTO DE CONTROL MARITIMO - PROV. CONST. DEL CALLAO","Shitake (Lentinus edodes), secos, incluso los cortados en trozos o en rodajas, trituradas o pulverizadas, sin otra preparación",200,"CAJA(S)","CHINA"
"1340","2022",10,"OFICINA PUESTO DE CONTROL MARITIMO - PROV. CONST. DEL CALLAO","PIMIENTA, molida",1816,"CAJA(S)","CHINA"
"1341","2022",10,"OFICINA PUESTO DE CONTROL MARITIMO - PROV. CONST. DEL CALLAO","JENJIBRE(=KION), triturado o pulverizado",1816,"CAJA(S)","CHINA"
"1342","2022",10,"OFICINA PUESTO DE CONTROL MARITIMO - PROV. CONST. DEL CALLAO","MEZCLA DE ESPECIAS, molida",908,"CAJA(S)","CHINA"
"1343","2022",10,"SANTA ROSA, TACNA","MANZANA, fruto fresco",11172,"CAJA(S)","CHILE"
"1344","2022",10,"PUESTO DE CONTROL TERRESTRE DESAGUADERO","SOYA, torta",116000,"SACO(S)","BOLIVIA"
"1345","2022",10,"OFICINA PUESTO DE CONTROL MARITIMO - PROV. CONST. DEL CALLAO","MADERA, monturas y mangos de herramientas, monturas y mangos de cepillos, brochas o escobas, de madera; hormas, ensanchadores y tensores del calzado, de madera ; con algún proceso de la CRF 2",28147,"UNIDADES","HONG KONG"
"1346","2022",10,"PUESTO DE CONTROL TERRESTRE DESAGUADERO","MANI, grano sin cáscara",58000,"SACO(S)","BOLIVIA"
"1347","2022",10,"SANTA ROSA, TACNA","MANZANA, fruto fresco",11221,"CAJA(S)","CHILE"
"1348","2022",10,"PUESTO DE CONTROL TERRESTRE DESAGUADERO","SOYA, grano",30000,"SACO(S)","BOLIVIA"
"1349","2022",10,"SANTA ROSA, TACNA","KIWI, fruto fresco",12096,"CAJA(S)","CHILE"
"1350","2022",10,"OFICINA PUESTO DE CONTROL MARITIMO - PROV. CONST. DEL CALLAO","ESPINACA, semilla",1231,"SOBRES ALUMINIZADOS","CHILE"
"1351","2022",10,"OFICINA PUESTO DE CONTROL MARITIMO - PROV. CONST. DEL CALLAO","AZUCAR CRUDA, sólido",50000,"SACO(S)","COLOMBIA"
"1352","2022",10,"OFICINA PUESTO DE CONTROL MARITIMO - PROV. CONST. DEL CALLAO","ARVEJA, grano partido",69440,"SACO(S)","EEUU"
"1353","2022",10,"OFICINA PUESTO DE CONTROL MARITIMO - PROV. CONST. DEL CALLAO","ARROZ, parbolizado pulido o sin cáscara",130000,"SACO(S)","BRASIL"
"1354","2022",10,"OFICINA PUESTO DE CONTROL MARITIMO - PROV. CONST. DEL CALLAO","MARCOS, madera",4348,"UNIDADES","CHINA"
"1355","2022",10,"OFICINA PUESTO DE CONTROL MARITIMO - PROV. CONST. DEL CALLAO","MAIZ REVENTON, grano",104000,"SACO(S)","ARGENTINA"
"1356","2022",10,"OFICINA PUESTO DE CONTROL AEREO -  PROV. CONST. DEL CALLAO","PSYLLIUM (= PLANTAGO), cáscara en polvo",100,"BOLSAS","ITALIA"
"1357","2022",10,"OFICINA PUESTO DE CONTROL MARITIMO - PROV. CONST. DEL CALLAO","AZUCAR CRUDA, sólido",125000,"SACO(S)","MALTA"
"1358","2022",10,"PUESTO DE CONTROL TERRESTRE DESAGUADERO","SOYA, torta",57414,"SACO(S)","BOLIVIA"
"1359","2022",10,"PUESTO DE CONTROL TERRESTRE DESAGUADERO","SOYA, torta",142500,"SACO(S)","BOLIVIA"
"1360","2022",10,"PUESTO DE CONTROL TERRESTRE DESAGUADERO","SOYA, torta",143000,"SACO(S)","BOLIVIA"
"1361","2022",10,"PUESTO DE CONTROL TERRESTRE DESAGUADERO","SOYA, torta",168400,"GRANEL","BOLIVIA"
"1362","2022",10,"OFICINA PUESTO DE CONTROL MARITIMO - PROV. CONST. DEL CALLAO","PINO, madera aserrada con algún proceso de la CRF2",117590,"PAQUETES","CHILE"
"1363","2022",10,"SANTA ROSA, TACNA","TRIGO, afrecho seco industrial",56000,"SACO(S)","CHILE"
"1364","2022",10,"PUERTO FLUVIAL MAZUZA, LORETO","AZUCAR BLANCA O REFINADA (lectura polarimetrica mayor 99.5°)",120000,"SACO(S)","BRASIL"
"1365","2022",10,"PUESTO DE CONTROL TERRESTRE DESAGUADERO","SOYA, torta",167980,"GRANEL","BOLIVIA"
"1366","2022",10,"PUESTO DE CONTROL TERRESTRE DESAGUADERO","SOYA, torta",57120,"GRANEL","BOLIVIA"
"1367","2022",10,"PUESTO DE CONTROL TERRESTRE DESAGUADERO","SOYA, torta",25410,"GRANEL","BOLIVIA"
"1368","2022",10,"PUESTO DE CONTROL TERRESTRE DESAGUADERO","SOYA, torta",27000,"GRANEL","BOLIVIA"
"1369","2022",10,"OFICINA PUESTO DE CONTROL MARITIMO - PROV. CONST. DEL CALLAO","GARBANZO, grano",23000,"SACO(S)","MEXICO"
"1370","2022",10,"PUESTO DE CONTROL- CEBAF","CAÑA DE GUAYAQUIL, seca al natural",34000,"UNIDADES","ECUADOR"
"1371","2022",10,"PUESTO DE CONTROL TERRESTRE DESAGUADERO","SOYA, torta",116000,"SACO(S)","BOLIVIA"
"1372","2022",10,"IÑAPARI, MADRE DE DIOS","MAIZ AMARILLO DURO, grano",26000,"GRANEL","BRASIL"
"1373","2022",10,"IÑAPARI, MADRE DE DIOS","MAIZ AMARILLO DURO, grano",32000,"GRANEL","BRASIL"
"1374","2022",10,"IÑAPARI, MADRE DE DIOS","MAIZ AMARILLO DURO, grano",32000,"GRANEL","BRASIL"
"1375","2022",10,"IÑAPARI, MADRE DE DIOS","MAIZ AMARILLO DURO, grano",32000,"GRANEL","BRASIL"
"1376","2022",10,"IÑAPARI, MADRE DE DIOS","MAIZ AMARILLO DURO, grano",32000,"GRANEL","BRASIL"
"1377","2022",10,"IÑAPARI, MADRE DE DIOS","MAIZ AMARILLO DURO, grano",32000,"GRANEL","BRASIL"
"1378","2022",10,"PUESTO DE CONTROL TERRESTRE DESAGUADERO","SOYA, grano",27000,"GRANEL","BOLIVIA"
"1379","2022",10,"PUESTO DE CONTROL TERRESTRE DESAGUADERO","SOYA, grano",56000,"GRANEL","BOLIVIA"
"1380","2022",10,"PUESTO DE CONTROL TERRESTRE DESAGUADERO","SOYA, grano",56000,"GRANEL","BOLIVIA"
"1381","2022",10,"PUESTO DE CONTROL TERRESTRE DESAGUADERO","SOYA, grano",144500,"GRANEL","BOLIVIA"
"1382","2022",10,"PUESTO DE CONTROL TERRESTRE DESAGUADERO","SOYA, grano",28000,"GRANEL","BOLIVIA"
"1383","2022",10,"PUESTO DE CONTROL TERRESTRE DESAGUADERO","SOYA, grano",84000,"GRANEL","BOLIVIA"
"1384","2022",10,"PUESTO DE CONTROL TERRESTRE DESAGUADERO","SOYA, grano",28000,"GRANEL","BOLIVIA"
"1385","2022",10,"PUESTO DE CONTROL TERRESTRE DESAGUADERO","SOYA, grano",56500,"GRANEL","BOLIVIA"
"1386","2022",10,"PUESTO DE CONTROL TERRESTRE DESAGUADERO","SOYA, grano",28000,"GRANEL","BOLIVIA"
"1387","2022",10,"PUESTO DE CONTROL TERRESTRE DESAGUADERO","SOYA, grano",28000,"GRANEL","BOLIVIA"
"1388","2022",10,"PUESTO DE CONTROL TERRESTRE DESAGUADERO","SOYA, grano",28000,"GRANEL","BOLIVIA"
"1389","2022",10,"PUESTO DE CONTROL TERRESTRE DESAGUADERO","SOYA, grano",85980,"GRANEL","BOLIVIA"
"1390","2022",10,"PUESTO DE CONTROL TERRESTRE DESAGUADERO","SOYA, grano",28500,"GRANEL","BOLIVIA"
"1391","2022",10,"PUESTO DE CONTROL TERRESTRE DESAGUADERO","SOYA, grano",111930,"GRANEL","BOLIVIA"
"1392","2022",10,"PUESTO DE CONTROL TERRESTRE DESAGUADERO","SOYA, grano",28000,"GRANEL","BOLIVIA"
"1393","2022",10,"OFICINA PUESTO DE CONTROL MARITIMO - PROV. CONST. DEL CALLAO","PINO, postes de madera con algun proceso de la CRF 2",102353,"UNIDADES","CHILE"
"1394","2022",10,"PUESTO DE CONTROL TERRESTRE DESAGUADERO","SOYA, grano",111000,"GRANEL","BOLIVIA"
"1395","2022",10,"PUESTO DE CONTROL TERRESTRE DESAGUADERO","SOYA, grano",55500,"GRANEL","BOLIVIA"
"1396","2022",10,"PUESTO DE CONTROL TERRESTRE DESAGUADERO","SOYA, grano",111500,"GRANEL","BOLIVIA"
"1397","2022",10,"PUESTO DE CONTROL TERRESTRE DESAGUADERO","SOYA, grano",57000,"GRANEL","BOLIVIA"
"1398","2022",10,"OFICINA PUESTO DE CONTROL MARITIMO - PROV. CONST. DEL CALLAO","CANELA, corteza entera seca al natural",13620,"CAJA(S)","SRI LANKA"
"1399","2022",10,"PUESTO DE CONTROL TERRESTRE DESAGUADERO","SOYA, torta",56500,"GRANEL","BOLIVIA"
"1400","2022",10,"PUESTO DE CONTROL TERRESTRE DESAGUADERO","AZUCAR BLANCA O REFINADA (lectura polarimetrica mayor 99.5°)",27970,"SACO(S)","BOLIVIA"
"1401","2022",10,"OFICINA PUESTO DE CONTROL MARITIMO - PROV. CONST. DEL CALLAO","AZUCAR CRUDA, sólido",260000,"SACO(S)","NICARAGUA"
"1402","2022",10,"OFICINA PUESTO DE CONTROL MARITIMO - PROV. CONST. DEL CALLAO","MANZANA, fruto fresco",39405.8,"CAJA(S)","CHILE"
"1403","2022",10,"OFICINA PUESTO DE CONTROL MARITIMO - PROV. CONST. DEL CALLAO","AZUCAR CRUDA, sólido",260000,"SACO(S)","NICARAGUA"
"1404","2022",10,"OFICINA PUESTO DE CONTROL MARITIMO - PROV. CONST. DEL CALLAO","MAIZ AMARILLO DURO, grano",16859930,"GRANEL","ARGENTINA"
"1405","2022",10,"OFICINA PUESTO DE CONTROL MARITIMO - PROV. CONST. DEL CALLAO","MAIZ, harina",72000,"SACO(S)","MEXICO"
"1406","2022",10,"PUESTO DE CONTROL TERRESTRE DESAGUADERO","AZUCAR BLANCA O REFINADA (lectura polarimetrica mayor 99.5°)",58000,"SACO(S)","BOLIVIA"
"1407","2022",10,"OFICINA PUESTO DE CONTROL MARITIMO - PROV. CONST. DEL CALLAO","SOYA, torta",12794750,"GRANEL","PARAGUAY EN TRANSITO POR ARGENTINA"
"1408","2022",10,"OFICINA PUESTO DE CONTROL MARITIMO - PROV. CONST. DEL CALLAO","AZUCAR CRUDA, sólido",260000,"SACO(S)","NICARAGUA"
"1409","2022",10,"OFICINA PUESTO DE CONTROL MARITIMO - PROV. CONST. DEL CALLAO","AZUCAR CRUDA, sólido",125000,"SACO(S)","HONDURAS"
"1410","2022",10,"OFICINA PUESTO DE CONTROL MARITIMO - PROV. CONST. DEL CALLAO","UVA (PASAS), secas naturalmente",42000,"CAJA(S)","ARGENTINA"
"1411","2022",10,"OFICINA PUESTO DE CONTROL MARITIMO - PROV. CONST. DEL CALLAO","PERA, fruta fresca",45360,"CAJA(S)","ARGENTINA"
"1412","2022",10,"OFICINA PUESTO DE CONTROL MARITIMO - PROV. CONST. DEL CALLAO","ALGODON, fibra sin cardar ni peinar (>22.22 mm = o <28.57 mm)",19993,"FARDOS","EEUU"
"1413","2022",10,"PUESTO DE CONTROL TERRESTRE DESAGUADERO","AJONJOLI, grano",29000,"SACO(S)","BOLIVIA"
"1414","2022",10,"OFICINA PUESTO DE CONTROL MARITIMO - PROV. CONST. DEL CALLAO","AZUCAR CRUDA, sólido",125000,"SACO(S)","HONDURAS"
"1415","2022",10,"OFICINA PUESTO DE CONTROL MARITIMO - PROV. CONST. DEL CALLAO","AZUCAR CRUDA, sólido",125000,"SACO(S)","HONDURAS"
"1416","2022",10,"OFICINA PUESTO DE CONTROL MARITIMO - PROV. CONST. DEL CALLAO","PAPA, hojuelas y pellets",750,"PIEZAS","MEXICO"
"1417","2022",10,"OFICINA PUESTO DE CONTROL MARITIMO - PROV. CONST. DEL CALLAO","PAPA, hojuelas y pellets",1280,"CAJA(S)","MEXICO"
"1418","2022",10,"OFICINA PUESTO DE CONTROL AEREO -  PROV. CONST. DEL CALLAO","MAIZ, semilla",3.57,"SOBRES","ARGENTINA"
"1419","2022",10,"OFICINA PUESTO DE CONTROL AEREO -  PROV. CONST. DEL CALLAO","ARANDANO, planta",972,"CAJA(S)","CHILE"
"1420","2022",10,"OFICINA PUESTO DE CONTROL MARITIMO - PROV. CONST. DEL CALLAO","PINO, madera aserrada con algún proceso de la CRF2",135520,"PAQUETES","CHILE"
"1421","2022",10,"OFICINA PUESTO DE CONTROL AEREO -  PROV. CONST. DEL CALLAO","LAS DEMAS PLANTAS, partes de plantas, semillas y frutos de especies utilizadas principalmente en perfumeria,medicina insecticidas o similares con algún proceso del a CRF 2",7.051,"SACHETS","CHILE"
"1422","2022",10,"OFICINA PUESTO DE CONTROL AEREO -  PROV. CONST. DEL CALLAO","LAS DEMAS PLANTAS, partes de plantas, semillas y frutos de especies utilizadas principalmente en perfumeria,medicina insecticidas o similares con algún proceso del a CRF 2",5.279,"CAJA(S)","CHILE"
"1423","2022",10,"PUESTO DE CONTROL TERRESTRE DESAGUADERO","FREJOL NEGRO, grano",29000,"SACO(S)","BOLIVIA"
"1424","2022",10,"OFICINA PUESTO DE CONTROL AEREO -  PROV. CONST. DEL CALLAO","ARANDANO, planta",1600,"CAJA(S)","CHILE"
"1425","2022",10,"OFICINA PUESTO DE CONTROL MARITIMO - PROV. CONST. DEL CALLAO","Articulos para fiestas de navidad que sean o contengan material vegetal
",3.925,"UNIDADES","CHINA"
"1426","2022",10,"OFICINA PUESTO DE CONTROL AEREO -  PROV. CONST. DEL CALLAO","ESPARRAGO, semilla",113,"BALDES","CHILE"
"1427","2022",10,"OFICINA PUESTO DE CONTROL MARITIMO - PROV. CONST. DEL CALLAO","ALGODON, fibra sin cardar ni peinar (>28.57 mm = o <34.92 mm)",226.8,"FARDOS","EEUU"
"1428","2022",10,"OFICINA PUESTO DE CONTROL MARITIMO - PROV. CONST. DEL CALLAO","PERA, fruta fresca",22680,"CAJA(S)","ARGENTINA"
"1429","2022",10,"OFICINA PUESTO DE CONTROL MARITIMO - PROV. CONST. DEL CALLAO","PERA, fruta fresca",22680,"CAJA(S)","ARGENTINA"
"1430","2022",10,"OFICINA PUESTO DE CONTROL MARITIMO - PROV. CONST. DEL CALLAO","MANZANA, fruto fresco",19600,"CAJA(S)","CHILE"
"1431","2022",10,"OFICINA PUESTO DE CONTROL MARITIMO - PROV. CONST. DEL CALLAO","PERA, fruta fresca",24210.9,"CAJA(S)","ARGENTINA"
"1432","2022",10,"OFICINA PUESTO DE CONTROL MARITIMO - PROV. CONST. DEL CALLAO","PAPA, fécula",1e+05,"SACO(S)","ALEMANIA"
"1433","2022",10,"OFICINA PUESTO DE CONTROL MARITIMO - PROV. CONST. DEL CALLAO","PAPA, fécula",110000,"SACO(S)","POLONIA"
"1434","2022",10,"OFICINA PUESTO DE CONTROL MARITIMO - PROV. CONST. DEL CALLAO","GARBANZO, grano",48000,"SACO(S)","MEXICO"
"1435","2022",10,"SANTA ROSA, TACNA","MANZANA, fruto fresco",23520,"CAJA(S)","CHILE"
"1436","2022",10,"SANTA ROSA, TACNA","MANZANA, fruto fresco",23520,"CAJA(S)","CHILE"
"1437","2022",10,"OFICINA PUESTO DE CONTROL MARITIMO - PROV. CONST. DEL CALLAO","MANZANA, fruto fresco",1862,"CAJA(S)","ARGENTINA"
"1438","2022",10,"OFICINA PUESTO DE CONTROL MARITIMO - PROV. CONST. DEL CALLAO","PERA, fruta fresca",21546,"CAJA(S)","ARGENTINA"
"1439","2022",10,"OFICINA PUESTO DE CONTROL AEREO -  PROV. CONST. DEL CALLAO","MAIZ, semilla",0.846,"BOLSAS","BRASIL"
"1440","2022",10,"OFICINA PUESTO DE CONTROL AEREO -  PROV. CONST. DEL CALLAO","ALHELI, semilla",0.08077,"SACHETS","EEUU"
"1441","2022",10,"OFICINA PUESTO DE CONTROL AEREO -  PROV. CONST. DEL CALLAO","CALENDULA, semilla",0.10945,"SACHETS","EEUU"
"1442","2022",10,"OFICINA PUESTO DE CONTROL AEREO -  PROV. CONST. DEL CALLAO","CLAVEL, semilla",0.03099,"SACHETS","EEUU"
"1443","2022",10,"OFICINA PUESTO DE CONTROL AEREO -  PROV. CONST. DEL CALLAO","COREOPSIS, semilla",0.04232,"SACHETS","EEUU"
"1444","2022",10,"OFICINA PUESTO DE CONTROL AEREO -  PROV. CONST. DEL CALLAO","DALIA, semilla",0.31774,"SACHETS","EEUU"
"1445","2022",10,"OFICINA PUESTO DE CONTROL AEREO -  PROV. CONST. DEL CALLAO","DIANTHUS, semilla",0.02509,"SACHETS","EEUU"
"1446","2022",10,"OFICINA PUESTO DE CONTROL AEREO -  PROV. CONST. DEL CALLAO","GAILLARDIA, semilla",0.01687,"SACHETS","EEUU"
"1447","2022",10,"OFICINA PUESTO DE CONTROL AEREO -  PROV. CONST. DEL CALLAO","GAZANIA, semilla",0.23499,"SACHETS","EEUU"
"1448","2022",10,"OFICINA PUESTO DE CONTROL AEREO -  PROV. CONST. DEL CALLAO","GERANIO, semilla",0.00199,"SACHETS","EEUU"
"1449","2022",10,"OFICINA PUESTO DE CONTROL AEREO -  PROV. CONST. DEL CALLAO","LEPIDIUM, semilla",0.00187,"SACHETS","EEUU"
"1450","2022",10,"OFICINA PUESTO DE CONTROL AEREO -  PROV. CONST. DEL CALLAO","MARIGOLD, semilla",0.23136,"SACHETS","EEUU"
"1451","2022",10,"OFICINA PUESTO DE CONTROL AEREO -  PROV. CONST. DEL CALLAO","PENSAMIENTO, semilla",0.00174,"SACHETS","EEUU"
"1452","2022",10,"OFICINA PUESTO DE CONTROL AEREO -  PROV. CONST. DEL CALLAO","PETUNIA, semilla",0.0046,"SACHETS","EEUU"
"1453","2022",10,"OFICINA PUESTO DE CONTROL AEREO -  PROV. CONST. DEL CALLAO","VERBENA, semilla",0.15984,"SACHETS","EEUU"
"1454","2022",10,"OFICINA PUESTO DE CONTROL AEREO -  PROV. CONST. DEL CALLAO","VINCA, semilla",0.35827,"SACHETS","EEUU"
"1455","2022",10,"OFICINA PUESTO DE CONTROL AEREO -  PROV. CONST. DEL CALLAO","TRIGO, almidon",1,"BOLSAS","ARGENTINA"
"1456","2022",10,"OFICINA PUESTO DE CONTROL AEREO -  PROV. CONST. DEL CALLAO","PAPA, almidon",2,"BOLSAS","POLONIA"
"1457","2022",10,"PUESTO DE CONTROL- CEBAF","ROSA, flores frescas cortadas",3629,"CAJA(S)","ECUADOR"
"1458","2022",10,"PUESTO DE CONTROL- CEBAF","CLAVEL, flores frescas cortadas",1094,"CAJA(S)","ECUADOR"
"1459","2022",10,"PUESTO DE CONTROL TERRESTRE DESAGUADERO","SOYA, torta",75000,"GRANEL","BOLIVIA"
"1460","2022",10,"OFICINA PUESTO DE CONTROL MARITIMO - PROV. CONST. DEL CALLAO","AVENA, grano trabajado (mondado, perlado, troceado o quebrantado)",96000,"SACO(S)","CHILE"
"1461","2022",10,"OFICINA PUESTO DE CONTROL MARITIMO - PROV. CONST. DEL CALLAO","ARVEJA, grano partido",26308,"SACO(S)","CANADA"
"1462","2022",10,"OFICINA PUESTO DE CONTROL MARITIMO - PROV. CONST. DEL CALLAO","AVENA, grano aplastado o en copos (hojuelas)",105000,"SACO(S)","CHILE"
"1463","2022",10,"OFICINA PUESTO DE CONTROL MARITIMO - PROV. CONST. DEL CALLAO","MADERA, monturas y mangos de herramientas, monturas y mangos de cepillos, brochas o escobas, de madera; hormas, ensanchadores y tensores del calzado, de madera ; con algún proceso de la CRF 2",82376.92,"UNIDADES","CHINA"
"1464","2022",10,"SANTA ROSA, TACNA","TRIGO, afrecho seco industrial",56000,"SACO(S)","CHILE"
"1465","2022",10,"OFICINA PUESTO DE CONTROL MARITIMO - PROV. CONST. DEL CALLAO","PERA, fruta fresca",22680,"CAJA(S)","ARGENTINA"
"1466","2022",10,"PUERTO DE PAITA , PIURA","ARANDANO, fruto fresco",12240,"CAJA(S)","EEUU"
"1467","2022",10,"OFICINA PUESTO DE CONTROL AEREO -  PROV. CONST. DEL CALLAO","PIMIENTO, semilla",0.11,"SACHETS","FRANCIA"
"1468","2022",10,"OFICINA PUESTO DE CONTROL AEREO -  PROV. CONST. DEL CALLAO","PIMIENTO, semilla",0.11818,"SACHETS","HOLANDA"
"1469","2022",10,"OFICINA PUESTO DE CONTROL AEREO -  PROV. CONST. DEL CALLAO","ZAPALLO (CALABAZA AMARILLA), semilla",16.103,"SACHETS","HOLANDA"
"1470","2022",10,"OFICINA PUESTO DE CONTROL AEREO -  PROV. CONST. DEL CALLAO","TOMATE, semilla",0.107,"SACHETS","FRANCIA"
"1471","2022",10,"OFICINA PUESTO DE CONTROL AEREO -  PROV. CONST. DEL CALLAO","PEPINILLO, semilla",0.745,"SACHETS","JAPON"
"1472","2022",10,"OFICINA PUESTO DE CONTROL AEREO -  PROV. CONST. DEL CALLAO","TOMATE, semilla",0.319,"SACHETS","HOLANDA"
"1473","2022",10,"OFICINA PUESTO DE CONTROL AEREO -  PROV. CONST. DEL CALLAO","ZAPALLO (CALABAZA AMARILLA), semilla",11.274,"SACHETS","HOLANDA"
"1474","2022",10,"OFICINA PUESTO DE CONTROL AEREO -  PROV. CONST. DEL CALLAO","CALABAZA MOSCADA, semilla",1.453,"SACHETS","HOLANDA"
"1475","2022",10,"OFICINA PUESTO DE CONTROL AEREO -  PROV. CONST. DEL CALLAO","MELON, semilla",0.175,"SACHETS","HOLANDA"
"1476","2022",10,"OFICINA PUESTO DE CONTROL AEREO -  PROV. CONST. DEL CALLAO","MELON, semilla",0.381,"SACHETS","HOLANDA"
"1477","2022",10,"PUESTO DE CONTROL- CEBAF","ARROZ, grano pilado",64000,"SACO(S)","ECUADOR"
"1478","2022",10,"OFICINA PUESTO DE CONTROL MARITIMO - PROV. CONST. DEL CALLAO","PINO, madera aserrada con algún proceso de la CRF2",23066,"PAQUETES","CHILE"
"1479","2022",10,"PUESTO DE CONTROL TERRESTRE DESAGUADERO","SOYA, torta",145000,"SACO(S)","BOLIVIA"
"1480","2022",10,"PUESTO DE CONTROL- CEBAF","CAÑA DE GUAYAQUIL, seca al natural",32000,"UNIDADES","ECUADOR"
"1481","2022",10,"PUESTO DE CONTROL TERRESTRE DESAGUADERO","AZUCAR BLANCA O REFINADA (lectura polarimetrica mayor 99.5°)",145000,"SACO(S)","BOLIVIA"
"1482","2022",10,"PUESTO DE CONTROL TERRESTRE DESAGUADERO","AZUCAR BLANCA O REFINADA (lectura polarimetrica mayor 99.5°)",89000,"SACO(S)","BOLIVIA"
"1483","2022",10,"PUESTO DE CONTROL- CEBAF","CAÑA DE GUAYAQUIL, seca al natural",30000,"UNIDADES","ECUADOR"
"1484","2022",10,"PUESTO DE CONTROL TERRESTRE DESAGUADERO","SOYA, torta",111590,"GRANEL","BOLIVIA"
"1485","2022",10,"PUESTO DE CONTROL TERRESTRE DESAGUADERO","SOYA, torta",56200,"GRANEL","BOLIVIA"
"1486","2022",10,"PUESTO DE CONTROL TERRESTRE DESAGUADERO","SOYA, torta",115540,"GRANEL","BOLIVIA"
"1487","2022",10,"PUESTO DE CONTROL TERRESTRE DESAGUADERO","SOYA, torta",29100,"GRANEL","BOLIVIA"
"1488","2022",10,"PUESTO DE CONTROL TERRESTRE DESAGUADERO","SOYA, torta",28543,"SACO(S)","BOLIVIA"
"1489","2022",10,"SANTA ROSA, TACNA","MANZANA, fruto fresco",22912,"CAJA(S)","CHILE"
"1490","2022",10,"OFICINA PUESTO DE CONTROL MARITIMO - PROV. CONST. DEL CALLAO","TURBA",59530,"SACO(S)","CANADA"
"1491","2022",10,"PUESTO DE CONTROL TERRESTRE DESAGUADERO","SOYA, torta",115988,"SACO(S)","BOLIVIA"
"1492","2022",10,"PUESTO DE CONTROL TERRESTRE DESAGUADERO","SOYA, torta",174000,"SACO(S)","BOLIVIA"
"1493","2022",10,"PUESTO DE CONTROL TERRESTRE DESAGUADERO","SOYA, torta",56000,"GRANEL","BOLIVIA"
"1494","2022",10,"PUESTO DE CONTROL TERRESTRE DESAGUADERO","SOYA, torta",56000,"GRANEL","BOLIVIA"
"1495","2022",10,"PUESTO DE CONTROL TERRESTRE DESAGUADERO","SOYA, torta",59000,"GRANEL","BOLIVIA"
"1496","2022",10,"PUESTO DE CONTROL TERRESTRE DESAGUADERO","SOYA, torta",56000,"GRANEL","BOLIVIA"
"1497","2022",10,"PUESTO DE CONTROL TERRESTRE DESAGUADERO","SOYA, torta",115000,"GRANEL","BOLIVIA"
"1498","2022",10,"PUESTO DE CONTROL TERRESTRE DESAGUADERO","SOYA, torta",56650,"GRANEL","BOLIVIA"
"1499","2022",10,"PUESTO DE CONTROL TERRESTRE DESAGUADERO","SOYA, torta",83500,"GRANEL","BOLIVIA"
"1500","2022",10,"PUESTO DE CONTROL TERRESTRE DESAGUADERO","AZUCAR BLANCA O REFINADA (lectura polarimetrica mayor 99.5°)",29000,"SACO(S)","BOLIVIA"
"1501","2022",10,"OFICINA PUESTO DE CONTROL MARITIMO - PROV. CONST. DEL CALLAO","COCO, fibra (para sustrato)",575.26,"CAJA(S)","SRI LANKA"
"1502","2022",10,"OFICINA PUESTO DE CONTROL MARITIMO - PROV. CONST. DEL CALLAO","COCO, fibra (para sustrato)",9478.74,"BOLSAS","SRI LANKA"
"1503","2022",10,"OFICINA PUESTO DE CONTROL MARITIMO - PROV. CONST. DEL CALLAO","FREJOL, grano",44000,"SACO(S)","MEXICO"
"1504","2022",10,"OFICINA PUESTO DE CONTROL MARITIMO - PROV. CONST. DEL CALLAO","GARBANZO, grano",352000,"SACO(S)","MEXICO"
"1505","2022",10,"PUESTO DE CONTROL TERRESTRE DESAGUADERO","SOYA, torta",112000,"SACO(S)","BOLIVIA"
"1506","2022",10,"OFICINA PUESTO DE CONTROL MARITIMO - PROV. CONST. DEL CALLAO","Articulos para fiestas de navidad que sean o contengan material vegetal
",96.2,"CAJA(S)","EL SALVADOR"
"1507","2022",10,"OFICINA PUESTO DE CONTROL AEREO -  PROV. CONST. DEL CALLAO","MAIZ, semilla",9.31,"SOBRES","FRANCIA"
"1508","2022",10,"OFICINA PUESTO DE CONTROL MARITIMO - PROV. CONST. DEL CALLAO","ARVEJA, grano partido",46540,"SACO(S)","EEUU"
"1509","2022",10,"OFICINA PUESTO DE CONTROL MARITIMO - PROV. CONST. DEL CALLAO","AVENA, grano trabajado (mondado, perlado, troceado o quebrantado)",167800,"SACO(S)","CHILE"
"1510","2022",10,"OFICINA PUESTO DE CONTROL MARITIMO - PROV. CONST. DEL CALLAO","PERA, fruta fresca",22680,"CAJA(S)","ARGENTINA"
"1511","2022",10,"PUESTO DE CONTROL TERRESTRE DESAGUADERO","SOYA, grano",55980,"GRANEL","BOLIVIA"
"1512","2022",10,"PUESTO DE CONTROL TERRESTRE DESAGUADERO","SOYA, grano",28000,"GRANEL","BOLIVIA"
"1513","2022",10,"PUESTO DE CONTROL TERRESTRE DESAGUADERO","SOYA, grano",28000,"GRANEL","BOLIVIA"
"1514","2022",10,"PUESTO DE CONTROL TERRESTRE DESAGUADERO","SOYA, grano",28000,"GRANEL","BOLIVIA"
"1515","2022",10,"PUESTO DE CONTROL TERRESTRE DESAGUADERO","SOYA, grano",25000,"GRANEL","BOLIVIA"
"1516","2022",10,"PUESTO DE CONTROL TERRESTRE DESAGUADERO","SOYA, grano",28000,"GRANEL","BOLIVIA"
"1517","2022",10,"PUESTO DE CONTROL TERRESTRE DESAGUADERO","SOYA, grano",80000,"GRANEL","BOLIVIA"
"1518","2022",10,"PUESTO DE CONTROL TERRESTRE DESAGUADERO","SOYA, grano",55000,"GRANEL","BOLIVIA"
"1519","2022",10,"PUESTO DE CONTROL TERRESTRE DESAGUADERO","SOYA, grano",55000,"GRANEL","BOLIVIA"
"1520","2022",10,"PUESTO DE CONTROL TERRESTRE DESAGUADERO","SOYA, grano",56000,"GRANEL","BOLIVIA"
"1521","2022",10,"PUESTO DE CONTROL TERRESTRE DESAGUADERO","SOYA, grano",28000,"GRANEL","BOLIVIA"
"1522","2022",10,"PUESTO DE CONTROL TERRESTRE DESAGUADERO","SOYA, grano",55000,"GRANEL","BOLIVIA"
"1523","2022",10,"PUESTO DE CONTROL TERRESTRE DESAGUADERO","SOYA, grano",26980,"GRANEL","BOLIVIA"
"1524","2022",10,"OFICINA PUESTO DE CONTROL MARITIMO - PROV. CONST. DEL CALLAO","CANELA, corteza entera seca al natural",13500,"CAJA(S)","SRI LANKA"
"1525","2022",10,"PUESTO DE CONTROL TERRESTRE DESAGUADERO","SOYA, torta",115200,"GRANEL","BOLIVIA"
"1526","2022",10,"PUESTO DE CONTROL TERRESTRE DESAGUADERO","SOYA, torta",58090,"GRANEL","BOLIVIA"
"1527","2022",10,"PUESTO DE CONTROL TERRESTRE DESAGUADERO","SOYA, torta",56100,"GRANEL","BOLIVIA"
"1528","2022",10,"PUESTO DE CONTROL TERRESTRE DESAGUADERO","SOYA, torta",56330,"GRANEL","BOLIVIA"
"1529","2022",10,"PUESTO DE CONTROL TERRESTRE DESAGUADERO","SOYA, torta",143700,"SACO(S)","BOLIVIA"
"1530","2022",10,"PUESTO DE CONTROL TERRESTRE DESAGUADERO","FREJOL NEGRO, grano",30000,"SACO(S)","BOLIVIA"
"1531","2022",10,"OFICINA PUESTO DE CONTROL MARITIMO - PROV. CONST. DEL CALLAO","ARVEJA, grano partido",52570,"SACO(S)","CANADA"
"1532","2022",10,"OFICINA PUESTO DE CONTROL AEREO -  PROV. CONST. DEL CALLAO","TE VERDE",3,"CAJA(S)",NA
"1533","2022",10,"OFICINA PUESTO DE CONTROL MARITIMO - PROV. CONST. DEL CALLAO","AZUCAR CRUDA, sólido",130000,"SACO(S)","NICARAGUA"
"1534","2022",10,"PUERTO DE PAITA , PIURA","ARANDANO, fruto fresco",15120,"CAJA(S)","EEUU"
"1535","2022",10,"PUERTO DE PAITA , PIURA","ARANDANO, fruto fresco",13145.76,"CAJA(S)","EEUU"
"1536","2022",10,"OFICINA PUESTO DE CONTROL MARITIMO - PROV. CONST. DEL CALLAO","AZUCAR CRUDA, sólido",260000,"SACO(S)","NICARAGUA"
"1537","2022",10,"OFICINA PUESTO DE CONTROL MARITIMO - PROV. CONST. DEL CALLAO","PERA, fruta fresca",22680,"CAJA(S)","ARGENTINA"
"1538","2022",10,"OFICINA PUESTO DE CONTROL MARITIMO - PROV. CONST. DEL CALLAO","Articulos para fiestas de navidad que sean o contengan material vegetal
",70.331,"CAJA(S)","EL SALVADOR"
"1539","2022",10,"OFICINA PUESTO DE CONTROL AEREO -  PROV. CONST. DEL CALLAO","MAIZ, almidon",0.06,"SACHETS","EEUU"
"1540","2022",10,"IÑAPARI, MADRE DE DIOS","ARROZ, grano pilado",64020,"PAQUETES","BRASIL"
"1541","2022",10,"OFICINA PUESTO DE CONTROL MARITIMO - PROV. CONST. DEL CALLAO","AVENA, grano trabajado (mondado, perlado, troceado o quebrantado)",120000,"SACO(S)","CHILE"
"1542","2022",10,"OFICINA PUESTO DE CONTROL MARITIMO - PROV. CONST. DEL CALLAO","ARROZ, parbolizado pulido o sin cáscara",6.3,"CAJA(S)","CHILE"
"1543","2022",10,"OFICINA PUESTO DE CONTROL MARITIMO - PROV. CONST. DEL CALLAO","TRIGO, harina",36,"CAJA(S)","CHILE"
"1544","2022",10,"OFICINA PUESTO DE CONTROL MARITIMO - PROV. CONST. DEL CALLAO","AVENA, grano trabajado (mondado, perlado, troceado o quebrantado)",168000,"SACO(S)","CHILE"
"1545","2022",10,"OFICINA PUESTO DE CONTROL AEREO -  PROV. CONST. DEL CALLAO","PIMIENTO, semilla",36,"SOBRES","EEUU"
"1546","2022",10,"OFICINA PUESTO DE CONTROL AEREO -  PROV. CONST. DEL CALLAO","PIMIENTO, semilla",800,"LATAS","EEUU"
"1547","2022",10,"PUESTO DE CONTROL TERRESTRE DESAGUADERO","SOYA, torta",168000,"GRANEL","BOLIVIA"
"1548","2022",10,"PUESTO DE CONTROL TERRESTRE DESAGUADERO","SOYA, torta",87810,"GRANEL","BOLIVIA"
"1549","2022",10,"PUESTO DE CONTROL TERRESTRE DESAGUADERO","SOYA, torta",27970,"GRANEL","BOLIVIA"
"1550","2022",10,"PUESTO DE CONTROL TERRESTRE DESAGUADERO","SOYA, torta",127000,"GRANEL","BOLIVIA"
"1551","2022",10,"PUESTO DE CONTROL TERRESTRE DESAGUADERO","SOYA, torta",84120,"GRANEL","BOLIVIA"
"1552","2022",10,"PUESTO DE CONTROL TERRESTRE DESAGUADERO","SOYA, torta",55220,"GRANEL","BOLIVIA"
"1553","2022",10,"PUESTO DE CONTROL TERRESTRE DESAGUADERO","SOYA, torta",82150,"GRANEL","BOLIVIA"
"1554","2022",10,"PUESTO DE CONTROL TERRESTRE DESAGUADERO","SOYA, torta",56670,"GRANEL","BOLIVIA"
"1555","2022",10,"PUESTO DE CONTROL TERRESTRE DESAGUADERO","SOYA, torta",22830,"GRANEL","BOLIVIA"
"1556","2022",10,"PUESTO DE CONTROL TERRESTRE DESAGUADERO","SOYA, torta",28000,"GRANEL","BOLIVIA"
"1557","2022",10,"PUESTO DE CONTROL TERRESTRE DESAGUADERO","SOYA, torta",27000,"GRANEL","BOLIVIA"
"1558","2022",10,"PUESTO DE CONTROL TERRESTRE DESAGUADERO","SOYA, torta",27000,"GRANEL","BOLIVIA"
"1559","2022",10,"PUESTO DE CONTROL TERRESTRE DESAGUADERO","SOYA, torta",54850,"GRANEL","BOLIVIA"
"1560","2022",10,"PUESTO DE CONTROL TERRESTRE DESAGUADERO","SOYA, harina",25199,"SACO(S)","BOLIVIA"
"1561","2022",10,"OFICINA PUESTO DE CONTROL MARITIMO - PROV. CONST. DEL CALLAO","MADERA, monturas y mangos de herramientas, monturas y mangos de cepillos, brochas o escobas, de madera; hormas, ensanchadores y tensores del calzado, de madera ; con algún proceso de la CRF 2",1.948,"PIEZAS","MEXICO"
"1562","2022",10,"OFICINA PUESTO DE CONTROL MARITIMO - PROV. CONST. DEL CALLAO","MADERA, herramientas de madera con algún proceso de la CRF2",120.527,"PIEZAS","MEXICO"
"1563","2022",10,"OFICINA PUESTO DE CONTROL MARITIMO - PROV. CONST. DEL CALLAO","MADERA, monturas y mangos de herramientas, monturas y mangos de cepillos, brochas o escobas, de madera; hormas, ensanchadores y tensores del calzado, de madera ; con algún proceso de la CRF 2",962.597,"PIEZAS","MEXICO"
"1564","2022",10,"OFICINA PUESTO DE CONTROL MARITIMO - PROV. CONST. DEL CALLAO","MADERA, monturas y mangos de herramientas, monturas y mangos de cepillos, brochas o escobas, de madera; hormas, ensanchadores y tensores del calzado, de madera ; con algún proceso de la CRF 2",0.254,"PIEZAS","MEXICO"
"1565","2022",10,"OFICINA PUESTO DE CONTROL MARITIMO - PROV. CONST. DEL CALLAO","MADERA, monturas y mangos de herramientas, monturas y mangos de cepillos, brochas o escobas, de madera; hormas, ensanchadores y tensores del calzado, de madera ; con algún proceso de la CRF 2",980.528,"PIEZAS","MEXICO"
"1566","2022",10,"OFICINA PUESTO DE CONTROL AEREO -  PROV. CONST. DEL CALLAO","CHIA, grano",3,"BOLSAS","PARAGUAY"
"1567","2022",10,"OFICINA PUESTO DE CONTROL AEREO -  PROV. CONST. DEL CALLAO","ACACIA, planta seca, pulverizada",10,"BOLSAS","INDIA"
"1568","2022",10,"OFICINA PUESTO DE CONTROL AEREO -  PROV. CONST. DEL CALLAO","HENNA, polvo",10,"BOLSAS","INDIA"
"1569","2022",10,"OFICINA PUESTO DE CONTROL AEREO -  PROV. CONST. DEL CALLAO","INDIGO, polvo",10,"BOLSAS","INDIA"
"1570","2022",10,"OFICINA PUESTO DE CONTROL MARITIMO - PROV. CONST. DEL CALLAO","ALGODON, fibra sin cardar ni peinar (>28.57 mm = o <34.92 mm)",39306,"FARDOS","EEUU"
"1571","2022",10,"PUESTO DE CONTROL TERRESTRE DESAGUADERO","MANI, grano sin cáscara",104000,"SACO(S)","BOLIVIA"
"1572","2022",10,"PUESTO DE CONTROL- CEBAF","ROSA, flores frescas cortadas",6700,"CAJA(S)","ECUADOR"
"1573","2022",10,"PUESTO DE CONTROL- CEBAF","CLAVEL, flores frescas cortadas",300,"CAJA(S)","ECUADOR"
"1574","2022",10,"OFICINA PUESTO DE CONTROL MARITIMO - PROV. CONST. DEL CALLAO","AVENA, grano trabajado (mondado, perlado, troceado o quebrantado)",48000,"SACO(S)","CHILE"
"1575","2022",10,"OFICINA PUESTO DE CONTROL MARITIMO - PROV. CONST. DEL CALLAO","FREJOL, grano",47780,"SACO(S)","ARGENTINA"
"1576","2022",10,"OFICINA PUESTO DE CONTROL MARITIMO - PROV. CONST. DEL CALLAO","GARBANZO, grano",46000,"SACO(S)","MEXICO"
"1577","2022",10,"IÑAPARI, MADRE DE DIOS","MAIZ AMARILLO DURO, grano",48000,"GRANEL","BRASIL"
"1578","2022",10,"IÑAPARI, MADRE DE DIOS","MAIZ AMARILLO DURO, grano",32000,"GRANEL","BRASIL"
"1579","2022",10,"IÑAPARI, MADRE DE DIOS","MAIZ AMARILLO DURO, grano",32000,"GRANEL","BRASIL"
"1580","2022",10,"IÑAPARI, MADRE DE DIOS","MAIZ AMARILLO DURO, grano",32000,"GRANEL","BRASIL"
"1581","2022",10,"OFICINA PUESTO DE CONTROL MARITIMO - PROV. CONST. DEL CALLAO","ARROZ, grano pilado",48600,"BOLSAS","BRASIL"
"1582","2022",10,"PUESTO DE CONTROL TERRESTRE DESAGUADERO","AZUCAR BLANCA O REFINADA (lectura polarimetrica mayor 99.5°)",24000,"SACO(S)","BOLIVIA"
"1583","2022",10,"OFICINA PUESTO DE CONTROL MARITIMO - PROV. CONST. DEL CALLAO","UVA (PASAS), secas industrialmente",40000,"CAJA(S)","CHILE"
"1584","2022",10,"OFICINA PUESTO DE CONTROL MARITIMO - PROV. CONST. DEL CALLAO","ALGODON, fibra sin cardar ni peinar (>22.22 mm = o <28.57 mm)",297220,"FARDOS","EEUU"
"1585","2022",10,"PUESTO DE CONTROL TERRESTRE DESAGUADERO","SOYA, torta",40000,"GRANEL","BOLIVIA"
"1586","2022",10,"PUESTO DE CONTROL TERRESTRE DESAGUADERO","SOYA, torta",50300,"GRANEL","BOLIVIA"
"1587","2022",10,"PUESTO DE CONTROL TERRESTRE DESAGUADERO","SOYA, torta",84000,"GRANEL","BOLIVIA"
"1588","2022",10,"PUESTO DE CONTROL TERRESTRE DESAGUADERO","SOYA, torta",82600,"GRANEL","BOLIVIA"
"1589","2022",10,"OFICINA PUESTO DE CONTROL AEREO -  PROV. CONST. DEL CALLAO","TE VERDE, hoja polvo",7,"BOLSAS","JAPON"
"1590","2022",10,"PUESTO DE CONTROL TERRESTRE DESAGUADERO","SOYA, grano",58000,"SACO(S)","BOLIVIA"
"1591","2022",10,"PUESTO DE CONTROL TERRESTRE DESAGUADERO","FREJOL NEGRO, grano",60000,"SACO(S)","BOLIVIA"
"1592","2022",10,"OFICINA PUESTO DE CONTROL MARITIMO - PROV. CONST. DEL CALLAO","FREJOL CANARIO, grano",1701,"BOLSAS","EEUU"
"1593","2022",10,"OFICINA PUESTO DE CONTROL MARITIMO - PROV. CONST. DEL CALLAO","ARROZ, grano pilado",6982,"BOLSAS","EEUU"
"1594","2022",10,"OFICINA PUESTO DE CONTROL MARITIMO - PROV. CONST. DEL CALLAO","LENTEJA, grano",1442,"BOLSAS","EEUU"
"1595","2022",10,"OFICINA PUESTO DE CONTROL MARITIMO - PROV. CONST. DEL CALLAO","MANZANA, fruto fresco",39656,"CAJA(S)","CHILE"
"1596","2022",10,"PUESTO DE CONTROL TERRESTRE DESAGUADERO","AJONJOLI, grano",29000,"SACO(S)","BOLIVIA"
"1597","2022",10,"OFICINA PUESTO DE CONTROL MARITIMO - PROV. CONST. DEL CALLAO","MAIZ, harina",84000,"PACAS","COLOMBIA"
"1598","2022",10,"OFICINA PUESTO DE CONTROL MARITIMO - PROV. CONST. DEL CALLAO","MADERA, monturas y mangos de herramientas, monturas y mangos de cepillos, brochas o escobas, de madera; hormas, ensanchadores y tensores del calzado, de madera ; con algún proceso de la CRF 2",28027,"UNIDADES","CHINA"
"1599","2022",10,"PUESTO DE CONTROL TERRESTRE DESAGUADERO","SOYA, harina",145000,"SACO(S)","BOLIVIA"
"1600","2022",10,"OFICINA PUESTO DE CONTROL MARITIMO - PROV. CONST. DEL CALLAO","LENTEJA, grano",131400,"SACO(S)","CANADA"
"1601","2022",10,"OFICINA PUESTO DE CONTROL MARITIMO - PROV. CONST. DEL CALLAO","Marañon (NUEZ DE CAJU), semilla alimenticia sin cascara, seca industriamente",24948,"CAJA(S)","BRASIL"
"1602","2022",10,"OFICINA PUESTO DE CONTROL MARITIMO - PROV. CONST. DEL CALLAO","ALGODON, fibra sin cardar ni peinar (>28.57 mm = o <34.92 mm)",19152,"FARDOS","EEUU"
"1603","2022",10,"OFICINA PUESTO DE CONTROL AEREO -  PROV. CONST. DEL CALLAO","PIMIENTO, semilla",0.038,"SACHETS","FRANCIA"
"1604","2022",10,"PUESTO DE CONTROL TERRESTRE DESAGUADERO","SOYA, harina",87000,"SACO(S)","BOLIVIA"
"1605","2022",10,"OFICINA PUESTO DE CONTROL MARITIMO - PROV. CONST. DEL CALLAO","COCO, fibra (para sustrato)",614520,"PALETAS","SRI LANKA"
"1606","2022",10,"OFICINA PUESTO DE CONTROL MARITIMO - PROV. CONST. DEL CALLAO","ARVEJA, grano partido",46410,"SACO(S)","EEUU"
"1607","2022",10,"OFICINA PUESTO DE CONTROL AEREO -  PROV. CONST. DEL CALLAO","TOMATE, semilla",2.783,"SACHETS","ALEMANIA"
"1608","2022",10,"PUESTO DE CONTROL TERRESTRE DESAGUADERO","AZUCAR BLANCA O REFINADA (lectura polarimetrica mayor 99.5°)",56000,"SACO(S)","BOLIVIA"
"1609","2022",10,"PUESTO DE CONTROL TERRESTRE DESAGUADERO","SOYA, harina",53500,"SACO(S)","BOLIVIA"
"1610","2022",10,"OFICINA PUESTO DE CONTROL MARITIMO - PROV. CONST. DEL CALLAO","AVENA, grano trabajado (mondado, perlado, troceado o quebrantado)",50000,"SACO(S)","CHILE"
"1611","2022",10,"PUESTO DE CONTROL TERRESTRE DESAGUADERO","MANI, grano sin cáscara",87000,"SACO(S)","BOLIVIA"
"1612","2022",10,"PUERTO DE PAITA , PIURA","ARVEJA, grano partido",25991,"SACO(S)","CANADA"
"1613","2022",10,"PUERTO DE PAITA , PIURA","ARVEJA, grano partido",77973,"SACO(S)","CANADA"
"1614","2022",10,"OFICINA PUESTO DE CONTROL MARITIMO - PROV. CONST. DEL CALLAO","LENTEJA, grano",47174,"SACO(S)","EEUU"
"1615","2022",10,"PUESTO DE CONTROL TERRESTRE DESAGUADERO","SOYA, harina",145000,"SACO(S)","BOLIVIA"
"1616","2022",10,"OFICINA PUESTO DE CONTROL MARITIMO - PROV. CONST. DEL CALLAO","MAIZ, almidon",42000,"BOLSAS","ALEMANIA"
"1617","2022",10,"PUESTO DE CONTROL TERRESTRE DESAGUADERO","SOYA, harina",145500,"SACO(S)","BOLIVIA"
"1618","2022",10,"OFICINA PUESTO DE CONTROL MARITIMO - PROV. CONST. DEL CALLAO","AZUCAR CRUDA, sólido",53000,"SACO(S)","NICARAGUA"
"1619","2022",10,"OFICINA PUESTO DE CONTROL MARITIMO - PROV. CONST. DEL CALLAO","AZUCAR CRUDA, sólido",250000,"SACO(S)","EL SALVADOR"
"1620","2022",10,"OFICINA PUESTO DE CONTROL MARITIMO - PROV. CONST. DEL CALLAO","AZUCAR CRUDA, sólido",250000,"SACO(S)","EL SALVADOR"
"1621","2022",10,"OFICINA PUESTO DE CONTROL MARITIMO - PROV. CONST. DEL CALLAO","AZUCAR CRUDA, sólido",250000,"SACO(S)","EL SALVADOR"
"1622","2022",10,"OFICINA PUESTO DE CONTROL MARITIMO - PROV. CONST. DEL CALLAO","AZUCAR CRUDA, sólido",250000,"SACO(S)","EL SALVADOR"
"1623","2022",10,"OFICINA PUESTO DE CONTROL MARITIMO - PROV. CONST. DEL CALLAO","AZUCAR CRUDA, sólido",250000,"SACO(S)","EL SALVADOR"
"1624","2022",10,"OFICINA PUESTO DE CONTROL MARITIMO - PROV. CONST. DEL CALLAO","LENTEJA, grano",24948,"SACO(S)","CANADA"
"1625","2022",10,"PUESTO DE CONTROL TERRESTRE DESAGUADERO","SOYA, grano",84000,"GRANEL","BOLIVIA"
"1626","2022",10,"PUESTO DE CONTROL TERRESTRE DESAGUADERO","SOYA, grano",55000,"GRANEL","BOLIVIA"
"1627","2022",10,"PUESTO DE CONTROL TERRESTRE DESAGUADERO","SOYA, grano",58000,"GRANEL","BOLIVIA"
"1628","2022",10,"PUESTO DE CONTROL TERRESTRE DESAGUADERO","SOYA, grano",28000,"GRANEL","BOLIVIA"
"1629","2022",10,"PUESTO DE CONTROL TERRESTRE DESAGUADERO","SOYA, grano",57000,"GRANEL","BOLIVIA"
"1630","2022",10,"PUESTO DE CONTROL TERRESTRE DESAGUADERO","SOYA, grano",27000,"GRANEL","BOLIVIA"
"1631","2022",10,"PUESTO DE CONTROL TERRESTRE DESAGUADERO","SOYA, grano",28000,"GRANEL","BOLIVIA"
"1632","2022",10,"PUESTO DE CONTROL TERRESTRE DESAGUADERO","SOYA, grano",27000,"GRANEL","BOLIVIA"
"1633","2022",10,"PUESTO DE CONTROL TERRESTRE DESAGUADERO","SOYA, grano",87000,"GRANEL","BOLIVIA"
"1634","2022",10,"PUESTO DE CONTROL TERRESTRE DESAGUADERO","SOYA, grano",55700,"GRANEL","BOLIVIA"
"1635","2022",10,"PUESTO DE CONTROL TERRESTRE DESAGUADERO","SOYA, grano",28000,"GRANEL","BOLIVIA"
"1636","2022",10,"PUESTO DE CONTROL TERRESTRE DESAGUADERO","SOYA, grano",57000,"GRANEL","BOLIVIA"
"1637","2022",10,"PUESTO DE CONTROL TERRESTRE DESAGUADERO","SOYA, grano",87000,"GRANEL","BOLIVIA"
"1638","2022",10,"PUESTO DE CONTROL TERRESTRE DESAGUADERO","SOYA, grano",28000,"GRANEL","BOLIVIA"
"1639","2022",10,"PUESTO DE CONTROL TERRESTRE DESAGUADERO","SOYA, grano",28000,"GRANEL","BOLIVIA"
"1640","2022",10,"PUESTO DE CONTROL TERRESTRE DESAGUADERO","SOYA, grano",28000,"GRANEL","BOLIVIA"
"1641","2022",10,"PUESTO DE CONTROL TERRESTRE DESAGUADERO","SOYA, torta",142000,"SACO(S)","BOLIVIA"
"1642","2022",10,"OFICINA PUESTO DE CONTROL MARITIMO - PROV. CONST. DEL CALLAO","CANELA, corteza entera seca al natural",13500,"CAJA(S)","SRI LANKA"
"1643","2022",10,"PUESTO DE CONTROL TERRESTRE DESAGUADERO","SOYA, torta",145000,"SACO(S)","BOLIVIA"
"1644","2022",10,"PUESTO DE CONTROL TERRESTRE DESAGUADERO","SOYA, torta",142000,"SACO(S)","BOLIVIA"
"1645","2022",10,"PUESTO DE CONTROL TERRESTRE DESAGUADERO","SOYA, harina",145000,"SACO(S)","BOLIVIA"
"1646","2022",10,"OFICINA PUESTO DE CONTROL MARITIMO - PROV. CONST. DEL CALLAO","VIGAS ENCOFRADAS DE MADERA, con algún proceso de la CRF2",20060,"UNIDADES","CHINA"
"1647","2022",10,"PUESTO DE CONTROL TERRESTRE DESAGUADERO","SOYA, torta",111260,"GRANEL","BOLIVIA"
"1648","2022",10,"PUESTO DE CONTROL TERRESTRE DESAGUADERO","SOYA, torta",56600,"GRANEL","BOLIVIA"
"1649","2022",10,"PUESTO DE CONTROL TERRESTRE DESAGUADERO","SOYA, torta",85539,"SACO(S)","BOLIVIA"
"1650","2022",10,"PUESTO DE CONTROL TERRESTRE DESAGUADERO","SOYA, torta",112930,"GRANEL","BOLIVIA"
"1651","2022",10,"PUESTO DE CONTROL TERRESTRE DESAGUADERO","SOYA, torta",116000,"SACO(S)","BOLIVIA"
"1652","2022",10,"PUESTO DE CONTROL TERRESTRE DESAGUADERO","SOYA, torta",55500,"GRANEL","BOLIVIA"
"1653","2022",10,"PUESTO DE CONTROL TERRESTRE DESAGUADERO","SOYA, torta",113200,"GRANEL","BOLIVIA"
"1654","2022",10,"PUESTO DE CONTROL TERRESTRE DESAGUADERO","SOYA, torta",112300,"GRANEL","BOLIVIA"
"1655","2022",10,"PUESTO DE CONTROL TERRESTRE DESAGUADERO","SOYA, torta",56520,"GRANEL","BOLIVIA"
"1656","2022",10,"PUESTO DE CONTROL TERRESTRE DESAGUADERO","SOYA, torta",56280,"GRANEL","BOLIVIA"
"1657","2022",10,"PUESTO DE CONTROL TERRESTRE DESAGUADERO","SOYA, torta",28100,"GRANEL","BOLIVIA"
"1658","2022",10,"PUESTO DE CONTROL TERRESTRE DESAGUADERO","SOYA, torta",56450,"GRANEL","BOLIVIA"
"1659","2022",10,"PUESTO DE CONTROL TERRESTRE DESAGUADERO","SOYA, torta",55740,"GRANEL","BOLIVIA"
"1660","2022",10,"PUESTO DE CONTROL TERRESTRE DESAGUADERO","SOYA, torta",84170,"GRANEL","BOLIVIA"
"1661","2022",10,"PUESTO DE CONTROL TERRESTRE DESAGUADERO","SOYA, torta",50010,"GRANEL","BOLIVIA"
"1662","2022",10,"PUESTO DE CONTROL TERRESTRE DESAGUADERO","SOYA, harina",25149,"SACO(S)","BOLIVIA"
"1663","2022",10,"PUERTO DE PAITA , PIURA","LENTEJA, grano",79199,"SACO(S)","CANADA"
"1664","2022",10,"PUESTO DE CONTROL TERRESTRE DESAGUADERO","SOYA, torta",82500,"GRANEL","BOLIVIA"
"1665","2022",10,"PUESTO DE CONTROL TERRESTRE DESAGUADERO","SOYA, torta",26000,"GRANEL","BOLIVIA"
"1666","2022",10,"PUESTO DE CONTROL TERRESTRE DESAGUADERO","SOYA, torta",56008,"SACO(S)","BOLIVIA"
"1667","2022",10,"PUESTO DE CONTROL TERRESTRE DESAGUADERO","SOYA, torta",30000,"GRANEL","BOLIVIA"
"1668","2022",10,"PUESTO DE CONTROL TERRESTRE DESAGUADERO","SOYA, torta",56000,"GRANEL","BOLIVIA"
"1669","2022",10,"PUESTO DE CONTROL TERRESTRE DESAGUADERO","SOYA, torta",28060,"GRANEL","BOLIVIA"
"1670","2022",10,"OFICINA PUESTO DE CONTROL MARITIMO - PROV. CONST. DEL CALLAO","BAMBU, trenzas y artículos similares, de materia trenzable, incluso ensamblados en tiras, materia trenzable, trenzas y artículos similares de materia trenzable, tejidos o paralelizados, en forma plana, con algún proceso de la CRF 2",907.2,"CAJA(S)","CHINA"
"1671","2022",10,"OFICINA PUESTO DE CONTROL MARITIMO - PROV. CONST. DEL CALLAO","Articulos de cesteria (canastos, cestos u otros), con algun proceso de la CRF2",338.8,"CAJA(S)","CHINA"
"1672","2022",10,"OFICINA PUESTO DE CONTROL MARITIMO - PROV. CONST. DEL CALLAO","JACINTO DE AGUA, trenzados o confeccionados con algún proceso de la CRF2",1000,"CAJA(S)","CHINA"
"1673","2022",10,"PUESTO DE CONTROL TERRESTRE DESAGUADERO","AZUCAR BLANCA O REFINADA (lectura polarimetrica mayor 99.5°)",199000,"SACO(S)","BOLIVIA"
"1674","2022",10,"PUESTO DE CONTROL TERRESTRE DESAGUADERO","AZUCAR BLANCA O REFINADA (lectura polarimetrica mayor 99.5°)",200500,"SACO(S)","BOLIVIA"
"1675","2022",10,"AGUAS VERDES, TUMBES","Las demás coniferas, las demas maderas aserradas o desbastadas longitudinalmente, cortada o desenrollada, incluso cepillada,lijada o unida por lo extremos, de espesor superior a 6 mm, con algun tratamiento de la CRF 2",49670,"PIEZAS","ECUADOR"
"1676","2022",10,"SANTA ROSA, TACNA","MANZANA, fruto fresco",22785,"CAJA(S)","CHILE"
"1677","2022",10,"SANTA ROSA, TACNA","MANZANA, fruto fresco",22344,"CAJA(S)","CHILE"
"1678","2022",10,"SANTA ROSA, TACNA","MANZANA, fruto fresco",23520,"CAJA(S)","CHILE"
"1679","2022",10,"SANTA ROSA, TACNA","MANZANA, fruto fresco",22344,"CAJA(S)","CHILE"
"1680","2022",10,"SANTA ROSA, TACNA","MANZANA, fruto fresco",23520,"CAJA(S)","CHILE"
"1681","2022",10,"PUESTO DE CONTROL TERRESTRE DESAGUADERO","AJONJOLI, grano",30000,"SACO(S)","BOLIVIA"
"1682","2022",10,"OFICINA PUESTO DE CONTROL MARITIMO - PROV. CONST. DEL CALLAO","Articulos para fiestas de navidad que sean o contengan material vegetal
",88.798,"PIEZAS","CHINA"
"1683","2022",10,"OFICINA PUESTO DE CONTROL MARITIMO - PROV. CONST. DEL CALLAO","AZUCAR CRUDA, sólido",238500,"SACO(S)","NICARAGUA"
"1684","2022",10,"OFICINA PUESTO DE CONTROL MARITIMO - PROV. CONST. DEL CALLAO","TRACTOR USADO, con motor de potencia superior a 75 kW pero inferior o igual a 130 kW",11420,"UNIDADES","COLOMBIA"
"1685","2022",10,"PUESTO DE CONTROL TERRESTRE DESAGUADERO","SOYA, harina",116000,"SACO(S)","BOLIVIA"
"1686","2022",10,"OFICINA PUESTO DE CONTROL MARITIMO - PROV. CONST. DEL CALLAO","PERA, fruta fresca",22680,"CAJA(S)","ARGENTINA"
"1687","2022",10,"OFICINA PUESTO DE CONTROL MARITIMO - PROV. CONST. DEL CALLAO","YUCA (=MANDIOCA), fécula",19000,"BOLSAS","TAILANDIA"
"1688","2022",10,"PUERTO DE PAITA , PIURA","CANELA, corteza entera seca al natural",13330,"CAJA(S)","SRI LANKA"
"1689","2022",10,"PUESTO DE CONTROL TERRESTRE DESAGUADERO","MANI, grano sin cáscara",56000,"SACO(S)","BOLIVIA"
"1690","2022",10,"OFICINA PUESTO DE CONTROL MARITIMO - PROV. CONST. DEL CALLAO","PINO, madera aserrada con algún proceso de la CRF2",44815,"PAQUETES","CHILE"
"1691","2022",10,"OFICINA PUESTO DE CONTROL MARITIMO - PROV. CONST. DEL CALLAO","UVA (PASAS), secas naturalmente",80000,"CAJA(S)","ARGENTINA"
"1692","2022",10,"SANTA ROSA, TACNA","DURAZNO, seco industrial",1600,"CAJA(S)","CHILE"
"1693","2022",10,"OFICINA PUESTO DE CONTROL MARITIMO - PROV. CONST. DEL CALLAO","MADERA, cajas con algún proceso de la CRF 2",122200,"UNIDADES","CHILE"
"1694","2022",10,"PUESTO DE CONTROL TERRESTRE DESAGUADERO","SOYA, torta",207000,"SACO(S)","BOLIVIA"
"1695","2022",10,"OFICINA PUESTO DE CONTROL MARITIMO - PROV. CONST. DEL CALLAO","CANELA, corteza entera seca al natural",13850,"CAJA(S)","SRI LANKA"
"1696","2022",10,"OFICINA PUESTO DE CONTROL MARITIMO - PROV. CONST. DEL CALLAO","ALGODON, fibra sin cardar ni peinar (>22.22 mm = o <28.57 mm)",267330,"FARDOS","EEUU"
"1697","2022",10,"PUESTO DE CONTROL TERRESTRE DESAGUADERO","SOYA, harina",145000,"SACO(S)","BOLIVIA"
"1698","2022",10,"OFICINA PUESTO DE CONTROL MARITIMO - PROV. CONST. DEL CALLAO","MADERA, monturas y mangos de herramientas, monturas y mangos de cepillos, brochas o escobas, de madera; hormas, ensanchadores y tensores del calzado, de madera ; con algún proceso de la CRF 2",132.11,"PIEZAS","MEXICO"
"1699","2022",10,"PUESTO DE CONTROL TERRESTRE DESAGUADERO","FREJOL NEGRO, grano",29000,"SACO(S)","BOLIVIA"
"1700","2022",10,"OFICINA PUESTO DE CONTROL MARITIMO - PROV. CONST. DEL CALLAO","ALMENDRA, sin cáscara secado al natural",32659.2,"CAJA(S)","EEUU"
"1701","2022",10,"SANTA ROSA, TACNA","MANZANA, fruto fresco",20300,"CAJA(S)","CHILE"
"1702","2022",10,"OFICINA PUESTO DE CONTROL AEREO -  PROV. CONST. DEL CALLAO","ARROZ, grano pilado",2,"BOLSAS","URUGUAY"
"1703","2022",10,"PUERTO DE PISCO , ICA","MAIZ AMARILLO DURO, grano",2.4e+07,"GRANEL","ARGENTINA"
"1704","2022",10,"OFICINA PUESTO DE CONTROL MARITIMO - PROV. CONST. DEL CALLAO","MAIZ AMARILLO DURO, grano",16188720,"GRANEL","ARGENTINA"
"1705","2022",10,"AGUAS VERDES, TUMBES","CAÑA DE GUAYAQUIL, seca al natural",30000,"UNIDADES","ECUADOR"
"1706","2022",10,"SANTA ROSA, TACNA","KIWI, fruto fresco",22800,"CAJA(S)","CHILE"
"1707","2022",10,"SANTA ROSA, TACNA","MANZANA, fruto fresco",23373,"CAJA(S)","CHILE"
"1708","2022",10,"OFICINA PUESTO DE CONTROL MARITIMO - PROV. CONST. DEL CALLAO","PAPA, fécula",40000,"BOLSAS","ALEMANIA"
"1709","2022",10,"OFICINA PUESTO DE CONTROL MARITIMO - PROV. CONST. DEL CALLAO","TURBA",340460,"BIG BAG","LETONIA"
"1710","2022",10,"OFICINA PUESTO DE CONTROL MARITIMO - PROV. CONST. DEL CALLAO","LOS DEMAS TRACTORES USADOS, con motor de potencia inferior o igual a 18 kW (excepto las carretillas tractor de la partida 87.09)",2450,"UNIDADES","JAPON"
"1711","2022",10,"SANTA ROSA, TACNA","MANZANA, fruto fresco",23520,"CAJA(S)","CHILE"
"1712","2022",10,"AGUAS VERDES, TUMBES","PIMIENTA, grano seco al natural",6000,"SACO(S)","ECUADOR"
"1713","2022",10,"SANTA ROSA, TACNA","CIRUELA, seca industrialmente",1600,"CAJA(S)","CHILE"
"1714","2022",10,"IÑAPARI, MADRE DE DIOS","MAIZ AMARILLO DURO, grano",48000,"GRANEL","BRASIL"
"1715","2022",10,"PUESTO DE CONTROL TERRESTRE DESAGUADERO","SOYA, torta",145500,"SACO(S)","BOLIVIA"
"1716","2022",10,"OFICINA PUESTO DE CONTROL MARITIMO - PROV. CONST. DEL CALLAO","MADERA, en bruto de coníferas tratada agentes de conservación
",71300,"UNIDADES","CHILE"
"1717","2022",10,"SANTA ROSA, TACNA","MANZANA, fruto fresco",23520,"CAJA(S)","CHILE"
"1718","2022",10,"SANTA ROSA, TACNA","UVA (PASAS), secas industrialmente",1600,"CAJA(S)","CHILE"
"1719","2022",10,"SANTA ROSA, TACNA","DURAZNO, seco industrial",1600,"CAJA(S)","CHILE"
"1720","2022",10,"SANTA ROSA, TACNA","MANZANA, fruto fresco",23520,"CAJA(S)","CHILE"
"1721","2022",10,"OFICINA PUESTO DE CONTROL MARITIMO - PROV. CONST. DEL CALLAO","ARVEJA, grano partido",230292,"SACO(S)","CANADA"
"1722","2022",10,"OFICINA PUESTO DE CONTROL MARITIMO - PROV. CONST. DEL CALLAO","PERA, fruta fresca",22680,"CAJA(S)","ARGENTINA"
"1723","2022",10,"PUESTO DE CONTROL TERRESTRE DESAGUADERO","SOYA, torta",116500,"SACO(S)","BOLIVIA"
"1724","2022",10,"PUESTO DE CONTROL TERRESTRE DESAGUADERO","SOYA, torta",145000,"SACO(S)","BOLIVIA"
"1725","2022",10,"SANTA ROSA, TACNA","MANZANA, fruto fresco",17500,"CAJA(S)","CHILE"
"1726","2022",10,"SANTA ROSA, TACNA","KIWI, fruto fresco",6240,"CAJA(S)","CHILE"
"1727","2022",10,"OFICINA PUESTO DE CONTROL AEREO -  PROV. CONST. DEL CALLAO","MELON, semilla",0.56,"SACHETS","HOLANDA"
"1728","2022",10,"OFICINA PUESTO DE CONTROL MARITIMO - PROV. CONST. DEL CALLAO","UVA (PASAS), secas naturalmente",24760,"CAJA(S)","ARGENTINA"
"1729","2022",10,"SANTA ROSA, TACNA","LIMON TAHITI (Lima tahiti), fruto fresco",25344,"CAJA(S)","CHILE"
"1730","2022",10,"OFICINA PUESTO DE CONTROL MARITIMO - PROV. CONST. DEL CALLAO","MANZANA, fruto fresco",19756.8,"CAJA(S)","CHILE"
"1731","2022",10,"PUESTO DE CONTROL TERRESTRE DESAGUADERO","SOYA, torta",145500,"SACO(S)","BOLIVIA"
"1732","2022",10,"OFICINA PUESTO DE CONTROL MARITIMO - PROV. CONST. DEL CALLAO","COMINO, grano",133750,"SACO(S)","INDIA"
"1733","2022",10,"OFICINA PUESTO DE CONTROL MARITIMO - PROV. CONST. DEL CALLAO","CANELA, corteza entera seca al natural",13500,"CAJA(S)","SRI LANKA"
"1734","2022",10,"SANTA ROSA, TACNA","MANZANA, fruto fresco",22579.2,"CAJA(S)","CHILE"
"1735","2022",10,"OFICINA PUESTO DE CONTROL MARITIMO - PROV. CONST. DEL CALLAO","MANZANA, fruto fresco",79027.2,"CAJA(S)","CHILE"
"1736","2022",10,"OFICINA PUESTO DE CONTROL MARITIMO - PROV. CONST. DEL CALLAO","Los demas articulos de cesteria con algun proceso de CRF 2",2329.035,"BOLSAS","CHINA"
"1737","2022",10,"PUESTO DE CONTROL TERRESTRE DESAGUADERO","SOYA, torta",145000,"SACO(S)","BOLIVIA"
"1738","2022",10,"PUERTO DE PAITA , PIURA","ARANDANO, fruto fresco",12729.6,"CAJA(S)","EEUU"
"1739","2022",10,"PUERTO DE PAITA , PIURA","ARANDANO, fruto fresco",12729.6,"CAJA(S)","EEUU"
"1740","2022",10,"OFICINA PUESTO DE CONTROL MARITIMO - PROV. CONST. DEL CALLAO","AZUCARES, los demas",24725,"SACO(S)","COLOMBIA"
"1741","2022",10,"OFICINA PUESTO DE CONTROL MARITIMO - PROV. CONST. DEL CALLAO","AZUCAR CRUDA, sólido",130000,"SACO(S)","NICARAGUA"
"1742","2022",10,"PUESTO DE CONTROL TERRESTRE DESAGUADERO","SOYA, harina",145000,"SACO(S)","BOLIVIA"
"1743","2022",10,"PUESTO DE CONTROL TERRESTRE DESAGUADERO","SOYA, torta",54000,"GRANEL","BOLIVIA"
"1744","2022",10,"PUESTO DE CONTROL TERRESTRE DESAGUADERO","SOYA, torta",53000,"GRANEL","BOLIVIA"
"1745","2022",10,"PUESTO DE CONTROL TERRESTRE DESAGUADERO","SOYA, torta",86690,"GRANEL","BOLIVIA"
"1746","2022",10,"PUESTO DE CONTROL TERRESTRE DESAGUADERO","SOYA, torta",83500,"GRANEL","BOLIVIA"
"1747","2022",10,"OFICINA PUESTO DE CONTROL MARITIMO - PROV. CONST. DEL CALLAO","PIMIENTA, grano seco al natural",54000,"SACO(S)","BRASIL"
"1748","2022",10,"OFICINA PUESTO DE CONTROL MARITIMO - PROV. CONST. DEL CALLAO","AZUCAR CRUDA, sólido",265000,"SACO(S)","NICARAGUA"
"1749","2022",10,"PUESTO DE CONTROL TERRESTRE DESAGUADERO","SOYA, grano",84500,"GRANEL","BOLIVIA"
"1750","2022",10,"PUESTO DE CONTROL TERRESTRE DESAGUADERO","SOYA, grano",54000,"GRANEL","BOLIVIA"
"1751","2022",10,"PUESTO DE CONTROL TERRESTRE DESAGUADERO","SOYA, grano",28000,"GRANEL","BOLIVIA"
"1752","2022",10,"PUESTO DE CONTROL TERRESTRE DESAGUADERO","SOYA, grano",27000,"GRANEL","BOLIVIA"
"1753","2022",10,"PUESTO DE CONTROL TERRESTRE DESAGUADERO","SOYA, grano",28500,"GRANEL","BOLIVIA"
"1754","2022",10,"PUESTO DE CONTROL TERRESTRE DESAGUADERO","SOYA, grano",54800,"GRANEL","BOLIVIA"
"1755","2022",10,"PUESTO DE CONTROL TERRESTRE DESAGUADERO","SOYA, grano",28500,"GRANEL","BOLIVIA"
"1756","2022",10,"PUESTO DE CONTROL TERRESTRE DESAGUADERO","SOYA, torta",81940,"GRANEL","BOLIVIA"
"1757","2022",10,"PUESTO DE CONTROL TERRESTRE DESAGUADERO","SOYA, torta",84000,"GRANEL","BOLIVIA"
"1758","2022",10,"PUESTO DE CONTROL TERRESTRE DESAGUADERO","SOYA, torta",140030,"SACO(S)","BOLIVIA"
"1759","2022",10,"PUESTO DE CONTROL TERRESTRE DESAGUADERO","SOYA, torta",112000,"GRANEL","BOLIVIA"
"1760","2022",10,"PUESTO DE CONTROL TERRESTRE DESAGUADERO","SOYA, torta",80800,"GRANEL","BOLIVIA"
"1761","2022",10,"OFICINA PUESTO DE CONTROL MARITIMO - PROV. CONST. DEL CALLAO","ALGODON, fibra sin cardar ni peinar (>22.22 mm = o <28.57 mm)",78840,"FARDOS","EEUU"
"1762","2022",10,"OFICINA PUESTO DE CONTROL MARITIMO - PROV. CONST. DEL CALLAO","ALGODON, fibra sin cardar ni peinar (>28.57 mm = o <34.92 mm)",134500,"FARDOS","EEUU"
"1763","2022",10,"PUESTO DE CONTROL TERRESTRE DESAGUADERO","SOYA, torta",54000,"GRANEL","BOLIVIA"
"1764","2022",10,"PUESTO DE CONTROL TERRESTRE DESAGUADERO","SOYA, harina",145000,"SACO(S)","BOLIVIA"
"1765","2022",10,"PUESTO DE CONTROL TERRESTRE DESAGUADERO","SOYA, torta",54210,"GRANEL","BOLIVIA"
"1766","2022",10,"PUESTO DE CONTROL TERRESTRE DESAGUADERO","SOYA, torta",143500,"GRANEL","BOLIVIA"
"1767","2022",10,"PUESTO DE CONTROL TERRESTRE DESAGUADERO","SOYA, torta",110410,"GRANEL","BOLIVIA"
"1768","2022",10,"PUESTO DE CONTROL TERRESTRE DESAGUADERO","SOYA, torta",112000,"GRANEL","BOLIVIA"
"1769","2022",10,"OFICINA PUESTO DE CONTROL MARITIMO - PROV. CONST. DEL CALLAO","ARVEJA, grano partido",98884,"SACO(S)","CANADA"
"1770","2022",10,"OFICINA PUESTO DE CONTROL AEREO -  PROV. CONST. DEL CALLAO","MOSTAZA BLANCA, semilla",500,"SACO(S)","CHILE"
"1771","2022",10,"OFICINA PUESTO DE CONTROL MARITIMO - PROV. CONST. DEL CALLAO","AZUCARES, los demas",149625,"SACO(S)","COLOMBIA"
"1772","2022",10,"OFICINA PUESTO DE CONTROL MARITIMO - PROV. CONST. DEL CALLAO","AZUCAR BLANCA O REFINADA (lectura polarimetrica mayor 99.5°)",132500,"SACO(S)","COLOMBIA"
"1773","2022",10,"PUESTO DE CONTROL TERRESTRE DESAGUADERO","SOYA, torta",147000,"SACO(S)","BOLIVIA"
"1774","2022",10,"SANTA ROSA, TACNA","MANZANA, fruto fresco",23520,"CAJA(S)","CHILE"
"1775","2022",10,"OFICINA PUESTO DE CONTROL MARITIMO - PROV. CONST. DEL CALLAO","MAIZ, harina",60000,"BOLSAS","COLOMBIA"
"1776","2022",10,"OFICINA PUESTO DE CONTROL MARITIMO - PROV. CONST. DEL CALLAO","PINO, madera aserrada con algún proceso de la CRF2",40774,"PAQUETES","CHILE"
"1777","2022",10,"SANTA ROSA, TACNA","LENTEJA, grano",52618,"SACO(S)","CANADA"
"1778","2022",10,"OFICINA PUESTO DE CONTROL MARITIMO - PROV. CONST. DEL CALLAO","TRIGO, gluten",20000,"BOLSAS","HOLANDA"
"1779","2022",10,"OFICINA PUESTO DE CONTROL MARITIMO - PROV. CONST. DEL CALLAO","PINO, madera aserrada con algún proceso de la CRF2",21232.5,"PAQUETES","CHILE"
"1780","2022",10,"SANTA ROSA, TACNA","TRACTOR USADO, con motor de potencia superior a 75 kW pero inferior o igual a 130 kW",1050,"PIEZAS","CHILE"
"1781","2022",10,"SANTA ROSA, TACNA","TRACTOR USADO, con motor de potencia superior a 75 kW pero inferior o igual a 130 kW",1050,"UNIDADES","CHILE"
"1782","2022",10,"SANTA ROSA, TACNA","TRACTOR USADO, con motor de potencia superior a 75 kW pero inferior o igual a 130 kW",3200,"CAJA(S)","CHILE"
"1783","2022",10,"SANTA ROSA, TACNA","TRACTOR USADO, con motor de potencia superior a 75 kW pero inferior o igual a 130 kW",950,"PAQUETES","CHILE"
"1784","2022",10,"SANTA ROSA, TACNA","TRACTOR USADO, con motor de potencia superior a 75 kW pero inferior o igual a 130 kW",1050,"FARDOS","CHILE"
"1785","2022",10,"SANTA ROSA, TACNA","TRACTOR USADO, con motor de potencia superior a 75 kW pero inferior o igual a 130 kW",1050,"PIEZAS","CHILE"
"1786","2022",10,"SANTA ROSA, TACNA","TRACTOR USADO, con motor de potencia superior a 75 kW pero inferior o igual a 130 kW",1100,"CAJA(S)","CHILE"
"1787","2022",10,"SANTA ROSA, TACNA","TRACTOR USADO, con motor de potencia superior a 75 kW pero inferior o igual a 130 kW",1100,"UNIDADES","CHILE"
"1788","2022",10,"SANTA ROSA, TACNA","TRACTOR USADO, con motor de potencia superior a 75 kW pero inferior o igual a 130 kW",2700,"SACO(S)","CHILE"
"1789","2022",10,"OFICINA PUESTO DE CONTROL MARITIMO - PROV. CONST. DEL CALLAO","RYEGRASS INGLES, semilla",50000,"SACO(S)","NUEVA ZELANDIA"
"1790","2022",10,"SANTA ROSA, TACNA","MANZANA, fruto fresco",23520,"CAJA(S)","CHILE"
"1791","2022",10,"OFICINA PUESTO DE CONTROL MARITIMO - PROV. CONST. DEL CALLAO","CEBADA, grano",16503900,"GRANEL","AUSTRALIA"
"1792","2022",10,"SANTA ROSA, TACNA","MANZANA, fruto fresco",20580,"CAJA(S)","CHILE"
"1793","2022",10,"SANTA ROSA, TACNA","PERA, fruta fresca",14112,"CAJA(S)","CHILE"
"1794","2022",10,"SANTA ROSA, TACNA","MANZANA, fruto fresco",9800,"CAJA(S)","CHILE"
"1795","2022",10,"SANTA ROSA, TACNA","KIWI, fruto fresco",10092,"CAJA(S)","CHILE"
"1796","2022",10,"SANTA ROSA, TACNA","MANZANA, fruto fresco",11681.6,"CAJA(S)","CHILE"
"1797","2022",10,"SANTA ROSA, TACNA","PERA, fruta fresca",2646,"CAJA(S)","CHILE"
"1798","2022",10,"OFICINA PUESTO DE CONTROL MARITIMO - PROV. CONST. DEL CALLAO","AVENA, grano aplastado o en copos (hojuelas)",40914,"BOLSAS","CHILE"
"1799","2022",10,"SANTA ROSA, TACNA","MANZANA, fruto fresco",20580,"CAJA(S)","CHILE"
"1800","2022",10,"SANTA ROSA, TACNA","PERA, fruta fresca",2646,"CAJA(S)","CHILE"
"1801","2022",10,"OFICINA PUESTO DE CONTROL MARITIMO - PROV. CONST. DEL CALLAO","LENTEJA, grano",24721,"SACO(S)","CANADA"
"1802","2022",10,"OFICINA PUESTO DE CONTROL MARITIMO - PROV. CONST. DEL CALLAO","ARVEJA, grano partido",98884,"SACO(S)","CANADA"
"1803","2022",10,"OFICINA PUESTO DE CONTROL MARITIMO - PROV. CONST. DEL CALLAO","UVA (PASAS), secas naturalmente",20000,"CAJA(S)","TURQUIA"
"1804","2022",10,"OFICINA PUESTO DE CONTROL MARITIMO - PROV. CONST. DEL CALLAO","MADERA, cajas con algún proceso de la CRF 2",27123.14,"UNIDADES","CHILE"
"1805","2022",10,"OFICINA PUESTO DE CONTROL MARITIMO - PROV. CONST. DEL CALLAO","NARANJA, fruto fresco",24000,"CAJA(S)","CHILE"
"1806","2022",10,"OFICINA PUESTO DE CONTROL MARITIMO - PROV. CONST. DEL CALLAO","ROTEN (=Ratán), artículos de cestería obtenidos directamente en su forma con materia trenzable con algún proceso de la CRF2",65,"PIEZAS","INDONESIA"
"1807","2022",10,"OFICINA PUESTO DE CONTROL MARITIMO - PROV. CONST. DEL CALLAO","MAIZ, harina",131400,"SACO(S)","COLOMBIA"
"1808","2022",10,"SANTA ROSA, TACNA","TRIGO, afrecho seco industrial",84000,"SACO(S)","CHILE"
"1809","2022",10,"OFICINA PUESTO DE CONTROL MARITIMO - PROV. CONST. DEL CALLAO","Articulos para fiestas de navidad que sean o contengan material vegetal
",353.424,"CAJA(S)","EL SALVADOR"
"1810","2022",10,"OFICINA PUESTO DE CONTROL MARITIMO - PROV. CONST. DEL CALLAO","Articulos para fiestas de navidad que sean o contengan material vegetal
",197.4,"CAJA(S)","EL SALVADOR"
"1811","2022",10,"OFICINA PUESTO DE CONTROL AEREO -  PROV. CONST. DEL CALLAO","CLAVO DE OLOR, polvo
",0.2,"BOLSAS","MEXICO"
"1812","2022",10,"OFICINA PUESTO DE CONTROL AEREO -  PROV. CONST. DEL CALLAO","MANZANILLA, triturada",0.2,"BOLSAS","MEXICO"
"1813","2022",10,"AGUAS VERDES, TUMBES","ROSA, flores frescas cortadas",1530,"CAJA(S)","ECUADOR"
"1814","2022",10,"AGUAS VERDES, TUMBES","CLAVEL, flores frescas cortadas",1415,"CAJA(S)","ECUADOR"
"1815","2022",10,"AGUAS VERDES, TUMBES","CRISANTEMO, flores frescas cortadas",1728,"CAJA(S)","ECUADOR"
"1816","2022",10,"AGUAS VERDES, TUMBES","LILIUM (=AZUCENA), flores frescas cortadas",1188,"CAJA(S)","ECUADOR"
"1817","2022",10,"PUESTO DE CONTROL- CEBAF","ROSA, flores frescas cortadas",2700,"CAJA(S)","ECUADOR"
"1818","2022",10,"PUESTO DE CONTROL- CEBAF","CLAVEL, flores frescas cortadas",2300,"CAJA(S)","ECUADOR"
"1819","2022",10,"OFICINA PUESTO DE CONTROL MARITIMO - PROV. CONST. DEL CALLAO","PINO, madera aserrada con algún proceso de la CRF2",51180,"PAQUETES","CHILE"
"1820","2022",10,"OFICINA PUESTO DE CONTROL MARITIMO - PROV. CONST. DEL CALLAO","ALGODON, fibra sin cardar ni peinar (>22.22 mm = o <28.57 mm)",19810,"FARDOS","EEUU"
"1821","2022",10,"SANTA ROSA, TACNA","MANZANA, fruto fresco",23520,"CAJA(S)","CHILE"
"1822","2022",10,"PUESTO DE CONTROL- CEBAF","CAÑA DE GUAYAQUIL, seca al natural",34000,"UNIDADES","ECUADOR"
"1823","2022",10,"SANTA ROSA, TACNA","TRACTOR USADO, con motor de potencia superior a 33 kW pero inferior o igual a 75 kW",4500,"UNIDADES","HOLANDA"
"1824","2022",10,"SANTA ROSA, TACNA","ARROZ, grano pilado",24000,"SACO(S)","CHILE"
"1825","2022",10,"PUERTO DE PAITA , PIURA","TURBA",57767.6,"BIG BAG","LETONIA"
"1826","2022",10,"PUERTO DE PAITA , PIURA","TURBA",62238.6,"BIG BAG","LETONIA"
"1827","2022",10,"PUERTO DE PAITA , PIURA","TURBA",80396.8,"BIG BAG","LETONIA"
"1828","2022",10,"PUERTO DE PAITA , PIURA","TURBA",67144.6,"BIG BAG","LETONIA"
"1829","2022",10,"PUERTO DE PAITA , PIURA","TURBA",62838.6,"BIG BAG","LETONIA"
"1830","2022",10,"PUERTO DE PAITA , PIURA","TURBA",87548.8,"BIG BAG","LETONIA"
"1831","2022",10,"PUERTO DE PAITA , PIURA","TURBA",60980.6,"BIG BAG","LETONIA"
"1832","2022",10,"PUERTO DE PAITA , PIURA","TURBA",63448.6,"BIG BAG","LETONIA"
"1833","2022",10,"PUERTO DE PAITA , PIURA","COCO, fibra (para sustrato)",47500,"PALETAS","SRI LANKA"
"1834","2022",10,"PUERTO DE PAITA , PIURA","COCO, fibra (para sustrato)",47790,"PALETAS","SRI LANKA"
"1835","2022",10,"OFICINA PUESTO DE CONTROL MARITIMO - PROV. CONST. DEL CALLAO","ALMIDON, chuño",15023.501,"PALETAS","EEUU"
"1836","2022",10,"OFICINA PUESTO DE CONTROL MARITIMO - PROV. CONST. DEL CALLAO","CANELA, corteza entera seca al natural",13300,"CAJA(S)","SRI LANKA"
"1837","2022",10,"OFICINA PUESTO DE CONTROL AEREO -  PROV. CONST. DEL CALLAO","AJO, secos industrial, cortados en trozos o en rodajas o triturados o pulverizados",22.68,"FRASCO(S)","EEUU"
"1838","2022",10,"OFICINA PUESTO DE CONTROL AEREO -  PROV. CONST. DEL CALLAO","Hinojo, sin trirurar ni pulverizar con algún proceso de CRF2",90.72,"CAJA(S)","EEUU"
"1839","2022",10,"OFICINA PUESTO DE CONTROL AEREO -  PROV. CONST. DEL CALLAO","LAS DEMAS, especias con algún proceso de la CRF 2",34.02,"CAJA(S)","EEUU"
"1840","2022",10,"OFICINA PUESTO DE CONTROL AEREO -  PROV. CONST. DEL CALLAO","SANDIA, semilla",31.85,"BOLSAS","EEUU"
"1841","2022",10,"OFICINA PUESTO DE CONTROL AEREO -  PROV. CONST. DEL CALLAO","NUEZ MOSCADA, triturada o molida",40,"BOLSAS","CHINA"
"1842","2022",10,"SANTA ROSA, TACNA","MANZANA, fruto fresco",15680,"CAJA(S)","CHILE"
"1843","2022",10,"SANTA ROSA, TACNA","PERA, fruta fresca",9120,"CAJA(S)","CHILE"
"1844","2022",10,"OFICINA PUESTO DE CONTROL MARITIMO - PROV. CONST. DEL CALLAO","MADERA, monturas y mangos de herramientas, monturas y mangos de cepillos, brochas o escobas, de madera; hormas, ensanchadores y tensores del calzado, de madera ; con algún proceso de la CRF 2",1340,"UNIDADES","CHINA"
"1845","2022",10,"OFICINA PUESTO DE CONTROL MARITIMO - PROV. CONST. DEL CALLAO","PERA, fruta fresca",46998,"CAJA(S)","ARGENTINA"
"1846","2022",10,"PUESTO DE CONTROL TERRESTRE DESAGUADERO","SOYA, torta",25000,"GRANEL","BOLIVIA"
"1847","2022",10,"PUESTO DE CONTROL TERRESTRE DESAGUADERO","SOYA, harina",55708,"SACO(S)","BOLIVIA"
"1848","2022",10,"PUESTO DE CONTROL TERRESTRE DESAGUADERO","SOYA, torta",28274,"SACO(S)","BOLIVIA"
"1849","2022",10,"PUESTO DE CONTROL TERRESTRE DESAGUADERO","SOYA, harina",23042,"SACO(S)","BOLIVIA"
"1850","2022",10,"PUESTO DE CONTROL TERRESTRE DESAGUADERO","SOYA, torta",84033,"SACO(S)","BOLIVIA"
"1851","2022",10,"PUESTO DE CONTROL TERRESTRE DESAGUADERO","MANI, grano sin cáscara",30000,"SACO(S)","BOLIVIA"
"1852","2022",10,"PUESTO DE CONTROL- CEBAF","CAÑA DE GUAYAQUIL, seca al natural",32000,"UNIDADES","ECUADOR"
"1853","2022",10,"PUESTO DE CONTROL TERRESTRE DESAGUADERO","SOYA, torta",116000,"SACO(S)","BOLIVIA"
"1854","2022",10,"OFICINA PUESTO DE CONTROL MARITIMO - PROV. CONST. DEL CALLAO","CAUCHO, hojas ahumadas",28000,"PACAS","VIETNAM"
"1855","2022",10,"PUESTO DE CONTROL TERRESTRE DESAGUADERO","SOYA, torta",54980,"GRANEL","BOLIVIA"
"1856","2022",10,"PUESTO DE CONTROL TERRESTRE DESAGUADERO","SOYA, torta",84000,"GRANEL","BOLIVIA"
"1857","2022",10,"PUESTO DE CONTROL TERRESTRE DESAGUADERO","SOYA, harina",174000,"SACO(S)",NA
"1858","2022",10,"OFICINA PUESTO DE CONTROL MARITIMO - PROV. CONST. DEL CALLAO","ARVEJA, grano partido",25356,"SACO(S)","CANADA"
"1859","2022",10,"PUESTO DE CONTROL TERRESTRE DESAGUADERO","SOYA, harina",145000,"SACO(S)","BOLIVIA"
"1860","2022",10,"PUESTO DE CONTROL TERRESTRE DESAGUADERO","SOYA, torta",140000,"SACO(S)","BOLIVIA"
"1861","2022",10,"PUESTO DE CONTROL TERRESTRE DESAGUADERO","SOYA, grano",78000,"GRANEL","BOLIVIA"
"1862","2022",10,"PUESTO DE CONTROL TERRESTRE DESAGUADERO","SOYA, grano",84000,"GRANEL","BOLIVIA"
"1863","2022",10,"PUESTO DE CONTROL TERRESTRE DESAGUADERO","SOYA, torta",27016,"SACO(S)","BOLIVIA"
"1864","2022",10,"PUESTO DE CONTROL TERRESTRE DESAGUADERO","SOYA, torta",57455,"SACO(S)","BOLIVIA"
"1865","2022",10,"PUESTO DE CONTROL TERRESTRE DESAGUADERO","SOYA, torta",85560,"GRANEL","BOLIVIA"
"1866","2022",10,"PUESTO DE CONTROL TERRESTRE DESAGUADERO","SOYA, grano",56000,"GRANEL","BOLIVIA"
"1867","2022",10,"PUESTO DE CONTROL TERRESTRE DESAGUADERO","SOYA, grano",55500,"GRANEL","BOLIVIA"
"1868","2022",10,"PUESTO DE CONTROL TERRESTRE DESAGUADERO","SOYA, torta",58604,"SACO(S)","BOLIVIA"
"1869","2022",10,"PUESTO DE CONTROL TERRESTRE DESAGUADERO","SOYA, grano",81000,"GRANEL","BOLIVIA"
"1870","2022",10,"PUESTO DE CONTROL TERRESTRE DESAGUADERO","SOYA, torta",25000,"GRANEL","BOLIVIA"
"1871","2022",10,"PUESTO DE CONTROL TERRESTRE DESAGUADERO","SOYA, grano",28000,"GRANEL","BOLIVIA"
"1872","2022",10,"PUESTO DE CONTROL TERRESTRE DESAGUADERO","SOYA, grano",28000,"GRANEL","BOLIVIA"
"1873","2022",10,"PUESTO DE CONTROL TERRESTRE DESAGUADERO","SOYA, harina",52525,"SACO(S)","BOLIVIA"
"1874","2022",10,"PUESTO DE CONTROL TERRESTRE DESAGUADERO","SOYA, torta",26000,"GRANEL","BOLIVIA"
"1875","2022",10,"PUESTO DE CONTROL TERRESTRE DESAGUADERO","SOYA, torta",171000,"GRANEL","BOLIVIA"
"1876","2022",10,"PUESTO DE CONTROL TERRESTRE DESAGUADERO","SOYA, harina",25697,"SACO(S)","BOLIVIA"
"1877","2022",10,"PUESTO DE CONTROL TERRESTRE DESAGUADERO","SOYA, harina",24809,"SACO(S)","BOLIVIA"
"1878","2022",10,"PUESTO DE CONTROL TERRESTRE DESAGUADERO","SOYA, torta",100500,"GRANEL","BOLIVIA"
"1879","2022",10,"PUESTO DE CONTROL TERRESTRE DESAGUADERO","SOYA, torta",28523,"SACO(S)","BOLIVIA"
"1880","2022",10,"OFICINA PUESTO DE CONTROL MARITIMO - PROV. CONST. DEL CALLAO","PINO, madera aserrada con tratamiento de secado al horno impregnación de sales",111000,"PAQUETES","CHILE"
"1881","2022",10,"SANTA ROSA, TACNA","LENTEJA, grano",78927,"SACO(S)","CANADA"
"1882","2022",10,"PUESTO DE CONTROL TERRESTRE DESAGUADERO","SOYA, torta",143500,"SACO(S)","BOLIVIA"
"1883","2022",10,"OFICINA PUESTO DE CONTROL MARITIMO - PROV. CONST. DEL CALLAO","ALGODON, fibra sin cardar ni peinar (>22.22 mm = o <28.57 mm)",38759,"FARDOS","EEUU"
"1884","2022",10,"PUESTO DE CONTROL TERRESTRE DESAGUADERO","SOYA, harina",144500,"SACO(S)","BOLIVIA"
"1885","2022",10,"PUESTO DE CONTROL TERRESTRE DESAGUADERO","SOYA, harina",144500,"SACO(S)","BOLIVIA"
"1886","2022",10,"PUESTO DE CONTROL TERRESTRE DESAGUADERO","SOYA, harina",145000,"SACO(S)","BOLIVIA"
"1887","2022",10,"PUESTO DE CONTROL TERRESTRE DESAGUADERO","SOYA, harina",145000,"SACO(S)","BOLIVIA"
"1888","2022",10,"PUESTO DE CONTROL TERRESTRE DESAGUADERO","SOYA, harina",145000,"SACO(S)","BOLIVIA"
"1889","2022",10,"PUESTO DE CONTROL TERRESTRE DESAGUADERO","SOYA, torta",204500,"SACO(S)","BOLIVIA"
"1890","2022",10,"PUESTO DE CONTROL TERRESTRE DESAGUADERO","SOYA, torta",177000,"SACO(S)","BOLIVIA"
"1891","2022",10,"PUESTO DE CONTROL TERRESTRE DESAGUADERO","SOYA, torta",147500,"SACO(S)","BOLIVIA"
"1892","2022",10,"PUESTO DE CONTROL TERRESTRE DESAGUADERO","SOYA, harina",174000,"SACO(S)","BOLIVIA"
"1893","2022",10,"PUESTO DE CONTROL TERRESTRE DESAGUADERO","SOYA, torta",172000,"SACO(S)","BOLIVIA"
"1894","2022",10,"PUESTO DE CONTROL TERRESTRE DESAGUADERO","SOYA, torta",146000,"SACO(S)","BOLIVIA"
"1895","2022",10,"SANTA ROSA, TACNA","MANZANA, fruto fresco",21854,"CAJA(S)","CHILE"
"1896","2022",10,"SANTA ROSA, TACNA","MANZANA, fruto fresco",22638,"CAJA(S)","CHILE"
"1897","2022",10,"SANTA ROSA, TACNA","MANZANA, fruto fresco",21560,"CAJA(S)","CHILE"
"1898","2022",10,"SANTA ROSA, TACNA","MANZANA, fruto fresco",22579.2,"CAJA(S)","CHILE"
"1899","2022",10,"OFICINA PUESTO DE CONTROL MARITIMO - PROV. CONST. DEL CALLAO","UVA (PASAS), secas naturalmente",10500,"CAJA(S)","CHILE"
"1900","2022",10,"OFICINA PUESTO DE CONTROL MARITIMO - PROV. CONST. DEL CALLAO","ALMENDRA, sin cáscara secado al natural",8000,"CAJA(S)","CHILE"
"1901","2022",10,"OFICINA PUESTO DE CONTROL MARITIMO - PROV. CONST. DEL CALLAO","UVA (PASAS), secas naturalmente",21000,"CAJA(S)","CHILE"
"1902","2022",10,"OFICINA PUESTO DE CONTROL MARITIMO - PROV. CONST. DEL CALLAO","UVA (PASAS), secas industrialmente",20000,"CAJA(S)","CHILE"
"1903","2022",10,"SANTA ROSA, TACNA","MANZANA, fruto fresco",23520,"CAJA(S)","CHILE"
"1904","2022",10,"SANTA ROSA, TACNA","MANZANA, fruto fresco",24206,"CAJA(S)","CHILE"
"1905","2022",10,"PUESTO DE CONTROL TERRESTRE DESAGUADERO","SOYA, torta",84900,"GRANEL","BOLIVIA"
"1906","2022",10,"PUESTO DE CONTROL TERRESTRE DESAGUADERO","SOYA, torta",87000,"GRANEL","BOLIVIA"
"1907","2022",10,"PUESTO DE CONTROL TERRESTRE DESAGUADERO","SOYA, torta",111100,"GRANEL","BOLIVIA"
"1908","2022",10,"PUESTO DE CONTROL TERRESTRE DESAGUADERO","SOYA, torta",84000,"GRANEL","BOLIVIA"
"1909","2022",10,"PUESTO DE CONTROL TERRESTRE DESAGUADERO","SOYA, torta",56900,"GRANEL","BOLIVIA"
"1910","2022",10,"PUESTO DE CONTROL TERRESTRE DESAGUADERO","SOYA, torta",56000,"GRANEL","BOLIVIA"
"1911","2022",10,"PUESTO DE CONTROL TERRESTRE DESAGUADERO","SOYA, torta",139200,"GRANEL","BOLIVIA"
"1912","2022",10,"PUESTO DE CONTROL TERRESTRE DESAGUADERO","SOYA, torta",45000,"GRANEL","BOLIVIA"
"1913","2022",10,"OFICINA PUESTO DE CONTROL MARITIMO - PROV. CONST. DEL CALLAO","PAJA, trenzas secadas al horno o impregnada con sales",50.35,"FARDOS","CHINA"
"1914","2022",10,"PUESTO DE CONTROL TERRESTRE DESAGUADERO","AZUCAR BLANCA O REFINADA (lectura polarimetrica mayor 99.5°)",13500,"SACO(S)","BOLIVIA"
"1915","2022",10,"PUESTO DE CONTROL TERRESTRE DESAGUADERO","AZUCAR BLANCA O REFINADA (lectura polarimetrica mayor 99.5°)",14500,"SACO(S)","BOLIVIA"
"1916","2022",10,"SANTA ROSA, TACNA","MANZANA, fruto fresco",23520,"CAJA(S)","CHILE"
"1917","2022",10,"SANTA ROSA, TACNA","LIMON TAHITI (Lima tahiti), fruto fresco",24192,"CAJA(S)","CHILE"
"1918","2022",10,"OFICINA PUESTO DE CONTROL MARITIMO - PROV. CONST. DEL CALLAO","GARBANZO, grano",74390,"SACO(S)","CANADA"
"1919","2022",10,"OFICINA PUESTO DE CONTROL MARITIMO - PROV. CONST. DEL CALLAO","PINO, madera aserrada con algún proceso de la CRF2",72170,"PAQUETES","CHILE"
"1920","2022",10,"SANTA ROSA, TACNA","TRACTOR USADO, con motor de potencia superior a 33 kW pero inferior o igual a 75 kW",4460,"UNIDADES","BELGICA"
"1921","2022",10,"SANTA ROSA, TACNA","TRACTOR USADO, con motor de potencia superior a 33 kW pero inferior o igual a 75 kW",4460,"UNIDADES","BELGICA"
"1922","2022",10,"SANTA ROSA, TACNA","TRACTOR USADO, con motor de potencia superior a 33 kW pero inferior o igual a 75 kW",4460,"UNIDADES","BELGICA"
"1923","2022",10,"PUESTO DE CONTROL- CEBAF","ARROZ, grano pilado",1e+05,"SACO(S)","ECUADOR"
"1924","2022",10,"OFICINA PUESTO DE CONTROL MARITIMO - PROV. CONST. DEL CALLAO","NUEZ, con cáscara seca al natural",80000,"SACO(S)","CHILE"
"1925","2022",10,"OFICINA PUESTO DE CONTROL AEREO -  PROV. CONST. DEL CALLAO","CEBOLLA, semilla",110,"BOLSAS","EEUU"
"1926","2022",10,"OFICINA PUESTO DE CONTROL MARITIMO - PROV. CONST. DEL CALLAO","GARBANZO, grano",24000,"SACO(S)","MEXICO"
"1927","2022",10,"OFICINA PUESTO DE CONTROL MARITIMO - PROV. CONST. DEL CALLAO","PINO, madera aserrada con algún proceso de la CRF2",49231,"PAQUETES","CHILE"
"1928","2022",10,"PUESTO DE CONTROL TERRESTRE DESAGUADERO","SOYA, torta",116000,"SACO(S)","BOLIVIA"
"1929","2022",10,"OFICINA PUESTO DE CONTROL MARITIMO - PROV. CONST. DEL CALLAO","MAIZ, harina",137000,"PAQUETES","COLOMBIA"
"1930","2022",10,"OFICINA PUESTO DE CONTROL MARITIMO - PROV. CONST. DEL CALLAO","MAIZ, harina",137000,"PAQUETES","COLOMBIA"
"1931","2022",10,"OFICINA PUESTO DE CONTROL MARITIMO - PROV. CONST. DEL CALLAO","UVA (PASAS), secas naturalmente",42000,"CAJA(S)","ARGENTINA"
"1932","2022",10,"OFICINA PUESTO DE CONTROL AEREO -  PROV. CONST. DEL CALLAO","CEBOLLA, semilla",224.661,"SACHETS","HOLANDA"
"1933","2022",10,"OFICINA PUESTO DE CONTROL AEREO -  PROV. CONST. DEL CALLAO","COL DE MILAN, semilla",0.322,"SACHETS","HOLANDA"
"1934","2022",10,"OFICINA PUESTO DE CONTROL AEREO -  PROV. CONST. DEL CALLAO","LECHUGA, semilla",8.828,"LATAS","HOLANDA"
"1935","2022",10,"OFICINA PUESTO DE CONTROL AEREO -  PROV. CONST. DEL CALLAO","PEPINILLO, semilla",0.514,"SACHETS","HOLANDA"
"1936","2022",10,"OFICINA PUESTO DE CONTROL AEREO -  PROV. CONST. DEL CALLAO","PIMIENTO, semilla",1.695,"SACHETS","HOLANDA"
"1937","2022",10,"OFICINA PUESTO DE CONTROL AEREO -  PROV. CONST. DEL CALLAO","TOMATE, semilla",0.48,"SACHETS","HOLANDA"
"1938","2022",10,"OFICINA PUESTO DE CONTROL AEREO -  PROV. CONST. DEL CALLAO","ZANAHORIA, semilla",393.764,"SACHETS","HOLANDA"
"1939","2022",10,"OFICINA PUESTO DE CONTROL MARITIMO - PROV. CONST. DEL CALLAO","YUCA (=MANDIOCA), fécula",18000,"SACO(S)","TAILANDIA"
"1940","2022",10,"OFICINA PUESTO DE CONTROL MARITIMO - PROV. CONST. DEL CALLAO","CEBOLLA, triturada o pulverizada",7000,"CAJA(S)","CHINA"
"1941","2022",10,"OFICINA PUESTO DE CONTROL MARITIMO - PROV. CONST. DEL CALLAO","AJO, polvo",1000,"CAJA(S)","CHINA"
"1942","2022",10,"OFICINA PUESTO DE CONTROL MARITIMO - PROV. CONST. DEL CALLAO","APIO, polvo",1880,"CAJA(S)","CHINA"
"1943","2022",10,"OFICINA PUESTO DE CONTROL MARITIMO - PROV. CONST. DEL CALLAO","CULANTRO, polvo",240,"CAJA(S)","CHINA"
"1944","2022",10,"OFICINA PUESTO DE CONTROL MARITIMO - PROV. CONST. DEL CALLAO","TOMATE, polvo",160,"CAJA(S)","CHINA"
"1945","2022",10,"OFICINA PUESTO DE CONTROL MARITIMO - PROV. CONST. DEL CALLAO","JENGIBRE (=KION), polvo",520,"CAJA(S)","CHINA"
"1946","2022",10,"PUESTO DE CONTROL TERRESTRE DESAGUADERO","SOYA, torta",116000,"SACO(S)","BOLIVIA"
"1947","2022",10,"PUESTO DE CONTROL TERRESTRE DESAGUADERO","SOYA, torta",145000,"SACO(S)","BOLIVIA"
"1948","2022",10,"PUESTO DE CONTROL TERRESTRE DESAGUADERO","SOYA, torta",147000,"SACO(S)","BOLIVIA"
"1949","2022",10,"PUESTO DE CONTROL TERRESTRE DESAGUADERO","SOYA, harina",117000,"SACO(S)","BOLIVIA"
"1950","2022",10,"OFICINA PUESTO DE CONTROL AEREO -  PROV. CONST. DEL CALLAO","HONGOS Y TRUFAS, frescos, los demás",4.5,"CAJA(S)","ITALIA"
"1951","2022",10,"SANTA ROSA, TACNA","MANZANA, fruto fresco",23520,"CAJA(S)","CHILE"
"1952","2022",10,"SANTA ROSA, TACNA","MANZANA, fruto fresco",23520,"CAJA(S)","CHILE"
"1953","2022",10,"SANTA ROSA, TACNA","MANZANA, fruto fresco",23520,"CAJA(S)","CHILE"
"1954","2022",10,"SANTA ROSA, TACNA","MANZANA, fruto fresco",23520,"CAJA(S)","CHILE"
"1955","2022",10,"SANTA ROSA, TACNA","MANZANA, fruto fresco",23520,"CAJA(S)","CHILE"
"1956","2022",10,"SANTA ROSA, TACNA","MANZANA, fruto fresco",23520,"CAJA(S)","CHILE"
"1957","2022",10,"SANTA ROSA, TACNA","MANZANA, fruto fresco",23520,"CAJA(S)","CHILE"
"1958","2022",10,"SANTA ROSA, TACNA","MANZANA, fruto fresco",23520,"CAJA(S)","CHILE"
"1959","2022",10,"SANTA ROSA, TACNA","MANZANA, fruto fresco",23520,"CAJA(S)","CHILE"
"1960","2022",10,"SANTA ROSA, TACNA","Los demas pulverizadores para agricultura u horticultura usados
",9,"BALDES","JAPON"
"1961","2022",10,"SANTA ROSA, TACNA","Los demas pulverizadores para agricultura u horticultura usados
",9,"BIDONES","JAPON"
"1962","2022",10,"SANTA ROSA, TACNA","Los demas pulverizadores para agricultura u horticultura usados
",9,"CAJA(S)","JAPON"
"1963","2022",10,"SANTA ROSA, TACNA","Los demas pulverizadores para agricultura u horticultura usados
",9,"UNIDADES","JAPON"
"1964","2022",10,"SANTA ROSA, TACNA","Las demas cortadoras de cesped  con motor, en las que el dispositivo de corte gire en un plano horizontal, usada
",50,"CILINDROS","JAPON"
"1965","2022",10,"SANTA ROSA, TACNA","Las demas cortadoras de cesped  con motor, en las que el dispositivo de corte gire en un plano horizontal, usada
",50,"SOBRES","JAPON"
"1966","2022",10,"SANTA ROSA, TACNA","Las demas cortadoras de cesped  con motor, en las que el dispositivo de corte gire en un plano horizontal, usada
",290,"FARDOS","JAPON"
"1967","2022",10,"SANTA ROSA, TACNA","Las demas cortadoras de cesped  con motor, en las que el dispositivo de corte gire en un plano horizontal, usada
",300,"PAQUETES","JAPON"
"1968","2022",10,"SANTA ROSA, TACNA","Las demas cortadoras de cesped  con motor, en las que el dispositivo de corte gire en un plano horizontal, usada
",350,"CAJA(S)","JAPON"
"1969","2022",10,"SANTA ROSA, TACNA","Las demas cortadoras de cesped  con motor, en las que el dispositivo de corte gire en un plano horizontal, usada
",400,"BALDES","JAPON"
"1970","2022",10,"SANTA ROSA, TACNA","Las demas cortadoras de cesped  con motor, en las que el dispositivo de corte gire en un plano horizontal, usada
",400,"BIDONES","JAPON"
"1971","2022",10,"SANTA ROSA, TACNA","Las demas cortadoras de cesped  con motor, en las que el dispositivo de corte gire en un plano horizontal, usada
",400,"UNIDADES","JAPON"
"1972","2022",10,"SANTA ROSA, TACNA","TRACTOR USADO, con motor de potencia superior a 33 kW pero inferior o igual a 75 kW",1200,"CAJA(S)","JAPON"
"1973","2022",10,"SANTA ROSA, TACNA","TRACTOR USADO, con motor de potencia superior a 33 kW pero inferior o igual a 75 kW",1200,"PIEZAS","JAPON"
"1974","2022",10,"SANTA ROSA, TACNA","TRACTOR USADO, con motor de potencia superior a 33 kW pero inferior o igual a 75 kW",1300,"FARDOS","JAPON"
"1975","2022",10,"SANTA ROSA, TACNA","TRACTOR USADO, con motor de potencia superior a 33 kW pero inferior o igual a 75 kW",1300,"SACO(S)","JAPON"
"1976","2022",10,"SANTA ROSA, TACNA","TRACTOR USADO, con motor de potencia superior a 33 kW pero inferior o igual a 75 kW",1400,"CAJAS DE PLASTICO","JAPON"
"1977","2022",10,"SANTA ROSA, TACNA","TRACTOR USADO, con motor de potencia superior a 33 kW pero inferior o igual a 75 kW",1600,"UNIDADES","JAPON"
"1978","2022",10,"SANTA ROSA, TACNA","TRACTOR USADO, con motor de potencia superior a 33 kW pero inferior o igual a 75 kW",1700,"CILINDROS","JAPON"
"1979","2022",10,"PUESTO DE CONTROL TERRESTRE DESAGUADERO","SOYA, torta",56000,"GRANEL","BOLIVIA"
"1980","2022",10,"PUESTO DE CONTROL TERRESTRE DESAGUADERO","SOYA, torta",57000,"GRANEL","BOLIVIA"
"1981","2022",10,"PUESTO DE CONTROL TERRESTRE DESAGUADERO","SOYA, torta",83000,"GRANEL","BOLIVIA"
"1982","2022",10,"PUESTO DE CONTROL TERRESTRE DESAGUADERO","SOYA, torta",51500,"GRANEL","BOLIVIA"
"1983","2022",10,"OFICINA PUESTO DE CONTROL MARITIMO - PROV. CONST. DEL CALLAO","TRIGO, gluten",60000,"BOLSAS","HOLANDA"
"1984","2022",10,"OFICINA PUESTO DE CONTROL MARITIMO - PROV. CONST. DEL CALLAO","TRIGO, gluten",60000,"BOLSAS","HOLANDA"
"1985","2022",10,"PUESTO DE CONTROL- CEBAF","CAÑA DE GUAYAQUIL, seca al natural",34000,"UNIDADES","ECUADOR"
"1986","2022",10,"SANTA ROSA, TACNA","MANZANA, fruto fresco",23520,"CAJA(S)","CHILE"
"1987","2022",10,"SANTA ROSA, TACNA","MANZANA, fruto fresco",23520,"CAJA(S)","CHILE"
"1988","2022",10,"SANTA ROSA, TACNA","MANZANA, fruto fresco",23520,"CAJA(S)","CHILE"
"1989","2022",10,"OFICINA PUESTO DE CONTROL MARITIMO - PROV. CONST. DEL CALLAO","TURBA",418570,"FARDOS","ESTONIA"
"1990","2022",10,"SANTA ROSA, TACNA","MANZANA, fruto fresco",23010,"CAJA(S)","CHILE"
"1991","2022",10,"OFICINA PUESTO DE CONTROL MARITIMO - PROV. CONST. DEL CALLAO","PIMIENTA, molida",500,"CAJA(S)","CHINA"
"1992","2022",10,"OFICINA PUESTO DE CONTROL MARITIMO - PROV. CONST. DEL CALLAO","CANELA, triturada o pulverizada (molida)",4710,"CAJA(S)","CHINA"
"1993","2022",10,"PUESTO DE CONTROL TERRESTRE DESAGUADERO","SOYA, torta",116000,"SACO(S)","BOLIVIA"
"1994","2022",10,"SANTA ROSA, TACNA","LAS DEMAS MATERIAS VEGETALES y desperdicios vegetales, residuos y subproductos vegetales",25000,"SACO(S)","CHILE"
"1995","2022",10,"OFICINA PUESTO DE CONTROL MARITIMO - PROV. CONST. DEL CALLAO","MEZCLA DE ESPECIAS, molida",5220.6,"CAJA(S)","CHINA"
"1996","2022",10,"OFICINA PUESTO DE CONTROL AEREO -  PROV. CONST. DEL CALLAO","CARTUCHO (=CALLA LILY), semilla",10.3572,"BOLSAS","CHILE"
"1997","2022",10,"OFICINA PUESTO DE CONTROL MARITIMO - PROV. CONST. DEL CALLAO","CAUCHO, hojas ahumadas",20000,"UNIDADES","VIETNAM"
"1998","2022",10,"OFICINA PUESTO DE CONTROL MARITIMO - PROV. CONST. DEL CALLAO","PERA, fruta fresca",22680,"CAJA(S)","ARGENTINA"
"1999","2022",10,"SANTA ROSA, TACNA","MANZANA, fruto fresco",10241,"CAJA(S)","CHILE"
"2000","2022",10,"SANTA ROSA, TACNA","PERA, fruta fresca",5580,"CAJA(S)","CHILE"
"2001","2022",10,"SANTA ROSA, TACNA","KIWI, fruto fresco",5544,"CAJA(S)","CHILE"
"2002","2022",10,"PUESTO DE CONTROL TERRESTRE DESAGUADERO","SOYA, torta",75000,"GRANEL","BOLIVIA"
"2003","2022",10,"PUESTO DE CONTROL TERRESTRE DESAGUADERO","SOYA, harina",28752,"SACO(S)","BOLIVIA"
"2004","2022",10,"PUESTO DE CONTROL TERRESTRE DESAGUADERO","SOYA, torta",84062,"SACO(S)","BOLIVIA"
"2005","2022",10,"PUESTO DE CONTROL TERRESTRE DESAGUADERO","SOYA, torta",27000,"GRANEL","BOLIVIA"
"2006","2022",10,"OFICINA PUESTO DE CONTROL MARITIMO - PROV. CONST. DEL CALLAO","UVA (PASAS), secas industrialmente",40000,"CAJA(S)","CHILE"
"2007","2022",10,"OFICINA PUESTO DE CONTROL MARITIMO - PROV. CONST. DEL CALLAO","ARROZ, parbolizado pulido o sin cáscara",130000,"SACO(S)","BRASIL"
"2008","2022",10,"OFICINA PUESTO DE CONTROL MARITIMO - PROV. CONST. DEL CALLAO","ARROZ, grano pilado",2e+05,"BOLSAS","URUGUAY"
"2009","2022",10,"OFICINA PUESTO DE CONTROL MARITIMO - PROV. CONST. DEL CALLAO","CANELA Y FLORES DEL CANELERO, triturado o pulverizado",3555,"CAJA(S)","CHINA"
"2010","2022",10,"OFICINA PUESTO DE CONTROL MARITIMO - PROV. CONST. DEL CALLAO","TRIGO, harina",960,"PAQUETES","ITALIA"
"2011","2022",10,"OFICINA PUESTO DE CONTROL MARITIMO - PROV. CONST. DEL CALLAO","TRIGO, harina",9000,"SACO(S)","ITALIA"
"2012","2022",10,"OFICINA PUESTO DE CONTROL MARITIMO - PROV. CONST. DEL CALLAO","ARROZ, grano pilado",2160,"CAJA(S)","ITALIA"
"2013","2022",10,"OFICINA PUESTO DE CONTROL MARITIMO - PROV. CONST. DEL CALLAO","MAIZ, semola",6600,"PAQUETES","ITALIA"
"2014","2022",10,"PUESTO DE CONTROL TERRESTRE DESAGUADERO","ANIS O BADIANA, grano",30000,"SACO(S)","BOLIVIA"
"2015","2022",10,"OFICINA PUESTO DE CONTROL MARITIMO - PROV. CONST. DEL CALLAO","PINO, madera aserrada con algún proceso de la CRF2",268770,"PAQUETES","CHILE"
"2016","2022",10,"PUESTO DE CONTROL TERRESTRE DESAGUADERO","SOYA, torta",174000,"SACO(S)","BOLIVIA"
"2017","2022",10,"OFICINA PUESTO DE CONTROL MARITIMO - PROV. CONST. DEL CALLAO","LUPULO, pellets",40600,"PALETAS","ALEMANIA"
"2018","2022",10,"PUESTO DE CONTROL TERRESTRE DESAGUADERO","SOYA, torta",82500,"GRANEL","BOLIVIA"
"2019","2022",10,"PUESTO DE CONTROL TERRESTRE DESAGUADERO","SOYA, torta",57000,"GRANEL","BOLIVIA"
"2020","2022",10,"PUERTO DE PAITA , PIURA","TURBA",60713.6,"BIG BAG","LETONIA"
"2021","2022",10,"PUERTO DE PAITA , PIURA","TURBA",84413.8,"BIG BAG","LETONIA"
"2022","2022",10,"PUERTO DE PAITA , PIURA","TURBA",86285.8,"BIG BAG","LETONIA"
"2023","2022",10,"PUERTO DE PAITA , PIURA","TURBA",65784.6,"BIG BAG","LETONIA"
"2024","2022",10,"PUERTO DE PAITA , PIURA","TURBA",81552.8,"BIG BAG","LETONIA"
"2025","2022",10,"PUERTO DE PAITA , PIURA","TURBA",60508.6,"BIG BAG","LETONIA"
"2026","2022",10,"PUERTO DE PAITA , PIURA","TURBA",63901.6,"BIG BAG","LETONIA"
"2027","2022",10,"OFICINA PUESTO DE CONTROL AEREO -  PROV. CONST. DEL CALLAO","TULIPAN, flores frescas cortadas",900,"CAJA(S)","CHILE"
"2028","2022",10,"OFICINA PUESTO DE CONTROL MARITIMO - PROV. CONST. DEL CALLAO","AZUCAR CRUDA, sólido",150000,"SACO(S)","GUATEMALA"
"2029","2022",10,"PUESTO DE CONTROL TERRESTRE DESAGUADERO","SOYA, torta",147500,"SACO(S)","BOLIVIA"
"2030","2022",10,"PUESTO DE CONTROL TERRESTRE DESAGUADERO","SOYA, torta",146000,"SACO(S)","BOLIVIA"
"2031","2022",10,"PUESTO DE CONTROL TERRESTRE DESAGUADERO","SOYA, torta",147000,"SACO(S)","BOLIVIA"
"2032","2022",10,"OFICINA PUESTO DE CONTROL MARITIMO - PROV. CONST. DEL CALLAO","COCO, fibra (para sustrato)",71820,"PALETAS","INDIA"
"2033","2022",10,"OFICINA PUESTO DE CONTROL MARITIMO - PROV. CONST. DEL CALLAO","COCO, fibra (para sustrato)",46800,"PALETAS","INDIA"
"2034","2022",10,"IÑAPARI, MADRE DE DIOS","MAIZ AMARILLO DURO, grano",32000,"GRANEL","BRASIL"
"2035","2022",10,"OFICINA PUESTO DE CONTROL MARITIMO - PROV. CONST. DEL CALLAO","KIWI, secado industrialmente",16000,"CAJA(S)","CHINA"
"2036","2022",10,"OFICINA PUESTO DE CONTROL MARITIMO - PROV. CONST. DEL CALLAO","CALABAZA, grano seco industrial",10000,"CAJA(S)","CHINA"
"2037","2022",10,"PUESTO DE CONTROL TERRESTRE DESAGUADERO","MANI, grano sin cáscara",60000,"SACO(S)","BOLIVIA"
"2038","2022",10,"SANTA ROSA, TACNA","TRACTOR USADO, con motor de potencia superior a 33 kW pero inferior o igual a 75 kW",4500,"UNIDADES","HOLANDA"
"2039","2022",10,"SANTA ROSA, TACNA","TRACTOR USADO, con motor de potencia superior a 33 kW pero inferior o igual a 75 kW",4500,"UNIDADES","HOLANDA"
"2040","2022",10,"SANTA ROSA, TACNA","TRACTOR USADO, con motor de potencia superior a 33 kW pero inferior o igual a 75 kW",4500,"UNIDADES","HOLANDA"
"2041","2022",10,"PUESTO DE CONTROL TERRESTRE DESAGUADERO","SOYA, torta",85000,"GRANEL","BOLIVIA"
"2042","2022",10,"AGUAS VERDES, TUMBES","CAÑA DE GUAYAQUIL, seca al natural",34000,"UNIDADES","ECUADOR"
"2043","2022",10,"OFICINA PUESTO DE CONTROL MARITIMO - PROV. CONST. DEL CALLAO","MADERA, en bruto de coníferas tratada agentes de conservación
",135010,"UNIDADES","CHILE"
"2044","2022",10,"OFICINA PUESTO DE CONTROL MARITIMO - PROV. CONST. DEL CALLAO","PINO, madera aserrada con algún proceso de la CRF2",96832,"PAQUETES","CHILE"
"2045","2022",10,"PUESTO DE CONTROL- CEBAF","CAÑA DE GUAYAQUIL, seca al natural",32000,"UNIDADES","ECUADOR"
"2046","2022",10,"OFICINA PUESTO DE CONTROL MARITIMO - PROV. CONST. DEL CALLAO","AZUCAR SIN REFINAR, solido",250000,"SACO(S)","NICARAGUA"
"2047","2022",10,"OFICINA PUESTO DE CONTROL MARITIMO - PROV. CONST. DEL CALLAO","MADERA, monturas y mangos de herramientas, monturas y mangos de cepillos, brochas o escobas, de madera; hormas, ensanchadores y tensores del calzado, de madera ; con algún proceso de la CRF 2",28230,"SACO(S)","CHINA"
"2048","2022",10,"OFICINA PUESTO DE CONTROL AEREO -  PROV. CONST. DEL CALLAO","COMPLEMENTOS ALIMENTICIOS, mezclas o extractos de plantas",16.2,"SOBRES ALUMINIZADOS","CANADA"
"2049","2022",10,"PUESTO DE CONTROL TERRESTRE DESAGUADERO","SOYA, grano",56000,"SACO(S)","BOLIVIA"
"2050","2022",10,"SANTA ROSA, TACNA","MANZANA, fruto fresco",19551,"CAJA(S)","CHILE"
"2051","2022",10,"OFICINA PUESTO DE CONTROL MARITIMO - PROV. CONST. DEL CALLAO","LENTEJA, grano",24721,"SACO(S)","CANADA"
"2052","2022",10,"OFICINA PUESTO DE CONTROL MARITIMO - PROV. CONST. DEL CALLAO","MAIZ, almidon",75000,"BOLSAS","ARGENTINA"
"2053","2022",10,"OFICINA PUESTO DE CONTROL MARITIMO - PROV. CONST. DEL CALLAO","PAPA, fécula",199975,"SACO(S)","ALEMANIA"
"2054","2022",10,"OFICINA PUESTO DE CONTROL MARITIMO - PROV. CONST. DEL CALLAO","PAPA, fécula",1e+05,"SACO(S)","ALEMANIA"
"2055","2022",10,"PUERTO DE PAITA , PIURA","ARVEJA, grano partido",92988,"SACO(S)","EEUU"
"2056","2022",10,"PUESTO DE CONTROL TERRESTRE DESAGUADERO","SOYA, torta",86127,"SACO(S)","BOLIVIA"
"2057","2022",10,"PUESTO DE CONTROL TERRESTRE DESAGUADERO","SOYA, torta",138170,"GRANEL","BOLIVIA"
"2058","2022",10,"PUESTO DE CONTROL TERRESTRE DESAGUADERO","SOYA, torta",174000,"SACO(S)","BOLIVIA"
"2059","2022",10,"PUESTO DE CONTROL TERRESTRE DESAGUADERO","SOYA, torta",116000,"SACO(S)","BOLIVIA"
"2060","2022",10,"OFICINA PUESTO DE CONTROL AEREO -  PROV. CONST. DEL CALLAO","MAIZ, semilla",9.3,"SACHETS","EEUU"
"2061","2022",10,"OFICINA PUESTO DE CONTROL AEREO -  PROV. CONST. DEL CALLAO","MAIZ, semilla",2.91,"SOBRES","FRANCIA"
"2062","2022",10,"PUESTO DE CONTROL TERRESTRE DESAGUADERO","SOYA, grano",112000,"GRANEL","BOLIVIA"
"2063","2022",10,"OFICINA PUESTO DE CONTROL AEREO -  PROV. CONST. DEL CALLAO","PIMIENTO, semilla",0.991,"SACHETS","HOLANDA"
"2064","2022",10,"OFICINA PUESTO DE CONTROL AEREO -  PROV. CONST. DEL CALLAO","TOMATE, semilla",0.0522,"SACHETS","FRANCIA"
"2065","2022",10,"OFICINA PUESTO DE CONTROL AEREO -  PROV. CONST. DEL CALLAO","TOMATE, semilla",0.015,"SACHETS","HOLANDA"
"2066","2022",10,"OFICINA PUESTO DE CONTROL AEREO -  PROV. CONST. DEL CALLAO","TOMATE, semilla",0.01914,"SACHETS","FRANCIA"
"2067","2022",10,"OFICINA PUESTO DE CONTROL AEREO -  PROV. CONST. DEL CALLAO","PIMIENTO, semilla",0.937703,"SACHETS","HOLANDA"
"2068","2022",10,"OFICINA PUESTO DE CONTROL MARITIMO - PROV. CONST. DEL CALLAO","NUEZ, con cáscara seca al natural",40000,"SACO(S)","CHILE"
"2069","2022",10,"OFICINA PUESTO DE CONTROL MARITIMO - PROV. CONST. DEL CALLAO","CURCUMA, polvo",2000,"BOLSAS","SINGAPUR"
"2070","2022",10,"OFICINA PUESTO DE CONTROL MARITIMO - PROV. CONST. DEL CALLAO","MAIZ, semilla",60014.1,"BOLSAS","BOLIVIA"
"2071","2022",10,"OFICINA PUESTO DE CONTROL MARITIMO - PROV. CONST. DEL CALLAO","AZUCAR CRUDA, sólido",125000,"SACO(S)","GUATEMALA"
"2072","2022",10,"PUESTO DE CONTROL TERRESTRE DESAGUADERO","SOYA, grano",28000,"GRANEL","BOLIVIA"
"2073","2022",10,"PUESTO DE CONTROL TERRESTRE DESAGUADERO","SOYA, grano",56000,"GRANEL","BOLIVIA"
"2074","2022",10,"OFICINA PUESTO DE CONTROL MARITIMO - PROV. CONST. DEL CALLAO","PIMIENTA, grano seco al natural",25000,"SACO(S)","MEXICO"
"2075","2022",10,"OFICINA PUESTO DE CONTROL MARITIMO - PROV. CONST. DEL CALLAO","LENTEJA, grano",24721,"SACO(S)","CANADA"
"2076","2022",10,"OFICINA PUESTO DE CONTROL MARITIMO - PROV. CONST. DEL CALLAO","MANZANA, fruto fresco",19943,"CAJA(S)","CHILE"
"2077","2022",10,"OFICINA PUESTO DE CONTROL MARITIMO - PROV. CONST. DEL CALLAO","ARROZ, grano pilado",13000,"SACO(S)","VIETNAM"
"2078","2022",10,"OFICINA PUESTO DE CONTROL MARITIMO - PROV. CONST. DEL CALLAO","ALGODON, fibra sin cardar ni peinar (>22.22 mm = o <28.57 mm)",143809,"FARDOS","EEUU"
"2079","2022",10,"OFICINA PUESTO DE CONTROL MARITIMO - PROV. CONST. DEL CALLAO","MADERA, moldurada con proceso de la CRF2",4211.493,"PIEZAS","EEUU"
"2080","2022",10,"OFICINA PUESTO DE CONTROL MARITIMO - PROV. CONST. DEL CALLAO","MADERA, marcos y contramarcos de ventanas y puertas vidrieras de las demas madera con proceso de la CRF 2",1204.554,"PIEZAS","EEUU"
"2081","2022",10,"OFICINA PUESTO DE CONTROL MARITIMO - PROV. CONST. DEL CALLAO","MADERA, puertas y sus marcos, contramarcos y umbrales, con algun proceso de la CRF 2",290.145,"PIEZAS","EEUU"
"2082","2022",10,"PUESTO DE CONTROL TERRESTRE DESAGUADERO","AZUCAR BLANCA O REFINADA (lectura polarimetrica mayor 99.5°)",116000,"SACO(S)","BOLIVIA"
"2083","2022",10,"OFICINA PUESTO DE CONTROL MARITIMO - PROV. CONST. DEL CALLAO","PIMIENTA, grano seco al natural",25000,"SACO(S)","BRASIL"
"2084","2022",10,"OFICINA PUESTO DE CONTROL MARITIMO - PROV. CONST. DEL CALLAO","ARVEJA, grano partido",90640,"SACO(S)","EEUU"
"2085","2022",10,"OFICINA PUESTO DE CONTROL MARITIMO - PROV. CONST. DEL CALLAO","TRIGO, harina",2000,"SACO(S)","ITALIA"
"2086","2022",10,"OFICINA PUESTO DE CONTROL MARITIMO - PROV. CONST. DEL CALLAO","CAUCHO, técnicamente especificado (TSNR)",40320,"PALETAS","COLOMBIA"
"2087","2022",10,"OFICINA PUESTO DE CONTROL AEREO -  PROV. CONST. DEL CALLAO","ARANDANO, planta",2032,"CAJA(S)","CHILE"
"2088","2022",10,"OFICINA PUESTO DE CONTROL MARITIMO - PROV. CONST. DEL CALLAO","PERA, fruta fresca",24210.9,"CAJA(S)","ARGENTINA"
"2089","2022",10,"OFICINA PUESTO DE CONTROL MARITIMO - PROV. CONST. DEL CALLAO","MOSTAZA, harina",14000,"BOLSAS","CANADA"
"2090","2022",10,"PUESTO DE CONTROL TERRESTRE DESAGUADERO","AJONJOLI, grano",29000,"SACO(S)","BOLIVIA"
"2091","2022",10,"PUESTO DE CONTROL TERRESTRE DESAGUADERO","SOYA, grano",141000,"GRANEL","BOLIVIA"
"2092","2022",10,"PUESTO DE CONTROL TERRESTRE DESAGUADERO","SOYA, grano",112500,"GRANEL","BOLIVIA"
"2093","2022",10,"OFICINA PUESTO DE CONTROL MARITIMO - PROV. CONST. DEL CALLAO","CAUCHO, técnicamente especificado (TSNR)",40320,"PIEZAS","INDONESIA"
"2094","2022",10,"OFICINA PUESTO DE CONTROL MARITIMO - PROV. CONST. DEL CALLAO","CAUCHO, técnicamente especificado (TSNR)",40320,"PIEZAS","INDONESIA"
"2095","2022",10,"OFICINA PUESTO DE CONTROL MARITIMO - PROV. CONST. DEL CALLAO","GIRASOL, grano sin cáscara",3000,"SACO(S)","BULGARIA"
"2096","2022",10,"OFICINA PUESTO DE CONTROL MARITIMO - PROV. CONST. DEL CALLAO","ARVEJA, grano partido",23226,"SACO(S)","EEUU"
"2097","2022",10,"IÑAPARI, MADRE DE DIOS","MAIZ AMARILLO DURO, grano",38000,"GRANEL","BRASIL"
"2098","2022",10,"OFICINA PUESTO DE CONTROL MARITIMO - PROV. CONST. DEL CALLAO","AZUCAR CRUDA, sólido",106000,"SACO(S)","NICARAGUA"
"2099","2022",10,"OFICINA PUESTO DE CONTROL MARITIMO - PROV. CONST. DEL CALLAO","MANZANA, fruto fresco",17640,"CAJA(S)","EEUU"
"2100","2022",10,"OFICINA PUESTO DE CONTROL MARITIMO - PROV. CONST. DEL CALLAO","MANZANA, fruto fresco",4065.6,"CAJA(S)","ARGENTINA"
"2101","2022",10,"OFICINA PUESTO DE CONTROL MARITIMO - PROV. CONST. DEL CALLAO","PERA, fruta fresca",43810.2,"CAJA(S)","ARGENTINA"
"2102","2022",10,"PUESTO DE CONTROL- CEBAF","ROSA, flores frescas cortadas",1700,"CAJA(S)","ECUADOR"
"2103","2022",10,"PUESTO DE CONTROL- CEBAF","CLAVEL, flores frescas cortadas",3300,"CAJA(S)","ECUADOR"
"2104","2022",10,"OFICINA PUESTO DE CONTROL MARITIMO - PROV. CONST. DEL CALLAO","LENTEJA, grano",131540,"SACO(S)","CANADA"
"2105","2022",10,"SANTA ROSA, TACNA","TRACTOR USADO, con motor de potencia superior a 33 kW pero inferior o igual a 75 kW",1150,"TAMBORES","CHINA"
"2106","2022",10,"SANTA ROSA, TACNA","TRACTOR USADO, con motor de potencia superior a 33 kW pero inferior o igual a 75 kW",1150,"TERMO NEVERA","CHINA"
"2107","2022",10,"SANTA ROSA, TACNA","TRACTOR USADO, con motor de potencia superior a 33 kW pero inferior o igual a 75 kW",1150,"TUBOS","CHINA"
"2108","2022",10,"SANTA ROSA, TACNA","TRACTOR USADO, con motor de potencia superior a 33 kW pero inferior o igual a 75 kW",1150,"UNIDADES","CHINA"
"2109","2022",10,"SANTA ROSA, TACNA","TRACTOR USADO, con motor de potencia superior a 33 kW pero inferior o igual a 75 kW",1150,"VINILO","CHINA"
"2110","2022",10,"SANTA ROSA, TACNA","Cortadora de cesped autopropulsada, con motor, en las que el dispositivo de corte gire en un plano horizontal, usada
",500,"PALETAS","CHINA"
"2111","2022",10,"SANTA ROSA, TACNA","Cortadora de cesped autopropulsada, con motor, en las que el dispositivo de corte gire en un plano horizontal, usada
",500,"UNIDADES","CHINA"
"2112","2022",10,"IÑAPARI, MADRE DE DIOS","MAIZ AMARILLO DURO, grano",96000,"SACO(S)","BRASIL"
"2113","2022",10,"OFICINA PUESTO DE CONTROL MARITIMO - PROV. CONST. DEL CALLAO","UVA (PASAS), secas naturalmente",40000,"CAJA(S)","ARGENTINA"
"2114","2022",10,"PUESTO DE CONTROL- CEBAF","ROSA, flores frescas cortadas",3492,"CAJA(S)","ECUADOR"
"2115","2022",10,"PUESTO DE CONTROL- CEBAF","CLAVEL, flores frescas cortadas",328,"CAJA(S)","ECUADOR"
"2116","2022",10,"PUESTO DE CONTROL- CEBAF","CRISANTEMO, flores frescas cortadas",1368,"CAJA(S)","ECUADOR"
"2117","2022",10,"PUESTO DE CONTROL- CEBAF","LILIUM (=AZUCENA), flores frescas cortadas",72,"CAJA(S)","ECUADOR"
"2118","2022",10,"OFICINA PUESTO DE CONTROL AEREO -  PROV. CONST. DEL CALLAO","COCO, fibra (para sustrato)",10,"PAQUETES","SRI LANKA"
"2119","2022",10,"OFICINA PUESTO DE CONTROL MARITIMO - PROV. CONST. DEL CALLAO","ARVEJA, semilla",3750,"BOLSAS","EEUU"
"2120","2022",10,"OFICINA PUESTO DE CONTROL MARITIMO - PROV. CONST. DEL CALLAO","ARVEJA, semilla",10000,"BOLSAS","EEUU"
"2121","2022",10,"OFICINA PUESTO DE CONTROL MARITIMO - PROV. CONST. DEL CALLAO","CAUCHO, hojas ahumadas",28000,"UNIDADES","VIETNAM"
"2122","2022",10,"PUESTO DE CONTROL TERRESTRE DESAGUADERO","SOYA, torta",55500,"GRANEL","BOLIVIA"
"2123","2022",10,"PUESTO DE CONTROL TERRESTRE DESAGUADERO","SOYA, torta",57000,"GRANEL","BOLIVIA"
"2124","2022",10,"PUESTO DE CONTROL TERRESTRE DESAGUADERO","SOYA, torta",84000,"GRANEL","BOLIVIA"
"2125","2022",10,"PUESTO DE CONTROL TERRESTRE DESAGUADERO","SOYA, torta",57000,"GRANEL","BOLIVIA"
"2126","2022",10,"OFICINA PUESTO DE CONTROL MARITIMO - PROV. CONST. DEL CALLAO","CEBOLLINO FRANCES, semilla",0.453,"SACHETS","EEUU"
"2127","2022",10,"OFICINA PUESTO DE CONTROL MARITIMO - PROV. CONST. DEL CALLAO","LECHUGA, semilla",4.08,"SACHETS","EEUU"
"2128","2022",10,"OFICINA PUESTO DE CONTROL MARITIMO - PROV. CONST. DEL CALLAO","ENDIVIA, semilla",0.907,"SACHETS","EEUU"
"2129","2022",10,"OFICINA PUESTO DE CONTROL MARITIMO - PROV. CONST. DEL CALLAO","ENELDO, semilla",0.453,"SACHETS","EEUU"
"2130","2022",10,"OFICINA PUESTO DE CONTROL MARITIMO - PROV. CONST. DEL CALLAO","MEJORANA, semilla",0.453,"SACHETS","EEUU"
"2131","2022",10,"OFICINA PUESTO DE CONTROL MARITIMO - PROV. CONST. DEL CALLAO","PERIFOLLO (=CHERVIL), semilla",0.453,"SACHETS","EEUU"
"2132","2022",10,"OFICINA PUESTO DE CONTROL MARITIMO - PROV. CONST. DEL CALLAO","TOMILLO, semilla",0.907,"SACHETS","EEUU"
"2133","2022",10,"OFICINA PUESTO DE CONTROL MARITIMO - PROV. CONST. DEL CALLAO","ALBAHACA, semilla",0.453,"SACHETS","EEUU"
"2134","2022",10,"OFICINA PUESTO DE CONTROL MARITIMO - PROV. CONST. DEL CALLAO","OREGANO, semilla",0.453,"SACHETS","EEUU"
"2135","2022",10,"PUESTO DE CONTROL TERRESTRE DESAGUADERO","SOYA, torta",55000,"GRANEL","BOLIVIA"
"2136","2022",10,"PUESTO DE CONTROL TERRESTRE DESAGUADERO","SOYA, torta",56500,"GRANEL","BOLIVIA"
"2137","2022",10,"PUESTO DE CONTROL TERRESTRE DESAGUADERO","SOYA, torta",87000,"GRANEL","BOLIVIA"
"2138","2022",10,"PUESTO DE CONTROL TERRESTRE DESAGUADERO","SOYA, torta",56000,"GRANEL","BOLIVIA"
"2139","2022",10,"OFICINA PUESTO DE CONTROL MARITIMO - PROV. CONST. DEL CALLAO","CANELA, corteza entera seca al natural",6200,"SACO(S)","SRI LANKA"
"2140","2022",10,"OFICINA PUESTO DE CONTROL AEREO -  PROV. CONST. DEL CALLAO","AECHMEA, planta",14,"CAJA(S)","HOLANDA"
"2141","2022",10,"OFICINA PUESTO DE CONTROL AEREO -  PROV. CONST. DEL CALLAO","GUZMANIA, planta",72,"CAJA(S)","HOLANDA"
"2142","2022",10,"OFICINA PUESTO DE CONTROL AEREO -  PROV. CONST. DEL CALLAO","NEOREGELIA, planta",14,"CAJA(S)","HOLANDA"
"2143","2022",10,"OFICINA PUESTO DE CONTROL AEREO -  PROV. CONST. DEL CALLAO","TILLANDSIA, planta",2,"CAJA(S)","HOLANDA"
"2144","2022",10,"OFICINA PUESTO DE CONTROL AEREO -  PROV. CONST. DEL CALLAO","VRIESEA, planta",56,"CAJA(S)","HOLANDA"
"2145","2022",10,"OFICINA PUESTO DE CONTROL MARITIMO - PROV. CONST. DEL CALLAO","ALMENDRA, harina, polvo",4320,"CAJA(S)","ESPAÑA"
"2146","2022",10,"OFICINA PUESTO DE CONTROL AEREO -  PROV. CONST. DEL CALLAO","VRIESEA, planta",56,"CAJA(S)","HOLANDA"
"2147","2022",10,"PUESTO DE CONTROL TERRESTRE DESAGUADERO","CHIA, grano",52000,"SACO(S)","PARAGUAY"
"2148","2022",10,"OFICINA PUESTO DE CONTROL MARITIMO - PROV. CONST. DEL CALLAO","UVA (PASAS), secas naturalmente",60000,"CAJA(S)","ARGENTINA"
"2149","2022",10,"PUERTO DE MATARANI , AREQUIPA","MAIZ AMARILLO DURO, grano",5e+06,"GRANEL","ARGENTINA"
"2150","2022",10,"PUESTO DE CONTROL TERRESTRE DESAGUADERO","MANI, grano sin cáscara",58000,"SACO(S)","BOLIVIA"
"2151","2022",10,"PUESTO DE CONTROL TERRESTRE DESAGUADERO","FREJOL NEGRO, grano",58000,"SACO(S)","BOLIVIA"
"2152","2022",10,"OFICINA PUESTO DE CONTROL MARITIMO - PROV. CONST. DEL CALLAO","PERA, fruta fresca",22680,"CAJA(S)","ARGENTINA"
"2153","2022",10,"PUESTO DE CONTROL TERRESTRE DESAGUADERO","SOYA, harina",112000,"SACO(S)","BOLIVIA"
"2154","2022",10,"OFICINA PUESTO DE CONTROL MARITIMO - PROV. CONST. DEL CALLAO","COCO, fibra (para sustrato)",46300,"PALETAS","INDIA"
"2155","2022",10,"OFICINA PUESTO DE CONTROL AEREO -  PROV. CONST. DEL CALLAO","ALBAHACA, semilla",0.671,"SACHETS","HOLANDA"
"2156","2022",10,"OFICINA PUESTO DE CONTROL AEREO -  PROV. CONST. DEL CALLAO","LECHUGA, semilla",0.019,"SACHETS","HOLANDA"
"2157","2022",10,"OFICINA PUESTO DE CONTROL AEREO -  PROV. CONST. DEL CALLAO","ESPARRAGO, semilla",4.08233,"CAJA(S)","EEUU"
"2158","2022",10,"OFICINA PUESTO DE CONTROL MARITIMO - PROV. CONST. DEL CALLAO","QUINUA, grano",80000,"BIG BAG","ITALIA"
"2159","2022",10,"OFICINA PUESTO DE CONTROL AEREO -  PROV. CONST. DEL CALLAO","CEBOLLA, semilla",3.0593,"SACHETS","ISRAEL"
"2160","2022",10,"OFICINA PUESTO DE CONTROL MARITIMO - PROV. CONST. DEL CALLAO","Articulos de cesteria (canastos, cestos u otros), con algun proceso de la CRF2",88.707,"BOLSAS","CHINA"
"2161","2022",10,"OFICINA PUESTO DE CONTROL MARITIMO - PROV. CONST. DEL CALLAO","Articulos de cesteria (canastos, cestos u otros), con algun proceso de la CRF2",177.415,"UNIDADES","CHINA"
"2162","2022",10,"OFICINA PUESTO DE CONTROL MARITIMO - PROV. CONST. DEL CALLAO","Articulos de cesteria (canastos, cestos u otros), con algun proceso de la CRF2",354.83,"PIEZAS","CHINA"
"2163","2022",10,"OFICINA PUESTO DE CONTROL MARITIMO - PROV. CONST. DEL CALLAO","PERA, fruta fresca",24210.9,"CAJA(S)","ARGENTINA"
"2164","2022",10,"PUERTO DE PAITA , PIURA","CANELA, corteza entera seca al natural",13500,"CAJA(S)","SRI LANKA"
"2165","2022",10,"OFICINA PUESTO DE CONTROL MARITIMO - PROV. CONST. DEL CALLAO","TRIGO, gluten",20000,"SACO(S)","FRANCIA"
"2166","2022",10,"PUESTO DE CONTROL TERRESTRE DESAGUADERO","SOYA, torta",112000,"SACO(S)","BOLIVIA"
"2167","2022",10,"OFICINA PUESTO DE CONTROL MARITIMO - PROV. CONST. DEL CALLAO","AZUCAR DE CAÑA, solido en bruto",150000,"SACO(S)","NICARAGUA"
"2168","2022",10,"PUESTO DE CONTROL TERRESTRE DESAGUADERO","SOYA, torta",83360,"GRANEL","BOLIVIA"
"2169","2022",10,"PUESTO DE CONTROL TERRESTRE DESAGUADERO","SOYA, torta",76000,"GRANEL","BOLIVIA"
"2170","2022",10,"OFICINA PUESTO DE CONTROL MARITIMO - PROV. CONST. DEL CALLAO","CAUCHO, técnicamente especificado (TSNR)",20160,"PALETAS","GUATEMALA"
"2171","2022",10,"PUESTO DE CONTROL TERRESTRE DESAGUADERO","SOYA, torta",84000,"GRANEL","BOLIVIA"
"2172","2022",10,"PUESTO DE CONTROL TERRESTRE DESAGUADERO","CHIA, grano",25000,"SACO(S)","BOLIVIA"
"2173","2022",10,"PUESTO DE CONTROL TERRESTRE DESAGUADERO","SOYA, harina",1e+05,"SACO(S)","BOLIVIA"
"2174","2022",10,"PUESTO DE CONTROL TERRESTRE DESAGUADERO","SOYA, grano",55980,"GRANEL","BOLIVIA"
"2175","2022",10,"PUESTO DE CONTROL TERRESTRE DESAGUADERO","SOYA, grano",84980,"GRANEL","BOLIVIA"
"2176","2022",10,"OFICINA PUESTO DE CONTROL MARITIMO - PROV. CONST. DEL CALLAO","AVENA, grano aplastado o en copos (hojuelas)",78750,"SACO(S)","CHILE"
"2177","2022",10,"PUESTO DE CONTROL TERRESTRE DESAGUADERO","SOYA, grano",25980,"GRANEL","BOLIVIA"
"2178","2022",10,"PUESTO DE CONTROL TERRESTRE DESAGUADERO","SOYA, grano",115000,"GRANEL","BOLIVIA"
"2179","2022",10,"PUESTO DE CONTROL TERRESTRE DESAGUADERO","SOYA, harina",57834,"SACO(S)","BOLIVIA"
"2180","2022",10,"PUESTO DE CONTROL TERRESTRE DESAGUADERO","SOYA, torta",29090,"GRANEL","BOLIVIA"
"2181","2022",10,"OFICINA PUESTO DE CONTROL MARITIMO - PROV. CONST. DEL CALLAO","LENTEJA, grano",26309,"SACO(S)","CANADA"
"2182","2022",10,"PUESTO DE CONTROL TERRESTRE DESAGUADERO","SOYA, torta",54500,"GRANEL","BOLIVIA"
"2183","2022",10,"PUESTO DE CONTROL TERRESTRE DESAGUADERO","SOYA, torta",56000,"GRANEL","BOLIVIA"
"2184","2022",10,"PUESTO DE CONTROL TERRESTRE DESAGUADERO","SOYA, harina",145000,"SACO(S)","BOLIVIA"
"2185","2022",10,"PUESTO DE CONTROL TERRESTRE DESAGUADERO","SOYA, torta",84000,"GRANEL","BOLIVIA"
"2186","2022",10,"PUESTO DE CONTROL TERRESTRE DESAGUADERO","SOYA, torta",56000,"GRANEL","BOLIVIA"
"2187","2022",10,"PUESTO DE CONTROL TERRESTRE DESAGUADERO","SOYA, torta",56000,"GRANEL","BOLIVIA"
"2188","2022",10,"PUESTO DE CONTROL TERRESTRE DESAGUADERO","SOYA, torta",145000,"SACO(S)","BOLIVIA"
"2189","2022",10,"OFICINA PUESTO DE CONTROL AEREO -  PROV. CONST. DEL CALLAO","LUPULO, pellets",190,"PALETAS","EEUU"
"2190","2022",10,"OFICINA PUESTO DE CONTROL MARITIMO - PROV. CONST. DEL CALLAO","ALMENDRA, sin cáscara secado al natural",16329.6,"CAJA(S)","EEUU"
"2191","2022",10,"PUESTO DE CONTROL TERRESTRE DESAGUADERO","SOYA, torta",55500,"GRANEL","BOLIVIA"
"2192","2022",10,"SANTA ROSA, TACNA","MELON, fruto fresco",8750,"SACO(S)","CHILE"
"2193","2022",10,"SANTA ROSA, TACNA","SANDIA, fruto fresco",16250,"UNIDADES","CHILE"
"2194","2022",10,"OFICINA PUESTO DE CONTROL AEREO -  PROV. CONST. DEL CALLAO","GIRASOL, semilla",40.399,"SOBRES ALUMINIZADOS","EEUU"
"2195","2022",10,"OFICINA PUESTO DE CONTROL AEREO -  PROV. CONST. DEL CALLAO","ASTER CHINO, semilla",0.258,"SOBRES ALUMINIZADOS","EEUU"
"2196","2022",10,"OFICINA PUESTO DE CONTROL AEREO -  PROV. CONST. DEL CALLAO","DELPHINIUM, semilla",0.638,"SOBRES ALUMINIZADOS","EEUU"
"2197","2022",10,"OFICINA PUESTO DE CONTROL AEREO -  PROV. CONST. DEL CALLAO","LISIANTHUS, semilla",0.009,"FRASCO(S)","EEUU"
"2198","2022",10,"OFICINA PUESTO DE CONTROL MARITIMO - PROV. CONST. DEL CALLAO","ALGODON, fibra sin cardar ni peinar (>22.22 mm = o <28.57 mm)",257480,"FARDOS","EEUU"
"2199","2022",10,"OFICINA PUESTO DE CONTROL MARITIMO - PROV. CONST. DEL CALLAO","ROTEN (=Ratán), artículos de cestería obtenidos directamente en su forma con materia trenzable con algún proceso de la CRF2",125.965,"UNIDADES","INDONESIA"
"2200","2022",10,"OFICINA PUESTO DE CONTROL MARITIMO - PROV. CONST. DEL CALLAO","ALGODON, fibra sin cardar ni peinar (>22.22 mm = o <28.57 mm)",40803,"FARDOS","EEUU"
"2201","2022",10,"OFICINA PUESTO DE CONTROL AEREO -  PROV. CONST. DEL CALLAO","MAIZ, semilla",13.3117,"SOBRES","HUNGRIA"
"2202","2022",10,"OFICINA PUESTO DE CONTROL MARITIMO - PROV. CONST. DEL CALLAO","ARROZ, parbolizado pulido o sin cáscara",129910,"SACO(S)","BRASIL"
"2203","2022",10,"OFICINA PUESTO DE CONTROL MARITIMO - PROV. CONST. DEL CALLAO","PINO, madera aserrada con algún proceso de la CRF2",119990,"PAQUETES","CHILE"
"2204","2022",10,"PUESTO DE CONTROL- CEBAF","CAÑA DE GUAYAQUIL, seca al natural",31000,"UNIDADES","ECUADOR"
"2205","2022",10,"SANTA ROSA, TACNA","TRACTOR USADO, con motor de potencia superior a 33 kW pero inferior o igual a 75 kW",1182.5,"PIEZAS","CHINA"
"2206","2022",10,"SANTA ROSA, TACNA","TRACTOR USADO, con motor de potencia superior a 33 kW pero inferior o igual a 75 kW",1182.5,"ROLLOS","CHINA"
"2207","2022",10,"SANTA ROSA, TACNA","TRACTOR USADO, con motor de potencia superior a 33 kW pero inferior o igual a 75 kW",1182.5,"SACHETS","CHINA"
"2208","2022",10,"SANTA ROSA, TACNA","TRACTOR USADO, con motor de potencia superior a 33 kW pero inferior o igual a 75 kW",1182.5,"SACO(S)","CHINA"
"2209","2022",10,"SANTA ROSA, TACNA","TRACTOR USADO, con motor de potencia superior a 33 kW pero inferior o igual a 75 kW",1182.5,"SOBRES","CHINA"
"2210","2022",10,"SANTA ROSA, TACNA","TRACTOR USADO, con motor de potencia superior a 33 kW pero inferior o igual a 75 kW",1182.5,"SOBRES ALUMINIZADOS","CHINA"
"2211","2022",10,"SANTA ROSA, TACNA","TRACTOR USADO, con motor de potencia superior a 33 kW pero inferior o igual a 75 kW",1182.5,"TAMBORES","CHINA"
"2212","2022",10,"SANTA ROSA, TACNA","TRACTOR USADO, con motor de potencia superior a 33 kW pero inferior o igual a 75 kW",1182.5,"TANQUES CRIOGENICO","CHINA"
"2213","2022",10,"SANTA ROSA, TACNA","TRACTOR USADO, con motor de potencia superior a 33 kW pero inferior o igual a 75 kW",1182.5,"TERMO NEVERA","CHINA"
"2214","2022",10,"SANTA ROSA, TACNA","TRACTOR USADO, con motor de potencia superior a 33 kW pero inferior o igual a 75 kW",1182.5,"TUBOS","CHINA"
"2215","2022",10,"SANTA ROSA, TACNA","TRACTOR USADO, con motor de potencia superior a 33 kW pero inferior o igual a 75 kW",1182.5,"UNIDADES","CHINA"
"2216","2022",10,"OFICINA PUESTO DE CONTROL MARITIMO - PROV. CONST. DEL CALLAO","MAIZ REVENTON, grano",99774,"SACO(S)","EEUU"
"2217","2022",10,"SANTA ROSA, TACNA","Los demas pulverizadores para agricultura u horticultura usados
",15,"SOBRE REEMPACADO","CHINA"
"2218","2022",10,"SANTA ROSA, TACNA","Los demas pulverizadores para agricultura u horticultura usados
",15,"SOBRES ALUMINIZADOS","CHINA"
"2219","2022",10,"SANTA ROSA, TACNA","Los demas pulverizadores para agricultura u horticultura usados
",15,"TAMBORES","CHINA"
"2220","2022",10,"SANTA ROSA, TACNA","Los demas pulverizadores para agricultura u horticultura usados
",15,"TANQUES CRIOGENICO","CHINA"
"2221","2022",10,"SANTA ROSA, TACNA","Los demas pulverizadores para agricultura u horticultura usados
",15,"TERMO NEVERA","CHINA"
"2222","2022",10,"SANTA ROSA, TACNA","Los demas pulverizadores para agricultura u horticultura usados
",15,"TUBOS","CHINA"
"2223","2022",10,"SANTA ROSA, TACNA","Los demas pulverizadores para agricultura u horticultura usados
",15,"UNIDADES","CHINA"
"2224","2022",10,"SANTA ROSA, TACNA","Los demas pulverizadores para agricultura u horticultura usados
",15,"VINILO","CHINA"
"2225","2022",10,"OFICINA PUESTO DE CONTROL MARITIMO - PROV. CONST. DEL CALLAO","PINO, madera aserrada con algún proceso de la CRF2",114850,"PAQUETES","CHILE"
"2226","2022",10,"OFICINA PUESTO DE CONTROL MARITIMO - PROV. CONST. DEL CALLAO","PINO, madera aserrada con algún proceso de la CRF2",21010,"PAQUETES","CHILE"
"2227","2022",10,"OFICINA PUESTO DE CONTROL MARITIMO - PROV. CONST. DEL CALLAO","PINO, madera aserrada con algún proceso de la CRF2",110250,"PAQUETES","CHILE"
"2228","2022",10,"PUESTO DE CONTROL TERRESTRE DESAGUADERO","SOYA, torta",55469,"SACO(S)","BOLIVIA"
"2229","2022",10,"OFICINA PUESTO DE CONTROL MARITIMO - PROV. CONST. DEL CALLAO","MADERA, en bruto de coníferas tratada agentes de conservación
",72101,"UNIDADES","CHILE"
"2230","2022",10,"OFICINA PUESTO DE CONTROL MARITIMO - PROV. CONST. DEL CALLAO","MAIZ, harina",84000,"PACAS","COLOMBIA"
"2231","2022",10,"OFICINA PUESTO DE CONTROL MARITIMO - PROV. CONST. DEL CALLAO","MAIZ, harina",84000,"PACAS","COLOMBIA"
"2232","2022",10,"OFICINA PUESTO DE CONTROL MARITIMO - PROV. CONST. DEL CALLAO","PINO, madera aserrada con algún proceso de la CRF2",60459,"PAQUETES","CHILE"
"2233","2022",10,"OFICINA PUESTO DE CONTROL MARITIMO - PROV. CONST. DEL CALLAO","PINO, madera aserrada con algún proceso de la CRF2",238699,"PAQUETES","CHILE"
"2234","2022",10,"OFICINA PUESTO DE CONTROL MARITIMO - PROV. CONST. DEL CALLAO","PINO, madera aserrada con algún proceso de la CRF2",231845,"PAQUETES","CHILE"
"2235","2022",10,"OFICINA PUESTO DE CONTROL MARITIMO - PROV. CONST. DEL CALLAO","PINO, madera aserrada con algún proceso de la CRF2",255824,"PAQUETES","CHILE"
"2236","2022",10,"PUESTO DE CONTROL- CEBAF","ROSA, flores frescas cortadas",5500,"CAJA(S)","ECUADOR"
"2237","2022",10,"PUESTO DE CONTROL- CEBAF","CLAVEL, flores frescas cortadas",1480,"CAJA(S)","ECUADOR"
"2238","2022",10,"PUESTO DE CONTROL- CEBAF","LILIUM (=AZUCENA), flores frescas cortadas",20,"CAJA(S)","ECUADOR"
"2239","2022",10,"OFICINA PUESTO DE CONTROL MARITIMO - PROV. CONST. DEL CALLAO","PAPA, fécula",1e+05,"SACO(S)","ALEMANIA"
"2240","2022",10,"OFICINA PUESTO DE CONTROL MARITIMO - PROV. CONST. DEL CALLAO","MANI, grano con cáscara",25000,"SACO(S)","BRASIL"
"2241","2022",10,"OFICINA PUESTO DE CONTROL MARITIMO - PROV. CONST. DEL CALLAO","PAPA, fécula",1e+05,"SACO(S)","ALEMANIA"
"2242","2022",10,"OFICINA PUESTO DE CONTROL MARITIMO - PROV. CONST. DEL CALLAO","PAPA, fécula",1e+05,"SACO(S)","ALEMANIA"
"2243","2022",10,"OFICINA PUESTO DE CONTROL MARITIMO - PROV. CONST. DEL CALLAO","MAIZ, harina",180000,"SACO(S)","MEXICO"
"2244","2022",10,"PUESTO DE CONTROL TERRESTRE DESAGUADERO","MANI, grano sin cáscara",58000,"SACO(S)","BOLIVIA"
"2245","2022",10,"OFICINA PUESTO DE CONTROL MARITIMO - PROV. CONST. DEL CALLAO","BERMUDA, semilla",4005,"SACO(S)","ESPAÑA"
"2246","2022",10,"OFICINA PUESTO DE CONTROL MARITIMO - PROV. CONST. DEL CALLAO","RYEGRASS INGLES, semilla",5992.8,"SACO(S)","ESPAÑA"
"2247","2022",10,"OFICINA PUESTO DE CONTROL AEREO -  PROV. CONST. DEL CALLAO","TURBA",5.5,"BOLSAS","HOLANDA"
"2248","2022",10,"SANTA ROSA, TACNA","TRACTOR USADO, con motor de potencia superior a 33 kW pero inferior o igual a 75 kW",3500,"GRANEL","CHINA"
"2249","2022",10,"SANTA ROSA, TACNA","TRACTOR USADO, con motor de potencia superior a 33 kW pero inferior o igual a 75 kW",3500,"PIEZAS","CHINA"
"2250","2022",10,"SANTA ROSA, TACNA","TRACTOR USADO, con motor de potencia superior a 33 kW pero inferior o igual a 75 kW",3500,"UNIDADES","CHINA"
"2251","2022",10,"PUESTO DE CONTROL TERRESTRE DESAGUADERO","SOYA, torta",53000,"GRANEL","BOLIVIA"
"2252","2022",10,"OFICINA PUESTO DE CONTROL AEREO -  PROV. CONST. DEL CALLAO","LECHUGA, semilla",1.588,"SACHETS","CHILE"
"2253","2022",10,"OFICINA PUESTO DE CONTROL AEREO -  PROV. CONST. DEL CALLAO","PEPINILLO, semilla",0.034,"SACHETS","HOLANDA"
"2254","2022",10,"OFICINA PUESTO DE CONTROL AEREO -  PROV. CONST. DEL CALLAO","SANDIA, semilla",0.11,"SACHETS","EEUU"
"2255","2022",10,"OFICINA PUESTO DE CONTROL MARITIMO - PROV. CONST. DEL CALLAO","MANZANA, fruto fresco",19756.8,"CAJA(S)","CHILE"
"2256","2022",10,"PUERTO DE PAITA , PIURA","YUTE, sacos",27010,"FARDOS","INDIA"
"2257","2022",10,"OFICINA PUESTO DE CONTROL MARITIMO - PROV. CONST. DEL CALLAO","CAUCHO, técnicamente especificado (TSNR)",80640,"FARDOS","GHANA"
"2258","2022",10,"PUERTO DE PAITA , PIURA","ARVEJA, grano partido",75000,"SACO(S)","CANADA"
"2259","2022",10,"PUERTO DE PAITA , PIURA","ALPISTE (=PHALARIS), grano",22498,"SACO(S)","CANADA"
"2260","2022",10,"OFICINA PUESTO DE CONTROL MARITIMO - PROV. CONST. DEL CALLAO","CANELA, triturada o pulverizada (molida)",12000,"BOLSAS","VIETNAM"
"2261","2022",10,"OFICINA PUESTO DE CONTROL MARITIMO - PROV. CONST. DEL CALLAO","ARVEJA, grano partido",52000,"BOLSAS","CANADA"
"2262","2022",10,"PUESTO DE CONTROL TERRESTRE DESAGUADERO","AZUCAR BLANCA O REFINADA (lectura polarimetrica mayor 99.5°)",28000,"SACO(S)","BOLIVIA"
"2263","2022",10,"OFICINA PUESTO DE CONTROL MARITIMO - PROV. CONST. DEL CALLAO","GOJI, fruta seca industrial",500,"BOLSAS","CHINA"
"2264","2022",10,"PUESTO DE CONTROL- CEBAF","ARROZ, grano pilado",99550,"SACO(S)","ECUADOR"
"2265","2022",10,"PUERTO DE SALAVERRY, LA LIBERTAD","SOYA, torta",12126700,"GRANEL","CHILE"
"2266","2022",10,"PUESTO DE CONTROL TERRESTRE DESAGUADERO","SOYA, torta",81710,"GRANEL","BOLIVIA"
"2267","2022",10,"PUESTO DE CONTROL TERRESTRE DESAGUADERO","SOYA, torta",85000,"GRANEL","BOLIVIA"
"2268","2022",10,"PUESTO DE CONTROL TERRESTRE DESAGUADERO","SOYA, torta",55300,"GRANEL","BOLIVIA"
"2269","2022",10,"OFICINA PUESTO DE CONTROL MARITIMO - PROV. CONST. DEL CALLAO","MADERA, monturas y mangos de herramientas, monturas y mangos de cepillos, brochas o escobas, de madera; hormas, ensanchadores y tensores del calzado, de madera ; con algún proceso de la CRF 2",55755,"UNIDADES","CHINA"
"2270","2022",10,"OFICINA PUESTO DE CONTROL MARITIMO - PROV. CONST. DEL CALLAO","TRIGO, pellets",22050,"SACO(S)","MEXICO"
"2271","2022",10,"OFICINA PUESTO DE CONTROL MARITIMO - PROV. CONST. DEL CALLAO","MANI, grano sin cáscara",25000,"BOLSAS","ARGENTINA"
"2272","2022",10,"PUESTO DE CONTROL TERRESTRE DESAGUADERO","SOYA, harina",145000,"SACO(S)","BOLIVIA"
"2273","2022",10,"OFICINA PUESTO DE CONTROL MARITIMO - PROV. CONST. DEL CALLAO","AZUCARES, los demas",50000,"SACO(S)","COLOMBIA"
"2274","2022",10,"OFICINA PUESTO DE CONTROL MARITIMO - PROV. CONST. DEL CALLAO","AZUCARES, los demas",25000,"SACO(S)","COLOMBIA"
"2275","2022",10,"OFICINA PUESTO DE CONTROL MARITIMO - PROV. CONST. DEL CALLAO","UVA (PASAS), secas industrialmente",21000,"CAJA(S)","CHILE"
"2276","2022",10,"OFICINA PUESTO DE CONTROL MARITIMO - PROV. CONST. DEL CALLAO","LENTEJA, grano",70761,"SACO(S)","EEUU"
"2277","2022",10,"SANTA ROSA, TACNA","TRIGO, afrecho seco industrial",112000,"SACO(S)","CHILE"
"2278","2022",10,"OFICINA PUESTO DE CONTROL MARITIMO - PROV. CONST. DEL CALLAO","MAIZ, harina",304700,"FARDOS","COLOMBIA"
"2279","2022",10,"PUESTO DE CONTROL TERRESTRE DESAGUADERO","SOYA, torta",86000,"SACO(S)","BOLIVIA"
"2280","2022",10,"PUESTO DE CONTROL TERRESTRE DESAGUADERO","SOYA, harina",116000,"SACO(S)","BOLIVIA"
"2281","2022",10,"OFICINA PUESTO DE CONTROL MARITIMO - PROV. CONST. DEL CALLAO","ALGODON, fibra sin cardar ni peinar (>28.57 mm = o <34.92 mm)",135680,"FARDOS","EEUU"
"2282","2022",10,"OFICINA PUESTO DE CONTROL MARITIMO - PROV. CONST. DEL CALLAO","KIWI, fruto fresco",24000,"CAJA(S)","CHILE"
"2283","2022",10,"OFICINA PUESTO DE CONTROL MARITIMO - PROV. CONST. DEL CALLAO","MANZANA, fruto fresco",59270.4,"CAJA(S)","CHILE"
"2284","2022",10,"OFICINA PUESTO DE CONTROL MARITIMO - PROV. CONST. DEL CALLAO","TRIGO, harina",18517.766,"BOLSAS","EEUU"
"2285","2022",10,"PUESTO DE CONTROL TERRESTRE DESAGUADERO","SOYA, torta",56080,"GRANEL","BOLIVIA"
"2286","2022",10,"PUESTO DE CONTROL TERRESTRE DESAGUADERO","AZUCAR BLANCA O REFINADA (lectura polarimetrica mayor 99.5°)",84000,"SACO(S)","BOLIVIA"
"2287","2022",10,"PUESTO DE CONTROL TERRESTRE DESAGUADERO","AZUCAR BLANCA O REFINADA (lectura polarimetrica mayor 99.5°)",171000,"SACO(S)","BOLIVIA"
"2288","2022",10,"OFICINA PUESTO DE CONTROL MARITIMO - PROV. CONST. DEL CALLAO","MADERA, herramientas de madera con algún proceso de la CRF2",206.711,"PIEZAS","MEXICO"
"2289","2022",10,"OFICINA PUESTO DE CONTROL MARITIMO - PROV. CONST. DEL CALLAO","MADERA, monturas y mangos de herramientas, monturas y mangos de cepillos, brochas o escobas, de madera; hormas, ensanchadores y tensores del calzado, de madera ; con algún proceso de la CRF 2",119.929,"PIEZAS","MEXICO"
"2290","2022",10,"OFICINA PUESTO DE CONTROL MARITIMO - PROV. CONST. DEL CALLAO","AZUCAR BLANCA O REFINADA (lectura polarimetrica mayor 99.5°)",265000,"SACO(S)","COLOMBIA"
"2291","2022",10,"OFICINA PUESTO DE CONTROL MARITIMO - PROV. CONST. DEL CALLAO","MADERA, monturas y mangos de herramientas, monturas y mangos de cepillos, brochas o escobas, de madera; hormas, ensanchadores y tensores del calzado, de madera ; con algún proceso de la CRF 2",136.414,"PIEZAS","MEXICO"
"2292","2022",10,"OFICINA PUESTO DE CONTROL MARITIMO - PROV. CONST. DEL CALLAO","MADERA, monturas y mangos de herramientas, monturas y mangos de cepillos, brochas o escobas, de madera; hormas, ensanchadores y tensores del calzado, de madera ; con algún proceso de la CRF 2",1.235,"PIEZAS","MEXICO"
"2293","2022",10,"OFICINA PUESTO DE CONTROL MARITIMO - PROV. CONST. DEL CALLAO","MADERA, monturas y mangos de herramientas, monturas y mangos de cepillos, brochas o escobas, de madera; hormas, ensanchadores y tensores del calzado, de madera ; con algún proceso de la CRF 2",434.81,"PIEZAS","MEXICO"
"2294","2022",10,"OFICINA PUESTO DE CONTROL MARITIMO - PROV. CONST. DEL CALLAO","TRACTOR USADO, con motor de potencia superior a 75 kW pero inferior o igual a 130 kW",20865.25,"UNIDADES","EEUU"
"2295","2022",10,"OFICINA PUESTO DE CONTROL MARITIMO - PROV. CONST. DEL CALLAO","MANZANA, fruto fresco",19756.8,"CAJA(S)","CHILE"
"2296","2022",10,"PUESTO DE CONTROL TERRESTRE DESAGUADERO","SOYA, torta",57000,"GRANEL","BOLIVIA"
"2297","2022",10,"PUESTO DE CONTROL TERRESTRE DESAGUADERO","SOYA, torta",5000,"GRANEL","BOLIVIA"
"2298","2022",10,"PUESTO DE CONTROL TERRESTRE DESAGUADERO","SOYA, torta",140000,"GRANEL","BOLIVIA"
"2299","2022",10,"OFICINA PUESTO DE CONTROL MARITIMO - PROV. CONST. DEL CALLAO","UVA (PASAS), secas naturalmente",40000,"CAJA(S)","TURQUIA"
"2300","2022",10,"SANTA ROSA, TACNA","MANZANA, fruto fresco",23520,"CAJA(S)","CHILE"
"2301","2022",10,"OFICINA PUESTO DE CONTROL MARITIMO - PROV. CONST. DEL CALLAO","AZUCAR CRUDA, sólido",250000,"SACO(S)","HONDURAS"
"2302","2022",10,"OFICINA PUESTO DE CONTROL MARITIMO - PROV. CONST. DEL CALLAO","AZUCAR CRUDA, sólido",250000,"SACO(S)","HONDURAS"
"2303","2022",10,"OFICINA PUESTO DE CONTROL MARITIMO - PROV. CONST. DEL CALLAO","AZUCAR CRUDA, sólido",125000,"SACO(S)","HONDURAS"
"2304","2022",10,"OFICINA PUESTO DE CONTROL MARITIMO - PROV. CONST. DEL CALLAO","AZUCAR CRUDA, sólido",125000,"SACO(S)","HONDURAS"
"2305","2022",10,"SANTA ROSA, TACNA","MANZANA, fruto fresco",10660.6,"CAJA(S)","CHILE"
"2306","2022",10,"PUESTO DE CONTROL TERRESTRE DESAGUADERO","CHIA, grano",20000,"SACO(S)","BOLIVIA"
"2307","2022",10,"SANTA ROSA, TACNA","MANZANA, fruto fresco",20531,"CAJA(S)","CHILE"
"2308","2022",10,"OFICINA PUESTO DE CONTROL MARITIMO - PROV. CONST. DEL CALLAO","UVA (PASAS), secas industrialmente",40000,"CAJA(S)","CHILE"
"2309","2022",10,"SANTA ROSA, TACNA","PERA, fruta fresca",12096,"CAJA(S)","CHILE"
"2310","2022",10,"SANTA ROSA, TACNA","KIWI, fruto fresco",1935,"CAJA(S)","CHILE"
"2311","2022",10,"PUESTO DE CONTROL- CEBAF","CAÑA DE GUAYAQUIL, seca al natural",32000,"UNIDADES","ECUADOR"
"2312","2022",10,"AGUAS VERDES, TUMBES","ROSA, flores frescas cortadas",3111,"CAJA(S)","ECUADOR"
"2313","2022",10,"AGUAS VERDES, TUMBES","CRISANTEMO, flores frescas cortadas",1223,"CAJA(S)","ECUADOR"
"2314","2022",10,"AGUAS VERDES, TUMBES","LILIUM (=AZUCENA), flores frescas cortadas",731,"CAJA(S)","ECUADOR"
"2315","2022",10,"PUESTO DE CONTROL TERRESTRE DESAGUADERO","FREJOL, grano",30000,"SACO(S)","BOLIVIA"
"2316","2022",10,"SANTA ROSA, TACNA","MANZANA, fruto fresco",23520,"CAJA(S)","CHILE"
"2317","2022",10,"OFICINA PUESTO DE CONTROL MARITIMO - PROV. CONST. DEL CALLAO","ALGODON, fibra sin cardar ni peinar (>28.57 mm = o <34.92 mm)",20426,"FARDOS","EEUU"
"2318","2022",10,"PUERTO DE PAITA , PIURA","COCO, fibra (para sustrato)",71660,"PALETAS","SRI LANKA"
"2319","2022",10,"PUERTO DE PAITA , PIURA","COCO, fibra (para sustrato)",69440,"PALETAS","SRI LANKA"
"2320","2022",10,"PUERTO DE PAITA , PIURA","COCO, fibra (para sustrato)",152790,"PALETAS","SRI LANKA"
"2321","2022",10,"PUERTO DE PAITA , PIURA","COCO, fibra (para sustrato)",70990,"PALETAS","SRI LANKA"
"2322","2022",10,"OFICINA PUESTO DE CONTROL MARITIMO - PROV. CONST. DEL CALLAO","ALGODON, fibra sin cardar ni peinar (>22.22 mm = o <28.57 mm)",222077,"FARDOS","EEUU"
"2323","2022",10,"PUERTO DE PAITA , PIURA","COCO, fibra (para sustrato)",43520,"PALETAS","SRI LANKA"
"2324","2022",10,"OFICINA PUESTO DE CONTROL MARITIMO - PROV. CONST. DEL CALLAO","PINO, madera aserrada con algún proceso de la CRF2",45054,"PAQUETES","CHILE"
"2325","2022",10,"OFICINA PUESTO DE CONTROL MARITIMO - PROV. CONST. DEL CALLAO","LENTEJA, grano",26309,"SACO(S)","CANADA"
"2326","2022",10,"OFICINA PUESTO DE CONTROL AEREO -  PROV. CONST. DEL CALLAO","HONGO comestible, semilla",2.75,"FRASCO(S)","BELGICA"
"2327","2022",10,"OFICINA PUESTO DE CONTROL MARITIMO - PROV. CONST. DEL CALLAO","NUEZ, sin cáscara seca al natural",3000,"CAJA(S)","CHILE"
"2328","2022",10,"OFICINA PUESTO DE CONTROL MARITIMO - PROV. CONST. DEL CALLAO","UVA (PASAS), secas industrialmente",13000,"CAJA(S)","CHILE"
"2329","2022",10,"OFICINA PUESTO DE CONTROL MARITIMO - PROV. CONST. DEL CALLAO","CIRUELA, seca industrialmente",1500,"CAJA(S)","CHILE"
"2330","2022",10,"PUESTO DE CONTROL TERRESTRE DESAGUADERO","SOYA, torta",54900,"GRANEL","BOLIVIA"
"2331","2022",10,"PUESTO DE CONTROL TERRESTRE DESAGUADERO","SOYA, grano",29000,"SACO(S)","BOLIVIA"
"2332","2022",10,"PUESTO DE CONTROL TERRESTRE DESAGUADERO","SOYA, grano",113000,"GRANEL","BOLIVIA"
"2333","2022",10,"OFICINA PUESTO DE CONTROL MARITIMO - PROV. CONST. DEL CALLAO","UVA (PASAS), secas industrialmente",24000,"CAJA(S)","CHILE"
"2334","2022",10,"PUESTO DE CONTROL TERRESTRE DESAGUADERO","SOYA, grano",113000,"GRANEL","BOLIVIA"
"2335","2022",10,"SANTA ROSA, TACNA","MANZANA, fruto fresco",23520,"CAJA(S)","CHILE"
"2336","2022",10,"SANTA ROSA, TACNA","MANZANA, fruto fresco",23520,"CAJA(S)","CHILE"
"2337","2022",10,"OFICINA PUESTO DE CONTROL MARITIMO - PROV. CONST. DEL CALLAO","UVA (PASAS), secas industrialmente",24000,"CAJA(S)","CHILE"
"2338","2022",10,"SANTA ROSA, TACNA","MANZANA, fruto fresco",23520,"CAJA(S)","CHILE"
"2339","2022",10,"PUESTO DE CONTROL- CEBAF","CAÑA DE GUAYAQUIL, seca al natural",32000,"UNIDADES","ECUADOR"
"2340","2022",10,"IÑAPARI, MADRE DE DIOS","MAIZ AMARILLO DURO, grano",32000,"GRANEL","BRASIL"
"2341","2022",10,"IÑAPARI, MADRE DE DIOS","MAIZ AMARILLO DURO, grano",32000,"GRANEL","BRASIL"
"2342","2022",10,"OFICINA PUESTO DE CONTROL AEREO -  PROV. CONST. DEL CALLAO","UVA (PASAS), secas industrialmente",10,"CAJA(S)","CHILE"
"2343","2022",10,"OFICINA PUESTO DE CONTROL MARITIMO - PROV. CONST. DEL CALLAO","UVA (PASAS), secas naturalmente",25000,"CAJA(S)","ARGENTINA"
"2344","2022",10,"OFICINA PUESTO DE CONTROL AEREO -  PROV. CONST. DEL CALLAO","PEPINILLO, semilla",0.935,"SACHETS","JAPON"
"2345","2022",10,"OFICINA PUESTO DE CONTROL MARITIMO - PROV. CONST. DEL CALLAO","MANZANA, fruto fresco",3024,"CAJA(S)","ARGENTINA"
"2346","2022",10,"OFICINA PUESTO DE CONTROL MARITIMO - PROV. CONST. DEL CALLAO","PERA, fruta fresca",20412,"CAJA(S)","ARGENTINA"
"2347","2022",10,"OFICINA PUESTO DE CONTROL AEREO -  PROV. CONST. DEL CALLAO","MELON, semilla",0.661,"SACHETS","HOLANDA"
"2348","2022",10,"SANTA ROSA, TACNA","MANZANA, fruto fresco",15680,"CAJA(S)","CHILE"
"2349","2022",10,"SANTA ROSA, TACNA","KIWI, fruto fresco",6240,"CAJA(S)","CHILE"
"2350","2022",10,"PUESTO DE CONTROL TERRESTRE DESAGUADERO","MANI, grano sin cáscara",90000,"SACO(S)","BOLIVIA"
"2351","2022",10,"OFICINA PUESTO DE CONTROL MARITIMO - PROV. CONST. DEL CALLAO","ARVEJA, grano partido",23269.677,"SACO(S)","EEUU"
"2352","2022",10,"OFICINA PUESTO DE CONTROL MARITIMO - PROV. CONST. DEL CALLAO","AVENA, grano trabajado (mondado, perlado, troceado o quebrantado)",48000,"SACO(S)","CHILE"
"2353","2022",10,"OFICINA PUESTO DE CONTROL MARITIMO - PROV. CONST. DEL CALLAO","PINO, madera aserrada con tratamiento de secado al horno impregnación de sales",94650,"PAQUETES","CHILE"
"2354","2022",10,"OFICINA PUESTO DE CONTROL MARITIMO - PROV. CONST. DEL CALLAO","PINO, madera aserrada con algún proceso de la CRF2",20490,"PAQUETES","CHILE"
"2355","2022",10,"OFICINA PUESTO DE CONTROL AEREO -  PROV. CONST. DEL CALLAO","CLAVEL MINIATURA, flores frescas cortadas",17.762,"CAJA(S)","COLOMBIA"
"2356","2022",10,"OFICINA PUESTO DE CONTROL AEREO -  PROV. CONST. DEL CALLAO","CRISANTEMO, flores frescas cortadas",320,"CAJA(S)","COLOMBIA"
"2357","2022",10,"PUESTO DE CONTROL TERRESTRE DESAGUADERO","SOYA, torta",56000,"GRANEL","BOLIVIA"
"2358","2022",10,"PUESTO DE CONTROL TERRESTRE DESAGUADERO","SOYA, torta",56000,"GRANEL","BOLIVIA"
"2359","2022",10,"PUESTO DE CONTROL TERRESTRE DESAGUADERO","SOYA, torta",85000,"GRANEL","BOLIVIA"
"2360","2022",10,"OFICINA PUESTO DE CONTROL MARITIMO - PROV. CONST. DEL CALLAO","ALMENDRA, sin cáscara secado al natural",19958.4,"CAJA(S)","EEUU"
"2361","2022",10,"AGUAS VERDES, TUMBES","Las demás coniferas, las demas maderas aserradas o desbastadas longitudinalmente, cortada o desenrollada, incluso cepillada,lijada o unida por lo extremos, de espesor superior a 6 mm, con algun tratamiento de la CRF 2",50410,"PIEZAS","ECUADOR"
"2362","2022",10,"PUESTO DE CONTROL TERRESTRE DESAGUADERO","AZUCAR BLANCA O REFINADA (lectura polarimetrica mayor 99.5°)",12000,"SACO(S)","BOLIVIA"
"2363","2022",10,"PUESTO DE CONTROL TERRESTRE DESAGUADERO","AZUCAR BLANCA O REFINADA (lectura polarimetrica mayor 99.5°)",44000,"SACO(S)","BOLIVIA"
"2364","2022",10,"OFICINA PUESTO DE CONTROL MARITIMO - PROV. CONST. DEL CALLAO","PERA, fruta fresca",91728,"CAJA(S)","ARGENTINA"
"2365","2022",10,"OFICINA PUESTO DE CONTROL MARITIMO - PROV. CONST. DEL CALLAO","PERA, fruta fresca",22680,"CAJA(S)","ARGENTINA"
"2366","2022",10,"AGUAS VERDES, TUMBES","ROSA, flores frescas cortadas",1668,"CAJA(S)","ECUADOR"
"2367","2022",10,"AGUAS VERDES, TUMBES","CLAVEL, flores frescas cortadas",220,"CAJA(S)","ECUADOR"
"2368","2022",10,"OFICINA PUESTO DE CONTROL MARITIMO - PROV. CONST. DEL CALLAO","CAFE, grano verde",121966.65,"BOLSAS","BELGICA"
"2369","2022",10,"OFICINA PUESTO DE CONTROL MARITIMO - PROV. CONST. DEL CALLAO","CAFE, grano verde",148303.62,"BOLSAS","BELGICA"
"2370","2022",10,"OFICINA PUESTO DE CONTROL MARITIMO - PROV. CONST. DEL CALLAO","CEBOLLA, triturada o pulverizada",323.184,"PAQUETES","EEUU"
"2371","2022",10,"OFICINA PUESTO DE CONTROL MARITIMO - PROV. CONST. DEL CALLAO","AJO, polvo",1144.072,"PAQUETES","EEUU"
"2372","2022",10,"OFICINA PUESTO DE CONTROL MARITIMO - PROV. CONST. DEL CALLAO","ALBAHACA, molida",20.412,"PAQUETES","EEUU"
"2373","2022",10,"OFICINA PUESTO DE CONTROL MARITIMO - PROV. CONST. DEL CALLAO","ENELDO, seco industrial",27.216,"PAQUETES","EEUU"
"2374","2022",10,"OFICINA PUESTO DE CONTROL MARITIMO - PROV. CONST. DEL CALLAO","PIMIENTA, mezcla de granos enteros con algún proceso de la CRF 2",624.596,"UNIDADES","EEUU"
"2375","2022",10,"OFICINA PUESTO DE CONTROL MARITIMO - PROV. CONST. DEL CALLAO","PIMIENTA, molida",1423.372,"PAQUETES","EEUU"
"2376","2022",10,"OFICINA PUESTO DE CONTROL MARITIMO - PROV. CONST. DEL CALLAO","PIMENTON, polvo",664.059,"PAQUETES","EEUU"
"2377","2022",10,"OFICINA PUESTO DE CONTROL MARITIMO - PROV. CONST. DEL CALLAO","CANELA, corteza entera secada industrialmente",81.647,"UNIDADES","EEUU"
"2378","2022",10,"OFICINA PUESTO DE CONTROL MARITIMO - PROV. CONST. DEL CALLAO","CANELA, triturada o pulverizada (molida)",1344.447,"PAQUETES","EEUU"
"2379","2022",10,"OFICINA PUESTO DE CONTROL MARITIMO - PROV. CONST. DEL CALLAO","CLAVO DE OLOR, sin triturar ni pulverizar con secado al horno",20.412,"PAQUETES","EEUU"
"2380","2022",10,"OFICINA PUESTO DE CONTROL MARITIMO - PROV. CONST. DEL CALLAO","NUEZ MOSCADA, sin triturar ni pulverizar con secado al horno",163.584,"PAQUETES","EEUU"
"2381","2022",10,"OFICINA PUESTO DE CONTROL MARITIMO - PROV. CONST. DEL CALLAO","CULANTRO, semilla triturada, pulverizada o con algún proceso de la CRF 2",200.034,"PAQUETES","EEUU"
"2382","2022",10,"OFICINA PUESTO DE CONTROL MARITIMO - PROV. CONST. DEL CALLAO","COMINO, triturado y/o pulverizado",315.7,"PAQUETES","EEUU"
"2383","2022",10,"OFICINA PUESTO DE CONTROL MARITIMO - PROV. CONST. DEL CALLAO","JENJIBRE(=KION), triturado o pulverizado",102.058,"PAQUETES","EEUU"
"2384","2022",10,"OFICINA PUESTO DE CONTROL MARITIMO - PROV. CONST. DEL CALLAO","CURCUMA, molida",304.814,"PAQUETES","EEUU"
"2385","2022",10,"OFICINA PUESTO DE CONTROL MARITIMO - PROV. CONST. DEL CALLAO","CURRY, secas industrial o trituradas o molidas",354.822,"PAQUETES","EEUU"
"2386","2022",10,"OFICINA PUESTO DE CONTROL MARITIMO - PROV. CONST. DEL CALLAO","ESTRAGON (=ARTEMIASA), seco industrial",55.111,"PAQUETES","EEUU"
"2387","2022",10,"OFICINA PUESTO DE CONTROL MARITIMO - PROV. CONST. DEL CALLAO","TOMILLO, hoja seca industrial",137.438,"PAQUETES","EEUU"
"2388","2022",10,"OFICINA PUESTO DE CONTROL MARITIMO - PROV. CONST. DEL CALLAO","AJONJOLI, grano con algún proceso de la CRF 2",86.749,"PAQUETES","EEUU"
"2389","2022",10,"OFICINA PUESTO DE CONTROL MARITIMO - PROV. CONST. DEL CALLAO","OREGANO, con algún con proceso de CRF 2",83.007,"PAQUETES","EEUU"
"2390","2022",10,"OFICINA PUESTO DE CONTROL MARITIMO - PROV. CONST. DEL CALLAO","OREGANO, polvo",16.329,"PAQUETES","EEUU"
"2391","2022",10,"OFICINA PUESTO DE CONTROL MARITIMO - PROV. CONST. DEL CALLAO","ROMERO, secado industrial",40.823,"PAQUETES","EEUU"
"2392","2022",10,"OFICINA PUESTO DE CONTROL MARITIMO - PROV. CONST. DEL CALLAO","MOSTAZA, polvo",27.216,"PAQUETES","EEUU"
"2393","2022",10,"PUESTO DE CONTROL TERRESTRE DESAGUADERO","MAIZ, salvado",28000,"SACO(S)","BOLIVIA"
"2394","2022",10,"OFICINA PUESTO DE CONTROL MARITIMO - PROV. CONST. DEL CALLAO","ALMENDRA, sin cáscara secado al natural",19958.4,"CAJA(S)","EEUU"
"2395","2022",10,"PUESTO DE CONTROL TERRESTRE DESAGUADERO","SOYA, harina",56077,"SACO(S)","BOLIVIA"
"2396","2022",10,"PUESTO DE CONTROL TERRESTRE DESAGUADERO","SOYA, torta",83250,"GRANEL","BOLIVIA"
"2397","2022",10,"PUESTO DE CONTROL TERRESTRE DESAGUADERO","SOYA, torta",28024,"SACO(S)","BOLIVIA"
"2398","2022",10,"PUESTO DE CONTROL TERRESTRE DESAGUADERO","SOYA, harina",57586,"SACO(S)","BOLIVIA"
"2399","2022",10,"PUESTO DE CONTROL TERRESTRE DESAGUADERO","SOYA, harina",28284,"SACO(S)","BOLIVIA"
"2400","2022",10,"OFICINA PUESTO DE CONTROL MARITIMO - PROV. CONST. DEL CALLAO","PIMIENTA, grano seco industrial(presentado en frascos y sachet)",61.235,"FRASCO(S)","EEUU"
"2401","2022",10,"OFICINA PUESTO DE CONTROL MARITIMO - PROV. CONST. DEL CALLAO","PIMIENTA, mezcla de granos enteros con algún proceso de la CRF 2",26.025,"FRASCO(S)","EEUU"
"2402","2022",10,"OFICINA PUESTO DE CONTROL MARITIMO - PROV. CONST. DEL CALLAO","PAPRIKA,  triturado o pulverizado",121.163,"FRASCO(S)","EEUU"
"2403","2022",10,"OFICINA PUESTO DE CONTROL MARITIMO - PROV. CONST. DEL CALLAO","PERA, fruta fresca",23814,"CAJA(S)","ARGENTINA"
"2404","2022",10,"OFICINA PUESTO DE CONTROL MARITIMO - PROV. CONST. DEL CALLAO","ARVEJA, grano partido",68040,"SACO(S)","EEUU"
"2405","2022",10,"SANTA ROSA, TACNA","TRACTOR USADO, con motor de potencia superior a 33 kW pero inferior o igual a 75 kW",4579,"BULK BAG","CHINA"
"2406","2022",10,"SANTA ROSA, TACNA","TRACTOR USADO, con motor de potencia superior a 33 kW pero inferior o igual a 75 kW",4579,"CAJA(S)","CHINA"
"2407","2022",10,"SANTA ROSA, TACNA","TRACTOR USADO, con motor de potencia superior a 33 kW pero inferior o igual a 75 kW",4579,"CILINDROS","CHINA"
"2408","2022",10,"SANTA ROSA, TACNA","MANZANA, fruto fresco",23520,"CAJA(S)","CHILE"
"2409","2022",10,"OFICINA PUESTO DE CONTROL MARITIMO - PROV. CONST. DEL CALLAO","PERA, fruta fresca",23814,"CAJA(S)","ARGENTINA"
"2410","2022",10,"SANTA ROSA, TACNA","MANZANA, fruto fresco",23520,"CAJA(S)","CHILE"
"2411","2022",10,"SANTA ROSA, TACNA","MANZANA, fruto fresco",23520,"CAJA(S)","CHILE"
"2412","2022",10,"OFICINA PUESTO DE CONTROL MARITIMO - PROV. CONST. DEL CALLAO","Esterillas, esteras y cañizos, de las demas materias vegetales, con algun proceso de la CRF 2",53.884,"ROLLOS","INDONESIA"
"2413","2022",10,"OFICINA PUESTO DE CONTROL MARITIMO - PROV. CONST. DEL CALLAO","ALGODON, fibra sin cardar ni peinar (>28.57 mm = o <34.92 mm)",40130,"FARDOS","EEUU"
"2414","2022",10,"OFICINA PUESTO DE CONTROL MARITIMO - PROV. CONST. DEL CALLAO","UVA (PASAS), secas naturalmente",1e+05,"CAJA(S)","ARGENTINA"
"2415","2022",10,"PUESTO DE CONTROL TERRESTRE DESAGUADERO","SOYA, grano",87000,"SACO(S)","BOLIVIA"
"2416","2022",10,"SANTA ROSA, TACNA","MANZANA, fruto fresco",23520,"CAJA(S)","CHILE"
"2417","2022",10,"SANTA ROSA, TACNA","MANZANA, fruto fresco",23520,"CAJA(S)","CHILE"
"2418","2022",10,"SANTA ROSA, TACNA","MANZANA, fruto fresco",23520,"CAJA(S)","CHILE"
"2419","2022",10,"SANTA ROSA, TACNA","MANZANA, fruto fresco",19200,"CAJA(S)","CHILE"
"2420","2022",10,"SANTA ROSA, TACNA","MANZANA, fruto fresco",20580,"CAJA(S)","CHILE"
"2421","2022",10,"PUERTO DE PAITA , PIURA","FREJOL DE PALO, grano",24960,"SACO(S)","PORTUGAL"
"2422","2022",10,"SANTA ROSA, TACNA","MANZANA, fruto fresco",23520,"CAJA(S)","CHILE"
"2423","2022",10,"OFICINA PUESTO DE CONTROL MARITIMO - PROV. CONST. DEL CALLAO","ARVEJA, grano partido",24494,"SACO(S)","EEUU"
"2424","2022",10,"OFICINA PUESTO DE CONTROL MARITIMO - PROV. CONST. DEL CALLAO","COCO, fibra (para sustrato)",110000,"BOLSAS","INDIA"
"2425","2022",10,"AGUAS VERDES, TUMBES","CAUCHO, granulado reaglomerado",56000,"SACO(S)","ECUADOR"
"2426","2022",10,"PUESTO DE CONTROL TERRESTRE DESAGUADERO","SOYA, torta",56930,"GRANEL","BOLIVIA"
"2427","2022",10,"SANTA ROSA, TACNA","MANZANA, fruto fresco",23520,"CAJA(S)","CHILE"
"2428","2022",10,"SANTA ROSA, TACNA","MANZANA, fruto fresco",23520,"CAJA(S)","CHILE"
"2429","2022",10,"SANTA ROSA, TACNA","MANZANA, fruto fresco",23520,"CAJA(S)","CHILE"
"2430","2022",10,"OFICINA PUESTO DE CONTROL MARITIMO - PROV. CONST. DEL CALLAO","UVA (PASAS), secas industrialmente",25000,"CAJA(S)","ARGENTINA"
"2431","2022",10,"SANTA ROSA, TACNA","KIWI, fruto fresco",3844,"CAJA(S)","CHILE"
"2432","2022",10,"SANTA ROSA, TACNA","MANZANA, fruto fresco",19600,"CAJA(S)","CHILE"
"2433","2022",10,"OFICINA PUESTO DE CONTROL MARITIMO - PROV. CONST. DEL CALLAO","ARVEJA, grano partido",160937,"SACO(S)","EEUU"
"2434","2022",10,"SANTA ROSA, TACNA","PERA, fruta fresca",882,"CAJA(S)","CHILE"
"2435","2022",10,"OFICINA PUESTO DE CONTROL MARITIMO - PROV. CONST. DEL CALLAO","MAIZ, harina",22000,"PACAS","COLOMBIA"
"2436","2022",10,"SANTA ROSA, TACNA","MANZANA, fruto fresco",22540,"CAJA(S)","CHILE"
"2437","2022",10,"SANTA ROSA, TACNA","MANZANA, fruto fresco",23520,"CAJA(S)","CHILE"
"2438","2022",10,"AGUAS VERDES, TUMBES","ROSA, flores frescas cortadas",5184,"CAJA(S)","ECUADOR"
"2439","2022",10,"AGUAS VERDES, TUMBES","CLAVEL, flores frescas cortadas",404,"CAJA(S)","ECUADOR"
"2440","2022",10,"AGUAS VERDES, TUMBES","ROSA, flores frescas cortadas",8950,"CAJA(S)","ECUADOR"
"2441","2022",10,"AGUAS VERDES, TUMBES","LILIUM (=AZUCENA), flores frescas cortadas",50,"CAJA(S)","ECUADOR"
"2442","2022",10,"PUESTO DE CONTROL TERRESTRE DESAGUADERO","MANI, grano sin cáscara",59980,"SACO(S)","BOLIVIA"
"2443","2022",10,"PUESTO DE CONTROL- CEBAF","ROSA, flores frescas cortadas",9900,"CAJA(S)","ECUADOR"
"2444","2022",10,"PUESTO DE CONTROL- CEBAF","CLAVEL, flores frescas cortadas",3000,"CAJA(S)","ECUADOR"
"2445","2022",10,"PUESTO DE CONTROL TERRESTRE DESAGUADERO","SOYA, harina",19827,"SACO(S)","BOLIVIA"
"2446","2022",10,"PUESTO DE CONTROL TERRESTRE DESAGUADERO","SOYA, torta",26700,"GRANEL","BOLIVIA"
"2447","2022",10,"SANTA ROSA, TACNA","MANZANA, fruto fresco",20580,"CAJA(S)","CHILE"
"2448","2022",10,"SANTA ROSA, TACNA","PERA, fruta fresca",2646,"CAJA(S)","CHILE"
"2449","2022",10,"OFICINA PUESTO DE CONTROL MARITIMO - PROV. CONST. DEL CALLAO","TRIGO, pellets",22050,"SACO(S)","MEXICO"
"2450","2022",10,"OFICINA PUESTO DE CONTROL MARITIMO - PROV. CONST. DEL CALLAO","MANI, grano con cáscara",25000,"SACO(S)","BRASIL"
"2451","2022",10,"PUERTO DE SALAVERRY, LA LIBERTAD","SOYA, torta",10100000,"GRANEL","CHILE"
"2452","2022",10,"OFICINA PUESTO DE CONTROL MARITIMO - PROV. CONST. DEL CALLAO","AZUCAR CRUDA, sólido",250000,"SACO(S)","EL SALVADOR"
"2453","2022",10,"OFICINA PUESTO DE CONTROL MARITIMO - PROV. CONST. DEL CALLAO","LENTEJA, grano",49442,"SACO(S)","CANADA"
"2454","2022",10,"OFICINA PUESTO DE CONTROL MARITIMO - PROV. CONST. DEL CALLAO","Los demas articulos para fiesta, carnaval u otras diversiones, incluidos los de magia y articulos sorpresa que sean o contengan material vegetal
",74.261,"CAJA(S)","EL SALVADOR"
"2455","2022",10,"OFICINA PUESTO DE CONTROL MARITIMO - PROV. CONST. DEL CALLAO","UVA (PASAS), secas industrialmente",21000,"CAJA(S)","CHILE"
"2456","2022",10,"OFICINA PUESTO DE CONTROL MARITIMO - PROV. CONST. DEL CALLAO","CLAVO DE OLOR, entera seca al natural",22000,"CAJA(S)","MADAGASCAR"
"2457","2022",10,"OFICINA PUESTO DE CONTROL MARITIMO - PROV. CONST. DEL CALLAO","ARROZ, grano pilado",8e+05,"SACO(S)","URUGUAY"
"2458","2022",10,"OFICINA PUESTO DE CONTROL MARITIMO - PROV. CONST. DEL CALLAO","AZUCAR BLANCA O REFINADA (lectura polarimetrica mayor 99.5°)",265000,"SACO(S)","COLOMBIA"
"2459","2022",10,"PUERTO DE SALAVERRY, LA LIBERTAD","SOYA, grano",6956500,"GRANEL","BOLIVIA"
"2460","2022",10,"OFICINA PUESTO DE CONTROL MARITIMO - PROV. CONST. DEL CALLAO","PINO, madera aserrada con algun proceso de la CRF 2",22171,"PAQUETES","CHILE"
"2461","2022",10,"OFICINA PUESTO DE CONTROL MARITIMO - PROV. CONST. DEL CALLAO","TULIPAN, bulbo",10700,"JABAS","HOLANDA"
"2462","2022",10,"OFICINA PUESTO DE CONTROL MARITIMO - PROV. CONST. DEL CALLAO","TULIPAN, bulbo",24347,"JABAS","HOLANDA"
"2463","2022",10,"PUESTO DE CONTROL TERRESTRE DESAGUADERO","SOYA, torta",116000,"SACO(S)","BOLIVIA"
"2464","2022",10,"PUESTO DE CONTROL TERRESTRE DESAGUADERO","SOYA, torta",86000,"SACO(S)","BOLIVIA"
"2465","2022",10,"PUESTO DE CONTROL TERRESTRE DESAGUADERO","SOYA, torta",58000,"SACO(S)","BOLIVIA"
"2466","2022",10,"OFICINA PUESTO DE CONTROL AEREO -  PROV. CONST. DEL CALLAO","CAMU CAMU, polvo",1,"BOLSAS","CANADA"
"2467","2022",10,"OFICINA PUESTO DE CONTROL MARITIMO - PROV. CONST. DEL CALLAO","CAUCHO, hojas ahumadas",17000,"PACAS","VIETNAM"
"2468","2022",10,"OFICINA PUESTO DE CONTROL MARITIMO - PROV. CONST. DEL CALLAO","ROTEN (=Ratán), artículos de cestería obtenidos directamente en su forma con materia trenzable con algún proceso de la CRF2",3540,"SACOS DE YUTE","CHINA"
"2469","2022",10,"OFICINA PUESTO DE CONTROL MARITIMO - PROV. CONST. DEL CALLAO","ROTEN (=Ratán), artículos de cestería obtenidos directamente en su forma con materia trenzable con algún proceso de la CRF2",4020,"SACO(S)","CHINA"
"2470","2022",10,"OFICINA PUESTO DE CONTROL MARITIMO - PROV. CONST. DEL CALLAO","AZUCAR BLANCA O REFINADA (lectura polarimetrica mayor 99.5°)",265000,"SACO(S)","COLOMBIA"
"2471","2022",10,"OFICINA PUESTO DE CONTROL MARITIMO - PROV. CONST. DEL CALLAO","AVENA, grano trabajado (mondado, perlado, troceado o quebrantado)",168000,"SACO(S)","CHILE"
"2472","2022",10,"PUESTO DE CONTROL TERRESTRE DESAGUADERO","SOYA, harina",55608,"SACO(S)","BOLIVIA"
"2473","2022",10,"SANTA ROSA, TACNA","MANZANA, fruto fresco",21140,"CAJA(S)","CHILE"
"2474","2022",10,"PUERTO DE PAITA , PIURA","MANZANA, fruto fresco",17604,"CAJA(S)","EEUU"
"2475","2022",10,"SANTA ROSA, TACNA","MANZANA, fruto fresco",23520,"CAJA(S)","CHILE"
"2476","2022",10,"PUESTO DE CONTROL TERRESTRE DESAGUADERO","SOYA, harina",145000,"SACO(S)","BOLIVIA"
"2477","2022",10,"OFICINA PUESTO DE CONTROL MARITIMO - PROV. CONST. DEL CALLAO","ALMENDRA, sin cáscara secado al natural",39916.8,"CAJA(S)","EEUU"
"2478","2022",10,"OFICINA PUESTO DE CONTROL MARITIMO - PROV. CONST. DEL CALLAO","PINO, madera aserrada con tratamiento de secado al horno impregnación de sales",69000,"PAQUETES","CHILE"
"2479","2022",10,"OFICINA PUESTO DE CONTROL MARITIMO - PROV. CONST. DEL CALLAO","LENTEJA, grano",26308,"SACO(S)","CANADA"
"2480","2022",10,"OFICINA PUESTO DE CONTROL MARITIMO - PROV. CONST. DEL CALLAO","CANELA, corteza entera seca al natural",13500,"CAJA(S)","SRI LANKA"
"2481","2022",10,"OFICINA PUESTO DE CONTROL MARITIMO - PROV. CONST. DEL CALLAO","UVA (PASAS), secas industrialmente",42000,"CAJA(S)","CHILE"
"2482","2022",10,"PUESTO DE CONTROL TERRESTRE DESAGUADERO","SOYA, torta",57480,"GRANEL","BOLIVIA"
"2483","2022",10,"PUESTO DE CONTROL TERRESTRE DESAGUADERO","SOYA, torta",56000,"GRANEL","BOLIVIA"
"2484","2022",10,"PUESTO DE CONTROL TERRESTRE DESAGUADERO","SOYA, torta",77000,"GRANEL","BOLIVIA"
"2485","2022",10,"PUERTO DE PAITA , PIURA","MANZANA, fruto fresco",17777,"CAJA(S)","EEUU"
"2486","2022",10,"SANTA ROSA, TACNA","MANZANA, fruto fresco",23520,"CAJA(S)","CHILE"
"2487","2022",10,"SANTA ROSA, TACNA","MANZANA, fruto fresco",23520,"CAJA(S)","CHILE"
"2488","2022",10,"SANTA ROSA, TACNA","MANZANA, fruto fresco",23520,"CAJA(S)","CHILE"
"2489","2022",10,"OFICINA PUESTO DE CONTROL AEREO -  PROV. CONST. DEL CALLAO","MAIZ, semilla",37.654,"SOBRES","FRANCIA"
"2490","2022",10,"OFICINA PUESTO DE CONTROL MARITIMO - PROV. CONST. DEL CALLAO","PINO, madera aserrada con algún proceso de la CRF2",102014.8,"PAQUETES","CHILE"
"2491","2022",10,"OFICINA PUESTO DE CONTROL MARITIMO - PROV. CONST. DEL CALLAO","PINO, madera aserrada con tratamiento de secado al horno o impregnación de sales",48907,"PAQUETES","ARGENTINA"
"2492","2022",10,"OFICINA PUESTO DE CONTROL MARITIMO - PROV. CONST. DEL CALLAO","AVENA, grano trabajado (mondado, perlado, troceado o quebrantado)",69000,"SACO(S)","CHILE"
"2493","2022",10,"OFICINA PUESTO DE CONTROL AEREO -  PROV. CONST. DEL CALLAO","ORQUIDEA, planta",196,"CAJA(S)","HOLANDA"
"2494","2022",10,"OFICINA PUESTO DE CONTROL MARITIMO - PROV. CONST. DEL CALLAO","AVENA, grano trabajado (mondado, perlado, troceado o quebrantado)",115000,"SACO(S)","CHILE"
"2495","2022",10,"OFICINA PUESTO DE CONTROL MARITIMO - PROV. CONST. DEL CALLAO","CENTENO, harina",2000,"SACO(S)","CHILE"
"2496","2022",10,"OFICINA PUESTO DE CONTROL MARITIMO - PROV. CONST. DEL CALLAO","SOYA, harina",400,"SACO(S)","CHILE"
"2497","2022",10,"OFICINA PUESTO DE CONTROL MARITIMO - PROV. CONST. DEL CALLAO","ALGARROBO, harina",200,"SACO(S)","CHILE"
"2498","2022",10,"OFICINA PUESTO DE CONTROL MARITIMO - PROV. CONST. DEL CALLAO","MANZANA, fruto fresco",35028,"CAJA(S)","EEUU"
"2499","2022",10,"OFICINA PUESTO DE CONTROL MARITIMO - PROV. CONST. DEL CALLAO","MADERA, cajas con algún proceso de la CRF 2",97760,"UNIDADES","CHILE"
"2500","2022",10,"OFICINA PUESTO DE CONTROL AEREO -  PROV. CONST. DEL CALLAO","ARANDANO, planta in vitro",20,"FRASCO(S)","EEUU"
"2501","2022",10,"OFICINA PUESTO DE CONTROL MARITIMO - PROV. CONST. DEL CALLAO","MADERA, monturas y mangos de herramientas, monturas y mangos de cepillos, brochas o escobas, de madera; hormas, ensanchadores y tensores del calzado, de madera ; con algún proceso de la CRF 2",27308,"BOLSAS","CHINA"
"2502","2022",10,"OFICINA PUESTO DE CONTROL MARITIMO - PROV. CONST. DEL CALLAO","ALFALFA, semilla",35000,"BOLSAS","EEUU"
"2503","2022",10,"OFICINA PUESTO DE CONTROL MARITIMO - PROV. CONST. DEL CALLAO","ALFALFA, semilla",17500,"BOLSAS","EEUU"
"2504","2022",10,"OFICINA PUESTO DE CONTROL MARITIMO - PROV. CONST. DEL CALLAO","OREJAS DE JUDAS, seco industrial",7075,"CAJA(S)","CHINA"
"2505","2022",10,"OFICINA PUESTO DE CONTROL MARITIMO - PROV. CONST. DEL CALLAO","Shitake (Lentinus edodes), secos, incluso los cortados en trozos o en rodajas, trituradas o pulverizadas, sin otra preparación",570,"CAJA(S)","CHINA"
"2506","2022",10,"OFICINA PUESTO DE CONTROL MARITIMO - PROV. CONST. DEL CALLAO","OREJAS DE JUDAS, seco industrial",200,"CAJA(S)","CHINA"
"2507","2022",10,"OFICINA PUESTO DE CONTROL MARITIMO - PROV. CONST. DEL CALLAO","Shitake (Lentinus edodes), secos, incluso los cortados en trozos o en rodajas, trituradas o pulverizadas, sin otra preparación",580,"CAJA(S)","CHINA"
"2508","2022",10,"OFICINA PUESTO DE CONTROL MARITIMO - PROV. CONST. DEL CALLAO","FRUTA, secas",1200,"CAJA(S)","CHINA"
"2509","2022",10,"OFICINA PUESTO DE CONTROL MARITIMO - PROV. CONST. DEL CALLAO","MEZCLAS, previstas en la Nota 1b) del capítulo 09, con algún proceso de la CRF2",450,"CAJA(S)","CHINA"
"2510","2022",10,"OFICINA PUESTO DE CONTROL MARITIMO - PROV. CONST. DEL CALLAO","LOTO, hoja seca industrial",100,"CAJA(S)","CHINA"
"2511","2022",10,"IÑAPARI, MADRE DE DIOS","AZUCAR BLANCA O REFINADA (lectura polarimetrica mayor 99.5°)",93000,"SACO(S)","BRASIL"
"2512","2022",10,"OFICINA PUESTO DE CONTROL MARITIMO - PROV. CONST. DEL CALLAO","PINO, madera aserrada con algún proceso de la CRF2",153780,"PAQUETES","CHILE"
"2513","2022",10,"OFICINA PUESTO DE CONTROL MARITIMO - PROV. CONST. DEL CALLAO","YERBA MATE, secado industrial",4090,"CAJA(S)","ARGENTINA"
"2514","2022",10,"OFICINA PUESTO DE CONTROL MARITIMO - PROV. CONST. DEL CALLAO","AZUCAR BLANCA O REFINADA (lectura polarimetrica mayor 99.5°)",238500,"BOLSAS","GUATEMALA"
"2515","2022",10,"SANTA ROSA, TACNA","UVA (PASAS), secas industrialmente",1600,"CAJA(S)","CHILE"
"2516","2022",10,"SANTA ROSA, TACNA","UVA (PASAS), secas industrialmente",1600,"CAJA(S)","CHILE"
"2517","2022",10,"SANTA ROSA, TACNA","UVA (PASAS), secas industrialmente",1600,"CAJA(S)","CHILE"
"2518","2022",10,"SANTA ROSA, TACNA","DURAZNO, seco industrial",1600,"CAJA(S)","CHILE"
"2519","2022",10,"SANTA ROSA, TACNA","DURAZNO, seco industrial",1600,"CAJA(S)","CHILE"
"2520","2022",10,"SANTA ROSA, TACNA","DURAZNO, seco industrial",1600,"CAJA(S)","CHILE"
"2521","2022",10,"OFICINA PUESTO DE CONTROL MARITIMO - PROV. CONST. DEL CALLAO","ARROZ, grano pilado",24750,"FARDOS","ARGENTINA"
"2522","2022",10,"OFICINA PUESTO DE CONTROL MARITIMO - PROV. CONST. DEL CALLAO","MANI, grano sin cáscara",25000,"BIG BAG","BRASIL"
"2523","2022",10,"PUESTO DE CONTROL TERRESTRE DESAGUADERO","MANI, grano sin cáscara",60000,"SACO(S)","BOLIVIA"
"2524","2022",10,"OFICINA PUESTO DE CONTROL MARITIMO - PROV. CONST. DEL CALLAO","LENTEJA, grano",49420,"SACO(S)","CANADA"
"2525","2022",10,"SANTA ROSA, TACNA","ACHIOTE, grano",24000,"SACO(S)","BRASIL"
"2526","2022",10,"IÑAPARI, MADRE DE DIOS","MAIZ, grano trabajado (mondado, perlado, troceado o quebrantado)",25290,"SACO(S)","BRASIL"
"2527","2022",10,"IÑAPARI, MADRE DE DIOS","MAIZ AMARILLO DURO, grano",48000,"GRANEL","BRASIL"
"2528","2022",10,"IÑAPARI, MADRE DE DIOS","MAIZ AMARILLO DURO, grano",48000,"GRANEL","BRASIL"
"2529","2022",10,"IÑAPARI, MADRE DE DIOS","MAIZ AMARILLO DURO, grano",48000,"GRANEL","BRASIL"
"2530","2022",10,"IÑAPARI, MADRE DE DIOS","MAIZ AMARILLO DURO, grano",32000,"GRANEL","BRASIL"
"2531","2022",10,"OFICINA PUESTO DE CONTROL AEREO -  PROV. CONST. DEL CALLAO","TULIPAN, flores frescas cortadas",753,"CAJA(S)","CHILE"
"2532","2022",10,"OFICINA PUESTO DE CONTROL MARITIMO - PROV. CONST. DEL CALLAO","MAIZ REVENTON, grano",49578,"SACO(S)","ARGENTINA"
"2533","2022",10,"OFICINA PUESTO DE CONTROL MARITIMO - PROV. CONST. DEL CALLAO","MADERA, cajas con algún proceso de la CRF 2",393.12,"UNIDADES","CHINA"
"2534","2022",10,"OFICINA PUESTO DE CONTROL MARITIMO - PROV. CONST. DEL CALLAO","BARRILES, CUBAS, TINAS y demas manufacturas de toneleria y sus partes de madera, incluidas las duelas con algún proceso de la  CRF2",302.4,"UNIDADES","CHINA"
"2535","2022",10,"PUESTO DE CONTROL TERRESTRE DESAGUADERO","SOYA, torta",85150,"GRANEL","BOLIVIA"
"2536","2022",10,"PUESTO DE CONTROL TERRESTRE DESAGUADERO","SOYA, torta",85220,"SACO(S)","BOLIVIA"
"2537","2022",10,"PUESTO DE CONTROL TERRESTRE DESAGUADERO","SOYA, torta",28034,"SACO(S)","BOLIVIA"
"2538","2022",10,"OFICINA PUESTO DE CONTROL MARITIMO - PROV. CONST. DEL CALLAO","CULANTRO, semilla",140,"BOLSAS","EEUU"
"2539","2022",10,"OFICINA PUESTO DE CONTROL MARITIMO - PROV. CONST. DEL CALLAO","BROCOLI, semilla",100,"LATAS","EEUU"
"2540","2022",10,"OFICINA PUESTO DE CONTROL MARITIMO - PROV. CONST. DEL CALLAO","LECHUGA, semilla",50,"LATAS","EEUU"
"2541","2022",10,"OFICINA PUESTO DE CONTROL MARITIMO - PROV. CONST. DEL CALLAO","ACELGA, semilla",4,"LATAS","EEUU"
"2542","2022",10,"OFICINA PUESTO DE CONTROL MARITIMO - PROV. CONST. DEL CALLAO","ARUGULA, semilla",8,"LATAS","EEUU"
"2543","2022",10,"OFICINA PUESTO DE CONTROL MARITIMO - PROV. CONST. DEL CALLAO","PEPINILLO, semilla",33,"LATAS","EEUU"
"2544","2022",10,"OFICINA PUESTO DE CONTROL MARITIMO - PROV. CONST. DEL CALLAO","ZAPALLITO ITALIANO (CALABACIN), semilla",56,"LATAS","EEUU"
"2545","2022",10,"OFICINA PUESTO DE CONTROL MARITIMO - PROV. CONST. DEL CALLAO","ALBAHACA, semilla",4,"LATAS","EEUU"
"2546","2022",10,"OFICINA PUESTO DE CONTROL MARITIMO - PROV. CONST. DEL CALLAO","UVA (PASAS), secas naturalmente",5000,"CAJA(S)","CHILE"
"2547","2022",10,"PUESTO DE CONTROL TERRESTRE DESAGUADERO","SOYA, torta",58000,"SACO(S)","BOLIVIA"
"2548","2022",10,"PUESTO DE CONTROL TERRESTRE DESAGUADERO","MANI, grano sin cáscara",32000,"SACO(S)","BOLIVIA"
"2549","2022",10,"OFICINA PUESTO DE CONTROL AEREO -  PROV. CONST. DEL CALLAO","MAIZ, semilla",37.5,"BOLSAS","MEXICO"
"2550","2022",10,"OFICINA PUESTO DE CONTROL MARITIMO - PROV. CONST. DEL CALLAO","ALFALFA, semilla",36000,"BOLSAS","CHILE"
"2551","2022",10,"OFICINA PUESTO DE CONTROL MARITIMO - PROV. CONST. DEL CALLAO","PINO, madera aserrada con algún proceso de la CRF2",24839,"PAQUETES","CHILE"
"2552","2022",10,"OFICINA PUESTO DE CONTROL MARITIMO - PROV. CONST. DEL CALLAO","TURBA",64000,"FARDOS","LITUANIA"
"2553","2022",10,"OFICINA PUESTO DE CONTROL MARITIMO - PROV. CONST. DEL CALLAO","AZUCAR DE CAÑA, solido en bruto",75000,"BOLSAS","PARAGUAY"
"2554","2022",10,"OFICINA PUESTO DE CONTROL MARITIMO - PROV. CONST. DEL CALLAO","MANZANA, fruto fresco",19551,"CAJA(S)","CHILE"
"2555","2022",10,"PUESTO DE CONTROL TERRESTRE DESAGUADERO","SOYA, harina",29000,"SACO(S)","BOLIVIA"
"2556","2022",10,"OFICINA PUESTO DE CONTROL MARITIMO - PROV. CONST. DEL CALLAO","ACHIOTE, grano",25700,"SACO(S)","COSTA DE MARFIL"
"2557","2022",10,"OFICINA PUESTO DE CONTROL MARITIMO - PROV. CONST. DEL CALLAO","ARROZ, grano pilado",925000,"GRANEL","URUGUAY"
"2558","2022",10,"OFICINA PUESTO DE CONTROL MARITIMO - PROV. CONST. DEL CALLAO","ARROZ, parbolizado pulido o sin cáscara",1e+05,"SACO(S)","URUGUAY"
"2559","2022",10,"PUESTO DE CONTROL- CEBAF","CAÑA DE GUAYAQUIL, seca al natural",32000,"UNIDADES","ECUADOR"
"2560","2022",10,"PUERTO DE PAITA , PIURA","LENTEJA, grano",75114,"SACO(S)","CANADA"
"2561","2022",10,"OFICINA PUESTO DE CONTROL MARITIMO - PROV. CONST. DEL CALLAO","MANZANA, fruto fresco",78841,"CAJA(S)","CHILE"
"2562","2022",10,"OFICINA PUESTO DE CONTROL MARITIMO - PROV. CONST. DEL CALLAO","AZUCAR BLANCA O REFINADA (lectura polarimetrica mayor 99.5°)",260000,"SACO(S)","NICARAGUA"
"2563","2022",10,"OFICINA PUESTO DE CONTROL MARITIMO - PROV. CONST. DEL CALLAO","AZUCAR CRUDA, sólido",260000,"SACO(S)","NICARAGUA"
"2564","2022",10,"OFICINA PUESTO DE CONTROL MARITIMO - PROV. CONST. DEL CALLAO","AZUCAR CRUDA, sólido",260000,"SACO(S)","NICARAGUA"
"2565","2022",10,"OFICINA PUESTO DE CONTROL MARITIMO - PROV. CONST. DEL CALLAO","AZUCARES, los demas",75000,"SACO(S)","COLOMBIA"
"2566","2022",10,"OFICINA PUESTO DE CONTROL MARITIMO - PROV. CONST. DEL CALLAO","AZUCAR BLANCA O REFINADA (lectura polarimetrica mayor 99.5°)",260000,"SACO(S)","NICARAGUA"
"2567","2022",10,"OFICINA PUESTO DE CONTROL AEREO -  PROV. CONST. DEL CALLAO","PEPINILLO, semilla",0.52547,"SACHETS","HOLANDA"
"2568","2022",10,"OFICINA PUESTO DE CONTROL MARITIMO - PROV. CONST. DEL CALLAO","AZUCAR CRUDA, sólido",1e+05,"SACO(S)","NICARAGUA"
"2569","2022",10,"OFICINA PUESTO DE CONTROL AEREO -  PROV. CONST. DEL CALLAO","MELON, semilla",0.202,"SACHETS","EEUU"
"2570","2022",10,"OFICINA PUESTO DE CONTROL AEREO -  PROV. CONST. DEL CALLAO","SANDIA, semilla",3.135,"SACHETS","EEUU"
"2571","2022",10,"PUESTO DE CONTROL TERRESTRE DESAGUADERO","SOYA, torta",55000,"GRANEL","BOLIVIA"
"2572","2022",10,"OFICINA PUESTO DE CONTROL MARITIMO - PROV. CONST. DEL CALLAO","COLZA, torta",78000,"SACO(S)","CHILE"
"2573","2022",10,"OFICINA PUESTO DE CONTROL MARITIMO - PROV. CONST. DEL CALLAO","ALFALFA, semilla",20000,"BOLSAS","EEUU"
"2574","2022",10,"OFICINA PUESTO DE CONTROL MARITIMO - PROV. CONST. DEL CALLAO","COCO, fibra (para sustrato)",95340,"PALETAS","INDIA"
"2575","2022",10,"OFICINA PUESTO DE CONTROL MARITIMO - PROV. CONST. DEL CALLAO","PAPA, fécula",120000,"BOLSAS","ALEMANIA"
"2576","2022",10,"OFICINA PUESTO DE CONTROL MARITIMO - PROV. CONST. DEL CALLAO","GIRASOL, grano",24980,"SACO(S)","ARGENTINA"
