"","Año","Mes","Sede","Producto","Peso Kg.","Tipo de Envase","Pais Origen"
"1","2022",6,"PUESTO DE CONTROL TERRESTRE DESAGUADERO","SOYA, torta",115890,"SACO(S)","BOLIVIA"
"2","2022",6,"OFICINA PUESTO DE CONTROL AEREO -  PROV. CONST. DEL CALLAO","ROSA, flores frescas cortadas",76.42,"CAJA(S)","ECUADOR"
"3","2022",6,"OFICINA PUESTO DE CONTROL AEREO -  PROV. CONST. DEL CALLAO","CRISANTEMO, flores frescas cortadas",10.92,"CAJA(S)","ECUADOR"
"4","2022",6,"OFICINA PUESTO DE CONTROL AEREO -  PROV. CONST. DEL CALLAO","ERYNGIUM, flores frescas cortadas",10.92,"CAJA(S)","ECUADOR"
"5","2022",6,"OFICINA PUESTO DE CONTROL AEREO -  PROV. CONST. DEL CALLAO","RANUNCULO, flores frescas cortadas",32.75,"CAJA(S)","ECUADOR"
"6","2022",6,"OFICINA PUESTO DE CONTROL AEREO -  PROV. CONST. DEL CALLAO","MANZANA, secada industrialmente",108,"SACO(S)","ARGENTINA"
"7","2022",6,"OFICINA PUESTO DE CONTROL AEREO -  PROV. CONST. DEL CALLAO","SALVADOS, moyuelos y demas residuos del cernido, de la molienda o de otros tratamientos del trigo",100,"SACO(S)","ARGENTINA"
"8","2022",6,"PUESTO DE CONTROL TERRESTRE DESAGUADERO","SOYA, torta",1e+05,"SACO(S)","BOLIVIA"
"9","2022",6,"PUESTO DE CONTROL TERRESTRE DESAGUADERO","SOYA, torta",115000,"SACO(S)","BOLIVIA"
"10","2022",6,"PUESTO DE CONTROL TERRESTRE DESAGUADERO","SOYA, torta",115000,"SACO(S)","BOLIVIA"
"11","2022",6,"PUESTO DE CONTROL TERRESTRE DESAGUADERO","SOYA, torta",116000,"SACO(S)","BOLIVIA"
"12","2022",6,"PUESTO DE CONTROL- CEBAF","CAÑA DE GUAYAQUIL, seca al natural",34000,"UNIDADES","ECUADOR"
"13","2022",6,"PUESTO DE CONTROL- CEBAF","CAÑA DE GUAYAQUIL, seca al natural",34000,"UNIDADES","ECUADOR"
"14","2022",6,"OFICINA PUESTO DE CONTROL MARITIMO - PROV. CONST. DEL CALLAO","PINO, madera aserrada con algún proceso de la CRF2",21800,"PAQUETES","CHILE"
"15","2022",6,"IÑAPARI, MADRE DE DIOS","MAIZ, grano (mondado, perlado, troceado o quebrantado)",30081.7,"SACO(S)","BRASIL"
"16","2022",6,"OFICINA PUESTO DE CONTROL AEREO -  PROV. CONST. DEL CALLAO","TOMATE, semilla",0.019,"SACHETS","HOLANDA"
"17","2022",6,"OFICINA PUESTO DE CONTROL AEREO -  PROV. CONST. DEL CALLAO","TOMATE, semilla",0.013,"SACHETS","HOLANDA"
"18","2022",6,"OFICINA PUESTO DE CONTROL MARITIMO - PROV. CONST. DEL CALLAO","ARROZ, grano pilado",25000,"SACO(S)","TAILANDIA"
"19","2022",6,"OFICINA PUESTO DE CONTROL MARITIMO - PROV. CONST. DEL CALLAO","ALGODON, fibra sin cardar ni peinar (>28.57 mm = o <34.92 mm)",91940,"FARDOS","EEUU"
"20","2022",6,"PUESTO DE CONTROL TERRESTRE DESAGUADERO","SOYA, torta",112827,"SACO(S)","BOLIVIA"
"21","2022",6,"PUERTO DE MATARANI , AREQUIPA","AZUCAR BLANCA O REFINADA (lectura polarimetrica mayor 99.5°)",530000,"SACO(S)","GUATEMALA"
"22","2022",6,"OFICINA PUESTO DE CONTROL AEREO -  PROV. CONST. DEL CALLAO","ARANDANO, planta",856,"CAJA(S)","CHILE"
"23","2022",6,"PUESTO DE CONTROL TERRESTRE DESAGUADERO","SOYA, torta",112075,"SACO(S)","BOLIVIA"
"24","2022",6,"PUESTO DE CONTROL TERRESTRE DESAGUADERO","SOYA, torta",28000,"GRANEL","BOLIVIA"
"25","2022",6,"PUESTO DE CONTROL TERRESTRE DESAGUADERO","SOYA, torta",27005,"SACO(S)","BOLIVIA"
"26","2022",6,"OFICINA PUESTO DE CONTROL MARITIMO - PROV. CONST. DEL CALLAO","TRIGO, harina",372.16,"SACO(S)","CHINA"
"27","2022",6,"PUESTO DE CONTROL TERRESTRE DESAGUADERO","AZUCAR BLANCA O REFINADA (lectura polarimetrica mayor 99.5°)",140000,"SACO(S)","BOLIVIA"
"28","2022",6,"OFICINA PUESTO DE CONTROL MARITIMO - PROV. CONST. DEL CALLAO","TURBA",26600,"BIG BAG","LETONIA"
"29","2022",6,"PUERTO DE PAITA , PIURA","PINO, madera aserrada con tratamiento de secado al horno impregnación de sales",22306,"PAQUETES","CHILE"
"30","2022",6,"OFICINA PUESTO DE CONTROL AEREO -  PROV. CONST. DEL CALLAO","CARTUCHO (= CALLA LILY), planta in vitro",22,"CAJA(S)","INDIA"
"31","2022",6,"PUESTO DE CONTROL TERRESTRE DESAGUADERO","FREJOL, grano",30000,"SACO(S)","BOLIVIA"
"32","2022",6,"OFICINA PUESTO DE CONTROL AEREO -  PROV. CONST. DEL CALLAO","CEBOLLA, semilla",1.825,"SACHETS","HOLANDA"
"33","2022",6,"OFICINA PUESTO DE CONTROL AEREO -  PROV. CONST. DEL CALLAO","CEBOLLINO FRANCES, semilla",8.549,"SACHETS","HOLANDA"
"34","2022",6,"OFICINA PUESTO DE CONTROL AEREO -  PROV. CONST. DEL CALLAO","PEREJIL, semilla",537.48,"SACHETS","HOLANDA"
"35","2022",6,"PUESTO DE CONTROL TERRESTRE DESAGUADERO","MANI, grano sin cáscara",30000,"SACO(S)","BOLIVIA"
"36","2022",6,"PUESTO DE CONTROL- CEBAF","Maquinas y aparatos para tratamiento de arroz, usados
",12000,"UNIDADES","ECUADOR"
"37","2022",6,"OFICINA PUESTO DE CONTROL AEREO -  PROV. CONST. DEL CALLAO","COLIFLOR, semilla",2.371,"SACHETS","FRANCIA"
"38","2022",6,"OFICINA PUESTO DE CONTROL MARITIMO - PROV. CONST. DEL CALLAO","AZUCAR CRUDA, sólido",25000,"BOLSAS","GUATEMALA"
"39","2022",6,"PUERTO DE ILO, MOQUEGUA","TRAVIESA (DURMIENTES) DE MADERA, impregnadas con agentes conservantes",66300,"UNIDADES","MEXICO"
"40","2022",6,"PUESTO DE CONTROL TERRESTRE DESAGUADERO","FREJOL, grano",90000,"SACO(S)","BOLIVIA"
"41","2022",6,"OFICINA PUESTO DE CONTROL MARITIMO - PROV. CONST. DEL CALLAO","AZUCAR CRUDA, sólido",250000,"SACO(S)","GUATEMALA"
"42","2022",6,"OFICINA PUESTO DE CONTROL MARITIMO - PROV. CONST. DEL CALLAO","AZUCAR CRUDA, sólido",150000,"SACO(S)","GUATEMALA"
"43","2022",6,"OFICINA PUESTO DE CONTROL MARITIMO - PROV. CONST. DEL CALLAO","AZUCAR BLANCA O REFINADA (lectura polarimetrica mayor 99.5°)",265000,"SACO(S)","GUATEMALA"
"44","2022",6,"PUESTO DE CONTROL TERRESTRE DESAGUADERO","SOYA, torta",78470,"GRANEL","BOLIVIA"
"45","2022",6,"PUESTO DE CONTROL TERRESTRE DESAGUADERO","SOYA, torta",28070,"GRANEL","BOLIVIA"
"46","2022",6,"PUESTO DE CONTROL TERRESTRE DESAGUADERO","SOYA, torta",115000,"SACO(S)","BOLIVIA"
"47","2022",6,"PUESTO DE CONTROL TERRESTRE DESAGUADERO","FREJOL NEGRO, grano",87000,"SACO(S)","BOLIVIA"
"48","2022",6,"PUESTO DE CONTROL- CEBAF","ROSA, flores frescas cortadas",2100,"CAJA(S)","ECUADOR"
"49","2022",6,"PUESTO DE CONTROL- CEBAF","CLAVEL, flores frescas cortadas",850,"CAJA(S)","ECUADOR"
"50","2022",6,"PUESTO DE CONTROL- CEBAF","LILIUM (=AZUCENA), flores frescas cortadas",50,"CAJA(S)","ECUADOR"
"51","2022",6,"PUESTO DE CONTROL TERRESTRE DESAGUADERO","AZUCAR BLANCA O REFINADA (lectura polarimetrica mayor 99.5°)",76200,"SACO(S)","BOLIVIA"
"52","2022",6,"OFICINA PUESTO DE CONTROL MARITIMO - PROV. CONST. DEL CALLAO","ALGODON, fibra sin cardar ni peinar (>28.57 mm = o <34.92 mm)",426662,"FARDOS","EEUU"
"53","2022",6,"IÑAPARI, MADRE DE DIOS","MAIZ AMARILLO DURO, grano",32000,"SACO(S)","BRASIL"
"54","2022",6,"OFICINA PUESTO DE CONTROL AEREO -  PROV. CONST. DEL CALLAO","TOMATE, semilla",0.13,"SACHETS","ESPAÑA"
"55","2022",6,"OFICINA PUESTO DE CONTROL AEREO -  PROV. CONST. DEL CALLAO","PEPINILLO, semilla",3.13,"SACHETS","ESPAÑA"
"56","2022",6,"OFICINA PUESTO DE CONTROL AEREO -  PROV. CONST. DEL CALLAO","PIMIENTO, semilla",0.44,"SACHETS","ESPAÑA"
"57","2022",6,"OFICINA PUESTO DE CONTROL MARITIMO - PROV. CONST. DEL CALLAO","FREJOL, grano",2429,"BOLSAS","EEUU"
"58","2022",6,"OFICINA PUESTO DE CONTROL MARITIMO - PROV. CONST. DEL CALLAO","ARROZ, grano pilado",6981,"BOLSAS","EEUU"
"59","2022",6,"OFICINA PUESTO DE CONTROL MARITIMO - PROV. CONST. DEL CALLAO","LENTEJA, grano",721,"BOLSAS","EEUU"
"60","2022",6,"PUESTO DE CONTROL TERRESTRE DESAGUADERO","SOYA, torta",46000,"GRANEL","BOLIVIA"
"61","2022",6,"OFICINA PUESTO DE CONTROL MARITIMO - PROV. CONST. DEL CALLAO","AZUCAR CRUDA, sólido",250000,"SACO(S)","GUATEMALA"
"62","2022",6,"SANTA ROSA, TACNA","NUEZ DEL NOGAL, con cascara, seco industrialmente",12000,"SACO(S)","CHILE"
"63","2022",6,"PUESTO DE CONTROL TERRESTRE DESAGUADERO","MANI, grano sin cáscara",58000,"SACO(S)","BOLIVIA"
"64","2022",6,"PUESTO DE CONTROL TERRESTRE DESAGUADERO","SOYA, harina",116000,"SACO(S)","BOLIVIA"
"65","2022",6,"PUESTO DE CONTROL TERRESTRE DESAGUADERO","SOYA, torta",147000,"SACO(S)","BOLIVIA"
"66","2022",6,"OFICINA PUESTO DE CONTROL AEREO -  PROV. CONST. DEL CALLAO","CEBOLLA, semilla",9,"BALDES","EEUU"
"67","2022",6,"OFICINA PUESTO DE CONTROL MARITIMO - PROV. CONST. DEL CALLAO","LINAZA, grano",48081,"SACO(S)","CANADA"
"68","2022",6,"OFICINA PUESTO DE CONTROL MARITIMO - PROV. CONST. DEL CALLAO","TURBA",77150,"FARDOS","LITUANIA"
"69","2022",6,"OFICINA PUESTO DE CONTROL MARITIMO - PROV. CONST. DEL CALLAO","TURBA",23246,"BIG BAG","LETONIA"
"70","2022",6,"PUESTO DE CONTROL TERRESTRE DESAGUADERO","SOYA, torta",27944,"SACO(S)","BOLIVIA"
"71","2022",6,"SANTA ROSA, TACNA","LIMON TAHITI (Lima tahiti), fruto fresco",23112,"CAJA(S)","CHILE"
"72","2022",6,"SANTA ROSA, TACNA","LIMON SUTIL, fruto fresco",2232,"CAJA(S)","CHILE"
"73","2022",6,"OFICINA PUESTO DE CONTROL MARITIMO - PROV. CONST. DEL CALLAO","TRIGO, pellets",19800,"SACO(S)","MEXICO"
"74","2022",6,"SANTA ROSA, TACNA","TRACTOR USADO, con motor de potencia superior a 33 kW pero inferior o igual a 75 kW",3893,"UNIDADES","ESPAÑA"
"75","2022",6,"SANTA ROSA, TACNA","TRACTOR USADO, con motor de potencia superior a 33 kW pero inferior o igual a 75 kW",3894,"UNIDADES","ESPAÑA"
"76","2022",6,"SANTA ROSA, TACNA","TRACTOR USADO, con motor de potencia superior a 33 kW pero inferior o igual a 75 kW",3893,"UNIDADES","ESPAÑA"
"77","2022",6,"OFICINA PUESTO DE CONTROL MARITIMO - PROV. CONST. DEL CALLAO","TRIGO, pellets",19065,"SACO(S)","MEXICO"
"78","2022",6,"PUESTO DE CONTROL TERRESTRE DESAGUADERO","AZUCAR BLANCA O REFINADA (lectura polarimetrica mayor 99.5°)",51500,"SACO(S)","BOLIVIA"
"79","2022",6,"PUESTO DE CONTROL TERRESTRE DESAGUADERO","AZUCAR CRUDA, sólido",4500,"SACO(S)","BOLIVIA"
"80","2022",6,"PUERTO DE SALAVERRY, LA LIBERTAD","MAIZ AMARILLO DURO, grano",16800450,"GRANEL","ARGENTINA"
"81","2022",6,"OFICINA PUESTO DE CONTROL MARITIMO - PROV. CONST. DEL CALLAO","ESPINACA, semilla",4031.65,"BOLSAS","EEUU"
"82","2022",6,"PUESTO DE CONTROL- CEBAF","ROSA, flores frescas cortadas",3222,"CAJA(S)","ECUADOR"
"83","2022",6,"PUESTO DE CONTROL- CEBAF","CLAVEL, flores frescas cortadas",586,"CAJA(S)","ECUADOR"
"84","2022",6,"PUESTO DE CONTROL- CEBAF","CRISANTEMO, flores frescas cortadas",36,"CAJA(S)","ECUADOR"
"85","2022",6,"PUESTO DE CONTROL- CEBAF","LILIUM (=AZUCENA), flores frescas cortadas",1224,"CAJA(S)","ECUADOR"
"86","2022",6,"OFICINA PUESTO DE CONTROL MARITIMO - PROV. CONST. DEL CALLAO","COCO, fibra (para sustrato)",21410,"PALETAS","INDIA"
"87","2022",6,"OFICINA PUESTO DE CONTROL MARITIMO - PROV. CONST. DEL CALLAO","AZAFRAN, filamento seco industrialmente",0.24,"CAJA(S)","ITALIA"
"88","2022",6,"OFICINA PUESTO DE CONTROL MARITIMO - PROV. CONST. DEL CALLAO","ARROZ, grano pilado",2e+05,"SACO(S)","URUGUAY"
"89","2022",6,"PUESTO DE CONTROL TERRESTRE DESAGUADERO","SOYA, grano",56000,"GRANEL","BOLIVIA"
"90","2022",6,"OFICINA PUESTO DE CONTROL MARITIMO - PROV. CONST. DEL CALLAO","ANIS O BADIANA, grano",19000,"SACO(S)","ESPAÑA"
"91","2022",6,"OFICINA PUESTO DE CONTROL AEREO -  PROV. CONST. DEL CALLAO","ZAPALLITO ITALIANO (CALABACIN), semilla",4.531,"SACHETS","EEUU"
"92","2022",6,"PUESTO DE CONTROL TERRESTRE DESAGUADERO","SOYA, torta",114640,"SACO(S)","BOLIVIA"
"93","2022",6,"PUESTO DE CONTROL TERRESTRE DESAGUADERO","SOYA, torta",114448,"SACO(S)","BOLIVIA"
"94","2022",6,"OFICINA PUESTO DE CONTROL MARITIMO - PROV. CONST. DEL CALLAO","TURBA",80400,"BOLSAS","ESTONIA"
"95","2022",6,"PUESTO DE CONTROL TERRESTRE DESAGUADERO","SOYA, torta",149000,"SACO(S)","BOLIVIA"
"96","2022",6,"OFICINA PUESTO DE CONTROL MARITIMO - PROV. CONST. DEL CALLAO","AVENA, grano mondado, perlado, troceado o quebrantado",22891.2,"SACO(S)","CHILE"
"97","2022",6,"PUESTO DE CONTROL TERRESTRE DESAGUADERO","AZUCAR BLANCA O REFINADA (lectura polarimetrica mayor 99.5°)",145000,"SACO(S)","BOLIVIA"
"98","2022",6,"OFICINA PUESTO DE CONTROL MARITIMO - PROV. CONST. DEL CALLAO","ACHIOTE, grano",17926,"SACO(S)","COSTA DE MARFIL"
"99","2022",6,"OFICINA PUESTO DE CONTROL MARITIMO - PROV. CONST. DEL CALLAO","ACHIOTE, grano",36000,"SACO(S)","COSTA DE MARFIL"
"100","2022",6,"PUESTO DE CONTROL TERRESTRE DESAGUADERO","GIRASOL, torta",56080,"GRANEL","BOLIVIA"
"101","2022",6,"PUESTO DE CONTROL TERRESTRE DESAGUADERO","SOYA, torta",54080,"GRANEL","BOLIVIA"
"102","2022",6,"PUESTO DE CONTROL TERRESTRE DESAGUADERO","SOYA, harina",76500,"SACO(S)","BOLIVIA"
"103","2022",6,"PUESTO DE CONTROL TERRESTRE DESAGUADERO","SOYA, torta",57000,"GRANEL","BOLIVIA"
"104","2022",6,"PUESTO DE CONTROL TERRESTRE DESAGUADERO","SOYA, torta",84000,"GRANEL","BOLIVIA"
"105","2022",6,"PUESTO DE CONTROL TERRESTRE DESAGUADERO","SOYA, torta",56100,"GRANEL","BOLIVIA"
"106","2022",6,"PUESTO DE CONTROL TERRESTRE DESAGUADERO","SOYA, torta",56000,"GRANEL","BOLIVIA"
"107","2022",6,"PUESTO DE CONTROL TERRESTRE DESAGUADERO","SOYA, torta",56000,"GRANEL","BOLIVIA"
"108","2022",6,"OFICINA PUESTO DE CONTROL MARITIMO - PROV. CONST. DEL CALLAO","PINO, postes de madera con algun proceso de la CRF 2",124581,"UNIDADES","CHILE"
"109","2022",6,"PUESTO DE CONTROL TERRESTRE DESAGUADERO","SOYA, torta",24960,"GRANEL","BOLIVIA"
"110","2022",6,"PUESTO DE CONTROL TERRESTRE DESAGUADERO","SOYA, torta",76000,"GRANEL","BOLIVIA"
"111","2022",6,"PUESTO DE CONTROL TERRESTRE DESAGUADERO","SOYA, torta",116000,"SACO(S)","BOLIVIA"
"112","2022",6,"OFICINA PUESTO DE CONTROL MARITIMO - PROV. CONST. DEL CALLAO","MAIZ, harina",103268,"FARDOS","COLOMBIA"
"113","2022",6,"OFICINA PUESTO DE CONTROL MARITIMO - PROV. CONST. DEL CALLAO","TRIGO, grano",32353480,"GRANEL","CANADA"
"114","2022",6,"SANTA ROSA, TACNA","ALGODON, fibra sin cardar ni peinar (>22.22 mm = o <28.57 mm)",27000,"FARDOS","ARGENTINA"
"115","2022",6,"OFICINA PUESTO DE CONTROL MARITIMO - PROV. CONST. DEL CALLAO","TRIGO, grano",10515260,"GRANEL","CANADA"
"116","2022",6,"OFICINA PUESTO DE CONTROL MARITIMO - PROV. CONST. DEL CALLAO","CANELA, corteza entera seca al natural",6200,"CAJA(S)","SRI LANKA"
"117","2022",6,"SANTA ROSA, TACNA","UVA (PASAS), secas naturalmente",25000,"CAJA(S)","ARGENTINA"
"118","2022",6,"PUESTO DE CONTROL TERRESTRE DESAGUADERO","SOYA, torta",175000,"SACO(S)","BOLIVIA"
"119","2022",6,"PUESTO DE CONTROL TERRESTRE DESAGUADERO","SOYA, torta",145000,"SACO(S)","BOLIVIA"
"120","2022",6,"PUESTO DE CONTROL TERRESTRE DESAGUADERO","SOYA, harina",145000,"SACO(S)","BOLIVIA"
"121","2022",6,"OFICINA PUESTO DE CONTROL AEREO -  PROV. CONST. DEL CALLAO","MELON, semilla",1.104,"SACHETS","EEUU"
"122","2022",6,"OFICINA PUESTO DE CONTROL AEREO -  PROV. CONST. DEL CALLAO","PIMIENTO, semilla",0.44866,"SACHETS","EEUU"
"123","2022",6,"OFICINA PUESTO DE CONTROL AEREO -  PROV. CONST. DEL CALLAO","ZAPALLITO ITALIANO (CALABACIN), semilla",4.805,"LATAS","EEUU"
"124","2022",6,"OFICINA PUESTO DE CONTROL MARITIMO - PROV. CONST. DEL CALLAO","PAPA, hojuelas y pellets",900,"PIEZAS","MEXICO"
"125","2022",6,"OFICINA PUESTO DE CONTROL MARITIMO - PROV. CONST. DEL CALLAO","TRIGO, gluten",20000,"BOLSAS","HOLANDA"
"126","2022",6,"IÑAPARI, MADRE DE DIOS","NUEZ DEL BRASIL, con cáscara seca al natural",27945,"SACO(S)","BOLIVIA"
"127","2022",6,"IÑAPARI, MADRE DE DIOS","NUEZ DEL BRASIL, con cáscara seca al natural",27945,"SACO(S)","BOLIVIA"
"128","2022",6,"IÑAPARI, MADRE DE DIOS","NUEZ DEL BRASIL, con cáscara seca al natural",28140,"SACO(S)","BRASIL"
"129","2022",6,"IÑAPARI, MADRE DE DIOS","NUEZ DEL BRASIL, con cáscara seca al natural",27600,"SACO(S)","BOLIVIA"
"130","2022",6,"PUERTO DE SALAVERRY, LA LIBERTAD","MAIZ AMARILLO DURO, grano",16050990,"GRANEL","ARGENTINA"
"131","2022",6,"PUESTO DE CONTROL- CEBAF","Las demas maquinaria para limpieza, clasificacion o cribado de semillas, granos u otras hortalilzas, usadas
",1099.7,"UNIDADES","ECUADOR"
"132","2022",6,"PUESTO DE CONTROL- CEBAF","Las demás coniferas, las demas maderas aserradas o desbastadas longitudinalmente, cortada o desenrollada, incluso cepillada,lijada o unida por lo extremos, de espesor superior a 6 mm, con algun tratamiento de la CRF 2",44600,"PIEZAS","ECUADOR"
"133","2022",6,"OFICINA PUESTO DE CONTROL AEREO -  PROV. CONST. DEL CALLAO","PIMIENTO, semilla",0.518,"SACHETS","HOLANDA"
"134","2022",6,"PUESTO DE CONTROL TERRESTRE DESAGUADERO","SOYA, harina",145000,"SACO(S)","BOLIVIA"
"135","2022",6,"PUESTO DE CONTROL TERRESTRE DESAGUADERO","MANI, grano sin cáscara",29000,"SACO(S)","BOLIVIA"
"136","2022",6,"IÑAPARI, MADRE DE DIOS","NUEZ DEL BRASIL, con cáscara seca al natural",27900,"SACO(S)","BRASIL"
"137","2022",6,"PUESTO DE CONTROL TERRESTRE DESAGUADERO","LINAZA, grano",30000,"SACO(S)","BOLIVIA"
"138","2022",6,"PUERTO DE PAITA , PIURA","YUTE, sacos",14800,"FARDOS","INDIA"
"139","2022",6,"PUESTO DE CONTROL TERRESTRE DESAGUADERO","SOYA, torta",113980,"GRANEL","BOLIVIA"
"140","2022",6,"PUESTO DE CONTROL TERRESTRE DESAGUADERO","SOYA, torta",83980,"GRANEL","BOLIVIA"
"141","2022",6,"OFICINA PUESTO DE CONTROL MARITIMO - PROV. CONST. DEL CALLAO","ALGODON, fibra sin cardar ni peinar (>34.92 mm)",204830,"FARDOS","EEUU"
"142","2022",6,"OFICINA PUESTO DE CONTROL MARITIMO - PROV. CONST. DEL CALLAO","ALGODON, fibra sin cardar ni peinar (>34.92 mm)",36014,"FARDOS","EEUU"
"143","2022",6,"PUESTO DE CONTROL TERRESTRE DESAGUADERO","SOYA, harina",115000,"SACO(S)","BOLIVIA"
"144","2022",6,"PUESTO DE CONTROL TERRESTRE DESAGUADERO","SOYA, harina",115000,"SACO(S)","BOLIVIA"
"145","2022",6,"OFICINA PUESTO DE CONTROL MARITIMO - PROV. CONST. DEL CALLAO","BAMBU, esterillas, esteras y cañizos con algún proceso de la CRF2",2633.956,"ROLLOS","EEUU"
"146","2022",6,"PUESTO DE CONTROL TERRESTRE DESAGUADERO","GIRASOL, torta",55440,"GRANEL","BOLIVIA"
"147","2022",6,"PUESTO DE CONTROL TERRESTRE DESAGUADERO","AJONJOLI, grano",29950,"SACO(S)","BOLIVIA"
"148","2022",6,"OFICINA PUESTO DE CONTROL MARITIMO - PROV. CONST. DEL CALLAO","PAPA, fécula",21000,"SACO(S)","POLONIA"
"149","2022",6,"OFICINA PUESTO DE CONTROL MARITIMO - PROV. CONST. DEL CALLAO","ARVEJA, grano partido",247210,"SACO(S)","CANADA"
"150","2022",6,"OFICINA PUESTO DE CONTROL MARITIMO - PROV. CONST. DEL CALLAO","ANIS ESTRELLA, sin triturar con secado industrial",16640,"CAJA(S)","VIETNAM"
"151","2022",6,"PUESTO DE CONTROL TERRESTRE DESAGUADERO","SOYA, torta",55000,"GRANEL","BOLIVIA"
"152","2022",6,"PUESTO DE CONTROL TERRESTRE DESAGUADERO","SOYA, torta",176000,"SACO(S)","BOLIVIA"
"153","2022",6,"PUESTO DE CONTROL TERRESTRE DESAGUADERO","SOYA, torta",146500,"SACO(S)","BOLIVIA"
"154","2022",6,"PUESTO DE CONTROL TERRESTRE DESAGUADERO","SOYA, torta",177000,"SACO(S)","BOLIVIA"
"155","2022",6,"PUESTO DE CONTROL TERRESTRE DESAGUADERO","SOYA, torta",175500,"SACO(S)","BOLIVIA"
"156","2022",6,"PUESTO DE CONTROL TERRESTRE DESAGUADERO","SOYA, torta",84000,"GRANEL","BOLIVIA"
"157","2022",6,"OFICINA PUESTO DE CONTROL MARITIMO - PROV. CONST. DEL CALLAO","CIRUELA, seca industrialmente",20200,"CAJA(S)","CHILE"
"158","2022",6,"OFICINA PUESTO DE CONTROL MARITIMO - PROV. CONST. DEL CALLAO","CANELA, triturada o pulverizada (molida)",3000,"CAJA(S)","CHINA"
"159","2022",6,"OFICINA PUESTO DE CONTROL MARITIMO - PROV. CONST. DEL CALLAO","TRIGO, almidon",5448,"CAJA(S)","CHINA"
"160","2022",6,"OFICINA PUESTO DE CONTROL MARITIMO - PROV. CONST. DEL CALLAO","ARROZ, grano pilado",2e+05,"SACO(S)","URUGUAY"
"161","2022",6,"PUESTO DE CONTROL TERRESTRE DESAGUADERO","AZUCAR BLANCA O REFINADA (lectura polarimetrica mayor 99.5°)",174000,"SACO(S)","BOLIVIA"
"162","2022",6,"OFICINA PUESTO DE CONTROL MARITIMO - PROV. CONST. DEL CALLAO","PINO, postes de madera con algun proceso de la CRF 2",254612,"PIEZAS","EEUU"
"163","2022",6,"OFICINA PUESTO DE CONTROL MARITIMO - PROV. CONST. DEL CALLAO","PINO, madera aserrada con algún proceso de la CRF2",199939,"PAQUETES","CHILE"
"164","2022",6,"PUESTO DE CONTROL TERRESTRE DESAGUADERO","SOYA, torta",56000,"GRANEL","BOLIVIA"
"165","2022",6,"PUESTO DE CONTROL TERRESTRE DESAGUADERO","GIRASOL, torta",26650,"GRANEL","BOLIVIA"
"166","2022",6,"PUESTO DE CONTROL TERRESTRE DESAGUADERO","GIRASOL, torta",83570,"GRANEL","BOLIVIA"
"167","2022",6,"OFICINA PUESTO DE CONTROL MARITIMO - PROV. CONST. DEL CALLAO","ARROZ, parbolizado pulido o sin cáscara",125000,"SACO(S)","BRASIL"
"168","2022",6,"OFICINA PUESTO DE CONTROL MARITIMO - PROV. CONST. DEL CALLAO","TURBA",203040,"BIG BAG","HOLANDA"
"169","2022",6,"OFICINA PUESTO DE CONTROL MARITIMO - PROV. CONST. DEL CALLAO","TURBA",203040,"BIG BAG","HOLANDA"
"170","2022",6,"OFICINA PUESTO DE CONTROL MARITIMO - PROV. CONST. DEL CALLAO","TURBA",203040,"BIG BAG","HOLANDA"
"171","2022",6,"PUESTO DE CONTROL TERRESTRE DESAGUADERO","GIRASOL, torta",80810,"GRANEL","BOLIVIA"
"172","2022",6,"PUESTO DE CONTROL TERRESTRE DESAGUADERO","SOYA, torta",57000,"GRANEL","BOLIVIA"
"173","2022",6,"OFICINA PUESTO DE CONTROL MARITIMO - PROV. CONST. DEL CALLAO","COCO, fibra (para sustrato)",123140,"PIEZAS","SRI LANKA"
"174","2022",6,"SANTA ROSA, TACNA","KIWI, fruto fresco",1920,"CAJA(S)","CHILE"
"175","2022",6,"SANTA ROSA, TACNA","MANZANA, fruto fresco",23520,"CAJA(S)","CHILE"
"176","2022",6,"SANTA ROSA, TACNA","MANZANA, fruto fresco",21560,"CAJA(S)","CHILE"
"177","2022",6,"OFICINA PUESTO DE CONTROL MARITIMO - PROV. CONST. DEL CALLAO","FOLLAJE, HOJAS, RAMAS Y DEMAS PARTES DE PLANTAS, sin flores ni capullos y hierbas, musgos y líquenes,para ramos o adornos con algún proceso de la CRF2.",445.662,"CAJA(S)","CHINA"
"178","2022",6,"SANTA ROSA, TACNA","MANZANA, fruto fresco",23520,"CAJA(S)","CHILE"
"179","2022",6,"OFICINA PUESTO DE CONTROL MARITIMO - PROV. CONST. DEL CALLAO","MAIZ, almidon",150000,"BOLSAS","RUSIA"
"180","2022",6,"OFICINA PUESTO DE CONTROL MARITIMO - PROV. CONST. DEL CALLAO","MANZANA, fruto fresco",18620,"CAJA(S)","EEUU"
"181","2022",6,"PUESTO DE CONTROL TERRESTRE DESAGUADERO","SOYA, torta",114500,"SACO(S)","BOLIVIA"
"182","2022",6,"SANTA ROSA, TACNA","MANZANA, fruto fresco",6860,"CAJA(S)","CHILE"
"183","2022",6,"SANTA ROSA, TACNA","PERA, fruta fresca",17280,"CAJA(S)","CHILE"
"184","2022",6,"PUESTO DE CONTROL TERRESTRE DESAGUADERO","SOYA, torta",86000,"GRANEL","BOLIVIA"
"185","2022",6,"PUESTO DE CONTROL TERRESTRE DESAGUADERO","SOYA, torta",54000,"GRANEL","BOLIVIA"
"186","2022",6,"PUESTO DE CONTROL TERRESTRE DESAGUADERO","FREJOL, grano",60000,"SACO(S)","BOLIVIA"
"187","2022",6,"SANTA ROSA, TACNA","MANZANA, fruto fresco",22932,"CAJA(S)","CHILE"
"188","2022",6,"OFICINA PUESTO DE CONTROL MARITIMO - PROV. CONST. DEL CALLAO","PAPA, fécula",78000,"BIG BAG","ALEMANIA"
"189","2022",6,"OFICINA PUESTO DE CONTROL MARITIMO - PROV. CONST. DEL CALLAO","CIRUELA, seca industrialmente",44000,"CAJA(S)","CHILE"
"190","2022",6,"OFICINA PUESTO DE CONTROL MARITIMO - PROV. CONST. DEL CALLAO","AZUCAR CRUDA, sólido",5e+05,"SACO(S)","GUATEMALA"
"191","2022",6,"PUESTO DE CONTROL TERRESTRE DESAGUADERO","SOYA, harina",57700,"SACO(S)","BOLIVIA"
"192","2022",6,"PUESTO DE CONTROL TERRESTRE DESAGUADERO","SOYA, harina",145000,"SACO(S)","BOLIVIA"
"193","2022",6,"OFICINA PUESTO DE CONTROL MARITIMO - PROV. CONST. DEL CALLAO","ARROZ, grano pilado",72900,"BOLSAS","BRASIL"
"194","2022",6,"PUESTO DE CONTROL TERRESTRE DESAGUADERO","SOYA, harina",174000,"SACO(S)","BOLIVIA"
"195","2022",6,"OFICINA PUESTO DE CONTROL MARITIMO - PROV. CONST. DEL CALLAO","AZUCAR CRUDA, sólido",556500,"SACO(S)","NICARAGUA"
"196","2022",6,"PUESTO DE CONTROL- CEBAF","CAÑA DE GUAYAQUIL, seca al natural",32000,"UNIDADES","ECUADOR"
"197","2022",6,"PUESTO DE CONTROL TERRESTRE DESAGUADERO","SOYA, grano",60000,"SACO(S)","BOLIVIA"
"198","2022",6,"PUESTO DE CONTROL TERRESTRE DESAGUADERO","SOYA, torta",58000,"GRANEL","BOLIVIA"
"199","2022",6,"OFICINA PUESTO DE CONTROL MARITIMO - PROV. CONST. DEL CALLAO","MAIZ, almidon",49500,"BOLSAS","BRASIL"
"200","2022",6,"OFICINA PUESTO DE CONTROL MARITIMO - PROV. CONST. DEL CALLAO","MAIZ, almidon",24750,"BOLSAS","BRASIL"
"201","2022",6,"PUESTO DE CONTROL TERRESTRE DESAGUADERO","Las demás maquinarias, aparatos y artefactos agricolas, horticolas o silvicolas, usados
",1400,"UNIDADES","BOLIVIA"
"202","2022",6,"OFICINA PUESTO DE CONTROL MARITIMO - PROV. CONST. DEL CALLAO","TURBA",81600,"BIG BAG","HOLANDA"
"203","2022",6,"OFICINA PUESTO DE CONTROL MARITIMO - PROV. CONST. DEL CALLAO","AZUCAR CRUDA, sólido",1e+06,"SACO(S)","GUATEMALA"
"204","2022",6,"IÑAPARI, MADRE DE DIOS","MAIZ AMARILLO DURO, grano",48390,"GRANEL","BRASIL"
"205","2022",6,"IÑAPARI, MADRE DE DIOS","MAIZ AMARILLO DURO, grano",32000,"GRANEL","BRASIL"
"206","2022",6,"PUESTO DE CONTROL TERRESTRE DESAGUADERO","GIRASOL, torta",75920,"GRANEL","BOLIVIA"
"207","2022",6,"OFICINA PUESTO DE CONTROL MARITIMO - PROV. CONST. DEL CALLAO","MAIZ, almidon",24750,"BOLSAS","BRASIL"
"208","2022",6,"OFICINA PUESTO DE CONTROL MARITIMO - PROV. CONST. DEL CALLAO","MAIZ, almidon",74250,"BOLSAS","BRASIL"
"209","2022",6,"OFICINA PUESTO DE CONTROL MARITIMO - PROV. CONST. DEL CALLAO","PINO, madera aserrada con algún proceso de la CRF2",48812.9,"PAQUETES","CHILE"
"210","2022",6,"PUESTO DE CONTROL TERRESTRE DESAGUADERO","SOYA, torta",57000,"GRANEL","BOLIVIA"
"211","2022",6,"SANTA ROSA, TACNA","PERA, fruta fresca",1926,"CAJA(S)","CHILE"
"212","2022",6,"SANTA ROSA, TACNA","MANZANA, fruto fresco",21560,"CAJA(S)","CHILE"
"213","2022",6,"PUESTO DE CONTROL TERRESTRE DESAGUADERO","MANI, grano sin cáscara",29000,"SACO(S)","BOLIVIA"
"214","2022",6,"PUESTO DE CONTROL TERRESTRE DESAGUADERO","SOYA, torta",28000,"GRANEL","BOLIVIA"
"215","2022",6,"PUESTO DE CONTROL TERRESTRE DESAGUADERO","SOYA, torta",55630,"GRANEL","BOLIVIA"
"216","2022",6,"PUESTO DE CONTROL TERRESTRE DESAGUADERO","SOYA, torta",57884,"SACO(S)","BOLIVIA"
"217","2022",6,"PUESTO DE CONTROL TERRESTRE DESAGUADERO","GIRASOL, torta",75810,"GRANEL","BOLIVIA"
"218","2022",6,"PUESTO DE CONTROL TERRESTRE DESAGUADERO","SOYA, torta",57000,"GRANEL","BOLIVIA"
"219","2022",6,"PUESTO DE CONTROL TERRESTRE DESAGUADERO","SOYA, harina",56247,"SACO(S)","BOLIVIA"
"220","2022",6,"PUESTO DE CONTROL TERRESTRE DESAGUADERO","SOYA, torta",28420,"GRANEL","BOLIVIA"
"221","2022",6,"PUESTO DE CONTROL TERRESTRE DESAGUADERO","SOYA, torta",112000,"GRANEL","BOLIVIA"
"222","2022",6,"SANTA ROSA, TACNA","KIWI, fruto fresco",9240,"CAJA(S)","CHILE"
"223","2022",6,"SANTA ROSA, TACNA","PERA, fruta fresca",13536,"CAJA(S)","CHILE"
"224","2022",6,"OFICINA PUESTO DE CONTROL MARITIMO - PROV. CONST. DEL CALLAO","MADERA, monturas y mangos de herramientas, monturas y mangos de cepillos, brochas o escobas, de madera; hormas, ensanchadores y tensores del calzado, de madera ; con algún proceso de la CRF 2",211.418,"PIEZAS","MEXICO"
"225","2022",6,"OFICINA PUESTO DE CONTROL MARITIMO - PROV. CONST. DEL CALLAO","ARROZ, grano pilado",1e+05,"SACO(S)","URUGUAY"
"226","2022",6,"OFICINA PUESTO DE CONTROL MARITIMO - PROV. CONST. DEL CALLAO","ARROZ, grano pilado",1e+05,"SACO(S)","URUGUAY"
"227","2022",6,"OFICINA PUESTO DE CONTROL MARITIMO - PROV. CONST. DEL CALLAO","PAPA, fécula",21000,"SACO(S)","POLONIA"
"228","2022",6,"OFICINA PUESTO DE CONTROL MARITIMO - PROV. CONST. DEL CALLAO","MADERA, en bruto de coníferas tratada agentes de conservación
",111230,"UNIDADES","CHILE"
"229","2022",6,"PUESTO DE CONTROL TERRESTRE DESAGUADERO","FREJOL, grano",29000,"SACO(S)","BOLIVIA"
"230","2022",6,"OFICINA PUESTO DE CONTROL AEREO -  PROV. CONST. DEL CALLAO","JENGIBRE (=KION), polvo",9,"CAJA(S)","CHINA"
"231","2022",6,"PUESTO DE CONTROL TERRESTRE DESAGUADERO","SOYA, harina",87000,"SACO(S)","BOLIVIA"
"232","2022",6,"OFICINA PUESTO DE CONTROL MARITIMO - PROV. CONST. DEL CALLAO","PAPA, fécula",2e+05,"SACO(S)","ALEMANIA"
"233","2022",6,"PUERTO DE MATARANI , AREQUIPA","MAIZ AMARILLO DURO, grano",11016550,"GRANEL","ARGENTINA"
"234","2022",6,"SANTA ROSA, TACNA","MANZANA, fruto fresco",23520,"CAJA(S)","CHILE"
"235","2022",6,"OFICINA PUESTO DE CONTROL MARITIMO - PROV. CONST. DEL CALLAO","PINO, madera aserrada, con tratamiento de secado al horno o impregnación de sales",303617,"PAQUETES","CHILE"
"236","2022",6,"SANTA ROSA, TACNA","MANZANA, fruto fresco",23520,"CAJA(S)","CHILE"
"237","2022",6,"SANTA ROSA, TACNA","MANZANA, fruto fresco",22775.2,"CAJA(S)","CHILE"
"238","2022",6,"SANTA ROSA, TACNA","MANZANA, fruto fresco",20580,"CAJA(S)","CHILE"
"239","2022",6,"OFICINA PUESTO DE CONTROL AEREO -  PROV. CONST. DEL CALLAO","CEBOLLA, triturada o pulverizada",0.88,"BOLSAS","INDIA"
"240","2022",6,"OFICINA PUESTO DE CONTROL MARITIMO - PROV. CONST. DEL CALLAO","TURBA",138820,"BIG BAG","LETONIA"
"241","2022",6,"OFICINA PUESTO DE CONTROL MARITIMO - PROV. CONST. DEL CALLAO","PINO, madera aserrada con algún proceso de la CRF2",86420,"PAQUETES","CHILE"
"242","2022",6,"OFICINA PUESTO DE CONTROL AEREO -  PROV. CONST. DEL CALLAO","PIMIENTO, semilla",0.196,"SACHETS","FRANCIA"
"243","2022",6,"SANTA ROSA, TACNA","MANZANA, fruto fresco",23520,"CAJA(S)","CHILE"
"244","2022",6,"OFICINA PUESTO DE CONTROL AEREO -  PROV. CONST. DEL CALLAO","CEBOLLA, triturada o pulverizada",1.3,"BOLSAS","INDIA"
"245","2022",6,"OFICINA PUESTO DE CONTROL AEREO -  PROV. CONST. DEL CALLAO","AJONJOLI, grano con algún proceso de la CRF 2",0.54,"BOLSAS","INDIA"
"246","2022",6,"OFICINA PUESTO DE CONTROL MARITIMO - PROV. CONST. DEL CALLAO","ARVEJA, grano partido",74163,"SACO(S)","CANADA"
"247","2022",6,"OFICINA PUESTO DE CONTROL MARITIMO - PROV. CONST. DEL CALLAO","LENTEJA, grano",173047,"SACO(S)","CANADA"
"248","2022",6,"SANTA ROSA, TACNA","KIWI, fruto fresco",8064,"CAJA(S)","CHILE"
"249","2022",6,"SANTA ROSA, TACNA","MANZANA, fruto fresco",13720,"CAJA(S)","CHILE"
"250","2022",6,"OFICINA PUESTO DE CONTROL MARITIMO - PROV. CONST. DEL CALLAO","PAPA, fécula",99950,"BOLSAS","ALEMANIA"
"251","2022",6,"OFICINA PUESTO DE CONTROL MARITIMO - PROV. CONST. DEL CALLAO","MANZANA, fruto fresco",17640,"CAJA(S)","EEUU"
"252","2022",6,"OFICINA PUESTO DE CONTROL MARITIMO - PROV. CONST. DEL CALLAO","MADERA, encofrados para hormigon, de madera con algún proceso de la CRF2
",16086,"PIEZAS","ALEMANIA"
"253","2022",6,"PUESTO DE CONTROL TERRESTRE DESAGUADERO","SOYA, grano",51000,"GRANEL","BOLIVIA"
"254","2022",6,"PUESTO DE CONTROL TERRESTRE DESAGUADERO","SOYA, grano",27500,"GRANEL","BOLIVIA"
"255","2022",6,"PUESTO DE CONTROL TERRESTRE DESAGUADERO","SOYA, grano",28000,"GRANEL","BOLIVIA"
"256","2022",6,"PUESTO DE CONTROL TERRESTRE DESAGUADERO","SOYA, grano",25000,"GRANEL","BOLIVIA"
"257","2022",6,"SANTA ROSA, TACNA","MANZANA, fruto fresco",17640,"CAJA(S)","CHILE"
"258","2022",6,"PUESTO DE CONTROL TERRESTRE DESAGUADERO","SOYA, grano",58000,"SACO(S)","BOLIVIA"
"259","2022",6,"SANTA ROSA, TACNA","PERA, fruta fresca",5292,"CAJA(S)","CHILE"
"260","2022",6,"OFICINA PUESTO DE CONTROL MARITIMO - PROV. CONST. DEL CALLAO","MOSTAZA, grano",23768,"BOLSAS","CANADA"
"261","2022",6,"PUERTO DE MATARANI , AREQUIPA","TRIGO, grano",15500000,"GRANEL","CANADA"
"262","2022",6,"OFICINA PUESTO DE CONTROL MARITIMO - PROV. CONST. DEL CALLAO","TRIGO, grano",7162220,"GRANEL","CANADA"
"263","2022",6,"OFICINA PUESTO DE CONTROL MARITIMO - PROV. CONST. DEL CALLAO","TRIGO, grano",3262090,"GRANEL","CANADA"
"264","2022",6,"OFICINA PUESTO DE CONTROL MARITIMO - PROV. CONST. DEL CALLAO","COLZA, torta",26000,"BOLSAS","CHILE"
"265","2022",6,"PUESTO DE CONTROL- CEBAF","CAÑA DE GUAYAQUIL, seca al natural",34000,"UNIDADES","ECUADOR"
"266","2022",6,"SANTA ROSA, TACNA","PERA, fruta fresca",10080,"CAJA(S)","CHILE"
"267","2022",6,"SANTA ROSA, TACNA","MANZANA, fruto fresco",8820,"CAJA(S)","CHILE"
"268","2022",6,"SANTA ROSA, TACNA","KIWI, fruto fresco",4200,"CAJA(S)","CHILE"
"269","2022",6,"SANTA ROSA, TACNA","MANZANA, fruto fresco",23520,"CAJA(S)","CHILE"
"270","2022",6,"PUESTO DE CONTROL TERRESTRE DESAGUADERO","SOYA, torta",134000,"GRANEL","BOLIVIA"
"271","2022",6,"PUESTO DE CONTROL TERRESTRE DESAGUADERO","SOYA, torta",57980,"GRANEL","BOLIVIA"
"272","2022",6,"SANTA ROSA, TACNA","MANZANA, fruto fresco",17640,"CAJA(S)","CHILE"
"273","2022",6,"OFICINA PUESTO DE CONTROL AEREO -  PROV. CONST. DEL CALLAO","ARROZ, semilla",0.68,"SOBRES","COLOMBIA"
"274","2022",6,"SANTA ROSA, TACNA","PERA, fruta fresca",5292,"CAJA(S)","CHILE"
"275","2022",6,"OFICINA PUESTO DE CONTROL MARITIMO - PROV. CONST. DEL CALLAO","UVA (PASAS), secas industrialmente",40000,"CAJA(S)","CHILE"
"276","2022",6,"OFICINA PUESTO DE CONTROL MARITIMO - PROV. CONST. DEL CALLAO","UVA (PASAS), secas naturalmente",40000,"CAJA(S)","CHILE"
"277","2022",6,"PUESTO DE CONTROL TERRESTRE DESAGUADERO","AJONJOLI, grano",60000,"SACO(S)","BOLIVIA"
"278","2022",6,"PUESTO DE CONTROL TERRESTRE DESAGUADERO","SOYA, grano",27000,"GRANEL","BOLIVIA"
"279","2022",6,"PUESTO DE CONTROL TERRESTRE DESAGUADERO","SOYA, grano",28000,"GRANEL","BOLIVIA"
"280","2022",6,"PUESTO DE CONTROL TERRESTRE DESAGUADERO","SOYA, grano",28000,"GRANEL","BOLIVIA"
"281","2022",6,"PUESTO DE CONTROL TERRESTRE DESAGUADERO","SOYA, grano",27000,"GRANEL","BOLIVIA"
"282","2022",6,"SANTA ROSA, LORETO","PERA, fruta fresca",6048,"CAJA(S)","CHILE"
"283","2022",6,"SANTA ROSA, TACNA","MANZANA, fruto fresco",17640,"CAJA(S)","CHILE"
"284","2022",6,"PUESTO DE CONTROL TERRESTRE DESAGUADERO","AZUCAR BLANCA O REFINADA (lectura polarimetrica mayor 99.5°)",87000,"SACO(S)","BOLIVIA"
"285","2022",6,"OFICINA PUESTO DE CONTROL AEREO -  PROV. CONST. DEL CALLAO","ACHIOTE, grano con algún proceso de la CRF 2",0.5,"BOLSAS","GUATEMALA"
"286","2022",6,"PUERTO DE PAITA , PIURA","LENTEJA, grano",263080,"SACO(S)","CANADA"
"287","2022",6,"SANTA ROSA, TACNA","MANZANA, fruto fresco",22344,"CAJA(S)","CHILE"
"288","2022",6,"OFICINA PUESTO DE CONTROL MARITIMO - PROV. CONST. DEL CALLAO","ALFALFA, semilla",20000,"BOLSAS","EEUU"
"289","2022",6,"PUESTO DE CONTROL TERRESTRE DESAGUADERO","SOYA, torta",84000,"GRANEL","BOLIVIA"
"290","2022",6,"PUESTO DE CONTROL TERRESTRE DESAGUADERO","SOYA, torta",112000,"GRANEL","BOLIVIA"
"291","2022",6,"PUESTO DE CONTROL TERRESTRE DESAGUADERO","SOYA, torta",112000,"GRANEL","BOLIVIA"
"292","2022",6,"PUESTO DE CONTROL TERRESTRE DESAGUADERO","SOYA, torta",112000,"GRANEL","BOLIVIA"
"293","2022",6,"PUESTO DE CONTROL TERRESTRE DESAGUADERO","SOYA, torta",28000,"GRANEL","BOLIVIA"
"294","2022",6,"PUESTO DE CONTROL TERRESTRE DESAGUADERO","SOYA, torta",84000,"GRANEL","BOLIVIA"
"295","2022",6,"PUESTO DE CONTROL TERRESTRE DESAGUADERO","SOYA, torta",140000,"GRANEL","BOLIVIA"
"296","2022",6,"PUESTO DE CONTROL TERRESTRE DESAGUADERO","SOYA, torta",56500,"GRANEL","BOLIVIA"
"297","2022",6,"PUESTO DE CONTROL TERRESTRE DESAGUADERO","SOYA, torta",84500,"GRANEL","BOLIVIA"
"298","2022",6,"PUESTO DE CONTROL TERRESTRE DESAGUADERO","SOYA, torta",84000,"GRANEL","BOLIVIA"
"299","2022",6,"PUESTO DE CONTROL TERRESTRE DESAGUADERO","SOYA, torta",84000,"GRANEL","BOLIVIA"
"300","2022",6,"PUESTO DE CONTROL TERRESTRE DESAGUADERO","SOYA, torta",140730,"GRANEL","BOLIVIA"
"301","2022",6,"PUESTO DE CONTROL TERRESTRE DESAGUADERO","SOYA, torta",58000,"GRANEL","BOLIVIA"
"302","2022",6,"PUESTO DE CONTROL TERRESTRE DESAGUADERO","SOYA, torta",84830,"GRANEL","BOLIVIA"
"303","2022",6,"PUESTO DE CONTROL TERRESTRE DESAGUADERO","SOYA, torta",58130,"GRANEL","BOLIVIA"
"304","2022",6,"PUESTO DE CONTROL TERRESTRE DESAGUADERO","SOYA, torta",84000,"GRANEL","BOLIVIA"
"305","2022",6,"PUESTO DE CONTROL TERRESTRE DESAGUADERO","SOYA, torta",28000,"GRANEL","BOLIVIA"
"306","2022",6,"PUESTO DE CONTROL TERRESTRE DESAGUADERO","SOYA, torta",141976,"SACO(S)","BOLIVIA"
"307","2022",6,"OFICINA PUESTO DE CONTROL AEREO -  PROV. CONST. DEL CALLAO","MADERA, desperdicios y desechos de madera con algún proceso de la CRF 2",1.35,"BOLSAS","ALEMANIA"
"308","2022",6,"OFICINA PUESTO DE CONTROL MARITIMO - PROV. CONST. DEL CALLAO","UVA (PASAS), secas industrialmente",25000,"CAJA(S)","ARGENTINA"
"309","2022",6,"OFICINA PUESTO DE CONTROL MARITIMO - PROV. CONST. DEL CALLAO","ALMENDRA, sin cáscara, secado industrial",19772.432,"CAJA(S)","EEUU"
"310","2022",6,"SANTA ROSA, TACNA","TRACTOR USADO, con motor de potencia superior a 33 kW pero inferior o igual a 75 kW",3400,"UNIDADES","CHILE"
"311","2022",6,"PUESTO DE CONTROL TERRESTRE DESAGUADERO","AZUCAR BLANCA O REFINADA (lectura polarimetrica mayor 99.5°)",56000,"SACO(S)","BOLIVIA"
"312","2022",6,"PUESTO DE CONTROL TERRESTRE DESAGUADERO","AZUCAR BLANCA O REFINADA (lectura polarimetrica mayor 99.5°)",56000,"SACO(S)","BOLIVIA"
"313","2022",6,"PUESTO DE CONTROL TERRESTRE DESAGUADERO","SOYA, harina",116000,"SACO(S)","BOLIVIA"
"314","2022",6,"OFICINA PUESTO DE CONTROL AEREO -  PROV. CONST. DEL CALLAO","ZANAHORIA, semilla",17.361,"LATAS","FRANCIA"
"315","2022",6,"OFICINA PUESTO DE CONTROL MARITIMO - PROV. CONST. DEL CALLAO","Las demás máquinas para limpieza de frutos o demás productos agrícolas usadas
",2370,"UNIDADES","MEXICO"
"316","2022",6,"OFICINA PUESTO DE CONTROL MARITIMO - PROV. CONST. DEL CALLAO","Las demás máquinas para limpieza de frutos o demás productos agrícolas usadas
",2540,"UNIDADES","MEXICO"
"317","2022",6,"OFICINA PUESTO DE CONTROL MARITIMO - PROV. CONST. DEL CALLAO","Las demás máquinas para limpieza de frutos o demás productos agrícolas usadas
",2310,"UNIDADES","MEXICO"
"318","2022",6,"OFICINA PUESTO DE CONTROL MARITIMO - PROV. CONST. DEL CALLAO","Las demás máquinas para limpieza de frutos o demás productos agrícolas usadas
",2360,"UNIDADES","MEXICO"
"319","2022",6,"OFICINA PUESTO DE CONTROL MARITIMO - PROV. CONST. DEL CALLAO","Las demás máquinas para limpieza de frutos o demás productos agrícolas usadas
",2570,"UNIDADES","MEXICO"
"320","2022",6,"OFICINA PUESTO DE CONTROL MARITIMO - PROV. CONST. DEL CALLAO","Las demás máquinas para limpieza de frutos o demás productos agrícolas usadas
",2260,"UNIDADES","MEXICO"
"321","2022",6,"OFICINA PUESTO DE CONTROL MARITIMO - PROV. CONST. DEL CALLAO","CEBOLLA CHINA, semilla",160,"LATAS","EEUU"
"322","2022",6,"OFICINA PUESTO DE CONTROL MARITIMO - PROV. CONST. DEL CALLAO","BROCOLI, semilla",160,"LATAS","EEUU"
"323","2022",6,"OFICINA PUESTO DE CONTROL MARITIMO - PROV. CONST. DEL CALLAO","LECHUGA, semilla",700,"LATAS","EEUU"
"324","2022",6,"OFICINA PUESTO DE CONTROL MARITIMO - PROV. CONST. DEL CALLAO","ESPARRAGO, semilla",45,"LATAS","EEUU"
"325","2022",6,"OFICINA PUESTO DE CONTROL MARITIMO - PROV. CONST. DEL CALLAO","PEREJIL, semilla",80,"LATAS","EEUU"
"326","2022",6,"OFICINA PUESTO DE CONTROL MARITIMO - PROV. CONST. DEL CALLAO","SANDIA, semilla",80,"LATAS","EEUU"
"327","2022",6,"SANTA ROSA, TACNA","MANZANA, fruto fresco",23520,"CAJA(S)","CHILE"
"328","2022",6,"SANTA ROSA, TACNA","MANZANA, fruto fresco",23520,"CAJA(S)","CHILE"
"329","2022",6,"OFICINA PUESTO DE CONTROL MARITIMO - PROV. CONST. DEL CALLAO","ALIMENTO PARA ANIMALES, materias vegetales, desperdicios, residuos, incluso en pellets",9000,"SACO(S)","CHILE"
"330","2022",6,"OFICINA PUESTO DE CONTROL AEREO -  PROV. CONST. DEL CALLAO","ACHIOTE, grano",0.43,"BOLSAS","GUATEMALA"
"331","2022",6,"PUESTO DE CONTROL TERRESTRE DESAGUADERO","AZUCAR BLANCA O REFINADA (lectura polarimetrica mayor 99.5°)",116000,"SACO(S)","BOLIVIA"
"332","2022",6,"PUESTO DE CONTROL TERRESTRE DESAGUADERO","AZUCAR BLANCA O REFINADA (lectura polarimetrica mayor 99.5°)",87000,"SACO(S)","BOLIVIA"
"333","2022",6,"OFICINA PUESTO DE CONTROL MARITIMO - PROV. CONST. DEL CALLAO","MAIZ, harina",84000,"PAQUETES","COLOMBIA"
"334","2022",6,"OFICINA PUESTO DE CONTROL MARITIMO - PROV. CONST. DEL CALLAO","TREBOL  ROJO, semilla",19958.064,"SACO(S)","EEUU"
"335","2022",6,"PUESTO DE CONTROL TERRESTRE DESAGUADERO","MANI, grano sin cáscara",29000,"SACO(S)","BOLIVIA"
"336","2022",6,"IÑAPARI, MADRE DE DIOS","MAIZ AMARILLO DURO, grano",48220,"GRANEL","BRASIL"
"337","2022",6,"PUESTO DE CONTROL TERRESTRE DESAGUADERO","GIRASOL, torta",27410,"GRANEL","BOLIVIA"
"338","2022",6,"PUESTO DE CONTROL TERRESTRE DESAGUADERO","SOYA, torta",87260,"GRANEL","BOLIVIA"
"339","2022",6,"PUESTO DE CONTROL TERRESTRE DESAGUADERO","SOYA, torta",85500,"GRANEL","BOLIVIA"
"340","2022",6,"PUESTO DE CONTROL TERRESTRE DESAGUADERO","SOYA, torta",30000,"GRANEL","BOLIVIA"
"341","2022",6,"PUESTO DE CONTROL TERRESTRE DESAGUADERO","SOYA, torta",83500,"GRANEL","BOLIVIA"
"342","2022",6,"PUESTO DE CONTROL TERRESTRE DESAGUADERO","SOYA, torta",28050,"GRANEL","BOLIVIA"
"343","2022",6,"PUESTO DE CONTROL TERRESTRE DESAGUADERO","SOYA, torta",84000,"GRANEL","BOLIVIA"
"344","2022",6,"PUESTO DE CONTROL TERRESTRE DESAGUADERO","SOYA, torta",87000,"GRANEL","BOLIVIA"
"345","2022",6,"PUESTO DE CONTROL TERRESTRE DESAGUADERO","SOYA, torta",54000,"GRANEL","BOLIVIA"
"346","2022",6,"PUESTO DE CONTROL TERRESTRE DESAGUADERO","SOYA, torta",56080,"GRANEL","BOLIVIA"
"347","2022",6,"PUESTO DE CONTROL TERRESTRE DESAGUADERO","SOYA, torta",58000,"GRANEL","BOLIVIA"
"348","2022",6,"PUESTO DE CONTROL TERRESTRE DESAGUADERO","SOYA, torta",112000,"GRANEL","BOLIVIA"
"349","2022",6,"PUESTO DE CONTROL TERRESTRE DESAGUADERO","SOYA, torta",57000,"GRANEL","BOLIVIA"
"350","2022",6,"PUESTO DE CONTROL TERRESTRE DESAGUADERO","SOYA, torta",28000,"GRANEL","BOLIVIA"
"351","2022",6,"PUESTO DE CONTROL TERRESTRE DESAGUADERO","SOYA, torta",55500,"GRANEL","BOLIVIA"
"352","2022",6,"PUESTO DE CONTROL TERRESTRE DESAGUADERO","SOYA, torta",142000,"GRANEL","BOLIVIA"
"353","2022",6,"PUESTO DE CONTROL TERRESTRE DESAGUADERO","SOYA, torta",55000,"GRANEL","BOLIVIA"
"354","2022",6,"PUESTO DE CONTROL TERRESTRE DESAGUADERO","SOYA, torta",28000,"GRANEL","BOLIVIA"
"355","2022",6,"PUESTO DE CONTROL TERRESTRE DESAGUADERO","SOYA, torta",55500,"GRANEL","BOLIVIA"
"356","2022",6,"PUESTO DE CONTROL TERRESTRE DESAGUADERO","SOYA, grano",52000,"GRANEL","BOLIVIA"
"357","2022",6,"PUESTO DE CONTROL TERRESTRE DESAGUADERO","SOYA, grano",80500,"GRANEL","BOLIVIA"
"358","2022",6,"PUESTO DE CONTROL TERRESTRE DESAGUADERO","SOYA, torta",111710,"GRANEL","BOLIVIA"
"359","2022",6,"OFICINA PUESTO DE CONTROL MARITIMO - PROV. CONST. DEL CALLAO","COCO, fibra (para sustrato)",44080,"BOLSAS","SRI LANKA"
"360","2022",6,"PUESTO DE CONTROL TERRESTRE DESAGUADERO","SOYA, torta",26500,"GRANEL","BOLIVIA"
"361","2022",6,"SANTA ROSA, TACNA","UVA (PASAS), secas industrialmente",20000,"CAJA(S)","CHILE"
"362","2022",6,"PUESTO DE CONTROL TERRESTRE DESAGUADERO","SOYA, harina",117000,"SACO(S)","BOLIVIA"
"363","2022",6,"OFICINA PUESTO DE CONTROL MARITIMO - PROV. CONST. DEL CALLAO","COCO, fibra (para sustrato)",39740,"PALETAS","INDIA"
"364","2022",6,"PUESTO DE CONTROL TERRESTRE DESAGUADERO","SOYA, harina",174930,"SACO(S)","BOLIVIA"
"365","2022",6,"OFICINA PUESTO DE CONTROL MARITIMO - PROV. CONST. DEL CALLAO","COCO, fibra (para sustrato)",43560,"PALETAS","INDIA"
"366","2022",6,"OFICINA PUESTO DE CONTROL MARITIMO - PROV. CONST. DEL CALLAO","MANZANA, fruto fresco",18620,"CAJA(S)","EEUU"
"367","2022",6,"PUESTO DE CONTROL TERRESTRE DESAGUADERO","SOYA, torta",112000,"GRANEL","BOLIVIA"
"368","2022",6,"PUESTO DE CONTROL TERRESTRE DESAGUADERO","SOYA, torta",28000,"GRANEL","BOLIVIA"
"369","2022",6,"PUESTO DE CONTROL TERRESTRE DESAGUADERO","SOYA, torta",112000,"GRANEL","BOLIVIA"
"370","2022",6,"PUESTO DE CONTROL TERRESTRE DESAGUADERO","SOYA, torta",86000,"GRANEL","BOLIVIA"
"371","2022",6,"PUESTO DE CONTROL TERRESTRE DESAGUADERO","SOYA, torta",112000,"GRANEL","BOLIVIA"
"372","2022",6,"PUESTO DE CONTROL TERRESTRE DESAGUADERO","SOYA, torta",84200,"GRANEL","BOLIVIA"
"373","2022",6,"PUESTO DE CONTROL TERRESTRE DESAGUADERO","SOYA, torta",112000,"GRANEL","BOLIVIA"
"374","2022",6,"PUESTO DE CONTROL TERRESTRE DESAGUADERO","SOYA, torta",82000,"GRANEL","BOLIVIA"
"375","2022",6,"PUESTO DE CONTROL TERRESTRE DESAGUADERO","SOYA, torta",140000,"GRANEL","BOLIVIA"
"376","2022",6,"PUESTO DE CONTROL TERRESTRE DESAGUADERO","SOYA, torta",112000,"GRANEL","BOLIVIA"
"377","2022",6,"PUESTO DE CONTROL TERRESTRE DESAGUADERO","SOYA, torta",86000,"GRANEL","BOLIVIA"
"378","2022",6,"PUESTO DE CONTROL TERRESTRE DESAGUADERO","SOYA, torta",84500,"GRANEL","BOLIVIA"
"379","2022",6,"PUESTO DE CONTROL TERRESTRE DESAGUADERO","SOYA, torta",50000,"GRANEL","BOLIVIA"
"380","2022",6,"PUESTO DE CONTROL TERRESTRE DESAGUADERO","SOYA, torta",50000,"GRANEL","BOLIVIA"
"381","2022",6,"PUESTO DE CONTROL TERRESTRE DESAGUADERO","SOYA, torta",114000,"GRANEL","BOLIVIA"
"382","2022",6,"PUESTO DE CONTROL TERRESTRE DESAGUADERO","SOYA, torta",56000,"GRANEL","BOLIVIA"
"383","2022",6,"PUESTO DE CONTROL TERRESTRE DESAGUADERO","SOYA, torta",112500,"GRANEL","BOLIVIA"
"384","2022",6,"PUESTO DE CONTROL TERRESTRE DESAGUADERO","SOYA, torta",27500,"GRANEL","BOLIVIA"
"385","2022",6,"IÑAPARI, MADRE DE DIOS","NUEZ DEL BRASIL, con cáscara seca al natural",28140,"SACO(S)","BRASIL"
"386","2022",6,"IÑAPARI, MADRE DE DIOS","NUEZ DEL BRASIL, con cáscara seca al natural",28140,"SACO(S)","BRASIL"
"387","2022",6,"SANTA ROSA, TACNA","MANZANA, fruto fresco",23520,"CAJA(S)","CHILE"
"388","2022",6,"SANTA ROSA, TACNA","MANZANA, fruto fresco",4900,"CAJA(S)","CHILE"
"389","2022",6,"SANTA ROSA, TACNA","KIWI, fruto fresco",4032,"CAJA(S)","CHILE"
"390","2022",6,"SANTA ROSA, TACNA","PERA, fruta fresca",15120,"CAJA(S)","CHILE"
"391","2022",6,"SANTA ROSA, TACNA","MANZANA, fruto fresco",22540,"CAJA(S)","CHILE"
"392","2022",6,"SANTA ROSA, TACNA","MANZANA, fruto fresco",23520,"CAJA(S)","CHILE"
"393","2022",6,"SANTA ROSA, TACNA","KIWI, fruto fresco",20160,"CAJA(S)","CHILE"
"394","2022",6,"SANTA ROSA, TACNA","KIWI, fruto fresco",6240,"CAJA(S)","CHILE"
"395","2022",6,"SANTA ROSA, TACNA","MANZANA, fruto fresco",16758,"CAJA(S)","CHILE"
"396","2022",6,"SANTA ROSA, TACNA","PERA, fruta fresca",4284,"CAJA(S)","CHILE"
"397","2022",6,"SANTA ROSA, TACNA","MANZANA, fruto fresco",17088,"CAJA(S)","CHILE"
"398","2022",6,"SANTA ROSA, TACNA","KIWI, fruto fresco",2080,"CAJA(S)","CHILE"
"399","2022",6,"PUESTO DE CONTROL TERRESTRE DESAGUADERO","SOYA, torta",83950,"GRANEL","BOLIVIA"
"400","2022",6,"PUESTO DE CONTROL TERRESTRE DESAGUADERO","SOYA, torta",111980,"GRANEL","BOLIVIA"
"401","2022",6,"SANTA ROSA, TACNA","PERA, fruta fresca",23040,"CAJA(S)","CHILE"
"402","2022",6,"PUESTO DE CONTROL TERRESTRE DESAGUADERO","GIRASOL, torta",111180,"GRANEL","BOLIVIA"
"403","2022",6,"PUESTO DE CONTROL TERRESTRE DESAGUADERO","SOYA, torta",28150,"GRANEL","BOLIVIA"
"404","2022",6,"PUESTO DE CONTROL TERRESTRE DESAGUADERO","SOYA, torta",55150,"GRANEL","BOLIVIA"
"405","2022",6,"PUESTO DE CONTROL TERRESTRE DESAGUADERO","SOYA, torta",165560,"GRANEL","BOLIVIA"
"406","2022",6,"PUESTO DE CONTROL TERRESTRE DESAGUADERO","SOYA, torta",57000,"GRANEL","BOLIVIA"
"407","2022",6,"PUESTO DE CONTROL TERRESTRE DESAGUADERO","SOYA, torta",28000,"GRANEL","BOLIVIA"
"408","2022",6,"PUESTO DE CONTROL TERRESTRE DESAGUADERO","SOYA, torta",84230,"GRANEL","BOLIVIA"
"409","2022",6,"PUESTO DE CONTROL TERRESTRE DESAGUADERO","SOYA, torta",28500,"GRANEL","BOLIVIA"
"410","2022",6,"PUESTO DE CONTROL TERRESTRE DESAGUADERO","SOYA, torta",26896,"SACO(S)","BOLIVIA"
"411","2022",6,"PUESTO DE CONTROL TERRESTRE DESAGUADERO","SOYA, harina",28464,"SACO(S)","BOLIVIA"
"412","2022",6,"PUESTO DE CONTROL TERRESTRE DESAGUADERO","SOYA, harina",87000,"SACO(S)","BOLIVIA"
"413","2022",6,"PUESTO DE CONTROL TERRESTRE DESAGUADERO","SOYA, torta",112000,"SACO(S)","BOLIVIA"
"414","2022",6,"PUESTO DE CONTROL TERRESTRE DESAGUADERO","SOYA, torta",172000,"SACO(S)","BOLIVIA"
"415","2022",6,"OFICINA PUESTO DE CONTROL MARITIMO - PROV. CONST. DEL CALLAO","TRIGO, gluten",37000,"BOLSAS","HOLANDA"
"416","2022",6,"PUESTO DE CONTROL TERRESTRE DESAGUADERO","SOYA, torta",145000,"SACO(S)","BOLIVIA"
"417","2022",6,"OFICINA PUESTO DE CONTROL AEREO -  PROV. CONST. DEL CALLAO","MAIZ, semilla",10,"BOLSAS","BRASIL"
"418","2022",6,"PUESTO DE CONTROL TERRESTRE DESAGUADERO","SOYA, torta",112000,"GRANEL","BOLIVIA"
"419","2022",6,"PUESTO DE CONTROL TERRESTRE DESAGUADERO","SOYA, grano",30000,"SACO(S)","BOLIVIA"
"420","2022",6,"OFICINA PUESTO DE CONTROL MARITIMO - PROV. CONST. DEL CALLAO","MADERA, en bruto de coníferas tratada agentes de conservación
",115551,"UNIDADES","CHILE"
"421","2022",6,"SANTA ROSA, TACNA","MANZANA, fruto fresco",8673,"CAJA(S)","CHILE"
"422","2022",6,"SANTA ROSA, TACNA","KIWI, fruto fresco",12600,"CAJA(S)","CHILE"
"423","2022",6,"OFICINA PUESTO DE CONTROL MARITIMO - PROV. CONST. DEL CALLAO","ALGODON, fibra sin cardar ni peinar (>34.92 mm)",91400,"FARDOS","EEUU"
"424","2022",6,"OFICINA PUESTO DE CONTROL MARITIMO - PROV. CONST. DEL CALLAO","AZUCAR CRUDA, sólido",150000,"SACO(S)","GUATEMALA"
"425","2022",6,"OFICINA PUESTO DE CONTROL MARITIMO - PROV. CONST. DEL CALLAO","COCO, fibra (para sustrato)",62750,"PALETAS","INDIA"
"426","2022",6,"OFICINA PUESTO DE CONTROL MARITIMO - PROV. CONST. DEL CALLAO","TRACTOR USADO, con motor de potencia superior a 130KW",35174.35,"UNIDADES","EEUU"
"427","2022",6,"PUESTO DE CONTROL TERRESTRE DESAGUADERO","SOYA, torta",114000,"SACO(S)","BOLIVIA"
"428","2022",6,"PUESTO DE CONTROL TERRESTRE DESAGUADERO","SOYA, torta",112500,"SACO(S)","BOLIVIA"
"429","2022",6,"PUESTO DE CONTROL TERRESTRE DESAGUADERO","SOYA, torta",87000,"SACO(S)","BOLIVIA"
"430","2022",6,"OFICINA PUESTO DE CONTROL AEREO -  PROV. CONST. DEL CALLAO","SANDIA, semilla",3.193,"SACHETS","EEUU"
"431","2022",6,"OFICINA PUESTO DE CONTROL AEREO -  PROV. CONST. DEL CALLAO","CALABAZA VINATERA, semilla",17.798,"SACHETS","HOLANDA"
"432","2022",6,"OFICINA PUESTO DE CONTROL MARITIMO - PROV. CONST. DEL CALLAO","ZANAHORIA, semilla",2401.2,"SACHETS","JAPON"
"433","2022",6,"OFICINA PUESTO DE CONTROL MARITIMO - PROV. CONST. DEL CALLAO","TURBA",100375,"FARDOS","LETONIA"
"434","2022",6,"IÑAPARI, MADRE DE DIOS","MAIZ AMARILLO DURO, grano",94000,"SACO(S)","BRASIL"
"435","2022",6,"IÑAPARI, MADRE DE DIOS","MAIZ AMARILLO DURO, grano",64000,"SACO(S)","BRASIL"
"436","2022",6,"IÑAPARI, MADRE DE DIOS","MAIZ AMARILLO DURO, grano",64000,"SACO(S)","BRASIL"
"437","2022",6,"PUESTO DE CONTROL TERRESTRE DESAGUADERO","SOYA, torta",28000,"GRANEL","BOLIVIA"
"438","2022",6,"SANTA ROSA, TACNA","MANZANA, fruto fresco",21991.2,"CAJA(S)","CHILE"
"439","2022",6,"PUESTO DE CONTROL TERRESTRE DESAGUADERO","AZUCAR BLANCA O REFINADA (lectura polarimetrica mayor 99.5°)",145000,"SACO(S)","BOLIVIA"
"440","2022",6,"OFICINA PUESTO DE CONTROL MARITIMO - PROV. CONST. DEL CALLAO","LENTEJA, grano",70761,"SACO(S)","EEUU"
"441","2022",6,"PUESTO DE CONTROL TERRESTRE DESAGUADERO","AZUCAR BLANCA O REFINADA (lectura polarimetrica mayor 99.5°)",142000,"SACO(S)","BOLIVIA"
"442","2022",6,"OFICINA PUESTO DE CONTROL MARITIMO - PROV. CONST. DEL CALLAO","HIGO, seco industrial",2010,"CAJA(S)","TURQUIA"
"443","2022",6,"OFICINA PUESTO DE CONTROL MARITIMO - PROV. CONST. DEL CALLAO","ALBARICOQUE (=DAMASCO), seco industrial",40000,"CAJA(S)","TURQUIA"
"444","2022",6,"PUESTO DE CONTROL TERRESTRE DESAGUADERO","AZUCAR BLANCA O REFINADA (lectura polarimetrica mayor 99.5°)",168000,"SACO(S)","BOLIVIA"
"445","2022",6,"OFICINA PUESTO DE CONTROL MARITIMO - PROV. CONST. DEL CALLAO","ARVEJA, grano partido",23950,"SACO(S)","EEUU"
"446","2022",6,"PUESTO DE CONTROL TERRESTRE DESAGUADERO","AZUCAR BLANCA O REFINADA (lectura polarimetrica mayor 99.5°)",114000,"SACO(S)","BOLIVIA"
"447","2022",6,"OFICINA PUESTO DE CONTROL MARITIMO - PROV. CONST. DEL CALLAO","TURBA",50220,"FARDOS","LETONIA"
"448","2022",6,"PUESTO DE CONTROL TERRESTRE DESAGUADERO","SOYA, torta",116000,"SACO(S)","BOLIVIA"
"449","2022",6,"SANTA ROSA, TACNA","PERA, fruta fresca",23184,"CAJA(S)","CHILE"
"450","2022",6,"PUERTO DE PAITA , PIURA","TURBA",39426.4,"BIG BAG","LETONIA"
"451","2022",6,"PUERTO DE PAITA , PIURA","TURBA",57696.6,"BIG BAG","LETONIA"
"452","2022",6,"PUERTO DE PAITA , PIURA","TURBA",57791.6,"BIG BAG","LETONIA"
"453","2022",6,"OFICINA PUESTO DE CONTROL AEREO -  PROV. CONST. DEL CALLAO","SANDIA, semilla",1.205,"SACHETS","HOLANDA"
"454","2022",6,"OFICINA PUESTO DE CONTROL MARITIMO - PROV. CONST. DEL CALLAO","COCO, fibra (para sustrato)",114450,"PALETAS","INDIA"
"455","2022",6,"OFICINA PUESTO DE CONTROL MARITIMO - PROV. CONST. DEL CALLAO","COCO, fibra (para sustrato)",118000,"PALETAS","INDIA"
"456","2022",6,"OFICINA PUESTO DE CONTROL MARITIMO - PROV. CONST. DEL CALLAO","COCO, fibra (para sustrato)",117000,"PALETAS","INDIA"
"457","2022",6,"OFICINA PUESTO DE CONTROL MARITIMO - PROV. CONST. DEL CALLAO","COCO, fibra (para sustrato)",117000,"PALETAS","INDIA"
"458","2022",6,"OFICINA PUESTO DE CONTROL MARITIMO - PROV. CONST. DEL CALLAO","COCO, fibra (para sustrato)",117000,"PALETAS","INDIA"
"459","2022",6,"OFICINA PUESTO DE CONTROL MARITIMO - PROV. CONST. DEL CALLAO","COCO, fibra (para sustrato)",117000,"PALETAS","INDIA"
"460","2022",6,"SANTA ROSA, TACNA","KIWI, fruto fresco",21504,"CAJA(S)","CHILE"
"461","2022",6,"SANTA ROSA, TACNA","KIWI, fruto fresco",20160,"CAJA(S)","CHILE"
"462","2022",6,"SANTA ROSA, TACNA","MANZANA, fruto fresco",23520,"CAJA(S)","CHILE"
"463","2022",6,"SANTA ROSA, TACNA","PERA, fruta fresca",23040,"CAJA(S)","CHILE"
"464","2022",6,"OFICINA PUESTO DE CONTROL AEREO -  PROV. CONST. DEL CALLAO","TOMATE, semilla",0.01,"SACHETS","HOLANDA"
"465","2022",6,"PUESTO DE CONTROL TERRESTRE DESAGUADERO","AZUCAR BLANCA O REFINADA (lectura polarimetrica mayor 99.5°)",56000,"SACO(S)","BOLIVIA"
"466","2022",6,"PUESTO DE CONTROL TERRESTRE DESAGUADERO","AZUCAR BLANCA O REFINADA (lectura polarimetrica mayor 99.5°)",56000,"SACO(S)","BOLIVIA"
"467","2022",6,"PUESTO DE CONTROL TERRESTRE DESAGUADERO","SOYA, torta",1e+05,"SACO(S)","BOLIVIA"
"468","2022",6,"PUESTO DE CONTROL TERRESTRE DESAGUADERO","AZUCAR BLANCA O REFINADA (lectura polarimetrica mayor 99.5°)",145000,"SACO(S)","BOLIVIA"
"469","2022",6,"PUESTO DE CONTROL TERRESTRE DESAGUADERO","CHIA, grano",14000,"SACO(S)","BOLIVIA"
"470","2022",6,"PUESTO DE CONTROL TERRESTRE DESAGUADERO","MANI, grano sin cáscara",58000,"SACO(S)","BOLIVIA"
"471","2022",6,"OFICINA PUESTO DE CONTROL AEREO -  PROV. CONST. DEL CALLAO","MAIZ, semilla",75,"BOLSAS","MEXICO"
"472","2022",6,"PUESTO DE CONTROL TERRESTRE DESAGUADERO","SOYA, torta",115000,"SACO(S)","BOLIVIA"
"473","2022",6,"PUESTO DE CONTROL TERRESTRE DESAGUADERO","SOYA, torta",114000,"SACO(S)","BOLIVIA"
"474","2022",6,"PUESTO DE CONTROL TERRESTRE DESAGUADERO","SOYA, torta",115000,"SACO(S)","BOLIVIA"
"475","2022",6,"PUESTO DE CONTROL TERRESTRE DESAGUADERO","SOYA, torta",115500,"SACO(S)","BOLIVIA"
"476","2022",6,"PUESTO DE CONTROL TERRESTRE DESAGUADERO","SOYA, torta",142000,"SACO(S)","BOLIVIA"
"477","2022",6,"PUESTO DE CONTROL- CEBAF","PIMIENTA, grano seco al natural",5000,"SACO(S)","ECUADOR"
"478","2022",6,"PUESTO DE CONTROL TERRESTRE DESAGUADERO","SOYA, grano",55000,"GRANEL","BOLIVIA"
"479","2022",6,"PUESTO DE CONTROL TERRESTRE DESAGUADERO","SOYA, grano",56000,"GRANEL","BOLIVIA"
"480","2022",6,"PUESTO DE CONTROL TERRESTRE DESAGUADERO","SOYA, grano",84000,"GRANEL","BOLIVIA"
"481","2022",6,"PUESTO DE CONTROL TERRESTRE DESAGUADERO","SOYA, grano",56000,"GRANEL","BOLIVIA"
"482","2022",6,"PUESTO DE CONTROL TERRESTRE DESAGUADERO","SOYA, torta",114500,"SACO(S)","BOLIVIA"
"483","2022",6,"PUESTO DE CONTROL TERRESTRE DESAGUADERO","SOYA, grano",49980,"GRANEL","BOLIVIA"
"484","2022",6,"PUESTO DE CONTROL TERRESTRE DESAGUADERO","SOYA, grano",28500,"GRANEL","BOLIVIA"
"485","2022",6,"PUESTO DE CONTROL TERRESTRE DESAGUADERO","SOYA, grano",83500,"GRANEL","BOLIVIA"
"486","2022",6,"PUESTO DE CONTROL TERRESTRE DESAGUADERO","SOYA, grano",56000,"GRANEL","BOLIVIA"
"487","2022",6,"PUESTO DE CONTROL TERRESTRE DESAGUADERO","GIRASOL, torta",116000,"SACO(S)","BOLIVIA"
"488","2022",6,"PUESTO DE CONTROL TERRESTRE DESAGUADERO","SOYA, torta",116000,"SACO(S)","BOLIVIA"
"489","2022",6,"PUESTO DE CONTROL TERRESTRE DESAGUADERO","GIRASOL, torta",20340,"GRANEL","BOLIVIA"
"490","2022",6,"PUESTO DE CONTROL TERRESTRE DESAGUADERO","SOYA, torta",28000,"GRANEL","BOLIVIA"
"491","2022",6,"OFICINA PUESTO DE CONTROL MARITIMO - PROV. CONST. DEL CALLAO","ANIS O BADIANA, grano",25000,"SACO(S)","ESPAÑA"
"492","2022",6,"PUESTO DE CONTROL TERRESTRE DESAGUADERO","SOYA, torta",57000,"GRANEL","BOLIVIA"
"493","2022",6,"PUESTO DE CONTROL TERRESTRE DESAGUADERO","SOYA, torta",83430,"GRANEL","BOLIVIA"
"494","2022",6,"PUESTO DE CONTROL TERRESTRE DESAGUADERO","SOYA, torta",115000,"GRANEL","BOLIVIA"
"495","2022",6,"PUESTO DE CONTROL TERRESTRE DESAGUADERO","SOYA, torta",57000,"GRANEL","BOLIVIA"
"496","2022",6,"OFICINA PUESTO DE CONTROL AEREO -  PROV. CONST. DEL CALLAO","SANDIA, semilla",80.419,"SOBRES ALUMINIZADOS","CHILE"
"497","2022",6,"PUESTO DE CONTROL TERRESTRE DESAGUADERO","SOYA, torta",85980,"GRANEL","BOLIVIA"
"498","2022",6,"OFICINA PUESTO DE CONTROL AEREO -  PROV. CONST. DEL CALLAO","CORCHO, tapones",65.7,"CAJA(S)","CHILE"
"499","2022",6,"IÑAPARI, MADRE DE DIOS","AZUCAR DE CAÑA, solido en bruto",178000,"SACO(S)","BRASIL"
"500","2022",6,"PUESTO DE CONTROL TERRESTRE DESAGUADERO","SOYA, torta",114000,"SACO(S)","BOLIVIA"
"501","2022",6,"PUESTO DE CONTROL TERRESTRE DESAGUADERO","SOYA, torta",29000,"GRANEL","BOLIVIA"
"502","2022",6,"PUESTO DE CONTROL TERRESTRE DESAGUADERO","SOYA, torta",113000,"GRANEL","BOLIVIA"
"503","2022",6,"PUESTO DE CONTROL TERRESTRE DESAGUADERO","SOYA, torta",112000,"GRANEL","BOLIVIA"
"504","2022",6,"PUESTO DE CONTROL TERRESTRE DESAGUADERO","SOYA, harina",27824,"SACO(S)","BOLIVIA"
"505","2022",6,"PUESTO DE CONTROL TERRESTRE DESAGUADERO","SOYA, torta",82600,"GRANEL","BOLIVIA"
"506","2022",6,"PUESTO DE CONTROL TERRESTRE DESAGUADERO","SOYA, torta",84500,"GRANEL","BOLIVIA"
"507","2022",6,"OFICINA PUESTO DE CONTROL MARITIMO - PROV. CONST. DEL CALLAO","YUCA (=MANDIOCA), fécula",18000,"SACO(S)","TAILANDIA"
"508","2022",6,"OFICINA PUESTO DE CONTROL MARITIMO - PROV. CONST. DEL CALLAO","ARROZ, parbolizado pulido o sin cáscara",130000,"SACO(S)","BRASIL"
"509","2022",6,"OFICINA PUESTO DE CONTROL MARITIMO - PROV. CONST. DEL CALLAO","KIWI, fruto fresco",4800,"CAJA(S)","CHILE"
"510","2022",6,"OFICINA PUESTO DE CONTROL MARITIMO - PROV. CONST. DEL CALLAO","MANZANA, fruto fresco",14896,"CAJA(S)","CHILE"
"511","2022",6,"PUESTO DE CONTROL TERRESTRE DESAGUADERO","SOYA, torta",50280,"GRANEL","BOLIVIA"
"512","2022",6,"OFICINA PUESTO DE CONTROL MARITIMO - PROV. CONST. DEL CALLAO","YUCA (=MANDIOCA), fécula",48000,"BOLSAS","NICARAGUA"
"513","2022",6,"PUESTO DE CONTROL TERRESTRE DESAGUADERO","AZUCAR BLANCA O REFINADA (lectura polarimetrica mayor 99.5°)",84000,"SACO(S)","BOLIVIA"
"514","2022",6,"OFICINA PUESTO DE CONTROL MARITIMO - PROV. CONST. DEL CALLAO","ARROZ, parbolizado pulido o sin cáscara",129975,"SACO(S)","BRASIL"
"515","2022",6,"OFICINA PUESTO DE CONTROL MARITIMO - PROV. CONST. DEL CALLAO","ARROZ, parbolizado pulido o sin cáscara",156000,"SACO(S)","BRASIL"
"516","2022",6,"OFICINA PUESTO DE CONTROL MARITIMO - PROV. CONST. DEL CALLAO","ARROZ, grano pilado",250000,"SACO(S)","URUGUAY"
"517","2022",6,"OFICINA PUESTO DE CONTROL MARITIMO - PROV. CONST. DEL CALLAO","ARROZ, grano pilado",250000,"SACO(S)","URUGUAY"
"518","2022",6,"OFICINA PUESTO DE CONTROL MARITIMO - PROV. CONST. DEL CALLAO","ARVEJA, grano partido",69399,"SACO(S)","EEUU"
"519","2022",6,"OFICINA PUESTO DE CONTROL MARITIMO - PROV. CONST. DEL CALLAO","CAUCHO, hojas ahumadas",19880,"PACAS","VIETNAM"
"520","2022",6,"OFICINA PUESTO DE CONTROL MARITIMO - PROV. CONST. DEL CALLAO","AVENA, grano aplastado o en copos (hojuelas)",19284,"CAJA(S)","ALEMANIA"
"521","2022",6,"PUESTO DE CONTROL TERRESTRE DESAGUADERO","SOYA, torta",114500,"SACO(S)","BOLIVIA"
"522","2022",6,"PUESTO DE CONTROL TERRESTRE DESAGUADERO","SOYA, torta",114500,"SACO(S)","BOLIVIA"
"523","2022",6,"PUESTO DE CONTROL TERRESTRE DESAGUADERO","SOYA, torta",114500,"SACO(S)","BOLIVIA"
"524","2022",6,"PUESTO DE CONTROL TERRESTRE DESAGUADERO","SOYA, torta",114000,"SACO(S)","BOLIVIA"
"525","2022",6,"PUESTO DE CONTROL TERRESTRE DESAGUADERO","SOYA, torta",114000,"SACO(S)","BOLIVIA"
"526","2022",6,"PUESTO DE CONTROL TERRESTRE DESAGUADERO","SOYA, torta",55300,"GRANEL","BOLIVIA"
"527","2022",6,"PUESTO DE CONTROL TERRESTRE DESAGUADERO","SOYA, torta",55500,"GRANEL","BOLIVIA"
"528","2022",6,"PUESTO DE CONTROL TERRESTRE DESAGUADERO","SOYA, torta",119000,"GRANEL","BOLIVIA"
"529","2022",6,"PUESTO DE CONTROL TERRESTRE DESAGUADERO","SOYA, torta",174000,"SACO(S)","BOLIVIA"
"530","2022",6,"PUESTO DE CONTROL TERRESTRE DESAGUADERO","MANI, grano sin cáscara",26000,"SACO(S)","BOLIVIA"
"531","2022",6,"PUESTO DE CONTROL TERRESTRE DESAGUADERO","SOYA, torta",84200,"GRANEL","BOLIVIA"
"532","2022",6,"PUESTO DE CONTROL TERRESTRE DESAGUADERO","SOYA, torta",84700,"GRANEL","BOLIVIA"
"533","2022",6,"PUESTO DE CONTROL TERRESTRE DESAGUADERO","SOYA, torta",28000,"GRANEL","BOLIVIA"
"534","2022",6,"PUESTO DE CONTROL TERRESTRE DESAGUADERO","SOYA, torta",56000,"GRANEL","BOLIVIA"
"535","2022",6,"PUESTO DE CONTROL TERRESTRE DESAGUADERO","SOYA, torta",84000,"GRANEL","BOLIVIA"
"536","2022",6,"OFICINA PUESTO DE CONTROL MARITIMO - PROV. CONST. DEL CALLAO","PERA, fruta fresca",22680,"CAJA(S)","ARGENTINA"
"537","2022",6,"OFICINA PUESTO DE CONTROL MARITIMO - PROV. CONST. DEL CALLAO","PERA, fruta fresca",23940,"CAJA(S)","ARGENTINA"
"538","2022",6,"OFICINA PUESTO DE CONTROL MARITIMO - PROV. CONST. DEL CALLAO","ALGODON, fibra sin cardar ni peinar (>28.57 mm = o <34.92 mm)",19480,"FARDOS","EEUU"
"539","2022",6,"OFICINA PUESTO DE CONTROL MARITIMO - PROV. CONST. DEL CALLAO","ALGODON, fibra sin cardar ni peinar (>28.57 mm = o <34.92 mm)",97750,"FARDOS","EEUU"
"540","2022",6,"OFICINA PUESTO DE CONTROL AEREO -  PROV. CONST. DEL CALLAO","GIRASOL, semilla",9,"SOBRES","FRANCIA"
"541","2022",6,"PUERTO DE PISCO , ICA","MAIZ, almidon",3e+05,"BIG BAG","CHINA"
"542","2022",6,"PUERTO DE PISCO , ICA","MAIZ, almidon",3e+05,"BIG BAG","CHINA"
"543","2022",6,"PUERTO DE PISCO , ICA","MAIZ, almidon",3e+05,"BIG BAG","CHINA"
"544","2022",6,"OFICINA PUESTO DE CONTROL MARITIMO - PROV. CONST. DEL CALLAO","CAUCHO, técnicamente especificado (TSNR)",20160,"PIEZAS","INDONESIA"
"545","2022",6,"OFICINA PUESTO DE CONTROL MARITIMO - PROV. CONST. DEL CALLAO","CAUCHO, técnicamente especificado (TSNR)",20160,"PIEZAS","INDONESIA"
"546","2022",6,"OFICINA PUESTO DE CONTROL MARITIMO - PROV. CONST. DEL CALLAO","ARROZ, grano pilado",50000,"SACO(S)","URUGUAY"
"547","2022",6,"OFICINA PUESTO DE CONTROL MARITIMO - PROV. CONST. DEL CALLAO","ARROZ, grano pilado",75000,"SACO(S)","URUGUAY"
"548","2022",6,"OFICINA PUESTO DE CONTROL MARITIMO - PROV. CONST. DEL CALLAO","ARROZ, grano pilado",175000,"SACO(S)","URUGUAY"
"549","2022",6,"OFICINA PUESTO DE CONTROL MARITIMO - PROV. CONST. DEL CALLAO","ARROZ, grano pilado",125000,"SACO(S)","URUGUAY"
"550","2022",6,"OFICINA PUESTO DE CONTROL MARITIMO - PROV. CONST. DEL CALLAO","ARROZ, grano pilado",2e+05,"SACO(S)","URUGUAY"
"551","2022",6,"OFICINA PUESTO DE CONTROL MARITIMO - PROV. CONST. DEL CALLAO","ARROZ, grano pilado",1e+05,"SACO(S)","URUGUAY"
"552","2022",6,"PUERTO DE PAITA , PIURA","TURBA",149860,"BIG BAG","LETONIA"
"553","2022",6,"OFICINA PUESTO DE CONTROL AEREO -  PROV. CONST. DEL CALLAO","PALMA ACEITERA, semilla germinada",96,"CAJA(S)","BENIN"
"554","2022",6,"OFICINA PUESTO DE CONTROL AEREO -  PROV. CONST. DEL CALLAO","PALMA ACEITERA, semilla germinada",182.4,"CAJA(S)","BENIN"
"555","2022",6,"OFICINA PUESTO DE CONTROL MARITIMO - PROV. CONST. DEL CALLAO","BAMBU, trenzas y artículos similares, de materia trenzable, incluso ensamblados en tiras, materia trenzable, trenzas y artículos similares de materia trenzable, tejidos o paralelizados, en forma plana, con algún proceso de la CRF 2",3439.214,"UNIDADES","CHINA"
"556","2022",6,"OFICINA PUESTO DE CONTROL MARITIMO - PROV. CONST. DEL CALLAO","MAIZ AMARILLO DURO, grano",39947620,"GRANEL","ARGENTINA"
"557","2022",6,"PUESTO DE CONTROL TERRESTRE DESAGUADERO","SOYA, torta",114000,"SACO(S)","BOLIVIA"
"558","2022",6,"PUESTO DE CONTROL TERRESTRE DESAGUADERO","SOYA, harina",149000,"SACO(S)","BOLIVIA"
"559","2022",6,"PUERTO DE PAITA , PIURA","PAPA, fécula",84000,"SACO(S)","POLONIA"
"560","2022",6,"PUESTO DE CONTROL TERRESTRE DESAGUADERO","SOYA, grano",27000,"GRANEL","BOLIVIA"
"561","2022",6,"PUESTO DE CONTROL TERRESTRE DESAGUADERO","SOYA, grano",52000,"GRANEL","BOLIVIA"
"562","2022",6,"PUESTO DE CONTROL TERRESTRE DESAGUADERO","SOYA, grano",54000,"GRANEL","BOLIVIA"
"563","2022",6,"PUESTO DE CONTROL TERRESTRE DESAGUADERO","SOYA, grano",28000,"GRANEL","BOLIVIA"
"564","2022",6,"OFICINA PUESTO DE CONTROL MARITIMO - PROV. CONST. DEL CALLAO","UVA (PASAS), secas naturalmente",63000,"CAJA(S)","TURQUIA"
"565","2022",6,"PUESTO DE CONTROL TERRESTRE DESAGUADERO","GIRASOL, torta",56180,"GRANEL","BOLIVIA"
"566","2022",6,"PUESTO DE CONTROL TERRESTRE DESAGUADERO","GIRASOL, torta",51430,"GRANEL","BOLIVIA"
"567","2022",6,"PUESTO DE CONTROL TERRESTRE DESAGUADERO","SOYA, torta",140000,"GRANEL","BOLIVIA"
"568","2022",6,"PUESTO DE CONTROL TERRESTRE DESAGUADERO","SOYA, torta",76000,"GRANEL","BOLIVIA"
"569","2022",6,"OFICINA PUESTO DE CONTROL MARITIMO - PROV. CONST. DEL CALLAO","ARROZ, grano pilado",250000,"GRANEL","URUGUAY"
"570","2022",6,"OFICINA PUESTO DE CONTROL AEREO -  PROV. CONST. DEL CALLAO","AJI HABANERO, escamas",30,"CAJA(S)","ECUADOR"
"571","2022",6,"OFICINA PUESTO DE CONTROL MARITIMO - PROV. CONST. DEL CALLAO","PERA, fruta fresca",22680,"CAJA(S)","ARGENTINA"
"572","2022",6,"OFICINA PUESTO DE CONTROL MARITIMO - PROV. CONST. DEL CALLAO","PERA, fruta fresca",22680,"CAJA(S)","ARGENTINA"
"573","2022",6,"OFICINA PUESTO DE CONTROL MARITIMO - PROV. CONST. DEL CALLAO","PERA, fruta fresca",22680,"CAJA(S)","ARGENTINA"
"574","2022",6,"OFICINA PUESTO DE CONTROL MARITIMO - PROV. CONST. DEL CALLAO","PERA, fruta fresca",22680,"CAJA(S)","ARGENTINA"
"575","2022",6,"OFICINA PUESTO DE CONTROL MARITIMO - PROV. CONST. DEL CALLAO","PERA, fruta fresca",23814,"CAJA(S)","ARGENTINA"
"576","2022",6,"OFICINA PUESTO DE CONTROL MARITIMO - PROV. CONST. DEL CALLAO","PERA, fruta fresca",22680,"CAJA(S)","ARGENTINA"
"577","2022",6,"OFICINA PUESTO DE CONTROL MARITIMO - PROV. CONST. DEL CALLAO","PERA, fruta fresca",23814,"CAJA(S)","ARGENTINA"
"578","2022",6,"PUESTO DE CONTROL TERRESTRE DESAGUADERO","SOYA, torta",56000,"GRANEL","BOLIVIA"
"579","2022",6,"PUESTO DE CONTROL TERRESTRE DESAGUADERO","SOYA, torta",112500,"GRANEL","BOLIVIA"
"580","2022",6,"PUESTO DE CONTROL TERRESTRE DESAGUADERO","SOYA, torta",87000,"GRANEL","BOLIVIA"
"581","2022",6,"SANTA ROSA, TACNA","MANZANA, fruto fresco",22491,"CAJA(S)","CHILE"
"582","2022",6,"PUESTO DE CONTROL TERRESTRE DESAGUADERO","SOYA, torta",56000,"GRANEL","BOLIVIA"
"583","2022",6,"PUESTO DE CONTROL TERRESTRE DESAGUADERO","SOYA, torta",27000,"GRANEL","BOLIVIA"
"584","2022",6,"PUESTO DE CONTROL TERRESTRE DESAGUADERO","SOYA, torta",83000,"GRANEL","BOLIVIA"
"585","2022",6,"PUESTO DE CONTROL TERRESTRE DESAGUADERO","AZUCAR BLANCA O REFINADA (lectura polarimetrica mayor 99.5°)",145000,"SACO(S)","BOLIVIA"
"586","2022",6,"OFICINA PUESTO DE CONTROL MARITIMO - PROV. CONST. DEL CALLAO","PERA, fruta fresca",22680,"CAJA(S)","ARGENTINA"
"587","2022",6,"PUESTO DE CONTROL TERRESTRE DESAGUADERO","AZUCAR BLANCA O REFINADA (lectura polarimetrica mayor 99.5°)",114000,"SACO(S)","BOLIVIA"
"588","2022",6,"OFICINA PUESTO DE CONTROL MARITIMO - PROV. CONST. DEL CALLAO","MAIZ, harina",84000,"PACAS","COLOMBIA"
"589","2022",6,"PUERTO DE PAITA , PIURA","TRIGO, grano",9005640,"GRANEL","EEUU"
"590","2022",6,"PUESTO DE CONTROL TERRESTRE DESAGUADERO","MANI, grano sin cáscara",116000,"SACO(S)","BOLIVIA"
"591","2022",6,"OFICINA PUESTO DE CONTROL MARITIMO - PROV. CONST. DEL CALLAO","MAIZ, semilla",3447,"BOLSAS","BOLIVIA"
"592","2022",6,"OFICINA PUESTO DE CONTROL AEREO -  PROV. CONST. DEL CALLAO","CEBOLLA, triturada o pulverizada",1,"BOLSAS","INDIA"
"593","2022",6,"OFICINA PUESTO DE CONTROL MARITIMO - PROV. CONST. DEL CALLAO","TRIGO, gluten",28500,"BOLSAS","CHINA"
"594","2022",6,"PUESTO DE CONTROL TERRESTRE DESAGUADERO","FREJOL, grano",30000,"SACO(S)","BOLIVIA"
"595","2022",6,"OFICINA PUESTO DE CONTROL AEREO -  PROV. CONST. DEL CALLAO","ARVEJA, semilla",1021,"SACO(S)","EEUU"
"596","2022",6,"PUESTO DE CONTROL TERRESTRE DESAGUADERO","SOYA, grano",89970,"SACO(S)","BOLIVIA"
"597","2022",6,"PUESTO DE CONTROL TERRESTRE DESAGUADERO","SOYA, torta",176500,"SACO(S)","BOLIVIA"
"598","2022",6,"PUESTO DE CONTROL TERRESTRE DESAGUADERO","SOYA, torta",175000,"SACO(S)","BOLIVIA"
"599","2022",6,"PUESTO DE CONTROL TERRESTRE DESAGUADERO","SOYA, torta",176500,"SACO(S)","BOLIVIA"
"600","2022",6,"SANTA ROSA, TACNA","MANZANA, fruto fresco",23128,"CAJA(S)","CHILE"
"601","2022",6,"SANTA ROSA, TACNA","SALVADOS, moyuelos y demas residuos del cernido, de la molienda o de otros tratamientos del trigo",56000,"SACO(S)","CHILE"
"602","2022",6,"PUESTO DE CONTROL TERRESTRE DESAGUADERO","SOYA, torta",116000,"SACO(S)","BOLIVIA"
"603","2022",6,"OFICINA PUESTO DE CONTROL MARITIMO - PROV. CONST. DEL CALLAO","ALGODON, fibra sin cardar ni peinar (>28.57 mm = o <34.92 mm)",20000,"FARDOS","EEUU"
"604","2022",6,"SANTA ROSA, TACNA","MANZANA, fruto fresco",21840,"CAJA(S)","CHILE"
"605","2022",6,"OFICINA PUESTO DE CONTROL MARITIMO - PROV. CONST. DEL CALLAO","AZUCAR CRUDA, sólido",260000,"SACO(S)","NICARAGUA"
"606","2022",6,"PUESTO DE CONTROL TERRESTRE DESAGUADERO","SOYA, torta",57500,"GRANEL","BOLIVIA"
"607","2022",6,"PUESTO DE CONTROL TERRESTRE DESAGUADERO","SOYA, torta",57000,"GRANEL","BOLIVIA"
"608","2022",6,"PUESTO DE CONTROL TERRESTRE DESAGUADERO","SOYA, torta",114501,"SACO(S)","BOLIVIA"
"609","2022",6,"OFICINA PUESTO DE CONTROL MARITIMO - PROV. CONST. DEL CALLAO","ALGODON, fibra sin cardar ni peinar (>28.57 mm = o <34.92 mm)",79280,"FARDOS","EEUU"
"610","2022",6,"OFICINA PUESTO DE CONTROL MARITIMO - PROV. CONST. DEL CALLAO","PINO, madera aserrada con algún proceso de la CRF2",21090,"PAQUETES","CHILE"
"611","2022",6,"OFICINA PUESTO DE CONTROL MARITIMO - PROV. CONST. DEL CALLAO","TRIGO, gluten",42000,"SACO(S)","LITUANIA"
"612","2022",6,"OFICINA PUESTO DE CONTROL AEREO -  PROV. CONST. DEL CALLAO","MAIZ, semilla",1.6,"SOBRES","ARGENTINA"
"613","2022",6,"PUESTO DE CONTROL TERRESTRE DESAGUADERO","MANI, grano sin cáscara",30000,"SACO(S)","BOLIVIA"
"614","2022",6,"OFICINA PUESTO DE CONTROL MARITIMO - PROV. CONST. DEL CALLAO","TURBA",203040,"BOLSAS","HOLANDA"
"615","2022",6,"PUESTO DE CONTROL- CEBAF","CAÑA DE GUAYAQUIL, seca al natural",32000,"UNIDADES","ECUADOR"
"616","2022",6,"PUESTO DE CONTROL TERRESTRE DESAGUADERO","SOYA, torta",27615,"SACO(S)","BOLIVIA"
"617","2022",6,"PUESTO DE CONTROL TERRESTRE DESAGUADERO","SOYA, torta",28892,"SACO(S)","BOLIVIA"
"618","2022",6,"PUESTO DE CONTROL TERRESTRE DESAGUADERO","SOYA, torta",78350,"GRANEL","BOLIVIA"
"619","2022",6,"PUESTO DE CONTROL TERRESTRE DESAGUADERO","SOYA, torta",140000,"GRANEL","BOLIVIA"
"620","2022",6,"PUESTO DE CONTROL TERRESTRE DESAGUADERO","SOYA, torta",112000,"GRANEL","BOLIVIA"
"621","2022",6,"PUESTO DE CONTROL TERRESTRE DESAGUADERO","SOYA, torta",84000,"GRANEL","BOLIVIA"
"622","2022",6,"PUESTO DE CONTROL TERRESTRE DESAGUADERO","SOYA, torta",140000,"GRANEL","BOLIVIA"
"623","2022",6,"OFICINA PUESTO DE CONTROL AEREO -  PROV. CONST. DEL CALLAO","PALMA ACEITERA, semilla germinada",115.2,"CAJA(S)","BENIN"
"624","2022",6,"OFICINA PUESTO DE CONTROL AEREO -  PROV. CONST. DEL CALLAO","TOMATE, semilla",0.023,"SACHETS","FRANCIA"
"625","2022",6,"OFICINA PUESTO DE CONTROL AEREO -  PROV. CONST. DEL CALLAO","LECHUGA, semilla",0.094,"SACHETS","HOLANDA"
"626","2022",6,"OFICINA PUESTO DE CONTROL AEREO -  PROV. CONST. DEL CALLAO","PEPINILLO, semilla",0.68235,"SACHETS","HOLANDA"
"627","2022",6,"OFICINA PUESTO DE CONTROL AEREO -  PROV. CONST. DEL CALLAO","TOMATE, semilla",0.084254,"SACHETS","HOLANDA"
"628","2022",6,"OFICINA PUESTO DE CONTROL AEREO -  PROV. CONST. DEL CALLAO","SANDIA, semilla",12.972,"SACHETS","EEUU"
"629","2022",6,"OFICINA PUESTO DE CONTROL AEREO -  PROV. CONST. DEL CALLAO","TOMATE, semilla",0.156,"SACHETS","HOLANDA"
"630","2022",6,"PUESTO DE CONTROL TERRESTRE DESAGUADERO","SOYA, harina",174000,"SACO(S)","BOLIVIA"
"631","2022",6,"OFICINA PUESTO DE CONTROL MARITIMO - PROV. CONST. DEL CALLAO","SOYA, torta",3821860,"GRANEL","BOLIVIA"
"632","2022",6,"OFICINA PUESTO DE CONTROL MARITIMO - PROV. CONST. DEL CALLAO","SOYA, torta",11186260,"GRANEL","BOLIVIA"
"633","2022",6,"OFICINA PUESTO DE CONTROL MARITIMO - PROV. CONST. DEL CALLAO","MANI, grano sin cáscara",25000,"BIG BAG","BRASIL"
"634","2022",6,"OFICINA PUESTO DE CONTROL MARITIMO - PROV. CONST. DEL CALLAO","MANI, grano sin cáscara",25000,"BIG BAG","BRASIL"
"635","2022",6,"OFICINA PUESTO DE CONTROL MARITIMO - PROV. CONST. DEL CALLAO","MADERA, encofrados para hormigon, de madera con algún proceso de la CRF2
",15945,"PIEZAS","ALEMANIA"
"636","2022",6,"OFICINA PUESTO DE CONTROL MARITIMO - PROV. CONST. DEL CALLAO","MAIZ AMARILLO DURO, grano",15427390,"GRANEL","ARGENTINA"
"637","2022",6,"OFICINA PUESTO DE CONTROL MARITIMO - PROV. CONST. DEL CALLAO","SOYA, torta",1323820,"GRANEL","ARGENTINA"
"638","2022",6,"PUESTO DE CONTROL TERRESTRE DESAGUADERO","AZUCAR BLANCA O REFINADA (lectura polarimetrica mayor 99.5°)",112000,"SACO(S)","BOLIVIA"
"639","2022",6,"PUESTO DE CONTROL TERRESTRE DESAGUADERO","AZUCAR BLANCA O REFINADA (lectura polarimetrica mayor 99.5°)",29000,"SACO(S)","BOLIVIA"
"640","2022",6,"PUESTO DE CONTROL TERRESTRE DESAGUADERO","SOYA, harina",116000,"SACO(S)","BOLIVIA"
"641","2022",6,"OFICINA PUESTO DE CONTROL MARITIMO - PROV. CONST. DEL CALLAO","TRIGO, grano",5029060,"GRANEL","CANADA"
"642","2022",6,"OFICINA PUESTO DE CONTROL MARITIMO - PROV. CONST. DEL CALLAO","DATIL, seco natural",12200,"CAJA(S)","IRAN"
"643","2022",6,"PUESTO DE CONTROL TERRESTRE DESAGUADERO","SOYA, torta",140000,"SACO(S)","BOLIVIA"
"644","2022",6,"OFICINA PUESTO DE CONTROL MARITIMO - PROV. CONST. DEL CALLAO","TURBA",113196,"BIG BAG","FINLANDIA"
"645","2022",6,"PUESTO DE CONTROL TERRESTRE DESAGUADERO","SOYA, torta",116000,"SACO(S)","BOLIVIA"
"646","2022",6,"OFICINA PUESTO DE CONTROL MARITIMO - PROV. CONST. DEL CALLAO","TRIGO DURO, grano",1499750,"GRANEL","CANADA"
"647","2022",6,"OFICINA PUESTO DE CONTROL AEREO -  PROV. CONST. DEL CALLAO","MAIZ, semilla",5.25,"SOBRES","FRANCIA"
"648","2022",6,"OFICINA PUESTO DE CONTROL MARITIMO - PROV. CONST. DEL CALLAO","PERA, fruta fresca",24210.9,"CAJA(S)","ARGENTINA"
"649","2022",6,"OFICINA PUESTO DE CONTROL MARITIMO - PROV. CONST. DEL CALLAO","PERA, fruta fresca",24210.9,"CAJA(S)","ARGENTINA"
"650","2022",6,"OFICINA PUESTO DE CONTROL MARITIMO - PROV. CONST. DEL CALLAO","AZUCAR CRUDA, sólido",50000,"BOLSAS","GUATEMALA"
"651","2022",6,"PUESTO DE CONTROL TERRESTRE DESAGUADERO","SOYA, grano",57000,"GRANEL","BOLIVIA"
"652","2022",6,"PUESTO DE CONTROL TERRESTRE DESAGUADERO","SOYA, grano",28000,"GRANEL","BOLIVIA"
"653","2022",6,"PUESTO DE CONTROL TERRESTRE DESAGUADERO","SOYA, grano",28500,"GRANEL","BOLIVIA"
"654","2022",6,"PUESTO DE CONTROL TERRESTRE DESAGUADERO","SOYA, grano",56000,"GRANEL","BOLIVIA"
"655","2022",6,"PUESTO DE CONTROL TERRESTRE DESAGUADERO","SOYA, torta",117000,"SACO(S)","BOLIVIA"
"656","2022",6,"PUESTO DE CONTROL TERRESTRE DESAGUADERO","SOYA, torta",24970,"GRANEL","BOLIVIA"
"657","2022",6,"OFICINA PUESTO DE CONTROL AEREO -  PROV. CONST. DEL CALLAO","PIMIENTO, semilla",0.656,"SACHETS","HOLANDA"
"658","2022",6,"OFICINA PUESTO DE CONTROL AEREO -  PROV. CONST. DEL CALLAO","TOMATE, semilla",0.048,"SACHETS","ESPAÑA"
"659","2022",6,"PUESTO DE CONTROL TERRESTRE DESAGUADERO","SOYA, torta",83000,"GRANEL","BOLIVIA"
"660","2022",6,"PUESTO DE CONTROL TERRESTRE DESAGUADERO","SOYA, torta",84510,"GRANEL","BOLIVIA"
"661","2022",6,"PUESTO DE CONTROL TERRESTRE DESAGUADERO","SOYA, torta",55800,"GRANEL","BOLIVIA"
"662","2022",6,"OFICINA PUESTO DE CONTROL AEREO -  PROV. CONST. DEL CALLAO","SANDIA, semilla",4.581,"SACHETS","EEUU"
"663","2022",6,"OFICINA PUESTO DE CONTROL AEREO -  PROV. CONST. DEL CALLAO","PEPINILLO, semilla",0.545,"SACHETS","HOLANDA"
"664","2022",6,"OFICINA PUESTO DE CONTROL AEREO -  PROV. CONST. DEL CALLAO","PIMIENTO, semilla",0.12869,"SACHETS","FRANCIA"
"665","2022",6,"OFICINA PUESTO DE CONTROL AEREO -  PROV. CONST. DEL CALLAO","MELON, semilla",5.85,"SACHETS","HOLANDA"
"666","2022",6,"OFICINA PUESTO DE CONTROL AEREO -  PROV. CONST. DEL CALLAO","ALBAHACA, semilla.",0.022,"SACHETS","HOLANDA"
"667","2022",6,"OFICINA PUESTO DE CONTROL AEREO -  PROV. CONST. DEL CALLAO","ZAPALLITO ITALIANO (CALABACIN), semilla",114.686,"SACHETS","EEUU"
"668","2022",6,"PUESTO DE CONTROL- CEBAF","PAJA MACORA, paja seca al natural",1300,"FARDOS","ECUADOR"
"669","2022",6,"OFICINA PUESTO DE CONTROL MARITIMO - PROV. CONST. DEL CALLAO","Marañon (NUEZ DE CAJU), semilla alimenticia sin cascara, seca industriamente",15876,"CAJA(S)","BRASIL"
"670","2022",6,"IÑAPARI, MADRE DE DIOS","NUEZ DEL BRASIL, con cáscara seca al natural",28140,"SACO(S)","BRASIL"
"671","2022",6,"PUESTO DE CONTROL TERRESTRE DESAGUADERO","SOYA, torta",54000,"GRANEL","BOLIVIA"
"672","2022",6,"PUESTO DE CONTROL TERRESTRE DESAGUADERO","SOYA, torta",84000,"GRANEL","BOLIVIA"
"673","2022",6,"PUESTO DE CONTROL TERRESTRE DESAGUADERO","SOYA, torta",115500,"GRANEL","BOLIVIA"
"674","2022",6,"PUESTO DE CONTROL TERRESTRE DESAGUADERO","SOYA, torta",55960,"GRANEL","BOLIVIA"
"675","2022",6,"PUESTO DE CONTROL TERRESTRE DESAGUADERO","SOYA, torta",51000,"GRANEL","BOLIVIA"
"676","2022",6,"PUESTO DE CONTROL TERRESTRE DESAGUADERO","SOYA, torta",112000,"GRANEL","BOLIVIA"
"677","2022",6,"PUESTO DE CONTROL TERRESTRE DESAGUADERO","SOYA, torta",82140,"GRANEL","BOLIVIA"
"678","2022",6,"PUESTO DE CONTROL TERRESTRE DESAGUADERO","SOYA, torta",111840,"GRANEL","BOLIVIA"
"679","2022",6,"OFICINA PUESTO DE CONTROL AEREO -  PROV. CONST. DEL CALLAO","FRESA, plántula",992,"CAJA(S)","ESPAÑA"
"680","2022",6,"PUESTO DE CONTROL TERRESTRE DESAGUADERO","SOYA, torta",56000,"GRANEL","BOLIVIA"
"681","2022",6,"PUESTO DE CONTROL TERRESTRE DESAGUADERO","SOYA, torta",25550,"GRANEL","BOLIVIA"
"682","2022",6,"PUESTO DE CONTROL TERRESTRE DESAGUADERO","SOYA, torta",29610,"GRANEL","BOLIVIA"
"683","2022",6,"PUESTO DE CONTROL TERRESTRE DESAGUADERO","SOYA, torta",53000,"GRANEL","BOLIVIA"
"684","2022",6,"PUESTO DE CONTROL TERRESTRE DESAGUADERO","SOYA, torta",58450,"GRANEL","BOLIVIA"
"685","2022",6,"OFICINA PUESTO DE CONTROL MARITIMO - PROV. CONST. DEL CALLAO","AZUCAR BLANCA O REFINADA (lectura polarimetrica mayor 99.5°)",265000,"SACO(S)","COLOMBIA"
"686","2022",6,"PUERTO DE PAITA , PIURA","MADERA EN BRUTO, las demás con algún proceso de la CRF 2",60930,"UNIDADES","CHILE"
"687","2022",6,"OFICINA PUESTO DE CONTROL MARITIMO - PROV. CONST. DEL CALLAO","UVA (PASAS), secas industrialmente",8500,"CAJA(S)","CHILE"
"688","2022",6,"OFICINA PUESTO DE CONTROL MARITIMO - PROV. CONST. DEL CALLAO","DURAZNO, descarozado seco industrial",5680,"CAJA(S)","CHILE"
"689","2022",6,"OFICINA PUESTO DE CONTROL MARITIMO - PROV. CONST. DEL CALLAO","DURAZNO, seco industrial",4230,"CAJA(S)","CHILE"
"690","2022",6,"PUESTO DE CONTROL TERRESTRE DESAGUADERO","AZUCAR BLANCA O REFINADA (lectura polarimetrica mayor 99.5°)",19500,"SACO(S)","BOLIVIA"
"691","2022",6,"PUESTO DE CONTROL TERRESTRE DESAGUADERO","AZUCAR BLANCA O REFINADA (lectura polarimetrica mayor 99.5°)",93500,"SACO(S)","BOLIVIA"
"692","2022",6,"OFICINA PUESTO DE CONTROL MARITIMO - PROV. CONST. DEL CALLAO","PAPA, fécula",1e+05,"SACO(S)","ALEMANIA"
"693","2022",6,"OFICINA PUESTO DE CONTROL MARITIMO - PROV. CONST. DEL CALLAO","TURBA",126155,"BIG BAG","LETONIA"
"694","2022",6,"OFICINA PUESTO DE CONTROL MARITIMO - PROV. CONST. DEL CALLAO","CULANTRO, semilla",20000,"SACO(S)","EEUU"
"695","2022",6,"OFICINA PUESTO DE CONTROL MARITIMO - PROV. CONST. DEL CALLAO","GARBANZO, grano",69000,"SACO(S)","MEXICO"
"696","2022",6,"OFICINA PUESTO DE CONTROL MARITIMO - PROV. CONST. DEL CALLAO","MAIZ REVENTON, grano",130400,"SACO(S)","ARGENTINA"
"697","2022",6,"PUESTO DE CONTROL TERRESTRE DESAGUADERO","SOYA, grano",87000,"SACO(S)","BOLIVIA"
"698","2022",6,"PUESTO DE CONTROL TERRESTRE DESAGUADERO","SOYA, torta",26000,"GRANEL","BOLIVIA"
"699","2022",6,"OFICINA PUESTO DE CONTROL MARITIMO - PROV. CONST. DEL CALLAO","ACELGA, semilla",20,"LATAS","HOLANDA"
"700","2022",6,"OFICINA PUESTO DE CONTROL MARITIMO - PROV. CONST. DEL CALLAO","BETARRAGA, semilla",209,"SOBRES ALUMINIZADOS","HOLANDA"
"701","2022",6,"OFICINA PUESTO DE CONTROL MARITIMO - PROV. CONST. DEL CALLAO","ESPINACA, semilla",200,"LATAS","HOLANDA"
"702","2022",6,"OFICINA PUESTO DE CONTROL MARITIMO - PROV. CONST. DEL CALLAO","RABANITO, semilla",80,"LATAS","HOLANDA"
"703","2022",6,"OFICINA PUESTO DE CONTROL MARITIMO - PROV. CONST. DEL CALLAO","TRACTOR USADO, con motor de potencia superior a 130KW",18800,"UNIDADES","EEUU"
"704","2022",6,"OFICINA PUESTO DE CONTROL MARITIMO - PROV. CONST. DEL CALLAO","PERA, fruta fresca",23058,"CAJA(S)","ARGENTINA"
"705","2022",6,"OFICINA PUESTO DE CONTROL MARITIMO - PROV. CONST. DEL CALLAO","LILIUM (=AZUCENA), bulbo",19950,"JABAS","HOLANDA"
"706","2022",6,"OFICINA PUESTO DE CONTROL MARITIMO - PROV. CONST. DEL CALLAO","TURBA",22766,"BIG BAG","FINLANDIA"
"707","2022",6,"PUESTO DE CONTROL TERRESTRE DESAGUADERO","SOYA, torta",29000,"SACO(S)","BOLIVIA"
"708","2022",6,"OFICINA PUESTO DE CONTROL MARITIMO - PROV. CONST. DEL CALLAO","TRIGO, gluten",18000,"BOLSAS","BELGICA"
"709","2022",6,"PUESTO DE CONTROL TERRESTRE DESAGUADERO","SOYA, torta",57000,"GRANEL","BOLIVIA"
"710","2022",6,"OFICINA PUESTO DE CONTROL AEREO -  PROV. CONST. DEL CALLAO","MARIPOSA, colección",0.4,"UNIDADES","ALEMANIA"
"711","2022",6,"IÑAPARI, MADRE DE DIOS","MAIZ AMARILLO DURO, grano",32000,"GRANEL","BRASIL"
"712","2022",6,"OFICINA PUESTO DE CONTROL AEREO -  PROV. CONST. DEL CALLAO","LECHUGA, semilla",0.698,"SACHETS","FRANCIA"
"713","2022",6,"OFICINA PUESTO DE CONTROL AEREO -  PROV. CONST. DEL CALLAO","SANDIA, semilla",2.332,"SACHETS","EEUU"
"714","2022",6,"IÑAPARI, MADRE DE DIOS","MAIZ, grano (mondado, perlado, troceado o quebrantado)",31950,"SACO(S)","BRASIL"
"715","2022",6,"PUESTO DE CONTROL- CEBAF","ROSA, flores frescas cortadas",1850,"CAJA(S)","ECUADOR"
"716","2022",6,"PUESTO DE CONTROL- CEBAF","CLAVEL, flores frescas cortadas",800,"CAJA(S)","ECUADOR"
"717","2022",6,"PUESTO DE CONTROL- CEBAF","LILIUM (=AZUCENA), flores frescas cortadas",50,"CAJA(S)","ECUADOR"
"718","2022",6,"OFICINA PUESTO DE CONTROL AEREO -  PROV. CONST. DEL CALLAO","ARANDANO, planta",556,"CAJA(S)","EEUU"
"719","2022",6,"OFICINA PUESTO DE CONTROL MARITIMO - PROV. CONST. DEL CALLAO","ARVEJA, grano partido",98884,"SACO(S)","CANADA"
"720","2022",6,"OFICINA PUESTO DE CONTROL MARITIMO - PROV. CONST. DEL CALLAO","LENTEJA, grano",74844,"SACO(S)","CANADA"
"721","2022",6,"OFICINA PUESTO DE CONTROL AEREO -  PROV. CONST. DEL CALLAO","CHALOTE, semilla",0.21,"SACHETS","EEUU"
"722","2022",6,"PUESTO DE CONTROL- CEBAF","Las demas partes de maquinas, aparatos y artefactos de cosecha o trillar, maquinarias para limpieza, usadas
",2840,"UNIDADES","ECUADOR"
"723","2022",6,"OFICINA PUESTO DE CONTROL AEREO -  PROV. CONST. DEL CALLAO","CAFE, sin tostar, sin descafeinar, molido",61.05,"CAJA(S)","COSTA RICA"
"724","2022",6,"OFICINA PUESTO DE CONTROL AEREO -  PROV. CONST. DEL CALLAO","MADERA, marcos",3.288,"UNIDADES","ESPAÑA"
"725","2022",6,"OFICINA PUESTO DE CONTROL AEREO -  PROV. CONST. DEL CALLAO","MARCOS, madera",0.616,"UNIDADES","ESPAÑA"
"726","2022",6,"IÑAPARI, MADRE DE DIOS","MAIZ AMARILLO DURO, grano",31000,"SACO(S)","BRASIL"
"727","2022",6,"OFICINA PUESTO DE CONTROL AEREO -  PROV. CONST. DEL CALLAO","MELON, semilla",9.475,"SACHETS","CHILE"
"728","2022",6,"OFICINA PUESTO DE CONTROL AEREO -  PROV. CONST. DEL CALLAO","SANDIA, semilla",0.655,"SACHETS","CHILE"
"729","2022",6,"IÑAPARI, MADRE DE DIOS","MAIZ, grano (mondado, perlado, troceado o quebrantado)",32032,"SACO(S)","BRASIL"
"730","2022",6,"PUESTO DE CONTROL TERRESTRE DESAGUADERO","SOYA, torta",120000,"SACO(S)","BOLIVIA"
"731","2022",6,"OFICINA PUESTO DE CONTROL MARITIMO - PROV. CONST. DEL CALLAO","MATERIAS VEGETALES, para tallar trabajadas con algun proceso de la CRF 2",938.858,"UNIDADES","CHINA"
"732","2022",6,"OFICINA PUESTO DE CONTROL MARITIMO - PROV. CONST. DEL CALLAO","MAIZ AMARILLO DURO, grano",13377560,"GRANEL","ARGENTINA"
"733","2022",6,"OFICINA PUESTO DE CONTROL MARITIMO - PROV. CONST. DEL CALLAO","SOYA, torta",19479660,"GRANEL","ARGENTINA"
"734","2022",6,"PUESTO DE CONTROL- CEBAF","ROSA, flores frescas cortadas",5860,"CAJA(S)","ECUADOR"
"735","2022",6,"PUESTO DE CONTROL- CEBAF","CLAVEL, flores frescas cortadas",1918,"CAJA(S)","ECUADOR"
"736","2022",6,"PUESTO DE CONTROL- CEBAF","CRISANTEMO, flores frescas cortadas",320,"CAJA(S)","ECUADOR"
"737","2022",6,"PUESTO DE CONTROL- CEBAF","LILIUM (=AZUCENA), flores frescas cortadas",80,"CAJA(S)","ECUADOR"
"738","2022",6,"OFICINA PUESTO DE CONTROL MARITIMO - PROV. CONST. DEL CALLAO","CEBOLLA CHINA, semilla",90,"LATAS","EEUU"
"739","2022",6,"OFICINA PUESTO DE CONTROL MARITIMO - PROV. CONST. DEL CALLAO","PORO, semilla",100,"LATAS","EEUU"
"740","2022",6,"OFICINA PUESTO DE CONTROL MARITIMO - PROV. CONST. DEL CALLAO","BROCOLI, semilla",60,"LATAS","EEUU"
"741","2022",6,"OFICINA PUESTO DE CONTROL MARITIMO - PROV. CONST. DEL CALLAO","COL, semilla",107,"LATAS","EEUU"
"742","2022",6,"OFICINA PUESTO DE CONTROL MARITIMO - PROV. CONST. DEL CALLAO","NABO, semilla",50,"LATAS","EEUU"
"743","2022",6,"OFICINA PUESTO DE CONTROL MARITIMO - PROV. CONST. DEL CALLAO","LECHUGA, semilla",490,"LATAS","EEUU"
"744","2022",6,"OFICINA PUESTO DE CONTROL MARITIMO - PROV. CONST. DEL CALLAO","ACELGA, semilla",200,"LATAS","EEUU"
"745","2022",6,"OFICINA PUESTO DE CONTROL MARITIMO - PROV. CONST. DEL CALLAO","ARUGULA, semilla",10,"LATAS","EEUU"
"746","2022",6,"OFICINA PUESTO DE CONTROL MARITIMO - PROV. CONST. DEL CALLAO","ESPARRAGO, semilla",120,"LATAS","EEUU"
"747","2022",6,"OFICINA PUESTO DE CONTROL MARITIMO - PROV. CONST. DEL CALLAO","ESPINACA, semilla",200,"LATAS","EEUU"
"748","2022",6,"OFICINA PUESTO DE CONTROL MARITIMO - PROV. CONST. DEL CALLAO","PEPINILLO, semilla",165,"LATAS","EEUU"
"749","2022",6,"OFICINA PUESTO DE CONTROL MARITIMO - PROV. CONST. DEL CALLAO","PEREJIL, semilla",100,"LATAS","EEUU"
"750","2022",6,"OFICINA PUESTO DE CONTROL MARITIMO - PROV. CONST. DEL CALLAO","RABANITO, semilla",238,"LATAS","EEUU"
"751","2022",6,"OFICINA PUESTO DE CONTROL MARITIMO - PROV. CONST. DEL CALLAO","ZAPALLITO ITALIANO (CALABACIN), semilla",150,"LATAS","EEUU"
"752","2022",6,"OFICINA PUESTO DE CONTROL MARITIMO - PROV. CONST. DEL CALLAO","ALBAHACA, semilla",100,"LATAS","EEUU"
"753","2022",6,"OFICINA PUESTO DE CONTROL MARITIMO - PROV. CONST. DEL CALLAO","SANDIA, semilla",150,"LATAS","EEUU"
"754","2022",6,"OFICINA PUESTO DE CONTROL MARITIMO - PROV. CONST. DEL CALLAO","FESTUCA, semilla",1800,"SACO(S)","EEUU"
"755","2022",6,"OFICINA PUESTO DE CONTROL MARITIMO - PROV. CONST. DEL CALLAO","POA, semilla",400,"SACO(S)","EEUU"
"756","2022",6,"OFICINA PUESTO DE CONTROL MARITIMO - PROV. CONST. DEL CALLAO","TRIGO, semola",221400,"SACO(S)","MEXICO"
"757","2022",6,"OFICINA PUESTO DE CONTROL MARITIMO - PROV. CONST. DEL CALLAO","RYEGRASS INGLES, semilla",2000,"SACO(S)","EEUU"
"758","2022",6,"OFICINA PUESTO DE CONTROL MARITIMO - PROV. CONST. DEL CALLAO","PIMIENTO, semilla",220,"LATAS","EEUU"
"759","2022",6,"OFICINA PUESTO DE CONTROL MARITIMO - PROV. CONST. DEL CALLAO","ZANAHORIA, semilla",454,"LATAS","EEUU"
"760","2022",6,"OFICINA PUESTO DE CONTROL MARITIMO - PROV. CONST. DEL CALLAO","ALGODON, fibra sin cardar ni peinar (>28.57 mm = o <34.92 mm)",101270,"FARDOS","EEUU"
"761","2022",6,"OFICINA PUESTO DE CONTROL MARITIMO - PROV. CONST. DEL CALLAO","LENTEJA, grano",26308,"SACO(S)","CANADA"
"762","2022",6,"PUESTO DE CONTROL TERRESTRE DESAGUADERO","SOYA, torta",145000,"SACO(S)","BOLIVIA"
"763","2022",6,"PUESTO DE CONTROL TERRESTRE DESAGUADERO","FREJOL, grano",30000,"SACO(S)","BOLIVIA"
"764","2022",6,"OFICINA PUESTO DE CONTROL MARITIMO - PROV. CONST. DEL CALLAO","AVENA, grano mondado, perlado, troceado o quebrantado",50000,"SACO(S)","CHILE"
"765","2022",6,"OFICINA PUESTO DE CONTROL MARITIMO - PROV. CONST. DEL CALLAO","TURBA",102600,"FARDOS","LITUANIA"
"766","2022",6,"OFICINA PUESTO DE CONTROL MARITIMO - PROV. CONST. DEL CALLAO","PERA, fruta fresca",22680,"CAJA(S)","ARGENTINA"
"767","2022",6,"OFICINA PUESTO DE CONTROL MARITIMO - PROV. CONST. DEL CALLAO","AZUCAR BLANCA O REFINADA (lectura polarimetrica mayor 99.5°)",265000,"SACO(S)","GUATEMALA"
"768","2022",6,"OFICINA PUESTO DE CONTROL MARITIMO - PROV. CONST. DEL CALLAO","TURBA",81900,"PACAS","LITUANIA"
"769","2022",6,"OFICINA PUESTO DE CONTROL MARITIMO - PROV. CONST. DEL CALLAO","AZUCAR CRUDA, sólido",520000,"SACO(S)","NICARAGUA"
"770","2022",6,"OFICINA PUESTO DE CONTROL MARITIMO - PROV. CONST. DEL CALLAO","BERMUDA, semilla",5443.1084,"SACO(S)","EEUU"
"771","2022",6,"OFICINA PUESTO DE CONTROL MARITIMO - PROV. CONST. DEL CALLAO","ANIS O BADIANA, grano",51000,"SACO(S)","ESPAÑA"
"772","2022",6,"OFICINA PUESTO DE CONTROL AEREO -  PROV. CONST. DEL CALLAO","CAFE, sin tostar, sin descafeinar, molido",3640,"CAJA(S)","COSTA RICA"
"773","2022",6,"OFICINA PUESTO DE CONTROL MARITIMO - PROV. CONST. DEL CALLAO","ARVEJA, grano partido",197768,"SACO(S)","CANADA"
"774","2022",6,"OFICINA PUESTO DE CONTROL MARITIMO - PROV. CONST. DEL CALLAO","TRIGO, grano",24058830,"GRANEL","EEUU"
"775","2022",6,"PUESTO DE CONTROL TERRESTRE DESAGUADERO","AZUCAR BLANCA O REFINADA (lectura polarimetrica mayor 99.5°)",84000,"SACO(S)","BOLIVIA"
"776","2022",6,"OFICINA PUESTO DE CONTROL MARITIMO - PROV. CONST. DEL CALLAO","PAPA, fécula",260000,"SACO(S)","ALEMANIA"
"777","2022",6,"OFICINA PUESTO DE CONTROL MARITIMO - PROV. CONST. DEL CALLAO","UVA (PASAS), secas naturalmente",42000,"CAJA(S)","CHILE"
"778","2022",6,"PUERTO DE PAITA , PIURA","TRIGO, grano",9001820,"GRANEL","CANADA"
"779","2022",6,"PUESTO DE CONTROL TERRESTRE DESAGUADERO","SOYA, torta",74000,"GRANEL","BOLIVIA"
"780","2022",6,"PUESTO DE CONTROL TERRESTRE DESAGUADERO","SOYA, torta",56000,"GRANEL","BOLIVIA"
"781","2022",6,"PUESTO DE CONTROL TERRESTRE DESAGUADERO","SOYA, torta",84000,"GRANEL","BOLIVIA"
"782","2022",6,"PUESTO DE CONTROL TERRESTRE DESAGUADERO","SOYA, torta",142826,"SACO(S)","BOLIVIA"
"783","2022",6,"PUESTO DE CONTROL TERRESTRE DESAGUADERO","SOYA, torta",75000,"GRANEL","BOLIVIA"
"784","2022",6,"OFICINA PUESTO DE CONTROL AEREO -  PROV. CONST. DEL CALLAO","SANDIA, semilla",0.662,"SACHETS","HOLANDA"
"785","2022",6,"OFICINA PUESTO DE CONTROL AEREO -  PROV. CONST. DEL CALLAO","MELON, semilla",0.446,"SACHETS","HOLANDA"
"786","2022",6,"OFICINA PUESTO DE CONTROL MARITIMO - PROV. CONST. DEL CALLAO","MANZANILLA, triturada",12640,"BOLSAS","ARGENTINA"
"787","2022",6,"SANTA ROSA, TACNA","UVA (PASAS), secas naturalmente",20000,"CAJA(S)","CHILE"
"788","2022",6,"OFICINA PUESTO DE CONTROL MARITIMO - PROV. CONST. DEL CALLAO","TRIGO, gluten",42000,"SACO(S)","LITUANIA"
"789","2022",6,"OFICINA PUESTO DE CONTROL MARITIMO - PROV. CONST. DEL CALLAO","ARVEJA, grano partido",23587,"SACO(S)","EEUU"
"790","2022",6,"OFICINA PUESTO DE CONTROL MARITIMO - PROV. CONST. DEL CALLAO","TURBA",25325,"BOLSAS","LETONIA"
"791","2022",6,"OFICINA PUESTO DE CONTROL MARITIMO - PROV. CONST. DEL CALLAO","LENTEJA, grano",47174,"SACO(S)","EEUU"
"792","2022",6,"OFICINA PUESTO DE CONTROL MARITIMO - PROV. CONST. DEL CALLAO","ARVEJA, grano partido",20592,"SACO(S)","EEUU"
"793","2022",6,"PUESTO DE CONTROL TERRESTRE DESAGUADERO","SOYA, grano",26000,"GRANEL","BOLIVIA"
"794","2022",6,"PUESTO DE CONTROL TERRESTRE DESAGUADERO","SOYA, grano",57000,"GRANEL","BOLIVIA"
"795","2022",6,"PUESTO DE CONTROL TERRESTRE DESAGUADERO","SOYA, grano",27500,"GRANEL","BOLIVIA"
"796","2022",6,"PUESTO DE CONTROL TERRESTRE DESAGUADERO","SOYA, grano",27000,"GRANEL","BOLIVIA"
"797","2022",6,"PUESTO DE CONTROL TERRESTRE DESAGUADERO","SOYA, grano",56500,"GRANEL","BOLIVIA"
"798","2022",6,"PUESTO DE CONTROL TERRESTRE DESAGUADERO","SOYA, grano",28000,"GRANEL","BOLIVIA"
"799","2022",6,"PUESTO DE CONTROL TERRESTRE DESAGUADERO","SOYA, grano",52000,"GRANEL","BOLIVIA"
"800","2022",6,"PUESTO DE CONTROL TERRESTRE DESAGUADERO","SOYA, grano",28000,"GRANEL","BOLIVIA"
"801","2022",6,"PUESTO DE CONTROL TERRESTRE DESAGUADERO","SOYA, torta",149000,"SACO(S)","BOLIVIA"
"802","2022",6,"PUESTO DE CONTROL TERRESTRE DESAGUADERO","SOYA, torta",54000,"GRANEL","BOLIVIA"
"803","2022",6,"PUESTO DE CONTROL TERRESTRE DESAGUADERO","SOYA, torta",54700,"GRANEL","BOLIVIA"
"804","2022",6,"PUESTO DE CONTROL TERRESTRE DESAGUADERO","SOYA, torta",83500,"GRANEL","BOLIVIA"
"805","2022",6,"OFICINA PUESTO DE CONTROL MARITIMO - PROV. CONST. DEL CALLAO","AVENA, grano mondado, perlado, troceado o quebrantado",75000,"SACO(S)","CHILE"
"806","2022",6,"PUESTO DE CONTROL TERRESTRE DESAGUADERO","SOYA, torta",86450,"GRANEL","BOLIVIA"
"807","2022",6,"PUESTO DE CONTROL TERRESTRE DESAGUADERO","SOYA, torta",56700,"GRANEL","BOLIVIA"
"808","2022",6,"PUESTO DE CONTROL TERRESTRE DESAGUADERO","SOYA, torta",56500,"GRANEL","BOLIVIA"
"809","2022",6,"OFICINA PUESTO DE CONTROL MARITIMO - PROV. CONST. DEL CALLAO","TRIGO DURO, grano",5500000,"GRANEL","CANADA"
"810","2022",6,"PUESTO DE CONTROL TERRESTRE DESAGUADERO","SOYA, torta",58000,"GRANEL","BOLIVIA"
"811","2022",6,"PUESTO DE CONTROL TERRESTRE DESAGUADERO","SOYA, torta",83500,"GRANEL","BOLIVIA"
"812","2022",6,"PUESTO DE CONTROL TERRESTRE DESAGUADERO","SOYA, torta",28100,"GRANEL","BOLIVIA"
"813","2022",6,"PUESTO DE CONTROL TERRESTRE DESAGUADERO","SOYA, torta",81000,"GRANEL","BOLIVIA"
"814","2022",6,"PUESTO DE CONTROL TERRESTRE DESAGUADERO","SOYA, torta",28000,"GRANEL","BOLIVIA"
"815","2022",6,"PUESTO DE CONTROL TERRESTRE DESAGUADERO","SOYA, grano",139980,"GRANEL","BOLIVIA"
"816","2022",6,"PUESTO DE CONTROL TERRESTRE DESAGUADERO","SOYA, torta",146500,"SACO(S)","BOLIVIA"
"817","2022",6,"PUESTO DE CONTROL TERRESTRE DESAGUADERO","SOYA, harina",145000,"SACO(S)","BOLIVIA"
"818","2022",6,"OFICINA PUESTO DE CONTROL MARITIMO - PROV. CONST. DEL CALLAO","CAUCHO, técnicamente especificado (TSNR)",60480,"PIEZAS","INDONESIA"
"819","2022",6,"OFICINA PUESTO DE CONTROL MARITIMO - PROV. CONST. DEL CALLAO","CAUCHO, técnicamente especificado (TSNR)",60480,"PIEZAS","INDONESIA"
"820","2022",6,"PUESTO DE CONTROL TERRESTRE DESAGUADERO","SOYA, torta",116000,"SACO(S)","BOLIVIA"
"821","2022",6,"OFICINA PUESTO DE CONTROL AEREO -  PROV. CONST. DEL CALLAO","SANDIA, semilla",0.512,"SACHETS","HOLANDA"
"822","2022",6,"PUESTO DE CONTROL TERRESTRE DESAGUADERO","SOYA, torta",141900,"SACO(S)","BOLIVIA"
"823","2022",6,"OFICINA PUESTO DE CONTROL MARITIMO - PROV. CONST. DEL CALLAO","TRIGO, gluten",18000,"BOLSAS","HOLANDA"
"824","2022",6,"OFICINA PUESTO DE CONTROL MARITIMO - PROV. CONST. DEL CALLAO","AVENA, grano mondado, perlado, troceado o quebrantado",24000,"SACO(S)","CHILE"
"825","2022",6,"PUESTO DE CONTROL TERRESTRE DESAGUADERO","SOYA, torta",116000,"SACO(S)","BOLIVIA"
"826","2022",6,"IÑAPARI, MADRE DE DIOS","NUEZ DEL BRASIL, con cáscara seca al natural",27945,"SACO(S)","BOLIVIA"
"827","2022",6,"IÑAPARI, MADRE DE DIOS","NUEZ DEL BRASIL, con cáscara seca al natural",28140,"SACO(S)","BRASIL"
"828","2022",6,"PUESTO DE CONTROL TERRESTRE DESAGUADERO","SOYA, torta",115280,"SACO(S)","BOLIVIA"
"829","2022",6,"PUESTO DE CONTROL TERRESTRE DESAGUADERO","AZUCAR BLANCA O REFINADA (lectura polarimetrica mayor 99.5°)",140000,"SACO(S)","BOLIVIA"
"830","2022",6,"OFICINA PUESTO DE CONTROL AEREO -  PROV. CONST. DEL CALLAO","CLAVEL, flores frescas cortadas",419.33,"CAJA(S)","COLOMBIA"
"831","2022",6,"OFICINA PUESTO DE CONTROL AEREO -  PROV. CONST. DEL CALLAO","CRISANTEMO, flores frescas cortadas",130.2,"CAJA(S)","COLOMBIA"
"832","2022",6,"OFICINA PUESTO DE CONTROL MARITIMO - PROV. CONST. DEL CALLAO","OREGANO, seco al natural",25000,"SACO(S)","TURQUIA"
"833","2022",6,"OFICINA PUESTO DE CONTROL MARITIMO - PROV. CONST. DEL CALLAO","YUTE, sacos",16000,"FARDOS","BANGLADESH"
"834","2022",6,"OFICINA PUESTO DE CONTROL MARITIMO - PROV. CONST. DEL CALLAO","COCO, fibra (para sustrato)",48580,"PALETAS","SRI LANKA"
"835","2022",6,"SANTA ROSA, TACNA","UVA (PASAS), secas industrialmente",20000,"CAJA(S)","CHILE"
"836","2022",6,"OFICINA PUESTO DE CONTROL MARITIMO - PROV. CONST. DEL CALLAO","AVENA, grano mondado, perlado, troceado o quebrantado",24000,"SACO(S)","CHILE"
"837","2022",6,"OFICINA PUESTO DE CONTROL MARITIMO - PROV. CONST. DEL CALLAO","PINO, postes de madera con algun proceso de la CRF 2",133390,"UNIDADES","CHILE"
"838","2022",6,"OFICINA PUESTO DE CONTROL MARITIMO - PROV. CONST. DEL CALLAO","PINO, postes de madera con algun proceso de la CRF 2",52869,"UNIDADES","CHILE"
"839","2022",6,"PUESTO DE CONTROL TERRESTRE DESAGUADERO","SOYA, torta",56550,"GRANEL","BOLIVIA"
"840","2022",6,"PUESTO DE CONTROL TERRESTRE DESAGUADERO","SOYA, torta",84000,"GRANEL","BOLIVIA"
"841","2022",6,"PUESTO DE CONTROL TERRESTRE DESAGUADERO","SOYA, harina",50360,"SACO(S)","BOLIVIA"
"842","2022",6,"PUESTO DE CONTROL TERRESTRE DESAGUADERO","SOYA, torta",85500,"GRANEL","BOLIVIA"
"843","2022",6,"PUESTO DE CONTROL TERRESTRE DESAGUADERO","SOYA, torta",54500,"GRANEL","BOLIVIA"
"844","2022",6,"PUESTO DE CONTROL TERRESTRE DESAGUADERO","SOYA, torta",49908,"SACO(S)","BOLIVIA"
"845","2022",6,"PUESTO DE CONTROL TERRESTRE DESAGUADERO","SOYA, torta",116000,"SACO(S)","BOLIVIA"
"846","2022",6,"OFICINA PUESTO DE CONTROL AEREO -  PROV. CONST. DEL CALLAO","PIMIENTO, semilla",3.085,"BOLSAS","EEUU"
"847","2022",6,"OFICINA PUESTO DE CONTROL AEREO -  PROV. CONST. DEL CALLAO","PIMIENTO, semilla",72.895,"SACO(S)","EEUU"
"848","2022",6,"PUESTO DE CONTROL TERRESTRE DESAGUADERO","SOYA, torta",114395,"SACO(S)","BOLIVIA"
"849","2022",6,"OFICINA PUESTO DE CONTROL MARITIMO - PROV. CONST. DEL CALLAO","MAIZ, almidon",110000,"SACO(S)","CHINA"
"850","2022",6,"OFICINA PUESTO DE CONTROL MARITIMO - PROV. CONST. DEL CALLAO","MADERA EN PLAQUITAS, o particulas distinta de coníferas con algún proceso de la CRF 2",3600,"SACO(S)","ALEMANIA"
"851","2022",6,"OFICINA PUESTO DE CONTROL MARITIMO - PROV. CONST. DEL CALLAO","ASERRIN, sin aglomerar, con algún proceso de la CRF 2",2880,"SACO(S)","ALEMANIA"
"852","2022",6,"OFICINA PUESTO DE CONTROL MARITIMO - PROV. CONST. DEL CALLAO","AJONJOLI, grano",19000,"SACO(S)","MEXICO"
"853","2022",6,"OFICINA PUESTO DE CONTROL MARITIMO - PROV. CONST. DEL CALLAO","TRACTOR USADO, con motor de potencia superior a 75 kW pero inferior o igual a 130 kW",17170,"UNIDADES","EEUU"
"854","2022",6,"SANTA ROSA, TACNA","PERA, fruta fresca",24192,"CAJA(S)","CHILE"
"855","2022",6,"SANTA ROSA, TACNA","PERA, fruta fresca",24174,"CAJA(S)","CHILE"
"856","2022",6,"OFICINA PUESTO DE CONTROL MARITIMO - PROV. CONST. DEL CALLAO","TURBA",137001,"BIG BAG","LETONIA"
"857","2022",6,"OFICINA PUESTO DE CONTROL MARITIMO - PROV. CONST. DEL CALLAO","MAIZ REVENTON, grano",104000,"SACO(S)","ARGENTINA"
"858","2022",6,"OFICINA PUESTO DE CONTROL MARITIMO - PROV. CONST. DEL CALLAO","TRACTOR USADO, con motor de potencia superior a 75 kW pero inferior o igual a 130 kW",9644.473,"UNIDADES","CHINA"
"859","2022",6,"OFICINA PUESTO DE CONTROL MARITIMO - PROV. CONST. DEL CALLAO","ALMENDRA, sin cáscara secado al natural",19958,"CAJA(S)","EEUU"
"860","2022",6,"PUESTO DE CONTROL TERRESTRE DESAGUADERO","SOYA, harina",204000,"SACO(S)","BOLIVIA"
"861","2022",6,"PUESTO DE CONTROL TERRESTRE DESAGUADERO","SOYA, harina",174000,"SACO(S)","BOLIVIA"
"862","2022",6,"PUESTO DE CONTROL TERRESTRE DESAGUADERO","SOYA, harina",147000,"SACO(S)","BOLIVIA"
"863","2022",6,"OFICINA PUESTO DE CONTROL MARITIMO - PROV. CONST. DEL CALLAO","FREJOL, grano",21319,"SACO(S)","EEUU"
"864","2022",6,"OFICINA PUESTO DE CONTROL MARITIMO - PROV. CONST. DEL CALLAO","LOS DEMAS TRACTORES, con motor de potencia superior a 18 kW pero inferior o igual a 37 kW (excepto las carretillas tractor de la partida 87.09), USADOS",13299,"UNIDADES","EEUU"
"865","2022",6,"PUESTO DE CONTROL- CEBAF","CEBOLLA, fresca",28170,"SACO(S)","COLOMBIA"
"866","2022",6,"PUESTO DE CONTROL TERRESTRE DESAGUADERO","SOYA, torta",149000,"SACO(S)","BOLIVIA"
"867","2022",6,"SANTA ROSA, TACNA","MANZANA, fruto fresco",20580,"CAJA(S)","CHILE"
"868","2022",6,"SANTA ROSA, TACNA","PERA, fruta fresca",2016,"CAJA(S)","CHILE"
"869","2022",6,"OFICINA PUESTO DE CONTROL MARITIMO - PROV. CONST. DEL CALLAO","AVENA, grano aplastado o en copos (hojuelas)",19500,"CAJA(S)","ALEMANIA"
"870","2022",6,"OFICINA PUESTO DE CONTROL MARITIMO - PROV. CONST. DEL CALLAO","PIMIENTA, grano seco industrial(presentado en frascos y sachet)",300.8,"CAJA(S)","TURQUIA"
"871","2022",6,"PUESTO DE CONTROL TERRESTRE DESAGUADERO","SOYA, grano",49950,"GRANEL","BOLIVIA"
"872","2022",6,"OFICINA PUESTO DE CONTROL MARITIMO - PROV. CONST. DEL CALLAO","PAPA, fécula",44000,"SACO(S)","POLONIA"
"873","2022",6,"OFICINA PUESTO DE CONTROL MARITIMO - PROV. CONST. DEL CALLAO","TURBA",152280,"BOLSAS","HOLANDA"
"874","2022",6,"OFICINA PUESTO DE CONTROL MARITIMO - PROV. CONST. DEL CALLAO","ARVEJA, grano partido",49442,"SACO(S)","CANADA"
"875","2022",6,"OFICINA PUESTO DE CONTROL MARITIMO - PROV. CONST. DEL CALLAO","ALMENDRA, sin cáscara secado al natural",19958.4,"CAJA(S)","EEUU"
"876","2022",6,"OFICINA PUESTO DE CONTROL MARITIMO - PROV. CONST. DEL CALLAO","TURBA",78860,"BOLSAS","ESTONIA"
"877","2022",6,"OFICINA PUESTO DE CONTROL MARITIMO - PROV. CONST. DEL CALLAO","AVENA, grano mondado, perlado, troceado o quebrantado",24000,"SACO(S)","CHILE"
"878","2022",6,"OFICINA PUESTO DE CONTROL MARITIMO - PROV. CONST. DEL CALLAO","TURBA",80360,"BOLSAS","ESTONIA"
"879","2022",6,"SANTA ROSA, TACNA","MANZANA, fruto fresco",22618.4,"CAJA(S)","CHILE"
"880","2022",6,"SANTA ROSA, TACNA","KIWI, fruto fresco",7410,"CAJA(S)","CHILE"
"881","2022",6,"SANTA ROSA, TACNA","PERA, fruta fresca",14976,"CAJA(S)","CHILE"
"882","2022",6,"PUESTO DE CONTROL TERRESTRE DESAGUADERO","SOYA, torta",115000,"SACO(S)","BOLIVIA"
"883","2022",6,"PUESTO DE CONTROL TERRESTRE DESAGUADERO","SOYA, torta",114500,"SACO(S)","BOLIVIA"
"884","2022",6,"OFICINA PUESTO DE CONTROL MARITIMO - PROV. CONST. DEL CALLAO","AZUCAR CRUDA, sólido",124840,"SACO(S)","GUATEMALA"
"885","2022",6,"SANTA ROSA, TACNA","KIWI, fruto fresco",24960,"CAJA(S)","CHILE"
"886","2022",6,"OFICINA PUESTO DE CONTROL MARITIMO - PROV. CONST. DEL CALLAO","PAPA, fécula",1e+05,"BOLSAS","HOLANDA"
"887","2022",6,"PUESTO DE CONTROL- CEBAF","CAÑA DE GUAYAQUIL, seca al natural",34000,"UNIDADES","ECUADOR"
"888","2022",6,"OFICINA PUESTO DE CONTROL MARITIMO - PROV. CONST. DEL CALLAO","PINO, madera aserrada, con tratamiento de secado al horno o impregnación de sales",295276,"PAQUETES","CHILE"
"889","2022",6,"OFICINA PUESTO DE CONTROL MARITIMO - PROV. CONST. DEL CALLAO","MAIZ REVENTON, grano",103987.8,"SACO(S)","ARGENTINA"
"890","2022",6,"OFICINA PUESTO DE CONTROL MARITIMO - PROV. CONST. DEL CALLAO","AZUCAR CRUDA, sólido",75000,"SACO(S)","HONDURAS"
"891","2022",6,"OFICINA PUESTO DE CONTROL AEREO -  PROV. CONST. DEL CALLAO","ARANDANO, planta",1324,"CAJA(S)","CHILE"
"892","2022",6,"OFICINA PUESTO DE CONTROL AEREO -  PROV. CONST. DEL CALLAO","ACHIOTE, grano",0.7,"BOLSAS","GUATEMALA"
"893","2022",6,"PUESTO DE CONTROL TERRESTRE DESAGUADERO","LINAZA, grano",29000,"SACO(S)","BOLIVIA"
"894","2022",6,"SANTA ROSA, TACNA","MANZANA, fruto fresco",23520,"CAJA(S)","CHILE"
"895","2022",6,"OFICINA PUESTO DE CONTROL MARITIMO - PROV. CONST. DEL CALLAO","TURBA",81600,"BIG BAG","HOLANDA"
"896","2022",6,"PUESTO DE CONTROL TERRESTRE DESAGUADERO","YUCA (=MANDIOCA), fécula",25000,"PALETAS","PARAGUAY"
"897","2022",6,"PUESTO DE CONTROL TERRESTRE DESAGUADERO","MAIZ, almidon",25000,"PALETAS","PARAGUAY"
"898","2022",6,"OFICINA PUESTO DE CONTROL MARITIMO - PROV. CONST. DEL CALLAO","AVENA, grano mondado, perlado, troceado o quebrantado",150000,"SACO(S)","CHILE"
"899","2022",6,"OFICINA PUESTO DE CONTROL MARITIMO - PROV. CONST. DEL CALLAO","AVENA, grano mondado, perlado, troceado o quebrantado",125000,"SACO(S)","CHILE"
"900","2022",6,"SANTA ROSA, TACNA","UVA (PASAS), secas industrialmente",20000,"CAJA(S)","CHILE"
"901","2022",6,"OFICINA PUESTO DE CONTROL MARITIMO - PROV. CONST. DEL CALLAO","PERA, fruta fresca",22680,"CAJA(S)","ARGENTINA"
"902","2022",6,"PUESTO DE CONTROL TERRESTRE DESAGUADERO","SOYA, torta",168000,"GRANEL","BOLIVIA"
"903","2022",6,"PUESTO DE CONTROL TERRESTRE DESAGUADERO","SOYA, torta",116000,"SACO(S)","BOLIVIA"
"904","2022",6,"PUESTO DE CONTROL TERRESTRE DESAGUADERO","SOYA, torta",117000,"SACO(S)","BOLIVIA"
"905","2022",6,"OFICINA PUESTO DE CONTROL MARITIMO - PROV. CONST. DEL CALLAO","GIRASOL, grano",25970,"SACO(S)","ARGENTINA"
"906","2022",6,"OFICINA PUESTO DE CONTROL MARITIMO - PROV. CONST. DEL CALLAO","ARROZ, grano pilado",325000,"SACO(S)","URUGUAY"
"907","2022",6,"OFICINA PUESTO DE CONTROL MARITIMO - PROV. CONST. DEL CALLAO","FREJOL CANARIO, grano",95990,"SACO(S)","MEXICO"
"908","2022",6,"OFICINA PUESTO DE CONTROL MARITIMO - PROV. CONST. DEL CALLAO","LINAZA, grano",24040,"SACO(S)","CANADA"
"909","2022",6,"OFICINA PUESTO DE CONTROL MARITIMO - PROV. CONST. DEL CALLAO","TURBA",53460,"PACAS","ESTONIA"
"910","2022",6,"PUESTO DE CONTROL TERRESTRE DESAGUADERO","AZUCAR BLANCA O REFINADA (lectura polarimetrica mayor 99.5°)",85000,"SACO(S)","BOLIVIA"
"911","2022",6,"OFICINA PUESTO DE CONTROL MARITIMO - PROV. CONST. DEL CALLAO","ALGODON, fibra sin cardar ni peinar (>34.92 mm)",90032,"FARDOS","EEUU"
"912","2022",6,"OFICINA PUESTO DE CONTROL MARITIMO - PROV. CONST. DEL CALLAO","LENTEJA, grano",74844,"SACO(S)","CANADA"
"913","2022",6,"PUESTO DE CONTROL TERRESTRE DESAGUADERO","SOYA, torta",86750,"SACO(S)","BOLIVIA"
"914","2022",6,"PUESTO DE CONTROL TERRESTRE DESAGUADERO","SOYA, torta",141500,"SACO(S)","BOLIVIA"
"915","2022",6,"OFICINA PUESTO DE CONTROL MARITIMO - PROV. CONST. DEL CALLAO","TURBA",81600,"BIG BAG","HOLANDA"
"916","2022",6,"OFICINA PUESTO DE CONTROL MARITIMO - PROV. CONST. DEL CALLAO","TURBA",81600,"BIG BAG","HOLANDA"
"917","2022",6,"OFICINA PUESTO DE CONTROL MARITIMO - PROV. CONST. DEL CALLAO","PAPA, fécula",259925,"BOLSAS","ALEMANIA"
"918","2022",6,"PUESTO DE CONTROL TERRESTRE DESAGUADERO","SOYA, grano",50000,"GRANEL","BOLIVIA"
"919","2022",6,"PUESTO DE CONTROL TERRESTRE DESAGUADERO","SOYA, grano",75000,"GRANEL","BOLIVIA"
"920","2022",6,"PUESTO DE CONTROL TERRESTRE DESAGUADERO","SOYA, grano",27000,"GRANEL","BOLIVIA"
"921","2022",6,"PUESTO DE CONTROL TERRESTRE DESAGUADERO","SOYA, grano",50000,"GRANEL","BOLIVIA"
"922","2022",6,"PUESTO DE CONTROL TERRESTRE DESAGUADERO","SOYA, harina",140000,"SACO(S)","BOLIVIA"
"923","2022",6,"OFICINA PUESTO DE CONTROL MARITIMO - PROV. CONST. DEL CALLAO","BAMBU, artículos de cestería obtenidos directamente en su forma con materia trenzable con algún proceso de la CRF 2",129.43,"PIEZAS","CHINA"
"924","2022",6,"OFICINA PUESTO DE CONTROL MARITIMO - PROV. CONST. DEL CALLAO","MARCOS, madera",4488.4,"UNIDADES","CHINA"
"925","2022",6,"PUESTO DE CONTROL TERRESTRE DESAGUADERO","SOYA, torta",28000,"GRANEL","BOLIVIA"
"926","2022",6,"PUESTO DE CONTROL TERRESTRE DESAGUADERO","SOYA, torta",57000,"GRANEL","BOLIVIA"
"927","2022",6,"PUESTO DE CONTROL TERRESTRE DESAGUADERO","SOYA, torta",56230,"GRANEL","BOLIVIA"
"928","2022",6,"PUESTO DE CONTROL TERRESTRE DESAGUADERO","SOYA, torta",57076,"SACO(S)","BOLIVIA"
"929","2022",6,"PUESTO DE CONTROL TERRESTRE DESAGUADERO","SOYA, harina",50000,"SACO(S)","BOLIVIA"
"930","2022",6,"OFICINA PUESTO DE CONTROL MARITIMO - PROV. CONST. DEL CALLAO","MARCOS, madera",209.928,"CAJA(S)","EL SALVADOR"
"931","2022",6,"OFICINA PUESTO DE CONTROL MARITIMO - PROV. CONST. DEL CALLAO","BAMBU, artículos de cestería obtenidos directamente en su forma con materia trenzable con algún proceso de la CRF 2",273.511,"CAJA(S)","EL SALVADOR"
"932","2022",6,"OFICINA PUESTO DE CONTROL MARITIMO - PROV. CONST. DEL CALLAO","Los demas articulos de cesteria con algun proceso de CRF 2",188.012,"CAJA(S)","EL SALVADOR"
"933","2022",6,"OFICINA PUESTO DE CONTROL MARITIMO - PROV. CONST. DEL CALLAO","BAMBU, artículos de cestería obtenidos directamente en su forma con materia trenzable con algún proceso de la CRF 2",43.927,"CAJA(S)","EL SALVADOR"
"934","2022",6,"OFICINA PUESTO DE CONTROL MARITIMO - PROV. CONST. DEL CALLAO","Los demas articulos de cesteria con algun proceso de CRF 2",222.889,"CAJA(S)","EL SALVADOR"
"935","2022",6,"OFICINA PUESTO DE CONTROL MARITIMO - PROV. CONST. DEL CALLAO","BAMBU, artículos de cestería obtenidos directamente en su forma con materia trenzable con algún proceso de la CRF 2",161.329,"CAJA(S)","EL SALVADOR"
"936","2022",6,"OFICINA PUESTO DE CONTROL MARITIMO - PROV. CONST. DEL CALLAO","MARCOS, madera",14.834,"CAJA(S)","EL SALVADOR"
"937","2022",6,"OFICINA PUESTO DE CONTROL MARITIMO - PROV. CONST. DEL CALLAO","MARCOS, madera",114.96,"CAJA(S)","CHINA"
"938","2022",6,"OFICINA PUESTO DE CONTROL MARITIMO - PROV. CONST. DEL CALLAO","BAMBU, artículos de cestería obtenidos directamente en su forma con materia trenzable con algún proceso de la CRF 2",14.948,"CAJA(S)","CHINA"
"939","2022",6,"OFICINA PUESTO DE CONTROL MARITIMO - PROV. CONST. DEL CALLAO","Los demas articulos de cesteria con algun proceso de CRF 2",331.531,"CAJA(S)","CHINA"
"940","2022",6,"SANTA ROSA, TACNA","MANZANA, fruto fresco",23520,"CAJA(S)","CHILE"
"941","2022",6,"OFICINA PUESTO DE CONTROL MARITIMO - PROV. CONST. DEL CALLAO","AVENA, grano aplastado o en copos (hojuelas)",26000,"SACO(S)","CHILE"
"942","2022",6,"OFICINA PUESTO DE CONTROL MARITIMO - PROV. CONST. DEL CALLAO","AVENA, grano aplastado o en copos (hojuelas)",26000,"SACO(S)","CHILE"
"943","2022",6,"OFICINA PUESTO DE CONTROL MARITIMO - PROV. CONST. DEL CALLAO","PERA, fruta fresca",23814,"CAJA(S)","ARGENTINA"
"944","2022",6,"PUESTO DE CONTROL- CEBAF","Las demás coniferas, las demas maderas aserradas o desbastadas longitudinalmente, cortada o desenrollada, incluso cepillada,lijada o unida por lo extremos, de espesor superior a 6 mm, con algun tratamiento de la CRF 2",66550,"PIEZAS","ECUADOR"
"945","2022",6,"PUESTO DE CONTROL TERRESTRE DESAGUADERO","SOYA, torta",116000,"SACO(S)","BOLIVIA"
"946","2022",6,"SANTA ROSA, TACNA","MANZANA, fruto fresco",23520,"CAJA(S)","CHILE"
"947","2022",6,"OFICINA PUESTO DE CONTROL AEREO -  PROV. CONST. DEL CALLAO","PINO, semilla",300,"SACO(S)","CHILE"
"948","2022",6,"OFICINA PUESTO DE CONTROL MARITIMO - PROV. CONST. DEL CALLAO","AZUCAR CRUDA, sólido",390000,"SACO(S)","NICARAGUA"
"949","2022",6,"OFICINA PUESTO DE CONTROL MARITIMO - PROV. CONST. DEL CALLAO","ALMENDRA, sin cáscara secado al natural",19958.4,"CAJA(S)","EEUU"
"950","2022",6,"OFICINA PUESTO DE CONTROL MARITIMO - PROV. CONST. DEL CALLAO","AZUCAR CRUDA, sólido",260000,"SACO(S)","NICARAGUA"
"951","2022",6,"OFICINA PUESTO DE CONTROL MARITIMO - PROV. CONST. DEL CALLAO","AZUCAR CRUDA, sólido",260000,"SACO(S)","NICARAGUA"
"952","2022",6,"OFICINA PUESTO DE CONTROL MARITIMO - PROV. CONST. DEL CALLAO","AZUCAR CRUDA, sólido",390000,"SACO(S)","NICARAGUA"
"953","2022",6,"OFICINA PUESTO DE CONTROL MARITIMO - PROV. CONST. DEL CALLAO","TURBA",26640,"BIG BAG","LETONIA"
"954","2022",6,"PUESTO DE CONTROL TERRESTRE DESAGUADERO","AJONJOLI, grano",29000,"SACO(S)","BOLIVIA"
"955","2022",6,"PUERTO DE PAITA , PIURA","LENTEJA, grano",122470,"SACO(S)","CANADA"
"956","2022",6,"PUERTO DE PAITA , PIURA","LENTEJA, grano",124740,"SACO(S)","CANADA"
"957","2022",6,"OFICINA PUESTO DE CONTROL AEREO -  PROV. CONST. DEL CALLAO","CEBOLLA, semilla",37.62,"SACHETS","CHILE"
"958","2022",6,"PUESTO DE CONTROL- CEBAF","CAÑA DE GUAYAQUIL, seca al natural",25000,"UNIDADES","ECUADOR"
"959","2022",6,"SANTA ROSA, TACNA","MANZANA, fruto fresco",9800,"CAJA(S)","CHILE"
"960","2022",6,"SANTA ROSA, TACNA","PERA, fruta fresca",11376,"CAJA(S)","CHILE"
"961","2022",6,"SANTA ROSA, TACNA","KIWI, fruto fresco",3456,"CAJA(S)","CHILE"
"962","2022",6,"SANTA ROSA, TACNA","KIWI, fruto fresco",3360,"CAJA(S)","CHILE"
"963","2022",6,"SANTA ROSA, TACNA","PERA, fruta fresca",5040,"CAJA(S)","CHILE"
"964","2022",6,"SANTA ROSA, TACNA","MANZANA, fruto fresco",14700,"CAJA(S)","CHILE"
"965","2022",6,"PUESTO DE CONTROL TERRESTRE DESAGUADERO","SOYA, torta",114000,"GRANEL","BOLIVIA"
"966","2022",6,"SANTA ROSA, TACNA","MANZANA, fruto fresco",14896,"CAJA(S)","CHILE"
"967","2022",6,"SANTA ROSA, TACNA","PERA, fruta fresca",7848,"CAJA(S)","CHILE"
"968","2022",6,"OFICINA PUESTO DE CONTROL MARITIMO - PROV. CONST. DEL CALLAO","TRIGO, gluten",20000,"SACO(S)","FRANCIA"
"969","2022",6,"PUESTO DE CONTROL TERRESTRE DESAGUADERO","SOYA, harina",27874,"SACO(S)","BOLIVIA"
"970","2022",6,"PUESTO DE CONTROL TERRESTRE DESAGUADERO","SOYA, torta",30000,"GRANEL","BOLIVIA"
"971","2022",6,"PUESTO DE CONTROL TERRESTRE DESAGUADERO","SOYA, torta",57000,"GRANEL","BOLIVIA"
"972","2022",6,"PUESTO DE CONTROL TERRESTRE DESAGUADERO","SOYA, torta",28000,"GRANEL","BOLIVIA"
"973","2022",6,"PUESTO DE CONTROL TERRESTRE DESAGUADERO","SOYA, torta",28000,"GRANEL","BOLIVIA"
"974","2022",6,"OFICINA PUESTO DE CONTROL MARITIMO - PROV. CONST. DEL CALLAO","TURBA",54400,"FARDOS","LITUANIA"
"975","2022",6,"OFICINA PUESTO DE CONTROL MARITIMO - PROV. CONST. DEL CALLAO","ARVEJA, grano partido",23133,"SACO(S)","EEUU"
"976","2022",6,"OFICINA PUESTO DE CONTROL MARITIMO - PROV. CONST. DEL CALLAO","MAIZ REVENTON, grano",104000,"SACO(S)","ARGENTINA"
"977","2022",6,"OFICINA PUESTO DE CONTROL MARITIMO - PROV. CONST. DEL CALLAO","MAIZ REVENTON, grano",104000,"SACO(S)","ARGENTINA"
"978","2022",6,"OFICINA PUESTO DE CONTROL MARITIMO - PROV. CONST. DEL CALLAO","MAIZ REVENTON, grano",130000,"SACO(S)","ARGENTINA"
"979","2022",6,"OFICINA PUESTO DE CONTROL MARITIMO - PROV. CONST. DEL CALLAO","ARVEJA, grano entero",75000,"SACO(S)","ARGENTINA"
"980","2022",6,"OFICINA PUESTO DE CONTROL MARITIMO - PROV. CONST. DEL CALLAO","KIWI, fruto fresco",4800,"CAJA(S)","CHILE"
"981","2022",6,"OFICINA PUESTO DE CONTROL MARITIMO - PROV. CONST. DEL CALLAO","MANZANA, fruto fresco",15993.6,"CAJA(S)","CHILE"
"982","2022",6,"PUESTO DE CONTROL- CEBAF","CAÑA DE GUAYAQUIL, seca al natural",32000,"UNIDADES","ECUADOR"
"983","2022",6,"OFICINA PUESTO DE CONTROL MARITIMO - PROV. CONST. DEL CALLAO","FRESA, plántula",8875,"BINES DE MADERA","ESPAÑA"
"984","2022",6,"OFICINA PUESTO DE CONTROL MARITIMO - PROV. CONST. DEL CALLAO","AZUCAR BLANCA O REFINADA (lectura polarimetrica mayor 99.5°)",198788.683,"BIG BAG","GUATEMALA"
"985","2022",6,"OFICINA PUESTO DE CONTROL MARITIMO - PROV. CONST. DEL CALLAO","AZUCAR BLANCA O REFINADA (lectura polarimetrica mayor 99.5°)",64606.317,"SACO(S)","GUATEMALA"
"986","2022",6,"OFICINA PUESTO DE CONTROL MARITIMO - PROV. CONST. DEL CALLAO","GARBANZO, grano",44000,"SACO(S)","MEXICO"
"987","2022",6,"OFICINA PUESTO DE CONTROL MARITIMO - PROV. CONST. DEL CALLAO","GARBANZO, grano",23000,"SACO(S)","MEXICO"
"988","2022",6,"OFICINA PUESTO DE CONTROL MARITIMO - PROV. CONST. DEL CALLAO","MAIZ, almidon",20000,"BOLSAS","MEXICO"
"989","2022",6,"OFICINA PUESTO DE CONTROL MARITIMO - PROV. CONST. DEL CALLAO","PERA, fruta fresca",22680,"CAJA(S)","ARGENTINA"
"990","2022",6,"OFICINA PUESTO DE CONTROL MARITIMO - PROV. CONST. DEL CALLAO","MADERA, herramientas de madera con algún proceso de la CRF2",142.05,"PIEZAS","MEXICO"
"991","2022",6,"OFICINA PUESTO DE CONTROL MARITIMO - PROV. CONST. DEL CALLAO","MADERA, monturas y mangos de herramientas, monturas y mangos de cepillos, brochas o escobas, de madera; hormas, ensanchadores y tensores del calzado, de madera ; con algún proceso de la CRF 2",320.522,"PIEZAS","MEXICO"
"992","2022",6,"OFICINA PUESTO DE CONTROL MARITIMO - PROV. CONST. DEL CALLAO","AZUCAR CRUDA, sólido",49950,"SACO(S)","COLOMBIA"
"993","2022",6,"SANTA ROSA, TACNA","PERA, fruta fresca",2646,"CAJA(S)","CHILE"
"994","2022",6,"SANTA ROSA, TACNA","MANZANA, fruto fresco",20580,"CAJA(S)","CHILE"
"995","2022",6,"PUESTO DE CONTROL- CEBAF","ROSA, flores frescas cortadas",300,"CAJA(S)","ECUADOR"
"996","2022",6,"PUESTO DE CONTROL- CEBAF","CLAVEL, flores frescas cortadas",3700,"CAJA(S)","ECUADOR"
"997","2022",6,"OFICINA PUESTO DE CONTROL MARITIMO - PROV. CONST. DEL CALLAO","AVENA, grano mondado, perlado, troceado o quebrantado",96000,"SACO(S)","CHILE"
"998","2022",6,"SANTA ROSA, TACNA","MANZANA, fruto fresco",23520,"CAJA(S)","CHILE"
"999","2022",6,"OFICINA PUESTO DE CONTROL AEREO -  PROV. CONST. DEL CALLAO","MARIPOSA, colección",0.3,"UNIDADES","REPUBLICA CHECA"
"1000","2022",6,"OFICINA PUESTO DE CONTROL MARITIMO - PROV. CONST. DEL CALLAO","ANIS O BADIANA, grano",25000,"SACO(S)","ESPAÑA"
"1001","2022",6,"OFICINA PUESTO DE CONTROL MARITIMO - PROV. CONST. DEL CALLAO","GARBANZO, grano",23000,"SACO(S)","MEXICO"
"1002","2022",6,"SANTA ROSA, TACNA","PERA, fruta fresca",2646,"CAJA(S)","CHILE"
"1003","2022",6,"SANTA ROSA, TACNA","MANZANA, fruto fresco",20440,"CAJA(S)","CHILE"
"1004","2022",6,"SANTA ROSA, TACNA","MANZANA, fruto fresco",19600,"CAJA(S)","CHILE"
"1005","2022",6,"SANTA ROSA, TACNA","PERA, fruta fresca",3528,"CAJA(S)","CHILE"
"1006","2022",6,"SANTA ROSA, TACNA","UVA (PASAS), secas industrialmente",10000,"CAJA(S)","CHILE"
"1007","2022",6,"PUESTO DE CONTROL TERRESTRE DESAGUADERO","SOYA, harina",174000,"SACO(S)","BOLIVIA"
"1008","2022",6,"PUESTO DE CONTROL TERRESTRE DESAGUADERO","GIRASOL, torta",144725,"SACO(S)","BOLIVIA"
"1009","2022",6,"OFICINA PUESTO DE CONTROL MARITIMO - PROV. CONST. DEL CALLAO","AZUCAR BLANCA O REFINADA (lectura polarimetrica mayor 99.5°)",212000,"SACO(S)","GUATEMALA"
"1010","2022",6,"OFICINA PUESTO DE CONTROL MARITIMO - PROV. CONST. DEL CALLAO","AZUCAR BLANCA O REFINADA (lectura polarimetrica mayor 99.5°)",185500,"SACO(S)","GUATEMALA"
"1011","2022",6,"SANTA ROSA, TACNA","MANZANA, fruto fresco",2940,"CAJA(S)","CHILE"
"1012","2022",6,"SANTA ROSA, TACNA","PERA, fruta fresca",17136,"CAJA(S)","CHILE"
"1013","2022",6,"SANTA ROSA, TACNA","KIWI, fruto fresco",4032,"CAJA(S)","CHILE"
"1014","2022",6,"SANTA ROSA, TACNA","PERA, fruta fresca",9216,"CAJA(S)","CHILE"
"1015","2022",6,"SANTA ROSA, TACNA","KIWI, fruto fresco",7056,"CAJA(S)","CHILE"
"1016","2022",6,"SANTA ROSA, TACNA","MANZANA, fruto fresco",7520,"CAJA(S)","CHILE"
"1017","2022",6,"PUESTO DE CONTROL TERRESTRE DESAGUADERO","SOYA, torta",84000,"GRANEL","BOLIVIA"
"1018","2022",6,"PUESTO DE CONTROL TERRESTRE DESAGUADERO","SOYA, torta",114000,"GRANEL","BOLIVIA"
"1019","2022",6,"PUESTO DE CONTROL TERRESTRE DESAGUADERO","AZUCAR BLANCA O REFINADA (lectura polarimetrica mayor 99.5°)",87000,"SACO(S)","BOLIVIA"
"1020","2022",6,"PUESTO DE CONTROL TERRESTRE DESAGUADERO","SOYA, torta",115101,"SACO(S)","BOLIVIA"
"1021","2022",6,"PUESTO DE CONTROL TERRESTRE DESAGUADERO","SOYA, torta",84200,"GRANEL","BOLIVIA"
"1022","2022",6,"PUESTO DE CONTROL TERRESTRE DESAGUADERO","SOYA, torta",24959,"SACO(S)","BOLIVIA"
"1023","2022",6,"PUESTO DE CONTROL- CEBAF","CAÑA DE GUAYAQUIL, seca al natural",34000,"UNIDADES","ECUADOR"
"1024","2022",6,"OFICINA PUESTO DE CONTROL MARITIMO - PROV. CONST. DEL CALLAO","COCO, rallado seco industrial",250,"BOLSAS","CHILE"
"1025","2022",6,"OFICINA PUESTO DE CONTROL MARITIMO - PROV. CONST. DEL CALLAO","PERA, fruta fresca",22680,"CAJA(S)","ARGENTINA"
"1026","2022",6,"OFICINA PUESTO DE CONTROL MARITIMO - PROV. CONST. DEL CALLAO","TURBA",279680,"FARDOS","ESTONIA"
"1027","2022",6,"OFICINA PUESTO DE CONTROL MARITIMO - PROV. CONST. DEL CALLAO","TURBA",274610,"FARDOS","ESTONIA"
"1028","2022",6,"PUESTO DE CONTROL- CEBAF","CAÑA DE GUAYAQUIL, seca al natural",32000,"UNIDADES","ECUADOR"
"1029","2022",6,"SANTA ROSA, TACNA","KIWI, fruto fresco",21535,"CAJA(S)","CHILE"
"1030","2022",6,"SANTA ROSA, TACNA","TRACTOR USADO, con motor de potencia superior a 33 kW pero inferior o igual a 75 kW",4500,"UNIDADES","HOLANDA"
"1031","2022",6,"SANTA ROSA, TACNA","TRACTOR USADO, con motor de potencia superior a 33 kW pero inferior o igual a 75 kW",4500,"UNIDADES","HOLANDA"
"1032","2022",6,"SANTA ROSA, TACNA","TRACTOR USADO, con motor de potencia superior a 33 kW pero inferior o igual a 75 kW",4500,"UNIDADES","HOLANDA"
"1033","2022",6,"OFICINA PUESTO DE CONTROL AEREO -  PROV. CONST. DEL CALLAO","ZAPALLITO ITALIANO (CALABACIN), semilla",0.2,"SACHETS","EEUU"
"1034","2022",6,"SANTA ROSA, TACNA","PERA, fruta fresca",3762,"CAJA(S)","CHILE"
"1035","2022",6,"SANTA ROSA, TACNA","MANZANA, fruto fresco",19600,"CAJA(S)","CHILE"
"1036","2022",6,"PUESTO DE CONTROL TERRESTRE DESAGUADERO","SOYA, torta",145000,"SACO(S)","BOLIVIA"
"1037","2022",6,"PUESTO DE CONTROL TERRESTRE DESAGUADERO","SOYA, torta",145000,"SACO(S)","BOLIVIA"
"1038","2022",6,"PUESTO DE CONTROL TERRESTRE DESAGUADERO","SOYA, torta",144000,"SACO(S)","BOLIVIA"
"1039","2022",6,"PUESTO DE CONTROL TERRESTRE DESAGUADERO","SOYA, torta",143500,"SACO(S)","BOLIVIA"
"1040","2022",6,"PUESTO DE CONTROL TERRESTRE DESAGUADERO","SOYA, torta",144000,"SACO(S)","BOLIVIA"
"1041","2022",6,"OFICINA PUESTO DE CONTROL MARITIMO - PROV. CONST. DEL CALLAO","CIRUELA, seca industrialmente",20000,"CAJA(S)","CHILE"
"1042","2022",6,"OFICINA PUESTO DE CONTROL MARITIMO - PROV. CONST. DEL CALLAO","QUINUA, grano",24000,"BOLSAS","ALEMANIA"
"1043","2022",6,"SANTA ROSA, TACNA","MANZANA, fruto fresco",16380,"CAJA(S)","CHILE"
"1044","2022",6,"SANTA ROSA, TACNA","PERA, fruta fresca",6174,"CAJA(S)","CHILE"
"1045","2022",6,"SANTA ROSA, TACNA","KIWI, fruto fresco",5760,"CAJA(S)","CHILE"
"1046","2022",6,"SANTA ROSA, TACNA","PERA, fruta fresca",4032,"CAJA(S)","CHILE"
"1047","2022",6,"OFICINA PUESTO DE CONTROL AEREO -  PROV. CONST. DEL CALLAO","MOSCA DE LA FRUTA, pupa y/o huevo",1.5,"CAJA(S)","AUSTRIA"
"1048","2022",6,"SANTA ROSA, TACNA","MANZANA, fruto fresco",14700,"CAJA(S)","CHILE"
"1049","2022",6,"PUESTO DE CONTROL TERRESTRE DESAGUADERO","SOYA, grano",54000,"GRANEL","BOLIVIA"
"1050","2022",6,"PUESTO DE CONTROL TERRESTRE DESAGUADERO","SOYA, grano",58000,"GRANEL","BOLIVIA"
"1051","2022",6,"PUESTO DE CONTROL TERRESTRE DESAGUADERO","SOYA, grano",54000,"GRANEL","BOLIVIA"
"1052","2022",6,"PUESTO DE CONTROL TERRESTRE DESAGUADERO","SOYA, grano",50000,"GRANEL","BOLIVIA"
"1053","2022",6,"PUESTO DE CONTROL TERRESTRE DESAGUADERO","SOYA, grano",26000,"GRANEL","BOLIVIA"
"1054","2022",6,"PUESTO DE CONTROL TERRESTRE DESAGUADERO","SOYA, grano",112000,"GRANEL","BOLIVIA"
"1055","2022",6,"OFICINA PUESTO DE CONTROL AEREO -  PROV. CONST. DEL CALLAO","TRIGO, semola",6,"BOLSAS","MEXICO"
"1056","2022",6,"OFICINA PUESTO DE CONTROL MARITIMO - PROV. CONST. DEL CALLAO","CIRUELA, seca industrialmente",20000,"CAJA(S)","CHILE"
"1057","2022",6,"PUESTO DE CONTROL TERRESTRE DESAGUADERO","AZUCAR BLANCA O REFINADA (lectura polarimetrica mayor 99.5°)",10000,"SACO(S)","BOLIVIA"
"1058","2022",6,"OFICINA PUESTO DE CONTROL MARITIMO - PROV. CONST. DEL CALLAO","AZUCAR BLANCA O REFINADA (lectura polarimetrica mayor 99.5°)",120000,"BIG BAG","GUATEMALA"
"1059","2022",6,"OFICINA PUESTO DE CONTROL MARITIMO - PROV. CONST. DEL CALLAO","AZUCAR BLANCA O REFINADA (lectura polarimetrica mayor 99.5°)",39000,"SACO(S)","GUATEMALA"
"1060","2022",6,"OFICINA PUESTO DE CONTROL MARITIMO - PROV. CONST. DEL CALLAO","AZUCAR BLANCA O REFINADA (lectura polarimetrica mayor 99.5°)",120000,"BIG BAG","GUATEMALA"
"1061","2022",6,"OFICINA PUESTO DE CONTROL MARITIMO - PROV. CONST. DEL CALLAO","AZUCAR BLANCA O REFINADA (lectura polarimetrica mayor 99.5°)",39000,"SACO(S)","GUATEMALA"
"1062","2022",6,"OFICINA PUESTO DE CONTROL MARITIMO - PROV. CONST. DEL CALLAO","AZUCAR BLANCA O REFINADA (lectura polarimetrica mayor 99.5°)",120000,"BIG BAG","GUATEMALA"
"1063","2022",6,"OFICINA PUESTO DE CONTROL MARITIMO - PROV. CONST. DEL CALLAO","AZUCAR BLANCA O REFINADA (lectura polarimetrica mayor 99.5°)",39000,"SACO(S)","GUATEMALA"
"1064","2022",6,"PUESTO DE CONTROL TERRESTRE DESAGUADERO","AZUCAR BLANCA O REFINADA (lectura polarimetrica mayor 99.5°)",186000,"SACO(S)","BOLIVIA"
"1065","2022",6,"OFICINA PUESTO DE CONTROL MARITIMO - PROV. CONST. DEL CALLAO","PINO, madera aserrada con tratamiento de secado al horno o impregnación de sales",113705.5,"PAQUETES","CHILE"
"1066","2022",6,"SANTA ROSA, TACNA","MANZANA, fruto fresco",21560,"CAJA(S)","CHILE"
"1067","2022",6,"OFICINA PUESTO DE CONTROL MARITIMO - PROV. CONST. DEL CALLAO","MAIZ REVENTON, grano",156000,"SACO(S)","ARGENTINA"
"1068","2022",6,"OFICINA PUESTO DE CONTROL MARITIMO - PROV. CONST. DEL CALLAO","FREJOL CANARIO, grano",44000,"SACO(S)","MEXICO"
"1069","2022",6,"OFICINA PUESTO DE CONTROL MARITIMO - PROV. CONST. DEL CALLAO","ACHIOTE, grano",18060,"SACO(S)","COSTA DE MARFIL"
"1070","2022",6,"OFICINA PUESTO DE CONTROL MARITIMO - PROV. CONST. DEL CALLAO","ACHIOTE, grano",17620,"SACO(S)","COSTA DE MARFIL"
"1071","2022",6,"PUESTO DE CONTROL TERRESTRE DESAGUADERO","SOYA, torta",114724,"SACO(S)","BOLIVIA"
"1072","2022",6,"OFICINA PUESTO DE CONTROL MARITIMO - PROV. CONST. DEL CALLAO","MAIZ, almidon",25000,"BOLSAS","ARGENTINA"
"1073","2022",6,"OFICINA PUESTO DE CONTROL MARITIMO - PROV. CONST. DEL CALLAO","NUEZ, con cáscara seca al natural",20000,"SACO(S)","CHILE"
"1074","2022",6,"OFICINA PUESTO DE CONTROL MARITIMO - PROV. CONST. DEL CALLAO","ARROZ, grano pilado",132500,"SACO(S)","BRASIL"
"1075","2022",6,"OFICINA PUESTO DE CONTROL MARITIMO - PROV. CONST. DEL CALLAO","AVENA, grano aplastado o en copos (hojuelas)",52000,"UNIDADES","CHILE"
"1076","2022",6,"PUESTO DE CONTROL TERRESTRE DESAGUADERO","SOYA, torta",85500,"GRANEL","BOLIVIA"
"1077","2022",6,"PUESTO DE CONTROL TERRESTRE DESAGUADERO","SOYA, torta",84920,"SACO(S)","BOLIVIA"
"1078","2022",6,"PUESTO DE CONTROL TERRESTRE DESAGUADERO","SOYA, torta",29000,"GRANEL","BOLIVIA"
"1079","2022",6,"PUESTO DE CONTROL TERRESTRE DESAGUADERO","SOYA, torta",50000,"GRANEL","BOLIVIA"
"1080","2022",6,"PUESTO DE CONTROL TERRESTRE DESAGUADERO","SOYA, torta",56000,"GRANEL","BOLIVIA"
"1081","2022",6,"PUESTO DE CONTROL TERRESTRE DESAGUADERO","SOYA, torta",25860,"GRANEL","BOLIVIA"
"1082","2022",6,"PUESTO DE CONTROL TERRESTRE DESAGUADERO","SOYA, torta",55650,"GRANEL","BOLIVIA"
"1083","2022",6,"PUESTO DE CONTROL TERRESTRE DESAGUADERO","SOYA, torta",86000,"GRANEL","BOLIVIA"
"1084","2022",6,"PUESTO DE CONTROL TERRESTRE DESAGUADERO","SOYA, torta",78120,"GRANEL","BOLIVIA"
"1085","2022",6,"SANTA ROSA, TACNA","LENTEJA, grano",24948,"SACO(S)","CANADA"
"1086","2022",6,"OFICINA PUESTO DE CONTROL MARITIMO - PROV. CONST. DEL CALLAO","ALMENDRA, sin cáscara secado al natural",19958.4,"CAJA(S)","EEUU"
"1087","2022",6,"SANTA ROSA, TACNA","MANZANA, fruto fresco",23520,"CAJA(S)","CHILE"
"1088","2022",6,"SANTA ROSA, TACNA","MANZANA, fruto fresco",23520,"CAJA(S)","CHILE"
"1089","2022",6,"SANTA ROSA, TACNA","PERA, fruta fresca",10764,"CAJA(S)","CHILE"
"1090","2022",6,"SANTA ROSA, TACNA","MANZANA, fruto fresco",12355,"CAJA(S)","CHILE"
"1091","2022",6,"SANTA ROSA, TACNA","MANZANA, fruto fresco",22561,"CAJA(S)","CHILE"
"1092","2022",6,"SANTA ROSA, TACNA","KIWI, fruto fresco",24960,"CAJA(S)","CHILE"
"1093","2022",6,"PUESTO DE CONTROL TERRESTRE DESAGUADERO","SOYA, torta",57000,"GRANEL","BOLIVIA"
"1094","2022",6,"OFICINA PUESTO DE CONTROL MARITIMO - PROV. CONST. DEL CALLAO","GARBANZO, grano",66000,"SACO(S)","MEXICO"
"1095","2022",6,"OFICINA PUESTO DE CONTROL MARITIMO - PROV. CONST. DEL CALLAO","AVENA, grano mondado, perlado, troceado o quebrantado",96000,"SACO(S)","CHILE"
"1096","2022",6,"SANTA ROSA, TACNA","COCO, rallado",19250,"SACO(S)","MALASIA"
"1097","2022",6,"OFICINA PUESTO DE CONTROL MARITIMO - PROV. CONST. DEL CALLAO","GARBANZO, grano",23000,"SACO(S)","MEXICO"
"1098","2022",6,"PUESTO DE CONTROL TERRESTRE DESAGUADERO","SOYA, torta",55868,"SACO(S)","BOLIVIA"
"1099","2022",6,"PUESTO DE CONTROL TERRESTRE DESAGUADERO","SOYA, torta",56000,"GRANEL","BOLIVIA"
"1100","2022",6,"PUESTO DE CONTROL TERRESTRE DESAGUADERO","SOYA, torta",81400,"GRANEL","BOLIVIA"
"1101","2022",6,"PUESTO DE CONTROL TERRESTRE DESAGUADERO","SOYA, torta",28000,"GRANEL","BOLIVIA"
"1102","2022",6,"PUESTO DE CONTROL TERRESTRE DESAGUADERO","SOYA, torta",28000,"GRANEL","BOLIVIA"
"1103","2022",6,"PUESTO DE CONTROL TERRESTRE DESAGUADERO","SOYA, torta",28000,"GRANEL","BOLIVIA"
"1104","2022",6,"PUESTO DE CONTROL TERRESTRE DESAGUADERO","SOYA, torta",29000,"GRANEL","BOLIVIA"
"1105","2022",6,"PUESTO DE CONTROL TERRESTRE DESAGUADERO","SOYA, torta",85430,"GRANEL","BOLIVIA"
"1106","2022",6,"PUESTO DE CONTROL TERRESTRE DESAGUADERO","SOYA, torta",56000,"GRANEL","BOLIVIA"
"1107","2022",6,"PUESTO DE CONTROL TERRESTRE DESAGUADERO","SOYA, torta",29102,"SACO(S)","BOLIVIA"
"1108","2022",6,"PUESTO DE CONTROL TERRESTRE DESAGUADERO","GIRASOL, torta",27890,"GRANEL","BOLIVIA"
"1109","2022",6,"PUESTO DE CONTROL TERRESTRE DESAGUADERO","SOYA, torta",27600,"GRANEL","BOLIVIA"
"1110","2022",6,"PUESTO DE CONTROL TERRESTRE DESAGUADERO","GIRASOL, torta",25490,"GRANEL","BOLIVIA"
"1111","2022",6,"PUESTO DE CONTROL TERRESTRE DESAGUADERO","GIRASOL, torta",51480,"GRANEL","BOLIVIA"
"1112","2022",6,"PUESTO DE CONTROL TERRESTRE DESAGUADERO","SOYA, torta",27030,"GRANEL","BOLIVIA"
"1113","2022",6,"PUESTO DE CONTROL TERRESTRE DESAGUADERO","SOYA, torta",28000,"GRANEL","BOLIVIA"
"1114","2022",6,"OFICINA PUESTO DE CONTROL MARITIMO - PROV. CONST. DEL CALLAO","TURBA",112640,"BIG BAG","FINLANDIA"
"1115","2022",6,"OFICINA PUESTO DE CONTROL MARITIMO - PROV. CONST. DEL CALLAO","TURBA",112480,"BIG BAG","FINLANDIA"
"1116","2022",6,"OFICINA PUESTO DE CONTROL MARITIMO - PROV. CONST. DEL CALLAO","TURBA",112318,"BIG BAG","FINLANDIA"
"1117","2022",6,"OFICINA PUESTO DE CONTROL MARITIMO - PROV. CONST. DEL CALLAO","TURBA",112890,"BIG BAG","FINLANDIA"
"1118","2022",6,"OFICINA PUESTO DE CONTROL MARITIMO - PROV. CONST. DEL CALLAO","COCO, fibra (para sustrato)",42000,"PALETAS","INDIA"
"1119","2022",6,"OFICINA PUESTO DE CONTROL MARITIMO - PROV. CONST. DEL CALLAO","TURBA",72340,"BIG BAG","FINLANDIA"
"1120","2022",6,"OFICINA PUESTO DE CONTROL MARITIMO - PROV. CONST. DEL CALLAO","COCO, fibra (para sustrato)",22130,"PALETAS","INDIA"
"1121","2022",6,"OFICINA PUESTO DE CONTROL MARITIMO - PROV. CONST. DEL CALLAO","LOS DEMAS TRACTORES, con motor de potencia superior a 18 kW pero inferior o igual a 37 kW (excepto las carretillas tractor de la partida 87.09), USADOS",13299,"UNIDADES","EEUU"
"1122","2022",6,"SANTA ROSA, TACNA","MANZANA, fruto fresco",23520,"CAJA(S)","CHILE"
"1123","2022",6,"SANTA ROSA, TACNA","MANZANA, fruto fresco",23520,"CAJA(S)","CHILE"
"1124","2022",6,"SANTA ROSA, TACNA","MANZANA, fruto fresco",23520,"CAJA(S)","CHILE"
"1125","2022",6,"SANTA ROSA, TACNA","MANZANA, fruto fresco",23520,"CAJA(S)","CHILE"
"1126","2022",6,"OFICINA PUESTO DE CONTROL MARITIMO - PROV. CONST. DEL CALLAO","Articulos para fiestas de navidad que sean o contengan material vegetal
",23.317,"CAJA(S)","MALASIA"
"1127","2022",6,"OFICINA PUESTO DE CONTROL AEREO -  PROV. CONST. DEL CALLAO","ANTURIO, planta",369,"CAJA(S)","HOLANDA"
"1128","2022",6,"PUESTO DE CONTROL TERRESTRE DESAGUADERO","SOYA, grano",55000,"GRANEL","BOLIVIA"
"1129","2022",6,"PUESTO DE CONTROL TERRESTRE DESAGUADERO","SOYA, grano",56000,"GRANEL","BOLIVIA"
"1130","2022",6,"SANTA ROSA, TACNA","MANZANA, fruto fresco",22834,"CAJA(S)","CHILE"
"1131","2022",6,"PUESTO DE CONTROL TERRESTRE DESAGUADERO","FREJOL, grano",29000,"SACO(S)","BOLIVIA"
"1132","2022",6,"SANTA ROSA, TACNA","MANZANA, fruto fresco",23520,"CAJA(S)","CHILE"
"1133","2022",6,"SANTA ROSA, TACNA","MANZANA, fruto fresco",23520,"CAJA(S)","CHILE"
"1134","2022",6,"OFICINA PUESTO DE CONTROL MARITIMO - PROV. CONST. DEL CALLAO","AZUCAR BLANCA O REFINADA (lectura polarimetrica mayor 99.5°)",530000,"SACO(S)","GUATEMALA"
"1135","2022",6,"OFICINA PUESTO DE CONTROL MARITIMO - PROV. CONST. DEL CALLAO","AZUCAR BLANCA O REFINADA (lectura polarimetrica mayor 99.5°)",185500,"SACO(S)","GUATEMALA"
"1136","2022",6,"OFICINA PUESTO DE CONTROL AEREO -  PROV. CONST. DEL CALLAO","ARANDANO, planta in vitro",500,"CAJA(S)","EEUU"
"1137","2022",6,"SANTA ROSA, TACNA","KIWI, fruto fresco",8320,"CAJA(S)","CHILE"
"1138","2022",6,"SANTA ROSA, TACNA","PERA, fruta fresca",16128,"CAJA(S)","CHILE"
"1139","2022",6,"SANTA ROSA, TACNA","MANZANA, fruto fresco",23520,"CAJA(S)","CHILE"
"1140","2022",6,"PUESTO DE CONTROL TERRESTRE DESAGUADERO","SOYA, torta",23000,"GRANEL","BOLIVIA"
"1141","2022",6,"PUESTO DE CONTROL TERRESTRE DESAGUADERO","FREJOL, grano",87000,"SACO(S)","BOLIVIA"
"1142","2022",6,"SANTA ROSA, TACNA","MANZANA, fruto fresco",22680,"CAJA(S)","CHILE"
"1143","2022",6,"OFICINA PUESTO DE CONTROL AEREO -  PROV. CONST. DEL CALLAO","COCO, fibra en bruto (para cesteria)",8.5,"BOLSAS","SRI LANKA"
"1144","2022",6,"OFICINA PUESTO DE CONTROL MARITIMO - PROV. CONST. DEL CALLAO","MAIZ, harina",87600,"PACAS","COLOMBIA"
"1145","2022",6,"PUESTO DE CONTROL TERRESTRE DESAGUADERO","SOYA, harina",115000,"SACO(S)","BOLIVIA"
"1146","2022",6,"OFICINA PUESTO DE CONTROL MARITIMO - PROV. CONST. DEL CALLAO","AZUCAR CRUDA, sólido",125000,"SACO(S)","GUATEMALA"
"1147","2022",6,"OFICINA PUESTO DE CONTROL MARITIMO - PROV. CONST. DEL CALLAO","AZUCAR BLANCA O REFINADA (lectura polarimetrica mayor 99.5°)",265000,"SACO(S)","GUATEMALA"
"1148","2022",6,"OFICINA PUESTO DE CONTROL MARITIMO - PROV. CONST. DEL CALLAO","AZUCAR BLANCA O REFINADA (lectura polarimetrica mayor 99.5°)",265000,"SACO(S)","EL SALVADOR"
"1149","2022",6,"OFICINA PUESTO DE CONTROL MARITIMO - PROV. CONST. DEL CALLAO","AZUCAR CRUDA, sólido",250000,"SACO(S)","EL SALVADOR"
"1150","2022",6,"OFICINA PUESTO DE CONTROL MARITIMO - PROV. CONST. DEL CALLAO","AZUCAR CRUDA, sólido",250000,"SACO(S)","GUATEMALA"
"1151","2022",6,"OFICINA PUESTO DE CONTROL MARITIMO - PROV. CONST. DEL CALLAO","AZUCAR CRUDA, sólido",175000,"SACO(S)","COLOMBIA"
"1152","2022",6,"OFICINA PUESTO DE CONTROL AEREO -  PROV. CONST. DEL CALLAO","TE VERDE, triturado",20,"BOLSAS","ALEMANIA"
"1153","2022",6,"OFICINA PUESTO DE CONTROL AEREO -  PROV. CONST. DEL CALLAO","HARINA, mezcla",410,"BOLSAS","ALEMANIA"
"1154","2022",6,"SANTA ROSA, TACNA","MANZANA, fruto fresco",22344,"CAJA(S)","CHILE"
"1155","2022",6,"SANTA ROSA, TACNA","MANZANA, fruto fresco",23520,"CAJA(S)","CHILE"
"1156","2022",6,"OFICINA PUESTO DE CONTROL MARITIMO - PROV. CONST. DEL CALLAO","PINO, madera aserrada con algún proceso de la CRF2",24800,"PALETAS","CHINA"
"1157","2022",6,"OFICINA PUESTO DE CONTROL AEREO -  PROV. CONST. DEL CALLAO","TOMATE, semilla",30.841,"SACHETS","ISRAEL"
"1158","2022",6,"OFICINA PUESTO DE CONTROL AEREO -  PROV. CONST. DEL CALLAO","CEBOLLA, semilla",681,"SACHETS","ISRAEL"
"1159","2022",6,"OFICINA PUESTO DE CONTROL MARITIMO - PROV. CONST. DEL CALLAO","ALMENDRA, sin cáscara secado al natural",19958,"CAJA(S)","EEUU"
"1160","2022",6,"OFICINA PUESTO DE CONTROL AEREO -  PROV. CONST. DEL CALLAO","MAIZ, almidon",250,"BOLSAS","BRASIL"
"1161","2022",6,"OFICINA PUESTO DE CONTROL MARITIMO - PROV. CONST. DEL CALLAO","CANELA, corteza entera seca al natural",10080,"CAJA(S)","SRI LANKA"
"1162","2022",6,"SANTA ROSA, TACNA","MANZANA, fruto fresco",23520,"CAJA(S)","CHILE"
"1163","2022",6,"OFICINA PUESTO DE CONTROL MARITIMO - PROV. CONST. DEL CALLAO","CAUCHO, técnicamente especificado (TSNR)",20160,"PIEZAS","INDONESIA"
"1164","2022",6,"OFICINA PUESTO DE CONTROL MARITIMO - PROV. CONST. DEL CALLAO","CAUCHO, técnicamente especificado (TSNR)",80640,"PIEZAS","INDONESIA"
"1165","2022",6,"PUERTO DE SALAVERRY, LA LIBERTAD","SOYA, torta",2007940,"GRANEL","ARGENTINA"
"1166","2022",6,"SANTA ROSA, TACNA","MANZANA, fruto fresco",23520,"CAJA(S)","CHILE"
"1167","2022",6,"SANTA ROSA, TACNA","MANZANA, fruto fresco",23520,"CAJA(S)","CHILE"
"1168","2022",6,"SANTA ROSA, TACNA","MANZANA, fruto fresco",23520,"CAJA(S)","CHILE"
"1169","2022",6,"PUESTO DE CONTROL TERRESTRE DESAGUADERO","MANI, grano sin cáscara",58000,"SACO(S)","BOLIVIA"
"1170","2022",6,"PUESTO DE CONTROL TERRESTRE DESAGUADERO","SOYA, torta",27980,"GRANEL","BOLIVIA"
"1171","2022",6,"IÑAPARI, MADRE DE DIOS","MAIZ AMARILLO DURO, grano",32000,"SACO(S)","BRASIL"
"1172","2022",6,"PUESTO DE CONTROL TERRESTRE DESAGUADERO","AZUCAR BLANCA O REFINADA (lectura polarimetrica mayor 99.5°)",83500,"SACO(S)","BOLIVIA"
"1173","2022",6,"PUESTO DE CONTROL TERRESTRE DESAGUADERO","SOYA, torta",1e+05,"SACO(S)","BOLIVIA"
"1174","2022",6,"OFICINA PUESTO DE CONTROL MARITIMO - PROV. CONST. DEL CALLAO","MAIZ, almidon",110000,"SACO(S)","CHINA"
"1175","2022",6,"SANTA ROSA, TACNA","MANZANA, fruto fresco",23520,"CAJA(S)","CHILE"
"1176","2022",6,"OFICINA PUESTO DE CONTROL MARITIMO - PROV. CONST. DEL CALLAO","LENTEJA, grano",257277,"SACO(S)","CANADA"
"1177","2022",6,"OFICINA PUESTO DE CONTROL MARITIMO - PROV. CONST. DEL CALLAO","LENTEJA, grano",236772,"SACO(S)","CANADA"
"1178","2022",6,"OFICINA PUESTO DE CONTROL MARITIMO - PROV. CONST. DEL CALLAO","TRIGO, gluten",19550,"SACO(S)","FRANCIA"
"1179","2022",6,"PUESTO DE CONTROL- CEBAF","ROSA, flores frescas cortadas",6270,"CAJA(S)","ECUADOR"
"1180","2022",6,"PUESTO DE CONTROL- CEBAF","CLAVEL, flores frescas cortadas",1407,"CAJA(S)","ECUADOR"
"1181","2022",6,"PUESTO DE CONTROL- CEBAF","CRISANTEMO, flores frescas cortadas",893,"CAJA(S)","ECUADOR"
"1182","2022",6,"PUESTO DE CONTROL- CEBAF","LILIUM (=AZUCENA), flores frescas cortadas",1102,"CAJA(S)","ECUADOR"
"1183","2022",6,"PUESTO DE CONTROL TERRESTRE DESAGUADERO","SOYA, torta",1e+05,"SACO(S)","BOLIVIA"
"1184","2022",6,"PUESTO DE CONTROL TERRESTRE DESAGUADERO","AZUCAR BLANCA O REFINADA (lectura polarimetrica mayor 99.5°)",116000,"SACO(S)","BOLIVIA"
"1185","2022",6,"PUESTO DE CONTROL TERRESTRE DESAGUADERO","AZUCAR BLANCA O REFINADA (lectura polarimetrica mayor 99.5°)",56000,"SACO(S)","BOLIVIA"
"1186","2022",6,"PUESTO DE CONTROL TERRESTRE DESAGUADERO","AZUCAR BLANCA O REFINADA (lectura polarimetrica mayor 99.5°)",56000,"SACO(S)","BOLIVIA"
"1187","2022",6,"OFICINA PUESTO DE CONTROL MARITIMO - PROV. CONST. DEL CALLAO","LENTEJA, grano",49896,"SACO(S)","CANADA"
"1188","2022",6,"PUESTO DE CONTROL TERRESTRE DESAGUADERO","SOYA, torta",56000,"GRANEL","BOLIVIA"
"1189","2022",6,"PUESTO DE CONTROL TERRESTRE DESAGUADERO","SOYA, torta",55820,"SACO(S)","BOLIVIA"
"1190","2022",6,"PUESTO DE CONTROL TERRESTRE DESAGUADERO","SOYA, torta",27500,"GRANEL","BOLIVIA"
"1191","2022",6,"PUESTO DE CONTROL TERRESTRE DESAGUADERO","SOYA, torta",176000,"SACO(S)","BOLIVIA"
"1192","2022",6,"PUESTO DE CONTROL TERRESTRE DESAGUADERO","SOYA, torta",82600,"SACO(S)","BOLIVIA"
"1193","2022",6,"PUESTO DE CONTROL TERRESTRE DESAGUADERO","SOYA, harina",177000,"SACO(S)","BOLIVIA"
"1194","2022",6,"PUESTO DE CONTROL TERRESTRE DESAGUADERO","SOYA, torta",85000,"GRANEL","BOLIVIA"
"1195","2022",6,"PUESTO DE CONTROL TERRESTRE DESAGUADERO","SOYA, torta",87000,"GRANEL","BOLIVIA"
"1196","2022",6,"OFICINA PUESTO DE CONTROL AEREO -  PROV. CONST. DEL CALLAO","PIÑON BLANCO, grano seco industrial",29.24,"BOLSAS","EEUU"
"1197","2022",6,"SANTA ROSA, TACNA","MANZANA, fruto fresco",23520,"CAJA(S)","CHILE"
"1198","2022",6,"OFICINA PUESTO DE CONTROL MARITIMO - PROV. CONST. DEL CALLAO","LENTEJA, grano",74163,"SACO(S)","CANADA"
"1199","2022",6,"PUESTO DE CONTROL TERRESTRE DESAGUADERO","AZUCAR BLANCA O REFINADA (lectura polarimetrica mayor 99.5°)",57000,"SACO(S)","BOLIVIA"
"1200","2022",6,"OFICINA PUESTO DE CONTROL MARITIMO - PROV. CONST. DEL CALLAO","LENTEJA, grano",165109,"SACO(S)","EEUU"
"1201","2022",6,"OFICINA PUESTO DE CONTROL MARITIMO - PROV. CONST. DEL CALLAO","MADERA, encofrados para hormigón con algún proceso de la CRF2",29418,"UNIDADES","AUSTRIA"
"1202","2022",6,"OFICINA PUESTO DE CONTROL MARITIMO - PROV. CONST. DEL CALLAO","MADERA, encofrados para hormigón con algún proceso de la CRF2",1908,"UNIDADES","AUSTRIA"
"1203","2022",6,"PUESTO DE CONTROL TERRESTRE DESAGUADERO","AZUCAR BLANCA O REFINADA (lectura polarimetrica mayor 99.5°)",114000,"SACO(S)","BOLIVIA"
"1204","2022",6,"OFICINA PUESTO DE CONTROL MARITIMO - PROV. CONST. DEL CALLAO","MADERA, encofrados para hormigón con algún proceso de la CRF2",12455,"UNIDADES","AUSTRIA"
"1205","2022",6,"OFICINA PUESTO DE CONTROL MARITIMO - PROV. CONST. DEL CALLAO","AZUCAR BLANCA O REFINADA (lectura polarimetrica mayor 99.5°)",185500,"SACO(S)","COLOMBIA"
"1206","2022",6,"OFICINA PUESTO DE CONTROL MARITIMO - PROV. CONST. DEL CALLAO","MAIZ, almidon",75000,"BOLSAS","ARGENTINA"
"1207","2022",6,"PUESTO DE CONTROL TERRESTRE DESAGUADERO","AZUCAR BLANCA O REFINADA (lectura polarimetrica mayor 99.5°)",28500,"SACO(S)","BOLIVIA"
"1208","2022",6,"PUESTO DE CONTROL TERRESTRE DESAGUADERO","AZUCAR BLANCA O REFINADA (lectura polarimetrica mayor 99.5°)",87000,"SACO(S)","BOLIVIA"
"1209","2022",6,"PUESTO DE CONTROL TERRESTRE DESAGUADERO","AZUCAR BLANCA O REFINADA (lectura polarimetrica mayor 99.5°)",87000,"SACO(S)","BOLIVIA"
"1210","2022",6,"PUESTO DE CONTROL TERRESTRE DESAGUADERO","AZUCAR CRUDA, sólido",144000,"SACO(S)","BOLIVIA"
"1211","2022",6,"PUESTO DE CONTROL TERRESTRE DESAGUADERO","AZUCAR BLANCA O REFINADA (lectura polarimetrica mayor 99.5°)",174000,"SACO(S)","BOLIVIA"
"1212","2022",6,"OFICINA PUESTO DE CONTROL MARITIMO - PROV. CONST. DEL CALLAO","ALGODON, fibra sin cardar ni peinar (>22.22 mm = o <28.57 mm)",216100,"FARDOS","EEUU"
"1213","2022",6,"OFICINA PUESTO DE CONTROL MARITIMO - PROV. CONST. DEL CALLAO","ALGODON, fibra sin cardar ni peinar (>22.22 mm = o <28.57 mm)",98880,"FARDOS","EEUU"
"1214","2022",6,"PUESTO DE CONTROL TERRESTRE DESAGUADERO","SOYA, grano",58000,"SACO(S)","BOLIVIA"
"1215","2022",6,"PUESTO DE CONTROL TERRESTRE DESAGUADERO","SOYA, torta",55400,"GRANEL","BOLIVIA"
"1216","2022",6,"PUESTO DE CONTROL TERRESTRE DESAGUADERO","SOYA, torta",56010,"GRANEL","BOLIVIA"
"1217","2022",6,"PUESTO DE CONTROL TERRESTRE DESAGUADERO","SOYA, torta",54500,"GRANEL","BOLIVIA"
"1218","2022",6,"PUESTO DE CONTROL TERRESTRE DESAGUADERO","SOYA, grano",142000,"GRANEL","BOLIVIA"
"1219","2022",6,"PUESTO DE CONTROL TERRESTRE DESAGUADERO","SOYA, grano",28000,"GRANEL","BOLIVIA"
"1220","2022",6,"PUESTO DE CONTROL TERRESTRE DESAGUADERO","SOYA, grano",54000,"GRANEL","BOLIVIA"
"1221","2022",6,"PUESTO DE CONTROL TERRESTRE DESAGUADERO","SOYA, grano",50000,"GRANEL","BOLIVIA"
"1222","2022",6,"PUESTO DE CONTROL TERRESTRE DESAGUADERO","SOYA, grano",28000,"GRANEL","BOLIVIA"
"1223","2022",6,"PUESTO DE CONTROL TERRESTRE DESAGUADERO","SOYA, grano",50000,"GRANEL","BOLIVIA"
"1224","2022",6,"PUESTO DE CONTROL TERRESTRE DESAGUADERO","SOYA, grano",50000,"GRANEL","BOLIVIA"
"1225","2022",6,"PUESTO DE CONTROL TERRESTRE DESAGUADERO","SOYA, grano",50000,"GRANEL","BOLIVIA"
"1226","2022",6,"PUESTO DE CONTROL TERRESTRE DESAGUADERO","SOYA, grano",55500,"GRANEL","BOLIVIA"
"1227","2022",6,"PUESTO DE CONTROL TERRESTRE DESAGUADERO","SOYA, grano",27980,"GRANEL","BOLIVIA"
"1228","2022",6,"PUESTO DE CONTROL TERRESTRE DESAGUADERO","SOYA, grano",25000,"GRANEL","BOLIVIA"
"1229","2022",6,"PUESTO DE CONTROL TERRESTRE DESAGUADERO","SOYA, grano",84000,"GRANEL","BOLIVIA"
"1230","2022",6,"OFICINA PUESTO DE CONTROL AEREO -  PROV. CONST. DEL CALLAO","ARANDANO, planta",101,"CAJA(S)","EEUU"
"1231","2022",6,"OFICINA PUESTO DE CONTROL AEREO -  PROV. CONST. DEL CALLAO","ARANDANO, planta in vitro",9,"TUBOS","EEUU"
"1232","2022",6,"PUESTO DE CONTROL TERRESTRE DESAGUADERO","SOYA, torta",113156,"SACO(S)","BOLIVIA"
"1233","2022",6,"PUESTO DE CONTROL TERRESTRE DESAGUADERO","SOYA, torta",116000,"SACO(S)","BOLIVIA"
"1234","2022",6,"SANTA ROSA, TACNA","NARANJA, fruto fresco",21600,"CAJA(S)","CHILE"
"1235","2022",6,"PUESTO DE CONTROL TERRESTRE DESAGUADERO","SOYA, torta",84000,"GRANEL","BOLIVIA"
"1236","2022",6,"PUESTO DE CONTROL TERRESTRE DESAGUADERO","SOYA, torta",56580,"GRANEL","BOLIVIA"
"1237","2022",6,"PUESTO DE CONTROL TERRESTRE DESAGUADERO","SOYA, torta",56700,"GRANEL","BOLIVIA"
"1238","2022",6,"PUESTO DE CONTROL TERRESTRE DESAGUADERO","SOYA, torta",28000,"GRANEL","BOLIVIA"
"1239","2022",6,"PUESTO DE CONTROL TERRESTRE DESAGUADERO","SOYA, torta",55000,"GRANEL","BOLIVIA"
"1240","2022",6,"PUESTO DE CONTROL TERRESTRE DESAGUADERO","SOYA, torta",28000,"GRANEL","BOLIVIA"
"1241","2022",6,"PUESTO DE CONTROL TERRESTRE DESAGUADERO","SOYA, torta",59000,"GRANEL","BOLIVIA"
"1242","2022",6,"PUESTO DE CONTROL TERRESTRE DESAGUADERO","AZUCAR BLANCA O REFINADA (lectura polarimetrica mayor 99.5°)",116000,"SACO(S)","BOLIVIA"
"1243","2022",6,"PUESTO DE CONTROL TERRESTRE DESAGUADERO","SOYA, grano",28000,"GRANEL","BOLIVIA"
"1244","2022",6,"PUESTO DE CONTROL TERRESTRE DESAGUADERO","SOYA, grano",28000,"GRANEL","BOLIVIA"
"1245","2022",6,"PUESTO DE CONTROL TERRESTRE DESAGUADERO","SOYA, grano",28000,"GRANEL","BOLIVIA"
"1246","2022",6,"OFICINA PUESTO DE CONTROL MARITIMO - PROV. CONST. DEL CALLAO","ALGODON, fibra sin cardar ni peinar (>22.22 mm = o <28.57 mm)",36324,"FARDOS","EEUU"
"1247","2022",6,"IÑAPARI, MADRE DE DIOS","NUEZ DEL BRASIL, con cáscara seca al natural",28140,"SACO(S)","BRASIL"
"1248","2022",6,"IÑAPARI, MADRE DE DIOS","NUEZ DEL BRASIL, con cáscara seca al natural",28140,"SACO(S)","BRASIL"
"1249","2022",6,"PUESTO DE CONTROL TERRESTRE DESAGUADERO","SOYA, torta",115800,"SACO(S)","BOLIVIA"
"1250","2022",6,"IÑAPARI, MADRE DE DIOS","MAIZ AMARILLO DURO, grano",94000,"SACO(S)","BRASIL"
"1251","2022",6,"PUESTO DE CONTROL- CEBAF","CAÑA DE GUAYAQUIL, seca al natural",34000,"UNIDADES","ECUADOR"
"1252","2022",6,"OFICINA PUESTO DE CONTROL MARITIMO - PROV. CONST. DEL CALLAO","ARVEJA, grano partido",69400,"SACO(S)","EEUU"
"1253","2022",6,"OFICINA PUESTO DE CONTROL MARITIMO - PROV. CONST. DEL CALLAO","PINO, madera aserrada con tratamiento de secado al horno impregnación de sales",38275,"PAQUETES","CHILE"
"1254","2022",6,"OFICINA PUESTO DE CONTROL AEREO -  PROV. CONST. DEL CALLAO","COCO, rallado seco industrial",250,"BOLSAS","CHILE"
"1255","2022",6,"OFICINA PUESTO DE CONTROL MARITIMO - PROV. CONST. DEL CALLAO","ARVEJA, grano partido",74163,"SACO(S)","CANADA"
"1256","2022",6,"OFICINA PUESTO DE CONTROL AEREO -  PROV. CONST. DEL CALLAO","TOMATE, semilla",0.031,"SACHETS","HOLANDA"
"1257","2022",6,"OFICINA PUESTO DE CONTROL AEREO -  PROV. CONST. DEL CALLAO","PIMIENTO, semilla",0.201,"SACHETS","JAPON"
"1258","2022",6,"OFICINA PUESTO DE CONTROL AEREO -  PROV. CONST. DEL CALLAO","PIMIENTO, semilla",0.399,"SACHETS","ESPAÑA"
"1259","2022",6,"OFICINA PUESTO DE CONTROL AEREO -  PROV. CONST. DEL CALLAO","TOMATE, semilla",0.041,"SACHETS","HOLANDA"
"1260","2022",6,"OFICINA PUESTO DE CONTROL MARITIMO - PROV. CONST. DEL CALLAO","ALGODON, fibra sin cardar ni peinar (>34.92 mm)",113660,"FARDOS","EEUU"
"1261","2022",6,"PUESTO DE CONTROL TERRESTRE DESAGUADERO","SOYA, torta",146000,"SACO(S)","BOLIVIA"
"1262","2022",6,"SANTA ROSA, TACNA","TRACTOR USADO, con motor de potencia superior a 33 kW pero inferior o igual a 75 kW",800,"UNIDADES","CHILE"
"1263","2022",6,"PUESTO DE CONTROL TERRESTRE DESAGUADERO","SOYA, torta",27000,"GRANEL","BOLIVIA"
"1264","2022",6,"PUESTO DE CONTROL TERRESTRE DESAGUADERO","SOYA, torta",56000,"GRANEL","BOLIVIA"
"1265","2022",6,"PUESTO DE CONTROL TERRESTRE DESAGUADERO","SOYA, torta",55000,"GRANEL","BOLIVIA"
"1266","2022",6,"OFICINA PUESTO DE CONTROL MARITIMO - PROV. CONST. DEL CALLAO","PINO, madera aserrada, con tratamiento de secado al horno o impregnación de sales",66926,"PAQUETES","CHILE"
"1267","2022",6,"PUESTO DE CONTROL TERRESTRE DESAGUADERO","SOYA, torta",112000,"GRANEL","BOLIVIA"
"1268","2022",6,"OFICINA PUESTO DE CONTROL MARITIMO - PROV. CONST. DEL CALLAO","PINO, madera aserrada, con tratamiento de secado al horno o impregnación de sales",19475,"PAQUETES","CHILE"
"1269","2022",6,"OFICINA PUESTO DE CONTROL MARITIMO - PROV. CONST. DEL CALLAO","ACHIOTE, grano",79000,"SACO(S)","GUATEMALA"
"1270","2022",6,"PUESTO DE CONTROL TERRESTRE DESAGUADERO","SOYA, torta",82000,"GRANEL","BOLIVIA"
"1271","2022",6,"PUESTO DE CONTROL TERRESTRE DESAGUADERO","SOYA, torta",84000,"GRANEL","BOLIVIA"
"1272","2022",6,"PUESTO DE CONTROL TERRESTRE DESAGUADERO","SOYA, torta",56000,"GRANEL","BOLIVIA"
"1273","2022",6,"PUESTO DE CONTROL TERRESTRE DESAGUADERO","SOYA, torta",56000,"GRANEL","BOLIVIA"
"1274","2022",6,"OFICINA PUESTO DE CONTROL MARITIMO - PROV. CONST. DEL CALLAO","PAPA, fécula",44000,"SACO(S)","POLONIA"
"1275","2022",6,"OFICINA PUESTO DE CONTROL MARITIMO - PROV. CONST. DEL CALLAO","ARROZ, grano pulido o pilado var. basmati",10300,"BOLSAS","INDIA"
"1276","2022",6,"OFICINA PUESTO DE CONTROL MARITIMO - PROV. CONST. DEL CALLAO","TRIGO, harina",2000,"BOLSAS","INDIA"
"1277","2022",6,"OFICINA PUESTO DE CONTROL MARITIMO - PROV. CONST. DEL CALLAO","HARINA, de los demas cereales",900,"BOLSAS","INDIA"
"1278","2022",6,"OFICINA PUESTO DE CONTROL MARITIMO - PROV. CONST. DEL CALLAO","ALGODON, fibra sin cardar ni peinar (>28.57 mm = o <34.92 mm)",79120,"FARDOS","EEUU"
"1279","2022",6,"PUESTO DE CONTROL TERRESTRE DESAGUADERO","MANI, grano sin cáscara",112000,"SACO(S)","BOLIVIA"
"1280","2022",6,"OFICINA PUESTO DE CONTROL MARITIMO - PROV. CONST. DEL CALLAO","TRACTOR USADO, con motor de potencia superior a 130KW",31536.425,"UNIDADES","EEUU"
"1281","2022",6,"OFICINA PUESTO DE CONTROL MARITIMO - PROV. CONST. DEL CALLAO","YUCA, harina",20,"CAJA(S)","TAILANDIA"
"1282","2022",6,"OFICINA PUESTO DE CONTROL MARITIMO - PROV. CONST. DEL CALLAO","YUCA (=MANDIOCA), fécula",55500,"CAJA(S)","TAILANDIA"
"1283","2022",6,"PUESTO DE CONTROL TERRESTRE DESAGUADERO","SOYA, torta",25530,"GRANEL","BOLIVIA"
"1284","2022",6,"PUESTO DE CONTROL TERRESTRE DESAGUADERO","SOYA, torta",27350,"GRANEL","BOLIVIA"
"1285","2022",6,"PUESTO DE CONTROL TERRESTRE DESAGUADERO","SOYA, torta",58204,"SACO(S)","BOLIVIA"
"1286","2022",6,"PUESTO DE CONTROL TERRESTRE DESAGUADERO","SOYA, torta",75080,"GRANEL","BOLIVIA"
"1287","2022",6,"PUESTO DE CONTROL TERRESTRE DESAGUADERO","SOYA, torta",28114,"SACO(S)","BOLIVIA"
"1288","2022",6,"PUESTO DE CONTROL TERRESTRE DESAGUADERO","SOYA, harina",28523,"SACO(S)","BOLIVIA"
"1289","2022",6,"PUESTO DE CONTROL TERRESTRE DESAGUADERO","SOYA, torta",27070,"GRANEL","BOLIVIA"
"1290","2022",6,"PUESTO DE CONTROL TERRESTRE DESAGUADERO","SOYA, torta",83500,"GRANEL","BOLIVIA"
"1291","2022",6,"PUESTO DE CONTROL TERRESTRE DESAGUADERO","SOYA, torta",25390,"GRANEL","BOLIVIA"
"1292","2022",6,"PUESTO DE CONTROL TERRESTRE DESAGUADERO","SOYA, torta",81000,"GRANEL","BOLIVIA"
"1293","2022",6,"PUESTO DE CONTROL TERRESTRE DESAGUADERO","SOYA, torta",55778,"SACO(S)","BOLIVIA"
"1294","2022",6,"PUESTO DE CONTROL TERRESTRE DESAGUADERO","SOYA, torta",104000,"GRANEL","BOLIVIA"
"1295","2022",6,"PUESTO DE CONTROL TERRESTRE DESAGUADERO","SOYA, torta",54270,"GRANEL","BOLIVIA"
"1296","2022",6,"PUESTO DE CONTROL TERRESTRE DESAGUADERO","SOYA, torta",56000,"GRANEL","BOLIVIA"
"1297","2022",6,"PUESTO DE CONTROL TERRESTRE DESAGUADERO","SOYA, torta",75000,"GRANEL","BOLIVIA"
"1298","2022",6,"PUESTO DE CONTROL TERRESTRE DESAGUADERO","SOYA, torta",56000,"GRANEL","BOLIVIA"
"1299","2022",6,"PUESTO DE CONTROL TERRESTRE DESAGUADERO","SOYA, torta",24819,"SACO(S)","BOLIVIA"
"1300","2022",6,"PUESTO DE CONTROL TERRESTRE DESAGUADERO","SOYA, harina",24899,"SACO(S)","BOLIVIA"
"1301","2022",6,"PUESTO DE CONTROL TERRESTRE DESAGUADERO","SOYA, torta",28560,"GRANEL","BOLIVIA"
"1302","2022",6,"PUESTO DE CONTROL TERRESTRE DESAGUADERO","SOYA, torta",49988,"SACO(S)","BOLIVIA"
"1303","2022",6,"PUESTO DE CONTROL TERRESTRE DESAGUADERO","SOYA, torta",28020,"GRANEL","BOLIVIA"
"1304","2022",6,"PUESTO DE CONTROL TERRESTRE DESAGUADERO","SOYA, torta",84000,"GRANEL","BOLIVIA"
"1305","2022",6,"OFICINA PUESTO DE CONTROL MARITIMO - PROV. CONST. DEL CALLAO","LINAZA, grano",47854,"SACO(S)","CANADA"
"1306","2022",6,"PUESTO DE CONTROL TERRESTRE DESAGUADERO","SOYA, torta",54520,"GRANEL","BOLIVIA"
"1307","2022",6,"OFICINA PUESTO DE CONTROL MARITIMO - PROV. CONST. DEL CALLAO","ALMENDRA, sin cáscara secado al natural",19799.64,"CAJA(S)","EEUU"
"1308","2022",6,"OFICINA PUESTO DE CONTROL MARITIMO - PROV. CONST. DEL CALLAO","NUEZ, con cáscara seca al natural",20000,"SACO(S)","CHILE"
"1309","2022",6,"OFICINA PUESTO DE CONTROL MARITIMO - PROV. CONST. DEL CALLAO","ALBARICOQUE (=DAMASCO), seco industrial",5000,"CAJA(S)","ARGENTINA"
"1310","2022",6,"OFICINA PUESTO DE CONTROL MARITIMO - PROV. CONST. DEL CALLAO","CIRUELA, seca industrialmente",9000,"CAJA(S)","ARGENTINA"
"1311","2022",6,"OFICINA PUESTO DE CONTROL MARITIMO - PROV. CONST. DEL CALLAO","DURAZNO, seco industrial",5000,"CAJA(S)","ARGENTINA"
"1312","2022",6,"PUESTO DE CONTROL TERRESTRE DESAGUADERO","MANI, grano sin cáscara",82500,"SACO(S)","BOLIVIA"
"1313","2022",6,"PUESTO DE CONTROL TERRESTRE DESAGUADERO","SOYA, harina",116000,"SACO(S)","BOLIVIA"
"1314","2022",6,"PUESTO DE CONTROL TERRESTRE DESAGUADERO","SOYA, harina",116000,"SACO(S)","BOLIVIA"
"1315","2022",6,"OFICINA PUESTO DE CONTROL MARITIMO - PROV. CONST. DEL CALLAO","MAIZ, harina",84000,"PACAS","COLOMBIA"
"1316","2022",6,"OFICINA PUESTO DE CONTROL MARITIMO - PROV. CONST. DEL CALLAO","ARROZ, parbolizado pulido o sin cáscara",129925,"SACO(S)","BRASIL"
"1317","2022",6,"PUESTO DE CONTROL TERRESTRE DESAGUADERO","AZUCAR CRUDA, sólido",141000,"SACO(S)","BOLIVIA"
"1318","2022",6,"OFICINA PUESTO DE CONTROL AEREO -  PROV. CONST. DEL CALLAO","MELON, semilla",0.555,"SACHETS","HOLANDA"
"1319","2022",6,"OFICINA PUESTO DE CONTROL AEREO -  PROV. CONST. DEL CALLAO","SANDIA, semilla",3.96,"SACHETS","HOLANDA"
"1320","2022",6,"OFICINA PUESTO DE CONTROL AEREO -  PROV. CONST. DEL CALLAO","SANDIA, semilla",8.078,"SACHETS","EEUU"
"1321","2022",6,"OFICINA PUESTO DE CONTROL MARITIMO - PROV. CONST. DEL CALLAO","PINO, madera aserrada con algún proceso de la CRF2",46150,"PAQUETES","CHILE"
"1322","2022",6,"OFICINA PUESTO DE CONTROL MARITIMO - PROV. CONST. DEL CALLAO","PINO, madera aserrada con algún proceso de la CRF2",21510,"PAQUETES","CHILE"
"1323","2022",6,"OFICINA PUESTO DE CONTROL MARITIMO - PROV. CONST. DEL CALLAO","PINO, madera aserrada con algún proceso de la CRF2",45470,"PAQUETES","CHILE"
"1324","2022",6,"PUESTO DE CONTROL TERRESTRE DESAGUADERO","SOYA, torta",146000,"SACO(S)","BOLIVIA"
"1325","2022",6,"OFICINA PUESTO DE CONTROL MARITIMO - PROV. CONST. DEL CALLAO","CEBOLLA, triturada o pulverizada",5000,"CAJA(S)","CHINA"
"1326","2022",6,"OFICINA PUESTO DE CONTROL MARITIMO - PROV. CONST. DEL CALLAO","AJO, polvo",13000,"CAJA(S)","CHINA"
"1327","2022",6,"OFICINA PUESTO DE CONTROL MARITIMO - PROV. CONST. DEL CALLAO","ARROZ, parbolizado pulido o sin cáscara",75000,"SACO(S)","URUGUAY"
"1328","2022",6,"OFICINA PUESTO DE CONTROL MARITIMO - PROV. CONST. DEL CALLAO","ARROZ, grano pilado",250000,"GRANEL","URUGUAY"
"1329","2022",6,"OFICINA PUESTO DE CONTROL MARITIMO - PROV. CONST. DEL CALLAO","ARROZ, grano pilado",250000,"GRANEL","URUGUAY"
"1330","2022",6,"OFICINA PUESTO DE CONTROL MARITIMO - PROV. CONST. DEL CALLAO","MANZANA, fruto fresco",17604,"CAJA(S)","EEUU"
"1331","2022",6,"OFICINA PUESTO DE CONTROL MARITIMO - PROV. CONST. DEL CALLAO","YUTE, tejido o de las demas fibras textiles con algun proceso de CRF2",67,"UNIDADES","INDIA"
"1332","2022",6,"OFICINA PUESTO DE CONTROL MARITIMO - PROV. CONST. DEL CALLAO","YUTE, tejido o de las demas fibras textiles con algun proceso de CRF2",1216.596,"UNIDADES","INDIA"
"1333","2022",6,"OFICINA PUESTO DE CONTROL MARITIMO - PROV. CONST. DEL CALLAO","TURBA",125950,"FARDOS","LETONIA"
"1334","2022",6,"OFICINA PUESTO DE CONTROL AEREO -  PROV. CONST. DEL CALLAO","CORCHO, tapones",0.04,"BOLSAS","EEUU"
"1335","2022",6,"OFICINA PUESTO DE CONTROL MARITIMO - PROV. CONST. DEL CALLAO","MAIZ, harina",26000,"PACAS","COLOMBIA"
"1336","2022",6,"PUESTO DE CONTROL TERRESTRE DESAGUADERO","GIRASOL, torta",83000,"GRANEL","BOLIVIA"
"1337","2022",6,"SANTA ROSA, TACNA","MANZANA, fruto fresco",23520,"CAJA(S)","CHILE"
"1338","2022",6,"SANTA ROSA, TACNA","MANZANA, fruto fresco",23520,"CAJA(S)","CHILE"
"1339","2022",6,"SANTA ROSA, TACNA","MANZANA, fruto fresco",23520,"CAJA(S)","CHILE"
"1340","2022",6,"SANTA ROSA, TACNA","MANZANA, fruto fresco",23520,"CAJA(S)","CHILE"
"1341","2022",6,"PUESTO DE CONTROL TERRESTRE DESAGUADERO","AZUCAR BLANCA O REFINADA (lectura polarimetrica mayor 99.5°)",145000,"SACO(S)","BOLIVIA"
"1342","2022",6,"OFICINA PUESTO DE CONTROL MARITIMO - PROV. CONST. DEL CALLAO","ALMENDRA, sin cáscara, secado industrial",19958.4,"CAJA(S)","EEUU"
"1343","2022",6,"OFICINA PUESTO DE CONTROL AEREO -  PROV. CONST. DEL CALLAO","EUCALIPTO, semilla",2,"BOLSAS","ARGENTINA"
"1344","2022",6,"OFICINA PUESTO DE CONTROL MARITIMO - PROV. CONST. DEL CALLAO","ALGODON, fibra sin cardar ni peinar (>28.57 mm = o <34.92 mm)",39260,"FARDOS","EEUU"
"1345","2022",6,"OFICINA PUESTO DE CONTROL MARITIMO - PROV. CONST. DEL CALLAO","Arados usados
",238.174,"UNIDADES","BELICE"
"1346","2022",6,"OFICINA PUESTO DE CONTROL MARITIMO - PROV. CONST. DEL CALLAO","Maquinas y apartatos para pulir grano, usados
",119.087,"UNIDADES","BELICE"
"1347","2022",6,"OFICINA PUESTO DE CONTROL MARITIMO - PROV. CONST. DEL CALLAO","Las demas maquinarias y aparatos, usados 
",14.886,"UNIDADES","BELICE"
"1348","2022",6,"OFICINA PUESTO DE CONTROL MARITIMO - PROV. CONST. DEL CALLAO","LOS DEMAS TRACTORES USADOS, con motor de potencia inferior o igual a 18 kW (excepto las carretillas tractor de la partida 87.09)",5418.457,"UNIDADES","BELICE"
"1349","2022",6,"IÑAPARI, MADRE DE DIOS","MAIZ AMARILLO DURO, grano",64000,"SACO(S)","BRASIL"
"1350","2022",6,"OFICINA PUESTO DE CONTROL MARITIMO - PROV. CONST. DEL CALLAO","PAPA, fécula",110000,"BOLSAS","ALEMANIA"
"1351","2022",6,"OFICINA PUESTO DE CONTROL MARITIMO - PROV. CONST. DEL CALLAO","PINO, madera aserrada con algún proceso de la CRF2",48220,"PAQUETES","CHILE"
"1352","2022",6,"OFICINA PUESTO DE CONTROL AEREO -  PROV. CONST. DEL CALLAO","GIRASOL, semilla",123.3263,"SOBRES ALUMINIZADOS","EEUU"
"1353","2022",6,"PUESTO DE CONTROL TERRESTRE DESAGUADERO","SOYA, torta",147300,"SACO(S)","BOLIVIA"
"1354","2022",6,"OFICINA PUESTO DE CONTROL MARITIMO - PROV. CONST. DEL CALLAO","PINO OREGON, madera aserrada",24150,"PIEZAS","EEUU"
"1355","2022",6,"OFICINA PUESTO DE CONTROL MARITIMO - PROV. CONST. DEL CALLAO","MAIZ AMARILLO DURO, grano",25295050,"GRANEL","ARGENTINA"
"1356","2022",6,"OFICINA PUESTO DE CONTROL MARITIMO - PROV. CONST. DEL CALLAO","SOYA, torta",6578630,"GRANEL","ARGENTINA"
"1357","2022",6,"OFICINA PUESTO DE CONTROL MARITIMO - PROV. CONST. DEL CALLAO","MAIZ, harina",56000,"PAQUETES","COLOMBIA"
"1358","2022",6,"PUESTO DE CONTROL TERRESTRE DESAGUADERO","MANI, grano sin cáscara",87000,"SACO(S)","BOLIVIA"
"1359","2022",6,"SANTA ROSA, TACNA","LENTEJA, grano",63957,"SACO(S)","CANADA"
"1360","2022",6,"OFICINA PUESTO DE CONTROL MARITIMO - PROV. CONST. DEL CALLAO","ALGODON, fibra sin cardar ni peinar (>22.22 mm = o <28.57 mm)",137330,"FARDOS","EEUU"
"1361","2022",6,"OFICINA PUESTO DE CONTROL MARITIMO - PROV. CONST. DEL CALLAO","ALGODON, fibra sin cardar ni peinar (>22.22 mm = o <28.57 mm)",78500,"FARDOS","EEUU"
"1362","2022",6,"OFICINA PUESTO DE CONTROL MARITIMO - PROV. CONST. DEL CALLAO","ALGODON, fibra sin cardar ni peinar (>22.22 mm = o <28.57 mm)",40580,"FARDOS","EEUU"
"1363","2022",6,"OFICINA PUESTO DE CONTROL AEREO -  PROV. CONST. DEL CALLAO","MARIPOSA, colección",0.22,"CAJA(S)",NA
"1364","2022",6,"OFICINA PUESTO DE CONTROL AEREO -  PROV. CONST. DEL CALLAO","TRIGO, harina",0.697,"BOLSAS","COLOMBIA"
"1365","2022",6,"OFICINA PUESTO DE CONTROL AEREO -  PROV. CONST. DEL CALLAO","GOJI, fruta seca industrial",37.1,"CAJA(S)","CANADA"
"1366","2022",6,"OFICINA PUESTO DE CONTROL AEREO -  PROV. CONST. DEL CALLAO","CAFE, semilla",3.64,"CAJA(S)","COSTA RICA"
"1367","2022",6,"OFICINA PUESTO DE CONTROL AEREO -  PROV. CONST. DEL CALLAO","CAFE, semilla",61.05,"CAJA(S)","COSTA RICA"
"1368","2022",6,"OFICINA PUESTO DE CONTROL MARITIMO - PROV. CONST. DEL CALLAO","ALGODON, fibra sin cardar ni peinar (>28.57 mm = o <34.92 mm)",95638,"FARDOS","EEUU"
"1369","2022",6,"PUESTO DE CONTROL TERRESTRE DESAGUADERO","SOYA, torta",205500,"SACO(S)","BOLIVIA"
"1370","2022",6,"PUESTO DE CONTROL TERRESTRE DESAGUADERO","SOYA, torta",172000,"SACO(S)","BOLIVIA"
"1371","2022",6,"OFICINA PUESTO DE CONTROL MARITIMO - PROV. CONST. DEL CALLAO","ALGODON, fibra sin cardar ni peinar (>34.92 mm)",106865,"FARDOS","EEUU"
"1372","2022",6,"PUESTO DE CONTROL TERRESTRE DESAGUADERO","SOYA, torta",178000,"SACO(S)","BOLIVIA"
"1373","2022",6,"PUESTO DE CONTROL TERRESTRE DESAGUADERO","SOYA, torta",55000,"GRANEL","BOLIVIA"
"1374","2022",6,"PUESTO DE CONTROL TERRESTRE DESAGUADERO","SOYA, torta",56350,"GRANEL","BOLIVIA"
"1375","2022",6,"PUESTO DE CONTROL TERRESTRE DESAGUADERO","SOYA, torta",56850,"GRANEL","BOLIVIA"
"1376","2022",6,"PUESTO DE CONTROL TERRESTRE DESAGUADERO","SOYA, torta",82000,"GRANEL","BOLIVIA"
"1377","2022",6,"PUESTO DE CONTROL TERRESTRE DESAGUADERO","SOYA, torta",83980,"GRANEL","BOLIVIA"
"1378","2022",6,"OFICINA PUESTO DE CONTROL MARITIMO - PROV. CONST. DEL CALLAO","ALGODON, fibra sin cardar ni peinar (>28.57 mm = o <34.92 mm)",19840,"FARDOS","EEUU"
"1379","2022",6,"OFICINA PUESTO DE CONTROL MARITIMO - PROV. CONST. DEL CALLAO","LAS DEMAS MATERIAS VEGETALES y desperdicios vegetales, residuos y subproductos vegetales",1000,"BOLSAS","EEUU"
"1380","2022",6,"PUESTO DE CONTROL TERRESTRE DESAGUADERO","SOYA, torta",142000,"SACO(S)","BOLIVIA"
"1381","2022",6,"PUESTO DE CONTROL TERRESTRE DESAGUADERO","SOYA, torta",141500,"SACO(S)","BOLIVIA"
"1382","2022",6,"PUESTO DE CONTROL TERRESTRE DESAGUADERO","AZUCAR BLANCA O REFINADA (lectura polarimetrica mayor 99.5°)",145000,"SACO(S)","BOLIVIA"
"1383","2022",6,"PUESTO DE CONTROL TERRESTRE DESAGUADERO","SOYA, torta",52000,"GRANEL","BOLIVIA"
"1384","2022",6,"IÑAPARI, MADRE DE DIOS","MAIZ AMARILLO DURO, grano",94000,"SACO(S)","BRASIL"
"1385","2022",6,"OFICINA PUESTO DE CONTROL MARITIMO - PROV. CONST. DEL CALLAO","AZUCAR BLANCA O REFINADA (lectura polarimetrica mayor 99.5°)",79500,"SACO(S)","COLOMBIA"
"1386","2022",6,"PUESTO DE CONTROL TERRESTRE DESAGUADERO","SOYA, harina",87000,"SACO(S)","BOLIVIA"
"1387","2022",6,"OFICINA PUESTO DE CONTROL MARITIMO - PROV. CONST. DEL CALLAO","ALMENDRA, sin cáscara secado al natural",19958.269,"CAJA(S)","EEUU"
"1388","2022",6,"OFICINA PUESTO DE CONTROL MARITIMO - PROV. CONST. DEL CALLAO","PINO, madera aserrada con algún proceso de la CRF2",46760,"PAQUETES","CHILE"
"1389","2022",6,"OFICINA PUESTO DE CONTROL MARITIMO - PROV. CONST. DEL CALLAO","PINO, madera aserrada con algún proceso de la CRF2",168250,"PAQUETES","CHILE"
"1390","2022",6,"OFICINA PUESTO DE CONTROL MARITIMO - PROV. CONST. DEL CALLAO","PINO, madera aserrada con algún proceso de la CRF2",129560,"PAQUETES","CHILE"
"1391","2022",6,"PUESTO DE CONTROL TERRESTRE DESAGUADERO","AZUCAR BLANCA O REFINADA (lectura polarimetrica mayor 99.5°)",113000,"SACO(S)","BOLIVIA"
"1392","2022",6,"PUESTO DE CONTROL TERRESTRE DESAGUADERO","SOYA, torta",57000,"GRANEL","BOLIVIA"
"1393","2022",6,"PUESTO DE CONTROL TERRESTRE DESAGUADERO","SOYA, torta",114000,"GRANEL","BOLIVIA"
"1394","2022",6,"PUESTO DE CONTROL TERRESTRE DESAGUADERO","SOYA, harina",28404,"SACO(S)","BOLIVIA"
"1395","2022",6,"PUESTO DE CONTROL TERRESTRE DESAGUADERO","SOYA, torta",27000,"GRANEL","BOLIVIA"
"1396","2022",6,"PUESTO DE CONTROL TERRESTRE DESAGUADERO","SOYA, torta",56900,"SACO(S)","BOLIVIA"
"1397","2022",6,"PUESTO DE CONTROL TERRESTRE DESAGUADERO","SOYA, torta",28174,"SACO(S)","BOLIVIA"
"1398","2022",6,"PUESTO DE CONTROL TERRESTRE DESAGUADERO","SOYA, torta",29000,"GRANEL","BOLIVIA"
"1399","2022",6,"PUESTO DE CONTROL TERRESTRE DESAGUADERO","SOYA, harina",27794,"SACO(S)","BOLIVIA"
"1400","2022",6,"PUESTO DE CONTROL TERRESTRE DESAGUADERO","SOYA, torta",27070,"GRANEL","BOLIVIA"
"1401","2022",6,"PUESTO DE CONTROL TERRESTRE DESAGUADERO","SOYA, torta",86000,"GRANEL","BOLIVIA"
"1402","2022",6,"OFICINA PUESTO DE CONTROL MARITIMO - PROV. CONST. DEL CALLAO","TURBA",203040,"BOLSAS","HOLANDA"
"1403","2022",6,"OFICINA PUESTO DE CONTROL AEREO -  PROV. CONST. DEL CALLAO","TOMATE, semilla",0.031,"SACHETS","FRANCIA"
"1404","2022",6,"OFICINA PUESTO DE CONTROL AEREO -  PROV. CONST. DEL CALLAO","MELON, semilla",1.344,"SACHETS","EEUU"
"1405","2022",6,"OFICINA PUESTO DE CONTROL AEREO -  PROV. CONST. DEL CALLAO","MELON, semilla",0.655602,"SACHETS","HOLANDA"
"1406","2022",6,"OFICINA PUESTO DE CONTROL AEREO -  PROV. CONST. DEL CALLAO","PIMIENTO, semilla",2.769,"SACHETS","HOLANDA"
"1407","2022",6,"OFICINA PUESTO DE CONTROL AEREO -  PROV. CONST. DEL CALLAO","PIMIENTO, semilla",1.202,"SACHETS","HOLANDA"
"1408","2022",6,"OFICINA PUESTO DE CONTROL AEREO -  PROV. CONST. DEL CALLAO","MELON, semilla",1.587,"SACHETS","HOLANDA"
"1409","2022",6,"PUESTO DE CONTROL TERRESTRE DESAGUADERO","AZUCAR BLANCA O REFINADA (lectura polarimetrica mayor 99.5°)",168000,"SACO(S)","BOLIVIA"
"1410","2022",6,"PUESTO DE CONTROL TERRESTRE DESAGUADERO","AZUCAR BLANCA O REFINADA (lectura polarimetrica mayor 99.5°)",172000,"SACO(S)","BOLIVIA"
"1411","2022",6,"PUESTO DE CONTROL TERRESTRE DESAGUADERO","AZUCAR BLANCA O REFINADA (lectura polarimetrica mayor 99.5°)",112000,"SACO(S)","BOLIVIA"
"1412","2022",6,"OFICINA PUESTO DE CONTROL MARITIMO - PROV. CONST. DEL CALLAO","MADERA, monturas y mangos de herramientas, monturas y mangos de cepillos, brochas o escobas, de madera; hormas, ensanchadores y tensores del calzado, de madera ; con algún proceso de la CRF 2",68.442,"CAJA(S)","ALEMANIA"
"1413","2022",6,"PUESTO DE CONTROL TERRESTRE DESAGUADERO","AZUCAR BLANCA O REFINADA (lectura polarimetrica mayor 99.5°)",83000,"SACO(S)","BOLIVIA"
"1414","2022",6,"PUESTO DE CONTROL TERRESTRE DESAGUADERO","SOYA, torta",175000,"SACO(S)","BOLIVIA"
"1415","2022",6,"OFICINA PUESTO DE CONTROL MARITIMO - PROV. CONST. DEL CALLAO","ALGODON, fibra sin cardar ni peinar (>22.22 mm = o <28.57 mm)",441460,"FARDOS","EEUU"
"1416","2022",6,"OFICINA PUESTO DE CONTROL MARITIMO - PROV. CONST. DEL CALLAO","PINO, madera aserrada con algún proceso de la CRF2",92740,"PAQUETES","CHILE"
"1417","2022",6,"OFICINA PUESTO DE CONTROL MARITIMO - PROV. CONST. DEL CALLAO","TURBA",108600,"PACAS","LITUANIA"
"1418","2022",6,"OFICINA PUESTO DE CONTROL MARITIMO - PROV. CONST. DEL CALLAO","MADERA, cajas con algún proceso de la CRF 2",144264.708,"UNIDADES","CHILE"
"1419","2022",6,"OFICINA PUESTO DE CONTROL MARITIMO - PROV. CONST. DEL CALLAO","PINO, madera aserrada con algún proceso de la CRF2",12979.292,"PAQUETES","CHILE"
"1420","2022",6,"OFICINA PUESTO DE CONTROL MARITIMO - PROV. CONST. DEL CALLAO","ARROZ, parbolizado pulido o sin cáscara",156000,"SACO(S)","BRASIL"
"1421","2022",6,"PUESTO DE CONTROL TERRESTRE DESAGUADERO","SOYA, torta",56000,"GRANEL","BOLIVIA"
"1422","2022",6,"PUESTO DE CONTROL TERRESTRE DESAGUADERO","SOYA, torta",29000,"GRANEL","BOLIVIA"
"1423","2022",6,"PUESTO DE CONTROL TERRESTRE DESAGUADERO","SOYA, torta",54820,"GRANEL","BOLIVIA"
"1424","2022",6,"PUESTO DE CONTROL TERRESTRE DESAGUADERO","SOYA, torta",81500,"GRANEL","BOLIVIA"
"1425","2022",6,"PUESTO DE CONTROL TERRESTRE DESAGUADERO","SOYA, torta",85209,"SACO(S)","BOLIVIA"
"1426","2022",6,"OFICINA PUESTO DE CONTROL MARITIMO - PROV. CONST. DEL CALLAO","ARROZ, parbolizado pulido o sin cáscara",130000,"SACO(S)","BRASIL"
"1427","2022",6,"OFICINA PUESTO DE CONTROL AEREO -  PROV. CONST. DEL CALLAO","LUPULO, pellets",260,"CAJA(S)","EEUU"
"1428","2022",6,"OFICINA PUESTO DE CONTROL MARITIMO - PROV. CONST. DEL CALLAO","FIQUE, saco",40772,"FARDOS","COLOMBIA"
"1429","2022",6,"PUESTO DE CONTROL TERRESTRE DESAGUADERO","AZUCAR BLANCA O REFINADA (lectura polarimetrica mayor 99.5°)",56000,"SACO(S)","BOLIVIA"
"1430","2022",6,"OFICINA PUESTO DE CONTROL MARITIMO - PROV. CONST. DEL CALLAO","PIMIENTA, grano seco al natural",26000,"SACO(S)","BRASIL"
"1431","2022",6,"OFICINA PUESTO DE CONTROL AEREO -  PROV. CONST. DEL CALLAO","ZAPALLITO ITALIANO (CALABACIN), semilla",2.618002,"SACHETS","HOLANDA"
"1432","2022",6,"OFICINA PUESTO DE CONTROL MARITIMO - PROV. CONST. DEL CALLAO","ALGODON, fibra sin cardar ni peinar (>22.22 mm = o <28.57 mm)",19749,"FARDOS","EEUU"
"1433","2022",6,"OFICINA PUESTO DE CONTROL MARITIMO - PROV. CONST. DEL CALLAO","AZUCARES, los demas",50000,"SACO(S)","COLOMBIA"
"1434","2022",6,"OFICINA PUESTO DE CONTROL MARITIMO - PROV. CONST. DEL CALLAO","ARROZ, grano pilado",264700,"SACO(S)","URUGUAY"
"1435","2022",6,"OFICINA PUESTO DE CONTROL MARITIMO - PROV. CONST. DEL CALLAO","AZUCARES, los demas",50000,"SACO(S)","COLOMBIA"
"1436","2022",6,"PUESTO DE CONTROL TERRESTRE DESAGUADERO","SOYA, torta",204000,"SACO(S)","BOLIVIA"
"1437","2022",6,"PUESTO DE CONTROL TERRESTRE DESAGUADERO","MANI, grano sin cáscara",56000,"SACO(S)","BOLIVIA"
"1438","2022",6,"OFICINA PUESTO DE CONTROL MARITIMO - PROV. CONST. DEL CALLAO","MAIZ AMARILLO DURO, grano",30335660,"GRANEL","ARGENTINA"
"1439","2022",6,"OFICINA PUESTO DE CONTROL MARITIMO - PROV. CONST. DEL CALLAO","LUPULO, pellets",13210,"CAJA(S)","ALEMANIA"
"1440","2022",6,"PUESTO DE CONTROL TERRESTRE DESAGUADERO","SOYA, grano",87000,"GRANEL","BOLIVIA"
"1441","2022",6,"OFICINA PUESTO DE CONTROL MARITIMO - PROV. CONST. DEL CALLAO","AJO, polvo",8000,"CAJA(S)","CHINA"
"1442","2022",6,"OFICINA PUESTO DE CONTROL MARITIMO - PROV. CONST. DEL CALLAO","UVA (PASAS), secas naturalmente",21000,"CAJA(S)","CHILE"
"1443","2022",6,"OFICINA PUESTO DE CONTROL MARITIMO - PROV. CONST. DEL CALLAO","PERA, fruta fresca",23814,"CAJA(S)","ARGENTINA"
"1444","2022",6,"OFICINA PUESTO DE CONTROL AEREO -  PROV. CONST. DEL CALLAO","LECHUGA, semilla",0.055,"SOBRES ALUMINIZADOS","ITALIA"
"1445","2022",6,"IÑAPARI, MADRE DE DIOS","NUEZ DEL BRASIL, con cáscara seca al natural",27945,"SACO(S)","BOLIVIA"
"1446","2022",6,"OFICINA PUESTO DE CONTROL AEREO -  PROV. CONST. DEL CALLAO","TOMATE, semilla",3.15,"BALDES","EEUU"
"1447","2022",6,"OFICINA PUESTO DE CONTROL MARITIMO - PROV. CONST. DEL CALLAO","CHIA, grano",23890,"SACO(S)","PARAGUAY"
"1448","2022",6,"OFICINA PUESTO DE CONTROL MARITIMO - PROV. CONST. DEL CALLAO","AZUCAR CRUDA, sólido",250000,"SACO(S)","HONDURAS"
"1449","2022",6,"PUESTO DE CONTROL TERRESTRE DESAGUADERO","AZUCAR BLANCA O REFINADA (lectura polarimetrica mayor 99.5°)",243500,"SACO(S)","BOLIVIA"
"1450","2022",6,"OFICINA PUESTO DE CONTROL AEREO -  PROV. CONST. DEL CALLAO","ARROZ, parbolizado pulido o sin cáscara",1,"BOLSAS","PARAGUAY"
"1451","2022",6,"OFICINA PUESTO DE CONTROL MARITIMO - PROV. CONST. DEL CALLAO","AVENA, grano aplastado o en copos (hojuelas)",129700,"SACO(S)","CHILE"
"1452","2022",6,"OFICINA PUESTO DE CONTROL MARITIMO - PROV. CONST. DEL CALLAO","AVENA, grano aplastado o en copos (hojuelas)",259430,"SACO(S)","CHILE"
"1453","2022",6,"PUERTO DE PAITA , PIURA","YUTE, sacos",26640,"FARDOS","INDIA"
"1454","2022",6,"OFICINA PUESTO DE CONTROL MARITIMO - PROV. CONST. DEL CALLAO","MADERA, encofrados para hormigon, de madera con algún proceso de la CRF2
",10815,"PIEZAS","ALEMANIA"
"1455","2022",6,"OFICINA PUESTO DE CONTROL MARITIMO - PROV. CONST. DEL CALLAO","MANI, grano sin cáscara",25000,"SACO(S)","BRASIL"
"1456","2022",6,"OFICINA PUESTO DE CONTROL MARITIMO - PROV. CONST. DEL CALLAO","TRIGO, pellets",21780,"SACO(S)","MEXICO"
"1457","2022",6,"OFICINA PUESTO DE CONTROL MARITIMO - PROV. CONST. DEL CALLAO","TRIGO, pellets",21780,"SACO(S)","MEXICO"
"1458","2022",6,"SANTA ROSA, TACNA","TRACTOR USADO, con motor de potencia superior a 33 kW pero inferior o igual a 75 kW",3200,"UNIDADES","CHILE"
"1459","2022",6,"SANTA ROSA, TACNA","TRACTOR USADO, con motor de potencia superior a 33 kW pero inferior o igual a 75 kW",3600,"UNIDADES","CHILE"
"1460","2022",6,"PUESTO DE CONTROL TERRESTRE DESAGUADERO","SOYA, torta",200120,"SACO(S)","BOLIVIA"
"1461","2022",6,"PUESTO DE CONTROL TERRESTRE DESAGUADERO","SOYA, torta",144460,"SACO(S)","BOLIVIA"
"1462","2022",6,"SANTA ROSA, TACNA","TRACTOR USADO, con motor de potencia superior a 33 kW pero inferior o igual a 75 kW",3200,"UNIDADES","CHILE"
"1463","2022",6,"OFICINA PUESTO DE CONTROL MARITIMO - PROV. CONST. DEL CALLAO","TRIGO, gluten",2250,"BOLSAS","BELGICA"
"1464","2022",6,"OFICINA PUESTO DE CONTROL MARITIMO - PROV. CONST. DEL CALLAO","MAIZ, semilla",81134.39,"BOLSAS","MEXICO"
"1465","2022",6,"OFICINA PUESTO DE CONTROL MARITIMO - PROV. CONST. DEL CALLAO","ALGODON, fibra sin cardar ni peinar (>28.57 mm = o <34.92 mm)",19920,"FARDOS","EEUU"
"1466","2022",6,"PUERTO DE SALAVERRY, LA LIBERTAD","MAIZ AMARILLO DURO, grano",15541945,"GRANEL","ARGENTINA"
"1467","2022",6,"PUERTO DE SALAVERRY, LA LIBERTAD","SOYA, pellets",6830000,"GRANEL","ARGENTINA"
"1468","2022",6,"OFICINA PUESTO DE CONTROL MARITIMO - PROV. CONST. DEL CALLAO","MANZANILLA, triturada",300,"CAJA(S)","ARGENTINA"
"1469","2022",6,"OFICINA PUESTO DE CONTROL AEREO -  PROV. CONST. DEL CALLAO","PIMIENTO, semilla",0.187,"SACHETS","ESPAÑA"
"1470","2022",6,"OFICINA PUESTO DE CONTROL AEREO -  PROV. CONST. DEL CALLAO","PEPINILLO, semilla",1.805,"SACHETS","ESPAÑA"
"1471","2022",6,"OFICINA PUESTO DE CONTROL AEREO -  PROV. CONST. DEL CALLAO","SANDIA, semilla",2.858,"SACHETS","EEUU"
"1472","2022",6,"OFICINA PUESTO DE CONTROL AEREO -  PROV. CONST. DEL CALLAO","MELON, semilla",0.277,"SACHETS","HOLANDA"
"1473","2022",6,"SANTA ROSA, TACNA","MADERA, monturas y mangos de herramientas, monturas y mangos de cepillos, brochas o escobas, de madera; hormas, ensanchadores y tensores del calzado, de madera ; con algún proceso de la CRF 2",1305.986,"UNIDADES","BRASIL"
"1474","2022",6,"PUESTO DE CONTROL TERRESTRE DESAGUADERO","AZUCAR BLANCA O REFINADA (lectura polarimetrica mayor 99.5°)",115000,"SACO(S)","BOLIVIA"
"1475","2022",6,"OFICINA PUESTO DE CONTROL MARITIMO - PROV. CONST. DEL CALLAO","AVENA, grano mondado, perlado, troceado o quebrantado",50000,"SACO(S)","CHILE"
"1476","2022",6,"OFICINA PUESTO DE CONTROL MARITIMO - PROV. CONST. DEL CALLAO","GARBANZO, grano",22970,"SACO(S)","MEXICO"
"1477","2022",6,"PUESTO DE CONTROL TERRESTRE DESAGUADERO","AZUCAR BLANCA O REFINADA (lectura polarimetrica mayor 99.5°)",174000,"SACO(S)","BOLIVIA"
"1478","2022",6,"OFICINA PUESTO DE CONTROL AEREO -  PROV. CONST. DEL CALLAO","PIMIENTO, semilla",39.4,"SACO(S)","EEUU"
"1479","2022",6,"OFICINA PUESTO DE CONTROL AEREO -  PROV. CONST. DEL CALLAO","PEPINILLO, semilla",116.1,"SACO(S)","EEUU"
"1480","2022",6,"PUESTO DE CONTROL TERRESTRE DESAGUADERO","SOYA, torta",140500,"SACO(S)","BOLIVIA"
"1481","2022",6,"PUESTO DE CONTROL TERRESTRE DESAGUADERO","SOYA, harina",142500,"SACO(S)","BOLIVIA"
"1482","2022",6,"PUESTO DE CONTROL TERRESTRE DESAGUADERO","SOYA, harina",145000,"SACO(S)","BOLIVIA"
"1483","2022",6,"PUESTO DE CONTROL TERRESTRE DESAGUADERO","SOYA, harina",144000,"SACO(S)","BOLIVIA"
"1484","2022",6,"PUESTO DE CONTROL TERRESTRE DESAGUADERO","AZUCAR CRUDA, sólido",115000,"SACO(S)","BOLIVIA"
"1485","2022",6,"PUESTO DE CONTROL TERRESTRE DESAGUADERO","SOYA, grano",29000,"SACO(S)","BOLIVIA"
"1486","2022",6,"PUESTO DE CONTROL TERRESTRE DESAGUADERO","SOYA, torta",174000,"SACO(S)","BOLIVIA"
"1487","2022",6,"PUESTO DE CONTROL TERRESTRE DESAGUADERO","SOYA, torta",146000,"SACO(S)","BOLIVIA"
"1488","2022",6,"PUESTO DE CONTROL TERRESTRE DESAGUADERO","AZUCAR CRUDA, sólido",145000,"SACO(S)","BOLIVIA"
"1489","2022",6,"PUESTO DE CONTROL TERRESTRE DESAGUADERO","AZUCAR BLANCA O REFINADA (lectura polarimetrica mayor 99.5°)",144000,"SACO(S)","BOLIVIA"
"1490","2022",6,"PUESTO DE CONTROL TERRESTRE DESAGUADERO","AZUCAR CRUDA, sólido",116000,"SACO(S)","BOLIVIA"
"1491","2022",6,"PUESTO DE CONTROL TERRESTRE DESAGUADERO","SOYA, torta",84500,"GRANEL","BOLIVIA"
"1492","2022",6,"PUESTO DE CONTROL TERRESTRE DESAGUADERO","SOYA, torta",112000,"GRANEL","BOLIVIA"
"1493","2022",6,"PUESTO DE CONTROL TERRESTRE DESAGUADERO","SOYA, torta",87000,"GRANEL","BOLIVIA"
"1494","2022",6,"PUESTO DE CONTROL TERRESTRE DESAGUADERO","SOYA, torta",112740,"GRANEL","BOLIVIA"
"1495","2022",6,"PUESTO DE CONTROL TERRESTRE DESAGUADERO","SOYA, torta",27500,"GRANEL","BOLIVIA"
"1496","2022",6,"PUESTO DE CONTROL TERRESTRE DESAGUADERO","SOYA, torta",56000,"GRANEL","BOLIVIA"
"1497","2022",6,"PUESTO DE CONTROL TERRESTRE DESAGUADERO","SOYA, torta",84500,"GRANEL","BOLIVIA"
"1498","2022",6,"PUESTO DE CONTROL TERRESTRE DESAGUADERO","SOYA, torta",84000,"GRANEL","BOLIVIA"
"1499","2022",6,"OFICINA PUESTO DE CONTROL AEREO -  PROV. CONST. DEL CALLAO","MELON, semilla",3.607,"SACHETS","EEUU"
"1500","2022",6,"OFICINA PUESTO DE CONTROL AEREO -  PROV. CONST. DEL CALLAO","SANDIA, semilla",1.603,"SACHETS","HOLANDA"
"1501","2022",6,"OFICINA PUESTO DE CONTROL AEREO -  PROV. CONST. DEL CALLAO","ZAPALLITO ITALIANO (CALABACIN), semilla",0.856357,"SACHETS","HOLANDA"
"1502","2022",6,"SANTA ROSA, TACNA","NUEZ DEL NOGAL, con cascara, seco industrialmente",16000,"SACO(S)","CHILE"
"1503","2022",6,"IÑAPARI, MADRE DE DIOS","NUEZ DEL BRASIL, con cáscara seca al natural",27900,"SACO(S)","BRASIL"
"1504","2022",6,"IÑAPARI, MADRE DE DIOS","NUEZ DEL BRASIL, con cáscara seca al natural",27900,"SACO(S)","BRASIL"
"1505","2022",6,"OFICINA PUESTO DE CONTROL MARITIMO - PROV. CONST. DEL CALLAO","HORTALIZAS,las demas y mezclas(incluso silv.),secas,trituradas,pulverizadas",35,"CAJA(S)","CHINA"
"1506","2022",6,"OFICINA PUESTO DE CONTROL MARITIMO - PROV. CONST. DEL CALLAO","AJI, polvo",24,"CAJA(S)","CHINA"
"1507","2022",6,"OFICINA PUESTO DE CONTROL MARITIMO - PROV. CONST. DEL CALLAO","LAS DEMAS PLANTAS, partes de plantas, semillas y frutos de especies utilizadas principalmente en perfumeria,medicina insecticidas o similares con algún proceso del a CRF 2",60,"CAJA(S)","CHINA"
"1508","2022",6,"OFICINA PUESTO DE CONTROL MARITIMO - PROV. CONST. DEL CALLAO","ALGODON, fibra sin cardar ni peinar (>28.57 mm = o <34.92 mm)",19670,"FARDOS","EEUU"
"1509","2022",6,"OFICINA PUESTO DE CONTROL MARITIMO - PROV. CONST. DEL CALLAO","UVA (PASAS), secas naturalmente",21000,"CAJA(S)","CHILE"
"1510","2022",6,"OFICINA PUESTO DE CONTROL MARITIMO - PROV. CONST. DEL CALLAO","CULANTRO, semilla",2500,"BOLSAS","EEUU"
"1511","2022",6,"OFICINA PUESTO DE CONTROL MARITIMO - PROV. CONST. DEL CALLAO","CEBOLLA CHINA, semilla",25,"LATAS","EEUU"
"1512","2022",6,"OFICINA PUESTO DE CONTROL MARITIMO - PROV. CONST. DEL CALLAO","BROCOLI, semilla",50,"LATAS","EEUU"
"1513","2022",6,"OFICINA PUESTO DE CONTROL MARITIMO - PROV. CONST. DEL CALLAO","NABO, semilla",30,"LATAS","EEUU"
"1514","2022",6,"OFICINA PUESTO DE CONTROL MARITIMO - PROV. CONST. DEL CALLAO","LECHUGA, semilla",182.2,"LATAS","EEUU"
"1515","2022",6,"OFICINA PUESTO DE CONTROL MARITIMO - PROV. CONST. DEL CALLAO","ACELGA, semilla",50,"SACHETS","EEUU"
"1516","2022",6,"OFICINA PUESTO DE CONTROL MARITIMO - PROV. CONST. DEL CALLAO","APIO, semilla",16,"LATAS","EEUU"
"1517","2022",6,"OFICINA PUESTO DE CONTROL MARITIMO - PROV. CONST. DEL CALLAO","BETARRAGA, semilla",100,"LATAS","EEUU"
"1518","2022",6,"OFICINA PUESTO DE CONTROL MARITIMO - PROV. CONST. DEL CALLAO","ESPINACA, semilla",25,"LATAS","EEUU"
"1519","2022",6,"OFICINA PUESTO DE CONTROL MARITIMO - PROV. CONST. DEL CALLAO","PEPINILLO, semilla",50,"LATAS","EEUU"
"1520","2022",6,"OFICINA PUESTO DE CONTROL MARITIMO - PROV. CONST. DEL CALLAO","PEREJIL, semilla",10,"LATAS","EEUU"
"1521","2022",6,"OFICINA PUESTO DE CONTROL MARITIMO - PROV. CONST. DEL CALLAO","PIMIENTO, semilla",50,"LATAS","EEUU"
"1522","2022",6,"OFICINA PUESTO DE CONTROL MARITIMO - PROV. CONST. DEL CALLAO","TOMATE, semilla",7.2,"LATAS","EEUU"
"1523","2022",6,"OFICINA PUESTO DE CONTROL MARITIMO - PROV. CONST. DEL CALLAO","ALGODON, fibra sin cardar ni peinar (>28.57 mm = o <34.92 mm)",38870,"FARDOS","EEUU"
"1524","2022",6,"PUESTO DE CONTROL TERRESTRE DESAGUADERO","SOYA, torta",141000,"SACO(S)","BOLIVIA"
"1525","2022",6,"SANTA ROSA, TACNA","ARVEJA, grano partido",23587,"SACO(S)","EEUU"
"1526","2022",6,"SANTA ROSA, TACNA","LENTEJA, grano",47174,"SACO(S)","EEUU"
"1527","2022",6,"PUESTO DE CONTROL TERRESTRE DESAGUADERO","SOYA, harina",145000,"SACO(S)","BOLIVIA"
"1528","2022",6,"PUESTO DE CONTROL TERRESTRE DESAGUADERO","MANI, grano sin cáscara",58000,"SACO(S)","BOLIVIA"
"1529","2022",6,"PUESTO DE CONTROL TERRESTRE DESAGUADERO","SOYA, torta",87000,"SACO(S)","BOLIVIA"
"1530","2022",6,"PUESTO DE CONTROL TERRESTRE DESAGUADERO","SOYA, grano",58000,"SACO(S)","BOLIVIA"
"1531","2022",6,"OFICINA PUESTO DE CONTROL MARITIMO - PROV. CONST. DEL CALLAO","ALGODON, fibra sin cardar ni peinar (>28.57 mm = o <34.92 mm)",261190,"FARDOS","EEUU"
"1532","2022",6,"OFICINA PUESTO DE CONTROL MARITIMO - PROV. CONST. DEL CALLAO","AZUCAR CRUDA, sólido",125000,"SACO(S)","GUATEMALA"
"1533","2022",6,"OFICINA PUESTO DE CONTROL MARITIMO - PROV. CONST. DEL CALLAO","YUTE, tejido o de las demas fibras textiles con algun proceso de CRF2",431.5,"UNIDADES","INDIA"
"1534","2022",6,"OFICINA PUESTO DE CONTROL MARITIMO - PROV. CONST. DEL CALLAO","ALGODON, fibra sin cardar ni peinar (>28.57 mm = o <34.92 mm)",139480,"FARDOS","EEUU"
"1535","2022",6,"OFICINA PUESTO DE CONTROL AEREO -  PROV. CONST. DEL CALLAO","ALMENDRA, sin cáscara, secado industrial",164.877,"CAJA(S)","CANADA"
"1536","2022",6,"OFICINA PUESTO DE CONTROL AEREO -  PROV. CONST. DEL CALLAO","GIRASOL, grano secado industrialmente",13.239,"BOLSAS","CANADA"
"1537","2022",6,"OFICINA PUESTO DE CONTROL AEREO -  PROV. CONST. DEL CALLAO","CALABAZA, grano seco industrial",49.082,"CAJA(S)","CANADA"
"1538","2022",6,"OFICINA PUESTO DE CONTROL MARITIMO - PROV. CONST. DEL CALLAO","AZUCAR BLANCA O REFINADA (lectura polarimetrica mayor 99.5°)",397500,"SACO(S)","COLOMBIA"
"1539","2022",6,"OFICINA PUESTO DE CONTROL AEREO -  PROV. CONST. DEL CALLAO","COCO, fibra (para sustrato)",10,"CAJA(S)","SRI LANKA"
"1540","2022",6,"OFICINA PUESTO DE CONTROL MARITIMO - PROV. CONST. DEL CALLAO","AZUCARES, los demas",50000,"SACO(S)","COLOMBIA"
"1541","2022",6,"OFICINA PUESTO DE CONTROL MARITIMO - PROV. CONST. DEL CALLAO","AZUCARES, los demas",50000,"SACO(S)","COLOMBIA"
"1542","2022",6,"SANTA ROSA, TACNA","MANZANA, fruto fresco",23520,"CAJA(S)","CHILE"
"1543","2022",6,"OFICINA PUESTO DE CONTROL MARITIMO - PROV. CONST. DEL CALLAO","AZUCARES, los demas",25000,"SACO(S)","COLOMBIA"
"1544","2022",6,"SANTA ROSA, TACNA","MANZANA, fruto fresco",21168,"CAJA(S)","CHILE"
"1545","2022",6,"SANTA ROSA, TACNA","MANZANA, fruto fresco",22344,"CAJA(S)","CHILE"
"1546","2022",6,"PUESTO DE CONTROL TERRESTRE DESAGUADERO","SOYA, torta",74000,"GRANEL","BOLIVIA"
"1547","2022",6,"PUESTO DE CONTROL TERRESTRE DESAGUADERO","SOYA, torta",57200,"GRANEL","BOLIVIA"
"1548","2022",6,"OFICINA PUESTO DE CONTROL MARITIMO - PROV. CONST. DEL CALLAO","CIRUELA, seca industrialmente",24000,"CAJA(S)","CHILE"
"1549","2022",6,"SANTA ROSA, TACNA","MANZANA, fruto fresco",22540,"CAJA(S)","CHILE"
"1550","2022",6,"SANTA ROSA, TACNA","MANZANA, fruto fresco",10241,"CAJA(S)","CHILE"
"1551","2022",6,"SANTA ROSA, TACNA","KIWI, fruto fresco",11200,"CAJAS DE PLASTICO","CHILE"
"1552","2022",6,"PUESTO DE CONTROL TERRESTRE DESAGUADERO","SOYA, torta",55839,"SACO(S)","BOLIVIA"
"1553","2022",6,"PUESTO DE CONTROL TERRESTRE DESAGUADERO","SOYA, harina",27644,"SACO(S)","BOLIVIA"
"1554","2022",6,"PUESTO DE CONTROL TERRESTRE DESAGUADERO","SOYA, torta",28000,"GRANEL","BOLIVIA"
"1555","2022",6,"PUESTO DE CONTROL TERRESTRE DESAGUADERO","SOYA, torta",28000,"GRANEL","BOLIVIA"
"1556","2022",6,"PUESTO DE CONTROL TERRESTRE DESAGUADERO","SOYA, torta",84510,"GRANEL","BOLIVIA"
"1557","2022",6,"PUESTO DE CONTROL TERRESTRE DESAGUADERO","SOYA, torta",50410,"GRANEL","BOLIVIA"
"1558","2022",6,"PUESTO DE CONTROL TERRESTRE DESAGUADERO","SOYA, harina",26497,"SACO(S)","BOLIVIA"
"1559","2022",6,"PUESTO DE CONTROL TERRESTRE DESAGUADERO","SOYA, torta",58110,"GRANEL","BOLIVIA"
"1560","2022",6,"PUESTO DE CONTROL TERRESTRE DESAGUADERO","SOYA, torta",107700,"GRANEL","BOLIVIA"
"1561","2022",6,"PUESTO DE CONTROL TERRESTRE DESAGUADERO","SOYA, torta",28000,"GRANEL","BOLIVIA"
"1562","2022",6,"PUESTO DE CONTROL TERRESTRE DESAGUADERO","SOYA, torta",25980,"GRANEL","BOLIVIA"
"1563","2022",6,"PUESTO DE CONTROL TERRESTRE DESAGUADERO","SOYA, torta",28000,"GRANEL","BOLIVIA"
"1564","2022",6,"PUESTO DE CONTROL TERRESTRE DESAGUADERO","SOYA, torta",56230,"GRANEL","BOLIVIA"
"1565","2022",6,"PUESTO DE CONTROL TERRESTRE DESAGUADERO","SOYA, torta",28000,"GRANEL","BOLIVIA"
"1566","2022",6,"PUESTO DE CONTROL TERRESTRE DESAGUADERO","SOYA, torta",28000,"GRANEL","BOLIVIA"
"1567","2022",6,"PUESTO DE CONTROL TERRESTRE DESAGUADERO","SOYA, grano",29000,"GRANEL","BOLIVIA"
"1568","2022",6,"PUESTO DE CONTROL TERRESTRE DESAGUADERO","SOYA, grano",54000,"GRANEL","BOLIVIA"
"1569","2022",6,"PUESTO DE CONTROL TERRESTRE DESAGUADERO","SOYA, grano",25000,"GRANEL","BOLIVIA"
"1570","2022",6,"PUESTO DE CONTROL TERRESTRE DESAGUADERO","SOYA, torta",85739,"SACO(S)","BOLIVIA"
"1571","2022",6,"PUESTO DE CONTROL TERRESTRE DESAGUADERO","SOYA, torta",28084,"SACO(S)","BOLIVIA"
"1572","2022",6,"PUESTO DE CONTROL TERRESTRE DESAGUADERO","SOYA, grano",28000,"GRANEL","BOLIVIA"
"1573","2022",6,"PUESTO DE CONTROL TERRESTRE DESAGUADERO","SOYA, grano",29000,"GRANEL","BOLIVIA"
"1574","2022",6,"OFICINA PUESTO DE CONTROL AEREO -  PROV. CONST. DEL CALLAO","TABACO NEGRO, hoja seca sin desnervar o desvenado",60.08,"CAJA(S)","CUBA"
"1575","2022",6,"SANTA ROSA, TACNA","PERA, fruta fresca",13824,"CAJA(S)","CHILE"
"1576","2022",6,"SANTA ROSA, TACNA","KIWI, fruto fresco",8400,"CAJA(S)","CHILE"
"1577","2022",6,"SANTA ROSA, TACNA","MANZANA, fruto fresco",23520,"CAJA(S)","CHILE"
"1578","2022",6,"OFICINA PUESTO DE CONTROL MARITIMO - PROV. CONST. DEL CALLAO","COCO, fibra (para sustrato)",117000,"PALETAS","INDIA"
"1579","2022",6,"OFICINA PUESTO DE CONTROL MARITIMO - PROV. CONST. DEL CALLAO","COCO, fibra (para sustrato)",111300,"PALETAS","INDIA"
"1580","2022",6,"OFICINA PUESTO DE CONTROL MARITIMO - PROV. CONST. DEL CALLAO","COCO, fibra (para sustrato)",111300,"PALETAS","INDIA"
"1581","2022",6,"OFICINA PUESTO DE CONTROL MARITIMO - PROV. CONST. DEL CALLAO","COCO, fibra (para sustrato)",111300,"PALETAS","INDIA"
"1582","2022",6,"OFICINA PUESTO DE CONTROL MARITIMO - PROV. CONST. DEL CALLAO","COCO, fibra (para sustrato)",117000,"PALETAS","INDIA"
"1583","2022",6,"OFICINA PUESTO DE CONTROL MARITIMO - PROV. CONST. DEL CALLAO","COCO, fibra (para sustrato)",117000,"PALETAS","INDIA"
"1584","2022",6,"OFICINA PUESTO DE CONTROL MARITIMO - PROV. CONST. DEL CALLAO","COCO, fibra (para sustrato)",117000,"PALETAS","INDIA"
"1585","2022",6,"OFICINA PUESTO DE CONTROL MARITIMO - PROV. CONST. DEL CALLAO","COCO, fibra (para sustrato)",117000,"PALETAS","INDIA"
"1586","2022",6,"OFICINA PUESTO DE CONTROL MARITIMO - PROV. CONST. DEL CALLAO","LENTEJA, grano",78246,"SACO(S)","CANADA"
"1587","2022",6,"PUESTO DE CONTROL TERRESTRE DESAGUADERO","SOYA, torta",116000,"SACO(S)","BOLIVIA"
"1588","2022",6,"PUESTO DE CONTROL TERRESTRE DESAGUADERO","SOYA, torta",114790,"SACO(S)","BOLIVIA"
"1589","2022",6,"PUESTO DE CONTROL TERRESTRE DESAGUADERO","SOYA, harina",116000,"SACO(S)","BOLIVIA"
"1590","2022",6,"OFICINA PUESTO DE CONTROL MARITIMO - PROV. CONST. DEL CALLAO","Las demás máquinas y aparatos de cosechar; máquinas y aparatos de trillar usadas
",11547.25,"UNIDADES","FRANCIA"
"1591","2022",6,"OFICINA PUESTO DE CONTROL MARITIMO - PROV. CONST. DEL CALLAO","Las demas partes de maquinas, aparatos y artefactos de cosecha o trillar, maquinarias para limpieza, usadas
",2037.75,"UNIDADES","FRANCIA"
"1592","2022",6,"OFICINA PUESTO DE CONTROL MARITIMO - PROV. CONST. DEL CALLAO","ARROZ, parbolizado pulido o sin cáscara",130000,"SACO(S)","BRASIL"
"1593","2022",6,"OFICINA PUESTO DE CONTROL MARITIMO - PROV. CONST. DEL CALLAO","ARROZ, parbolizado pulido o sin cáscara",130000,"SACO(S)","BRASIL"
"1594","2022",6,"OFICINA PUESTO DE CONTROL MARITIMO - PROV. CONST. DEL CALLAO","AVENA, grano mondado, perlado, troceado o quebrantado",48000,"SACO(S)","CHILE"
"1595","2022",6,"OFICINA PUESTO DE CONTROL MARITIMO - PROV. CONST. DEL CALLAO","AVENA, grano mondado, perlado, troceado o quebrantado",24000,"SACO(S)","CHILE"
"1596","2022",6,"SANTA ROSA, TACNA","MANZANA, fruto fresco",23520,"CAJA(S)","CHILE"
"1597","2022",6,"OFICINA PUESTO DE CONTROL MARITIMO - PROV. CONST. DEL CALLAO","MANZANA, fruto fresco",20580,"CAJA(S)","CHILE"
"1598","2022",6,"OFICINA PUESTO DE CONTROL MARITIMO - PROV. CONST. DEL CALLAO","PERA, fruta fresca",22680,"CAJA(S)","ARGENTINA"
"1599","2022",6,"OFICINA PUESTO DE CONTROL MARITIMO - PROV. CONST. DEL CALLAO","PERA, fruta fresca",22680,"CAJA(S)","ARGENTINA"
"1600","2022",6,"OFICINA PUESTO DE CONTROL MARITIMO - PROV. CONST. DEL CALLAO","PERA, fruta fresca",22680,"CAJA(S)","ARGENTINA"
"1601","2022",6,"OFICINA PUESTO DE CONTROL AEREO -  PROV. CONST. DEL CALLAO","LECHUGA, semilla",0.01,"SOBRES ALUMINIZADOS","JORDANIA"
"1602","2022",6,"PUESTO DE CONTROL TERRESTRE DESAGUADERO","SOYA, torta",28070,"GRANEL","BOLIVIA"
"1603","2022",6,"PUESTO DE CONTROL TERRESTRE DESAGUADERO","SOYA, torta",108360,"GRANEL","BOLIVIA"
"1604","2022",6,"OFICINA PUESTO DE CONTROL MARITIMO - PROV. CONST. DEL CALLAO","ALGODON, fibra sin cardar ni peinar (>28.57 mm = o <34.92 mm)",78420,"FARDOS","EEUU"
"1605","2022",6,"OFICINA PUESTO DE CONTROL AEREO -  PROV. CONST. DEL CALLAO","TOMATE, semilla",0.384,"SACHETS","FRANCIA"
"1606","2022",6,"OFICINA PUESTO DE CONTROL AEREO -  PROV. CONST. DEL CALLAO","TOMATE, semilla",0.105,"SACHETS","FRANCIA"
"1607","2022",6,"OFICINA PUESTO DE CONTROL MARITIMO - PROV. CONST. DEL CALLAO","AZUCAR BLANCA O REFINADA (lectura polarimetrica mayor 99.5°)",397500,"SACO(S)","GUATEMALA"
"1608","2022",6,"OFICINA PUESTO DE CONTROL MARITIMO - PROV. CONST. DEL CALLAO","MARCOS, madera",3345.033,"UNIDADES","CHINA"
"1609","2022",6,"SANTA ROSA, TACNA","MANZANA, fruto fresco",23520,"CAJA(S)","CHILE"
"1610","2022",6,"PUESTO DE CONTROL TERRESTRE DESAGUADERO","AZUCAR BLANCA O REFINADA (lectura polarimetrica mayor 99.5°)",28000,"SACO(S)","BOLIVIA"
"1611","2022",6,"OFICINA PUESTO DE CONTROL MARITIMO - PROV. CONST. DEL CALLAO","CANELA, corteza entera seca al natural",13500,"CAJA(S)","SRI LANKA"
"1612","2022",6,"OFICINA PUESTO DE CONTROL MARITIMO - PROV. CONST. DEL CALLAO","UVA (PASAS), secas industrialmente",42000,"CAJA(S)","CHILE"
"1613","2022",6,"OFICINA PUESTO DE CONTROL MARITIMO - PROV. CONST. DEL CALLAO","UVA (PASAS), secas industrialmente",42000,"CAJA(S)","CHILE"
"1614","2022",6,"OFICINA PUESTO DE CONTROL MARITIMO - PROV. CONST. DEL CALLAO","MAIZ, harina",54800,"PACAS","COLOMBIA"
"1615","2022",6,"PUESTO DE CONTROL TERRESTRE DESAGUADERO","SOYA, torta",84870,"GRANEL","BOLIVIA"
"1616","2022",6,"PUESTO DE CONTROL TERRESTRE DESAGUADERO","SOYA, torta",57226,"SACO(S)","BOLIVIA"
"1617","2022",6,"PUESTO DE CONTROL TERRESTRE DESAGUADERO","SOYA, torta",57000,"GRANEL","BOLIVIA"
"1618","2022",6,"PUESTO DE CONTROL TERRESTRE DESAGUADERO","SOYA, torta",56108,"SACO(S)","BOLIVIA"
"1619","2022",6,"OFICINA PUESTO DE CONTROL MARITIMO - PROV. CONST. DEL CALLAO","NARANJA, fruto fresco",24320,"CAJA(S)","CHILE"
"1620","2022",6,"PUESTO DE CONTROL TERRESTRE DESAGUADERO","SOYA, torta",116000,"SACO(S)","BOLIVIA"
"1621","2022",6,"OFICINA PUESTO DE CONTROL MARITIMO - PROV. CONST. DEL CALLAO","PAPA, fécula",1e+05,"BOLSAS","HOLANDA"
"1622","2022",6,"PUESTO DE CONTROL TERRESTRE DESAGUADERO","SOYA, torta",84000,"GRANEL","BOLIVIA"
"1623","2022",6,"OFICINA PUESTO DE CONTROL AEREO -  PROV. CONST. DEL CALLAO","ACHIOTE, grano",0.4,"BOLSAS","NICARAGUA"
"1624","2022",6,"PUESTO DE CONTROL TERRESTRE DESAGUADERO","SOYA, torta",56000,"GRANEL","BOLIVIA"
"1625","2022",6,"PUESTO DE CONTROL TERRESTRE DESAGUADERO","SOYA, torta",56000,"GRANEL","BOLIVIA"
"1626","2022",6,"PUESTO DE CONTROL TERRESTRE DESAGUADERO","SOYA, torta",146000,"SACO(S)","BOLIVIA"
"1627","2022",6,"PUESTO DE CONTROL TERRESTRE DESAGUADERO","SOYA, torta",145000,"SACO(S)","BOLIVIA"
"1628","2022",6,"OFICINA PUESTO DE CONTROL MARITIMO - PROV. CONST. DEL CALLAO","CAUCHO, técnicamente especificado (TSNR)",28000,"PACAS","VIETNAM"
"1629","2022",6,"OFICINA PUESTO DE CONTROL AEREO -  PROV. CONST. DEL CALLAO","MAIZ, semilla",2.26,"SOBRES","SUDAFRICA"
"1630","2022",6,"OFICINA PUESTO DE CONTROL MARITIMO - PROV. CONST. DEL CALLAO","PAPA, fécula",147000,"SACO(S)","POLONIA"
"1631","2022",6,"PUESTO DE CONTROL TERRESTRE DESAGUADERO","SOYA, torta",80780,"GRANEL","BOLIVIA"
"1632","2022",6,"OFICINA PUESTO DE CONTROL AEREO -  PROV. CONST. DEL CALLAO","TOMATE, semilla",0.135,"SOBRES","ESPAÑA"
"1633","2022",6,"OFICINA PUESTO DE CONTROL AEREO -  PROV. CONST. DEL CALLAO","PIMIENTO, semilla",0.4165,"SOBRES","ESPAÑA"
"1634","2022",6,"PUESTO DE CONTROL- CEBAF","Las demás coniferas, las demas maderas aserradas o desbastadas longitudinalmente, cortada o desenrollada, incluso cepillada,lijada o unida por lo extremos, de espesor superior a 6 mm, con algun tratamiento de la CRF 2",50330,"PIEZAS","ECUADOR"
"1635","2022",6,"PUESTO DE CONTROL TERRESTRE DESAGUADERO","MANI, grano sin cáscara",29000,"SACO(S)","BOLIVIA"
"1636","2022",6,"OFICINA PUESTO DE CONTROL MARITIMO - PROV. CONST. DEL CALLAO","PERA, fruta fresca",22680,"CAJA(S)","ARGENTINA"
"1637","2022",6,"OFICINA PUESTO DE CONTROL MARITIMO - PROV. CONST. DEL CALLAO","MANZANA, fruto fresco",18620,"CAJA(S)","EEUU"
"1638","2022",6,"PUERTO DE PAITA , PIURA","CANELA, corteza entera seca al natural",14560,"CAJA(S)","SRI LANKA"
"1639","2022",6,"OFICINA PUESTO DE CONTROL AEREO -  PROV. CONST. DEL CALLAO","CEBOLLA, semilla",1488.28,"SACHETS","EEUU"
"1640","2022",6,"OFICINA PUESTO DE CONTROL MARITIMO - PROV. CONST. DEL CALLAO","PINO, madera aserrada con algún proceso de la CRF2",39995.95,"PAQUETES","CHILE"
"1641","2022",6,"OFICINA PUESTO DE CONTROL AEREO -  PROV. CONST. DEL CALLAO","TOMATE, semilla",0.014,"SACHETS","EEUU"
"1642","2022",6,"SANTA ROSA, TACNA","LENTEJA, grano",52616,"SACO(S)","CANADA"
"1643","2022",6,"OFICINA PUESTO DE CONTROL MARITIMO - PROV. CONST. DEL CALLAO","PINO, madera aserrada con tratamiento de secado al horno o impregnación de sales",52827,"PAQUETES","ARGENTINA"
"1644","2022",6,"SANTA ROSA, TACNA","MANZANA, fruto fresco",2940,"CAJA(S)","CHILE"
"1645","2022",6,"OFICINA PUESTO DE CONTROL MARITIMO - PROV. CONST. DEL CALLAO","PINO, madera aserrada con algún proceso de la CRF2",23276,"PAQUETES","CHILE"
"1646","2022",6,"SANTA ROSA, TACNA","PERA, fruta fresca",17136,"CAJA(S)","CHILE"
"1647","2022",6,"OFICINA PUESTO DE CONTROL MARITIMO - PROV. CONST. DEL CALLAO","ALGODON, fibra sin cardar ni peinar (>28.57 mm = o <34.92 mm)",155750,"FARDOS","EEUU"
"1648","2022",6,"OFICINA PUESTO DE CONTROL MARITIMO - PROV. CONST. DEL CALLAO","ALGODON, fibra sin cardar ni peinar (>28.57 mm = o <34.92 mm)",363310,"FARDOS","EEUU"
"1649","2022",6,"PUESTO DE CONTROL TERRESTRE DESAGUADERO","SOYA, torta",87000,"GRANEL","BOLIVIA"
"1650","2022",6,"PUESTO DE CONTROL TERRESTRE DESAGUADERO","SOYA, torta",28550,"GRANEL","BOLIVIA"
"1651","2022",6,"SANTA ROSA, TACNA","KIWI, fruto fresco",4032,"CAJA(S)","CHILE"
"1652","2022",6,"SANTA ROSA, TACNA","MANZANA, fruto fresco",23520,"CAJA(S)","CHILE"
"1653","2022",6,"OFICINA PUESTO DE CONTROL MARITIMO - PROV. CONST. DEL CALLAO","ALGODON, fibra sin cardar ni peinar (>28.57 mm = o <34.92 mm)",96770,"FARDOS","EEUU"
"1654","2022",6,"PUESTO DE CONTROL TERRESTRE DESAGUADERO","SOYA, torta",81000,"GRANEL","BOLIVIA"
"1655","2022",6,"PUESTO DE CONTROL TERRESTRE DESAGUADERO","SOYA, torta",81000,"GRANEL","BOLIVIA"
"1656","2022",6,"SANTA ROSA, TACNA","MANZANA, fruto fresco",8820,"CAJA(S)","CHILE"
"1657","2022",6,"SANTA ROSA, TACNA","KIWI, fruto fresco",12600,"CAJA(S)","CHILE"
"1658","2022",6,"SANTA ROSA, TACNA","MANZANA, fruto fresco",3920,"CAJA(S)","CHILE"
"1659","2022",6,"SANTA ROSA, TACNA","PERA, fruta fresca",18162,"CAJA(S)","CHILE"
"1660","2022",6,"SANTA ROSA, TACNA","MANZANA, fruto fresco",9800,"CAJA(S)","CHILE"
"1661","2022",6,"SANTA ROSA, TACNA","KIWI, fruto fresco",13104,"CAJA(S)","CHILE"
"1662","2022",6,"OFICINA PUESTO DE CONTROL MARITIMO - PROV. CONST. DEL CALLAO","AVENA, grano mondado, perlado, troceado o quebrantado",48000,"BOLSAS","CHILE"
"1663","2022",6,"PUESTO DE CONTROL- CEBAF","CAÑA DE GUAYAQUIL, seca al natural",32000,"UNIDADES","ECUADOR"
"1664","2022",6,"OFICINA PUESTO DE CONTROL MARITIMO - PROV. CONST. DEL CALLAO","TRACTOR USADO, con motor de potencia superior a 33 kW pero inferior o igual a 75 kW",17560,"UNIDADES","CHINA"
"1665","2022",6,"SANTA ROSA, TACNA","PERA, fruta fresca",5040,"CAJA(S)","CHILE"
"1666","2022",6,"SANTA ROSA, TACNA","MANZANA, fruto fresco",18620,"CAJA(S)","CHILE"
"1667","2022",6,"SANTA ROSA, TACNA","MANZANA, fruto fresco",23520,"CAJA(S)","CHILE"
"1668","2022",6,"OFICINA PUESTO DE CONTROL MARITIMO - PROV. CONST. DEL CALLAO","PINO, madera aserrada con algún proceso de la CRF2",88856,"PAQUETES","CHILE"
"1669","2022",6,"PUERTO DE PAITA , PIURA","YUTE, sacos",28490,"FARDOS","INDIA"
"1670","2022",6,"SANTA ROSA, TACNA","MANZANA, fruto fresco",23520,"CAJA(S)","CHILE"
"1671","2022",6,"SANTA ROSA, TACNA","MANZANA, fruto fresco",22344,"CAJA(S)","CHILE"
"1672","2022",6,"OFICINA PUESTO DE CONTROL MARITIMO - PROV. CONST. DEL CALLAO","AVENA, grano aplastado o en copos (hojuelas)",49780,"SACO(S)","CHILE"
"1673","2022",6,"SANTA ROSA, TACNA","MANZANA, fruto fresco",23280,"CAJA(S)","CHILE"
"1674","2022",6,"OFICINA PUESTO DE CONTROL MARITIMO - PROV. CONST. DEL CALLAO","PERA, fruta fresca",23814,"CAJA(S)","ARGENTINA"
"1675","2022",6,"OFICINA PUESTO DE CONTROL MARITIMO - PROV. CONST. DEL CALLAO","ARROZ, grano pilado",250000,"SACO(S)","URUGUAY"
"1676","2022",6,"OFICINA PUESTO DE CONTROL MARITIMO - PROV. CONST. DEL CALLAO","ARROZ, grano pilado",2e+05,"SACO(S)","URUGUAY"
"1677","2022",6,"OFICINA PUESTO DE CONTROL MARITIMO - PROV. CONST. DEL CALLAO","ARROZ, grano pilado",75000,"SACO(S)","URUGUAY"
"1678","2022",6,"OFICINA PUESTO DE CONTROL MARITIMO - PROV. CONST. DEL CALLAO","LILIUM (=AZUCENA), bulbo",19695,"CAJAS DE PLASTICO","HOLANDA"
"1679","2022",6,"SANTA ROSA, TACNA","MANZANA, fruto fresco",23520,"CAJA(S)","CHILE"
"1680","2022",6,"OFICINA PUESTO DE CONTROL AEREO -  PROV. CONST. DEL CALLAO","CLAVEL, esqueje",358,"CAJA(S)","COLOMBIA"
"1681","2022",6,"SANTA ROSA, TACNA","PERA, fruta fresca",5292,"CAJA(S)","CHILE"
"1682","2022",6,"SANTA ROSA, TACNA","MANZANA, fruto fresco",17640,"CAJA(S)","CHILE"
"1683","2022",6,"PUESTO DE CONTROL TERRESTRE DESAGUADERO","SOYA, torta",25000,"SACO(S)","BOLIVIA"
"1684","2022",6,"PUESTO DE CONTROL TERRESTRE DESAGUADERO","SOYA, torta",114500,"GRANEL","BOLIVIA"
"1685","2022",6,"PUESTO DE CONTROL TERRESTRE DESAGUADERO","SOYA, torta",1e+05,"SACO(S)","BOLIVIA"
"1686","2022",6,"PUESTO DE CONTROL TERRESTRE DESAGUADERO","SOYA, torta",112960,"GRANEL","BOLIVIA"
"1687","2022",6,"SANTA ROSA, TACNA","MANZANA, fruto fresco",16224,"CAJA(S)","CHILE"
"1688","2022",6,"SANTA ROSA, TACNA","PERA, fruta fresca",5994,"CAJA(S)","CHILE"
"1689","2022",6,"PUESTO DE CONTROL TERRESTRE DESAGUADERO","FREJOL, grano",29000,"SACO(S)","BOLIVIA"
"1690","2022",6,"OFICINA PUESTO DE CONTROL MARITIMO - PROV. CONST. DEL CALLAO","MANZANA, fruto fresco",21100.8,"CAJA(S)","CHILE"
"1691","2022",6,"OFICINA PUESTO DE CONTROL MARITIMO - PROV. CONST. DEL CALLAO","PERA, fruta fresca",20736,"CAJA(S)","CHILE"
"1692","2022",6,"OFICINA PUESTO DE CONTROL MARITIMO - PROV. CONST. DEL CALLAO","LENTEJA, grano",73482,"SACO(S)","EEUU"
"1693","2022",6,"PUESTO DE CONTROL TERRESTRE DESAGUADERO","AZUCAR BLANCA O REFINADA (lectura polarimetrica mayor 99.5°)",115000,"SACO(S)","BOLIVIA"
"1694","2022",6,"PUESTO DE CONTROL TERRESTRE DESAGUADERO","SOYA, harina",144608,"SACO(S)","BOLIVIA"
"1695","2022",6,"PUESTO DE CONTROL TERRESTRE DESAGUADERO","AZUCAR BLANCA O REFINADA (lectura polarimetrica mayor 99.5°)",29000,"SACO(S)","BOLIVIA"
"1696","2022",6,"SANTA ROSA, TACNA","MANZANA, fruto fresco",23520,"CAJA(S)","CHILE"
"1697","2022",6,"SANTA ROSA, TACNA","PERA, fruta fresca",4410,"CAJA(S)","CHILE"
"1698","2022",6,"SANTA ROSA, TACNA","MANZANA, fruto fresco",18620,"CAJA(S)","CHILE"
"1699","2022",6,"OFICINA PUESTO DE CONTROL AEREO -  PROV. CONST. DEL CALLAO","TOMATE, semilla",0.144,"PAQUETES","EEUU"
"1700","2022",6,"OFICINA PUESTO DE CONTROL MARITIMO - PROV. CONST. DEL CALLAO","MAIZ REVENTON, grano",76200,"SACO(S)","ARGENTINA"
"1701","2022",6,"IÑAPARI, MADRE DE DIOS","NUEZ DEL BRASIL, con cáscara seca al natural",27945,"SACO(S)","BOLIVIA"
"1702","2022",6,"OFICINA PUESTO DE CONTROL MARITIMO - PROV. CONST. DEL CALLAO","PAPA, fécula",20000,"SACO(S)","ALEMANIA"
"1703","2022",6,"OFICINA PUESTO DE CONTROL MARITIMO - PROV. CONST. DEL CALLAO","UVA (PASAS), secas industrialmente",24000,"CAJA(S)","CHILE"
"1704","2022",6,"OFICINA PUESTO DE CONTROL MARITIMO - PROV. CONST. DEL CALLAO","QUINUA, grano",21230,"BOLSAS","REINO UNIDO"
"1705","2022",6,"PUESTO DE CONTROL TERRESTRE DESAGUADERO","SOYA, harina",173668,"SACO(S)","BOLIVIA"
"1706","2022",6,"OFICINA PUESTO DE CONTROL AEREO -  PROV. CONST. DEL CALLAO","UVA (PASAS), secas industrialmente",4,"CAJA(S)","CHILE"
"1707","2022",6,"OFICINA PUESTO DE CONTROL MARITIMO - PROV. CONST. DEL CALLAO","MAIZ, almidon",50000,"BOLSAS","ARGENTINA"
"1708","2022",6,"OFICINA PUESTO DE CONTROL MARITIMO - PROV. CONST. DEL CALLAO","ALGODON, fibra sin cardar ni peinar (>22.22 mm = o <28.57 mm)",195750,"FARDOS","EEUU"
"1709","2022",6,"SANTA ROSA, TACNA","MANZANA, fruto fresco",23520,"CAJA(S)","CHILE"
"1710","2022",6,"OFICINA PUESTO DE CONTROL MARITIMO - PROV. CONST. DEL CALLAO","CANELA, corteza entera seca al natural",12000,"CAJA(S)","SRI LANKA"
"1711","2022",6,"OFICINA PUESTO DE CONTROL MARITIMO - PROV. CONST. DEL CALLAO","CANELA, corteza entera seca al natural",13500,"CAJA(S)","SRI LANKA"
"1712","2022",6,"OFICINA PUESTO DE CONTROL MARITIMO - PROV. CONST. DEL CALLAO","AVENA, grano mondado, perlado, troceado o quebrantado",48000,"SACO(S)","CHILE"
"1713","2022",6,"PUESTO DE CONTROL TERRESTRE DESAGUADERO","SOYA, torta",177000,"SACO(S)","BOLIVIA"
"1714","2022",6,"PUESTO DE CONTROL TERRESTRE DESAGUADERO","SOYA, torta",235000,"SACO(S)","BOLIVIA"
"1715","2022",6,"PUESTO DE CONTROL TERRESTRE DESAGUADERO","SOYA, grano",27950,"GRANEL","BOLIVIA"
"1716","2022",6,"OFICINA PUESTO DE CONTROL MARITIMO - PROV. CONST. DEL CALLAO","RYEGRASS INGLES, semilla",4535.924,"SACO(S)","EEUU"
"1717","2022",6,"OFICINA PUESTO DE CONTROL MARITIMO - PROV. CONST. DEL CALLAO","TREBOL BLANCO, semilla",4082.331,"SACO(S)","EEUU"
"1718","2022",6,"OFICINA PUESTO DE CONTROL MARITIMO - PROV. CONST. DEL CALLAO","DACTYLIS, semilla",3696.778,"SACO(S)","EEUU"
"1719","2022",6,"PUESTO DE CONTROL TERRESTRE DESAGUADERO","SOYA, harina",51845,"SACO(S)","BOLIVIA"
"1720","2022",6,"PUESTO DE CONTROL TERRESTRE DESAGUADERO","SOYA, torta",140000,"GRANEL","BOLIVIA"
"1721","2022",6,"PUESTO DE CONTROL TERRESTRE DESAGUADERO","SOYA, torta",112000,"GRANEL","BOLIVIA"
"1722","2022",6,"PUESTO DE CONTROL TERRESTRE DESAGUADERO","SOYA, torta",25480,"GRANEL","BOLIVIA"
"1723","2022",6,"OFICINA PUESTO DE CONTROL MARITIMO - PROV. CONST. DEL CALLAO","MAIZ, semilla",20352,"BOLSAS","TAILANDIA"
"1724","2022",6,"OFICINA PUESTO DE CONTROL MARITIMO - PROV. CONST. DEL CALLAO","MAIZ, semilla",19856,"BOLSAS","TAILANDIA"
"1725","2022",6,"OFICINA PUESTO DE CONTROL MARITIMO - PROV. CONST. DEL CALLAO","MAIZ, semilla",76275,"BOLSAS","TAILANDIA"
"1726","2022",6,"OFICINA PUESTO DE CONTROL MARITIMO - PROV. CONST. DEL CALLAO","MAIZ, almidon",224000,"SACO(S)","CHINA"
"1727","2022",6,"OFICINA PUESTO DE CONTROL MARITIMO - PROV. CONST. DEL CALLAO","ALMENDRA, sin cáscara secado al natural",18144,"CAJA(S)","EEUU"
"1728","2022",6,"PUESTO DE CONTROL TERRESTRE DESAGUADERO","SOYA, torta",28000,"GRANEL","BOLIVIA"
"1729","2022",6,"PUESTO DE CONTROL TERRESTRE DESAGUADERO","SOYA, harina",28872,"SACO(S)","BOLIVIA"
"1730","2022",6,"PUESTO DE CONTROL TERRESTRE DESAGUADERO","SOYA, torta",58000,"GRANEL","BOLIVIA"
"1731","2022",6,"PUESTO DE CONTROL TERRESTRE DESAGUADERO","SOYA, torta",25960,"GRANEL","BOLIVIA"
"1732","2022",6,"PUESTO DE CONTROL TERRESTRE DESAGUADERO","SOYA, torta",87000,"GRANEL","BOLIVIA"
"1733","2022",6,"PUESTO DE CONTROL TERRESTRE DESAGUADERO","SOYA, torta",87270,"GRANEL","BOLIVIA"
"1734","2022",6,"PUESTO DE CONTROL TERRESTRE DESAGUADERO","SOYA, torta",58080,"GRANEL","BOLIVIA"
"1735","2022",6,"PUESTO DE CONTROL TERRESTRE DESAGUADERO","SOYA, torta",58690,"GRANEL","BOLIVIA"
"1736","2022",6,"PUESTO DE CONTROL TERRESTRE DESAGUADERO","AZUCAR BLANCA O REFINADA (lectura polarimetrica mayor 99.5°)",58000,"SACO(S)","BOLIVIA"
"1737","2022",6,"SANTA ROSA, TACNA","MADERA, monturas y mangos de herramientas, monturas y mangos de cepillos, brochas o escobas, de madera; hormas, ensanchadores y tensores del calzado, de madera ; con algún proceso de la CRF 2",1342.423,"UNIDADES","BRASIL"
"1738","2022",6,"OFICINA PUESTO DE CONTROL MARITIMO - PROV. CONST. DEL CALLAO","MANZANA, fruto fresco",19551,"CAJA(S)","CHILE"
"1739","2022",6,"SANTA ROSA, TACNA","PERA, fruta fresca",23040,"CAJA(S)","CHILE"
"1740","2022",6,"PUESTO DE CONTROL TERRESTRE DESAGUADERO","SOYA, torta",28000,"GRANEL","BOLIVIA"
"1741","2022",6,"PUESTO DE CONTROL TERRESTRE DESAGUADERO","SOYA, torta",53800,"GRANEL","BOLIVIA"
"1742","2022",6,"PUESTO DE CONTROL TERRESTRE DESAGUADERO","SOYA, torta",86000,"GRANEL","BOLIVIA"
"1743","2022",6,"SANTA ROSA, TACNA","MANZANA, fruto fresco",13034,"CAJA(S)","CHILE"
"1744","2022",6,"SANTA ROSA, TACNA","PERA, fruta fresca",9072,"CAJA(S)","CHILE"
"1745","2022",6,"OFICINA PUESTO DE CONTROL MARITIMO - PROV. CONST. DEL CALLAO","LENTEJA, grano",46176,"SACO(S)","EEUU"
"1746","2022",6,"OFICINA PUESTO DE CONTROL MARITIMO - PROV. CONST. DEL CALLAO","PAPA, fécula",66000,"SACO(S)","POLONIA"
"1747","2022",6,"OFICINA PUESTO DE CONTROL MARITIMO - PROV. CONST. DEL CALLAO","MADERA, en bruto de coníferas tratada agentes de conservación
",54000,"UNIDADES","CHILE"
"1748","2022",6,"OFICINA PUESTO DE CONTROL MARITIMO - PROV. CONST. DEL CALLAO","MADERA, en bruto de coníferas tratada agentes de conservación
",78950,"UNIDADES","CHILE"
"1749","2022",6,"SANTA ROSA, TACNA","PERA, fruta fresca",19584,"CAJA(S)","CHILE"
"1750","2022",6,"SANTA ROSA, TACNA","KIWI, fruto fresco",3000,"CAJA(S)","CHILE"
"1751","2022",6,"OFICINA PUESTO DE CONTROL MARITIMO - PROV. CONST. DEL CALLAO","TURBA",43900,"FARDOS","LETONIA"
"1752","2022",6,"SANTA ROSA, TACNA","MANZANA, fruto fresco",23137.8,"CAJA(S)","CHILE"
"1753","2022",6,"OFICINA PUESTO DE CONTROL MARITIMO - PROV. CONST. DEL CALLAO","TURBA",81600,"BIG BAG","HOLANDA"
"1754","2022",6,"OFICINA PUESTO DE CONTROL MARITIMO - PROV. CONST. DEL CALLAO","Las demás maderas de coníferas, perfilada longitudi (con lengüetas ranuras, rebajes, acanalados, biselados, con juntas en v, redond  o simil) en una o varias caras, cantos o extrem, incluso cepillada, lijada o unida por los extrem, con algún proceso de la CRF 2",56681,"PAQUETES","BRASIL"
"1755","2022",6,"OFICINA PUESTO DE CONTROL MARITIMO - PROV. CONST. DEL CALLAO","TURBA",61200,"BIG BAG","HOLANDA"
"1756","2022",6,"OFICINA PUESTO DE CONTROL MARITIMO - PROV. CONST. DEL CALLAO","LENTEJA, grano",183703,"SACO(S)","CANADA"
"1757","2022",6,"OFICINA PUESTO DE CONTROL MARITIMO - PROV. CONST. DEL CALLAO","LENTEJA, grano",78879,"SACO(S)","CANADA"
"1758","2022",6,"SANTA ROSA, TACNA","MANZANA, fruto fresco",21560,"CAJA(S)","CHILE"
"1759","2022",6,"OFICINA PUESTO DE CONTROL MARITIMO - PROV. CONST. DEL CALLAO","TURBA",52458,"BOLSAS","LETONIA"
"1760","2022",6,"OFICINA PUESTO DE CONTROL MARITIMO - PROV. CONST. DEL CALLAO","LENTEJA, grano",71668,"SACO(S)","CANADA"
"1761","2022",6,"OFICINA PUESTO DE CONTROL MARITIMO - PROV. CONST. DEL CALLAO","AVENA, grano mondado, perlado, troceado o quebrantado",144000,"SACO(S)","CHILE"
"1762","2022",6,"OFICINA PUESTO DE CONTROL MARITIMO - PROV. CONST. DEL CALLAO","AZUCAR BLANCA O REFINADA (lectura polarimetrica mayor 99.5°)",53000,"SACO(S)","GUATEMALA"
"1763","2022",6,"OFICINA PUESTO DE CONTROL MARITIMO - PROV. CONST. DEL CALLAO","AZUCAR BLANCA O REFINADA (lectura polarimetrica mayor 99.5°)",265000,"SACO(S)","GUATEMALA"
"1764","2022",6,"OFICINA PUESTO DE CONTROL MARITIMO - PROV. CONST. DEL CALLAO","AZUCAR BLANCA O REFINADA (lectura polarimetrica mayor 99.5°)",265000,"SACO(S)","GUATEMALA"
"1765","2022",6,"OFICINA PUESTO DE CONTROL MARITIMO - PROV. CONST. DEL CALLAO","AZUCAR BLANCA O REFINADA (lectura polarimetrica mayor 99.5°)",132500,"SACO(S)","GUATEMALA"
"1766","2022",6,"OFICINA PUESTO DE CONTROL MARITIMO - PROV. CONST. DEL CALLAO","AZUCAR BLANCA O REFINADA (lectura polarimetrica mayor 99.5°)",132500,"SACO(S)","GUATEMALA"
"1767","2022",6,"OFICINA PUESTO DE CONTROL MARITIMO - PROV. CONST. DEL CALLAO","AZUCAR CRUDA, sólido",250000,"SACO(S)","GUATEMALA"
"1768","2022",6,"OFICINA PUESTO DE CONTROL MARITIMO - PROV. CONST. DEL CALLAO","AZUCAR CRUDA, sólido",250000,"SACO(S)","GUATEMALA"
"1769","2022",6,"SANTA ROSA, TACNA","PERA, fruta fresca",24192,"CAJA(S)","CHILE"
"1770","2022",6,"SANTA ROSA, TACNA","MANZANA, fruto fresco",23520,"CAJA(S)","CHILE"
"1771","2022",6,"PUESTO DE CONTROL TERRESTRE DESAGUADERO","MAIZ, salvado",28000,"SACO(S)","BOLIVIA"
"1772","2022",6,"OFICINA PUESTO DE CONTROL MARITIMO - PROV. CONST. DEL CALLAO","TE VERDE",32.66,"CAJA(S)","EEUU"
"1773","2022",6,"PUESTO DE CONTROL TERRESTRE DESAGUADERO","SOYA, torta",84000,"GRANEL","BOLIVIA"
"1774","2022",6,"OFICINA PUESTO DE CONTROL MARITIMO - PROV. CONST. DEL CALLAO","PAPA, fécula",120000,"SACO(S)","ALEMANIA"
"1775","2022",6,"PUESTO DE CONTROL TERRESTRE DESAGUADERO","SOYA, torta",51000,"GRANEL","BOLIVIA"
"1776","2022",6,"PUESTO DE CONTROL TERRESTRE DESAGUADERO","SOYA, torta",50000,"GRANEL","BOLIVIA"
"1777","2022",6,"OFICINA PUESTO DE CONTROL MARITIMO - PROV. CONST. DEL CALLAO","ZANAHORIA, semilla",4125,"SACHETS","EEUU"
"1778","2022",6,"SANTA ROSA, TACNA","CAMOTE, fresco",18000,"SACO(S)","CHILE"
"1779","2022",6,"SANTA ROSA, TACNA","YUCA (=MANDIOCA), raíz fresca",24045,"SACO(S)","CHILE"
"1780","2022",6,"PUESTO DE CONTROL TERRESTRE DESAGUADERO","SOYA, torta",174210,"GRANEL","BOLIVIA"
"1781","2022",6,"OFICINA PUESTO DE CONTROL MARITIMO - PROV. CONST. DEL CALLAO","TRIGO, pellets",21780,"SACO(S)","MEXICO"
"1782","2022",6,"OFICINA PUESTO DE CONTROL MARITIMO - PROV. CONST. DEL CALLAO","MANZANA, fruto fresco",19756.8,"CAJA(S)","CHILE"
"1783","2022",6,"PUESTO DE CONTROL TERRESTRE DESAGUADERO","AZUCAR CRUDA, sólido",145000,"SACO(S)","BOLIVIA"
"1784","2022",6,"OFICINA PUESTO DE CONTROL MARITIMO - PROV. CONST. DEL CALLAO","MANI, grano sin cáscara",23710,"BIG BAG","BOLIVIA"
"1785","2022",6,"OFICINA PUESTO DE CONTROL MARITIMO - PROV. CONST. DEL CALLAO","MADERA, monturas y mangos de herramientas, monturas y mangos de cepillos, brochas o escobas, de madera; hormas, ensanchadores y tensores del calzado, de madera ; con algún proceso de la CRF 2",657.396,"PIEZAS","MEXICO"
"1786","2022",6,"OFICINA PUESTO DE CONTROL MARITIMO - PROV. CONST. DEL CALLAO","MADERA, monturas y mangos de herramientas, monturas y mangos de cepillos, brochas o escobas, de madera; hormas, ensanchadores y tensores del calzado, de madera ; con algún proceso de la CRF 2",489.218,"PIEZAS","MEXICO"
"1787","2022",6,"PUESTO DE CONTROL TERRESTRE DESAGUADERO","AZUCAR BLANCA O REFINADA (lectura polarimetrica mayor 99.5°)",83000,"SACO(S)","BOLIVIA"
"1788","2022",6,"PUESTO DE CONTROL TERRESTRE DESAGUADERO","AZUCAR BLANCA O REFINADA (lectura polarimetrica mayor 99.5°)",174000,"SACO(S)","BOLIVIA"
"1789","2022",6,"PUESTO DE CONTROL TERRESTRE DESAGUADERO","AZUCAR BLANCA O REFINADA (lectura polarimetrica mayor 99.5°)",58000,"SACO(S)","BOLIVIA"
"1790","2022",6,"PUESTO DE CONTROL TERRESTRE DESAGUADERO","SOYA, grano",60000,"SACO(S)","BOLIVIA"
"1791","2022",6,"OFICINA PUESTO DE CONTROL MARITIMO - PROV. CONST. DEL CALLAO","AZUCAR CRUDA, sólido",121980,"SACO(S)","GUATEMALA"
"1792","2022",6,"OFICINA PUESTO DE CONTROL MARITIMO - PROV. CONST. DEL CALLAO","AZUCAR CRUDA, sólido",125000,"SACO(S)","GUATEMALA"
"1793","2022",6,"OFICINA PUESTO DE CONTROL MARITIMO - PROV. CONST. DEL CALLAO","AZUCAR CRUDA, sólido",250000,"SACO(S)","COLOMBIA"
"1794","2022",6,"OFICINA PUESTO DE CONTROL MARITIMO - PROV. CONST. DEL CALLAO","MANZANA, fruto fresco",19551,"CAJA(S)","CHILE"
"1795","2022",6,"PUESTO DE CONTROL TERRESTRE DESAGUADERO","SOYA, torta",50000,"GRANEL","BOLIVIA"
"1796","2022",6,"PUESTO DE CONTROL TERRESTRE DESAGUADERO","SOYA, torta",25930,"GRANEL","BOLIVIA"
"1797","2022",6,"PUESTO DE CONTROL TERRESTRE DESAGUADERO","SOYA, torta",28064,"SACO(S)","BOLIVIA"
"1798","2022",6,"PUESTO DE CONTROL TERRESTRE DESAGUADERO","SOYA, torta",84000,"GRANEL","BOLIVIA"
"1799","2022",6,"PUESTO DE CONTROL TERRESTRE DESAGUADERO","SOYA, torta",56000,"GRANEL","BOLIVIA"
"1800","2022",6,"PUESTO DE CONTROL TERRESTRE DESAGUADERO","SOYA, harina",23182,"SACO(S)","BOLIVIA"
"1801","2022",6,"PUESTO DE CONTROL TERRESTRE DESAGUADERO","SOYA, grano",55000,"GRANEL","BOLIVIA"
"1802","2022",6,"PUESTO DE CONTROL TERRESTRE DESAGUADERO","SOYA, grano",29000,"GRANEL","BOLIVIA"
"1803","2022",6,"PUESTO DE CONTROL TERRESTRE DESAGUADERO","SOYA, grano",28000,"GRANEL","BOLIVIA"
"1804","2022",6,"PUESTO DE CONTROL TERRESTRE DESAGUADERO","SOYA, grano",56000,"GRANEL","BOLIVIA"
"1805","2022",6,"PUESTO DE CONTROL TERRESTRE DESAGUADERO","SOYA, grano",28000,"GRANEL","BOLIVIA"
"1806","2022",6,"PUESTO DE CONTROL TERRESTRE DESAGUADERO","SOYA, grano",50000,"GRANEL","BOLIVIA"
"1807","2022",6,"PUESTO DE CONTROL TERRESTRE DESAGUADERO","SOYA, grano",28000,"GRANEL","BOLIVIA"
"1808","2022",6,"PUESTO DE CONTROL TERRESTRE DESAGUADERO","SOYA, grano",57000,"GRANEL","BOLIVIA"
"1809","2022",6,"PUESTO DE CONTROL TERRESTRE DESAGUADERO","SOYA, torta",86000,"GRANEL","BOLIVIA"
"1810","2022",6,"PUESTO DE CONTROL TERRESTRE DESAGUADERO","SOYA, torta",28000,"GRANEL","BOLIVIA"
"1811","2022",6,"PUESTO DE CONTROL TERRESTRE DESAGUADERO","SOYA, torta",27000,"GRANEL","BOLIVIA"
"1812","2022",6,"OFICINA PUESTO DE CONTROL MARITIMO - PROV. CONST. DEL CALLAO","AZUCAR CRUDA, sólido",249440,"SACO(S)","GUATEMALA"
"1813","2022",6,"OFICINA PUESTO DE CONTROL MARITIMO - PROV. CONST. DEL CALLAO","MAIZ, harina",440000,"FARDOS","COLOMBIA"
"1814","2022",6,"OFICINA PUESTO DE CONTROL AEREO -  PROV. CONST. DEL CALLAO","PIMIENTO, semilla",1.031,"SACHETS","EEUU"
"1815","2022",6,"IÑAPARI, MADRE DE DIOS","MAIZ, grano (mondado, perlado, troceado o quebrantado)",30015,"SACO(S)","BRASIL"
"1816","2022",6,"SANTA ROSA, TACNA","PERA, fruta fresca",23184,"CAJA(S)","CHILE"
"1817","2022",6,"SANTA ROSA, TACNA","MANZANA, fruto fresco",23520,"CAJA(S)","CHILE"
"1818","2022",6,"OFICINA PUESTO DE CONTROL MARITIMO - PROV. CONST. DEL CALLAO","AZUCAR BLANCA O REFINADA (lectura polarimetrica mayor 99.5°)",265000,"SACO(S)","GUATEMALA"
"1819","2022",6,"PUESTO DE CONTROL TERRESTRE DESAGUADERO","SOYA, torta",144000,"SACO(S)","BOLIVIA"
"1820","2022",6,"PUESTO DE CONTROL TERRESTRE DESAGUADERO","SOYA, harina",114000,"SACO(S)","BOLIVIA"
"1821","2022",6,"SANTA ROSA, TACNA","MANZANA, fruto fresco",23520,"CAJA(S)","CHILE"
"1822","2022",6,"SANTA ROSA, TACNA","MANZANA, fruto fresco",23520,"CAJA(S)","CHILE"
"1823","2022",6,"SANTA ROSA, TACNA","MANZANA, fruto fresco",23520,"CAJA(S)","CHILE"
"1824","2022",6,"SANTA ROSA, TACNA","MANZANA, fruto fresco",23520,"CAJA(S)","CHILE"
"1825","2022",6,"SANTA ROSA, TACNA","MANZANA, fruto fresco",23520,"CAJA(S)","CHILE"
"1826","2022",6,"SANTA ROSA, TACNA","MANZANA, fruto fresco",23520,"CAJA(S)","CHILE"
"1827","2022",6,"PUESTO DE CONTROL TERRESTRE DESAGUADERO","SOYA, torta",117000,"SACO(S)","BOLIVIA"
"1828","2022",6,"OFICINA PUESTO DE CONTROL MARITIMO - PROV. CONST. DEL CALLAO","AZUCAR CRUDA, sólido",124650,"SACO(S)","GUATEMALA"
"1829","2022",6,"OFICINA PUESTO DE CONTROL MARITIMO - PROV. CONST. DEL CALLAO","AZUCAR CRUDA, sólido",125000,"SACO(S)","GUATEMALA"
"1830","2022",6,"PUESTO DE CONTROL TERRESTRE DESAGUADERO","AZUCAR BLANCA O REFINADA (lectura polarimetrica mayor 99.5°)",174000,"SACO(S)","BOLIVIA"
"1831","2022",6,"PUESTO DE CONTROL TERRESTRE DESAGUADERO","SOYA, torta",177404,"SACO(S)","BOLIVIA"
"1832","2022",6,"OFICINA PUESTO DE CONTROL MARITIMO - PROV. CONST. DEL CALLAO","ALIMENTO PARA ANIMALES, materias vegetales, desperdicios, residuos, incluso en pellets",9000,"SACO(S)","CHILE"
"1833","2022",6,"PUESTO DE CONTROL TERRESTRE DESAGUADERO","SOYA, torta",112000,"SACO(S)","BOLIVIA"
"1834","2022",6,"PUERTO DE MATARANI , AREQUIPA","LOS DEMAS TRACTORES USADOS, con motor de potencia inferior o igual a 18 kW (excepto las carretillas tractor de la partida 87.09)",24000,"UNIDADES","JAPON"
"1835","2022",6,"OFICINA PUESTO DE CONTROL MARITIMO - PROV. CONST. DEL CALLAO","PINO, postes de madera con algun proceso de la CRF 2",209800,"UNIDADES","CHILE"
"1836","2022",6,"OFICINA PUESTO DE CONTROL MARITIMO - PROV. CONST. DEL CALLAO","ALGODON, fibra sin cardar ni peinar (>22.22 mm = o <28.57 mm)",352880,"FARDOS","EEUU"
"1837","2022",6,"OFICINA PUESTO DE CONTROL MARITIMO - PROV. CONST. DEL CALLAO","TRIGO, semola",55800,"BOLSONES","MEXICO"
"1838","2022",6,"OFICINA PUESTO DE CONTROL MARITIMO - PROV. CONST. DEL CALLAO","LOS DEMAS TRACTORES USADOS, con motor de potencia inferior o igual a 18 kW (excepto las carretillas tractor de la partida 87.09)",8000,"PAQUETES","JAPON"
"1839","2022",6,"OFICINA PUESTO DE CONTROL MARITIMO - PROV. CONST. DEL CALLAO","LOS DEMAS TRACTORES, con motor de potencia superior a 18 kW pero inferior o igual a 37 kW (excepto las carretillas tractor de la partida 87.09), USADOS",2500,"PAQUETES","JAPON"
"1840","2022",6,"OFICINA PUESTO DE CONTROL MARITIMO - PROV. CONST. DEL CALLAO","TRACTOR USADO, con motor de potencia superior a 33 kW pero inferior o igual a 75 kW",1955,"PAQUETES","JAPON"
"1841","2022",6,"OFICINA PUESTO DE CONTROL MARITIMO - PROV. CONST. DEL CALLAO","ARROZ, grano pilado",175000,"SACO(S)","URUGUAY"
"1842","2022",6,"PUESTO DE CONTROL- CEBAF","PIMIENTA, grano seco al natural",3000,"SACO(S)","ECUADOR"
"1843","2022",6,"PUESTO DE CONTROL- CEBAF","PIMIENTA, barreduras",1000,"SACO(S)","ECUADOR"
"1844","2022",6,"PUESTO DE CONTROL TERRESTRE DESAGUADERO","SOYA, grano",28000,"GRANEL","BOLIVIA"
"1845","2022",6,"PUESTO DE CONTROL TERRESTRE DESAGUADERO","SOYA, grano",28500,"GRANEL","BOLIVIA"
"1846","2022",6,"OFICINA PUESTO DE CONTROL MARITIMO - PROV. CONST. DEL CALLAO","KIWI, fruto fresco",4800,"CAJA(S)","CHILE"
"1847","2022",6,"OFICINA PUESTO DE CONTROL MARITIMO - PROV. CONST. DEL CALLAO","MANZANA, fruto fresco",15993.6,"CAJA(S)","CHILE"
"1848","2022",6,"PUESTO DE CONTROL TERRESTRE DESAGUADERO","AZUCAR DE CAÑA, solido en bruto",116000,"SACO(S)","BOLIVIA"
"1849","2022",6,"OFICINA PUESTO DE CONTROL MARITIMO - PROV. CONST. DEL CALLAO","LENTEJA, grano",21682,"SACO(S)","EEUU"
"1850","2022",6,"PUESTO DE CONTROL TERRESTRE DESAGUADERO","SOYA, torta",140500,"SACO(S)","BOLIVIA"
"1851","2022",6,"PUESTO DE CONTROL TERRESTRE DESAGUADERO","SOYA, torta",114500,"SACO(S)","BOLIVIA"
"1852","2022",6,"PUESTO DE CONTROL TERRESTRE DESAGUADERO","SOYA, torta",114500,"SACO(S)","BOLIVIA"
"1853","2022",6,"PUESTO DE CONTROL TERRESTRE DESAGUADERO","SOYA, harina",144000,"SACO(S)","BOLIVIA"
"1854","2022",6,"PUESTO DE CONTROL TERRESTRE DESAGUADERO","SOYA, harina",144500,"SACO(S)","BOLIVIA"
"1855","2022",6,"PUESTO DE CONTROL TERRESTRE DESAGUADERO","SOYA, harina",143000,"SACO(S)","BOLIVIA"
"1856","2022",6,"OFICINA PUESTO DE CONTROL MARITIMO - PROV. CONST. DEL CALLAO","GARBANZO, grano",69400,"SACO(S)","EEUU"
"1857","2022",6,"PUESTO DE CONTROL TERRESTRE DESAGUADERO","GIRASOL, torta",55650,"GRANEL","BOLIVIA"
"1858","2022",6,"PUESTO DE CONTROL TERRESTRE DESAGUADERO","SOYA, torta",114500,"SACO(S)","BOLIVIA"
"1859","2022",6,"PUESTO DE CONTROL TERRESTRE DESAGUADERO","SOYA, torta",85980,"GRANEL","BOLIVIA"
"1860","2022",6,"PUESTO DE CONTROL TERRESTRE DESAGUADERO","SOYA, harina",87000,"SACO(S)","BOLIVIA"
"1861","2022",6,"PUESTO DE CONTROL TERRESTRE DESAGUADERO","SOYA, torta",25099,"SACO(S)","BOLIVIA"
"1862","2022",6,"PUESTO DE CONTROL TERRESTRE DESAGUADERO","SOYA, torta",28000,"GRANEL","BOLIVIA"
"1863","2022",6,"PUESTO DE CONTROL TERRESTRE DESAGUADERO","SOYA, torta",26000,"GRANEL","BOLIVIA"
"1864","2022",6,"OFICINA PUESTO DE CONTROL MARITIMO - PROV. CONST. DEL CALLAO","MANZANA, fruto fresco",2793,"CAJA(S)","CHILE"
"1865","2022",6,"OFICINA PUESTO DE CONTROL MARITIMO - PROV. CONST. DEL CALLAO","KIWI, fruto fresco",2000,"CAJA(S)","CHILE"
"1866","2022",6,"OFICINA PUESTO DE CONTROL MARITIMO - PROV. CONST. DEL CALLAO","PERA, fruta fresca",17280,"CAJA(S)","CHILE"
"1867","2022",6,"OFICINA PUESTO DE CONTROL MARITIMO - PROV. CONST. DEL CALLAO","ALGODON, fibra sin cardar ni peinar (>22.22 mm = o <28.57 mm)",57880,"FARDOS","EEUU"
"1868","2022",6,"OFICINA PUESTO DE CONTROL MARITIMO - PROV. CONST. DEL CALLAO","Articulos para fiestas de navidad que sean o contengan material vegetal
",21.996,"CAJA(S)","EL SALVADOR"
"1869","2022",6,"OFICINA PUESTO DE CONTROL MARITIMO - PROV. CONST. DEL CALLAO","BAMBU, artículos de cestería obtenidos directamente en su forma con materia trenzable con algún proceso de la CRF 2",53.895,"CAJA(S)","EL SALVADOR"
"1870","2022",6,"OFICINA PUESTO DE CONTROL AEREO -  PROV. CONST. DEL CALLAO","TOMATE DE CASCARA(=TOMATILLO), semilla",0.051,"SACHETS","EEUU"
"1871","2022",6,"OFICINA PUESTO DE CONTROL MARITIMO - PROV. CONST. DEL CALLAO","AVENA, grano mondado, perlado, troceado o quebrantado",48000,"SACO(S)","CHILE"
"1872","2022",6,"PUESTO DE CONTROL TERRESTRE DESAGUADERO","CHIA, grano",28000,"SACO(S)","BOLIVIA"
"1873","2022",6,"OFICINA PUESTO DE CONTROL MARITIMO - PROV. CONST. DEL CALLAO","PAPA, fécula",2e+05,"SACO(S)","ALEMANIA"
"1874","2022",6,"PUESTO DE CONTROL TERRESTRE DESAGUADERO","AZUCAR BLANCA O REFINADA (lectura polarimetrica mayor 99.5°)",29000,"SACO(S)","BOLIVIA"
"1875","2022",6,"PUESTO DE CONTROL TERRESTRE DESAGUADERO","SOYA, torta",139980,"GRANEL","BOLIVIA"
"1876","2022",6,"PUESTO DE CONTROL TERRESTRE DESAGUADERO","SOYA, torta",56900,"GRANEL","BOLIVIA"
"1877","2022",6,"PUESTO DE CONTROL TERRESTRE DESAGUADERO","SOYA, torta",27000,"GRANEL","BOLIVIA"
"1878","2022",6,"PUESTO DE CONTROL TERRESTRE DESAGUADERO","SOYA, grano",144960,"SACO(S)","BOLIVIA"
"1879","2022",6,"PUESTO DE CONTROL TERRESTRE DESAGUADERO","AZUCAR BLANCA O REFINADA (lectura polarimetrica mayor 99.5°)",10000,"SACO(S)","BOLIVIA"
"1880","2022",6,"PUESTO DE CONTROL TERRESTRE DESAGUADERO","AZUCAR BLANCA O REFINADA (lectura polarimetrica mayor 99.5°)",19000,"SACO(S)","BOLIVIA"
"1881","2022",6,"PUESTO DE CONTROL TERRESTRE DESAGUADERO","YUCA (=MANDIOCA), fécula",50000,"BOLSAS","PARAGUAY"
"1882","2022",6,"OFICINA PUESTO DE CONTROL AEREO -  PROV. CONST. DEL CALLAO","TOMATE, semilla",0.07,"SACHETS","HOLANDA"
"1883","2022",6,"OFICINA PUESTO DE CONTROL AEREO -  PROV. CONST. DEL CALLAO","MELON, semilla",0.534785,"SACHETS","HOLANDA"
"1884","2022",6,"OFICINA PUESTO DE CONTROL AEREO -  PROV. CONST. DEL CALLAO","TOMATE, semilla",0.00135,"SACHETS","HOLANDA"
"1885","2022",6,"OFICINA PUESTO DE CONTROL AEREO -  PROV. CONST. DEL CALLAO","BERENJENA, semilla",0.165,"SACHETS","ESPAÑA"
"1886","2022",6,"OFICINA PUESTO DE CONTROL AEREO -  PROV. CONST. DEL CALLAO","MELON, semilla",0.236,"SACHETS","HOLANDA"
"1887","2022",6,"OFICINA PUESTO DE CONTROL AEREO -  PROV. CONST. DEL CALLAO","PEPINILLO, semilla",0.14,"SACHETS","FRANCIA"
"1888","2022",6,"OFICINA PUESTO DE CONTROL AEREO -  PROV. CONST. DEL CALLAO","LECHUGA, semilla",0.165,"SACHETS","FRANCIA"
"1889","2022",6,"OFICINA PUESTO DE CONTROL AEREO -  PROV. CONST. DEL CALLAO","ZANAHORIA, semilla",454.791,"LATAS","FRANCIA"
"1890","2022",6,"OFICINA PUESTO DE CONTROL AEREO -  PROV. CONST. DEL CALLAO","TOMATE, semilla",0.097,"SACHETS","FRANCIA"
"1891","2022",6,"OFICINA PUESTO DE CONTROL MARITIMO - PROV. CONST. DEL CALLAO","AZUCAR BLANCA O REFINADA (lectura polarimetrica mayor 99.5°)",265000,"SACO(S)","GUATEMALA"
"1892","2022",6,"OFICINA PUESTO DE CONTROL AEREO -  PROV. CONST. DEL CALLAO","SANDIA, semilla",2.15,"SOBRES","ESPAÑA"
"1893","2022",6,"OFICINA PUESTO DE CONTROL MARITIMO - PROV. CONST. DEL CALLAO","LENTEJA, grano",131088,"SACO(S)","CANADA"
"1894","2022",6,"PUESTO DE CONTROL TERRESTRE DESAGUADERO","SOYA, harina",174000,"SACO(S)","BOLIVIA"
"1895","2022",6,"OFICINA PUESTO DE CONTROL AEREO -  PROV. CONST. DEL CALLAO","HONGO, seco",60.53,"BOLSAS","EEUU"
"1896","2022",6,"OFICINA PUESTO DE CONTROL AEREO -  PROV. CONST. DEL CALLAO","PISTACHOS sin cáscara, secas o mondado o rallado",54.87,"CAJA(S)","EEUU"
"1897","2022",6,"OFICINA PUESTO DE CONTROL AEREO -  PROV. CONST. DEL CALLAO","PIÑON, semilla alimenticia seca industrial",47.29,"CAJA(S)","EEUU"
"1898","2022",6,"OFICINA PUESTO DE CONTROL AEREO -  PROV. CONST. DEL CALLAO","ENEBRO, bayas sin triturar ni pulverizar con secado al horno o industrial",22.48,"FRASCO(S)","EEUU"
"1899","2022",6,"OFICINA PUESTO DE CONTROL AEREO -  PROV. CONST. DEL CALLAO","ARROZ, parbolizado pulido o sin cáscara",37.76,"CAJA(S)","EEUU"
"1900","2022",6,"OFICINA PUESTO DE CONTROL AEREO -  PROV. CONST. DEL CALLAO","ARANDANO, planta",399,"CAJA(S)","CHILE"
"1901","2022",6,"PUESTO DE CONTROL TERRESTRE DESAGUADERO","MANI, grano sin cáscara",58000,"SACO(S)","BOLIVIA"
"1902","2022",6,"PUESTO DE CONTROL TERRESTRE DESAGUADERO","AZUCAR BLANCA O REFINADA (lectura polarimetrica mayor 99.5°)",141500,"SACO(S)","BOLIVIA"
"1903","2022",6,"PUESTO DE CONTROL TERRESTRE DESAGUADERO","SOYA, harina",116000,"SACO(S)","BOLIVIA"
"1904","2022",6,"OFICINA PUESTO DE CONTROL MARITIMO - PROV. CONST. DEL CALLAO","TURBA",61200,"BIG BAG","HOLANDA"
"1905","2022",6,"OFICINA PUESTO DE CONTROL MARITIMO - PROV. CONST. DEL CALLAO","TURBA",61200,"BIG BAG","HOLANDA"
"1906","2022",6,"PUESTO DE CONTROL TERRESTRE DESAGUADERO","SOYA, harina",145000,"SACO(S)","BOLIVIA"
"1907","2022",6,"OFICINA PUESTO DE CONTROL MARITIMO - PROV. CONST. DEL CALLAO","LAUREL, hoja seca al natural",6525,"SACO(S)","ESPAÑA"
"1908","2022",6,"PUERTO DE PAITA , PIURA","MAIZ AMARILLO DURO, grano",4546980,"GRANEL","ARGENTINA"
"1909","2022",6,"PUERTO DE PAITA , PIURA","SOYA, pellets",2200000,"GRANEL","ARGENTINA"
"1910","2022",6,"OFICINA PUESTO DE CONTROL MARITIMO - PROV. CONST. DEL CALLAO","PAPA, hojuelas y pellets",18720,"SACO(S)","HOLANDA"
"1911","2022",6,"OFICINA PUESTO DE CONTROL MARITIMO - PROV. CONST. DEL CALLAO","Las demás maderas de coníferas, perfilada longitudi (con lengüetas ranuras, rebajes, acanalados, biselados, con juntas en v, redond  o simil) en una o varias caras, cantos o extrem, incluso cepillada, lijada o unida por los extrem, con algún proceso de la CRF 2",56467,"FARDOS","BRASIL"
"1912","2022",6,"OFICINA PUESTO DE CONTROL MARITIMO - PROV. CONST. DEL CALLAO","CAUCHO, técnicamente especificado (TSNR)",60480,"PIEZAS","INDONESIA"
"1913","2022",6,"OFICINA PUESTO DE CONTROL MARITIMO - PROV. CONST. DEL CALLAO","AVENA, grano mondado, perlado, troceado o quebrantado",26000,"SACO(S)","CHILE"
"1914","2022",6,"PUESTO DE CONTROL TERRESTRE DESAGUADERO","SOYA, torta",84980,"GRANEL","BOLIVIA"
"1915","2022",6,"PUESTO DE CONTROL TERRESTRE DESAGUADERO","SOYA, torta",111000,"GRANEL","BOLIVIA"
"1916","2022",6,"PUESTO DE CONTROL TERRESTRE DESAGUADERO","SOYA, torta",110500,"GRANEL","BOLIVIA"
"1917","2022",6,"PUESTO DE CONTROL TERRESTRE DESAGUADERO","FREJOL NEGRO, grano",60000,"SACO(S)","BOLIVIA"
"1918","2022",6,"PUESTO DE CONTROL TERRESTRE DESAGUADERO","SOYA, torta",56000,"GRANEL","BOLIVIA"
"1919","2022",6,"PUESTO DE CONTROL TERRESTRE DESAGUADERO","SOYA, torta",139980,"GRANEL","BOLIVIA"
"1920","2022",6,"PUESTO DE CONTROL TERRESTRE DESAGUADERO","SOYA, torta",85000,"GRANEL","BOLIVIA"
"1921","2022",6,"OFICINA PUESTO DE CONTROL MARITIMO - PROV. CONST. DEL CALLAO","PERA, fruta fresca",22932,"CAJA(S)","ARGENTINA"
"1922","2022",6,"OFICINA PUESTO DE CONTROL MARITIMO - PROV. CONST. DEL CALLAO","TRACTOR USADO, con motor de potencia superior a 130KW",14500,"UNIDADES","EEUU"
"1923","2022",6,"OFICINA PUESTO DE CONTROL MARITIMO - PROV. CONST. DEL CALLAO","PERA, fruta fresca",22932,"CAJA(S)","ARGENTINA"
"1924","2022",6,"OFICINA PUESTO DE CONTROL MARITIMO - PROV. CONST. DEL CALLAO","PERA, fruta fresca",22932,"CAJA(S)","ARGENTINA"
"1925","2022",6,"OFICINA PUESTO DE CONTROL MARITIMO - PROV. CONST. DEL CALLAO","ARROZ, grano pilado",132500,"SACO(S)","BRASIL"
"1926","2022",6,"OFICINA PUESTO DE CONTROL MARITIMO - PROV. CONST. DEL CALLAO","UVA (PASAS), secas naturalmente",19900,"CAJA(S)","CHILE"
"1927","2022",6,"OFICINA PUESTO DE CONTROL MARITIMO - PROV. CONST. DEL CALLAO","PERA, fruta fresca",22288,"CAJA(S)","ARGENTINA"
"1928","2022",6,"PUESTO DE CONTROL TERRESTRE DESAGUADERO","SOYA, torta",116000,"SACO(S)","BOLIVIA"
"1929","2022",6,"PUESTO DE CONTROL TERRESTRE DESAGUADERO","SOYA, torta",147000,"SACO(S)","BOLIVIA"
"1930","2022",6,"OFICINA PUESTO DE CONTROL MARITIMO - PROV. CONST. DEL CALLAO","PINO, madera aserrada, con tratamiento de secado al horno o impregnación de sales",394527,"PAQUETES","CHILE"
"1931","2022",6,"OFICINA PUESTO DE CONTROL MARITIMO - PROV. CONST. DEL CALLAO","PINO, madera aserrada, con tratamiento de secado al horno o impregnación de sales",157064,"PAQUETES","CHILE"
"1932","2022",6,"OFICINA PUESTO DE CONTROL MARITIMO - PROV. CONST. DEL CALLAO","CAUCHO, técnicamente especificado (TSNR)",41990,"PACAS","COLOMBIA"
"1933","2022",6,"PUESTO DE CONTROL TERRESTRE DESAGUADERO","SOYA, torta",112000,"GRANEL","BOLIVIA"
"1934","2022",6,"PUESTO DE CONTROL TERRESTRE DESAGUADERO","SOYA, torta",112000,"GRANEL","BOLIVIA"
"1935","2022",6,"PUESTO DE CONTROL TERRESTRE DESAGUADERO","SOYA, torta",29000,"GRANEL","BOLIVIA"
"1936","2022",6,"PUESTO DE CONTROL TERRESTRE DESAGUADERO","SOYA, torta",83000,"GRANEL","BOLIVIA"
"1937","2022",6,"PUESTO DE CONTROL TERRESTRE DESAGUADERO","SOYA, torta",86817,"BIG BAG","BOLIVIA"
"1938","2022",6,"PUESTO DE CONTROL TERRESTRE DESAGUADERO","SOYA, torta",84000,"GRANEL","BOLIVIA"
"1939","2022",6,"PUESTO DE CONTROL TERRESTRE DESAGUADERO","SOYA, torta",51000,"GRANEL","BOLIVIA"
"1940","2022",6,"PUESTO DE CONTROL TERRESTRE DESAGUADERO","SOYA, torta",57000,"GRANEL","BOLIVIA"
"1941","2022",6,"PUESTO DE CONTROL TERRESTRE DESAGUADERO","SOYA, torta",140000,"GRANEL","BOLIVIA"
"1942","2022",6,"PUESTO DE CONTROL TERRESTRE DESAGUADERO","SOYA, torta",28000,"GRANEL","BOLIVIA"
"1943","2022",6,"PUESTO DE CONTROL TERRESTRE DESAGUADERO","SOYA, torta",56000,"GRANEL","BOLIVIA"
"1944","2022",6,"PUESTO DE CONTROL TERRESTRE DESAGUADERO","SOYA, torta",112000,"GRANEL","BOLIVIA"
"1945","2022",6,"OFICINA PUESTO DE CONTROL MARITIMO - PROV. CONST. DEL CALLAO","RATTAN, fibra trenzable o confeccionado secado al natural",780,"FARDOS","CHINA"
"1946","2022",6,"PUESTO DE CONTROL TERRESTRE DESAGUADERO","SOYA, grano",28000,"GRANEL","BOLIVIA"
"1947","2022",6,"PUESTO DE CONTROL TERRESTRE DESAGUADERO","SOYA, grano",27000,"GRANEL","BOLIVIA"
"1948","2022",6,"PUESTO DE CONTROL TERRESTRE DESAGUADERO","SOYA, grano",56000,"GRANEL","BOLIVIA"
"1949","2022",6,"PUESTO DE CONTROL TERRESTRE DESAGUADERO","SOYA, grano",27000,"GRANEL","BOLIVIA"
"1950","2022",6,"OFICINA PUESTO DE CONTROL MARITIMO - PROV. CONST. DEL CALLAO","UVA (PASAS), secas industrialmente",60000,"CAJA(S)","CHILE"
"1951","2022",6,"OFICINA PUESTO DE CONTROL MARITIMO - PROV. CONST. DEL CALLAO","UVA (PASAS), secas naturalmente",40000,"CAJA(S)","CHILE"
"1952","2022",6,"OFICINA PUESTO DE CONTROL MARITIMO - PROV. CONST. DEL CALLAO","Las demás máquinas para limpieza de frutos o demás productos agrícolas usadas
",1030,"UNIDADES","MEXICO"
"1953","2022",6,"OFICINA PUESTO DE CONTROL MARITIMO - PROV. CONST. DEL CALLAO","ALGODON, fibra sin cardar ni peinar (>28.57 mm = o <34.92 mm)",59270,"FARDOS","EEUU"
"1954","2022",6,"PUESTO DE CONTROL- CEBAF","PIMIENTA, grano seco al natural",11325,"SACO(S)","ECUADOR"
"1955","2022",6,"OFICINA PUESTO DE CONTROL MARITIMO - PROV. CONST. DEL CALLAO","PERA, fruta fresca",22680,"CAJA(S)","ARGENTINA"
"1956","2022",6,"PUESTO DE CONTROL- CEBAF","CAÑA DE GUAYAQUIL, seca al natural",32000,"UNIDADES","ECUADOR"
"1957","2022",6,"PUESTO DE CONTROL TERRESTRE DESAGUADERO","SOYA, torta",85980,"GRANEL","BOLIVIA"
"1958","2022",6,"PUESTO DE CONTROL TERRESTRE DESAGUADERO","SOYA, torta",25000,"GRANEL","BOLIVIA"
"1959","2022",6,"OFICINA PUESTO DE CONTROL MARITIMO - PROV. CONST. DEL CALLAO","ALFALFA, semilla",18000,"SACO(S)","EEUU"
"1960","2022",6,"OFICINA PUESTO DE CONTROL MARITIMO - PROV. CONST. DEL CALLAO","ALFALFA, semilla",18000,"SACO(S)","EEUU"
"1961","2022",6,"PUESTO DE CONTROL TERRESTRE DESAGUADERO","SOYA, torta",176000,"SACO(S)","BOLIVIA"
"1962","2022",6,"OFICINA PUESTO DE CONTROL MARITIMO - PROV. CONST. DEL CALLAO","TRACTOR USADO, con motor de potencia superior a 75 kW pero inferior o igual a 130 kW",13942.933,"UNIDADES","BOLIVIA"
"1963","2022",6,"OFICINA PUESTO DE CONTROL AEREO -  PROV. CONST. DEL CALLAO","TOMATE, semilla",0.059,"SACHETS","ESPAÑA"
"1964","2022",6,"OFICINA PUESTO DE CONTROL AEREO -  PROV. CONST. DEL CALLAO","TOMATE, semilla",0.13,"SACHETS","HOLANDA"
"1965","2022",6,"OFICINA PUESTO DE CONTROL MARITIMO - PROV. CONST. DEL CALLAO","PINO, madera aserrada con tratamiento de secado al horno o impregnación de sales",160740,"PAQUETES","CHILE"
"1966","2022",6,"PUESTO DE CONTROL TERRESTRE DESAGUADERO","LINAZA, grano",30000,"SACO(S)","BOLIVIA"
"1967","2022",6,"OFICINA PUESTO DE CONTROL MARITIMO - PROV. CONST. DEL CALLAO","ALGODON, fibra sin cardar ni peinar (>28.57 mm = o <34.92 mm)",20190,"FARDOS","EEUU"
"1968","2022",6,"PUESTO DE CONTROL TERRESTRE DESAGUADERO","SOYA, harina",173985,"SACO(S)","BOLIVIA"
"1969","2022",6,"OFICINA PUESTO DE CONTROL MARITIMO - PROV. CONST. DEL CALLAO","COL, semilla",100,"LATAS","ITALIA"
"1970","2022",6,"OFICINA PUESTO DE CONTROL MARITIMO - PROV. CONST. DEL CALLAO","ESPINACA, semilla",250,"LATAS","ITALIA"
"1971","2022",6,"OFICINA PUESTO DE CONTROL MARITIMO - PROV. CONST. DEL CALLAO","CULANTRO, semilla",1000,"SACO(S)","ITALIA"
"1972","2022",6,"OFICINA PUESTO DE CONTROL MARITIMO - PROV. CONST. DEL CALLAO","ZANAHORIA, semilla",100,"LATAS","ITALIA"
"1973","2022",6,"OFICINA PUESTO DE CONTROL MARITIMO - PROV. CONST. DEL CALLAO","COLZA, torta",52000,"BOLSAS","CHILE"
"1974","2022",6,"PUESTO DE CONTROL TERRESTRE DESAGUADERO","SOYA, torta",55500,"GRANEL","BOLIVIA"
"1975","2022",6,"OFICINA PUESTO DE CONTROL AEREO -  PROV. CONST. DEL CALLAO","LECHUGA, semilla",0.1,"SACHETS","CHILE"
"1976","2022",6,"OFICINA PUESTO DE CONTROL MARITIMO - PROV. CONST. DEL CALLAO","ARROZ, grano pilado",13776,"CAJA(S)","ITALIA"
"1977","2022",6,"OFICINA PUESTO DE CONTROL MARITIMO - PROV. CONST. DEL CALLAO","PERA, fruta fresca",23040,"CAJA(S)","CHILE"
"1978","2022",6,"OFICINA PUESTO DE CONTROL MARITIMO - PROV. CONST. DEL CALLAO","AZUCAR CRUDA, sólido",3e+05,"SACO(S)","GUATEMALA"
"1979","2022",6,"OFICINA PUESTO DE CONTROL MARITIMO - PROV. CONST. DEL CALLAO","AZUCAR CRUDA, sólido",250000,"SACO(S)","EL SALVADOR"
"1980","2022",6,"OFICINA PUESTO DE CONTROL AEREO -  PROV. CONST. DEL CALLAO","SANDIA, semilla",1.2,"SOBRES ALUMINIZADOS","ESPAÑA"
"1981","2022",6,"OFICINA PUESTO DE CONTROL AEREO -  PROV. CONST. DEL CALLAO","TOMATE, semilla",0.4,"SACHETS","ISRAEL"
"1982","2022",6,"OFICINA PUESTO DE CONTROL MARITIMO - PROV. CONST. DEL CALLAO","LENTEJA, grano",131540,"SACO(S)","CANADA"
"1983","2022",6,"OFICINA PUESTO DE CONTROL MARITIMO - PROV. CONST. DEL CALLAO","LENTEJA, grano",131540,"SACO(S)","CANADA"
"1984","2022",6,"OFICINA PUESTO DE CONTROL MARITIMO - PROV. CONST. DEL CALLAO","PINO OREGON, madera aserrada",36138,"PIEZAS","EEUU"
"1985","2022",6,"IÑAPARI, MADRE DE DIOS","MAIZ AMARILLO DURO, grano",64000,"SACO(S)","BRASIL"
"1986","2022",6,"OFICINA PUESTO DE CONTROL MARITIMO - PROV. CONST. DEL CALLAO","PERA, fruta fresca",22932,"CAJA(S)","ARGENTINA"
"1987","2022",6,"OFICINA PUESTO DE CONTROL MARITIMO - PROV. CONST. DEL CALLAO","BOLDO, hoja seca al natural",13000,"SACO(S)","CHILE"
"1988","2022",6,"OFICINA PUESTO DE CONTROL MARITIMO - PROV. CONST. DEL CALLAO","TURBA",203040,"BIG BAG","HOLANDA"
"1989","2022",6,"OFICINA PUESTO DE CONTROL MARITIMO - PROV. CONST. DEL CALLAO","TURBA",177660,"BIG BAG","HOLANDA"
"1990","2022",6,"OFICINA PUESTO DE CONTROL MARITIMO - PROV. CONST. DEL CALLAO","ALGODON, fibra sin cardar ni peinar (>22.22 mm = o <28.57 mm)",40590,"FARDOS","EEUU"
"1991","2022",6,"PUESTO DE CONTROL TERRESTRE DESAGUADERO","SOYA, torta",28000,"GRANEL","BOLIVIA"
"1992","2022",6,"PUESTO DE CONTROL TERRESTRE DESAGUADERO","SOYA, torta",112000,"GRANEL","BOLIVIA"
"1993","2022",6,"PUESTO DE CONTROL TERRESTRE DESAGUADERO","SOYA, torta",84060,"GRANEL","BOLIVIA"
"1994","2022",6,"PUESTO DE CONTROL TERRESTRE DESAGUADERO","SOYA, torta",88416,"SACO(S)","BOLIVIA"
"1995","2022",6,"PUESTO DE CONTROL TERRESTRE DESAGUADERO","SOYA, torta",140000,"GRANEL","BOLIVIA"
"1996","2022",6,"PUESTO DE CONTROL TERRESTRE DESAGUADERO","SOYA, torta",54380,"GRANEL","BOLIVIA"
"1997","2022",6,"OFICINA PUESTO DE CONTROL MARITIMO - PROV. CONST. DEL CALLAO","TRIGO, harina",18517.766,"BOLSAS","EEUU"
"1998","2022",6,"OFICINA PUESTO DE CONTROL MARITIMO - PROV. CONST. DEL CALLAO","TRIGO, harina",18517.766,"BOLSAS","EEUU"
"1999","2022",6,"OFICINA PUESTO DE CONTROL MARITIMO - PROV. CONST. DEL CALLAO","TRIGO, harina",18517.766,"BOLSAS","EEUU"
"2000","2022",6,"OFICINA PUESTO DE CONTROL MARITIMO - PROV. CONST. DEL CALLAO","Marañon (NUEZ DE CAJU), semilla alimenticia sin cascara, seca industriamente",24948,"CAJA(S)","BRASIL"
"2001","2022",6,"OFICINA PUESTO DE CONTROL MARITIMO - PROV. CONST. DEL CALLAO","ALPISTE (=PHALARIS), grano",46992,"SACO(S)","CANADA"
"2002","2022",6,"OFICINA PUESTO DE CONTROL MARITIMO - PROV. CONST. DEL CALLAO","ALMENDRA, harina, polvo",907.2,"CAJA(S)","EEUU"
"2003","2022",6,"OFICINA PUESTO DE CONTROL MARITIMO - PROV. CONST. DEL CALLAO","LENTEJA, grano",184163,"SACO(S)","CANADA"
"2004","2022",6,"PUERTO DE PAITA , PIURA","MADERA, cajas con algún proceso de la CRF 2",58880,"UNIDADES","CHILE"
"2005","2022",6,"OFICINA PUESTO DE CONTROL MARITIMO - PROV. CONST. DEL CALLAO","PINO, madera aserrada con tratamiento de secado al horno impregnación de sales",97247,"PAQUETES","CHILE"
"2006","2022",6,"OFICINA PUESTO DE CONTROL MARITIMO - PROV. CONST. DEL CALLAO","LENTEJA, grano",129592,"SACO(S)","CANADA"
"2007","2022",6,"OFICINA PUESTO DE CONTROL AEREO -  PROV. CONST. DEL CALLAO","TOMATE, semilla",0.06722,"SACHETS","HOLANDA"
"2008","2022",6,"OFICINA PUESTO DE CONTROL MARITIMO - PROV. CONST. DEL CALLAO","PAPA, fécula",20000,"SACO(S)","HOLANDA"
"2009","2022",6,"OFICINA PUESTO DE CONTROL MARITIMO - PROV. CONST. DEL CALLAO","ARROZ, grano pilado",125000,"SACO(S)","URUGUAY"
"2010","2022",6,"PUESTO DE CONTROL TERRESTRE DESAGUADERO","SOYA, torta",57000,"GRANEL","BOLIVIA"
"2011","2022",6,"OFICINA PUESTO DE CONTROL MARITIMO - PROV. CONST. DEL CALLAO","TRIGO, harina",7201.354,"BOLSAS","EEUU"
"2012","2022",6,"OFICINA PUESTO DE CONTROL MARITIMO - PROV. CONST. DEL CALLAO","MAIZ, harina",680.4,"BOLSAS","EEUU"
"2013","2022",6,"OFICINA PUESTO DE CONTROL MARITIMO - PROV. CONST. DEL CALLAO","AZUCAR CRUDA, sólido",125000,"SACO(S)","HONDURAS"
"2014","2022",6,"PUESTO DE CONTROL TERRESTRE DESAGUADERO","AZUCAR BLANCA O REFINADA (lectura polarimetrica mayor 99.5°)",114000,"SACO(S)","BOLIVIA"
"2015","2022",6,"OFICINA PUESTO DE CONTROL MARITIMO - PROV. CONST. DEL CALLAO","MANZANA, fruto fresco",19992,"CAJA(S)","CHILE"
"2016","2022",6,"PUESTO DE CONTROL TERRESTRE DESAGUADERO","AZUCAR CRUDA, sólido",116000,"SACO(S)","BOLIVIA"
"2017","2022",6,"OFICINA PUESTO DE CONTROL MARITIMO - PROV. CONST. DEL CALLAO","PINO, madera aserrada, con tratamiento de secado al horno o impregnación de sales",351843,"PAQUETES","CHILE"
"2018","2022",6,"OFICINA PUESTO DE CONTROL MARITIMO - PROV. CONST. DEL CALLAO","LENTEJA, grano",26308,"SACO(S)","CANADA"
"2019","2022",6,"OFICINA PUESTO DE CONTROL MARITIMO - PROV. CONST. DEL CALLAO","TURBA",26650,"BIG BAG","LETONIA"
"2020","2022",6,"PUESTO DE CONTROL TERRESTRE DESAGUADERO","SOYA, grano",145000,"SACO(S)","BOLIVIA"
"2021","2022",6,"OFICINA PUESTO DE CONTROL AEREO -  PROV. CONST. DEL CALLAO","CEBOLLA, semilla",2000,"BOLSAS","ARGENTINA"
"2022","2022",6,"OFICINA PUESTO DE CONTROL MARITIMO - PROV. CONST. DEL CALLAO","MARCOS, madera",3810.74,"UNIDADES","CHINA"
"2023","2022",6,"OFICINA PUESTO DE CONTROL MARITIMO - PROV. CONST. DEL CALLAO","ARROZ, parbolizado pulido o sin cáscara",156000,"SACO(S)","BRASIL"
"2024","2022",6,"PUESTO DE CONTROL TERRESTRE DESAGUADERO","SOYA, harina",145000,"SACO(S)","BOLIVIA"
"2025","2022",6,"OFICINA PUESTO DE CONTROL MARITIMO - PROV. CONST. DEL CALLAO","LOS DEMAS TRACTORES, con motor de potencia superior a 18 kW pero inferior o igual a 37 kW (excepto las carretillas tractor de la partida 87.09), USADOS",19180,"UNIDADES","EEUU"
"2026","2022",6,"OFICINA PUESTO DE CONTROL MARITIMO - PROV. CONST. DEL CALLAO","LOS DEMAS TRACTORES, con motor de potencia superior a 18 kW pero inferior o igual a 37 kW (excepto las carretillas tractor de la partida 87.09), USADOS",15583.799,"UNIDADES","EEUU"
"2027","2022",6,"OFICINA PUESTO DE CONTROL MARITIMO - PROV. CONST. DEL CALLAO","ALMENDRA, sin cáscara secado al natural",15422.4,"CAJA(S)","EEUU"
"2028","2022",6,"OFICINA PUESTO DE CONTROL MARITIMO - PROV. CONST. DEL CALLAO","CIRUELA, seca industrialmente",20900,"CAJA(S)","CHILE"
"2029","2022",6,"OFICINA PUESTO DE CONTROL MARITIMO - PROV. CONST. DEL CALLAO","UVA (PASAS), secas industrialmente",62700,"CAJA(S)","CHILE"
"2030","2022",6,"OFICINA PUESTO DE CONTROL MARITIMO - PROV. CONST. DEL CALLAO","PINO, madera aserrada con algún proceso de la CRF2",90183.5,"PAQUETES","CHILE"
"2031","2022",6,"OFICINA PUESTO DE CONTROL MARITIMO - PROV. CONST. DEL CALLAO","TRIGO, harina",18517.766,"BOLSAS","EEUU"
"2032","2022",6,"OFICINA PUESTO DE CONTROL MARITIMO - PROV. CONST. DEL CALLAO","PINO, madera aserrada con tratamiento de secado al horno impregnación de sales",43233,"PAQUETES","CHILE"
"2033","2022",6,"PUESTO DE CONTROL TERRESTRE DESAGUADERO","SOYA, torta",145000,"SACO(S)","BOLIVIA"
"2034","2022",6,"OFICINA PUESTO DE CONTROL MARITIMO - PROV. CONST. DEL CALLAO","Gradas (rastras) de discos usados
",600.735,"UNIDADES","CHINA"
"2035","2022",6,"OFICINA PUESTO DE CONTROL MARITIMO - PROV. CONST. DEL CALLAO","TRACTOR USADO, con motor de potencia superior a 33 kW pero inferior o igual a 75 kW",2399.265,"UNIDADES","CHINA"
"2036","2022",6,"OFICINA PUESTO DE CONTROL MARITIMO - PROV. CONST. DEL CALLAO","PINO, madera aserrada con algún proceso de la CRF2",73690,"PAQUETES","CHILE"
"2037","2022",6,"OFICINA PUESTO DE CONTROL MARITIMO - PROV. CONST. DEL CALLAO","AZUCAR BLANCA O REFINADA (lectura polarimetrica mayor 99.5°)",265000,"SACO(S)","GUATEMALA"
"2038","2022",6,"OFICINA PUESTO DE CONTROL MARITIMO - PROV. CONST. DEL CALLAO","AZUCAR BLANCA O REFINADA (lectura polarimetrica mayor 99.5°)",106000,"SACO(S)","GUATEMALA"
"2039","2022",6,"OFICINA PUESTO DE CONTROL MARITIMO - PROV. CONST. DEL CALLAO","AZUCAR BLANCA O REFINADA (lectura polarimetrica mayor 99.5°)",159000,"SACO(S)","GUATEMALA"
"2040","2022",6,"SANTA ROSA, TACNA","OLLUCO, fresco",3266,"SACO(S)","CHILE"
"2041","2022",6,"OFICINA PUESTO DE CONTROL MARITIMO - PROV. CONST. DEL CALLAO","KIWI, fruto fresco",16800,"CAJA(S)","CHILE"
"2042","2022",6,"OFICINA PUESTO DE CONTROL MARITIMO - PROV. CONST. DEL CALLAO","ARVEJA, grano partido",90538,"SACO(S)","EEUU"
"2043","2022",6,"OFICINA PUESTO DE CONTROL MARITIMO - PROV. CONST. DEL CALLAO","ARVEJA, grano partido",84686,"SACO(S)","EEUU"
"2044","2022",6,"OFICINA PUESTO DE CONTROL MARITIMO - PROV. CONST. DEL CALLAO","AZUCAR CRUDA, sólido",250000,"SACO(S)","EL SALVADOR"
"2045","2022",6,"OFICINA PUESTO DE CONTROL MARITIMO - PROV. CONST. DEL CALLAO","MANZANA, fruto fresco",20160,"CAJA(S)","CHILE"
"2046","2022",6,"OFICINA PUESTO DE CONTROL MARITIMO - PROV. CONST. DEL CALLAO","KIWI, fruto fresco",2400,"CAJA(S)","CHILE"
"2047","2022",6,"OFICINA PUESTO DE CONTROL MARITIMO - PROV. CONST. DEL CALLAO","MAIZ, almidon",84000,"BOLSAS","ARGENTINA"
"2048","2022",6,"OFICINA PUESTO DE CONTROL MARITIMO - PROV. CONST. DEL CALLAO","YERBA MATE, secado industrial",3692,"CAJA(S)","ARGENTINA"
"2049","2022",6,"PUESTO DE CONTROL- CEBAF","CAÑA DE GUAYAQUIL, seca al natural",34000,"UNIDADES","ECUADOR"
"2050","2022",6,"OFICINA PUESTO DE CONTROL AEREO -  PROV. CONST. DEL CALLAO","ARVEJA, semilla",544,"BOLSAS","EEUU"
"2051","2022",6,"OFICINA PUESTO DE CONTROL AEREO -  PROV. CONST. DEL CALLAO","ARROZ, grano pilado",1,"BOLSAS","URUGUAY"
"2052","2022",6,"OFICINA PUESTO DE CONTROL MARITIMO - PROV. CONST. DEL CALLAO","LENTEJA, grano",105236,"SACO(S)","CANADA"
"2053","2022",6,"SANTA ROSA, TACNA","MANZANA, fruto fresco",12220.6,"CAJA(S)","CHILE"
"2054","2022",6,"SANTA ROSA, TACNA","KIWI, fruto fresco",9240,"CAJA(S)","CHILE"
"2055","2022",6,"OFICINA PUESTO DE CONTROL AEREO -  PROV. CONST. DEL CALLAO","PIMIENTO, semilla",85,"SOBRES","MEXICO"
"2056","2022",6,"OFICINA PUESTO DE CONTROL MARITIMO - PROV. CONST. DEL CALLAO","Marañon (NUEZ DE CAJU), semilla alimenticia sin cascara, seca industriamente",24948,"CAJA(S)","BRASIL"
"2057","2022",6,"SANTA ROSA, TACNA","SALVADOS, moyuelos y demas residuos del cernido, de la molienda o de otros tratamientos del trigo",56000,"SACO(S)","CHILE"
"2058","2022",6,"OFICINA PUESTO DE CONTROL AEREO -  PROV. CONST. DEL CALLAO","CEREZO, planta sin hoja",7,"CAJA(S)","CHILE"
"2059","2022",6,"PUESTO DE CONTROL TERRESTRE DESAGUADERO","SOYA, torta",55550,"GRANEL","BOLIVIA"
"2060","2022",6,"OFICINA PUESTO DE CONTROL MARITIMO - PROV. CONST. DEL CALLAO","TURBA",81740,"BOLSAS","ESTONIA"
"2061","2022",6,"OFICINA PUESTO DE CONTROL MARITIMO - PROV. CONST. DEL CALLAO","TURBA",128800,"BOLSAS","ESTONIA"
"2062","2022",6,"OFICINA PUESTO DE CONTROL MARITIMO - PROV. CONST. DEL CALLAO","MAIZ AMARILLO DURO, grano",10009690,"GRANEL","ARGENTINA"
"2063","2022",6,"OFICINA PUESTO DE CONTROL MARITIMO - PROV. CONST. DEL CALLAO","MAIZ AMARILLO DURO, grano",9989450,"GRANEL","ARGENTINA"
"2064","2022",6,"OFICINA PUESTO DE CONTROL MARITIMO - PROV. CONST. DEL CALLAO","TURBA",124290,"PACAS","LETONIA"
"2065","2022",6,"OFICINA PUESTO DE CONTROL MARITIMO - PROV. CONST. DEL CALLAO","MAIZ AMARILLO DURO, grano",14501280,"GRANEL","ARGENTINA"
"2066","2022",6,"PUESTO DE CONTROL TERRESTRE DESAGUADERO","MANI, grano sin cáscara",58000,"SACO(S)","BOLIVIA"
"2067","2022",6,"PUESTO DE CONTROL TERRESTRE DESAGUADERO","SOYA, torta",28000,"GRANEL","BOLIVIA"
"2068","2022",6,"PUESTO DE CONTROL TERRESTRE DESAGUADERO","SOYA, torta",23000,"GRANEL","BOLIVIA"
"2069","2022",6,"PUESTO DE CONTROL TERRESTRE DESAGUADERO","AZUCAR BLANCA O REFINADA (lectura polarimetrica mayor 99.5°)",143000,"SACO(S)","BOLIVIA"
"2070","2022",6,"SANTA ROSA, TACNA","LENTEJA, grano",23587,"SACO(S)","EEUU"
"2071","2022",6,"SANTA ROSA, TACNA","MANZANA, fruto fresco",22540,"CAJA(S)","CHILE"
"2072","2022",6,"OFICINA PUESTO DE CONTROL MARITIMO - PROV. CONST. DEL CALLAO","BRACHIARIA, semilla",23520,"SACO(S)","BRASIL"
"2073","2022",6,"OFICINA PUESTO DE CONTROL MARITIMO - PROV. CONST. DEL CALLAO","TURBA",122987,"BIG BAG","LETONIA"
"2074","2022",6,"OFICINA PUESTO DE CONTROL MARITIMO - PROV. CONST. DEL CALLAO","SOYA, torta",3297040,"GRANEL","BOLIVIA"
"2075","2022",6,"OFICINA PUESTO DE CONTROL MARITIMO - PROV. CONST. DEL CALLAO","LENTEJA, grano",105372,"SACO(S)","CANADA"
"2076","2022",6,"OFICINA PUESTO DE CONTROL MARITIMO - PROV. CONST. DEL CALLAO","CULANTRO, semilla",4000,"SACO(S)","FRANCIA"
"2077","2022",6,"OFICINA PUESTO DE CONTROL MARITIMO - PROV. CONST. DEL CALLAO","COL, semilla",2000,"SACO(S)","FRANCIA"
"2078","2022",6,"OFICINA PUESTO DE CONTROL MARITIMO - PROV. CONST. DEL CALLAO","PEPINILLO, semilla",300,"SACO(S)","FRANCIA"
"2079","2022",6,"OFICINA PUESTO DE CONTROL MARITIMO - PROV. CONST. DEL CALLAO","RABANITO, semilla",3000,"SACO(S)","FRANCIA"
"2080","2022",6,"OFICINA PUESTO DE CONTROL MARITIMO - PROV. CONST. DEL CALLAO","ZANAHORIA, semilla",5000,"SACO(S)","FRANCIA"
"2081","2022",6,"OFICINA PUESTO DE CONTROL MARITIMO - PROV. CONST. DEL CALLAO","CIRUELA, seca industrialmente",20000,"CAJA(S)","CHILE"
"2082","2022",6,"OFICINA PUESTO DE CONTROL MARITIMO - PROV. CONST. DEL CALLAO","MAIZ, semilla",20000,"BOLSAS","BOLIVIA"
"2083","2022",6,"OFICINA PUESTO DE CONTROL MARITIMO - PROV. CONST. DEL CALLAO","CAUCHO, técnicamente especificado (TSNR)",26005,"PACAS","VIETNAM"
"2084","2022",6,"PUESTO DE CONTROL TERRESTRE DESAGUADERO","SOYA, torta",84000,"GRANEL","BOLIVIA"
"2085","2022",6,"PUESTO DE CONTROL TERRESTRE DESAGUADERO","SOYA, torta",56980,"GRANEL","BOLIVIA"
"2086","2022",6,"PUESTO DE CONTROL TERRESTRE DESAGUADERO","AZUCAR BLANCA O REFINADA (lectura polarimetrica mayor 99.5°)",116000,"SACO(S)","BOLIVIA"
"2087","2022",6,"PUESTO DE CONTROL TERRESTRE DESAGUADERO","AZUCAR BLANCA O REFINADA (lectura polarimetrica mayor 99.5°)",140000,"SACO(S)","BOLIVIA"
"2088","2022",6,"OFICINA PUESTO DE CONTROL MARITIMO - PROV. CONST. DEL CALLAO","PAPA, fécula",210000,"BOLSAS","ALEMANIA"
"2089","2022",6,"OFICINA PUESTO DE CONTROL MARITIMO - PROV. CONST. DEL CALLAO","PAPA, hojuelas y pellets",20160,"BOLSAS","ALEMANIA"
"2090","2022",6,"PUESTO DE CONTROL TERRESTRE DESAGUADERO","SOYA, torta",55000,"GRANEL","BOLIVIA"
"2091","2022",6,"PUESTO DE CONTROL TERRESTRE DESAGUADERO","SOYA, torta",114000,"GRANEL","BOLIVIA"
"2092","2022",6,"OFICINA PUESTO DE CONTROL AEREO -  PROV. CONST. DEL CALLAO","BROCOLI, semilla",134.444,"SOBRES ALUMINIZADOS","BRASIL"
"2093","2022",6,"OFICINA PUESTO DE CONTROL AEREO -  PROV. CONST. DEL CALLAO","PEPINILLO, semilla",63.36,"SOBRES ALUMINIZADOS","BRASIL"
"2094","2022",6,"PUESTO DE CONTROL TERRESTRE DESAGUADERO","SOYA, torta",57000,"GRANEL","BOLIVIA"
"2095","2022",6,"PUESTO DE CONTROL TERRESTRE DESAGUADERO","AZUCAR BLANCA O REFINADA (lectura polarimetrica mayor 99.5°)",56000,"SACO(S)","BOLIVIA"
"2096","2022",6,"PUESTO DE CONTROL TERRESTRE DESAGUADERO","AZUCAR BLANCA O REFINADA (lectura polarimetrica mayor 99.5°)",56000,"SACO(S)","BOLIVIA"
"2097","2022",6,"OFICINA PUESTO DE CONTROL MARITIMO - PROV. CONST. DEL CALLAO","GARBANZO, grano",46000,"SACO(S)","MEXICO"
"2098","2022",6,"OFICINA PUESTO DE CONTROL MARITIMO - PROV. CONST. DEL CALLAO","FREJOL CANARIO, grano",92000,"SACO(S)","MEXICO"
"2099","2022",6,"OFICINA PUESTO DE CONTROL AEREO -  PROV. CONST. DEL CALLAO","PIMIENTO, semilla",0.099,"SACHETS","HOLANDA"
"2100","2022",6,"OFICINA PUESTO DE CONTROL AEREO -  PROV. CONST. DEL CALLAO","PIMIENTO, semilla",0.663,"SACHETS","HOLANDA"
"2101","2022",6,"OFICINA PUESTO DE CONTROL AEREO -  PROV. CONST. DEL CALLAO","PIMIENTO, semilla",0.12,"SACHETS","HOLANDA"
"2102","2022",6,"OFICINA PUESTO DE CONTROL AEREO -  PROV. CONST. DEL CALLAO","CANELA Y FLORES DEL CANELERO, triturado o pulverizado",0.2,"BOLSAS","MEXICO"
"2103","2022",6,"OFICINA PUESTO DE CONTROL MARITIMO - PROV. CONST. DEL CALLAO","PAPA, fécula",40000,"SACO(S)","HOLANDA"
"2104","2022",6,"PUESTO DE CONTROL TERRESTRE DESAGUADERO","SOYA, torta",117000,"SACO(S)","BOLIVIA"
"2105","2022",6,"OFICINA PUESTO DE CONTROL MARITIMO - PROV. CONST. DEL CALLAO","ALGODON, fibra sin cardar ni peinar (>34.92 mm)",19450,"FARDOS","EEUU"
"2106","2022",6,"PUESTO DE CONTROL TERRESTRE DESAGUADERO","SOYA, torta",174000,"SACO(S)","BOLIVIA"
"2107","2022",6,"PUESTO DE CONTROL TERRESTRE DESAGUADERO","SOYA, torta",175000,"SACO(S)","BOLIVIA"
"2108","2022",6,"PUESTO DE CONTROL TERRESTRE DESAGUADERO","SOYA, torta",84000,"GRANEL","BOLIVIA"
"2109","2022",6,"PUESTO DE CONTROL TERRESTRE DESAGUADERO","SOYA, torta",27520,"GRANEL","BOLIVIA"
"2110","2022",6,"PUESTO DE CONTROL TERRESTRE DESAGUADERO","SOYA, torta",55210,"SACO(S)","BOLIVIA"
"2111","2022",6,"PUESTO DE CONTROL TERRESTRE DESAGUADERO","SOYA, torta",55310,"GRANEL","BOLIVIA"
"2112","2022",6,"PUESTO DE CONTROL TERRESTRE DESAGUADERO","SOYA, torta",144000,"SACO(S)","BOLIVIA"
"2113","2022",6,"PUESTO DE CONTROL TERRESTRE DESAGUADERO","SOYA, torta",144000,"SACO(S)","BOLIVIA"
"2114","2022",6,"PUESTO DE CONTROL TERRESTRE DESAGUADERO","SOYA, torta",144000,"SACO(S)","BOLIVIA"
"2115","2022",6,"OFICINA PUESTO DE CONTROL MARITIMO - PROV. CONST. DEL CALLAO","TRIGO, harina",6172.589,"BOLSAS","EEUU"
"2116","2022",6,"OFICINA PUESTO DE CONTROL MARITIMO - PROV. CONST. DEL CALLAO","MAIZ, harina",544.32,"BOLSAS","EEUU"
"2117","2022",6,"PUESTO DE CONTROL TERRESTRE DESAGUADERO","AJONJOLI, grano",30000,"SACO(S)","BOLIVIA"
"2118","2022",6,"OFICINA PUESTO DE CONTROL MARITIMO - PROV. CONST. DEL CALLAO","ALGODON, fibra sin cardar ni peinar (>28.57 mm = o <34.92 mm)",38770,"FARDOS","EEUU"
"2119","2022",6,"PUESTO DE CONTROL TERRESTRE DESAGUADERO","AZUCAR BLANCA O REFINADA (lectura polarimetrica mayor 99.5°)",29000,"SACO(S)","BOLIVIA"
"2120","2022",6,"PUESTO DE CONTROL TERRESTRE DESAGUADERO","AZUCAR BLANCA O REFINADA (lectura polarimetrica mayor 99.5°)",116000,"SACO(S)","BOLIVIA"
"2121","2022",6,"PUESTO DE CONTROL TERRESTRE DESAGUADERO","SOYA, torta",85000,"GRANEL","BOLIVIA"
"2122","2022",6,"PUESTO DE CONTROL TERRESTRE DESAGUADERO","SOYA, torta",28000,"GRANEL","BOLIVIA"
"2123","2022",6,"PUESTO DE CONTROL TERRESTRE DESAGUADERO","AZUCAR BLANCA O REFINADA (lectura polarimetrica mayor 99.5°)",135000,"SACO(S)","BOLIVIA"
"2124","2022",6,"PUESTO DE CONTROL TERRESTRE DESAGUADERO","AZUCAR BLANCA O REFINADA (lectura polarimetrica mayor 99.5°)",135000,"SACO(S)","BOLIVIA"
"2125","2022",6,"PUESTO DE CONTROL TERRESTRE DESAGUADERO","AZUCAR BLANCA O REFINADA (lectura polarimetrica mayor 99.5°)",50000,"SACO(S)","BOLIVIA"
"2126","2022",6,"OFICINA PUESTO DE CONTROL MARITIMO - PROV. CONST. DEL CALLAO","TURBA",275000,"FARDOS","ESTONIA"
"2127","2022",6,"OFICINA PUESTO DE CONTROL AEREO -  PROV. CONST. DEL CALLAO","LENTEJA, grano",1,"BOLSAS","CANADA"
"2128","2022",6,"SANTA ROSA, TACNA","MANZANA, fruto fresco",23520,"CAJA(S)","CHILE"
"2129","2022",6,"IÑAPARI, MADRE DE DIOS","MAIZ, grano (mondado, perlado, troceado o quebrantado)",60030,"SACO(S)","BRASIL"
"2130","2022",6,"IÑAPARI, MADRE DE DIOS","NUEZ DEL BRASIL, con cáscara seca al natural",27945,"SACO(S)","BOLIVIA"
"2131","2022",6,"IÑAPARI, MADRE DE DIOS","NUEZ DEL BRASIL, con cáscara seca al natural",28140,"SACO(S)","BRASIL"
"2132","2022",6,"PUESTO DE CONTROL TERRESTRE DESAGUADERO","SOYA, grano",28000,"GRANEL","BOLIVIA"
"2133","2022",6,"PUESTO DE CONTROL TERRESTRE DESAGUADERO","SOYA, grano",53000,"GRANEL","BOLIVIA"
"2134","2022",6,"OFICINA PUESTO DE CONTROL AEREO -  PROV. CONST. DEL CALLAO","CANELA, triturada o pulverizada (molida)",1,"BOLSAS","CHINA"
"2135","2022",6,"PUESTO DE CONTROL TERRESTRE DESAGUADERO","SOYA, torta",26000,"GRANEL","BOLIVIA"
"2136","2022",6,"PUESTO DE CONTROL TERRESTRE DESAGUADERO","SOYA, torta",145560,"SACO(S)","BOLIVIA"
"2137","2022",6,"OFICINA PUESTO DE CONTROL MARITIMO - PROV. CONST. DEL CALLAO","MARCOS, madera",84.3,"UNIDADES","CHINA"
"2138","2022",6,"PUESTO DE CONTROL TERRESTRE DESAGUADERO","SOYA, torta",55900,"GRANEL","BOLIVIA"
"2139","2022",6,"PUESTO DE CONTROL TERRESTRE DESAGUADERO","SOYA, torta",57484,"SACO(S)","BOLIVIA"
"2140","2022",6,"PUESTO DE CONTROL TERRESTRE DESAGUADERO","SOYA, harina",87000,"SACO(S)","BOLIVIA"
"2141","2022",6,"SANTA ROSA, TACNA","KIWI, fruto fresco",14112,"CAJA(S)","CHILE"
"2142","2022",6,"SANTA ROSA, TACNA","PERA, fruta fresca",8064,"CAJA(S)","CHILE"
"2143","2022",6,"OFICINA PUESTO DE CONTROL MARITIMO - PROV. CONST. DEL CALLAO","NUEZ, con cáscara seca al natural",39910,"SACO(S)","CHILE"
"2144","2022",6,"SANTA ROSA, TACNA","PERA, fruta fresca",13500,"CAJA(S)","CHILE"
"2145","2022",6,"OFICINA PUESTO DE CONTROL MARITIMO - PROV. CONST. DEL CALLAO","CANELA, corteza entera seca al natural",13500,"CAJA(S)","SRI LANKA"
"2146","2022",6,"PUESTO DE CONTROL TERRESTRE DESAGUADERO","SOYA, torta",146000,"SACO(S)","BOLIVIA"
"2147","2022",6,"OFICINA PUESTO DE CONTROL MARITIMO - PROV. CONST. DEL CALLAO","GARBANZO, grano",22000,"SACO(S)","MEXICO"
"2148","2022",6,"SANTA ROSA, TACNA","MANZANA, fruto fresco",7800,"CAJA(S)","CHILE"
"2149","2022",6,"PUESTO DE CONTROL TERRESTRE DESAGUADERO","AZUCAR BLANCA O REFINADA (lectura polarimetrica mayor 99.5°)",58000,"SACO(S)","BOLIVIA"
"2150","2022",6,"OFICINA PUESTO DE CONTROL MARITIMO - PROV. CONST. DEL CALLAO","ARROZ, parbolizado pulido o sin cáscara",130000,"SACO(S)","BRASIL"
"2151","2022",6,"OFICINA PUESTO DE CONTROL MARITIMO - PROV. CONST. DEL CALLAO","ARROZ, parbolizado pulido o sin cáscara",156000,"SACO(S)","BRASIL"
"2152","2022",6,"OFICINA PUESTO DE CONTROL AEREO -  PROV. CONST. DEL CALLAO","SANDIA, semilla",407.29,"SOBRES","EEUU"
"2153","2022",6,"PUESTO DE CONTROL TERRESTRE DESAGUADERO","SOYA, torta",145000,"SACO(S)","BOLIVIA"
"2154","2022",6,"PUESTO DE CONTROL TERRESTRE DESAGUADERO","SOYA, torta",147000,"SACO(S)","BOLIVIA"
"2155","2022",6,"PUESTO DE CONTROL TERRESTRE DESAGUADERO","SOYA, grano",27000,"GRANEL","BOLIVIA"
"2156","2022",6,"PUESTO DE CONTROL TERRESTRE DESAGUADERO","SOYA, grano",28000,"GRANEL","BOLIVIA"
"2157","2022",6,"PUESTO DE CONTROL TERRESTRE DESAGUADERO","SOYA, grano",47000,"GRANEL","BOLIVIA"
"2158","2022",6,"PUESTO DE CONTROL TERRESTRE DESAGUADERO","SOYA, grano",50000,"GRANEL","BOLIVIA"
"2159","2022",6,"PUESTO DE CONTROL TERRESTRE DESAGUADERO","SOYA, grano",28000,"GRANEL","BOLIVIA"
"2160","2022",6,"PUESTO DE CONTROL TERRESTRE DESAGUADERO","SOYA, grano",55000,"GRANEL","BOLIVIA"
"2161","2022",6,"PUESTO DE CONTROL TERRESTRE DESAGUADERO","SOYA, torta",57900,"GRANEL","BOLIVIA"
"2162","2022",6,"PUESTO DE CONTROL TERRESTRE DESAGUADERO","SOYA, torta",58000,"GRANEL","BOLIVIA"
"2163","2022",6,"PUESTO DE CONTROL TERRESTRE DESAGUADERO","SOYA, harina",145000,"SACO(S)","BOLIVIA"
"2164","2022",6,"IÑAPARI, MADRE DE DIOS","ARROZ, grano pilado",24000,"SACO(S)","BRASIL"
"2165","2022",6,"IÑAPARI, MADRE DE DIOS","ARROZ, grano pilado",38040,"PAQUETES","BRASIL"
"2166","2022",6,"OFICINA PUESTO DE CONTROL MARITIMO - PROV. CONST. DEL CALLAO","ALGODON, fibra sin cardar ni peinar (>28.57 mm = o <34.92 mm)",40310,"FARDOS","EEUU"
"2167","2022",6,"OFICINA PUESTO DE CONTROL MARITIMO - PROV. CONST. DEL CALLAO","ARVEJA, semilla",40000,"SACO(S)","NUEVA ZELANDIA"
"2168","2022",6,"OFICINA PUESTO DE CONTROL MARITIMO - PROV. CONST. DEL CALLAO","RYEGRASS ITALIANO, semilla",1e+05,"SACO(S)","NUEVA ZELANDIA"
"2169","2022",6,"OFICINA PUESTO DE CONTROL MARITIMO - PROV. CONST. DEL CALLAO","MAIZ, semilla",66108,"SACO(S)","TAILANDIA"
"2170","2022",6,"OFICINA PUESTO DE CONTROL MARITIMO - PROV. CONST. DEL CALLAO","LENTEJA, grano",104872,"SACO(S)","CANADA"
"2171","2022",6,"OFICINA PUESTO DE CONTROL AEREO -  PROV. CONST. DEL CALLAO","CEBOLLA, semilla",323.23,"SACHETS","CHILE"
"2172","2022",6,"OFICINA PUESTO DE CONTROL MARITIMO - PROV. CONST. DEL CALLAO","UVA (PASAS), secas naturalmente",42000,"CAJA(S)","CHILE"
"2173","2022",6,"PUESTO DE CONTROL TERRESTRE DESAGUADERO","SOYA, torta",55500,"GRANEL","BOLIVIA"
"2174","2022",6,"OFICINA PUESTO DE CONTROL AEREO -  PROV. CONST. DEL CALLAO","CEBOLLA, semilla",596.267,"SACHETS","CHILE"
"2175","2022",6,"OFICINA PUESTO DE CONTROL MARITIMO - PROV. CONST. DEL CALLAO","TRIGO, pellets",21780,"SACO(S)","MEXICO"
"2176","2022",6,"OFICINA PUESTO DE CONTROL MARITIMO - PROV. CONST. DEL CALLAO","TRIGO, pellets",21780,"SACO(S)","MEXICO"
"2177","2022",6,"PUESTO DE CONTROL- CEBAF","CAÑA DE GUAYAQUIL, seca al natural",34000,"UNIDADES","ECUADOR"
"2178","2022",6,"PUESTO DE CONTROL- CEBAF","CAÑA DE GUAYAQUIL, seca al natural",32000,"UNIDADES","ECUADOR"
"2179","2022",6,"OFICINA PUESTO DE CONTROL MARITIMO - PROV. CONST. DEL CALLAO","MAIZ, harina",84000,"PACAS","COLOMBIA"
"2180","2022",6,"PUESTO DE CONTROL- CEBAF","CAÑA DE GUAYAQUIL, seca al natural",34000,"UNIDADES","ECUADOR"
"2181","2022",6,"PUESTO DE CONTROL TERRESTRE DESAGUADERO","AZUCAR BLANCA O REFINADA (lectura polarimetrica mayor 99.5°)",85000,"SACO(S)","BOLIVIA"
"2182","2022",6,"PUESTO DE CONTROL TERRESTRE DESAGUADERO","AZUCAR BLANCA O REFINADA (lectura polarimetrica mayor 99.5°)",174000,"SACO(S)","BOLIVIA"
"2183","2022",6,"PUESTO DE CONTROL TERRESTRE DESAGUADERO","SOYA, torta",84000,"GRANEL","BOLIVIA"
"2184","2022",6,"PUESTO DE CONTROL TERRESTRE DESAGUADERO","GIRASOL, torta",56680,"GRANEL","BOLIVIA"
"2185","2022",6,"PUESTO DE CONTROL TERRESTRE DESAGUADERO","SOYA, torta",84410,"GRANEL","BOLIVIA"
"2186","2022",6,"PUESTO DE CONTROL TERRESTRE DESAGUADERO","SOYA, torta",86000,"GRANEL","BOLIVIA"
"2187","2022",6,"OFICINA PUESTO DE CONTROL MARITIMO - PROV. CONST. DEL CALLAO","PAPA, fécula",39975,"SACO(S)","ALEMANIA"
"2188","2022",6,"PUESTO DE CONTROL TERRESTRE DESAGUADERO","SOYA, grano",140500,"GRANEL","BOLIVIA"
"2189","2022",6,"PUESTO DE CONTROL TERRESTRE DESAGUADERO","SOYA, grano",142000,"GRANEL","BOLIVIA"
"2190","2022",6,"PUESTO DE CONTROL TERRESTRE DESAGUADERO","SOYA, grano",85000,"GRANEL","BOLIVIA"
"2191","2022",6,"PUERTO DE PAITA , PIURA","LENTEJA, grano",525880,"SACO(S)","CANADA"
"2192","2022",6,"OFICINA PUESTO DE CONTROL AEREO -  PROV. CONST. DEL CALLAO","ARANDANO, planta in vitro",310,"UNIDADES","ESPAÑA"
"2193","2022",6,"PUESTO DE CONTROL TERRESTRE DESAGUADERO","SOYA, torta",55100,"GRANEL","BOLIVIA"
"2194","2022",6,"PUESTO DE CONTROL TERRESTRE DESAGUADERO","SOYA, torta",86200,"GRANEL","BOLIVIA"
"2195","2022",6,"PUESTO DE CONTROL TERRESTRE DESAGUADERO","SOYA, torta",56000,"GRANEL","BOLIVIA"
"2196","2022",6,"PUESTO DE CONTROL TERRESTRE DESAGUADERO","SOYA, torta",56000,"GRANEL","BOLIVIA"
"2197","2022",6,"OFICINA PUESTO DE CONTROL MARITIMO - PROV. CONST. DEL CALLAO","UVA (PASAS), secas industrialmente",25000,"CAJA(S)","ARGENTINA"
"2198","2022",6,"OFICINA PUESTO DE CONTROL MARITIMO - PROV. CONST. DEL CALLAO","LENTEJA, grano",49896,"SACO(S)","CANADA"
"2199","2022",6,"PUESTO DE CONTROL TERRESTRE DESAGUADERO","SOYA, torta",143500,"SACO(S)","BOLIVIA"
"2200","2022",6,"PUESTO DE CONTROL TERRESTRE DESAGUADERO","SOYA, torta",144500,"SACO(S)","BOLIVIA"
"2201","2022",6,"PUESTO DE CONTROL TERRESTRE DESAGUADERO","SOYA, torta",144000,"SACO(S)","BOLIVIA"
"2202","2022",6,"OFICINA PUESTO DE CONTROL MARITIMO - PROV. CONST. DEL CALLAO","UVA (PASAS), secas industrialmente",19500,"CAJA(S)","ARGENTINA"
"2203","2022",6,"OFICINA PUESTO DE CONTROL MARITIMO - PROV. CONST. DEL CALLAO","MANZANA, fruto fresco",19649,"CAJA(S)","CHILE"
"2204","2022",6,"OFICINA PUESTO DE CONTROL MARITIMO - PROV. CONST. DEL CALLAO","UVA (PASAS), secas industrialmente",19500,"CAJA(S)","ARGENTINA"
"2205","2022",6,"OFICINA PUESTO DE CONTROL MARITIMO - PROV. CONST. DEL CALLAO","AZUCAR BLANCA O REFINADA (lectura polarimetrica mayor 99.5°)",26500,"SACO(S)","COLOMBIA"
"2206","2022",6,"PUESTO DE CONTROL TERRESTRE DESAGUADERO","SOYA, torta",145000,"SACO(S)","BOLIVIA"
"2207","2022",6,"PUESTO DE CONTROL TERRESTRE DESAGUADERO","SOYA, torta",87000,"GRANEL","BOLIVIA"
"2208","2022",6,"PUESTO DE CONTROL TERRESTRE DESAGUADERO","SOYA, torta",27000,"GRANEL","BOLIVIA"
"2209","2022",6,"OFICINA PUESTO DE CONTROL MARITIMO - PROV. CONST. DEL CALLAO","BAMBU, artículos de cestería obtenidos directamente en su forma con materia trenzable con algún proceso de la CRF 2",273.511,"CAJA(S)","EL SALVADOR"
"2210","2022",6,"OFICINA PUESTO DE CONTROL MARITIMO - PROV. CONST. DEL CALLAO","MARCOS, madera",114.96,"CAJA(S)","EL SALVADOR"
"2211","2022",6,"OFICINA PUESTO DE CONTROL MARITIMO - PROV. CONST. DEL CALLAO","BAMBU, artículos de cestería obtenidos directamente en su forma con materia trenzable con algún proceso de la CRF 2",14.948,"CAJA(S)","EL SALVADOR"
"2212","2022",6,"OFICINA PUESTO DE CONTROL MARITIMO - PROV. CONST. DEL CALLAO","MARCOS, madera",116.813,"CAJA(S)","EL SALVADOR"
"2213","2022",6,"OFICINA PUESTO DE CONTROL AEREO -  PROV. CONST. DEL CALLAO","BROCOLI, semilla",9.967,"SACHETS","HOLANDA"
"2214","2022",6,"OFICINA PUESTO DE CONTROL AEREO -  PROV. CONST. DEL CALLAO","LECHUGA, semilla",351.814,"LATAS","HOLANDA"
"2215","2022",6,"OFICINA PUESTO DE CONTROL AEREO -  PROV. CONST. DEL CALLAO","APIO, semilla",38.109,"LATAS","HOLANDA"
"2216","2022",6,"OFICINA PUESTO DE CONTROL AEREO -  PROV. CONST. DEL CALLAO","CALABAZA VINATERA, semilla",3.063,"SACHETS","HOLANDA"
"2217","2022",6,"OFICINA PUESTO DE CONTROL AEREO -  PROV. CONST. DEL CALLAO","PEPINILLO, semilla",2.289,"SACHETS","HOLANDA"
"2218","2022",6,"OFICINA PUESTO DE CONTROL AEREO -  PROV. CONST. DEL CALLAO","SANDIA, semilla",0.945,"SACHETS","HOLANDA"
"2219","2022",6,"OFICINA PUESTO DE CONTROL AEREO -  PROV. CONST. DEL CALLAO","PIMIENTO, semilla",1.548,"SACHETS","HOLANDA"
"2220","2022",6,"PUESTO DE CONTROL TERRESTRE DESAGUADERO","SOYA, torta",84000,"GRANEL","BOLIVIA"
"2221","2022",6,"PUESTO DE CONTROL TERRESTRE DESAGUADERO","SOYA, torta",29060,"GRANEL","BOLIVIA"
"2222","2022",6,"OFICINA PUESTO DE CONTROL AEREO -  PROV. CONST. DEL CALLAO","TOMATE, semilla",0.036,"SACHETS","HOLANDA"
"2223","2022",6,"OFICINA PUESTO DE CONTROL AEREO -  PROV. CONST. DEL CALLAO","TOMATE, semilla",0.087,"SACHETS","HOLANDA"
"2224","2022",6,"OFICINA PUESTO DE CONTROL AEREO -  PROV. CONST. DEL CALLAO","BERENJENA, semilla",0.169,"SACHETS","FRANCIA"
"2225","2022",6,"OFICINA PUESTO DE CONTROL AEREO -  PROV. CONST. DEL CALLAO","MELON, semilla",1.522,"SACHETS","EEUU"
"2226","2022",6,"PUESTO DE CONTROL TERRESTRE DESAGUADERO","SOYA, grano",27000,"GRANEL","BOLIVIA"
"2227","2022",6,"PUESTO DE CONTROL TERRESTRE DESAGUADERO","SOYA, grano",27000,"GRANEL","BOLIVIA"
"2228","2022",6,"PUESTO DE CONTROL TERRESTRE DESAGUADERO","SOYA, grano",27000,"GRANEL","BOLIVIA"
"2229","2022",6,"PUESTO DE CONTROL TERRESTRE DESAGUADERO","SOYA, grano",25000,"GRANEL","BOLIVIA"
"2230","2022",6,"OFICINA PUESTO DE CONTROL MARITIMO - PROV. CONST. DEL CALLAO","CAUCHO, técnicamente especificado (TSNR)",40320,"PIEZAS","INDONESIA"
"2231","2022",6,"PUESTO DE CONTROL- CEBAF","CAÑA DE GUAYAQUIL, seca al natural",34000,"UNIDADES","ECUADOR"
"2232","2022",6,"PUERTO DE PISCO , ICA","GIRASOL, torta",4099140,"GRANEL","CHILE"
"2233","2022",6,"OFICINA PUESTO DE CONTROL MARITIMO - PROV. CONST. DEL CALLAO","ALGODON, fibra sin cardar ni peinar (>28.57 mm = o <34.92 mm)",138580,"FARDOS","EEUU"
"2234","2022",6,"OFICINA PUESTO DE CONTROL MARITIMO - PROV. CONST. DEL CALLAO","PIMIENTA, molida",16600,"CAJA(S)","CHINA"
"2235","2022",6,"OFICINA PUESTO DE CONTROL MARITIMO - PROV. CONST. DEL CALLAO","ANIS ESTRELLA, trituradas o pulverizadas",160,"CAJA(S)","CHINA"
"2236","2022",6,"OFICINA PUESTO DE CONTROL MARITIMO - PROV. CONST. DEL CALLAO","JENGIBRE (=KION), polvo",800,"CAJA(S)","CHINA"
"2237","2022",6,"OFICINA PUESTO DE CONTROL MARITIMO - PROV. CONST. DEL CALLAO","MEZCLAS, previstas en la Nota 1b) del capítulo 09, con algún proceso de la CRF2",2420,"CAJA(S)","CHINA"
"2238","2022",6,"OFICINA PUESTO DE CONTROL MARITIMO - PROV. CONST. DEL CALLAO","CURRY, secas industrial o trituradas o molidas",240,"CAJA(S)","CHINA"
"2239","2022",6,"OFICINA PUESTO DE CONTROL MARITIMO - PROV. CONST. DEL CALLAO","ALGODON, fibra sin cardar ni peinar (>28.57 mm = o <34.92 mm)",38500,"FARDOS","EEUU"
"2240","2022",6,"OFICINA PUESTO DE CONTROL AEREO -  PROV. CONST. DEL CALLAO","VID, estaca enraizada",30,"CAJA(S)","EEUU"
"2241","2022",6,"OFICINA PUESTO DE CONTROL AEREO -  PROV. CONST. DEL CALLAO","VID, estaca sin enraizar",4.8,"CAJA(S)","EEUU"
"2242","2022",6,"OFICINA PUESTO DE CONTROL MARITIMO - PROV. CONST. DEL CALLAO","MADERA, en bruto de coníferas tratada agentes de conservación
",82220,"UNIDADES","CHILE"
"2243","2022",6,"OFICINA PUESTO DE CONTROL MARITIMO - PROV. CONST. DEL CALLAO","MADERA, en bruto de coníferas tratada agentes de conservación
",134030,"UNIDADES","CHILE"
"2244","2022",6,"OFICINA PUESTO DE CONTROL MARITIMO - PROV. CONST. DEL CALLAO","MADERA, monturas y mangos de herramientas, monturas y mangos de cepillos, brochas o escobas, de madera; hormas, ensanchadores y tensores del calzado, de madera ; con algún proceso de la CRF 2",27350,"BOLSAS","CHINA"
"2245","2022",6,"PUESTO DE CONTROL TERRESTRE DESAGUADERO","SOYA, torta",84800,"GRANEL","BOLIVIA"
"2246","2022",6,"OFICINA PUESTO DE CONTROL MARITIMO - PROV. CONST. DEL CALLAO","TRACTOR DE UN SOLO EJE USADO",2890,"PIEZAS","ESPAÑA"
"2247","2022",6,"SANTA ROSA, TACNA","TRACTOR USADO, con motor de potencia superior a 33 kW pero inferior o igual a 75 kW",6500,"UNIDADES","HOLANDA"
"2248","2022",6,"SANTA ROSA, TACNA","TRACTOR USADO, con motor de potencia superior a 33 kW pero inferior o igual a 75 kW",6500,"UNIDADES","HOLANDA"
"2249","2022",6,"SANTA ROSA, TACNA","TRACTOR USADO, con motor de potencia superior a 33 kW pero inferior o igual a 75 kW",6500,"UNIDADES","HOLANDA"
"2250","2022",6,"OFICINA PUESTO DE CONTROL MARITIMO - PROV. CONST. DEL CALLAO","ALGODON, fibra sin cardar ni peinar (>22.22 mm = o <28.57 mm)",60430,"FARDOS","EEUU"
"2251","2022",6,"OFICINA PUESTO DE CONTROL MARITIMO - PROV. CONST. DEL CALLAO","PERA, fruta fresca",23058,"CAJA(S)","ARGENTINA"
"2252","2022",6,"SANTA ROSA, TACNA","LENTEJA, grano",49714,"SACO(S)","CANADA"
"2253","2022",6,"IÑAPARI, MADRE DE DIOS","NUEZ DEL BRASIL, con cáscara seca al natural",28140,"SACO(S)","BRASIL"
"2254","2022",6,"SANTA ROSA, TACNA","KIWI, fruto fresco",18240,"CAJA(S)","CHILE"
"2255","2022",6,"SANTA ROSA, TACNA","MANZANA, fruto fresco",4900,"CAJA(S)","CHILE"
"2256","2022",6,"PUESTO DE CONTROL TERRESTRE DESAGUADERO","SOYA, torta",55500,"GRANEL","BOLIVIA"
"2257","2022",6,"PUESTO DE CONTROL TERRESTRE DESAGUADERO","SOYA, torta",55950,"GRANEL","BOLIVIA"
"2258","2022",6,"OFICINA PUESTO DE CONTROL MARITIMO - PROV. CONST. DEL CALLAO","UVA (PASAS), secas industrialmente",20000,"CAJA(S)","CHILE"
"2259","2022",6,"SANTA ROSA, TACNA","PERA, fruta fresca",3528,"CAJA(S)","CHILE"
"2260","2022",6,"SANTA ROSA, TACNA","MANZANA, fruto fresco",19600,"CAJA(S)","CHILE"
"2261","2022",6,"OFICINA PUESTO DE CONTROL MARITIMO - PROV. CONST. DEL CALLAO","GARBANZO, grano",22000,"SACO(S)","MEXICO"
"2262","2022",6,"SANTA ROSA, TACNA","MANZANA, fruto fresco",21560,"CAJA(S)","CHILE"
"2263","2022",6,"OFICINA PUESTO DE CONTROL MARITIMO - PROV. CONST. DEL CALLAO","CORCHO, tapones",1198.9,"CAJA(S)","PORTUGAL"
"2264","2022",6,"PUESTO DE CONTROL TERRESTRE DESAGUADERO","SOYA, torta",113500,"SACO(S)","BOLIVIA"
"2265","2022",6,"SANTA ROSA, TACNA","PERA, fruta fresca",7056,"CAJA(S)","CHILE"
"2266","2022",6,"SANTA ROSA, TACNA","MANZANA, fruto fresco",16660,"CAJA(S)","CHILE"
"2267","2022",6,"SANTA ROSA, TACNA","MANZANA, fruto fresco",23520,"CAJA(S)","CHILE"
"2268","2022",6,"SANTA ROSA, TACNA","Prensas para paja o forraje, incluidas prensas recogedoras usadas
",1935,"UNIDADES","EEUU"
"2269","2022",6,"OFICINA PUESTO DE CONTROL MARITIMO - PROV. CONST. DEL CALLAO","LENTEJA, grano",26309,"SACO(S)","CANADA"
"2270","2022",6,"OFICINA PUESTO DE CONTROL MARITIMO - PROV. CONST. DEL CALLAO","GARBANZO, grano",26989,"SACO(S)","CANADA"
"2271","2022",6,"OFICINA PUESTO DE CONTROL MARITIMO - PROV. CONST. DEL CALLAO","PINO, madera aserrada con algún proceso de la CRF2",23276,"PAQUETES","CHILE"
"2272","2022",6,"SANTA ROSA, TACNA","TRACTOR USADO, con motor de potencia superior a 33 kW pero inferior o igual a 75 kW",2479,"UNIDADES","EEUU"
"2273","2022",6,"PUESTO DE CONTROL TERRESTRE DESAGUADERO","SOYA, torta",28000,"GRANEL","BOLIVIA"
"2274","2022",6,"PUESTO DE CONTROL TERRESTRE DESAGUADERO","SOYA, torta",57326,"SACO(S)","BOLIVIA"
"2275","2022",6,"OFICINA PUESTO DE CONTROL MARITIMO - PROV. CONST. DEL CALLAO","ARVEJA, semilla",19700,"BOLSAS","NUEVA ZELANDIA"
"2276","2022",6,"PUESTO DE CONTROL TERRESTRE DESAGUADERO","AZUCAR BLANCA O REFINADA (lectura polarimetrica mayor 99.5°)",171000,"SACO(S)","BOLIVIA"
"2277","2022",6,"PUESTO DE CONTROL TERRESTRE DESAGUADERO","AZUCAR BLANCA O REFINADA (lectura polarimetrica mayor 99.5°)",171500,"SACO(S)","BOLIVIA"
"2278","2022",6,"SANTA ROSA, TACNA","MANZANA, fruto fresco",23520,"CAJA(S)","CHILE"
"2279","2022",6,"SANTA ROSA, TACNA","MANZANA, fruto fresco",23520,"CAJA(S)","CHILE"
"2280","2022",6,"PUESTO DE CONTROL TERRESTRE DESAGUADERO","SOYA, torta",56000,"GRANEL","BOLIVIA"
"2281","2022",6,"PUESTO DE CONTROL TERRESTRE DESAGUADERO","SOYA, torta",57400,"GRANEL","BOLIVIA"
"2282","2022",6,"PUESTO DE CONTROL TERRESTRE DESAGUADERO","SOYA, torta",55800,"GRANEL","BOLIVIA"
"2283","2022",6,"OFICINA PUESTO DE CONTROL AEREO -  PROV. CONST. DEL CALLAO","PIMIENTO, semilla",6.789,"SACHETS","HOLANDA"
"2284","2022",6,"OFICINA PUESTO DE CONTROL MARITIMO - PROV. CONST. DEL CALLAO","MAIZ, harina",84000,"PAQUETES","COLOMBIA"
"2285","2022",6,"OFICINA PUESTO DE CONTROL MARITIMO - PROV. CONST. DEL CALLAO","MAIZ, harina",21000,"PAQUETES","COLOMBIA"
"2286","2022",6,"SANTA ROSA, TACNA","MANZANA, fruto fresco",22582,"CAJA(S)","CHILE"
"2287","2022",6,"PUESTO DE CONTROL TERRESTRE DESAGUADERO","AZUCAR BLANCA O REFINADA (lectura polarimetrica mayor 99.5°)",115000,"SACO(S)","BOLIVIA"
"2288","2022",6,"OFICINA PUESTO DE CONTROL MARITIMO - PROV. CONST. DEL CALLAO","MADERA, en bruto de coníferas tratada agentes de conservación
",141220,"UNIDADES","CHILE"
"2289","2022",6,"IÑAPARI, MADRE DE DIOS","MAIZ AMARILLO DURO, grano",128000,"SACO(S)","BRASIL"
"2290","2022",6,"OFICINA PUESTO DE CONTROL AEREO -  PROV. CONST. DEL CALLAO","TOMATE, semilla",0.034,"SACHETS","HOLANDA"
"2291","2022",6,"OFICINA PUESTO DE CONTROL AEREO -  PROV. CONST. DEL CALLAO","AJI PANCA (=AJI LIMO, AJI DULCE, AJI HABANERO), semilla",0.03323,"SACHETS","HOLANDA"
"2292","2022",6,"OFICINA PUESTO DE CONTROL MARITIMO - PROV. CONST. DEL CALLAO","MAIZ, semilla",95831.74,"BOLSAS","MEXICO"
"2293","2022",6,"SANTA ROSA, TACNA","PERA, fruta fresca",23184,"CAJA(S)","CHILE"
"2294","2022",6,"OFICINA PUESTO DE CONTROL MARITIMO - PROV. CONST. DEL CALLAO","AVENA, grano mondado, perlado, troceado o quebrantado",75000,"BOLSAS","CHILE"
"2295","2022",6,"OFICINA PUESTO DE CONTROL MARITIMO - PROV. CONST. DEL CALLAO","TURBA",203040,"BIG BAG","HOLANDA"
"2296","2022",6,"OFICINA PUESTO DE CONTROL MARITIMO - PROV. CONST. DEL CALLAO","TURBA",203040,"BIG BAG","HOLANDA"
"2297","2022",6,"PUESTO DE CONTROL TERRESTRE DESAGUADERO","SOYA, torta",28000,"GRANEL","BOLIVIA"
"2298","2022",6,"PUESTO DE CONTROL TERRESTRE DESAGUADERO","SOYA, torta",84000,"GRANEL","BOLIVIA"
"2299","2022",6,"PUESTO DE CONTROL TERRESTRE DESAGUADERO","SOYA, grano",28000,"GRANEL","BOLIVIA"
"2300","2022",6,"PUESTO DE CONTROL TERRESTRE DESAGUADERO","SOYA, grano",25000,"GRANEL","BOLIVIA"
"2301","2022",6,"IÑAPARI, MADRE DE DIOS","MAIZ AMARILLO DURO, grano",28000,"SACO(S)","BRASIL"
"2302","2022",6,"IÑAPARI, MADRE DE DIOS","MAIZ AMARILLO DURO, grano",87000,"SACO(S)","BRASIL"
"2303","2022",6,"IÑAPARI, MADRE DE DIOS","MAIZ AMARILLO DURO, grano",60000,"SACO(S)","BRASIL"
"2304","2022",6,"PUESTO DE CONTROL- CEBAF","CAÑA DE GUAYAQUIL, seca al natural",32000,"UNIDADES","ECUADOR"
"2305","2022",6,"PUESTO DE CONTROL TERRESTRE DESAGUADERO","SOYA, torta",28060,"GRANEL","BOLIVIA"
"2306","2022",6,"PUESTO DE CONTROL TERRESTRE DESAGUADERO","SOYA, torta",84000,"GRANEL","BOLIVIA"
"2307","2022",6,"OFICINA PUESTO DE CONTROL MARITIMO - PROV. CONST. DEL CALLAO","UVA (PASAS), secas naturalmente",19500,"CAJA(S)","ARGENTINA"
"2308","2022",6,"OFICINA PUESTO DE CONTROL MARITIMO - PROV. CONST. DEL CALLAO","GARBANZO, grano",132000,"SACO(S)","MEXICO"
"2309","2022",6,"PUESTO DE CONTROL TERRESTRE DESAGUADERO","SOYA, torta",140000,"SACO(S)","BOLIVIA"
"2310","2022",6,"PUESTO DE CONTROL TERRESTRE DESAGUADERO","AZUCAR BLANCA O REFINADA (lectura polarimetrica mayor 99.5°)",174000,"SACO(S)","BOLIVIA"
"2311","2022",6,"OFICINA PUESTO DE CONTROL MARITIMO - PROV. CONST. DEL CALLAO","TURBA",78640,"PACAS","ESTONIA"
"2312","2022",6,"PUESTO DE CONTROL TERRESTRE DESAGUADERO","AZUCAR BLANCA O REFINADA (lectura polarimetrica mayor 99.5°)",174000,"SACO(S)","BOLIVIA"
"2313","2022",6,"OFICINA PUESTO DE CONTROL MARITIMO - PROV. CONST. DEL CALLAO","TURBA",83140,"PACAS","ESTONIA"
"2314","2022",6,"OFICINA PUESTO DE CONTROL MARITIMO - PROV. CONST. DEL CALLAO","TRACTOR USADO, con motor de potencia superior a 130KW",18650,"UNIDADES","EEUU"
"2315","2022",6,"OFICINA PUESTO DE CONTROL MARITIMO - PROV. CONST. DEL CALLAO","LENTEJA, grano",78690,"SACO(S)","CANADA"
"2316","2022",6,"PUESTO DE CONTROL- CEBAF","CAÑA DE GUAYAQUIL, seca al natural",32000,"UNIDADES","ECUADOR"
"2317","2022",6,"PUESTO DE CONTROL TERRESTRE DESAGUADERO","SOYA, torta",176000,"SACO(S)","BOLIVIA"
"2318","2022",6,"PUESTO DE CONTROL TERRESTRE DESAGUADERO","SOYA, torta",206500,"SACO(S)","BOLIVIA"
"2319","2022",6,"PUESTO DE CONTROL TERRESTRE DESAGUADERO","SOYA, torta",145000,"SACO(S)","BOLIVIA"
"2320","2022",6,"PUESTO DE CONTROL TERRESTRE DESAGUADERO","SOYA, torta",48000,"GRANEL","BOLIVIA"
"2321","2022",6,"PUESTO DE CONTROL TERRESTRE DESAGUADERO","SOYA, torta",114000,"SACO(S)","BOLIVIA"
"2322","2022",6,"PUESTO DE CONTROL TERRESTRE DESAGUADERO","SOYA, torta",85000,"GRANEL","BOLIVIA"
"2323","2022",6,"PUESTO DE CONTROL TERRESTRE DESAGUADERO","SOYA, torta",116000,"SACO(S)","BOLIVIA"
"2324","2022",6,"PUESTO DE CONTROL TERRESTRE DESAGUADERO","SOYA, torta",84010,"GRANEL","BOLIVIA"
"2325","2022",6,"PUESTO DE CONTROL TERRESTRE DESAGUADERO","SOYA, torta",116000,"SACO(S)","BOLIVIA"
"2326","2022",6,"PUESTO DE CONTROL TERRESTRE DESAGUADERO","SOYA, torta",111700,"GRANEL","BOLIVIA"
"2327","2022",6,"PUESTO DE CONTROL TERRESTRE DESAGUADERO","SOYA, torta",116000,"SACO(S)","BOLIVIA"
"2328","2022",6,"PUESTO DE CONTROL TERRESTRE DESAGUADERO","SOYA, torta",140000,"SACO(S)","BOLIVIA"
"2329","2022",6,"OFICINA PUESTO DE CONTROL MARITIMO - PROV. CONST. DEL CALLAO","COL CHINA, semilla",3.3,"SACHETS","JAPON"
"2330","2022",6,"OFICINA PUESTO DE CONTROL MARITIMO - PROV. CONST. DEL CALLAO","COL, semilla",1.78,"SACHETS","JAPON"
"2331","2022",6,"OFICINA PUESTO DE CONTROL MARITIMO - PROV. CONST. DEL CALLAO","COL, semilla",133.74,"LATAS","JAPON"
"2332","2022",6,"OFICINA PUESTO DE CONTROL MARITIMO - PROV. CONST. DEL CALLAO","COLIFLOR, semilla",8.1,"LATAS","JAPON"
"2333","2022",6,"OFICINA PUESTO DE CONTROL MARITIMO - PROV. CONST. DEL CALLAO","LECHUGA, semilla",60,"LATAS","JAPON"
"2334","2022",6,"OFICINA PUESTO DE CONTROL MARITIMO - PROV. CONST. DEL CALLAO","APIO, semilla",11,"SACHETS","JAPON"
"2335","2022",6,"OFICINA PUESTO DE CONTROL MARITIMO - PROV. CONST. DEL CALLAO","ESPINACA, semilla",3250,"SACHETS","JAPON"
"2336","2022",6,"OFICINA PUESTO DE CONTROL MARITIMO - PROV. CONST. DEL CALLAO","SANDIA, semilla",25.11,"SACHETS","JAPON"
"2337","2022",6,"OFICINA PUESTO DE CONTROL MARITIMO - PROV. CONST. DEL CALLAO","TURBA",111060,"PALETAS","ALEMANIA"
"2338","2022",6,"PUESTO DE CONTROL TERRESTRE DESAGUADERO","SOYA, torta",83810,"GRANEL","BOLIVIA"
"2339","2022",6,"PUESTO DE CONTROL TERRESTRE DESAGUADERO","SOYA, torta",26500,"GRANEL","BOLIVIA"
"2340","2022",6,"PUESTO DE CONTROL TERRESTRE DESAGUADERO","SOYA, torta",55520,"GRANEL","BOLIVIA"
"2341","2022",6,"PUESTO DE CONTROL TERRESTRE DESAGUADERO","SOYA, torta",83500,"GRANEL","BOLIVIA"
"2342","2022",6,"PUESTO DE CONTROL TERRESTRE DESAGUADERO","SOYA, torta",28000,"GRANEL","BOLIVIA"
"2343","2022",6,"PUESTO DE CONTROL TERRESTRE DESAGUADERO","SOYA, torta",57070,"GRANEL","BOLIVIA"
"2344","2022",6,"PUESTO DE CONTROL TERRESTRE DESAGUADERO","SOYA, torta",56190,"GRANEL","BOLIVIA"
"2345","2022",6,"PUESTO DE CONTROL TERRESTRE DESAGUADERO","SOYA, harina",56306,"SACO(S)","BOLIVIA"
"2346","2022",6,"PUESTO DE CONTROL TERRESTRE DESAGUADERO","SOYA, torta",56210,"GRANEL","BOLIVIA"
"2347","2022",6,"PUESTO DE CONTROL TERRESTRE DESAGUADERO","SOYA, harina",57744,"SACO(S)","BOLIVIA"
"2348","2022",6,"PUESTO DE CONTROL TERRESTRE DESAGUADERO","SOYA, torta",27000,"GRANEL","BOLIVIA"
"2349","2022",6,"PUESTO DE CONTROL TERRESTRE DESAGUADERO","SOYA, torta",56000,"GRANEL","BOLIVIA"
"2350","2022",6,"PUESTO DE CONTROL TERRESTRE DESAGUADERO","SOYA, torta",85500,"GRANEL","BOLIVIA"
"2351","2022",6,"PUESTO DE CONTROL TERRESTRE DESAGUADERO","SOYA, harina",25637,"SACO(S)","BOLIVIA"
"2352","2022",6,"OFICINA PUESTO DE CONTROL MARITIMO - PROV. CONST. DEL CALLAO","GARBANZO, grano",23000,"SACO(S)","MEXICO"
"2353","2022",6,"IÑAPARI, MADRE DE DIOS","NUEZ DEL BRASIL, con cáscara seca al natural",27900,"SACO(S)","BRASIL"
"2354","2022",6,"PUESTO DE CONTROL TERRESTRE DESAGUADERO","SOYA, torta",143000,"SACO(S)","BOLIVIA"
"2355","2022",6,"PUESTO DE CONTROL TERRESTRE DESAGUADERO","SOYA, torta",143500,"SACO(S)","BOLIVIA"
"2356","2022",6,"PUESTO DE CONTROL TERRESTRE DESAGUADERO","SOYA, torta",112000,"GRANEL","BOLIVIA"
"2357","2022",6,"PUESTO DE CONTROL TERRESTRE DESAGUADERO","SOYA, torta",112000,"GRANEL","BOLIVIA"
"2358","2022",6,"PUESTO DE CONTROL TERRESTRE DESAGUADERO","SOYA, torta",143000,"SACO(S)","BOLIVIA"
"2359","2022",6,"PUESTO DE CONTROL TERRESTRE DESAGUADERO","SOYA, torta",172000,"SACO(S)","BOLIVIA"
"2360","2022",6,"SANTA ROSA, TACNA","PERA, fruta fresca",18144,"CAJA(S)","CHILE"
"2361","2022",6,"SANTA ROSA, TACNA","MANZANA, fruto fresco",23520,"CAJA(S)","CHILE"
"2362","2022",6,"SANTA ROSA, TACNA","KIWI, fruto fresco",6048,"CAJA(S)","CHILE"
"2363","2022",6,"SANTA ROSA, TACNA","LIMON, fruto fresco",25344,"CAJA(S)","PERU"
"2364","2022",6,"OFICINA PUESTO DE CONTROL MARITIMO - PROV. CONST. DEL CALLAO","ALPISTE (=PHALARIS), grano",70171,"SACO(S)","CANADA"
"2365","2022",6,"SANTA ROSA, TACNA","PERA, fruta fresca",23040,"CAJA(S)","CHILE"
"2366","2022",6,"PUESTO DE CONTROL TERRESTRE DESAGUADERO","SOYA, torta",128000,"SACO(S)","BOLIVIA"
"2367","2022",6,"SANTA ROSA, TACNA","MANZANA, fruto fresco",14700,"CAJA(S)","CHILE"
"2368","2022",6,"SANTA ROSA, TACNA","KIWI, fruto fresco",5200,"CAJA(S)","CHILE"
"2369","2022",6,"SANTA ROSA, TACNA","PERA, fruta fresca",4032,"CAJA(S)","CHILE"
"2370","2022",6,"IÑAPARI, MADRE DE DIOS","NUEZ DEL BRASIL, con cáscara seca al natural",28140,"SACO(S)","BRASIL"
"2371","2022",6,"OFICINA PUESTO DE CONTROL AEREO -  PROV. CONST. DEL CALLAO","ESPARRAGO, semilla",0.5,"LATAS","ESPAÑA"
"2372","2022",6,"SANTA ROSA, TACNA","MANZANA, fruto fresco",23520,"CAJA(S)","CHILE"
"2373","2022",6,"SANTA ROSA, TACNA","MANZANA, fruto fresco",19600,"CAJA(S)","CHILE"
"2374","2022",6,"SANTA ROSA, TACNA","PERA, fruta fresca",3528,"CAJA(S)","CHILE"
"2375","2022",6,"SANTA ROSA, TACNA","MANZANA, fruto fresco",19320,"CAJA(S)","CHILE"
"2376","2022",6,"SANTA ROSA, TACNA","PERA, fruta fresca",3528,"CAJA(S)","CHILE"
"2377","2022",6,"PUESTO DE CONTROL TERRESTRE DESAGUADERO","SOYA, torta",235000,"SACO(S)","BOLIVIA"
"2378","2022",6,"PUESTO DE CONTROL TERRESTRE DESAGUADERO","SOYA, torta",235000,"SACO(S)","BOLIVIA"
"2379","2022",6,"PUESTO DE CONTROL TERRESTRE DESAGUADERO","SOYA, torta",112000,"GRANEL","BOLIVIA"
"2380","2022",6,"PUESTO DE CONTROL TERRESTRE DESAGUADERO","SOYA, torta",82000,"GRANEL","BOLIVIA"
"2381","2022",6,"PUESTO DE CONTROL TERRESTRE DESAGUADERO","AZUCAR BLANCA O REFINADA (lectura polarimetrica mayor 99.5°)",141500,"SACO(S)","BOLIVIA"
"2382","2022",6,"PUESTO DE CONTROL TERRESTRE DESAGUADERO","SOYA, harina",28452,"SACO(S)","BOLIVIA"
"2383","2022",6,"PUESTO DE CONTROL TERRESTRE DESAGUADERO","SOYA, torta",27585,"SACO(S)","BOLIVIA"
"2384","2022",6,"PUESTO DE CONTROL TERRESTRE DESAGUADERO","SOYA, torta",28000,"GRANEL","BOLIVIA"
"2385","2022",6,"PUESTO DE CONTROL TERRESTRE DESAGUADERO","SOYA, torta",29000,"GRANEL","BOLIVIA"
"2386","2022",6,"PUESTO DE CONTROL TERRESTRE DESAGUADERO","SOYA, torta",86000,"GRANEL","BOLIVIA"
"2387","2022",6,"PUESTO DE CONTROL TERRESTRE DESAGUADERO","SOYA, torta",56310,"GRANEL","BOLIVIA"
"2388","2022",6,"PUESTO DE CONTROL TERRESTRE DESAGUADERO","SOYA, torta",28563,"SACO(S)","BOLIVIA"
"2389","2022",6,"PUESTO DE CONTROL TERRESTRE DESAGUADERO","GIRASOL, torta",24000,"GRANEL","BOLIVIA"
"2390","2022",6,"PUESTO DE CONTROL TERRESTRE DESAGUADERO","SOYA, torta",84000,"GRANEL","BOLIVIA"
"2391","2022",6,"SANTA ROSA, TACNA","LENTEJA, grano",52618,"SACO(S)","CANADA"
"2392","2022",6,"OFICINA PUESTO DE CONTROL MARITIMO - PROV. CONST. DEL CALLAO","ARVEJA, grano partido",52526,"SACO(S)","CANADA"
"2393","2022",6,"OFICINA PUESTO DE CONTROL MARITIMO - PROV. CONST. DEL CALLAO","CIRUELA, seca industrialmente",21000,"CAJA(S)","CHILE"
"2394","2022",6,"OFICINA PUESTO DE CONTROL MARITIMO - PROV. CONST. DEL CALLAO","MADERA, moldurada con proceso de la CRF2",73.83,"PAQUETES","EEUU"
"2395","2022",6,"OFICINA PUESTO DE CONTROL MARITIMO - PROV. CONST. DEL CALLAO","LAS DEMAS MADERAS DISTINTAS DE LA DE CONIFERAS, PERFILADA LONGITUDINALMENTE EN UNA O VARIAS CARAS, CANTOS O EXTREMOS, INCLUSO CEPILLADA, LIJADA O UNIDA POR LOS EXTREMOS, CON ALGÚN PROCESO DE LA  CRF 2",1285.294,"PAQUETES","EEUU"
"2396","2022",6,"OFICINA PUESTO DE CONTROL MARITIMO - PROV. CONST. DEL CALLAO","MADERA, puertas y sus marcos, contramarcos y umbrales, con algun proceso de la CRF 2",3581.287,"PAQUETES","EEUU"
"2397","2022",6,"OFICINA PUESTO DE CONTROL MARITIMO - PROV. CONST. DEL CALLAO","VIGAS en I, con algún lado de madera, y algún proceso de la CRF 2",49.105,"PAQUETES","EEUU"
"2398","2022",6,"PUESTO DE CONTROL TERRESTRE DESAGUADERO","SOYA, torta",143000,"GRANEL","BOLIVIA"
"2399","2022",6,"SANTA ROSA, TACNA","UVA (PASAS), secas naturalmente",24500,"CAJA(S)","ARGENTINA"
"2400","2022",6,"OFICINA PUESTO DE CONTROL MARITIMO - PROV. CONST. DEL CALLAO","CAUCHO, técnicamente especificado (TSNR)",20160,"PALETAS","TAILANDIA"
"2401","2022",6,"SANTA ROSA, TACNA","MANZANA, fruto fresco",22834,"CAJA(S)","CHILE"
"2402","2022",6,"SANTA ROSA, TACNA","MANZANA, fruto fresco",22736,"CAJA(S)","CHILE"
"2403","2022",6,"OFICINA PUESTO DE CONTROL MARITIMO - PROV. CONST. DEL CALLAO","ARVEJA, grano partido",92987,"SACO(S)","EEUU"
"2404","2022",6,"SANTA ROSA, TACNA","KIWI, fruto fresco",22064,"CAJA(S)","CHILE"
"2405","2022",6,"OFICINA PUESTO DE CONTROL MARITIMO - PROV. CONST. DEL CALLAO","LENTEJA, grano",156492,"SACO(S)","CANADA"
"2406","2022",6,"SANTA ROSA, TACNA","MANZANA, fruto fresco",22589,"CAJA(S)","CHILE"
"2407","2022",6,"OFICINA PUESTO DE CONTROL MARITIMO - PROV. CONST. DEL CALLAO","ARVEJA, grano partido",92870,"SACO(S)","EEUU"
"2408","2022",6,"OFICINA PUESTO DE CONTROL MARITIMO - PROV. CONST. DEL CALLAO","ARVEJA, grano partido",92987,"SACO(S)","EEUU"
"2409","2022",6,"SANTA ROSA, TACNA","MANZANA, fruto fresco",23520,"CAJA(S)","CHILE"
"2410","2022",6,"SANTA ROSA, TACNA","MANZANA, fruto fresco",23520,"CAJA(S)","CHILE"
"2411","2022",6,"SANTA ROSA, TACNA","MANZANA, fruto fresco",23520,"CAJA(S)","CHILE"
"2412","2022",6,"SANTA ROSA, TACNA","MANZANA, fruto fresco",22491,"CAJA(S)","CHILE"
"2413","2022",6,"SANTA ROSA, TACNA","MANZANA, fruto fresco",22540,"CAJA(S)","CHILE"
"2414","2022",6,"PUESTO DE CONTROL TERRESTRE DESAGUADERO","SOYA, torta",86950,"GRANEL","BOLIVIA"
"2415","2022",6,"PUESTO DE CONTROL TERRESTRE DESAGUADERO","SOYA, torta",111460,"GRANEL","BOLIVIA"
"2416","2022",6,"OFICINA PUESTO DE CONTROL MARITIMO - PROV. CONST. DEL CALLAO","AVENA, grano aplastado o en copos (hojuelas)",19260,"CAJA(S)","ALEMANIA"
"2417","2022",6,"PUESTO DE CONTROL TERRESTRE DESAGUADERO","SOYA, torta",205500,"SACO(S)","BOLIVIA"
"2418","2022",6,"PUERTO DE SALAVERRY, LA LIBERTAD","SOYA, torta",3474400,"GRANEL","CHILE"
"2419","2022",6,"OFICINA PUESTO DE CONTROL MARITIMO - PROV. CONST. DEL CALLAO","COCO, rallado seco industrial",20,"CAJA(S)","HOLANDA"
"2420","2022",6,"OFICINA PUESTO DE CONTROL MARITIMO - PROV. CONST. DEL CALLAO","DATIL, seco industrial",250,"CAJA(S)","HOLANDA"
"2421","2022",6,"OFICINA PUESTO DE CONTROL MARITIMO - PROV. CONST. DEL CALLAO","UVA (PASAS), secas industrialmente",20,"CAJA(S)","HOLANDA"
"2422","2022",6,"OFICINA PUESTO DE CONTROL MARITIMO - PROV. CONST. DEL CALLAO","GOJI, fruta seca industrial",40,"CAJA(S)","HOLANDA"
"2423","2022",6,"OFICINA PUESTO DE CONTROL MARITIMO - PROV. CONST. DEL CALLAO","AVENA, grano aplastado o en copos (hojuelas)",1800,"SACO(S)","HOLANDA"
"2424","2022",6,"OFICINA PUESTO DE CONTROL MARITIMO - PROV. CONST. DEL CALLAO","TRIGO, grano (mondado, perlado, troceado o quebrantado)",50,"SACO(S)","HOLANDA"
"2425","2022",6,"SANTA ROSA, TACNA","MANZANA, fruto fresco",22638,"CAJA(S)","CHILE"
"2426","2022",6,"OFICINA PUESTO DE CONTROL MARITIMO - PROV. CONST. DEL CALLAO","CIRUELA, seca industrialmente",20000,"CAJA(S)","CHILE"
"2427","2022",6,"OFICINA PUESTO DE CONTROL MARITIMO - PROV. CONST. DEL CALLAO","MAIZ REVENTON, grano",130000,"SACO(S)","ARGENTINA"
"2428","2022",6,"IÑAPARI, MADRE DE DIOS","MAIZ, grano (mondado, perlado, troceado o quebrantado)",30000,"SACO(S)","BRASIL"
"2429","2022",6,"OFICINA PUESTO DE CONTROL AEREO -  PROV. CONST. DEL CALLAO","COMPLEMENTOS ALIMENTICIOS, mezclas o extractos de plantas",1434.12,"FRASCO(S)","COLOMBIA"
"2430","2022",6,"PUESTO DE CONTROL TERRESTRE DESAGUADERO","SOYA, harina",116000,"SACO(S)","BOLIVIA"
"2431","2022",6,"OFICINA PUESTO DE CONTROL MARITIMO - PROV. CONST. DEL CALLAO","CAUCHO, técnicamente especificado (TSNR)",40320,"FARDOS","COSTA DE MARFIL"
"2432","2022",6,"OFICINA PUESTO DE CONTROL MARITIMO - PROV. CONST. DEL CALLAO","LENTEJA, grano",129340,"SACO(S)","CANADA"
"2433","2022",6,"PUESTO DE CONTROL TERRESTRE DESAGUADERO","SOYA, harina",84000,"SACO(S)","BOLIVIA"
"2434","2022",6,"PUESTO DE CONTROL TERRESTRE DESAGUADERO","SOYA, grano",28000,"GRANEL","BOLIVIA"
"2435","2022",6,"PUESTO DE CONTROL TERRESTRE DESAGUADERO","SOYA, grano",28000,"GRANEL","BOLIVIA"
"2436","2022",6,"PUESTO DE CONTROL TERRESTRE DESAGUADERO","SOYA, torta",115974,"SACO(S)","BOLIVIA"
"2437","2022",6,"OFICINA PUESTO DE CONTROL MARITIMO - PROV. CONST. DEL CALLAO","PINO, madera aserrada con tratamiento de secado al horno impregnación de sales",89530,"PAQUETES","CHILE"
"2438","2022",6,"PUESTO DE CONTROL TERRESTRE DESAGUADERO","MANI, grano sin cáscara",58000,"SACO(S)","BOLIVIA"
"2439","2022",6,"OFICINA PUESTO DE CONTROL MARITIMO - PROV. CONST. DEL CALLAO","MADERA, aserrada con algún tratamiento de la CRF 2",22146,"PAQUETES","CHILE"
"2440","2022",6,"OFICINA PUESTO DE CONTROL MARITIMO - PROV. CONST. DEL CALLAO","ARVEJA, grano partido",131540,"SACO(S)","CANADA"
"2441","2022",6,"OFICINA PUESTO DE CONTROL MARITIMO - PROV. CONST. DEL CALLAO","MADERA, herramientas de madera con algún proceso de la CRF2",247.104,"PIEZAS","MEXICO"
"2442","2022",6,"OFICINA PUESTO DE CONTROL MARITIMO - PROV. CONST. DEL CALLAO","MADERA, monturas y mangos de herramientas, monturas y mangos de cepillos, brochas o escobas, de madera; hormas, ensanchadores y tensores del calzado, de madera ; con algún proceso de la CRF 2",426.096,"PIEZAS","MEXICO"
"2443","2022",6,"OFICINA PUESTO DE CONTROL MARITIMO - PROV. CONST. DEL CALLAO","MAIZ, harina",21500,"SACO(S)","COLOMBIA"
"2444","2022",6,"OFICINA PUESTO DE CONTROL MARITIMO - PROV. CONST. DEL CALLAO","COCO, fibra (para sustrato)",41564,"PALETAS","ESPAÑA"
"2445","2022",6,"PUESTO DE CONTROL TERRESTRE DESAGUADERO","AZUCAR BLANCA O REFINADA (lectura polarimetrica mayor 99.5°)",85000,"SACO(S)","BOLIVIA"
"2446","2022",6,"OFICINA PUESTO DE CONTROL MARITIMO - PROV. CONST. DEL CALLAO","ALGODON, fibra sin cardar ni peinar (>34.92 mm)",136100,"FARDOS","EEUU"
"2447","2022",6,"OFICINA PUESTO DE CONTROL AEREO -  PROV. CONST. DEL CALLAO","TURBA",2.8,"CAJA(S)","FINLANDIA"
"2448","2022",6,"PUESTO DE CONTROL TERRESTRE DESAGUADERO","SOYA, torta",113500,"SACO(S)","BOLIVIA"
"2449","2022",6,"OFICINA PUESTO DE CONTROL MARITIMO - PROV. CONST. DEL CALLAO","TRIGO, gluten",24000,"BOLSAS","ALEMANIA"
"2450","2022",6,"OFICINA PUESTO DE CONTROL MARITIMO - PROV. CONST. DEL CALLAO","CANELA, corteza entera seca al natural",12500,"SACO(S)","SRI LANKA"
"2451","2022",6,"OFICINA PUESTO DE CONTROL MARITIMO - PROV. CONST. DEL CALLAO","ANIS O BADIANA, grano",26000,"SACO(S)","ESPAÑA"
"2452","2022",6,"PUESTO DE CONTROL TERRESTRE DESAGUADERO","AZUCAR BLANCA O REFINADA (lectura polarimetrica mayor 99.5°)",145000,"SACO(S)","BOLIVIA"
"2453","2022",6,"PUESTO DE CONTROL TERRESTRE DESAGUADERO","AZUCAR BLANCA O REFINADA (lectura polarimetrica mayor 99.5°)",2000,"SACO(S)","BOLIVIA"
"2454","2022",6,"PUESTO DE CONTROL- CEBAF","CAÑA DE GUAYAQUIL, seca al natural",34000,"UNIDADES","ECUADOR"
"2455","2022",6,"OFICINA PUESTO DE CONTROL MARITIMO - PROV. CONST. DEL CALLAO","LUPULO, pellets",18000,"PALETAS","EEUU"
"2456","2022",6,"OFICINA PUESTO DE CONTROL MARITIMO - PROV. CONST. DEL CALLAO","FREJOL CANARIO, grano",95700,"SACO(S)","MEXICO"
"2457","2022",6,"PUESTO DE CONTROL TERRESTRE DESAGUADERO","MANI, grano sin cáscara",58000,"SACO(S)","BOLIVIA"
"2458","2022",6,"OFICINA PUESTO DE CONTROL MARITIMO - PROV. CONST. DEL CALLAO","TE VERDE",76,"UNIDADES","ALEMANIA"
"2459","2022",6,"SANTA ROSA, TACNA","MANZANA, fruto fresco",23520,"CAJA(S)","CHILE"
"2460","2022",6,"SANTA ROSA, TACNA","MANZANA, fruto fresco",22932,"CAJA(S)","CHILE"
"2461","2022",6,"SANTA ROSA, TACNA","MANZANA, fruto fresco",23471,"CAJA(S)","CHILE"
"2462","2022",6,"OFICINA PUESTO DE CONTROL AEREO -  PROV. CONST. DEL CALLAO","LUPULO, pellets",3285.6,"PALETAS","EEUU"
"2463","2022",6,"PUESTO DE CONTROL TERRESTRE DESAGUADERO","AZUCAR BLANCA O REFINADA (lectura polarimetrica mayor 99.5°)",26500,"SACO(S)","BOLIVIA"
"2464","2022",6,"PUESTO DE CONTROL TERRESTRE DESAGUADERO","AZUCAR BLANCA O REFINADA (lectura polarimetrica mayor 99.5°)",2500,"SACO(S)","BOLIVIA"
"2465","2022",6,"OFICINA PUESTO DE CONTROL AEREO -  PROV. CONST. DEL CALLAO","PEPINILLO, semilla",0.189187,"SACHETS","HOLANDA"
"2466","2022",6,"PUERTO DE SALAVERRY, LA LIBERTAD","MAIZ AMARILLO DURO, grano",26200000,"GRANEL","ARGENTINA"
"2467","2022",6,"PUERTO DE SALAVERRY, LA LIBERTAD","SOYA, torta",6600000,"GRANEL","ARGENTINA"
"2468","2022",6,"OFICINA PUESTO DE CONTROL MARITIMO - PROV. CONST. DEL CALLAO","MAIZ AMARILLO DURO, grano",35958330,"GRANEL","ARGENTINA"
"2469","2022",6,"PUESTO DE CONTROL TERRESTRE DESAGUADERO","SOYA, harina",26995,"SACO(S)","BOLIVIA"
"2470","2022",6,"PUESTO DE CONTROL TERRESTRE DESAGUADERO","SOYA, torta",57500,"GRANEL","BOLIVIA"
"2471","2022",6,"PUESTO DE CONTROL TERRESTRE DESAGUADERO","SOYA, torta",83070,"GRANEL","BOLIVIA"
"2472","2022",6,"PUESTO DE CONTROL TERRESTRE DESAGUADERO","SOYA, torta",54000,"GRANEL","BOLIVIA"
"2473","2022",6,"OFICINA PUESTO DE CONTROL MARITIMO - PROV. CONST. DEL CALLAO","TRACTOR USADO, con motor de potencia superior a 130KW",9853.431,"UNIDADES","EEUU"
"2474","2022",6,"OFICINA PUESTO DE CONTROL MARITIMO - PROV. CONST. DEL CALLAO","TRACTOR USADO, con motor de potencia superior a 130KW",14636.67,"UNIDADES","EEUU"
"2475","2022",6,"OFICINA PUESTO DE CONTROL AEREO -  PROV. CONST. DEL CALLAO","TRIGO, harina",1,"BOLSAS","FRANCIA"
"2476","2022",6,"SANTA ROSA, TACNA","LENTEJA, grano",105236,"SACO(S)","CANADA"
"2477","2022",6,"OFICINA PUESTO DE CONTROL MARITIMO - PROV. CONST. DEL CALLAO","YUTE, sacos",25691.76,"SACOS DE YUTE","BANGLADESH"
"2478","2022",6,"PUESTO DE CONTROL TERRESTRE DESAGUADERO","SOYA, harina",116000,"SACO(S)","BOLIVIA"
"2479","2022",6,"PUESTO DE CONTROL TERRESTRE DESAGUADERO","MANI, grano sin cáscara",29000,"SACO(S)","BOLIVIA"
"2480","2022",6,"OFICINA PUESTO DE CONTROL MARITIMO - PROV. CONST. DEL CALLAO","TURBA",37448,"BIG BAG","FINLANDIA"
"2481","2022",6,"OFICINA PUESTO DE CONTROL MARITIMO - PROV. CONST. DEL CALLAO","ARROZ, grano pilado",2823.66,"SACO(S)","EEUU"
"2482","2022",6,"OFICINA PUESTO DE CONTROL MARITIMO - PROV. CONST. DEL CALLAO","TRIGO, gluten",5000,"BOLSAS","CHINA"
"2483","2022",6,"OFICINA PUESTO DE CONTROL MARITIMO - PROV. CONST. DEL CALLAO","UVA (PASAS), secas naturalmente",40000,"CAJA(S)","ARGENTINA"
"2484","2022",6,"OFICINA PUESTO DE CONTROL MARITIMO - PROV. CONST. DEL CALLAO","Las demás frutas u otros frutos, excepto las de las partidas 08.01 a 08.06, con algún proceso de la CRF 2",1850,"SACO(S)","ALEMANIA"
"2485","2022",6,"OFICINA PUESTO DE CONTROL MARITIMO - PROV. CONST. DEL CALLAO","CANELA, triturada o pulverizada (molida)",10500,"SACO(S)","ALEMANIA"
"2486","2022",6,"OFICINA PUESTO DE CONTROL MARITIMO - PROV. CONST. DEL CALLAO","CLAVO DE OLOR, polvo
",1000,"SACO(S)","ALEMANIA"
"2487","2022",6,"OFICINA PUESTO DE CONTROL AEREO -  PROV. CONST. DEL CALLAO","CAFE, semilla",102,"CAJAS DE PLASTICO","NICARAGUA"
"2488","2022",6,"OFICINA PUESTO DE CONTROL MARITIMO - PROV. CONST. DEL CALLAO","TURBA",152220,"FARDOS","LETONIA"
"2489","2022",6,"OFICINA PUESTO DE CONTROL MARITIMO - PROV. CONST. DEL CALLAO","CANELA, corteza entera seca al natural",14560,"CAJA(S)","SRI LANKA"
"2490","2022",6,"OFICINA PUESTO DE CONTROL MARITIMO - PROV. CONST. DEL CALLAO","ALGODON, fibra sin cardar ni peinar (>22.22 mm = o <28.57 mm)",39066,"FARDOS","EEUU"
"2491","2022",6,"PUESTO DE CONTROL TERRESTRE DESAGUADERO","SOYA, torta",146000,"SACO(S)","BOLIVIA"
"2492","2022",6,"OFICINA PUESTO DE CONTROL MARITIMO - PROV. CONST. DEL CALLAO","PAPA, fécula",2e+05,"SACO(S)","HOLANDA"
"2493","2022",6,"OFICINA PUESTO DE CONTROL MARITIMO - PROV. CONST. DEL CALLAO","ALGODON, fibra sin cardar ni peinar (>22.22 mm = o <28.57 mm)",19221,"FARDOS","EEUU"
"2494","2022",6,"PUESTO DE CONTROL TERRESTRE DESAGUADERO","SOYA, torta",115768,"SACO(S)","BOLIVIA"
"2495","2022",6,"OFICINA PUESTO DE CONTROL MARITIMO - PROV. CONST. DEL CALLAO","ALGODON, fibra sin cardar ni peinar (>22.22 mm = o <28.57 mm)",268640,"FARDOS","EEUU"
"2496","2022",6,"OFICINA PUESTO DE CONTROL MARITIMO - PROV. CONST. DEL CALLAO","MADERA, en bruto de coníferas tratada agentes de conservación
",71100,"UNIDADES","CHILE"
"2497","2022",6,"PUESTO DE CONTROL TERRESTRE DESAGUADERO","AZUCAR BLANCA O REFINADA (lectura polarimetrica mayor 99.5°)",29000,"SACO(S)","BOLIVIA"
"2498","2022",6,"PUESTO DE CONTROL TERRESTRE DESAGUADERO","AZUCAR BLANCA O REFINADA (lectura polarimetrica mayor 99.5°)",174000,"SACO(S)","BOLIVIA"
"2499","2022",6,"PUESTO DE CONTROL TERRESTRE DESAGUADERO","AZUCAR BLANCA O REFINADA (lectura polarimetrica mayor 99.5°)",174000,"SACO(S)","BOLIVIA"
"2500","2022",6,"PUESTO DE CONTROL TERRESTRE DESAGUADERO","SOYA, torta",28500,"GRANEL","BOLIVIA"
"2501","2022",6,"PUESTO DE CONTROL TERRESTRE DESAGUADERO","SOYA, torta",111930,"GRANEL","BOLIVIA"
"2502","2022",6,"PUESTO DE CONTROL TERRESTRE DESAGUADERO","SOYA, torta",115000,"GRANEL","BOLIVIA"
"2503","2022",6,"OFICINA PUESTO DE CONTROL MARITIMO - PROV. CONST. DEL CALLAO","ALGODON, fibra sin cardar ni peinar (>28.57 mm = o <34.92 mm)",19760,"FARDOS","EEUU"
"2504","2022",6,"PUESTO DE CONTROL TERRESTRE DESAGUADERO","SOYA, grano",55000,"GRANEL","BOLIVIA"
"2505","2022",6,"PUESTO DE CONTROL TERRESTRE DESAGUADERO","AZUCAR CRUDA, sólido",228500,"SACO(S)","BOLIVIA"
"2506","2022",6,"PUESTO DE CONTROL TERRESTRE DESAGUADERO","SOYA, torta",55140,"GRANEL","BOLIVIA"
"2507","2022",6,"PUESTO DE CONTROL TERRESTRE DESAGUADERO","SOYA, torta",54000,"GRANEL","BOLIVIA"
"2508","2022",6,"PUESTO DE CONTROL TERRESTRE DESAGUADERO","SOYA, torta",54680,"GRANEL","BOLIVIA"
"2509","2022",6,"PUESTO DE CONTROL TERRESTRE DESAGUADERO","SOYA, torta",27000,"GRANEL","BOLIVIA"
"2510","2022",6,"PUESTO DE CONTROL TERRESTRE DESAGUADERO","SOYA, torta",54000,"GRANEL","BOLIVIA"
"2511","2022",6,"PUESTO DE CONTROL TERRESTRE DESAGUADERO","SOYA, harina",28652,"SACO(S)","BOLIVIA"
"2512","2022",6,"PUESTO DE CONTROL TERRESTRE DESAGUADERO","SOYA, torta",25550,"GRANEL","BOLIVIA"
"2513","2022",6,"PUESTO DE CONTROL TERRESTRE DESAGUADERO","SOYA, torta",71000,"GRANEL","BOLIVIA"
"2514","2022",6,"PUESTO DE CONTROL TERRESTRE DESAGUADERO","SOYA, torta",84000,"GRANEL","BOLIVIA"
"2515","2022",6,"PUESTO DE CONTROL TERRESTRE DESAGUADERO","SOYA, torta",115130,"SACO(S)","BOLIVIA"
"2516","2022",6,"PUESTO DE CONTROL TERRESTRE DESAGUADERO","AZUCAR BLANCA O REFINADA (lectura polarimetrica mayor 99.5°)",145000,"SACO(S)","BOLIVIA"
"2517","2022",6,"OFICINA PUESTO DE CONTROL MARITIMO - PROV. CONST. DEL CALLAO","CAUCHO, técnicamente especificado (TSNR)",60480,"PIEZAS","INDONESIA"
"2518","2022",6,"SANTA ROSA, TACNA","PERA, fruta fresca",23184,"CAJA(S)","CHILE"
"2519","2022",6,"PUESTO DE CONTROL TERRESTRE DESAGUADERO","SOYA, grano",203000,"SACO(S)","BOLIVIA"
"2520","2022",6,"PUESTO DE CONTROL TERRESTRE DESAGUADERO","SOYA, torta",115937,"SACO(S)","BOLIVIA"
"2521","2022",6,"OFICINA PUESTO DE CONTROL MARITIMO - PROV. CONST. DEL CALLAO","ALGODON, fibra sin cardar ni peinar (>22.22 mm = o <28.57 mm)",123470,"FARDOS","EEUU"
"2522","2022",6,"OFICINA PUESTO DE CONTROL MARITIMO - PROV. CONST. DEL CALLAO","ABONO DE ORIGEN VEGETAL ( sin tratamiento quimico, aditivos o mezcla con productos de origen animal) con algún proceso de la CRF 2",601,"FRASCO(S)","CHINA"
"2523","2022",6,"OFICINA PUESTO DE CONTROL MARITIMO - PROV. CONST. DEL CALLAO","ALGODON, fibra sin cardar ni peinar (>28.57 mm = o <34.92 mm)",19270,"FARDOS","EEUU"
"2524","2022",6,"OFICINA PUESTO DE CONTROL MARITIMO - PROV. CONST. DEL CALLAO","AZUCAR CRUDA, sólido",125000,"SACO(S)","HONDURAS"
"2525","2022",6,"OFICINA PUESTO DE CONTROL MARITIMO - PROV. CONST. DEL CALLAO","AZUCAR CRUDA, sólido",125000,"SACO(S)","HONDURAS"
"2526","2022",6,"OFICINA PUESTO DE CONTROL MARITIMO - PROV. CONST. DEL CALLAO","AZUCAR CRUDA, sólido",125000,"SACO(S)","HONDURAS"
"2527","2022",6,"PUESTO DE CONTROL TERRESTRE DESAGUADERO","SOYA, torta",111200,"GRANEL","BOLIVIA"
"2528","2022",6,"PUESTO DE CONTROL TERRESTRE DESAGUADERO","SOYA, torta",85500,"GRANEL","BOLIVIA"
"2529","2022",6,"OFICINA PUESTO DE CONTROL MARITIMO - PROV. CONST. DEL CALLAO","MADERA, cajas con algún proceso de la CRF 2",744,"CAJA(S)","CHINA"
"2530","2022",6,"OFICINA PUESTO DE CONTROL MARITIMO - PROV. CONST. DEL CALLAO","MADERA, cajas con algún proceso de la CRF 2",1044,"UNIDADES","CHINA"
"2531","2022",6,"SANTA ROSA, TACNA","PERA, fruta fresca",23184,"CAJA(S)","CHILE"
"2532","2022",6,"PUESTO DE CONTROL TERRESTRE DESAGUADERO","MANI, grano sin cáscara",29000,"SACO(S)","BOLIVIA"
"2533","2022",6,"PUESTO DE CONTROL TERRESTRE DESAGUADERO","AZUCAR BLANCA O REFINADA (lectura polarimetrica mayor 99.5°)",112000,"SACO(S)","BOLIVIA"
"2534","2022",6,"PUESTO DE CONTROL TERRESTRE DESAGUADERO","AZUCAR BLANCA O REFINADA (lectura polarimetrica mayor 99.5°)",112000,"SACO(S)","BOLIVIA"
"2535","2022",6,"PUESTO DE CONTROL TERRESTRE DESAGUADERO","AZUCAR BLANCA O REFINADA (lectura polarimetrica mayor 99.5°)",116000,"SACO(S)","BOLIVIA"
"2536","2022",6,"PUESTO DE CONTROL TERRESTRE DESAGUADERO","AZUCAR BLANCA O REFINADA (lectura polarimetrica mayor 99.5°)",87000,"SACO(S)","BOLIVIA"
"2537","2022",6,"PUESTO DE CONTROL TERRESTRE DESAGUADERO","SOYA, grano",75000,"GRANEL","BOLIVIA"
"2538","2022",6,"PUESTO DE CONTROL TERRESTRE DESAGUADERO","SOYA, grano",52500,"GRANEL","BOLIVIA"
"2539","2022",6,"PUESTO DE CONTROL TERRESTRE DESAGUADERO","SOYA, grano",28000,"GRANEL","BOLIVIA"
"2540","2022",6,"PUESTO DE CONTROL TERRESTRE DESAGUADERO","SOYA, grano",27500,"GRANEL","BOLIVIA"
"2541","2022",6,"PUESTO DE CONTROL TERRESTRE DESAGUADERO","SOYA, grano",29000,"GRANEL","BOLIVIA"
"2542","2022",6,"OFICINA PUESTO DE CONTROL AEREO -  PROV. CONST. DEL CALLAO","ZANAHORIA, semilla",19,"LATAS","ITALIA"
"2543","2022",6,"OFICINA PUESTO DE CONTROL AEREO -  PROV. CONST. DEL CALLAO","ASTER, semilla",2,"LATAS","ITALIA"
"2544","2022",6,"OFICINA PUESTO DE CONTROL AEREO -  PROV. CONST. DEL CALLAO","CALENDULA, semilla",2,"LATAS","ITALIA"
"2545","2022",6,"OFICINA PUESTO DE CONTROL AEREO -  PROV. CONST. DEL CALLAO","COSMOS, semilla",2,"LATAS","ITALIA"
"2546","2022",6,"OFICINA PUESTO DE CONTROL AEREO -  PROV. CONST. DEL CALLAO","MESEBRIANTEMO,semilla",2,"LATAS","ITALIA"
"2547","2022",6,"OFICINA PUESTO DE CONTROL AEREO -  PROV. CONST. DEL CALLAO","PETUNIA, semilla",3,"LATAS","ITALIA"
"2548","2022",6,"OFICINA PUESTO DE CONTROL AEREO -  PROV. CONST. DEL CALLAO","PORTULACA, semilla",2,"LATAS","ITALIA"
"2549","2022",6,"OFICINA PUESTO DE CONTROL AEREO -  PROV. CONST. DEL CALLAO","SPERONELLA, semilla",1.4,"LATAS","ITALIA"
"2550","2022",6,"OFICINA PUESTO DE CONTROL AEREO -  PROV. CONST. DEL CALLAO","ZINNIA, semilla",7,"LATAS","ITALIA"
"2551","2022",6,"OFICINA PUESTO DE CONTROL AEREO -  PROV. CONST. DEL CALLAO","ANIS O BADIANA, semilla",4,"LATAS","ITALIA"
"2552","2022",6,"OFICINA PUESTO DE CONTROL AEREO -  PROV. CONST. DEL CALLAO","OREGANO, semilla",1,"LATAS","ITALIA"
"2553","2022",6,"OFICINA PUESTO DE CONTROL AEREO -  PROV. CONST. DEL CALLAO","KIWI, planta in vitro",45,"CAJA(S)","ITALIA"
"2554","2022",6,"OFICINA PUESTO DE CONTROL AEREO -  PROV. CONST. DEL CALLAO","ENEBRO, bayas sin triturar ni pulverizar con secado al horno o industrial",4,"BOLSAS",NA
"2555","2022",6,"PUESTO DE CONTROL TERRESTRE DESAGUADERO","MANI, grano sin cáscara",58000,"SACO(S)","BOLIVIA"
"2556","2022",6,"OFICINA PUESTO DE CONTROL MARITIMO - PROV. CONST. DEL CALLAO","AVENA, grano mondado, perlado, troceado o quebrantado",46250,"SACO(S)","CHILE"
"2557","2022",6,"OFICINA PUESTO DE CONTROL MARITIMO - PROV. CONST. DEL CALLAO","COCO, fibra (para sustrato)",117000,"PALETAS","INDIA"
"2558","2022",6,"OFICINA PUESTO DE CONTROL MARITIMO - PROV. CONST. DEL CALLAO","COCO, fibra (para sustrato)",43120,"PALETAS","INDIA"
"2559","2022",6,"OFICINA PUESTO DE CONTROL MARITIMO - PROV. CONST. DEL CALLAO","AVENA, grano mondado, perlado, troceado o quebrantado",48000,"SACO(S)","CHILE"
"2560","2022",6,"OFICINA PUESTO DE CONTROL MARITIMO - PROV. CONST. DEL CALLAO","ARROZ, grano pilado",265000,"SACO(S)","BRASIL"
"2561","2022",6,"PUESTO DE CONTROL TERRESTRE DESAGUADERO","SOYA, grano",28000,"GRANEL","BOLIVIA"
"2562","2022",6,"OFICINA PUESTO DE CONTROL MARITIMO - PROV. CONST. DEL CALLAO","ALMENDRA, sin cáscara secado al natural",19958.4,"CAJA(S)","EEUU"
"2563","2022",6,"PUESTO DE CONTROL TERRESTRE DESAGUADERO","SOYA, torta",85500,"GRANEL","BOLIVIA"
"2564","2022",6,"PUESTO DE CONTROL TERRESTRE DESAGUADERO","SOYA, torta",23000,"GRANEL","BOLIVIA"
"2565","2022",6,"PUESTO DE CONTROL TERRESTRE DESAGUADERO","SOYA, torta",55000,"GRANEL","BOLIVIA"
"2566","2022",6,"OFICINA PUESTO DE CONTROL AEREO -  PROV. CONST. DEL CALLAO","ZANAHORIA, semilla",1.747,"SACHETS","HOLANDA"
"2567","2022",6,"OFICINA PUESTO DE CONTROL AEREO -  PROV. CONST. DEL CALLAO","ESPINACA, semilla",5,"SACHETS","CHILE"
"2568","2022",6,"OFICINA PUESTO DE CONTROL MARITIMO - PROV. CONST. DEL CALLAO","FREJOL CANARIO, grano",46000,"SACO(S)","MEXICO"
"2569","2022",6,"OFICINA PUESTO DE CONTROL AEREO -  PROV. CONST. DEL CALLAO","MEZCLAS, previstas en la Nota 1b) del capítulo 09, con algún proceso de la CRF2",200,"CAJA(S)","ESPAÑA"
"2570","2022",6,"OFICINA PUESTO DE CONTROL MARITIMO - PROV. CONST. DEL CALLAO","ZANAHORIA, semilla",150,"SOBRES","JAPON"
"2571","2022",6,"IÑAPARI, MADRE DE DIOS","MAIZ AMARILLO DURO, grano",30000,"SACO(S)","BRASIL"
"2572","2022",6,"PUESTO DE CONTROL TERRESTRE DESAGUADERO","SOYA, harina",112000,"SACO(S)","BOLIVIA"
"2573","2022",6,"PUESTO DE CONTROL TERRESTRE DESAGUADERO","SOYA, torta",87000,"SACO(S)","BOLIVIA"
"2574","2022",6,"PUESTO DE CONTROL TERRESTRE DESAGUADERO","AZUCAR BLANCA O REFINADA (lectura polarimetrica mayor 99.5°)",135000,"SACO(S)","BOLIVIA"
"2575","2022",6,"OFICINA PUESTO DE CONTROL MARITIMO - PROV. CONST. DEL CALLAO","Los demas pulverizadores para agricultura u horticultura usados
",9072,"UNIDADES","EEUU"
"2576","2022",6,"OFICINA PUESTO DE CONTROL MARITIMO - PROV. CONST. DEL CALLAO","TURBA",275180,"FARDOS","ESTONIA"
"2577","2022",6,"OFICINA PUESTO DE CONTROL MARITIMO - PROV. CONST. DEL CALLAO","TURBA",272480,"FARDOS","ESTONIA"
"2578","2022",6,"OFICINA PUESTO DE CONTROL MARITIMO - PROV. CONST. DEL CALLAO","YUCA (=MANDIOCA), almidón",15473.437,"BOLSAS","TAILANDIA"
"2579","2022",6,"PUESTO DE CONTROL TERRESTRE DESAGUADERO","AZUCAR BLANCA O REFINADA (lectura polarimetrica mayor 99.5°)",164000,"SACO(S)","BOLIVIA"
"2580","2022",6,"PUESTO DE CONTROL TERRESTRE DESAGUADERO","AZUCAR BLANCA O REFINADA (lectura polarimetrica mayor 99.5°)",29000,"SACO(S)","BOLIVIA"
"2581","2022",6,"PUESTO DE CONTROL TERRESTRE DESAGUADERO","SOYA, torta",115000,"SACO(S)","BOLIVIA"
"2582","2022",6,"PUESTO DE CONTROL TERRESTRE DESAGUADERO","SOYA, torta",115000,"SACO(S)","BOLIVIA"
"2583","2022",6,"PUESTO DE CONTROL TERRESTRE DESAGUADERO","SOYA, harina",174000,"SACO(S)","BOLIVIA"
"2584","2022",6,"OFICINA PUESTO DE CONTROL MARITIMO - PROV. CONST. DEL CALLAO","GARBANZO, grano",24000,"SACO(S)","MEXICO"
"2585","2022",6,"PUESTO DE CONTROL TERRESTRE DESAGUADERO","SOYA, harina",203000,"SACO(S)","BOLIVIA"
"2586","2022",6,"PUESTO DE CONTROL TERRESTRE DESAGUADERO","AZUCAR BLANCA O REFINADA (lectura polarimetrica mayor 99.5°)",87000,"SACO(S)","BOLIVIA"
"2587","2022",6,"PUESTO DE CONTROL TERRESTRE DESAGUADERO","SOYA, torta",145000,"SACO(S)","BOLIVIA"
"2588","2022",6,"OFICINA PUESTO DE CONTROL AEREO -  PROV. CONST. DEL CALLAO","ASTER CHINO, semilla",0.705,"SOBRES ALUMINIZADOS","EEUU"
"2589","2022",6,"OFICINA PUESTO DE CONTROL AEREO -  PROV. CONST. DEL CALLAO","DELPHINIUM, semilla",1.337,"SOBRES ALUMINIZADOS","EEUU"
"2590","2022",6,"OFICINA PUESTO DE CONTROL AEREO -  PROV. CONST. DEL CALLAO","LISIANTHUS, semilla",0.142,"FRASCO(S)","EEUU"
"2591","2022",6,"OFICINA PUESTO DE CONTROL MARITIMO - PROV. CONST. DEL CALLAO","PINO, madera aserrada con algún proceso de la CRF2",92324,"PAQUETES","CHILE"
"2592","2022",6,"PUESTO DE CONTROL TERRESTRE DESAGUADERO","SOYA, torta",117000,"SACO(S)","BOLIVIA"
"2593","2022",6,"OFICINA PUESTO DE CONTROL AEREO -  PROV. CONST. DEL CALLAO","GIRASOL, semilla",89.62,"SOBRES ALUMINIZADOS","EEUU"
"2594","2022",6,"PUESTO DE CONTROL- CEBAF","PAJA MACORA, paja seca al natural",1470,"FARDOS","ECUADOR"
"2595","2022",6,"PUESTO DE CONTROL- CEBAF","PAJA MACORA, paja seca al natural",1270,"FARDOS","ECUADOR"
"2596","2022",6,"PUESTO DE CONTROL TERRESTRE DESAGUADERO","SOYA, torta",113000,"SACO(S)","BOLIVIA"
"2597","2022",6,"OFICINA PUESTO DE CONTROL MARITIMO - PROV. CONST. DEL CALLAO","PAPA, hojuelas y pellets",20160,"BOLSAS","ALEMANIA"
"2598","2022",6,"PUESTO DE CONTROL TERRESTRE DESAGUADERO","SOYA, torta",114500,"GRANEL","BOLIVIA"
"2599","2022",6,"PUESTO DE CONTROL TERRESTRE DESAGUADERO","SOYA, torta",115500,"SACO(S)","BOLIVIA"
"2600","2022",6,"PUESTO DE CONTROL TERRESTRE DESAGUADERO","SOYA, torta",24000,"GRANEL","BOLIVIA"
"2601","2022",6,"PUESTO DE CONTROL TERRESTRE DESAGUADERO","SOYA, torta",114000,"SACO(S)","BOLIVIA"
"2602","2022",6,"OFICINA PUESTO DE CONTROL MARITIMO - PROV. CONST. DEL CALLAO","AZUCAR CRUDA, sólido",780000,"SACO(S)","NICARAGUA"
"2603","2022",6,"OFICINA PUESTO DE CONTROL MARITIMO - PROV. CONST. DEL CALLAO","ARVEJA, grano partido",26308,"SACO(S)","CANADA"
"2604","2022",6,"OFICINA PUESTO DE CONTROL MARITIMO - PROV. CONST. DEL CALLAO","MAIZ, harina",220000,"FARDOS","COLOMBIA"
"2605","2022",6,"OFICINA PUESTO DE CONTROL MARITIMO - PROV. CONST. DEL CALLAO","ALMENDRA, sin cáscara secado al natural",19958.064,"CAJA(S)","EEUU"
"2606","2022",6,"PUESTO DE CONTROL TERRESTRE DESAGUADERO","SOYA, grano",54000,"GRANEL","BOLIVIA"
"2607","2022",6,"PUESTO DE CONTROL TERRESTRE DESAGUADERO","AZUCAR CRUDA, sólido",87500,"SACO(S)","BOLIVIA"
"2608","2022",6,"OFICINA PUESTO DE CONTROL AEREO -  PROV. CONST. DEL CALLAO","PORO, semilla",4,"SOBRES ALUMINIZADOS","EEUU"
"2609","2022",6,"OFICINA PUESTO DE CONTROL AEREO -  PROV. CONST. DEL CALLAO","PEPINILLO, semilla",50,"BOLSAS","EEUU"
"2610","2022",6,"OFICINA PUESTO DE CONTROL AEREO -  PROV. CONST. DEL CALLAO","PEREJIL, semilla",30,"BOLSAS","EEUU"
"2611","2022",6,"OFICINA PUESTO DE CONTROL AEREO -  PROV. CONST. DEL CALLAO","ALBAHACA, semilla",20,"BOLSAS","EEUU"
"2612","2022",6,"PUESTO DE CONTROL TERRESTRE DESAGUADERO","AZUCAR BLANCA O REFINADA (lectura polarimetrica mayor 99.5°)",87000,"SACO(S)","BOLIVIA"
"2613","2022",6,"PUESTO DE CONTROL TERRESTRE DESAGUADERO","SOYA, harina",145500,"SACO(S)","BOLIVIA"
"2614","2022",6,"OFICINA PUESTO DE CONTROL MARITIMO - PROV. CONST. DEL CALLAO","UVA (PASAS), secas naturalmente",40000,"CAJA(S)","ARGENTINA"
"2615","2022",6,"OFICINA PUESTO DE CONTROL MARITIMO - PROV. CONST. DEL CALLAO","GIRASOL, grano",39420,"SACO(S)","ARGENTINA"
"2616","2022",6,"OFICINA PUESTO DE CONTROL MARITIMO - PROV. CONST. DEL CALLAO","PAPA, fécula",20000,"SACO(S)","HOLANDA"
"2617","2022",6,"PUESTO DE CONTROL TERRESTRE DESAGUADERO","SOYA, torta",56600,"GRANEL","BOLIVIA"
"2618","2022",6,"PUESTO DE CONTROL TERRESTRE DESAGUADERO","SOYA, torta",56000,"GRANEL","BOLIVIA"
"2619","2022",6,"PUESTO DE CONTROL TERRESTRE DESAGUADERO","SOYA, torta",26047,"SACO(S)","BOLIVIA"
"2620","2022",6,"PUESTO DE CONTROL TERRESTRE DESAGUADERO","SOYA, harina",27105,"SACO(S)","BOLIVIA"
"2621","2022",6,"PUESTO DE CONTROL TERRESTRE DESAGUADERO","SOYA, torta",28000,"GRANEL","BOLIVIA"
"2622","2022",6,"PUESTO DE CONTROL TERRESTRE DESAGUADERO","SOYA, torta",27520,"GRANEL","BOLIVIA"
"2623","2022",6,"PUESTO DE CONTROL TERRESTRE DESAGUADERO","SOYA, harina",25857,"SACO(S)","BOLIVIA"
"2624","2022",6,"PUESTO DE CONTROL TERRESTRE DESAGUADERO","SOYA, torta",111800,"GRANEL","BOLIVIA"
"2625","2022",6,"PUESTO DE CONTROL TERRESTRE DESAGUADERO","SOYA, torta",54900,"GRANEL","BOLIVIA"
"2626","2022",6,"PUESTO DE CONTROL TERRESTRE DESAGUADERO","AZUCAR CRUDA, sólido",174000,"SACO(S)","BOLIVIA"
"2627","2022",6,"OFICINA PUESTO DE CONTROL AEREO -  PROV. CONST. DEL CALLAO","ALGARROBO, grano",0.25,"BOLSAS",NA
"2628","2022",6,"OFICINA PUESTO DE CONTROL MARITIMO - PROV. CONST. DEL CALLAO","AZUCAR BLANCA O REFINADA (lectura polarimetrica mayor 99.5°)",265000,"SACO(S)","COLOMBIA"
"2629","2022",6,"OFICINA PUESTO DE CONTROL MARITIMO - PROV. CONST. DEL CALLAO","AZUCAR CRUDA, sólido",1040000,"SACO(S)","NICARAGUA"
"2630","2022",6,"PUESTO DE CONTROL TERRESTRE DESAGUADERO","SOYA, torta",114000,"SACO(S)","BOLIVIA"
"2631","2022",6,"PUESTO DE CONTROL TERRESTRE DESAGUADERO","AZUCAR BLANCA O REFINADA (lectura polarimetrica mayor 99.5°)",28000,"SACO(S)","BOLIVIA"
"2632","2022",6,"PUESTO DE CONTROL TERRESTRE DESAGUADERO","AZUCAR BLANCA O REFINADA (lectura polarimetrica mayor 99.5°)",58000,"SACO(S)","BOLIVIA"
"2633","2022",6,"OFICINA PUESTO DE CONTROL MARITIMO - PROV. CONST. DEL CALLAO","ALGODON, fibra sin cardar ni peinar (>34.92 mm)",175620,"FARDOS","EEUU"
"2634","2022",6,"PUESTO DE CONTROL- CEBAF","CAÑA DE GUAYAQUIL, seca al natural",32000,"UNIDADES","ECUADOR"
"2635","2022",6,"PUESTO DE CONTROL- CEBAF","CAÑA DE GUAYAQUIL, seca al natural",34000,"UNIDADES","ECUADOR"
"2636","2022",6,"PUESTO DE CONTROL TERRESTRE DESAGUADERO","SOYA, torta",145000,"SACO(S)","BOLIVIA"
"2637","2022",6,"OFICINA PUESTO DE CONTROL MARITIMO - PROV. CONST. DEL CALLAO","ARROZ, grano pilado",265000,"SACO(S)","BRASIL"
"2638","2022",6,"PUESTO DE CONTROL TERRESTRE DESAGUADERO","SOYA, harina",29402,"SACO(S)","BOLIVIA"
"2639","2022",6,"PUESTO DE CONTROL TERRESTRE DESAGUADERO","SOYA, torta",24969,"SACO(S)","BOLIVIA"
"2640","2022",6,"PUESTO DE CONTROL TERRESTRE DESAGUADERO","SOYA, torta",142500,"SACO(S)","BOLIVIA"
"2641","2022",6,"PUESTO DE CONTROL TERRESTRE DESAGUADERO","FREJOL NEGRO, grano",29000,"SACO(S)","BOLIVIA"
"2642","2022",6,"OFICINA PUESTO DE CONTROL MARITIMO - PROV. CONST. DEL CALLAO","CENTENO, harina",2000,"SACO(S)","PERU"
"2643","2022",6,"PUESTO DE CONTROL TERRESTRE DESAGUADERO","SOYA, harina",112500,"SACO(S)","BOLIVIA"
"2644","2022",6,"OFICINA PUESTO DE CONTROL MARITIMO - PROV. CONST. DEL CALLAO","TRIGO, gluten",18000,"BOLSAS","BELGICA"
"2645","2022",6,"SANTA ROSA, TACNA","LIMON TAHITI (Lima tahiti), fruto fresco",26208,"CAJA(S)","CHILE"
"2646","2022",6,"PUERTO DE PAITA , PIURA","MADERA EN BRUTO, las demás con algún proceso de la CRF 2",18000,"UNIDADES","CHILE"
"2647","2022",6,"OFICINA PUESTO DE CONTROL MARITIMO - PROV. CONST. DEL CALLAO","AZUCAR BLANCA O REFINADA (lectura polarimetrica mayor 99.5°)",265000,"SACO(S)","COLOMBIA"
"2648","2022",6,"OFICINA PUESTO DE CONTROL MARITIMO - PROV. CONST. DEL CALLAO","AZUCAR CRUDA, sólido",225000,"SACO(S)","EL SALVADOR"
"2649","2022",6,"PUESTO DE CONTROL TERRESTRE DESAGUADERO","SOYA, torta",140000,"SACO(S)","BOLIVIA"
"2650","2022",6,"PUERTO DE PAITA , PIURA","ARVEJA, grano partido",78924,"SACO(S)","CANADA"
"2651","2022",6,"PUESTO DE CONTROL TERRESTRE DESAGUADERO","MANI, grano sin cáscara",29000,"SACO(S)","BOLIVIA"
"2652","2022",6,"PUESTO DE CONTROL TERRESTRE DESAGUADERO","SOYA, torta",116000,"SACO(S)","BOLIVIA"
"2653","2022",6,"OFICINA PUESTO DE CONTROL MARITIMO - PROV. CONST. DEL CALLAO","PINO, madera aserrada con tratamiento de secado al horno impregnación de sales",328921,"PAQUETES","CHILE"
"2654","2022",6,"OFICINA PUESTO DE CONTROL MARITIMO - PROV. CONST. DEL CALLAO","AZUCAR CRUDA, sólido",1e+05,"SACO(S)","EL SALVADOR"
"2655","2022",6,"OFICINA PUESTO DE CONTROL MARITIMO - PROV. CONST. DEL CALLAO","AZUCAR CRUDA, sólido",225000,"SACO(S)","EL SALVADOR"
"2656","2022",6,"OFICINA PUESTO DE CONTROL MARITIMO - PROV. CONST. DEL CALLAO","PAPA, fécula",140000,"BOLSAS","ALEMANIA"
"2657","2022",6,"PUESTO DE CONTROL TERRESTRE DESAGUADERO","AZUCAR BLANCA O REFINADA (lectura polarimetrica mayor 99.5°)",115000,"SACO(S)","BOLIVIA"
"2658","2022",6,"PUESTO DE CONTROL TERRESTRE DESAGUADERO","SOYA, grano",57000,"GRANEL","BOLIVIA"
"2659","2022",6,"PUESTO DE CONTROL TERRESTRE DESAGUADERO","SOYA, grano",45000,"GRANEL","BOLIVIA"
"2660","2022",6,"PUESTO DE CONTROL TERRESTRE DESAGUADERO","SOYA, grano",27500,"GRANEL","BOLIVIA"
"2661","2022",6,"PUESTO DE CONTROL TERRESTRE DESAGUADERO","SOYA, torta",115500,"SACO(S)","BOLIVIA"
"2662","2022",6,"PUESTO DE CONTROL TERRESTRE DESAGUADERO","SOYA, torta",115000,"SACO(S)","BOLIVIA"
"2663","2022",6,"PUESTO DE CONTROL TERRESTRE DESAGUADERO","SOYA, torta",115000,"SACO(S)","BOLIVIA"
"2664","2022",6,"PUESTO DE CONTROL TERRESTRE DESAGUADERO","SOYA, torta",115000,"SACO(S)","BOLIVIA"
"2665","2022",6,"PUESTO DE CONTROL TERRESTRE DESAGUADERO","SOYA, torta",174000,"SACO(S)","BOLIVIA"
"2666","2022",6,"PUESTO DE CONTROL TERRESTRE DESAGUADERO","SOYA, harina",85766,"SACO(S)","BOLIVIA"
"2667","2022",6,"PUESTO DE CONTROL TERRESTRE DESAGUADERO","SOYA, torta",53323,"SACO(S)","BOLIVIA"
"2668","2022",6,"PUESTO DE CONTROL TERRESTRE DESAGUADERO","SOYA, harina",27564,"SACO(S)","BOLIVIA"
"2669","2022",6,"PUESTO DE CONTROL TERRESTRE DESAGUADERO","SOYA, torta",28104,"SACO(S)","BOLIVIA"
"2670","2022",6,"PUESTO DE CONTROL TERRESTRE DESAGUADERO","SOYA, torta",87000,"GRANEL","BOLIVIA"
"2671","2022",6,"PUESTO DE CONTROL TERRESTRE DESAGUADERO","SOYA, torta",56000,"GRANEL","BOLIVIA"
"2672","2022",6,"PUESTO DE CONTROL TERRESTRE DESAGUADERO","SOYA, torta",56000,"GRANEL","BOLIVIA"
"2673","2022",6,"PUESTO DE CONTROL TERRESTRE DESAGUADERO","SOYA, torta",84872,"SACO(S)","BOLIVIA"
"2674","2022",6,"IÑAPARI, MADRE DE DIOS","MAIZ, grano (mondado, perlado, troceado o quebrantado)",30015,"SACO(S)","BRASIL"
"2675","2022",6,"OFICINA PUESTO DE CONTROL MARITIMO - PROV. CONST. DEL CALLAO","AZUCAR CRUDA, sólido",250000,"SACO(S)","COLOMBIA"
"2676","2022",6,"PUESTO DE CONTROL TERRESTRE DESAGUADERO","SOYA, torta",115500,"SACO(S)","BOLIVIA"
"2677","2022",6,"PUESTO DE CONTROL TERRESTRE DESAGUADERO","SOYA, torta",116000,"SACO(S)","BOLIVIA"
"2678","2022",6,"PUESTO DE CONTROL TERRESTRE DESAGUADERO","AZUCAR BLANCA O REFINADA (lectura polarimetrica mayor 99.5°)",28000,"SACO(S)","BOLIVIA"
"2679","2022",6,"OFICINA PUESTO DE CONTROL MARITIMO - PROV. CONST. DEL CALLAO","MARCOS, madera",62.15,"UNIDADES","HOLANDA"
"2680","2022",6,"OFICINA PUESTO DE CONTROL MARITIMO - PROV. CONST. DEL CALLAO","MAIZ REVENTON, grano",49600,"SACO(S)","ARGENTINA"
"2681","2022",6,"PUESTO DE CONTROL TERRESTRE DESAGUADERO","MANI, grano sin cáscara",30000,"SACO(S)","BOLIVIA"
"2682","2022",6,"SANTA ROSA, TACNA","MANZANA, fruto fresco",23520,"CAJA(S)","CHILE"
"2683","2022",6,"PUESTO DE CONTROL TERRESTRE DESAGUADERO","AZUCAR BLANCA O REFINADA (lectura polarimetrica mayor 99.5°)",56000,"SACO(S)","BOLIVIA"
"2684","2022",6,"PUESTO DE CONTROL TERRESTRE DESAGUADERO","AZUCAR BLANCA O REFINADA (lectura polarimetrica mayor 99.5°)",56000,"SACO(S)","BOLIVIA"
"2685","2022",6,"OFICINA PUESTO DE CONTROL MARITIMO - PROV. CONST. DEL CALLAO","PINO, madera aserrada con algún proceso de la CRF2",203740,"PAQUETES","CHILE"
"2686","2022",6,"OFICINA PUESTO DE CONTROL MARITIMO - PROV. CONST. DEL CALLAO","PINO, madera aserrada con algún proceso de la CRF2",89109,"PAQUETES","CHILE"
"2687","2022",6,"IÑAPARI, MADRE DE DIOS","MAIZ AMARILLO DURO, grano",64000,"SACO(S)","BRASIL"
"2688","2022",6,"SANTA ROSA, TACNA","TRACTOR USADO, con motor de potencia superior a 33 kW pero inferior o igual a 75 kW",4000,"UNIDADES","CHILE"
"2689","2022",6,"SANTA ROSA, TACNA","TRACTOR USADO, con motor de potencia superior a 33 kW pero inferior o igual a 75 kW",4000,"UNIDADES","CHILE"
"2690","2022",6,"SANTA ROSA, TACNA","TRACTOR USADO, con motor de potencia superior a 33 kW pero inferior o igual a 75 kW",4000,"UNIDADES","CHILE"
"2691","2022",6,"OFICINA PUESTO DE CONTROL MARITIMO - PROV. CONST. DEL CALLAO","ALGODON, fibra sin cardar ni peinar (>28.57 mm = o <34.92 mm)",174550,"FARDOS","EEUU"
"2692","2022",6,"OFICINA PUESTO DE CONTROL MARITIMO - PROV. CONST. DEL CALLAO","ALGODON, fibra sin cardar ni peinar (>34.92 mm)",78030,"FARDOS","EEUU"
"2693","2022",6,"OFICINA PUESTO DE CONTROL MARITIMO - PROV. CONST. DEL CALLAO","ARROZ, parbolizado pulido o sin cáscara",127500,"SACO(S)","BRASIL"
"2694","2022",6,"SANTA ROSA, TACNA","MANZANA, fruto fresco",4704,"CAJA(S)","CHILE"
"2695","2022",6,"SANTA ROSA, TACNA","KIWI, fruto fresco",6720,"CAJA(S)","CHILE"
"2696","2022",6,"SANTA ROSA, TACNA","PERA, fruta fresca",10800,"CAJA(S)","CHILE"
"2697","2022",6,"SANTA ROSA, TACNA","MANZANA, fruto fresco",22540,"CAJA(S)","CHILE"
"2698","2022",6,"PUESTO DE CONTROL TERRESTRE DESAGUADERO","SOYA, torta",56000,"GRANEL","BOLIVIA"
"2699","2022",6,"PUESTO DE CONTROL TERRESTRE DESAGUADERO","SOYA, torta",56450,"GRANEL","BOLIVIA"
"2700","2022",6,"PUESTO DE CONTROL TERRESTRE DESAGUADERO","AZUCAR BLANCA O REFINADA (lectura polarimetrica mayor 99.5°)",140000,"SACO(S)","BOLIVIA"
"2701","2022",6,"OFICINA PUESTO DE CONTROL MARITIMO - PROV. CONST. DEL CALLAO","Las demas partes de maquinas, aparatos y artefactos de cosecha o trillar, maquinarias para limpieza, usadas
",2434.85,"PIEZAS","CHILE"
"2702","2022",6,"PUESTO DE CONTROL TERRESTRE DESAGUADERO","SOYA, torta",146000,"SACO(S)","BOLIVIA"
"2703","2022",6,"SANTA ROSA, TACNA","MANZANA, fruto fresco",23520,"CAJA(S)","CHILE"
"2704","2022",6,"OFICINA PUESTO DE CONTROL MARITIMO - PROV. CONST. DEL CALLAO","MATERIAS VEGETALES, para tallar trabajadas con algun proceso de la CRF 2",1052.252,"UNIDADES","CHINA"
"2705","2022",6,"OFICINA PUESTO DE CONTROL MARITIMO - PROV. CONST. DEL CALLAO","TRACTOR USADO, con motor de potencia superior a 33 kW pero inferior o igual a 75 kW",13879.5,"UNIDADES","HOLANDA"
"2706","2022",6,"PUESTO DE CONTROL TERRESTRE DESAGUADERO","SOYA, harina",87000,"SACO(S)","BOLIVIA"
"2707","2022",6,"OFICINA PUESTO DE CONTROL MARITIMO - PROV. CONST. DEL CALLAO","TRACTOR USADO, con motor de potencia superior a 33 kW pero inferior o igual a 75 kW",12331,"UNIDADES","HOLANDA"
"2708","2022",6,"OFICINA PUESTO DE CONTROL MARITIMO - PROV. CONST. DEL CALLAO","AZUCAR DE CAÑA, solido en bruto",50000,"BOLSAS","BRASIL"
"2709","2022",6,"PUESTO DE CONTROL TERRESTRE DESAGUADERO","FREJOL, grano",58000,"SACO(S)","BOLIVIA"
"2710","2022",6,"OFICINA PUESTO DE CONTROL MARITIMO - PROV. CONST. DEL CALLAO","TRACTOR USADO, con motor de potencia superior a 75 kW pero inferior o igual a 130 kW",8921.81,"UNIDADES","CHINA"
"2711","2022",6,"PUESTO DE CONTROL TERRESTRE DESAGUADERO","SOYA, harina",116000,"SACO(S)","BOLIVIA"
"2712","2022",6,"OFICINA PUESTO DE CONTROL MARITIMO - PROV. CONST. DEL CALLAO","AVENA, grano aplastado o en copos (hojuelas)",103610,"BOLSAS","CHILE"
"2713","2022",6,"SANTA ROSA, TACNA","MANZANA, fruto fresco",16366,"CAJA(S)","CHILE"
"2714","2022",6,"PUESTO DE CONTROL TERRESTRE DESAGUADERO","SOYA, torta",115998,"SACO(S)","BOLIVIA"
"2715","2022",6,"SANTA ROSA, TACNA","PERA, fruta fresca",8064,"CAJA(S)","CHILE"
"2716","2022",6,"SANTA ROSA, TACNA","PERA, fruta fresca",11520,"CAJA(S)","CHILE"
"2717","2022",6,"SANTA ROSA, TACNA","KIWI, fruto fresco",12240,"CAJA(S)","CHILE"
"2718","2022",6,"SANTA ROSA, TACNA","MANZANA, fruto fresco",23520,"CAJA(S)","CHILE"
"2719","2022",6,"SANTA ROSA, TACNA","MANZANA, fruto fresco",23520,"CAJA(S)","CHILE"
"2720","2022",6,"PUESTO DE CONTROL TERRESTRE DESAGUADERO","SOYA, torta",145000,"SACO(S)","BOLIVIA"
"2721","2022",6,"OFICINA PUESTO DE CONTROL MARITIMO - PROV. CONST. DEL CALLAO","MAIZ REVENTON, grano",99156,"SACO(S)","ARGENTINA"
"2722","2022",6,"PUESTO DE CONTROL TERRESTRE DESAGUADERO","SOYA, torta",145000,"SACO(S)","BOLIVIA"
"2723","2022",6,"PUESTO DE CONTROL TERRESTRE DESAGUADERO","SOYA, torta",84000,"GRANEL","BOLIVIA"
"2724","2022",6,"PUESTO DE CONTROL TERRESTRE DESAGUADERO","SOYA, torta",113850,"GRANEL","BOLIVIA"
"2725","2022",6,"PUESTO DE CONTROL TERRESTRE DESAGUADERO","SOYA, torta",147000,"SACO(S)","BOLIVIA"
"2726","2022",6,"PUESTO DE CONTROL TERRESTRE DESAGUADERO","SOYA, torta",83000,"GRANEL","BOLIVIA"
"2727","2022",6,"PUESTO DE CONTROL TERRESTRE DESAGUADERO","SOYA, torta",57000,"GRANEL","BOLIVIA"
"2728","2022",6,"PUESTO DE CONTROL TERRESTRE DESAGUADERO","SOYA, torta",87000,"GRANEL","BOLIVIA"
"2729","2022",6,"OFICINA PUESTO DE CONTROL MARITIMO - PROV. CONST. DEL CALLAO","MAIZ, harina",52000,"PACAS","COLOMBIA"
"2730","2022",6,"PUESTO DE CONTROL TERRESTRE DESAGUADERO","AZUCAR BLANCA O REFINADA (lectura polarimetrica mayor 99.5°)",29000,"SACO(S)","BOLIVIA"
"2731","2022",6,"OFICINA PUESTO DE CONTROL MARITIMO - PROV. CONST. DEL CALLAO","ARROZ, parbolizado pulido o sin cáscara",125000,"SACO(S)","BRASIL"
"2732","2022",6,"OFICINA PUESTO DE CONTROL MARITIMO - PROV. CONST. DEL CALLAO","MADERA, láminas para chapado
",4956.15,"PAQUETES","CHINA"
"2733","2022",6,"OFICINA PUESTO DE CONTROL MARITIMO - PROV. CONST. DEL CALLAO","AZUCAR BLANCA O REFINADA (lectura polarimetrica mayor 99.5°)",106000,"SACO(S)","EL SALVADOR"
"2734","2022",6,"PUESTO DE CONTROL TERRESTRE DESAGUADERO","SOYA, torta",113000,"GRANEL","BOLIVIA"
"2735","2022",6,"PUESTO DE CONTROL TERRESTRE DESAGUADERO","SOYA, torta",112500,"GRANEL","BOLIVIA"
"2736","2022",6,"OFICINA PUESTO DE CONTROL MARITIMO - PROV. CONST. DEL CALLAO","COCO, fibra (para sustrato)",50000,"PIEZAS","SRI LANKA"
"2737","2022",6,"PUESTO DE CONTROL TERRESTRE DESAGUADERO","SOYA, torta",54000,"GRANEL","BOLIVIA"
"2738","2022",6,"PUESTO DE CONTROL TERRESTRE DESAGUADERO","SOYA, torta",84000,"GRANEL","BOLIVIA"
"2739","2022",6,"PUESTO DE CONTROL TERRESTRE DESAGUADERO","SOYA, torta",58000,"GRANEL","BOLIVIA"
"2740","2022",6,"OFICINA PUESTO DE CONTROL MARITIMO - PROV. CONST. DEL CALLAO","LENTEJA, grano",260820,"SACO(S)","CANADA"
"2741","2022",6,"PUESTO DE CONTROL TERRESTRE DESAGUADERO","SOYA, torta",56140,"GRANEL","BOLIVIA"
"2742","2022",6,"PUESTO DE CONTROL TERRESTRE DESAGUADERO","SOYA, torta",27500,"GRANEL","BOLIVIA"
"2743","2022",6,"PUESTO DE CONTROL TERRESTRE DESAGUADERO","AZUCAR BLANCA O REFINADA (lectura polarimetrica mayor 99.5°)",17000,"SACO(S)","BOLIVIA"
"2744","2022",6,"PUESTO DE CONTROL TERRESTRE DESAGUADERO","AZUCAR BLANCA O REFINADA (lectura polarimetrica mayor 99.5°)",96000,"SACO(S)","BOLIVIA"
"2745","2022",6,"OFICINA PUESTO DE CONTROL MARITIMO - PROV. CONST. DEL CALLAO","AZUCAR BLANCA O REFINADA (lectura polarimetrica mayor 99.5°)",79500,"SACO(S)","EL SALVADOR"
"2746","2022",6,"OFICINA PUESTO DE CONTROL MARITIMO - PROV. CONST. DEL CALLAO","TRIGO, semola",88000,"SACO(S)","MEXICO"
"2747","2022",6,"PUESTO DE CONTROL TERRESTRE DESAGUADERO","SOYA, torta",112000,"GRANEL","BOLIVIA"
"2748","2022",6,"IÑAPARI, MADRE DE DIOS","NUEZ DEL BRASIL, con cáscara seca al natural",27900,"SACO(S)","BRASIL"
"2749","2022",6,"SANTA ROSA, TACNA","TRIGO, afrecho seco industrial",56000,"SACO(S)","CHILE"
"2750","2022",6,"PUESTO DE CONTROL TERRESTRE DESAGUADERO","SOYA, torta",56000,"GRANEL","BOLIVIA"
