"","Año","Mes","Sede","Producto","Peso.Kg.","Tipo.de.Envase","Pais.Origen"
"29342",2022,1,"OFICINA PUESTO DE CONTROL MARITIMO - PROV. CONST. DEL CALLAO","NARANJA, fruto fresco",22856,"CAJA(S)","EEUU"
"29343",2022,1,"OFICINA PUESTO DE CONTROL MARITIMO - PROV. CONST. DEL CALLAO","NARANJA, fruto fresco",22856,"CAJA(S)","EEUU"
"29344",2022,1,"OFICINA PUESTO DE CONTROL MARITIMO - PROV. CONST. DEL CALLAO","NARANJA, fruto fresco",18611,"CAJA(S)","EEUU"
"29345",2022,1,"OFICINA PUESTO DE CONTROL MARITIMO - PROV. CONST. DEL CALLAO","KIWI, fruto fresco",5987,"CAJA(S)","EEUU"
"29346",2022,1,"OFICINA PUESTO DE CONTROL MARITIMO - PROV. CONST. DEL CALLAO","AVENA, grano mondado, perlado, troceado o quebrantado",120000,"SACO(S)","CHILE"
"29347",2022,1,"PUERTO DE SALAVERRY, LA LIBERTAD","SOYA, torta",9270000,"GRANEL","CHILE"
"29348",2022,1,"PUESTO DE CONTROL TERRESTRE DESAGUADERO","SOYA, harina",145000,"SACO(S)","BOLIVIA"
"29349",2022,1,"PUESTO DE CONTROL TERRESTRE DESAGUADERO","SOYA, harina",145000,"SACO(S)","BOLIVIA"
"29350",2022,1,"PUESTO DE CONTROL TERRESTRE DESAGUADERO","SOYA, torta",55700,"GRANEL","BOLIVIA"
"29351",2022,1,"PUESTO DE CONTROL TERRESTRE DESAGUADERO","SOYA, torta",110820,"GRANEL","BOLIVIA"
"29352",2022,1,"PUESTO DE CONTROL TERRESTRE DESAGUADERO","SOYA, torta",55000,"GRANEL","BOLIVIA"
"29353",2022,1,"PUESTO DE CONTROL TERRESTRE DESAGUADERO","SOYA, torta",87000,"SACO(S)","BOLIVIA"
"29354",2022,1,"OFICINA PUESTO DE CONTROL MARITIMO - PROV. CONST. DEL CALLAO","PINO, madera aserrada con algún proceso de la CRF2",89890,"PAQUETES","CHILE"
"29355",2022,1,"OFICINA PUESTO DE CONTROL AEREO -  PROV. CONST. DEL CALLAO","MAIZ, semilla",16.93,"SOBRES","FRANCIA"
"29356",2022,1,"PUESTO DE CONTROL TERRESTRE DESAGUADERO","SOYA, torta",115000,"SACO(S)","BOLIVIA"
"29357",2022,1,"PUESTO DE CONTROL- CEBAF","CAÑA DE GUAYAQUIL, seca al natural",34000,"UNIDADES","ECUADOR"
"29358",2022,1,"IÑAPARI, MADRE DE DIOS","NUEZ DEL BRASIL, con cáscara seca al natural",55800,"SACO(S)","BRASIL"
"29359",2022,1,"OFICINA PUESTO DE CONTROL AEREO -  PROV. CONST. DEL CALLAO","SANDIA, semilla",0.657,"SACHETS","CHILE"
"29360",2022,1,"OFICINA PUESTO DE CONTROL MARITIMO - PROV. CONST. DEL CALLAO","ALGODON, fibra sin cardar ni peinar (>28.57 mm = o <34.92 mm)",19150,"FARDOS","EEUU"
"29361",2022,1,"OFICINA PUESTO DE CONTROL AEREO -  PROV. CONST. DEL CALLAO","PIMIENTO, semilla",19.344,"SACHETS","EEUU"
"29362",2022,1,"OFICINA PUESTO DE CONTROL AEREO -  PROV. CONST. DEL CALLAO","ZAPALLITO ITALIANO (CALABACIN), semilla",6.79,"SACHETS","EEUU"
"29363",2022,1,"OFICINA PUESTO DE CONTROL AEREO -  PROV. CONST. DEL CALLAO","TOMATE, semilla",4.86,"SACHETS","EEUU"
"29364",2022,1,"PUESTO DE CONTROL TERRESTRE DESAGUADERO","SOYA, grano",57000,"GRANEL","BOLIVIA"
"29365",2022,1,"PUESTO DE CONTROL TERRESTRE DESAGUADERO","SOYA, grano",84000,"GRANEL","BOLIVIA"
"29366",2022,1,"PUESTO DE CONTROL TERRESTRE DESAGUADERO","SOYA, grano",56480,"GRANEL","BOLIVIA"
"29367",2022,1,"PUESTO DE CONTROL TERRESTRE DESAGUADERO","SOYA, grano",54500,"GRANEL","BOLIVIA"
"29368",2022,1,"PUESTO DE CONTROL TERRESTRE DESAGUADERO","SOYA, grano",56000,"GRANEL","BOLIVIA"
"29369",2022,1,"PUESTO DE CONTROL TERRESTRE DESAGUADERO","SOYA, grano",82500,"GRANEL","BOLIVIA"
"29370",2022,1,"PUESTO DE CONTROL TERRESTRE DESAGUADERO","SOYA, grano",85450,"GRANEL","BOLIVIA"
"29371",2022,1,"PUESTO DE CONTROL TERRESTRE DESAGUADERO","SOYA, torta",173500,"SACO(S)","BOLIVIA"
"29372",2022,1,"PUESTO DE CONTROL TERRESTRE DESAGUADERO","SOYA, torta",118000,"SACO(S)","BOLIVIA"
"29373",2022,1,"OFICINA PUESTO DE CONTROL MARITIMO - PROV. CONST. DEL CALLAO","AZUCAR BLANCA O REFINADA (lectura polarimetrica mayor 99.5°)",79500,"SACO(S)","COLOMBIA"
"29374",2022,1,"OFICINA PUESTO DE CONTROL MARITIMO - PROV. CONST. DEL CALLAO","LENTEJA, grano",147916,"SACO(S)","EEUU"
"29375",2022,1,"PUERTO DE SALAVERRY, LA LIBERTAD","SOYA, torta",20015270,"GRANEL","CHILE"
"29376",2022,1,"OFICINA PUESTO DE CONTROL MARITIMO - PROV. CONST. DEL CALLAO","CANELA, corteza entera seca al natural",6200,"CAJA(S)","SRI LANKA"
"29377",2022,1,"OFICINA PUESTO DE CONTROL MARITIMO - PROV. CONST. DEL CALLAO","ARVEJA, grano partido",43000,"SACO(S)","EEUU"
"29378",2022,1,"OFICINA PUESTO DE CONTROL MARITIMO - PROV. CONST. DEL CALLAO","LINAZA, grano",68040,"SACO(S)","CANADA"
"29379",2022,1,"OFICINA PUESTO DE CONTROL MARITIMO - PROV. CONST. DEL CALLAO","GARBANZO, grano",24000,"SACO(S)","MEXICO"
"29380",2022,1,"OFICINA PUESTO DE CONTROL MARITIMO - PROV. CONST. DEL CALLAO","MAIZ REVENTON, grano",24948,"SACO(S)","ARGENTINA"
"29381",2022,1,"OFICINA PUESTO DE CONTROL MARITIMO - PROV. CONST. DEL CALLAO","UVA (PASAS), secas naturalmente",20000,"CAJA(S)","ARGENTINA"
"29382",2022,1,"PUESTO DE CONTROL TERRESTRE DESAGUADERO","SOYA, torta",115480,"SACO(S)","BOLIVIA"
"29383",2022,1,"OFICINA PUESTO DE CONTROL MARITIMO - PROV. CONST. DEL CALLAO","AZUCAR BLANCA O REFINADA (lectura polarimetrica mayor 99.5°)",106000,"SACO(S)","COLOMBIA"
"29384",2022,1,"OFICINA PUESTO DE CONTROL MARITIMO - PROV. CONST. DEL CALLAO","MAIZ REVENTON, grano",51982.56,"SACO(S)","ARGENTINA"
"29385",2022,1,"OFICINA PUESTO DE CONTROL MARITIMO - PROV. CONST. DEL CALLAO","TURBA",44200,"FARDOS","LITUANIA"
"29386",2022,1,"OFICINA PUESTO DE CONTROL MARITIMO - PROV. CONST. DEL CALLAO","LAS DEMAS HOJAS PARA CHAPADO, coníferas",136100,"PALETAS","ESPAÑA"
"29387",2022,1,"OFICINA PUESTO DE CONTROL MARITIMO - PROV. CONST. DEL CALLAO","CANELA, corteza entera seca al natural",6720,"BOLSAS","SRI LANKA"
"29388",2022,1,"SANTA ROSA, TACNA","LENTEJA, grano",52618,"SACO(S)","CANADA"
"29389",2022,1,"SANTA ROSA, TACNA","LENTEJA, grano",52618,"SACO(S)","CANADA"
"29390",2022,1,"PUESTO DE CONTROL TERRESTRE DESAGUADERO","SOYA, torta",112446,"SACO(S)","BOLIVIA"
"29391",2022,1,"PUESTO DE CONTROL TERRESTRE DESAGUADERO","SOYA, torta",115000,"SACO(S)","BOLIVIA"
"29392",2022,1,"OFICINA PUESTO DE CONTROL MARITIMO - PROV. CONST. DEL CALLAO","ARROZ, harina",22.68,"CAJA(S)","EEUU"
"29393",2022,1,"SANTA ROSA, TACNA","FREJOL, grano",24000,"SACO(S)","ARGENTINA"
"29394",2022,1,"SANTA ROSA, TACNA","NUEZ DEL NOGAL, con cascara, seco industrialmente",23000,"SACO(S)","CHINA"
"29395",2022,1,"SANTA ROSA, TACNA","LINAZA, grano",21500,"SACO(S)","CANADA"
"29396",2022,1,"SANTA ROSA, TACNA","LENTEJA, grano",48988,"SACO(S)","CANADA"
"29397",2022,1,"SANTA ROSA, TACNA","LENTEJA, grano",48988,"SACO(S)","CANADA"
"29398",2022,1,"SANTA ROSA, TACNA","CANELA, corteza entera seca al natural",6200,"CAJA(S)","SRI LANKA"
"29399",2022,1,"PUESTO DE CONTROL- CEBAF","PAJA MACORA, paja seca al natural",1760,"FARDOS","ECUADOR"
"29400",2022,1,"OFICINA PUESTO DE CONTROL MARITIMO - PROV. CONST. DEL CALLAO","PINO, postes de madera con algun proceso de la CRF 2",850139.8,"PIEZAS","EEUU"
"29401",2022,1,"OFICINA PUESTO DE CONTROL MARITIMO - PROV. CONST. DEL CALLAO","LENTEJA, grano",24857,"SACO(S)","CANADA"
"29402",2022,1,"SANTA ROSA, TACNA","MANZANA, fruto fresco",23520,"CAJA(S)","CHILE"
"29403",2022,1,"SANTA ROSA, TACNA","CIRUELA, fruto fresco",22446,"CAJA(S)","CHILE"
"29404",2022,1,"SANTA ROSA, TACNA","NECTARINA, fruto fresco",8424,"CAJA(S)","CHILE"
"29405",2022,1,"SANTA ROSA, TACNA","DURAZNO, fruto fresco",10296,"CAJA(S)","CHILE"
"29406",2022,1,"SANTA ROSA, TACNA","TRACTOR AGRICOLA USADO, con motor de potencia superior a 33 kW pero inferior o igual a 75 kW",4772,"PIEZAS","CHINA"
"29407",2022,1,"SANTA ROSA, TACNA","TRACTOR AGRICOLA USADO, con motor de potencia superior a 33 kW pero inferior o igual a 75 kW",4864,"LOTE(S)","CHINA"
"29408",2022,1,"SANTA ROSA, TACNA","TRACTOR AGRICOLA USADO, con motor de potencia superior a 33 kW pero inferior o igual a 75 kW",4864,"UNIDADES","CHINA"
"29409",2022,1,"SANTA ROSA, TACNA","CIRUELA, fruto fresco",3744,"CAJA(S)","CHILE"
"29410",2022,1,"SANTA ROSA, TACNA","CEREZA, fruta fresca",23040,"CAJA(S)","CHILE"
"29411",2022,1,"PUESTO DE CONTROL TERRESTRE DESAGUADERO","AZUCAR BLANCA O REFINADA (lectura polarimetrica mayor 99.5°)",140000,"SACO(S)","BOLIVIA"
"29412",2022,1,"PUESTO DE CONTROL TERRESTRE DESAGUADERO","AZUCAR BLANCA O REFINADA (lectura polarimetrica mayor 99.5°)",4000,"SACO(S)","BOLIVIA"
"29413",2022,1,"IÑAPARI, MADRE DE DIOS","NUEZ DEL BRASIL, con cáscara seca al natural",56280,"SACO(S)","BRASIL"
"29414",2022,1,"PUESTO DE CONTROL TERRESTRE DESAGUADERO","AZUCAR BLANCA O REFINADA (lectura polarimetrica mayor 99.5°)",24000,"SACO(S)","BOLIVIA"
"29415",2022,1,"OFICINA PUESTO DE CONTROL MARITIMO - PROV. CONST. DEL CALLAO","AZUCAR BLANCA O REFINADA (lectura polarimetrica mayor 99.5°)",80000,"BIG BAG","COLOMBIA"
"29416",2022,1,"OFICINA PUESTO DE CONTROL MARITIMO - PROV. CONST. DEL CALLAO","AZUCAR BLANCA O REFINADA (lectura polarimetrica mayor 99.5°)",26000,"SACO(S)","COLOMBIA"
"29417",2022,1,"OFICINA PUESTO DE CONTROL MARITIMO - PROV. CONST. DEL CALLAO","AZUCAR BLANCA O REFINADA (lectura polarimetrica mayor 99.5°)",265000,"SACO(S)","COLOMBIA"
"29418",2022,1,"PUESTO DE CONTROL TERRESTRE DESAGUADERO","AZUCAR BLANCA O REFINADA (lectura polarimetrica mayor 99.5°)",56000,"SACO(S)","BOLIVIA"
"29419",2022,1,"PUESTO DE CONTROL TERRESTRE DESAGUADERO","SOYA, torta",27000,"GRANEL","BOLIVIA"
"29420",2022,1,"PUESTO DE CONTROL TERRESTRE DESAGUADERO","SOYA, torta",27000,"GRANEL","BOLIVIA"
"29421",2022,1,"PUESTO DE CONTROL TERRESTRE DESAGUADERO","SOYA, harina",55568,"SACO(S)","BOLIVIA"
"29422",2022,1,"PUESTO DE CONTROL TERRESTRE DESAGUADERO","SOYA, torta",84000,"GRANEL","BOLIVIA"
"29423",2022,1,"PUESTO DE CONTROL TERRESTRE DESAGUADERO","SOYA, torta",27990,"GRANEL","BOLIVIA"
"29424",2022,1,"PUESTO DE CONTROL TERRESTRE DESAGUADERO","SOYA, harina",81046,"SACO(S)","BOLIVIA"
"29425",2022,1,"PUESTO DE CONTROL TERRESTRE DESAGUADERO","SOYA, torta",104000,"GRANEL","BOLIVIA"
"29426",2022,1,"PUESTO DE CONTROL TERRESTRE DESAGUADERO","SOYA, torta",56980,"GRANEL","BOLIVIA"
"29427",2022,1,"PUESTO DE CONTROL TERRESTRE DESAGUADERO","SOYA, harina",28174,"SACO(S)","BOLIVIA"
"29428",2022,1,"PUESTO DE CONTROL TERRESTRE DESAGUADERO","SOYA, torta",49499,"SACO(S)","BOLIVIA"
"29429",2022,1,"PUESTO DE CONTROL TERRESTRE DESAGUADERO","SOYA, torta",143705,"SACO(S)","BOLIVIA"
"29430",2022,1,"PUESTO DE CONTROL TERRESTRE DESAGUADERO","SOYA, torta",28463,"SACO(S)","BOLIVIA"
"29431",2022,1,"PUESTO DE CONTROL TERRESTRE DESAGUADERO","SOYA, torta",1e+05,"GRANEL","BOLIVIA"
"29432",2022,1,"PUESTO DE CONTROL TERRESTRE DESAGUADERO","SOYA, harina",27394,"SACO(S)","BOLIVIA"
"29433",2022,1,"PUESTO DE CONTROL TERRESTRE DESAGUADERO","SOYA, torta",27080,"GRANEL","BOLIVIA"
"29434",2022,1,"PUESTO DE CONTROL TERRESTRE DESAGUADERO","SOYA, torta",28000,"GRANEL","BOLIVIA"
"29435",2022,1,"PUESTO DE CONTROL TERRESTRE DESAGUADERO","SOYA, torta",26990,"GRANEL","BOLIVIA"
"29436",2022,1,"OFICINA PUESTO DE CONTROL MARITIMO - PROV. CONST. DEL CALLAO","MOSTAZA, grano",24948,"SACO(S)","CANADA"
"29437",2022,1,"OFICINA PUESTO DE CONTROL MARITIMO - PROV. CONST. DEL CALLAO","PINO, madera aserrada con algún proceso de la CRF2",291390,"PAQUETES","CHILE"
"29438",2022,1,"OFICINA PUESTO DE CONTROL MARITIMO - PROV. CONST. DEL CALLAO","PINO, madera aserrada con algún proceso de la CRF2",230726.5,"PAQUETES","CHILE"
"29439",2022,1,"OFICINA PUESTO DE CONTROL MARITIMO - PROV. CONST. DEL CALLAO","PERA, fruta fresca",24210.9,"CAJA(S)","ARGENTINA"
"29440",2022,1,"PUESTO DE CONTROL- CEBAF","PIMIENTA, barreduras",7735,"SACO(S)","ECUADOR"
"29441",2022,1,"OFICINA PUESTO DE CONTROL MARITIMO - PROV. CONST. DEL CALLAO","AVENA, grano mondado, perlado, troceado o quebrantado",144000,"SACO(S)","CHILE"
"29442",2022,1,"OFICINA PUESTO DE CONTROL MARITIMO - PROV. CONST. DEL CALLAO","LINAZA, grano",24494,"SACO(S)","CANADA"
"29443",2022,1,"OFICINA PUESTO DE CONTROL MARITIMO - PROV. CONST. DEL CALLAO","MADERA, marcos",198.72,"CAJA(S)","INDIA"
"29444",2022,1,"PUESTO DE CONTROL TERRESTRE DESAGUADERO","AZUCAR BLANCA O REFINADA (lectura polarimetrica mayor 99.5°)",141000,"SACO(S)","BOLIVIA"
"29445",2022,1,"OFICINA PUESTO DE CONTROL MARITIMO - PROV. CONST. DEL CALLAO","TURBA",60640,"FARDOS","LETONIA"
"29446",2022,1,"OFICINA PUESTO DE CONTROL AEREO -  PROV. CONST. DEL CALLAO","SANDIA, semilla",1.394,"SACHETS","ISRAEL"
"29447",2022,1,"OFICINA PUESTO DE CONTROL MARITIMO - PROV. CONST. DEL CALLAO","AZUCAR BLANCA O REFINADA (lectura polarimetrica mayor 99.5°)",212000,"SACO(S)","GUATEMALA"
"29448",2022,1,"OFICINA PUESTO DE CONTROL MARITIMO - PROV. CONST. DEL CALLAO","AZUCAR BLANCA O REFINADA (lectura polarimetrica mayor 99.5°)",291500,"SACO(S)","GUATEMALA"
"29449",2022,1,"OFICINA PUESTO DE CONTROL MARITIMO - PROV. CONST. DEL CALLAO","PINO, madera aserrada con algún proceso de la CRF2",21144,"PAQUETES","CHILE"
"29450",2022,1,"OFICINA PUESTO DE CONTROL MARITIMO - PROV. CONST. DEL CALLAO","ALGODON, fibra sin cardar ni peinar (>34.92 mm)",19640,"FARDOS","EEUU"
"29451",2022,1,"OFICINA PUESTO DE CONTROL MARITIMO - PROV. CONST. DEL CALLAO","AVENA, grano mondado, perlado, troceado o quebrantado",48000,"SACO(S)","CHILE"
"29452",2022,1,"SANTA ROSA, TACNA","CANELA, corteza entera seca al natural",1000,"SACO(S)","SRI LANKA"
"29453",2022,1,"SANTA ROSA, TACNA","CANELA, corteza entera seca al natural",13000,"CAJA(S)","SRI LANKA"
"29454",2022,1,"PUESTO DE CONTROL TERRESTRE DESAGUADERO","SOYA, torta",51000,"SACO(S)","BOLIVIA"
"29455",2022,1,"PUESTO DE CONTROL TERRESTRE DESAGUADERO","SOYA, torta",50000,"SACO(S)","BOLIVIA"
"29456",2022,1,"PUESTO DE CONTROL TERRESTRE DESAGUADERO","SOYA, torta",112000,"SACO(S)","BOLIVIA"
"29457",2022,1,"PUESTO DE CONTROL TERRESTRE DESAGUADERO","SOYA, harina",113000,"SACO(S)","BOLIVIA"
"29458",2022,1,"PUESTO DE CONTROL TERRESTRE DESAGUADERO","SOYA, harina",115000,"SACO(S)","BOLIVIA"
"29459",2022,1,"PUESTO DE CONTROL TERRESTRE DESAGUADERO","SOYA, harina",145000,"SACO(S)","BOLIVIA"
"29460",2022,1,"PUESTO DE CONTROL- CEBAF","CAÑA DE GUAYAQUIL, seca al natural",32000,"UNIDADES","ECUADOR"
"29461",2022,1,"OFICINA PUESTO DE CONTROL MARITIMO - PROV. CONST. DEL CALLAO","CEBOLLA, triturada o pulverizada",384.576,"PAQUETES","EEUU"
"29462",2022,1,"OFICINA PUESTO DE CONTROL MARITIMO - PROV. CONST. DEL CALLAO","AJO, polvo",816,"PAQUETES","EEUU"
"29463",2022,1,"OFICINA PUESTO DE CONTROL MARITIMO - PROV. CONST. DEL CALLAO","AJO CON PEREJIL, molido",25.506,"PAQUETES","EEUU"
"29464",2022,1,"OFICINA PUESTO DE CONTROL MARITIMO - PROV. CONST. DEL CALLAO","ALBAHACA, secado industrial",40.896,"PAQUETES","EEUU"
"29465",2022,1,"OFICINA PUESTO DE CONTROL MARITIMO - PROV. CONST. DEL CALLAO","CULANTRO, hoja seca industrial",12.269,"PAQUETES","EEUU"
"29466",2022,1,"OFICINA PUESTO DE CONTROL MARITIMO - PROV. CONST. DEL CALLAO","PEREJIL, hoja seca industrial",8.179,"PAQUETES","EEUU"
"29467",2022,1,"OFICINA PUESTO DE CONTROL MARITIMO - PROV. CONST. DEL CALLAO","PIÑON, semilla alimenticia seca industrial",16.301,"PAQUETES","EEUU"
"29468",2022,1,"OFICINA PUESTO DE CONTROL MARITIMO - PROV. CONST. DEL CALLAO","PIMIENTA, grano seco industrial(presentado en frascos y sachet)",240.998,"PAQUETES","EEUU"
"29469",2022,1,"OFICINA PUESTO DE CONTROL MARITIMO - PROV. CONST. DEL CALLAO","PIMIENTA, molida",1708.791,"PAQUETES","EEUU"
"29470",2022,1,"OFICINA PUESTO DE CONTROL MARITIMO - PROV. CONST. DEL CALLAO","PIMENTON, polvo",881.798,"PAQUETES","EEUU"
"29471",2022,1,"OFICINA PUESTO DE CONTROL MARITIMO - PROV. CONST. DEL CALLAO","LOS DEMAS FRUTOS, del género Capsicum o pimienta triturados o pulverizados",40.896,"PAQUETES","EEUU"
"29472",2022,1,"OFICINA PUESTO DE CONTROL MARITIMO - PROV. CONST. DEL CALLAO","CANELA, corteza entera secada industrialmente",98.15,"PAQUETES","EEUU"
"29473",2022,1,"OFICINA PUESTO DE CONTROL MARITIMO - PROV. CONST. DEL CALLAO","CANELA, triturada o pulverizada (molida)",457.315,"PAQUETES","EEUU"
"29474",2022,1,"OFICINA PUESTO DE CONTROL MARITIMO - PROV. CONST. DEL CALLAO","NUEZ MOSCADA, sin triturar ni pulverizar con secado al horno",57.254,"PAQUETES","EEUU"
"29475",2022,1,"OFICINA PUESTO DE CONTROL MARITIMO - PROV. CONST. DEL CALLAO","NUEZ MOSCADA, triturada o molida",163.296,"PAQUETES","EEUU"
"29476",2022,1,"OFICINA PUESTO DE CONTROL MARITIMO - PROV. CONST. DEL CALLAO","COMINO, triturado y/o pulverizado",175.018,"PAQUETES","EEUU"
"29477",2022,1,"OFICINA PUESTO DE CONTROL MARITIMO - PROV. CONST. DEL CALLAO","JENGIBRE (=KION), polvo",183.6,"PAQUETES","EEUU"
"29478",2022,1,"OFICINA PUESTO DE CONTROL MARITIMO - PROV. CONST. DEL CALLAO","CURCUMA, molida",457.229,"PAQUETES","EEUU"
"29479",2022,1,"OFICINA PUESTO DE CONTROL MARITIMO - PROV. CONST. DEL CALLAO","CURRY, secas industrial o trituradas o molidas",190.512,"PAQUETES","EEUU"
"29480",2022,1,"OFICINA PUESTO DE CONTROL MARITIMO - PROV. CONST. DEL CALLAO","ESTRAGON (=ARTEMIASA), seco industrial",27.264,"PAQUETES","EEUU"
"29481",2022,1,"OFICINA PUESTO DE CONTROL MARITIMO - PROV. CONST. DEL CALLAO","TOMILLO, hoja seca industrial",77.702,"PAQUETES","EEUU"
"29482",2022,1,"OFICINA PUESTO DE CONTROL MARITIMO - PROV. CONST. DEL CALLAO","AJONJOLI, grano con algún proceso de la CRF 2",86.744,"PAQUETES","EEUU"
"29483",2022,1,"OFICINA PUESTO DE CONTROL MARITIMO - PROV. CONST. DEL CALLAO","OREGANO, con algún con proceso de CRF 2",180.624,"PAQUETES","EEUU"
"29484",2022,1,"OFICINA PUESTO DE CONTROL MARITIMO - PROV. CONST. DEL CALLAO","ROMERO, secado industrial",103.555,"PAQUETES","EEUU"
"29485",2022,1,"OFICINA PUESTO DE CONTROL MARITIMO - PROV. CONST. DEL CALLAO","MOSTAZA, polvo",54.432,"PAQUETES","EEUU"
"29486",2022,1,"PUESTO DE CONTROL TERRESTRE DESAGUADERO","SOYA, grano",56000,"GRANEL","BOLIVIA"
"29487",2022,1,"PUESTO DE CONTROL TERRESTRE DESAGUADERO","SOYA, torta",115500,"SACO(S)","BOLIVIA"
"29488",2022,1,"OFICINA PUESTO DE CONTROL MARITIMO - PROV. CONST. DEL CALLAO","AVENA, grano aplastado o en copos (hojuelas)",104000,"SACO(S)","CHILE"
"29489",2022,1,"OFICINA PUESTO DE CONTROL MARITIMO - PROV. CONST. DEL CALLAO","TRACTOR AGRICOLA USADO, con motor de potencia superior a 33 kW pero inferior o igual a 75 kW",20500,"UNIDADES","HOLANDA"
"29490",2022,1,"OFICINA PUESTO DE CONTROL MARITIMO - PROV. CONST. DEL CALLAO","TOMATE, semilla",100,"SACO(S)","EEUU"
"29491",2022,1,"OFICINA PUESTO DE CONTROL MARITIMO - PROV. CONST. DEL CALLAO","ZANAHORIA, semilla",100,"SACO(S)","EEUU"
"29492",2022,1,"OFICINA PUESTO DE CONTROL MARITIMO - PROV. CONST. DEL CALLAO","ZANAHORIA, semilla",0.05,"SOBRES","EEUU"
"29493",2022,1,"OFICINA PUESTO DE CONTROL MARITIMO - PROV. CONST. DEL CALLAO","COLIFLOR, semilla",0.025,"SOBRES","EEUU"
"29494",2022,1,"OFICINA PUESTO DE CONTROL MARITIMO - PROV. CONST. DEL CALLAO","BETARRAGA, semilla",0.025,"SOBRES","EEUU"
"29495",2022,1,"OFICINA PUESTO DE CONTROL MARITIMO - PROV. CONST. DEL CALLAO","SANDIA, semilla",0.05,"SOBRES","EEUU"
"29496",2022,1,"OFICINA PUESTO DE CONTROL MARITIMO - PROV. CONST. DEL CALLAO","LENTEJA, grano",78927,"SACO(S)","CANADA"
"29497",2022,1,"OFICINA PUESTO DE CONTROL MARITIMO - PROV. CONST. DEL CALLAO","ALPISTE (=PHALARIS), grano",141340,"SACO(S)","CANADA"
"29498",2022,1,"OFICINA PUESTO DE CONTROL MARITIMO - PROV. CONST. DEL CALLAO","MADERA, monturas y mangos de herramientas, monturas y mangos de cepillos, brochas o escobas, de madera; hormas, ensanchadores y tensores del calzado, de madera ; con algún proceso de la CRF 2",28320,"SACO(S)","CHINA"
"29499",2022,1,"PUESTO DE CONTROL- CEBAF","CAÑA DE GUAYAQUIL, seca al natural",34000,"UNIDADES","ECUADOR"
"29500",2022,1,"OFICINA PUESTO DE CONTROL MARITIMO - PROV. CONST. DEL CALLAO","CEBADA, grano",10024110,"GRANEL","AUSTRALIA"
"29501",2022,1,"PUESTO DE CONTROL TERRESTRE DESAGUADERO","SOYA, torta",114000,"SACO(S)","BOLIVIA"
"29502",2022,1,"PUESTO DE CONTROL TERRESTRE DESAGUADERO","SOYA, torta",114500,"SACO(S)","BOLIVIA"
"29503",2022,1,"PUESTO DE CONTROL TERRESTRE DESAGUADERO","AZUCAR BLANCA O REFINADA (lectura polarimetrica mayor 99.5°)",116000,"SACO(S)","BOLIVIA"
"29504",2022,1,"OFICINA PUESTO DE CONTROL MARITIMO - PROV. CONST. DEL CALLAO","MANZANA, fruto fresco",18522,"CAJA(S)","EEUU"
"29505",2022,1,"OFICINA PUESTO DE CONTROL AEREO -  PROV. CONST. DEL CALLAO","TOMATE, semilla",0.076,"SACHETS","ISRAEL"
"29506",2022,1,"OFICINA PUESTO DE CONTROL MARITIMO - PROV. CONST. DEL CALLAO","MANZANA, fruto fresco",18522,"CAJA(S)","EEUU"
"29507",2022,1,"OFICINA PUESTO DE CONTROL MARITIMO - PROV. CONST. DEL CALLAO","MAIZ, almidon",212500,"PALETAS","RUSIA"
"29508",2022,1,"PUESTO DE CONTROL TERRESTRE DESAGUADERO","SOYA, harina",53202,"SACO(S)","BOLIVIA"
"29509",2022,1,"PUESTO DE CONTROL TERRESTRE DESAGUADERO","SOYA, torta",24979,"SACO(S)","BOLIVIA"
"29510",2022,1,"PUESTO DE CONTROL TERRESTRE DESAGUADERO","SOYA, torta",28453,"SACO(S)","BOLIVIA"
"29511",2022,1,"PUESTO DE CONTROL TERRESTRE DESAGUADERO","SOYA, harina",25169,"SACO(S)","BOLIVIA"
"29512",2022,1,"PUESTO DE CONTROL TERRESTRE DESAGUADERO","SOYA, torta",84740,"SACO(S)","BOLIVIA"
"29513",2022,1,"OFICINA PUESTO DE CONTROL AEREO -  PROV. CONST. DEL CALLAO","PALMA ACEITERA, semilla germinada",294,"CAJA(S)","INDONESIA"
"29514",2022,1,"OFICINA PUESTO DE CONTROL MARITIMO - PROV. CONST. DEL CALLAO","LUPULO, pellets",6300,"CAJA(S)","ALEMANIA"
"29515",2022,1,"OFICINA PUESTO DE CONTROL MARITIMO - PROV. CONST. DEL CALLAO","LENTEJA, grano",94348,"SACO(S)","EEUU"
"29516",2022,1,"PUESTO DE CONTROL TERRESTRE DESAGUADERO","SOYA, torta",174000,"SACO(S)","BOLIVIA"
"29517",2022,1,"OFICINA PUESTO DE CONTROL MARITIMO - PROV. CONST. DEL CALLAO","COCO, fibra (para sustrato)",121500,"PALETAS","INDIA"
"29518",2022,1,"OFICINA PUESTO DE CONTROL MARITIMO - PROV. CONST. DEL CALLAO","COCO, fibra (para sustrato)",121500,"PALETAS","INDIA"
"29519",2022,1,"OFICINA PUESTO DE CONTROL MARITIMO - PROV. CONST. DEL CALLAO","COCO, fibra (para sustrato)",122000,"PALETAS","INDIA"
"29520",2022,1,"OFICINA PUESTO DE CONTROL MARITIMO - PROV. CONST. DEL CALLAO","COCO, fibra (para sustrato)",121000,"PALETAS","INDIA"
"29521",2022,1,"OFICINA PUESTO DE CONTROL MARITIMO - PROV. CONST. DEL CALLAO","COCO, fibra (para sustrato)",122000,"PALETAS","INDIA"
"29522",2022,1,"OFICINA PUESTO DE CONTROL MARITIMO - PROV. CONST. DEL CALLAO","COCO, fibra (para sustrato)",121000,"PALETAS","INDIA"
"29523",2022,1,"OFICINA PUESTO DE CONTROL MARITIMO - PROV. CONST. DEL CALLAO","COCO, fibra (para sustrato)",118200,"PALETAS","INDIA"
"29524",2022,1,"OFICINA PUESTO DE CONTROL MARITIMO - PROV. CONST. DEL CALLAO","COCO, fibra (para sustrato)",120500,"PALETAS","INDIA"
"29525",2022,1,"OFICINA PUESTO DE CONTROL MARITIMO - PROV. CONST. DEL CALLAO","COCO, fibra (para sustrato)",120500,"PALETAS","INDIA"
"29526",2022,1,"OFICINA PUESTO DE CONTROL MARITIMO - PROV. CONST. DEL CALLAO","COCO, fibra (para sustrato)",120500,"PALETAS","INDIA"
"29527",2022,1,"OFICINA PUESTO DE CONTROL MARITIMO - PROV. CONST. DEL CALLAO","COCO, fibra (para sustrato)",121000,"PALETAS","INDIA"
"29528",2022,1,"OFICINA PUESTO DE CONTROL MARITIMO - PROV. CONST. DEL CALLAO","COCO, fibra (para sustrato)",121000,"PALETAS","INDIA"
"29529",2022,1,"OFICINA PUESTO DE CONTROL MARITIMO - PROV. CONST. DEL CALLAO","MADERA, marcos",5771.5,"CAJA(S)","HONG KONG"
"29530",2022,1,"SANTA ROSA, TACNA","LENTEJA, grano",52618,"SACO(S)","CANADA"
"29531",2022,1,"SANTA ROSA, TACNA","LENTEJA, grano",78836,"SACO(S)","CANADA"
"29532",2022,1,"SANTA ROSA, TACNA","LENTEJA, grano",52209,"SACO(S)","CANADA"
"29533",2022,1,"OFICINA PUESTO DE CONTROL MARITIMO - PROV. CONST. DEL CALLAO","MAIZ AMARILLO DURO, grano",15012040,"GRANEL","ARGENTINA"
"29534",2022,1,"PUERTO DE SALAVERRY, LA LIBERTAD","MAIZ AMARILLO DURO, grano",1.8e+07,"GRANEL","ARGENTINA"
"29535",2022,1,"OFICINA PUESTO DE CONTROL MARITIMO - PROV. CONST. DEL CALLAO","CAUCHO, técnicamente especificado (TSNR)",20160,"PIEZAS","INDONESIA"
"29536",2022,1,"PUESTO DE CONTROL TERRESTRE DESAGUADERO","SOYA, torta",147000,"SACO(S)","BOLIVIA"
"29537",2022,1,"PUESTO DE CONTROL- CEBAF","CAÑA DE GUAYAQUIL, seca al natural",34000,"UNIDADES","ECUADOR"
"29538",2022,1,"OFICINA PUESTO DE CONTROL MARITIMO - PROV. CONST. DEL CALLAO","MADERA, marcos",123.519,"UNIDADES","CHINA"
"29539",2022,1,"PUESTO DE CONTROL TERRESTRE DESAGUADERO","SOYA, torta",141500,"SACO(S)","BOLIVIA"
"29540",2022,1,"PUESTO DE CONTROL TERRESTRE DESAGUADERO","SOYA, torta",172040,"SACO(S)","BOLIVIA"
"29541",2022,1,"PUESTO DE CONTROL TERRESTRE DESAGUADERO","SOYA, torta",145000,"SACO(S)","BOLIVIA"
"29542",2022,1,"OFICINA PUESTO DE CONTROL MARITIMO - PROV. CONST. DEL CALLAO","AVENA, grano mondado, perlado, troceado o quebrantado",24000,"SACO(S)","CHILE"
"29543",2022,1,"SANTA ROSA, TACNA","ALPISTE (=PHALARIS), grano",21546,"SACO(S)","CANADA"
"29544",2022,1,"OFICINA PUESTO DE CONTROL MARITIMO - PROV. CONST. DEL CALLAO","ALGODON, fibra sin cardar ni peinar (>28.57 mm = o <34.92 mm)",121080,"FARDOS","EEUU"
"29545",2022,1,"OFICINA PUESTO DE CONTROL MARITIMO - PROV. CONST. DEL CALLAO","BARRILES, CUBAS, TINAS y demas manufacturas de toneleria y sus partes de madera, incluidas las duelas con algún proceso de la  CRF2",250,"UNIDADES","CHILE"
"29546",2022,1,"PUESTO DE CONTROL TERRESTRE DESAGUADERO","SOYA, torta",117000,"SACO(S)","BOLIVIA"
"29547",2022,1,"PUESTO DE CONTROL TERRESTRE DESAGUADERO","SOYA, torta",177000,"SACO(S)","BOLIVIA"
"29548",2022,1,"OFICINA PUESTO DE CONTROL MARITIMO - PROV. CONST. DEL CALLAO","ALPISTE (=PHALARIS), grano",24494,"SACO(S)","CANADA"
"29549",2022,1,"OFICINA PUESTO DE CONTROL MARITIMO - PROV. CONST. DEL CALLAO","ALGODON, fibra sin cardar ni peinar (>28.57 mm = o <34.92 mm)",19769.823,"FARDOS","EEUU"
"29550",2022,1,"OFICINA PUESTO DE CONTROL MARITIMO - PROV. CONST. DEL CALLAO","TRIGO, pellets",19981,"SACO(S)","MEXICO"
"29551",2022,1,"PUESTO DE CONTROL TERRESTRE DESAGUADERO","SOYA, torta",114210,"SACO(S)","BOLIVIA"
"29552",2022,1,"PUESTO DE CONTROL TERRESTRE DESAGUADERO","SOYA, torta",112880,"SACO(S)","BOLIVIA"
"29553",2022,1,"PUESTO DE CONTROL TERRESTRE DESAGUADERO","SOYA, torta",114300,"SACO(S)","BOLIVIA"
"29554",2022,1,"PUESTO DE CONTROL TERRESTRE DESAGUADERO","SOYA, torta",113470,"SACO(S)","BOLIVIA"
"29555",2022,1,"PUESTO DE CONTROL TERRESTRE DESAGUADERO","SOYA, torta",113090,"SACO(S)","BOLIVIA"
"29556",2022,1,"IÑAPARI, MADRE DE DIOS","NUEZ DEL BRASIL, con cáscara seca al natural",24150,"SACO(S)","BRASIL"
"29557",2022,1,"OFICINA PUESTO DE CONTROL MARITIMO - PROV. CONST. DEL CALLAO","PIMIENTA, grano seco industrial(presentado en frascos y sachet)",453.139,"FRASCO(S)","EEUU"
"29558",2022,1,"OFICINA PUESTO DE CONTROL MARITIMO - PROV. CONST. DEL CALLAO","PAPRIKA,  triturado o pulverizado",151.454,"FRASCO(S)","EEUU"
"29559",2022,1,"OFICINA PUESTO DE CONTROL MARITIMO - PROV. CONST. DEL CALLAO","TOMILLO, triturado o molido",107.16,"FRASCO(S)","EEUU"
"29560",2022,1,"OFICINA PUESTO DE CONTROL MARITIMO - PROV. CONST. DEL CALLAO","OREGANO, seco industrial",107.16,"FRASCO(S)","EEUU"
"29561",2022,1,"OFICINA PUESTO DE CONTROL MARITIMO - PROV. CONST. DEL CALLAO","PAPA, fécula",1e+05,"BOLSAS","ALEMANIA"
"29562",2022,1,"OFICINA PUESTO DE CONTROL MARITIMO - PROV. CONST. DEL CALLAO","MAIZ, almidon",20175,"BOLSAS","ARGENTINA"
"29563",2022,1,"OFICINA PUESTO DE CONTROL MARITIMO - PROV. CONST. DEL CALLAO","MAIZ, harina",330000,"FARDOS","COLOMBIA"
"29564",2022,1,"OFICINA PUESTO DE CONTROL MARITIMO - PROV. CONST. DEL CALLAO","NARANJA, fruto fresco",22575.292,"CAJA(S)","EEUU"
"29565",2022,1,"OFICINA PUESTO DE CONTROL MARITIMO - PROV. CONST. DEL CALLAO","LENTEJA, grano",47174,"SACO(S)","EEUU"
"29566",2022,1,"OFICINA PUESTO DE CONTROL MARITIMO - PROV. CONST. DEL CALLAO","ALGODON, fibra sin cardar ni peinar (>28.57 mm = o <34.92 mm)",20090,"FARDOS","EEUU"
"29567",2022,1,"OFICINA PUESTO DE CONTROL MARITIMO - PROV. CONST. DEL CALLAO","AZUCAR BLANCA O REFINADA (lectura polarimetrica mayor 99.5°)",132500,"SACO(S)","GUATEMALA"
"29568",2022,1,"OFICINA PUESTO DE CONTROL MARITIMO - PROV. CONST. DEL CALLAO","AVENA, grano mondado, perlado, troceado o quebrantado",50000,"SACO(S)","CHILE"
"29569",2022,1,"PUESTO DE CONTROL TERRESTRE DESAGUADERO","MANI, grano sin cáscara",29000,"SACO(S)","BOLIVIA"
"29570",2022,1,"OFICINA PUESTO DE CONTROL AEREO -  PROV. CONST. DEL CALLAO","CEBOLLA, semilla",4.75,"SACHETS","ISRAEL"
"29571",2022,1,"OFICINA PUESTO DE CONTROL MARITIMO - PROV. CONST. DEL CALLAO","MADERA, monturas y mangos de herramientas, monturas y mangos de cepillos, brochas o escobas, de madera; hormas, ensanchadores y tensores del calzado, de madera ; con algún proceso de la CRF 2",27379,"UNIDADES","HONG KONG"
"29572",2022,1,"SANTA ROSA, TACNA","LIMON TAHITI (Lima tahiti), fruto fresco",25344,"CAJA(S)","CHILE"
"29573",2022,1,"OFICINA PUESTO DE CONTROL MARITIMO - PROV. CONST. DEL CALLAO","MAIZ AMARILLO DURO, grano",3008690,"GRANEL","ARGENTINA"
"29574",2022,1,"OFICINA PUESTO DE CONTROL MARITIMO - PROV. CONST. DEL CALLAO","MADERA, marcos",4437,"CAJA(S)","CHINA"
"29575",2022,1,"OFICINA PUESTO DE CONTROL AEREO -  PROV. CONST. DEL CALLAO","PIMIENTO, semilla",296.32,"SACHETS","ESPAÑA"
"29576",2022,1,"OFICINA PUESTO DE CONTROL MARITIMO - PROV. CONST. DEL CALLAO","LUPULO, pellets",11200,"CAJA(S)","ALEMANIA"
"29577",2022,1,"IÑAPARI, MADRE DE DIOS","MAIZ AMARILLO DURO, grano",96000,"SACO(S)","BRASIL"
"29578",2022,1,"OFICINA PUESTO DE CONTROL MARITIMO - PROV. CONST. DEL CALLAO","LENTEJA, grano",130633,"SACO(S)","CANADA"
"29579",2022,1,"OFICINA PUESTO DE CONTROL MARITIMO - PROV. CONST. DEL CALLAO","CAUCHO, técnicamente especificado (TSNR)",40320,"BOLSAS","GUATEMALA"
"29580",2022,1,"OFICINA PUESTO DE CONTROL MARITIMO - PROV. CONST. DEL CALLAO","ALGODON, fibra sin cardar ni peinar (>28.57 mm = o <34.92 mm)",218723.602,"FARDOS","EEUU"
"29581",2022,1,"OFICINA PUESTO DE CONTROL MARITIMO - PROV. CONST. DEL CALLAO","CEBOLLA, triturada o pulverizada",3000,"CAJA(S)","EEUU"
"29582",2022,1,"PUESTO DE CONTROL TERRESTRE DESAGUADERO","SOYA, torta",24989,"SACO(S)","BOLIVIA"
"29583",2022,1,"PUESTO DE CONTROL TERRESTRE DESAGUADERO","SOYA, torta",19947,"SACO(S)","BOLIVIA"
"29584",2022,1,"OFICINA PUESTO DE CONTROL MARITIMO - PROV. CONST. DEL CALLAO","PERA, fruta fresca",22078,"CAJA(S)","ARGENTINA"
"29585",2022,1,"OFICINA PUESTO DE CONTROL MARITIMO - PROV. CONST. DEL CALLAO","PAPA, fécula",40000,"BOLSAS","HOLANDA"
"29586",2022,1,"OFICINA PUESTO DE CONTROL MARITIMO - PROV. CONST. DEL CALLAO","CANELA, corteza entera seca al natural",6200,"CAJA(S)","SRI LANKA"
"29587",2022,1,"OFICINA PUESTO DE CONTROL MARITIMO - PROV. CONST. DEL CALLAO","CANELA, corteza entera seca al natural",2500,"FARDOS","SRI LANKA"
"29588",2022,1,"OFICINA PUESTO DE CONTROL MARITIMO - PROV. CONST. DEL CALLAO","CANELA, corteza entera seca al natural",3000,"CAJA(S)","SRI LANKA"
"29589",2022,1,"PUESTO DE CONTROL TERRESTRE DESAGUADERO","SOYA, torta",116000,"SACO(S)","BOLIVIA"
"29590",2022,1,"OFICINA PUESTO DE CONTROL MARITIMO - PROV. CONST. DEL CALLAO","PINO, madera aserrada con tratamiento de secado al horno impregnación de sales",59711,"PAQUETES","CHILE"
"29591",2022,1,"OFICINA PUESTO DE CONTROL MARITIMO - PROV. CONST. DEL CALLAO","LENTEJA, grano",26309,"SACO(S)","CANADA"
"29592",2022,1,"SANTA ROSA, TACNA","COMINO, grano",26000,"SACO(S)","INDIA"
"29593",2022,1,"PUESTO DE CONTROL TERRESTRE DESAGUADERO","LINAZA, grano",30000,"SACO(S)","BOLIVIA"
"29594",2022,1,"PUESTO DE CONTROL- CEBAF","ROSA, flores frescas cortadas",3781,"CAJA(S)","ECUADOR"
"29595",2022,1,"PUESTO DE CONTROL- CEBAF","CLAVEL, flores frescas cortadas",50,"CAJA(S)","ECUADOR"
"29596",2022,1,"PUESTO DE CONTROL TERRESTRE DESAGUADERO","SOYA, torta",58000,"SACO(S)","BOLIVIA"
"29597",2022,1,"OFICINA PUESTO DE CONTROL MARITIMO - PROV. CONST. DEL CALLAO","MENTA, polvo",2500,"SACO(S)","CHILE"
"29598",2022,1,"OFICINA PUESTO DE CONTROL MARITIMO - PROV. CONST. DEL CALLAO","CAUCHO, hojas ahumadas",20000,"UNIDADES","VIETNAM"
"29599",2022,1,"OFICINA PUESTO DE CONTROL MARITIMO - PROV. CONST. DEL CALLAO","ALPISTE (=PHALARIS), grano",70670,"SACO(S)","CANADA"
"29600",2022,1,"OFICINA PUESTO DE CONTROL AEREO -  PROV. CONST. DEL CALLAO","BRACHIARIA, semilla",3776,"SACO(S)","MEXICO"
"29601",2022,1,"OFICINA PUESTO DE CONTROL MARITIMO - PROV. CONST. DEL CALLAO","MADERA, monturas y mangos de herramientas, monturas y mangos de cepillos, brochas o escobas, de madera; hormas, ensanchadores y tensores del calzado, de madera ; con algún proceso de la CRF 2",0.377,"PIEZAS","MEXICO"
"29602",2022,1,"OFICINA PUESTO DE CONTROL MARITIMO - PROV. CONST. DEL CALLAO","MADERA, monturas y mangos de herramientas, monturas y mangos de cepillos, brochas o escobas, de madera; hormas, ensanchadores y tensores del calzado, de madera ; con algún proceso de la CRF 2",101.604,"PIEZAS","MEXICO"
"29603",2022,1,"OFICINA PUESTO DE CONTROL MARITIMO - PROV. CONST. DEL CALLAO","MADERA, herramientas de madera con algún proceso de la CRF2",237.669,"PIEZAS","MEXICO"
"29604",2022,1,"PUESTO DE CONTROL TERRESTRE DESAGUADERO","SOYA, torta",119000,"GRANEL","BOLIVIA"
"29605",2022,1,"PUESTO DE CONTROL TERRESTRE DESAGUADERO","SOYA, harina",24769,"SACO(S)","BOLIVIA"
"29606",2022,1,"PUESTO DE CONTROL TERRESTRE DESAGUADERO","SOYA, torta",84000,"GRANEL","BOLIVIA"
"29607",2022,1,"PUESTO DE CONTROL TERRESTRE DESAGUADERO","SOYA, torta",57000,"GRANEL","BOLIVIA"
"29608",2022,1,"PUESTO DE CONTROL TERRESTRE DESAGUADERO","SOYA, torta",58000,"GRANEL","BOLIVIA"
"29609",2022,1,"PUESTO DE CONTROL TERRESTRE DESAGUADERO","SOYA, harina",24569,"SACO(S)","BOLIVIA"
"29610",2022,1,"PUESTO DE CONTROL- CEBAF","PAJA MACORA, paja seca al natural",1760,"FARDOS","ECUADOR"
"29611",2022,1,"PUESTO DE CONTROL- CEBAF","PAJA MACORA, paja seca al natural",700,"FARDOS","ECUADOR"
"29612",2022,1,"OFICINA PUESTO DE CONTROL MARITIMO - PROV. CONST. DEL CALLAO","TRIGO, germen en polvo",600,"SACO(S)","FRANCIA"
"29613",2022,1,"PUESTO DE CONTROL TERRESTRE DESAGUADERO","AZUCAR BLANCA O REFINADA (lectura polarimetrica mayor 99.5°)",86000,"SACO(S)","BOLIVIA"
"29614",2022,1,"OFICINA PUESTO DE CONTROL MARITIMO - PROV. CONST. DEL CALLAO","ARROZ, salvados, moyuelos y demas residuos del cernido de la molienda o de otros tratamientos incluso en pellets",68.04,"BOLSAS","EEUU"
"29615",2022,1,"OFICINA PUESTO DE CONTROL MARITIMO - PROV. CONST. DEL CALLAO","PERA, fruta fresca",22932,"CAJA(S)","ARGENTINA"
"29616",2022,1,"OFICINA PUESTO DE CONTROL MARITIMO - PROV. CONST. DEL CALLAO","PERA, fruta fresca",22932,"CAJA(S)","ARGENTINA"
"29617",2022,1,"OFICINA PUESTO DE CONTROL MARITIMO - PROV. CONST. DEL CALLAO","PERA, fruta fresca",22932,"CAJA(S)","ARGENTINA"
"29618",2022,1,"OFICINA PUESTO DE CONTROL MARITIMO - PROV. CONST. DEL CALLAO","TRACTOR AGRICOLA USADO, con motor de potencia superior a 75 kW pero inferior o igual a 130 kW",20865,"UNIDADES","EEUU"
"29619",2022,1,"OFICINA PUESTO DE CONTROL MARITIMO - PROV. CONST. DEL CALLAO","MAIZ, almidon",20025,"BOLSAS","ARGENTINA"
"29620",2022,1,"SANTA ROSA, TACNA","MAIZ, almidon",1e+05,"BOLSAS","ARGENTINA"
"29621",2022,1,"OFICINA PUESTO DE CONTROL MARITIMO - PROV. CONST. DEL CALLAO","PAPA, fécula",1e+05,"BOLSAS","ALEMANIA"
"29622",2022,1,"PUESTO DE CONTROL TERRESTRE DESAGUADERO","SOYA, harina",173000,"SACO(S)","BOLIVIA"
"29623",2022,1,"OFICINA PUESTO DE CONTROL AEREO -  PROV. CONST. DEL CALLAO","TOMATE, semilla",0.281,"SOBRES ALUMINIZADOS","ITALIA"
"29624",2022,1,"OFICINA PUESTO DE CONTROL AEREO -  PROV. CONST. DEL CALLAO","LECHUGA, semilla",0.045,"SOBRES ALUMINIZADOS","ITALIA"
"29625",2022,1,"PUESTO DE CONTROL TERRESTRE DESAGUADERO","SOYA, torta",58000,"GRANEL","BOLIVIA"
"29626",2022,1,"PUESTO DE CONTROL TERRESTRE DESAGUADERO","SOYA, torta",84000,"GRANEL","BOLIVIA"
"29627",2022,1,"PUESTO DE CONTROL TERRESTRE DESAGUADERO","SOYA, torta",56000,"GRANEL","BOLIVIA"
"29628",2022,1,"PUESTO DE CONTROL TERRESTRE DESAGUADERO","SOYA, torta",24969,"SACO(S)","BOLIVIA"
"29629",2022,1,"PUESTO DE CONTROL TERRESTRE DESAGUADERO","SOYA, torta",57000,"GRANEL","BOLIVIA"
"29630",2022,1,"PUESTO DE CONTROL TERRESTRE DESAGUADERO","SOYA, torta",84000,"GRANEL","BOLIVIA"
"29631",2022,1,"PUESTO DE CONTROL TERRESTRE DESAGUADERO","SOYA, torta",84000,"GRANEL","BOLIVIA"
"29632",2022,1,"PUESTO DE CONTROL TERRESTRE DESAGUADERO","SOYA, torta",56000,"GRANEL","BOLIVIA"
"29633",2022,1,"PUESTO DE CONTROL TERRESTRE DESAGUADERO","SOYA, torta",57000,"GRANEL","BOLIVIA"
"29634",2022,1,"OFICINA PUESTO DE CONTROL AEREO -  PROV. CONST. DEL CALLAO","TOMATE, semilla",59.49,"BALDES","EEUU"
"29635",2022,1,"OFICINA PUESTO DE CONTROL MARITIMO - PROV. CONST. DEL CALLAO","ARROZ, grano pilado",19047,"SACO(S)","EEUU"
"29636",2022,1,"PUESTO DE CONTROL TERRESTRE DESAGUADERO","SOYA, torta",57000,"SACO(S)","BOLIVIA"
"29637",2022,1,"PUESTO DE CONTROL TERRESTRE DESAGUADERO","SOYA, torta",118000,"SACO(S)","BOLIVIA"
"29638",2022,1,"PUESTO DE CONTROL TERRESTRE DESAGUADERO","SOYA, torta",55900,"GRANEL","BOLIVIA"
"29639",2022,1,"OFICINA PUESTO DE CONTROL MARITIMO - PROV. CONST. DEL CALLAO","CAUCHO, técnicamente especificado (TSNR)",20400,"PAQUETES","ECUADOR"
"29640",2022,1,"OFICINA PUESTO DE CONTROL MARITIMO - PROV. CONST. DEL CALLAO","CAUCHO, técnicamente especificado (TSNR)",83980,"PACAS","VIETNAM"
"29641",2022,1,"PUESTO DE CONTROL TERRESTRE DESAGUADERO","SOYA, torta",84000,"GRANEL","BOLIVIA"
"29642",2022,1,"PUESTO DE CONTROL TERRESTRE DESAGUADERO","SOYA, torta",83500,"GRANEL","BOLIVIA"
"29643",2022,1,"PUESTO DE CONTROL TERRESTRE DESAGUADERO","SOYA, torta",116000,"SACO(S)","BOLIVIA"
"29644",2022,1,"PUESTO DE CONTROL TERRESTRE DESAGUADERO","SOYA, torta",147000,"SACO(S)","BOLIVIA"
"29645",2022,1,"PUESTO DE CONTROL TERRESTRE DESAGUADERO","SOYA, torta",110500,"GRANEL","BOLIVIA"
"29646",2022,1,"OFICINA PUESTO DE CONTROL MARITIMO - PROV. CONST. DEL CALLAO","MADERA, monturas y mangos de herramientas, monturas y mangos de cepillos, brochas o escobas, de madera; hormas, ensanchadores y tensores del calzado, de madera ; con algún proceso de la CRF 2",51300,"SACO(S)","CHINA"
"29647",2022,1,"PUESTO DE CONTROL TERRESTRE DESAGUADERO","SOYA, torta",84500,"GRANEL","BOLIVIA"
"29648",2022,1,"PUESTO DE CONTROL TERRESTRE DESAGUADERO","SOYA, torta",115000,"SACO(S)","BOLIVIA"
"29649",2022,1,"PUESTO DE CONTROL TERRESTRE DESAGUADERO","SOYA, torta",115000,"SACO(S)","BOLIVIA"
"29650",2022,1,"PUESTO DE CONTROL TERRESTRE DESAGUADERO","SOYA, torta",115000,"GRANEL","BOLIVIA"
"29651",2022,1,"PUESTO DE CONTROL TERRESTRE DESAGUADERO","SOYA, torta",83000,"GRANEL","BOLIVIA"
"29652",2022,1,"PUESTO DE CONTROL TERRESTRE DESAGUADERO","SOYA, torta",55500,"GRANEL","BOLIVIA"
"29653",2022,1,"PUESTO DE CONTROL TERRESTRE DESAGUADERO","SOYA, torta",47000,"GRANEL","BOLIVIA"
"29654",2022,1,"PUESTO DE CONTROL TERRESTRE DESAGUADERO","SOYA, torta",83560,"GRANEL","BOLIVIA"
"29655",2022,1,"PUESTO DE CONTROL TERRESTRE DESAGUADERO","SOYA, torta",82000,"GRANEL","BOLIVIA"
"29656",2022,1,"OFICINA PUESTO DE CONTROL MARITIMO - PROV. CONST. DEL CALLAO","PERA, fruta fresca",23814,"CAJA(S)","ARGENTINA"
"29657",2022,1,"OFICINA PUESTO DE CONTROL AEREO -  PROV. CONST. DEL CALLAO","MELON, semilla",0.24,"SACHETS","ISRAEL"
"29658",2022,1,"OFICINA PUESTO DE CONTROL MARITIMO - PROV. CONST. DEL CALLAO","ALGODON, fibra sin cardar ni peinar (>28.57 mm = o <34.92 mm)",212120,"FARDOS","EEUU"
"29659",2022,1,"OFICINA PUESTO DE CONTROL AEREO -  PROV. CONST. DEL CALLAO","TOMATE, semilla",0.034,"SACHETS","ISRAEL"
"29660",2022,1,"PUESTO DE CONTROL TERRESTRE DESAGUADERO","AZUCAR BLANCA O REFINADA (lectura polarimetrica mayor 99.5°)",174000,"SACO(S)","BOLIVIA"
"29661",2022,1,"PUESTO DE CONTROL TERRESTRE DESAGUADERO","SOYA, harina",85000,"SACO(S)","BOLIVIA"
"29662",2022,1,"OFICINA PUESTO DE CONTROL AEREO -  PROV. CONST. DEL CALLAO","PIMIENTO, semilla",0.181,"SACHETS","EEUU"
"29663",2022,1,"OFICINA PUESTO DE CONTROL MARITIMO - PROV. CONST. DEL CALLAO","LENTEJA, grano",137391,"SACO(S)","EEUU"
"29664",2022,1,"OFICINA PUESTO DE CONTROL MARITIMO - PROV. CONST. DEL CALLAO","LENTEJA, grano",70761,"SACO(S)","EEUU"
"29665",2022,1,"OFICINA PUESTO DE CONTROL MARITIMO - PROV. CONST. DEL CALLAO","LENTEJA, grano",23133,"SACO(S)","EEUU"
"29666",2022,1,"OFICINA PUESTO DE CONTROL MARITIMO - PROV. CONST. DEL CALLAO","LILIUM (=AZUCENA), bulbo",6479,"JABAS","CHILE"
"29667",2022,1,"SANTA ROSA, TACNA","MAIZ, almidon",50000,"BOLSAS","PARAGUAY"
"29668",2022,1,"SANTA ROSA, TACNA","MANZANA, fruto fresco",23520,"CAJA(S)","CHILE"
"29669",2022,1,"OFICINA PUESTO DE CONTROL MARITIMO - PROV. CONST. DEL CALLAO","AZUCARES, los demas",125000,"SACO(S)","COLOMBIA"
"29670",2022,1,"OFICINA PUESTO DE CONTROL AEREO -  PROV. CONST. DEL CALLAO","TOMATE, semilla",0.047,"SACHETS","FRANCIA"
"29671",2022,1,"OFICINA PUESTO DE CONTROL AEREO -  PROV. CONST. DEL CALLAO","PIMIENTO, semilla",0.194502,"SACHETS","HOLANDA"
"29672",2022,1,"OFICINA PUESTO DE CONTROL AEREO -  PROV. CONST. DEL CALLAO","SANDIA, semilla",0.01,"SACHETS","HOLANDA"
"29673",2022,1,"OFICINA PUESTO DE CONTROL AEREO -  PROV. CONST. DEL CALLAO","MELON, semilla",0.394,"SACHETS","HOLANDA"
"29674",2022,1,"OFICINA PUESTO DE CONTROL AEREO -  PROV. CONST. DEL CALLAO","AMLA, en polvo",120,"BOLSAS","INDIA"
"29675",2022,1,"OFICINA PUESTO DE CONTROL AEREO -  PROV. CONST. DEL CALLAO","ASHWAGANDHA, en polvo",200,"BOLSAS","INDIA"
"29676",2022,1,"OFICINA PUESTO DE CONTROL MARITIMO - PROV. CONST. DEL CALLAO","MAIZ REVENTON, grano",19784,"SACO(S)","EEUU"
"29677",2022,1,"PUESTO DE CONTROL TERRESTRE DESAGUADERO","SOYA, torta",56000,"GRANEL","BOLIVIA"
"29678",2022,1,"PUESTO DE CONTROL TERRESTRE DESAGUADERO","SOYA, torta",84000,"GRANEL","BOLIVIA"
"29679",2022,1,"PUESTO DE CONTROL TERRESTRE DESAGUADERO","SOYA, torta",28000,"GRANEL","BOLIVIA"
"29680",2022,1,"PUESTO DE CONTROL TERRESTRE DESAGUADERO","SOYA, torta",111286,"SACO(S)","BOLIVIA"
"29681",2022,1,"PUESTO DE CONTROL TERRESTRE DESAGUADERO","SOYA, torta",144500,"GRANEL","BOLIVIA"
"29682",2022,1,"PUESTO DE CONTROL TERRESTRE DESAGUADERO","SOYA, torta",84000,"GRANEL","BOLIVIA"
"29683",2022,1,"PUESTO DE CONTROL TERRESTRE DESAGUADERO","SOYA, torta",57000,"GRANEL","BOLIVIA"
"29684",2022,1,"PUESTO DE CONTROL TERRESTRE DESAGUADERO","SOYA, torta",28500,"GRANEL","BOLIVIA"
"29685",2022,1,"PUESTO DE CONTROL TERRESTRE DESAGUADERO","SOYA, torta",27880,"GRANEL","BOLIVIA"
"29686",2022,1,"PUESTO DE CONTROL TERRESTRE DESAGUADERO","SOYA, torta",112000,"GRANEL","BOLIVIA"
"29687",2022,1,"PUESTO DE CONTROL TERRESTRE DESAGUADERO","SOYA, torta",86500,"GRANEL","BOLIVIA"
"29688",2022,1,"PUESTO DE CONTROL TERRESTRE DESAGUADERO","SOYA, torta",84000,"GRANEL","BOLIVIA"
"29689",2022,1,"PUESTO DE CONTROL TERRESTRE DESAGUADERO","SOYA, torta",112000,"GRANEL","BOLIVIA"
"29690",2022,1,"PUESTO DE CONTROL TERRESTRE DESAGUADERO","SOYA, torta",56000,"GRANEL","BOLIVIA"
"29691",2022,1,"PUESTO DE CONTROL TERRESTRE DESAGUADERO","SOYA, torta",112000,"GRANEL","BOLIVIA"
"29692",2022,1,"PUESTO DE CONTROL TERRESTRE DESAGUADERO","SOYA, torta",56500,"GRANEL","BOLIVIA"
"29693",2022,1,"OFICINA PUESTO DE CONTROL MARITIMO - PROV. CONST. DEL CALLAO","MATERIAS VEGETALES, para tallar trabajadas con algun proceso de la CRF 2",2109.67,"UNIDADES","CHINA"
"29694",2022,1,"OFICINA PUESTO DE CONTROL MARITIMO - PROV. CONST. DEL CALLAO","MATERIAS VEGETALES, para tallar trabajadas con algun proceso de la CRF 2",2891.25,"UNIDADES","CHINA"
"29695",2022,1,"PUESTO DE CONTROL TERRESTRE DESAGUADERO","SOYA, torta",114000,"GRANEL","BOLIVIA"
"29696",2022,1,"PUESTO DE CONTROL TERRESTRE DESAGUADERO","SOYA, torta",56000,"GRANEL","BOLIVIA"
"29697",2022,1,"OFICINA PUESTO DE CONTROL AEREO -  PROV. CONST. DEL CALLAO","PALMA ACEITERA, semilla germinada",126,"CAJA(S)","INDONESIA"
"29698",2022,1,"OFICINA PUESTO DE CONTROL MARITIMO - PROV. CONST. DEL CALLAO","CAUCHO, técnicamente especificado (TSNR)",20160,"PAQUETES","GUATEMALA"
"29699",2022,1,"OFICINA PUESTO DE CONTROL AEREO -  PROV. CONST. DEL CALLAO","ARANDANO, planta",2190,"CAJA(S)","CHILE"
"29700",2022,1,"PUESTO DE CONTROL TERRESTRE DESAGUADERO","AZUCAR BLANCA O REFINADA (lectura polarimetrica mayor 99.5°)",199000,"SACO(S)","BOLIVIA"
"29701",2022,1,"OFICINA PUESTO DE CONTROL MARITIMO - PROV. CONST. DEL CALLAO","BAMBU, artículos de cestería obtenidos directamente en su forma con materia trenzable con algún proceso de la CRF 2",447.86,"UNIDADES","VIETNAM"
"29702",2022,1,"OFICINA PUESTO DE CONTROL MARITIMO - PROV. CONST. DEL CALLAO","Articulos de cesteria (canastos, cestos u otros), con algun proceso de la CRF2",5043.138,"UNIDADES","VIETNAM"
"29703",2022,1,"PUESTO DE CONTROL TERRESTRE DESAGUADERO","MANI, grano sin cáscara",87000,"SACO(S)","BOLIVIA"
"29704",2022,1,"OFICINA PUESTO DE CONTROL AEREO -  PROV. CONST. DEL CALLAO","TOMATE, semilla",0.037,"SACHETS","ISRAEL"
"29705",2022,1,"OFICINA PUESTO DE CONTROL MARITIMO - PROV. CONST. DEL CALLAO","NARANJA, fruto fresco",17613,"CAJA(S)","EEUU"
"29706",2022,1,"OFICINA PUESTO DE CONTROL AEREO -  PROV. CONST. DEL CALLAO","CEBOLLA, semilla",8.201,"SACHETS","ISRAEL"
"29707",2022,1,"PUESTO DE CONTROL TERRESTRE DESAGUADERO","SOYA, harina",116000,"SACO(S)","BOLIVIA"
"29708",2022,1,"OFICINA PUESTO DE CONTROL AEREO -  PROV. CONST. DEL CALLAO","PALTO, semilla",4521.6,"PALETAS","ISRAEL"
"29709",2022,1,"OFICINA PUESTO DE CONTROL MARITIMO - PROV. CONST. DEL CALLAO","LINAZA, grano",71667,"SACO(S)","CANADA"
"29710",2022,1,"PUESTO DE CONTROL TERRESTRE DESAGUADERO","SOYA, torta",57980,"SACO(S)","BOLIVIA"
"29711",2022,1,"OFICINA PUESTO DE CONTROL AEREO -  PROV. CONST. DEL CALLAO","ENEBRO, bayas sin triturar ni pulverizar con secado al horno o industrial",18.18,"BOLSAS",NA
"29712",2022,1,"OFICINA PUESTO DE CONTROL MARITIMO - PROV. CONST. DEL CALLAO","MATERIAS VEGETALES, para tallar trabajadas con algun proceso de la CRF 2",3930,"CAJA(S)","CHINA"
"29713",2022,1,"PUESTO DE CONTROL TERRESTRE DESAGUADERO","SOYA, torta",115500,"SACO(S)","BOLIVIA"
"29714",2022,1,"OFICINA PUESTO DE CONTROL MARITIMO - PROV. CONST. DEL CALLAO","MAIZ AMARILLO DURO, grano",26420110,"GRANEL","ARGENTINA"
"29715",2022,1,"PUESTO DE CONTROL TERRESTRE DESAGUADERO","SOYA, torta",53000,"SACO(S)","BOLIVIA"
"29716",2022,1,"PUESTO DE CONTROL TERRESTRE DESAGUADERO","SOYA, torta",78000,"SACO(S)","BOLIVIA"
"29717",2022,1,"OFICINA PUESTO DE CONTROL MARITIMO - PROV. CONST. DEL CALLAO","CANELA, corteza entera seca al natural",14050,"CAJA(S)","SRI LANKA"
"29718",2022,1,"OFICINA PUESTO DE CONTROL AEREO -  PROV. CONST. DEL CALLAO","TRIGO DURO, semilla",3.7,"CAJA(S)","MEXICO"
"29719",2022,1,"OFICINA PUESTO DE CONTROL AEREO -  PROV. CONST. DEL CALLAO","TRIGO, semilla",55,"CAJA(S)","MEXICO"
"29720",2022,1,"OFICINA PUESTO DE CONTROL AEREO -  PROV. CONST. DEL CALLAO","MAIZ, semilla",7,"CAJA(S)","MEXICO"
"29721",2022,1,"PUERTO DE MATARANI , AREQUIPA","MAIZ AMARILLO DURO, grano",6300000,"GRANEL","ARGENTINA"
"29722",2022,1,"PUESTO DE CONTROL TERRESTRE DESAGUADERO","SOYA, torta",115500,"SACO(S)","BOLIVIA"
"29723",2022,1,"PUESTO DE CONTROL TERRESTRE DESAGUADERO","AZUCAR BLANCA O REFINADA (lectura polarimetrica mayor 99.5°)",56000,"SACO(S)","BOLIVIA"
"29724",2022,1,"PUESTO DE CONTROL TERRESTRE DESAGUADERO","SOYA, harina",116000,"SACO(S)","BOLIVIA"
"29725",2022,1,"OFICINA PUESTO DE CONTROL MARITIMO - PROV. CONST. DEL CALLAO","TRACTOR AGRICOLA USADO, con motor de potencia superior a 130KW",14613.479,"UNIDADES","EEUU"
"29726",2022,1,"PUESTO DE CONTROL TERRESTRE DESAGUADERO","SOYA, torta",112000,"GRANEL","BOLIVIA"
"29727",2022,1,"PUESTO DE CONTROL TERRESTRE DESAGUADERO","SOYA, torta",28793,"SACO(S)","BOLIVIA"
"29728",2022,1,"PUESTO DE CONTROL TERRESTRE DESAGUADERO","SOYA, torta",26500,"GRANEL","BOLIVIA"
"29729",2022,1,"PUESTO DE CONTROL TERRESTRE DESAGUADERO","SOYA, torta",85000,"GRANEL","BOLIVIA"
"29730",2022,1,"PUESTO DE CONTROL TERRESTRE DESAGUADERO","SOYA, torta",85000,"GRANEL","BOLIVIA"
"29731",2022,1,"PUESTO DE CONTROL TERRESTRE DESAGUADERO","SOYA, torta",50000,"GRANEL","BOLIVIA"
"29732",2022,1,"PUESTO DE CONTROL TERRESTRE DESAGUADERO","SOYA, torta",56000,"GRANEL","BOLIVIA"
"29733",2022,1,"PUESTO DE CONTROL TERRESTRE DESAGUADERO","SOYA, torta",57000,"GRANEL","BOLIVIA"
"29734",2022,1,"PUESTO DE CONTROL TERRESTRE DESAGUADERO","SOYA, torta",84000,"GRANEL","BOLIVIA"
"29735",2022,1,"OFICINA PUESTO DE CONTROL MARITIMO - PROV. CONST. DEL CALLAO","TRIGO, pellets",19981,"SACO(S)","MEXICO"
"29736",2022,1,"OFICINA PUESTO DE CONTROL MARITIMO - PROV. CONST. DEL CALLAO","RYEGRASS ITALIANO, semilla",48500,"BOLSAS","NUEVA ZELANDIA"
"29737",2022,1,"SANTA ROSA, TACNA","LIMON TAHITI (Lima tahiti), fruto fresco",25344,"CAJA(S)","CHILE"
"29738",2022,1,"OFICINA PUESTO DE CONTROL MARITIMO - PROV. CONST. DEL CALLAO","AZUCAR BLANCA O REFINADA (lectura polarimetrica mayor 99.5°)",370560,"SACO(S)","GUATEMALA"
"29739",2022,1,"OFICINA PUESTO DE CONTROL MARITIMO - PROV. CONST. DEL CALLAO","AZUCAR BLANCA O REFINADA (lectura polarimetrica mayor 99.5°)",369835,"SACO(S)","GUATEMALA"
"29740",2022,1,"PUESTO DE CONTROL TERRESTRE DESAGUADERO","CHIA, grano",28000,"SACO(S)","BOLIVIA"
"29741",2022,1,"OFICINA PUESTO DE CONTROL AEREO -  PROV. CONST. DEL CALLAO","PORO, semilla",5.5,"SACHETS","ESPAÑA"
"29742",2022,1,"OFICINA PUESTO DE CONTROL AEREO -  PROV. CONST. DEL CALLAO","ALCACHOFA, semilla",2085.58,"SACHETS","ESPAÑA"
"29743",2022,1,"OFICINA PUESTO DE CONTROL AEREO -  PROV. CONST. DEL CALLAO","APIO, semilla",30.64,"SACHETS","ESPAÑA"
"29744",2022,1,"OFICINA PUESTO DE CONTROL AEREO -  PROV. CONST. DEL CALLAO","CORCHO, tapones",1.99,"UNIDADES","EEUU"
"29745",2022,1,"OFICINA PUESTO DE CONTROL MARITIMO - PROV. CONST. DEL CALLAO","TRIGO, grano",3899210,"GRANEL","ARGENTINA"
"29746",2022,1,"OFICINA PUESTO DE CONTROL MARITIMO - PROV. CONST. DEL CALLAO","MAIZ AMARILLO DURO, grano",19257460,"GRANEL","ARGENTINA"
"29747",2022,1,"OFICINA PUESTO DE CONTROL MARITIMO - PROV. CONST. DEL CALLAO","PERA, fruta fresca",23814,"CAJA(S)","ARGENTINA"
"29748",2022,1,"OFICINA PUESTO DE CONTROL MARITIMO - PROV. CONST. DEL CALLAO","PERA, fruta fresca",23814,"CAJA(S)","ARGENTINA"
"29749",2022,1,"OFICINA PUESTO DE CONTROL MARITIMO - PROV. CONST. DEL CALLAO","ALMENDRA, sin cáscara secado al natural",16556.4,"CAJA(S)","EEUU"
"29750",2022,1,"OFICINA PUESTO DE CONTROL MARITIMO - PROV. CONST. DEL CALLAO","ALMENDRA, sin cáscara secado al natural",16556.4,"CAJA(S)","EEUU"
"29751",2022,1,"PUESTO DE CONTROL TERRESTRE DESAGUADERO","SOYA, torta",112600,"SACO(S)","BOLIVIA"
"29752",2022,1,"OFICINA PUESTO DE CONTROL MARITIMO - PROV. CONST. DEL CALLAO","RYEGRASS ITALIANO, semilla",24375,"BOLSAS","NUEVA ZELANDIA"
"29753",2022,1,"PUESTO DE CONTROL TERRESTRE DESAGUADERO","SOYA, harina",114000,"SACO(S)","BOLIVIA"
"29754",2022,1,"PUESTO DE CONTROL TERRESTRE DESAGUADERO","SOYA, harina",145000,"SACO(S)","BOLIVIA"
"29755",2022,1,"PUESTO DE CONTROL TERRESTRE DESAGUADERO","SOYA, torta",145000,"SACO(S)","BOLIVIA"
"29756",2022,1,"PUESTO DE CONTROL TERRESTRE DESAGUADERO","SOYA, torta",145000,"SACO(S)","BOLIVIA"
"29757",2022,1,"OFICINA PUESTO DE CONTROL MARITIMO - PROV. CONST. DEL CALLAO","LENTEJA, grano",78924,"SACO(S)","CANADA"
"29758",2022,1,"PUESTO DE CONTROL TERRESTRE DESAGUADERO","SOYA, harina",58000,"SACO(S)","BOLIVIA"
"29759",2022,1,"PUESTO DE CONTROL- CEBAF","CAÑA DE GUAYAQUIL, seca al natural",34000,"UNIDADES","ECUADOR"
"29760",2022,1,"PUESTO DE CONTROL TERRESTRE DESAGUADERO","SOYA, harina",58000,"SACO(S)","BOLIVIA"
"29761",2022,1,"OFICINA PUESTO DE CONTROL AEREO -  PROV. CONST. DEL CALLAO","PIMIENTO, semilla",0.532,"SACHETS","HOLANDA"
"29762",2022,1,"OFICINA PUESTO DE CONTROL AEREO -  PROV. CONST. DEL CALLAO","PIMIENTO, semilla",0.84,"SACHETS","HOLANDA"
"29763",2022,1,"OFICINA PUESTO DE CONTROL AEREO -  PROV. CONST. DEL CALLAO","TOMATE, semilla",0.033,"SACHETS","HOLANDA"
"29764",2022,1,"PUESTO DE CONTROL TERRESTRE DESAGUADERO","MANI, grano sin cáscara",29000,"SACO(S)","BOLIVIA"
"29765",2022,1,"OFICINA PUESTO DE CONTROL MARITIMO - PROV. CONST. DEL CALLAO","ALGODON, fibra sin cardar ni peinar (>34.92 mm)",187013,"FARDOS","EEUU"
"29766",2022,1,"PUESTO DE CONTROL TERRESTRE DESAGUADERO","SOYA, torta",56020,"GRANEL","BOLIVIA"
"29767",2022,1,"PUESTO DE CONTROL TERRESTRE DESAGUADERO","SOYA, torta",67000,"GRANEL","BOLIVIA"
"29768",2022,1,"PUESTO DE CONTROL TERRESTRE DESAGUADERO","SOYA, torta",56000,"GRANEL","BOLIVIA"
"29769",2022,1,"PUESTO DE CONTROL TERRESTRE DESAGUADERO","SOYA, torta",84000,"GRANEL","BOLIVIA"
"29770",2022,1,"PUESTO DE CONTROL TERRESTRE DESAGUADERO","SOYA, torta",57000,"GRANEL","BOLIVIA"
"29771",2022,1,"PUESTO DE CONTROL TERRESTRE DESAGUADERO","SOYA, torta",56000,"GRANEL","BOLIVIA"
"29772",2022,1,"OFICINA PUESTO DE CONTROL MARITIMO - PROV. CONST. DEL CALLAO","CANELA, corteza entera seca al natural",15120,"CAJA(S)","SRI LANKA"
"29773",2022,1,"OFICINA PUESTO DE CONTROL MARITIMO - PROV. CONST. DEL CALLAO","AVENA, grano mondado, perlado, troceado o quebrantado",72000,"SACO(S)","CHILE"
"29774",2022,1,"OFICINA PUESTO DE CONTROL AEREO -  PROV. CONST. DEL CALLAO","ARANDANO, planta",676,"CAJA(S)","CHILE"
"29775",2022,1,"OFICINA PUESTO DE CONTROL MARITIMO - PROV. CONST. DEL CALLAO","COCO, fibra (para sustrato)",93312,"PALETAS","SRI LANKA"
"29776",2022,1,"OFICINA PUESTO DE CONTROL MARITIMO - PROV. CONST. DEL CALLAO","PINO, madera aserrada con algún proceso de la CRF2",22229,"PAQUETES","CHILE"
"29777",2022,1,"OFICINA PUESTO DE CONTROL MARITIMO - PROV. CONST. DEL CALLAO","PINO, madera aserrada con algún proceso de la CRF2",46552,"PAQUETES","CHILE"
"29778",2022,1,"OFICINA PUESTO DE CONTROL MARITIMO - PROV. CONST. DEL CALLAO","PINO, madera aserrada con algún proceso de la CRF2",46552,"PAQUETES","CHILE"
"29779",2022,1,"OFICINA PUESTO DE CONTROL MARITIMO - PROV. CONST. DEL CALLAO","PINO, madera aserrada con algún proceso de la CRF2",113639,"PAQUETES","CHILE"
"29780",2022,1,"OFICINA PUESTO DE CONTROL MARITIMO - PROV. CONST. DEL CALLAO","TURBA",21537.9,"PALETAS","LETONIA"
"29781",2022,1,"OFICINA PUESTO DE CONTROL MARITIMO - PROV. CONST. DEL CALLAO","TURBA",42951.8,"PALETAS","LETONIA"
"29782",2022,1,"IÑAPARI, MADRE DE DIOS","NUEZ DEL BRASIL, con cáscara seca al natural",27900,"SACO(S)","BRASIL"
"29783",2022,1,"OFICINA PUESTO DE CONTROL MARITIMO - PROV. CONST. DEL CALLAO","NARANJA, fruto fresco",21432.6,"CAJA(S)","EEUU"
"29784",2022,1,"PUESTO DE CONTROL TERRESTRE DESAGUADERO","SOYA, harina",87000,"SACO(S)","BOLIVIA"
"29785",2022,1,"PUESTO DE CONTROL TERRESTRE DESAGUADERO","SOYA, harina",145000,"SACO(S)","BOLIVIA"
"29786",2022,1,"PUESTO DE CONTROL TERRESTRE DESAGUADERO","SOYA, torta",112000,"GRANEL","BOLIVIA"
"29787",2022,1,"PUESTO DE CONTROL TERRESTRE DESAGUADERO","SOYA, torta",82360,"GRANEL","BOLIVIA"
"29788",2022,1,"PUESTO DE CONTROL TERRESTRE DESAGUADERO","SOYA, torta",136480,"GRANEL","BOLIVIA"
"29789",2022,1,"PUESTO DE CONTROL TERRESTRE DESAGUADERO","SOYA, harina",116000,"SACO(S)","BOLIVIA"
"29790",2022,1,"PUESTO DE CONTROL TERRESTRE DESAGUADERO","SOYA, torta",145000,"SACO(S)","BOLIVIA"
"29791",2022,1,"PUESTO DE CONTROL TERRESTRE DESAGUADERO","SOYA, torta",57880,"SACO(S)","BOLIVIA"
"29792",2022,1,"PUESTO DE CONTROL TERRESTRE DESAGUADERO","SOYA, torta",116500,"SACO(S)","BOLIVIA"
"29793",2022,1,"OFICINA PUESTO DE CONTROL MARITIMO - PROV. CONST. DEL CALLAO","TRIGO, grano",11800000,"GRANEL","ARGENTINA"
"29794",2022,1,"OFICINA PUESTO DE CONTROL AEREO -  PROV. CONST. DEL CALLAO","MAIZ, harina",0.105,"BOLSAS","EEUU"
"29795",2022,1,"PUESTO DE CONTROL TERRESTRE DESAGUADERO","SOYA, torta",116000,"SACO(S)","BOLIVIA"
"29796",2022,1,"OFICINA PUESTO DE CONTROL MARITIMO - PROV. CONST. DEL CALLAO","AZUCAR BLANCA O REFINADA (lectura polarimetrica mayor 99.5°)",132500,"SACO(S)","COLOMBIA"
"29797",2022,1,"PUESTO DE CONTROL TERRESTRE DESAGUADERO","SOYA, torta",101000,"GRANEL","BOLIVIA"
"29798",2022,1,"PUESTO DE CONTROL TERRESTRE DESAGUADERO","GIRASOL, torta",84360,"GRANEL","BOLIVIA"
"29799",2022,1,"PUESTO DE CONTROL TERRESTRE DESAGUADERO","SOYA, torta",84000,"GRANEL","BOLIVIA"
"29800",2022,1,"PUESTO DE CONTROL TERRESTRE DESAGUADERO","SOYA, torta",28124,"SACO(S)","BOLIVIA"
"29801",2022,1,"PUESTO DE CONTROL TERRESTRE DESAGUADERO","SOYA, torta",26900,"SACO(S)","BOLIVIA"
"29802",2022,1,"PUESTO DE CONTROL TERRESTRE DESAGUADERO","SOYA, torta",55000,"GRANEL","BOLIVIA"
"29803",2022,1,"PUESTO DE CONTROL TERRESTRE DESAGUADERO","SOYA, torta",112000,"GRANEL","BOLIVIA"
"29804",2022,1,"PUESTO DE CONTROL TERRESTRE DESAGUADERO","SOYA, torta",111500,"GRANEL","BOLIVIA"
"29805",2022,1,"PUESTO DE CONTROL TERRESTRE DESAGUADERO","SOYA, torta",27500,"GRANEL","BOLIVIA"
"29806",2022,1,"PUESTO DE CONTROL TERRESTRE DESAGUADERO","SOYA, torta",140000,"GRANEL","BOLIVIA"
"29807",2022,1,"PUESTO DE CONTROL TERRESTRE DESAGUADERO","SOYA, torta",89000,"GRANEL","BOLIVIA"
"29808",2022,1,"PUESTO DE CONTROL TERRESTRE DESAGUADERO","GIRASOL, torta",53580,"GRANEL","BOLIVIA"
"29809",2022,1,"PUESTO DE CONTROL TERRESTRE DESAGUADERO","GIRASOL, torta",25300,"GRANEL","BOLIVIA"
"29810",2022,1,"PUESTO DE CONTROL TERRESTRE DESAGUADERO","SOYA, torta",112000,"GRANEL","BOLIVIA"
"29811",2022,1,"PUESTO DE CONTROL TERRESTRE DESAGUADERO","SOYA, torta",84500,"GRANEL","BOLIVIA"
"29812",2022,1,"PUESTO DE CONTROL TERRESTRE DESAGUADERO","GIRASOL, torta",82330,"GRANEL","BOLIVIA"
"29813",2022,1,"PUESTO DE CONTROL TERRESTRE DESAGUADERO","SOYA, harina",29222,"SACO(S)","BOLIVIA"
"29814",2022,1,"PUESTO DE CONTROL TERRESTRE DESAGUADERO","SOYA, torta",57000,"GRANEL","BOLIVIA"
"29815",2022,1,"PUESTO DE CONTROL TERRESTRE DESAGUADERO","SOYA, harina",25019,"SACO(S)","BOLIVIA"
"29816",2022,1,"PUESTO DE CONTROL TERRESTRE DESAGUADERO","SOYA, torta",57260,"GRANEL","BOLIVIA"
"29817",2022,1,"PUESTO DE CONTROL TERRESTRE DESAGUADERO","SOYA, torta",85620,"GRANEL","BOLIVIA"
"29818",2022,1,"SANTA ROSA, TACNA","TRACTOR AGRICOLA USADO, con motor de potencia superior a 33 kW pero inferior o igual a 75 kW",2000,"UNIDADES","CHILE"
"29819",2022,1,"OFICINA PUESTO DE CONTROL MARITIMO - PROV. CONST. DEL CALLAO","ARROZ, grano pilado",125000,"SACO(S)","ARGENTINA"
"29820",2022,1,"SANTA ROSA, TACNA","MANZANA, fruto fresco",22540,"CAJA(S)","CHILE"
"29821",2022,1,"PUESTO DE CONTROL TERRESTRE DESAGUADERO","AZUCAR BLANCA O REFINADA (lectura polarimetrica mayor 99.5°)",7500,"SACO(S)","BOLIVIA"
"29822",2022,1,"PUESTO DE CONTROL TERRESTRE DESAGUADERO","AZUCAR BLANCA O REFINADA (lectura polarimetrica mayor 99.5°)",29000,"SACO(S)","BOLIVIA"
"29823",2022,1,"SANTA ROSA, TACNA","PERA, fruta fresca",11484,"CAJA(S)","CHILE"
"29824",2022,1,"SANTA ROSA, TACNA","MANZANA, fruto fresco",11760,"CAJA(S)","CHILE"
"29825",2022,1,"SANTA ROSA, TACNA","NECTARINA, fruto fresco",5040,"CAJA(S)","CHILE"
"29826",2022,1,"SANTA ROSA, TACNA","DURAZNO, fruto fresco",16848,"CAJA(S)","CHILE"
"29827",2022,1,"SANTA ROSA, TACNA","CIRUELA, fruto fresco",621,"CAJA(S)","CHILE"
"29828",2022,1,"PUESTO DE CONTROL TERRESTRE DESAGUADERO","AZUCAR BLANCA O REFINADA (lectura polarimetrica mayor 99.5°)",138000,"SACO(S)","BOLIVIA"
"29829",2022,1,"PUESTO DE CONTROL TERRESTRE DESAGUADERO","SOYA, torta",115500,"SACO(S)","BOLIVIA"
"29830",2022,1,"OFICINA PUESTO DE CONTROL MARITIMO - PROV. CONST. DEL CALLAO","PERA, fruta fresca",24210.9,"CAJA(S)","ARGENTINA"
"29831",2022,1,"OFICINA PUESTO DE CONTROL MARITIMO - PROV. CONST. DEL CALLAO","AVENA, grano mondado, perlado, troceado o quebrantado",122500,"SACO(S)","CHILE"
"29832",2022,1,"OFICINA PUESTO DE CONTROL MARITIMO - PROV. CONST. DEL CALLAO","TRIGO, grano",32090940,"GRANEL","RUSIA"
"29833",2022,1,"OFICINA PUESTO DE CONTROL MARITIMO - PROV. CONST. DEL CALLAO","PAPA, fécula",105000,"BOLSAS","POLONIA"
"29834",2022,1,"IÑAPARI, MADRE DE DIOS","MAIZ AMARILLO DURO, grano",128000,"GRANEL","BRASIL"
"29835",2022,1,"IÑAPARI, MADRE DE DIOS","MAIZ AMARILLO DURO, grano",64000,"GRANEL","BRASIL"
"29836",2022,1,"IÑAPARI, MADRE DE DIOS","MAIZ AMARILLO DURO, grano",128000,"GRANEL","BRASIL"
"29837",2022,1,"OFICINA PUESTO DE CONTROL MARITIMO - PROV. CONST. DEL CALLAO","MAIZ, harina",52000,"PACAS","COLOMBIA"
"29838",2022,1,"SANTA ROSA, TACNA","TRACTOR AGRICOLA USADO, con motor de potencia superior a 33 kW pero inferior o igual a 75 kW",4660,"UNIDADES","HOLANDA"
"29839",2022,1,"SANTA ROSA, TACNA","TRACTOR AGRICOLA USADO, con motor de potencia superior a 33 kW pero inferior o igual a 75 kW",4670,"UNIDADES","HOLANDA"
"29840",2022,1,"SANTA ROSA, TACNA","TRACTOR AGRICOLA USADO, con motor de potencia superior a 33 kW pero inferior o igual a 75 kW",4670,"UNIDADES","HOLANDA"
"29841",2022,1,"SANTA ROSA, TACNA","TRACTOR AGRICOLA USADO, con motor de potencia superior a 33 kW pero inferior o igual a 75 kW",4160,"UNIDADES","HOLANDA"
"29842",2022,1,"SANTA ROSA, TACNA","TRACTOR AGRICOLA USADO, con motor de potencia superior a 33 kW pero inferior o igual a 75 kW",4170,"UNIDADES","HOLANDA"
"29843",2022,1,"SANTA ROSA, TACNA","TRACTOR AGRICOLA USADO, con motor de potencia superior a 33 kW pero inferior o igual a 75 kW",4170,"UNIDADES","HOLANDA"
"29844",2022,1,"SANTA ROSA, TACNA","DURAZNO, fruto fresco",6552,"CAJA(S)","CHILE"
"29845",2022,1,"SANTA ROSA, TACNA","CIRUELA, fruto fresco",4734,"CAJA(S)","CHILE"
"29846",2022,1,"SANTA ROSA, TACNA","MANZANA, fruto fresco",22540,"CAJA(S)","CHILE"
"29847",2022,1,"SANTA ROSA, TACNA","NECTARINA, fruto fresco",2493,"CAJA(S)","CHILE"
"29848",2022,1,"SANTA ROSA, TACNA","MANZANA, fruto fresco",22540,"CAJA(S)","CHILE"
"29849",2022,1,"OFICINA PUESTO DE CONTROL MARITIMO - PROV. CONST. DEL CALLAO","MADERA, monturas y mangos de herramientas, monturas y mangos de cepillos, brochas o escobas, de madera; hormas, ensanchadores y tensores del calzado, de madera ; con algún proceso de la CRF 2",27330,"BOLSAS","CHINA"
"29850",2022,1,"PUESTO DE CONTROL TERRESTRE DESAGUADERO","AZUCAR BLANCA O REFINADA (lectura polarimetrica mayor 99.5°)",11000,"SACO(S)","BOLIVIA"
"29851",2022,1,"OFICINA PUESTO DE CONTROL MARITIMO - PROV. CONST. DEL CALLAO","AZUCAR BLANCA O REFINADA (lectura polarimetrica mayor 99.5°)",265000,"SACO(S)","COLOMBIA"
"29852",2022,1,"OFICINA PUESTO DE CONTROL MARITIMO - PROV. CONST. DEL CALLAO","NUEZ, sin cáscara seca al natural",10000,"CAJA(S)","CHILE"
"29853",2022,1,"PUESTO DE CONTROL TERRESTRE DESAGUADERO","AZUCAR BLANCA O REFINADA (lectura polarimetrica mayor 99.5°)",105000,"SACO(S)","BOLIVIA"
"29854",2022,1,"OFICINA PUESTO DE CONTROL AEREO -  PROV. CONST. DEL CALLAO","BETARRAGA, semilla",256,"BOLSAS","HOLANDA"
"29855",2022,1,"OFICINA PUESTO DE CONTROL MARITIMO - PROV. CONST. DEL CALLAO","GARBANZO, grano",110000,"SACO(S)","MEXICO"
"29856",2022,1,"OFICINA PUESTO DE CONTROL MARITIMO - PROV. CONST. DEL CALLAO","UVA (PASAS), secas naturalmente",19000,"CAJA(S)","EEUU"
"29857",2022,1,"PUERTO DE PAITA , PIURA","PAPA, fécula",84000,"SACO(S)","DINAMARCA"
"29858",2022,1,"PUESTO DE CONTROL TERRESTRE DESAGUADERO","SOYA, torta",141500,"SACO(S)","BOLIVIA"
"29859",2022,1,"PUESTO DE CONTROL TERRESTRE DESAGUADERO","SOYA, torta",115000,"SACO(S)","BOLIVIA"
"29860",2022,1,"PUESTO DE CONTROL TERRESTRE DESAGUADERO","SOYA, torta",115000,"SACO(S)","BOLIVIA"
"29861",2022,1,"PUESTO DE CONTROL TERRESTRE DESAGUADERO","SOYA, torta",114500,"SACO(S)","BOLIVIA"
"29862",2022,1,"PUESTO DE CONTROL TERRESTRE DESAGUADERO","SOYA, torta",114000,"SACO(S)","BOLIVIA"
"29863",2022,1,"PUESTO DE CONTROL TERRESTRE DESAGUADERO","SOYA, torta",116000,"SACO(S)","BOLIVIA"
"29864",2022,1,"PUESTO DE CONTROL TERRESTRE DESAGUADERO","SOYA, torta",115000,"SACO(S)","BOLIVIA"
"29865",2022,1,"PUESTO DE CONTROL TERRESTRE DESAGUADERO","SOYA, torta",115000,"SACO(S)","BOLIVIA"
"29866",2022,1,"PUESTO DE CONTROL TERRESTRE DESAGUADERO","SOYA, torta",114500,"SACO(S)","BOLIVIA"
"29867",2022,1,"PUESTO DE CONTROL TERRESTRE DESAGUADERO","SOYA, torta",115500,"SACO(S)","BOLIVIA"
"29868",2022,1,"OFICINA PUESTO DE CONTROL MARITIMO - PROV. CONST. DEL CALLAO","MAIZ AMARILLO DURO, grano",32717890,"GRANEL","ARGENTINA"
"29869",2022,1,"PUESTO DE CONTROL TERRESTRE DESAGUADERO","SOYA, torta",116000,"SACO(S)","BOLIVIA"
"29870",2022,1,"OFICINA PUESTO DE CONTROL MARITIMO - PROV. CONST. DEL CALLAO","TRIGO, harina",18517.766,"BOLSAS","EEUU"
"29871",2022,1,"OFICINA PUESTO DE CONTROL MARITIMO - PROV. CONST. DEL CALLAO","PINO OREGON, madera aserrada",48574,"PIEZAS","EEUU"
"29872",2022,1,"PUESTO DE CONTROL TERRESTRE DESAGUADERO","SOYA, torta",145000,"SACO(S)","BOLIVIA"
"29873",2022,1,"PUESTO DE CONTROL TERRESTRE DESAGUADERO","SOYA, harina",87000,"SACO(S)","BOLIVIA"
"29874",2022,1,"OFICINA PUESTO DE CONTROL AEREO -  PROV. CONST. DEL CALLAO","SANDIA, semilla",27.021,"SACHETS","CHILE"
"29875",2022,1,"PUERTO DE MATARANI , AREQUIPA","TRIGO, grano",13799600,"GRANEL","ARGENTINA"
"29876",2022,1,"PUESTO DE CONTROL TERRESTRE DESAGUADERO","SOYA, torta",101000,"SACO(S)","BOLIVIA"
"29877",2022,1,"PUESTO DE CONTROL TERRESTRE DESAGUADERO","SOYA, torta",146000,"SACO(S)","BOLIVIA"
"29878",2022,1,"PUESTO DE CONTROL TERRESTRE DESAGUADERO","SOYA, torta",86000,"GRANEL","BOLIVIA"
"29879",2022,1,"PUESTO DE CONTROL TERRESTRE DESAGUADERO","SOYA, torta",55270,"GRANEL","BOLIVIA"
"29880",2022,1,"PUESTO DE CONTROL TERRESTRE DESAGUADERO","SOYA, torta",176000,"SACO(S)","BOLIVIA"
"29881",2022,1,"PUESTO DE CONTROL TERRESTRE DESAGUADERO","SOYA, torta",54000,"GRANEL","BOLIVIA"
"29882",2022,1,"PUESTO DE CONTROL TERRESTRE DESAGUADERO","SOYA, torta",147000,"SACO(S)","BOLIVIA"
"29883",2022,1,"PUESTO DE CONTROL TERRESTRE DESAGUADERO","SOYA, torta",83500,"GRANEL","BOLIVIA"
"29884",2022,1,"PUESTO DE CONTROL TERRESTRE DESAGUADERO","SOYA, torta",117000,"SACO(S)","BOLIVIA"
"29885",2022,1,"PUESTO DE CONTROL TERRESTRE DESAGUADERO","SOYA, torta",86000,"GRANEL","BOLIVIA"
"29886",2022,1,"PUESTO DE CONTROL TERRESTRE DESAGUADERO","SOYA, torta",115000,"SACO(S)","BOLIVIA"
"29887",2022,1,"PUESTO DE CONTROL TERRESTRE DESAGUADERO","SOYA, torta",115500,"SACO(S)","BOLIVIA"
"29888",2022,1,"PUESTO DE CONTROL TERRESTRE DESAGUADERO","SOYA, torta",116500,"SACO(S)","BOLIVIA"
"29889",2022,1,"PUESTO DE CONTROL TERRESTRE DESAGUADERO","SOYA, torta",114000,"SACO(S)","BOLIVIA"
"29890",2022,1,"PUESTO DE CONTROL TERRESTRE DESAGUADERO","SOYA, torta",116000,"SACO(S)","BOLIVIA"
"29891",2022,1,"OFICINA PUESTO DE CONTROL AEREO -  PROV. CONST. DEL CALLAO","MELON, semilla",0.381,"SOBRES ALUMINIZADOS","JAPON"
"29892",2022,1,"OFICINA PUESTO DE CONTROL MARITIMO - PROV. CONST. DEL CALLAO","PAPA, fécula",20000,"SACO(S)","ALEMANIA"
"29893",2022,1,"PUESTO DE CONTROL TERRESTRE DESAGUADERO","SOYA, torta",78000,"SACO(S)","BOLIVIA"
"29894",2022,1,"SANTA ROSA, TACNA","CIRUELA, fruto fresco",5616,"CAJA(S)","CHILE"
"29895",2022,1,"SANTA ROSA, TACNA","NECTARINA, fruto fresco",10170,"CAJA(S)","CHILE"
"29896",2022,1,"SANTA ROSA, TACNA","DURAZNO, fruto fresco",6552,"CAJA(S)","CHILE"
"29897",2022,1,"OFICINA PUESTO DE CONTROL MARITIMO - PROV. CONST. DEL CALLAO","PIMIENTO, semilla",50,"SACO(S)","EEUU"
"29898",2022,1,"OFICINA PUESTO DE CONTROL MARITIMO - PROV. CONST. DEL CALLAO","TRIGO, harina",5878.656,"BOLSAS","EEUU"
"29899",2022,1,"OFICINA PUESTO DE CONTROL MARITIMO - PROV. CONST. DEL CALLAO","MAIZ, harina",680.4,"BOLSAS","EEUU"
"29900",2022,1,"OFICINA PUESTO DE CONTROL MARITIMO - PROV. CONST. DEL CALLAO","CANELA, corteza entera seca al natural",14560,"CAJA(S)","SRI LANKA"
"29901",2022,1,"OFICINA PUESTO DE CONTROL MARITIMO - PROV. CONST. DEL CALLAO","CANELA, corteza entera seca al natural",14560,"CAJA(S)","SRI LANKA"
"29902",2022,1,"OFICINA PUESTO DE CONTROL MARITIMO - PROV. CONST. DEL CALLAO","FLOR DE JAMAICA, seca natural",11000,"SACO(S)","NIGERIA"
"29903",2022,1,"PUESTO DE CONTROL TERRESTRE DESAGUADERO","SOYA, torta",56000,"GRANEL","BOLIVIA"
"29904",2022,1,"PUESTO DE CONTROL TERRESTRE DESAGUADERO","SOYA, torta",27990,"GRANEL","BOLIVIA"
"29905",2022,1,"PUESTO DE CONTROL TERRESTRE DESAGUADERO","SOYA, torta",53932,"SACO(S)","BOLIVIA"
"29906",2022,1,"PUESTO DE CONTROL TERRESTRE DESAGUADERO","AZUCAR BLANCA O REFINADA (lectura polarimetrica mayor 99.5°)",21500,"SACO(S)","BOLIVIA"
"29907",2022,1,"PUESTO DE CONTROL TERRESTRE DESAGUADERO","AZUCAR CRUDA, sólido",112500,"SACO(S)","BOLIVIA"
"29908",2022,1,"PUESTO DE CONTROL TERRESTRE DESAGUADERO","AZUCAR BLANCA O REFINADA (lectura polarimetrica mayor 99.5°)",57000,"SACO(S)","BOLIVIA"
"29909",2022,1,"PUESTO DE CONTROL TERRESTRE DESAGUADERO","AZUCAR BLANCA O REFINADA (lectura polarimetrica mayor 99.5°)",28000,"SACO(S)","BOLIVIA"
"29910",2022,1,"PUESTO DE CONTROL TERRESTRE DESAGUADERO","AZUCAR BLANCA O REFINADA (lectura polarimetrica mayor 99.5°)",29000,"SACO(S)","BOLIVIA"
"29911",2022,1,"OFICINA PUESTO DE CONTROL MARITIMO - PROV. CONST. DEL CALLAO","AZUCAR BLANCA O REFINADA (lectura polarimetrica mayor 99.5°)",265000,"SACO(S)","COLOMBIA"
"29912",2022,1,"PUESTO DE CONTROL TERRESTRE DESAGUADERO","SOYA, torta",111000,"SACO(S)","BOLIVIA"
"29913",2022,1,"SANTA ROSA, TACNA","MANZANA, fruto fresco",23520,"CAJA(S)","CHILE"
"29914",2022,1,"OFICINA PUESTO DE CONTROL MARITIMO - PROV. CONST. DEL CALLAO","ARVEJA, grano partido",25000,"SACO(S)","ARGENTINA"
"29915",2022,1,"OFICINA PUESTO DE CONTROL MARITIMO - PROV. CONST. DEL CALLAO","ARVEJA, grano partido",24948,"SACO(S)","EEUU"
"29916",2022,1,"OFICINA PUESTO DE CONTROL MARITIMO - PROV. CONST. DEL CALLAO","CANELA, corteza entera seca al natural",6200,"CAJA(S)","SRI LANKA"
"29917",2022,1,"OFICINA PUESTO DE CONTROL MARITIMO - PROV. CONST. DEL CALLAO","CANELA, corteza entera seca al natural",6200,"CAJA(S)","SRI LANKA"
"29918",2022,1,"PUESTO DE CONTROL TERRESTRE DESAGUADERO","SOYA, torta",54000,"GRANEL","BOLIVIA"
"29919",2022,1,"PUESTO DE CONTROL TERRESTRE DESAGUADERO","SOYA, torta",27575,"SACO(S)","BOLIVIA"
"29920",2022,1,"PUESTO DE CONTROL TERRESTRE DESAGUADERO","SOYA, torta",56000,"GRANEL","BOLIVIA"
"29921",2022,1,"PUESTO DE CONTROL TERRESTRE DESAGUADERO","SOYA, torta",56000,"GRANEL","BOLIVIA"
"29922",2022,1,"PUESTO DE CONTROL TERRESTRE DESAGUADERO","SOYA, torta",56000,"GRANEL","BOLIVIA"
"29923",2022,1,"PUESTO DE CONTROL TERRESTRE DESAGUADERO","SOYA, torta",56000,"GRANEL","BOLIVIA"
"29924",2022,1,"PUESTO DE CONTROL TERRESTRE DESAGUADERO","SOYA, torta",84390,"GRANEL","BOLIVIA"
"29925",2022,1,"PUESTO DE CONTROL TERRESTRE DESAGUADERO","SOYA, torta",28000,"GRANEL","BOLIVIA"
"29926",2022,1,"PUESTO DE CONTROL TERRESTRE DESAGUADERO","SOYA, torta",58000,"GRANEL","BOLIVIA"
"29927",2022,1,"OFICINA PUESTO DE CONTROL MARITIMO - PROV. CONST. DEL CALLAO","LINO, peinado o trabajado de otro modo, pero sin hilar",895,"PALETAS","BELGICA"
"29928",2022,1,"OFICINA PUESTO DE CONTROL AEREO -  PROV. CONST. DEL CALLAO","TOMATE DE CASCARA(=TOMATILLO), semilla",0.001,"SACHETS","EEUU"
"29929",2022,1,"PUESTO DE CONTROL TERRESTRE DESAGUADERO","SOYA, harina",84000,"SACO(S)","BOLIVIA"
"29930",2022,1,"PUESTO DE CONTROL TERRESTRE DESAGUADERO","SOYA, torta",114000,"SACO(S)","BOLIVIA"
"29931",2022,1,"PUESTO DE CONTROL TERRESTRE DESAGUADERO","SOYA, torta",84000,"SACO(S)","BOLIVIA"
"29932",2022,1,"PUESTO DE CONTROL TERRESTRE DESAGUADERO","SOYA, torta",143000,"SACO(S)","BOLIVIA"
"29933",2022,1,"SANTA ROSA, TACNA","NECTARINA, fruto fresco",21840,"CAJA(S)","CHILE"
"29934",2022,1,"PUESTO DE CONTROL- CEBAF","CAÑA DE GUAYAQUIL, seca al natural",30000,"UNIDADES","ECUADOR"
"29935",2022,1,"SANTA ROSA, TACNA","MANZANA, fruto fresco",23520,"CAJA(S)","CHILE"
"29936",2022,1,"SANTA ROSA, TACNA","MANZANA, fruto fresco",23520,"CAJA(S)","CHILE"
"29937",2022,1,"SANTA ROSA, TACNA","DURAZNO, fruto fresco",5616,"CAJA(S)","CHILE"
"29938",2022,1,"SANTA ROSA, TACNA","NECTARINA, fruto fresco",7632,"CAJA(S)","CHILE"
"29939",2022,1,"SANTA ROSA, TACNA","CIRUELA, fruto fresco",9360,"CAJA(S)","CHILE"
"29940",2022,1,"SANTA ROSA, TACNA","MANZANA, fruto fresco",22540,"CAJA(S)","CHILE"
"29941",2022,1,"OFICINA PUESTO DE CONTROL MARITIMO - PROV. CONST. DEL CALLAO","ALGODON, fibra sin cardar ni peinar (>28.57 mm = o <34.92 mm)",238291.123,"FARDOS","EEUU"
"29942",2022,1,"OFICINA PUESTO DE CONTROL MARITIMO - PROV. CONST. DEL CALLAO","TRIGO, grano",7409720,"GRANEL","ARGENTINA"
"29943",2022,1,"OFICINA PUESTO DE CONTROL MARITIMO - PROV. CONST. DEL CALLAO","AVENA, grano mondado, perlado, troceado o quebrantado",249570,"GRANEL","CHILE"
"29944",2022,1,"OFICINA PUESTO DE CONTROL MARITIMO - PROV. CONST. DEL CALLAO","LENTEJA, grano",68401,"SACO(S)","EEUU"
"29945",2022,1,"PUESTO DE CONTROL TERRESTRE DESAGUADERO","SOYA, harina",84000,"SACO(S)","BOLIVIA"
"29946",2022,1,"OFICINA PUESTO DE CONTROL AEREO -  PROV. CONST. DEL CALLAO","ALCACHOFA, semilla",231.92,"SOBRES ALUMINIZADOS","ESPAÑA"
"29947",2022,1,"PUERTO DE PISCO , ICA","PINO, postes de madera con algun proceso de la CRF 2",45541,"PIEZAS","EEUU"
"29948",2022,1,"OFICINA PUESTO DE CONTROL MARITIMO - PROV. CONST. DEL CALLAO","UVA (PASAS), secas naturalmente",21000,"CAJA(S)","CHILE"
"29949",2022,1,"OFICINA PUESTO DE CONTROL MARITIMO - PROV. CONST. DEL CALLAO","UVA (PASAS), secas naturalmente",21000,"CAJA(S)","CHILE"
"29950",2022,1,"OFICINA PUESTO DE CONTROL AEREO -  PROV. CONST. DEL CALLAO","YUCA (=MANDIOCA), almidón",50,"SACO(S)","VIETNAM"
"29951",2022,1,"OFICINA PUESTO DE CONTROL MARITIMO - PROV. CONST. DEL CALLAO","CAUCHO, técnicamente especificado (TSNR)",20160,"PIEZAS","INDONESIA"
"29952",2022,1,"OFICINA PUESTO DE CONTROL MARITIMO - PROV. CONST. DEL CALLAO","CAUCHO, técnicamente especificado (TSNR)",20160,"PIEZAS","INDONESIA"
"29953",2022,1,"OFICINA PUESTO DE CONTROL MARITIMO - PROV. CONST. DEL CALLAO","MAIZ, semilla",148340,"BOLSAS","TAILANDIA"
"29954",2022,1,"OFICINA PUESTO DE CONTROL MARITIMO - PROV. CONST. DEL CALLAO","MAIZ AMARILLO DURO, grano",6510320,"GRANEL","ARGENTINA"
"29955",2022,1,"OFICINA PUESTO DE CONTROL AEREO -  PROV. CONST. DEL CALLAO","ARANDANO, planta in vitro",800,"CAJA(S)","EEUU"
"29956",2022,1,"OFICINA PUESTO DE CONTROL MARITIMO - PROV. CONST. DEL CALLAO","MADERA, cajas con algún proceso de la CRF 2",111440,"UNIDADES","CHILE"
"29957",2022,1,"PUESTO DE CONTROL TERRESTRE DESAGUADERO","SOYA, torta",116000,"SACO(S)","BOLIVIA"
"29958",2022,1,"PUESTO DE CONTROL TERRESTRE DESAGUADERO","SOYA, torta",147000,"SACO(S)","BOLIVIA"
"29959",2022,1,"PUESTO DE CONTROL TERRESTRE DESAGUADERO","SOYA, torta",85480,"GRANEL","BOLIVIA"
"29960",2022,1,"PUESTO DE CONTROL TERRESTRE DESAGUADERO","SOYA, torta",109000,"SACO(S)","BOLIVIA"
"29961",2022,1,"OFICINA PUESTO DE CONTROL MARITIMO - PROV. CONST. DEL CALLAO","AZUCAR BLANCA O REFINADA (lectura polarimetrica mayor 99.5°)",265000,"SACO(S)","COLOMBIA"
"29962",2022,1,"OFICINA PUESTO DE CONTROL AEREO -  PROV. CONST. DEL CALLAO","ARANDANO, planta in vitro",60,"CAJA(S)","EEUU"
"29963",2022,1,"SANTA ROSA, TACNA","LIMON TAHITI (Lima tahiti), fruto fresco",24192,"CAJA(S)","CHILE"
"29964",2022,1,"PUESTO DE CONTROL TERRESTRE DESAGUADERO","SOYA, torta",114000,"SACO(S)","BOLIVIA"
"29965",2022,1,"OFICINA PUESTO DE CONTROL MARITIMO - PROV. CONST. DEL CALLAO","ARROZ, grano pilado",6043000,"BIG BAG","URUGUAY"
"29966",2022,1,"OFICINA PUESTO DE CONTROL MARITIMO - PROV. CONST. DEL CALLAO","NARANJA, fruto fresco",21432.24,"CAJA(S)","EEUU"
"29967",2022,1,"OFICINA PUESTO DE CONTROL MARITIMO - PROV. CONST. DEL CALLAO","MAIZ AMARILLO DURO, grano",21893380,"GRANEL","ARGENTINA"
"29968",2022,1,"SANTA ROSA, TACNA","NECTARINA, fruto fresco",9600,"CAJA(S)","CHILE"
"29969",2022,1,"SANTA ROSA, TACNA","CIRUELA, fruto fresco",9360,"CAJA(S)","CHILE"
"29970",2022,1,"SANTA ROSA, TACNA","DURAZNO, fruto fresco",3768,"CAJA(S)","CHILE"
"29971",2022,1,"PUESTO DE CONTROL TERRESTRE DESAGUADERO","MANI, grano sin cáscara",58000,"SACO(S)","BOLIVIA"
"29972",2022,1,"PUESTO DE CONTROL TERRESTRE DESAGUADERO","SOYA, torta",57000,"GRANEL","BOLIVIA"
"29973",2022,1,"PUESTO DE CONTROL TERRESTRE DESAGUADERO","SOYA, torta",116000,"SACO(S)","BOLIVIA"
"29974",2022,1,"SANTA ROSA, TACNA","LIMON SUTIL, fruto fresco",12672,"CAJA(S)","PERU"
"29975",2022,1,"OFICINA PUESTO DE CONTROL MARITIMO - PROV. CONST. DEL CALLAO","ARVEJA, grano partido",64500,"SACO(S)","EEUU"
"29976",2022,1,"SANTA ROSA, TACNA","LIMON TAHITI (Lima tahiti), fruto fresco",12672,"CAJA(S)","PERU"
"29977",2022,1,"OFICINA PUESTO DE CONTROL MARITIMO - PROV. CONST. DEL CALLAO","ARVEJA, grano partido",239312,"SACO(S)","EEUU"
"29978",2022,1,"OFICINA PUESTO DE CONTROL MARITIMO - PROV. CONST. DEL CALLAO","ZANAHORIA, semilla",1000,"CAJA(S)","JAPON"
"29979",2022,1,"OFICINA PUESTO DE CONTROL MARITIMO - PROV. CONST. DEL CALLAO","ZANAHORIA, semilla",1000.2,"SACHETS","JAPON"
"29980",2022,1,"PUESTO DE CONTROL- CEBAF","CAÑA DE GUAYAQUIL, seca al natural",34000,"UNIDADES","ECUADOR"
"29981",2022,1,"OFICINA PUESTO DE CONTROL MARITIMO - PROV. CONST. DEL CALLAO","GOJI, fruta seca industrial",300,"BOLSAS","CHINA"
"29982",2022,1,"OFICINA PUESTO DE CONTROL MARITIMO - PROV. CONST. DEL CALLAO","AZUCAR BLANCA O REFINADA (lectura polarimetrica mayor 99.5°)",265000,"SACO(S)","COLOMBIA"
"29983",2022,1,"PUESTO DE CONTROL TERRESTRE DESAGUADERO","SOYA, torta",57500,"GRANEL","BOLIVIA"
"29984",2022,1,"PUESTO DE CONTROL TERRESTRE DESAGUADERO","SOYA, torta",28500,"GRANEL","BOLIVIA"
"29985",2022,1,"PUESTO DE CONTROL TERRESTRE DESAGUADERO","SOYA, torta",112000,"GRANEL","BOLIVIA"
"29986",2022,1,"PUESTO DE CONTROL TERRESTRE DESAGUADERO","SOYA, torta",56000,"GRANEL","BOLIVIA"
"29987",2022,1,"PUESTO DE CONTROL TERRESTRE DESAGUADERO","SOYA, torta",85500,"GRANEL","BOLIVIA"
"29988",2022,1,"PUESTO DE CONTROL TERRESTRE DESAGUADERO","SOYA, torta",116000,"GRANEL","BOLIVIA"
"29989",2022,1,"PUESTO DE CONTROL TERRESTRE DESAGUADERO","SOYA, torta",57000,"GRANEL","BOLIVIA"
"29990",2022,1,"PUESTO DE CONTROL TERRESTRE DESAGUADERO","SOYA, torta",82470,"GRANEL","BOLIVIA"
"29991",2022,1,"PUESTO DE CONTROL TERRESTRE DESAGUADERO","SOYA, torta",57000,"GRANEL","BOLIVIA"
"29992",2022,1,"PUESTO DE CONTROL TERRESTRE DESAGUADERO","SOYA, torta",85500,"GRANEL","BOLIVIA"
"29993",2022,1,"OFICINA PUESTO DE CONTROL MARITIMO - PROV. CONST. DEL CALLAO","TURBA",79780,"BIG BAG","LETONIA"
"29994",2022,1,"OFICINA PUESTO DE CONTROL MARITIMO - PROV. CONST. DEL CALLAO","TURBA",76925,"BIG BAG","LETONIA"
"29995",2022,1,"PUESTO DE CONTROL TERRESTRE DESAGUADERO","AZUCAR BLANCA O REFINADA (lectura polarimetrica mayor 99.5°)",28078,"SACO(S)","BOLIVIA"
"29996",2022,1,"OFICINA PUESTO DE CONTROL MARITIMO - PROV. CONST. DEL CALLAO","LENTEJA, grano",74979,"SACO(S)","CANADA"
"29997",2022,1,"OFICINA PUESTO DE CONTROL MARITIMO - PROV. CONST. DEL CALLAO","LENTEJA, grano",74979,"SACO(S)","CANADA"
"29998",2022,1,"OFICINA PUESTO DE CONTROL AEREO -  PROV. CONST. DEL CALLAO","ARANDANO, planta in vitro",50,"CAJA(S)","EEUU"
"29999",2022,1,"PUESTO DE CONTROL TERRESTRE DESAGUADERO","SOYA, torta",114500,"SACO(S)","BOLIVIA"
"30000",2022,1,"SANTA ROSA, TACNA","Arados usados
",940,"UNIDADES","HOLANDA"
"30001",2022,1,"IÑAPARI, MADRE DE DIOS","NUEZ DEL BRASIL, con cáscara seca al natural",84420,"SACO(S)","BRASIL"
"30002",2022,1,"PUESTO DE CONTROL TERRESTRE DESAGUADERO","SOYA, torta",54500,"GRANEL","BOLIVIA"
"30003",2022,1,"OFICINA PUESTO DE CONTROL MARITIMO - PROV. CONST. DEL CALLAO","AZUCAR BLANCA O REFINADA (lectura polarimetrica mayor 99.5°)",265000,"SACO(S)","COLOMBIA"
"30004",2022,1,"PUESTO DE CONTROL TERRESTRE DESAGUADERO","SOYA, torta",57000,"GRANEL","BOLIVIA"
"30005",2022,1,"OFICINA PUESTO DE CONTROL MARITIMO - PROV. CONST. DEL CALLAO","AZUCAR BLANCA O REFINADA (lectura polarimetrica mayor 99.5°)",53000,"SACO(S)","COLOMBIA"
"30006",2022,1,"PUESTO DE CONTROL TERRESTRE DESAGUADERO","SOYA, torta",55000,"GRANEL","BOLIVIA"
"30007",2022,1,"PUESTO DE CONTROL TERRESTRE DESAGUADERO","SOYA, torta",56400,"GRANEL","BOLIVIA"
"30008",2022,1,"PUESTO DE CONTROL TERRESTRE DESAGUADERO","SOYA, torta",111000,"GRANEL","BOLIVIA"
"30009",2022,1,"PUESTO DE CONTROL TERRESTRE DESAGUADERO","SOYA, torta",55000,"GRANEL","BOLIVIA"
"30010",2022,1,"OFICINA PUESTO DE CONTROL AEREO -  PROV. CONST. DEL CALLAO","PALMA ACEITERA, semilla germinada",58,"CAJA(S)","BENIN"
"30011",2022,1,"OFICINA PUESTO DE CONTROL MARITIMO - PROV. CONST. DEL CALLAO","PAPA, fécula",104000,"SACO(S)","POLONIA"
"30012",2022,1,"OFICINA PUESTO DE CONTROL MARITIMO - PROV. CONST. DEL CALLAO","LENTEJA, grano",52558,"SACO(S)","CANADA"
"30013",2022,1,"OFICINA PUESTO DE CONTROL MARITIMO - PROV. CONST. DEL CALLAO","MOSTAZA, grano",24000,"SACO(S)","CANADA"
"30014",2022,1,"OFICINA PUESTO DE CONTROL MARITIMO - PROV. CONST. DEL CALLAO","ALGODON, fibra sin cardar ni peinar (>22.22 mm = o <28.57 mm)",17860,"FARDOS","EEUU"
"30015",2022,1,"PUESTO DE CONTROL TERRESTRE DESAGUADERO","SOYA, torta",84010,"GRANEL","BOLIVIA"
"30016",2022,1,"OFICINA PUESTO DE CONTROL MARITIMO - PROV. CONST. DEL CALLAO","COCO, fibra (para sustrato)",51540,"PALETAS","SRI LANKA"
"30017",2022,1,"OFICINA PUESTO DE CONTROL MARITIMO - PROV. CONST. DEL CALLAO","MAIZ REVENTON, grano",51982.56,"SACO(S)","ARGENTINA"
"30018",2022,1,"OFICINA PUESTO DE CONTROL MARITIMO - PROV. CONST. DEL CALLAO","LENTEJA, grano",79017,"SACO(S)","CANADA"
"30019",2022,1,"OFICINA PUESTO DE CONTROL MARITIMO - PROV. CONST. DEL CALLAO","MAIZ REVENTON, grano",129956.4,"SACO(S)","ARGENTINA"
"30020",2022,1,"OFICINA PUESTO DE CONTROL MARITIMO - PROV. CONST. DEL CALLAO","LAS DEMAS MATERIAS VEGETALES y desperdicios vegetales, residuos y subproductos vegetales",100,"BOLSAS","EEUU"
"30021",2022,1,"PUESTO DE CONTROL TERRESTRE DESAGUADERO","SOYA, torta",84000,"GRANEL","BOLIVIA"
"30022",2022,1,"PUESTO DE CONTROL TERRESTRE DESAGUADERO","SOYA, harina",143000,"SACO(S)","BOLIVIA"
"30023",2022,1,"PUESTO DE CONTROL TERRESTRE DESAGUADERO","SOYA, torta",179000,"SACO(S)","BOLIVIA"
"30024",2022,1,"OFICINA PUESTO DE CONTROL MARITIMO - PROV. CONST. DEL CALLAO","TRIGO, grano",4725000,"GRANEL","ARGENTINA"
"30025",2022,1,"OFICINA PUESTO DE CONTROL MARITIMO - PROV. CONST. DEL CALLAO","PINO, madera aserrada con tratamiento de secado al horno impregnación de sales",120650,"PAQUETES","CHILE"
"30026",2022,1,"PUESTO DE CONTROL TERRESTRE DESAGUADERO","SOYA, torta",143070,"SACO(S)","BOLIVIA"
"30027",2022,1,"PUESTO DE CONTROL TERRESTRE DESAGUADERO","SOYA, torta",114430,"SACO(S)","BOLIVIA"
"30028",2022,1,"PUESTO DE CONTROL TERRESTRE DESAGUADERO","SOYA, torta",114320,"SACO(S)","BOLIVIA"
"30029",2022,1,"PUESTO DE CONTROL TERRESTRE DESAGUADERO","SOYA, torta",143130,"SACO(S)","BOLIVIA"
"30030",2022,1,"PUESTO DE CONTROL TERRESTRE DESAGUADERO","SOYA, torta",114700,"SACO(S)","BOLIVIA"
"30031",2022,1,"PUESTO DE CONTROL TERRESTRE DESAGUADERO","SOYA, torta",114000,"SACO(S)","BOLIVIA"
"30032",2022,1,"PUESTO DE CONTROL TERRESTRE DESAGUADERO","SOYA, torta",113500,"SACO(S)","BOLIVIA"
"30033",2022,1,"PUESTO DE CONTROL TERRESTRE DESAGUADERO","SOYA, torta",115000,"SACO(S)","BOLIVIA"
"30034",2022,1,"PUESTO DE CONTROL TERRESTRE DESAGUADERO","SOYA, torta",114500,"SACO(S)","BOLIVIA"
"30035",2022,1,"PUESTO DE CONTROL TERRESTRE DESAGUADERO","SOYA, harina",114500,"SACO(S)","BOLIVIA"
"30036",2022,1,"PUESTO DE CONTROL TERRESTRE DESAGUADERO","SOYA, harina",114000,"SACO(S)","BOLIVIA"
"30037",2022,1,"PUESTO DE CONTROL TERRESTRE DESAGUADERO","SOYA, torta",113500,"SACO(S)","BOLIVIA"
"30038",2022,1,"PUESTO DE CONTROL TERRESTRE DESAGUADERO","SOYA, torta",113500,"SACO(S)","BOLIVIA"
"30039",2022,1,"SANTA ROSA, TACNA","MAIZ REVENTON, grano",26000,"SACO(S)","ARGENTINA"
"30040",2022,1,"PUESTO DE CONTROL TERRESTRE DESAGUADERO","SOYA, torta",144500,"SACO(S)","BOLIVIA"
"30041",2022,1,"OFICINA PUESTO DE CONTROL MARITIMO - PROV. CONST. DEL CALLAO","CANELA, corteza entera seca al natural",14000,"CAJA(S)","SRI LANKA"
"30042",2022,1,"PUESTO DE CONTROL TERRESTRE DESAGUADERO","SOYA, harina",145000,"SACO(S)","BOLIVIA"
"30043",2022,1,"PUESTO DE CONTROL TERRESTRE DESAGUADERO","SOYA, torta",84000,"GRANEL","BOLIVIA"
"30044",2022,1,"PUESTO DE CONTROL TERRESTRE DESAGUADERO","SOYA, torta",27894,"SACO(S)","BOLIVIA"
"30045",2022,1,"PUESTO DE CONTROL TERRESTRE DESAGUADERO","SOYA, torta",56480,"GRANEL","BOLIVIA"
"30046",2022,1,"PUESTO DE CONTROL TERRESTRE DESAGUADERO","SOYA, torta",27000,"GRANEL","BOLIVIA"
"30047",2022,1,"PUESTO DE CONTROL TERRESTRE DESAGUADERO","SOYA, harina",55109,"SACO(S)","BOLIVIA"
"30048",2022,1,"OFICINA PUESTO DE CONTROL MARITIMO - PROV. CONST. DEL CALLAO","PINO, madera aserrada con algún proceso de la CRF2",86336,"PIEZAS","CHILE"
"30049",2022,1,"OFICINA PUESTO DE CONTROL MARITIMO - PROV. CONST. DEL CALLAO","MORINGA, polvo",500,"CAJA(S)","INDIA"
"30050",2022,1,"OFICINA PUESTO DE CONTROL MARITIMO - PROV. CONST. DEL CALLAO","MAIZ REVENTON, grano",40824,"SACO(S)","EEUU"
"30051",2022,1,"OFICINA PUESTO DE CONTROL MARITIMO - PROV. CONST. DEL CALLAO","ALGODON, fibra sin cardar ni peinar (>28.57 mm = o <34.92 mm)",80670,"FARDOS","EEUU"
"30052",2022,1,"SANTA ROSA, TACNA","MANZANA, fruto fresco",22540,"CAJA(S)","CHILE"
"30053",2022,1,"SANTA ROSA, TACNA","MANZANA, fruto fresco",23520,"CAJA(S)","CHILE"
"30054",2022,1,"SANTA ROSA, TACNA","MANZANA, fruto fresco",23520,"CAJA(S)","CHILE"
"30055",2022,1,"SANTA ROSA, TACNA","MANZANA, fruto fresco",22540,"CAJA(S)","CHILE"
"30056",2022,1,"PUESTO DE CONTROL TERRESTRE DESAGUADERO","SOYA, torta",57000,"GRANEL","BOLIVIA"
"30057",2022,1,"OFICINA PUESTO DE CONTROL MARITIMO - PROV. CONST. DEL CALLAO","MAIZ, harina",21000,"PACAS","COLOMBIA"
"30058",2022,1,"OFICINA PUESTO DE CONTROL MARITIMO - PROV. CONST. DEL CALLAO","LENTEJA, grano",23587,"SACO(S)","EEUU"
"30059",2022,1,"PUESTO DE CONTROL TERRESTRE DESAGUADERO","SOYA, harina",147000,"SACO(S)","BOLIVIA"
"30060",2022,1,"PUESTO DE CONTROL TERRESTRE DESAGUADERO","SOYA, torta",118000,"SACO(S)","BOLIVIA"
"30061",2022,1,"PUESTO DE CONTROL TERRESTRE DESAGUADERO","SOYA, harina",145000,"SACO(S)","BOLIVIA"
"30062",2022,1,"PUESTO DE CONTROL TERRESTRE DESAGUADERO","SOYA, torta",117500,"SACO(S)","BOLIVIA"
"30063",2022,1,"PUESTO DE CONTROL TERRESTRE DESAGUADERO","SOYA, torta",206000,"SACO(S)","BOLIVIA"
"30064",2022,1,"OFICINA PUESTO DE CONTROL MARITIMO - PROV. CONST. DEL CALLAO","ARROZ, grano pilado",102000,"BOLSAS","BRASIL"
"30065",2022,1,"OFICINA PUESTO DE CONTROL MARITIMO - PROV. CONST. DEL CALLAO","ARROZ, grano pilado",25500,"BOLSAS","BRASIL"
"30066",2022,1,"OFICINA PUESTO DE CONTROL MARITIMO - PROV. CONST. DEL CALLAO","ARROZ, grano pilado",102000,"BOLSAS","BRASIL"
"30067",2022,1,"OFICINA PUESTO DE CONTROL MARITIMO - PROV. CONST. DEL CALLAO","MAIZ AMARILLO DURO, grano",4101750,"GRANEL","ARGENTINA"
"30068",2022,1,"OFICINA PUESTO DE CONTROL MARITIMO - PROV. CONST. DEL CALLAO","MADERA EN PLAQUITAS, o particulas distinta de coníferas con algún proceso de la CRF 2",15120,"SACO(S)","ALEMANIA"
"30069",2022,1,"OFICINA PUESTO DE CONTROL MARITIMO - PROV. CONST. DEL CALLAO","MAIZ AMARILLO DURO, grano",7821920,"GRANEL","ARGENTINA"
"30070",2022,1,"OFICINA PUESTO DE CONTROL MARITIMO - PROV. CONST. DEL CALLAO","MAIZ AMARILLO DURO, grano",10022280,"GRANEL","ARGENTINA"
"30071",2022,1,"OFICINA PUESTO DE CONTROL MARITIMO - PROV. CONST. DEL CALLAO","MAIZ AMARILLO DURO, grano",10047650,"GRANEL","ARGENTINA"
"30072",2022,1,"PUESTO DE CONTROL TERRESTRE DESAGUADERO","SOYA, torta",116000,"SACO(S)","BOLIVIA"
"30073",2022,1,"OFICINA PUESTO DE CONTROL AEREO -  PROV. CONST. DEL CALLAO","CEBOLLA, semilla",95.873,"SACHETS","ISRAEL"
"30074",2022,1,"OFICINA PUESTO DE CONTROL AEREO -  PROV. CONST. DEL CALLAO","TOMATE, semilla",27.628,"SACHETS","ISRAEL"
"30075",2022,1,"OFICINA PUESTO DE CONTROL MARITIMO - PROV. CONST. DEL CALLAO","CEBOLLA, triturada o pulverizada",10000,"CAJA(S)","CHINA"
"30076",2022,1,"OFICINA PUESTO DE CONTROL MARITIMO - PROV. CONST. DEL CALLAO","AJO, polvo",16500,"CAJA(S)","CHINA"
"30077",2022,1,"OFICINA PUESTO DE CONTROL MARITIMO - PROV. CONST. DEL CALLAO","NUEZ MOSCADA, triturada o molida",500,"CAJA(S)","CHINA"
"30078",2022,1,"PUERTO DE PAITA , PIURA","TURBA",207880,"BIG BAG","LETONIA"
"30079",2022,1,"OFICINA PUESTO DE CONTROL MARITIMO - PROV. CONST. DEL CALLAO","FREJOL CASTILLA (=FREJOL CAUPI), grano",24000,"BIG BAG","INGLATERRA"
"30080",2022,1,"OFICINA PUESTO DE CONTROL MARITIMO - PROV. CONST. DEL CALLAO","CHIA, grano",40000,"BOLSAS","PARAGUAY"
"30081",2022,1,"OFICINA PUESTO DE CONTROL AEREO -  PROV. CONST. DEL CALLAO","TOMATE, semilla",0.181,"SACHETS","ISRAEL"
"30082",2022,1,"OFICINA PUESTO DE CONTROL AEREO -  PROV. CONST. DEL CALLAO","PIMIENTO, semilla",0.132,"SACHETS","ISRAEL"
"30083",2022,1,"OFICINA PUESTO DE CONTROL MARITIMO - PROV. CONST. DEL CALLAO","UVA (PASAS), secas naturalmente",23000,"CAJA(S)","ARGENTINA"
"30084",2022,1,"OFICINA PUESTO DE CONTROL MARITIMO - PROV. CONST. DEL CALLAO","TRIGO, grano",4750000,"GRANEL","ARGENTINA"
"30085",2022,1,"OFICINA PUESTO DE CONTROL MARITIMO - PROV. CONST. DEL CALLAO","MADERA, monturas y mangos de herramientas, monturas y mangos de cepillos, brochas o escobas, de madera; hormas, ensanchadores y tensores del calzado, de madera ; con algún proceso de la CRF 2",325.511,"PIEZAS","MEXICO"
"30086",2022,1,"OFICINA PUESTO DE CONTROL MARITIMO - PROV. CONST. DEL CALLAO","MADERA, monturas y mangos de herramientas, monturas y mangos de cepillos, brochas o escobas, de madera; hormas, ensanchadores y tensores del calzado, de madera ; con algún proceso de la CRF 2",1.117,"PIEZAS","MEXICO"
"30087",2022,1,"SANTA ROSA, TACNA","MANZANA, fruto fresco",22540,"CAJA(S)","CHILE"
"30088",2022,1,"SANTA ROSA, TACNA","MANZANA, fruto fresco",23520,"CAJA(S)","CHILE"
"30089",2022,1,"OFICINA PUESTO DE CONTROL MARITIMO - PROV. CONST. DEL CALLAO","ALGODON, fibra sin cardar ni peinar (>28.57 mm = o <34.92 mm)",18810,"FARDOS","EEUU"
"30090",2022,1,"OFICINA PUESTO DE CONTROL MARITIMO - PROV. CONST. DEL CALLAO","COCO, fibra (para sustrato)",46800,"BOLSAS","SRI LANKA"
"30091",2022,1,"OFICINA PUESTO DE CONTROL MARITIMO - PROV. CONST. DEL CALLAO","CANELA, corteza entera seca al natural",825,"BOLSAS","SRI LANKA"
"30092",2022,1,"OFICINA PUESTO DE CONTROL MARITIMO - PROV. CONST. DEL CALLAO","CANELA, corteza entera seca al natural",300,"CAJA(S)","SRI LANKA"
"30093",2022,1,"PUESTO DE CONTROL TERRESTRE DESAGUADERO","SOYA, torta",115550,"SACO(S)","BOLIVIA"
"30094",2022,1,"PUESTO DE CONTROL TERRESTRE DESAGUADERO","SOYA, torta",143000,"SACO(S)","BOLIVIA"
"30095",2022,1,"PUESTO DE CONTROL TERRESTRE DESAGUADERO","AZUCAR BLANCA O REFINADA (lectura polarimetrica mayor 99.5°)",116000,"SACO(S)","BOLIVIA"
"30096",2022,1,"PUESTO DE CONTROL TERRESTRE DESAGUADERO","AZUCAR BLANCA O REFINADA (lectura polarimetrica mayor 99.5°)",29000,"SACO(S)","BOLIVIA"
"30097",2022,1,"PUESTO DE CONTROL TERRESTRE DESAGUADERO","AZUCAR BLANCA O REFINADA (lectura polarimetrica mayor 99.5°)",22000,"SACO(S)","BOLIVIA"
"30098",2022,1,"PUESTO DE CONTROL TERRESTRE DESAGUADERO","GIRASOL, torta",26160,"GRANEL","BOLIVIA"
"30099",2022,1,"PUESTO DE CONTROL TERRESTRE DESAGUADERO","SOYA, torta",56000,"GRANEL","BOLIVIA"
"30100",2022,1,"PUESTO DE CONTROL TERRESTRE DESAGUADERO","SOYA, torta",54960,"GRANEL","BOLIVIA"
"30101",2022,1,"PUESTO DE CONTROL- CEBAF","SACHA INCHI, grano",6000,"SACO(S)","COLOMBIA"
"30102",2022,1,"OFICINA PUESTO DE CONTROL MARITIMO - PROV. CONST. DEL CALLAO","AVENA, grano aplastado o en copos (hojuelas)",104000,"SACO(S)","CHILE"
"30103",2022,1,"PUESTO DE CONTROL- CEBAF","SACHA INCHI, grano",7470,"SACO(S)","COLOMBIA"
"30104",2022,1,"OFICINA PUESTO DE CONTROL MARITIMO - PROV. CONST. DEL CALLAO","PINO, madera aserrada con algún proceso de la CRF2",12474.704,"PAQUETES","CHILE"
"30105",2022,1,"PUESTO DE CONTROL- CEBAF","TORTA Y DEMAS RESIDUOS VEGETALES, incluso molidos o en pellets",2730,"SACO(S)","COLOMBIA"
"30106",2022,1,"OFICINA PUESTO DE CONTROL MARITIMO - PROV. CONST. DEL CALLAO","MADERA, encofrados para hormigon, de madera con algún proceso de la CRF2
",25937,"PIEZAS","ALEMANIA"
"30107",2022,1,"OFICINA PUESTO DE CONTROL MARITIMO - PROV. CONST. DEL CALLAO","CANELA, corteza entera seca al natural",14480,"BOLSAS","SRI LANKA"
"30108",2022,1,"OFICINA PUESTO DE CONTROL MARITIMO - PROV. CONST. DEL CALLAO","PAPA, fécula",105000,"SACO(S)","POLONIA"
"30109",2022,1,"OFICINA PUESTO DE CONTROL MARITIMO - PROV. CONST. DEL CALLAO","PINO, madera aserrada con algún proceso de la CRF2",202159,"PAQUETES","CHILE"
"30110",2022,1,"OFICINA PUESTO DE CONTROL MARITIMO - PROV. CONST. DEL CALLAO","AJO, polvo",2000,"CAJA(S)","CHINA"
"30111",2022,1,"PUESTO DE CONTROL TERRESTRE DESAGUADERO","SOYA, torta",56010,"GRANEL","BOLIVIA"
"30112",2022,1,"OFICINA PUESTO DE CONTROL MARITIMO - PROV. CONST. DEL CALLAO","ALGODON, fibra sin cardar ni peinar (>28.57 mm = o <34.92 mm)",78330,"FARDOS","EEUU"
"30113",2022,1,"PUESTO DE CONTROL TERRESTRE DESAGUADERO","MANI, grano sin cáscara",30000,"SACO(S)","BOLIVIA"
"30114",2022,1,"PUESTO DE CONTROL- CEBAF","TARA, vaina seca al natural",28980,"SACO(S)","ECUADOR"
"30115",2022,1,"PUESTO DE CONTROL- CEBAF","TARA, vaina seca al natural",1050,"SACO(S)","ECUADOR"
"30116",2022,1,"OFICINA PUESTO DE CONTROL MARITIMO - PROV. CONST. DEL CALLAO","MADERA, marcos",6379.422,"UNIDADES","CHINA"
"30117",2022,1,"OFICINA PUESTO DE CONTROL MARITIMO - PROV. CONST. DEL CALLAO","TE VERDE",19500,"SACO(S)","CHINA"
"30118",2022,1,"OFICINA PUESTO DE CONTROL MARITIMO - PROV. CONST. DEL CALLAO","MADERA, monturas y mangos de herramientas, monturas y mangos de cepillos, brochas o escobas, de madera; hormas, ensanchadores y tensores del calzado, de madera ; con algún proceso de la CRF 2",53834.89,"SACO(S)","CHINA"
"30119",2022,1,"OFICINA PUESTO DE CONTROL MARITIMO - PROV. CONST. DEL CALLAO","MATERIA VEGETAL, trenzas, materia trenzable incluso ensamblados en tiras tejidos o paralelizados en forma plana con algún proceso de la CRF 2",256,"BOLSAS","CHINA"
"30120",2022,1,"PUESTO DE CONTROL- CEBAF","CAÑA DE GUAYAQUIL, seca al natural",34000,"UNIDADES","ECUADOR"
"30121",2022,1,"PUESTO DE CONTROL TERRESTRE DESAGUADERO","GIRASOL, torta",25000,"GRANEL","BOLIVIA"
"30122",2022,1,"PUESTO DE CONTROL TERRESTRE DESAGUADERO","SOYA, torta",58000,"GRANEL","BOLIVIA"
"30123",2022,1,"PUESTO DE CONTROL TERRESTRE DESAGUADERO","SOYA, torta",57000,"GRANEL","BOLIVIA"
"30124",2022,1,"PUESTO DE CONTROL TERRESTRE DESAGUADERO","SOYA, torta",26000,"GRANEL","BOLIVIA"
"30125",2022,1,"PUESTO DE CONTROL TERRESTRE DESAGUADERO","SOYA, harina",57047,"SACO(S)","BOLIVIA"
"30126",2022,1,"PUESTO DE CONTROL TERRESTRE DESAGUADERO","SOYA, harina",57874,"SACO(S)","BOLIVIA"
"30127",2022,1,"PUESTO DE CONTROL TERRESTRE DESAGUADERO","SOYA, torta",84000,"GRANEL","BOLIVIA"
"30128",2022,1,"OFICINA PUESTO DE CONTROL MARITIMO - PROV. CONST. DEL CALLAO","LUPULO, pellets",17500,"CAJA(S)","ALEMANIA"
"30129",2022,1,"OFICINA PUESTO DE CONTROL MARITIMO - PROV. CONST. DEL CALLAO","COCO, fibra (para sustrato)",48800,"PALETAS","INDIA"
"30130",2022,1,"OFICINA PUESTO DE CONTROL MARITIMO - PROV. CONST. DEL CALLAO","COCO, fibra (para sustrato)",48400,"PALETAS","INDIA"
"30131",2022,1,"OFICINA PUESTO DE CONTROL MARITIMO - PROV. CONST. DEL CALLAO","COCO, fibra (para sustrato)",48400,"PALETAS","INDIA"
"30132",2022,1,"OFICINA PUESTO DE CONTROL MARITIMO - PROV. CONST. DEL CALLAO","COCO, fibra (para sustrato)",120000,"PALETAS","INDIA"
"30133",2022,1,"OFICINA PUESTO DE CONTROL MARITIMO - PROV. CONST. DEL CALLAO","COCO, fibra (para sustrato)",47600,"PALETAS","INDIA"
"30134",2022,1,"OFICINA PUESTO DE CONTROL MARITIMO - PROV. CONST. DEL CALLAO","COCO, fibra (para sustrato)",120000,"PALETAS","INDIA"
"30135",2022,1,"OFICINA PUESTO DE CONTROL MARITIMO - PROV. CONST. DEL CALLAO","LUPULO, pellets",14050,"PALETAS","ALEMANIA"
"30136",2022,1,"PUESTO DE CONTROL- CEBAF","CAÑA DE GUAYAQUIL, seca al natural",34000,"UNIDADES","ECUADOR"
"30137",2022,1,"OFICINA PUESTO DE CONTROL AEREO -  PROV. CONST. DEL CALLAO","MELON, semilla",3.406,"SACHETS","EEUU"
"30138",2022,1,"OFICINA PUESTO DE CONTROL AEREO -  PROV. CONST. DEL CALLAO","SANDIA, semilla",3.793,"SACHETS","EEUU"
"30139",2022,1,"OFICINA PUESTO DE CONTROL AEREO -  PROV. CONST. DEL CALLAO","PIMIENTO, semilla",0.467,"SACHETS","HOLANDA"
"30140",2022,1,"PUESTO DE CONTROL TERRESTRE DESAGUADERO","SOYA, torta",115000,"SACO(S)","BOLIVIA"
"30141",2022,1,"OFICINA PUESTO DE CONTROL MARITIMO - PROV. CONST. DEL CALLAO","MANZANA, fruto fresco",14347.2,"CAJA(S)","ARGENTINA"
"30142",2022,1,"OFICINA PUESTO DE CONTROL MARITIMO - PROV. CONST. DEL CALLAO","PERA, fruta fresca",8070.3,"CAJA(S)","ARGENTINA"
"30143",2022,1,"PUESTO DE CONTROL TERRESTRE DESAGUADERO","SOYA, torta",114500,"SACO(S)","BOLIVIA"
"30144",2022,1,"PUESTO DE CONTROL TERRESTRE DESAGUADERO","SOYA, torta",85500,"SACO(S)","BOLIVIA"
"30145",2022,1,"OFICINA PUESTO DE CONTROL AEREO -  PROV. CONST. DEL CALLAO","TOMATE, semilla",0.04,"SACHETS","HOLANDA"
"30146",2022,1,"PUESTO DE CONTROL TERRESTRE DESAGUADERO","SOYA, harina",145000,"SACO(S)","BOLIVIA"
"30147",2022,1,"OFICINA PUESTO DE CONTROL MARITIMO - PROV. CONST. DEL CALLAO","ALGODON, fibra sin cardar ni peinar (>22.22 mm = o <28.57 mm)",120000,"FARDOS","EEUU"
"30148",2022,1,"OFICINA PUESTO DE CONTROL MARITIMO - PROV. CONST. DEL CALLAO","KIWI, fruto fresco",16416,"CAJA(S)","EEUU"
"30149",2022,1,"OFICINA PUESTO DE CONTROL MARITIMO - PROV. CONST. DEL CALLAO","KIWI, fruto fresco",16416,"CAJA(S)","EEUU"
"30150",2022,1,"PUESTO DE CONTROL TERRESTRE DESAGUADERO","SOYA, torta",84000,"GRANEL","BOLIVIA"
"30151",2022,1,"PUESTO DE CONTROL TERRESTRE DESAGUADERO","SOYA, torta",115000,"GRANEL","BOLIVIA"
"30152",2022,1,"PUESTO DE CONTROL TERRESTRE DESAGUADERO","SOYA, torta",114000,"SACO(S)","BOLIVIA"
"30153",2022,1,"PUESTO DE CONTROL TERRESTRE DESAGUADERO","SOYA, torta",138980,"GRANEL","BOLIVIA"
"30154",2022,1,"PUESTO DE CONTROL TERRESTRE DESAGUADERO","SOYA, torta",56000,"GRANEL","BOLIVIA"
"30155",2022,1,"PUESTO DE CONTROL- CEBAF","CAÑA DE GUAYAQUIL, seca al natural",64000,"UNIDADES","ECUADOR"
"30156",2022,1,"OFICINA PUESTO DE CONTROL MARITIMO - PROV. CONST. DEL CALLAO","CEBOLLA, triturada o pulverizada",384.576,"PAQUETES","EEUU"
"30157",2022,1,"OFICINA PUESTO DE CONTROL MARITIMO - PROV. CONST. DEL CALLAO","AJO, polvo",816,"PAQUETES","EEUU"
"30158",2022,1,"OFICINA PUESTO DE CONTROL MARITIMO - PROV. CONST. DEL CALLAO","ALBAHACA, triturada",40.896,"PAQUETES","EEUU"
"30159",2022,1,"OFICINA PUESTO DE CONTROL MARITIMO - PROV. CONST. DEL CALLAO","CULANTRO, polvo",12.269,"PAQUETES","EEUU"
"30160",2022,1,"OFICINA PUESTO DE CONTROL MARITIMO - PROV. CONST. DEL CALLAO","PEREJIL, hoja seca industrial",12.269,"PAQUETES","EEUU"
"30161",2022,1,"OFICINA PUESTO DE CONTROL MARITIMO - PROV. CONST. DEL CALLAO","PIÑON, sin cascara seca industrialmente",16.301,"PAQUETES","EEUU"
"30162",2022,1,"OFICINA PUESTO DE CONTROL MARITIMO - PROV. CONST. DEL CALLAO","PIMIENTA, grano seco industrial(presentado en frascos y sachet)",283.854,"PAQUETES","EEUU"
"30163",2022,1,"OFICINA PUESTO DE CONTROL MARITIMO - PROV. CONST. DEL CALLAO","PIMIENTA, molida",1569.072,"PAQUETES","EEUU"
"30164",2022,1,"OFICINA PUESTO DE CONTROL MARITIMO - PROV. CONST. DEL CALLAO","PIMENTON, polvo",353.664,"PAQUETES","EEUU"
"30165",2022,1,"OFICINA PUESTO DE CONTROL MARITIMO - PROV. CONST. DEL CALLAO","LOS DEMAS FRUTOS, del género Capsicum o pimienta triturados o pulverizados",212.333,"PAQUETES","EEUU"
"30166",2022,1,"OFICINA PUESTO DE CONTROL MARITIMO - PROV. CONST. DEL CALLAO","LOS DEMAS FRUTOS, del género Capsicum o pimienta triturados o pulverizados",50.779,"UNIDADES","EEUU"
"30167",2022,1,"OFICINA PUESTO DE CONTROL MARITIMO - PROV. CONST. DEL CALLAO","CANELA, corteza entera secada industrialmente",73.613,"UNIDADES","EEUU"
"30168",2022,1,"OFICINA PUESTO DE CONTROL MARITIMO - PROV. CONST. DEL CALLAO","CANELA, triturada o pulverizada (molida)",547.142,"PAQUETES","EEUU"
"30169",2022,1,"OFICINA PUESTO DE CONTROL MARITIMO - PROV. CONST. DEL CALLAO","NUEZ MOSCADA, triturada o molida",163.296,"PAQUETES","EEUU"
"30170",2022,1,"OFICINA PUESTO DE CONTROL MARITIMO - PROV. CONST. DEL CALLAO","COMINO, triturado y/o pulverizado",424.397,"PAQUETES","EEUU"
"30171",2022,1,"OFICINA PUESTO DE CONTROL MARITIMO - PROV. CONST. DEL CALLAO","JENJIBRE(=KION), triturado o pulverizado",183.6,"PAQUETES","EEUU"
"30172",2022,1,"OFICINA PUESTO DE CONTROL MARITIMO - PROV. CONST. DEL CALLAO","LAUREL, hoja seca industrial",3.283,"PAQUETES","EEUU"
"30173",2022,1,"OFICINA PUESTO DE CONTROL MARITIMO - PROV. CONST. DEL CALLAO","CURRY, secas industrial o trituradas o molidas",190.512,"PAQUETES","EEUU"
"30174",2022,1,"OFICINA PUESTO DE CONTROL MARITIMO - PROV. CONST. DEL CALLAO","ESTRAGON (=ARTEMIASA), seco industrial",27.264,"PAQUETES","EEUU"
"30175",2022,1,"OFICINA PUESTO DE CONTROL MARITIMO - PROV. CONST. DEL CALLAO","TOMILLO, triturado o molido",95.356,"PAQUETES","EEUU"
"30176",2022,1,"OFICINA PUESTO DE CONTROL MARITIMO - PROV. CONST. DEL CALLAO","AJONJOLI, grano con algún proceso de la CRF 2",86.744,"PAQUETES","EEUU"
"30177",2022,1,"OFICINA PUESTO DE CONTROL MARITIMO - PROV. CONST. DEL CALLAO","OREGANO, seco industrial",160.176,"PAQUETES","EEUU"
"30178",2022,1,"OFICINA PUESTO DE CONTROL MARITIMO - PROV. CONST. DEL CALLAO","ROMERO, secado industrial",46.301,"PAQUETES","EEUU"
"30179",2022,1,"OFICINA PUESTO DE CONTROL MARITIMO - PROV. CONST. DEL CALLAO","ACHIOTE, molido",187.2,"PAQUETES","EEUU"
"30180",2022,1,"OFICINA PUESTO DE CONTROL MARITIMO - PROV. CONST. DEL CALLAO","MOSTAZA, polvo",54.432,"PAQUETES","EEUU"
"30181",2022,1,"PUESTO DE CONTROL TERRESTRE DESAGUADERO","SOYA, torta",84000,"GRANEL","BOLIVIA"
"30182",2022,1,"PUESTO DE CONTROL TERRESTRE DESAGUADERO","SOYA, torta",87000,"SACO(S)","BOLIVIA"
"30183",2022,1,"OFICINA PUESTO DE CONTROL MARITIMO - PROV. CONST. DEL CALLAO","AZUCAR BLANCA O REFINADA (lectura polarimetrica mayor 99.5°)",132500,"SACO(S)","COLOMBIA"
"30184",2022,1,"OFICINA PUESTO DE CONTROL MARITIMO - PROV. CONST. DEL CALLAO","PINO, madera aserrada con algún proceso de la CRF2",139404,"PAQUETES","CHILE"
"30185",2022,1,"PUESTO DE CONTROL TERRESTRE DESAGUADERO","SOYA, torta",145000,"SACO(S)","BOLIVIA"
"30186",2022,1,"PUESTO DE CONTROL TERRESTRE DESAGUADERO","AZUCAR CRUDA, sólido",142000,"SACO(S)","BOLIVIA"
"30187",2022,1,"OFICINA PUESTO DE CONTROL MARITIMO - PROV. CONST. DEL CALLAO","CANELA, corteza entera seca al natural",13500,"CAJA(S)","SRI LANKA"
"30188",2022,1,"OFICINA PUESTO DE CONTROL MARITIMO - PROV. CONST. DEL CALLAO","NARANJA, fruto fresco",16833,"CAJA(S)","EEUU"
"30189",2022,1,"OFICINA PUESTO DE CONTROL MARITIMO - PROV. CONST. DEL CALLAO","NARANJA, fruto fresco",16290,"CAJA(S)","EEUU"
"30190",2022,1,"PUESTO DE CONTROL TERRESTRE DESAGUADERO","SOYA, torta",54000,"GRANEL","BOLIVIA"
"30191",2022,1,"PUESTO DE CONTROL TERRESTRE DESAGUADERO","SOYA, torta",141500,"SACO(S)","BOLIVIA"
"30192",2022,1,"PUESTO DE CONTROL TERRESTRE DESAGUADERO","SOYA, torta",114500,"SACO(S)","BOLIVIA"
"30193",2022,1,"PUESTO DE CONTROL TERRESTRE DESAGUADERO","SOYA, torta",142500,"SACO(S)","BOLIVIA"
"30194",2022,1,"PUESTO DE CONTROL TERRESTRE DESAGUADERO","SOYA, harina",145000,"SACO(S)","BOLIVIA"
"30195",2022,1,"OFICINA PUESTO DE CONTROL MARITIMO - PROV. CONST. DEL CALLAO","MADERA, monturas y mangos de herramientas, monturas y mangos de cepillos, brochas o escobas, de madera; hormas, ensanchadores y tensores del calzado, de madera ; con algún proceso de la CRF 2",53950.5,"SACO(S)","CHINA"
"30196",2022,1,"PUESTO DE CONTROL TERRESTRE DESAGUADERO","SOYA, torta",116000,"SACO(S)","BOLIVIA"
"30197",2022,1,"OFICINA PUESTO DE CONTROL MARITIMO - PROV. CONST. DEL CALLAO","CAUCHO, hojas ahumadas",42000,"PACAS","VIETNAM"
"30198",2022,1,"PUESTO DE CONTROL TERRESTRE DESAGUADERO","AZUCAR BLANCA O REFINADA (lectura polarimetrica mayor 99.5°)",87000,"SACO(S)","BOLIVIA"
"30199",2022,1,"OFICINA PUESTO DE CONTROL MARITIMO - PROV. CONST. DEL CALLAO","CAUCHO, técnicamente especificado (TSNR)",40320,"PAQUETES","GUATEMALA"
"30200",2022,1,"PUESTO DE CONTROL TERRESTRE DESAGUADERO","SOYA, torta",54500,"GRANEL","BOLIVIA"
"30201",2022,1,"IÑAPARI, MADRE DE DIOS","ARROZ, parbolizado pulido o sin cáscara",29900,"SACO(S)","BRASIL"
"30202",2022,1,"PUESTO DE CONTROL TERRESTRE DESAGUADERO","SOYA, torta",84000,"GRANEL","BOLIVIA"
"30203",2022,1,"PUESTO DE CONTROL TERRESTRE DESAGUADERO","SOYA, harina",56638,"SACO(S)","BOLIVIA"
"30204",2022,1,"PUESTO DE CONTROL TERRESTRE DESAGUADERO","SOYA, torta",55200,"GRANEL","BOLIVIA"
"30205",2022,1,"PUESTO DE CONTROL TERRESTRE DESAGUADERO","SOYA, torta",54140,"GRANEL","BOLIVIA"
"30206",2022,1,"PUESTO DE CONTROL TERRESTRE DESAGUADERO","SOYA, torta",84000,"GRANEL","BOLIVIA"
"30207",2022,1,"PUESTO DE CONTROL TERRESTRE DESAGUADERO","SOYA, torta",112000,"GRANEL","BOLIVIA"
"30208",2022,1,"PUESTO DE CONTROL TERRESTRE DESAGUADERO","SOYA, harina",56746,"SACO(S)","BOLIVIA"
"30209",2022,1,"PUESTO DE CONTROL TERRESTRE DESAGUADERO","SOYA, torta",28000,"BIG BAG","BOLIVIA"
"30210",2022,1,"PUESTO DE CONTROL TERRESTRE DESAGUADERO","SOYA, torta",116270,"BIG BAG","BOLIVIA"
"30211",2022,1,"PUESTO DE CONTROL TERRESTRE DESAGUADERO","SOYA, torta",27500,"GRANEL","BOLIVIA"
"30212",2022,1,"PUESTO DE CONTROL TERRESTRE DESAGUADERO","SOYA, torta",74000,"GRANEL","BOLIVIA"
"30213",2022,1,"PUESTO DE CONTROL TERRESTRE DESAGUADERO","SOYA, torta",112000,"GRANEL","BOLIVIA"
"30214",2022,1,"PUESTO DE CONTROL TERRESTRE DESAGUADERO","SOYA, harina",85429,"SACO(S)","BOLIVIA"
"30215",2022,1,"PUESTO DE CONTROL TERRESTRE DESAGUADERO","SOYA, torta",173500,"SACO(S)","BOLIVIA"
"30216",2022,1,"PUESTO DE CONTROL TERRESTRE DESAGUADERO","SOYA, torta",117000,"SACO(S)","BOLIVIA"
"30217",2022,1,"PUESTO DE CONTROL TERRESTRE DESAGUADERO","AZUCAR BLANCA O REFINADA (lectura polarimetrica mayor 99.5°)",174000,"SACO(S)","BOLIVIA"
"30218",2022,1,"OFICINA PUESTO DE CONTROL MARITIMO - PROV. CONST. DEL CALLAO","TURBA",26670,"BIG BAG","LETONIA"
"30219",2022,1,"OFICINA PUESTO DE CONTROL MARITIMO - PROV. CONST. DEL CALLAO","CIRUELA, seca industrialmente",7.5,"CAJA(S)","CHINA"
"30220",2022,1,"OFICINA PUESTO DE CONTROL MARITIMO - PROV. CONST. DEL CALLAO","ALGA, seca",356,"CAJA(S)","CHINA"
"30221",2022,1,"OFICINA PUESTO DE CONTROL MARITIMO - PROV. CONST. DEL CALLAO","ARVEJA, grano entero",74798,"BOLSAS","CANADA"
"30222",2022,1,"OFICINA PUESTO DE CONTROL MARITIMO - PROV. CONST. DEL CALLAO","MADERA, cajas con algún proceso de la CRF 2",128120,"UNIDADES","CHILE"
"30223",2022,1,"OFICINA PUESTO DE CONTROL MARITIMO - PROV. CONST. DEL CALLAO","MAIZ REVENTON, grano",40478,"SACO(S)","EEUU"
"30224",2022,1,"OFICINA PUESTO DE CONTROL MARITIMO - PROV. CONST. DEL CALLAO","TRACTOR AGRICOLA DE UN SOLO EJE USADO",4386.2,"UNIDADES","EEUU"
"30225",2022,1,"OFICINA PUESTO DE CONTROL MARITIMO - PROV. CONST. DEL CALLAO","CANELA Y FLORES DEL CANELERO, triturado o pulverizado",3700,"CAJA(S)","SRI LANKA"
"30226",2022,1,"OFICINA PUESTO DE CONTROL MARITIMO - PROV. CONST. DEL CALLAO","CANELA, triturada o pulverizada (molida)",9880,"CAJA(S)","SRI LANKA"
"30227",2022,1,"OFICINA PUESTO DE CONTROL MARITIMO - PROV. CONST. DEL CALLAO","CLAVO DE OLOR, polvo
",340,"CAJA(S)","SRI LANKA"
"30228",2022,1,"OFICINA PUESTO DE CONTROL AEREO -  PROV. CONST. DEL CALLAO","SORGO, semilla",140,"BOLSAS","EEUU"
"30229",2022,1,"PUESTO DE CONTROL TERRESTRE DESAGUADERO","SOYA, torta",56000,"GRANEL","BOLIVIA"
"30230",2022,1,"PUESTO DE CONTROL TERRESTRE DESAGUADERO","SOYA, torta",56000,"GRANEL","BOLIVIA"
"30231",2022,1,"OFICINA PUESTO DE CONTROL AEREO -  PROV. CONST. DEL CALLAO","GIRASOL, semilla",39.72,"BOLSAS","EEUU"
"30232",2022,1,"PUESTO DE CONTROL- CEBAF","FREJOL DE PALO, grano",54150,"SACO(S)","ECUADOR"
"30233",2022,1,"PUESTO DE CONTROL TERRESTRE DESAGUADERO","SOYA, harina",116000,"SACO(S)","BOLIVIA"
"30234",2022,1,"OFICINA PUESTO DE CONTROL MARITIMO - PROV. CONST. DEL CALLAO","AZUCAR BLANCA O REFINADA (lectura polarimetrica mayor 99.5°)",132500,"SACO(S)","COLOMBIA"
"30235",2022,1,"OFICINA PUESTO DE CONTROL MARITIMO - PROV. CONST. DEL CALLAO","TRIGO, harina",7040,"SACO(S)","ESPAÑA"
"30236",2022,1,"OFICINA PUESTO DE CONTROL MARITIMO - PROV. CONST. DEL CALLAO","ARROZ, grano pilado",6542350,"BOLSAS","URUGUAY"
"30237",2022,1,"OFICINA PUESTO DE CONTROL MARITIMO - PROV. CONST. DEL CALLAO","CANELA, corteza entera seca al natural",13500,"CAJA(S)","SRI LANKA"
"30238",2022,1,"SANTA ROSA, TACNA","TRIGO, afrecho seco industrial",112000,"SACO(S)","CHILE"
"30239",2022,1,"PUESTO DE CONTROL- CEBAF","ROSA, flores frescas cortadas",2540,"CAJA(S)","ECUADOR"
"30240",2022,1,"PUESTO DE CONTROL- CEBAF","CLAVEL, flores frescas cortadas",1320,"CAJA(S)","ECUADOR"
"30241",2022,1,"PUESTO DE CONTROL- CEBAF","ROSA, flores frescas cortadas",3040,"CAJA(S)","ECUADOR"
"30242",2022,1,"PUESTO DE CONTROL- CEBAF","CLAVEL, flores frescas cortadas",232,"CAJA(S)","ECUADOR"
"30243",2022,1,"PUESTO DE CONTROL TERRESTRE DESAGUADERO","SOYA, torta",56000,"GRANEL","BOLIVIA"
"30244",2022,1,"PUESTO DE CONTROL TERRESTRE DESAGUADERO","SOYA, torta",53000,"GRANEL","BOLIVIA"
"30245",2022,1,"PUESTO DE CONTROL TERRESTRE DESAGUADERO","SOYA, torta",85000,"GRANEL","BOLIVIA"
"30246",2022,1,"PUESTO DE CONTROL TERRESTRE DESAGUADERO","SOYA, torta",50000,"GRANEL","BOLIVIA"
"30247",2022,1,"PUESTO DE CONTROL TERRESTRE DESAGUADERO","SOYA, torta",112000,"GRANEL","BOLIVIA"
"30248",2022,1,"PUESTO DE CONTROL TERRESTRE DESAGUADERO","SOYA, torta",115000,"SACO(S)","BOLIVIA"
"30249",2022,1,"OFICINA PUESTO DE CONTROL MARITIMO - PROV. CONST. DEL CALLAO","ALGODON, fibra sin cardar ni peinar (>22.22 mm = o <28.57 mm)",114790,"FARDOS","EEUU"
"30250",2022,1,"OFICINA PUESTO DE CONTROL MARITIMO - PROV. CONST. DEL CALLAO","ALGODON, fibra sin cardar ni peinar (>22.22 mm = o <28.57 mm)",101050,"FARDOS","EEUU"
"30251",2022,1,"OFICINA PUESTO DE CONTROL MARITIMO - PROV. CONST. DEL CALLAO","ALGODON, fibra sin cardar ni peinar (>22.22 mm = o <28.57 mm)",175580,"FARDOS","EEUU"
"30252",2022,1,"OFICINA PUESTO DE CONTROL AEREO -  PROV. CONST. DEL CALLAO","ASTER CHINO, semilla",0.51,"SOBRES ALUMINIZADOS","EEUU"
"30253",2022,1,"OFICINA PUESTO DE CONTROL AEREO -  PROV. CONST. DEL CALLAO","DELPHINIUM, semilla",0.935,"SOBRES ALUMINIZADOS","EEUU"
"30254",2022,1,"OFICINA PUESTO DE CONTROL AEREO -  PROV. CONST. DEL CALLAO","LISIANTHUS, semilla",0.147,"FRASCO(S)","EEUU"
"30255",2022,1,"IÑAPARI, MADRE DE DIOS","NUEZ DEL BRASIL, con cáscara seca al natural",83700,"SACO(S)","BRASIL"
"30256",2022,1,"OFICINA PUESTO DE CONTROL AEREO -  PROV. CONST. DEL CALLAO","GIRASOL, semilla",62.631,"SOBRES ALUMINIZADOS","EEUU"
"30257",2022,1,"OFICINA PUESTO DE CONTROL MARITIMO - PROV. CONST. DEL CALLAO","ARROZ, grano pilado",499800,"BOLSAS","URUGUAY"
"30258",2022,1,"OFICINA PUESTO DE CONTROL MARITIMO - PROV. CONST. DEL CALLAO","MADERA, cajas con algún proceso de la CRF 2",4.751,"CAJA(S)","CHINA"
"30259",2022,1,"OFICINA PUESTO DE CONTROL MARITIMO - PROV. CONST. DEL CALLAO","CAUCHO, técnicamente especificado (TSNR)",40320,"PIEZAS","BRASIL"
"30260",2022,1,"OFICINA PUESTO DE CONTROL MARITIMO - PROV. CONST. DEL CALLAO","MANZANA, fruta fresca",19551,"CAJA(S)","PORTUGAL"
"30261",2022,1,"OFICINA PUESTO DE CONTROL MARITIMO - PROV. CONST. DEL CALLAO","MANZANA, fruta fresca",19551,"CAJA(S)","PORTUGAL"
"30262",2022,1,"PUESTO DE CONTROL TERRESTRE DESAGUADERO","SOYA, torta",116000,"SACO(S)","BOLIVIA"
"30263",2022,1,"OFICINA PUESTO DE CONTROL MARITIMO - PROV. CONST. DEL CALLAO","CAUCHO, técnicamente especificado (TSNR)",20160,"PALETAS","GUATEMALA"
"30264",2022,1,"OFICINA PUESTO DE CONTROL MARITIMO - PROV. CONST. DEL CALLAO","CAUCHO, hojas ahumadas",20195,"PALETAS","GUATEMALA"
"30265",2022,1,"OFICINA PUESTO DE CONTROL MARITIMO - PROV. CONST. DEL CALLAO","PINO, madera aserrada con tratamiento de secado al horno impregnación de sales",133740,"PAQUETES","CHILE"
"30266",2022,1,"PUESTO DE CONTROL TERRESTRE DESAGUADERO","SOYA, torta",84010,"GRANEL","BOLIVIA"
"30267",2022,1,"PUESTO DE CONTROL TERRESTRE DESAGUADERO","SOYA, torta",84500,"GRANEL","BOLIVIA"
"30268",2022,1,"PUESTO DE CONTROL TERRESTRE DESAGUADERO","SOYA, torta",54500,"GRANEL","BOLIVIA"
"30269",2022,1,"PUESTO DE CONTROL TERRESTRE DESAGUADERO","SOYA, torta",56000,"GRANEL","BOLIVIA"
"30270",2022,1,"PUESTO DE CONTROL- CEBAF","Maquinas y aparatos para tratamiento de arroz, usados
",13720,"UNIDADES","ECUADOR"
"30271",2022,1,"PUESTO DE CONTROL TERRESTRE DESAGUADERO","SOYA, torta",56000,"GRANEL","BOLIVIA"
"30272",2022,1,"PUESTO DE CONTROL TERRESTRE DESAGUADERO","SOYA, torta",114000,"SACO(S)","BOLIVIA"
"30273",2022,1,"PUESTO DE CONTROL TERRESTRE DESAGUADERO","SOYA, torta",51000,"GRANEL","BOLIVIA"
"30274",2022,1,"PUESTO DE CONTROL TERRESTRE DESAGUADERO","SOYA, torta",47000,"GRANEL","BOLIVIA"
"30275",2022,1,"PUESTO DE CONTROL TERRESTRE DESAGUADERO","SOYA, torta",171808,"SACO(S)","BOLIVIA"
"30276",2022,1,"OFICINA PUESTO DE CONTROL MARITIMO - PROV. CONST. DEL CALLAO","PINO, madera aserrada con algún proceso de la CRF2",82660,"PAQUETES","CHILE"
"30277",2022,1,"OFICINA PUESTO DE CONTROL MARITIMO - PROV. CONST. DEL CALLAO","LAUREL, hoja seca al natural",5950,"SACO(S)","ESPAÑA"
"30278",2022,1,"OFICINA PUESTO DE CONTROL MARITIMO - PROV. CONST. DEL CALLAO","NARANJA, fruto fresco",18140,"CAJA(S)","EEUU"
"30279",2022,1,"OFICINA PUESTO DE CONTROL MARITIMO - PROV. CONST. DEL CALLAO","ALGODON, fibra sin cardar ni peinar (>34.92 mm)",76562,"FARDOS","EEUU"
"30280",2022,1,"OFICINA PUESTO DE CONTROL MARITIMO - PROV. CONST. DEL CALLAO","MADERA, marcos",29.926,"UNIDADES","EEUU"
"30281",2022,1,"OFICINA PUESTO DE CONTROL MARITIMO - PROV. CONST. DEL CALLAO","PERA, fruta fresca",22932,"CAJA(S)","ARGENTINA"
"30282",2022,1,"OFICINA PUESTO DE CONTROL AEREO -  PROV. CONST. DEL CALLAO","ARANDANO, planta in vitro",1080,"CAJA(S)","MEXICO"
"30283",2022,1,"OFICINA PUESTO DE CONTROL MARITIMO - PROV. CONST. DEL CALLAO","ARROZ, grano pilado",25500,"BOLSAS","BRASIL"
"30284",2022,1,"PUESTO DE CONTROL TERRESTRE DESAGUADERO","SOYA, torta",111500,"SACO(S)","BOLIVIA"
"30285",2022,1,"OFICINA PUESTO DE CONTROL MARITIMO - PROV. CONST. DEL CALLAO","COCO, fibra (para sustrato)",20630,"PAQUETES","SRI LANKA"
"30286",2022,1,"OFICINA PUESTO DE CONTROL MARITIMO - PROV. CONST. DEL CALLAO","COCO, fibra (para sustrato)",20630,"PAQUETES","SRI LANKA"
"30287",2022,1,"PUESTO DE CONTROL TERRESTRE DESAGUADERO","AZUCAR BLANCA O REFINADA (lectura polarimetrica mayor 99.5°)",6000,"SACO(S)","BOLIVIA"
"30288",2022,1,"PUESTO DE CONTROL TERRESTRE DESAGUADERO","SOYA, torta",112000,"GRANEL","BOLIVIA"
"30289",2022,1,"PUESTO DE CONTROL TERRESTRE DESAGUADERO","SOYA, torta",53000,"GRANEL","BOLIVIA"
"30290",2022,1,"PUESTO DE CONTROL TERRESTRE DESAGUADERO","SOYA, harina",24959,"SACO(S)","BOLIVIA"
"30291",2022,1,"PUESTO DE CONTROL TERRESTRE DESAGUADERO","SOYA, torta",55000,"GRANEL","BOLIVIA"
"30292",2022,1,"PUESTO DE CONTROL TERRESTRE DESAGUADERO","SOYA, torta",27540,"GRANEL","BOLIVIA"
"30293",2022,1,"PUESTO DE CONTROL TERRESTRE DESAGUADERO","SOYA, torta",28000,"GRANEL","BOLIVIA"
"30294",2022,1,"PUESTO DE CONTROL TERRESTRE DESAGUADERO","SOYA, torta",75000,"GRANEL","BOLIVIA"
"30295",2022,1,"PUESTO DE CONTROL TERRESTRE DESAGUADERO","SOYA, harina",26996,"SACO(S)","BOLIVIA"
"30296",2022,1,"OFICINA PUESTO DE CONTROL MARITIMO - PROV. CONST. DEL CALLAO","AVENA, grano aplastado o en copos (hojuelas)",26000,"SACO(S)","CHILE"
"30297",2022,1,"OFICINA PUESTO DE CONTROL MARITIMO - PROV. CONST. DEL CALLAO","AVENA, grano mondado, perlado, troceado o quebrantado",72000,"SACO(S)","CHILE"
"30298",2022,1,"PUESTO DE CONTROL TERRESTRE DESAGUADERO","SOYA, torta",81090,"GRANEL","BOLIVIA"
"30299",2022,1,"PUESTO DE CONTROL TERRESTRE DESAGUADERO","SOYA, torta",56000,"GRANEL","BOLIVIA"
"30300",2022,1,"PUESTO DE CONTROL- CEBAF","CAÑA DE GUAYAQUIL, seca al natural",19000,"UNIDADES","ECUADOR"
"30301",2022,1,"OFICINA PUESTO DE CONTROL MARITIMO - PROV. CONST. DEL CALLAO","TREBOL  ROJO, semilla",25003,"SACO(S)","EEUU"
"30302",2022,1,"OFICINA PUESTO DE CONTROL AEREO -  PROV. CONST. DEL CALLAO","TOMATE, semilla",0.159,"SACHETS","HOLANDA"
"30303",2022,1,"SANTA ROSA, TACNA","CIRUELA, fruto fresco",21840,"CAJA(S)","CHILE"
"30304",2022,1,"SANTA ROSA, TACNA","LENTEJA, grano",48988,"SACO(S)","CANADA"
"30305",2022,1,"PUESTO DE CONTROL TERRESTRE DESAGUADERO","SOYA, torta",145000,"SACO(S)","BOLIVIA"
"30306",2022,1,"OFICINA PUESTO DE CONTROL MARITIMO - PROV. CONST. DEL CALLAO","NECTARINA, fruto fresco",21600,"CAJA(S)","CHILE"
"30307",2022,1,"PUESTO DE CONTROL TERRESTRE DESAGUADERO","SOYA, torta",54000,"GRANEL","BOLIVIA"
"30308",2022,1,"OFICINA PUESTO DE CONTROL MARITIMO - PROV. CONST. DEL CALLAO","LAS DEMAS MADERAS DISTINTAS DE LA DE CONIFERAS, PERFILADA LONGITUDINALMENTE EN UNA O VARIAS CARAS, CANTOS O EXTREMOS, INCLUSO CEPILLADA, LIJADA O UNIDA POR LOS EXTREMOS, CON ALGÚN PROCESO DE LA  CRF 2",1955.037,"PAQUETES","EEUU"
"30309",2022,1,"OFICINA PUESTO DE CONTROL MARITIMO - PROV. CONST. DEL CALLAO","ALGODON, fibra sin cardar ni peinar (>28.57 mm = o <34.92 mm)",80396,"FARDOS","EEUU"
"30310",2022,1,"OFICINA PUESTO DE CONTROL MARITIMO - PROV. CONST. DEL CALLAO","ANIS O BADIANA, grano",12500,"SACO(S)","ESPAÑA"
"30311",2022,1,"PUESTO DE CONTROL TERRESTRE DESAGUADERO","FREJOL NEGRO, grano",29000,"SACO(S)","BOLIVIA"
"30312",2022,1,"OFICINA PUESTO DE CONTROL MARITIMO - PROV. CONST. DEL CALLAO","ALGODON, fibra sin cardar ni peinar (>34.92 mm)",97200,"FARDOS","EEUU"
"30313",2022,1,"OFICINA PUESTO DE CONTROL MARITIMO - PROV. CONST. DEL CALLAO","MANZANA, fruto fresco",17640,"CAJA(S)","EEUU"
"30314",2022,1,"OFICINA PUESTO DE CONTROL MARITIMO - PROV. CONST. DEL CALLAO","MANZANA, fruto fresco",16758,"CAJA(S)","EEUU"
"30315",2022,1,"PUESTO DE CONTROL TERRESTRE DESAGUADERO","SOYA, harina",174000,"SACO(S)","BOLIVIA"
"30316",2022,1,"PUESTO DE CONTROL TERRESTRE DESAGUADERO","LINAZA, grano",58000,"SACO(S)","BOLIVIA"
"30317",2022,1,"OFICINA PUESTO DE CONTROL MARITIMO - PROV. CONST. DEL CALLAO","LINO, peinado o trabajado de otro modo, pero sin hilar",432.5,"CAJA(S)","ITALIA"
"30318",2022,1,"PUESTO DE CONTROL TERRESTRE DESAGUADERO","FREJOL NEGRO, grano",30000,"SACO(S)","BOLIVIA"
"30319",2022,1,"OFICINA PUESTO DE CONTROL MARITIMO - PROV. CONST. DEL CALLAO","MOSTAZA, grano",68040,"BIG BAG","EEUU"
"30320",2022,1,"SANTA ROSA, TACNA","NECTARINA, fruto fresco",17784,"CAJA(S)","CHILE"
"30321",2022,1,"OFICINA PUESTO DE CONTROL MARITIMO - PROV. CONST. DEL CALLAO","PAPA, fécula",1e+05,"BOLSAS","ALEMANIA"
"30322",2022,1,"OFICINA PUESTO DE CONTROL MARITIMO - PROV. CONST. DEL CALLAO","PAPA, fécula",1e+05,"BOLSAS","ALEMANIA"
"30323",2022,1,"OFICINA PUESTO DE CONTROL MARITIMO - PROV. CONST. DEL CALLAO","PAPA, fécula",160000,"BOLSAS","HOLANDA"
"30324",2022,1,"OFICINA PUESTO DE CONTROL MARITIMO - PROV. CONST. DEL CALLAO","PAPA, fécula",160000,"BOLSAS","HOLANDA"
"30325",2022,1,"OFICINA PUESTO DE CONTROL MARITIMO - PROV. CONST. DEL CALLAO","PAPA, fécula",1e+05,"BOLSAS","HOLANDA"
"30326",2022,1,"OFICINA PUESTO DE CONTROL MARITIMO - PROV. CONST. DEL CALLAO","YUCA, harina",6975,"BOLSAS","CANADA"
"30327",2022,1,"OFICINA PUESTO DE CONTROL MARITIMO - PROV. CONST. DEL CALLAO","PAPA, fécula",1e+05,"BOLSAS","HOLANDA"
"30328",2022,1,"OFICINA PUESTO DE CONTROL MARITIMO - PROV. CONST. DEL CALLAO","MADERA, monturas y mangos de herramientas, monturas y mangos de cepillos, brochas o escobas, de madera; hormas, ensanchadores y tensores del calzado, de madera ; con algún proceso de la CRF 2",27800,"SACO(S)","CHINA"
"30329",2022,1,"OFICINA PUESTO DE CONTROL MARITIMO - PROV. CONST. DEL CALLAO","YUCA (=MANDIOCA), fécula",18000,"SACO(S)","TAILANDIA"
"30330",2022,1,"OFICINA PUESTO DE CONTROL MARITIMO - PROV. CONST. DEL CALLAO","MAIZ, almidon",37500,"PALETAS","RUSIA"
"30331",2022,1,"OFICINA PUESTO DE CONTROL MARITIMO - PROV. CONST. DEL CALLAO","BAMBU, artículos de cestería obtenidos directamente en su forma con materia trenzable con algún proceso de la CRF 2",56.4,"UNIDADES","CHINA"
"30332",2022,1,"OFICINA PUESTO DE CONTROL MARITIMO - PROV. CONST. DEL CALLAO","Los demas articulos de cesteria con algun proceso de CRF 2",1476.9,"UNIDADES","CHINA"
"30333",2022,1,"OFICINA PUESTO DE CONTROL MARITIMO - PROV. CONST. DEL CALLAO","Esterillas, esteras y cañizos, de las demas materias vegetales, con algun proceso de la CRF 2",25.481,"CAJA(S)","MALASIA"
"30334",2022,1,"OFICINA PUESTO DE CONTROL MARITIMO - PROV. CONST. DEL CALLAO","ROTEN (=Ratán), artículos de cestería obtenidos directamente en su forma con materia trenzable con algún proceso de la CRF2",39.271,"CAJA(S)","MALASIA"
"30335",2022,1,"OFICINA PUESTO DE CONTROL MARITIMO - PROV. CONST. DEL CALLAO","PASTO MARINO, trenzados o confeccionados con algún proceso de la CRF 2",43.544,"CAJA(S)","MALASIA"
"30336",2022,1,"OFICINA PUESTO DE CONTROL MARITIMO - PROV. CONST. DEL CALLAO","GARBANZO, grano",120000,"SACO(S)","MEXICO"
"30337",2022,1,"OFICINA PUESTO DE CONTROL AEREO -  PROV. CONST. DEL CALLAO","PALTO, semilla",1608.4,"CAJA(S)","ISRAEL"
"30338",2022,1,"PUESTO DE CONTROL TERRESTRE DESAGUADERO","SOYA, torta",55000,"GRANEL","BOLIVIA"
"30339",2022,1,"OFICINA PUESTO DE CONTROL MARITIMO - PROV. CONST. DEL CALLAO","CANELA, corteza entera seca al natural",6030,"CAJA(S)","SRI LANKA"
"30340",2022,1,"PUESTO DE CONTROL TERRESTRE DESAGUADERO","SOYA, torta",146500,"SACO(S)","BOLIVIA"
"30341",2022,1,"OFICINA PUESTO DE CONTROL MARITIMO - PROV. CONST. DEL CALLAO","AVENA, grano mondado, perlado, troceado o quebrantado",144000,"SACO(S)","CHILE"
"30342",2022,1,"OFICINA PUESTO DE CONTROL AEREO -  PROV. CONST. DEL CALLAO","MELON, semilla",0.533,"SACHETS","ISRAEL"
"30343",2022,1,"PUESTO DE CONTROL TERRESTRE DESAGUADERO","SOYA, harina",116000,"SACO(S)","BOLIVIA"
"30344",2022,1,"OFICINA PUESTO DE CONTROL MARITIMO - PROV. CONST. DEL CALLAO","AJONJOLI, grano",19000,"SACO(S)","PARAGUAY"
"30345",2022,1,"OFICINA PUESTO DE CONTROL MARITIMO - PROV. CONST. DEL CALLAO","TRIGO, semola",279000,"BOLSONES","MEXICO"
"30346",2022,1,"PUESTO DE CONTROL TERRESTRE DESAGUADERO","SOYA, harina",116000,"SACO(S)","BOLIVIA"
"30347",2022,1,"OFICINA PUESTO DE CONTROL MARITIMO - PROV. CONST. DEL CALLAO","LAUREL, hoja seca al natural",2650,"SACO(S)","ESPAÑA"
"30348",2022,1,"PUESTO DE CONTROL TERRESTRE DESAGUADERO","SOYA, torta",174000,"SACO(S)","BOLIVIA"
"30349",2022,1,"PUESTO DE CONTROL TERRESTRE DESAGUADERO","SOYA, torta",56650,"GRANEL","BOLIVIA"
"30350",2022,1,"PUESTO DE CONTROL TERRESTRE DESAGUADERO","SOYA, torta",111490,"GRANEL","BOLIVIA"
"30351",2022,1,"PUESTO DE CONTROL TERRESTRE DESAGUADERO","SOYA, torta",83000,"GRANEL","BOLIVIA"
"30352",2022,1,"PUESTO DE CONTROL TERRESTRE DESAGUADERO","SOYA, torta",81010,"GRANEL","BOLIVIA"
"30353",2022,1,"PUESTO DE CONTROL TERRESTRE DESAGUADERO","SOYA, torta",56000,"GRANEL","BOLIVIA"
"30354",2022,1,"PUESTO DE CONTROL TERRESTRE DESAGUADERO","SOYA, torta",111500,"GRANEL","BOLIVIA"
"30355",2022,1,"PUESTO DE CONTROL TERRESTRE DESAGUADERO","SOYA, torta",49848,"SACO(S)","BOLIVIA"
"30356",2022,1,"PUESTO DE CONTROL TERRESTRE DESAGUADERO","SOYA, torta",85500,"GRANEL","BOLIVIA"
"30357",2022,1,"PUESTO DE CONTROL TERRESTRE DESAGUADERO","SOYA, torta",27794,"SACO(S)","BOLIVIA"
"30358",2022,1,"PUESTO DE CONTROL TERRESTRE DESAGUADERO","SOYA, torta",28000,"GRANEL","BOLIVIA"
"30359",2022,1,"PUESTO DE CONTROL TERRESTRE DESAGUADERO","SOYA, harina",85048,"SACO(S)","BOLIVIA"
"30360",2022,1,"OFICINA PUESTO DE CONTROL MARITIMO - PROV. CONST. DEL CALLAO","PERA, fruta fresca",23814,"CAJA(S)","ARGENTINA"
"30361",2022,1,"OFICINA PUESTO DE CONTROL MARITIMO - PROV. CONST. DEL CALLAO","ALGODON, fibra sin cardar ni peinar (>34.92 mm)",17922,"FARDOS","EEUU"
"30362",2022,1,"PUESTO DE CONTROL TERRESTRE DESAGUADERO","AZUCAR BLANCA O REFINADA (lectura polarimetrica mayor 99.5°)",166500,"SACO(S)","BOLIVIA"
"30363",2022,1,"OFICINA PUESTO DE CONTROL MARITIMO - PROV. CONST. DEL CALLAO","ALGODON, fibra sin cardar ni peinar (>34.92 mm)",176880.613,"FARDOS","EEUU"
"30364",2022,1,"OFICINA PUESTO DE CONTROL MARITIMO - PROV. CONST. DEL CALLAO","MAIZ, almidon",125000,"BOLSONES","ARGENTINA"
"30365",2022,1,"OFICINA PUESTO DE CONTROL MARITIMO - PROV. CONST. DEL CALLAO","MAIZ REVENTON, grano",78000,"SACO(S)","ARGENTINA"
"30366",2022,1,"OFICINA PUESTO DE CONTROL MARITIMO - PROV. CONST. DEL CALLAO","PERA, fruta fresca",23940,"CAJA(S)","ARGENTINA"
"30367",2022,1,"PUESTO DE CONTROL- CEBAF","CAÑA DE GUAYAQUIL, seca al natural",34000,"UNIDADES","ECUADOR"
"30368",2022,1,"PUESTO DE CONTROL- CEBAF","CAÑA DE GUAYAQUIL, seca al natural",34000,"UNIDADES","ECUADOR"
"30369",2022,1,"OFICINA PUESTO DE CONTROL MARITIMO - PROV. CONST. DEL CALLAO","COCO, fibra (para sustrato)",46807,"BOLSAS","SRI LANKA"
"30370",2022,1,"OFICINA PUESTO DE CONTROL MARITIMO - PROV. CONST. DEL CALLAO","COCO, fibra (para sustrato)",51180,"PALETAS","SRI LANKA"
"30371",2022,1,"OFICINA PUESTO DE CONTROL MARITIMO - PROV. CONST. DEL CALLAO","ALFALFA, semilla",12500,"BOLSAS","EEUU"
"30372",2022,1,"SANTA ROSA, TACNA","NARANJA, fruto fresco",23100,"CAJA(S)","CHILE"
"30373",2022,1,"SANTA ROSA, TACNA","TORONJA, fruto fresco",825,"CAJA(S)","CHILE"
"30374",2022,1,"OFICINA PUESTO DE CONTROL MARITIMO - PROV. CONST. DEL CALLAO","AVENA, grano mondado, perlado, troceado o quebrantado",171500,"SACO(S)","CHILE"
"30375",2022,1,"OFICINA PUESTO DE CONTROL MARITIMO - PROV. CONST. DEL CALLAO","AVENA, grano mondado, perlado, troceado o quebrantado",50000,"SACO(S)","CHILE"
"30376",2022,1,"PUESTO DE CONTROL TERRESTRE DESAGUADERO","SOYA, torta",141210,"SACO(S)","BOLIVIA"
"30377",2022,1,"PUESTO DE CONTROL TERRESTRE DESAGUADERO","SOYA, torta",114700,"SACO(S)","BOLIVIA"
"30378",2022,1,"PUESTO DE CONTROL TERRESTRE DESAGUADERO","SOYA, torta",113080,"SACO(S)","BOLIVIA"
"30379",2022,1,"PUESTO DE CONTROL TERRESTRE DESAGUADERO","SOYA, torta",114980,"SACO(S)","BOLIVIA"
"30380",2022,1,"PUESTO DE CONTROL TERRESTRE DESAGUADERO","SOYA, torta",143260,"SACO(S)","BOLIVIA"
"30381",2022,1,"SANTA ROSA, TACNA","NECTARINA, fruto fresco",23040,"CAJA(S)","CHILE"
"30382",2022,1,"PUESTO DE CONTROL TERRESTRE DESAGUADERO","GIRASOL, torta",28070,"GRANEL","BOLIVIA"
"30383",2022,1,"PUESTO DE CONTROL TERRESTRE DESAGUADERO","SOYA, grano",54020,"GRANEL","BOLIVIA"
"30384",2022,1,"PUESTO DE CONTROL TERRESTRE DESAGUADERO","SOYA, torta",58000,"GRANEL","BOLIVIA"
"30385",2022,1,"PUESTO DE CONTROL TERRESTRE DESAGUADERO","SOYA, grano",57000,"GRANEL","BOLIVIA"
"30386",2022,1,"PUESTO DE CONTROL TERRESTRE DESAGUADERO","SOYA, harina",26796,"SACO(S)","BOLIVIA"
"30387",2022,1,"PUESTO DE CONTROL TERRESTRE DESAGUADERO","SOYA, harina",26547,"SACO(S)","BOLIVIA"
"30388",2022,1,"PUESTO DE CONTROL TERRESTRE DESAGUADERO","SOYA, torta",24989,"SACO(S)","BOLIVIA"
"30389",2022,1,"OFICINA PUESTO DE CONTROL MARITIMO - PROV. CONST. DEL CALLAO","AZUCAR BLANCA O REFINADA (lectura polarimetrica mayor 99.5°)",159000,"SACO(S)","GUATEMALA"
"30390",2022,1,"OFICINA PUESTO DE CONTROL MARITIMO - PROV. CONST. DEL CALLAO","PINO, madera aserrada con algún proceso de la CRF2",22500,"PAQUETES","CHILE"
"30391",2022,1,"OFICINA PUESTO DE CONTROL MARITIMO - PROV. CONST. DEL CALLAO","AZUCAR BLANCA O REFINADA (lectura polarimetrica mayor 99.5°)",132500,"SACO(S)","GUATEMALA"
"30392",2022,1,"OFICINA PUESTO DE CONTROL AEREO -  PROV. CONST. DEL CALLAO","CHAMPIÑON COMUN, micelio",2649,"CAJA(S)","EEUU"
"30393",2022,1,"OFICINA PUESTO DE CONTROL MARITIMO - PROV. CONST. DEL CALLAO","MAIZ REVENTON, grano",41720,"SACO(S)","EEUU"
"30394",2022,1,"PUESTO DE CONTROL TERRESTRE DESAGUADERO","GIRASOL, torta",366810,"GRANEL","BOLIVIA"
"30395",2022,1,"PUESTO DE CONTROL TERRESTRE DESAGUADERO","SOYA, harina",27954,"SACO(S)","BOLIVIA"
"30396",2022,1,"PUESTO DE CONTROL TERRESTRE DESAGUADERO","SOYA, torta",112000,"GRANEL","BOLIVIA"
"30397",2022,1,"PUESTO DE CONTROL TERRESTRE DESAGUADERO","SOYA, torta",84000,"GRANEL","BOLIVIA"
"30398",2022,1,"OFICINA PUESTO DE CONTROL MARITIMO - PROV. CONST. DEL CALLAO","AZUCAR CRUDA, sólido",1e+05,"SACO(S)","COLOMBIA"
"30399",2022,1,"PUESTO DE CONTROL- CEBAF","YUCA (=MANDIOCA), raíz fresca",2400,"CAJA(S)","ECUADOR"
"30400",2022,1,"PUESTO DE CONTROL- CEBAF","PAPAYA, fruto fresco",7800,"CAJA(S)","ECUADOR"
"30401",2022,1,"PUESTO DE CONTROL TERRESTRE DESAGUADERO","SOYA, torta",143000,"SACO(S)","BOLIVIA"
"30402",2022,1,"SANTA ROSA, TACNA","DURAZNO, fruto fresco",11960,"CAJA(S)","CHILE"
"30403",2022,1,"SANTA ROSA, TACNA","CIRUELA, fruto fresco",8064,"CAJA(S)","CHILE"
"30404",2022,1,"SANTA ROSA, TACNA","MANZANA, fruto fresco",23520,"CAJA(S)","CHILE"
"30405",2022,1,"OFICINA PUESTO DE CONTROL MARITIMO - PROV. CONST. DEL CALLAO","MANZANA, fruto fresco",17640,"CAJA(S)","EEUU"
"30406",2022,1,"PUESTO DE CONTROL TERRESTRE DESAGUADERO","AZUCAR BLANCA O REFINADA (lectura polarimetrica mayor 99.5°)",28000,"SACO(S)","BOLIVIA"
"30407",2022,1,"PUESTO DE CONTROL TERRESTRE DESAGUADERO","AZUCAR BLANCA O REFINADA (lectura polarimetrica mayor 99.5°)",112000,"SACO(S)","BOLIVIA"
"30408",2022,1,"SANTA ROSA, TACNA","MANZANA, fruto fresco",23520,"CAJA(S)","CHILE"
"30409",2022,1,"SANTA ROSA, TACNA","DURAZNO, fruto fresco",5616,"CAJA(S)","CHILE"
"30410",2022,1,"SANTA ROSA, TACNA","NECTARINA, fruto fresco",7584,"CAJA(S)","CHILE"
"30411",2022,1,"SANTA ROSA, TACNA","CIRUELA, fruto fresco",9360,"CAJA(S)","CHILE"
"30412",2022,1,"OFICINA PUESTO DE CONTROL MARITIMO - PROV. CONST. DEL CALLAO","LENTEJA, grano",105236,"SACO(S)","CANADA"
"30413",2022,1,"PUESTO DE CONTROL TERRESTRE DESAGUADERO","SOYA, harina",144000,"SACO(S)","BOLIVIA"
"30414",2022,1,"PUESTO DE CONTROL- CEBAF","CAÑA DE GUAYAQUIL, seca al natural",34000,"UNIDADES","ECUADOR"
"30415",2022,1,"PUESTO DE CONTROL- CEBAF","CAÑA DE GUAYAQUIL, seca al natural",34000,"UNIDADES","ECUADOR"
"30416",2022,1,"OFICINA PUESTO DE CONTROL AEREO -  PROV. CONST. DEL CALLAO","TOMATE, semilla",0.054,"SACHETS","HOLANDA"
"30417",2022,1,"PUESTO DE CONTROL TERRESTRE DESAGUADERO","SOYA, torta",56000,"GRANEL","BOLIVIA"
"30418",2022,1,"PUESTO DE CONTROL TERRESTRE DESAGUADERO","SOYA, harina",56347,"SACO(S)","BOLIVIA"
"30419",2022,1,"PUESTO DE CONTROL TERRESTRE DESAGUADERO","SOYA, torta",57245,"SACO(S)","BOLIVIA"
"30420",2022,1,"PUESTO DE CONTROL TERRESTRE DESAGUADERO","SOYA, torta",28500,"GRANEL","BOLIVIA"
"30421",2022,1,"PUESTO DE CONTROL TERRESTRE DESAGUADERO","SOYA, torta",26880,"GRANEL","BOLIVIA"
"30422",2022,1,"PUERTO DE PAITA , PIURA","TRIGO, grano",8e+06,"GRANEL","ARGENTINA"
"30423",2022,1,"OFICINA PUESTO DE CONTROL MARITIMO - PROV. CONST. DEL CALLAO","ALGODON, fibra sin cardar ni peinar (>28.57 mm = o <34.92 mm)",78000,"FARDOS","EEUU"
"30424",2022,1,"SANTA ROSA, TACNA","TRACTOR AGRICOLA USADO, con motor de potencia superior a 33 kW pero inferior o igual a 75 kW",3498,"LOTE(S)","ESPAÑA"
"30425",2022,1,"SANTA ROSA, TACNA","TRACTOR AGRICOLA USADO, con motor de potencia superior a 33 kW pero inferior o igual a 75 kW",3922,"UNIDADES","ESPAÑA"
"30426",2022,1,"SANTA ROSA, TACNA","TRACTOR AGRICOLA USADO, con motor de potencia superior a 33 kW pero inferior o igual a 75 kW",4100,"PIEZAS","ESPAÑA"
"30427",2022,1,"OFICINA PUESTO DE CONTROL MARITIMO - PROV. CONST. DEL CALLAO","PINO OREGON, madera aserrada con algún proceso de la CRF 2",2770,"UNIDADES","EEUU"
"30428",2022,1,"PUERTO DE PAITA , PIURA","LINAZA, grano",45360,"SACO(S)","CANADA"
"30429",2022,1,"OFICINA PUESTO DE CONTROL MARITIMO - PROV. CONST. DEL CALLAO","MANZANA, fruto fresco",18522,"CAJA(S)","EEUU"
"30430",2022,1,"OFICINA PUESTO DE CONTROL MARITIMO - PROV. CONST. DEL CALLAO","ALFALFA, semilla",19725,"BOLSAS","EEUU"
"30431",2022,1,"OFICINA PUESTO DE CONTROL AEREO -  PROV. CONST. DEL CALLAO","TOMATE, semilla",0.05,"BOLSAS","EEUU"
"30432",2022,1,"OFICINA PUESTO DE CONTROL AEREO -  PROV. CONST. DEL CALLAO","SANDIA, semilla",55,"BOLSAS","EEUU"
"30433",2022,1,"OFICINA PUESTO DE CONTROL MARITIMO - PROV. CONST. DEL CALLAO","CANELA, corteza entera seca al natural",2000,"SACO(S)","SRI LANKA"
"30434",2022,1,"OFICINA PUESTO DE CONTROL MARITIMO - PROV. CONST. DEL CALLAO","CANELA, corteza entera seca al natural",4500,"CAJA(S)","SRI LANKA"
"30435",2022,1,"OFICINA PUESTO DE CONTROL MARITIMO - PROV. CONST. DEL CALLAO","MANZANA, fruto fresco",61740,"CAJA(S)","EEUU"
"30436",2022,1,"OFICINA PUESTO DE CONTROL MARITIMO - PROV. CONST. DEL CALLAO","MANZANA, fruto fresco",20580,"CAJA(S)","EEUU"
"30437",2022,1,"OFICINA PUESTO DE CONTROL MARITIMO - PROV. CONST. DEL CALLAO","ALGODON, fibra sin cardar ni peinar (>28.57 mm = o <34.92 mm)",98630,"FARDOS","EEUU"
"30438",2022,1,"OFICINA PUESTO DE CONTROL AEREO -  PROV. CONST. DEL CALLAO","AJI HABANERO, polvo",50,"CAJA(S)","COLOMBIA"
"30439",2022,1,"OFICINA PUESTO DE CONTROL MARITIMO - PROV. CONST. DEL CALLAO","SOYA, torta",2996790,"GRANEL","ARGENTINA"
"30440",2022,1,"OFICINA PUESTO DE CONTROL MARITIMO - PROV. CONST. DEL CALLAO","NARANJA, cascara secada industrialmente",300,"SACO(S)","ALEMANIA"
"30441",2022,1,"OFICINA PUESTO DE CONTROL MARITIMO - PROV. CONST. DEL CALLAO","CLAVO DE OLOR, polvo
",200,"SACO(S)","ALEMANIA"
"30442",2022,1,"OFICINA PUESTO DE CONTROL MARITIMO - PROV. CONST. DEL CALLAO","JENGIBRE(=KION), seco industrial",1400,"SACO(S)","ALEMANIA"
"30443",2022,1,"OFICINA PUESTO DE CONTROL MARITIMO - PROV. CONST. DEL CALLAO","TORONJIL, seco industrial",350,"SACO(S)","ALEMANIA"
"30444",2022,1,"OFICINA PUESTO DE CONTROL MARITIMO - PROV. CONST. DEL CALLAO","GERMANTOWN PGX,  mezcla de estabilizantes y emulsificantes (ind. alimentaria)",4125,"SACO(S)","ALEMANIA"
"30445",2022,1,"OFICINA PUESTO DE CONTROL AEREO -  PROV. CONST. DEL CALLAO","AJI HABANERO, polvo",50,"CAJA(S)","COLOMBIA"
"30446",2022,1,"OFICINA PUESTO DE CONTROL AEREO -  PROV. CONST. DEL CALLAO","MELON, semilla",0.804,"SACHETS","HOLANDA"
"30447",2022,1,"OFICINA PUESTO DE CONTROL AEREO -  PROV. CONST. DEL CALLAO","TOMATE, semilla",0.384,"SACHETS","FRANCIA"
"30448",2022,1,"PUERTO DE ILO, MOQUEGUA","MADERA, en bruto de coníferas tratada agentes de conservación
",3013,"PIEZAS","EEUU"
"30449",2022,1,"OFICINA PUESTO DE CONTROL MARITIMO - PROV. CONST. DEL CALLAO","TRIGO, grano",13322865,"GRANEL","ARGENTINA"
"30450",2022,1,"PUESTO DE CONTROL TERRESTRE DESAGUADERO","SOYA, torta",112000,"SACO(S)","BOLIVIA"
"30451",2022,1,"PUESTO DE CONTROL TERRESTRE DESAGUADERO","SOYA, torta",113000,"SACO(S)","BOLIVIA"
"30452",2022,1,"PUESTO DE CONTROL TERRESTRE DESAGUADERO","SOYA, torta",105000,"SACO(S)","BOLIVIA"
"30453",2022,1,"OFICINA PUESTO DE CONTROL MARITIMO - PROV. CONST. DEL CALLAO","MAIZ REVENTON, grano",20239,"SACO(S)","EEUU"
"30454",2022,1,"OFICINA PUESTO DE CONTROL MARITIMO - PROV. CONST. DEL CALLAO","MAIZ REVENTON, grano",20412,"SACO(S)","EEUU"
"30455",2022,1,"PUESTO DE CONTROL TERRESTRE DESAGUADERO","SOYA, torta",115000,"SACO(S)","BOLIVIA"
"30456",2022,1,"OFICINA PUESTO DE CONTROL MARITIMO - PROV. CONST. DEL CALLAO","AVENA, grano aplastado o en copos (hojuelas)",52000,"SACO(S)","CHILE"
"30457",2022,1,"OFICINA PUESTO DE CONTROL AEREO -  PROV. CONST. DEL CALLAO","ARANDANO, planta in vitro",200,"CAJA(S)","EEUU"
"30458",2022,1,"OFICINA PUESTO DE CONTROL MARITIMO - PROV. CONST. DEL CALLAO","AVENA, grano mondado, perlado, troceado o quebrantado",48000,"SACO(S)","CHILE"
"30459",2022,1,"PUESTO DE CONTROL TERRESTRE DESAGUADERO","SOYA, torta",55100,"GRANEL","BOLIVIA"
"30460",2022,1,"PUESTO DE CONTROL TERRESTRE DESAGUADERO","SOYA, torta",57030,"GRANEL","BOLIVIA"
"30461",2022,1,"OFICINA PUESTO DE CONTROL AEREO -  PROV. CONST. DEL CALLAO","ARANDANO, planta in vitro",998,"CAJA(S)","EEUU"
"30462",2022,1,"PUESTO DE CONTROL TERRESTRE DESAGUADERO","SOYA, torta",145000,"SACO(S)","BOLIVIA"
"30463",2022,1,"PUESTO DE CONTROL TERRESTRE DESAGUADERO","SOYA, torta",83352,"SACO(S)","BOLIVIA"
"30464",2022,1,"PUESTO DE CONTROL TERRESTRE DESAGUADERO","SOYA, torta",110948,"SACO(S)","BOLIVIA"
"30465",2022,1,"OFICINA PUESTO DE CONTROL MARITIMO - PROV. CONST. DEL CALLAO","AVENA, grano mondado, perlado, troceado o quebrantado",72000,"SACO(S)","CHILE"
"30466",2022,1,"PUESTO DE CONTROL TERRESTRE DESAGUADERO","SOYA, torta",84000,"GRANEL","BOLIVIA"
"30467",2022,1,"PUESTO DE CONTROL TERRESTRE DESAGUADERO","SOYA, torta",47000,"GRANEL","BOLIVIA"
"30468",2022,1,"PUESTO DE CONTROL TERRESTRE DESAGUADERO","SOYA, torta",84000,"GRANEL","BOLIVIA"
"30469",2022,1,"PUESTO DE CONTROL TERRESTRE DESAGUADERO","GIRASOL, torta",80320,"GRANEL","BOLIVIA"
"30470",2022,1,"PUESTO DE CONTROL TERRESTRE DESAGUADERO","SOYA, torta",56000,"GRANEL","BOLIVIA"
"30471",2022,1,"PUESTO DE CONTROL TERRESTRE DESAGUADERO","SOYA, torta",84000,"GRANEL","BOLIVIA"
"30472",2022,1,"PUESTO DE CONTROL TERRESTRE DESAGUADERO","SOYA, torta",113000,"GRANEL","BOLIVIA"
"30473",2022,1,"PUESTO DE CONTROL TERRESTRE DESAGUADERO","SOYA, grano",111090,"GRANEL","BOLIVIA"
"30474",2022,1,"PUESTO DE CONTROL TERRESTRE DESAGUADERO","SOYA, torta",57000,"GRANEL","BOLIVIA"
"30475",2022,1,"PUESTO DE CONTROL TERRESTRE DESAGUADERO","SOYA, torta",58000,"GRANEL","BOLIVIA"
"30476",2022,1,"PUESTO DE CONTROL TERRESTRE DESAGUADERO","SOYA, torta",29000,"GRANEL","BOLIVIA"
"30477",2022,1,"PUESTO DE CONTROL TERRESTRE DESAGUADERO","SOYA, torta",24899,"SACO(S)","BOLIVIA"
"30478",2022,1,"PUESTO DE CONTROL TERRESTRE DESAGUADERO","SOYA, torta",55798,"SACO(S)","BOLIVIA"
"30479",2022,1,"PUESTO DE CONTROL TERRESTRE DESAGUADERO","SOYA, torta",112000,"GRANEL","BOLIVIA"
"30480",2022,1,"PUESTO DE CONTROL TERRESTRE DESAGUADERO","SOYA, grano",55000,"GRANEL","BOLIVIA"
"30481",2022,1,"PUESTO DE CONTROL TERRESTRE DESAGUADERO","GIRASOL, torta",78750,"GRANEL","BOLIVIA"
"30482",2022,1,"SANTA ROSA, TACNA","DURAZNO, fruto fresco",9360,"CAJA(S)","CHILE"
"30483",2022,1,"SANTA ROSA, TACNA","CIRUELA, fruto fresco",1800,"CAJA(S)","CHILE"
"30484",2022,1,"SANTA ROSA, TACNA","NECTARINA, fruto fresco",8424,"CAJA(S)","CHILE"
"30485",2022,1,"PUESTO DE CONTROL TERRESTRE DESAGUADERO","AZUCAR BLANCA O REFINADA (lectura polarimetrica mayor 99.5°)",6500,"SACO(S)","BOLIVIA"
"30486",2022,1,"PUESTO DE CONTROL TERRESTRE DESAGUADERO","AZUCAR BLANCA O REFINADA (lectura polarimetrica mayor 99.5°)",7000,"SACO(S)","BOLIVIA"
"30487",2022,1,"PUESTO DE CONTROL TERRESTRE DESAGUADERO","AZUCAR BLANCA O REFINADA (lectura polarimetrica mayor 99.5°)",80000,"SACO(S)","BOLIVIA"
"30488",2022,1,"PUESTO DE CONTROL TERRESTRE DESAGUADERO","AZUCAR BLANCA O REFINADA (lectura polarimetrica mayor 99.5°)",22500,"SACO(S)","BOLIVIA"
"30489",2022,1,"PUESTO DE CONTROL TERRESTRE DESAGUADERO","AZUCAR BLANCA O REFINADA (lectura polarimetrica mayor 99.5°)",113000,"SACO(S)","BOLIVIA"
"30490",2022,1,"SANTA ROSA, TACNA","DURAZNO, fruto fresco",5589,"CAJA(S)","CHILE"
"30491",2022,1,"SANTA ROSA, TACNA","CIRUELA, fruto fresco",5040,"CAJA(S)","CHILE"
"30492",2022,1,"SANTA ROSA, TACNA","MANZANA, fruto fresco",12230.4,"CAJA(S)","CHILE"
"30493",2022,1,"PUESTO DE CONTROL TERRESTRE DESAGUADERO","SOYA, harina",74827,"SACO(S)","BOLIVIA"
"30494",2022,1,"PUESTO DE CONTROL TERRESTRE DESAGUADERO","SOYA, torta",114000,"GRANEL","BOLIVIA"
"30495",2022,1,"IÑAPARI, MADRE DE DIOS","NUEZ DEL BRASIL, con cáscara seca al natural",50400,"SACO(S)","BRASIL"
"30496",2022,1,"OFICINA PUESTO DE CONTROL MARITIMO - PROV. CONST. DEL CALLAO","ALMENDRA, sin cáscara, secado industrial",23900,"CAJA(S)","CHILE"
"30497",2022,1,"OFICINA PUESTO DE CONTROL MARITIMO - PROV. CONST. DEL CALLAO","MADERA, marcos",52.47,"UNIDADES","CHINA"
"30498",2022,1,"PUESTO DE CONTROL TERRESTRE DESAGUADERO","SOYA, grano",57980,"SACO(S)","BOLIVIA"
"30499",2022,1,"OFICINA PUESTO DE CONTROL MARITIMO - PROV. CONST. DEL CALLAO","AZUCAR BLANCA O REFINADA (lectura polarimetrica mayor 99.5°)",132500,"SACO(S)","COLOMBIA"
"30500",2022,1,"OFICINA PUESTO DE CONTROL MARITIMO - PROV. CONST. DEL CALLAO","LENTEJA, grano",131091,"SACO(S)","CANADA"
"30501",2022,1,"PUESTO DE CONTROL TERRESTRE DESAGUADERO","AZUCAR BLANCA O REFINADA (lectura polarimetrica mayor 99.5°)",123000,"SACO(S)","BOLIVIA"
"30502",2022,1,"SANTA ROSA, TACNA","NECTARINA, fruto fresco",18690,"CAJA(S)","CHILE"
"30503",2022,1,"PUESTO DE CONTROL TERRESTRE DESAGUADERO","AZUCAR BLANCA O REFINADA (lectura polarimetrica mayor 99.5°)",22000,"SACO(S)","BOLIVIA"
"30504",2022,1,"SANTA ROSA, TACNA","PERA, fruta fresca",23184,"CAJA(S)","CHILE"
"30505",2022,1,"SANTA ROSA, TACNA","CIRUELA, fruto fresco",21840,"CAJA(S)","CHILE"
"30506",2022,1,"OFICINA PUESTO DE CONTROL MARITIMO - PROV. CONST. DEL CALLAO","MAIZ, almidon",49500,"BOLSAS","BRASIL"
"30507",2022,1,"OFICINA PUESTO DE CONTROL MARITIMO - PROV. CONST. DEL CALLAO","MAIZ, almidon",49500,"BOLSAS","BRASIL"
"30508",2022,1,"IÑAPARI, MADRE DE DIOS","ARROZ, grano pilado",32000,"SACO(S)","BRASIL"
"30509",2022,1,"IÑAPARI, MADRE DE DIOS","ARROZ, grano pilado",32010,"FARDOS","BRASIL"
"30510",2022,1,"IÑAPARI, MADRE DE DIOS","ARROZ, grano pilado",32010,"PAQUETES","BRASIL"
"30511",2022,1,"PUESTO DE CONTROL TERRESTRE DESAGUADERO","SOYA, torta",175000,"SACO(S)","BOLIVIA"
"30512",2022,1,"OFICINA PUESTO DE CONTROL MARITIMO - PROV. CONST. DEL CALLAO","MEZCLAS, previstas en la Nota 1b) del capítulo 09, con algún proceso de la CRF2",430,"CAJA(S)","CHINA"
"30513",2022,1,"PUESTO DE CONTROL TERRESTRE DESAGUADERO","SOYA, torta",142403,"SACO(S)","BOLIVIA"
"30514",2022,1,"SANTA ROSA, TACNA","MANGO, fruto fresco",24000,"CAJA(S)","CHILE"
"30515",2022,1,"PUESTO DE CONTROL TERRESTRE DESAGUADERO","SOYA, torta",143000,"SACO(S)","BOLIVIA"
"30516",2022,1,"OFICINA PUESTO DE CONTROL MARITIMO - PROV. CONST. DEL CALLAO","TRACTOR AGRICOLA USADO, con motor de potencia superior a 130KW",9697,"UNIDADES","EEUU"
"30517",2022,1,"OFICINA PUESTO DE CONTROL AEREO -  PROV. CONST. DEL CALLAO","ZAPALLITO ITALIANO (CALABACIN), semilla",0.059,"SACHETS","EEUU"
"30518",2022,1,"OFICINA PUESTO DE CONTROL AEREO -  PROV. CONST. DEL CALLAO","BROCOLI, semilla",0.008,"SACHETS","FRANCIA"
"30519",2022,1,"SANTA ROSA, TACNA","MANZANA, fruto fresco",22540,"CAJA(S)","CHILE"
"30520",2022,1,"SANTA ROSA, TACNA","MANZANA, fruto fresco",22540,"CAJA(S)","CHILE"
"30521",2022,1,"SANTA ROSA, TACNA","MANZANA, fruto fresco",23520,"CAJA(S)","CHILE"
"30522",2022,1,"SANTA ROSA, TACNA","MANZANA, fruto fresco",23520,"CAJA(S)","CHILE"
"30523",2022,1,"SANTA ROSA, TACNA","MANZANA, fruto fresco",22540,"CAJA(S)","CHILE"
"30524",2022,1,"OFICINA PUESTO DE CONTROL MARITIMO - PROV. CONST. DEL CALLAO","MADERA, monturas y mangos de herramientas, monturas y mangos de cepillos, brochas o escobas, de madera; hormas, ensanchadores y tensores del calzado, de madera ; con algún proceso de la CRF 2",52345,"SACO(S)","CHINA"
"30525",2022,1,"SANTA ROSA, TACNA","MANGO, fruto fresco",21504,"CAJA(S)","CHILE"
"30526",2022,1,"OFICINA PUESTO DE CONTROL MARITIMO - PROV. CONST. DEL CALLAO","SOYA, torta",8313300,"GRANEL","URUGUAY"
"30527",2022,1,"PUESTO DE CONTROL TERRESTRE DESAGUADERO","SOYA, torta",110500,"GRANEL","BOLIVIA"
"30528",2022,1,"PUESTO DE CONTROL TERRESTRE DESAGUADERO","SOYA, torta",84000,"GRANEL","BOLIVIA"
"30529",2022,1,"PUESTO DE CONTROL TERRESTRE DESAGUADERO","SOYA, torta",84000,"GRANEL","BOLIVIA"
"30530",2022,1,"PUESTO DE CONTROL TERRESTRE DESAGUADERO","SOYA, grano",55540,"GRANEL","BOLIVIA"
"30531",2022,1,"PUESTO DE CONTROL TERRESTRE DESAGUADERO","SOYA, torta",112000,"GRANEL","BOLIVIA"
"30532",2022,1,"PUESTO DE CONTROL TERRESTRE DESAGUADERO","SOYA, harina",146000,"SACO(S)","BOLIVIA"
"30533",2022,1,"OFICINA PUESTO DE CONTROL MARITIMO - PROV. CONST. DEL CALLAO","PINO, madera aserrada con algún proceso de la CRF2",219260,"PAQUETES","CHILE"
"30534",2022,1,"OFICINA PUESTO DE CONTROL MARITIMO - PROV. CONST. DEL CALLAO","AVENA, grano mondado, perlado, troceado o quebrantado",47877,"SACO(S)","CHILE"
"30535",2022,1,"OFICINA PUESTO DE CONTROL MARITIMO - PROV. CONST. DEL CALLAO","CANELA, corteza entera seca al natural",6200,"CAJA(S)","SRI LANKA"
"30536",2022,1,"OFICINA PUESTO DE CONTROL MARITIMO - PROV. CONST. DEL CALLAO","MANZANA, fruto fresco",17640,"CAJA(S)","EEUU"
"30537",2022,1,"IÑAPARI, MADRE DE DIOS","MAIZ AMARILLO DURO, grano",96000,"SACO(S)","BRASIL"
"30538",2022,1,"OFICINA PUESTO DE CONTROL MARITIMO - PROV. CONST. DEL CALLAO","AZUCAR BLANCA O REFINADA (lectura polarimetrica mayor 99.5°)",79500,"SACO(S)","COLOMBIA"
"30539",2022,1,"SANTA ROSA, TACNA","NECTARINA, fruto fresco",12336,"CAJA(S)","CHILE"
"30540",2022,1,"PUESTO DE CONTROL TERRESTRE DESAGUADERO","SOYA, grano",57980,"SACO(S)","BOLIVIA"
"30541",2022,1,"SANTA ROSA, TACNA","CIRUELA, fruto fresco",10296,"CAJA(S)","CHILE"
"30542",2022,1,"SANTA ROSA, TACNA","TRIGO, afrecho seco industrial",84000,"SACO(S)","CHILE"
"30543",2022,1,"SANTA ROSA, TACNA","SALVADOS, moyuelos y demas residuos del cernido, de la molienda o de otros tratamientos del trigo",28000,"SACO(S)","CHILE"
"30544",2022,1,"OFICINA PUESTO DE CONTROL MARITIMO - PROV. CONST. DEL CALLAO","PAPA, hojuelas y pellets",750,"UNIDADES","MEXICO"
"30545",2022,1,"OFICINA PUESTO DE CONTROL MARITIMO - PROV. CONST. DEL CALLAO","PAPA, hojuelas y pellets",640,"CAJA(S)","MEXICO"
"30546",2022,1,"OFICINA PUESTO DE CONTROL MARITIMO - PROV. CONST. DEL CALLAO","LENTEJA, grano",67631,"SACO(S)","EEUU"
"30547",2022,1,"OFICINA PUESTO DE CONTROL MARITIMO - PROV. CONST. DEL CALLAO","ARVEJA, grano partido",90447,"SACO(S)","EEUU"
"30548",2022,1,"PUESTO DE CONTROL TERRESTRE DESAGUADERO","SOYA, grano",82000,"GRANEL","BOLIVIA"
"30549",2022,1,"PUESTO DE CONTROL TERRESTRE DESAGUADERO","SOYA, harina",26885,"SACO(S)","BOLIVIA"
"30550",2022,1,"OFICINA PUESTO DE CONTROL MARITIMO - PROV. CONST. DEL CALLAO","PINO, madera aserrada con tratamiento de secado al horno impregnación de sales",91800,"PAQUETES","CHINA"
"30551",2022,1,"PUESTO DE CONTROL TERRESTRE DESAGUADERO","SOYA, grano",55000,"GRANEL","BOLIVIA"
"30552",2022,1,"PUESTO DE CONTROL TERRESTRE DESAGUADERO","SOYA, grano",54000,"GRANEL","BOLIVIA"
"30553",2022,1,"PUESTO DE CONTROL TERRESTRE DESAGUADERO","SOYA, grano",83500,"GRANEL","BOLIVIA"
"30554",2022,1,"PUESTO DE CONTROL TERRESTRE DESAGUADERO","SOYA, torta",56117,"SACO(S)","BOLIVIA"
"30555",2022,1,"PUESTO DE CONTROL TERRESTRE DESAGUADERO","SOYA, torta",81000,"GRANEL","BOLIVIA"
"30556",2022,1,"PUESTO DE CONTROL TERRESTRE DESAGUADERO","SOYA, torta",28000,"GRANEL","BOLIVIA"
"30557",2022,1,"PUESTO DE CONTROL TERRESTRE DESAGUADERO","SOYA, harina",27874,"SACO(S)","BOLIVIA"
"30558",2022,1,"OFICINA PUESTO DE CONTROL AEREO -  PROV. CONST. DEL CALLAO","TOMATE, semilla",0.031,"SACHETS","HOLANDA"
"30559",2022,1,"PUESTO DE CONTROL TERRESTRE DESAGUADERO","SOYA, torta",55000,"GRANEL","BOLIVIA"
"30560",2022,1,"PUESTO DE CONTROL TERRESTRE DESAGUADERO","SOYA, torta",56500,"GRANEL","BOLIVIA"
"30561",2022,1,"PUESTO DE CONTROL TERRESTRE DESAGUADERO","SOYA, torta",55950,"GRANEL","BOLIVIA"
"30562",2022,1,"OFICINA PUESTO DE CONTROL MARITIMO - PROV. CONST. DEL CALLAO","TRIGO, grano",6300000,"GRANEL","ARGENTINA"
"30563",2022,1,"SANTA ROSA, TACNA","MANZANA, fruto fresco",23520,"CAJA(S)","CHILE"
"30564",2022,1,"SANTA ROSA, TACNA","MANZANA, fruto fresco",23520,"CAJA(S)","CHILE"
"30565",2022,1,"SANTA ROSA, TACNA","MANZANA, fruto fresco",23520,"CAJA(S)","CHILE"
"30566",2022,1,"OFICINA PUESTO DE CONTROL MARITIMO - PROV. CONST. DEL CALLAO","SOYA, torta",13500000,"GRANEL","PARAGUAY"
"30567",2022,1,"OFICINA PUESTO DE CONTROL AEREO -  PROV. CONST. DEL CALLAO","PALTO, semilla",4602.8,"CAJA(S)","ISRAEL"
"30568",2022,1,"PUESTO DE CONTROL TERRESTRE DESAGUADERO","SOYA, torta",118000,"SACO(S)","BOLIVIA"
"30569",2022,1,"OFICINA PUESTO DE CONTROL MARITIMO - PROV. CONST. DEL CALLAO","AZUCAR BLANCA O REFINADA (lectura polarimetrica mayor 99.5°)",19910.68,"BIG BAG","COLOMBIA"
"30570",2022,1,"OFICINA PUESTO DE CONTROL MARITIMO - PROV. CONST. DEL CALLAO","AZUCAR BLANCA O REFINADA (lectura polarimetrica mayor 99.5°)",6470.97,"SACO(S)","COLOMBIA"
"30571",2022,1,"OFICINA PUESTO DE CONTROL MARITIMO - PROV. CONST. DEL CALLAO","AZUCARES, los demas",24888.35,"SACO(S)","COLOMBIA"
"30572",2022,1,"PUESTO DE CONTROL TERRESTRE DESAGUADERO","SOYA, torta",146000,"SACO(S)","BOLIVIA"
"30573",2022,1,"PUESTO DE CONTROL TERRESTRE DESAGUADERO","SOYA, torta",146500,"SACO(S)","BOLIVIA"
"30574",2022,1,"PUESTO DE CONTROL TERRESTRE DESAGUADERO","SOYA, torta",114000,"SACO(S)","BOLIVIA"
"30575",2022,1,"OFICINA PUESTO DE CONTROL MARITIMO - PROV. CONST. DEL CALLAO","AZUCAR BLANCA O REFINADA (lectura polarimetrica mayor 99.5°)",264500,"SACO(S)","COLOMBIA"
"30576",2022,1,"OFICINA PUESTO DE CONTROL MARITIMO - PROV. CONST. DEL CALLAO","AZUCARES, los demas",99770,"SACO(S)","COLOMBIA"
"30577",2022,1,"OFICINA PUESTO DE CONTROL MARITIMO - PROV. CONST. DEL CALLAO","MANZANA, fruto fresco",20580,"CAJA(S)","EEUU"
"30578",2022,1,"OFICINA PUESTO DE CONTROL MARITIMO - PROV. CONST. DEL CALLAO","OREJAS DE JUDAS, seco industrial",600,"CAJA(S)","CHINA"
"30579",2022,1,"OFICINA PUESTO DE CONTROL MARITIMO - PROV. CONST. DEL CALLAO","Shitake (Lentinus edodes), secos, incluso los cortados en trozos o en rodajas, trituradas o pulverizadas, sin otra preparación",784,"CAJA(S)","CHINA"
"30580",2022,1,"OFICINA PUESTO DE CONTROL MARITIMO - PROV. CONST. DEL CALLAO","HONGO, seco",24,"CAJA(S)","CHINA"
"30581",2022,1,"OFICINA PUESTO DE CONTROL MARITIMO - PROV. CONST. DEL CALLAO","Las demás frutas u otros frutos, excepto las de las partidas 08.01 a 08.06, con algún proceso de la CRF 2",600,"CAJA(S)","CHINA"
"30582",2022,1,"OFICINA PUESTO DE CONTROL MARITIMO - PROV. CONST. DEL CALLAO","ALGODON, fibra sin cardar ni peinar (>34.92 mm)",88595.662,"FARDOS","EEUU"
"30583",2022,1,"OFICINA PUESTO DE CONTROL MARITIMO - PROV. CONST. DEL CALLAO","ALGODON, fibra sin cardar ni peinar (>22.22 mm = o <28.57 mm)",39192,"FARDOS","EEUU"
"30584",2022,1,"OFICINA PUESTO DE CONTROL MARITIMO - PROV. CONST. DEL CALLAO","ALGODON, fibra sin cardar ni peinar (>22.22 mm = o <28.57 mm)",18913,"FARDOS","EEUU"
"30585",2022,1,"OFICINA PUESTO DE CONTROL MARITIMO - PROV. CONST. DEL CALLAO","Cosechadoras-trilladoras usadas
",3505.976,"UNIDADES","JAPON"
"30586",2022,1,"OFICINA PUESTO DE CONTROL MARITIMO - PROV. CONST. DEL CALLAO","LOS DEMAS TRACTORES USADOS, con motor de potencia inferior o igual a 18 kW (excepto las carretillas tractor de la partida 87.09)",4006.83,"UNIDADES","JAPON"
"30587",2022,1,"OFICINA PUESTO DE CONTROL MARITIMO - PROV. CONST. DEL CALLAO","CAFE, grano verde",18975,"SACOS DE YUTE","HOLANDA"
"30588",2022,1,"OFICINA PUESTO DE CONTROL MARITIMO - PROV. CONST. DEL CALLAO","Arados usados
",266.241,"UNIDADES","JAPON"
"30589",2022,1,"OFICINA PUESTO DE CONTROL MARITIMO - PROV. CONST. DEL CALLAO","LOS DEMAS TRACTORES USADOS, con motor de potencia inferior o igual a 18 kW (excepto las carretillas tractor de la partida 87.09)",3194.888,"UNIDADES","JAPON"
"30590",2022,1,"OFICINA PUESTO DE CONTROL MARITIMO - PROV. CONST. DEL CALLAO","LOS DEMAS TRACTORES USADOS, con motor de potencia inferior o igual a 18 kW (excepto las carretillas tractor de la partida 87.09)",12070.198,"UNIDADES","JAPON"
"30591",2022,1,"OFICINA PUESTO DE CONTROL MARITIMO - PROV. CONST. DEL CALLAO","ALGODON, fibra sin cardar ni peinar (>28.57 mm = o <34.92 mm)",78070,"FARDOS","EEUU"
"30592",2022,1,"PUESTO DE CONTROL TERRESTRE DESAGUADERO","MAIZ, almidon",130000,"BOLSAS","PARAGUAY"
"30593",2022,1,"PUESTO DE CONTROL TERRESTRE DESAGUADERO","SOYA, torta",115000,"SACO(S)","BOLIVIA"
"30594",2022,1,"OFICINA PUESTO DE CONTROL MARITIMO - PROV. CONST. DEL CALLAO","TRIGO, grano",3950000,"GRANEL","ARGENTINA"
"30595",2022,1,"OFICINA PUESTO DE CONTROL MARITIMO - PROV. CONST. DEL CALLAO","AJO, polvo",6000,"BOLSAS","EEUU"
"30596",2022,1,"OFICINA PUESTO DE CONTROL MARITIMO - PROV. CONST. DEL CALLAO","CEBOLLA, triturada o pulverizada",0.5,"BOLSAS","MEXICO"
"30597",2022,1,"OFICINA PUESTO DE CONTROL MARITIMO - PROV. CONST. DEL CALLAO","TOMATE, seco industrial",4,"BOLSAS","MEXICO"
"30598",2022,1,"PUESTO DE CONTROL- CEBAF","CAÑA DE GUAYAQUIL, seca al natural",30000,"UNIDADES","ECUADOR"
"30599",2022,1,"PUERTO DE SALAVERRY, LA LIBERTAD","MAIZ AMARILLO DURO, grano",30250000,"GRANEL","ARGENTINA"
"30600",2022,1,"PUESTO DE CONTROL TERRESTRE DESAGUADERO","SOYA, grano",55000,"GRANEL","BOLIVIA"
"30601",2022,1,"PUESTO DE CONTROL TERRESTRE DESAGUADERO","SOYA, grano",56000,"GRANEL","BOLIVIA"
"30602",2022,1,"PUESTO DE CONTROL TERRESTRE DESAGUADERO","SOYA, grano",56000,"GRANEL","BOLIVIA"
"30603",2022,1,"PUESTO DE CONTROL TERRESTRE DESAGUADERO","SOYA, grano",56000,"GRANEL","BOLIVIA"
"30604",2022,1,"PUESTO DE CONTROL TERRESTRE DESAGUADERO","SOYA, grano",55000,"GRANEL","BOLIVIA"
"30605",2022,1,"PUESTO DE CONTROL TERRESTRE DESAGUADERO","SOYA, torta",57000,"GRANEL","BOLIVIA"
"30606",2022,1,"PUESTO DE CONTROL TERRESTRE DESAGUADERO","SOYA, torta",114000,"SACO(S)","BOLIVIA"
"30607",2022,1,"PUESTO DE CONTROL TERRESTRE DESAGUADERO","SOYA, torta",113000,"SACO(S)","BOLIVIA"
"30608",2022,1,"PUESTO DE CONTROL TERRESTRE DESAGUADERO","SOYA, torta",113000,"SACO(S)","BOLIVIA"
"30609",2022,1,"PUESTO DE CONTROL TERRESTRE DESAGUADERO","SOYA, torta",114000,"SACO(S)","BOLIVIA"
"30610",2022,1,"PUESTO DE CONTROL TERRESTRE DESAGUADERO","SOYA, torta",145000,"SACO(S)","BOLIVIA"
"30611",2022,1,"PUESTO DE CONTROL TERRESTRE DESAGUADERO","SOYA, torta",56000,"GRANEL","BOLIVIA"
"30612",2022,1,"PUESTO DE CONTROL TERRESTRE DESAGUADERO","SOYA, torta",56000,"GRANEL","BOLIVIA"
"30613",2022,1,"PUESTO DE CONTROL TERRESTRE DESAGUADERO","SOYA, torta",115000,"SACO(S)","BOLIVIA"
"30614",2022,1,"PUESTO DE CONTROL TERRESTRE DESAGUADERO","SOYA, torta",116000,"SACO(S)","BOLIVIA"
"30615",2022,1,"PUESTO DE CONTROL TERRESTRE DESAGUADERO","SOYA, torta",115500,"SACO(S)","BOLIVIA"
"30616",2022,1,"PUESTO DE CONTROL TERRESTRE DESAGUADERO","SOYA, torta",111600,"SACO(S)","BOLIVIA"
"30617",2022,1,"PUESTO DE CONTROL TERRESTRE DESAGUADERO","SOYA, torta",147000,"SACO(S)","BOLIVIA"
"30618",2022,1,"PUESTO DE CONTROL TERRESTRE DESAGUADERO","SOYA, torta",108610,"GRANEL","BOLIVIA"
"30619",2022,1,"PUESTO DE CONTROL TERRESTRE DESAGUADERO","SOYA, torta",56500,"GRANEL","BOLIVIA"
"30620",2022,1,"PUESTO DE CONTROL TERRESTRE DESAGUADERO","SOYA, torta",50000,"GRANEL","BOLIVIA"
"30621",2022,1,"PUESTO DE CONTROL TERRESTRE DESAGUADERO","SOYA, torta",112000,"GRANEL","BOLIVIA"
"30622",2022,1,"PUESTO DE CONTROL TERRESTRE DESAGUADERO","SOYA, torta",105000,"GRANEL","BOLIVIA"
"30623",2022,1,"PUESTO DE CONTROL TERRESTRE DESAGUADERO","SOYA, torta",82000,"GRANEL","BOLIVIA"
"30624",2022,1,"OFICINA PUESTO DE CONTROL MARITIMO - PROV. CONST. DEL CALLAO","ALGODON, fibra sin cardar ni peinar (>34.92 mm)",51607.018,"FARDOS","EEUU"
"30625",2022,1,"OFICINA PUESTO DE CONTROL MARITIMO - PROV. CONST. DEL CALLAO","ALGODON, fibra sin cardar ni peinar (>34.92 mm)",102869.76,"FARDOS","EEUU"
"30626",2022,1,"PUESTO DE CONTROL TERRESTRE DESAGUADERO","SOYA, torta",111500,"SACO(S)","BOLIVIA"
"30627",2022,1,"OFICINA PUESTO DE CONTROL MARITIMO - PROV. CONST. DEL CALLAO","MADERA, herramientas de madera con algún proceso de la CRF2",294.278,"PIEZAS","MEXICO"
"30628",2022,1,"OFICINA PUESTO DE CONTROL MARITIMO - PROV. CONST. DEL CALLAO","MADERA, monturas y mangos de herramientas, monturas y mangos de cepillos, brochas o escobas, de madera; hormas, ensanchadores y tensores del calzado, de madera ; con algún proceso de la CRF 2",0.364,"PIEZAS","MEXICO"
"30629",2022,1,"PUESTO DE CONTROL- CEBAF","PAJA MACORA, paja seca al natural",870,"FARDOS","ECUADOR"
"30630",2022,1,"OFICINA PUESTO DE CONTROL MARITIMO - PROV. CONST. DEL CALLAO","ALMENDRA, sin cáscara secado al natural",16329.6,"CAJA(S)","EEUU"
"30631",2022,1,"OFICINA PUESTO DE CONTROL MARITIMO - PROV. CONST. DEL CALLAO","AZUCAR BLANCA O REFINADA (lectura polarimetrica mayor 99.5°)",53000,"SACO(S)","COLOMBIA"
"30632",2022,1,"OFICINA PUESTO DE CONTROL MARITIMO - PROV. CONST. DEL CALLAO","AZUCAR BLANCA O REFINADA (lectura polarimetrica mayor 99.5°)",132500,"SACO(S)","COLOMBIA"
"30633",2022,1,"OFICINA PUESTO DE CONTROL MARITIMO - PROV. CONST. DEL CALLAO","TRIGO, grano",16864000,"GRANEL","ARGENTINA"
"30634",2022,1,"OFICINA PUESTO DE CONTROL MARITIMO - PROV. CONST. DEL CALLAO","TRIGO, grano",450000,"GRANEL","ARGENTINA"
"30635",2022,1,"OFICINA PUESTO DE CONTROL MARITIMO - PROV. CONST. DEL CALLAO","CANELA, corteza entera seca al natural",13500,"CAJA(S)","SRI LANKA"
"30636",2022,1,"PUESTO DE CONTROL TERRESTRE DESAGUADERO","SOYA, harina",115500,"SACO(S)","BOLIVIA"
"30637",2022,1,"PUESTO DE CONTROL TERRESTRE DESAGUADERO","SOYA, torta",114000,"GRANEL","BOLIVIA"
"30638",2022,1,"PUESTO DE CONTROL TERRESTRE DESAGUADERO","SOYA, torta",54110,"GRANEL","BOLIVIA"
"30639",2022,1,"PUESTO DE CONTROL TERRESTRE DESAGUADERO","SOYA, torta",54880,"SACO(S)","BOLIVIA"
"30640",2022,1,"PUESTO DE CONTROL TERRESTRE DESAGUADERO","SOYA, torta",84000,"GRANEL","BOLIVIA"
"30641",2022,1,"PUESTO DE CONTROL TERRESTRE DESAGUADERO","SOYA, torta",79488,"SACO(S)","BOLIVIA"
"30642",2022,1,"PUESTO DE CONTROL TERRESTRE DESAGUADERO","SOYA, torta",26916,"SACO(S)","BOLIVIA"
"30643",2022,1,"PUESTO DE CONTROL TERRESTRE DESAGUADERO","SOYA, grano",53000,"GRANEL","BOLIVIA"
"30644",2022,1,"PUESTO DE CONTROL TERRESTRE DESAGUADERO","SOYA, grano",85030,"GRANEL","BOLIVIA"
"30645",2022,1,"OFICINA PUESTO DE CONTROL MARITIMO - PROV. CONST. DEL CALLAO","NARANJA, fruto fresco",19958,"CAJA(S)","EEUU"
"30646",2022,1,"IÑAPARI, MADRE DE DIOS","PINO, madera aserrada, con tratamiento de secado al horno o impregnación de sales",29138,"PAQUETES","BRASIL"
"30647",2022,1,"OFICINA PUESTO DE CONTROL MARITIMO - PROV. CONST. DEL CALLAO","COCO, fibra (para sustrato)",94520,"PALETAS","INDIA"
"30648",2022,1,"OFICINA PUESTO DE CONTROL MARITIMO - PROV. CONST. DEL CALLAO","COCO, fibra (para sustrato)",95600,"PALETAS","INDIA"
"30649",2022,1,"OFICINA PUESTO DE CONTROL MARITIMO - PROV. CONST. DEL CALLAO","COCO, fibra (para sustrato)",93600,"PALETAS","INDIA"
"30650",2022,1,"PUESTO DE CONTROL TERRESTRE DESAGUADERO","SOYA, torta",145000,"SACO(S)","BOLIVIA"
"30651",2022,1,"PUESTO DE CONTROL TERRESTRE DESAGUADERO","SOYA, torta",142000,"SACO(S)","BOLIVIA"
"30652",2022,1,"PUERTO DE PAITA , PIURA","PALLAR, grano",44000,"BIG BAG","EEUU"
"30653",2022,1,"SANTA ROSA, TACNA","MANZANA, fruto fresco",23520,"CAJA(S)","CHILE"
"30654",2022,1,"SANTA ROSA, TACNA","MANZANA, fruto fresco",23520,"CAJA(S)","CHILE"
"30655",2022,1,"OFICINA PUESTO DE CONTROL MARITIMO - PROV. CONST. DEL CALLAO","LENTEJA, grano",184163,"SACO(S)","CANADA"
"30656",2022,1,"PUESTO DE CONTROL TERRESTRE DESAGUADERO","SOYA, harina",115958,"SACO(S)","BOLIVIA"
"30657",2022,1,"OFICINA PUESTO DE CONTROL AEREO -  PROV. CONST. DEL CALLAO","CEBOLLA, semilla",269.61,"SACHETS","CHILE"
"30658",2022,1,"OFICINA PUESTO DE CONTROL MARITIMO - PROV. CONST. DEL CALLAO","CANELA, corteza entera seca al natural",13500,"CAJA(S)","SRI LANKA"
"30659",2022,1,"OFICINA PUESTO DE CONTROL MARITIMO - PROV. CONST. DEL CALLAO","PINO, madera aserrada con algún proceso de la CRF2",113572,"PAQUETES","CHILE"
"30660",2022,1,"OFICINA PUESTO DE CONTROL MARITIMO - PROV. CONST. DEL CALLAO","PINO, madera aserrada con algún proceso de la CRF2",42310,"PAQUETES","CHILE"
"30661",2022,1,"OFICINA PUESTO DE CONTROL MARITIMO - PROV. CONST. DEL CALLAO","COCO, fibra (para sustrato)",25220,"PALETAS","SRI LANKA"
"30662",2022,1,"OFICINA PUESTO DE CONTROL MARITIMO - PROV. CONST. DEL CALLAO","MANZANA, fruto fresco",17640,"CAJA(S)","EEUU"
"30663",2022,1,"OFICINA PUESTO DE CONTROL MARITIMO - PROV. CONST. DEL CALLAO","COCO, fibra (para sustrato)",75230,"PALETAS","SRI LANKA"
"30664",2022,1,"OFICINA PUESTO DE CONTROL MARITIMO - PROV. CONST. DEL CALLAO","COCO, fibra (para sustrato)",70200,"PALETAS","SRI LANKA"
"30665",2022,1,"OFICINA PUESTO DE CONTROL AEREO -  PROV. CONST. DEL CALLAO","SORGO, semilla",48,"BOLSAS","ARGENTINA"
"30666",2022,1,"PUESTO DE CONTROL TERRESTRE DESAGUADERO","SOYA, torta",77000,"SACO(S)","BOLIVIA"
"30667",2022,1,"PUESTO DE CONTROL TERRESTRE DESAGUADERO","SOYA, torta",50000,"SACO(S)","BOLIVIA"
"30668",2022,1,"OFICINA PUESTO DE CONTROL MARITIMO - PROV. CONST. DEL CALLAO","COCO, fibra (para sustrato)",70272,"PALETAS","SRI LANKA"
"30669",2022,1,"OFICINA PUESTO DE CONTROL MARITIMO - PROV. CONST. DEL CALLAO","MANZANA, fruta fresca",19551,"CAJA(S)","PORTUGAL"
"30670",2022,1,"OFICINA PUESTO DE CONTROL MARITIMO - PROV. CONST. DEL CALLAO","MANZANA, fruta fresca",19551,"CAJA(S)","PORTUGAL"
"30671",2022,1,"PUESTO DE CONTROL TERRESTRE DESAGUADERO","AZUCAR BLANCA O REFINADA (lectura polarimetrica mayor 99.5°)",139000,"SACO(S)","BOLIVIA"
"30672",2022,1,"SANTA ROSA, TACNA","MANZANA, fruto fresco",22540,"CAJA(S)","CHILE"
"30673",2022,1,"SANTA ROSA, TACNA","MANZANA, fruto fresco",23520,"CAJA(S)","CHILE"
"30674",2022,1,"PUESTO DE CONTROL TERRESTRE DESAGUADERO","MANI, grano sin cáscara",60000,"SACO(S)","BOLIVIA"
"30675",2022,1,"IÑAPARI, MADRE DE DIOS","MAIZ AMARILLO DURO, grano",32000,"SACO(S)","BRASIL"
"30676",2022,1,"PUESTO DE CONTROL TERRESTRE DESAGUADERO","SOYA, torta",147000,"SACO(S)","BOLIVIA"
"30677",2022,1,"PUESTO DE CONTROL TERRESTRE DESAGUADERO","SOYA, torta",116000,"SACO(S)","BOLIVIA"
"30678",2022,1,"PUESTO DE CONTROL TERRESTRE DESAGUADERO","SOYA, harina",174000,"SACO(S)","BOLIVIA"
"30679",2022,1,"PUERTO DE PAITA , PIURA","PALLAR, grano",44000,"BIG BAG","EEUU"
"30680",2022,1,"OFICINA PUESTO DE CONTROL MARITIMO - PROV. CONST. DEL CALLAO","MADERA, cajas con algún proceso de la CRF 2",16385.678,"UNIDADES","CHILE"
"30681",2022,1,"OFICINA PUESTO DE CONTROL MARITIMO - PROV. CONST. DEL CALLAO","APIO, polvo",1880,"CAJA(S)","CHINA"
"30682",2022,1,"OFICINA PUESTO DE CONTROL MARITIMO - PROV. CONST. DEL CALLAO","JENGIBRE (=KION), polvo",1100,"CAJA(S)","CHINA"
"30683",2022,1,"OFICINA PUESTO DE CONTROL MARITIMO - PROV. CONST. DEL CALLAO","AJO, polvo",10000,"CAJA(S)","CHINA"
"30684",2022,1,"OFICINA PUESTO DE CONTROL MARITIMO - PROV. CONST. DEL CALLAO","FREJOL CASTILLA (=FREJOL CAUPI), grano",23750,"SACO(S)","PERU"
"30685",2022,1,"PUESTO DE CONTROL TERRESTRE DESAGUADERO","SOYA, harina",27435,"SACO(S)","BOLIVIA"
"30686",2022,1,"PUESTO DE CONTROL TERRESTRE DESAGUADERO","SOYA, torta",28950,"GRANEL","BOLIVIA"
"30687",2022,1,"OFICINA PUESTO DE CONTROL MARITIMO - PROV. CONST. DEL CALLAO","TRIGO, grano",2e+06,"GRANEL","CANADA"
"30688",2022,1,"OFICINA PUESTO DE CONTROL MARITIMO - PROV. CONST. DEL CALLAO","KIWI, fruto fresco",11520,"CAJA(S)","EEUU"
"30689",2022,1,"OFICINA PUESTO DE CONTROL MARITIMO - PROV. CONST. DEL CALLAO","MAIZ, semilla",13459.4,"BOLSAS","BOLIVIA"
"30690",2022,1,"OFICINA PUESTO DE CONTROL MARITIMO - PROV. CONST. DEL CALLAO","TRIGO DURO, grano",16776010,"GRANEL","CANADA"
"30691",2022,1,"OFICINA PUESTO DE CONTROL MARITIMO - PROV. CONST. DEL CALLAO","TRIGO, grano",25449760,"GRANEL","CANADA"
"30692",2022,1,"PUESTO DE CONTROL TERRESTRE DESAGUADERO","SOYA, torta",145000,"SACO(S)","BOLIVIA"
"30693",2022,1,"OFICINA PUESTO DE CONTROL MARITIMO - PROV. CONST. DEL CALLAO","PINO, madera aserrada con algún proceso de la CRF2",105585,"PALETAS","BRASIL"
"30694",2022,1,"OFICINA PUESTO DE CONTROL MARITIMO - PROV. CONST. DEL CALLAO","CIRUELA, fruto fresco",6048,"CAJA(S)","CHILE"
"30695",2022,1,"OFICINA PUESTO DE CONTROL MARITIMO - PROV. CONST. DEL CALLAO","NECTARINA, fruto fresco",4032,"CAJA(S)","CHILE"
"30696",2022,1,"OFICINA PUESTO DE CONTROL MARITIMO - PROV. CONST. DEL CALLAO","PASTO, mezcla de semillas",18144,"SACO(S)","EEUU"
"30697",2022,1,"OFICINA PUESTO DE CONTROL MARITIMO - PROV. CONST. DEL CALLAO","TRIGO, harina",18517.766,"BOLSAS","EEUU"
"30698",2022,1,"OFICINA PUESTO DE CONTROL MARITIMO - PROV. CONST. DEL CALLAO","PAPA, fécula",20000,"SACO(S)","HOLANDA"
"30699",2022,1,"PUESTO DE CONTROL TERRESTRE DESAGUADERO","SOYA, torta",56010,"GRANEL","BOLIVIA"
"30700",2022,1,"OFICINA PUESTO DE CONTROL MARITIMO - PROV. CONST. DEL CALLAO","MAIZ, semilla",47162.99,"BOLSAS","BRASIL"
"30701",2022,1,"PUESTO DE CONTROL TERRESTRE DESAGUADERO","SOYA, torta",82000,"GRANEL","BOLIVIA"
"30702",2022,1,"PUESTO DE CONTROL TERRESTRE DESAGUADERO","SOYA, torta",119000,"SACO(S)","BOLIVIA"
"30703",2022,1,"PUESTO DE CONTROL TERRESTRE DESAGUADERO","AZUCAR BLANCA O REFINADA (lectura polarimetrica mayor 99.5°)",58000,"SACO(S)","BOLIVIA"
"30704",2022,1,"OFICINA PUESTO DE CONTROL MARITIMO - PROV. CONST. DEL CALLAO","YUTE, sacos",26075,"SACOS DE YUTE","INDIA"
"30705",2022,1,"PUESTO DE CONTROL TERRESTRE DESAGUADERO","SOYA, torta",56000,"GRANEL","BOLIVIA"
"30706",2022,1,"PUESTO DE CONTROL TERRESTRE DESAGUADERO","SOYA, torta",84000,"GRANEL","BOLIVIA"
"30707",2022,1,"PUESTO DE CONTROL TERRESTRE DESAGUADERO","MANI, grano sin cáscara",29000,"SACO(S)","BOLIVIA"
"30708",2022,1,"PUESTO DE CONTROL TERRESTRE DESAGUADERO","LENTEJA, grano",27000,"SACO(S)","ARGENTINA"
"30709",2022,1,"PUESTO DE CONTROL TERRESTRE DESAGUADERO","LENTEJA, grano",27000,"SACO(S)","ARGENTINA"
"30710",2022,1,"OFICINA PUESTO DE CONTROL MARITIMO - PROV. CONST. DEL CALLAO","AVENA, grano mondado, perlado, troceado o quebrantado",96000,"SACO(S)","CHILE"
"30711",2022,1,"OFICINA PUESTO DE CONTROL MARITIMO - PROV. CONST. DEL CALLAO","PAPA, fécula",2e+05,"BIG BAG","DINAMARCA"
"30712",2022,1,"OFICINA PUESTO DE CONTROL MARITIMO - PROV. CONST. DEL CALLAO","ALGODON, fibra sin cardar ni peinar (>28.57 mm = o <34.92 mm)",79380,"FARDOS","EEUU"
"30713",2022,1,"OFICINA PUESTO DE CONTROL MARITIMO - PROV. CONST. DEL CALLAO","MADERA, marcos",48.76,"UNIDADES","CHINA"
"30714",2022,1,"OFICINA PUESTO DE CONTROL MARITIMO - PROV. CONST. DEL CALLAO","TRACTOR AGRICOLA USADO, con motor de potencia superior a 33 kW pero inferior o igual a 75 kW",2754.275,"UNIDADES","CHINA"
"30715",2022,1,"PUESTO DE CONTROL TERRESTRE DESAGUADERO","SOYA, harina",116000,"SACO(S)","BOLIVIA"
"30716",2022,1,"OFICINA PUESTO DE CONTROL MARITIMO - PROV. CONST. DEL CALLAO","MAIZ, harina",88000,"SACO(S)","MEXICO"
"30717",2022,1,"OFICINA PUESTO DE CONTROL MARITIMO - PROV. CONST. DEL CALLAO","AVENA, grano aplastado o en copos (hojuelas)",26000,"SACO(S)","CHILE"
"30718",2022,1,"OFICINA PUESTO DE CONTROL MARITIMO - PROV. CONST. DEL CALLAO","MADERA, monturas y mangos de herramientas, monturas y mangos de cepillos, brochas o escobas, de madera; hormas, ensanchadores y tensores del calzado, de madera ; con algún proceso de la CRF 2",103.506,"PIEZAS","MEXICO"
"30719",2022,1,"OFICINA PUESTO DE CONTROL MARITIMO - PROV. CONST. DEL CALLAO","MADERA, monturas y mangos de herramientas, monturas y mangos de cepillos, brochas o escobas, de madera; hormas, ensanchadores y tensores del calzado, de madera ; con algún proceso de la CRF 2",301.733,"PIEZAS","MEXICO"
"30720",2022,1,"OFICINA PUESTO DE CONTROL MARITIMO - PROV. CONST. DEL CALLAO","TRIGO, grano",3803610,"GRANEL","CANADA"
"30721",2022,1,"PUESTO DE CONTROL TERRESTRE DESAGUADERO","SOYA, torta",112000,"SACO(S)","BOLIVIA"
"30722",2022,1,"PUESTO DE CONTROL TERRESTRE DESAGUADERO","MAIZ AMARILLO DURO, grano",29000,"SACO(S)","BOLIVIA"
"30723",2022,1,"OFICINA PUESTO DE CONTROL MARITIMO - PROV. CONST. DEL CALLAO","CANELA, corteza entera seca al natural",6200,"CAJA(S)","SRI LANKA"
"30724",2022,1,"PUESTO DE CONTROL TERRESTRE DESAGUADERO","FREJOL NEGRO, grano",59000,"SACO(S)","BOLIVIA"
"30725",2022,1,"PUESTO DE CONTROL TERRESTRE DESAGUADERO","SOYA, torta",26000,"GRANEL","BOLIVIA"
"30726",2022,1,"PUESTO DE CONTROL TERRESTRE DESAGUADERO","SOYA, torta",139000,"GRANEL","BOLIVIA"
"30727",2022,1,"PUESTO DE CONTROL TERRESTRE DESAGUADERO","SOYA, harina",85689,"SACO(S)","BOLIVIA"
"30728",2022,1,"PUESTO DE CONTROL TERRESTRE DESAGUADERO","SOYA, torta",83790,"GRANEL","BOLIVIA"
"30729",2022,1,"PUESTO DE CONTROL TERRESTRE DESAGUADERO","SOYA, torta",140000,"GRANEL","BOLIVIA"
"30730",2022,1,"PUESTO DE CONTROL TERRESTRE DESAGUADERO","SOYA, torta",140000,"GRANEL","BOLIVIA"
"30731",2022,1,"PUESTO DE CONTROL TERRESTRE DESAGUADERO","SOYA, torta",83980,"GRANEL","BOLIVIA"
"30732",2022,1,"PUESTO DE CONTROL TERRESTRE DESAGUADERO","SOYA, torta",56500,"GRANEL","BOLIVIA"
"30733",2022,1,"PUESTO DE CONTROL TERRESTRE DESAGUADERO","SOYA, torta",173500,"SACO(S)","BOLIVIA"
"30734",2022,1,"PUESTO DE CONTROL TERRESTRE DESAGUADERO","SOYA, torta",28000,"GRANEL","BOLIVIA"
"30735",2022,1,"PUESTO DE CONTROL TERRESTRE DESAGUADERO","SOYA, torta",27620,"GRANEL","BOLIVIA"
"30736",2022,1,"PUESTO DE CONTROL TERRESTRE DESAGUADERO","GIRASOL, torta",83870,"GRANEL","BOLIVIA"
"30737",2022,1,"PUESTO DE CONTROL TERRESTRE DESAGUADERO","SOYA, torta",115858,"SACO(S)","BOLIVIA"
"30738",2022,1,"PUESTO DE CONTROL TERRESTRE DESAGUADERO","SOYA, torta",142500,"SACO(S)","BOLIVIA"
"30739",2022,1,"OFICINA PUESTO DE CONTROL AEREO -  PROV. CONST. DEL CALLAO","PIMIENTO, semilla",6.878,"SOBRES ALUMINIZADOS","EEUU"
"30740",2022,1,"OFICINA PUESTO DE CONTROL MARITIMO - PROV. CONST. DEL CALLAO","LOS DEMAS TRACTORES USADOS, con motor de potencia inferior o igual a 18 kW (excepto las carretillas tractor de la partida 87.09)",6643.947,"UNIDADES","JAPON"
"30741",2022,1,"SANTA ROSA, TACNA","LENTEJA, grano",52616,"SACO(S)","CANADA"
"30742",2022,1,"SANTA ROSA, TACNA","LENTEJA, grano",52616,"SACO(S)","CANADA"
"30743",2022,1,"PUESTO DE CONTROL TERRESTRE DESAGUADERO","SOYA, torta",140000,"SACO(S)","BOLIVIA"
"30744",2022,1,"PUESTO DE CONTROL TERRESTRE DESAGUADERO","SOYA, torta",117000,"SACO(S)","BOLIVIA"
"30745",2022,1,"OFICINA PUESTO DE CONTROL MARITIMO - PROV. CONST. DEL CALLAO","LAS DEMAS MADERAS DISTINTAS DE LA DE CONIFERAS, PERFILADA LONGITUDINALMENTE EN UNA O VARIAS CARAS, CANTOS O EXTREMOS, INCLUSO CEPILLADA, LIJADA O UNIDA POR LOS EXTREMOS, CON ALGÚN PROCESO DE LA  CRF 2",1410.033,"PAQUETES","EEUU"
"30746",2022,1,"OFICINA PUESTO DE CONTROL MARITIMO - PROV. CONST. DEL CALLAO","TRIGO, grano",8e+06,"GRANEL","CANADA"
"30747",2022,1,"OFICINA PUESTO DE CONTROL MARITIMO - PROV. CONST. DEL CALLAO","ALGODON, fibra sin cardar ni peinar (>34.92 mm)",106720.306,"FARDOS","EEUU"
"30748",2022,1,"PUESTO DE CONTROL TERRESTRE DESAGUADERO","MAIZ, almidon",125000,"BOLSAS","PARAGUAY"
"30749",2022,1,"PUESTO DE CONTROL TERRESTRE DESAGUADERO","MAIZ, almidon",50000,"BOLSAS","PARAGUAY"
"30750",2022,1,"SANTA ROSA, TACNA","CIRUELA, fruto fresco",20160,"CAJA(S)","CHILE"
"30751",2022,1,"PUESTO DE CONTROL TERRESTRE DESAGUADERO","AZUCAR BLANCA O REFINADA (lectura polarimetrica mayor 99.5°)",102000,"SACO(S)","BOLIVIA"
"30752",2022,1,"PUESTO DE CONTROL TERRESTRE DESAGUADERO","AZUCAR BLANCA O REFINADA (lectura polarimetrica mayor 99.5°)",14000,"SACO(S)","BOLIVIA"
"30753",2022,1,"PUESTO DE CONTROL TERRESTRE DESAGUADERO","AZUCAR BLANCA O REFINADA (lectura polarimetrica mayor 99.5°)",173000,"SACO(S)","BOLIVIA"
"30754",2022,1,"PUESTO DE CONTROL- CEBAF","ROSA, flores frescas cortadas",1679,"CAJA(S)","ECUADOR"
"30755",2022,1,"PUESTO DE CONTROL- CEBAF","CLAVEL, flores frescas cortadas",1225,"CAJA(S)","ECUADOR"
"30756",2022,1,"SANTA ROSA, TACNA","MANZANA, fruto fresco",22540,"CAJA(S)","CHILE"
"30757",2022,1,"OFICINA PUESTO DE CONTROL MARITIMO - PROV. CONST. DEL CALLAO","MADERA, monturas y mangos de herramientas, monturas y mangos de cepillos, brochas o escobas, de madera; hormas, ensanchadores y tensores del calzado, de madera ; con algún proceso de la CRF 2",28201,"BOLSAS","CHINA"
"30758",2022,1,"OFICINA PUESTO DE CONTROL MARITIMO - PROV. CONST. DEL CALLAO","CEBOLLA, seca industrial",7000,"BOLSAS","INDIA"
"30759",2022,1,"OFICINA PUESTO DE CONTROL MARITIMO - PROV. CONST. DEL CALLAO","AJO, granulado o secado industrial",4000,"BOLSAS","INDIA"
"30760",2022,1,"OFICINA PUESTO DE CONTROL MARITIMO - PROV. CONST. DEL CALLAO","KIWI, fruto fresco",16416,"CAJA(S)","EEUU"
"30761",2022,1,"OFICINA PUESTO DE CONTROL MARITIMO - PROV. CONST. DEL CALLAO","COCO, fibra (para sustrato)",69696,"PALETAS","SRI LANKA"
"30762",2022,1,"OFICINA PUESTO DE CONTROL MARITIMO - PROV. CONST. DEL CALLAO","AVENA, grano aplastado o en copos (hojuelas)",16320,"CAJA(S)","ALEMANIA"
"30763",2022,1,"OFICINA PUESTO DE CONTROL MARITIMO - PROV. CONST. DEL CALLAO","AVENA, grano aplastado o en copos (hojuelas)",19200,"CAJA(S)","ALEMANIA"
"30764",2022,1,"OFICINA PUESTO DE CONTROL MARITIMO - PROV. CONST. DEL CALLAO","ENEBRO, bayas sin triturar ni pulverizar con secado al horno o industrial",500,"BOLSAS","BOSNIA Y HERZEGOVINA"
"30765",2022,1,"OFICINA PUESTO DE CONTROL MARITIMO - PROV. CONST. DEL CALLAO","DACTYLIS, semilla",16820.2,"SACO(S)","EEUU"
"30766",2022,1,"OFICINA PUESTO DE CONTROL MARITIMO - PROV. CONST. DEL CALLAO","AZUCAR BLANCA O REFINADA (lectura polarimetrica mayor 99.5°)",106000,"BOLSAS","COLOMBIA"
"30767",2022,1,"PUESTO DE CONTROL TERRESTRE DESAGUADERO","SOYA, grano",169000,"GRANEL","BOLIVIA"
"30768",2022,1,"PUESTO DE CONTROL TERRESTRE DESAGUADERO","SOYA, grano",28980,"GRANEL","BOLIVIA"
"30769",2022,1,"PUESTO DE CONTROL- CEBAF","ROSA, flores frescas cortadas",1456,"CAJA(S)","ECUADOR"
"30770",2022,1,"PUESTO DE CONTROL- CEBAF","CLAVEL, flores frescas cortadas",1350,"CAJA(S)","ECUADOR"
"30771",2022,1,"OFICINA PUESTO DE CONTROL MARITIMO - PROV. CONST. DEL CALLAO","MADERA, monturas y mangos de herramientas, monturas y mangos de cepillos, brochas o escobas, de madera; hormas, ensanchadores y tensores del calzado, de madera ; con algún proceso de la CRF 2",56730,"SACO(S)","CHINA"
"30772",2022,1,"OFICINA PUESTO DE CONTROL MARITIMO - PROV. CONST. DEL CALLAO","COCO, rallado",4350,"BOLSAS","CHILE"
"30773",2022,1,"OFICINA PUESTO DE CONTROL MARITIMO - PROV. CONST. DEL CALLAO","PINO, madera aserrada con algún proceso de la CRF2",182639,"PAQUETES","CHILE"
"30774",2022,1,"PUESTO DE CONTROL TERRESTRE DESAGUADERO","MANI, grano sin cáscara",54000,"SACO(S)","BOLIVIA"
"30775",2022,1,"OFICINA PUESTO DE CONTROL MARITIMO - PROV. CONST. DEL CALLAO","CANELA, corteza entera seca al natural",12400,"CAJA(S)","SRI LANKA"
"30776",2022,1,"OFICINA PUESTO DE CONTROL AEREO -  PROV. CONST. DEL CALLAO","TOMATE, semilla",0.01,"SACHETS","EEUU"
"30777",2022,1,"OFICINA PUESTO DE CONTROL MARITIMO - PROV. CONST. DEL CALLAO","CEBOLLA, triturada o pulverizada",696.718,"CAJA(S)","EEUU"
"30778",2022,1,"PUESTO DE CONTROL TERRESTRE DESAGUADERO","SOYA, harina",27000,"SACO(S)","BOLIVIA"
"30779",2022,1,"OFICINA PUESTO DE CONTROL MARITIMO - PROV. CONST. DEL CALLAO","PINO, madera aserrada con algún proceso de la CRF2",126870,"PAQUETES","CHILE"
"30780",2022,1,"PUESTO DE CONTROL TERRESTRE DESAGUADERO","SOYA, torta",139850,"GRANEL","BOLIVIA"
"30781",2022,1,"PUESTO DE CONTROL TERRESTRE DESAGUADERO","SOYA, torta",54500,"GRANEL","BOLIVIA"
"30782",2022,1,"OFICINA PUESTO DE CONTROL MARITIMO - PROV. CONST. DEL CALLAO","AZUCAR BLANCA O REFINADA (lectura polarimetrica mayor 99.5°)",132500,"SACO(S)","COLOMBIA"
"30783",2022,1,"OFICINA PUESTO DE CONTROL MARITIMO - PROV. CONST. DEL CALLAO","CAUCHO, hojas ahumadas",41980,"PACAS","VIETNAM"
"30784",2022,1,"PUESTO DE CONTROL TERRESTRE DESAGUADERO","SOYA, torta",56746,"SACO(S)","BOLIVIA"
"30785",2022,1,"PUESTO DE CONTROL TERRESTRE DESAGUADERO","SOYA, torta",82395,"SACO(S)","BOLIVIA"
"30786",2022,1,"PUESTO DE CONTROL TERRESTRE DESAGUADERO","SOYA, torta",87000,"SACO(S)","BOLIVIA"
"30787",2022,1,"PUESTO DE CONTROL TERRESTRE DESAGUADERO","SOYA, torta",145000,"SACO(S)","BOLIVIA"
"30788",2022,1,"OFICINA PUESTO DE CONTROL MARITIMO - PROV. CONST. DEL CALLAO","CAUCHO, técnicamente especificado (TSNR)",40320,"PIEZAS","INDONESIA"
"30789",2022,1,"PUESTO DE CONTROL TERRESTRE DESAGUADERO","SOYA, torta",145000,"SACO(S)","BOLIVIA"
"30790",2022,1,"PUESTO DE CONTROL TERRESTRE DESAGUADERO","SOYA, torta",179000,"SACO(S)","BOLIVIA"
"30791",2022,1,"PUESTO DE CONTROL TERRESTRE DESAGUADERO","SOYA, torta",116000,"SACO(S)","BOLIVIA"
"30792",2022,1,"OFICINA PUESTO DE CONTROL MARITIMO - PROV. CONST. DEL CALLAO","ALGODON, fibra sin cardar ni peinar (>34.92 mm)",34047,"FARDOS","EEUU"
"30793",2022,1,"OFICINA PUESTO DE CONTROL MARITIMO - PROV. CONST. DEL CALLAO","PINO, madera aserrada con tratamiento de secado al horno impregnación de sales",28757.7,"PAQUETES","CHILE"
"30794",2022,1,"OFICINA PUESTO DE CONTROL MARITIMO - PROV. CONST. DEL CALLAO","MADERA, cajas con algún proceso de la CRF 2",24848.306,"UNIDADES","CHILE"
"30795",2022,1,"OFICINA PUESTO DE CONTROL MARITIMO - PROV. CONST. DEL CALLAO","MADERA, cajas con algún proceso de la CRF 2",65357.62,"UNIDADES","CHILE"
"30796",2022,1,"PUESTO DE CONTROL TERRESTRE DESAGUADERO","SOYA, torta",116000,"SACO(S)","BOLIVIA"
"30797",2022,1,"PUESTO DE CONTROL TERRESTRE DESAGUADERO","SOYA, torta",115500,"SACO(S)","BOLIVIA"
"30798",2022,1,"PUESTO DE CONTROL TERRESTRE DESAGUADERO","SOYA, torta",86000,"SACO(S)","BOLIVIA"
"30799",2022,1,"PUESTO DE CONTROL TERRESTRE DESAGUADERO","SOYA, torta",115000,"SACO(S)","BOLIVIA"
"30800",2022,1,"PUESTO DE CONTROL TERRESTRE DESAGUADERO","SOYA, torta",114000,"SACO(S)","BOLIVIA"
"30801",2022,1,"PUESTO DE CONTROL TERRESTRE DESAGUADERO","SOYA, torta",145000,"SACO(S)","BOLIVIA"
"30802",2022,1,"PUESTO DE CONTROL TERRESTRE DESAGUADERO","SOYA, torta",117000,"SACO(S)","BOLIVIA"
"30803",2022,1,"PUESTO DE CONTROL TERRESTRE DESAGUADERO","SOYA, torta",88000,"SACO(S)","BOLIVIA"
"30804",2022,1,"PUESTO DE CONTROL TERRESTRE DESAGUADERO","SOYA, torta",27864,"SACO(S)","BOLIVIA"
"30805",2022,1,"PUESTO DE CONTROL TERRESTRE DESAGUADERO","SOYA, harina",49578,"SACO(S)","BOLIVIA"
"30806",2022,1,"PUESTO DE CONTROL TERRESTRE DESAGUADERO","SOYA, harina",85949,"SACO(S)","BOLIVIA"
"30807",2022,1,"PUESTO DE CONTROL TERRESTRE DESAGUADERO","SOYA, harina",75137,"SACO(S)","BOLIVIA"
"30808",2022,1,"PUESTO DE CONTROL TERRESTRE DESAGUADERO","SOYA, torta",27990,"GRANEL","BOLIVIA"
"30809",2022,1,"PUESTO DE CONTROL TERRESTRE DESAGUADERO","SOYA, torta",55480,"GRANEL","BOLIVIA"
"30810",2022,1,"PUESTO DE CONTROL TERRESTRE DESAGUADERO","SOYA, torta",87000,"GRANEL","BOLIVIA"
"30811",2022,1,"PUESTO DE CONTROL TERRESTRE DESAGUADERO","SOYA, torta",84000,"GRANEL","BOLIVIA"
"30812",2022,1,"PUESTO DE CONTROL TERRESTRE DESAGUADERO","SOYA, grano",111960,"GRANEL","BOLIVIA"
"30813",2022,1,"PUESTO DE CONTROL TERRESTRE DESAGUADERO","SOYA, grano",55500,"GRANEL","BOLIVIA"
"30814",2022,1,"OFICINA PUESTO DE CONTROL MARITIMO - PROV. CONST. DEL CALLAO","TRACTOR AGRICOLA USADO, con motor de potencia superior a 130KW",14035.673,"UNIDADES","EEUU"
"30815",2022,1,"PUERTO DE MATARANI , AREQUIPA","MAIZ AMARILLO DURO, grano",1184305,"GRANEL","ARGENTINA"
"30816",2022,1,"OFICINA PUESTO DE CONTROL MARITIMO - PROV. CONST. DEL CALLAO","YUCA (=MANDIOCA), fécula",25000,"SACO(S)","NICARAGUA"
"30817",2022,1,"OFICINA PUESTO DE CONTROL MARITIMO - PROV. CONST. DEL CALLAO","ALGODON, fibra sin cardar ni peinar (>34.92 mm)",103616.373,"FARDOS","EEUU"
"30818",2022,1,"OFICINA PUESTO DE CONTROL MARITIMO - PROV. CONST. DEL CALLAO","PINO, madera aserrada con tratamiento de secado al horno o impregnación de sales",54047,"PAQUETES","ARGENTINA"
"30819",2022,1,"PUESTO DE CONTROL TERRESTRE DESAGUADERO","MANI, grano sin cáscara",57840,"SACO(S)","BOLIVIA"
"30820",2022,1,"PUESTO DE CONTROL TERRESTRE DESAGUADERO","SOYA, harina",145000,"SACO(S)","BOLIVIA"
"30821",2022,1,"OFICINA PUESTO DE CONTROL MARITIMO - PROV. CONST. DEL CALLAO","CAUCHO, técnicamente especificado (TSNR)",42000,"PAQUETES","COLOMBIA"
"30822",2022,1,"PUESTO DE CONTROL TERRESTRE DESAGUADERO","SOYA, torta",116000,"SACO(S)","BOLIVIA"
"30823",2022,1,"PUESTO DE CONTROL TERRESTRE DESAGUADERO","SOYA, torta",112000,"SACO(S)","BOLIVIA"
"30824",2022,1,"SANTA ROSA, TACNA","MANZANA, fruto fresco",22540,"CAJA(S)","CHILE"
"30825",2022,1,"PUESTO DE CONTROL TERRESTRE DESAGUADERO","SOYA, torta",117000,"SACO(S)","BOLIVIA"
"30826",2022,1,"PUESTO DE CONTROL TERRESTRE DESAGUADERO","SOYA, torta",140000,"SACO(S)","BOLIVIA"
"30827",2022,1,"SANTA ROSA, TACNA","CIRUELA, fruto fresco",14820,"CAJA(S)","CHILE"
"30828",2022,1,"OFICINA PUESTO DE CONTROL MARITIMO - PROV. CONST. DEL CALLAO","SOYA, grano",1.4e+07,"GRANEL","EEUU"
"30829",2022,1,"SANTA ROSA, TACNA","NECTARINA, fruto fresco",6720,"CAJA(S)","CHILE"
"30830",2022,1,"SANTA ROSA, TACNA","CIRUELA, fruto fresco",20160,"CAJA(S)","CHILE"
"30831",2022,1,"PUESTO DE CONTROL TERRESTRE DESAGUADERO","SOYA, grano",28000,"GRANEL","BOLIVIA"
"30832",2022,1,"PUESTO DE CONTROL TERRESTRE DESAGUADERO","SOYA, grano",55500,"GRANEL","BOLIVIA"
"30833",2022,1,"PUESTO DE CONTROL TERRESTRE DESAGUADERO","SOYA, grano",56000,"GRANEL","BOLIVIA"
"30834",2022,1,"PUESTO DE CONTROL TERRESTRE DESAGUADERO","SOYA, grano",83000,"GRANEL","BOLIVIA"
"30835",2022,1,"PUESTO DE CONTROL TERRESTRE DESAGUADERO","SOYA, grano",28000,"GRANEL","BOLIVIA"
"30836",2022,1,"PUESTO DE CONTROL TERRESTRE DESAGUADERO","SOYA, grano",55000,"GRANEL","BOLIVIA"
"30837",2022,1,"OFICINA PUESTO DE CONTROL AEREO -  PROV. CONST. DEL CALLAO","ARANDANO, planta",1734.5,"CAJA(S)","CHILE"
"30838",2022,1,"OFICINA PUESTO DE CONTROL AEREO -  PROV. CONST. DEL CALLAO","ARANDANO, planta",813,"CAJA(S)","CHILE"
"30839",2022,1,"PUESTO DE CONTROL TERRESTRE DESAGUADERO","SOYA, grano",52000,"GRANEL","BOLIVIA"
"30840",2022,1,"PUESTO DE CONTROL TERRESTRE DESAGUADERO","SOYA, grano",50000,"GRANEL","BOLIVIA"
"30841",2022,1,"PUESTO DE CONTROL TERRESTRE DESAGUADERO","SOYA, grano",82500,"GRANEL","BOLIVIA"
"30842",2022,1,"PUESTO DE CONTROL TERRESTRE DESAGUADERO","SOYA, grano",56000,"GRANEL","BOLIVIA"
"30843",2022,1,"PUESTO DE CONTROL TERRESTRE DESAGUADERO","SOYA, grano",56000,"GRANEL","BOLIVIA"
"30844",2022,1,"PUESTO DE CONTROL TERRESTRE DESAGUADERO","SOYA, torta",175000,"SACO(S)","BOLIVIA"
"30845",2022,1,"SANTA ROSA, TACNA","TRACTOR AGRICOLA USADO, con motor de potencia superior a 33 kW pero inferior o igual a 75 kW",4050,"UNIDADES","HOLANDA"
"30846",2022,1,"SANTA ROSA, TACNA","TRACTOR AGRICOLA USADO, con motor de potencia superior a 33 kW pero inferior o igual a 75 kW",4050,"UNIDADES","HOLANDA"
"30847",2022,1,"SANTA ROSA, TACNA","TRACTOR AGRICOLA USADO, con motor de potencia superior a 33 kW pero inferior o igual a 75 kW",4050,"UNIDADES","HOLANDA"
"30848",2022,1,"IÑAPARI, MADRE DE DIOS","MAIZ AMARILLO DURO, grano",32000,"GRANEL","BRASIL"
"30849",2022,1,"IÑAPARI, MADRE DE DIOS","MAIZ AMARILLO DURO, grano",32000,"GRANEL","BRASIL"
"30850",2022,1,"OFICINA PUESTO DE CONTROL MARITIMO - PROV. CONST. DEL CALLAO","ALGODON, fibra sin cardar ni peinar (>34.92 mm)",17579.88,"FARDOS","EEUU"
"30851",2022,1,"OFICINA PUESTO DE CONTROL MARITIMO - PROV. CONST. DEL CALLAO","MAIZ AMARILLO DURO, grano",30453000,"GRANEL","ARGENTINA"
"30852",2022,1,"OFICINA PUESTO DE CONTROL MARITIMO - PROV. CONST. DEL CALLAO","TRIGO, grano",7700000,"GRANEL","ARGENTINA"
"30853",2022,1,"PUESTO DE CONTROL TERRESTRE DESAGUADERO","SOYA, grano",56000,"GRANEL","BOLIVIA"
"30854",2022,1,"PUESTO DE CONTROL TERRESTRE DESAGUADERO","SOYA, grano",55000,"GRANEL","BOLIVIA"
"30855",2022,1,"OFICINA PUESTO DE CONTROL AEREO -  PROV. CONST. DEL CALLAO","MANZANILLA, triturada",5040,"BOLSAS","ARGENTINA"
"30856",2022,1,"OFICINA PUESTO DE CONTROL MARITIMO - PROV. CONST. DEL CALLAO","Las demas cortadoras de cesped  con motor, en las que el dispositivo de corte gire en un plano horizontal, usada
",218.405,"UNIDADES","BELICE"
"30857",2022,1,"OFICINA PUESTO DE CONTROL MARITIMO - PROV. CONST. DEL CALLAO","Partes de maquinarias para limpieza, clasificacion o cribado de semillas, granos u hortalizas de vaina seca, maquinarias y aparatos para molienda o tratamiento de cereales u hortalizas de vaina secas, usadas
",4.853,"UNIDADES","BELICE"
"30858",2022,1,"OFICINA PUESTO DE CONTROL MARITIMO - PROV. CONST. DEL CALLAO","LOS DEMAS TRACTORES USADOS, con motor de potencia inferior o igual a 18 kW (excepto las carretillas tractor de la partida 87.09)",8881.8,"UNIDADES","BELICE"
"30859",2022,1,"OFICINA PUESTO DE CONTROL MARITIMO - PROV. CONST. DEL CALLAO","Sembradoras, plantadoras y transplantadoras, para siembra directa usadas
",98.613,"UNIDADES","BELICE"
"30860",2022,1,"OFICINA PUESTO DE CONTROL MARITIMO - PROV. CONST. DEL CALLAO","Distribuidores de abonos usados
",19.723,"UNIDADES","BELICE"
"30861",2022,1,"OFICINA PUESTO DE CONTROL MARITIMO - PROV. CONST. DEL CALLAO","Maquinas y aparatos para molienda de hortalizas de vainas secas, usadas
",65.742,"UNIDADES","BELICE"
"30862",2022,1,"OFICINA PUESTO DE CONTROL MARITIMO - PROV. CONST. DEL CALLAO","Las demas maquinarias y aparatos, usados 
",73.96,"UNIDADES","BELICE"
"30863",2022,1,"OFICINA PUESTO DE CONTROL MARITIMO - PROV. CONST. DEL CALLAO","LOS DEMAS TRACTORES USADOS, con motor de potencia inferior o igual a 18 kW (excepto las carretillas tractor de la partida 87.09)",1479.201,"UNIDADES","BELICE"
"30864",2022,1,"OFICINA PUESTO DE CONTROL MARITIMO - PROV. CONST. DEL CALLAO","ARROZ, grano pilado",16624.33,"SACO(S)","EEUU"
"30865",2022,1,"OFICINA PUESTO DE CONTROL MARITIMO - PROV. CONST. DEL CALLAO","Arados usados
",838.591,"UNIDADES","BELICE"
"30866",2022,1,"OFICINA PUESTO DE CONTROL MARITIMO - PROV. CONST. DEL CALLAO","Sembradoras, plantadoras y transplantadoras, para siembra directa usadas
",290.282,"UNIDADES","BELICE"
"30867",2022,1,"OFICINA PUESTO DE CONTROL MARITIMO - PROV. CONST. DEL CALLAO","Distribuidores de abonos usados
",1032.112,"UNIDADES","BELICE"
"30868",2022,1,"OFICINA PUESTO DE CONTROL MARITIMO - PROV. CONST. DEL CALLAO","Rejas y discos usados
",328.986,"UNIDADES","BELICE"
"30869",2022,1,"OFICINA PUESTO DE CONTROL MARITIMO - PROV. CONST. DEL CALLAO","Las demas cortadoras de cesped  con motor, en las que el dispositivo de corte gire en un plano horizontal, usada
",387.042,"UNIDADES","BELICE"
"30870",2022,1,"OFICINA PUESTO DE CONTROL MARITIMO - PROV. CONST. DEL CALLAO","Guadañadoras, incluidas barras de corte para montar sobre un tractor usadas
",193.521,"UNIDADES","BELICE"
"30871",2022,1,"OFICINA PUESTO DE CONTROL MARITIMO - PROV. CONST. DEL CALLAO","Maquinas y apartatos para pulir grano, usados
",387.042,"UNIDADES","BELICE"
"30872",2022,1,"OFICINA PUESTO DE CONTROL MARITIMO - PROV. CONST. DEL CALLAO","Partes de maquinarias para limpieza, clasificacion o cribado de semillas, granos u hortalizas de vaina seca, maquinarias y aparatos para molienda o tratamiento de cereales u hortalizas de vaina secas, usadas
",64.507,"UNIDADES","BELICE"
"30873",2022,1,"OFICINA PUESTO DE CONTROL MARITIMO - PROV. CONST. DEL CALLAO","LOS DEMAS TRACTORES USADOS, con motor de potencia inferior o igual a 18 kW (excepto las carretillas tractor de la partida 87.09)",11611.26,"UNIDADES","BELICE"
"30874",2022,1,"OFICINA PUESTO DE CONTROL MARITIMO - PROV. CONST. DEL CALLAO","ALGODON, fibra sin cardar ni peinar (>22.22 mm = o <28.57 mm)",19480,"FARDOS","EEUU"
"30875",2022,1,"OFICINA PUESTO DE CONTROL MARITIMO - PROV. CONST. DEL CALLAO","PINO, madera aserrada con tratamiento de secado al horno impregnación de sales",75070,"PAQUETES","CHILE"
"30876",2022,1,"PUESTO DE CONTROL TERRESTRE DESAGUADERO","SOYA, torta",53000,"GRANEL","BOLIVIA"
"30877",2022,1,"IÑAPARI, MADRE DE DIOS","NUEZ DEL BRASIL, con cáscara seca al natural",83700,"SACO(S)","BRASIL"
"30878",2022,1,"OFICINA PUESTO DE CONTROL MARITIMO - PROV. CONST. DEL CALLAO","MADERA, marcos",100.509,"CAJA(S)","EL SALVADOR"
"30879",2022,1,"PUESTO DE CONTROL TERRESTRE DESAGUADERO","AZUCAR BLANCA O REFINADA (lectura polarimetrica mayor 99.5°)",29000,"SACO(S)","BOLIVIA"
"30880",2022,1,"OFICINA PUESTO DE CONTROL MARITIMO - PROV. CONST. DEL CALLAO","MADERA, puertas y marcos, contramarcos y umbrales de madera",10090,"PIEZAS","BRASIL"
"30881",2022,1,"OFICINA PUESTO DE CONTROL MARITIMO - PROV. CONST. DEL CALLAO","PINO, madera aserrada con algún proceso de la CRF2",89365,"PIEZAS","CHILE"
"30882",2022,1,"SANTA ROSA, TACNA","PERA, fruta fresca",23904,"CAJA(S)","CHILE"
"30883",2022,1,"OFICINA PUESTO DE CONTROL MARITIMO - PROV. CONST. DEL CALLAO","DATIL, seco industrial",14000,"CAJA(S)","CHINA"
"30884",2022,1,"OFICINA PUESTO DE CONTROL MARITIMO - PROV. CONST. DEL CALLAO","KIWI, secado industrialmente",10000,"CAJA(S)","CHINA"
"30885",2022,1,"OFICINA PUESTO DE CONTROL MARITIMO - PROV. CONST. DEL CALLAO","NARANJA, cascara secada industrialmente",3000,"CAJA(S)","CHINA"
"30886",2022,1,"PUESTO DE CONTROL- CEBAF","Las demas partes de maquinas, aparatos y artefactos de cosecha o trillar, maquinarias para limpieza, usadas
",1590,"UNIDADES",NA
"30887",2022,1,"OFICINA PUESTO DE CONTROL AEREO -  PROV. CONST. DEL CALLAO","LECHUGA, semilla",0.75,"SACHETS","EEUU"
"30888",2022,1,"OFICINA PUESTO DE CONTROL AEREO -  PROV. CONST. DEL CALLAO","ESPINACA, semilla",4.4,"SACHETS","EEUU"
"30889",2022,1,"PUESTO DE CONTROL TERRESTRE DESAGUADERO","SOYA, torta",174000,"SACO(S)","BOLIVIA"
"30890",2022,1,"OFICINA PUESTO DE CONTROL MARITIMO - PROV. CONST. DEL CALLAO","COCO, rallado seco industrial",24500,"SACO(S)","INDONESIA"
"30891",2022,1,"OFICINA PUESTO DE CONTROL MARITIMO - PROV. CONST. DEL CALLAO","PAPA, fécula",2875,"SACO(S)","ALEMANIA"
"30892",2022,1,"PUESTO DE CONTROL TERRESTRE DESAGUADERO","SOYA, torta",167260,"GRANEL","BOLIVIA"
"30893",2022,1,"OFICINA PUESTO DE CONTROL MARITIMO - PROV. CONST. DEL CALLAO","LENTEJA, grano",76158,"SACO(S)","CANADA"
"30894",2022,1,"PUESTO DE CONTROL TERRESTRE DESAGUADERO","SOYA, torta",115000,"SACO(S)","BOLIVIA"
"30895",2022,1,"PUESTO DE CONTROL TERRESTRE DESAGUADERO","SOYA, torta",115000,"SACO(S)","BOLIVIA"
"30896",2022,1,"PUESTO DE CONTROL TERRESTRE DESAGUADERO","SOYA, torta",114000,"SACO(S)","BOLIVIA"
"30897",2022,1,"PUESTO DE CONTROL TERRESTRE DESAGUADERO","SOYA, torta",115000,"SACO(S)","BOLIVIA"
"30898",2022,1,"PUESTO DE CONTROL TERRESTRE DESAGUADERO","SOYA, torta",115000,"SACO(S)","BOLIVIA"
"30899",2022,1,"PUESTO DE CONTROL TERRESTRE DESAGUADERO","SOYA, torta",115500,"SACO(S)","BOLIVIA"
"30900",2022,1,"PUESTO DE CONTROL TERRESTRE DESAGUADERO","SOYA, torta",115500,"SACO(S)","BOLIVIA"
"30901",2022,1,"PUESTO DE CONTROL TERRESTRE DESAGUADERO","SOYA, torta",115000,"SACO(S)","BOLIVIA"
"30902",2022,1,"PUESTO DE CONTROL TERRESTRE DESAGUADERO","SOYA, torta",115000,"SACO(S)","BOLIVIA"
"30903",2022,1,"PUESTO DE CONTROL TERRESTRE DESAGUADERO","SOYA, torta",114000,"SACO(S)","BOLIVIA"
"30904",2022,1,"PUESTO DE CONTROL TERRESTRE DESAGUADERO","SOYA, grano",55000,"GRANEL","BOLIVIA"
"30905",2022,1,"PUESTO DE CONTROL TERRESTRE DESAGUADERO","SOYA, grano",55000,"GRANEL","BOLIVIA"
"30906",2022,1,"PUESTO DE CONTROL TERRESTRE DESAGUADERO","SOYA, grano",56000,"GRANEL","BOLIVIA"
"30907",2022,1,"PUESTO DE CONTROL TERRESTRE DESAGUADERO","SOYA, torta",113450,"GRANEL","BOLIVIA"
"30908",2022,1,"PUESTO DE CONTROL TERRESTRE DESAGUADERO","SOYA, torta",56000,"GRANEL","BOLIVIA"
"30909",2022,1,"OFICINA PUESTO DE CONTROL MARITIMO - PROV. CONST. DEL CALLAO","TRIGO, grano",5e+06,"GRANEL","CANADA"
"30910",2022,1,"PUESTO DE CONTROL TERRESTRE DESAGUADERO","SOYA, torta",82000,"GRANEL","BOLIVIA"
"30911",2022,1,"PUESTO DE CONTROL TERRESTRE DESAGUADERO","SOYA, torta",85000,"GRANEL","BOLIVIA"
"30912",2022,1,"OFICINA PUESTO DE CONTROL MARITIMO - PROV. CONST. DEL CALLAO","PAPA, fécula",20000,"SACO(S)","ALEMANIA"
"30913",2022,1,"PUESTO DE CONTROL TERRESTRE DESAGUADERO","SOYA, torta",58000,"GRANEL","BOLIVIA"
"30914",2022,1,"OFICINA PUESTO DE CONTROL MARITIMO - PROV. CONST. DEL CALLAO","RYEGRASS INGLES, semilla",22.73,"SACO(S)","EEUU"
"30915",2022,1,"OFICINA PUESTO DE CONTROL MARITIMO - PROV. CONST. DEL CALLAO","RYEGRASS ITALIANO, semilla",70.46,"SACO(S)","EEUU"
"30916",2022,1,"IÑAPARI, MADRE DE DIOS","ARROZ, grano pilado",59100,"SACO(S)","BRASIL"
"30917",2022,1,"PUESTO DE CONTROL TERRESTRE DESAGUADERO","SOYA, torta",112000,"GRANEL","BOLIVIA"
"30918",2022,1,"IÑAPARI, MADRE DE DIOS","NUEZ DEL BRASIL, con cáscara seca al natural",84420,"SACO(S)","BRASIL"
"30919",2022,1,"OFICINA PUESTO DE CONTROL MARITIMO - PROV. CONST. DEL CALLAO","ALGODON, fibra sin cardar ni peinar (>34.92 mm)",18158.21,"FARDOS","EEUU"
"30920",2022,1,"OFICINA PUESTO DE CONTROL MARITIMO - PROV. CONST. DEL CALLAO","NARANJA, fruto fresco",17051,"CAJA(S)","EEUU"
"30921",2022,1,"PUERTO DE PAITA , PIURA","LENTEJA, grano",26309,"SACO(S)","CANADA"
"30922",2022,1,"PUESTO DE CONTROL- CEBAF","CAÑA DE GUAYAQUIL, seca al natural",34000,"UNIDADES","ECUADOR"
"30923",2022,1,"SANTA ROSA, TACNA","COMINO, grano",27000,"SACO(S)","INDIA"
"30924",2022,1,"OFICINA PUESTO DE CONTROL AEREO -  PROV. CONST. DEL CALLAO","TOMATE, semilla",19.82,"BALDES","EEUU"
"30925",2022,1,"PUESTO DE CONTROL TERRESTRE DESAGUADERO","AZUCAR BLANCA O REFINADA (lectura polarimetrica mayor 99.5°)",2000,"SACO(S)","BOLIVIA"
"30926",2022,1,"PUESTO DE CONTROL TERRESTRE DESAGUADERO","AZUCAR BLANCA O REFINADA (lectura polarimetrica mayor 99.5°)",3000,"SACO(S)","BOLIVIA"
"30927",2022,1,"PUESTO DE CONTROL TERRESTRE DESAGUADERO","AZUCAR BLANCA O REFINADA (lectura polarimetrica mayor 99.5°)",24000,"SACO(S)","BOLIVIA"
"30928",2022,1,"OFICINA PUESTO DE CONTROL MARITIMO - PROV. CONST. DEL CALLAO","CANELA, corteza entera seca al natural",11200,"CAJA(S)","SRI LANKA"
"30929",2022,1,"PUESTO DE CONTROL- CEBAF","CAÑA DE GUAYAQUIL, seca al natural",32000,"UNIDADES","ECUADOR"
"30930",2022,1,"PUESTO DE CONTROL TERRESTRE DESAGUADERO","MANI, grano sin cáscara",58000,"SACO(S)","BOLIVIA"
"30931",2022,1,"PUESTO DE CONTROL TERRESTRE DESAGUADERO","SOYA, harina",23032,"SACO(S)","BOLIVIA"
"30932",2022,1,"PUESTO DE CONTROL TERRESTRE DESAGUADERO","SOYA, torta",84170,"GRANEL","BOLIVIA"
"30933",2022,1,"PUESTO DE CONTROL TERRESTRE DESAGUADERO","SOYA, torta",23591,"SACO(S)","BOLIVIA"
"30934",2022,1,"PUESTO DE CONTROL TERRESTRE DESAGUADERO","SOYA, torta",54090,"GRANEL","BOLIVIA"
"30935",2022,1,"PUESTO DE CONTROL TERRESTRE DESAGUADERO","SOYA, torta",84270,"GRANEL","BOLIVIA"
"30936",2022,1,"PUESTO DE CONTROL TERRESTRE DESAGUADERO","SOYA, torta",51734,"SACO(S)","BOLIVIA"
"30937",2022,1,"PUESTO DE CONTROL TERRESTRE DESAGUADERO","SOYA, harina",87057,"SACO(S)","BOLIVIA"
"30938",2022,1,"SANTA ROSA, TACNA","TRIGO, afrecho seco industrial",56000,"SACO(S)","CHILE"
"30939",2022,1,"PUESTO DE CONTROL TERRESTRE DESAGUADERO","SOYA, torta",28500,"GRANEL","BOLIVIA"
"30940",2022,1,"PUESTO DE CONTROL TERRESTRE DESAGUADERO","GIRASOL, torta",114270,"GRANEL","BOLIVIA"
"30941",2022,1,"PUESTO DE CONTROL TERRESTRE DESAGUADERO","GIRASOL, torta",252540,"GRANEL","BOLIVIA"
"30942",2022,1,"PUESTO DE CONTROL TERRESTRE DESAGUADERO","AZUCAR BLANCA O REFINADA (lectura polarimetrica mayor 99.5°)",108000,"SACO(S)","BOLIVIA"
"30943",2022,1,"OFICINA PUESTO DE CONTROL MARITIMO - PROV. CONST. DEL CALLAO","PINO, madera aserrada con algún proceso de la CRF2",74460,"PAQUETES","CHILE"
"30944",2022,1,"OFICINA PUESTO DE CONTROL MARITIMO - PROV. CONST. DEL CALLAO","ALGODON, fibra sin cardar ni peinar (>34.92 mm)",33714.16,"FARDOS","EEUU"
"30945",2022,1,"OFICINA PUESTO DE CONTROL MARITIMO - PROV. CONST. DEL CALLAO","ALGODON, fibra sin cardar ni peinar (>34.92 mm)",176612.551,"FARDOS","EEUU"
"30946",2022,1,"PUESTO DE CONTROL TERRESTRE DESAGUADERO","SOYA, torta",143000,"SACO(S)","BOLIVIA"
"30947",2022,1,"OFICINA PUESTO DE CONTROL MARITIMO - PROV. CONST. DEL CALLAO","PERA, fruta fresca",24210.9,"CAJA(S)","ARGENTINA"
"30948",2022,1,"OFICINA PUESTO DE CONTROL MARITIMO - PROV. CONST. DEL CALLAO","AVENA, grano aplastado o en copos (hojuelas)",12000,"CAJA(S)","ALEMANIA"
"30949",2022,1,"OFICINA PUESTO DE CONTROL MARITIMO - PROV. CONST. DEL CALLAO","FREJOL, grano",106595,"SACO(S)","EEUU"
"30950",2022,1,"SANTA ROSA, TACNA","MANZANA, fruto fresco",23520,"CAJA(S)","CHILE"
"30951",2022,1,"OFICINA PUESTO DE CONTROL MARITIMO - PROV. CONST. DEL CALLAO","PINO, madera aserrada con algún proceso de la CRF2",36448,"PIEZAS","CHILE"
"30952",2022,1,"OFICINA PUESTO DE CONTROL MARITIMO - PROV. CONST. DEL CALLAO","PINO, madera aserrada con algún proceso de la CRF2",91208,"PIEZAS","CHILE"
"30953",2022,1,"PUESTO DE CONTROL TERRESTRE DESAGUADERO","SOYA, torta",142000,"SACO(S)","BOLIVIA"
"30954",2022,1,"SANTA ROSA, TACNA","DURAZNO, fruto fresco",23040,"CAJA(S)","CHILE"
"30955",2022,1,"PUESTO DE CONTROL TERRESTRE DESAGUADERO","SOYA, torta",117000,"SACO(S)","BOLIVIA"
"30956",2022,1,"OFICINA PUESTO DE CONTROL MARITIMO - PROV. CONST. DEL CALLAO","TURBA",298080,"BIG BAG","HOLANDA"
"30957",2022,1,"OFICINA PUESTO DE CONTROL MARITIMO - PROV. CONST. DEL CALLAO","ARVEJA, grano entero",131545,"SACO(S)","CANADA"
"30958",2022,1,"SANTA ROSA, TACNA","NECTARINA, fruto fresco",20592,"CAJA(S)","CHILE"
"30959",2022,1,"SANTA ROSA, TACNA","DURAZNO, fruto fresco",936,"CAJA(S)","CHILE"
"30960",2022,1,"OFICINA PUESTO DE CONTROL MARITIMO - PROV. CONST. DEL CALLAO","MANZANA, fruto fresco",17640,"CAJA(S)","EEUU"
"30961",2022,1,"OFICINA PUESTO DE CONTROL MARITIMO - PROV. CONST. DEL CALLAO","MANZANA, fruto fresco",17604,"CAJA(S)","EEUU"
"30962",2022,1,"PUESTO DE CONTROL TERRESTRE DESAGUADERO","SOYA, torta",116000,"SACO(S)","BOLIVIA"
"30963",2022,1,"IÑAPARI, MADRE DE DIOS","MAIZ AMARILLO DURO, grano",32000,"GRANEL","BRASIL"
"30964",2022,1,"IÑAPARI, MADRE DE DIOS","MAIZ AMARILLO DURO, grano",48000,"GRANEL","BRASIL"
"30965",2022,1,"IÑAPARI, MADRE DE DIOS","MAIZ AMARILLO DURO, grano",32000,"GRANEL","BRASIL"
"30966",2022,1,"OFICINA PUESTO DE CONTROL MARITIMO - PROV. CONST. DEL CALLAO","LENTEJA, grano",26309,"SACO(S)","CANADA"
"30967",2022,1,"PUESTO DE CONTROL TERRESTRE DESAGUADERO","SOYA, torta",140000,"SACO(S)","BOLIVIA"
"30968",2022,1,"OFICINA PUESTO DE CONTROL MARITIMO - PROV. CONST. DEL CALLAO","NARANJA, fruto fresco",17051,"CAJA(S)","EEUU"
"30969",2022,1,"PUESTO DE CONTROL TERRESTRE DESAGUADERO","SOYA, torta",55000,"GRANEL","BOLIVIA"
"30970",2022,1,"PUESTO DE CONTROL TERRESTRE DESAGUADERO","SOYA, harina",27066,"SACO(S)","BOLIVIA"
"30971",2022,1,"PUESTO DE CONTROL TERRESTRE DESAGUADERO","SOYA, torta",26000,"GRANEL","BOLIVIA"
"30972",2022,1,"PUESTO DE CONTROL TERRESTRE DESAGUADERO","SOYA, grano",28000,"GRANEL","BOLIVIA"
"30973",2022,1,"PUESTO DE CONTROL TERRESTRE DESAGUADERO","SOYA, grano",54000,"GRANEL","BOLIVIA"
"30974",2022,1,"PUESTO DE CONTROL TERRESTRE DESAGUADERO","SOYA, grano",50000,"GRANEL","BOLIVIA"
"30975",2022,1,"PUESTO DE CONTROL TERRESTRE DESAGUADERO","SOYA, grano",28000,"GRANEL","BOLIVIA"
"30976",2022,1,"PUESTO DE CONTROL TERRESTRE DESAGUADERO","SOYA, grano",56000,"GRANEL","BOLIVIA"
"30977",2022,1,"PUESTO DE CONTROL TERRESTRE DESAGUADERO","SOYA, grano",55500,"GRANEL","BOLIVIA"
"30978",2022,1,"OFICINA PUESTO DE CONTROL MARITIMO - PROV. CONST. DEL CALLAO","AZUCAR BLANCA O REFINADA (lectura polarimetrica mayor 99.5°)",371000,"SACO(S)","GUATEMALA"
"30979",2022,1,"OFICINA PUESTO DE CONTROL MARITIMO - PROV. CONST. DEL CALLAO","NARANJA, fruto fresco",19958,"CAJA(S)","EEUU"
"30980",2022,1,"OFICINA PUESTO DE CONTROL MARITIMO - PROV. CONST. DEL CALLAO","ALGODON, fibra sin cardar ni peinar (>22.22 mm = o <28.57 mm)",39520,"FARDOS","EEUU"
"30981",2022,1,"PUESTO DE CONTROL- CEBAF","CAÑA DE GUAYAQUIL, seca al natural",30000,"UNIDADES","ECUADOR"
"30982",2022,1,"IÑAPARI, MADRE DE DIOS","MAIZ AMARILLO DURO, grano",96000,"SACO(S)","BRASIL"
"30983",2022,1,"OFICINA PUESTO DE CONTROL MARITIMO - PROV. CONST. DEL CALLAO","CANELA, corteza entera seca al natural",14560,"CAJA(S)","SRI LANKA"
"30984",2022,1,"PUESTO DE CONTROL TERRESTRE DESAGUADERO","SOYA, torta",174000,"SACO(S)","BOLIVIA"
"30985",2022,1,"OFICINA PUESTO DE CONTROL MARITIMO - PROV. CONST. DEL CALLAO","TRIGO, grano",2e+06,"GRANEL","CANADA"
"30986",2022,1,"OFICINA PUESTO DE CONTROL MARITIMO - PROV. CONST. DEL CALLAO","TRIGO, grano",5e+06,"GRANEL","CANADA"
"30987",2022,1,"PUESTO DE CONTROL TERRESTRE DESAGUADERO","SOYA, harina",174000,"SACO(S)","BOLIVIA"
"30988",2022,1,"OFICINA PUESTO DE CONTROL MARITIMO - PROV. CONST. DEL CALLAO","MADERA, marcos",51,"CAJA(S)","CANADA"
"30989",2022,1,"IÑAPARI, MADRE DE DIOS","NUEZ DEL BRASIL, con cáscara seca al natural",56280,"SACO(S)","BRASIL"
"30990",2022,1,"PUESTO DE CONTROL TERRESTRE DESAGUADERO","SOYA, torta",84000,"GRANEL","BOLIVIA"
"30991",2022,1,"OFICINA PUESTO DE CONTROL MARITIMO - PROV. CONST. DEL CALLAO","COCO, fibra (para sustrato)",69026,"PALETAS","ESPAÑA"
"30992",2022,1,"PUESTO DE CONTROL TERRESTRE DESAGUADERO","GIRASOL, torta",115500,"SACO(S)","BOLIVIA"
"30993",2022,1,"OFICINA PUESTO DE CONTROL AEREO -  PROV. CONST. DEL CALLAO","ZAPALLITO ITALIANO (CALABACIN), semilla",1.5,"SACHETS","ITALIA"
"30994",2022,1,"OFICINA PUESTO DE CONTROL AEREO -  PROV. CONST. DEL CALLAO","PIMIENTO, semilla",0.1555,"SACHETS","EEUU"
"30995",2022,1,"OFICINA PUESTO DE CONTROL MARITIMO - PROV. CONST. DEL CALLAO","MAIZ AMARILLO DURO, grano",20733700,"GRANEL","EEUU"
"30996",2022,1,"PUESTO DE CONTROL TERRESTRE DESAGUADERO","SOYA, torta",111500,"GRANEL","BOLIVIA"
"30997",2022,1,"PUESTO DE CONTROL TERRESTRE DESAGUADERO","SOYA, torta",82000,"GRANEL","BOLIVIA"
"30998",2022,1,"PUESTO DE CONTROL TERRESTRE DESAGUADERO","SOYA, torta",84000,"GRANEL","BOLIVIA"
"30999",2022,1,"PUESTO DE CONTROL TERRESTRE DESAGUADERO","SOYA, torta",54000,"GRANEL","BOLIVIA"
"31000",2022,1,"OFICINA PUESTO DE CONTROL AEREO -  PROV. CONST. DEL CALLAO","PIMIENTO, semilla",0.237,"SACHETS","FRANCIA"
"31001",2022,1,"PUESTO DE CONTROL TERRESTRE DESAGUADERO","SOYA, torta",168000,"GRANEL","BOLIVIA"
"31002",2022,1,"PUESTO DE CONTROL TERRESTRE DESAGUADERO","SOYA, torta",142500,"SACO(S)","BOLIVIA"
"31003",2022,1,"OFICINA PUESTO DE CONTROL MARITIMO - PROV. CONST. DEL CALLAO","SOYA, grano",558840,"GRANEL","EEUU"
"31004",2022,1,"OFICINA PUESTO DE CONTROL MARITIMO - PROV. CONST. DEL CALLAO","MAIZ REVENTON, grano",77973.84,"SACO(S)","ARGENTINA"
"31005",2022,1,"PUESTO DE CONTROL TERRESTRE DESAGUADERO","SOYA, torta",56000,"GRANEL","BOLIVIA"
"31006",2022,1,"PUESTO DE CONTROL TERRESTRE DESAGUADERO","SOYA, torta",84580,"GRANEL","BOLIVIA"
"31007",2022,1,"OFICINA PUESTO DE CONTROL AEREO -  PROV. CONST. DEL CALLAO","CACAO, grano",4,"BOLSAS","VENEZUELA"
"31008",2022,1,"OFICINA PUESTO DE CONTROL AEREO -  PROV. CONST. DEL CALLAO","CACAO, grano",4,"BOLSAS","VENEZUELA"
"31009",2022,1,"OFICINA PUESTO DE CONTROL AEREO -  PROV. CONST. DEL CALLAO","CACAO, grano",4,"BOLSAS","VENEZUELA"
"31010",2022,1,"OFICINA PUESTO DE CONTROL AEREO -  PROV. CONST. DEL CALLAO","CACAO, grano",4,"BOLSAS","VENEZUELA"
"31011",2022,1,"OFICINA PUESTO DE CONTROL MARITIMO - PROV. CONST. DEL CALLAO","MAIZ, semilla",113794,"BOLSAS","TAILANDIA"
"31012",2022,1,"PUESTO DE CONTROL TERRESTRE DESAGUADERO","SOYA, torta",145000,"SACO(S)","BOLIVIA"
"31013",2022,1,"PUESTO DE CONTROL TERRESTRE DESAGUADERO","SOYA, torta",82500,"GRANEL","BOLIVIA"
"31014",2022,1,"PUESTO DE CONTROL TERRESTRE DESAGUADERO","SOYA, torta",53700,"GRANEL","BOLIVIA"
"31015",2022,1,"PUESTO DE CONTROL TERRESTRE DESAGUADERO","SOYA, grano",52000,"GRANEL","BOLIVIA"
"31016",2022,1,"PUESTO DE CONTROL TERRESTRE DESAGUADERO","SOYA, grano",57500,"GRANEL","BOLIVIA"
"31017",2022,1,"PUESTO DE CONTROL TERRESTRE DESAGUADERO","SOYA, grano",27000,"GRANEL","BOLIVIA"
"31018",2022,1,"PUESTO DE CONTROL TERRESTRE DESAGUADERO","SOYA, grano",83000,"GRANEL","BOLIVIA"
"31019",2022,1,"PUESTO DE CONTROL TERRESTRE DESAGUADERO","SOYA, grano",28000,"GRANEL","BOLIVIA"
"31020",2022,1,"PUESTO DE CONTROL TERRESTRE DESAGUADERO","SOYA, grano",28000,"GRANEL","BOLIVIA"
"31021",2022,1,"PUESTO DE CONTROL TERRESTRE DESAGUADERO","SOYA, torta",56000,"GRANEL","BOLIVIA"
"31022",2022,1,"PUESTO DE CONTROL TERRESTRE DESAGUADERO","SOYA, torta",55668,"SACO(S)","BOLIVIA"
"31023",2022,1,"PUESTO DE CONTROL TERRESTRE DESAGUADERO","SOYA, torta",116000,"SACO(S)","BOLIVIA"
"31024",2022,1,"PUESTO DE CONTROL TERRESTRE DESAGUADERO","SOYA, torta",146500,"SACO(S)","BOLIVIA"
"31025",2022,1,"PUESTO DE CONTROL TERRESTRE DESAGUADERO","SOYA, torta",177000,"SACO(S)","BOLIVIA"
"31026",2022,1,"PUESTO DE CONTROL TERRESTRE DESAGUADERO","SOYA, torta",58000,"GRANEL","BOLIVIA"
"31027",2022,1,"PUESTO DE CONTROL TERRESTRE DESAGUADERO","GIRASOL, torta",27170,"GRANEL","BOLIVIA"
"31028",2022,1,"PUESTO DE CONTROL TERRESTRE DESAGUADERO","SOYA, torta",84600,"GRANEL","BOLIVIA"
"31029",2022,1,"PUESTO DE CONTROL TERRESTRE DESAGUADERO","SOYA, torta",53350,"GRANEL","BOLIVIA"
"31030",2022,1,"PUESTO DE CONTROL TERRESTRE DESAGUADERO","SOYA, torta",25000,"GRANEL","BOLIVIA"
"31031",2022,1,"PUESTO DE CONTROL TERRESTRE DESAGUADERO","SOYA, torta",28000,"GRANEL","BOLIVIA"
"31032",2022,1,"PUESTO DE CONTROL TERRESTRE DESAGUADERO","SOYA, torta",76500,"GRANEL","BOLIVIA"
"31033",2022,1,"PUESTO DE CONTROL TERRESTRE DESAGUADERO","SOYA, torta",52850,"GRANEL","BOLIVIA"
"31034",2022,1,"PUESTO DE CONTROL TERRESTRE DESAGUADERO","SOYA, torta",57000,"GRANEL","BOLIVIA"
"31035",2022,1,"PUESTO DE CONTROL TERRESTRE DESAGUADERO","SOYA, harina",27415,"SACO(S)","BOLIVIA"
"31036",2022,1,"PUESTO DE CONTROL TERRESTRE DESAGUADERO","SOYA, torta",54000,"GRANEL","BOLIVIA"
"31037",2022,1,"PUERTO DE MATARANI , AREQUIPA","MAIZ AMARILLO DURO, grano",25000655,"GRANEL","ARGENTINA"
"31038",2022,1,"SANTA ROSA, TACNA","MANZANA, fruto fresco",20580,"CAJA(S)","CHILE"
"31039",2022,1,"PUESTO DE CONTROL TERRESTRE DESAGUADERO","SOYA, torta",117000,"SACO(S)","BOLIVIA"
"31040",2022,1,"SANTA ROSA, TACNA","CEREZA, fruta fresca",9600,"CAJA(S)","CHILE"
"31041",2022,1,"SANTA ROSA, TACNA","MANZANA, fruto fresco",11760,"CAJA(S)","CHILE"
"31042",2022,1,"SANTA ROSA, TACNA","NECTARINA, fruto fresco",10296,"CAJA(S)","CHILE"
"31043",2022,1,"SANTA ROSA, TACNA","CIRUELA, fruto fresco",11268,"CAJA(S)","CHILE"
"31044",2022,1,"SANTA ROSA, TACNA","NECTARINA, fruto fresco",10647,"CAJA(S)","CHILE"
"31045",2022,1,"SANTA ROSA, TACNA","CIRUELA, fruto fresco",7488,"CAJA(S)","CHILE"
"31046",2022,1,"SANTA ROSA, TACNA","NECTARINA, fruto fresco",15024,"CAJA(S)","CHILE"
"31047",2022,1,"PUERTO DE PISCO , ICA","ARROZ, parbolizado pulido o sin cáscara",405300,"BIG BAG","BRASIL"
"31048",2022,1,"IÑAPARI, MADRE DE DIOS","MAIZ AMARILLO DURO, grano",48000,"GRANEL","BRASIL"
"31049",2022,1,"OFICINA PUESTO DE CONTROL AEREO -  PROV. CONST. DEL CALLAO","ARANDANO, planta in vitro",1579.2,"CAJA(S)","MEXICO"
"31050",2022,1,"OFICINA PUESTO DE CONTROL AEREO -  PROV. CONST. DEL CALLAO","TOMATE, semilla",0.075,"SACHETS","HOLANDA"
"31051",2022,1,"OFICINA PUESTO DE CONTROL AEREO -  PROV. CONST. DEL CALLAO","TOMATE, semilla",0.06,"SACHETS","HOLANDA"
"31052",2022,1,"OFICINA PUESTO DE CONTROL MARITIMO - PROV. CONST. DEL CALLAO","PERA, fruta fresca",24210.9,"CAJA(S)","ARGENTINA"
"31053",2022,1,"SANTA ROSA, TACNA","NECTARINA, fruto fresco",18857.2,"CAJA(S)","CHILE"
"31054",2022,1,"SANTA ROSA, TACNA","PERA, fruta fresca",8496,"CAJA(S)","CHILE"
"31055",2022,1,"SANTA ROSA, TACNA","CIRUELA, fruto fresco",14760,"CAJA(S)","CHILE"
"31056",2022,1,"SANTA ROSA, TACNA","CIRUELA, fruto fresco",21840,"CAJA(S)","CHILE"
"31057",2022,1,"PUESTO DE CONTROL TERRESTRE DESAGUADERO","SOYA, torta",116000,"SACO(S)","BOLIVIA"
"31058",2022,1,"OFICINA PUESTO DE CONTROL MARITIMO - PROV. CONST. DEL CALLAO","PIMIENTA, molida",10500,"CAJA(S)","CHINA"
"31059",2022,1,"OFICINA PUESTO DE CONTROL MARITIMO - PROV. CONST. DEL CALLAO","CANELA, triturada o pulverizada (molida)",6000,"CAJA(S)","CHINA"
"31060",2022,1,"OFICINA PUESTO DE CONTROL MARITIMO - PROV. CONST. DEL CALLAO","ALGA, seca",386.4,"CAJA(S)","CHINA"
"31061",2022,1,"OFICINA PUESTO DE CONTROL AEREO -  PROV. CONST. DEL CALLAO","LUPULO, pellets",470,"CAJA(S)","EEUU"
"31062",2022,1,"PUESTO DE CONTROL- CEBAF","PAJA TOQUILLA, con algún proceso de la CRF2",1100,"FARDOS","ECUADOR"
"31063",2022,1,"OFICINA PUESTO DE CONTROL AEREO -  PROV. CONST. DEL CALLAO","CARTUCHO (=CALLA LILY), rizoma",159.8,"CAJAS DE PLASTICO","HOLANDA"
"31064",2022,1,"OFICINA PUESTO DE CONTROL MARITIMO - PROV. CONST. DEL CALLAO","CAUCHO, técnicamente especificado (TSNR)",20160,"PALETAS","SINGAPUR"
"31065",2022,1,"SANTA ROSA, TACNA","CIRUELA, fruto fresco",21840,"CAJA(S)","CHILE"
"31066",2022,1,"PUESTO DE CONTROL- CEBAF","CAÑA DE GUAYAQUIL, seca al natural",32000,"UNIDADES","ECUADOR"
"31067",2022,1,"SANTA ROSA, TACNA","CIRUELA, fruto fresco",20160,"CAJA(S)","CHILE"
"31068",2022,1,"OFICINA PUESTO DE CONTROL MARITIMO - PROV. CONST. DEL CALLAO","ALGARROBO, harina",5000,"SACO(S)","ESPAÑA"
"31069",2022,1,"OFICINA PUESTO DE CONTROL MARITIMO - PROV. CONST. DEL CALLAO","TURBA",24930,"BIG BAG","LETONIA"
"31070",2022,1,"OFICINA PUESTO DE CONTROL AEREO -  PROV. CONST. DEL CALLAO","YERBA MATE, secado industrial",7.4,"BOLSAS",NA
"31071",2022,1,"OFICINA PUESTO DE CONTROL MARITIMO - PROV. CONST. DEL CALLAO","PINO, madera aserrada con algún proceso de la CRF2",143374,"PAQUETES","CHILE"
"31072",2022,1,"PUESTO DE CONTROL TERRESTRE DESAGUADERO","AZUCAR BLANCA O REFINADA (lectura polarimetrica mayor 99.5°)",96000,"SACO(S)","BOLIVIA"
"31073",2022,1,"PUESTO DE CONTROL TERRESTRE DESAGUADERO","AZUCAR BLANCA O REFINADA (lectura polarimetrica mayor 99.5°)",15000,"SACO(S)","BOLIVIA"
"31074",2022,1,"PUESTO DE CONTROL TERRESTRE DESAGUADERO","AZUCAR BLANCA O REFINADA (lectura polarimetrica mayor 99.5°)",141000,"SACO(S)","BOLIVIA"
"31075",2022,1,"PUESTO DE CONTROL TERRESTRE DESAGUADERO","AZUCAR BLANCA O REFINADA (lectura polarimetrica mayor 99.5°)",13000,"SACO(S)","BOLIVIA"
"31076",2022,1,"PUESTO DE CONTROL TERRESTRE DESAGUADERO","MAIZ AMARILLO DURO, grano",58000,"SACO(S)","BOLIVIA"
"31077",2022,1,"OFICINA PUESTO DE CONTROL MARITIMO - PROV. CONST. DEL CALLAO","MANZANA, fruto fresco",17640,"CAJA(S)","EEUU"
"31078",2022,1,"OFICINA PUESTO DE CONTROL MARITIMO - PROV. CONST. DEL CALLAO","MANZANA, fruto fresco",17640,"CAJA(S)","EEUU"
"31079",2022,1,"OFICINA PUESTO DE CONTROL MARITIMO - PROV. CONST. DEL CALLAO","PERA, fruta fresca",23058,"CAJA(S)","ARGENTINA"
"31080",2022,1,"OFICINA PUESTO DE CONTROL MARITIMO - PROV. CONST. DEL CALLAO","MANZANA, fruto fresco",17640,"CAJA(S)","EEUU"
"31081",2022,1,"OFICINA PUESTO DE CONTROL MARITIMO - PROV. CONST. DEL CALLAO","NARANJA, fruto fresco",18611,"CAJA(S)","EEUU"
"31082",2022,1,"PUESTO DE CONTROL TERRESTRE DESAGUADERO","MANI, grano sin cáscara",58000,"SACO(S)","BOLIVIA"
"31083",2022,1,"OFICINA PUESTO DE CONTROL MARITIMO - PROV. CONST. DEL CALLAO","ALGODON, fibra sin cardar ni peinar (>22.22 mm = o <28.57 mm)",39880,"FARDOS","EEUU"
"31084",2022,1,"OFICINA PUESTO DE CONTROL MARITIMO - PROV. CONST. DEL CALLAO","MAIZ, almidon",49500,"BOLSAS","BRASIL"
"31085",2022,1,"OFICINA PUESTO DE CONTROL MARITIMO - PROV. CONST. DEL CALLAO","MAIZ, almidon",49500,"BOLSAS","BRASIL"
"31086",2022,1,"PUESTO DE CONTROL TERRESTRE DESAGUADERO","CHIA, grano",58000,"SACO(S)","BOLIVIA"
"31087",2022,1,"OFICINA PUESTO DE CONTROL MARITIMO - PROV. CONST. DEL CALLAO","YUCA (=MANDIOCA), fécula",25000,"BOLSAS","NICARAGUA"
"31088",2022,1,"OFICINA PUESTO DE CONTROL MARITIMO - PROV. CONST. DEL CALLAO","Las demas cortadoras de cesped  con motor, en las que el dispositivo de corte gire en un plano horizontal, usada
",191.871,"UNIDADES","EEUU"
"31089",2022,1,"SANTA ROSA, LORETO","AZUCAR BLANCA O REFINADA (lectura polarimetrica mayor 99.5°)",1e+06,"SACO(S)","BRASIL"
"31090",2022,1,"SANTA ROSA, LORETO","AZUCAR BLANCA O REFINADA (lectura polarimetrica mayor 99.5°)",1000020,"BOLSAS","BRASIL"
"31091",2022,1,"PUESTO DE CONTROL TERRESTRE DESAGUADERO","SOYA, torta",57000,"GRANEL","BOLIVIA"
"31092",2022,1,"OFICINA PUESTO DE CONTROL MARITIMO - PROV. CONST. DEL CALLAO","PINO, madera aserrada con algún proceso de la CRF2",87640,"PAQUETES","CHILE"
"31093",2022,1,"OFICINA PUESTO DE CONTROL MARITIMO - PROV. CONST. DEL CALLAO","PINO, madera aserrada con algún proceso de la CRF2",147286,"PAQUETES","CHILE"
"31094",2022,1,"OFICINA PUESTO DE CONTROL MARITIMO - PROV. CONST. DEL CALLAO","PINO, madera aserrada con algún proceso de la CRF2",69020,"PAQUETES","CHILE"
"31095",2022,1,"IÑAPARI, MADRE DE DIOS","ARROZ, parbolizado pulido o sin cáscara",93000,"SACO(S)","BRASIL"
"31096",2022,1,"SANTA ROSA, TACNA","LENTEJA, grano",130727,"SACO(S)","CANADA"
"31097",2022,1,"OFICINA PUESTO DE CONTROL MARITIMO - PROV. CONST. DEL CALLAO","ROTEN (=Ratán), artículos de cestería obtenidos directamente en su forma con materia trenzable con algún proceso de la CRF2",56.532,"CAJA(S)","MALASIA"
"31098",2022,1,"OFICINA PUESTO DE CONTROL MARITIMO - PROV. CONST. DEL CALLAO","Esterillas, esteras y cañizos, de las demas materias vegetales, con algun proceso de la CRF 2",25.477,"CAJA(S)","MALASIA"
"31099",2022,1,"OFICINA PUESTO DE CONTROL MARITIMO - PROV. CONST. DEL CALLAO","Articulos de cesteria (canastos, cestos u otros), con algun proceso de la CRF2",18.371,"CAJA(S)","MALASIA"
"31100",2022,1,"OFICINA PUESTO DE CONTROL MARITIMO - PROV. CONST. DEL CALLAO","Articulos para fiestas de navidad que sean o contengan material vegetal
",11.75,"CAJA(S)","MALASIA"
"31101",2022,1,"PUESTO DE CONTROL TERRESTRE DESAGUADERO","SOYA, harina",57000,"SACO(S)","BOLIVIA"
"31102",2022,1,"PUESTO DE CONTROL TERRESTRE DESAGUADERO","SOYA, harina",50000,"SACO(S)","BOLIVIA"
"31103",2022,1,"PUESTO DE CONTROL TERRESTRE DESAGUADERO","SOYA, torta",116000,"SACO(S)","BOLIVIA"
"31104",2022,1,"OFICINA PUESTO DE CONTROL MARITIMO - PROV. CONST. DEL CALLAO","AVENA, grano mondado, perlado, troceado o quebrantado",116900,"SACO(S)","CHILE"
"31105",2022,1,"PUESTO DE CONTROL TERRESTRE DESAGUADERO","SOYA, torta",144500,"SACO(S)","BOLIVIA"
"31106",2022,1,"OFICINA PUESTO DE CONTROL MARITIMO - PROV. CONST. DEL CALLAO","OREJAS DE JUDAS, seco industrial",900,"CAJA(S)","CHINA"
"31107",2022,1,"OFICINA PUESTO DE CONTROL MARITIMO - PROV. CONST. DEL CALLAO","Shitake (Lentinus edodes), secos, incluso los cortados en trozos o en rodajas, trituradas o pulverizadas, sin otra preparación",800,"CAJA(S)","CHINA"
"31108",2022,1,"OFICINA PUESTO DE CONTROL MARITIMO - PROV. CONST. DEL CALLAO","HONGO, seco",72,"CAJA(S)","CHINA"
"31109",2022,1,"OFICINA PUESTO DE CONTROL MARITIMO - PROV. CONST. DEL CALLAO","DATIL, seco industrial",1000,"CAJA(S)","CHINA"
"31110",2022,1,"OFICINA PUESTO DE CONTROL MARITIMO - PROV. CONST. DEL CALLAO","Las demás frutas u otros frutos, excepto las de las partidas 08.01 a 08.06, con algún proceso de la CRF 2",580,"CAJA(S)","CHINA"
"31111",2022,1,"OFICINA PUESTO DE CONTROL MARITIMO - PROV. CONST. DEL CALLAO","GIRASOL, grano secado industrialmente",37.5,"CAJA(S)","CHINA"
"31112",2022,1,"PUESTO DE CONTROL TERRESTRE DESAGUADERO","SOYA, torta",146500,"SACO(S)","BOLIVIA"
"31113",2022,1,"OFICINA PUESTO DE CONTROL AEREO -  PROV. CONST. DEL CALLAO","TOMATE, semilla",0.332446,"SACHETS","HOLANDA"
"31114",2022,1,"OFICINA PUESTO DE CONTROL AEREO -  PROV. CONST. DEL CALLAO","SANDIA, semilla",0.47363,"SACHETS","HOLANDA"
"31115",2022,1,"PUESTO DE CONTROL TERRESTRE DESAGUADERO","MAIZ AMARILLO DURO, grano",30000,"SACO(S)","BOLIVIA"
"31116",2022,1,"PUESTO DE CONTROL- CEBAF","CAÑA DE GUAYAQUIL, seca al natural",34000,"UNIDADES","ECUADOR"
"31117",2022,1,"SANTA ROSA, TACNA","MANZANA, fruto fresco",23520,"CAJA(S)","CHILE"
"31118",2022,1,"SANTA ROSA, TACNA","MANZANA, fruto fresco",23520,"CAJA(S)","CHILE"
"31119",2022,1,"SANTA ROSA, TACNA","MANZANA, fruto fresco",23520,"CAJA(S)","CHILE"
"31120",2022,1,"SANTA ROSA, TACNA","MANZANA, fruto fresco",23520,"CAJA(S)","CHILE"
"31121",2022,1,"SANTA ROSA, TACNA","MANZANA, fruto fresco",23520,"CAJA(S)","CHILE"
"31122",2022,1,"PUESTO DE CONTROL TERRESTRE DESAGUADERO","MAIZ AMARILLO DURO, grano",30000,"SACO(S)","BOLIVIA"
"31123",2022,1,"PUESTO DE CONTROL- CEBAF","PAPAYA, fruto fresco",8400,"CAJA(S)","ECUADOR"
"31124",2022,1,"PUESTO DE CONTROL TERRESTRE DESAGUADERO","SOYA, torta",114000,"SACO(S)","BOLIVIA"
"31125",2022,1,"OFICINA PUESTO DE CONTROL MARITIMO - PROV. CONST. DEL CALLAO","YUTE, sacos",26075,"SACOS DE YUTE","INDIA"
"31126",2022,1,"PUERTO DE MATARANI , AREQUIPA","TRIGO, grano",1.2e+07,"GRANEL","CANADA"
"31127",2022,1,"OFICINA PUESTO DE CONTROL AEREO -  PROV. CONST. DEL CALLAO","TOMATE, semilla",0.06,"SACHETS","HOLANDA"
"31128",2022,1,"PUESTO DE CONTROL TERRESTRE DESAGUADERO","SOYA, torta",115000,"SACO(S)","BOLIVIA"
"31129",2022,1,"PUESTO DE CONTROL TERRESTRE DESAGUADERO","SOYA, torta",112000,"SACO(S)","BOLIVIA"
"31130",2022,1,"OFICINA PUESTO DE CONTROL MARITIMO - PROV. CONST. DEL CALLAO","ARVEJA, grano partido",211464,"SACO(S)","EEUU"
"31131",2022,1,"OFICINA PUESTO DE CONTROL MARITIMO - PROV. CONST. DEL CALLAO","ARVEJA, grano partido",71662,"SACO(S)","EEUU"
"31132",2022,1,"PUESTO DE CONTROL- CEBAF","YUCA (=MANDIOCA), raíz fresca",2400,"CAJA(S)","ECUADOR"
"31133",2022,1,"PUESTO DE CONTROL TERRESTRE DESAGUADERO","SOYA, torta",115500,"SACO(S)","BOLIVIA"
"31134",2022,1,"PUESTO DE CONTROL TERRESTRE DESAGUADERO","SOYA, torta",115500,"SACO(S)","BOLIVIA"
"31135",2022,1,"PUESTO DE CONTROL TERRESTRE DESAGUADERO","SOYA, torta",114500,"SACO(S)","BOLIVIA"
"31136",2022,1,"PUESTO DE CONTROL TERRESTRE DESAGUADERO","SOYA, torta",115500,"SACO(S)","BOLIVIA"
"31137",2022,1,"PUESTO DE CONTROL TERRESTRE DESAGUADERO","SOYA, torta",116000,"SACO(S)","BOLIVIA"
"31138",2022,1,"PUESTO DE CONTROL TERRESTRE DESAGUADERO","SOYA, torta",114500,"SACO(S)","BOLIVIA"
"31139",2022,1,"PUESTO DE CONTROL TERRESTRE DESAGUADERO","SOYA, torta",114500,"SACO(S)","BOLIVIA"
"31140",2022,1,"PUESTO DE CONTROL TERRESTRE DESAGUADERO","SOYA, grano",116000,"SACO(S)","BOLIVIA"
"31141",2022,1,"PUESTO DE CONTROL TERRESTRE DESAGUADERO","SOYA, torta",145000,"SACO(S)","BOLIVIA"
"31142",2022,1,"PUESTO DE CONTROL TERRESTRE DESAGUADERO","SOYA, torta",25000,"SACO(S)","BOLIVIA"
"31143",2022,1,"PUESTO DE CONTROL TERRESTRE DESAGUADERO","SOYA, torta",77000,"SACO(S)","BOLIVIA"
"31144",2022,1,"PUESTO DE CONTROL TERRESTRE DESAGUADERO","SOYA, torta",116000,"SACO(S)","BOLIVIA"
"31145",2022,1,"PUESTO DE CONTROL TERRESTRE DESAGUADERO","SOYA, torta",87500,"GRANEL","BOLIVIA"
"31146",2022,1,"OFICINA PUESTO DE CONTROL AEREO -  PROV. CONST. DEL CALLAO","PIMIENTO, semilla",0.697,"SACHETS","HOLANDA"
"31147",2022,1,"OFICINA PUESTO DE CONTROL AEREO -  PROV. CONST. DEL CALLAO","LECHUGA, semilla",129.65,"LATAS","HOLANDA"
"31148",2022,1,"OFICINA PUESTO DE CONTROL AEREO -  PROV. CONST. DEL CALLAO","APIO, semilla",8.201,"LATAS","HOLANDA"
"31149",2022,1,"OFICINA PUESTO DE CONTROL AEREO -  PROV. CONST. DEL CALLAO","PEPINILLO, semilla",1.825,"SACHETS","HOLANDA"
"31150",2022,1,"OFICINA PUESTO DE CONTROL AEREO -  PROV. CONST. DEL CALLAO","SANDIA, semilla",0.496,"SACHETS","HOLANDA"
"31151",2022,1,"OFICINA PUESTO DE CONTROL AEREO -  PROV. CONST. DEL CALLAO","TOMATE, semilla",0.077,"SACHETS","HOLANDA"
"31152",2022,1,"PUERTO DE SALAVERRY, LA LIBERTAD","SOYA, grano",1.2e+07,"GRANEL","EEUU"
"31153",2022,1,"OFICINA PUESTO DE CONTROL MARITIMO - PROV. CONST. DEL CALLAO","SOYA, grano",20999229,"GRANEL","EEUU"
"31154",2022,1,"PUESTO DE CONTROL TERRESTRE DESAGUADERO","SOYA, grano",56000,"GRANEL","BOLIVIA"
"31155",2022,1,"PUESTO DE CONTROL TERRESTRE DESAGUADERO","SOYA, grano",49950,"GRANEL","BOLIVIA"
"31156",2022,1,"PUESTO DE CONTROL TERRESTRE DESAGUADERO","SOYA, grano",54000,"GRANEL","BOLIVIA"
"31157",2022,1,"PUESTO DE CONTROL TERRESTRE DESAGUADERO","SOYA, grano",54000,"GRANEL","BOLIVIA"
"31158",2022,1,"PUESTO DE CONTROL TERRESTRE DESAGUADERO","SOYA, torta",57000,"GRANEL","BOLIVIA"
"31159",2022,1,"PUESTO DE CONTROL TERRESTRE DESAGUADERO","SOYA, torta",83000,"GRANEL","BOLIVIA"
"31160",2022,1,"PUESTO DE CONTROL TERRESTRE DESAGUADERO","SOYA, torta",84000,"GRANEL","BOLIVIA"
"31161",2022,1,"PUESTO DE CONTROL TERRESTRE DESAGUADERO","SOYA, torta",84700,"GRANEL","BOLIVIA"
"31162",2022,1,"PUESTO DE CONTROL TERRESTRE DESAGUADERO","SOYA, torta",116000,"SACO(S)","BOLIVIA"
"31163",2022,1,"PUESTO DE CONTROL TERRESTRE DESAGUADERO","SOYA, torta",56270,"GRANEL","BOLIVIA"
"31164",2022,1,"PUESTO DE CONTROL TERRESTRE DESAGUADERO","SOYA, torta",55660,"GRANEL","BOLIVIA"
"31165",2022,1,"PUESTO DE CONTROL TERRESTRE DESAGUADERO","SOYA, harina",27864,"SACO(S)","BOLIVIA"
"31166",2022,1,"PUESTO DE CONTROL TERRESTRE DESAGUADERO","GIRASOL, torta",28240,"GRANEL","BOLIVIA"
"31167",2022,1,"PUESTO DE CONTROL TERRESTRE DESAGUADERO","SOYA, harina",56068,"SACO(S)","BOLIVIA"
"31168",2022,1,"PUESTO DE CONTROL TERRESTRE DESAGUADERO","SOYA, torta",26000,"GRANEL","BOLIVIA"
"31169",2022,1,"PUESTO DE CONTROL TERRESTRE DESAGUADERO","SOYA, harina",28493,"SACO(S)","BOLIVIA"
"31170",2022,1,"PUESTO DE CONTROL TERRESTRE DESAGUADERO","GIRASOL, torta",53460,"GRANEL","BOLIVIA"
"31171",2022,1,"PUESTO DE CONTROL TERRESTRE DESAGUADERO","SOYA, torta",81660,"GRANEL","BOLIVIA"
"31172",2022,1,"PUESTO DE CONTROL TERRESTRE DESAGUADERO","SOYA, torta",77390,"GRANEL","BOLIVIA"
"31173",2022,1,"PUESTO DE CONTROL TERRESTRE DESAGUADERO","AZUCAR BLANCA O REFINADA (lectura polarimetrica mayor 99.5°)",87000,"SACO(S)","BOLIVIA"
"31174",2022,1,"PUESTO DE CONTROL TERRESTRE DESAGUADERO","SOYA, torta",112000,"SACO(S)","BOLIVIA"
"31175",2022,1,"PUESTO DE CONTROL TERRESTRE DESAGUADERO","SOYA, torta",114500,"SACO(S)","BOLIVIA"
"31176",2022,1,"PUESTO DE CONTROL TERRESTRE DESAGUADERO","AZUCAR BLANCA O REFINADA (lectura polarimetrica mayor 99.5°)",174000,"SACO(S)","BOLIVIA"
"31177",2022,1,"PUESTO DE CONTROL TERRESTRE DESAGUADERO","SOYA, torta",174000,"SACO(S)","BOLIVIA"
"31178",2022,1,"PUESTO DE CONTROL- CEBAF","PAJA MACORA, paja seca al natural",1540,"FARDOS","ECUADOR"
"31179",2022,1,"PUESTO DE CONTROL TERRESTRE DESAGUADERO","SOYA, harina",58000,"SACO(S)","BOLIVIA"
"31180",2022,1,"OFICINA PUESTO DE CONTROL MARITIMO - PROV. CONST. DEL CALLAO","AVENA, grano mondado, perlado, troceado o quebrantado",147000,"SACO(S)","CHILE"
"31181",2022,1,"PUESTO DE CONTROL- CEBAF","PIMIENTA, grano seco al natural",2500,"SACO(S)","ECUADOR"
"31182",2022,1,"PUESTO DE CONTROL TERRESTRE DESAGUADERO","SOYA, torta",86500,"GRANEL","BOLIVIA"
"31183",2022,1,"SANTA ROSA, TACNA","TRACTOR AGRICOLA USADO, con motor de potencia superior a 33 kW pero inferior o igual a 75 kW",4050,"UNIDADES","NUEVA CALEDONIA"
"31184",2022,1,"PUESTO DE CONTROL- CEBAF","AJONJOLI, grano",3402,"SACO(S)","ECUADOR"
"31185",2022,1,"SANTA ROSA, TACNA","TRACTOR AGRICOLA USADO, con motor de potencia superior a 33 kW pero inferior o igual a 75 kW",4050,"UNIDADES","HOLANDA"
"31186",2022,1,"SANTA ROSA, TACNA","TRACTOR AGRICOLA USADO, con motor de potencia superior a 33 kW pero inferior o igual a 75 kW",4050,"UNIDADES","HOLANDA"
"31187",2022,1,"PUESTO DE CONTROL TERRESTRE DESAGUADERO","FREJOL NEGRO, grano",29000,"SACO(S)","BOLIVIA"
"31188",2022,1,"PUESTO DE CONTROL TERRESTRE DESAGUADERO","SOYA, torta",146500,"SACO(S)","BOLIVIA"
"31189",2022,1,"OFICINA PUESTO DE CONTROL MARITIMO - PROV. CONST. DEL CALLAO","TURBA",3140.52,"SACO(S)","HOLANDA"
"31190",2022,1,"PUESTO DE CONTROL TERRESTRE DESAGUADERO","CHIA, grano",25000,"BOLSAS","BOLIVIA"
"31191",2022,1,"OFICINA PUESTO DE CONTROL MARITIMO - PROV. CONST. DEL CALLAO","AVENA, grano aplastado o en copos (hojuelas)",52000,"SACO(S)","CHILE"
"31192",2022,1,"OFICINA PUESTO DE CONTROL MARITIMO - PROV. CONST. DEL CALLAO","PINO, madera aserrada con algún proceso de la CRF2",23271.5,"PAQUETES","CHILE"
"31193",2022,1,"PUESTO DE CONTROL- CEBAF","CAÑA DE GUAYAQUIL, seca al natural",30000,"UNIDADES","ECUADOR"
"31194",2022,1,"OFICINA PUESTO DE CONTROL MARITIMO - PROV. CONST. DEL CALLAO","KIWI, fruto fresco",5443,"CAJA(S)","EEUU"
"31195",2022,1,"OFICINA PUESTO DE CONTROL AEREO -  PROV. CONST. DEL CALLAO","PIMIENTO, semilla",0.114,"SACHETS","HOLANDA"
"31196",2022,1,"OFICINA PUESTO DE CONTROL AEREO -  PROV. CONST. DEL CALLAO","PIMIENTO, semilla",0.354,"SACHETS","HOLANDA"
"31197",2022,1,"OFICINA PUESTO DE CONTROL MARITIMO - PROV. CONST. DEL CALLAO","LILIUM (=AZUCENA), bulbo",19798,"JABAS","HOLANDA"
"31198",2022,1,"PUESTO DE CONTROL TERRESTRE DESAGUADERO","SOYA, torta",170200,"SACO(S)","BOLIVIA"
"31199",2022,1,"PUESTO DE CONTROL TERRESTRE DESAGUADERO","SOYA, torta",113000,"GRANEL","BOLIVIA"
"31200",2022,1,"OFICINA PUESTO DE CONTROL MARITIMO - PROV. CONST. DEL CALLAO","TRACTOR AGRICOLA USADO, con motor de potencia superior a 33 kW pero inferior o igual a 75 kW",7240,"UNIDADES","HOLANDA"
"31201",2022,1,"PUESTO DE CONTROL TERRESTRE DESAGUADERO","AZUCAR CRUDA, sólido",84000,"SACO(S)","BOLIVIA"
"31202",2022,1,"PUESTO DE CONTROL TERRESTRE DESAGUADERO","SOYA, grano",50000,"GRANEL","BOLIVIA"
"31203",2022,1,"PUESTO DE CONTROL TERRESTRE DESAGUADERO","SOYA, grano",28500,"GRANEL","BOLIVIA"
"31204",2022,1,"PUESTO DE CONTROL TERRESTRE DESAGUADERO","SOYA, torta",56000,"GRANEL","BOLIVIA"
"31205",2022,1,"PUESTO DE CONTROL TERRESTRE DESAGUADERO","SOYA, torta",140000,"GRANEL","BOLIVIA"
"31206",2022,1,"OFICINA PUESTO DE CONTROL MARITIMO - PROV. CONST. DEL CALLAO","PERA, fruta fresca",24210.9,"CAJA(S)","ARGENTINA"
"31207",2022,1,"OFICINA PUESTO DE CONTROL MARITIMO - PROV. CONST. DEL CALLAO","PERA, fruta fresca",24210.9,"CAJA(S)","ARGENTINA"
"31208",2022,1,"OFICINA PUESTO DE CONTROL MARITIMO - PROV. CONST. DEL CALLAO","ALGODON, fibra sin cardar ni peinar (>34.92 mm)",97930,"FARDOS","EEUU"
"31209",2022,1,"OFICINA PUESTO DE CONTROL AEREO -  PROV. CONST. DEL CALLAO","PLANTA, para uso medicinal seca",0.5,"PAQUETES","CHINA"
"31210",2022,1,"OFICINA PUESTO DE CONTROL AEREO -  PROV. CONST. DEL CALLAO","TE GINSEN, hojas secas",0.5,"PAQUETES","CHINA"
"31211",2022,1,"OFICINA PUESTO DE CONTROL AEREO -  PROV. CONST. DEL CALLAO","MACA, hoja seca al natural",0.5,"PAQUETES","CHINA"
"31212",2022,1,"PUESTO DE CONTROL TERRESTRE DESAGUADERO","SOYA, torta",140500,"SACO(S)","BOLIVIA"
"31213",2022,1,"OFICINA PUESTO DE CONTROL MARITIMO - PROV. CONST. DEL CALLAO","ALGODON, fibra sin cardar ni peinar (>22.22 mm = o <28.57 mm)",38863,"FARDOS","EEUU"
"31214",2022,1,"OFICINA PUESTO DE CONTROL AEREO -  PROV. CONST. DEL CALLAO","ANTURIO, planta",83.6,"CAJA(S)","HOLANDA"
"31215",2022,1,"OFICINA PUESTO DE CONTROL MARITIMO - PROV. CONST. DEL CALLAO","ALIMENTO PARA ANIMALES, materias vegetales, desperdicios, residuos, incluso en pellets",9000,"SACO(S)","CHILE"
"31216",2022,1,"OFICINA PUESTO DE CONTROL MARITIMO - PROV. CONST. DEL CALLAO","LENTEJA, grano",46992,"SACO(S)","EEUU"
"31217",2022,1,"OFICINA PUESTO DE CONTROL MARITIMO - PROV. CONST. DEL CALLAO","UVA (PASAS), secas naturalmente",26000,"CAJA(S)","INDIA"
"31218",2022,1,"OFICINA PUESTO DE CONTROL MARITIMO - PROV. CONST. DEL CALLAO","TURBA",18896,"BIG BAG","HOLANDA"
"31219",2022,1,"PUESTO DE CONTROL TERRESTRE DESAGUADERO","SOYA, torta",55700,"GRANEL","BOLIVIA"
"31220",2022,1,"PUESTO DE CONTROL TERRESTRE DESAGUADERO","SOYA, torta",115000,"SACO(S)","BOLIVIA"
"31221",2022,1,"OFICINA PUESTO DE CONTROL MARITIMO - PROV. CONST. DEL CALLAO","TRIGO, harina",18517.766,"BOLSAS","EEUU"
"31222",2022,1,"PUESTO DE CONTROL TERRESTRE DESAGUADERO","SOYA, torta",118000,"SACO(S)","BOLIVIA"
"31223",2022,1,"SANTA ROSA, TACNA","ARROZ, parbolizado pulido o sin cáscara",24000,"SACO(S)","PARAGUAY"
"31224",2022,1,"OFICINA PUESTO DE CONTROL AEREO -  PROV. CONST. DEL CALLAO","MAIZ, semilla",548,"BOLSAS","MEXICO"
"31225",2022,1,"PUESTO DE CONTROL TERRESTRE DESAGUADERO","SOYA, torta",112000,"GRANEL","BOLIVIA"
"31226",2022,1,"PUESTO DE CONTROL TERRESTRE DESAGUADERO","SOYA, torta",173000,"SACO(S)","BOLIVIA"
"31227",2022,1,"PUESTO DE CONTROL TERRESTRE DESAGUADERO","SOYA, torta",56000,"GRANEL","BOLIVIA"
"31228",2022,1,"PUESTO DE CONTROL TERRESTRE DESAGUADERO","SOYA, torta",56000,"GRANEL","BOLIVIA"
"31229",2022,1,"PUESTO DE CONTROL TERRESTRE DESAGUADERO","SOYA, torta",83550,"GRANEL","BOLIVIA"
"31230",2022,1,"PUESTO DE CONTROL TERRESTRE DESAGUADERO","SOYA, torta",115000,"SACO(S)","BOLIVIA"
"31231",2022,1,"PUESTO DE CONTROL TERRESTRE DESAGUADERO","SOYA, torta",115500,"SACO(S)","BOLIVIA"
"31232",2022,1,"PUESTO DE CONTROL TERRESTRE DESAGUADERO","SOYA, torta",116000,"SACO(S)","BOLIVIA"
"31233",2022,1,"PUESTO DE CONTROL TERRESTRE DESAGUADERO","SOYA, torta",113000,"SACO(S)","BOLIVIA"
"31234",2022,1,"PUESTO DE CONTROL TERRESTRE DESAGUADERO","SOYA, torta",51000,"GRANEL","BOLIVIA"
"31235",2022,1,"PUESTO DE CONTROL TERRESTRE DESAGUADERO","SOYA, torta",113300,"SACO(S)","BOLIVIA"
"31236",2022,1,"PUESTO DE CONTROL TERRESTRE DESAGUADERO","SOYA, torta",140000,"SACO(S)","BOLIVIA"
"31237",2022,1,"PUESTO DE CONTROL TERRESTRE DESAGUADERO","SOYA, torta",113300,"SACO(S)","BOLIVIA"
"31238",2022,1,"OFICINA PUESTO DE CONTROL MARITIMO - PROV. CONST. DEL CALLAO","BAMBU, artículos de cestería obtenidos directamente en su forma con materia trenzable con algún proceso de la CRF 2",9.979,"CAJA(S)","MALASIA"
"31239",2022,1,"OFICINA PUESTO DE CONTROL MARITIMO - PROV. CONST. DEL CALLAO","ROTEN (=Ratán), artículos de cestería obtenidos directamente en su forma con materia trenzable con algún proceso de la CRF2",17.963,"CAJA(S)","MALASIA"
"31240",2022,1,"OFICINA PUESTO DE CONTROL MARITIMO - PROV. CONST. DEL CALLAO","PASTO MARINO, trenzados o confeccionados con algún proceso de la CRF 2",25.401,"CAJA(S)","MALASIA"
"31241",2022,1,"PUESTO DE CONTROL TERRESTRE DESAGUADERO","SOYA, torta",115000,"SACO(S)","BOLIVIA"
"31242",2022,1,"SANTA ROSA, TACNA","REMOLACHA, pulpa, residuos sólidos",2e+05,"SACO(S)","CHILE"
"31243",2022,1,"OFICINA PUESTO DE CONTROL AEREO -  PROV. CONST. DEL CALLAO","PIMIENTO, semilla",0.018,"SACHETS","FRANCIA"
"31244",2022,1,"OFICINA PUESTO DE CONTROL MARITIMO - PROV. CONST. DEL CALLAO","ALGODON, fibra sin cardar ni peinar (>22.22 mm = o <28.57 mm)",39850,"FARDOS","EEUU"
"31245",2022,1,"PUESTO DE CONTROL TERRESTRE DESAGUADERO","SOYA, torta",55100,"GRANEL","BOLIVIA"
"31246",2022,1,"OFICINA PUESTO DE CONTROL MARITIMO - PROV. CONST. DEL CALLAO","ALGODON, fibra sin cardar ni peinar (>34.92 mm)",71632,"FARDOS","EEUU"
"31247",2022,1,"OFICINA PUESTO DE CONTROL MARITIMO - PROV. CONST. DEL CALLAO","ALGODON, fibra sin cardar ni peinar (>34.92 mm)",70862,"FARDOS","EEUU"
"31248",2022,1,"PUESTO DE CONTROL- CEBAF","CAÑA DE GUAYAQUIL, seca al natural",34000,"UNIDADES","ECUADOR"
"31249",2022,1,"OFICINA PUESTO DE CONTROL MARITIMO - PROV. CONST. DEL CALLAO","LENTEJA, grano",83325,"SACO(S)","EEUU"
"31250",2022,1,"OFICINA PUESTO DE CONTROL MARITIMO - PROV. CONST. DEL CALLAO","ARVEJA, grano partido",46992,"SACO(S)","EEUU"
"31251",2022,1,"OFICINA PUESTO DE CONTROL AEREO -  PROV. CONST. DEL CALLAO","TOMATE, semilla",0.1055,"SACHETS","ISRAEL"
"31252",2022,1,"OFICINA PUESTO DE CONTROL MARITIMO - PROV. CONST. DEL CALLAO","PINO, postes de madera con algun proceso de la CRF 2",678310,"PIEZAS","EEUU"
"31253",2022,1,"OFICINA PUESTO DE CONTROL AEREO -  PROV. CONST. DEL CALLAO","MAIZ, semilla",91.8,"SACO(S)","MEXICO"
"31254",2022,1,"OFICINA PUESTO DE CONTROL MARITIMO - PROV. CONST. DEL CALLAO","ANIS O BADIANA, grano",25000,"SACO(S)","ESPAÑA"
"31255",2022,1,"OFICINA PUESTO DE CONTROL MARITIMO - PROV. CONST. DEL CALLAO","ARROZ, grano pilado",102000,"SACO(S)","BRASIL"
"31256",2022,1,"OFICINA PUESTO DE CONTROL AEREO -  PROV. CONST. DEL CALLAO","ARANDANO, planta",700,"CAJA(S)","CHILE"
"31257",2022,1,"IÑAPARI, MADRE DE DIOS","NUEZ DEL BRASIL, con cáscara seca al natural",56280,"SACO(S)","BRASIL"
"31258",2022,1,"OFICINA PUESTO DE CONTROL AEREO -  PROV. CONST. DEL CALLAO","ARANDANO, planta",694,"CAJA(S)","CHILE"
"31259",2022,1,"OFICINA PUESTO DE CONTROL MARITIMO - PROV. CONST. DEL CALLAO","LENTEJA, grano",208741,"SACO(S)","CANADA"
"31260",2022,1,"PUESTO DE CONTROL TERRESTRE DESAGUADERO","SOYA, torta",143000,"SACO(S)","BOLIVIA"
"31261",2022,1,"OFICINA PUESTO DE CONTROL AEREO -  PROV. CONST. DEL CALLAO","STEVIA, plantas in vitro",90,"CAJA(S)","JAPON"
"31262",2022,1,"PUESTO DE CONTROL TERRESTRE DESAGUADERO","SOYA, grano",174000,"SACO(S)","BOLIVIA"
"31263",2022,1,"PUESTO DE CONTROL TERRESTRE DESAGUADERO","SOYA, harina",58000,"SACO(S)","BOLIVIA"
"31264",2022,1,"PUESTO DE CONTROL TERRESTRE DESAGUADERO","SOYA, torta",55790,"GRANEL","BOLIVIA"
"31265",2022,1,"PUESTO DE CONTROL TERRESTRE DESAGUADERO","SOYA, torta",83392,"SACO(S)","BOLIVIA"
"31266",2022,1,"PUESTO DE CONTROL TERRESTRE DESAGUADERO","SOYA, torta",81695,"SACO(S)","BOLIVIA"
"31267",2022,1,"PUESTO DE CONTROL TERRESTRE DESAGUADERO","SOYA, torta",50000,"GRANEL","BOLIVIA"
"31268",2022,1,"PUESTO DE CONTROL TERRESTRE DESAGUADERO","SOYA, torta",19990,"GRANEL","BOLIVIA"
"31269",2022,1,"PUESTO DE CONTROL TERRESTRE DESAGUADERO","SOYA, harina",86167,"SACO(S)","BOLIVIA"
"31270",2022,1,"PUESTO DE CONTROL TERRESTRE DESAGUADERO","SOYA, torta",54640,"GRANEL","BOLIVIA"
"31271",2022,1,"PUESTO DE CONTROL TERRESTRE DESAGUADERO","SOYA, torta",53260,"GRANEL","BOLIVIA"
"31272",2022,1,"PUESTO DE CONTROL TERRESTRE DESAGUADERO","AZUCAR BLANCA O REFINADA (lectura polarimetrica mayor 99.5°)",28000,"SACO(S)","BOLIVIA"
"31273",2022,1,"OFICINA PUESTO DE CONTROL MARITIMO - PROV. CONST. DEL CALLAO","UVA (PASAS), secas industrialmente",123.397,"CAJA(S)","EL SALVADOR"
"31274",2022,1,"OFICINA PUESTO DE CONTROL MARITIMO - PROV. CONST. DEL CALLAO","CEBOLLA, triturada o pulverizada",696.718,"CAJA(S)","EEUU"
"31275",2022,1,"PUERTO DE PISCO , ICA","MAIZ, almidon",2e+05,"BIG BAG","CHINA"
"31276",2022,1,"PUERTO DE PISCO , ICA","MAIZ, almidon",1e+06,"BIG BAG","CHINA"
"31277",2022,1,"OFICINA PUESTO DE CONTROL MARITIMO - PROV. CONST. DEL CALLAO","PAPA, fécula",1e+05,"BOLSAS","ALEMANIA"
"31278",2022,1,"SANTA ROSA, TACNA","PINO, madera aserrada con algún proceso de la CRF2",43303,"UNIDADES","CHILE"
"31279",2022,1,"OFICINA PUESTO DE CONTROL MARITIMO - PROV. CONST. DEL CALLAO","NARANJA, fruto fresco",18140,"CAJA(S)","EEUU"
"31280",2022,1,"OFICINA PUESTO DE CONTROL MARITIMO - PROV. CONST. DEL CALLAO","NARANJA, fruto fresco",18140,"CAJA(S)","EEUU"
"31281",2022,1,"OFICINA PUESTO DE CONTROL MARITIMO - PROV. CONST. DEL CALLAO","CURCUMA, polvo",1200,"CAJA(S)","CHINA"
"31282",2022,1,"OFICINA PUESTO DE CONTROL MARITIMO - PROV. CONST. DEL CALLAO","NARANJA, fruto fresco",19958,"CAJA(S)","EEUU"
"31283",2022,1,"OFICINA PUESTO DE CONTROL MARITIMO - PROV. CONST. DEL CALLAO","MAIZ, semilla",59497,"SACO(S)","TAILANDIA"
"31284",2022,1,"PUESTO DE CONTROL TERRESTRE DESAGUADERO","SOYA, torta",146000,"SACO(S)","BOLIVIA"
"31285",2022,1,"OFICINA PUESTO DE CONTROL MARITIMO - PROV. CONST. DEL CALLAO","NUEZ DE NOGAL, sin cascara con algun proceso de la CRF 2",19054,"CAJA(S)","MEXICO"
"31286",2022,1,"PUESTO DE CONTROL- CEBAF","ROSA, flores frescas cortadas",1536,"CAJA(S)","ECUADOR"
"31287",2022,1,"PUESTO DE CONTROL- CEBAF","CLAVEL, flores frescas cortadas",1200,"CAJA(S)","ECUADOR"
"31288",2022,1,"PUESTO DE CONTROL- CEBAF","ROSA, flores frescas cortadas",3173,"CAJA(S)","ECUADOR"
"31289",2022,1,"PUESTO DE CONTROL- CEBAF","CLAVEL, flores frescas cortadas",110,"CAJA(S)","ECUADOR"
"31290",2022,1,"PUESTO DE CONTROL- CEBAF","LILIUM (=AZUCENA), flores frescas cortadas",152,"CAJA(S)","ECUADOR"
"31291",2022,1,"PUESTO DE CONTROL TERRESTRE DESAGUADERO","GIRASOL, torta",56180,"GRANEL","BOLIVIA"
"31292",2022,1,"PUESTO DE CONTROL TERRESTRE DESAGUADERO","SOYA, grano",27590,"GRANEL","BOLIVIA"
"31293",2022,1,"PUESTO DE CONTROL TERRESTRE DESAGUADERO","SOYA, torta",27694,"SACO(S)","BOLIVIA"
"31294",2022,1,"PUESTO DE CONTROL TERRESTRE DESAGUADERO","FREJOL NEGRO, grano",58000,"SACO(S)","BOLIVIA"
"31295",2022,1,"OFICINA PUESTO DE CONTROL MARITIMO - PROV. CONST. DEL CALLAO","Los demas articulos de cesteria con algun proceso de CRF 2",227.8,"UNIDADES","CHINA"
"31296",2022,1,"OFICINA PUESTO DE CONTROL MARITIMO - PROV. CONST. DEL CALLAO","TREBOL BLANCO, semilla",500,"SACO(S)","NUEVA ZELANDIA"
"31297",2022,1,"OFICINA PUESTO DE CONTROL MARITIMO - PROV. CONST. DEL CALLAO","RYEGRASS ITALIANO, semilla",6000,"SACO(S)","NUEVA ZELANDIA"
"31298",2022,1,"OFICINA PUESTO DE CONTROL MARITIMO - PROV. CONST. DEL CALLAO","RYEGRASS INGLES, semilla",6000,"SACO(S)","NUEVA ZELANDIA"
"31299",2022,1,"PUESTO DE CONTROL TERRESTRE DESAGUADERO","SOYA, torta",143000,"SACO(S)","BOLIVIA"
"31300",2022,1,"PUESTO DE CONTROL TERRESTRE DESAGUADERO","SOYA, torta",87000,"SACO(S)","BOLIVIA"
"31301",2022,1,"PUESTO DE CONTROL TERRESTRE DESAGUADERO","SOYA, torta",84500,"SACO(S)","BOLIVIA"
"31302",2022,1,"OFICINA PUESTO DE CONTROL MARITIMO - PROV. CONST. DEL CALLAO","ALMENDRA, sin cáscara, secado industrial",19958.4,"CAJA(S)","EEUU"
"31303",2022,1,"OFICINA PUESTO DE CONTROL MARITIMO - PROV. CONST. DEL CALLAO","CAUCHO, técnicamente especificado (TSNR)",40320,"PIEZAS","MALASIA"
"31304",2022,1,"OFICINA PUESTO DE CONTROL MARITIMO - PROV. CONST. DEL CALLAO","PIMIENTA, molida",2500,"CAJA(S)","VIETNAM"
"31305",2022,1,"OFICINA PUESTO DE CONTROL MARITIMO - PROV. CONST. DEL CALLAO","ALGODON, fibra sin cardar ni peinar (>22.22 mm = o <28.57 mm)",99860,"FARDOS","EEUU"
"31306",2022,1,"PUESTO DE CONTROL TERRESTRE DESAGUADERO","SOYA, torta",86000,"GRANEL","BOLIVIA"
"31307",2022,1,"OFICINA PUESTO DE CONTROL AEREO -  PROV. CONST. DEL CALLAO","TOMATE, semilla",0.004,"SACHETS","HOLANDA"
"31308",2022,1,"OFICINA PUESTO DE CONTROL AEREO -  PROV. CONST. DEL CALLAO","TOMATE, semilla",0.04,"SACHETS","EEUU"
"31309",2022,1,"PUESTO DE CONTROL TERRESTRE DESAGUADERO","AZUCAR BLANCA O REFINADA (lectura polarimetrica mayor 99.5°)",58000,"SACO(S)","BOLIVIA"
"31310",2022,1,"PUESTO DE CONTROL TERRESTRE DESAGUADERO","AZUCAR BLANCA O REFINADA (lectura polarimetrica mayor 99.5°)",58000,"SACO(S)","BOLIVIA"
"31311",2022,1,"PUESTO DE CONTROL TERRESTRE DESAGUADERO","SOYA, torta",25000,"GRANEL","BOLIVIA"
"31312",2022,1,"PUESTO DE CONTROL TERRESTRE DESAGUADERO","SOYA, torta",27844,"SACO(S)","BOLIVIA"
"31313",2022,1,"PUESTO DE CONTROL TERRESTRE DESAGUADERO","GIRASOL, torta",56840,"GRANEL","BOLIVIA"
"31314",2022,1,"PUESTO DE CONTROL TERRESTRE DESAGUADERO","GIRASOL, torta",55290,"GRANEL","BOLIVIA"
"31315",2022,1,"PUESTO DE CONTROL TERRESTRE DESAGUADERO","SOYA, grano",55000,"GRANEL","BOLIVIA"
"31316",2022,1,"PUESTO DE CONTROL TERRESTRE DESAGUADERO","SOYA, grano",54000,"GRANEL","BOLIVIA"
"31317",2022,1,"PUESTO DE CONTROL TERRESTRE DESAGUADERO","SOYA, torta",173000,"SACO(S)","BOLIVIA"
"31318",2022,1,"PUESTO DE CONTROL TERRESTRE DESAGUADERO","SOYA, torta",28000,"GRANEL","BOLIVIA"
"31319",2022,1,"OFICINA PUESTO DE CONTROL AEREO -  PROV. CONST. DEL CALLAO","SANDIA, semilla",0.68,"SACHETS","ESPAÑA"
"31320",2022,1,"OFICINA PUESTO DE CONTROL AEREO -  PROV. CONST. DEL CALLAO","TOMATE, semilla",0.041,"SACHETS","FRANCIA"
"31321",2022,1,"SANTA ROSA, TACNA","TRIGO, afrecho seco industrial",56000,"SACO(S)","CHILE"
"31322",2022,1,"PUERTO DE PISCO , ICA","ALIMENTO PARA ANIMALES, mezcla de granos molidos o pulverizados, sin ningún aditivo",80000,"BIG BAG","CHINA"
"31323",2022,1,"PUERTO DE PISCO , ICA","ARROZ, parbolizado pulido o sin cáscara",5e+05,"SACO(S)","BRASIL"
"31324",2022,1,"PUERTO DE PISCO , ICA","ARROZ, grano pilado",2499000,"SACO(S)","BRASIL"
"31325",2022,1,"PUERTO DE PISCO , ICA","ARROZ, parbolizado pulido o sin cáscara",277200,"SACO(S)","BRASIL"
"31326",2022,1,"PUESTO DE CONTROL TERRESTRE DESAGUADERO","SOYA, torta",201500,"SACO(S)","BOLIVIA"
"31327",2022,1,"PUESTO DE CONTROL TERRESTRE DESAGUADERO","SOYA, grano",55000,"GRANEL","BOLIVIA"
"31328",2022,1,"PUESTO DE CONTROL TERRESTRE DESAGUADERO","AZUCAR BLANCA O REFINADA (lectura polarimetrica mayor 99.5°)",116000,"SACO(S)","BOLIVIA"
"31329",2022,1,"OFICINA PUESTO DE CONTROL MARITIMO - PROV. CONST. DEL CALLAO","ARANDANO, planta",9190,"CAJA(S)","MEXICO"
"31330",2022,1,"PUESTO DE CONTROL TERRESTRE DESAGUADERO","SOYA, torta",84000,"GRANEL","BOLIVIA"
"31331",2022,1,"PUESTO DE CONTROL TERRESTRE DESAGUADERO","SOYA, torta",46000,"GRANEL","BOLIVIA"
"31332",2022,1,"PUESTO DE CONTROL TERRESTRE DESAGUADERO","SOYA, torta",56000,"GRANEL","BOLIVIA"
"31333",2022,1,"PUESTO DE CONTROL TERRESTRE DESAGUADERO","SOYA, torta",55000,"GRANEL","BOLIVIA"
"31334",2022,1,"PUESTO DE CONTROL TERRESTRE DESAGUADERO","SOYA, grano",116000,"SACO(S)","BOLIVIA"
"31335",2022,1,"PUESTO DE CONTROL TERRESTRE DESAGUADERO","SOYA, torta",85210,"SACO(S)","BOLIVIA"
"31336",2022,1,"PUESTO DE CONTROL TERRESTRE DESAGUADERO","MAIZ, semilla",22598.2,"BOLSAS","BOLIVIA"
"31337",2022,1,"PUERTO DE MATARANI , AREQUIPA","AZUCAR BLANCA O REFINADA (lectura polarimetrica mayor 99.5°)",530000,"SACO(S)","GUATEMALA"
"31338",2022,1,"OFICINA PUESTO DE CONTROL MARITIMO - PROV. CONST. DEL CALLAO","AZUCAR BLANCA O REFINADA (lectura polarimetrica mayor 99.5°)",159042,"BIG BAG","COLOMBIA"
"31339",2022,1,"OFICINA PUESTO DE CONTROL MARITIMO - PROV. CONST. DEL CALLAO","TRIGO, gluten",23625,"BOLSAS","LITUANIA"
"31340",2022,1,"OFICINA PUESTO DE CONTROL MARITIMO - PROV. CONST. DEL CALLAO","PAPA, fécula",1e+05,"BOLSAS","ALEMANIA"
"31341",2022,1,"PUERTO DE MATARANI , AREQUIPA","AZUCAR BLANCA O REFINADA (lectura polarimetrica mayor 99.5°)",530000,"SACO(S)","GUATEMALA"
"31342",2022,1,"SANTA ROSA, TACNA","CIRUELA, fruto fresco",16400,"CAJA(S)","CHILE"
"31343",2022,1,"OFICINA PUESTO DE CONTROL MARITIMO - PROV. CONST. DEL CALLAO","COCO, rallado seco industrial",25000,"SACO(S)","INDONESIA"
"31344",2022,1,"PUESTO DE CONTROL TERRESTRE DESAGUADERO","SOYA, grano",75000,"GRANEL","BOLIVIA"
"31345",2022,1,"PUESTO DE CONTROL TERRESTRE DESAGUADERO","SOYA, grano",52500,"GRANEL","BOLIVIA"
"31346",2022,1,"PUESTO DE CONTROL TERRESTRE DESAGUADERO","SOYA, grano",54500,"GRANEL","BOLIVIA"
"31347",2022,1,"OFICINA PUESTO DE CONTROL MARITIMO - PROV. CONST. DEL CALLAO","Marañon (NUEZ DE CAJU), semilla alimenticia sin cascara, seca industriamente",15876,"CAJA(S)","BRASIL"
"31348",2022,1,"OFICINA PUESTO DE CONTROL MARITIMO - PROV. CONST. DEL CALLAO","ALGODON, fibra sin cardar ni peinar (>34.92 mm)",195440,"FARDOS","EEUU"
"31349",2022,1,"OFICINA PUESTO DE CONTROL MARITIMO - PROV. CONST. DEL CALLAO","UVA (PASAS), secas naturalmente",40000,"CAJA(S)","ARGENTINA"
"31350",2022,1,"OFICINA PUESTO DE CONTROL MARITIMO - PROV. CONST. DEL CALLAO","ALGODON, fibra sin cardar ni peinar (>22.22 mm = o <28.57 mm)",59640,"FARDOS","EEUU"
"31351",2022,1,"PUESTO DE CONTROL TERRESTRE DESAGUADERO","SOYA, harina",116000,"SACO(S)","BOLIVIA"
"31352",2022,1,"SANTA ROSA, TACNA","CIRUELA, fruto fresco",20160,"CAJA(S)","CHILE"
"31353",2022,1,"SANTA ROSA, TACNA","CIRUELA, fruto fresco",15360,"CAJA(S)","CHILE"
"31354",2022,1,"SANTA ROSA, TACNA","NECTARINA, fruto fresco",7512,"CAJA(S)","CHILE"
"31355",2022,1,"SANTA ROSA, TACNA","MANZANA, fruto fresco",23520,"CAJA(S)","CHILE"
"31356",2022,1,"SANTA ROSA, TACNA","MANZANA, fruto fresco",23520,"CAJA(S)","CHILE"
"31357",2022,1,"SANTA ROSA, TACNA","MANZANA, fruto fresco",23520,"CAJA(S)","CHILE"
"31358",2022,1,"SANTA ROSA, TACNA","NECTARINA, fruto fresco",15912,"CAJA(S)","CHILE"
"31359",2022,1,"SANTA ROSA, TACNA","DURAZNO, fruto fresco",5616,"CAJA(S)","CHILE"
"31360",2022,1,"SANTA ROSA, TACNA","CIRUELA, fruto fresco",22464,"CAJAS DE PLASTICO","CHILE"
"31361",2022,1,"PUESTO DE CONTROL TERRESTRE DESAGUADERO","SOYA, torta",176000,"SACO(S)","BOLIVIA"
"31362",2022,1,"PUESTO DE CONTROL TERRESTRE DESAGUADERO","SOYA, torta",176500,"SACO(S)","BOLIVIA"
"31363",2022,1,"PUESTO DE CONTROL TERRESTRE DESAGUADERO","SOYA, torta",147000,"SACO(S)","BOLIVIA"
"31364",2022,1,"PUESTO DE CONTROL TERRESTRE DESAGUADERO","AZUCAR BLANCA O REFINADA (lectura polarimetrica mayor 99.5°)",29000,"SACO(S)","BOLIVIA"
"31365",2022,1,"OFICINA PUESTO DE CONTROL MARITIMO - PROV. CONST. DEL CALLAO","COCO, fibra (para sustrato)",47010,"BOLSAS","ESPAÑA"
"31366",2022,1,"PUESTO DE CONTROL TERRESTRE DESAGUADERO","SOYA, torta",173500,"SACO(S)","BOLIVIA"
"31367",2022,1,"OFICINA PUESTO DE CONTROL MARITIMO - PROV. CONST. DEL CALLAO","BAMBU, artículos de cestería obtenidos directamente en su forma con materia trenzable con algún proceso de la CRF 2",30,"UNIDADES","VIETNAM"
"31368",2022,1,"OFICINA PUESTO DE CONTROL MARITIMO - PROV. CONST. DEL CALLAO","ROTEN (=Ratán), artículos de cestería obtenidos directamente en su forma con materia trenzable con algún proceso de la CRF2",51,"UNIDADES","VIETNAM"
"31369",2022,1,"OFICINA PUESTO DE CONTROL MARITIMO - PROV. CONST. DEL CALLAO","Articulos de cesteria (canastos, cestos u otros), con algun proceso de la CRF2",150,"UNIDADES","VIETNAM"
"31370",2022,1,"OFICINA PUESTO DE CONTROL MARITIMO - PROV. CONST. DEL CALLAO","ROTEN (=Ratán), artículos de cestería obtenidos directamente en su forma con materia trenzable con algún proceso de la CRF2",396.6,"UNIDADES","VIETNAM"
"31371",2022,1,"PUESTO DE CONTROL TERRESTRE DESAGUADERO","SOYA, grano",55990,"GRANEL","BOLIVIA"
"31372",2022,1,"PUERTO DE PISCO , ICA","ARROZ, parbolizado pulido o sin cáscara",5e+05,"BOLSAS","BRASIL"
"31373",2022,1,"PUERTO DE PISCO , ICA","ARROZ, parbolizado pulido o sin cáscara",250000,"BOLSAS","BRASIL"
"31374",2022,1,"OFICINA PUESTO DE CONTROL MARITIMO - PROV. CONST. DEL CALLAO","AVENA, grano aplastado o en copos (hojuelas)",26000,"SACO(S)","CHILE"
"31375",2022,1,"OFICINA PUESTO DE CONTROL MARITIMO - PROV. CONST. DEL CALLAO","ALFALFA, semilla",50000,"SACO(S)","EEUU"
"31376",2022,1,"OFICINA PUESTO DE CONTROL MARITIMO - PROV. CONST. DEL CALLAO","ALFALFA, semilla",50000,"SACO(S)","EEUU"
"31377",2022,1,"OFICINA PUESTO DE CONTROL MARITIMO - PROV. CONST. DEL CALLAO","PINO, madera aserrada con algún proceso de la CRF2",444267.5,"PAQUETES","CHILE"
"31378",2022,1,"PUERTO DE PAITA , PIURA","TURBA",75005,"BIG BAG","LETONIA"
"31379",2022,1,"PUERTO DE PAITA , PIURA","TURBA",150890,"BIG BAG","LETONIA"
"31380",2022,1,"PUERTO DE PISCO , ICA","ARROZ, grano pilado",265000,"BIG BAG","BRASIL"
"31381",2022,1,"PUESTO DE CONTROL TERRESTRE DESAGUADERO","MAIZ, almidon",50000,"BOLSAS","PARAGUAY"
"31382",2022,1,"SANTA ROSA, TACNA","CIRUELA, fruto fresco",15600,"CAJA(S)","CHILE"
"31383",2022,1,"SANTA ROSA, TACNA","NECTARINA, fruto fresco",7280,"CAJA(S)","CHILE"
"31384",2022,1,"OFICINA PUESTO DE CONTROL MARITIMO - PROV. CONST. DEL CALLAO","ARROZ, grano pilado",375000,"SACO(S)","URUGUAY"
"31385",2022,1,"OFICINA PUESTO DE CONTROL MARITIMO - PROV. CONST. DEL CALLAO","PINO, madera aserrada con tratamiento de secado al horno impregnación de sales",75620,"PAQUETES","CHILE"
"31386",2022,1,"SANTA ROSA, TACNA","REMOLACHA, pulpa, residuos sólidos",75000,"SACO(S)","CHILE"
"31387",2022,1,"OFICINA PUESTO DE CONTROL MARITIMO - PROV. CONST. DEL CALLAO","MANZANA, fruto fresco",20580,"CAJA(S)","EEUU"
"31388",2022,1,"OFICINA PUESTO DE CONTROL MARITIMO - PROV. CONST. DEL CALLAO","PINO, madera aserrada con algún proceso de la CRF2",42902,"PAQUETES","CHILE"
"31389",2022,1,"PUESTO DE CONTROL TERRESTRE DESAGUADERO","SOYA, torta",145000,"SACO(S)","BOLIVIA"
"31390",2022,1,"PUERTO DE PISCO , ICA","ARROZ, grano pilado",950000,"BIG BAG","BRASIL"
"31391",2022,1,"PUERTO DE PISCO , ICA","ARROZ, grano pilado",550200,"BIG BAG","BRASIL"
"31392",2022,1,"PUERTO DE PISCO , ICA","ARROZ, parbolizado pulido o sin cáscara",250000,"BIG BAG","BRASIL"
"31393",2022,1,"PUERTO DE PISCO , ICA","ARROZ, grano pilado",375000,"BIG BAG","BRASIL"
"31394",2022,1,"PUERTO DE PISCO , ICA","ARROZ, grano pilado",1983450,"BIG BAG","BRASIL"
"31395",2022,1,"PUERTO DE PISCO , ICA","ARROZ, grano pilado",1002750,"BIG BAG","BRASIL"
"31396",2022,1,"PUERTO DE PISCO , ICA","ARROZ, parbolizado pulido o sin cáscara",1965600,"BIG BAG","BRASIL"
"31397",2022,1,"PUERTO DE PISCO , ICA","ARROZ, parbolizado pulido o sin cáscara",519750,"BIG BAG","BRASIL"
"31398",2022,1,"OFICINA PUESTO DE CONTROL MARITIMO - PROV. CONST. DEL CALLAO","NARANJA, fruto fresco",16290,"CAJA(S)","EEUU"
"31399",2022,1,"IÑAPARI, MADRE DE DIOS","AZUCAR DE CAÑA, solido en bruto",93000,"SACO(S)","BRASIL"
"31400",2022,1,"OFICINA PUESTO DE CONTROL MARITIMO - PROV. CONST. DEL CALLAO","AVENA, grano mondado, perlado, troceado o quebrantado",23500,"SACO(S)","CHILE"
"31401",2022,1,"OFICINA PUESTO DE CONTROL MARITIMO - PROV. CONST. DEL CALLAO","AVENA, grano mondado, perlado, troceado o quebrantado",70500,"SACO(S)","CHILE"
"31402",2022,1,"OFICINA PUESTO DE CONTROL MARITIMO - PROV. CONST. DEL CALLAO","LENTEJA, grano",90720,"SACO(S)","EEUU"
"31403",2022,1,"PUESTO DE CONTROL TERRESTRE DESAGUADERO","SOYA, torta",80970,"GRANEL","BOLIVIA"
"31404",2022,1,"PUESTO DE CONTROL TERRESTRE DESAGUADERO","SOYA, torta",54000,"GRANEL","BOLIVIA"
"31405",2022,1,"PUESTO DE CONTROL TERRESTRE DESAGUADERO","SOYA, torta",27000,"GRANEL","BOLIVIA"
"31406",2022,1,"PUESTO DE CONTROL TERRESTRE DESAGUADERO","SOYA, harina",25209,"SACO(S)","BOLIVIA"
"31407",2022,1,"PUESTO DE CONTROL TERRESTRE DESAGUADERO","SOYA, torta",140500,"GRANEL","BOLIVIA"
"31408",2022,1,"PUESTO DE CONTROL TERRESTRE DESAGUADERO","SOYA, torta",84000,"GRANEL","BOLIVIA"
"31409",2022,1,"PUESTO DE CONTROL TERRESTRE DESAGUADERO","SOYA, torta",83000,"GRANEL","BOLIVIA"
"31410",2022,1,"OFICINA PUESTO DE CONTROL AEREO -  PROV. CONST. DEL CALLAO","TOMATE, semilla",0.039,"SACHETS","FRANCIA"
"31411",2022,1,"OFICINA PUESTO DE CONTROL AEREO -  PROV. CONST. DEL CALLAO","TOMATE, semilla",0.069,"SACHETS","HOLANDA"
"31412",2022,1,"PUESTO DE CONTROL TERRESTRE DESAGUADERO","SOYA, torta",114500,"SACO(S)","BOLIVIA"
"31413",2022,1,"PUESTO DE CONTROL TERRESTRE DESAGUADERO","MANI, grano sin cáscara",87000,"SACO(S)","BOLIVIA"
"31414",2022,1,"PUESTO DE CONTROL TERRESTRE DESAGUADERO","SOYA, torta",115000,"SACO(S)","BOLIVIA"
"31415",2022,1,"PUESTO DE CONTROL TERRESTRE DESAGUADERO","SOYA, torta",140000,"SACO(S)","BOLIVIA"
"31416",2022,1,"PUESTO DE CONTROL TERRESTRE DESAGUADERO","SOYA, torta",112600,"SACO(S)","BOLIVIA"
"31417",2022,1,"PUESTO DE CONTROL TERRESTRE DESAGUADERO","SOYA, torta",114500,"SACO(S)","BOLIVIA"
"31418",2022,1,"PUESTO DE CONTROL TERRESTRE DESAGUADERO","SOYA, torta",179000,"SACO(S)","BOLIVIA"
"31419",2022,1,"PUESTO DE CONTROL TERRESTRE DESAGUADERO","SOYA, torta",115000,"GRANEL","BOLIVIA"
"31420",2022,1,"PUESTO DE CONTROL TERRESTRE DESAGUADERO","SOYA, torta",140500,"GRANEL","BOLIVIA"
"31421",2022,1,"PUESTO DE CONTROL TERRESTRE DESAGUADERO","SOYA, torta",52000,"GRANEL","BOLIVIA"
"31422",2022,1,"OFICINA PUESTO DE CONTROL MARITIMO - PROV. CONST. DEL CALLAO","MANZANA, fruto fresco",39513.6,"CAJA(S)","CHILE"
"31423",2022,1,"OFICINA PUESTO DE CONTROL MARITIMO - PROV. CONST. DEL CALLAO","CIRUELA, fruto fresco",4320,"CAJA(S)","CHILE"
"31424",2022,1,"OFICINA PUESTO DE CONTROL MARITIMO - PROV. CONST. DEL CALLAO","NECTARINA, fruto fresco",10368,"CAJA(S)","CHILE"
"31425",2022,1,"OFICINA PUESTO DE CONTROL MARITIMO - PROV. CONST. DEL CALLAO","PAPA, fécula",105000,"SACO(S)","POLONIA"
"31426",2022,1,"OFICINA PUESTO DE CONTROL MARITIMO - PROV. CONST. DEL CALLAO","Las demás maderas de coníferas, perfilada longitudi (con lengüetas ranuras, rebajes, acanalados, biselados, con juntas en v, redond  o simil) en una o varias caras, cantos o extrem, incluso cepillada, lijada o unida por los extrem, con algún proceso de la CRF 2",267,"UNIDADES","EEUU"
"31427",2022,1,"OFICINA PUESTO DE CONTROL MARITIMO - PROV. CONST. DEL CALLAO","JACINTO DE AGUA, trenzados o confeccionados con algún proceso de la CRF2",1238.99,"CAJA(S)","CHINA"
"31428",2022,1,"OFICINA PUESTO DE CONTROL MARITIMO - PROV. CONST. DEL CALLAO","AVENA, grano mondado, perlado, troceado o quebrantado",24990,"SACO(S)","CHILE"
"31429",2022,1,"OFICINA PUESTO DE CONTROL MARITIMO - PROV. CONST. DEL CALLAO","MANZANA, fruto fresco",18522,"CAJA(S)","EEUU"
"31430",2022,1,"OFICINA PUESTO DE CONTROL MARITIMO - PROV. CONST. DEL CALLAO","MANZANA, fruto fresco",21520.8,"CAJA(S)","ARGENTINA"
"31431",2022,1,"OFICINA PUESTO DE CONTROL MARITIMO - PROV. CONST. DEL CALLAO","PERA, fruta fresca",24210.9,"CAJA(S)","ARGENTINA"
"31432",2022,1,"OFICINA PUESTO DE CONTROL MARITIMO - PROV. CONST. DEL CALLAO","PERA, fruta fresca",24210.9,"CAJA(S)","ARGENTINA"
"31433",2022,1,"OFICINA PUESTO DE CONTROL MARITIMO - PROV. CONST. DEL CALLAO","MANZANA, fruto fresco",19551,"CAJA(S)","EEUU"
"31434",2022,1,"SANTA ROSA, TACNA","MAIZ, almidon",1e+05,"BOLSAS","ARGENTINA"
"31435",2022,1,"OFICINA PUESTO DE CONTROL MARITIMO - PROV. CONST. DEL CALLAO","CANELA, corteza entera seca al natural",12200,"CAJA(S)","SRI LANKA"
"31436",2022,1,"PUESTO DE CONTROL TERRESTRE DESAGUADERO","SOYA, torta",27000,"GRANEL","BOLIVIA"
"31437",2022,1,"PUESTO DE CONTROL TERRESTRE DESAGUADERO","SOYA, torta",86376,"SACO(S)","BOLIVIA"
"31438",2022,1,"PUESTO DE CONTROL TERRESTRE DESAGUADERO","SOYA, harina",27344,"SACO(S)","BOLIVIA"
"31439",2022,1,"PUESTO DE CONTROL TERRESTRE DESAGUADERO","GIRASOL, torta",83630,"GRANEL","BOLIVIA"
"31440",2022,1,"PUESTO DE CONTROL TERRESTRE DESAGUADERO","SOYA, torta",82720,"GRANEL","BOLIVIA"
"31441",2022,1,"PUESTO DE CONTROL TERRESTRE DESAGUADERO","SOYA, torta",47000,"GRANEL","BOLIVIA"
"31442",2022,1,"PUESTO DE CONTROL TERRESTRE DESAGUADERO","SOYA, torta",77000,"GRANEL","BOLIVIA"
"31443",2022,1,"OFICINA PUESTO DE CONTROL MARITIMO - PROV. CONST. DEL CALLAO","Las demas cortadoras de cesped  con motor, en las que el dispositivo de corte gire en un plano horizontal, usada
",132,"UNIDADES","EEUU"
"31444",2022,1,"PUESTO DE CONTROL TERRESTRE DESAGUADERO","SOYA, torta",27814,"SACO(S)","BOLIVIA"
"31445",2022,1,"PUESTO DE CONTROL TERRESTRE DESAGUADERO","SOYA, torta",83422,"SACO(S)","BOLIVIA"
"31446",2022,1,"PUESTO DE CONTROL TERRESTRE DESAGUADERO","SOYA, torta",57000,"GRANEL","BOLIVIA"
"31447",2022,1,"PUESTO DE CONTROL TERRESTRE DESAGUADERO","SOYA, torta",26000,"GRANEL","BOLIVIA"
"31448",2022,1,"PUESTO DE CONTROL TERRESTRE DESAGUADERO","SOYA, torta",58000,"GRANEL","BOLIVIA"
"31449",2022,1,"OFICINA PUESTO DE CONTROL MARITIMO - PROV. CONST. DEL CALLAO","AVENA, grano aplastado o en copos (hojuelas)",52000,"SACO(S)","CHILE"
"31450",2022,1,"OFICINA PUESTO DE CONTROL MARITIMO - PROV. CONST. DEL CALLAO","AVENA, grano mondado, perlado, troceado o quebrantado",98000,"SACO(S)","CHILE"
"31451",2022,1,"OFICINA PUESTO DE CONTROL MARITIMO - PROV. CONST. DEL CALLAO","TURBA",26550,"BIG BAG","LETONIA"
"31452",2022,1,"OFICINA PUESTO DE CONTROL AEREO -  PROV. CONST. DEL CALLAO","PIMIENTO, semilla",0.081,"SACHETS","FRANCIA"
"31453",2022,1,"OFICINA PUESTO DE CONTROL MARITIMO - PROV. CONST. DEL CALLAO","MANZANA, fruto fresco",41160,"CAJA(S)","EEUU"
"31454",2022,1,"OFICINA PUESTO DE CONTROL AEREO -  PROV. CONST. DEL CALLAO","TOMATE, semilla",0.075,"SACHETS","HOLANDA"
"31455",2022,1,"PUESTO DE CONTROL TERRESTRE DESAGUADERO","SOYA, torta",144000,"SACO(S)","BOLIVIA"
"31456",2022,1,"OFICINA PUESTO DE CONTROL AEREO -  PROV. CONST. DEL CALLAO","ORQUIDEA, planta",1190.2,"CAJA(S)","HOLANDA"
"31457",2022,1,"OFICINA PUESTO DE CONTROL AEREO -  PROV. CONST. DEL CALLAO","CORCHO, tapones",195,"CAJA(S)","PORTUGAL"
"31458",2022,1,"OFICINA PUESTO DE CONTROL AEREO -  PROV. CONST. DEL CALLAO","TOMATE, semilla",0.06,"SACHETS","EEUU"
"31459",2022,1,"SANTA ROSA, TACNA","CIRUELA, fruto fresco",10296,"CAJA(S)","CHILE"
"31460",2022,1,"SANTA ROSA, TACNA","NECTARINA, fruto fresco",11232,"CAJA(S)","CHILE"
"31461",2022,1,"SANTA ROSA, TACNA","CIRUELA, fruto fresco",20160,"CAJA(S)","CHILE"
"31462",2022,1,"OFICINA PUESTO DE CONTROL MARITIMO - PROV. CONST. DEL CALLAO","LUPULO, pellets",20880,"CAJA(S)","ALEMANIA"
"31463",2022,1,"OFICINA PUESTO DE CONTROL AEREO -  PROV. CONST. DEL CALLAO","CULTIVO DE MICROORGANISMOS PARA FERMENTOS",360,"FRASCO(S)","COLOMBIA"
"31464",2022,1,"OFICINA PUESTO DE CONTROL AEREO -  PROV. CONST. DEL CALLAO","ARROZ, grano descascarillado",1,"BOLSAS","BRASIL"
"31465",2022,1,"SANTA ROSA, TACNA","NECTARINA, fruto fresco",7488,"CAJA(S)","CHILE"
"31466",2022,1,"SANTA ROSA, TACNA","CIRUELA, fruto fresco",11520,"CAJA(S)","CHILE"
"31467",2022,1,"OFICINA PUESTO DE CONTROL MARITIMO - PROV. CONST. DEL CALLAO","MANZANA, fruto fresco",17640,"CAJA(S)","EEUU"
"31468",2022,1,"OFICINA PUESTO DE CONTROL MARITIMO - PROV. CONST. DEL CALLAO","MANZANA, fruto fresco",17640,"CAJA(S)","EEUU"
"31469",2022,1,"OFICINA PUESTO DE CONTROL MARITIMO - PROV. CONST. DEL CALLAO","PERA, fruta fresca",23058,"CAJA(S)","ARGENTINA"
"31470",2022,1,"PUESTO DE CONTROL TERRESTRE DESAGUADERO","SOYA, torta",113500,"SACO(S)","BOLIVIA"
"31471",2022,1,"PUESTO DE CONTROL TERRESTRE DESAGUADERO","AZUCAR BLANCA O REFINADA (lectura polarimetrica mayor 99.5°)",29000,"SACO(S)","BOLIVIA"
"31472",2022,1,"SANTA ROSA, TACNA","DURAZNO, fruto fresco",3744,"CAJA(S)","CHILE"
"31473",2022,1,"SANTA ROSA, TACNA","MANZANA, fruto fresco",23520,"CAJA(S)","CHILE"
"31474",2022,1,"SANTA ROSA, TACNA","NECTARINA, fruto fresco",19787.2,"CAJA(S)","CHILE"
"31475",2022,1,"OFICINA PUESTO DE CONTROL AEREO -  PROV. CONST. DEL CALLAO","TOMATE, semilla",0.197,"SACHETS","HOLANDA"
"31476",2022,1,"OFICINA PUESTO DE CONTROL AEREO -  PROV. CONST. DEL CALLAO","PIMIENTO, semilla",0.178,"SACHETS","EEUU"
"31477",2022,1,"OFICINA PUESTO DE CONTROL AEREO -  PROV. CONST. DEL CALLAO","ACHIOTE, grano",0.5,"BOLSAS","COSTA DE MARFIL"
"31478",2022,1,"SANTA ROSA, TACNA","PERA, fruta fresca",21600,"CAJA(S)","CHILE"
"31479",2022,1,"PUESTO DE CONTROL TERRESTRE DESAGUADERO","SOYA, torta",113900,"GRANEL","BOLIVIA"
"31480",2022,1,"PUESTO DE CONTROL TERRESTRE DESAGUADERO","SOYA, torta",168000,"SACO(S)","BOLIVIA"
"31481",2022,1,"PUESTO DE CONTROL TERRESTRE DESAGUADERO","SOYA, torta",116000,"SACO(S)","BOLIVIA"
"31482",2022,1,"OFICINA PUESTO DE CONTROL AEREO -  PROV. CONST. DEL CALLAO","ORQUIDEA, planta",1078,"CAJA(S)","HOLANDA"
"31483",2022,1,"PUESTO DE CONTROL- CEBAF","PIMIENTA, grano seco al natural",15000,"SACO(S)","ECUADOR"
"31484",2022,1,"PUERTO DE PISCO , ICA","MAIZ AMARILLO DURO, grano",26331000,"GRANEL","ARGENTINA"
"31485",2022,1,"OFICINA PUESTO DE CONTROL MARITIMO - PROV. CONST. DEL CALLAO","CEBOLLA, triturada o pulverizada",3800,"BOLSAS","ALEMANIA"
"31486",2022,1,"PUESTO DE CONTROL TERRESTRE DESAGUADERO","SOYA, harina",143000,"SACO(S)","BOLIVIA"
"31487",2022,1,"PUESTO DE CONTROL TERRESTRE DESAGUADERO","SOYA, torta",173500,"SACO(S)","BOLIVIA"
"31488",2022,1,"OFICINA PUESTO DE CONTROL MARITIMO - PROV. CONST. DEL CALLAO","MAIZ REVENTON, grano",20412,"SACO(S)","EEUU"
"31489",2022,1,"PUESTO DE CONTROL TERRESTRE DESAGUADERO","SOYA, grano",53500,"GRANEL","BOLIVIA"
"31490",2022,1,"PUESTO DE CONTROL TERRESTRE DESAGUADERO","SOYA, torta",145000,"SACO(S)","BOLIVIA"
"31491",2022,1,"OFICINA PUESTO DE CONTROL MARITIMO - PROV. CONST. DEL CALLAO","RESIDUO DE DESTILERIA",5595859,"GRANEL","EEUU"
"31492",2022,1,"OFICINA PUESTO DE CONTROL AEREO -  PROV. CONST. DEL CALLAO","ESPARRAGO, semilla",120,"SACHETS","EEUU"
"31493",2022,1,"PUERTO DE SALAVERRY, LA LIBERTAD","MAIZ AMARILLO DURO, grano",25264000,"GRANEL","ARGENTINA"
"31494",2022,1,"OFICINA PUESTO DE CONTROL MARITIMO - PROV. CONST. DEL CALLAO","CAUCHO, técnicamente especificado (TSNR)",20400,"PAQUETES","ECUADOR"
"31495",2022,1,"OFICINA PUESTO DE CONTROL AEREO -  PROV. CONST. DEL CALLAO","AMARILIS, bulbo",176,"UNIDADES","HOLANDA"
"31496",2022,1,"OFICINA PUESTO DE CONTROL AEREO -  PROV. CONST. DEL CALLAO","MAIZ, semilla",60,"SACO(S)","MEXICO"
"31497",2022,1,"PUESTO DE CONTROL TERRESTRE DESAGUADERO","SOYA, torta",106000,"SACO(S)","BOLIVIA"
"31498",2022,1,"PUESTO DE CONTROL TERRESTRE DESAGUADERO","SOYA, torta",114500,"SACO(S)","BOLIVIA"
"31499",2022,1,"PUESTO DE CONTROL TERRESTRE DESAGUADERO","SOYA, torta",114500,"SACO(S)","BOLIVIA"
"31500",2022,1,"PUESTO DE CONTROL TERRESTRE DESAGUADERO","SOYA, torta",114000,"SACO(S)","BOLIVIA"
"31501",2022,1,"PUESTO DE CONTROL TERRESTRE DESAGUADERO","SOYA, torta",113500,"SACO(S)","BOLIVIA"
"31502",2022,1,"OFICINA PUESTO DE CONTROL MARITIMO - PROV. CONST. DEL CALLAO","CACAO, grano",100800,"SACO(S)","VENEZUELA"
"31503",2022,1,"PUESTO DE CONTROL TERRESTRE DESAGUADERO","SOYA, torta",143000,"SACO(S)","BOLIVIA"
"31504",2022,1,"PUESTO DE CONTROL TERRESTRE DESAGUADERO","SOYA, torta",114000,"SACO(S)","BOLIVIA"
"31505",2022,1,"PUESTO DE CONTROL TERRESTRE DESAGUADERO","SOYA, torta",114000,"SACO(S)","BOLIVIA"
"31506",2022,1,"PUESTO DE CONTROL TERRESTRE DESAGUADERO","SOYA, torta",1e+05,"SACO(S)","BOLIVIA"
"31507",2022,1,"PUESTO DE CONTROL TERRESTRE DESAGUADERO","SOYA, torta",52000,"SACO(S)","BOLIVIA"
"31508",2022,1,"OFICINA PUESTO DE CONTROL AEREO -  PROV. CONST. DEL CALLAO","CEBOLLA, semilla",0.2,"SACHETS","EEUU"
"31509",2022,1,"PUESTO DE CONTROL TERRESTRE DESAGUADERO","SOYA, torta",112010,"GRANEL","BOLIVIA"
"31510",2022,1,"PUESTO DE CONTROL TERRESTRE DESAGUADERO","SOYA, torta",82000,"GRANEL","BOLIVIA"
"31511",2022,1,"PUESTO DE CONTROL TERRESTRE DESAGUADERO","SOYA, torta",55000,"GRANEL","BOLIVIA"
"31512",2022,1,"PUESTO DE CONTROL TERRESTRE DESAGUADERO","SOYA, torta",84000,"GRANEL","BOLIVIA"
"31513",2022,1,"PUESTO DE CONTROL TERRESTRE DESAGUADERO","SOYA, torta",56000,"GRANEL","BOLIVIA"
"31514",2022,1,"PUESTO DE CONTROL TERRESTRE DESAGUADERO","SOYA, torta",56000,"GRANEL","BOLIVIA"
"31515",2022,1,"PUESTO DE CONTROL TERRESTRE DESAGUADERO","SOYA, torta",84000,"GRANEL","BOLIVIA"
"31516",2022,1,"PUESTO DE CONTROL TERRESTRE DESAGUADERO","SOYA, torta",144000,"SACO(S)","BOLIVIA"
"31517",2022,1,"OFICINA PUESTO DE CONTROL AEREO -  PROV. CONST. DEL CALLAO","CARTUCHO (=CALLA LILY), rizoma",371,"CAJAS DE PLASTICO","HOLANDA"
"31518",2022,1,"PUESTO DE CONTROL TERRESTRE DESAGUADERO","SOYA, torta",143000,"SACO(S)","BOLIVIA"
"31519",2022,1,"PUESTO DE CONTROL TERRESTRE DESAGUADERO","SOYA, torta",85368,"SACO(S)","BOLIVIA"
"31520",2022,1,"PUESTO DE CONTROL TERRESTRE DESAGUADERO","SOYA, torta",83500,"GRANEL","BOLIVIA"
"31521",2022,1,"PUESTO DE CONTROL TERRESTRE DESAGUADERO","SOYA, torta",28000,"GRANEL","BOLIVIA"
"31522",2022,1,"PUESTO DE CONTROL TERRESTRE DESAGUADERO","SOYA, torta",84000,"GRANEL","BOLIVIA"
"31523",2022,1,"PUESTO DE CONTROL TERRESTRE DESAGUADERO","SOYA, torta",56000,"GRANEL","BOLIVIA"
"31524",2022,1,"PUESTO DE CONTROL TERRESTRE DESAGUADERO","SOYA, torta",112000,"GRANEL","BOLIVIA"
"31525",2022,1,"PUESTO DE CONTROL TERRESTRE DESAGUADERO","SOYA, torta",204500,"SACO(S)","BOLIVIA"
"31526",2022,1,"SANTA ROSA, TACNA","CIRUELA, fruto fresco",20160,"CAJA(S)","CHILE"
"31527",2022,1,"SANTA ROSA, TACNA","CIRUELA, fruto fresco",21150,"CAJA(S)","CHILE"
"31528",2022,1,"PUESTO DE CONTROL TERRESTRE DESAGUADERO","SOYA, torta",118000,"SACO(S)","BOLIVIA"
"31529",2022,1,"PUESTO DE CONTROL TERRESTRE DESAGUADERO","SOYA, torta",86000,"SACO(S)","BOLIVIA"
"31530",2022,1,"PUESTO DE CONTROL TERRESTRE DESAGUADERO","SOYA, torta",117000,"SACO(S)","BOLIVIA"
"31531",2022,1,"PUESTO DE CONTROL TERRESTRE DESAGUADERO","SOYA, torta",148000,"SACO(S)","BOLIVIA"
"31532",2022,1,"PUESTO DE CONTROL TERRESTRE DESAGUADERO","SOYA, torta",114500,"SACO(S)","BOLIVIA"
"31533",2022,1,"OFICINA PUESTO DE CONTROL AEREO -  PROV. CONST. DEL CALLAO","PIMIENTO, semilla",0.221,"SACHETS","HOLANDA"
"31534",2022,1,"OFICINA PUESTO DE CONTROL AEREO -  PROV. CONST. DEL CALLAO","TOMATE, semilla",0.02,"SACHETS","HOLANDA"
"31535",2022,1,"PUESTO DE CONTROL TERRESTRE DESAGUADERO","SOYA, harina",112000,"SACO(S)","BOLIVIA"
"31536",2022,1,"PUESTO DE CONTROL TERRESTRE DESAGUADERO","SOYA, torta",145000,"SACO(S)","BOLIVIA"
"31537",2022,1,"PUESTO DE CONTROL TERRESTRE DESAGUADERO","SOYA, torta",115000,"SACO(S)","BOLIVIA"
"31538",2022,1,"OFICINA PUESTO DE CONTROL AEREO -  PROV. CONST. DEL CALLAO","PIMIENTO, semilla",18.9,"SOBRES","EEUU"
"31539",2022,1,"PUESTO DE CONTROL TERRESTRE DESAGUADERO","SOYA, torta",146000,"SACO(S)","BOLIVIA"
"31540",2022,1,"SANTA ROSA, TACNA","NECTARINA, fruto fresco",10365,"CAJA(S)","CHILE"
"31541",2022,1,"OFICINA PUESTO DE CONTROL AEREO -  PROV. CONST. DEL CALLAO","PEPINILLO, semilla",78.3,"SOBRES","EEUU"
"31542",2022,1,"OFICINA PUESTO DE CONTROL MARITIMO - PROV. CONST. DEL CALLAO","Articulos de cesteria (canastos, cestos u otros), con algun proceso de la CRF2",600,"UNIDADES","HONG KONG"
"31543",2022,1,"OFICINA PUESTO DE CONTROL MARITIMO - PROV. CONST. DEL CALLAO","HONGO, seco",50,"CAJA(S)","CHINA"
"31544",2022,1,"OFICINA PUESTO DE CONTROL MARITIMO - PROV. CONST. DEL CALLAO","OREJAS DE JUDAS, seco industrial",440,"CAJA(S)","CHINA"
"31545",2022,1,"OFICINA PUESTO DE CONTROL MARITIMO - PROV. CONST. DEL CALLAO","HONGO, seco industrial",160,"CAJA(S)","CHINA"
"31546",2022,1,"OFICINA PUESTO DE CONTROL MARITIMO - PROV. CONST. DEL CALLAO","Shitake (Lentinus edodes), secos, incluso los cortados en trozos o en rodajas, trituradas o pulverizadas, sin otra preparación",890,"CAJA(S)","CHINA"
"31547",2022,1,"OFICINA PUESTO DE CONTROL MARITIMO - PROV. CONST. DEL CALLAO","HONGO, seco",60,"CAJA(S)","CHINA"
"31548",2022,1,"OFICINA PUESTO DE CONTROL MARITIMO - PROV. CONST. DEL CALLAO","AJO, polvo",480,"CAJA(S)","CHINA"
"31549",2022,1,"OFICINA PUESTO DE CONTROL MARITIMO - PROV. CONST. DEL CALLAO","HORTALIZAS,las demas y mezclas(incluso silv.),secas,trituradas,pulverizadas",50,"CAJA(S)","CHINA"
"31550",2022,1,"OFICINA PUESTO DE CONTROL MARITIMO - PROV. CONST. DEL CALLAO","Las demás frutas u otros frutos, excepto las de las partidas 08.01 a 08.06, con algún proceso de la CRF 2",300,"CAJA(S)","CHINA"
"31551",2022,1,"OFICINA PUESTO DE CONTROL MARITIMO - PROV. CONST. DEL CALLAO","GIRASOL, grano secado industrialmente",2518.74,"CAJA(S)","CHINA"
"31552",2022,1,"SANTA ROSA, TACNA","LIMON TAHITI (Lima tahiti), fruto fresco",25344,"CAJA(S)","CHILE"
"31553",2022,1,"OFICINA PUESTO DE CONTROL MARITIMO - PROV. CONST. DEL CALLAO","AZUCAR BLANCA O REFINADA (lectura polarimetrica mayor 99.5°)",265000,"SACO(S)","COLOMBIA"
"31554",2022,1,"OFICINA PUESTO DE CONTROL AEREO -  PROV. CONST. DEL CALLAO","ARANDANO, planta",504.2,"CAJA(S)","EEUU"
"31555",2022,1,"OFICINA PUESTO DE CONTROL MARITIMO - PROV. CONST. DEL CALLAO","MANZANA, fruto fresco",17640,"CAJA(S)","EEUU"
"31556",2022,1,"OFICINA PUESTO DE CONTROL MARITIMO - PROV. CONST. DEL CALLAO","MANZANA, fruto fresco",17640,"CAJA(S)","EEUU"
"31557",2022,1,"OFICINA PUESTO DE CONTROL MARITIMO - PROV. CONST. DEL CALLAO","MANZANA, fruto fresco",17640,"CAJA(S)","EEUU"
"31558",2022,1,"OFICINA PUESTO DE CONTROL MARITIMO - PROV. CONST. DEL CALLAO","MANZANA, fruto fresco",17640,"CAJA(S)","EEUU"
"31559",2022,1,"OFICINA PUESTO DE CONTROL MARITIMO - PROV. CONST. DEL CALLAO","MANZANA, fruto fresco",17640,"CAJA(S)","EEUU"
"31560",2022,1,"OFICINA PUESTO DE CONTROL MARITIMO - PROV. CONST. DEL CALLAO","MANZANA, fruto fresco",17640,"CAJA(S)","EEUU"
"31561",2022,1,"OFICINA PUESTO DE CONTROL MARITIMO - PROV. CONST. DEL CALLAO","MANZANA, fruto fresco",17640,"CAJA(S)","EEUU"
"31562",2022,1,"SANTA ROSA, TACNA","CIRUELA, fruto fresco",20160,"CAJA(S)","CHILE"
"31563",2022,1,"OFICINA PUESTO DE CONTROL AEREO -  PROV. CONST. DEL CALLAO","ARANDANO, planta in vitro",150,"CAJA(S)","EEUU"
"31564",2022,1,"OFICINA PUESTO DE CONTROL MARITIMO - PROV. CONST. DEL CALLAO","COCO, fibra (para sustrato)",70344,"PALETAS","SRI LANKA"
"31565",2022,1,"OFICINA PUESTO DE CONTROL MARITIMO - PROV. CONST. DEL CALLAO","PINO, madera aserrada, con tratamiento de secado al horno o impregnación de sales",152400,"PAQUETES","EEUU"
"31566",2022,1,"OFICINA PUESTO DE CONTROL MARITIMO - PROV. CONST. DEL CALLAO","TRIGO, grano",3e+06,"GRANEL","EEUU"
"31567",2022,1,"OFICINA PUESTO DE CONTROL MARITIMO - PROV. CONST. DEL CALLAO","AZUCAR BLANCA O REFINADA (lectura polarimetrica mayor 99.5°)",265000,"SACO(S)","COLOMBIA"
"31568",2022,1,"OFICINA PUESTO DE CONTROL MARITIMO - PROV. CONST. DEL CALLAO","MADERA, monturas y mangos de herramientas, monturas y mangos de cepillos, brochas o escobas, de madera; hormas, ensanchadores y tensores del calzado, de madera ; con algún proceso de la CRF 2",56410,"SACO(S)","CHINA"
"31569",2022,1,"PUESTO DE CONTROL TERRESTRE DESAGUADERO","MANI, grano sin cáscara",58000,"SACO(S)","BOLIVIA"
"31570",2022,1,"PUERTO DE SALAVERRY, LA LIBERTAD","SOYA, torta",1.4e+07,"GRANEL","CHILE"
"31571",2022,1,"OFICINA PUESTO DE CONTROL MARITIMO - PROV. CONST. DEL CALLAO","TURBA",38440,"PACAS","ESTONIA"
"31572",2022,1,"OFICINA PUESTO DE CONTROL MARITIMO - PROV. CONST. DEL CALLAO","AVENA, grano mondado, perlado, troceado o quebrantado",48000,"SACO(S)","CHILE"
"31573",2022,1,"PUESTO DE CONTROL TERRESTRE DESAGUADERO","SOYA, harina",24839,"SACO(S)","BOLIVIA"
"31574",2022,1,"PUESTO DE CONTROL TERRESTRE DESAGUADERO","SOYA, torta",28000,"GRANEL","BOLIVIA"
"31575",2022,1,"PUESTO DE CONTROL TERRESTRE DESAGUADERO","SOYA, torta",27000,"GRANEL","BOLIVIA"
"31576",2022,1,"PUESTO DE CONTROL TERRESTRE DESAGUADERO","SOYA, torta",81500,"GRANEL","BOLIVIA"
"31577",2022,1,"PUESTO DE CONTROL TERRESTRE DESAGUADERO","SOYA, torta",55000,"GRANEL","BOLIVIA"
"31578",2022,1,"PUESTO DE CONTROL TERRESTRE DESAGUADERO","SOYA, torta",115748,"SACO(S)","BOLIVIA"
"31579",2022,1,"PUESTO DE CONTROL TERRESTRE DESAGUADERO","LINAZA, grano",58000,"SACO(S)","BOLIVIA"
"31580",2022,1,"PUESTO DE CONTROL TERRESTRE DESAGUADERO","SOYA, torta",115000,"SACO(S)","BOLIVIA"
"31581",2022,1,"OFICINA PUESTO DE CONTROL MARITIMO - PROV. CONST. DEL CALLAO","PINO, madera aserrada con algún proceso de la CRF2",127794,"PAQUETES","CHILE"
"31582",2022,1,"OFICINA PUESTO DE CONTROL MARITIMO - PROV. CONST. DEL CALLAO","ALFALFA, semilla",50000,"SACO(S)","EEUU"
"31583",2022,1,"OFICINA PUESTO DE CONTROL MARITIMO - PROV. CONST. DEL CALLAO","MADERA, monturas y mangos de herramientas, monturas y mangos de cepillos, brochas o escobas, de madera; hormas, ensanchadores y tensores del calzado, de madera ; con algún proceso de la CRF 2",408.612,"PIEZAS","MEXICO"
"31584",2022,1,"OFICINA PUESTO DE CONTROL MARITIMO - PROV. CONST. DEL CALLAO","GIRASOL, grano secado industrialmente",3000,"SACO(S)","BELGICA"
"31585",2022,1,"PUESTO DE CONTROL TERRESTRE DESAGUADERO","SOYA, torta",115000,"SACO(S)","BOLIVIA"
"31586",2022,1,"PUESTO DE CONTROL TERRESTRE DESAGUADERO","SOYA, torta",111777,"SACO(S)","BOLIVIA"
"31587",2022,1,"OFICINA PUESTO DE CONTROL MARITIMO - PROV. CONST. DEL CALLAO","MADERA, monturas y mangos de herramientas, monturas y mangos de cepillos, brochas o escobas, de madera; hormas, ensanchadores y tensores del calzado, de madera ; con algún proceso de la CRF 2",28147.5,"UNIDADES","CHINA"
"31588",2022,1,"PUERTO DE PISCO , ICA","ARROZ, grano pilado",59850,"SACO(S)","BRASIL"
"31589",2022,1,"PUERTO DE PISCO , ICA","ARROZ, grano pilado",124950,"SACO(S)","BRASIL"
"31590",2022,1,"PUERTO DE PISCO , ICA","ARROZ, grano pilado",74550,"SACO(S)","BRASIL"
"31591",2022,1,"OFICINA PUESTO DE CONTROL MARITIMO - PROV. CONST. DEL CALLAO","NECTARINA, fruto fresco",21600,"CAJA(S)","CHILE"
"31592",2022,1,"SANTA ROSA, TACNA","REMOLACHA, pulpa, residuos sólidos",1e+05,"SACO(S)","CHILE"
"31593",2022,1,"PUESTO DE CONTROL TERRESTRE DESAGUADERO","SOYA, grano",56000,"GRANEL","BOLIVIA"
"31594",2022,1,"PUESTO DE CONTROL TERRESTRE DESAGUADERO","SOYA, grano",56000,"GRANEL","BOLIVIA"
"31595",2022,1,"PUERTO DE PISCO , ICA","PINO, postes de madera con algun proceso de la CRF 2",51878,"PIEZAS","EEUU"
"31596",2022,1,"OFICINA PUESTO DE CONTROL AEREO -  PROV. CONST. DEL CALLAO","MAIZ, semilla",2.26,"SOBRES","FRANCIA"
"31597",2022,1,"OFICINA PUESTO DE CONTROL MARITIMO - PROV. CONST. DEL CALLAO","TE VERDE, triturado",273,"BOLSAS","ALEMANIA"
"31598",2022,1,"OFICINA PUESTO DE CONTROL MARITIMO - PROV. CONST. DEL CALLAO","MANZANILLA, triturada",90,"BOLSAS","ALEMANIA"
"31599",2022,1,"OFICINA PUESTO DE CONTROL MARITIMO - PROV. CONST. DEL CALLAO","HARINA, mezcla",1070,"BOLSAS","ALEMANIA"
"31600",2022,1,"PUESTO DE CONTROL TERRESTRE DESAGUADERO","SOYA, grano",57990,"SACO(S)","BOLIVIA"
"31601",2022,1,"OFICINA PUESTO DE CONTROL MARITIMO - PROV. CONST. DEL CALLAO","GARBANZO, grano",22960,"SACO(S)","MEXICO"
"31602",2022,1,"OFICINA PUESTO DE CONTROL AEREO -  PROV. CONST. DEL CALLAO","ARANDANO, planta in vitro",885,"CAJA(S)","EEUU"
"31603",2022,1,"OFICINA PUESTO DE CONTROL MARITIMO - PROV. CONST. DEL CALLAO","CAUCHO, hojas ahumadas",20195,"PALETAS","GUATEMALA"
"31604",2022,1,"PUERTO DE SALAVERRY, LA LIBERTAD","SOYA, torta",11330000,"GRANEL","CHILE"
"31605",2022,1,"OFICINA PUESTO DE CONTROL AEREO -  PROV. CONST. DEL CALLAO","ARANDANO, planta in vitro",508,"UNIDADES","ESPAÑA"
"31606",2022,1,"PUESTO DE CONTROL TERRESTRE DESAGUADERO","SOYA, torta",115000,"SACO(S)","BOLIVIA"
"31607",2022,1,"PUESTO DE CONTROL TERRESTRE DESAGUADERO","SOYA, torta",116000,"SACO(S)","BOLIVIA"
"31608",2022,1,"OFICINA PUESTO DE CONTROL MARITIMO - PROV. CONST. DEL CALLAO","AZUCAR BLANCA O REFINADA (lectura polarimetrica mayor 99.5°)",265000,"SACO(S)","COLOMBIA"
"31609",2022,1,"PUERTO DE PISCO , ICA","ARROZ, parbolizado pulido o sin cáscara",1501500,"BOLSAS","BRASIL"
"31610",2022,1,"PUERTO DE PISCO , ICA","ARROZ, parbolizado pulido o sin cáscara",1e+06,"BOLSAS","BRASIL"
"31611",2022,1,"PUESTO DE CONTROL TERRESTRE DESAGUADERO","SOYA, torta",116000,"SACO(S)","BOLIVIA"
"31612",2022,1,"PUESTO DE CONTROL TERRESTRE DESAGUADERO","SOYA, torta",114500,"SACO(S)","BOLIVIA"
"31613",2022,1,"OFICINA PUESTO DE CONTROL AEREO -  PROV. CONST. DEL CALLAO","TOMATE, semilla",0.02139,"SACHETS","EEUU"
"31614",2022,1,"PUESTO DE CONTROL TERRESTRE DESAGUADERO","SOYA, harina",116000,"SACO(S)","BOLIVIA"
"31615",2022,1,"PUESTO DE CONTROL TERRESTRE DESAGUADERO","SOYA, torta",147000,"SACO(S)","BOLIVIA"
"31616",2022,1,"PUESTO DE CONTROL TERRESTRE DESAGUADERO","SOYA, torta",112200,"SACO(S)","BOLIVIA"
"31617",2022,1,"PUERTO DE PISCO , ICA","ARROZ, grano pilado",740250,"SACO(S)","BRASIL"
"31618",2022,1,"PUESTO DE CONTROL TERRESTRE DESAGUADERO","SOYA, torta",54980,"GRANEL","BOLIVIA"
"31619",2022,1,"PUESTO DE CONTROL TERRESTRE DESAGUADERO","SOYA, torta",109000,"GRANEL","BOLIVIA"
"31620",2022,1,"PUESTO DE CONTROL TERRESTRE DESAGUADERO","SOYA, torta",134000,"SACO(S)","BOLIVIA"
"31621",2022,1,"PUESTO DE CONTROL TERRESTRE DESAGUADERO","SOYA, torta",112000,"GRANEL","BOLIVIA"
"31622",2022,1,"PUESTO DE CONTROL TERRESTRE DESAGUADERO","GIRASOL, torta",27000,"GRANEL","BOLIVIA"
"31623",2022,1,"PUESTO DE CONTROL TERRESTRE DESAGUADERO","GIRASOL, torta",27000,"GRANEL","BOLIVIA"
"31624",2022,1,"PUESTO DE CONTROL TERRESTRE DESAGUADERO","SOYA, torta",56000,"GRANEL","BOLIVIA"
"31625",2022,1,"PUESTO DE CONTROL TERRESTRE DESAGUADERO","SOYA, harina",83911,"SACO(S)","BOLIVIA"
"31626",2022,1,"PUESTO DE CONTROL TERRESTRE DESAGUADERO","SOYA, harina",142636,"SACO(S)","BOLIVIA"
"31627",2022,1,"PUESTO DE CONTROL TERRESTRE DESAGUADERO","SOYA, torta",114000,"SACO(S)","BOLIVIA"
