"","Año","Mes","Sede","Producto","Peso Kg.","Tipo de Envase","Pais Origen"
"1","2023",2,"OFICINA PUESTO DE CONTROL MARITIMO - PROV. CONST. DEL CALLAO","LOS DEMAS TRACTORES, con motor de potencia superior a 18 kW pero inferior o igual a 37 kW (excepto las carretillas tractor de la partida 87.09), USADOS",13870,"UNIDADES","CHINA"
"2","2023",2,"OFICINA PUESTO DE CONTROL MARITIMO - PROV. CONST. DEL CALLAO","AZUCAR CRUDA, sólido",250000,"SACO(S)","GUATEMALA"
"3","2023",2,"OFICINA PUESTO DE CONTROL AEREO -  PROV. CONST. DEL CALLAO","TOMATE, semilla",0.449,"SACHETS","EEUU"
"4","2023",2,"OFICINA PUESTO DE CONTROL MARITIMO - PROV. CONST. DEL CALLAO","CALABAZA, grano seco industrial",11000,"CAJA(S)","CHINA"
"5","2023",2,"OFICINA PUESTO DE CONTROL MARITIMO - PROV. CONST. DEL CALLAO","UVA (PASAS), secas industrialmente",21000,"CAJA(S)","CHILE"
"6","2023",2,"OFICINA PUESTO DE CONTROL MARITIMO - PROV. CONST. DEL CALLAO","AVENA, grano trabajado (mondado, perlado, troceado o quebrantado)",192000,"SACO(S)","CHILE"
"7","2023",2,"OFICINA PUESTO DE CONTROL MARITIMO - PROV. CONST. DEL CALLAO","AZUCARES, los demas",150000,"SACO(S)","COLOMBIA"
"8","2023",2,"OFICINA PUESTO DE CONTROL MARITIMO - PROV. CONST. DEL CALLAO","AZUCAR CRUDA, sólido",260000,"SACO(S)","NICARAGUA"
"9","2023",2,"OFICINA PUESTO DE CONTROL MARITIMO - PROV. CONST. DEL CALLAO","HONGO comestible, semilla",5262,"CAJA(S)","EEUU"
"10","2023",2,"OFICINA PUESTO DE CONTROL MARITIMO - PROV. CONST. DEL CALLAO","GARBANZO, grano",69000,"SACO(S)","MEXICO"
"11","2023",2,"OFICINA PUESTO DE CONTROL MARITIMO - PROV. CONST. DEL CALLAO","TRIGO, harina",1500,"SACO(S)","ESPAÑA"
"12","2023",2,"OFICINA PUESTO DE CONTROL MARITIMO - PROV. CONST. DEL CALLAO","TRIGO, harina",4200,"SACO(S)","ESPAÑA"
"13","2023",2,"OFICINA PUESTO DE CONTROL MARITIMO - PROV. CONST. DEL CALLAO","ALGODON, fibra sin cardar ni peinar (>28.57 mm = o <34.92 mm)",120820,"FARDOS","EEUU"
"14","2023",2,"OFICINA PUESTO DE CONTROL AEREO -  PROV. CONST. DEL CALLAO","CEBOLLA, triturada o pulverizada",0.2,"BOLSAS","CHINA"
"15","2023",2,"OFICINA PUESTO DE CONTROL AEREO -  PROV. CONST. DEL CALLAO","CEBOLLA, trozos o rodajas",0.2,"BOLSAS","CHINA"
"16","2023",2,"OFICINA PUESTO DE CONTROL AEREO -  PROV. CONST. DEL CALLAO","AJO, granulado o secado industrial",0.2,"BOLSAS","CHINA"
"17","2023",2,"OFICINA PUESTO DE CONTROL AEREO -  PROV. CONST. DEL CALLAO","AJO, polvo",0.2,"BOLSAS","CHINA"
"18","2023",2,"OFICINA PUESTO DE CONTROL AEREO -  PROV. CONST. DEL CALLAO","PEREJIL, deshidratado",0.2,"BOLSAS","CHINA"
"19","2023",2,"OFICINA PUESTO DE CONTROL AEREO -  PROV. CONST. DEL CALLAO","ZANAHORIA, seca industrialmente/ deshidratado",0.2,"BOLSAS","CHINA"
"20","2023",2,"OFICINA PUESTO DE CONTROL MARITIMO - PROV. CONST. DEL CALLAO","PINO, madera aserrada con algún proceso de la CRF2",318943.5,"PAQUETES","CHILE"
"21","2023",2,"OFICINA PUESTO DE CONTROL MARITIMO - PROV. CONST. DEL CALLAO","PINO, madera aserrada con algún proceso de la CRF2",252975.5,"PAQUETES","CHILE"
"22","2023",2,"OFICINA PUESTO DE CONTROL MARITIMO - PROV. CONST. DEL CALLAO","PAPA, fécula",252000,"SACO(S)","DINAMARCA"
"23","2023",2,"OFICINA PUESTO DE CONTROL MARITIMO - PROV. CONST. DEL CALLAO","AVENA, grano trabajado (mondado, perlado, troceado o quebrantado)",69000,"SACO(S)","CHILE"
"24","2023",2,"AGUAS VERDES, TUMBES","PITAHAYA, fruto fresco",22000,"CAJA(S)","ECUADOR"
"25","2023",2,"IÑAPARI, MADRE DE DIOS","MAIZ AMARILLO DURO, grano",30000,"SACO(S)","BRASIL"
"26","2023",2,"IÑAPARI, MADRE DE DIOS","MAIZ AMARILLO DURO, grano",40000,"GRANEL","BRASIL"
"27","2023",2,"IÑAPARI, MADRE DE DIOS","MAIZ AMARILLO DURO, grano",32000,"GRANEL","BRASIL"
"28","2023",2,"IÑAPARI, MADRE DE DIOS","MAIZ AMARILLO DURO, grano",48000,"GRANEL","BRASIL"
"29","2023",2,"OFICINA PUESTO DE CONTROL MARITIMO - PROV. CONST. DEL CALLAO","AVENA, grano aplastado o en copos (hojuelas)",26250,"SACO(S)","CHILE"
"30","2023",2,"IÑAPARI, MADRE DE DIOS","MAIZ AMARILLO DURO, grano",32000,"GRANEL","BRASIL"
"31","2023",2,"IÑAPARI, MADRE DE DIOS","MAIZ AMARILLO DURO, grano",32000,"GRANEL","BRASIL"
"32","2023",2,"IÑAPARI, MADRE DE DIOS","MAIZ AMARILLO DURO, grano",48000,"GRANEL","BRASIL"
"33","2023",2,"IÑAPARI, MADRE DE DIOS","MAIZ AMARILLO DURO, grano",32000,"GRANEL","BRASIL"
"34","2023",2,"IÑAPARI, MADRE DE DIOS","MAIZ AMARILLO DURO, grano",32000,"GRANEL","BRASIL"
"35","2023",2,"SANTA ROSA, TACNA","Los demas pulverizadores para agricultura u horticultura usados
",940,"UNIDADES","CHILE"
"36","2023",2,"OFICINA PUESTO DE CONTROL MARITIMO - PROV. CONST. DEL CALLAO","LENTEJA, grano",26082,"SACO(S)","CANADA"
"37","2023",2,"OFICINA PUESTO DE CONTROL MARITIMO - PROV. CONST. DEL CALLAO","MADERA, monturas y mangos de herramientas, monturas y mangos de cepillos, brochas o escobas, de madera; hormas, ensanchadores y tensores del calzado, de madera ; con algún proceso de la CRF 2",114.562,"UNIDADES","MEXICO"
"38","2023",2,"OFICINA PUESTO DE CONTROL MARITIMO - PROV. CONST. DEL CALLAO","COCO, fibra (para sustrato)",1916.5,"PALETAS","SRI LANKA"
"39","2023",2,"AGUAS VERDES, TUMBES","ROSA, flores frescas cortadas",3700,"CAJA(S)","ECUADOR"
"40","2023",2,"AGUAS VERDES, TUMBES","CLAVEL, flores frescas cortadas",300,"CAJA(S)","ECUADOR"
"41","2023",2,"AGUAS VERDES, TUMBES","ROSA, flores frescas cortadas",2304,"CAJA(S)","ECUADOR"
"42","2023",2,"AGUAS VERDES, TUMBES","CLAVEL, flores frescas cortadas",175,"CAJA(S)","ECUADOR"
"43","2023",2,"AGUAS VERDES, TUMBES","PITAHAYA, fruto fresco",45000,"CAJA(S)","ECUADOR"
"44","2023",2,"OFICINA PUESTO DE CONTROL MARITIMO - PROV. CONST. DEL CALLAO","Marañon (NUEZ DE CAJU), semilla alimenticia sin cascara, seca industriamente",24948,"CAJA(S)","BRASIL"
"45","2023",2,"OFICINA PUESTO DE CONTROL MARITIMO - PROV. CONST. DEL CALLAO","MAIZ REVENTON, grano",254000,"SACO(S)","ARGENTINA"
"46","2023",2,"OFICINA PUESTO DE CONTROL MARITIMO - PROV. CONST. DEL CALLAO","PINO, madera aserrada con tratamiento de secado al horno impregnación de sales",65940,"PAQUETES","CHILE"
"47","2023",2,"IÑAPARI, MADRE DE DIOS","NUEZ DEL BRASIL, con cáscara seca al natural",56280,"SACO(S)","BRASIL"
"48","2023",2,"IÑAPARI, MADRE DE DIOS","MAIZ AMARILLO DURO, grano",48000,"SACO(S)","BRASIL"
"49","2023",2,"IÑAPARI, MADRE DE DIOS","SOYA, torta",31450,"SACO(S)","BRASIL"
"50","2023",2,"IÑAPARI, MADRE DE DIOS","SOYA, torta",32200,"SACO(S)","BRASIL"
"51","2023",2,"IÑAPARI, MADRE DE DIOS","SOYA, torta",31900,"SACO(S)","BRASIL"
"52","2023",2,"IÑAPARI, MADRE DE DIOS","MAIZ AMARILLO DURO, grano",32000,"GRANEL","BRASIL"
"53","2023",2,"AGUAS VERDES, TUMBES","PITAHAYA, fruto fresco",21420,"CAJA(S)","ECUADOR"
"54","2023",2,"OFICINA PUESTO DE CONTROL MARITIMO - PROV. CONST. DEL CALLAO","AZUCAR CRUDA, sólido",125000,"SACO(S)","GUATEMALA"
"55","2023",2,"OFICINA PUESTO DE CONTROL AEREO -  PROV. CONST. DEL CALLAO","PIMIENTO, semilla",96.81,"SACHETS","CHILE"
"56","2023",2,"OFICINA PUESTO DE CONTROL AEREO -  PROV. CONST. DEL CALLAO","CEBOLLA, semilla",210.97,"SACHETS","CHILE"
"57","2023",2,"OFICINA PUESTO DE CONTROL MARITIMO - PROV. CONST. DEL CALLAO","ALGODON, fibra sin cardar ni peinar (>28.57 mm = o <34.92 mm)",77090,"FARDOS","EEUU"
"58","2023",2,"OFICINA PUESTO DE CONTROL MARITIMO - PROV. CONST. DEL CALLAO","ALGODON, fibra sin cardar ni peinar (>28.57 mm = o <34.92 mm)",20100,"FARDOS","EEUU"
"59","2023",2,"SANTA ROSA, TACNA","Cultivadores, azadas rotativas( rotocultores), escardadoras y binadoras usadas
",600,"UNIDADES","CHILE"
"60","2023",2,"SANTA ROSA, TACNA","CIRUELA, fruto fresco",10800,"CAJA(S)","CHILE"
"61","2023",2,"SANTA ROSA, TACNA","CEREZA, fruta fresca",5648.6,"CAJA(S)","CHILE"
"62","2023",2,"OFICINA PUESTO DE CONTROL MARITIMO - PROV. CONST. DEL CALLAO","AVENA, grano trabajado (mondado, perlado, troceado o quebrantado)",52000,"SACO(S)","CHILE"
"63","2023",2,"OFICINA PUESTO DE CONTROL MARITIMO - PROV. CONST. DEL CALLAO","LINAZA, grano",45359,"SACO(S)","CANADA"
"64","2023",2,"OFICINA PUESTO DE CONTROL MARITIMO - PROV. CONST. DEL CALLAO","CANELA, corteza entera seca al natural",15000,"CAJA(S)","SRI LANKA"
"65","2023",2,"OFICINA PUESTO DE CONTROL AEREO -  PROV. CONST. DEL CALLAO","PIMIENTA, molida",4.52,"BOLSAS",NA
"66","2023",2,"OFICINA PUESTO DE CONTROL MARITIMO - PROV. CONST. DEL CALLAO","PIMIENTA, grano seco al natural",27000,"SACO(S)","BRASIL"
"67","2023",2,"PUERTO DE PAITA , PIURA","TRIGO, grano",5971680,"GRANEL","ARGENTINA"
"68","2023",2,"AGUAS VERDES, TUMBES","PITAHAYA, fruto fresco",25680,"CAJA(S)","ECUADOR"
"69","2023",2,"OFICINA PUESTO DE CONTROL MARITIMO - PROV. CONST. DEL CALLAO","TURBA",48000,"FARDOS","LITUANIA"
"70","2023",2,"OFICINA PUESTO DE CONTROL AEREO -  PROV. CONST. DEL CALLAO","MELON, semilla",0.957,"SACHETS","EEUU"
"71","2023",2,"OFICINA PUESTO DE CONTROL AEREO -  PROV. CONST. DEL CALLAO","MELON, semilla",0.375,"SACHETS","EEUU"
"72","2023",2,"OFICINA PUESTO DE CONTROL AEREO -  PROV. CONST. DEL CALLAO","TOMATE, semilla",0.002084,"SACHETS","HOLANDA"
"73","2023",2,"OFICINA PUESTO DE CONTROL MARITIMO - PROV. CONST. DEL CALLAO","TE VERDE, hoja polvo",50,"TAMBORES","CHINA"
"74","2023",2,"OFICINA PUESTO DE CONTROL MARITIMO - PROV. CONST. DEL CALLAO","PAPA, fécula",60000,"SACO(S)","HOLANDA"
"75","2023",2,"OFICINA PUESTO DE CONTROL MARITIMO - PROV. CONST. DEL CALLAO","ARROZ, grano pilado",125000,"SACO(S)","URUGUAY"
"76","2023",2,"OFICINA PUESTO DE CONTROL MARITIMO - PROV. CONST. DEL CALLAO","MATERIAS VEGETALES, para tallar trabajadas con algun proceso de la CRF 2",335.122,"BOLSAS","CHINA"
"77","2023",2,"PUERTO DE PAITA , PIURA","TRIGO, grano",6172485,"GRANEL","ARGENTINA"
"78","2023",2,"OFICINA PUESTO DE CONTROL MARITIMO - PROV. CONST. DEL CALLAO","MANZANA, fruto fresco",20580,"CAJA(S)","CHILE"
"79","2023",2,"OFICINA PUESTO DE CONTROL MARITIMO - PROV. CONST. DEL CALLAO","GARBANZO, grano",23000,"SACO(S)","MEXICO"
"80","2023",2,"SANTA ROSA, TACNA","SOYA, torta",215000,"SACO(S)","BOLIVIA"
"81","2023",2,"AGUAS VERDES, TUMBES","PITAHAYA, fruto fresco",21000,"CAJA(S)","ECUADOR"
"82","2023",2,"OFICINA PUESTO DE CONTROL MARITIMO - PROV. CONST. DEL CALLAO","SOYA, grano",2906640,"GRANEL","BOLIVIA TRANSITO POR CHILE"
"83","2023",2,"OFICINA PUESTO DE CONTROL MARITIMO - PROV. CONST. DEL CALLAO","COCO, rallado seco industrial",26000,"SACO(S)","INDONESIA"
"84","2023",2,"OFICINA PUESTO DE CONTROL MARITIMO - PROV. CONST. DEL CALLAO","MAIZ, harina",21900,"SACO(S)","COLOMBIA"
"85","2023",2,"OFICINA PUESTO DE CONTROL MARITIMO - PROV. CONST. DEL CALLAO","MANZANA, fruto fresco",19756.8,"CAJA(S)","CHILE"
"86","2023",2,"OFICINA PUESTO DE CONTROL MARITIMO - PROV. CONST. DEL CALLAO","PECANA, sin cáscara secado industrial",19054,"CAJA(S)","MEXICO"
"87","2023",2,"OFICINA PUESTO DE CONTROL MARITIMO - PROV. CONST. DEL CALLAO","MARCOS, madera",1726.091,"UNIDADES","CHINA"
"88","2023",2,"OFICINA PUESTO DE CONTROL MARITIMO - PROV. CONST. DEL CALLAO","AZUCAR CRUDA, sólido",260000,"SACO(S)","NICARAGUA"
"89","2023",2,"OFICINA PUESTO DE CONTROL MARITIMO - PROV. CONST. DEL CALLAO","Sembradoras, plantadoras y transplantadoras, para siembra directa usadas
",1415.5,"PALETAS","ESPAÑA"
"90","2023",2,"OFICINA PUESTO DE CONTROL AEREO -  PROV. CONST. DEL CALLAO","ARVEJA, semilla",20,"BOLSAS","EEUU"
"91","2023",2,"OFICINA PUESTO DE CONTROL AEREO -  PROV. CONST. DEL CALLAO","MELON, semilla",1.256,"SOBRES","EEUU"
"92","2023",2,"OFICINA PUESTO DE CONTROL AEREO -  PROV. CONST. DEL CALLAO","LECHUGA, semilla",0.002,"SOBRES","EEUU"
"93","2023",2,"OFICINA PUESTO DE CONTROL AEREO -  PROV. CONST. DEL CALLAO","PEPINILLO, semilla",0.012,"SOBRES","EEUU"
"94","2023",2,"OFICINA PUESTO DE CONTROL AEREO -  PROV. CONST. DEL CALLAO","SANDIA, semilla",0.02,"SOBRES","EEUU"
"95","2023",2,"OFICINA PUESTO DE CONTROL AEREO -  PROV. CONST. DEL CALLAO","ZANAHORIA, semilla",1.0785,"SOBRES","EEUU"
"96","2023",2,"OFICINA PUESTO DE CONTROL AEREO -  PROV. CONST. DEL CALLAO","PIMIENTO, semilla",0.172,"SOBRES","EEUU"
"97","2023",2,"OFICINA PUESTO DE CONTROL AEREO -  PROV. CONST. DEL CALLAO","TOMATE, semilla",0.004,"SOBRES","EEUU"
"98","2023",2,"IÑAPARI, MADRE DE DIOS","NUEZ DEL BRASIL, con cáscara seca al natural",27900,"SACO(S)","BRASIL"
"99","2023",2,"SANTA ROSA, TACNA","LOS DEMAS TRACTORES, con motor de potencia superior a 18 kW pero inferior o igual a 37 kW (excepto las carretillas tractor de la partida 87.09), USADOS",3000,"UNIDADES","CHILE"
"100","2023",2,"SANTA ROSA, TACNA","TRACTOR DE UN SOLO EJE USADO",400,"UNIDADES","CHILE"
"101","2023",2,"OFICINA PUESTO DE CONTROL MARITIMO - PROV. CONST. DEL CALLAO","CORCHO, desperdicios; corcho triturado, granulado o pulverizado",12760,"PALETAS","PORTUGAL"
"102","2023",2,"OFICINA PUESTO DE CONTROL MARITIMO - PROV. CONST. DEL CALLAO","MAIZ, semola",2620,"PAQUETES","ITALIA"
"103","2023",2,"SANTA ROSA, TACNA","MANZANA, fruto fresco",23520,"CAJA(S)","CHILE"
"104","2023",2,"OFICINA PUESTO DE CONTROL AEREO -  PROV. CONST. DEL CALLAO","PEPINILLO, semilla",0.146,"SACHETS","CHILE"
"105","2023",2,"SANTA ROSA, TACNA","PERA, fruta fresca",21744,"CAJA(S)","CHILE"
"106","2023",2,"PUERTO DE MATARANI , AREQUIPA","SOYA, torta",1600000,"GRANEL","ARGENTINA"
"107","2023",2,"PUERTO DE MATARANI , AREQUIPA","MAIZ AMARILLO DURO, grano",26400000,"GRANEL","ARGENTINA"
"108","2023",2,"OFICINA PUESTO DE CONTROL MARITIMO - PROV. CONST. DEL CALLAO","SOYA, torta",5668150,"GRANEL","BOLIVIA"
"109","2023",2,"OFICINA PUESTO DE CONTROL MARITIMO - PROV. CONST. DEL CALLAO","MADERA, herramientas de madera con algún proceso de la CRF2",17.468,"UNIDADES","CHINA"
"110","2023",2,"OFICINA PUESTO DE CONTROL MARITIMO - PROV. CONST. DEL CALLAO","ARROZ, grano pilado",625000,"GRANEL","URUGUAY"
"111","2023",2,"OFICINA PUESTO DE CONTROL MARITIMO - PROV. CONST. DEL CALLAO","ARROZ, grano pilado",625000,"GRANEL","URUGUAY"
"112","2023",2,"OFICINA PUESTO DE CONTROL MARITIMO - PROV. CONST. DEL CALLAO","ARROZ, grano pilado",2e+05,"SACO(S)","URUGUAY"
"113","2023",2,"IÑAPARI, MADRE DE DIOS","AZUCAR BLANCA O REFINADA (lectura polarimetrica mayor 99.5°)",93000,"SACO(S)","BRASIL"
"114","2023",2,"SANTA ROSA, TACNA","SOYA, torta",56500,"GRANEL","BOLIVIA"
"115","2023",2,"OFICINA PUESTO DE CONTROL MARITIMO - PROV. CONST. DEL CALLAO","PAPRIKA, seco industrial en trozos o  rodajas",22500,"PAQUETES","CHINA"
"116","2023",2,"OFICINA PUESTO DE CONTROL MARITIMO - PROV. CONST. DEL CALLAO","PAPRIKA, seco industrial en trozos o  rodajas",22500,"PAQUETES","CHINA"
"117","2023",2,"OFICINA PUESTO DE CONTROL MARITIMO - PROV. CONST. DEL CALLAO","MAIZ, harina",42000,"PAQUETES","COLOMBIA"
"118","2023",2,"OFICINA PUESTO DE CONTROL AEREO -  PROV. CONST. DEL CALLAO","ALCACHOFA, semilla",2458.37,"SOBRES ALUMINIZADOS","EEUU"
"119","2023",2,"OFICINA PUESTO DE CONTROL MARITIMO - PROV. CONST. DEL CALLAO","LENTEJA, grano",74298,"SACO(S)","CANADA"
"120","2023",2,"SANTA ROSA, TACNA","PERA, fruta fresca",23184,"CAJA(S)","CHILE"
"121","2023",2,"OFICINA PUESTO DE CONTROL MARITIMO - PROV. CONST. DEL CALLAO","ALGODON, fibra sin cardar ni peinar (>22.22 mm = o <28.57 mm)",139200,"FARDOS","EEUU"
"122","2023",2,"OFICINA PUESTO DE CONTROL MARITIMO - PROV. CONST. DEL CALLAO","TRIGO, grano",11013120,"GRANEL","CANADA"
"123","2023",2,"OFICINA PUESTO DE CONTROL AEREO -  PROV. CONST. DEL CALLAO","BRACHIARIA, semilla",1008,"SACO(S)","BRASIL"
"124","2023",2,"OFICINA PUESTO DE CONTROL AEREO -  PROV. CONST. DEL CALLAO","SANDIA, semilla",11.5,"SACHETS","EEUU"
"125","2023",2,"OFICINA PUESTO DE CONTROL MARITIMO - PROV. CONST. DEL CALLAO","AZUCAR CRUDA, sólido",125000,"BOLSAS","GUATEMALA"
"126","2023",2,"SANTA ROSA, TACNA","NECTARINA, fruto fresco",8865,"CAJA(S)","CHILE"
"127","2023",2,"SANTA ROSA, TACNA","CIRUELA, fruto fresco",7560,"CAJA(S)","CHILE"
"128","2023",2,"SANTA ROSA, TACNA","DURAZNO, fruto fresco",3360,"CAJA(S)","CHILE"
"129","2023",2,"OFICINA PUESTO DE CONTROL MARITIMO - PROV. CONST. DEL CALLAO","MADERA EN PLAQUITAS, o particulas distinta de coníferas con algún proceso de la CRF 2",21750,"BOLSAS","ALEMANIA"
"130","2023",2,"OFICINA PUESTO DE CONTROL MARITIMO - PROV. CONST. DEL CALLAO","MAIZ, harina",544.32,"BOLSAS","EEUU"
"131","2023",2,"PUERTO DE PISCO , ICA","MADERA, en bruto de coníferas tratada agentes de conservación
",23152.958,"UNIDADES","EEUU"
"132","2023",2,"PUERTO DE PISCO , ICA","PINO, postes de madera con algun proceso de la CRF 2",72171.582,"UNIDADES","EEUU"
"133","2023",2,"OFICINA PUESTO DE CONTROL AEREO -  PROV. CONST. DEL CALLAO","PALMA ACEITERA, semilla germinada",64,"CAJA(S)","BENIN"
"134","2023",2,"OFICINA PUESTO DE CONTROL MARITIMO - PROV. CONST. DEL CALLAO","LENTEJA, grano",47174,"SACO(S)","EEUU"
"135","2023",2,"OFICINA PUESTO DE CONTROL MARITIMO - PROV. CONST. DEL CALLAO","ALGODON, fibra sin cardar ni peinar (>22.22 mm = o <28.57 mm)",78367,"FARDOS","EEUU"
"136","2023",2,"OFICINA PUESTO DE CONTROL MARITIMO - PROV. CONST. DEL CALLAO","AVENA, grano trabajado (mondado, perlado, troceado o quebrantado)",25000,"SACO(S)","CHILE"
"137","2023",2,"OFICINA PUESTO DE CONTROL MARITIMO - PROV. CONST. DEL CALLAO","PAPRIKA, seco industrial en trozos o  rodajas",22500,"PAQUETES","CHINA"
"138","2023",2,"OFICINA PUESTO DE CONTROL MARITIMO - PROV. CONST. DEL CALLAO","PAPRIKA, seco industrial en trozos o  rodajas",22500,"PAQUETES","CHINA"
"139","2023",2,"OFICINA PUESTO DE CONTROL AEREO -  PROV. CONST. DEL CALLAO","CONTROLADOR BIOLOGICO, especímenes",0.014,"LOTE(S)","ISRAEL"
"140","2023",2,"OFICINA PUESTO DE CONTROL AEREO -  PROV. CONST. DEL CALLAO","CONTROLADOR BIOLOGICO, especímenes",0.002,"LOTE(S)","ISRAEL"
"141","2023",2,"OFICINA PUESTO DE CONTROL AEREO -  PROV. CONST. DEL CALLAO","CONTROLADOR BIOLOGICO, especímenes",0.006,"LOTE(S)","ISRAEL"
"142","2023",2,"AGUAS VERDES, TUMBES","PITAHAYA, fruto fresco",8960,"CAJA(S)","ECUADOR"
"143","2023",2,"OFICINA PUESTO DE CONTROL AEREO -  PROV. CONST. DEL CALLAO","CONTROLADOR BIOLOGICO, especímenes",0.028,"LOTE(S)","ISRAEL"
"144","2023",2,"OFICINA PUESTO DE CONTROL AEREO -  PROV. CONST. DEL CALLAO","CONTROLADOR BIOLOGICO, especimenes",0.014,"LOTE(S)","ISRAEL"
"145","2023",2,"OFICINA PUESTO DE CONTROL AEREO -  PROV. CONST. DEL CALLAO","CONTROLADOR BIOLOGICO, especimenes",0.002,"LOTE(S)","ISRAEL"
"146","2023",2,"SANTA ROSA, TACNA","CIRUELA, fruto fresco",20160,"CAJA(S)","CHILE"
"147","2023",2,"OFICINA PUESTO DE CONTROL MARITIMO - PROV. CONST. DEL CALLAO","TURBA",41155.4,"PALETAS","LETONIA"
"148","2023",2,"OFICINA PUESTO DE CONTROL MARITIMO - PROV. CONST. DEL CALLAO","TURBA",40298.4,"PALETAS","LETONIA"
"149","2023",2,"OFICINA PUESTO DE CONTROL MARITIMO - PROV. CONST. DEL CALLAO","TURBA",242621.4,"PALETAS","LETONIA"
"150","2023",2,"OFICINA PUESTO DE CONTROL MARITIMO - PROV. CONST. DEL CALLAO","TURBA",59309.6,"PALETAS","LETONIA"
"151","2023",2,"OFICINA PUESTO DE CONTROL MARITIMO - PROV. CONST. DEL CALLAO","TURBA",40292.4,"PALETAS","LETONIA"
"152","2023",2,"OFICINA PUESTO DE CONTROL MARITIMO - PROV. CONST. DEL CALLAO","COCO, fibra (para sustrato)",44100,"PALETAS","SRI LANKA"
"153","2023",2,"OFICINA PUESTO DE CONTROL MARITIMO - PROV. CONST. DEL CALLAO","AZUCAR BLANCA O REFINADA (lectura polarimetrica mayor 99.5°)",132500,"SACO(S)","GUATEMALA"
"154","2023",2,"AGUAS VERDES, TUMBES","PITAHAYA, fruto fresco",22400,"CAJA(S)","ECUADOR"
"155","2023",2,"OFICINA PUESTO DE CONTROL MARITIMO - PROV. CONST. DEL CALLAO","AZUCAR CRUDA, sólido",125000,"SACO(S)","GUATEMALA"
"156","2023",2,"PUERTO DE PAITA , PIURA","TURBA",203040,"BIG BAG","HOLANDA"
"157","2023",2,"OFICINA PUESTO DE CONTROL AEREO -  PROV. CONST. DEL CALLAO","TRUFAS (Tuber spp), frescas o refrigeradas",0.3,"CAJA(S)","ITALIA"
"158","2023",2,"OFICINA PUESTO DE CONTROL MARITIMO - PROV. CONST. DEL CALLAO","MANZANA, fruta fresca",18396,"CAJA(S)","CHINA"
"159","2023",2,"OFICINA PUESTO DE CONTROL AEREO -  PROV. CONST. DEL CALLAO","MELON, semilla",0.13109,"SACHETS","HOLANDA"
"160","2023",2,"OFICINA PUESTO DE CONTROL AEREO -  PROV. CONST. DEL CALLAO","TOMATE, semilla",0.017402,"SACHETS","HOLANDA"
"161","2023",2,"OFICINA PUESTO DE CONTROL AEREO -  PROV. CONST. DEL CALLAO","TOMATE, semilla",0.106,"SACHETS","ESPAÑA"
"162","2023",2,"OFICINA PUESTO DE CONTROL MARITIMO - PROV. CONST. DEL CALLAO","MADERA, monturas y mangos de herramientas, monturas y mangos de cepillos, brochas o escobas, de madera; hormas, ensanchadores y tensores del calzado, de madera ; con algún proceso de la CRF 2",27856,"UNIDADES","HONG KONG"
"163","2023",2,"OFICINA PUESTO DE CONTROL MARITIMO - PROV. CONST. DEL CALLAO","ARROZ, parbolizado pulido o sin cáscara",130000,"SACO(S)","BRASIL"
"164","2023",2,"OFICINA PUESTO DE CONTROL MARITIMO - PROV. CONST. DEL CALLAO","BOLDO, hoja seca al natural",3000,"BULK BAG","CHILE"
"165","2023",2,"SANTA ROSA, TACNA","SOYA, harina",129740,"SACO(S)","CHILE"
"166","2023",2,"OFICINA PUESTO DE CONTROL AEREO -  PROV. CONST. DEL CALLAO","MELON, semilla",0.97,"SACHETS","TURQUIA"
"167","2023",2,"OFICINA PUESTO DE CONTROL AEREO -  PROV. CONST. DEL CALLAO","MELON, semilla",0.264,"SACHETS","BRASIL"
"168","2023",2,"OFICINA PUESTO DE CONTROL AEREO -  PROV. CONST. DEL CALLAO","TOMATE, semilla",0.024,"SACHETS","BRASIL"
"169","2023",2,"PUERTO DE MATARANI , AREQUIPA","SOYA, torta",5006730,"GRANEL","ARGENTINA"
"170","2023",2,"OFICINA PUESTO DE CONTROL MARITIMO - PROV. CONST. DEL CALLAO","NARANJA, fruto fresco",18679,"CAJA(S)","EEUU"
"171","2023",2,"OFICINA PUESTO DE CONTROL AEREO -  PROV. CONST. DEL CALLAO","PIMIENTO, semilla",6.911,"SOBRES ALUMINIZADOS","EEUU"
"172","2023",2,"SANTA ROSA, TACNA","SOYA, torta",53890,"SACO(S)","CHILE"
"173","2023",2,"OFICINA PUESTO DE CONTROL AEREO -  PROV. CONST. DEL CALLAO","TOMATE, semilla",18.155,"SACHETS","ISRAEL"
"174","2023",2,"SANTA ROSA, TACNA","SOYA, torta",55888,"SACO(S)","CHILE"
"175","2023",2,"PUESTO DE CONTROL- CEBAF","PITAHAYA, fruto fresco",18000,"CAJA(S)","ECUADOR"
"176","2023",2,"OFICINA PUESTO DE CONTROL MARITIMO - PROV. CONST. DEL CALLAO","COCO, fibra (para sustrato)",325080,"PALETAS","INDIA"
"177","2023",2,"OFICINA PUESTO DE CONTROL MARITIMO - PROV. CONST. DEL CALLAO","NARANJA, fruto fresco",20000,"CAJA(S)","EEUU"
"178","2023",2,"AGUAS VERDES, TUMBES","PITAHAYA, fruto fresco",22000,"CAJA(S)","ECUADOR"
"179","2023",2,"SANTA ROSA, TACNA","LOS DEMAS TRACTORES, con motor de potencia superior a 18 kW pero inferior o igual a 37 kW (excepto las carretillas tractor de la partida 87.09), USADOS",1200,"UNIDADES","CHILE"
"180","2023",2,"SANTA ROSA, TACNA","DURAZNO, fruto fresco",5040,"CAJA(S)","CHILE"
"181","2023",2,"SANTA ROSA, TACNA","LOS DEMAS TRACTORES, con motor de potencia superior a 18 kW pero inferior o igual a 37 kW (excepto las carretillas tractor de la partida 87.09), USADOS",1100,"UNIDADES","CHILE"
"182","2023",2,"SANTA ROSA, TACNA","NECTARINA, fruto fresco",15120,"CAJA(S)","CHILE"
"183","2023",2,"OFICINA PUESTO DE CONTROL MARITIMO - PROV. CONST. DEL CALLAO","AZUCAR BLANCA O REFINADA (lectura polarimetrica mayor 99.5°)",132500,"SACO(S)","GUATEMALA"
"184","2023",2,"OFICINA PUESTO DE CONTROL MARITIMO - PROV. CONST. DEL CALLAO","MARCOS, madera",3201.27,"CAJA(S)","CHINA"
"185","2023",2,"OFICINA PUESTO DE CONTROL MARITIMO - PROV. CONST. DEL CALLAO","AZUCAR BLANCA O REFINADA (lectura polarimetrica mayor 99.5°)",132500,"SACO(S)","GUATEMALA"
"186","2023",2,"OFICINA PUESTO DE CONTROL MARITIMO - PROV. CONST. DEL CALLAO","ALGODON, fibra sin cardar ni peinar (>22.22 mm = o <28.57 mm)",19520,"FARDOS","EEUU"
"187","2023",2,"OFICINA PUESTO DE CONTROL MARITIMO - PROV. CONST. DEL CALLAO","MANZANA, fruto fresco",41160,"CAJA(S)","EEUU"
"188","2023",2,"SANTA ROSA, TACNA","MANZANA, fruto fresco",11760,"CAJA(S)","CHILE"
"189","2023",2,"SANTA ROSA, TACNA","PERA, fruta fresca",12096,"CAJA(S)","CHILE"
"190","2023",2,"SANTA ROSA, TACNA","NECTARINA, fruto fresco",4800,"CAJA(S)","CHILE"
"191","2023",2,"SANTA ROSA, TACNA","CIRUELA, fruto fresco",7440,"CAJA(S)","CHILE"
"192","2023",2,"SANTA ROSA, TACNA","MANZANA, fruto fresco",10080,"CAJA(S)","CHILE"
"193","2023",2,"OFICINA PUESTO DE CONTROL MARITIMO - PROV. CONST. DEL CALLAO","MARCOS, madera",3712.5,"CAJA(S)","CHINA"
"194","2023",2,"OFICINA PUESTO DE CONTROL MARITIMO - PROV. CONST. DEL CALLAO","AZUCAR BLANCA O REFINADA (lectura polarimetrica mayor 99.5°)",132500,"SACO(S)","GUATEMALA"
"195","2023",2,"OFICINA PUESTO DE CONTROL MARITIMO - PROV. CONST. DEL CALLAO","AZUCAR BLANCA O REFINADA (lectura polarimetrica mayor 99.5°)",132500,"SACO(S)","GUATEMALA"
"196","2023",2,"OFICINA PUESTO DE CONTROL MARITIMO - PROV. CONST. DEL CALLAO","AZUCAR CRUDA, sólido",125000,"SACO(S)","GUATEMALA"
"197","2023",2,"SANTA ROSA, TACNA","SOYA, torta",81000,"SACO(S)","BOLIVIA"
"198","2023",2,"OFICINA PUESTO DE CONTROL MARITIMO - PROV. CONST. DEL CALLAO","AZUCAR BLANCA O REFINADA (lectura polarimetrica mayor 99.5°)",132500,"SACO(S)","GUATEMALA"
"199","2023",2,"SANTA ROSA, TACNA","MANZANA, fruto fresco",23520,"CAJA(S)","CHILE"
"200","2023",2,"SANTA ROSA, TACNA","MANZANA, fruto fresco",23520,"CAJA(S)","CHILE"
"201","2023",2,"OFICINA PUESTO DE CONTROL MARITIMO - PROV. CONST. DEL CALLAO","AZUCAR BLANCA O REFINADA (lectura polarimetrica mayor 99.5°)",260000,"SACO(S)","COLOMBIA"
"202","2023",2,"OFICINA PUESTO DE CONTROL AEREO -  PROV. CONST. DEL CALLAO","PIMIENTO, semilla",0.472,"SACHETS","ESPAÑA"
"203","2023",2,"OFICINA PUESTO DE CONTROL MARITIMO - PROV. CONST. DEL CALLAO","ARVEJA, grano partido",90447,"SACO(S)","EEUU"
"204","2023",2,"OFICINA PUESTO DE CONTROL MARITIMO - PROV. CONST. DEL CALLAO","CAUCHO, hojas ahumadas",20160,"PALETAS","VIETNAM"
"205","2023",2,"OFICINA PUESTO DE CONTROL MARITIMO - PROV. CONST. DEL CALLAO","CAUCHO, técnicamente especificado (TSNR)",20160,"PALETAS","COSTA DE MARFIL"
"206","2023",2,"OFICINA PUESTO DE CONTROL MARITIMO - PROV. CONST. DEL CALLAO","CAUCHO, técnicamente especificado (TSNR)",40320,"PALETAS","GUATEMALA"
"207","2023",2,"PUERTO DE SALAVERRY, LA LIBERTAD","SOYA, torta",8080000,"GRANEL","CHILE"
"208","2023",2,"OFICINA PUESTO DE CONTROL MARITIMO - PROV. CONST. DEL CALLAO","TRIGO, gluten",25000,"BOLSAS","FRANCIA"
"209","2023",2,"OFICINA PUESTO DE CONTROL MARITIMO - PROV. CONST. DEL CALLAO","MADERA, monturas y mangos de herramientas, monturas y mangos de cepillos, brochas o escobas, de madera; hormas, ensanchadores y tensores del calzado, de madera ; con algún proceso de la CRF 2",25821,"BOLSAS","CHINA"
"210","2023",2,"SANTA ROSA, TACNA","NECTARINA, fruto fresco",12816,"CAJA(S)","CHILE"
"211","2023",2,"SANTA ROSA, TACNA","CIRUELA, fruto fresco",5160,"CAJA(S)","CHILE"
"212","2023",2,"SANTA ROSA, TACNA","DURAZNO, fruto fresco",1680,"CAJA(S)","CHILE"
"213","2023",2,"OFICINA PUESTO DE CONTROL MARITIMO - PROV. CONST. DEL CALLAO","ARROZ, grano pilado",25500,"SACO(S)","BRASIL"
"214","2023",2,"SANTA ROSA, TACNA","MANZANA, fruto fresco",18620,"CAJA(S)","CHILE"
"215","2023",2,"OFICINA PUESTO DE CONTROL MARITIMO - PROV. CONST. DEL CALLAO","ARROZ, parbolizado pulido o sin cáscara",25726,"SACO(S)","BRASIL"
"216","2023",2,"SANTA ROSA, TACNA","KIWI, fruto fresco",4200,"CAJA(S)","CHILE"
"217","2023",2,"OFICINA PUESTO DE CONTROL MARITIMO - PROV. CONST. DEL CALLAO","TE VERDE",6250,"CAJA(S)","CHINA"
"218","2023",2,"OFICINA PUESTO DE CONTROL MARITIMO - PROV. CONST. DEL CALLAO","BAMBU, artículos de cestería obtenidos directamente en su forma con materia trenzable con algún proceso de la CRF 2",932.846,"CAJA(S)","EL SALVADOR"
"219","2023",2,"OFICINA PUESTO DE CONTROL MARITIMO - PROV. CONST. DEL CALLAO","Los demas articulos de cesteria con algun proceso de CRF 2",231.749,"CAJA(S)","EL SALVADOR"
"220","2023",2,"OFICINA PUESTO DE CONTROL MARITIMO - PROV. CONST. DEL CALLAO","Articulos de cesteria (canastos, cestos u otros), con algun proceso de la CRF2",503.395,"CAJA(S)","EL SALVADOR"
"221","2023",2,"OFICINA PUESTO DE CONTROL MARITIMO - PROV. CONST. DEL CALLAO","Los demas articulos de cesteria con algun proceso de CRF 2",292.789,"CAJA(S)","EL SALVADOR"
"222","2023",2,"OFICINA PUESTO DE CONTROL MARITIMO - PROV. CONST. DEL CALLAO","PAPA, fécula",252000,"SACO(S)","DINAMARCA"
"223","2023",2,"AGUAS VERDES, TUMBES","CAÑA DE GUAYAQUIL, seca al natural",32000,"UNIDADES","ECUADOR"
"224","2023",2,"OFICINA PUESTO DE CONTROL MARITIMO - PROV. CONST. DEL CALLAO","MADERA, monturas y mangos de herramientas, monturas y mangos de cepillos, brochas o escobas, de madera; hormas, ensanchadores y tensores del calzado, de madera ; con algún proceso de la CRF 2",84800,"UNIDADES","CHINA"
"225","2023",2,"PUERTO DE SALAVERRY, LA LIBERTAD","SOYA, torta",3982645,"GRANEL","ARGENTINA"
"226","2023",2,"PUERTO DE SALAVERRY, LA LIBERTAD","MAIZ AMARILLO DURO, grano",14273790,"GRANEL","ARGENTINA"
"227","2023",2,"OFICINA PUESTO DE CONTROL MARITIMO - PROV. CONST. DEL CALLAO","MANZANA, fruto fresco",52920,"CAJA(S)","EEUU"
"228","2023",2,"OFICINA PUESTO DE CONTROL MARITIMO - PROV. CONST. DEL CALLAO","MANZANA, fruto fresco",70560,"CAJA(S)","EEUU"
"229","2023",2,"OFICINA PUESTO DE CONTROL MARITIMO - PROV. CONST. DEL CALLAO","NARANJA, fruto fresco",37223.28,"CAJA(S)","EEUU"
"230","2023",2,"OFICINA PUESTO DE CONTROL MARITIMO - PROV. CONST. DEL CALLAO","MADERA, paletas, paletas caja y demas plataformas para carga, collarines para paletas, con algún proceso de la CRF 2",13343.905,"UNIDADES","PUERTO RICO"
"231","2023",2,"PUERTO DE MATARANI , AREQUIPA","TRIGO, grano",20496000,"GRANEL","CANADA"
"232","2023",2,"PUERTO DE MATARANI , AREQUIPA","TRIGO, grano",5719340,"GRANEL","CANADA"
"233","2023",2,"SANTA ROSA, TACNA","CIRUELA, fruto fresco",10080,"CAJA(S)","CHILE"
"234","2023",2,"SANTA ROSA, TACNA","MANZANA, fruto fresco",11760,"CAJA(S)","CHILE"
"235","2023",2,"PUERTO DE SALAVERRY, LA LIBERTAD","SOYA, torta",1e+07,"GRANEL","CHILE"
"236","2023",2,"OFICINA PUESTO DE CONTROL AEREO -  PROV. CONST. DEL CALLAO","HONGOS Y TRUFAS, frescos, los demás",0.3,"CAJA(S)","ITALIA"
"237","2023",2,"OFICINA PUESTO DE CONTROL MARITIMO - PROV. CONST. DEL CALLAO","AZUCAR CRUDA, sólido",250000,"SACO(S)","GUATEMALA"
"238","2023",2,"AGUAS VERDES, TUMBES","CAÑA DE GUAYAQUIL, seca al natural",34000,"UNIDADES","ECUADOR"
"239","2023",2,"IÑAPARI, MADRE DE DIOS","MAIZ AMARILLO DURO, grano",30000,"SACO(S)","BRASIL"
"240","2023",2,"IÑAPARI, MADRE DE DIOS","MAIZ AMARILLO DURO, grano",32000,"SACO(S)","BRASIL"
"241","2023",2,"IÑAPARI, MADRE DE DIOS","MAIZ AMARILLO DURO, grano",30000,"SACO(S)","BRASIL"
"242","2023",2,"OFICINA PUESTO DE CONTROL MARITIMO - PROV. CONST. DEL CALLAO","PINO, madera aserrada con algún proceso de la CRF2",72229.17,"PAQUETES","CHILE"
"243","2023",2,"SANTA ROSA, TACNA","PERA, fruta fresca",5040,"CAJA(S)","CHILE"
"244","2023",2,"SANTA ROSA, TACNA","MANZANA, fruto fresco",12465.6,"CAJA(S)","CHILE"
"245","2023",2,"SANTA ROSA, TACNA","CEREZA, fruta fresca",5760,"CAJA(S)","CHILE"
"246","2023",2,"PUERTO DE PAITA , PIURA","TURBA",203040,"BIG BAG","HOLANDA"
"247","2023",2,"PUERTO DE PAITA , PIURA","TURBA",203040,"BIG BAG","HOLANDA"
"248","2023",2,"OFICINA PUESTO DE CONTROL MARITIMO - PROV. CONST. DEL CALLAO","PINO, madera aserrada con algún proceso de la CRF2",216720,"PAQUETES","CHILE"
"249","2023",2,"OFICINA PUESTO DE CONTROL MARITIMO - PROV. CONST. DEL CALLAO","CLAVO DE OLOR, entera seca al natural",10000,"CAJA(S)","MADAGASCAR"
"250","2023",2,"PUERTO DE PISCO , ICA","PINO, postes de madera con algun proceso de la CRF 2",62116,"PIEZAS","EEUU"
"251","2023",2,"AGUAS VERDES, TUMBES","PITAHAYA, fruto fresco",28500,"CAJA(S)","ECUADOR"
"252","2023",2,"PUESTO DE CONTROL- CEBAF","PITAHAYA, fruto fresco",12000,"CAJA(S)","ECUADOR"
"253","2023",2,"PUERTO DE SALAVERRY, LA LIBERTAD","MAIZ AMARILLO DURO, grano",26982670,"GRANEL","ARGENTINA"
"254","2023",2,"OFICINA PUESTO DE CONTROL MARITIMO - PROV. CONST. DEL CALLAO","MAIZ AMARILLO DURO, grano",21378510,"GRANEL","PARAGUAY EN TRANSITO POR URUGUAY"
"255","2023",2,"OFICINA PUESTO DE CONTROL AEREO -  PROV. CONST. DEL CALLAO","Los demas articulos de cesteria con algun proceso de CRF 2",55.905,"CAJA(S)","COLOMBIA"
"256","2023",2,"OFICINA PUESTO DE CONTROL MARITIMO - PROV. CONST. DEL CALLAO","MANZANA, fruto fresco",17640,"CAJA(S)","EEUU"
"257","2023",2,"OFICINA PUESTO DE CONTROL AEREO -  PROV. CONST. DEL CALLAO","TOMATE, semilla",2.37,"SACHETS","COREA DEL SUR"
"258","2023",2,"PUERTO DE PAITA , PIURA","ARVEJA, grano partido",99972,"SACO(S)","CANADA"
"259","2023",2,"OFICINA PUESTO DE CONTROL MARITIMO - PROV. CONST. DEL CALLAO","MANZANA, fruto fresco",19551,"CAJA(S)","CHILE"
"260","2023",2,"OFICINA PUESTO DE CONTROL MARITIMO - PROV. CONST. DEL CALLAO","PINO, madera aserrada con algún proceso de la CRF2",25650,"PAQUETES","CHILE"
"261","2023",2,"OFICINA PUESTO DE CONTROL AEREO -  PROV. CONST. DEL CALLAO","TOMATE, semilla",0.235,"SACHETS","HOLANDA"
"262","2023",2,"OFICINA PUESTO DE CONTROL AEREO -  PROV. CONST. DEL CALLAO","PIMIENTO, semilla",1.121981,"SACHETS","HOLANDA"
"263","2023",2,"OFICINA PUESTO DE CONTROL AEREO -  PROV. CONST. DEL CALLAO","TOMATE, semilla",0.13,"SACHETS","FRANCIA"
"264","2023",2,"OFICINA PUESTO DE CONTROL AEREO -  PROV. CONST. DEL CALLAO","TOMATE, semilla",0.129327,"SACHETS","HOLANDA"
"265","2023",2,"OFICINA PUESTO DE CONTROL MARITIMO - PROV. CONST. DEL CALLAO","PINO, madera aserrada con algún proceso de la CRF2",66280,"PAQUETES","CHILE"
"266","2023",2,"AGUAS VERDES, TUMBES","PITAHAYA, fruto fresco",21000,"CAJA(S)","ECUADOR"
"267","2023",2,"IÑAPARI, MADRE DE DIOS","NUEZ DEL BRASIL, con cáscara seca al natural",27900,"SACO(S)","BRASIL"
"268","2023",2,"AGUAS VERDES, TUMBES","PITAHAYA, fruto fresco",21120,"CAJA(S)","ECUADOR"
"269","2023",2,"OFICINA PUESTO DE CONTROL MARITIMO - PROV. CONST. DEL CALLAO","PINO, madera aserrada con algún proceso de la CRF2",178120,"PAQUETES","CHILE"
"270","2023",2,"OFICINA PUESTO DE CONTROL MARITIMO - PROV. CONST. DEL CALLAO","ARANDANO, planta",18000,"CAJA(S)","MEXICO"
"271","2023",2,"OFICINA PUESTO DE CONTROL MARITIMO - PROV. CONST. DEL CALLAO","TRACTOR USADO, con motor de potencia superior a 130KW",27680,"UNIDADES","MEXICO"
"272","2023",2,"PUESTO DE CONTROL- CEBAF","PITAHAYA, fruto fresco",21000,"CAJA(S)","ECUADOR"
"273","2023",2,"OFICINA PUESTO DE CONTROL MARITIMO - PROV. CONST. DEL CALLAO","AZUCAR CRUDA, sólido",25000,"SACO(S)","EL SALVADOR"
"274","2023",2,"SANTA ROSA, TACNA","NECTARINA, fruto fresco",20160,"CAJA(S)","CHILE"
"275","2023",2,"SANTA ROSA, TACNA","DURAZNO, fruto fresco",2880,"CAJA(S)","CHILE"
"276","2023",2,"SANTA ROSA, TACNA","MANZANA, fruto fresco",23520,"CAJA(S)","CHILE"
"277","2023",2,"OFICINA PUESTO DE CONTROL MARITIMO - PROV. CONST. DEL CALLAO","ALMENDRA, sin cáscara secado al natural",19958.4,"CAJA(S)","EEUU"
"278","2023",2,"OFICINA PUESTO DE CONTROL AEREO -  PROV. CONST. DEL CALLAO","CONTROLADOR BIOLOGICO, especímenes",0.37,"LOTE(S)","HOLANDA"
"279","2023",2,"OFICINA PUESTO DE CONTROL AEREO -  PROV. CONST. DEL CALLAO","CONTROLADOR BIOLOGICO, especimenes",0.54,"LOTE(S)","HOLANDA"
"280","2023",2,"OFICINA PUESTO DE CONTROL AEREO -  PROV. CONST. DEL CALLAO","COLECCIONES Y ESPECIMENES, para colecciones de zoología, botánica secas
",3.99,"CAJA(S)","MADAGASCAR"
"281","2023",2,"AGUAS VERDES, TUMBES","PITAHAYA, fruto fresco",10000,"CAJA(S)","ECUADOR"
"282","2023",2,"PUESTO DE CONTROL- CEBAF","PITAHAYA, fruto fresco",22000,"CAJA(S)","ECUADOR"
"283","2023",2,"SANTA ROSA, TACNA","MANZANA, fruto fresco",5880,"CAJA(S)","CHILE"
"284","2023",2,"SANTA ROSA, TACNA","PERA, fruta fresca",6048,"CAJA(S)","CHILE"
"285","2023",2,"SANTA ROSA, TACNA","NECTARINA, fruto fresco",10080,"CAJA(S)","CHILE"
"286","2023",2,"SANTA ROSA, TACNA","MANZANA, fruto fresco",22344,"CAJA(S)","CHILE"
"287","2023",2,"AGUAS VERDES, TUMBES","PITAHAYA, fruto fresco",25000,"CAJA(S)","ECUADOR"
"288","2023",2,"SANTA ROSA, TACNA","SOYA, torta",159500,"SACO(S)","BOLIVIA"
"289","2023",2,"SANTA ROSA, TACNA","SOYA, torta",132500,"SACO(S)","BOLIVIA"
"290","2023",2,"SANTA ROSA, TACNA","MANZANA, fruto fresco",23960,"CAJA(S)","CHILE"
"291","2023",2,"OFICINA PUESTO DE CONTROL MARITIMO - PROV. CONST. DEL CALLAO","AVENA, harina o polvo",2188.8,"BOLSA DE POLIETILENO","CHILE"
"292","2023",2,"OFICINA PUESTO DE CONTROL MARITIMO - PROV. CONST. DEL CALLAO","AVENA, grano aplastado o en copos (hojuelas)",2976,"BOLSA DE POLIETILENO","CHILE"
"293","2023",2,"OFICINA PUESTO DE CONTROL MARITIMO - PROV. CONST. DEL CALLAO","PINO, madera aserrada con algún proceso de la CRF2",39458.726,"PAQUETES","EEUU"
"294","2023",2,"OFICINA PUESTO DE CONTROL MARITIMO - PROV. CONST. DEL CALLAO","AZUCAR CRUDA, sólido",106000,"BOLSAS","NICARAGUA"
"295","2023",2,"OFICINA PUESTO DE CONTROL MARITIMO - PROV. CONST. DEL CALLAO","NECTARINA, fruto fresco",35588,"CAJA(S)","CHILE"
"296","2023",2,"OFICINA PUESTO DE CONTROL MARITIMO - PROV. CONST. DEL CALLAO","PERA, fruta fresca",95280,"CAJA(S)","CHILE"
"297","2023",2,"PUERTO DE PISCO , ICA","PINO, postes de madera con algun proceso de la CRF 2",36397.35,"UNIDADES","EEUU"
"298","2023",2,"PUESTO DE CONTROL- CEBAF","PITAHAYA, fruto fresco",21000,"CAJA(S)","ECUADOR"
"299","2023",2,"SANTA ROSA, TACNA","MANZANA, fruto fresco",21440,"CAJA(S)","CHILE"
"300","2023",2,"OFICINA PUESTO DE CONTROL MARITIMO - PROV. CONST. DEL CALLAO","AZUCAR BLANCA O REFINADA (lectura polarimetrica mayor 99.5°)",259777,"SACO(S)","COLOMBIA"
"301","2023",2,"OFICINA PUESTO DE CONTROL MARITIMO - PROV. CONST. DEL CALLAO","AZUCAR BLANCA O REFINADA (lectura polarimetrica mayor 99.5°)",265000,"SACO(S)","GUATEMALA"
"302","2023",2,"OFICINA PUESTO DE CONTROL MARITIMO - PROV. CONST. DEL CALLAO","AZUCAR CRUDA, sólido",125000,"SACO(S)","NICARAGUA"
"303","2023",2,"OFICINA PUESTO DE CONTROL MARITIMO - PROV. CONST. DEL CALLAO","AZUCAR CRUDA, sólido",125000,"SACO(S)","GUATEMALA"
"304","2023",2,"OFICINA PUESTO DE CONTROL MARITIMO - PROV. CONST. DEL CALLAO","AZUCAR CRUDA, sólido",125000,"SACO(S)","GUATEMALA"
"305","2023",2,"OFICINA PUESTO DE CONTROL MARITIMO - PROV. CONST. DEL CALLAO","AZUCAR BLANCA O REFINADA (lectura polarimetrica mayor 99.5°)",26500,"SACO(S)","COLOMBIA"
"306","2023",2,"OFICINA PUESTO DE CONTROL MARITIMO - PROV. CONST. DEL CALLAO","AZUCAR CRUDA, sólido",125000,"SACO(S)","GUATEMALA"
"307","2023",2,"OFICINA PUESTO DE CONTROL MARITIMO - PROV. CONST. DEL CALLAO","AZUCAR CRUDA, sólido",125000,"SACO(S)","GUATEMALA"
"308","2023",2,"OFICINA PUESTO DE CONTROL MARITIMO - PROV. CONST. DEL CALLAO","AZUCAR CRUDA, sólido",125000,"SACO(S)","GUATEMALA"
"309","2023",2,"OFICINA PUESTO DE CONTROL MARITIMO - PROV. CONST. DEL CALLAO","AZUCAR CRUDA, sólido",2e+05,"SACO(S)","GUATEMALA"
"310","2023",2,"SANTA ROSA, TACNA","Los demas pulverizadores para agricultura u horticultura usados
",940,"UNIDADES","CHILE"
"311","2023",2,"OFICINA PUESTO DE CONTROL MARITIMO - PROV. CONST. DEL CALLAO","AZUCAR BLANCA O REFINADA (lectura polarimetrica mayor 99.5°)",132500,"SACO(S)","GUATEMALA"
"312","2023",2,"OFICINA PUESTO DE CONTROL MARITIMO - PROV. CONST. DEL CALLAO","AZUCAR BLANCA O REFINADA (lectura polarimetrica mayor 99.5°)",132500,"SACO(S)","GUATEMALA"
"313","2023",2,"OFICINA PUESTO DE CONTROL MARITIMO - PROV. CONST. DEL CALLAO","AZUCAR CRUDA, sólido",2e+05,"SACO(S)","GUATEMALA"
"314","2023",2,"OFICINA PUESTO DE CONTROL MARITIMO - PROV. CONST. DEL CALLAO","AZUCAR CRUDA, sólido",250000,"SACO(S)","GUATEMALA"
"315","2023",2,"OFICINA PUESTO DE CONTROL MARITIMO - PROV. CONST. DEL CALLAO","ARROZ, grano pilado",750000,"BOLSAS","URUGUAY"
"316","2023",2,"OFICINA PUESTO DE CONTROL MARITIMO - PROV. CONST. DEL CALLAO","ARROZ, grano pilado",375000,"SACO(S)","URUGUAY"
"317","2023",2,"OFICINA PUESTO DE CONTROL MARITIMO - PROV. CONST. DEL CALLAO","ARROZ, grano pilado",250000,"SACO(S)","URUGUAY"
"318","2023",2,"SANTA ROSA, TACNA","CIRUELA, fruto fresco",20160,"CAJA(S)","CHILE"
"319","2023",2,"SANTA ROSA, TACNA","MANZANA, fruto fresco",22344,"CAJA(S)","CHILE"
"320","2023",2,"OFICINA PUESTO DE CONTROL MARITIMO - PROV. CONST. DEL CALLAO","ROTEN (=Ratán), artículos de cestería obtenidos directamente en su forma con materia trenzable con algún proceso de la CRF2",34.541,"PIEZAS","INDONESIA"
"321","2023",2,"OFICINA PUESTO DE CONTROL AEREO -  PROV. CONST. DEL CALLAO","PALMA ACEITERA, semilla germinada",187,"CAJA(S)","INDONESIA"
"322","2023",2,"OFICINA PUESTO DE CONTROL MARITIMO - PROV. CONST. DEL CALLAO","CANELA, corteza entera seca al natural",14560,"CAJA(S)","SRI LANKA"
"323","2023",2,"OFICINA PUESTO DE CONTROL MARITIMO - PROV. CONST. DEL CALLAO","MAIZ, harina",54800,"PACAS","COLOMBIA"
"324","2023",2,"SANTA ROSA, TACNA","MANZANA, fruto fresco",22491,"CAJA(S)","CHILE"
"325","2023",2,"OFICINA PUESTO DE CONTROL AEREO -  PROV. CONST. DEL CALLAO","CEBOLLA, semilla",7.59,"SACHETS","HOLANDA"
"326","2023",2,"PUESTO DE CONTROL- CEBAF","PITAHAYA, fruto fresco",22000,"CAJA(S)","ECUADOR"
"327","2023",2,"OFICINA PUESTO DE CONTROL MARITIMO - PROV. CONST. DEL CALLAO","AZUCAR CRUDA, sólido",125000,"SACO(S)","GUATEMALA"
"328","2023",2,"OFICINA PUESTO DE CONTROL MARITIMO - PROV. CONST. DEL CALLAO","AVENA, grano aplastado o en copos (hojuelas)",52000,"SACO(S)","CHILE"
"329","2023",2,"SANTA ROSA, TACNA","PERA, fruta fresca",23184,"CAJA(S)","CHILE"
"330","2023",2,"SANTA ROSA, TACNA","CIRUELA, fruto fresco",20160,"CAJA(S)","CHILE"
"331","2023",2,"SANTA ROSA, TACNA","NECTARINA, fruto fresco",19756,"CAJA(S)","CHILE"
"332","2023",2,"OFICINA PUESTO DE CONTROL MARITIMO - PROV. CONST. DEL CALLAO","MAIZ, semilla",119682.09,"BOLSAS","MEXICO"
"333","2023",2,"OFICINA PUESTO DE CONTROL MARITIMO - PROV. CONST. DEL CALLAO","Las demás máquinas para limpieza de frutos o demás productos agrícolas usadas
",53450,"CAJA(S)","CHILE"
"334","2023",2,"OFICINA PUESTO DE CONTROL MARITIMO - PROV. CONST. DEL CALLAO","CEBADA, grano",19059020,"GRANEL","ARGENTINA"
"335","2023",2,"SANTA ROSA, TACNA","MANZANA, fruto fresco",22981,"CAJA(S)","CHILE"
"336","2023",2,"OFICINA PUESTO DE CONTROL MARITIMO - PROV. CONST. DEL CALLAO","PINO, madera aserrada con algún proceso de la CRF2",77380,"PAQUETES","CHILE"
"337","2023",2,"OFICINA PUESTO DE CONTROL MARITIMO - PROV. CONST. DEL CALLAO","MAIZ, harina",90000,"SACO(S)","MEXICO"
"338","2023",2,"OFICINA PUESTO DE CONTROL MARITIMO - PROV. CONST. DEL CALLAO","AJONJOLI, grano",6000,"BOLSAS","GUATEMALA"
"339","2023",2,"OFICINA PUESTO DE CONTROL MARITIMO - PROV. CONST. DEL CALLAO","AJONJOLI, grano",30000,"BOLSAS","GUATEMALA"
"340","2023",2,"OFICINA PUESTO DE CONTROL MARITIMO - PROV. CONST. DEL CALLAO","ARANDANO, planta",25200,"CAJAS DE PLASTICO","CHILE"
"341","2023",2,"OFICINA PUESTO DE CONTROL MARITIMO - PROV. CONST. DEL CALLAO","PINO, madera aserrada con tratamiento de secado al horno impregnación de sales",75370,"PAQUETES","CHILE"
"342","2023",2,"OFICINA PUESTO DE CONTROL MARITIMO - PROV. CONST. DEL CALLAO","PINO, madera aserrada con algún proceso de la CRF2",48560,"PALETAS","CHINA"
"343","2023",2,"OFICINA PUESTO DE CONTROL MARITIMO - PROV. CONST. DEL CALLAO","PIMIENTA, molida",4000,"CAJA(S)","CHINA"
"344","2023",2,"OFICINA PUESTO DE CONTROL MARITIMO - PROV. CONST. DEL CALLAO","CANELA, triturada o pulverizada (molida)",15000,"CAJA(S)","CHINA"
"345","2023",2,"OFICINA PUESTO DE CONTROL MARITIMO - PROV. CONST. DEL CALLAO","ANIS ESTRELLA, trituradas o pulverizadas",700,"CAJA(S)","CHINA"
"346","2023",2,"OFICINA PUESTO DE CONTROL MARITIMO - PROV. CONST. DEL CALLAO","PINO, madera aserrada con algún proceso de la CRF2",41850,"PAQUETES","CHILE"
"347","2023",2,"SANTA ROSA, TACNA","SOYA, torta",80900,"SACO(S)","BOLIVIA"
"348","2023",2,"OFICINA PUESTO DE CONTROL MARITIMO - PROV. CONST. DEL CALLAO","ALGODON, fibra sin cardar ni peinar (>28.57 mm = o <34.92 mm)",19890,"FARDOS","EEUU"
"349","2023",2,"OFICINA PUESTO DE CONTROL MARITIMO - PROV. CONST. DEL CALLAO","ARROZ, grano pilado",425000,"SACO(S)","URUGUAY"
"350","2023",2,"OFICINA PUESTO DE CONTROL AEREO -  PROV. CONST. DEL CALLAO","PIMIENTO, semilla",8.774,"SACHETS","ITALIA"
"351","2023",2,"OFICINA PUESTO DE CONTROL AEREO -  PROV. CONST. DEL CALLAO","TOMATE, semilla",0.036,"SACHETS","FRANCIA"
"352","2023",2,"OFICINA PUESTO DE CONTROL MARITIMO - PROV. CONST. DEL CALLAO","PERA, fruta fresca",22680,"CAJA(S)","ARGENTINA"
"353","2023",2,"OFICINA PUESTO DE CONTROL MARITIMO - PROV. CONST. DEL CALLAO","PERA, fruta fresca",22680,"CAJA(S)","ARGENTINA"
"354","2023",2,"OFICINA PUESTO DE CONTROL MARITIMO - PROV. CONST. DEL CALLAO","PERA, fruta fresca",23814,"CAJA(S)","ARGENTINA"
"355","2023",2,"OFICINA PUESTO DE CONTROL MARITIMO - PROV. CONST. DEL CALLAO","PIMIENTA, grano seco al natural",28000,"SACO(S)","BRASIL"
"356","2023",2,"OFICINA PUESTO DE CONTROL MARITIMO - PROV. CONST. DEL CALLAO","MANI, torta",9070,"BOLSAS","EEUU"
"357","2023",2,"SANTA ROSA, TACNA","SOYA, torta",55908,"SACO(S)","CHILE"
"358","2023",2,"OFICINA PUESTO DE CONTROL AEREO -  PROV. CONST. DEL CALLAO","VAINILLA, entera seca al natural",1,"BOLSAS","AUSTRALIA"
"359","2023",2,"OFICINA PUESTO DE CONTROL MARITIMO - PROV. CONST. DEL CALLAO","YUCA (=MANDIOCA), fécula",250000,"SACO(S)","BRASIL"
"360","2023",2,"OFICINA PUESTO DE CONTROL MARITIMO - PROV. CONST. DEL CALLAO","AZUCAR DE CAÑA, solido en bruto",26500,"SACO(S)","NICARAGUA"
"361","2023",2,"OFICINA PUESTO DE CONTROL MARITIMO - PROV. CONST. DEL CALLAO","AZUCAR DE CAÑA, solido en bruto",50000,"SACO(S)","GUATEMALA"
"362","2023",2,"OFICINA PUESTO DE CONTROL MARITIMO - PROV. CONST. DEL CALLAO","PERA, fruta fresca",22680,"CAJA(S)","ARGENTINA"
"363","2023",2,"OFICINA PUESTO DE CONTROL MARITIMO - PROV. CONST. DEL CALLAO","MAIZ AMARILLO DURO, grano",8578590,"GRANEL","ARGENTINA"
"364","2023",2,"OFICINA PUESTO DE CONTROL MARITIMO - PROV. CONST. DEL CALLAO","PERA, fruta fresca",23814,"CAJA(S)","ARGENTINA"
"365","2023",2,"OFICINA PUESTO DE CONTROL MARITIMO - PROV. CONST. DEL CALLAO","PERA, fruta fresca",46620,"CAJA(S)","ARGENTINA"
"366","2023",2,"OFICINA PUESTO DE CONTROL AEREO -  PROV. CONST. DEL CALLAO","PAPAYA, semilla",10.04,"BOLSAS","TAIWAN"
"367","2023",2,"OFICINA PUESTO DE CONTROL AEREO -  PROV. CONST. DEL CALLAO","PIMIENTO, semilla",18.15,"SACHETS","BRASIL"
"368","2023",2,"OFICINA PUESTO DE CONTROL AEREO -  PROV. CONST. DEL CALLAO","MAIZ, semilla",1426.09,"BOLSAS","MEXICO"
"369","2023",2,"SANTA ROSA, TACNA","SOYA, torta",161000,"SACO(S)","BOLIVIA"
"370","2023",2,"OFICINA PUESTO DE CONTROL MARITIMO - PROV. CONST. DEL CALLAO","AZUCAR BLANCA O REFINADA (lectura polarimetrica mayor 99.5°)",264979,"SACO(S)","GUATEMALA"
"371","2023",2,"OFICINA PUESTO DE CONTROL MARITIMO - PROV. CONST. DEL CALLAO","CAUCHO, técnicamente especificado (TSNR)",20160,"PALETAS","GUATEMALA"
"372","2023",2,"OFICINA PUESTO DE CONTROL MARITIMO - PROV. CONST. DEL CALLAO","AZUCAR BLANCA O REFINADA (lectura polarimetrica mayor 99.5°)",318000,"SACO(S)","GUATEMALA"
"373","2023",2,"OFICINA PUESTO DE CONTROL MARITIMO - PROV. CONST. DEL CALLAO","AZUCAR BLANCA O REFINADA (lectura polarimetrica mayor 99.5°)",159000,"SACO(S)","GUATEMALA"
"374","2023",2,"OFICINA PUESTO DE CONTROL MARITIMO - PROV. CONST. DEL CALLAO","AZUCAR BLANCA O REFINADA (lectura polarimetrica mayor 99.5°)",132500,"SACO(S)","GUATEMALA"
"375","2023",2,"OFICINA PUESTO DE CONTROL MARITIMO - PROV. CONST. DEL CALLAO","AZUCAR CRUDA, sólido",125000,"SACO(S)","GUATEMALA"
"376","2023",2,"OFICINA PUESTO DE CONTROL MARITIMO - PROV. CONST. DEL CALLAO","AZUCAR CRUDA, sólido",125000,"SACO(S)","GUATEMALA"
"377","2023",2,"OFICINA PUESTO DE CONTROL MARITIMO - PROV. CONST. DEL CALLAO","AZUCAR CRUDA, sólido",125000,"BOLSAS","GUATEMALA"
"378","2023",2,"OFICINA PUESTO DE CONTROL MARITIMO - PROV. CONST. DEL CALLAO","ARROZ, grano pilado",75000,"SACO(S)","URUGUAY"
"379","2023",2,"OFICINA PUESTO DE CONTROL AEREO -  PROV. CONST. DEL CALLAO","MADERA, harina",21.94,"BOLSAS",NA
"380","2023",2,"IÑAPARI, MADRE DE DIOS","SOYA, torta",32200,"SACO(S)","BRASIL"
"381","2023",2,"AGUAS VERDES, TUMBES","CAÑA DE GUAYAQUIL, seca al natural",32000,"UNIDADES","ECUADOR"
"382","2023",2,"AGUAS VERDES, TUMBES","CAÑA DE GUAYAQUIL, seca al natural",34000,"UNIDADES","ECUADOR"
"383","2023",2,"AGUAS VERDES, TUMBES","PITAHAYA, fruto fresco",24000,"CAJA(S)","ECUADOR"
"384","2023",2,"SANTA ROSA, TACNA","SOYA, torta",53868,"SACO(S)","CHILE"
"385","2023",2,"OFICINA PUESTO DE CONTROL MARITIMO - PROV. CONST. DEL CALLAO","PINO, madera aserrada con algún proceso de la CRF2",259220,"PAQUETES","CHILE"
"386","2023",2,"OFICINA PUESTO DE CONTROL MARITIMO - PROV. CONST. DEL CALLAO","Articulos de cesteria (canastos, cestos u otros), con algun proceso de la CRF2",376,"UNIDADES","CHINA"
"387","2023",2,"AGUAS VERDES, TUMBES","CAÑA DE GUAYAQUIL, seca al natural",32000,"UNIDADES","ECUADOR"
"388","2023",2,"SANTA ROSA, TACNA","SOYA, torta",162500,"SACO(S)","BOLIVIA"
"389","2023",2,"AGUAS VERDES, TUMBES","ROSA, flores frescas cortadas",3000,"CAJA(S)","ECUADOR"
"390","2023",2,"AGUAS VERDES, TUMBES","CLAVEL, flores frescas cortadas",1000,"CAJA(S)","ECUADOR"
"391","2023",2,"OFICINA PUESTO DE CONTROL MARITIMO - PROV. CONST. DEL CALLAO","ARROZ, grano pilado",375000,"SACO(S)","URUGUAY"
"392","2023",2,"OFICINA PUESTO DE CONTROL AEREO -  PROV. CONST. DEL CALLAO","ALCACHOFA, semilla",0.2,"SACHETS","EEUU"
"393","2023",2,"PUERTO DE MATARANI , AREQUIPA","TRACTOR USADO, con motor de potencia superior a 33 kW pero inferior o igual a 75 kW",8976,"UNIDADES","CHINA"
"394","2023",2,"PUERTO DE PAITA , PIURA","MAIZ AMARILLO DURO, grano",7322100,"GRANEL","ARGENTINA"
"395","2023",2,"PUERTO DE PAITA , PIURA","SOYA, torta",2608820,"GRANEL","ARGENTINA"
"396","2023",2,"OFICINA PUESTO DE CONTROL MARITIMO - PROV. CONST. DEL CALLAO","TURBA",21630,"FARDOS","LETONIA"
"397","2023",2,"OFICINA PUESTO DE CONTROL MARITIMO - PROV. CONST. DEL CALLAO","PINO, madera aserrada con algún proceso de la CRF2",334190,"PAQUETES","CHILE"
"398","2023",2,"OFICINA PUESTO DE CONTROL AEREO -  PROV. CONST. DEL CALLAO","ROSA, flores frescas cortadas",325,"CAJA(S)","ECUADOR"
"399","2023",2,"OFICINA PUESTO DE CONTROL MARITIMO - PROV. CONST. DEL CALLAO","MAIZ, almidon",19250,"BOLSAS","BRASIL"
"400","2023",2,"OFICINA PUESTO DE CONTROL MARITIMO - PROV. CONST. DEL CALLAO","PITAHAYA, fruto fresco",21420,"CAJA(S)","ECUADOR"
"401","2023",2,"SANTA ROSA, TACNA","COCO, rallado",20375,"SACO(S)","INDONESIA"
"402","2023",2,"AGUAS VERDES, TUMBES","CAÑA DE GUAYAQUIL, seca al natural",26500,"UNIDADES","ECUADOR"
"403","2023",2,"OFICINA PUESTO DE CONTROL MARITIMO - PROV. CONST. DEL CALLAO","CIRUELA, fruto fresco",2880,"CAJA(S)","CHILE"
"404","2023",2,"OFICINA PUESTO DE CONTROL MARITIMO - PROV. CONST. DEL CALLAO","ALGODON, fibra sin cardar ni peinar (>22.22 mm = o <28.57 mm)",337750,"FARDOS","EEUU"
"405","2023",2,"OFICINA PUESTO DE CONTROL MARITIMO - PROV. CONST. DEL CALLAO","NECTARINA, fruto fresco",13320,"CAJA(S)","CHILE"
"406","2023",2,"OFICINA PUESTO DE CONTROL MARITIMO - PROV. CONST. DEL CALLAO","PERA, fruta fresca",23040,"CAJA(S)","CHILE"
"407","2023",2,"AGUAS VERDES, TUMBES","ROSA, flores frescas cortadas",2624,"CAJA(S)","ECUADOR"
"408","2023",2,"AGUAS VERDES, TUMBES","CLAVEL, flores frescas cortadas",227,"CAJA(S)","ECUADOR"
"409","2023",2,"AGUAS VERDES, TUMBES","LILIUM (=AZUCENA), flores frescas cortadas",1408,"CAJA(S)","ECUADOR"
"410","2023",2,"OFICINA PUESTO DE CONTROL MARITIMO - PROV. CONST. DEL CALLAO","PINO, madera aserrada con tratamiento de secado al horno impregnación de sales",18440,"PAQUETES","CHILE"
"411","2023",2,"OFICINA PUESTO DE CONTROL MARITIMO - PROV. CONST. DEL CALLAO","PINO, madera aserrada, con tratamiento de secado al horno o impregnación de sales",21029,"PAQUETES","EEUU"
"412","2023",2,"PUERTO DE PAITA , PIURA","CANELA, corteza entera seca al natural",14560,"CAJA(S)","SRI LANKA"
"413","2023",2,"SANTA ROSA, TACNA","SOYA, torta",27933,"SACO(S)","CHILE"
"414","2023",2,"OFICINA PUESTO DE CONTROL MARITIMO - PROV. CONST. DEL CALLAO","MAIZ, almidon",26400,"CAJA(S)","COLOMBIA"
"415","2023",2,"OFICINA PUESTO DE CONTROL AEREO -  PROV. CONST. DEL CALLAO","RESIDUO DE DESTILERIA",180.8,"PALETAS","EEUU"
"416","2023",2,"OFICINA PUESTO DE CONTROL AEREO -  PROV. CONST. DEL CALLAO","RESIDUO DE DESTILERIA",279,"PALETAS","EEUU"
"417","2023",2,"OFICINA PUESTO DE CONTROL MARITIMO - PROV. CONST. DEL CALLAO","AZUCAR CRUDA, sólido",250000,"SACO(S)","GUATEMALA"
"418","2023",2,"OFICINA PUESTO DE CONTROL MARITIMO - PROV. CONST. DEL CALLAO","TE VERDE",90,"CAJA(S)","TAIWAN"
"419","2023",2,"OFICINA PUESTO DE CONTROL MARITIMO - PROV. CONST. DEL CALLAO","YUCA (=MANDIOCA), fécula",4000,"CAJA(S)","TAIWAN"
"420","2023",2,"OFICINA PUESTO DE CONTROL MARITIMO - PROV. CONST. DEL CALLAO","ALGODON, fibra sin cardar ni peinar (>34.92 mm)",38330,"FARDOS","EEUU"
"421","2023",2,"OFICINA PUESTO DE CONTROL MARITIMO - PROV. CONST. DEL CALLAO","PAPA, fécula",252000,"SACO(S)","DINAMARCA"
"422","2023",2,"OFICINA PUESTO DE CONTROL MARITIMO - PROV. CONST. DEL CALLAO","ARVEJA, grano entero",91988,"SACO(S)","CANADA"
"423","2023",2,"OFICINA PUESTO DE CONTROL MARITIMO - PROV. CONST. DEL CALLAO","LENTEJA, grano",25991,"SACO(S)","CANADA"
"424","2023",2,"OFICINA PUESTO DE CONTROL MARITIMO - PROV. CONST. DEL CALLAO","TRIGO, grano",9350140,"GRANEL","ARGENTINA"
"425","2023",2,"OFICINA PUESTO DE CONTROL AEREO -  PROV. CONST. DEL CALLAO","CALABAZA MOSCADA, semilla",0.7,"SACHETS","JAPON"
"426","2023",2,"OFICINA PUESTO DE CONTROL AEREO -  PROV. CONST. DEL CALLAO","ZAPALLO (CALABAZA AMARILLA), semilla",8.41,"SACHETS","JAPON"
"427","2023",2,"OFICINA PUESTO DE CONTROL AEREO -  PROV. CONST. DEL CALLAO","TOMATE, semilla",0.007,"SACHETS","HOLANDA"
"428","2023",2,"OFICINA PUESTO DE CONTROL AEREO -  PROV. CONST. DEL CALLAO","TOMATE, semilla",0.042,"SACHETS","HOLANDA"
"429","2023",2,"OFICINA PUESTO DE CONTROL AEREO -  PROV. CONST. DEL CALLAO","BROCOLI, semilla",52.3,"SOBRES ALUMINIZADOS","BRASIL"
"430","2023",2,"OFICINA PUESTO DE CONTROL AEREO -  PROV. CONST. DEL CALLAO","PEPINILLO, semilla",65,"SOBRES ALUMINIZADOS","BRASIL"
"431","2023",2,"OFICINA PUESTO DE CONTROL AEREO -  PROV. CONST. DEL CALLAO","TOMATE, semilla",0.1,"SACHETS","EEUU"
"432","2023",2,"OFICINA PUESTO DE CONTROL AEREO -  PROV. CONST. DEL CALLAO","TOMATE, semilla",0.2,"SACHETS","EEUU"
"433","2023",2,"OFICINA PUESTO DE CONTROL MARITIMO - PROV. CONST. DEL CALLAO","MANZANA, fruto fresco",56378,"CAJA(S)","EEUU"
"434","2023",2,"OFICINA PUESTO DE CONTROL MARITIMO - PROV. CONST. DEL CALLAO","MADERA, encofrados para hormigon, de madera con algún proceso de la CRF2
",43610,"PAQUETES","AUSTRIA"
"435","2023",2,"OFICINA PUESTO DE CONTROL MARITIMO - PROV. CONST. DEL CALLAO","CANELA, corteza entera seca al natural",14560,"CAJA(S)","SRI LANKA"
"436","2023",2,"OFICINA PUESTO DE CONTROL MARITIMO - PROV. CONST. DEL CALLAO","CANELA, corteza entera seca al natural",14560,"CAJA(S)","SRI LANKA"
"437","2023",2,"AGUAS VERDES, TUMBES","PITAHAYA, fruto fresco",21300,"CAJA(S)","ECUADOR"
"438","2023",2,"AGUAS VERDES, TUMBES","PAJA MACORA, paja seca al natural",2150,"FARDOS","ECUADOR"
"439","2023",2,"PUESTO DE CONTROL- CEBAF","PITAHAYA, fruto fresco",10000,"CAJA(S)","ECUADOR"
"440","2023",2,"OFICINA PUESTO DE CONTROL MARITIMO - PROV. CONST. DEL CALLAO","AVENA, grano aplastado o en copos (hojuelas)",78000,"SACO(S)","CHILE"
"441","2023",2,"OFICINA PUESTO DE CONTROL MARITIMO - PROV. CONST. DEL CALLAO","ARVEJA, grano partido",25991,"SACO(S)","CANADA"
"442","2023",2,"OFICINA PUESTO DE CONTROL MARITIMO - PROV. CONST. DEL CALLAO","LENTEJA, grano",130275,"SACO(S)","CANADA"
"443","2023",2,"OFICINA PUESTO DE CONTROL MARITIMO - PROV. CONST. DEL CALLAO","TRIGO, grano",13069560,"GRANEL","CANADA"
"444","2023",2,"OFICINA PUESTO DE CONTROL AEREO -  PROV. CONST. DEL CALLAO","PEPINILLO, semilla",0.71,"SACHETS","EEUU"
"445","2023",2,"OFICINA PUESTO DE CONTROL AEREO -  PROV. CONST. DEL CALLAO","PEPINILLO, semilla",2.996,"BOLSAS","EEUU"
"446","2023",2,"OFICINA PUESTO DE CONTROL MARITIMO - PROV. CONST. DEL CALLAO","CANELA, corteza entera seca al natural",12500,"SACO(S)","SRI LANKA"
"447","2023",2,"OFICINA PUESTO DE CONTROL MARITIMO - PROV. CONST. DEL CALLAO","YUCA (=MANDIOCA), fécula",50000,"SACO(S)","TAILANDIA"
"448","2023",2,"OFICINA PUESTO DE CONTROL MARITIMO - PROV. CONST. DEL CALLAO","RYEGRASS INGLES, semilla",25000,"SACO(S)","NUEVA ZELANDIA"
"449","2023",2,"OFICINA PUESTO DE CONTROL MARITIMO - PROV. CONST. DEL CALLAO","LOS DEMAS TRACTORES USADOS, con motor de potencia inferior o igual a 18 kW (excepto las carretillas tractor de la partida 87.09)",11190.653,"UNIDADES","JAPON"
"450","2023",2,"OFICINA PUESTO DE CONTROL MARITIMO - PROV. CONST. DEL CALLAO","AVENA, harina o polvo",40,"SACO(S)","ESPAÑA"
"451","2023",2,"OFICINA PUESTO DE CONTROL MARITIMO - PROV. CONST. DEL CALLAO","MAIZ, semilla",35550,"BOLSAS","TAILANDIA"
"452","2023",2,"OFICINA PUESTO DE CONTROL MARITIMO - PROV. CONST. DEL CALLAO","AZUCAR BLANCA O REFINADA (lectura polarimetrica mayor 99.5°)",106000,"BOLSAS","GUATEMALA"
"453","2023",2,"OFICINA PUESTO DE CONTROL MARITIMO - PROV. CONST. DEL CALLAO","GIRASOL, grano",46000,"SACO(S)","ARGENTINA"
"454","2023",2,"OFICINA PUESTO DE CONTROL MARITIMO - PROV. CONST. DEL CALLAO","AVELLANA, sin cascara seca industrial",5000,"CAJA(S)","TURQUIA"
"455","2023",2,"OFICINA PUESTO DE CONTROL MARITIMO - PROV. CONST. DEL CALLAO","CEREZA, fruta seca industrial",10037.5,"CAJA(S)","TURQUIA"
"456","2023",2,"OFICINA PUESTO DE CONTROL MARITIMO - PROV. CONST. DEL CALLAO","LENTEJA, grano",52618,"SACO(S)","CANADA"
"457","2023",2,"OFICINA PUESTO DE CONTROL AEREO -  PROV. CONST. DEL CALLAO","TULIPAN, flores frescas cortadas",942,"CAJA(S)","HOLANDA"
"458","2023",2,"OFICINA PUESTO DE CONTROL MARITIMO - PROV. CONST. DEL CALLAO","AZUCAR BLANCA O REFINADA (lectura polarimetrica mayor 99.5°)",132500,"SACO(S)","COLOMBIA"
"459","2023",2,"OFICINA PUESTO DE CONTROL MARITIMO - PROV. CONST. DEL CALLAO","AZUCAR BLANCA O REFINADA (lectura polarimetrica mayor 99.5°)",265000,"SACO(S)","COLOMBIA"
"460","2023",2,"OFICINA PUESTO DE CONTROL AEREO -  PROV. CONST. DEL CALLAO","PEPINILLO, semilla",0.345,"SACHETS","HOLANDA"
"461","2023",2,"OFICINA PUESTO DE CONTROL AEREO -  PROV. CONST. DEL CALLAO","PEPINILLO, semilla",0.98,"SACHETS","ESPAÑA"
"462","2023",2,"OFICINA PUESTO DE CONTROL MARITIMO - PROV. CONST. DEL CALLAO","MAIZ, semilla",11415,"SACO(S)","TAILANDIA"
"463","2023",2,"OFICINA PUESTO DE CONTROL AEREO -  PROV. CONST. DEL CALLAO","ARANDANO, planta",300,"CAJA(S)","EEUU"
"464","2023",2,"OFICINA PUESTO DE CONTROL AEREO -  PROV. CONST. DEL CALLAO","ARANDANO, planta",2500,"CAJA(S)","EEUU"
"465","2023",2,"AGUAS VERDES, TUMBES","PITAHAYA, fruto fresco",11500,"CAJA(S)","ECUADOR"
"466","2023",2,"AGUAS VERDES, TUMBES","PITAHAYA, fruto fresco",30000,"CAJA(S)","ECUADOR"
"467","2023",2,"OFICINA PUESTO DE CONTROL MARITIMO - PROV. CONST. DEL CALLAO","MANZANA, fruta fresca",18396,"CAJA(S)","CHINA"
"468","2023",2,"OFICINA PUESTO DE CONTROL MARITIMO - PROV. CONST. DEL CALLAO","TRIGO, grano",42132840,"GRANEL","CANADA"
"469","2023",2,"OFICINA PUESTO DE CONTROL AEREO -  PROV. CONST. DEL CALLAO","ARROZ, semilla",20,"BOLSAS","BRASIL"
"470","2023",2,"OFICINA PUESTO DE CONTROL MARITIMO - PROV. CONST. DEL CALLAO","TRIGO, grano",23045590,"GRANEL","ARGENTINA"
"471","2023",2,"SANTA ROSA, TACNA","CIRUELA, fruto fresco",840,"CAJAS DE PLASTICO","CHILE"
"472","2023",2,"SANTA ROSA, TACNA","MANZANA, fruto fresco",5635,"CAJA(S)","CHILE"
"473","2023",2,"SANTA ROSA, TACNA","NECTARINA, fruto fresco",14280,"CAJAS DE PLASTICO","CHILE"
"474","2023",2,"AGUAS VERDES, TUMBES","ROSA, flores frescas cortadas",2556,"CAJA(S)","ECUADOR"
"475","2023",2,"AGUAS VERDES, TUMBES","CLAVEL, flores frescas cortadas",175,"CAJA(S)","ECUADOR"
"476","2023",2,"AGUAS VERDES, TUMBES","ROSA, flores frescas cortadas",6000,"CAJA(S)","ECUADOR"
"477","2023",2,"AGUAS VERDES, TUMBES","CLAVEL, flores frescas cortadas",1000,"CAJA(S)","ECUADOR"
"478","2023",2,"AGUAS VERDES, TUMBES","CAÑA DE GUAYAQUIL, seca al natural",34000,"UNIDADES","ECUADOR"
"479","2023",2,"OFICINA PUESTO DE CONTROL MARITIMO - PROV. CONST. DEL CALLAO","AZUCAR CRUDA, sólido",150000,"SACO(S)","GUATEMALA"
"480","2023",2,"OFICINA PUESTO DE CONTROL AEREO -  PROV. CONST. DEL CALLAO","PEPINILLO, semilla",5.03,"SACHETS","ESPAÑA"
"481","2023",2,"IÑAPARI, MADRE DE DIOS","MAIZ AMARILLO DURO, grano",32000,"SACO(S)","BRASIL"
"482","2023",2,"OFICINA PUESTO DE CONTROL AEREO -  PROV. CONST. DEL CALLAO","LECHUGA, semilla",20,"LATAS","FRANCIA"
"483","2023",2,"OFICINA PUESTO DE CONTROL AEREO -  PROV. CONST. DEL CALLAO","PIMIENTO, semilla",1.44,"SACHETS","FRANCIA"
"484","2023",2,"SANTA ROSA, TACNA","Los demas pulverizadores para agricultura u horticultura usados
",746,"UNIDADES","CHILE"
"485","2023",2,"OFICINA PUESTO DE CONTROL MARITIMO - PROV. CONST. DEL CALLAO","ANIS O BADIANA, grano",26000,"SACO(S)","ESPAÑA"
"486","2023",2,"AGUAS VERDES, TUMBES","CAÑA DE GUAYAQUIL, seca al natural",34000,"UNIDADES","ECUADOR"
"487","2023",2,"OFICINA PUESTO DE CONTROL MARITIMO - PROV. CONST. DEL CALLAO","NECTARINA, fruto fresco",10800,"CAJA(S)","CHILE"
"488","2023",2,"OFICINA PUESTO DE CONTROL MARITIMO - PROV. CONST. DEL CALLAO","MANZANA, fruto fresco",9447,"CAJA(S)","CHILE"
"489","2023",2,"OFICINA PUESTO DE CONTROL MARITIMO - PROV. CONST. DEL CALLAO","ALGODON, fibra sin cardar ni peinar (>28.57 mm = o <34.92 mm)",138680,"FARDOS","EEUU"
"490","2023",2,"AGUAS VERDES, TUMBES","PITAHAYA, fruto fresco",44000,"CAJA(S)","ECUADOR"
"491","2023",2,"OFICINA PUESTO DE CONTROL MARITIMO - PROV. CONST. DEL CALLAO","ALGODON, fibra sin cardar ni peinar (>28.57 mm = o <34.92 mm)",40230,"FARDOS","EEUU"
"492","2023",2,"OFICINA PUESTO DE CONTROL MARITIMO - PROV. CONST. DEL CALLAO","ZANAHORIA, semilla",1000,"LATAS","ITALIA"
"493","2023",2,"OFICINA PUESTO DE CONTROL MARITIMO - PROV. CONST. DEL CALLAO","LAVANDULA, semilla",3,"LATAS","ITALIA"
"494","2023",2,"OFICINA PUESTO DE CONTROL MARITIMO - PROV. CONST. DEL CALLAO","BROCOLI, semilla",100,"LATAS","ITALIA"
"495","2023",2,"OFICINA PUESTO DE CONTROL MARITIMO - PROV. CONST. DEL CALLAO","COL CHINA, semilla",50,"LATAS","ITALIA"
"496","2023",2,"OFICINA PUESTO DE CONTROL MARITIMO - PROV. CONST. DEL CALLAO","COL RIZADA, semilla",5,"LATAS","ITALIA"
"497","2023",2,"OFICINA PUESTO DE CONTROL MARITIMO - PROV. CONST. DEL CALLAO","COL, semilla",150,"LATAS","ITALIA"
"498","2023",2,"OFICINA PUESTO DE CONTROL MARITIMO - PROV. CONST. DEL CALLAO","COLIFLOR, semilla",150,"LATAS","ITALIA"
"499","2023",2,"OFICINA PUESTO DE CONTROL MARITIMO - PROV. CONST. DEL CALLAO","LECHUGA, semilla",300,"LATAS","ITALIA"
"500","2023",2,"OFICINA PUESTO DE CONTROL MARITIMO - PROV. CONST. DEL CALLAO","ACELGA, semilla",5,"LATAS","ITALIA"
"501","2023",2,"OFICINA PUESTO DE CONTROL MARITIMO - PROV. CONST. DEL CALLAO","ALCACHOFA, semilla",50,"LATAS","ITALIA"
"502","2023",2,"OFICINA PUESTO DE CONTROL MARITIMO - PROV. CONST. DEL CALLAO","APIO, semilla",100,"LATAS","ITALIA"
"503","2023",2,"OFICINA PUESTO DE CONTROL MARITIMO - PROV. CONST. DEL CALLAO","ARUGULA, semilla",7,"LATAS","ITALIA"
"504","2023",2,"OFICINA PUESTO DE CONTROL MARITIMO - PROV. CONST. DEL CALLAO","BERRO, semilla",3,"LATAS","ITALIA"
"505","2023",2,"OFICINA PUESTO DE CONTROL MARITIMO - PROV. CONST. DEL CALLAO","ESPINACA, semilla",250,"LATAS","ITALIA"
"506","2023",2,"OFICINA PUESTO DE CONTROL MARITIMO - PROV. CONST. DEL CALLAO","MENTA, semilla",3,"LATAS","ITALIA"
"507","2023",2,"OFICINA PUESTO DE CONTROL MARITIMO - PROV. CONST. DEL CALLAO","RUDA, semilla",5,"LATAS","ITALIA"
"508","2023",2,"OFICINA PUESTO DE CONTROL MARITIMO - PROV. CONST. DEL CALLAO","ZAPALLITO ITALIANO (CALABACIN), semilla",100,"LATAS","ITALIA"
"509","2023",2,"OFICINA PUESTO DE CONTROL MARITIMO - PROV. CONST. DEL CALLAO","ALBAHACA, semilla",50,"LATAS","ITALIA"
"510","2023",2,"OFICINA PUESTO DE CONTROL MARITIMO - PROV. CONST. DEL CALLAO","MANZANILLA, semilla",5,"LATAS","ITALIA"
"511","2023",2,"OFICINA PUESTO DE CONTROL MARITIMO - PROV. CONST. DEL CALLAO","OREGANO, semilla",5,"LATAS","ITALIA"
"512","2023",2,"OFICINA PUESTO DE CONTROL MARITIMO - PROV. CONST. DEL CALLAO","TORONJIL, semilla",3,"LATAS","ITALIA"
"513","2023",2,"OFICINA PUESTO DE CONTROL MARITIMO - PROV. CONST. DEL CALLAO","TOMATE, semilla",100,"LATAS","ITALIA"
"514","2023",2,"OFICINA PUESTO DE CONTROL MARITIMO - PROV. CONST. DEL CALLAO","PIMIENTO, semilla",3,"LATAS","ITALIA"
"515","2023",2,"AGUAS VERDES, TUMBES","ROSA, flores frescas cortadas",4981,"CAJA(S)","ECUADOR"
"516","2023",2,"AGUAS VERDES, TUMBES","CRISANTEMO, flores frescas cortadas",455,"CAJA(S)","ECUADOR"
"517","2023",2,"AGUAS VERDES, TUMBES","LILIUM (=AZUCENA), flores frescas cortadas",952,"CAJA(S)","ECUADOR"
"518","2023",2,"OFICINA PUESTO DE CONTROL MARITIMO - PROV. CONST. DEL CALLAO","TRIGO, grano",7691520,"GRANEL","CANADA"
"519","2023",2,"OFICINA PUESTO DE CONTROL MARITIMO - PROV. CONST. DEL CALLAO","TRIGO, grano",999950,"GRANEL","CANADA"
"520","2023",2,"OFICINA PUESTO DE CONTROL MARITIMO - PROV. CONST. DEL CALLAO","ALGODON, fibra sin cardar ni peinar (>22.22 mm = o <28.57 mm)",197950,"FARDOS","EEUU"
"521","2023",2,"SANTA ROSA, TACNA","SOYA, harina",104000,"SACO(S)","BOLIVIA"
"522","2023",2,"AGUAS VERDES, TUMBES","PITAHAYA, fruto fresco",44000,"CAJA(S)","ECUADOR"
"523","2023",2,"OFICINA PUESTO DE CONTROL MARITIMO - PROV. CONST. DEL CALLAO","ALGODON, fibra sin cardar ni peinar (>22.22 mm = o <28.57 mm)",59760,"FARDOS","EEUU"
"524","2023",2,"OFICINA PUESTO DE CONTROL MARITIMO - PROV. CONST. DEL CALLAO","PIMIENTA, grano seco al natural",54000,"SACO(S)","BRASIL"
"525","2023",2,"OFICINA PUESTO DE CONTROL MARITIMO - PROV. CONST. DEL CALLAO","CANELA, corteza entera seca al natural",15000,"CAJA(S)","SRI LANKA"
"526","2023",2,"OFICINA PUESTO DE CONTROL MARITIMO - PROV. CONST. DEL CALLAO","ARVEJA, grano partido",71985,"SACO(S)","EEUU"
"527","2023",2,"OFICINA PUESTO DE CONTROL MARITIMO - PROV. CONST. DEL CALLAO","MADERA, cajas con algún proceso de la CRF 2",3,"CAJA(S)","CHINA"
"528","2023",2,"OFICINA PUESTO DE CONTROL MARITIMO - PROV. CONST. DEL CALLAO","PERA, fruta fresca",23040,"CAJA(S)","CHILE"
"529","2023",2,"OFICINA PUESTO DE CONTROL MARITIMO - PROV. CONST. DEL CALLAO","AZUCAR CRUDA, sólido",250000,"SACO(S)","NICARAGUA"
"530","2023",2,"OFICINA PUESTO DE CONTROL MARITIMO - PROV. CONST. DEL CALLAO","MADERA, cajas con algún proceso de la CRF 2",24440,"UNIDADES","CHILE"
"531","2023",2,"PUERTO DE PAITA , PIURA","NARANJA, fruto fresco",18000,"CAJA(S)","EEUU"
"532","2023",2,"OFICINA PUESTO DE CONTROL MARITIMO - PROV. CONST. DEL CALLAO","MADERA, cajas con algún proceso de la CRF 2",18100,"UNIDADES","CHILE"
"533","2023",2,"OFICINA PUESTO DE CONTROL MARITIMO - PROV. CONST. DEL CALLAO","AZUCAR BLANCA O REFINADA (lectura polarimetrica mayor 99.5°)",103950,"SACO(S)","GUATEMALA"
"534","2023",2,"PUESTO DE CONTROL- CEBAF","SACHA INCHI, grano",4110,"SACO(S)","ECUADOR"
"535","2023",2,"OFICINA PUESTO DE CONTROL MARITIMO - PROV. CONST. DEL CALLAO","MAIZ, harina",109420,"SACO(S)","COLOMBIA"
"536","2023",2,"OFICINA PUESTO DE CONTROL MARITIMO - PROV. CONST. DEL CALLAO","MAIZ, harina",84000,"PACAS","COLOMBIA"
"537","2023",2,"OFICINA PUESTO DE CONTROL MARITIMO - PROV. CONST. DEL CALLAO","AZUCAR CRUDA, sólido",132500,"SACO(S)","NICARAGUA"
"538","2023",2,"OFICINA PUESTO DE CONTROL MARITIMO - PROV. CONST. DEL CALLAO","Articulos de cesteria (canastos, cestos u otros), con algun proceso de la CRF2",2612.691,"PIEZAS","CHINA"
"539","2023",2,"OFICINA PUESTO DE CONTROL MARITIMO - PROV. CONST. DEL CALLAO","ALMENDRA, sin cáscara secado al natural",16329.325,"CAJA(S)","EEUU"
"540","2023",2,"OFICINA PUESTO DE CONTROL MARITIMO - PROV. CONST. DEL CALLAO","MARCOS, madera",1441.578,"PIEZAS","CHINA"
"541","2023",2,"OFICINA PUESTO DE CONTROL MARITIMO - PROV. CONST. DEL CALLAO","MARCOS, madera",7031.438,"PIEZAS","CHINA"
"542","2023",2,"SANTA ROSA, TACNA","DURAZNO, fruto fresco",9600,"CAJA(S)","CHILE"
"543","2023",2,"SANTA ROSA, TACNA","NECTARINA, fruto fresco",13440,"CAJA(S)","CHILE"
"544","2023",2,"OFICINA PUESTO DE CONTROL AEREO -  PROV. CONST. DEL CALLAO","PALO SANTO, corteza seca al natural",100,"CAJA(S)","CHINA"
"545","2023",2,"SANTA ROSA, TACNA","MANZANA, fruto fresco",23520,"CAJA(S)","CHILE"
"546","2023",2,"OFICINA PUESTO DE CONTROL MARITIMO - PROV. CONST. DEL CALLAO","AZUCAR BLANCA O REFINADA (lectura polarimetrica mayor 99.5°)",52670,"SACO(S)","COLOMBIA"
"547","2023",2,"OFICINA PUESTO DE CONTROL MARITIMO - PROV. CONST. DEL CALLAO","AZUCAR BLANCA O REFINADA (lectura polarimetrica mayor 99.5°)",344500,"SACO(S)","GUATEMALA"
"548","2023",2,"OFICINA PUESTO DE CONTROL MARITIMO - PROV. CONST. DEL CALLAO","CARRIZO, esteras, esterillas y cañizos con algún proceso de la CRF 2",6500,"UNIDADES","CHINA"
"549","2023",2,"OFICINA PUESTO DE CONTROL MARITIMO - PROV. CONST. DEL CALLAO","CARRIZO, esteras, esterillas y cañizos con algún proceso de la CRF 2",5000,"UNIDADES","CHINA"
"550","2023",2,"OFICINA PUESTO DE CONTROL MARITIMO - PROV. CONST. DEL CALLAO","MADERA, monturas y mangos de herramientas, monturas y mangos de cepillos, brochas o escobas, de madera; hormas, ensanchadores y tensores del calzado, de madera ; con algún proceso de la CRF 2",1.015,"CAJA(S)","CHINA"
"551","2023",2,"AGUAS VERDES, TUMBES","ROSA, flores frescas cortadas",2700,"CAJA(S)","ECUADOR"
"552","2023",2,"AGUAS VERDES, TUMBES","CLAVEL, flores frescas cortadas",300,"CAJA(S)","ECUADOR"
"553","2023",2,"OFICINA PUESTO DE CONTROL AEREO -  PROV. CONST. DEL CALLAO","ROSA, flores frescas cortadas",107.6,"CAJA(S)","ECUADOR"
"554","2023",2,"IÑAPARI, MADRE DE DIOS","AZUCAR BLANCA O REFINADA (lectura polarimetrica mayor 99.5°)",93000,"SACO(S)","BRASIL"
"555","2023",2,"AGUAS VERDES, TUMBES","PITAHAYA, fruto fresco",21000,"CAJA(S)","ECUADOR"
"556","2023",2,"OFICINA PUESTO DE CONTROL MARITIMO - PROV. CONST. DEL CALLAO","TRIGO, grano",3006030,"GRANEL","CANADA"
"557","2023",2,"SANTA ROSA, TACNA","MANZANA, fruto fresco",23520,"CAJA(S)","CHILE"
"558","2023",2,"SANTA ROSA, TACNA","CIRUELA, fruto fresco",825,"CAJA(S)","CHILE"
"559","2023",2,"SANTA ROSA, TACNA","NECTARINA, fruto fresco",16920,"CAJA(S)","CHILE"
"560","2023",2,"SANTA ROSA, TACNA","DURAZNO, fruto fresco",3360,"CAJA(S)","CHILE"
"561","2023",2,"OFICINA PUESTO DE CONTROL MARITIMO - PROV. CONST. DEL CALLAO","ARVEJA, grano partido",263035,"SACO(S)","CANADA"
"562","2023",2,"OFICINA PUESTO DE CONTROL MARITIMO - PROV. CONST. DEL CALLAO","TRACTOR USADO, con motor de potencia superior a 130KW",26180,"UNIDADES","MEXICO"
"563","2023",2,"OFICINA PUESTO DE CONTROL MARITIMO - PROV. CONST. DEL CALLAO","NECTARINA, fruto fresco",13440,"CAJA(S)","CHILE"
"564","2023",2,"OFICINA PUESTO DE CONTROL MARITIMO - PROV. CONST. DEL CALLAO","CIRUELA, fruto fresco",3360,"CAJA(S)","CHILE"
"565","2023",2,"OFICINA PUESTO DE CONTROL MARITIMO - PROV. CONST. DEL CALLAO","CIRUELA, seca industrialmente",21590,"CAJA(S)","CHILE"
"566","2023",2,"IÑAPARI, MADRE DE DIOS","MAIZ AMARILLO DURO, grano",96000,"SACO(S)","BRASIL"
"567","2023",2,"AGUAS VERDES, TUMBES","PITAHAYA, fruto fresco",21800,"CAJA(S)","ECUADOR"
"568","2023",2,"AGUAS VERDES, TUMBES","PITAHAYA, fruto fresco",20590,"CAJA(S)","ECUADOR"
"569","2023",2,"IÑAPARI, MADRE DE DIOS","MAIZ AMARILLO DURO, grano",30000,"SACO(S)","BRASIL"
"570","2023",2,"IÑAPARI, MADRE DE DIOS","MAIZ AMARILLO DURO, grano",30000,"SACO(S)","BRASIL"
"571","2023",2,"IÑAPARI, MADRE DE DIOS","MAIZ AMARILLO DURO, grano",30000,"SACO(S)","BRASIL"
"572","2023",2,"IÑAPARI, MADRE DE DIOS","MAIZ AMARILLO DURO, grano",32000,"SACO(S)","BRASIL"
"573","2023",2,"OFICINA PUESTO DE CONTROL MARITIMO - PROV. CONST. DEL CALLAO","CIRUELA, fruto fresco",12600,"CAJA(S)","CHILE"
"574","2023",2,"OFICINA PUESTO DE CONTROL MARITIMO - PROV. CONST. DEL CALLAO","NECTARINA, fruto fresco",4200,"CAJA(S)","CHILE"
"575","2023",2,"OFICINA PUESTO DE CONTROL MARITIMO - PROV. CONST. DEL CALLAO","COCO, fibra (para sustrato)",97418,"PALETAS","SRI LANKA"
"576","2023",2,"AGUAS VERDES, TUMBES","PITAHAYA, fruto fresco",12000,"CAJA(S)","ECUADOR"
"577","2023",2,"AGUAS VERDES, TUMBES","PITAHAYA, fruto fresco",25000,"CAJA(S)","ECUADOR"
"578","2023",2,"SANTA ROSA, TACNA","SOYA, torta",27933,"SACO(S)","CHILE"
"579","2023",2,"OFICINA PUESTO DE CONTROL AEREO -  PROV. CONST. DEL CALLAO","ARROZ, grano pilado",1,"BOLSAS","INDIA"
"580","2023",2,"OFICINA PUESTO DE CONTROL MARITIMO - PROV. CONST. DEL CALLAO","AZUCAR BLANCA O REFINADA (lectura polarimetrica mayor 99.5°)",132260,"SACO(S)","GUATEMALA"
"581","2023",2,"OFICINA PUESTO DE CONTROL AEREO -  PROV. CONST. DEL CALLAO","TOMATE, semilla",0.0268,"SACHETS","EEUU"
"582","2023",2,"OFICINA PUESTO DE CONTROL MARITIMO - PROV. CONST. DEL CALLAO","ANTIRRINO, semilla",3,"LATAS","ITALIA"
"583","2023",2,"OFICINA PUESTO DE CONTROL MARITIMO - PROV. CONST. DEL CALLAO","CAMPANULA, semilla",2,"LATAS","ITALIA"
"584","2023",2,"OFICINA PUESTO DE CONTROL MARITIMO - PROV. CONST. DEL CALLAO","GYPSOPHILA, semilla",2,"LATAS","ITALIA"
"585","2023",2,"OFICINA PUESTO DE CONTROL MARITIMO - PROV. CONST. DEL CALLAO","IPOMOEA, semilla",2,"LATAS","ITALIA"
"586","2023",2,"OFICINA PUESTO DE CONTROL MARITIMO - PROV. CONST. DEL CALLAO","LIMONIUM (=STATICE), semilla",4.75,"LATAS","ITALIA"
"587","2023",2,"OFICINA PUESTO DE CONTROL MARITIMO - PROV. CONST. DEL CALLAO","ZINNIA, semilla",2,"LATAS","ITALIA"
"588","2023",2,"SANTA ROSA, TACNA","SOYA, torta",104000,"SACO(S)","BOLIVIA"
"589","2023",2,"OFICINA PUESTO DE CONTROL MARITIMO - PROV. CONST. DEL CALLAO","Los demas articulos para fiesta, carnaval u otras diversiones, incluidos los de magia y articulos sorpresa que sean o contengan material vegetal
",119.758,"CAJA(S)","CANADA"
"590","2023",2,"OFICINA PUESTO DE CONTROL MARITIMO - PROV. CONST. DEL CALLAO","MADERA, monturas y mangos de herramientas, monturas y mangos de cepillos, brochas o escobas, de madera; hormas, ensanchadores y tensores del calzado, de madera ; con algún proceso de la CRF 2",11.395,"CAJA(S)","EL SALVADOR"
"591","2023",2,"OFICINA PUESTO DE CONTROL MARITIMO - PROV. CONST. DEL CALLAO","BAMBU, artículos de cestería obtenidos directamente en su forma con materia trenzable con algún proceso de la CRF 2",433.411,"CAJA(S)","EL SALVADOR"
"592","2023",2,"OFICINA PUESTO DE CONTROL MARITIMO - PROV. CONST. DEL CALLAO","Articulos de cesteria (canastos, cestos u otros), con algun proceso de la CRF2",295.22,"CAJA(S)","EL SALVADOR"
"593","2023",2,"OFICINA PUESTO DE CONTROL MARITIMO - PROV. CONST. DEL CALLAO","Los demas articulos de cesteria con algun proceso de CRF 2",1959.439,"CAJA(S)","EL SALVADOR"
"594","2023",2,"OFICINA PUESTO DE CONTROL MARITIMO - PROV. CONST. DEL CALLAO","BAMBU, artículos de cestería obtenidos directamente en su forma con materia trenzable con algún proceso de la CRF 2",77.21,"CAJA(S)","EL SALVADOR"
"595","2023",2,"OFICINA PUESTO DE CONTROL AEREO -  PROV. CONST. DEL CALLAO","CEBOLLA, semilla",0.744,"SACHETS","CHILE"
"596","2023",2,"OFICINA PUESTO DE CONTROL AEREO -  PROV. CONST. DEL CALLAO","ARANDANO, planta in vitro",938.7,"FRASCO(S)","MEXICO"
"597","2023",2,"LA TINA, PIURA","PINO, madera aserrada, con tratamiento de secado al horno o impregnación de sales",22.2,"UNIDADES","ECUADOR"
"598","2023",2,"OFICINA PUESTO DE CONTROL MARITIMO - PROV. CONST. DEL CALLAO","AVENA, grano trabajado (mondado, perlado, troceado o quebrantado)",150000,"SACO(S)","CHILE"
"599","2023",2,"IÑAPARI, MADRE DE DIOS","NUEZ DEL BRASIL, con cáscara seca al natural",27900,"SACO(S)","BRASIL"
"600","2023",2,"OFICINA PUESTO DE CONTROL MARITIMO - PROV. CONST. DEL CALLAO","AZUCAR CRUDA, sólido",125000,"SACO(S)","GUATEMALA"
"601","2023",2,"SANTA ROSA, TACNA","NECTARINA, fruto fresco",20160,"CAJA(S)","CHILE"
"602","2023",2,"SANTA ROSA, TACNA","PERA, fruta fresca",2016,"CAJA(S)","CHILE"
"603","2023",2,"OFICINA PUESTO DE CONTROL MARITIMO - PROV. CONST. DEL CALLAO","MADERA, monturas y mangos de herramientas, monturas y mangos de cepillos, brochas o escobas, de madera; hormas, ensanchadores y tensores del calzado, de madera ; con algún proceso de la CRF 2",27953,"UNIDADES","CHINA"
"604","2023",2,"SANTA ROSA, TACNA","MANZANA, fruto fresco",21560,"CAJA(S)","CHILE"
"605","2023",2,"SANTA ROSA, TACNA","NECTARINA, fruto fresco",12096,"CAJA(S)","CHILE"
"606","2023",2,"IÑAPARI, MADRE DE DIOS","MAIZ AMARILLO DURO, grano",96000,"SACO(S)","BRASIL"
"607","2023",2,"SANTA ROSA, TACNA","PERA, fruta fresca",10080,"CAJA(S)","CHILE"
"608","2023",2,"IÑAPARI, MADRE DE DIOS","SOYA, harina",32000,"SACO(S)","BRASIL"
"609","2023",2,"OFICINA PUESTO DE CONTROL MARITIMO - PROV. CONST. DEL CALLAO","ALMENDRA, sin cáscara secado al natural",19958.31,"CAJA(S)","EEUU"
"610","2023",2,"OFICINA PUESTO DE CONTROL MARITIMO - PROV. CONST. DEL CALLAO","ARROZ, grano pilado",128750,"SACO(S)","TAILANDIA"
"611","2023",2,"OFICINA PUESTO DE CONTROL MARITIMO - PROV. CONST. DEL CALLAO","ARROZ, grano pilado",257155,"SACO(S)","TAILANDIA"
"612","2023",2,"OFICINA PUESTO DE CONTROL MARITIMO - PROV. CONST. DEL CALLAO","LENTEJA, grano",124740,"SACO(S)","CANADA"
"613","2023",2,"IÑAPARI, MADRE DE DIOS","MAIZ AMARILLO DURO, grano",64000,"SACO(S)","BRASIL"
"614","2023",2,"PUERTO DE MATARANI , AREQUIPA","MAIZ AMARILLO DURO, grano",1.1e+07,"GRANEL","ARGENTINA"
"615","2023",2,"SANTA ROSA, TACNA","MANZANA, fruto fresco",23520,"CAJA(S)","CHILE"
"616","2023",2,"SANTA ROSA, TACNA","MANZANA, fruto fresco",23520,"CAJA(S)","CHILE"
"617","2023",2,"SANTA ROSA, TACNA","MANZANA, fruto fresco",23520,"CAJA(S)","CHILE"
"618","2023",2,"SANTA ROSA, TACNA","MANZANA, fruto fresco",13720,"CAJA(S)","CHILE"
"619","2023",2,"SANTA ROSA, TACNA","PERA, fruta fresca",8064,"CAJA(S)","CHILE"
"620","2023",2,"SANTA ROSA, TACNA","NECTARINA, fruto fresco",6720,"CAJA(S)","CHILE"
"621","2023",2,"SANTA ROSA, TACNA","CIRUELA, fruto fresco",5760,"CAJA(S)","CHILE"
"622","2023",2,"SANTA ROSA, TACNA","MANZANA, fruto fresco",10080,"CAJA(S)","CHILE"
"623","2023",2,"SANTA ROSA, TACNA","MANZANA, fruto fresco",23520,"CAJA(S)","CHILE"
"624","2023",2,"OFICINA PUESTO DE CONTROL AEREO -  PROV. CONST. DEL CALLAO","MOSTAZA, grano",1,"PAQUETES","POLONIA"
"625","2023",2,"OFICINA PUESTO DE CONTROL AEREO -  PROV. CONST. DEL CALLAO","MOSTAZA, harina",1,"PAQUETES","POLONIA"
"626","2023",2,"SANTA ROSA, TACNA","SOYA, torta",139900,"GRANEL","CHILE"
"627","2023",2,"OFICINA PUESTO DE CONTROL MARITIMO - PROV. CONST. DEL CALLAO","ZANAHORIA, semilla",3800.4,"SACHETS","EEUU"
"628","2023",2,"OFICINA PUESTO DE CONTROL MARITIMO - PROV. CONST. DEL CALLAO","AZUCAR CRUDA, sólido",125000,"SACO(S)","GUATEMALA"
"629","2023",2,"OFICINA PUESTO DE CONTROL MARITIMO - PROV. CONST. DEL CALLAO","CAUCHO, técnicamente especificado (TSNR)",20160,"PALETAS","COLOMBIA"
"630","2023",2,"OFICINA PUESTO DE CONTROL AEREO -  PROV. CONST. DEL CALLAO","SANDIA, semilla",0.654,"SACHETS","HOLANDA"
"631","2023",2,"OFICINA PUESTO DE CONTROL AEREO -  PROV. CONST. DEL CALLAO","SANDIA, semilla",0.694,"SACHETS","EEUU"
"632","2023",2,"OFICINA PUESTO DE CONTROL AEREO -  PROV. CONST. DEL CALLAO","PIMIENTO, semilla",1.299308,"SACHETS","HOLANDA"
"633","2023",2,"OFICINA PUESTO DE CONTROL AEREO -  PROV. CONST. DEL CALLAO","MELON, semilla",0.18102,"SACHETS","HOLANDA"
"634","2023",2,"OFICINA PUESTO DE CONTROL MARITIMO - PROV. CONST. DEL CALLAO","MANZANA, fruto fresco",35280,"CAJA(S)","EEUU"
"635","2023",2,"OFICINA PUESTO DE CONTROL AEREO -  PROV. CONST. DEL CALLAO","TOMATE, semilla",0.023,"SACHETS","HOLANDA"
"636","2023",2,"AGUAS VERDES, TUMBES","ROSA, flores frescas cortadas",10000,"CAJA(S)","ECUADOR"
"637","2023",2,"AGUAS VERDES, TUMBES","CLAVEL, flores frescas cortadas",200,"CAJA(S)","ECUADOR"
"638","2023",2,"OFICINA PUESTO DE CONTROL MARITIMO - PROV. CONST. DEL CALLAO","LUPULO, pellets",20300,"PALETAS","ALEMANIA"
"639","2023",2,"AGUAS VERDES, TUMBES","PITAHAYA, fruto fresco",21000,"CAJA(S)","ECUADOR"
"640","2023",2,"OFICINA PUESTO DE CONTROL MARITIMO - PROV. CONST. DEL CALLAO","Articulos de cesteria (canastos, cestos u otros), con algun proceso de la CRF2",9,"UNIDADES","TURQUIA"
"641","2023",2,"OFICINA PUESTO DE CONTROL MARITIMO - PROV. CONST. DEL CALLAO","ALGODON, fibra sin cardar ni peinar (>28.57 mm = o <34.92 mm)",214910,"FARDOS","EEUU"
"642","2023",2,"SANTA ROSA, TACNA","KIWI, fruto fresco",10080,"CAJA(S)","CHILE"
"643","2023",2,"SANTA ROSA, TACNA","MANZANA, fruto fresco",11760,"CAJA(S)","CHILE"
"644","2023",2,"OFICINA PUESTO DE CONTROL MARITIMO - PROV. CONST. DEL CALLAO","PINO, madera aserrada con algún proceso de la CRF2",24947.382,"PAQUETES","TURQUIA"
"645","2023",2,"SANTA ROSA, TACNA","CIRUELA, fruto fresco",4200,"CAJAS DE PLASTICO","CHILE"
"646","2023",2,"SANTA ROSA, TACNA","MANZANA, fruto fresco",17787,"CAJA(S)","CHILE"
"647","2023",2,"SANTA ROSA, TACNA","SOYA, torta",27944,"SACO(S)","CHILE"
"648","2023",2,"AGUAS VERDES, TUMBES","ROSA, flores frescas cortadas",3927,"CAJA(S)","ECUADOR"
"649","2023",2,"AGUAS VERDES, TUMBES","LILIUM (=AZUCENA), flores frescas cortadas",1085,"CAJA(S)","ECUADOR"
"650","2023",2,"SANTA ROSA, TACNA","MANZANA, fruto fresco",21413,"CAJA(S)","CHILE"
"651","2023",2,"OFICINA PUESTO DE CONTROL MARITIMO - PROV. CONST. DEL CALLAO","ALMENDRA, sin cáscara secado al natural",16329.493,"CAJA(S)","EEUU"
"652","2023",2,"OFICINA PUESTO DE CONTROL MARITIMO - PROV. CONST. DEL CALLAO","PAPA, fécula",160000,"SACO(S)","ALEMANIA"
"653","2023",2,"SANTA ROSA, TACNA","SOYA, torta",77533,"SACO(S)","CHILE"
"654","2023",2,"SANTA ROSA, TACNA","SOYA, torta",3194,"SACO(S)","CHILE"
"655","2023",2,"PUERTO DE PAITA , PIURA","GARBANZO, grano",75000,"SACO(S)","CANADA"
"656","2023",2,"OFICINA PUESTO DE CONTROL AEREO -  PROV. CONST. DEL CALLAO","PALMA ACEITERA, semilla germinada",145,"CAJA(S)","COSTA RICA"
"657","2023",2,"OFICINA PUESTO DE CONTROL MARITIMO - PROV. CONST. DEL CALLAO","CANELA, corteza entera seca al natural",2925,"BOLSAS","SRI LANKA"
"658","2023",2,"OFICINA PUESTO DE CONTROL MARITIMO - PROV. CONST. DEL CALLAO","CANELA, corteza entera seca al natural",11500,"CAJA(S)","SRI LANKA"
"659","2023",2,"OFICINA PUESTO DE CONTROL MARITIMO - PROV. CONST. DEL CALLAO","MADERA, encofrados para hormigon, de madera con algún proceso de la CRF2
",109179,"PIEZAS","ALEMANIA"
"660","2023",2,"OFICINA PUESTO DE CONTROL AEREO -  PROV. CONST. DEL CALLAO","MAIZ, semilla",26.6,"SOBRES","FRANCIA"
"661","2023",2,"OFICINA PUESTO DE CONTROL MARITIMO - PROV. CONST. DEL CALLAO","PERA, fruta fresca",23040,"CAJA(S)","CHILE"
"662","2023",2,"AGUAS VERDES, TUMBES","PITAHAYA, fruto fresco",45000,"CAJA(S)","ECUADOR"
"663","2023",2,"AGUAS VERDES, TUMBES","PITAHAYA, fruto fresco",12480,"CAJA(S)","ECUADOR"
"664","2023",2,"AGUAS VERDES, TUMBES","PITAHAYA, fruto fresco",12480,"CAJA(S)","ECUADOR"
"665","2023",2,"OFICINA PUESTO DE CONTROL AEREO -  PROV. CONST. DEL CALLAO","TOMATE, semilla",0.004,"SACHETS","FRANCIA"
"666","2023",2,"AGUAS VERDES, TUMBES","PITAHAYA, fruto fresco",12000,"CAJA(S)","ECUADOR"
"667","2023",2,"AGUAS VERDES, TUMBES","PIMIENTA, grano seco al natural",12000,"SACO(S)","ECUADOR"
"668","2023",2,"OFICINA PUESTO DE CONTROL MARITIMO - PROV. CONST. DEL CALLAO","MANZANA, fruto fresco",18620,"CAJA(S)","EEUU"
"669","2023",2,"IÑAPARI, MADRE DE DIOS","SOYA, torta",48150,"SACO(S)","BRASIL"
"670","2023",2,"IÑAPARI, MADRE DE DIOS","SOYA, torta",48250,"SACO(S)","BRASIL"
"671","2023",2,"IÑAPARI, MADRE DE DIOS","MAIZ AMARILLO DURO, grano",48000,"SACO(S)","BRASIL"
"672","2023",2,"AGUAS VERDES, TUMBES","PITAHAYA, fruto fresco",23460,"CAJA(S)","ECUADOR"
"673","2023",2,"OFICINA PUESTO DE CONTROL MARITIMO - PROV. CONST. DEL CALLAO","ARVEJA, grano partido",248391,"SACO(S)","EEUU"
"674","2023",2,"AGUAS VERDES, TUMBES","PIMIENTA, barreduras",2730,"SACO(S)","ECUADOR"
"675","2023",2,"SANTA ROSA, TACNA","SOYA, torta",112000,"SACO(S)","CHILE"
"676","2023",2,"SANTA ROSA, TACNA","SOYA, torta",105000,"SACO(S)","CHILE"
"677","2023",2,"OFICINA PUESTO DE CONTROL MARITIMO - PROV. CONST. DEL CALLAO","MAIZ, almidon",118125,"BOLSAS","ARGENTINA"
"678","2023",2,"SANTA ROSA, TACNA","SOYA, torta",162000,"GRANEL","CHILE"
"679","2023",2,"AGUAS VERDES, TUMBES","PITAHAYA, fruto fresco",22000,"CAJA(S)","ECUADOR"
"680","2023",2,"AGUAS VERDES, TUMBES","PITAHAYA, fruto fresco",20000,"CAJA(S)","ECUADOR"
"681","2023",2,"IÑAPARI, MADRE DE DIOS","MAIZ AMARILLO DURO, grano",32000,"SACO(S)","BRASIL"
"682","2023",2,"IÑAPARI, MADRE DE DIOS","MAIZ AMARILLO DURO, grano",32000,"SACO(S)","BRASIL"
"683","2023",2,"IÑAPARI, MADRE DE DIOS","SOYA, torta",32150,"SACO(S)","BRASIL"
"684","2023",2,"AGUAS VERDES, TUMBES","CAÑA DE GUAYAQUIL, seca al natural",30000,"UNIDADES","ECUADOR"
"685","2023",2,"IÑAPARI, MADRE DE DIOS","SOYA, torta",38000,"SACO(S)","BRASIL"
"686","2023",2,"OFICINA PUESTO DE CONTROL MARITIMO - PROV. CONST. DEL CALLAO","MAIZ REVENTON, grano",25000,"SACO(S)","EEUU"
"687","2023",2,"SANTA ROSA, TACNA","MANZANA, fruto fresco",15680,"CAJA(S)","CHILE"
"688","2023",2,"SANTA ROSA, TACNA","CIRUELA, fruto fresco",6720,"CAJA(S)","CHILE"
"689","2023",2,"SANTA ROSA, TACNA","PERA, fruta fresca",23040,"CAJA(S)","CHILE"
"690","2023",2,"AGUAS VERDES, TUMBES","PITAHAYA, fruto fresco",21000,"CAJA(S)","ECUADOR"
"691","2023",2,"SANTA ROSA, TACNA","MANZANA, fruto fresco",23520,"CAJA(S)","CHILE"
"692","2023",2,"AGUAS VERDES, TUMBES","PITAHAYA, fruto fresco",21000,"CAJA(S)","ECUADOR"
"693","2023",2,"SANTA ROSA, TACNA","MANZANA, fruto fresco",23520,"CAJA(S)","CHILE"
"694","2023",2,"OFICINA PUESTO DE CONTROL MARITIMO - PROV. CONST. DEL CALLAO","AVENA, grano trabajado (mondado, perlado, troceado o quebrantado)",50000,"SACO(S)","CHILE"
"695","2023",2,"AGUAS VERDES, TUMBES","PITAHAYA, fruto fresco",22000,"CAJA(S)","ECUADOR"
"696","2023",2,"AGUAS VERDES, TUMBES","PITAHAYA, fruto fresco",21000,"CAJA(S)","ECUADOR"
"697","2023",2,"AGUAS VERDES, TUMBES","PITAHAYA, fruto fresco",18000,"CAJA(S)","ECUADOR"
"698","2023",2,"AGUAS VERDES, TUMBES","PITAHAYA, fruto fresco",20000,"CAJA(S)","ECUADOR"
"699","2023",2,"OFICINA PUESTO DE CONTROL MARITIMO - PROV. CONST. DEL CALLAO","MAIZ, harina",120,"UNIDADES","COLOMBIA"
"700","2023",2,"OFICINA PUESTO DE CONTROL MARITIMO - PROV. CONST. DEL CALLAO","MAIZ, harina",82200,"PAQUETES","COLOMBIA"
"701","2023",2,"SANTA ROSA, TACNA","MANZANA, fruto fresco",23520,"CAJA(S)","CHILE"
"702","2023",2,"OFICINA PUESTO DE CONTROL MARITIMO - PROV. CONST. DEL CALLAO","PAPA, fécula",1e+05,"BOLSAS","ALEMANIA"
"703","2023",2,"OFICINA PUESTO DE CONTROL MARITIMO - PROV. CONST. DEL CALLAO","PAPA, fécula",1e+05,"BOLSAS","ALEMANIA"
"704","2023",2,"OFICINA PUESTO DE CONTROL MARITIMO - PROV. CONST. DEL CALLAO","TRACTOR USADO, con motor de potencia superior a 75 kW pero inferior o igual a 130 kW",16450,"UNIDADES","EEUU"
"705","2023",2,"IÑAPARI, MADRE DE DIOS","SOYA, harina",32000,"SACO(S)","BRASIL"
"706","2023",2,"SANTA ROSA, TACNA","KIWI, fruto fresco",5040,"CAJA(S)","CHILE"
"707","2023",2,"SANTA ROSA, TACNA","MANZANA, fruto fresco",17640,"CAJA(S)","CHILE"
"708","2023",2,"OFICINA PUESTO DE CONTROL MARITIMO - PROV. CONST. DEL CALLAO","MAIZ, semilla",20404.9,"BOLSAS","BOLIVIA"
"709","2023",2,"AGUAS VERDES, TUMBES","CAÑA DE GUAYAQUIL, seca al natural",34000,"UNIDADES","ECUADOR"
"710","2023",2,"OFICINA PUESTO DE CONTROL AEREO -  PROV. CONST. DEL CALLAO","VID, estaca enraizada",1750,"CAJA(S)","FRANCIA"
"711","2023",2,"OFICINA PUESTO DE CONTROL MARITIMO - PROV. CONST. DEL CALLAO","Marañon (NUEZ DE CAJU), semilla alimenticia sin cascara, seca industriamente",24948,"CAJA(S)","BRASIL"
"712","2023",2,"OFICINA PUESTO DE CONTROL MARITIMO - PROV. CONST. DEL CALLAO","AZUCAR BLANCA O REFINADA (lectura polarimetrica mayor 99.5°)",132500,"SACO(S)","GUATEMALA"
"713","2023",2,"OFICINA PUESTO DE CONTROL MARITIMO - PROV. CONST. DEL CALLAO","AZUCAR BLANCA O REFINADA (lectura polarimetrica mayor 99.5°)",132500,"SACO(S)","GUATEMALA"
"714","2023",2,"OFICINA PUESTO DE CONTROL MARITIMO - PROV. CONST. DEL CALLAO","AZUCAR CRUDA, sólido",125000,"SACO(S)","GUATEMALA"
"715","2023",2,"OFICINA PUESTO DE CONTROL MARITIMO - PROV. CONST. DEL CALLAO","MAIZ, almidon",56000,"SACO(S)","INDIA"
"716","2023",2,"SANTA ROSA, TACNA","MANZANA, fruto fresco",23520,"CAJA(S)","CHILE"
"717","2023",2,"OFICINA PUESTO DE CONTROL MARITIMO - PROV. CONST. DEL CALLAO","AZUCAR BLANCA O REFINADA (lectura polarimetrica mayor 99.5°)",132500,"SACO(S)","GUATEMALA"
"718","2023",2,"OFICINA PUESTO DE CONTROL MARITIMO - PROV. CONST. DEL CALLAO","AZUCAR BLANCA O REFINADA (lectura polarimetrica mayor 99.5°)",265000,"SACO(S)","GUATEMALA"
"719","2023",2,"OFICINA PUESTO DE CONTROL MARITIMO - PROV. CONST. DEL CALLAO","PAPA, hojuelas y pellets",18140,"PALETAS","EEUU"
"720","2023",2,"SANTA ROSA, TACNA","PERA, fruta fresca",23184,"CAJA(S)","CHILE"
"721","2023",2,"SANTA ROSA, TACNA","MANZANA, fruto fresco",22344,"CAJA(S)","CHILE"
"722","2023",2,"SANTA ROSA, TACNA","MANZANA, fruto fresco",23275,"CAJA(S)","CHILE"
"723","2023",2,"SANTA ROSA, TACNA","KIWI, fruto fresco",8400,"CAJA(S)","CHILE"
"724","2023",2,"SANTA ROSA, TACNA","MANZANA, fruto fresco",13720,"CAJA(S)","CHILE"
"725","2023",2,"OFICINA PUESTO DE CONTROL MARITIMO - PROV. CONST. DEL CALLAO","TURBA",278600,"BOLSAS","ESTONIA"
"726","2023",2,"OFICINA PUESTO DE CONTROL MARITIMO - PROV. CONST. DEL CALLAO","TURBA",138600,"BOLSAS","ESTONIA"
"727","2023",2,"SANTA ROSA, TACNA","PERA, fruta fresca",23040,"CAJA(S)","CHILE"
"728","2023",2,"OFICINA PUESTO DE CONTROL MARITIMO - PROV. CONST. DEL CALLAO","ALMENDRA, sin cáscara secado al natural",19958.064,"CAJA(S)","EEUU"
"729","2023",2,"OFICINA PUESTO DE CONTROL MARITIMO - PROV. CONST. DEL CALLAO","AZUCAR CRUDA, sólido",250000,"SACO(S)","GUATEMALA"
"730","2023",2,"OFICINA PUESTO DE CONTROL MARITIMO - PROV. CONST. DEL CALLAO","MARCOS, madera",243.157,"CAJA(S)","EL SALVADOR"
"731","2023",2,"OFICINA PUESTO DE CONTROL MARITIMO - PROV. CONST. DEL CALLAO","BAMBU, artículos de cestería obtenidos directamente en su forma con materia trenzable con algún proceso de la CRF 2",534.41,"CAJA(S)","EL SALVADOR"
"732","2023",2,"OFICINA PUESTO DE CONTROL MARITIMO - PROV. CONST. DEL CALLAO","Articulos de cesteria (canastos, cestos u otros), con algun proceso de la CRF2",517.952,"CAJA(S)","EL SALVADOR"
"733","2023",2,"OFICINA PUESTO DE CONTROL MARITIMO - PROV. CONST. DEL CALLAO","Los demas articulos de cesteria con algun proceso de CRF 2",1104.478,"CAJA(S)","EL SALVADOR"
"734","2023",2,"OFICINA PUESTO DE CONTROL MARITIMO - PROV. CONST. DEL CALLAO","BAMBU, trenzas y artículos similares, de materia trenzable, incluso ensamblados en tiras, materia trenzable, trenzas y artículos similares de materia trenzable, tejidos o paralelizados, en forma plana, con algún proceso de la CRF 2",301.211,"CAJA(S)","EL SALVADOR"
"735","2023",2,"OFICINA PUESTO DE CONTROL MARITIMO - PROV. CONST. DEL CALLAO","Los demas articulos de cesteria con algun proceso de CRF 2",224.947,"CAJA(S)","EL SALVADOR"
"736","2023",2,"OFICINA PUESTO DE CONTROL MARITIMO - PROV. CONST. DEL CALLAO","CAUCHO, hojas ahumadas",20000,"UNIDADES","VIETNAM"
"737","2023",2,"OFICINA PUESTO DE CONTROL MARITIMO - PROV. CONST. DEL CALLAO","AZUCAR CRUDA, sólido",250000,"SACO(S)","GUATEMALA"
"738","2023",2,"SANTA ROSA, TACNA","PERA, fruta fresca",18144,"CAJA(S)","CHILE"
"739","2023",2,"SANTA ROSA, TACNA","NECTARINA, fruto fresco",3675,"CAJA(S)","CHILE"
"740","2023",2,"SANTA ROSA, TACNA","SOYA, torta",159000,"SACO(S)","CHILE"
"741","2023",2,"SANTA ROSA, TACNA","SOYA, torta",132000,"SACO(S)","BOLIVIA"
"742","2023",2,"AGUAS VERDES, TUMBES","PITAHAYA, fruto fresco",44000,"CAJA(S)","ECUADOR"
"743","2023",2,"SANTA ROSA, TACNA","SOYA, torta",23950,"SACO(S)","CHILE"
"744","2023",2,"OFICINA PUESTO DE CONTROL MARITIMO - PROV. CONST. DEL CALLAO","Gradas (rastras) de discos usados
",1430,"UNIDADES","CHINA"
"745","2023",2,"OFICINA PUESTO DE CONTROL MARITIMO - PROV. CONST. DEL CALLAO","TRACTOR USADO, con motor de potencia superior a 75 kW pero inferior o igual a 130 kW",3000,"UNIDADES","CHINA"
"746","2023",2,"OFICINA PUESTO DE CONTROL MARITIMO - PROV. CONST. DEL CALLAO","TRACTOR USADO, con motor de potencia superior a 75 kW pero inferior o igual a 130 kW",4850,"UNIDADES","CHINA"
"747","2023",2,"SANTA ROSA, TACNA","MANZANA, fruto fresco",19551,"CAJA(S)","CHILE"
"748","2023",2,"SANTA ROSA, TACNA","PERA, fruta fresca",3024,"CAJA(S)","CHILE"
"749","2023",2,"OFICINA PUESTO DE CONTROL MARITIMO - PROV. CONST. DEL CALLAO","Arados usados
",1800,"UNIDADES","HOLANDA"
"750","2023",2,"OFICINA PUESTO DE CONTROL MARITIMO - PROV. CONST. DEL CALLAO","Las demás maquinarias, aparatos y artefactos agricolas, horticolas o silvicolas, usados
",1500,"UNIDADES","HOLANDA"
"751","2023",2,"OFICINA PUESTO DE CONTROL MARITIMO - PROV. CONST. DEL CALLAO","COCO, fibra (para sustrato)",97643,"PALETAS","SRI LANKA"
"752","2023",2,"OFICINA PUESTO DE CONTROL MARITIMO - PROV. CONST. DEL CALLAO","AZUCAR BLANCA O REFINADA (lectura polarimetrica mayor 99.5°)",159000,"SACO(S)","NICARAGUA"
"753","2023",2,"OFICINA PUESTO DE CONTROL MARITIMO - PROV. CONST. DEL CALLAO","TURBA",40478.4,"PALETAS","LETONIA"
"754","2023",2,"SANTA ROSA, TACNA","SOYA, harina",108000,"SACO(S)","CHILE"
"755","2023",2,"OFICINA PUESTO DE CONTROL MARITIMO - PROV. CONST. DEL CALLAO","MAIZ AMARILLO DURO, grano",21867300,"GRANEL","ARGENTINA"
"756","2023",2,"SANTA ROSA, TACNA","SOYA, torta",80000,"SACO(S)","CHILE"
"757","2023",2,"OFICINA PUESTO DE CONTROL MARITIMO - PROV. CONST. DEL CALLAO","ALMENDRA, sin cáscara secado al natural",19958.064,"CAJA(S)","EEUU"
"758","2023",2,"OFICINA PUESTO DE CONTROL MARITIMO - PROV. CONST. DEL CALLAO","ALMENDRA, sin cáscara secado al natural",19958.4,"CAJA(S)","EEUU"
"759","2023",2,"OFICINA PUESTO DE CONTROL MARITIMO - PROV. CONST. DEL CALLAO","TURBA",119175,"BIG BAG","LETONIA"
"760","2023",2,"PUERTO DE PAITA , PIURA","TURBA",203040,"BIG BAG","HOLANDA"
"761","2023",2,"PUERTO DE PAITA , PIURA","TURBA",203040,"BIG BAG","HOLANDA"
"762","2023",2,"AGUAS VERDES, TUMBES","PITAHAYA, fruto fresco",26000,"CAJA(S)","ECUADOR"
"763","2023",2,"OFICINA PUESTO DE CONTROL AEREO -  PROV. CONST. DEL CALLAO","ARROZ, salvados, moyuelos y demas residuos del cernido de la molienda o de otros tratamientos incluso en pellets",31.75,"CAJA(S)","MEXICO"
"764","2023",2,"OFICINA PUESTO DE CONTROL MARITIMO - PROV. CONST. DEL CALLAO","MADERA, harina",950,"BOLSAS","ALEMANIA"
"765","2023",2,"OFICINA PUESTO DE CONTROL MARITIMO - PROV. CONST. DEL CALLAO","TRIGO, grano",8583890,"GRANEL","EEUU"
"766","2023",2,"OFICINA PUESTO DE CONTROL MARITIMO - PROV. CONST. DEL CALLAO","AVENA, grano aplastado o en copos (hojuelas)",105000,"SACO(S)","CHILE"
"767","2023",2,"OFICINA PUESTO DE CONTROL MARITIMO - PROV. CONST. DEL CALLAO","ARVEJA, grano partido",117119,"SACO(S)","EEUU"
"768","2023",2,"AGUAS VERDES, TUMBES","ROSA, flores frescas cortadas",250,"CAJA(S)","ECUADOR"
"769","2023",2,"AGUAS VERDES, TUMBES","PITAHAYA, fruto fresco",20000,"CAJA(S)","ECUADOR"
"770","2023",2,"OFICINA PUESTO DE CONTROL MARITIMO - PROV. CONST. DEL CALLAO","ROTEN (=Ratán), trenzas y artículos similares, de materia trenzable, incluso ensamblados en tiras, materia trenzable, trenzas y artículos similares de materia trenzable, tejidos o paralelizados, en forma plana, con algun proceso de la CRF 2",2174.602,"UNIDADES","CHINA"
"771","2023",2,"OFICINA PUESTO DE CONTROL MARITIMO - PROV. CONST. DEL CALLAO","ROTEN (=Ratán), artículos de cestería obtenidos directamente en su forma con materia trenzable con algún proceso de la CRF2",152,"CAJA(S)","CHINA"
"772","2023",2,"SANTA ROSA, TACNA","MANZANA, fruto fresco",22579.2,"CAJA(S)","CHILE"
"773","2023",2,"SANTA ROSA, TACNA","SOYA, torta",55888,"SACO(S)","CHILE"
"774","2023",2,"OFICINA PUESTO DE CONTROL AEREO -  PROV. CONST. DEL CALLAO","PIMIENTO, semilla",210,"BOLSAS","ESPAÑA"
"775","2023",2,"PUERTO DE PAITA , PIURA","Arados usados
",1600,"UNIDADES","BELGICA"
"776","2023",2,"OFICINA PUESTO DE CONTROL AEREO -  PROV. CONST. DEL CALLAO","ALCACHOFA, semilla",81.6,"BOLSAS","ESPAÑA"
"777","2023",2,"OFICINA PUESTO DE CONTROL AEREO -  PROV. CONST. DEL CALLAO","ORQUIDEA, planta",556,"CAJA(S)","HOLANDA"
"778","2023",2,"OFICINA PUESTO DE CONTROL MARITIMO - PROV. CONST. DEL CALLAO","BAMBU, artículos de cestería obtenidos directamente en su forma con materia trenzable con algún proceso de la CRF 2",174.987,"UNIDADES","CHILE"
"779","2023",2,"OFICINA PUESTO DE CONTROL MARITIMO - PROV. CONST. DEL CALLAO","MAIZ REVENTON, grano",49760,"SACO(S)","ARGENTINA"
"780","2023",2,"SANTA ROSA, TACNA","SOYA, torta",140000,"SACO(S)","CHILE"
"781","2023",2,"OFICINA PUESTO DE CONTROL AEREO -  PROV. CONST. DEL CALLAO","AJI PANCA (=AJI LIMO, AJI DULCE, AJI HABANERO), semilla",20.66,"SACHETS","BRASIL"
"782","2023",2,"OFICINA PUESTO DE CONTROL MARITIMO - PROV. CONST. DEL CALLAO","PAPA, fécula",252000,"CAJA(S)","DINAMARCA"
"783","2023",2,"OFICINA PUESTO DE CONTROL MARITIMO - PROV. CONST. DEL CALLAO","PERA, fruta fresca",23040,"CAJA(S)","CHILE"
"784","2023",2,"OFICINA PUESTO DE CONTROL MARITIMO - PROV. CONST. DEL CALLAO","PERA, fruta fresca",23814,"CAJA(S)","ARGENTINA"
"785","2023",2,"SANTA ROSA, TACNA","SOYA, torta",110000,"SACO(S)","CHILE"
"786","2023",2,"OFICINA PUESTO DE CONTROL AEREO -  PROV. CONST. DEL CALLAO","CEBOLLA, semilla",75,"SACHETS","ESPAÑA"
"787","2023",2,"AGUAS VERDES, TUMBES","PITAHAYA, fruto fresco",12480,"CAJA(S)","ECUADOR"
"788","2023",2,"OFICINA PUESTO DE CONTROL MARITIMO - PROV. CONST. DEL CALLAO","MAIZ, semilla",20886.6,"BOLSAS","BOLIVIA"
"789","2023",2,"AGUAS VERDES, TUMBES","TARA, vaina seca al natural",25030,"SACO(S)","ECUADOR"
"790","2023",2,"AGUAS VERDES, TUMBES","PITAHAYA, fruto fresco",22000,"CAJA(S)","ECUADOR"
"791","2023",2,"AGUAS VERDES, TUMBES","PITAHAYA, fruto fresco",21600,"CAJA(S)","ECUADOR"
"792","2023",2,"AGUAS VERDES, TUMBES","PITAHAYA, fruto fresco",21500,"CAJA(S)","ECUADOR"
"793","2023",2,"AGUAS VERDES, TUMBES","PITAHAYA, fruto fresco",21500,"CAJA(S)","ECUADOR"
"794","2023",2,"OFICINA PUESTO DE CONTROL MARITIMO - PROV. CONST. DEL CALLAO","BARRILES, CUBAS, TINAS y demas manufacturas de toneleria y sus partes de madera, incluidas las duelas con algún proceso de la  CRF2",157.2,"CAJA(S)","ESPAÑA"
"795","2023",2,"OFICINA PUESTO DE CONTROL AEREO -  PROV. CONST. DEL CALLAO","BARRILES, CUBAS, TINAS y demas manufacturas de toneleria y sus partes de madera, incluidas las duelas con algún proceso de la  CRF2",16.5,"PAQUETES","ESPAÑA"
"796","2023",2,"PUERTO DE PAITA , PIURA","LENTEJA, grano",263035,"SACO(S)","CANADA"
"797","2023",2,"OFICINA PUESTO DE CONTROL MARITIMO - PROV. CONST. DEL CALLAO","HARINA, mezcla",750,"BOLSAS","BELGICA"
"798","2023",2,"OFICINA PUESTO DE CONTROL AEREO -  PROV. CONST. DEL CALLAO","TOMATE, semilla",0.06,"SACHETS","EEUU"
"799","2023",2,"OFICINA PUESTO DE CONTROL MARITIMO - PROV. CONST. DEL CALLAO","CANELA, corteza entera seca al natural",13500,"CAJA(S)","SRI LANKA"
"800","2023",2,"OFICINA PUESTO DE CONTROL AEREO -  PROV. CONST. DEL CALLAO","ARANDANO, planta",35,"CAJA(S)","CHILE"
"801","2023",2,"OFICINA PUESTO DE CONTROL AEREO -  PROV. CONST. DEL CALLAO","ARANDANO, planta",194,"CAJA(S)","CHILE"
"802","2023",2,"OFICINA PUESTO DE CONTROL MARITIMO - PROV. CONST. DEL CALLAO","TRACTOR USADO, con motor de potencia superior a 33 kW pero inferior o igual a 75 kW",8490,"UNIDADES","CHINA"
"803","2023",2,"PUERTO DE PAITA , PIURA","MANI, grano sin cáscara",49900,"SACO(S)","ARGENTINA"
"804","2023",2,"OFICINA PUESTO DE CONTROL MARITIMO - PROV. CONST. DEL CALLAO","PERA, fruta fresca",45790.8,"CAJA(S)","ARGENTINA"
"805","2023",2,"OFICINA PUESTO DE CONTROL MARITIMO - PROV. CONST. DEL CALLAO","PERA, fruta fresca",23814,"CAJA(S)","ARGENTINA"
"806","2023",2,"OFICINA PUESTO DE CONTROL MARITIMO - PROV. CONST. DEL CALLAO","MANZANA, fruto fresco",19894,"CAJA(S)","CHILE"
"807","2023",2,"OFICINA PUESTO DE CONTROL MARITIMO - PROV. CONST. DEL CALLAO","OREJAS DE JUDAS, seco industrial",800,"CAJA(S)","CHINA"
"808","2023",2,"OFICINA PUESTO DE CONTROL MARITIMO - PROV. CONST. DEL CALLAO","Shitake (Lentinus edodes), secos, incluso los cortados en trozos o en rodajas, trituradas o pulverizadas, sin otra preparación",480,"CAJA(S)","CHINA"
"809","2023",2,"OFICINA PUESTO DE CONTROL MARITIMO - PROV. CONST. DEL CALLAO","AJO, polvo",518.8,"CAJA(S)","CHINA"
"810","2023",2,"OFICINA PUESTO DE CONTROL MARITIMO - PROV. CONST. DEL CALLAO","CORCHO, tapones",63.369,"UNIDADES","ITALIA"
"811","2023",2,"OFICINA PUESTO DE CONTROL AEREO -  PROV. CONST. DEL CALLAO","ESPINACA, semilla",2,"SACHETS","HOLANDA"
"812","2023",2,"OFICINA PUESTO DE CONTROL AEREO -  PROV. CONST. DEL CALLAO","MELON, semilla",0.847,"SACHETS","HOLANDA"
"813","2023",2,"OFICINA PUESTO DE CONTROL AEREO -  PROV. CONST. DEL CALLAO","BROCOLI, semilla",0.006,"SACHETS","HOLANDA"
"814","2023",2,"AGUAS VERDES, TUMBES","CAÑA DE GUAYAQUIL, seca al natural",31000,"UNIDADES","ECUADOR"
"815","2023",2,"OFICINA PUESTO DE CONTROL MARITIMO - PROV. CONST. DEL CALLAO","AZUCAR CRUDA, sólido",125000,"SACO(S)","GUATEMALA"
"816","2023",2,"OFICINA PUESTO DE CONTROL MARITIMO - PROV. CONST. DEL CALLAO","ALGODON, fibra sin cardar ni peinar (>22.22 mm = o <28.57 mm)",291780,"FARDOS","EEUU"
"817","2023",2,"OFICINA PUESTO DE CONTROL AEREO -  PROV. CONST. DEL CALLAO","MANDARINA LB8-9,yema",1,"CAJA(S)","ESPAÑA"
"818","2023",2,"OFICINA PUESTO DE CONTROL MARITIMO - PROV. CONST. DEL CALLAO","CAUCHO, técnicamente especificado (TSNR)",15120,"PALETAS","GUATEMALA"
"819","2023",2,"OFICINA PUESTO DE CONTROL MARITIMO - PROV. CONST. DEL CALLAO","TURBA",170288,"PALETAS","LETONIA"
"820","2023",2,"OFICINA PUESTO DE CONTROL MARITIMO - PROV. CONST. DEL CALLAO","TURBA",42861,"PALETAS","LETONIA"
"821","2023",2,"OFICINA PUESTO DE CONTROL MARITIMO - PROV. CONST. DEL CALLAO","TURBA",44332,"PALETAS","LETONIA"
"822","2023",2,"OFICINA PUESTO DE CONTROL MARITIMO - PROV. CONST. DEL CALLAO","TURBA",42983,"PALETAS","LETONIA"
"823","2023",2,"OFICINA PUESTO DE CONTROL AEREO -  PROV. CONST. DEL CALLAO","COL CHINA, semilla",1,"SOBRES ALUMINIZADOS","COREA DEL SUR"
"824","2023",2,"OFICINA PUESTO DE CONTROL AEREO -  PROV. CONST. DEL CALLAO","COL, semilla",0.3,"SOBRES ALUMINIZADOS","COREA DEL SUR"
"825","2023",2,"OFICINA PUESTO DE CONTROL AEREO -  PROV. CONST. DEL CALLAO","RABANITO, semilla",1,"SOBRES ALUMINIZADOS","COREA DEL SUR"
"826","2023",2,"OFICINA PUESTO DE CONTROL MARITIMO - PROV. CONST. DEL CALLAO","ALMENDRA, sin cáscara, secado industrial",19958.4,"CAJA(S)","EEUU"
"827","2023",2,"OFICINA PUESTO DE CONTROL MARITIMO - PROV. CONST. DEL CALLAO","COCO, fibra (para sustrato)",97553,"PALETAS","SRI LANKA"
"828","2023",2,"OFICINA PUESTO DE CONTROL MARITIMO - PROV. CONST. DEL CALLAO","MAIZ REVENTON, grano",127000,"SACO(S)","ARGENTINA"
"829","2023",2,"OFICINA PUESTO DE CONTROL MARITIMO - PROV. CONST. DEL CALLAO","ALFALFA, semilla",12000,"BOLSAS","EEUU"
"830","2023",2,"OFICINA PUESTO DE CONTROL MARITIMO - PROV. CONST. DEL CALLAO","AZUCAR CRUDA, sólido",229160,"SACO(S)","GUATEMALA"
"831","2023",2,"OFICINA PUESTO DE CONTROL MARITIMO - PROV. CONST. DEL CALLAO","AZUCAR BLANCA O REFINADA (lectura polarimetrica mayor 99.5°)",53000,"SACO(S)","NICARAGUA"
"832","2023",2,"OFICINA PUESTO DE CONTROL MARITIMO - PROV. CONST. DEL CALLAO","AZUCAR BLANCA O REFINADA (lectura polarimetrica mayor 99.5°)",79500,"SACO(S)","NICARAGUA"
"833","2023",2,"AGUAS VERDES, TUMBES","PITAHAYA, fruto fresco",12000,"CAJA(S)","ECUADOR"
"834","2023",2,"OFICINA PUESTO DE CONTROL MARITIMO - PROV. CONST. DEL CALLAO","AZUCAR CRUDA, sólido",250000,"SACO(S)","GUATEMALA"
"835","2023",2,"SANTA ROSA, LORETO","AZUCAR BLANCA O REFINADA (lectura polarimetrica mayor 99.5°)",3e+06,"SACO(S)","BRASIL"
"836","2023",2,"OFICINA PUESTO DE CONTROL AEREO -  PROV. CONST. DEL CALLAO","PIMIENTO, semilla",0.29,"SACHETS","ESPAÑA"
"837","2023",2,"SANTA ROSA, TACNA","CIRUELA, fruto fresco",22596,"CAJA(S)","CHILE"
"838","2023",2,"OFICINA PUESTO DE CONTROL MARITIMO - PROV. CONST. DEL CALLAO","UVA (PASAS), secas industrialmente",15880,"CAJA(S)","CHILE"
"839","2023",2,"OFICINA PUESTO DE CONTROL MARITIMO - PROV. CONST. DEL CALLAO","AZUCAR CRUDA, sólido",125000,"SACO(S)","GUATEMALA"
"840","2023",2,"OFICINA PUESTO DE CONTROL MARITIMO - PROV. CONST. DEL CALLAO","COCO, fibra (para sustrato)",97419,"PALETAS","SRI LANKA"
"841","2023",2,"OFICINA PUESTO DE CONTROL AEREO -  PROV. CONST. DEL CALLAO","ENEBRO, bayas sin triturar ni pulverizar con secado al horno o industrial",10,"BOLSAS","ALEMANIA"
"842","2023",2,"OFICINA PUESTO DE CONTROL MARITIMO - PROV. CONST. DEL CALLAO","MANZANA, fruto fresco",20580,"CAJA(S)","EEUU"
"843","2023",2,"SANTA ROSA, TACNA","SOYA, torta",23000,"SACO(S)","CHILE"
"844","2023",2,"SANTA ROSA, TACNA","SOYA, torta",168000,"SACO(S)","CHILE"
"845","2023",2,"OFICINA PUESTO DE CONTROL MARITIMO - PROV. CONST. DEL CALLAO","ARROZ, grano pilado",950000,"GRANEL","URUGUAY"
"846","2023",2,"OFICINA PUESTO DE CONTROL MARITIMO - PROV. CONST. DEL CALLAO","ARROZ, grano pilado",3e+05,"SACO(S)","URUGUAY"
"847","2023",2,"OFICINA PUESTO DE CONTROL MARITIMO - PROV. CONST. DEL CALLAO","ARROZ, grano pilado",480565,"GRANEL","URUGUAY"
"848","2023",2,"OFICINA PUESTO DE CONTROL MARITIMO - PROV. CONST. DEL CALLAO","ARROZ, parbolizado pulido o sin cáscara",1e+05,"SACO(S)","URUGUAY"
"849","2023",2,"OFICINA PUESTO DE CONTROL MARITIMO - PROV. CONST. DEL CALLAO","ARROZ, grano pilado",325000,"GRANEL","URUGUAY"
"850","2023",2,"AGUAS VERDES, TUMBES","PITAHAYA, fruto fresco",23480,"CAJA(S)","ECUADOR"
"851","2023",2,"AGUAS VERDES, TUMBES","PITAHAYA, fruto fresco",23480,"CAJA(S)","ECUADOR"
"852","2023",2,"OFICINA PUESTO DE CONTROL MARITIMO - PROV. CONST. DEL CALLAO","CEBOLLA, triturada o pulverizada",2000,"BOLSAS","ALEMANIA"
"853","2023",2,"OFICINA PUESTO DE CONTROL MARITIMO - PROV. CONST. DEL CALLAO","MANZANA, fruto fresco",17640,"CAJA(S)","EEUU"
"854","2023",2,"OFICINA PUESTO DE CONTROL MARITIMO - PROV. CONST. DEL CALLAO","CAUCHO, técnicamente especificado (TSNR)",20160,"PALETAS","COLOMBIA"
"855","2023",2,"OFICINA PUESTO DE CONTROL MARITIMO - PROV. CONST. DEL CALLAO","MAIZ REVENTON, grano",125000,"SACO(S)","ARGENTINA"
"856","2023",2,"AGUAS VERDES, TUMBES","PITAHAYA, fruto fresco",12000,"CAJA(S)","ECUADOR"
"857","2023",2,"AGUAS VERDES, TUMBES","PITAHAYA, fruto fresco",22000,"CAJA(S)","ECUADOR"
"858","2023",2,"IÑAPARI, MADRE DE DIOS","MAIZ AMARILLO DURO, grano",30000,"SACO(S)","BRASIL"
"859","2023",2,"AGUAS VERDES, TUMBES","PITAHAYA, fruto fresco",22000,"CAJA(S)","ECUADOR"
"860","2023",2,"OFICINA PUESTO DE CONTROL AEREO -  PROV. CONST. DEL CALLAO","TOMATE, semilla",0.047,"SACHETS","HOLANDA"
"861","2023",2,"OFICINA PUESTO DE CONTROL AEREO -  PROV. CONST. DEL CALLAO","TOMATE, semilla",0.03,"SACHETS","FRANCIA"
"862","2023",2,"OFICINA PUESTO DE CONTROL AEREO -  PROV. CONST. DEL CALLAO","PEPINILLO, semilla",0.885,"SACHETS","HOLANDA"
"863","2023",2,"OFICINA PUESTO DE CONTROL AEREO -  PROV. CONST. DEL CALLAO","TOMATE, semilla",0.0283,"SACHETS","FRANCIA"
"864","2023",2,"OFICINA PUESTO DE CONTROL MARITIMO - PROV. CONST. DEL CALLAO","MADERA, paletas, paletas caja y demas plataformas para carga, collarines para paletas, con algún proceso de la CRF 2",22843,"UNIDADES","CHILE"
"865","2023",2,"OFICINA PUESTO DE CONTROL MARITIMO - PROV. CONST. DEL CALLAO","PINO, semilla",167,"BALDES","CHILE"
"866","2023",2,"OFICINA PUESTO DE CONTROL MARITIMO - PROV. CONST. DEL CALLAO","ARVEJA, semilla",6168.8512,"BOLSAS","EEUU"
"867","2023",2,"OFICINA PUESTO DE CONTROL MARITIMO - PROV. CONST. DEL CALLAO","AJO, polvo",2400,"CAJA(S)","CHINA"
"868","2023",2,"OFICINA PUESTO DE CONTROL MARITIMO - PROV. CONST. DEL CALLAO","CANELA, corteza entera seca al natural",15000,"CAJA(S)","SRI LANKA"
"869","2023",2,"OFICINA PUESTO DE CONTROL MARITIMO - PROV. CONST. DEL CALLAO","CANELA, corteza entera seca al natural",15000,"CAJA(S)","SRI LANKA"
"870","2023",2,"OFICINA PUESTO DE CONTROL AEREO -  PROV. CONST. DEL CALLAO","ARANDANO, planta in vitro",982.86,"FRASCO(S)","MEXICO"
"871","2023",2,"OFICINA PUESTO DE CONTROL MARITIMO - PROV. CONST. DEL CALLAO","AZUCAR BLANCA O REFINADA (lectura polarimetrica mayor 99.5°)",1e+05,"SACO(S)","COLOMBIA"
"872","2023",2,"OFICINA PUESTO DE CONTROL MARITIMO - PROV. CONST. DEL CALLAO","AZUCAR BLANCA O REFINADA (lectura polarimetrica mayor 99.5°)",265000,"SACO(S)","GUATEMALA"
"873","2023",2,"OFICINA PUESTO DE CONTROL MARITIMO - PROV. CONST. DEL CALLAO","RESIDUO DE DESTILERIA",5454200,"GRANEL","EEUU"
"874","2023",2,"SANTA ROSA, TACNA","SOYA, torta",54000,"GRANEL","CHILE"
"875","2023",2,"OFICINA PUESTO DE CONTROL AEREO -  PROV. CONST. DEL CALLAO","TE VERDE, hoja polvo",8,"BOLSAS","JAPON"
"876","2023",2,"AGUAS VERDES, TUMBES","PITAHAYA, fruto fresco",21880,"CAJA(S)","ECUADOR"
"877","2023",2,"AGUAS VERDES, TUMBES","PITAHAYA, fruto fresco",45000,"CAJA(S)","ECUADOR"
"878","2023",2,"OFICINA PUESTO DE CONTROL AEREO -  PROV. CONST. DEL CALLAO","PIMIENTO, semilla",0.08403,"SACHETS","HOLANDA"
"879","2023",2,"OFICINA PUESTO DE CONTROL AEREO -  PROV. CONST. DEL CALLAO","CENTENO, grano aplastado o en copos (hojuelas)",0.1,"BOLSAS","REINO UNIDO"
"880","2023",2,"OFICINA PUESTO DE CONTROL AEREO -  PROV. CONST. DEL CALLAO","GIRASOL, pellets",0.1,"BOLSAS","REINO UNIDO"
"881","2023",2,"OFICINA PUESTO DE CONTROL MARITIMO - PROV. CONST. DEL CALLAO","AZUCAR BLANCA O REFINADA (lectura polarimetrica mayor 99.5°)",79500,"SACO(S)","GUATEMALA"
"882","2023",2,"OFICINA PUESTO DE CONTROL MARITIMO - PROV. CONST. DEL CALLAO","AZUCAR CRUDA, sólido",250000,"SACO(S)","GUATEMALA"
"883","2023",2,"OFICINA PUESTO DE CONTROL MARITIMO - PROV. CONST. DEL CALLAO","AZUCAR BLANCA O REFINADA (lectura polarimetrica mayor 99.5°)",26500,"SACO(S)","GUATEMALA"
"884","2023",2,"OFICINA PUESTO DE CONTROL MARITIMO - PROV. CONST. DEL CALLAO","AZUCAR CRUDA, sólido",125000,"SACO(S)","GUATEMALA"
"885","2023",2,"OFICINA PUESTO DE CONTROL MARITIMO - PROV. CONST. DEL CALLAO","AZUCAR CRUDA, sólido",250000,"SACO(S)","GUATEMALA"
"886","2023",2,"OFICINA PUESTO DE CONTROL MARITIMO - PROV. CONST. DEL CALLAO","PINO, madera aserrada con algún proceso de la CRF2",316818,"PAQUETES","CHILE"
"887","2023",2,"OFICINA PUESTO DE CONTROL MARITIMO - PROV. CONST. DEL CALLAO","PINO, madera aserrada con algún proceso de la CRF2",275093,"PAQUETES","CHILE"
"888","2023",2,"OFICINA PUESTO DE CONTROL MARITIMO - PROV. CONST. DEL CALLAO","PINO, madera aserrada con algún proceso de la CRF2",48416,"PAQUETES","CHILE"
"889","2023",2,"OFICINA PUESTO DE CONTROL MARITIMO - PROV. CONST. DEL CALLAO","AZUCAR BLANCA O REFINADA (lectura polarimetrica mayor 99.5°)",259900,"SACO(S)","COLOMBIA"
"890","2023",2,"PUERTO DE SALAVERRY, LA LIBERTAD","TRIGO, grano",11110000,"GRANEL","CANADA"
"891","2023",2,"OFICINA PUESTO DE CONTROL MARITIMO - PROV. CONST. DEL CALLAO","COCO, fibra (para sustrato)",97381,"PALETAS","SRI LANKA"
"892","2023",2,"SANTA ROSA, TACNA","SOYA, torta",140500,"SACO(S)","CHILE"
"893","2023",2,"OFICINA PUESTO DE CONTROL MARITIMO - PROV. CONST. DEL CALLAO","MAIZ, harina",105000,"PACAS","COLOMBIA"
"894","2023",2,"OFICINA PUESTO DE CONTROL MARITIMO - PROV. CONST. DEL CALLAO","AZUCAR BLANCA O REFINADA (lectura polarimetrica mayor 99.5°)",260000,"SACO(S)","COLOMBIA"
"895","2023",2,"OFICINA PUESTO DE CONTROL MARITIMO - PROV. CONST. DEL CALLAO","AVENA, grano aplastado o en copos (hojuelas)",26000,"SACO(S)","CHILE"
"896","2023",2,"OFICINA PUESTO DE CONTROL MARITIMO - PROV. CONST. DEL CALLAO","ALGODON, fibra sin cardar ni peinar (>22.22 mm = o <28.57 mm)",296470,"FARDOS","EEUU"
"897","2023",2,"OFICINA PUESTO DE CONTROL MARITIMO - PROV. CONST. DEL CALLAO","TRIGO, grano",8260980,"GRANEL","EEUU"
"898","2023",2,"OFICINA PUESTO DE CONTROL MARITIMO - PROV. CONST. DEL CALLAO","AVENA, grano trabajado (mondado, perlado, troceado o quebrantado)",75000,"SACO(S)","CHILE"
"899","2023",2,"OFICINA PUESTO DE CONTROL MARITIMO - PROV. CONST. DEL CALLAO","Articulos para fiestas de navidad que sean o contengan material vegetal
",64.403,"UNIDADES","MALASIA"
"900","2023",2,"OFICINA PUESTO DE CONTROL MARITIMO - PROV. CONST. DEL CALLAO","ARROZ, grano pilado",250000,"SACO(S)","URUGUAY"
"901","2023",2,"IÑAPARI, MADRE DE DIOS","NUEZ DEL BRASIL, con cáscara seca al natural",27900,"SACO(S)","BRASIL"
"902","2023",2,"AGUAS VERDES, TUMBES","PITAHAYA, fruto fresco",21000,"CAJA(S)","ECUADOR"
"903","2023",2,"AGUAS VERDES, TUMBES","PITAHAYA, fruto fresco",22000,"CAJA(S)","ECUADOR"
"904","2023",2,"OFICINA PUESTO DE CONTROL MARITIMO - PROV. CONST. DEL CALLAO","ALGODON, fibra sin cardar ni peinar (>22.22 mm = o <28.57 mm)",40840,"FARDOS","EEUU"
"905","2023",2,"OFICINA PUESTO DE CONTROL MARITIMO - PROV. CONST. DEL CALLAO","AZUCAR BLANCA O REFINADA (lectura polarimetrica mayor 99.5°)",265000,"SACO(S)","COLOMBIA"
"906","2023",2,"OFICINA PUESTO DE CONTROL MARITIMO - PROV. CONST. DEL CALLAO","UVA (PASAS), secas industrialmente",24000,"CAJA(S)","CHILE"
"907","2023",2,"PUERTO DE SALAVERRY, LA LIBERTAD","SOYA, torta",8400000,"GRANEL","CHILE"
"908","2023",2,"SANTA ROSA, TACNA","LENTEJA, grano",79063,"SACO(S)","CANADA"
"909","2023",2,"OFICINA PUESTO DE CONTROL MARITIMO - PROV. CONST. DEL CALLAO","TRIGO, planta seca pulverizada",150,"TAMBORES","CHINA"
"910","2023",2,"SANTA ROSA, TACNA","MANZANA, fruto fresco",22344,"CAJA(S)","CHILE"
"911","2023",2,"SANTA ROSA, TACNA","MANZANA, fruto fresco",23520,"CAJA(S)","CHILE"
"912","2023",2,"OFICINA PUESTO DE CONTROL MARITIMO - PROV. CONST. DEL CALLAO","PERA, fruta fresca",23040,"CAJA(S)","CHILE"
"913","2023",2,"OFICINA PUESTO DE CONTROL MARITIMO - PROV. CONST. DEL CALLAO","PAPA, fécula",1e+05,"BOLSAS","ALEMANIA"
"914","2023",2,"OFICINA PUESTO DE CONTROL MARITIMO - PROV. CONST. DEL CALLAO","TURBA",95505,"BIG BAG","LETONIA"
"915","2023",2,"OFICINA PUESTO DE CONTROL MARITIMO - PROV. CONST. DEL CALLAO","GARBANZO, grano",46266,"SACO(S)","EEUU"
"916","2023",2,"OFICINA PUESTO DE CONTROL MARITIMO - PROV. CONST. DEL CALLAO","CANELA, corteza entera seca al natural",15120,"CAJA(S)","SRI LANKA"
"917","2023",2,"OFICINA PUESTO DE CONTROL MARITIMO - PROV. CONST. DEL CALLAO","PAPA, fécula",1e+05,"BOLSAS","ALEMANIA"
"918","2023",2,"OFICINA PUESTO DE CONTROL MARITIMO - PROV. CONST. DEL CALLAO","ARVEJA, grano partido",70761,"SACO(S)","EEUU"
"919","2023",2,"OFICINA PUESTO DE CONTROL MARITIMO - PROV. CONST. DEL CALLAO","LENTEJA, grano",43546,"SACO(S)","EEUU"
"920","2023",2,"OFICINA PUESTO DE CONTROL AEREO -  PROV. CONST. DEL CALLAO","MELON, semilla",0.013,"SACHETS","EEUU"
"921","2023",2,"OFICINA PUESTO DE CONTROL AEREO -  PROV. CONST. DEL CALLAO","SANDIA, semilla",0.284,"SACHETS","EEUU"
"922","2023",2,"SANTA ROSA, TACNA","TRIGO, afrecho seco industrial",56000,"SACO(S)","CHILE"
"923","2023",2,"SANTA ROSA, TACNA","LENTEJA, grano",52436,"SACO(S)","CANADA"
"924","2023",2,"AGUAS VERDES, TUMBES","PITAHAYA, fruto fresco",21000,"CAJA(S)","ECUADOR"
"925","2023",2,"LA TINA, PIURA","PINO, madera aserrada con algún proceso de la CRF2",32000,"UNIDADES","ECUADOR"
"926","2023",2,"OFICINA PUESTO DE CONTROL MARITIMO - PROV. CONST. DEL CALLAO","AZUCAR BLANCA O REFINADA (lectura polarimetrica mayor 99.5°)",106000,"SACO(S)","GUATEMALA"
"927","2023",2,"OFICINA PUESTO DE CONTROL AEREO -  PROV. CONST. DEL CALLAO","MOSTAZA, grano",68.038,"CAJA(S)","EEUU"
"928","2023",2,"OFICINA PUESTO DE CONTROL AEREO -  PROV. CONST. DEL CALLAO","APIO, grano",68.038,"CAJA(S)","EEUU"
"929","2023",2,"OFICINA PUESTO DE CONTROL MARITIMO - PROV. CONST. DEL CALLAO","AZUCAR CRUDA, sólido",125000,"SACO(S)","GUATEMALA"
"930","2023",2,"OFICINA PUESTO DE CONTROL MARITIMO - PROV. CONST. DEL CALLAO","AZUCAR CRUDA, sólido",125000,"SACO(S)","GUATEMALA"
"931","2023",2,"OFICINA PUESTO DE CONTROL MARITIMO - PROV. CONST. DEL CALLAO","AZUCAR BLANCA O REFINADA (lectura polarimetrica mayor 99.5°)",132500,"SACO(S)","NICARAGUA"
"932","2023",2,"OFICINA PUESTO DE CONTROL MARITIMO - PROV. CONST. DEL CALLAO","AZUCAR BLANCA O REFINADA (lectura polarimetrica mayor 99.5°)",132500,"SACO(S)","COLOMBIA"
"933","2023",2,"OFICINA PUESTO DE CONTROL MARITIMO - PROV. CONST. DEL CALLAO","ARVEJA, grano partido",124740,"SACO(S)","EEUU"
"934","2023",2,"OFICINA PUESTO DE CONTROL MARITIMO - PROV. CONST. DEL CALLAO","GARBANZO, grano",22997,"SACO(S)","EEUU"
"935","2023",2,"OFICINA PUESTO DE CONTROL MARITIMO - PROV. CONST. DEL CALLAO","PORO, semilla",50,"BOLSAS","EEUU"
"936","2023",2,"OFICINA PUESTO DE CONTROL MARITIMO - PROV. CONST. DEL CALLAO","COL, semilla",50,"BOLSAS","EEUU"
"937","2023",2,"OFICINA PUESTO DE CONTROL MARITIMO - PROV. CONST. DEL CALLAO","ACELGA, semilla",650,"BOLSAS","EEUU"
"938","2023",2,"OFICINA PUESTO DE CONTROL MARITIMO - PROV. CONST. DEL CALLAO","PEPINILLO, semilla",550,"BOLSAS","EEUU"
"939","2023",2,"OFICINA PUESTO DE CONTROL MARITIMO - PROV. CONST. DEL CALLAO","ZAPALLITO ITALIANO (CALABACIN), semilla",500,"BOLSAS","EEUU"
"940","2023",2,"OFICINA PUESTO DE CONTROL MARITIMO - PROV. CONST. DEL CALLAO","Articulos de cesteria (canastos, cestos u otros), con algun proceso de la CRF2",901.5,"UNIDADES","VIETNAM"
"941","2023",2,"OFICINA PUESTO DE CONTROL MARITIMO - PROV. CONST. DEL CALLAO","YUCA (=MANDIOCA), fécula",18000,"SACO(S)","TAILANDIA"
"942","2023",2,"AGUAS VERDES, TUMBES","Las demás coniferas, las demas maderas aserradas o desbastadas longitudinalmente, cortada o desenrollada, incluso cepillada,lijada o unida por lo extremos, de espesor superior a 6 mm, con algun tratamiento de la CRF 2",46570,"PIEZAS","ECUADOR"
"943","2023",2,"OFICINA PUESTO DE CONTROL MARITIMO - PROV. CONST. DEL CALLAO","AJONJOLI, grano",8649,"SACO(S)","ARGENTINA"
"944","2023",2,"OFICINA PUESTO DE CONTROL MARITIMO - PROV. CONST. DEL CALLAO","MAIZ REVENTON, grano",15921,"SACO(S)","ARGENTINA"
"945","2023",2,"SANTA ROSA, TACNA","PERA, fruta fresca",23040,"CAJA(S)","CHILE"
"946","2023",2,"OFICINA PUESTO DE CONTROL MARITIMO - PROV. CONST. DEL CALLAO","MAIZ, harina",65700,"SACO(S)","COLOMBIA"
"947","2023",2,"OFICINA PUESTO DE CONTROL MARITIMO - PROV. CONST. DEL CALLAO","LENTEJA, grano",78927,"SACO(S)","CANADA"
"948","2023",2,"OFICINA PUESTO DE CONTROL MARITIMO - PROV. CONST. DEL CALLAO","LENTEJA, grano",23133,"SACO(S)","EEUU"
"949","2023",2,"OFICINA PUESTO DE CONTROL MARITIMO - PROV. CONST. DEL CALLAO","COCO, fibra (para sustrato)",92640,"PALETAS","SRI LANKA"
"950","2023",2,"OFICINA PUESTO DE CONTROL MARITIMO - PROV. CONST. DEL CALLAO","FLOR DE JAMAICA, seca natural",11950,"SACO(S)","NIGERIA"
"951","2023",2,"SANTA ROSA, LORETO","AZUCAR BLANCA O REFINADA (lectura polarimetrica mayor 99.5°)",1500010,"SACO(S)","BRASIL"
"952","2023",2,"OFICINA PUESTO DE CONTROL MARITIMO - PROV. CONST. DEL CALLAO","MADERA, encofrados para hormigon, de madera con algún proceso de la CRF2
",43610,"PAQUETES","AUSTRIA"
"953","2023",2,"SANTA ROSA, TACNA","SOYA, torta",53000,"SACO(S)","CHILE"
"954","2023",2,"OFICINA PUESTO DE CONTROL MARITIMO - PROV. CONST. DEL CALLAO","AZUCAR DE CAÑA, solido en bruto",125000,"SACO(S)","GUATEMALA"
"955","2023",2,"OFICINA PUESTO DE CONTROL MARITIMO - PROV. CONST. DEL CALLAO","ALGODON, fibra sin cardar ni peinar (>28.57 mm = o <34.92 mm)",59666,"FARDOS","EEUU"
"956","2023",2,"OFICINA PUESTO DE CONTROL MARITIMO - PROV. CONST. DEL CALLAO","AZUCAR DE CAÑA, solido en bruto",75000,"SACO(S)","GUATEMALA"
"957","2023",2,"PUERTO DE MATARANI , AREQUIPA","MAIZ AMARILLO DURO, grano",1820013,"GRANEL","EEUU"
"958","2023",2,"OFICINA PUESTO DE CONTROL MARITIMO - PROV. CONST. DEL CALLAO","AZUCAR BLANCA O REFINADA (lectura polarimetrica mayor 99.5°)",260000,"SACO(S)","COLOMBIA"
"959","2023",2,"OFICINA PUESTO DE CONTROL MARITIMO - PROV. CONST. DEL CALLAO","AZUCAR BLANCA O REFINADA (lectura polarimetrica mayor 99.5°)",132500,"SACO(S)","NICARAGUA"
"960","2023",2,"OFICINA PUESTO DE CONTROL MARITIMO - PROV. CONST. DEL CALLAO","AZUCAR BLANCA O REFINADA (lectura polarimetrica mayor 99.5°)",132500,"SACO(S)","NICARAGUA"
"961","2023",2,"OFICINA PUESTO DE CONTROL MARITIMO - PROV. CONST. DEL CALLAO","AZUCAR BLANCA O REFINADA (lectura polarimetrica mayor 99.5°)",132500,"SACO(S)","NICARAGUA"
"962","2023",2,"OFICINA PUESTO DE CONTROL MARITIMO - PROV. CONST. DEL CALLAO","BAMBU, artículos de cestería obtenidos directamente en su forma con materia trenzable con algún proceso de la CRF 2",330.835,"CAJA(S)","EL SALVADOR"
"963","2023",2,"OFICINA PUESTO DE CONTROL MARITIMO - PROV. CONST. DEL CALLAO","CLAVO DE OLOR, entera seca al natural",25500,"CAJA(S)","INDONESIA"
"964","2023",2,"OFICINA PUESTO DE CONTROL MARITIMO - PROV. CONST. DEL CALLAO","MATERIA VEGETAL, trenzas, materia trenzable incluso ensamblados en tiras tejidos o paralelizados en forma plana con algún proceso de la CRF 2",120.035,"CAJA(S)","EL SALVADOR"
"965","2023",2,"OFICINA PUESTO DE CONTROL MARITIMO - PROV. CONST. DEL CALLAO","BAMBU, artículos de cestería obtenidos directamente en su forma con materia trenzable con algún proceso de la CRF 2",171.679,"CAJA(S)","EL SALVADOR"
"966","2023",2,"OFICINA PUESTO DE CONTROL MARITIMO - PROV. CONST. DEL CALLAO","Articulos de cesteria (canastos, cestos u otros), con algun proceso de la CRF2",18.979,"CAJA(S)","EL SALVADOR"
"967","2023",2,"OFICINA PUESTO DE CONTROL MARITIMO - PROV. CONST. DEL CALLAO","TURBA",98924,"BIG BAG","FINLANDIA"
"968","2023",2,"OFICINA PUESTO DE CONTROL AEREO -  PROV. CONST. DEL CALLAO","CEREZO, madera aserrada con algun proceso de la CRF 2.",14.52,"UNIDADES","EEUU"
"969","2023",2,"OFICINA PUESTO DE CONTROL AEREO -  PROV. CONST. DEL CALLAO","Las demás maderas de coníferas, perfilada longitudi (con lengüetas ranuras, rebajes, acanalados, biselados, con juntas en v, redond  o simil) en una o varias caras, cantos o extrem, incluso cepillada, lijada o unida por los extrem, con algún proceso de la CRF 2",94.342,"UNIDADES","EEUU"
"970","2023",2,"SANTA ROSA, TACNA","CIRUELA, fruto fresco",11520,"CAJA(S)","CHILE"
"971","2023",2,"SANTA ROSA, TACNA","NECTARINA, fruto fresco",11232,"CAJA(S)","CHILE"
"972","2023",2,"OFICINA PUESTO DE CONTROL MARITIMO - PROV. CONST. DEL CALLAO","AZUCAR DE CAÑA, solido en bruto",50000,"BOLSAS","PARAGUAY"
"973","2023",2,"AGUAS VERDES, TUMBES","PITAHAYA, fruto fresco",22000,"CAJA(S)","ECUADOR"
"974","2023",2,"SANTA ROSA, TACNA","SOYA, torta",112000,"SACO(S)","CHILE"
"975","2023",2,"SANTA ROSA, TACNA","NECTARINA, fruto fresco",20480,"CAJA(S)","CHILE"
"976","2023",2,"SANTA ROSA, TACNA","CIRUELA, fruto fresco",3360,"CAJA(S)","CHILE"
"977","2023",2,"SANTA ROSA, TACNA","DURAZNO, fruto fresco",4200,"CAJA(S)","CHILE"
"978","2023",2,"SANTA ROSA, TACNA","NECTARINA, fruto fresco",12544,"CAJA(S)","CHILE"
"979","2023",2,"IÑAPARI, MADRE DE DIOS","MAIZ AMARILLO DURO, grano",48000,"SACO(S)","BRASIL"
"980","2023",2,"PUERTO DE SALAVERRY, LA LIBERTAD","SOYA, grano",7003710,"GRANEL","EEUU"
"981","2023",2,"OFICINA PUESTO DE CONTROL AEREO -  PROV. CONST. DEL CALLAO","COLIFLOR, semilla",0.64,"SACHETS","CHILE"
"982","2023",2,"OFICINA PUESTO DE CONTROL AEREO -  PROV. CONST. DEL CALLAO","MAIZ, semilla",21.04,"SOBRES","FRANCIA"
"983","2023",2,"OFICINA PUESTO DE CONTROL MARITIMO - PROV. CONST. DEL CALLAO","AZUCAR CRUDA, sólido",265000,"SACO(S)","GUATEMALA"
"984","2023",2,"OFICINA PUESTO DE CONTROL MARITIMO - PROV. CONST. DEL CALLAO","AZUCAR BLANCA O REFINADA (lectura polarimetrica mayor 99.5°)",144,"CAJA(S)","CHINA"
"985","2023",2,"OFICINA PUESTO DE CONTROL MARITIMO - PROV. CONST. DEL CALLAO","ARVEJA, grano partido",115665,"SACO(S)","EEUU"
"986","2023",2,"OFICINA PUESTO DE CONTROL MARITIMO - PROV. CONST. DEL CALLAO","LENTEJA, grano",191597,"SACO(S)","EEUU"
"987","2023",2,"OFICINA PUESTO DE CONTROL MARITIMO - PROV. CONST. DEL CALLAO","ARVEJA, grano partido",114804,"SACO(S)","EEUU"
"988","2023",2,"OFICINA PUESTO DE CONTROL MARITIMO - PROV. CONST. DEL CALLAO","MAIZ REVENTON, grano",74844,"SACO(S)","EEUU"
"989","2023",2,"OFICINA PUESTO DE CONTROL AEREO -  PROV. CONST. DEL CALLAO","LAS DEMAS PLANTAS, partes de plantas, semillas y frutos de especies utilizadas principalmente en perfumeria,medicina insecticidas o similares con algún proceso del a CRF 2",0.2,"BOLSAS","HOLANDA"
"990","2023",2,"OFICINA PUESTO DE CONTROL AEREO -  PROV. CONST. DEL CALLAO","CEREALES, paja y cascabillo molido o en pellets",0.2,"BOLSAS","HOLANDA"
"991","2023",2,"OFICINA PUESTO DE CONTROL AEREO -  PROV. CONST. DEL CALLAO","HARINA, mezcla de harina de yuca, platano, arroz, cebada, maiz",0.2,"BOLSAS","HOLANDA"
"992","2023",2,"OFICINA PUESTO DE CONTROL AEREO -  PROV. CONST. DEL CALLAO","MADERA, harina",0.2,"BOLSAS","HOLANDA"
"993","2023",2,"OFICINA PUESTO DE CONTROL MARITIMO - PROV. CONST. DEL CALLAO","AZUCAR BLANCA O REFINADA (lectura polarimetrica mayor 99.5°)",132500,"SACO(S)","NICARAGUA"
"994","2023",2,"OFICINA PUESTO DE CONTROL AEREO -  PROV. CONST. DEL CALLAO","CHIA, grano",0.25,"BOLSAS","BOLIVIA"
"995","2023",2,"SANTA ROSA, TACNA","MANZANA, fruto fresco",22638,"CAJA(S)","CHILE"
"996","2023",2,"OFICINA PUESTO DE CONTROL MARITIMO - PROV. CONST. DEL CALLAO","LAUREL, hoja seca al natural",4680,"SACO(S)","ESPAÑA"
"997","2023",2,"AGUAS VERDES, TUMBES","PITAHAYA, fruto fresco",20860,"CAJA(S)","ECUADOR"
"998","2023",2,"AGUAS VERDES, TUMBES","CAÑA DE GUAYAQUIL, seca al natural",34000,"UNIDADES","ECUADOR"
"999","2023",2,"SANTA ROSA, TACNA","SOYA, harina",112000,"SACO(S)","CHILE"
"1000","2023",2,"AGUAS VERDES, TUMBES","CAÑA DE GUAYAQUIL, seca al natural",32000,"UNIDADES","ECUADOR"
"1001","2023",2,"SANTA ROSA, TACNA","SOYA, harina",164000,"SACO(S)","CHILE"
"1002","2023",2,"OFICINA PUESTO DE CONTROL MARITIMO - PROV. CONST. DEL CALLAO","AVENA, grano aplastado o en copos (hojuelas)",26250,"SACO(S)","CHILE"
"1003","2023",2,"OFICINA PUESTO DE CONTROL MARITIMO - PROV. CONST. DEL CALLAO","AVENA, grano trabajado (mondado, perlado, troceado o quebrantado)",48000,"SACO(S)","CHILE"
"1004","2023",2,"OFICINA PUESTO DE CONTROL MARITIMO - PROV. CONST. DEL CALLAO","SOYA, grano",25982720,"GRANEL","EEUU"
"1005","2023",2,"PUERTO DE PAITA , PIURA","TRIGO, grano",5544000,"GRANEL","CANADA"
"1006","2023",2,"PUERTO DE PAITA , PIURA","TRIGO, grano",3068990,"GRANEL","CANADA"
"1007","2023",2,"PUERTO DE MATARANI , AREQUIPA","SOYA, torta",2700000,"GRANEL","ARGENTINA"
"1008","2023",2,"PUERTO DE PISCO , ICA","SOYA, torta",4437570,"GRANEL","ARGENTINA"
"1009","2023",2,"OFICINA PUESTO DE CONTROL MARITIMO - PROV. CONST. DEL CALLAO","SOYA, torta",4919090,"GRANEL","ARGENTINA"
"1010","2023",2,"OFICINA PUESTO DE CONTROL MARITIMO - PROV. CONST. DEL CALLAO","MAIZ AMARILLO DURO, grano",7855210,"GRANEL","ARGENTINA"
"1011","2023",2,"PUERTO DE PISCO , ICA","MAIZ AMARILLO DURO, grano",12010660,"GRANEL","ARGENTINA"
"1012","2023",2,"AGUAS VERDES, TUMBES","ROSA, flores frescas cortadas",750,"CAJA(S)","ECUADOR"
"1013","2023",2,"OFICINA PUESTO DE CONTROL MARITIMO - PROV. CONST. DEL CALLAO","MADERA, paletas, paletas caja y demas plataformas para carga, collarines para paletas, con algún proceso de la CRF 2",68600,"UNIDADES","CHILE"
"1014","2023",2,"OFICINA PUESTO DE CONTROL MARITIMO - PROV. CONST. DEL CALLAO","MAIZ, harina",443200,"FARDOS","COLOMBIA"
"1015","2023",2,"OFICINA PUESTO DE CONTROL MARITIMO - PROV. CONST. DEL CALLAO","MANZANA, fruto fresco",39513.6,"CAJA(S)","CHILE"
"1016","2023",2,"OFICINA PUESTO DE CONTROL MARITIMO - PROV. CONST. DEL CALLAO","ALIMENTO PARA ANIMALES, materias vegetales, desperdicios, residuos, incluso en pellets",20000,"SACO(S)","ITALIA"
"1017","2023",2,"SANTA ROSA, TACNA","SOYA, torta",54000,"GRANEL","CHILE"
"1018","2023",2,"SANTA ROSA, TACNA","LIMON TAHITI (Lima tahiti), fruto fresco",24192,"CAJA(S)","CHILE"
"1019","2023",2,"OFICINA PUESTO DE CONTROL MARITIMO - PROV. CONST. DEL CALLAO","MANZANA, fruto fresco",19756.8,"CAJA(S)","CHILE"
"1020","2023",2,"OFICINA PUESTO DE CONTROL AEREO -  PROV. CONST. DEL CALLAO","CALABAZA MOSCADA, semilla",0.4,"SACHETS","HOLANDA"
"1021","2023",2,"OFICINA PUESTO DE CONTROL AEREO -  PROV. CONST. DEL CALLAO","ZAPALLO (CALABAZA AMARILLA), semilla",5.754,"SACHETS","HOLANDA"
"1022","2023",2,"OFICINA PUESTO DE CONTROL MARITIMO - PROV. CONST. DEL CALLAO","NARANJA, fruto fresco",18140,"CAJA(S)","EEUU"
"1023","2023",2,"SANTA ROSA, TACNA","SOYA, harina",109000,"SACO(S)","CHILE"
"1024","2023",2,"AGUAS VERDES, TUMBES","PITAHAYA, fruto fresco",21360,"CAJA(S)","ECUADOR"
"1025","2023",2,"OFICINA PUESTO DE CONTROL MARITIMO - PROV. CONST. DEL CALLAO","BAMBU, artículos de cestería obtenidos directamente en su forma con materia trenzable con algún proceso de la CRF 2",3067.2,"UNIDADES","CHINA"
"1026","2023",2,"SANTA ROSA, TACNA","LIMON TAHITI (Lima tahiti), fruto fresco",16128,"CAJA(S)","CHILE"
"1027","2023",2,"SANTA ROSA, TACNA","LIMON SUTIL, fruto fresco",9216,"CAJA(S)","CHILE"
"1028","2023",2,"OFICINA PUESTO DE CONTROL MARITIMO - PROV. CONST. DEL CALLAO","PINO, madera aserrada con algún proceso de la CRF2",71235,"PAQUETES","CHILE"
"1029","2023",2,"OFICINA PUESTO DE CONTROL AEREO -  PROV. CONST. DEL CALLAO","TOMATE, semilla",0.165,"SACHETS","HOLANDA"
"1030","2023",2,"OFICINA PUESTO DE CONTROL AEREO -  PROV. CONST. DEL CALLAO","TOMATE, semilla",0.202184,"SACHETS","HOLANDA"
"1031","2023",2,"OFICINA PUESTO DE CONTROL AEREO -  PROV. CONST. DEL CALLAO","PEPINILLO, semilla",0.174,"SACHETS","ISRAEL"
"1032","2023",2,"OFICINA PUESTO DE CONTROL AEREO -  PROV. CONST. DEL CALLAO","PEPINILLO, semilla",0.08,"SACHETS","FRANCIA"
"1033","2023",2,"AGUAS VERDES, TUMBES","PAJA TOQUILLA, con algún proceso de la CRF2",1200,"FARDOS","ECUADOR"
"1034","2023",2,"IÑAPARI, MADRE DE DIOS","MAIZ AMARILLO DURO, grano",124000,"SACO(S)","BRASIL"
"1035","2023",2,"IÑAPARI, MADRE DE DIOS","MAIZ AMARILLO DURO, grano",24000,"SACO(S)","BRASIL"
"1036","2023",2,"IÑAPARI, MADRE DE DIOS","SOYA, torta",8000,"SACO(S)","BRASIL"
"1037","2023",2,"OFICINA PUESTO DE CONTROL AEREO -  PROV. CONST. DEL CALLAO","MADERA, moldurada con proceso de la CRF2",140.8,"UNIDADES","EEUU"
"1038","2023",2,"OFICINA PUESTO DE CONTROL AEREO -  PROV. CONST. DEL CALLAO","MADERA, puertas y sus marcos, contramarcos y umbrales, con algun proceso de la CRF 2",516.272,"UNIDADES","EEUU"
"1039","2023",2,"OFICINA PUESTO DE CONTROL AEREO -  PROV. CONST. DEL CALLAO","VIGAS ENCOFRADAS DE MADERA, con algún proceso de la CRF2",1783.528,"UNIDADES","EEUU"
"1040","2023",2,"SANTA ROSA, TACNA","NECTARINA, fruto fresco",19200,"CAJA(S)","CHILE"
"1041","2023",2,"SANTA ROSA, TACNA","CIRUELA, fruto fresco",3840,"CAJA(S)","CHILE"
"1042","2023",2,"OFICINA PUESTO DE CONTROL MARITIMO - PROV. CONST. DEL CALLAO","AVENA, grano aplastado o en copos (hojuelas)",24580,"SACO(S)","CHILE"
"1043","2023",2,"SANTA ROSA, TACNA","MANZANA, fruto fresco",18620,"CAJA(S)","CHILE"
"1044","2023",2,"SANTA ROSA, TACNA","PERA, fruta fresca",5040,"CAJA(S)","CHILE"
"1045","2023",2,"SANTA ROSA, TACNA","CIRUELA, fruto fresco",20160,"CAJA(S)","CHILE"
"1046","2023",2,"SANTA ROSA, TACNA","KIWI, fruto fresco",3360,"CAJA(S)","CHILE"
"1047","2023",2,"OFICINA PUESTO DE CONTROL MARITIMO - PROV. CONST. DEL CALLAO","TURBA",128804,"BOLSAS","FINLANDIA"
"1048","2023",2,"SANTA ROSA, TACNA","PERA, fruta fresca",8064,"CAJA(S)","CHILE"
"1049","2023",2,"SANTA ROSA, TACNA","MANZANA, fruto fresco",11760,"CAJA(S)","CHILE"
"1050","2023",2,"SANTA ROSA, TACNA","MANZANA, fruto fresco",23520,"CAJA(S)","CHILE"
"1051","2023",2,"IÑAPARI, MADRE DE DIOS","SOYA, torta",32000,"SACO(S)","BRASIL"
"1052","2023",2,"SANTA ROSA, TACNA","CIRUELA, fruto fresco",13875,"CAJAS DE PLASTICO","CHILE"
"1053","2023",2,"SANTA ROSA, TACNA","MANZANA, fruto fresco",1862,"CAJA(S)","CHILE"
"1054","2023",2,"SANTA ROSA, TACNA","NECTARINA, fruto fresco",4605,"CAJAS DE PLASTICO","CHILE"
"1055","2023",2,"SANTA ROSA, TACNA","PERA, fruta fresca",23184,"CAJA(S)","CHILE"
"1056","2023",2,"OFICINA PUESTO DE CONTROL MARITIMO - PROV. CONST. DEL CALLAO","MADERA, monturas y mangos de herramientas, monturas y mangos de cepillos, brochas o escobas, de madera; hormas, ensanchadores y tensores del calzado, de madera ; con algún proceso de la CRF 2",28360,"SACO(S)","CHINA"
"1057","2023",2,"SANTA ROSA, TACNA","MANZANA, fruto fresco",23520,"CAJA(S)","CHILE"
"1058","2023",2,"SANTA ROSA, TACNA","MANZANA, fruto fresco",17326.4,"CAJA(S)","CHILE"
"1059","2023",2,"SANTA ROSA, TACNA","PERA, fruta fresca",5868,"CAJA(S)","CHILE"
"1060","2023",2,"AGUAS VERDES, TUMBES","CAÑA DE GUAYAQUIL, seca al natural",34000,"UNIDADES","ECUADOR"
"1061","2023",2,"IÑAPARI, MADRE DE DIOS","MAIZ AMARILLO DURO, grano",32000,"SACO(S)","BRASIL"
"1062","2023",2,"SANTA ROSA, TACNA","MANZANA, fruto fresco",13720,"CAJA(S)","CHILE"
"1063","2023",2,"SANTA ROSA, TACNA","PERA, fruta fresca",10080,"CAJA(S)","CHILE"
"1064","2023",2,"AGUAS VERDES, TUMBES","PITAHAYA, fruto fresco",21000,"CAJA(S)","ECUADOR"
"1065","2023",2,"SANTA ROSA, TACNA","MANZANA, fruto fresco",23520,"CAJA(S)","CHILE"
"1066","2023",2,"OFICINA PUESTO DE CONTROL MARITIMO - PROV. CONST. DEL CALLAO","TRIGO, grano",8934980,"GRANEL","EEUU"
"1067","2023",2,"SANTA ROSA, TACNA","SOYA, torta",27944,"SACO(S)","CHILE"
"1068","2023",2,"OFICINA PUESTO DE CONTROL MARITIMO - PROV. CONST. DEL CALLAO","PINO, madera aserrada con algún proceso de la CRF2",161164,"PAQUETES","CHILE"
"1069","2023",2,"SANTA ROSA, TACNA","MANZANA, fruto fresco",23520,"CAJA(S)","CHILE"
"1070","2023",2,"SANTA ROSA, TACNA","MANZANA, fruto fresco",23520,"CAJA(S)","CHILE"
"1071","2023",2,"OFICINA PUESTO DE CONTROL MARITIMO - PROV. CONST. DEL CALLAO","MAIZ, almidon",55000,"PALETAS","TURQUIA"
"1072","2023",2,"AGUAS VERDES, TUMBES","PITAHAYA, fruto fresco",18000,"CAJA(S)","ECUADOR"
"1073","2023",2,"AGUAS VERDES, TUMBES","PITAHAYA, fruto fresco",22000,"CAJA(S)","ECUADOR"
"1074","2023",2,"OFICINA PUESTO DE CONTROL MARITIMO - PROV. CONST. DEL CALLAO","TRIGO, gluten",22000,"BOLSAS","CHINA"
"1075","2023",2,"OFICINA PUESTO DE CONTROL MARITIMO - PROV. CONST. DEL CALLAO","CIRUELA, seca industrialmente",24000,"CAJA(S)","CHILE"
"1076","2023",2,"OFICINA PUESTO DE CONTROL MARITIMO - PROV. CONST. DEL CALLAO","CIRUELA, seca industrialmente",20000,"CAJA(S)","CHILE"
"1077","2023",2,"OFICINA PUESTO DE CONTROL MARITIMO - PROV. CONST. DEL CALLAO","ARROZ, harina",500,"CAJA(S)","CHINA"
"1078","2023",2,"OFICINA PUESTO DE CONTROL MARITIMO - PROV. CONST. DEL CALLAO","TRIGO, almidon",1634.4,"CAJA(S)","CHINA"
"1079","2023",2,"AGUAS VERDES, TUMBES","PITAHAYA, fruto fresco",45000,"CAJA(S)","ECUADOR"
"1080","2023",2,"OFICINA PUESTO DE CONTROL MARITIMO - PROV. CONST. DEL CALLAO","ARROZ, grano pilado",125000,"SACO(S)","URUGUAY"
"1081","2023",2,"SANTA ROSA, TACNA","SOYA, torta",29981,"SACO(S)","CHILE"
"1082","2023",2,"SANTA ROSA, TACNA","SOYA, torta",264550,"GRANEL","CHILE"
"1083","2023",2,"AGUAS VERDES, TUMBES","PITAHAYA, fruto fresco",22000,"CAJA(S)","ECUADOR"
"1084","2023",2,"SANTA ROSA, TACNA","SOYA, torta",77520,"GRANEL","CHILE"
"1085","2023",2,"AGUAS VERDES, TUMBES","PITAHAYA, fruto fresco",24000,"CAJA(S)","ECUADOR"
"1086","2023",2,"OFICINA PUESTO DE CONTROL MARITIMO - PROV. CONST. DEL CALLAO","COMINO, triturado y/o pulverizado",10000,"BOLSAS","INDIA"
"1087","2023",2,"OFICINA PUESTO DE CONTROL AEREO -  PROV. CONST. DEL CALLAO","LIMON, cáscara seca al natural",0.5,"BOLSAS","ARGENTINA"
"1088","2023",2,"OFICINA PUESTO DE CONTROL MARITIMO - PROV. CONST. DEL CALLAO","AZUCAR BLANCA O REFINADA (lectura polarimetrica mayor 99.5°)",318000,"SACO(S)","GUATEMALA"
"1089","2023",2,"SANTA ROSA, TACNA","TRACTOR USADO, con motor de potencia superior a 33 kW pero inferior o igual a 75 kW",4270,"UNIDADES","CHINA"
"1090","2023",2,"SANTA ROSA, TACNA","TRACTOR USADO, con motor de potencia superior a 33 kW pero inferior o igual a 75 kW",4143.418,"UNIDADES","CHINA"
"1091","2023",2,"SANTA ROSA, TACNA","TRACTOR USADO, con motor de potencia superior a 33 kW pero inferior o igual a 75 kW",4270,"UNIDADES","CHINA"
"1092","2023",2,"OFICINA PUESTO DE CONTROL MARITIMO - PROV. CONST. DEL CALLAO","PINO, postes de madera con algun proceso de la CRF 2",76758,"PIEZAS","EEUU"
"1093","2023",2,"SANTA ROSA, TACNA","SOYA, torta",138500,"SACO(S)","CHILE"
"1094","2023",2,"SANTA ROSA, TACNA","SOYA, torta",80000,"SACO(S)","CHILE"
"1095","2023",2,"AGUAS VERDES, TUMBES","PITAHAYA, fruto fresco",26000,"CAJA(S)","ECUADOR"
"1096","2023",2,"AGUAS VERDES, TUMBES","PITAHAYA, fruto fresco",21800,"CAJA(S)","ECUADOR"
"1097","2023",2,"OFICINA PUESTO DE CONTROL AEREO -  PROV. CONST. DEL CALLAO","PIMIENTA, grano seco al natural",0.32,"BOLSAS","VIETNAM"
"1098","2023",2,"OFICINA PUESTO DE CONTROL AEREO -  PROV. CONST. DEL CALLAO","CANELA, corteza entera seca al natural",0.33,"BOLSAS","VIETNAM"
"1099","2023",2,"AGUAS VERDES, TUMBES","PITAHAYA, fruto fresco",12500,"CAJA(S)","ECUADOR"
"1100","2023",2,"OFICINA PUESTO DE CONTROL AEREO -  PROV. CONST. DEL CALLAO","PIMIENTO, semilla",0.983,"SACHETS","HOLANDA"
"1101","2023",2,"OFICINA PUESTO DE CONTROL AEREO -  PROV. CONST. DEL CALLAO","TOMATE, semilla",0.059,"SACHETS","HOLANDA"
"1102","2023",2,"OFICINA PUESTO DE CONTROL AEREO -  PROV. CONST. DEL CALLAO","TOMATE, semilla",0.0096,"SACHETS","EEUU"
"1103","2023",2,"OFICINA PUESTO DE CONTROL AEREO -  PROV. CONST. DEL CALLAO","BERENJENA, semilla",0.18,"SACHETS","HOLANDA"
"1104","2023",2,"OFICINA PUESTO DE CONTROL AEREO -  PROV. CONST. DEL CALLAO","TOMATE, semilla",0.082,"SACHETS","EEUU"
"1105","2023",2,"OFICINA PUESTO DE CONTROL AEREO -  PROV. CONST. DEL CALLAO","PEPINILLO, semilla",0.08,"SACHETS","FRANCIA"
"1106","2023",2,"OFICINA PUESTO DE CONTROL AEREO -  PROV. CONST. DEL CALLAO","TOMATE, semilla",0.04,"SACHETS","ESPAÑA"
"1107","2023",2,"OFICINA PUESTO DE CONTROL AEREO -  PROV. CONST. DEL CALLAO","TOMATE, semilla",0.052,"SACHETS","ESPAÑA"
"1108","2023",2,"IÑAPARI, MADRE DE DIOS","MAIZ AMARILLO DURO, grano",28000,"SACO(S)","BRASIL"
"1109","2023",2,"IÑAPARI, MADRE DE DIOS","MAIZ AMARILLO DURO, grano",28000,"SACO(S)","BRASIL"
"1110","2023",2,"IÑAPARI, MADRE DE DIOS","MAIZ AMARILLO DURO, grano",28000,"SACO(S)","BRASIL"
"1111","2023",2,"IÑAPARI, MADRE DE DIOS","MAIZ AMARILLO DURO, grano",28000,"SACO(S)","BRASIL"
"1112","2023",2,"AGUAS VERDES, TUMBES","PITAHAYA, fruto fresco",12000,"CAJA(S)","ECUADOR"
"1113","2023",2,"OFICINA PUESTO DE CONTROL MARITIMO - PROV. CONST. DEL CALLAO","MANZANA, fruto fresco",35280,"CAJA(S)","EEUU"
"1114","2023",2,"IÑAPARI, MADRE DE DIOS","NUEZ DEL BRASIL, con cáscara seca al natural",27900,"SACO(S)","BRASIL"
"1115","2023",2,"AGUAS VERDES, TUMBES","PITAHAYA, fruto fresco",22000,"CAJA(S)","ECUADOR"
"1116","2023",2,"OFICINA PUESTO DE CONTROL AEREO -  PROV. CONST. DEL CALLAO","CONTROLADOR BIOLOGICO, especímenes",0.21,"FRASCO(S)","HOLANDA"
"1117","2023",2,"OFICINA PUESTO DE CONTROL AEREO -  PROV. CONST. DEL CALLAO","CONTROLADOR BIOLOGICO, especímenes",0.15,"FRASCO(S)","HOLANDA"
"1118","2023",2,"AGUAS VERDES, TUMBES","PITAHAYA, fruto fresco",21000,"CAJA(S)","ECUADOR"
"1119","2023",2,"PUERTO DE MATARANI , AREQUIPA","SOYA, torta",6784904,"GRANEL","EEUU"
"1120","2023",2,"PUERTO DE MATARANI , AREQUIPA","MAIZ AMARILLO DURO, grano",23500000,"GRANEL","EEUU"
"1121","2023",2,"SANTA ROSA, TACNA","MANZANA, fruto fresco",22540,"CAJA(S)","CHILE"
"1122","2023",2,"SANTA ROSA, TACNA","SOYA, harina",114000,"SACO(S)","CHILE"
"1123","2023",2,"SANTA ROSA, TACNA","SOYA, harina",138000,"SACO(S)","CHILE"
"1124","2023",2,"SANTA ROSA, TACNA","MANZANA, fruto fresco",23520,"CAJA(S)","CHILE"
"1125","2023",2,"SANTA ROSA, TACNA","MANZANA, fruto fresco",23520,"CAJA(S)","CHILE"
"1126","2023",2,"OFICINA PUESTO DE CONTROL MARITIMO - PROV. CONST. DEL CALLAO","COCO, rallado seco industrial",20,"CAJA(S)","HOLANDA"
"1127","2023",2,"OFICINA PUESTO DE CONTROL MARITIMO - PROV. CONST. DEL CALLAO","DATIL, seco industrial",80,"CAJA(S)","HOLANDA"
"1128","2023",2,"OFICINA PUESTO DE CONTROL MARITIMO - PROV. CONST. DEL CALLAO","UVA (PASAS), secas industrialmente",300,"CAJA(S)","HOLANDA"
"1129","2023",2,"OFICINA PUESTO DE CONTROL MARITIMO - PROV. CONST. DEL CALLAO","GOJI, fruta seca industrial",80,"CAJA(S)","HOLANDA"
"1130","2023",2,"OFICINA PUESTO DE CONTROL MARITIMO - PROV. CONST. DEL CALLAO","AVENA, grano aplastado o en copos (hojuelas)",1200,"SACO(S)","HOLANDA"
"1131","2023",2,"OFICINA PUESTO DE CONTROL MARITIMO - PROV. CONST. DEL CALLAO","TRIGO, grano trabajado (mondado, perlado, troceado o quebrantado)",100,"SACO(S)","HOLANDA"
"1132","2023",2,"OFICINA PUESTO DE CONTROL MARITIMO - PROV. CONST. DEL CALLAO","MANZANA, fruto fresco",19551,"CAJA(S)","CHILE"
"1133","2023",2,"OFICINA PUESTO DE CONTROL MARITIMO - PROV. CONST. DEL CALLAO","MAIZ REVENTON, grano",129956.4,"BOLSAS","BRASIL"
"1134","2023",2,"OFICINA PUESTO DE CONTROL MARITIMO - PROV. CONST. DEL CALLAO","PERA, fruta fresca",46080,"CAJA(S)","CHILE"
"1135","2023",2,"OFICINA PUESTO DE CONTROL MARITIMO - PROV. CONST. DEL CALLAO","MANZANA, fruto fresco",19551,"CAJA(S)","CHILE"
"1136","2023",2,"SANTA ROSA, TACNA","CIRUELA, fruto fresco",20160,"CAJA(S)","CHILE"
"1137","2023",2,"OFICINA PUESTO DE CONTROL MARITIMO - PROV. CONST. DEL CALLAO","NARANJA, fruto fresco",20000,"CAJA(S)","EEUU"
"1138","2023",2,"OFICINA PUESTO DE CONTROL MARITIMO - PROV. CONST. DEL CALLAO","NARANJA, fruto fresco",20000,"CAJA(S)","EEUU"
"1139","2023",2,"OFICINA PUESTO DE CONTROL MARITIMO - PROV. CONST. DEL CALLAO","MANZANA, fruto fresco",19845,"CAJA(S)","CHILE"
"1140","2023",2,"OFICINA PUESTO DE CONTROL MARITIMO - PROV. CONST. DEL CALLAO","PERA, fruta fresca",23040,"CAJA(S)","CHILE"
"1141","2023",2,"SANTA ROSA, TACNA","LENTEJA, grano",74841,"SACO(S)","CANADA"
"1142","2023",2,"OFICINA PUESTO DE CONTROL MARITIMO - PROV. CONST. DEL CALLAO","AVENA, grano trabajado (mondado, perlado, troceado o quebrantado)",150000,"SACO(S)","CHILE"
"1143","2023",2,"OFICINA PUESTO DE CONTROL MARITIMO - PROV. CONST. DEL CALLAO","PITAHAYA, fruto fresco",20940,"CAJA(S)","ECUADOR"
"1144","2023",2,"SANTA ROSA, TACNA","Los demas pulverizadores para agricultura u horticultura usados
",940,"UNIDADES","CHILE"
"1145","2023",2,"OFICINA PUESTO DE CONTROL MARITIMO - PROV. CONST. DEL CALLAO","MADERA, herramientas de madera con algún proceso de la CRF2",217.097,"UNIDADES","MEXICO"
"1146","2023",2,"OFICINA PUESTO DE CONTROL MARITIMO - PROV. CONST. DEL CALLAO","MADERA, monturas y mangos de herramientas, monturas y mangos de cepillos, brochas o escobas, de madera; hormas, ensanchadores y tensores del calzado, de madera ; con algún proceso de la CRF 2",130.812,"UNIDADES","MEXICO"
"1147","2023",2,"OFICINA PUESTO DE CONTROL MARITIMO - PROV. CONST. DEL CALLAO","AZUCAR BLANCA O REFINADA (lectura polarimetrica mayor 99.5°)",132500,"SACO(S)","COLOMBIA"
"1148","2023",2,"AGUAS VERDES, TUMBES","PITAHAYA, fruto fresco",22000,"CAJA(S)","ECUADOR"
"1149","2023",2,"AGUAS VERDES, TUMBES","PITAHAYA, fruto fresco",21900,"CAJA(S)","ECUADOR"
"1150","2023",2,"AGUAS VERDES, TUMBES","PITAHAYA, fruto fresco",22000,"CAJA(S)","ECUADOR"
"1151","2023",2,"AGUAS VERDES, TUMBES","PITAHAYA, fruto fresco",23500,"CAJA(S)","ECUADOR"
"1152","2023",2,"AGUAS VERDES, TUMBES","PITAHAYA, fruto fresco",21000,"CAJA(S)","ECUADOR"
"1153","2023",2,"SANTA ROSA, TACNA","SOYA, harina",161000,"SACO(S)","BOLIVIA"
"1154","2023",2,"OFICINA PUESTO DE CONTROL MARITIMO - PROV. CONST. DEL CALLAO","CAUCHO, hojas ahumadas",40320,"PALETAS","VIETNAM"
"1155","2023",2,"OFICINA PUESTO DE CONTROL MARITIMO - PROV. CONST. DEL CALLAO","CAUCHO, hojas ahumadas",40320,"PALETAS","VIETNAM"
"1156","2023",2,"OFICINA PUESTO DE CONTROL MARITIMO - PROV. CONST. DEL CALLAO","TRIGO, grano",550470,"GRANEL","EEUU"
"1157","2023",2,"OFICINA PUESTO DE CONTROL MARITIMO - PROV. CONST. DEL CALLAO","ARVEJA, grano partido",71804,"SACO(S)","EEUU"
"1158","2023",2,"AGUAS VERDES, TUMBES","TRIGO, afrecho seco industrial",25200,"SACO(S)","ECUADOR"
"1159","2023",2,"OFICINA PUESTO DE CONTROL MARITIMO - PROV. CONST. DEL CALLAO","ASERRIN, sin aglomerar, con algún proceso de la CRF 2",5760,"SACO(S)","ALEMANIA"
"1160","2023",2,"OFICINA PUESTO DE CONTROL AEREO -  PROV. CONST. DEL CALLAO","EPILOBIO, molido o triturado",0.6,"CAJA(S)","EEUU"
"1161","2023",2,"OFICINA PUESTO DE CONTROL AEREO -  PROV. CONST. DEL CALLAO","ACHIOTE, grano",3.35,"BOLSAS","BRASIL"
"1162","2023",2,"OFICINA PUESTO DE CONTROL MARITIMO - PROV. CONST. DEL CALLAO","ARVEJA, grano partido",124740,"SACO(S)","EEUU"
"1163","2023",2,"IÑAPARI, MADRE DE DIOS","SOYA, torta",32000,"SACO(S)","BRASIL"
"1164","2023",2,"IÑAPARI, MADRE DE DIOS","MAIZ AMARILLO DURO, grano",124000,"SACO(S)","BRASIL"
"1165","2023",2,"SANTA ROSA, TACNA","KIWI, fruto fresco",13562.5,"CAJA(S)","CHILE"
"1166","2023",2,"OFICINA PUESTO DE CONTROL MARITIMO - PROV. CONST. DEL CALLAO","TRIGO, gluten",19950,"BOLSAS","BELGICA"
"1167","2023",2,"OFICINA PUESTO DE CONTROL AEREO -  PROV. CONST. DEL CALLAO","MAIZ, semilla",1.108,"SOBRES","FRANCIA"
"1168","2023",2,"OFICINA PUESTO DE CONTROL MARITIMO - PROV. CONST. DEL CALLAO","FREJOL, grano",71360,"BOLSAS","ARGENTINA"
"1169","2023",2,"OFICINA PUESTO DE CONTROL MARITIMO - PROV. CONST. DEL CALLAO","MANZANA, fruto fresco",19551,"CAJA(S)","CHILE"
"1170","2023",2,"SANTA ROSA, TACNA","KIWI, fruto fresco",21840,"CAJA(S)","CHILE"
"1171","2023",2,"OFICINA PUESTO DE CONTROL MARITIMO - PROV. CONST. DEL CALLAO","MANZANA, fruto fresco",41160,"CAJA(S)","CHILE"
"1172","2023",2,"PUERTO DE PAITA , PIURA","TURBA",203040,"BIG BAG","HOLANDA"
"1173","2023",2,"PUERTO DE PAITA , PIURA","TURBA",203040,"BIG BAG","HOLANDA"
"1174","2023",2,"PUERTO DE PAITA , PIURA","TURBA",203040,"BIG BAG","HOLANDA"
"1175","2023",2,"PUERTO DE PAITA , PIURA","TURBA",203040,"BIG BAG","HOLANDA"
"1176","2023",2,"OFICINA PUESTO DE CONTROL MARITIMO - PROV. CONST. DEL CALLAO","TURBA",160580,"BIG BAG","LETONIA"
"1177","2023",2,"OFICINA PUESTO DE CONTROL MARITIMO - PROV. CONST. DEL CALLAO","TURBA",166655,"BIG BAG","LETONIA"
"1178","2023",2,"OFICINA PUESTO DE CONTROL AEREO -  PROV. CONST. DEL CALLAO","TRUFAS (Tuber spp), frescas o refrigeradas",0.5,"CAJA(S)","ITALIA"
"1179","2023",2,"OFICINA PUESTO DE CONTROL AEREO -  PROV. CONST. DEL CALLAO","TOMATE, semilla",0.017,"SACHETS","HOLANDA"
"1180","2023",2,"SANTA ROSA, TACNA","NECTARINA, fruto fresco",14336,"CAJA(S)","CHILE"
"1181","2023",2,"SANTA ROSA, TACNA","CIRUELA, fruto fresco",7920,"CAJA(S)","CHILE"
"1182","2023",2,"SANTA ROSA, TACNA","MANZANA, fruto fresco",22491,"CAJA(S)","CHILE"
"1183","2023",2,"SANTA ROSA, TACNA","MANZANA, fruto fresco",22491,"CAJA(S)","CHILE"
"1184","2023",2,"OFICINA PUESTO DE CONTROL MARITIMO - PROV. CONST. DEL CALLAO","CIRUELA, fruto fresco",12960,"CAJA(S)","CHILE"
"1185","2023",2,"OFICINA PUESTO DE CONTROL MARITIMO - PROV. CONST. DEL CALLAO","NECTARINA, fruto fresco",8640,"CAJA(S)","CHILE"
"1186","2023",2,"OFICINA PUESTO DE CONTROL MARITIMO - PROV. CONST. DEL CALLAO","MANZANA, fruto fresco",17640,"CAJA(S)","EEUU"
"1187","2023",2,"OFICINA PUESTO DE CONTROL MARITIMO - PROV. CONST. DEL CALLAO","PERA, fruta fresca",23814,"CAJA(S)","ARGENTINA"
"1188","2023",2,"AGUAS VERDES, TUMBES","PITAHAYA, fruto fresco",20000,"CAJA(S)","ECUADOR"
"1189","2023",2,"AGUAS VERDES, TUMBES","PITAHAYA, fruto fresco",18000,"CAJA(S)","ECUADOR"
"1190","2023",2,"PUESTO DE CONTROL- CEBAF","PITAHAYA, fruto fresco",21600,"CAJA(S)","ECUADOR"
"1191","2023",2,"AGUAS VERDES, TUMBES","PITAHAYA, fruto fresco",21600,"CAJA(S)","ECUADOR"
"1192","2023",2,"AGUAS VERDES, TUMBES","PITAHAYA, fruto fresco",21500,"CAJA(S)","ECUADOR"
"1193","2023",2,"OFICINA PUESTO DE CONTROL MARITIMO - PROV. CONST. DEL CALLAO","MANI, torta",9070,"BOLSAS","EEUU"
"1194","2023",2,"SANTA ROSA, TACNA","MANZANA, fruto fresco",23520,"CAJA(S)","CHILE"
"1195","2023",2,"OFICINA PUESTO DE CONTROL MARITIMO - PROV. CONST. DEL CALLAO","PAPA, fécula",259975,"SACO(S)","ALEMANIA"
"1196","2023",2,"PUERTO DE PAITA , PIURA","ARVEJA, grano partido",24993,"SACO(S)","CANADA"
"1197","2023",2,"OFICINA PUESTO DE CONTROL MARITIMO - PROV. CONST. DEL CALLAO","PAPA, chuño polvo",1000,"BOLSAS","BELGICA"
"1198","2023",2,"SANTA ROSA, TACNA","MAIZ, harina",4488,"CAJA(S)","ARGENTINA"
"1199","2023",2,"OFICINA PUESTO DE CONTROL MARITIMO - PROV. CONST. DEL CALLAO","AZUCAR CRUDA, sólido",125000,"SACO(S)","GUATEMALA"
"1200","2023",2,"OFICINA PUESTO DE CONTROL MARITIMO - PROV. CONST. DEL CALLAO","AZUCAR CRUDA, sólido",125000,"SACO(S)","GUATEMALA"
"1201","2023",2,"OFICINA PUESTO DE CONTROL MARITIMO - PROV. CONST. DEL CALLAO","AZUCAR CRUDA, sólido",125000,"SACO(S)","GUATEMALA"
"1202","2023",2,"SANTA ROSA, TACNA","KIWI, fruto fresco",20160,"CAJA(S)","CHILE"
"1203","2023",2,"SANTA ROSA, TACNA","MANZANA, fruto fresco",9800,"CAJA(S)","CHILE"
"1204","2023",2,"SANTA ROSA, TACNA","NECTARINA, fruto fresco",12168,"CAJA(S)","CHILE"
"1205","2023",2,"OFICINA PUESTO DE CONTROL MARITIMO - PROV. CONST. DEL CALLAO","CIRUELA, fruto fresco",16470,"CAJA(S)","CHILE"
"1206","2023",2,"OFICINA PUESTO DE CONTROL MARITIMO - PROV. CONST. DEL CALLAO","CEBOLLA, triturada o pulverizada",10200,"CAJA(S)","CHINA"
"1207","2023",2,"OFICINA PUESTO DE CONTROL MARITIMO - PROV. CONST. DEL CALLAO","AJO, polvo",17000,"CAJA(S)","CHINA"
"1208","2023",2,"OFICINA PUESTO DE CONTROL MARITIMO - PROV. CONST. DEL CALLAO","PIMIENTO, seco industrial",800,"CAJA(S)","CHINA"
"1209","2023",2,"SANTA ROSA, TACNA","SOYA, torta",135000,"SACO(S)","CHILE"
"1210","2023",2,"OFICINA PUESTO DE CONTROL AEREO -  PROV. CONST. DEL CALLAO","BETARRAGA, semilla",588,"BOLSAS","HOLANDA"
"1211","2023",2,"OFICINA PUESTO DE CONTROL MARITIMO - PROV. CONST. DEL CALLAO","CAUCHO, técnicamente especificado (TSNR)",40320,"PALETAS","COLOMBIA"
"1212","2023",2,"OFICINA PUESTO DE CONTROL MARITIMO - PROV. CONST. DEL CALLAO","TRACTOR USADO, con motor de potencia superior a 130KW",12777.5,"UNIDADES","HOLANDA"
"1213","2023",2,"OFICINA PUESTO DE CONTROL MARITIMO - PROV. CONST. DEL CALLAO","AVENA, grano trabajado (mondado, perlado, troceado o quebrantado)",120000,"SACO(S)","CHILE"
"1214","2023",2,"PUERTO DE PISCO , ICA","SOYA, torta",2e+06,"GRANEL","CHILE"
"1215","2023",2,"PUERTO DE PISCO , ICA","GIRASOL, torta",1e+06,"GRANEL","CHILE"
"1216","2023",2,"OFICINA PUESTO DE CONTROL MARITIMO - PROV. CONST. DEL CALLAO","PERA, fruta fresca",22932,"CAJA(S)","ARGENTINA"
"1217","2023",2,"OFICINA PUESTO DE CONTROL MARITIMO - PROV. CONST. DEL CALLAO","PORO, semilla",50,"LATAS","EEUU"
"1218","2023",2,"OFICINA PUESTO DE CONTROL MARITIMO - PROV. CONST. DEL CALLAO","COL, semilla",50,"LATAS","EEUU"
"1219","2023",2,"OFICINA PUESTO DE CONTROL MARITIMO - PROV. CONST. DEL CALLAO","LECHUGA, semilla",80,"LATAS","EEUU"
"1220","2023",2,"OFICINA PUESTO DE CONTROL MARITIMO - PROV. CONST. DEL CALLAO","ACELGA, semilla",80,"LATAS","EEUU"
"1221","2023",2,"OFICINA PUESTO DE CONTROL MARITIMO - PROV. CONST. DEL CALLAO","PEPINILLO, semilla",180,"LATAS","EEUU"
"1222","2023",2,"OFICINA PUESTO DE CONTROL MARITIMO - PROV. CONST. DEL CALLAO","PERA, fruta fresca",17280,"CAJA(S)","CHILE"
"1223","2023",2,"OFICINA PUESTO DE CONTROL MARITIMO - PROV. CONST. DEL CALLAO","CIRUELA, fruto fresco",5400,"CAJAS DE PLASTICO","CHILE"
"1224","2023",2,"OFICINA PUESTO DE CONTROL MARITIMO - PROV. CONST. DEL CALLAO","TOMATE, semilla",80,"LATAS","EEUU"
"1225","2023",2,"OFICINA PUESTO DE CONTROL MARITIMO - PROV. CONST. DEL CALLAO","PERA, fruta fresca",116940.8,"CAJA(S)","ARGENTINA"
"1226","2023",2,"IÑAPARI, MADRE DE DIOS","AZUCAR BLANCA O REFINADA (lectura polarimetrica mayor 99.5°)",93000,"SACO(S)","BRASIL"
"1227","2023",2,"OFICINA PUESTO DE CONTROL MARITIMO - PROV. CONST. DEL CALLAO","ARANDANO, planta",24495,"CAJAS DE PLASTICO","CHILE"
"1228","2023",2,"OFICINA PUESTO DE CONTROL MARITIMO - PROV. CONST. DEL CALLAO","PAPRIKA, seco industrial en trozos o  rodajas",22500,"PAQUETES","CHINA"
"1229","2023",2,"OFICINA PUESTO DE CONTROL MARITIMO - PROV. CONST. DEL CALLAO","AZUCAR BLANCA O REFINADA (lectura polarimetrica mayor 99.5°)",132500,"SACO(S)","NICARAGUA"
"1230","2023",2,"SANTA ROSA, TACNA","CAMOTE, fresco",23184,"CAJA(S)","CHILE"
"1231","2023",2,"OFICINA PUESTO DE CONTROL MARITIMO - PROV. CONST. DEL CALLAO","PERA, fruta fresca",17000,"CAJA(S)","CHILE"
"1232","2023",2,"OFICINA PUESTO DE CONTROL MARITIMO - PROV. CONST. DEL CALLAO","MADERA, herramientas de madera con algún proceso de la CRF2",0.204,"UNIDADES","CHINA"
"1233","2023",2,"OFICINA PUESTO DE CONTROL AEREO -  PROV. CONST. DEL CALLAO","PEPINILLO, semilla",0.235,"SACHETS","ISRAEL"
"1234","2023",2,"OFICINA PUESTO DE CONTROL AEREO -  PROV. CONST. DEL CALLAO","TOMATE, semilla",0.1396,"SACHETS","EEUU"
"1235","2023",2,"OFICINA PUESTO DE CONTROL AEREO -  PROV. CONST. DEL CALLAO","PIMIENTO, semilla",0.202,"SACHETS","HOLANDA"
"1236","2023",2,"OFICINA PUESTO DE CONTROL AEREO -  PROV. CONST. DEL CALLAO","PEPINILLO, semilla",0.29,"SACHETS","ESPAÑA"
"1237","2023",2,"OFICINA PUESTO DE CONTROL MARITIMO - PROV. CONST. DEL CALLAO","PINO, madera aserrada con algún proceso de la CRF2",45882,"PAQUETES","CHILE"
"1238","2023",2,"OFICINA PUESTO DE CONTROL MARITIMO - PROV. CONST. DEL CALLAO","NECTARINA, fruto fresco",4320,"CAJA(S)","CHILE"
"1239","2023",2,"OFICINA PUESTO DE CONTROL MARITIMO - PROV. CONST. DEL CALLAO","CIRUELA, fruto fresco",17928,"CAJA(S)","CHILE"
"1240","2023",2,"OFICINA PUESTO DE CONTROL MARITIMO - PROV. CONST. DEL CALLAO","ALGODON, fibra sin cardar ni peinar (>22.22 mm = o <28.57 mm)",98937,"FARDOS","EEUU"
"1241","2023",2,"OFICINA PUESTO DE CONTROL MARITIMO - PROV. CONST. DEL CALLAO","NARANJA, fruto fresco",18648,"CAJA(S)","EEUU"
"1242","2023",2,"SANTA ROSA, TACNA","SOYA, torta",111000,"SACO(S)","CHILE"
"1243","2023",2,"OFICINA PUESTO DE CONTROL MARITIMO - PROV. CONST. DEL CALLAO","AZUCAR BLANCA O REFINADA (lectura polarimetrica mayor 99.5°)",132500,"SACO(S)","COLOMBIA"
"1244","2023",2,"SANTA ROSA, TACNA","JENGIBRE (=KION), fresco",24192,"CAJA(S)","CHILE"
"1245","2023",2,"OFICINA PUESTO DE CONTROL MARITIMO - PROV. CONST. DEL CALLAO","ALMENDRA, sin cáscara secado al natural",19958.4,"CAJA(S)","EEUU"
"1246","2023",2,"OFICINA PUESTO DE CONTROL MARITIMO - PROV. CONST. DEL CALLAO","MAIZ AMARILLO DURO, grano",2986390,"GRANEL","ARGENTINA"
"1247","2023",2,"IÑAPARI, MADRE DE DIOS","SOYA, torta",19000,"SACO(S)","BRASIL"
"1248","2023",2,"IÑAPARI, MADRE DE DIOS","SOYA, torta",47600,"SACO(S)","BRASIL"
"1249","2023",2,"SANTA ROSA, TACNA","SOYA, harina",80000,"SACO(S)","CHILE"
"1250","2023",2,"PUERTO DE ILO, MOQUEGUA","TRIGO, grano",7500000,"GRANEL","CANADA"
"1251","2023",2,"PUERTO DE ILO, MOQUEGUA","TRIGO, grano",7500000,"GRANEL","CANADA"
"1252","2023",2,"PUERTO DE ILO, MOQUEGUA","TRIGO, grano",10500000,"GRANEL","CANADA"
"1253","2023",2,"PUERTO DE ILO, MOQUEGUA","TRIGO, grano",7500000,"GRANEL","CANADA"
"1254","2023",2,"SANTA ROSA, TACNA","SOYA, torta",109500,"SACO(S)","CHILE"
"1255","2023",2,"OFICINA PUESTO DE CONTROL MARITIMO - PROV. CONST. DEL CALLAO","PAPRIKA, seco industrial en trozos o  rodajas",22500,"PAQUETES","CHINA"
"1256","2023",2,"OFICINA PUESTO DE CONTROL MARITIMO - PROV. CONST. DEL CALLAO","TURBA",556570,"BOLSAS","ESTONIA"
"1257","2023",2,"PUERTO DE PAITA , PIURA","Arados usados
",998.02,"UNIDADES","CHILE"
"1258","2023",2,"PUERTO DE PAITA , PIURA","Cosechadoras-trilladoras usadas
",688.28,"UNIDADES","CHILE"
"1259","2023",2,"PUERTO DE PAITA , PIURA","TRACTOR USADO, con motor de potencia superior a 75 kW pero inferior o igual a 130 kW",3785.73,"UNIDADES","CHILE"
"1260","2023",2,"OFICINA PUESTO DE CONTROL MARITIMO - PROV. CONST. DEL CALLAO","BARRILES, CUBAS, TINAS y demas manufacturas de toneleria y sus partes de madera, incluidas las duelas con algún proceso de la  CRF2",350,"UNIDADES","CHILE"
"1261","2023",2,"OFICINA PUESTO DE CONTROL MARITIMO - PROV. CONST. DEL CALLAO","ALMENDRA, sin cáscara secado al natural",16329.493,"CAJA(S)","EEUU"
"1262","2023",2,"SANTA ROSA, TACNA","TRACTOR USADO, con motor de potencia superior a 33 kW pero inferior o igual a 75 kW",850,"UNIDADES","CHINA"
"1263","2023",2,"SANTA ROSA, TACNA","TRACTOR USADO, con motor de potencia superior a 33 kW pero inferior o igual a 75 kW",800,"UNIDADES","CHINA"
"1264","2023",2,"SANTA ROSA, TACNA","TRACTOR USADO, con motor de potencia superior a 33 kW pero inferior o igual a 75 kW",3000,"UNIDADES","CHINA"
"1265","2023",2,"SANTA ROSA, TACNA","TRACTOR USADO, con motor de potencia superior a 33 kW pero inferior o igual a 75 kW",800,"UNIDADES","CHINA"
"1266","2023",2,"SANTA ROSA, TACNA","TRACTOR USADO, con motor de potencia superior a 33 kW pero inferior o igual a 75 kW",1500,"UNIDADES","CHINA"
"1267","2023",2,"SANTA ROSA, TACNA","Cultivadores, azadas rotativas( rotocultores), escardadoras y binadoras usadas
",2400,"UNIDADES","CHINA"
"1268","2023",2,"SANTA ROSA, TACNA","TRACTOR USADO, con motor de potencia superior a 33 kW pero inferior o igual a 75 kW",1500,"UNIDADES","CHINA"
"1269","2023",2,"SANTA ROSA, TACNA","TRACTOR USADO, con motor de potencia superior a 33 kW pero inferior o igual a 75 kW",1000,"UNIDADES","CHINA"
"1270","2023",2,"SANTA ROSA, TACNA","TRACTOR USADO, con motor de potencia superior a 33 kW pero inferior o igual a 75 kW",900,"UNIDADES","CHINA"
"1271","2023",2,"OFICINA PUESTO DE CONTROL MARITIMO - PROV. CONST. DEL CALLAO","TRACTOR USADO, con motor de potencia superior a 33 kW pero inferior o igual a 75 kW",6500,"UNIDADES","CHINA"
"1272","2023",2,"OFICINA PUESTO DE CONTROL MARITIMO - PROV. CONST. DEL CALLAO","LUPULO, pellets",9000,"PALETAS","EEUU"
"1273","2023",2,"OFICINA PUESTO DE CONTROL MARITIMO - PROV. CONST. DEL CALLAO","ARROZ, grano pilado",483720,"GRANEL","URUGUAY"
"1274","2023",2,"OFICINA PUESTO DE CONTROL MARITIMO - PROV. CONST. DEL CALLAO","ARROZ, grano pilado",3e+05,"SACO(S)","URUGUAY"
"1275","2023",2,"OFICINA PUESTO DE CONTROL MARITIMO - PROV. CONST. DEL CALLAO","NARANJA, fruto fresco",18685,"CAJA(S)","EEUU"
"1276","2023",2,"OFICINA PUESTO DE CONTROL MARITIMO - PROV. CONST. DEL CALLAO","TRIGO, semola",1755,"CAJA(S)","ITALIA"
"1277","2023",2,"OFICINA PUESTO DE CONTROL MARITIMO - PROV. CONST. DEL CALLAO","PINO, madera aserrada con algún proceso de la CRF2",20281,"PAQUETES","EEUU"
"1278","2023",2,"OFICINA PUESTO DE CONTROL MARITIMO - PROV. CONST. DEL CALLAO","COCO, fibra (para sustrato)",22680,"PAQUETES","SRI LANKA"
"1279","2023",2,"OFICINA PUESTO DE CONTROL MARITIMO - PROV. CONST. DEL CALLAO","AVENA, grano aplastado o en copos (hojuelas)",52500,"SACO(S)","CHILE"
"1280","2023",2,"OFICINA PUESTO DE CONTROL MARITIMO - PROV. CONST. DEL CALLAO","AVENA, salvados, moyuelos y demas residuos del cernido de la molienda o de otros tratamientos incluso en pellets",14400,"BOLSAS","POLONIA"
"1281","2023",2,"SANTA ROSA, TACNA","SOYA, torta",134000,"SACO(S)","CHILE"
"1282","2023",2,"OFICINA PUESTO DE CONTROL MARITIMO - PROV. CONST. DEL CALLAO","COCO, fibra (para sustrato)",98784,"PAQUETES","SRI LANKA"
"1283","2023",2,"OFICINA PUESTO DE CONTROL MARITIMO - PROV. CONST. DEL CALLAO","PINO OREGON, madera aserrada",40136,"PAQUETES","EEUU"
"1284","2023",2,"OFICINA PUESTO DE CONTROL AEREO -  PROV. CONST. DEL CALLAO","MAIZ, semilla",8,"SOBRES","BRASIL"
"1285","2023",2,"OFICINA PUESTO DE CONTROL AEREO -  PROV. CONST. DEL CALLAO","TOMATE, semilla",0.007,"SACHETS","JAPON"
"1286","2023",2,"OFICINA PUESTO DE CONTROL AEREO -  PROV. CONST. DEL CALLAO","CEBOLLA, semilla",2.6,"SACHETS","GUATEMALA"
"1287","2023",2,"OFICINA PUESTO DE CONTROL AEREO -  PROV. CONST. DEL CALLAO","PIMIENTO, semilla",0.546,"SACHETS","ITALIA"
"1288","2023",2,"OFICINA PUESTO DE CONTROL AEREO -  PROV. CONST. DEL CALLAO","ACELGA, semilla",1.499,"SACHETS","ITALIA"
"1289","2023",2,"OFICINA PUESTO DE CONTROL AEREO -  PROV. CONST. DEL CALLAO","PEPINILLO, semilla",0.615,"SACHETS","ITALIA"
"1290","2023",2,"OFICINA PUESTO DE CONTROL MARITIMO - PROV. CONST. DEL CALLAO","ALGODON, fibra sin cardar ni peinar (>28.57 mm = o <34.92 mm)",134310,"FARDOS","EEUU"
"1291","2023",2,"OFICINA PUESTO DE CONTROL MARITIMO - PROV. CONST. DEL CALLAO","MANZANA, fruto fresco",19756.8,"CAJA(S)","CHILE"
"1292","2023",2,"OFICINA PUESTO DE CONTROL MARITIMO - PROV. CONST. DEL CALLAO","ALGA, secas",361.2,"BOLSAS","CHINA"
"1293","2023",2,"OFICINA PUESTO DE CONTROL MARITIMO - PROV. CONST. DEL CALLAO","BAMBU, madera sin emsamblar (tablillas y frisos para parqués barnizadas o laquedas) distintas de las coniferas",9158,"PALETAS","CHINA"
"1294","2023",2,"OFICINA PUESTO DE CONTROL MARITIMO - PROV. CONST. DEL CALLAO","MEZCLAS, previstas en la Nota 1b) del capítulo 09, con algún proceso de la CRF2",4881.6,"CAJA(S)","CHINA"
"1295","2023",2,"OFICINA PUESTO DE CONTROL MARITIMO - PROV. CONST. DEL CALLAO","OREJAS DE JUDAS, seco industrial",600,"CAJA(S)","CHINA"
"1296","2023",2,"OFICINA PUESTO DE CONTROL MARITIMO - PROV. CONST. DEL CALLAO","Shitake (Lentinus edodes), secos, incluso los cortados en trozos o en rodajas, trituradas o pulverizadas, sin otra preparación",480,"CAJA(S)","CHINA"
"1297","2023",2,"OFICINA PUESTO DE CONTROL MARITIMO - PROV. CONST. DEL CALLAO","TRIGO, almidon",480,"CAJA(S)","CHINA"
"1298","2023",2,"OFICINA PUESTO DE CONTROL MARITIMO - PROV. CONST. DEL CALLAO","ARROZ, grano pilado",577500,"GRANEL","URUGUAY"
"1299","2023",2,"OFICINA PUESTO DE CONTROL MARITIMO - PROV. CONST. DEL CALLAO","YERBA MATE, secado industrial",3500,"CAJA(S)","ARGENTINA"
"1300","2023",2,"OFICINA PUESTO DE CONTROL MARITIMO - PROV. CONST. DEL CALLAO","PINO, postes de madera con algun proceso de la CRF 2",226218,"PIEZAS","EEUU"
"1301","2023",2,"OFICINA PUESTO DE CONTROL MARITIMO - PROV. CONST. DEL CALLAO","COCO, rallado seco industrial",113.4,"BOLSAS","CHILE"
"1302","2023",2,"OFICINA PUESTO DE CONTROL MARITIMO - PROV. CONST. DEL CALLAO","TRIGO, harina",2028.25,"SACO(S)","ESPAÑA"
"1303","2023",2,"PUERTO DE MATARANI , AREQUIPA","SOYA, torta",4813720,"GRANEL","CHILE"
"1304","2023",2,"PUERTO DE MATARANI , AREQUIPA","GIRASOL, torta",3130260,"GRANEL","CHILE"
"1305","2023",2,"OFICINA PUESTO DE CONTROL MARITIMO - PROV. CONST. DEL CALLAO","MOSTAZA, grano",23587,"SACO(S)","CANADA"
"1306","2023",2,"OFICINA PUESTO DE CONTROL MARITIMO - PROV. CONST. DEL CALLAO","ARROZ, grano pilado",375000,"SACO(S)","URUGUAY"
"1307","2023",2,"OFICINA PUESTO DE CONTROL AEREO -  PROV. CONST. DEL CALLAO","QUINUA, grano aplastado o en copos (hojuelas)",0.5,"BOLSAS","BOLIVIA"
"1308","2023",2,"OFICINA PUESTO DE CONTROL MARITIMO - PROV. CONST. DEL CALLAO","ALGODON, fibra sin cardar ni peinar (>34.92 mm)",192600,"FARDOS","EEUU"
"1309","2023",2,"OFICINA PUESTO DE CONTROL MARITIMO - PROV. CONST. DEL CALLAO","UVA (PASAS), secas naturalmente",8120,"CAJA(S)","CHILE"
"1310","2023",2,"OFICINA PUESTO DE CONTROL MARITIMO - PROV. CONST. DEL CALLAO","ARVEJA, grano partido",49442,"SACO(S)","CANADA"
"1311","2023",2,"SANTA ROSA, TACNA","LENTEJA, grano",52164,"SACO(S)","CANADA"
"1312","2023",2,"OFICINA PUESTO DE CONTROL MARITIMO - PROV. CONST. DEL CALLAO","MAIZ, harina",526300,"FARDOS","COLOMBIA"
"1313","2023",2,"OFICINA PUESTO DE CONTROL MARITIMO - PROV. CONST. DEL CALLAO","PERA, fruta fresca",45360,"CAJA(S)","ARGENTINA"
"1314","2023",2,"OFICINA PUESTO DE CONTROL MARITIMO - PROV. CONST. DEL CALLAO","ARVEJA, grano entero",25855,"SACO(S)","CANADA"
"1315","2023",2,"OFICINA PUESTO DE CONTROL MARITIMO - PROV. CONST. DEL CALLAO","AVENA, grano trabajado (mondado, perlado, troceado o quebrantado)",23000,"SACO(S)","CHILE"
"1316","2023",2,"OFICINA PUESTO DE CONTROL MARITIMO - PROV. CONST. DEL CALLAO","COCO, fibra (para sustrato)",95420,"PALETAS","SRI LANKA"
"1317","2023",2,"OFICINA PUESTO DE CONTROL MARITIMO - PROV. CONST. DEL CALLAO","LENTEJA, grano",52618,"SACO(S)","CANADA"
"1318","2023",2,"OFICINA PUESTO DE CONTROL MARITIMO - PROV. CONST. DEL CALLAO","MARCOS, madera",13418,"CAJA(S)","CHINA"
"1319","2023",2,"SANTA ROSA, TACNA","SOYA, torta",130000,"GRANEL","CHILE"
"1320","2023",2,"OFICINA PUESTO DE CONTROL MARITIMO - PROV. CONST. DEL CALLAO","MAIZ, harina",90000,"SACO(S)","MEXICO"
"1321","2023",2,"OFICINA PUESTO DE CONTROL MARITIMO - PROV. CONST. DEL CALLAO","ARROZ, grano pilado",250000,"SACO(S)","URUGUAY"
"1322","2023",2,"OFICINA PUESTO DE CONTROL MARITIMO - PROV. CONST. DEL CALLAO","ARVEJA, grano partido",92988,"SACO(S)","EEUU"
"1323","2023",2,"OFICINA PUESTO DE CONTROL MARITIMO - PROV. CONST. DEL CALLAO","ARVEJA, grano partido",98340,"SACO(S)","CANADA"
"1324","2023",2,"PUESTO DE CONTROL- CEBAF","SACHA INCHI, grano",2000,"SACO(S)","COLOMBIA"
"1325","2023",2,"PUESTO DE CONTROL- CEBAF","SACHA INCHI, grano",8760,"SACO(S)","COLOMBIA"
"1326","2023",2,"OFICINA PUESTO DE CONTROL MARITIMO - PROV. CONST. DEL CALLAO","MACA, harina, polvo",340,"PALETAS","TAIWAN"
"1327","2023",2,"AGUAS VERDES, TUMBES","ROSA, flores frescas cortadas",3000,"CAJA(S)","ECUADOR"
"1328","2023",2,"AGUAS VERDES, TUMBES","CLAVEL, flores frescas cortadas",1000,"CAJA(S)","ECUADOR"
"1329","2023",2,"OFICINA PUESTO DE CONTROL MARITIMO - PROV. CONST. DEL CALLAO","LENTEJA, grano",105054,"SACO(S)","CANADA"
"1330","2023",2,"OFICINA PUESTO DE CONTROL MARITIMO - PROV. CONST. DEL CALLAO","ARVEJA, grano partido",69399,"SACO(S)","EEUU"
"1331","2023",2,"OFICINA PUESTO DE CONTROL MARITIMO - PROV. CONST. DEL CALLAO","MAIZ AMARILLO DURO, grano",2021810,"GRANEL","BRASIL"
"1332","2023",2,"OFICINA PUESTO DE CONTROL MARITIMO - PROV. CONST. DEL CALLAO","MAIZ AMARILLO DURO, grano",30927710,"GRANEL","BRASIL"
"1333","2023",2,"OFICINA PUESTO DE CONTROL MARITIMO - PROV. CONST. DEL CALLAO","MANZANA, secada industrialmente",495,"CAJA(S)","CHILE"
"1334","2023",2,"OFICINA PUESTO DE CONTROL MARITIMO - PROV. CONST. DEL CALLAO","LENTEJA, grano",260820,"SACO(S)","CANADA"
"1335","2023",2,"SANTA ROSA, TACNA","SOYA, harina",109000,"SACO(S)","CHILE"
"1336","2023",2,"OFICINA PUESTO DE CONTROL MARITIMO - PROV. CONST. DEL CALLAO","LENTEJA, grano",184156,"SACO(S)","CANADA"
"1337","2023",2,"OFICINA PUESTO DE CONTROL MARITIMO - PROV. CONST. DEL CALLAO","MANZANA, fruto fresco",20580,"CAJA(S)","EEUU"
"1338","2023",2,"OFICINA PUESTO DE CONTROL MARITIMO - PROV. CONST. DEL CALLAO","PIMIENTA, grano seco al natural",54000,"SACO(S)","BRASIL"
"1339","2023",2,"OFICINA PUESTO DE CONTROL MARITIMO - PROV. CONST. DEL CALLAO","TRIGO, harina",1920,"PAQUETES","ITALIA"
"1340","2023",2,"OFICINA PUESTO DE CONTROL MARITIMO - PROV. CONST. DEL CALLAO","TRIGO, harina",22000,"SACO(S)","ITALIA"
"1341","2023",2,"AGUAS VERDES, TUMBES","PITAHAYA, fruto fresco",44000,"CAJA(S)","ECUADOR"
"1342","2023",2,"SANTA ROSA, TACNA","SOYA, torta",86500,"SACO(S)","CHILE"
"1343","2023",2,"OFICINA PUESTO DE CONTROL MARITIMO - PROV. CONST. DEL CALLAO","AVENA, grano trabajado (mondado, perlado, troceado o quebrantado)",24000,"SACO(S)","CHILE"
"1344","2023",2,"OFICINA PUESTO DE CONTROL AEREO -  PROV. CONST. DEL CALLAO","WAX FLOWER (=CHAMELAUCIUM), esqueje enraizado",436.982,"CAJA(S)","ISRAEL"
"1345","2023",2,"OFICINA PUESTO DE CONTROL AEREO -  PROV. CONST. DEL CALLAO","RICE FLOWER, planta",40,"CAJA(S)","ISRAEL"
"1346","2023",2,"OFICINA PUESTO DE CONTROL MARITIMO - PROV. CONST. DEL CALLAO","MAIZ, almidon",1760,"CAJA(S)","CHINA"
"1347","2023",2,"OFICINA PUESTO DE CONTROL MARITIMO - PROV. CONST. DEL CALLAO","ALGODON, fibra sin cardar ni peinar (>28.57 mm = o <34.92 mm)",100550,"FARDOS","EEUU"
"1348","2023",2,"AGUAS VERDES, TUMBES","PITAHAYA, fruto fresco",24000,"CAJA(S)","ECUADOR"
"1349","2023",2,"AGUAS VERDES, TUMBES","CAÑA DE GUAYAQUIL, seca al natural",34000,"UNIDADES","ECUADOR"
"1350","2023",2,"AGUAS VERDES, TUMBES","ROSA, flores frescas cortadas",4046,"CAJA(S)","ECUADOR"
"1351","2023",2,"AGUAS VERDES, TUMBES","CLAVEL, flores frescas cortadas",308,"CAJA(S)","ECUADOR"
"1352","2023",2,"AGUAS VERDES, TUMBES","CRISANTEMO, flores frescas cortadas",170,"CAJA(S)","ECUADOR"
"1353","2023",2,"AGUAS VERDES, TUMBES","LILIUM (=AZUCENA), flores frescas cortadas",340,"CAJA(S)","ECUADOR"
"1354","2023",2,"OFICINA PUESTO DE CONTROL AEREO -  PROV. CONST. DEL CALLAO","PAPA, almidon",1,"BOLSA DE POLIETILENO","HOLANDA"
"1355","2023",2,"AGUAS VERDES, TUMBES","PITAHAYA, fruto fresco",22500,"CAJA(S)","ECUADOR"
"1356","2023",2,"AGUAS VERDES, TUMBES","PITAHAYA, fruto fresco",26000,"CAJA(S)","ECUADOR"
"1357","2023",2,"OFICINA PUESTO DE CONTROL MARITIMO - PROV. CONST. DEL CALLAO","MAIZ AMARILLO DURO, grano",35755160,"GRANEL","ARGENTINA"
"1358","2023",2,"OFICINA PUESTO DE CONTROL MARITIMO - PROV. CONST. DEL CALLAO","MAIZ AMARILLO DURO, grano",16356260,"GRANEL","ARGENTINA"
"1359","2023",2,"AGUAS VERDES, TUMBES","PITAHAYA, fruto fresco",21600,"CAJA(S)","ECUADOR"
"1360","2023",2,"OFICINA PUESTO DE CONTROL MARITIMO - PROV. CONST. DEL CALLAO","TRIGO DURO, grano",3295500,"GRANEL","CANADA"
"1361","2023",2,"OFICINA PUESTO DE CONTROL MARITIMO - PROV. CONST. DEL CALLAO","TRIGO, grano",11006680,"GRANEL","CANADA"
"1362","2023",2,"AGUAS VERDES, TUMBES","PAJA MACORA, paja seca al natural",1240,"FARDOS","ECUADOR"
"1363","2023",2,"AGUAS VERDES, TUMBES","PAJA MACORA, paja seca al natural",2700,"FARDOS","ECUADOR"
"1364","2023",2,"AGUAS VERDES, TUMBES","PITAHAYA, fruto fresco",21600,"CAJA(S)","ECUADOR"
"1365","2023",2,"OFICINA PUESTO DE CONTROL MARITIMO - PROV. CONST. DEL CALLAO","ALGODON, fibra sin cardar ni peinar (>28.57 mm = o <34.92 mm)",19750,"FARDOS","EEUU"
"1366","2023",2,"OFICINA PUESTO DE CONTROL MARITIMO - PROV. CONST. DEL CALLAO","PASTO, mezcla de semillas",12500,"SACO(S)","ESPAÑA"
"1367","2023",2,"OFICINA PUESTO DE CONTROL MARITIMO - PROV. CONST. DEL CALLAO","ALGODON, fibra sin cardar ni peinar (>34.92 mm)",19260,"FARDOS","EEUU"
"1368","2023",2,"SANTA ROSA, TACNA","SOYA, torta",138500,"SACO(S)","CHILE"
"1369","2023",2,"OFICINA PUESTO DE CONTROL MARITIMO - PROV. CONST. DEL CALLAO","PAPA, fécula",252000,"SACO(S)","DINAMARCA"
"1370","2023",2,"OFICINA PUESTO DE CONTROL MARITIMO - PROV. CONST. DEL CALLAO","ARVEJA, grano partido",123605,"SACO(S)","CANADA"
"1371","2023",2,"AGUAS VERDES, TUMBES","PITAHAYA, fruto fresco",22500,"CAJA(S)","ECUADOR"
"1372","2023",2,"OFICINA PUESTO DE CONTROL MARITIMO - PROV. CONST. DEL CALLAO","ANIS O BADIANA, grano",22000,"SACO(S)","ESPAÑA"
"1373","2023",2,"OFICINA PUESTO DE CONTROL MARITIMO - PROV. CONST. DEL CALLAO","MATERIAS VEGETALES, para tallar trabajadas con algun proceso de la CRF 2",1673.351,"CAJA(S)","CHINA"
"1374","2023",2,"OFICINA PUESTO DE CONTROL MARITIMO - PROV. CONST. DEL CALLAO","PINO, madera aserrada con algún proceso de la CRF2",265160,"PAQUETES","CHILE"
"1375","2023",2,"SANTA ROSA, TACNA","MANZANA, fruto fresco",22834,"CAJA(S)","CHILE"
"1376","2023",2,"OFICINA PUESTO DE CONTROL MARITIMO - PROV. CONST. DEL CALLAO","FLOR DE JAMAICA, seca natural",27000,"SACO(S)","NIGERIA"
"1377","2023",2,"SANTA ROSA, TACNA","NECTARINA, fruto fresco",21504,"CAJA(S)","CHILE"
"1378","2023",2,"SANTA ROSA, TACNA","MANZANA, fruto fresco",19180,"CAJA(S)","CHILE"
"1379","2023",2,"SANTA ROSA, TACNA","KIWI, fruto fresco",4200,"CAJA(S)","CHILE"
"1380","2023",2,"AGUAS VERDES, TUMBES","PITAHAYA, fruto fresco",22000,"CAJA(S)","ECUADOR"
"1381","2023",2,"OFICINA PUESTO DE CONTROL MARITIMO - PROV. CONST. DEL CALLAO","FRESA, congelado",19996.2,"CAJA(S)",NA
"1382","2023",2,"SANTA ROSA, TACNA","NECTARINA, fruto fresco",13440,"CAJA(S)","CHILE"
"1383","2023",2,"SANTA ROSA, TACNA","CIRUELA, fruto fresco",6720,"CAJA(S)","CHILE"
"1384","2023",2,"OFICINA PUESTO DE CONTROL MARITIMO - PROV. CONST. DEL CALLAO","ARVEJA, grano entero",91988,"SACO(S)","CANADA"
"1385","2023",2,"OFICINA PUESTO DE CONTROL MARITIMO - PROV. CONST. DEL CALLAO","PAPA, fécula",1e+05,"BOLSAS","HOLANDA"
"1386","2023",2,"OFICINA PUESTO DE CONTROL MARITIMO - PROV. CONST. DEL CALLAO","MADERA, monturas y mangos de herramientas, monturas y mangos de cepillos, brochas o escobas, de madera; hormas, ensanchadores y tensores del calzado, de madera ; con algún proceso de la CRF 2",28500,"SACO(S)","CHINA"
"1387","2023",2,"IÑAPARI, MADRE DE DIOS","AZUCAR BLANCA O REFINADA (lectura polarimetrica mayor 99.5°)",32000,"PAQUETES","BRASIL"
"1388","2023",2,"IÑAPARI, MADRE DE DIOS","AZUCAR BLANCA O REFINADA (lectura polarimetrica mayor 99.5°)",64000,"SACO(S)","BRASIL"
"1389","2023",2,"OFICINA PUESTO DE CONTROL AEREO -  PROV. CONST. DEL CALLAO","MAIZ, almidon",1,"BOLSAS","PARAGUAY"
"1390","2023",2,"AGUAS VERDES, TUMBES","PITAHAYA, fruto fresco",22000,"CAJA(S)","ECUADOR"
"1391","2023",2,"SANTA ROSA, TACNA","MANZANA, fruto fresco",23520,"CAJA(S)","CHILE"
"1392","2023",2,"OFICINA PUESTO DE CONTROL MARITIMO - PROV. CONST. DEL CALLAO","PINO, postes de madera con algun proceso de la CRF 2",97813,"UNIDADES","EEUU"
"1393","2023",2,"SANTA ROSA, TACNA","MANZANA, fruto fresco",23128,"CAJA(S)","CHILE"
"1394","2023",2,"OFICINA PUESTO DE CONTROL MARITIMO - PROV. CONST. DEL CALLAO","TRIGO, grano",2424070,"GRANEL","CANADA"
"1395","2023",2,"SANTA ROSA, TACNA","MANZANA, fruto fresco",23520,"CAJA(S)","CHILE"
"1396","2023",2,"OFICINA PUESTO DE CONTROL MARITIMO - PROV. CONST. DEL CALLAO","CEBOLLA, triturada o pulverizada",52.39,"UNIDADES","EEUU"
"1397","2023",2,"OFICINA PUESTO DE CONTROL MARITIMO - PROV. CONST. DEL CALLAO","CEBOLLA, triturada o pulverizada",299.371,"PAQUETES","EEUU"
"1398","2023",2,"OFICINA PUESTO DE CONTROL MARITIMO - PROV. CONST. DEL CALLAO","AJO, polvo",1621.704,"PAQUETES","EEUU"
"1399","2023",2,"OFICINA PUESTO DE CONTROL MARITIMO - PROV. CONST. DEL CALLAO","AJO CON PEREJIL, molido",52.73,"PAQUETES","EEUU"
"1400","2023",2,"OFICINA PUESTO DE CONTROL MARITIMO - PROV. CONST. DEL CALLAO","ALBAHACA, molida",20.412,"UNIDADES","EEUU"
"1401","2023",2,"OFICINA PUESTO DE CONTROL MARITIMO - PROV. CONST. DEL CALLAO","ENELDO, seco industrial",114.305,"PAQUETES","EEUU"
"1402","2023",2,"OFICINA PUESTO DE CONTROL MARITIMO - PROV. CONST. DEL CALLAO","HORTALIZAS,las demas y mezclas(incluso silv.),secas,trituradas,pulverizadas",57.153,"PAQUETES","EEUU"
"1403","2023",2,"OFICINA PUESTO DE CONTROL MARITIMO - PROV. CONST. DEL CALLAO","PIÑON, sin cascara seca industrialmente",32.659,"PAQUETES","EEUU"
"1404","2023",2,"OFICINA PUESTO DE CONTROL MARITIMO - PROV. CONST. DEL CALLAO","PIMIENTA, mezcla con algún proceso de la CRF 2",620.515,"PAQUETES","EEUU"
"1405","2023",2,"OFICINA PUESTO DE CONTROL MARITIMO - PROV. CONST. DEL CALLAO","PIMIENTA, molida",1527.471,"PAQUETES","EEUU"
"1406","2023",2,"OFICINA PUESTO DE CONTROL MARITIMO - PROV. CONST. DEL CALLAO","CANELA, corteza entera secada industrialmente",152.407,"UNIDADES","EEUU"
"1407","2023",2,"OFICINA PUESTO DE CONTROL MARITIMO - PROV. CONST. DEL CALLAO","CANELA, triturada o pulverizada (molida)",217.724,"PAQUETES","EEUU"
"1408","2023",2,"OFICINA PUESTO DE CONTROL MARITIMO - PROV. CONST. DEL CALLAO","CLAVO DE OLOR, sin triturar ni pulverizar con secado al horno",20.412,"PAQUETES","EEUU"
"1409","2023",2,"OFICINA PUESTO DE CONTROL MARITIMO - PROV. CONST. DEL CALLAO","NUEZ MOSCADA, sin triturar ni pulverizar con secado al horno",327.168,"PAQUETES","EEUU"
"1410","2023",2,"OFICINA PUESTO DE CONTROL MARITIMO - PROV. CONST. DEL CALLAO","NUEZ MOSCADA, triturada o molida",108.862,"PAQUETES","EEUU"
"1411","2023",2,"OFICINA PUESTO DE CONTROL MARITIMO - PROV. CONST. DEL CALLAO","CULANTRO, semilla triturada, pulverizada o con algún proceso de la CRF 2",57.153,"PAQUETES","EEUU"
"1412","2023",2,"OFICINA PUESTO DE CONTROL MARITIMO - PROV. CONST. DEL CALLAO","COMINO, triturado y/o pulverizado",228.61,"PAQUETES","EEUU"
"1413","2023",2,"OFICINA PUESTO DE CONTROL MARITIMO - PROV. CONST. DEL CALLAO","ANIS ESTRELLA, trituradas o pulverizadas",48.988,"PAQUETES","EEUU"
"1414","2023",2,"OFICINA PUESTO DE CONTROL MARITIMO - PROV. CONST. DEL CALLAO","JENJIBRE(=KION), triturado o pulverizado",2041.164,"PAQUETES","EEUU"
"1415","2023",2,"OFICINA PUESTO DE CONTROL MARITIMO - PROV. CONST. DEL CALLAO","CURCUMA, molida",337.72,"PAQUETES","EEUU"
"1416","2023",2,"OFICINA PUESTO DE CONTROL MARITIMO - PROV. CONST. DEL CALLAO","ESTRAGON (=ARTEMIASA), seco industrial",33.339,"PAQUETES","EEUU"
"1417","2023",2,"OFICINA PUESTO DE CONTROL MARITIMO - PROV. CONST. DEL CALLAO","TOMILLO, hoja seca industrial",40.823,"PAQUETES","EEUU"
"1418","2023",2,"OFICINA PUESTO DE CONTROL MARITIMO - PROV. CONST. DEL CALLAO","AJONJOLI, grano con algún proceso de la CRF 2",76.203,"PAQUETES","EEUU"
"1419","2023",2,"OFICINA PUESTO DE CONTROL MARITIMO - PROV. CONST. DEL CALLAO","OREGANO, con algún con proceso de CRF 2",139.48,"PAQUETES","EEUU"
"1420","2023",2,"OFICINA PUESTO DE CONTROL MARITIMO - PROV. CONST. DEL CALLAO","ROMERO, secado industrial",185.066,"PAQUETES","EEUU"
"1421","2023",2,"OFICINA PUESTO DE CONTROL MARITIMO - PROV. CONST. DEL CALLAO","ACHIOTE, molido",74.843,"PAQUETES","EEUU"
"1422","2023",2,"SANTA ROSA, TACNA","NECTARINA, fruto fresco",20160,"CAJA(S)","CHILE"
"1423","2023",2,"SANTA ROSA, TACNA","MANZANA, fruto fresco",23520,"CAJA(S)","CHILE"
"1424","2023",2,"OFICINA PUESTO DE CONTROL MARITIMO - PROV. CONST. DEL CALLAO","MAIZ, harina",544.32,"BOLSAS","EEUU"
"1425","2023",2,"OFICINA PUESTO DE CONTROL MARITIMO - PROV. CONST. DEL CALLAO","PAPA, fécula",110000,"BOLSAS","DINAMARCA"
"1426","2023",2,"OFICINA PUESTO DE CONTROL MARITIMO - PROV. CONST. DEL CALLAO","TRACTOR USADO, con motor de potencia superior a 75 kW pero inferior o igual a 130 kW",8400,"UNIDADES","BELGICA"
"1427","2023",2,"OFICINA PUESTO DE CONTROL MARITIMO - PROV. CONST. DEL CALLAO","AVENA, grano trabajado (mondado, perlado, troceado o quebrantado)",120000,"BOLSAS","CHILE"
"1428","2023",2,"OFICINA PUESTO DE CONTROL MARITIMO - PROV. CONST. DEL CALLAO","TRIGO, grano",3207930,"GRANEL","CANADA"
"1429","2023",2,"SANTA ROSA, TACNA","NECTARINA, fruto fresco",20160,"CAJA(S)","CHILE"
"1430","2023",2,"OFICINA PUESTO DE CONTROL AEREO -  PROV. CONST. DEL CALLAO","BETARRAGA, semilla",3.25,"BOLSAS","EEUU"
"1431","2023",2,"OFICINA PUESTO DE CONTROL AEREO -  PROV. CONST. DEL CALLAO","ESPINACA, semilla",2.014,"BOLSAS","EEUU"
"1432","2023",2,"OFICINA PUESTO DE CONTROL AEREO -  PROV. CONST. DEL CALLAO","BERENJENA, semilla",0.187,"SACHETS","HOLANDA"
"1433","2023",2,"OFICINA PUESTO DE CONTROL AEREO -  PROV. CONST. DEL CALLAO","PIMIENTO, semilla",0.033075,"SACHETS","HOLANDA"
"1434","2023",2,"OFICINA PUESTO DE CONTROL AEREO -  PROV. CONST. DEL CALLAO","MELON, semilla",0.051,"SACHETS","HOLANDA"
"1435","2023",2,"OFICINA PUESTO DE CONTROL AEREO -  PROV. CONST. DEL CALLAO","MELON, semilla",1.267,"SACHETS","HOLANDA"
"1436","2023",2,"OFICINA PUESTO DE CONTROL AEREO -  PROV. CONST. DEL CALLAO","SANDIA, semilla",8.286,"SACHETS","EEUU"
"1437","2023",2,"OFICINA PUESTO DE CONTROL AEREO -  PROV. CONST. DEL CALLAO","TOMATE, semilla",0.123,"SACHETS","HOLANDA"
"1438","2023",2,"OFICINA PUESTO DE CONTROL AEREO -  PROV. CONST. DEL CALLAO","PEPINILLO, semilla",0.306,"SACHETS","ISRAEL"
"1439","2023",2,"OFICINA PUESTO DE CONTROL AEREO -  PROV. CONST. DEL CALLAO","TOMATE, semilla",0.042,"SACHETS","HOLANDA"
"1440","2023",2,"OFICINA PUESTO DE CONTROL AEREO -  PROV. CONST. DEL CALLAO","MELON, semilla",2.784,"SACHETS","HOLANDA"
"1441","2023",2,"IÑAPARI, MADRE DE DIOS","MAIZ AMARILLO DURO, grano",32000,"SACO(S)","BRASIL"
"1442","2023",2,"IÑAPARI, MADRE DE DIOS","SOYA, torta",31200,"SACO(S)","BRASIL"
"1443","2023",2,"IÑAPARI, MADRE DE DIOS","SOYA, torta",31450,"SACO(S)","BRASIL"
"1444","2023",2,"LA TINA, PIURA","PINO, madera aserrada con algún proceso de la CRF2",32000,"UNIDADES","ECUADOR"
"1445","2023",2,"SANTA ROSA, TACNA","CIRUELA, fruto fresco",6720,"CAJA(S)","CHILE"
"1446","2023",2,"SANTA ROSA, TACNA","NECTARINA, fruto fresco",16320,"CAJA(S)","CHILE"
"1447","2023",2,"SANTA ROSA, TACNA","PERA, fruta fresca",6048,"CAJA(S)","CHILE"
"1448","2023",2,"SANTA ROSA, TACNA","MANZANA, fruto fresco",16934.4,"CAJA(S)","CHILE"
"1449","2023",2,"PUERTO DE PAITA , PIURA","LENTEJA, grano",90084,"SACO(S)","CANADA"
"1450","2023",2,"OFICINA PUESTO DE CONTROL AEREO -  PROV. CONST. DEL CALLAO","HONGO, seco",5.448,"FRASCO(S)","EEUU"
"1451","2023",2,"OFICINA PUESTO DE CONTROL AEREO -  PROV. CONST. DEL CALLAO","PIÑON, semilla alimenticia seca industrial",25,"BOLSAS","EEUU"
"1452","2023",2,"OFICINA PUESTO DE CONTROL AEREO -  PROV. CONST. DEL CALLAO","ENEBRO, bayas sin triturar ni pulverizar con secado al horno o industrial",31.76,"FRASCO(S)","EEUU"
"1453","2023",2,"OFICINA PUESTO DE CONTROL AEREO -  PROV. CONST. DEL CALLAO","ARROZ, parbolizado pulido o sin cáscara",63.56,"BOLSAS","EEUU"
"1454","2023",2,"SANTA ROSA, TACNA","DURAZNO, seco industrial",4200,"SACO(S)","CHILE"
"1455","2023",2,"SANTA ROSA, TACNA","SOYA, torta",137500,"SACO(S)","CHILE"
"1456","2023",2,"SANTA ROSA, TACNA","SOYA, torta",80000,"SACO(S)","CHILE"
"1457","2023",2,"SANTA ROSA, TACNA","SOYA, torta",28000,"SACO(S)","CHILE"
"1458","2023",2,"SANTA ROSA, TACNA","SOYA, torta",107500,"SACO(S)","CHILE"
"1459","2023",2,"SANTA ROSA, TACNA","MANZANA, fruto fresco",23520,"CAJA(S)","CHILE"
"1460","2023",2,"SANTA ROSA, TACNA","PERA, fruta fresca",6048,"CAJA(S)","CHILE"
"1461","2023",2,"SANTA ROSA, TACNA","MANZANA, fruto fresco",15680,"CAJA(S)","CHILE"
"1462","2023",2,"SANTA ROSA, TACNA","NECTARINA, fruto fresco",1920,"CAJA(S)","CHILE"
"1463","2023",2,"SANTA ROSA, TACNA","CIRUELA, fruto fresco",2880,"CAJA(S)","CHILE"
"1464","2023",2,"SANTA ROSA, TACNA","DURAZNO, fruto fresco",18240,"CAJA(S)","CHILE"
"1465","2023",2,"OFICINA PUESTO DE CONTROL MARITIMO - PROV. CONST. DEL CALLAO","MAIZ, almidon",283750,"SACO(S)","INDIA"
"1466","2023",2,"OFICINA PUESTO DE CONTROL MARITIMO - PROV. CONST. DEL CALLAO","ARVEJA, grano partido",119839,"SACO(S)","EEUU"
"1467","2023",2,"OFICINA PUESTO DE CONTROL MARITIMO - PROV. CONST. DEL CALLAO","ARVEJA, grano partido",277596,"SACO(S)","EEUU"
"1468","2023",2,"OFICINA PUESTO DE CONTROL MARITIMO - PROV. CONST. DEL CALLAO","MANZANA, fruto fresco",19756.8,"CAJA(S)","CHILE"
"1469","2023",2,"OFICINA PUESTO DE CONTROL MARITIMO - PROV. CONST. DEL CALLAO","NARANJA, fruto fresco",17741,"CAJA(S)","EEUU"
"1470","2023",2,"IÑAPARI, MADRE DE DIOS","MAIZ AMARILLO DURO, grano",32000,"SACO(S)","BRASIL"
"1471","2023",2,"OFICINA PUESTO DE CONTROL MARITIMO - PROV. CONST. DEL CALLAO","NARANJA, fruto fresco",18104,"CAJA(S)","EEUU"
"1472","2023",2,"OFICINA PUESTO DE CONTROL MARITIMO - PROV. CONST. DEL CALLAO","ARANDANO, planta",57707.5,"CAJA(S)","ESPAÑA"
"1473","2023",2,"OFICINA PUESTO DE CONTROL MARITIMO - PROV. CONST. DEL CALLAO","TURBA",45008.4,"PALETAS","LETONIA"
"1474","2023",2,"OFICINA PUESTO DE CONTROL AEREO -  PROV. CONST. DEL CALLAO","HONGOS Y TRUFAS, frescos, los demás",0.16,"CAJA(S)","ITALIA"
"1475","2023",2,"IÑAPARI, MADRE DE DIOS","MAIZ AMARILLO DURO, grano",27000,"SACO(S)","BRASIL"
"1476","2023",2,"IÑAPARI, MADRE DE DIOS","SOYA, torta",5000,"SACO(S)","BRASIL"
"1477","2023",2,"OFICINA PUESTO DE CONTROL MARITIMO - PROV. CONST. DEL CALLAO","Los demas articulos para fiesta, carnaval u otras diversiones, incluidos los de magia y articulos sorpresa que sean o contengan material vegetal
",86.576,"CAJA(S)","CANADA"
"1478","2023",2,"OFICINA PUESTO DE CONTROL MARITIMO - PROV. CONST. DEL CALLAO","CIRUELA, seca industrialmente",337.509,"CAJA(S)","CANADA"
"1479","2023",2,"OFICINA PUESTO DE CONTROL MARITIMO - PROV. CONST. DEL CALLAO","UVA (PASAS), secas industrialmente",21000,"CAJA(S)","CHILE"
"1480","2023",2,"OFICINA PUESTO DE CONTROL MARITIMO - PROV. CONST. DEL CALLAO","ALFALFA, semilla",20000,"BOLSAS","EEUU"
"1481","2023",2,"AGUAS VERDES, TUMBES","PITAHAYA, fruto fresco",21900,"CAJA(S)","ECUADOR"
"1482","2023",2,"OFICINA PUESTO DE CONTROL MARITIMO - PROV. CONST. DEL CALLAO","TRIGO, pellets",22050,"SACO(S)","MEXICO"
"1483","2023",2,"SANTA ROSA, TACNA","SOYA, torta",81000,"SACO(S)","CHILE"
"1484","2023",2,"AGUAS VERDES, TUMBES","PITAHAYA, fruto fresco",12480,"CAJA(S)","ECUADOR"
"1485","2023",2,"AGUAS VERDES, TUMBES","PITAHAYA, fruto fresco",22000,"CAJA(S)","ECUADOR"
"1486","2023",2,"SANTA ROSA, TACNA","SOYA, torta",166000,"SACO(S)","CHILE"
"1487","2023",2,"IÑAPARI, MADRE DE DIOS","SOYA, torta",48000,"SACO(S)","BRASIL"
"1488","2023",2,"OFICINA PUESTO DE CONTROL MARITIMO - PROV. CONST. DEL CALLAO","LENTEJA, grano",78927,"SACO(S)","CANADA"
"1489","2023",2,"OFICINA PUESTO DE CONTROL MARITIMO - PROV. CONST. DEL CALLAO","PAPA, fécula",40000,"SACO(S)","HOLANDA"
"1490","2023",2,"SANTA ROSA, TACNA","SOYA, torta",142000,"SACO(S)","CHILE"
"1491","2023",2,"OFICINA PUESTO DE CONTROL AEREO -  PROV. CONST. DEL CALLAO","TOMATE, semilla",0.05,"SACHETS","HOLANDA"
"1492","2023",2,"OFICINA PUESTO DE CONTROL MARITIMO - PROV. CONST. DEL CALLAO","ALGODON, fibra sin cardar ni peinar (>28.57 mm = o <34.92 mm)",199340,"FARDOS","EEUU"
"1493","2023",2,"OFICINA PUESTO DE CONTROL MARITIMO - PROV. CONST. DEL CALLAO","SOYA, torta",4963950,"GRANEL","CHILE"
"1494","2023",2,"OFICINA PUESTO DE CONTROL MARITIMO - PROV. CONST. DEL CALLAO","ALGODON, fibra sin cardar ni peinar (>28.57 mm = o <34.92 mm)",58520,"FARDOS","EEUU"
"1495","2023",2,"OFICINA PUESTO DE CONTROL AEREO -  PROV. CONST. DEL CALLAO","PIMIENTO, semilla",0.102,"SOBRES ALUMINIZADOS","EEUU"
"1496","2023",2,"OFICINA PUESTO DE CONTROL MARITIMO - PROV. CONST. DEL CALLAO","CAUCHO, técnicamente especificado (TSNR)",20160,"PALETAS","COLOMBIA"
"1497","2023",2,"OFICINA PUESTO DE CONTROL MARITIMO - PROV. CONST. DEL CALLAO","NARANJA, fruto fresco",18648,"CAJA(S)","EEUU"
"1498","2023",2,"OFICINA PUESTO DE CONTROL MARITIMO - PROV. CONST. DEL CALLAO","MIMBRE, caña seca al natural",3500,"PAQUETES","CHILE"
"1499","2023",2,"OFICINA PUESTO DE CONTROL MARITIMO - PROV. CONST. DEL CALLAO","COLIGUE, caña seca al natural",8000,"PAQUETES","CHILE"
"1500","2023",2,"IÑAPARI, MADRE DE DIOS","NUEZ DEL BRASIL, con cáscara seca al natural",27900,"SACO(S)","BRASIL"
"1501","2023",2,"OFICINA PUESTO DE CONTROL MARITIMO - PROV. CONST. DEL CALLAO","ARVEJA, grano partido",259819,"SACO(S)","CANADA"
"1502","2023",2,"OFICINA PUESTO DE CONTROL MARITIMO - PROV. CONST. DEL CALLAO","BAMBU, artículos de cestería obtenidos directamente en su forma con materia trenzable con algún proceso de la CRF 2",25.042,"UNIDADES","MALASIA"
"1503","2023",2,"OFICINA PUESTO DE CONTROL MARITIMO - PROV. CONST. DEL CALLAO","ROTEN (=Ratán), artículos de cestería obtenidos directamente en su forma con materia trenzable con algún proceso de la CRF2",87.062,"UNIDADES","MALASIA"
"1504","2023",2,"OFICINA PUESTO DE CONTROL MARITIMO - PROV. CONST. DEL CALLAO","Revestimientos para el suelo de las demas fibras vegetales
",50.702,"UNIDADES","MALASIA"
"1505","2023",2,"OFICINA PUESTO DE CONTROL MARITIMO - PROV. CONST. DEL CALLAO","AZUCAR CRUDA, sólido",260000,"SACO(S)","NICARAGUA"
"1506","2023",2,"OFICINA PUESTO DE CONTROL MARITIMO - PROV. CONST. DEL CALLAO","AZUCAR CRUDA, sólido",260000,"SACO(S)","NICARAGUA"
"1507","2023",2,"OFICINA PUESTO DE CONTROL MARITIMO - PROV. CONST. DEL CALLAO","AZUCAR CRUDA, sólido",260000,"SACO(S)","NICARAGUA"
"1508","2023",2,"SANTA ROSA, TACNA","NECTARINA, fruto fresco",20160,"CAJA(S)","CHILE"
"1509","2023",2,"OFICINA PUESTO DE CONTROL MARITIMO - PROV. CONST. DEL CALLAO","AZUCAR CRUDA, sólido",260000,"SACO(S)","NICARAGUA"
"1510","2023",2,"OFICINA PUESTO DE CONTROL MARITIMO - PROV. CONST. DEL CALLAO","AZUCAR CRUDA, sólido",260000,"SACO(S)","NICARAGUA"
"1511","2023",2,"OFICINA PUESTO DE CONTROL MARITIMO - PROV. CONST. DEL CALLAO","AZUCAR CRUDA, sólido",260000,"SACO(S)","NICARAGUA"
"1512","2023",2,"OFICINA PUESTO DE CONTROL MARITIMO - PROV. CONST. DEL CALLAO","TURBA",26440,"BIG BAG","LETONIA"
"1513","2023",2,"SANTA ROSA, TACNA","MANZANA, fruto fresco",12544,"CAJA(S)","CHILE"
"1514","2023",2,"OFICINA PUESTO DE CONTROL MARITIMO - PROV. CONST. DEL CALLAO","MAIZ, harina",54800,"PACAS","COLOMBIA"
"1515","2023",2,"OFICINA PUESTO DE CONTROL AEREO -  PROV. CONST. DEL CALLAO","HONGO comestible, semilla",90,"CAJA(S)","EEUU"
"1516","2023",2,"SANTA ROSA, TACNA","NECTARINA, fruto fresco",5632,"CAJA(S)","CHILE"
"1517","2023",2,"AGUAS VERDES, TUMBES","PITAHAYA, fruto fresco",22000,"CAJA(S)","ECUADOR"
"1518","2023",2,"OFICINA PUESTO DE CONTROL AEREO -  PROV. CONST. DEL CALLAO","UVA (PASAS), secas naturalmente",20,"CAJA(S)","CHILE"
"1519","2023",2,"SANTA ROSA, TACNA","KIWI, fruto fresco",5040,"CAJA(S)","CHILE"
"1520","2023",2,"OFICINA PUESTO DE CONTROL MARITIMO - PROV. CONST. DEL CALLAO","LENTEJA, grano",52618,"SACO(S)","CANADA"
"1521","2023",2,"OFICINA PUESTO DE CONTROL MARITIMO - PROV. CONST. DEL CALLAO","PINO, madera aserrada con algún proceso de la CRF2",564037,"PAQUETES","CHILE"
"1522","2023",2,"SANTA ROSA, TACNA","NECTARINA, fruto fresco",23523,"CAJA(S)","CHILE"
"1523","2023",2,"SANTA ROSA, TACNA","PERA, fruta fresca",3222,"CAJA(S)","CHILE"
"1524","2023",2,"SANTA ROSA, TACNA","MANZANA, fruto fresco",17920,"CAJA(S)","CHILE"
"1525","2023",2,"PUESTO DE CONTROL- CEBAF","PIMIENTA, barreduras",2000,"SACO(S)","ECUADOR"
"1526","2023",2,"PUESTO DE CONTROL- CEBAF","PIMIENTA, grano seco al natural",6000,"SACO(S)","ECUADOR"
"1527","2023",2,"OFICINA PUESTO DE CONTROL MARITIMO - PROV. CONST. DEL CALLAO","PIMIENTA, grano seco al natural",28000,"SACO(S)","MEXICO"
"1528","2023",2,"OFICINA PUESTO DE CONTROL MARITIMO - PROV. CONST. DEL CALLAO","PIMIENTA, grano seco al natural",12000,"SACO(S)","MEXICO"
"1529","2023",2,"IÑAPARI, MADRE DE DIOS","SOYA, harina",32000,"SACO(S)","BRASIL"
"1530","2023",2,"SANTA ROSA, TACNA","MANZANA, fruto fresco",23520,"CAJA(S)","CHILE"
"1531","2023",2,"AGUAS VERDES, TUMBES","PITAHAYA, fruto fresco",21600,"CAJA(S)","ECUADOR"
"1532","2023",2,"AGUAS VERDES, TUMBES","PITAHAYA, fruto fresco",21000,"CAJA(S)","ECUADOR"
"1533","2023",2,"OFICINA PUESTO DE CONTROL MARITIMO - PROV. CONST. DEL CALLAO","ARANDANO, planta",61909.5,"CAJA(S)","ESPAÑA"
"1534","2023",2,"OFICINA PUESTO DE CONTROL MARITIMO - PROV. CONST. DEL CALLAO","ARVEJA, grano partido",74163,"SACO(S)","CANADA"
"1535","2023",2,"SANTA ROSA, TACNA","SOYA, torta",111000,"SACO(S)","CHILE"
"1536","2023",2,"SANTA ROSA, TACNA","OREGANO, seco al natural",50000,"SACO(S)","TURQUIA"
"1537","2023",2,"OFICINA PUESTO DE CONTROL MARITIMO - PROV. CONST. DEL CALLAO","MANZANA, fruto fresco",19756.8,"CAJA(S)","CHILE"
"1538","2023",2,"OFICINA PUESTO DE CONTROL MARITIMO - PROV. CONST. DEL CALLAO","PERA, fruta fresca",23040,"CAJA(S)","CHILE"
"1539","2023",2,"SANTA ROSA, TACNA","CIRUELA, fruto fresco",20160,"CAJA(S)","CHILE"
"1540","2023",2,"OFICINA PUESTO DE CONTROL MARITIMO - PROV. CONST. DEL CALLAO","ZANAHORIA, semilla",1000.2,"SACHETS","JAPON"
"1541","2023",2,"OFICINA PUESTO DE CONTROL MARITIMO - PROV. CONST. DEL CALLAO","AVENA, grano",5951810,"GRANEL","CANADA"
"1542","2023",2,"AGUAS VERDES, TUMBES","CAÑA DE GUAYAQUIL, seca al natural",32000,"UNIDADES","ECUADOR"
"1543","2023",2,"OFICINA PUESTO DE CONTROL MARITIMO - PROV. CONST. DEL CALLAO","ALGODON, fibra sin cardar ni peinar (>28.57 mm = o <34.92 mm)",19580,"FARDOS","EEUU"
"1544","2023",2,"OFICINA PUESTO DE CONTROL MARITIMO - PROV. CONST. DEL CALLAO","ALGODON, fibra sin cardar ni peinar (>28.57 mm = o <34.92 mm)",59600,"FARDOS","EEUU"
"1545","2023",2,"PUERTO DE SALAVERRY, LA LIBERTAD","MAIZ AMARILLO DURO, grano",16500000,"GRANEL","ARGENTINA"
"1546","2023",2,"OFICINA PUESTO DE CONTROL MARITIMO - PROV. CONST. DEL CALLAO","Las demás máquinas y aparatos de cosechar; máquinas y aparatos de trillar usadas
",27225,"UNIDADES","ESPAÑA"
"1547","2023",2,"SANTA ROSA, TACNA","SOYA, torta",162700,"SACO(S)","CHILE"
"1548","2023",2,"SANTA ROSA, TACNA","PERA, fruta fresca",2016,"CAJA(S)","CHILE"
"1549","2023",2,"SANTA ROSA, TACNA","KIWI, fruto fresco",3360,"CAJA(S)","CHILE"
"1550","2023",2,"SANTA ROSA, TACNA","MANZANA, fruto fresco",17640,"CAJA(S)","CHILE"
"1551","2023",2,"OFICINA PUESTO DE CONTROL MARITIMO - PROV. CONST. DEL CALLAO","TRIGO DURO, grano",3307270,"GRANEL","CANADA"
"1552","2023",2,"OFICINA PUESTO DE CONTROL MARITIMO - PROV. CONST. DEL CALLAO","TRIGO, grano",3304040,"GRANEL","CANADA"
"1553","2023",2,"PUERTO DE PAITA , PIURA","TURBA",203040,"BIG BAG","HOLANDA"
"1554","2023",2,"PUERTO DE PAITA , PIURA","TURBA",203040,"BIG BAG","HOLANDA"
"1555","2023",2,"OFICINA PUESTO DE CONTROL AEREO -  PROV. CONST. DEL CALLAO","PALTO, semilla",810,"CAJA(S)","ISRAEL"
"1556","2023",2,"SANTA ROSA, TACNA","KIWI, fruto fresco",21840,"CAJA(S)","CHILE"
"1557","2023",2,"OFICINA PUESTO DE CONTROL MARITIMO - PROV. CONST. DEL CALLAO","ARVEJA, grano partido",197768,"SACO(S)","CANADA"
"1558","2023",2,"OFICINA PUESTO DE CONTROL MARITIMO - PROV. CONST. DEL CALLAO","LENTEJA, grano",262990,"SACO(S)","CANADA"
"1559","2023",2,"OFICINA PUESTO DE CONTROL MARITIMO - PROV. CONST. DEL CALLAO","LENTEJA, grano",196870,"SACO(S)","CANADA"
"1560","2023",2,"OFICINA PUESTO DE CONTROL MARITIMO - PROV. CONST. DEL CALLAO","GARBANZO, grano",22000,"SACO(S)","MEXICO"
"1561","2023",2,"OFICINA PUESTO DE CONTROL MARITIMO - PROV. CONST. DEL CALLAO","LENTEJA, grano",99560,"SACO(S)","CANADA"
"1562","2023",2,"SANTA ROSA, TACNA","SOYA, harina",218000,"SACO(S)","CHILE"
"1563","2023",2,"SANTA ROSA, TACNA","SOYA, torta",220500,"SACO(S)","CHILE"
"1564","2023",2,"AGUAS VERDES, TUMBES","PITAHAYA, fruto fresco",44000,"CAJA(S)","ECUADOR"
"1565","2023",2,"AGUAS VERDES, TUMBES","PITAHAYA, fruto fresco",12000,"CAJA(S)","ECUADOR"
"1566","2023",2,"AGUAS VERDES, TUMBES","PITAHAYA, fruto fresco",23000,"CAJA(S)","ECUADOR"
"1567","2023",2,"AGUAS VERDES, TUMBES","PITAHAYA, fruto fresco",26000,"CAJA(S)","ECUADOR"
"1568","2023",2,"OFICINA PUESTO DE CONTROL MARITIMO - PROV. CONST. DEL CALLAO","PINO, madera aserrada con algún proceso de la CRF2",98012,"PAQUETES","CHILE"
"1569","2023",2,"OFICINA PUESTO DE CONTROL AEREO -  PROV. CONST. DEL CALLAO","CARTUCHO (=CALLA LILY), rizoma",507,"CAJAS DE PLASTICO","HOLANDA"
"1570","2023",2,"IÑAPARI, MADRE DE DIOS","MAIZ AMARILLO DURO, grano",32000,"SACO(S)","BRASIL"
"1571","2023",2,"IÑAPARI, MADRE DE DIOS","MAIZ AMARILLO DURO, grano",32000,"GRANEL","BRASIL"
"1572","2023",2,"IÑAPARI, MADRE DE DIOS","MAIZ AMARILLO DURO, grano",48000,"GRANEL","BRASIL"
"1573","2023",2,"IÑAPARI, MADRE DE DIOS","MAIZ AMARILLO DURO, grano",48000,"GRANEL","BRASIL"
"1574","2023",2,"IÑAPARI, MADRE DE DIOS","MAIZ AMARILLO DURO, grano",48000,"GRANEL","BRASIL"
"1575","2023",2,"IÑAPARI, MADRE DE DIOS","MAIZ AMARILLO DURO, grano",32000,"GRANEL","BRASIL"
"1576","2023",2,"AGUAS VERDES, TUMBES","PITAHAYA, fruto fresco",27000,"CAJA(S)","ECUADOR"
"1577","2023",2,"OFICINA PUESTO DE CONTROL MARITIMO - PROV. CONST. DEL CALLAO","AVENA, grano",5949260,"GRANEL","CANADA"
"1578","2023",2,"OFICINA PUESTO DE CONTROL MARITIMO - PROV. CONST. DEL CALLAO","ALMENDRA, sin cáscara secado al natural",39916.8,"CAJA(S)","EEUU"
"1579","2023",2,"OFICINA PUESTO DE CONTROL MARITIMO - PROV. CONST. DEL CALLAO","CAUCHO, hojas ahumadas",21000,"PAQUETES","VIETNAM"
"1580","2023",2,"OFICINA PUESTO DE CONTROL MARITIMO - PROV. CONST. DEL CALLAO","MANZANA, fruto fresco",19551,"CAJA(S)","CHILE"
"1581","2023",2,"IÑAPARI, MADRE DE DIOS","NUEZ DEL BRASIL, con cáscara seca al natural",27900,"SACO(S)","BRASIL"
"1582","2023",2,"OFICINA PUESTO DE CONTROL MARITIMO - PROV. CONST. DEL CALLAO","AZUCAR CRUDA, sólido",250000,"SACO(S)","NICARAGUA"
"1583","2023",2,"OFICINA PUESTO DE CONTROL MARITIMO - PROV. CONST. DEL CALLAO","LENTEJA, grano",94030,"SACO(S)","EEUU"
"1584","2023",2,"OFICINA PUESTO DE CONTROL MARITIMO - PROV. CONST. DEL CALLAO","PERA, fruta fresca",23040,"CAJA(S)","CHILE"
"1585","2023",2,"AGUAS VERDES, TUMBES","PITAHAYA, fruto fresco",22000,"CAJA(S)","ECUADOR"
"1586","2023",2,"AGUAS VERDES, TUMBES","PITAHAYA, fruto fresco",22000,"CAJA(S)","ECUADOR"
"1587","2023",2,"AGUAS VERDES, TUMBES","PITAHAYA, fruto fresco",16800,"CAJA(S)","ECUADOR"
"1588","2023",2,"SANTA ROSA, TACNA","MANZANA, fruto fresco",23520,"CAJA(S)","CHILE"
"1589","2023",2,"SANTA ROSA, TACNA","UVA, fruta fresca",15360,"CAJA(S)","CHILE"
"1590","2023",2,"SANTA ROSA, TACNA","CIRUELA, fruto fresco",8400,"CAJA(S)","CHILE"
"1591","2023",2,"SANTA ROSA, TACNA","MANZANA, fruto fresco",13016.8,"CAJA(S)","CHILE"
"1592","2023",2,"SANTA ROSA, TACNA","MANZANA, fruto fresco",23520,"CAJA(S)","CHILE"
"1593","2023",2,"OFICINA PUESTO DE CONTROL MARITIMO - PROV. CONST. DEL CALLAO","PINO, madera aserrada con algún proceso de la CRF2",48766,"PAQUETES","CHILE"
"1594","2023",2,"OFICINA PUESTO DE CONTROL MARITIMO - PROV. CONST. DEL CALLAO","PINO, madera aserrada con algún proceso de la CRF2",226260,"PAQUETES","CHILE"
"1595","2023",2,"OFICINA PUESTO DE CONTROL MARITIMO - PROV. CONST. DEL CALLAO","PINO, madera aserrada con algún proceso de la CRF2",179010,"PAQUETES","CHILE"
"1596","2023",2,"SANTA ROSA, TACNA","SOYA, torta",54000,"SACO(S)","CHILE"
"1597","2023",2,"OFICINA PUESTO DE CONTROL MARITIMO - PROV. CONST. DEL CALLAO","FLOR DE JAMAICA, seca natural",23750,"SACO(S)","NIGERIA"
"1598","2023",2,"OFICINA PUESTO DE CONTROL MARITIMO - PROV. CONST. DEL CALLAO","LENTEJA, grano",117799,"SACO(S)","EEUU"
"1599","2023",2,"OFICINA PUESTO DE CONTROL AEREO -  PROV. CONST. DEL CALLAO","CEBOLLA, semilla",1565.385,"SACHETS","HOLANDA"
"1600","2023",2,"OFICINA PUESTO DE CONTROL MARITIMO - PROV. CONST. DEL CALLAO","NARANJA, fruto fresco",20000,"CAJA(S)","EEUU"
"1601","2023",2,"OFICINA PUESTO DE CONTROL MARITIMO - PROV. CONST. DEL CALLAO","AZUCAR CRUDA, sólido",250000,"SACO(S)","EL SALVADOR"
"1602","2023",2,"SANTA ROSA, TACNA","KIWI, fruto fresco",3360,"CAJA(S)","CHILE"
"1603","2023",2,"SANTA ROSA, TACNA","PERA, fruta fresca",2016,"CAJA(S)","CHILE"
"1604","2023",2,"SANTA ROSA, TACNA","MANZANA, fruto fresco",17640,"CAJA(S)","CHILE"
"1605","2023",2,"OFICINA PUESTO DE CONTROL MARITIMO - PROV. CONST. DEL CALLAO","AZUCAR CRUDA, sólido",250000,"SACO(S)","GUATEMALA"
"1606","2023",2,"OFICINA PUESTO DE CONTROL MARITIMO - PROV. CONST. DEL CALLAO","AZUCAR CRUDA, sólido",250000,"SACO(S)","GUATEMALA"
"1607","2023",2,"SANTA ROSA, TACNA","MANZANA, fruto fresco",22736,"CAJA(S)","CHILE"
"1608","2023",2,"SANTA ROSA, TACNA","CIRUELA, fruto fresco",20160,"CAJA(S)","CHILE"
"1609","2023",2,"OFICINA PUESTO DE CONTROL MARITIMO - PROV. CONST. DEL CALLAO","MANZANA, fruto fresco",39494,"CAJA(S)","CHILE"
"1610","2023",2,"SANTA ROSA, TACNA","MANZANA, fruto fresco",15680,"CAJA(S)","CHILE"
"1611","2023",2,"SANTA ROSA, TACNA","PERA, fruta fresca",23184,"CAJA(S)","CHILE"
"1612","2023",2,"SANTA ROSA, TACNA","PERA, fruta fresca",8064,"CAJA(S)","CHILE"
"1613","2023",2,"PUERTO DE PISCO , ICA","MADERA, en bruto de coníferas tratada agentes de conservación
",16500,"PAQUETES","EEUU"
"1614","2023",2,"OFICINA PUESTO DE CONTROL MARITIMO - PROV. CONST. DEL CALLAO","CAUCHO, técnicamente especificado (TSNR)",40320,"PALETAS","GUATEMALA"
"1615","2023",2,"SANTA ROSA, TACNA","NECTARINA, fruto fresco",21591.5,"CAJA(S)","CHILE"
"1616","2023",2,"OFICINA PUESTO DE CONTROL MARITIMO - PROV. CONST. DEL CALLAO","CIRUELA, fruto fresco",16800,"CAJA(S)","CHILE"
"1617","2023",2,"SANTA ROSA, TACNA","MANZANA, fruto fresco",22633,"CAJA(S)","CHILE"
"1618","2023",2,"SANTA ROSA, TACNA","MANZANA, fruto fresco",23520,"CAJA(S)","CHILE"
"1619","2023",2,"SANTA ROSA, TACNA","NECTARINA, fruto fresco",21840,"CAJA(S)","CHILE"
"1620","2023",2,"OFICINA PUESTO DE CONTROL MARITIMO - PROV. CONST. DEL CALLAO","LENTEJA, grano",49896,"SACO(S)","CANADA"
"1621","2023",2,"PUERTO DE SALAVERRY, LA LIBERTAD","MAIZ AMARILLO DURO, grano",3548270,"GRANEL","ARGENTINA"
"1622","2023",2,"OFICINA PUESTO DE CONTROL MARITIMO - PROV. CONST. DEL CALLAO","AZUCAR CRUDA, sólido",250000,"SACO(S)","GUATEMALA"
"1623","2023",2,"OFICINA PUESTO DE CONTROL MARITIMO - PROV. CONST. DEL CALLAO","AZUCAR CRUDA, sólido",250000,"SACO(S)","GUATEMALA"
"1624","2023",2,"OFICINA PUESTO DE CONTROL MARITIMO - PROV. CONST. DEL CALLAO","MATERIAS VEGETALES, para tallar trabajadas con algun proceso de la CRF 2",321.623,"CAJA(S)","CHINA"
"1625","2023",2,"OFICINA PUESTO DE CONTROL MARITIMO - PROV. CONST. DEL CALLAO","MANZANA, fruto fresco",19551,"CAJA(S)","CHILE"
"1626","2023",2,"AGUAS VERDES, TUMBES","CAÑA DE GUAYAQUIL, seca al natural",32000,"UNIDADES","ECUADOR"
"1627","2023",2,"SANTA ROSA, TACNA","MANZANA, fruto fresco",22344,"CAJA(S)","CHILE"
"1628","2023",2,"OFICINA PUESTO DE CONTROL AEREO -  PROV. CONST. DEL CALLAO","CEBOLLA, semilla",153.45,"SACHETS","CHILE"
"1629","2023",2,"SANTA ROSA, TACNA","MANZANA, fruto fresco",11172,"CAJA(S)","CHILE"
"1630","2023",2,"SANTA ROSA, TACNA","PERA, fruta fresca",11520,"CAJA(S)","CHILE"
"1631","2023",2,"OFICINA PUESTO DE CONTROL AEREO -  PROV. CONST. DEL CALLAO","COLECCIONES Y ESPECIMENES, para colecciones de zoología, botánica secas
",1.33,"CAJA(S)","MADAGASCAR"
"1632","2023",2,"IÑAPARI, MADRE DE DIOS","MAIZ AMARILLO DURO, grano",20000,"GRANEL","BRASIL"
"1633","2023",2,"IÑAPARI, MADRE DE DIOS","MAIZ AMARILLO DURO, grano",32000,"GRANEL","BRASIL"
"1634","2023",2,"OFICINA PUESTO DE CONTROL MARITIMO - PROV. CONST. DEL CALLAO","MAIZ REVENTON, grano",104000,"SACO(S)","ARGENTINA"
"1635","2023",2,"OFICINA PUESTO DE CONTROL MARITIMO - PROV. CONST. DEL CALLAO","AVENA, grano aplastado o en copos (hojuelas)",21014.64,"BOLSAS","CHILE"
"1636","2023",2,"OFICINA PUESTO DE CONTROL MARITIMO - PROV. CONST. DEL CALLAO","ALGODON, fibra sin cardar ni peinar (>28.57 mm = o <34.92 mm)",119130,"FARDOS","EEUU"
"1637","2023",2,"OFICINA PUESTO DE CONTROL MARITIMO - PROV. CONST. DEL CALLAO","LINAZA, grano",23970,"SACO(S)","CANADA"
"1638","2023",2,"OFICINA PUESTO DE CONTROL MARITIMO - PROV. CONST. DEL CALLAO","ARVEJA, semilla",10000,"BOLSAS","EEUU"
"1639","2023",2,"OFICINA PUESTO DE CONTROL MARITIMO - PROV. CONST. DEL CALLAO","AZUCAR CRUDA, sólido",1e+05,"SACO(S)","GUATEMALA"
"1640","2023",2,"OFICINA PUESTO DE CONTROL MARITIMO - PROV. CONST. DEL CALLAO","AZUCAR BLANCA O REFINADA (lectura polarimetrica mayor 99.5°)",132500,"SACO(S)","GUATEMALA"
"1641","2023",2,"OFICINA PUESTO DE CONTROL AEREO -  PROV. CONST. DEL CALLAO","TOMATE, semilla",0.011,"SACHETS","HOLANDA"
"1642","2023",2,"OFICINA PUESTO DE CONTROL MARITIMO - PROV. CONST. DEL CALLAO","PAPA, hojuelas y pellets",750,"PIEZAS","MEXICO"
"1643","2023",2,"OFICINA PUESTO DE CONTROL MARITIMO - PROV. CONST. DEL CALLAO","PAPA, hojuelas y pellets",1150,"CAJA(S)","MEXICO"
"1644","2023",2,"OFICINA PUESTO DE CONTROL AEREO -  PROV. CONST. DEL CALLAO","ZAPALLITO ITALIANO (CALABACIN), semilla",3.41,"SACHETS","HOLANDA"
"1645","2023",2,"OFICINA PUESTO DE CONTROL AEREO -  PROV. CONST. DEL CALLAO","CALABAZA MOSCADA, semilla",0.19,"SACHETS","HOLANDA"
"1646","2023",2,"OFICINA PUESTO DE CONTROL AEREO -  PROV. CONST. DEL CALLAO","ZAPALLITO ITALIANO (CALABACIN), semilla",5.501,"SACHETS","HOLANDA"
"1647","2023",2,"OFICINA PUESTO DE CONTROL MARITIMO - PROV. CONST. DEL CALLAO","HOLANTAO, semilla",9072,"BOLSAS","EEUU"
"1648","2023",2,"OFICINA PUESTO DE CONTROL AEREO -  PROV. CONST. DEL CALLAO","LECHUGA, semilla",0.059,"SACHETS","EEUU"
"1649","2023",2,"OFICINA PUESTO DE CONTROL AEREO -  PROV. CONST. DEL CALLAO","TOMATE, semilla",0.045,"SACHETS","ITALIA"
"1650","2023",2,"AGUAS VERDES, TUMBES","CAÑA DE GUAYAQUIL, seca al natural",34000,"UNIDADES","ECUADOR"
"1651","2023",2,"IÑAPARI, MADRE DE DIOS","SOYA, torta",24000,"SACO(S)","BRASIL"
"1652","2023",2,"OFICINA PUESTO DE CONTROL MARITIMO - PROV. CONST. DEL CALLAO","ARVEJA, grano partido",71940,"SACO(S)","EEUU"
"1653","2023",2,"OFICINA PUESTO DE CONTROL MARITIMO - PROV. CONST. DEL CALLAO","ARVEJA, grano partido",69399,"SACO(S)","EEUU"
"1654","2023",2,"OFICINA PUESTO DE CONTROL MARITIMO - PROV. CONST. DEL CALLAO","TURBA",42938.4,"PALETAS","LETONIA"
"1655","2023",2,"OFICINA PUESTO DE CONTROL MARITIMO - PROV. CONST. DEL CALLAO","COCO, fibra (para sustrato)",23230,"PALETAS","SRI LANKA"
"1656","2023",2,"OFICINA PUESTO DE CONTROL AEREO -  PROV. CONST. DEL CALLAO","TE VERDE, triturado",1,"BOLSAS","CANADA"
"1657","2023",2,"OFICINA PUESTO DE CONTROL AEREO -  PROV. CONST. DEL CALLAO","HIBISCUS, flores secas industrialmente",16,"BOLSAS","CANADA"
"1658","2023",2,"OFICINA PUESTO DE CONTROL AEREO -  PROV. CONST. DEL CALLAO","LAS DEMAS PLANTAS, partes de plantas, semillas y frutos de especies utilizadas principalmente en perfumeria,medicina insecticidas o similares con algún proceso del a CRF 2",6.25,"BOLSAS","CANADA"
"1659","2023",2,"OFICINA PUESTO DE CONTROL MARITIMO - PROV. CONST. DEL CALLAO","ARANDANO, planta",25200,"CAJAS DE PLASTICO","CHILE"
"1660","2023",2,"OFICINA PUESTO DE CONTROL MARITIMO - PROV. CONST. DEL CALLAO","MANZANA, fruto fresco",19551,"CAJA(S)","CHILE"
"1661","2023",2,"OFICINA PUESTO DE CONTROL MARITIMO - PROV. CONST. DEL CALLAO","LENTEJA, grano",43546,"SACO(S)","EEUU"
"1662","2023",2,"OFICINA PUESTO DE CONTROL AEREO -  PROV. CONST. DEL CALLAO","COLIFLOR, semilla",0.0037,"BOLSAS","JAPON"
"1663","2023",2,"OFICINA PUESTO DE CONTROL AEREO -  PROV. CONST. DEL CALLAO","PEPINILLO, semilla",0.512,"SACHETS","ISRAEL"
"1664","2023",2,"OFICINA PUESTO DE CONTROL MARITIMO - PROV. CONST. DEL CALLAO","MAIZ REVENTON, grano",26000,"SACO(S)","ARGENTINA"
"1665","2023",2,"OFICINA PUESTO DE CONTROL AEREO -  PROV. CONST. DEL CALLAO","ARANDANO, planta in vitro",800,"FRASCO(S)","EEUU"
"1666","2023",2,"OFICINA PUESTO DE CONTROL AEREO -  PROV. CONST. DEL CALLAO","ARANDANO, planta in vitro",700,"FRASCO(S)","EEUU"
"1667","2023",2,"OFICINA PUESTO DE CONTROL AEREO -  PROV. CONST. DEL CALLAO","ARANDANO, planta in vitro",200,"FRASCO(S)","EEUU"
"1668","2023",2,"OFICINA PUESTO DE CONTROL MARITIMO - PROV. CONST. DEL CALLAO","MANZANA, fruto fresco",19796,"CAJA(S)","CHILE"
"1669","2023",2,"OFICINA PUESTO DE CONTROL MARITIMO - PROV. CONST. DEL CALLAO","AVENA, grano aplastado o en copos (hojuelas)",17980,"SACO(S)","CHILE"
"1670","2023",2,"OFICINA PUESTO DE CONTROL MARITIMO - PROV. CONST. DEL CALLAO","AVENA, grano trabajado (mondado, perlado, troceado o quebrantado)",8000,"SACO(S)","CHILE"
"1671","2023",2,"OFICINA PUESTO DE CONTROL AEREO -  PROV. CONST. DEL CALLAO","CAFE, grano verde",0.45,"BOLSAS","CANADA"
"1672","2023",2,"OFICINA PUESTO DE CONTROL MARITIMO - PROV. CONST. DEL CALLAO","PERA, fruta fresca",23040,"CAJA(S)","CHILE"
"1673","2023",2,"OFICINA PUESTO DE CONTROL MARITIMO - PROV. CONST. DEL CALLAO","AZUCAR CRUDA, sólido",199960,"SACO(S)","GUATEMALA"
"1674","2023",2,"SANTA ROSA, TACNA","NUEZ DE NOGAL, sin cascara con algun proceso de la CRF 2",4540,"CAJA(S)","CHILE"
"1675","2023",2,"OFICINA PUESTO DE CONTROL MARITIMO - PROV. CONST. DEL CALLAO","ARROZ, grano pilado",2e+05,"SACO(S)","URUGUAY"
"1676","2023",2,"OFICINA PUESTO DE CONTROL MARITIMO - PROV. CONST. DEL CALLAO","GARBANZO, grano",23133,"SACO(S)","EEUU"
"1677","2023",2,"OFICINA PUESTO DE CONTROL AEREO -  PROV. CONST. DEL CALLAO","GIRASOL, semilla",1.009,"SOBRES","FRANCIA"
"1678","2023",2,"SANTA ROSA, TACNA","MANZANA, fruto fresco",8207,"CAJA(S)","CHILE"
"1679","2023",2,"SANTA ROSA, TACNA","KIWI, fruto fresco",14130,"CAJA(S)","CHILE"
"1680","2023",2,"OFICINA PUESTO DE CONTROL MARITIMO - PROV. CONST. DEL CALLAO","AVENA, grano trabajado (mondado, perlado, troceado o quebrantado)",50000,"SACO(S)","CHILE"
"1681","2023",2,"OFICINA PUESTO DE CONTROL MARITIMO - PROV. CONST. DEL CALLAO","ALPISTE (=PHALARIS), grano",99882,"SACO(S)","CANADA"
"1682","2023",2,"OFICINA PUESTO DE CONTROL MARITIMO - PROV. CONST. DEL CALLAO","LENTEJA, grano",259912,"SACO(S)","CANADA"
"1683","2023",2,"AGUAS VERDES, TUMBES","PITAHAYA, fruto fresco",21600,"CAJA(S)","ECUADOR"
"1684","2023",2,"AGUAS VERDES, TUMBES","PITAHAYA, fruto fresco",21900,"CAJA(S)","ECUADOR"
"1685","2023",2,"AGUAS VERDES, TUMBES","PITAHAYA, fruto fresco",44500,"CAJA(S)","ECUADOR"
"1686","2023",2,"AGUAS VERDES, TUMBES","PITAHAYA, fruto fresco",21800,"CAJA(S)","ECUADOR"
"1687","2023",2,"SANTA ROSA, TACNA","SOYA, harina",160000,"SACO(S)","CHILE"
"1688","2023",2,"AGUAS VERDES, TUMBES","PITAHAYA, fruto fresco",22000,"CAJA(S)","ECUADOR"
"1689","2023",2,"OFICINA PUESTO DE CONTROL AEREO -  PROV. CONST. DEL CALLAO","ASTILBE, semilla",0.000162,"SOBRES ALUMINIZADOS","ALEMANIA"
"1690","2023",2,"OFICINA PUESTO DE CONTROL AEREO -  PROV. CONST. DEL CALLAO","DELPHINIUM, semilla",0.019106,"SOBRES ALUMINIZADOS","ALEMANIA"
"1691","2023",2,"OFICINA PUESTO DE CONTROL AEREO -  PROV. CONST. DEL CALLAO","ESCABIOSA, semilla",0.049618,"SOBRES ALUMINIZADOS","ALEMANIA"
"1692","2023",2,"OFICINA PUESTO DE CONTROL AEREO -  PROV. CONST. DEL CALLAO","PTILOTUS, semillas",0.002016,"SOBRES ALUMINIZADOS","ALEMANIA"
"1693","2023",2,"OFICINA PUESTO DE CONTROL AEREO -  PROV. CONST. DEL CALLAO","ZINNIA, semilla",0.163062,"SOBRES ALUMINIZADOS","ALEMANIA"
"1694","2023",2,"AGUAS VERDES, TUMBES","PITAHAYA, fruto fresco",22000,"CAJA(S)","ECUADOR"
"1695","2023",2,"AGUAS VERDES, TUMBES","PITAHAYA, fruto fresco",22000,"CAJA(S)","ECUADOR"
"1696","2023",2,"AGUAS VERDES, TUMBES","PITAHAYA, fruto fresco",22500,"CAJA(S)","ECUADOR"
"1697","2023",2,"AGUAS VERDES, TUMBES","PITAHAYA, fruto fresco",22000,"CAJA(S)","ECUADOR"
"1698","2023",2,"AGUAS VERDES, TUMBES","PITAHAYA, fruto fresco",20700,"CAJA(S)","ECUADOR"
"1699","2023",2,"OFICINA PUESTO DE CONTROL AEREO -  PROV. CONST. DEL CALLAO","MADERA, marcos",31.68,"UNIDADES","ESPAÑA"
"1700","2023",2,"OFICINA PUESTO DE CONTROL AEREO -  PROV. CONST. DEL CALLAO","MARCOS, madera",45.684,"UNIDADES","ESPAÑA"
"1701","2023",2,"OFICINA PUESTO DE CONTROL MARITIMO - PROV. CONST. DEL CALLAO","ALMENDRA, sin cáscara, secado industrial",19958.064,"CAJA(S)","EEUU"
"1702","2023",2,"PUESTO DE CONTROL- CEBAF","PITAHAYA, fruto fresco",13000,"CAJA(S)","ECUADOR"
"1703","2023",2,"AGUAS VERDES, TUMBES","PITAHAYA, fruto fresco",26000,"CAJA(S)","ECUADOR"
"1704","2023",2,"OFICINA PUESTO DE CONTROL MARITIMO - PROV. CONST. DEL CALLAO","LENTEJA, grano",263270,"SACO(S)","CANADA"
"1705","2023",2,"OFICINA PUESTO DE CONTROL MARITIMO - PROV. CONST. DEL CALLAO","ALPISTE (=PHALARIS), grano",77973,"SACO(S)","CANADA"
"1706","2023",2,"OFICINA PUESTO DE CONTROL MARITIMO - PROV. CONST. DEL CALLAO","ARROZ, grano pilado",260000,"SACO(S)","TAILANDIA"
"1707","2023",2,"OFICINA PUESTO DE CONTROL MARITIMO - PROV. CONST. DEL CALLAO","ARROZ, grano pilado",260000,"SACO(S)","TAILANDIA"
"1708","2023",2,"OFICINA PUESTO DE CONTROL MARITIMO - PROV. CONST. DEL CALLAO","ARROZ, grano pilado",250000,"SACO(S)","URUGUAY"
"1709","2023",2,"SANTA ROSA, TACNA","SOYA, torta",147000,"SACO(S)","CHILE"
"1710","2023",2,"OFICINA PUESTO DE CONTROL AEREO -  PROV. CONST. DEL CALLAO","CEBOLLA, semilla",0.001,"SACHETS","EEUU"
"1711","2023",2,"OFICINA PUESTO DE CONTROL AEREO -  PROV. CONST. DEL CALLAO","TOMATE, semilla",0.032,"SACHETS","HOLANDA"
"1712","2023",2,"OFICINA PUESTO DE CONTROL AEREO -  PROV. CONST. DEL CALLAO","MELON, semilla",0.395,"SACHETS","HOLANDA"
"1713","2023",2,"OFICINA PUESTO DE CONTROL AEREO -  PROV. CONST. DEL CALLAO","MANZANA, fruto fresco",900,"CAJA(S)","EEUU"
"1714","2023",2,"OFICINA PUESTO DE CONTROL MARITIMO - PROV. CONST. DEL CALLAO","REMOLACHA, pulpa, residuos sólidos",102200,"BOLSAS","CHILE"
"1715","2023",2,"SANTA ROSA, TACNA","SOYA, torta",137000,"SACO(S)","CHILE"
"1716","2023",2,"OFICINA PUESTO DE CONTROL MARITIMO - PROV. CONST. DEL CALLAO","PINO, madera aserrada con algún proceso de la CRF2",50890,"PALETAS","CHINA"
"1717","2023",2,"OFICINA PUESTO DE CONTROL MARITIMO - PROV. CONST. DEL CALLAO","PERA, fruta fresca",22680,"CAJA(S)","ARGENTINA"
"1718","2023",2,"OFICINA PUESTO DE CONTROL AEREO -  PROV. CONST. DEL CALLAO","PAPAYA, semilla",10.04,"BOLSAS","TAIWAN"
"1719","2023",2,"OFICINA PUESTO DE CONTROL AEREO -  PROV. CONST. DEL CALLAO","PAPAYA, semilla",5.37,"SACHETS","MEXICO"
"1720","2023",2,"OFICINA PUESTO DE CONTROL AEREO -  PROV. CONST. DEL CALLAO","SANDIA, semilla",3.785,"SACHETS","HOLANDA"
"1721","2023",2,"OFICINA PUESTO DE CONTROL AEREO -  PROV. CONST. DEL CALLAO","PIMIENTO, semilla",0.135,"SACHETS","HOLANDA"
"1722","2023",2,"OFICINA PUESTO DE CONTROL MARITIMO - PROV. CONST. DEL CALLAO","LENTEJA, grano",26082,"SACO(S)","CANADA"
"1723","2023",2,"AGUAS VERDES, TUMBES","Las demás coniferas, las demas maderas aserradas o desbastadas longitudinalmente, cortada o desenrollada, incluso cepillada,lijada o unida por lo extremos, de espesor superior a 6 mm, con algun tratamiento de la CRF 2",50280,"PIEZAS","ECUADOR"
"1724","2023",2,"OFICINA PUESTO DE CONTROL AEREO -  PROV. CONST. DEL CALLAO","CONTROLADOR BIOLOGICO, especímenes",2,"PIEZAS","ISRAEL"
"1725","2023",2,"OFICINA PUESTO DE CONTROL MARITIMO - PROV. CONST. DEL CALLAO","MADERA, herramientas de madera con algún proceso de la CRF2",21.713,"CAJA(S)","MEXICO"
"1726","2023",2,"OFICINA PUESTO DE CONTROL AEREO -  PROV. CONST. DEL CALLAO","CAFE, grano verde",1.95,"BOLSAS","COSTA RICA"
"1727","2023",2,"OFICINA PUESTO DE CONTROL MARITIMO - PROV. CONST. DEL CALLAO","MADERA, monturas y mangos de herramientas, monturas y mangos de cepillos, brochas o escobas, de madera; hormas, ensanchadores y tensores del calzado, de madera ; con algún proceso de la CRF 2",0.503,"CAJA(S)","MEXICO"
"1728","2023",2,"AGUAS VERDES, TUMBES","PITAHAYA, fruto fresco",22000,"CAJA(S)","ECUADOR"
"1729","2023",2,"AGUAS VERDES, TUMBES","PITAHAYA, fruto fresco",22000,"CAJA(S)","ECUADOR"
"1730","2023",2,"OFICINA PUESTO DE CONTROL MARITIMO - PROV. CONST. DEL CALLAO","MANZANA, fruto fresco",41160,"CAJA(S)","CHILE"
"1731","2023",2,"OFICINA PUESTO DE CONTROL MARITIMO - PROV. CONST. DEL CALLAO","SOYA, torta",4744920,"GRANEL","ARGENTINA"
"1732","2023",2,"OFICINA PUESTO DE CONTROL AEREO -  PROV. CONST. DEL CALLAO","TOMATE, semilla",0.125,"SACHETS","EEUU"
"1733","2023",2,"OFICINA PUESTO DE CONTROL MARITIMO - PROV. CONST. DEL CALLAO","ALGODON, fibra sin cardar ni peinar (>28.57 mm = o <34.92 mm)",447000,"FARDOS","EEUU"
"1734","2023",2,"OFICINA PUESTO DE CONTROL MARITIMO - PROV. CONST. DEL CALLAO","AZUCAR BLANCA O REFINADA (lectura polarimetrica mayor 99.5°)",265000,"SACHETS","GUATEMALA"
"1735","2023",2,"OFICINA PUESTO DE CONTROL MARITIMO - PROV. CONST. DEL CALLAO","MAIZ, semilla",82880.76,"BOLSAS","MEXICO"
"1736","2023",2,"OFICINA PUESTO DE CONTROL MARITIMO - PROV. CONST. DEL CALLAO","AZUCAR BLANCA O REFINADA (lectura polarimetrica mayor 99.5°)",159000,"SACO(S)","COLOMBIA"
"1737","2023",2,"OFICINA PUESTO DE CONTROL MARITIMO - PROV. CONST. DEL CALLAO","AZUCAR BLANCA O REFINADA (lectura polarimetrica mayor 99.5°)",1e+05,"SACO(S)","COLOMBIA"
"1738","2023",2,"OFICINA PUESTO DE CONTROL MARITIMO - PROV. CONST. DEL CALLAO","AZUCAR CRUDA, sólido",260000,"SACO(S)","NICARAGUA"
"1739","2023",2,"OFICINA PUESTO DE CONTROL MARITIMO - PROV. CONST. DEL CALLAO","AZUCAR CRUDA, sólido",260000,"SACO(S)","NICARAGUA"
"1740","2023",2,"PUERTO DE MATARANI , AREQUIPA","AZUCAR BLANCA O REFINADA (lectura polarimetrica mayor 99.5°)",265000,"SACO(S)","COLOMBIA"
"1741","2023",2,"PUERTO DE MATARANI , AREQUIPA","AZUCAR BLANCA O REFINADA (lectura polarimetrica mayor 99.5°)",265000,"SACO(S)","COLOMBIA"
"1742","2023",2,"OFICINA PUESTO DE CONTROL MARITIMO - PROV. CONST. DEL CALLAO","COCO, fibra (para sustrato)",94970,"PALETAS","SRI LANKA"
"1743","2023",2,"OFICINA PUESTO DE CONTROL MARITIMO - PROV. CONST. DEL CALLAO","TURBA",63503.6,"PALETAS","LETONIA"
"1744","2023",2,"PUERTO DE MATARANI , AREQUIPA","AZUCAR BLANCA O REFINADA (lectura polarimetrica mayor 99.5°)",24325,"SACO(S)","COLOMBIA"
"1745","2023",2,"OFICINA PUESTO DE CONTROL MARITIMO - PROV. CONST. DEL CALLAO","COCO, fibra (para sustrato)",97329,"PALETAS","SRI LANKA"
"1746","2023",2,"PUERTO DE MATARANI , AREQUIPA","AZUCAR BLANCA O REFINADA (lectura polarimetrica mayor 99.5°)",265000,"SACO(S)","COLOMBIA"
"1747","2023",2,"OFICINA PUESTO DE CONTROL AEREO -  PROV. CONST. DEL CALLAO","CONTROLADOR BIOLOGICO, especímenes",1,"PIEZAS","ISRAEL"
"1748","2023",2,"OFICINA PUESTO DE CONTROL MARITIMO - PROV. CONST. DEL CALLAO","ARVEJA, grano partido",88994,"SACO(S)","EEUU"
"1749","2023",2,"AGUAS VERDES, TUMBES","PITAHAYA, fruto fresco",24000,"CAJA(S)","ECUADOR"
"1750","2023",2,"OFICINA PUESTO DE CONTROL MARITIMO - PROV. CONST. DEL CALLAO","FREJOL, grano",51710,"SACO(S)","CANADA"
"1751","2023",2,"OFICINA PUESTO DE CONTROL MARITIMO - PROV. CONST. DEL CALLAO","BAMBU, artículos de cestería obtenidos directamente en su forma con materia trenzable con algún proceso de la CRF 2",211.2,"UNIDADES","CHINA"
"1752","2023",2,"OFICINA PUESTO DE CONTROL MARITIMO - PROV. CONST. DEL CALLAO","NARANJA, fruto fresco",15673,"CAJA(S)","EEUU"
"1753","2023",2,"OFICINA PUESTO DE CONTROL MARITIMO - PROV. CONST. DEL CALLAO","MANDARINA, fruto fresco",2612.692,"CAJA(S)","EEUU"
"1754","2023",2,"AGUAS VERDES, TUMBES","PITAHAYA, fruto fresco",21900,"CAJA(S)","ECUADOR"
"1755","2023",2,"AGUAS VERDES, TUMBES","ROSA, flores frescas cortadas",3042,"CAJA(S)","ECUADOR"
"1756","2023",2,"AGUAS VERDES, TUMBES","CLAVEL, flores frescas cortadas",615,"CAJA(S)","ECUADOR"
"1757","2023",2,"AGUAS VERDES, TUMBES","CRISANTEMO, los demas flores frescas cortadas",540,"CAJA(S)","ECUADOR"
"1758","2023",2,"AGUAS VERDES, TUMBES","LILIUM (=AZUCENA), flores frescas cortadas",540,"CAJA(S)","ECUADOR"
"1759","2023",2,"OFICINA PUESTO DE CONTROL MARITIMO - PROV. CONST. DEL CALLAO","AVENA, grano aplastado o en copos (hojuelas)",78750,"SACO(S)","CHILE"
"1760","2023",2,"OFICINA PUESTO DE CONTROL MARITIMO - PROV. CONST. DEL CALLAO","ARROZ, grano pilado",13000,"SACO(S)","VIETNAM"
"1761","2023",2,"OFICINA PUESTO DE CONTROL MARITIMO - PROV. CONST. DEL CALLAO","PAPA, fécula",252000,"SACO(S)","DINAMARCA"
"1762","2023",2,"OFICINA PUESTO DE CONTROL MARITIMO - PROV. CONST. DEL CALLAO","ARVEJA, grano partido",46266,"SACO(S)","EEUU"
"1763","2023",2,"OFICINA PUESTO DE CONTROL AEREO -  PROV. CONST. DEL CALLAO","COCO, fibra en bruto (para cesteria)",6.5,"CAJA(S)","INDIA"
"1764","2023",2,"AGUAS VERDES, TUMBES","PITAHAYA, fruto fresco",23000,"CAJA(S)","ECUADOR"
"1765","2023",2,"AGUAS VERDES, TUMBES","PITAHAYA, fruto fresco",20500,"CAJA(S)","ECUADOR"
"1766","2023",2,"OFICINA PUESTO DE CONTROL MARITIMO - PROV. CONST. DEL CALLAO","ARVEJA, grano partido",92585,"SACO(S)","EEUU"
"1767","2023",2,"OFICINA PUESTO DE CONTROL MARITIMO - PROV. CONST. DEL CALLAO","LENTEJA, grano",69399,"SACO(S)","EEUU"
"1768","2023",2,"OFICINA PUESTO DE CONTROL MARITIMO - PROV. CONST. DEL CALLAO","AVENA, grano aplastado o en copos (hojuelas)",52000,"SACO(S)","CHILE"
"1769","2023",2,"OFICINA PUESTO DE CONTROL MARITIMO - PROV. CONST. DEL CALLAO","BAMBU, madera sin emsamblar (tablillas y frisos para parqués barnizadas o laquedas) distintas de las coniferas",16000,"PALETAS","CHINA"
"1770","2023",2,"OFICINA PUESTO DE CONTROL AEREO -  PROV. CONST. DEL CALLAO","MARIPOSA, colección",1.17,"UNIDADES","MADAGASCAR"
"1771","2023",2,"OFICINA PUESTO DE CONTROL MARITIMO - PROV. CONST. DEL CALLAO","LENTEJA, grano",74616,"SACO(S)","CANADA"
"1772","2023",2,"OFICINA PUESTO DE CONTROL MARITIMO - PROV. CONST. DEL CALLAO","MADERA, monturas y mangos de herramientas, monturas y mangos de cepillos, brochas o escobas, de madera; hormas, ensanchadores y tensores del calzado, de madera ; con algún proceso de la CRF 2",27763,"PAQUETES","CHINA"
"1773","2023",2,"OFICINA PUESTO DE CONTROL MARITIMO - PROV. CONST. DEL CALLAO","AZUCAR CRUDA, sólido",125000,"SACO(S)","GUATEMALA"
"1774","2023",2,"IÑAPARI, MADRE DE DIOS","SOYA, torta",43800,"GRANEL","BRASIL"
"1775","2023",2,"IÑAPARI, MADRE DE DIOS","SOYA, torta",31250,"SACO(S)","BRASIL"
"1776","2023",2,"OFICINA PUESTO DE CONTROL MARITIMO - PROV. CONST. DEL CALLAO","ARVEJA, grano partido",25991.28,"SACO(S)","CANADA"
"1777","2023",2,"SANTA ROSA, TACNA","SOYA, harina",134000,"SACO(S)","CHILE"
"1778","2023",2,"PUERTO DE SALAVERRY, LA LIBERTAD","SOYA, torta",5559980,"GRANEL","CHILE"
"1779","2023",2,"OFICINA PUESTO DE CONTROL MARITIMO - PROV. CONST. DEL CALLAO","BAMBU, trenzas y artículos similares, de materia trenzable, incluso ensamblados en tiras, materia trenzable, trenzas y artículos similares de materia trenzable, tejidos o paralelizados, en forma plana, con algún proceso de la CRF 2",12.8,"UNIDADES","CHILE"
"1780","2023",2,"OFICINA PUESTO DE CONTROL MARITIMO - PROV. CONST. DEL CALLAO","ROTEN (=Ratán), trenzas y artículos similares, de materia trenzable, incluso ensamblados en tiras, materia trenzable, trenzas y artículos similares de materia trenzable, tejidos o paralelizados, en forma plana, con algun proceso de la CRF 2",9.6,"UNIDADES","CHILE"
"1781","2023",2,"OFICINA PUESTO DE CONTROL MARITIMO - PROV. CONST. DEL CALLAO","Articulos de cesteria (canastos, cestos u otros), con algun proceso de la CRF2",70.4,"UNIDADES","CHILE"
"1782","2023",2,"OFICINA PUESTO DE CONTROL MARITIMO - PROV. CONST. DEL CALLAO","PINO, madera aserrada con algún proceso de la CRF2",44612,"PAQUETES","CHILE"
"1783","2023",2,"OFICINA PUESTO DE CONTROL MARITIMO - PROV. CONST. DEL CALLAO","MANZANA, fruto fresco",19796,"CAJA(S)","CHILE"
"1784","2023",2,"IÑAPARI, MADRE DE DIOS","AZUCAR BLANCA O REFINADA (lectura polarimetrica mayor 99.5°)",96000,"SACO(S)","BRASIL"
"1785","2023",2,"OFICINA PUESTO DE CONTROL MARITIMO - PROV. CONST. DEL CALLAO","GARBANZO, grano",69490,"SACO(S)","EEUU"
"1786","2023",2,"AGUAS VERDES, TUMBES","CAÑA DE GUAYAQUIL, seca al natural",31000,"UNIDADES","ECUADOR"
"1787","2023",2,"AGUAS VERDES, TUMBES","PITAHAYA, fruto fresco",21000,"CAJA(S)","ECUADOR"
"1788","2023",2,"OFICINA PUESTO DE CONTROL MARITIMO - PROV. CONST. DEL CALLAO","PIMIENTA, grano seco al natural",26990,"SACO(S)","BRASIL"
"1789","2023",2,"OFICINA PUESTO DE CONTROL MARITIMO - PROV. CONST. DEL CALLAO","LENTEJA, grano",24948,"SACO(S)","CANADA"
"1790","2023",2,"OFICINA PUESTO DE CONTROL MARITIMO - PROV. CONST. DEL CALLAO","LENTEJA, grano",74844,"SACO(S)","CANADA"
"1791","2023",2,"OFICINA PUESTO DE CONTROL MARITIMO - PROV. CONST. DEL CALLAO","PINO, madera aserrada con algún proceso de la CRF2",164892,"PAQUETES","CHILE"
"1792","2023",2,"OFICINA PUESTO DE CONTROL MARITIMO - PROV. CONST. DEL CALLAO","PINO, madera aserrada con algún proceso de la CRF2",308530,"PAQUETES","CHILE"
"1793","2023",2,"OFICINA PUESTO DE CONTROL AEREO -  PROV. CONST. DEL CALLAO","ZAPALLITO ITALIANO (CALABACIN), semilla",0.833,"SACHETS","HOLANDA"
"1794","2023",2,"OFICINA PUESTO DE CONTROL AEREO -  PROV. CONST. DEL CALLAO","TOMATE, semilla",0.04,"SACHETS","ESPAÑA"
"1795","2023",2,"OFICINA PUESTO DE CONTROL AEREO -  PROV. CONST. DEL CALLAO","PEPINILLO, semilla",66.489,"SACHETS","CHILE"
"1796","2023",2,"OFICINA PUESTO DE CONTROL AEREO -  PROV. CONST. DEL CALLAO","PIMIENTO, semilla",51.308,"SACHETS","CHILE"
"1797","2023",2,"OFICINA PUESTO DE CONTROL MARITIMO - PROV. CONST. DEL CALLAO","AZUCAR BLANCA O REFINADA (lectura polarimetrica mayor 99.5°)",265000,"SACO(S)","COLOMBIA"
"1798","2023",2,"OFICINA PUESTO DE CONTROL MARITIMO - PROV. CONST. DEL CALLAO","AZUCAR BLANCA O REFINADA (lectura polarimetrica mayor 99.5°)",132500,"SACO(S)","NICARAGUA"
