"","Año","Mes","Sede","Producto","Peso.Kg.","Tipo.de.Envase","Pais.Origen"
"11758",2024,6,"OFICINA PUESTO DE CONTROL MARITIMO - PROV. CONST. DEL CALLAO","LENTEJA, grano",158216,"SACO(S)","CANADA"
"11759",2024,6,"OFICINA PUESTO DE CONTROL MARITIMO - PROV. CONST. DEL CALLAO","COMINO, grano",27000,"SACO(S)","INDIA"
"11760",2024,6,"SANTA ROSA, TACNA","MANZANA, fruto fresco",23520,"CAJA(S)","CHILE"
"11761",2024,6,"PUESTO DE CONTROL TERRESTRE DESAGUADERO","SOYA, torta",174000,"SACO(S)","BOLIVIA"
"11762",2024,6,"PUESTO DE CONTROL TERRESTRE DESAGUADERO","SOYA, harina",145000,"SACO(S)","BOLIVIA"
"11763",2024,6,"PUESTO DE CONTROL TERRESTRE DESAGUADERO","SOYA, torta",173000,"SACO(S)","BOLIVIA"
"11764",2024,6,"PUESTO DE CONTROL TERRESTRE DESAGUADERO","SOYA, torta",126500,"SACO(S)","BOLIVIA"
"11765",2024,6,"PUESTO DE CONTROL TERRESTRE DESAGUADERO","SOYA, torta",114000,"SACO(S)","BOLIVIA"
"11766",2024,6,"PUESTO DE CONTROL TERRESTRE DESAGUADERO","SOYA, torta",146000,"SACO(S)","BOLIVIA"
"11767",2024,6,"PUESTO DE CONTROL TERRESTRE DESAGUADERO","SOYA, grano",58000,"SACO(S)","BOLIVIA"
"11768",2024,6,"PUESTO DE CONTROL TERRESTRE DESAGUADERO","SOYA, torta",145000,"SACO(S)","BOLIVIA"
"11769",2024,6,"SANTA ROSA, TACNA","PALTA, fruto fresco",22896,"CAJA(S)","CHILE"
"11770",2024,6,"PUESTO DE CONTROL TERRESTRE DESAGUADERO","SOYA, grano",83980,"GRANEL","BOLIVIA"
"11771",2024,6,"PUESTO DE CONTROL TERRESTRE DESAGUADERO","SOYA, grano",56000,"GRANEL","BOLIVIA"
"11772",2024,6,"PUESTO DE CONTROL TERRESTRE DESAGUADERO","SOYA, grano",56000,"GRANEL","BOLIVIA"
"11773",2024,6,"PUESTO DE CONTROL TERRESTRE DESAGUADERO","SOYA, grano",111000,"GRANEL","BOLIVIA"
"11774",2024,6,"PUESTO DE CONTROL TERRESTRE DESAGUADERO","SOYA, grano",55500,"GRANEL","BOLIVIA"
"11775",2024,6,"SANTA ROSA, TACNA","PERA, fruta fresca",12240,"CAJA(S)","CHILE"
"11776",2024,6,"OFICINA PUESTO DE CONTROL MARITIMO - PROV. CONST. DEL CALLAO","UVA (PASAS), secas naturalmente",40000,"CAJA(S)","ARGENTINA"
"11777",2024,6,"AGUAS VERDES, TUMBES","PITAHAYA, fruto fresco",8860,"CAJA(S)","ECUADOR"
"11778",2024,6,"SANTA ROSA, TACNA","MANZANA, fruto fresco",11240,"CAJA(S)","CHILE"
"11779",2024,6,"SANTA ROSA, TACNA","MANZANA, fruto fresco",22540,"CAJA(S)","CHILE"
"11780",2024,6,"PUESTO DE CONTROL TERRESTRE DESAGUADERO","SOYA, torta",29030,"GRANEL","BOLIVIA"
"11781",2024,6,"PUESTO DE CONTROL TERRESTRE DESAGUADERO","SOYA, torta",55730,"GRANEL","BOLIVIA"
"11782",2024,6,"OFICINA PUESTO DE CONTROL AEREO -  PROV. CONST. DEL CALLAO","UVA (PASAS), secas industrialmente",100,"CAJA(S)","CHILE"
"11783",2024,6,"SANTA ROSA, TACNA","MANZANA, fruto fresco",23520,"CAJA(S)","CHILE"
"11784",2024,6,"SANTA ROSA, TACNA","MANZANA, fruto fresco",22270.5,"CAJA(S)","CHILE"
"11785",2024,6,"PUERTO DE PAITA , PIURA","MANZANA, fruto fresco",17640,"CAJA(S)","EEUU"
"11786",2024,6,"PUERTO DE PAITA , PIURA","MANZANA, fruto fresco",17640,"CAJA(S)","EEUU"
"11787",2024,6,"PUERTO DE PAITA , PIURA","MANZANA, fruto fresco",17640,"CAJA(S)","EEUU"
"11788",2024,6,"PUESTO DE CONTROL TERRESTRE DESAGUADERO","SOYA, torta",81070,"GRANEL","BOLIVIA"
"11789",2024,6,"SANTA ROSA, TACNA","MANZANA, fruto fresco",22407.7,"CAJA(S)","CHILE"
"11790",2024,6,"SANTA ROSA, TACNA","MANZANA, fruto fresco",23520,"CAJA(S)","CHILE"
"11791",2024,6,"SANTA ROSA, TACNA","MANZANA, fruto fresco",21604,"CAJA(S)","CHILE"
"11792",2024,6,"SANTA ROSA, TACNA","MANZANA, fruto fresco",21922.6,"CAJA(S)","CHILE"
"11793",2024,6,"SANTA ROSA, TACNA","MANZANA, fruto fresco",23245.6,"CAJA(S)","CHILE"
"11794",2024,6,"SANTA ROSA, TACNA","PERA, fruta fresca",23184,"CAJA(S)","CHILE"
"11795",2024,6,"SANTA ROSA, TACNA","LENTEJA, grano",49896,"SACO(S)","CANADA"
"11796",2024,6,"SANTA ROSA, TACNA","MANZANA, fruto fresco",23520,"CAJA(S)","CHILE"
"11797",2024,6,"SANTA ROSA, TACNA","GARBANZO, grano",22000,"SACO(S)","MEXICO"
"11798",2024,6,"PUESTO DE CONTROL TERRESTRE DESAGUADERO","SOYA, harina",1e+05,"SACO(S)","BOLIVIA"
"11799",2024,6,"PUESTO DE CONTROL TERRESTRE DESAGUADERO","SOYA, harina",144500,"SACO(S)","BOLIVIA"
"11800",2024,6,"PUESTO DE CONTROL TERRESTRE DESAGUADERO","SOYA, torta",145000,"SACO(S)","BOLIVIA"
"11801",2024,6,"PUESTO DE CONTROL TERRESTRE DESAGUADERO","SOYA, torta",138500,"GRANEL","BOLIVIA"
"11802",2024,6,"OFICINA PUESTO DE CONTROL MARITIMO - PROV. CONST. DEL CALLAO","MAIZ, harina",21600,"SACO(S)","COLOMBIA"
"11803",2024,6,"SANTA ROSA, TACNA","MANZANA, fruto fresco",23520,"CAJA(S)","CHILE"
"11804",2024,6,"SANTA ROSA, TACNA","MANZANA, fruto fresco",23520,"CAJA(S)","CHILE"
"11805",2024,6,"OFICINA PUESTO DE CONTROL MARITIMO - PROV. CONST. DEL CALLAO","CAUCHO, hojas ahumadas",19960,"UNIDADES","VIETNAM"
"11806",2024,6,"OFICINA PUESTO DE CONTROL MARITIMO - PROV. CONST. DEL CALLAO","FREJOL CANARIO, grano",47000,"SACO(S)","MEXICO"
"11807",2024,6,"OFICINA PUESTO DE CONTROL MARITIMO - PROV. CONST. DEL CALLAO","FREJOL, grano",3200,"BOLSAS","EEUU"
"11808",2024,6,"OFICINA PUESTO DE CONTROL MARITIMO - PROV. CONST. DEL CALLAO","LENTEJA, grano",3350,"BOLSAS","EEUU"
"11809",2024,6,"OFICINA PUESTO DE CONTROL MARITIMO - PROV. CONST. DEL CALLAO","ARROZ, grano pilado",14000,"BOLSAS","EEUU"
"11810",2024,6,"OFICINA PUESTO DE CONTROL MARITIMO - PROV. CONST. DEL CALLAO","ALGODON, fibra sin cardar ni peinar (>28.57 mm = o <34.92 mm)",60098,"FARDOS","EEUU"
"11811",2024,6,"OFICINA PUESTO DE CONTROL AEREO -  PROV. CONST. DEL CALLAO","ARROZ, salvados, moyuelos y demas residuos del cernido de la molienda o de otros tratamientos incluso en pellets",1,"FRASCO(S)","MEXICO"
"11812",2024,6,"SANTA ROSA, TACNA","MANZANA, fruto fresco",23520,"CAJA(S)","CHILE"
"11813",2024,6,"SANTA ROSA, TACNA","MANZANA, fruto fresco",23520,"CAJA(S)","CHILE"
"11814",2024,6,"PUESTO DE CONTROL TERRESTRE DESAGUADERO","SOYA, harina",116000,"SACO(S)","BOLIVIA"
"11815",2024,6,"PUESTO DE CONTROL TERRESTRE DESAGUADERO","SOYA, torta",145000,"SACO(S)","BOLIVIA"
"11816",2024,6,"PUESTO DE CONTROL TERRESTRE DESAGUADERO","SOYA, torta",114500,"SACO(S)","BOLIVIA"
"11817",2024,6,"OFICINA PUESTO DE CONTROL MARITIMO - PROV. CONST. DEL CALLAO","ARROZ, parbolizado pulido o sin cáscara",132500,"SACO(S)","BRASIL"
"11818",2024,6,"OFICINA PUESTO DE CONTROL MARITIMO - PROV. CONST. DEL CALLAO","ALMENDRA, sin cáscara secado al natural",16329.6,"CAJA(S)","EEUU"
"11819",2024,6,"OFICINA PUESTO DE CONTROL MARITIMO - PROV. CONST. DEL CALLAO","TÉ VERDE, polvo",200,"TAMBORES","CHINA"
"11820",2024,6,"OFICINA PUESTO DE CONTROL MARITIMO - PROV. CONST. DEL CALLAO","PSYLLIUM (= PLANTAGO), cáscara en polvo",100,"TAMBORES","CHINA"
"11821",2024,6,"OFICINA PUESTO DE CONTROL MARITIMO - PROV. CONST. DEL CALLAO","HARINA, mezcla",200,"CAJA(S)","CHINA"
"11822",2024,6,"OFICINA PUESTO DE CONTROL MARITIMO - PROV. CONST. DEL CALLAO","AZUCAR BLANCA O REFINADA (lectura polarimetrica mayor 99.5°)",265000,"SACO(S)","NICARAGUA"
"11823",2024,6,"OFICINA PUESTO DE CONTROL MARITIMO - PROV. CONST. DEL CALLAO","ARROZ, grano pilado",5e+05,"SACO(S)","URUGUAY"
"11824",2024,6,"PUESTO DE CONTROL TERRESTRE DESAGUADERO","SOYA, harina",145000,"SACO(S)","BOLIVIA"
"11825",2024,6,"PUESTO DE CONTROL TERRESTRE DESAGUADERO","SOYA, torta",115500,"SACO(S)","BOLIVIA"
"11826",2024,6,"PUESTO DE CONTROL TERRESTRE DESAGUADERO","SOYA, torta",116000,"SACO(S)","BOLIVIA"
"11827",2024,6,"OFICINA PUESTO DE CONTROL MARITIMO - PROV. CONST. DEL CALLAO","ACHIOTE, grano",17146,"BOLSA DE POLIETILENO","COSTA DE MARFIL"
"11828",2024,6,"OFICINA PUESTO DE CONTROL MARITIMO - PROV. CONST. DEL CALLAO","MANZANA, fruto fresco",79282,"CAJA(S)","CHILE"
"11829",2024,6,"OFICINA PUESTO DE CONTROL MARITIMO - PROV. CONST. DEL CALLAO","PERA, fruta fresca",23040,"CAJA(S)","CHILE"
"11830",2024,6,"OFICINA PUESTO DE CONTROL MARITIMO - PROV. CONST. DEL CALLAO","ALGODON, fibra sin cardar ni peinar (>28.57 mm = o <34.92 mm)",200350,"FARDOS","EEUU"
"11831",2024,6,"OFICINA PUESTO DE CONTROL MARITIMO - PROV. CONST. DEL CALLAO","PIMIENTA, grano",27000,"SACO(S)","BRASIL"
"11832",2024,6,"OFICINA PUESTO DE CONTROL MARITIMO - PROV. CONST. DEL CALLAO","TREBOL  ROJO, semilla",24000,"SACO(S)","HOLANDA"
"11833",2024,6,"OFICINA PUESTO DE CONTROL MARITIMO - PROV. CONST. DEL CALLAO","AZUCAR CRUDA, sólido",390000,"BOLSAS","BRASIL"
"11834",2024,6,"OFICINA PUESTO DE CONTROL MARITIMO - PROV. CONST. DEL CALLAO","LENTEJA, grano",49896,"SACO(S)","CANADA"
"11835",2024,6,"OFICINA PUESTO DE CONTROL MARITIMO - PROV. CONST. DEL CALLAO","FREJOL CANARIO, grano",48000,"SACO(S)","MEXICO"
"11836",2024,6,"PUESTO DE CONTROL TERRESTRE DESAGUADERO","MANI, grano sin cáscara",29000,"SACO(S)","BOLIVIA"
"11837",2024,6,"PUESTO DE CONTROL TERRESTRE DESAGUADERO","SOYA, torta",58000,"SACO(S)","BOLIVIA"
"11838",2024,6,"SANTA ROSA, TACNA","COMINO, grano",27000,"SACO(S)","INDIA"
"11839",2024,6,"PUERTO DE PAITA , PIURA","COCO, fibra (para sustrato)",115200,"PALETAS","INDIA"
"11840",2024,6,"OFICINA PUESTO DE CONTROL MARITIMO - PROV. CONST. DEL CALLAO","PERA, fruta fresca",22680,"CAJA(S)","ARGENTINA"
"11841",2024,6,"OFICINA PUESTO DE CONTROL MARITIMO - PROV. CONST. DEL CALLAO","AZUCAR BLANCA O REFINADA (lectura polarimetrica mayor 99.5°)",185500,"SACO(S)","GUATEMALA"
"11842",2024,6,"OFICINA PUESTO DE CONTROL MARITIMO - PROV. CONST. DEL CALLAO","AZUCAR BLANCA O REFINADA (lectura polarimetrica mayor 99.5°)",212000,"SACO(S)","GUATEMALA"
"11843",2024,6,"OFICINA PUESTO DE CONTROL MARITIMO - PROV. CONST. DEL CALLAO","LENTEJA, grano",184785,"SACO(S)","EEUU"
"11844",2024,6,"PUESTO DE CONTROL TERRESTRE DESAGUADERO","SOYA, torta",26000,"SACO(S)","BOLIVIA"
"11845",2024,6,"PUESTO DE CONTROL TERRESTRE DESAGUADERO","SOYA, torta",84000,"GRANEL","BOLIVIA"
"11846",2024,6,"SANTA ROSA, TACNA","MANZANA, fruto fresco",23520,"CAJA(S)","CHILE"
"11847",2024,6,"PUERTO DE PAITA , PIURA","COCO, fibra (para sustrato)",138220,"PALETAS","INDIA"
"11848",2024,6,"PUESTO DE CONTROL TERRESTRE DESAGUADERO","SOYA, harina",112000,"SACO(S)","BOLIVIA"
"11849",2024,6,"OFICINA PUESTO DE CONTROL MARITIMO - PROV. CONST. DEL CALLAO","AVENA, grano aplastado o en copos (hojuelas)",78750,"SACO(S)","CHILE"
"11850",2024,6,"OFICINA PUESTO DE CONTROL MARITIMO - PROV. CONST. DEL CALLAO","LENTEJA, grano",78927,"SACO(S)","CANADA"
"11851",2024,6,"OFICINA PUESTO DE CONTROL MARITIMO - PROV. CONST. DEL CALLAO","MATERIAS VEGETALES, para tallar trabajadas con algun proceso de la CRF 2",691,"UNIDADES","CHINA"
"11852",2024,6,"OFICINA PUESTO DE CONTROL MARITIMO - PROV. CONST. DEL CALLAO","PIMIENTA, molida",3000,"CAJA(S)","CHINA"
"11853",2024,6,"OFICINA PUESTO DE CONTROL MARITIMO - PROV. CONST. DEL CALLAO","CANELA, triturada o pulverizada (molida)",1070,"CAJA(S)","CHINA"
"11854",2024,6,"OFICINA PUESTO DE CONTROL MARITIMO - PROV. CONST. DEL CALLAO","ANIS ESTRELLA, trituradas o pulverizadas",50,"CAJA(S)","CHINA"
"11855",2024,6,"SANTA ROSA, TACNA","MANZANA, fruto fresco",22064.7,"CAJA(S)","CHILE"
"11856",2024,6,"PUESTO DE CONTROL TERRESTRE DESAGUADERO","SOYA, torta",84000,"GRANEL","BOLIVIA"
"11857",2024,6,"OFICINA PUESTO DE CONTROL MARITIMO - PROV. CONST. DEL CALLAO","ARROZ, parbolizado pulido o sin cáscara",132500,"SACO(S)","BRASIL"
"11858",2024,6,"OFICINA PUESTO DE CONTROL MARITIMO - PROV. CONST. DEL CALLAO","ARROZ, parbolizado pulido o sin cáscara",132500,"SACO(S)","BRASIL"
"11859",2024,6,"OFICINA PUESTO DE CONTROL MARITIMO - PROV. CONST. DEL CALLAO","ARROZ, parbolizado pulido o sin cáscara",132500,"SACO(S)","BRASIL"
"11860",2024,6,"OFICINA PUESTO DE CONTROL MARITIMO - PROV. CONST. DEL CALLAO","ARROZ, parbolizado pulido o sin cáscara",132500,"SACO(S)","BRASIL"
"11861",2024,6,"AGUAS VERDES, TUMBES","CAÑA DE GUAYAQUIL, seca al natural",34000,"UNIDADES","ECUADOR"
"11862",2024,6,"SANTA ROSA, TACNA","MANZANA, fruto fresco",23030,"CAJA(S)","CHILE"
"11863",2024,6,"OFICINA PUESTO DE CONTROL MARITIMO - PROV. CONST. DEL CALLAO","ARROZ, grano pilado",260000,"SACO(S)","TAILANDIA"
"11864",2024,6,"OFICINA PUESTO DE CONTROL MARITIMO - PROV. CONST. DEL CALLAO","CAUCHO, técnicamente especificado (TSNR)",20160,"PAQUETES","COLOMBIA"
"11865",2024,6,"OFICINA PUESTO DE CONTROL MARITIMO - PROV. CONST. DEL CALLAO","ARROZ, parbolizado pulido o sin cáscara",127500,"SACO(S)","BRASIL"
"11866",2024,6,"OFICINA PUESTO DE CONTROL MARITIMO - PROV. CONST. DEL CALLAO","HARINA, de los demas cereales",45051,"GRANEL","EEUU"
"11867",2024,6,"OFICINA PUESTO DE CONTROL MARITIMO - PROV. CONST. DEL CALLAO","LENTEJA, grano",49896,"SACO(S)","CANADA"
"11868",2024,6,"AGUAS VERDES, TUMBES","PAJA MACORA, paja seca al natural",2260,"FARDOS","ECUADOR"
"11869",2024,6,"PUERTO DE SALAVERRY, LA LIBERTAD","MAIZ AMARILLO DURO, grano",26703070,"GRANEL","ARGENTINA"
"11870",2024,6,"PUESTO DE CONTROL TERRESTRE DESAGUADERO","SOYA, torta",143260,"SACO(S)","BOLIVIA"
"11871",2024,6,"PUESTO DE CONTROL TERRESTRE DESAGUADERO","SOYA, torta",144000,"SACO(S)","BOLIVIA"
"11872",2024,6,"PUESTO DE CONTROL TERRESTRE DESAGUADERO","SOYA, torta",174000,"SACO(S)","BOLIVIA"
"11873",2024,6,"PUESTO DE CONTROL TERRESTRE DESAGUADERO","SOYA, torta",115500,"SACO(S)","BOLIVIA"
"11874",2024,6,"PUESTO DE CONTROL TERRESTRE DESAGUADERO","GIRASOL, torta",27100,"GRANEL","BOLIVIA"
"11875",2024,6,"PUESTO DE CONTROL TERRESTRE DESAGUADERO","SOYA, harina",84154,"SACO(S)","BOLIVIA"
"11876",2024,6,"PUESTO DE CONTROL TERRESTRE DESAGUADERO","SOYA, harina",27954,"SACO(S)","BOLIVIA"
"11877",2024,6,"OFICINA PUESTO DE CONTROL MARITIMO - PROV. CONST. DEL CALLAO","FREJOL CANARIO, grano",22880,"SACO(S)","MEXICO"
"11878",2024,6,"OFICINA PUESTO DE CONTROL MARITIMO - PROV. CONST. DEL CALLAO","CAUCHO, técnicamente especificado (TSNR)",43200,"BOLSAS","BRASIL"
"11879",2024,6,"PUESTO DE CONTROL TERRESTRE DESAGUADERO","SOYA, harina",29732,"SACO(S)","BOLIVIA"
"11880",2024,6,"PUESTO DE CONTROL TERRESTRE DESAGUADERO","GIRASOL, torta",139900,"GRANEL","BOLIVIA"
"11881",2024,6,"PUESTO DE CONTROL TERRESTRE DESAGUADERO","SOYA, harina",25229,"SACO(S)","BOLIVIA"
"11882",2024,6,"PUESTO DE CONTROL TERRESTRE DESAGUADERO","SOYA, torta",26060,"GRANEL","BOLIVIA"
"11883",2024,6,"PUESTO DE CONTROL TERRESTRE DESAGUADERO","SOYA, torta",56000,"GRANEL","BOLIVIA"
"11884",2024,6,"PUESTO DE CONTROL TERRESTRE DESAGUADERO","SOYA, torta",57500,"GRANEL","BOLIVIA"
"11885",2024,6,"OFICINA PUESTO DE CONTROL MARITIMO - PROV. CONST. DEL CALLAO","TURBA",203040,"FARDOS","HOLANDA"
"11886",2024,6,"PUESTO DE CONTROL TERRESTRE DESAGUADERO","SOYA, torta",84500,"GRANEL","BOLIVIA"
"11887",2024,6,"PUESTO DE CONTROL TERRESTRE DESAGUADERO","SOYA, torta",56000,"GRANEL","BOLIVIA"
"11888",2024,6,"PUESTO DE CONTROL TERRESTRE DESAGUADERO","SOYA, torta",141500,"GRANEL","BOLIVIA"
"11889",2024,6,"PUESTO DE CONTROL TERRESTRE DESAGUADERO","SOYA, torta",168000,"GRANEL","BOLIVIA"
"11890",2024,6,"PUESTO DE CONTROL TERRESTRE DESAGUADERO","SOYA, torta",58000,"GRANEL","BOLIVIA"
"11891",2024,6,"PUESTO DE CONTROL TERRESTRE DESAGUADERO","SOYA, torta",112590,"GRANEL","BOLIVIA"
"11892",2024,6,"OFICINA PUESTO DE CONTROL AEREO -  PROV. CONST. DEL CALLAO","MELON, semilla",0.55,"LATAS","EEUU"
"11893",2024,6,"OFICINA PUESTO DE CONTROL AEREO -  PROV. CONST. DEL CALLAO","PEPINILLO, semilla",0.155,"LATAS","EEUU"
"11894",2024,6,"OFICINA PUESTO DE CONTROL AEREO -  PROV. CONST. DEL CALLAO","LECHUGA, semilla",0.689,"SACHETS","HOLANDA"
"11895",2024,6,"OFICINA PUESTO DE CONTROL MARITIMO - PROV. CONST. DEL CALLAO","MANZANA, fruto fresco",3920,"CAJA(S)","ARGENTINA"
"11896",2024,6,"OFICINA PUESTO DE CONTROL MARITIMO - PROV. CONST. DEL CALLAO","PERA, fruta fresca",19278,"CAJA(S)","ARGENTINA"
"11897",2024,6,"OFICINA PUESTO DE CONTROL MARITIMO - PROV. CONST. DEL CALLAO","AVENA, grano trabajado (mondado, perlado, troceado o quebrantado)",52500,"SACO(S)","CHILE"
"11898",2024,6,"OFICINA PUESTO DE CONTROL MARITIMO - PROV. CONST. DEL CALLAO","UVA (PASAS), secas industrialmente",21000,"CAJA(S)","CHILE"
"11899",2024,6,"OFICINA PUESTO DE CONTROL MARITIMO - PROV. CONST. DEL CALLAO","GARBANZO, grano",71750,"SACO(S)","MEXICO"
"11900",2024,6,"OFICINA PUESTO DE CONTROL MARITIMO - PROV. CONST. DEL CALLAO","FREJOL CANARIO, grano",71760,"SACO(S)","MEXICO"
"11901",2024,6,"OFICINA PUESTO DE CONTROL MARITIMO - PROV. CONST. DEL CALLAO","ARANDANO, planta",2820,"BINES DE MADERA","CHILE"
"11902",2024,6,"OFICINA PUESTO DE CONTROL MARITIMO - PROV. CONST. DEL CALLAO","FLOR DE JAMAICA, seca natural",12000,"SACO(S)","NIGERIA"
"11903",2024,6,"OFICINA PUESTO DE CONTROL MARITIMO - PROV. CONST. DEL CALLAO","AZUCAR BLANCA O REFINADA (lectura polarimetrica mayor 99.5°)",79500,"SACO(S)","GUATEMALA"
"11904",2024,6,"OFICINA PUESTO DE CONTROL MARITIMO - PROV. CONST. DEL CALLAO","PERA, fruta fresca",22680,"CAJA(S)","ARGENTINA"
"11905",2024,6,"OFICINA PUESTO DE CONTROL MARITIMO - PROV. CONST. DEL CALLAO","FREJOL, grano",40008,"SACO(S)","CANADA"
"11906",2024,6,"OFICINA PUESTO DE CONTROL MARITIMO - PROV. CONST. DEL CALLAO","FREJOL, grano",20865,"SACO(S)","CANADA"
"11907",2024,6,"PUESTO DE CONTROL TERRESTRE DESAGUADERO","AJONJOLI, grano",29000,"SACO(S)","BOLIVIA"
"11908",2024,6,"AGUAS VERDES, TUMBES","CAÑA DE GUAYAQUIL, seca al natural",34000,"UNIDADES","ECUADOR"
"11909",2024,6,"OFICINA PUESTO DE CONTROL MARITIMO - PROV. CONST. DEL CALLAO","ALGODON, fibra sin cardar ni peinar (>22.22 mm = o <28.57 mm)",18540,"FARDOS","EEUU"
"11910",2024,6,"PUESTO DE CONTROL TERRESTRE DESAGUADERO","SOYA, torta",28000,"GRANEL","BOLIVIA"
"11911",2024,6,"PUESTO DE CONTROL TERRESTRE DESAGUADERO","GIRASOL, torta",27380,"GRANEL","BOLIVIA"
"11912",2024,6,"PUESTO DE CONTROL TERRESTRE DESAGUADERO","SOYA, torta",57444,"SACO(S)","BOLIVIA"
"11913",2024,6,"PUESTO DE CONTROL TERRESTRE DESAGUADERO","SOYA, torta",55880,"GRANEL","BOLIVIA"
"11914",2024,6,"PUESTO DE CONTROL TERRESTRE DESAGUADERO","SOYA, torta",84000,"GRANEL","BOLIVIA"
"11915",2024,6,"PUESTO DE CONTROL TERRESTRE DESAGUADERO","SOYA, torta",144500,"SACO(S)","BOLIVIA"
"11916",2024,6,"PUESTO DE CONTROL TERRESTRE DESAGUADERO","SOYA, torta",116000,"SACO(S)","BOLIVIA"
"11917",2024,6,"OFICINA PUESTO DE CONTROL MARITIMO - PROV. CONST. DEL CALLAO","AZUCAR CRUDA, sólido",78000,"SACO(S)","BRASIL"
"11918",2024,6,"PUESTO DE CONTROL TERRESTRE DESAGUADERO","AZUCAR BLANCA O REFINADA (lectura polarimetrica mayor 99.5°)",145000,"SACO(S)","BOLIVIA"
"11919",2024,6,"PUESTO DE CONTROL TERRESTRE DESAGUADERO","AZUCAR BLANCA O REFINADA (lectura polarimetrica mayor 99.5°)",145000,"SACO(S)","BOLIVIA"
"11920",2024,6,"OFICINA PUESTO DE CONTROL MARITIMO - PROV. CONST. DEL CALLAO","MAIZ AMARILLO DURO, grano",25848630,"GRANEL","ARGENTINA"
"11921",2024,6,"PUESTO DE CONTROL TERRESTRE DESAGUADERO","SOYA, torta",146000,"SACO(S)","BOLIVIA"
"11922",2024,6,"PUESTO DE CONTROL TERRESTRE DESAGUADERO","SOYA, torta",174000,"SACO(S)","BOLIVIA"
"11923",2024,6,"SANTA ROSA, TACNA","ARANDANO, planta",15568,"BINES DE MADERA","CHILE"
"11924",2024,6,"PUESTO DE CONTROL TERRESTRE DESAGUADERO","SOYA, torta",144500,"SACO(S)","BOLIVIA"
"11925",2024,6,"PUESTO DE CONTROL TERRESTRE DESAGUADERO","SOYA, harina",145000,"SACO(S)","BOLIVIA"
"11926",2024,6,"OFICINA PUESTO DE CONTROL MARITIMO - PROV. CONST. DEL CALLAO","YUCA (=MANDIOCA), fécula",18000,"SACO(S)","TAILANDIA"
"11927",2024,6,"OFICINA PUESTO DE CONTROL MARITIMO - PROV. CONST. DEL CALLAO","SOYA, torta",16531320,"GRANEL","ARGENTINA"
"11928",2024,6,"PUESTO DE CONTROL TERRESTRE DESAGUADERO","SOYA, torta",142500,"SACO(S)","BOLIVIA"
"11929",2024,6,"PUESTO DE CONTROL TERRESTRE DESAGUADERO","SOYA, torta",55010,"GRANEL","BOLIVIA"
"11930",2024,6,"OFICINA PUESTO DE CONTROL MARITIMO - PROV. CONST. DEL CALLAO","MANZANA, fruto fresco",52920,"CAJA(S)","EEUU"
"11931",2024,6,"PUESTO DE CONTROL TERRESTRE DESAGUADERO","SOYA, grano",55980,"GRANEL","BOLIVIA"
"11932",2024,6,"OFICINA PUESTO DE CONTROL MARITIMO - PROV. CONST. DEL CALLAO","ALGODON, fibra sin cardar ni peinar (>28.57 mm = o <34.92 mm)",118560,"FARDOS",NA
"11933",2024,6,"PUESTO DE CONTROL TERRESTRE DESAGUADERO","SOYA, harina",116000,"SACO(S)","BOLIVIA"
"11934",2024,6,"PUESTO DE CONTROL TERRESTRE DESAGUADERO","SOYA, torta",115000,"SACO(S)","BOLIVIA"
"11935",2024,6,"OFICINA PUESTO DE CONTROL MARITIMO - PROV. CONST. DEL CALLAO","MAIZ, almidon",24900,"BOLSAS","COLOMBIA"
"11936",2024,6,"OFICINA PUESTO DE CONTROL MARITIMO - PROV. CONST. DEL CALLAO","AZUCAR BLANCA O REFINADA (lectura polarimetrica mayor 99.5°)",50000,"SACO(S)","NICARAGUA"
"11937",2024,6,"OFICINA PUESTO DE CONTROL MARITIMO - PROV. CONST. DEL CALLAO","AZUCAR CRUDA, sólido",51570,"SACO(S)","BRASIL"
"11938",2024,6,"OFICINA PUESTO DE CONTROL MARITIMO - PROV. CONST. DEL CALLAO","AZUCAR BLANCA O REFINADA (lectura polarimetrica mayor 99.5°)",2e+05,"SACO(S)","NICARAGUA"
"11939",2024,6,"PUESTO DE CONTROL TERRESTRE DESAGUADERO","SOYA, torta",145000,"SACO(S)","BOLIVIA"
"11940",2024,6,"OFICINA PUESTO DE CONTROL MARITIMO - PROV. CONST. DEL CALLAO","PERA, fruta fresca",23436,"CAJA(S)","ARGENTINA"
"11941",2024,6,"PUESTO DE CONTROL TERRESTRE DESAGUADERO","SOYA, grano",55000,"GRANEL","BOLIVIA"
"11942",2024,6,"PUESTO DE CONTROL TERRESTRE DESAGUADERO","SOYA, grano",56000,"GRANEL","BOLIVIA"
"11943",2024,6,"IÑAPARI, MADRE DE DIOS","NUEZ DEL BRASIL, con cáscara seca al natural",29000,"GRANEL","BRASIL"
"11944",2024,6,"IÑAPARI, MADRE DE DIOS","NUEZ DEL BRASIL, con cáscara seca al natural",29040,"GRANEL","BRASIL"
"11945",2024,6,"OFICINA PUESTO DE CONTROL AEREO -  PROV. CONST. DEL CALLAO","LECHUGA, semilla",7.25,"LATAS","TURQUIA"
"11946",2024,6,"OFICINA PUESTO DE CONTROL AEREO -  PROV. CONST. DEL CALLAO","PEPINILLO, semilla",2.2,"SACHETS","TURQUIA"
"11947",2024,6,"OFICINA PUESTO DE CONTROL AEREO -  PROV. CONST. DEL CALLAO","BROCOLI, semilla",0.01,"SACHETS","ALEMANIA"
"11948",2024,6,"OFICINA PUESTO DE CONTROL AEREO -  PROV. CONST. DEL CALLAO","COL, semilla",0.01,"SACHETS","ALEMANIA"
"11949",2024,6,"OFICINA PUESTO DE CONTROL AEREO -  PROV. CONST. DEL CALLAO","COLIFLOR, semilla",0.02,"SACHETS","ALEMANIA"
"11950",2024,6,"OFICINA PUESTO DE CONTROL AEREO -  PROV. CONST. DEL CALLAO","SANDIA, semilla",0.025,"SACHETS","ALEMANIA"
"11951",2024,6,"OFICINA PUESTO DE CONTROL AEREO -  PROV. CONST. DEL CALLAO","TOMATE, semilla",0.012,"SACHETS","ALEMANIA"
"11952",2024,6,"OFICINA PUESTO DE CONTROL MARITIMO - PROV. CONST. DEL CALLAO","TRIGO, harina",1e+05,"BOLSAS","TURQUIA"
"11953",2024,6,"OFICINA PUESTO DE CONTROL AEREO -  PROV. CONST. DEL CALLAO","SANDIA, semilla",135.195,"SACHETS","CHILE"
"11954",2024,6,"PUESTO DE CONTROL TERRESTRE DESAGUADERO","SOYA, harina",84000,"SACO(S)","BOLIVIA"
"11955",2024,6,"OFICINA PUESTO DE CONTROL MARITIMO - PROV. CONST. DEL CALLAO","AZUCAR CRUDA, sólido",130000,"SACO(S)","BRASIL"
"11956",2024,6,"PUESTO DE CONTROL TERRESTRE DESAGUADERO","MAIZ AMARILLO DURO, grano",58000,"SACO(S)","BOLIVIA"
"11957",2024,6,"LA TINA, PIURA","PINO, madera aserrada con algún proceso de la CRF2",32000,"UNIDADES","ECUADOR"
"11958",2024,6,"OFICINA PUESTO DE CONTROL AEREO -  PROV. CONST. DEL CALLAO","ARANDANO, planta in vitro",0.014,"CAJA(S)","EEUU"
"11959",2024,6,"OFICINA PUESTO DE CONTROL AEREO -  PROV. CONST. DEL CALLAO","CAÑAMO, grano descascarado",240,"BOLSAS","HOLANDA"
"11960",2024,6,"PUESTO DE CONTROL TERRESTRE DESAGUADERO","SOYA, harina",30000,"SACO(S)","BOLIVIA"
"11961",2024,6,"OFICINA PUESTO DE CONTROL MARITIMO - PROV. CONST. DEL CALLAO","PERA, fruta fresca",45360,"CAJA(S)","ARGENTINA"
"11962",2024,6,"OFICINA PUESTO DE CONTROL MARITIMO - PROV. CONST. DEL CALLAO","PINO, madera aserrada, con tratamiento de secado al horno o impregnación de sales",21586.007,"PAQUETES","EEUU"
"11963",2024,6,"OFICINA PUESTO DE CONTROL AEREO -  PROV. CONST. DEL CALLAO","ZANAHORIA, semilla",300,"BOLSA DE POLIETILENO","JAPON"
"11964",2024,6,"OFICINA PUESTO DE CONTROL MARITIMO - PROV. CONST. DEL CALLAO","FREJOL CANARIO, grano",44000,"SACO(S)","MEXICO"
"11965",2024,6,"OFICINA PUESTO DE CONTROL MARITIMO - PROV. CONST. DEL CALLAO","GARBANZO, grano",22990,"SACO(S)","MEXICO"
"11966",2024,6,"OFICINA PUESTO DE CONTROL MARITIMO - PROV. CONST. DEL CALLAO","AZUCAR BLANCA O REFINADA (lectura polarimetrica mayor 99.5°)",250000,"SACO(S)","NICARAGUA"
"11967",2024,6,"OFICINA PUESTO DE CONTROL MARITIMO - PROV. CONST. DEL CALLAO","AZUCAR CRUDA, sólido",5e+05,"SACO(S)","EL SALVADOR"
"11968",2024,6,"OFICINA PUESTO DE CONTROL MARITIMO - PROV. CONST. DEL CALLAO","AZUCAR CRUDA, sólido",375000,"SACO(S)","EL SALVADOR"
"11969",2024,6,"OFICINA PUESTO DE CONTROL MARITIMO - PROV. CONST. DEL CALLAO","AZUCAR CRUDA, sólido",250000,"SACO(S)","NICARAGUA"
"11970",2024,6,"OFICINA PUESTO DE CONTROL MARITIMO - PROV. CONST. DEL CALLAO","AZUCAR CRUDA, sólido",250000,"SACO(S)","NICARAGUA"
"11971",2024,6,"OFICINA PUESTO DE CONTROL MARITIMO - PROV. CONST. DEL CALLAO","AZUCAR BLANCA O REFINADA (lectura polarimetrica mayor 99.5°)",212000,"SACO(S)","NICARAGUA"
"11972",2024,6,"OFICINA PUESTO DE CONTROL MARITIMO - PROV. CONST. DEL CALLAO","AZUCAR CRUDA, sólido",125000,"SACO(S)","NICARAGUA"
"11973",2024,6,"OFICINA PUESTO DE CONTROL MARITIMO - PROV. CONST. DEL CALLAO","PERA, fruta fresca",23814,"CAJA(S)","ARGENTINA"
"11974",2024,6,"OFICINA PUESTO DE CONTROL MARITIMO - PROV. CONST. DEL CALLAO","MANZANA, fruto fresco",40634,"CAJA(S)","EEUU"
"11975",2024,6,"OFICINA PUESTO DE CONTROL MARITIMO - PROV. CONST. DEL CALLAO","COCO, fibra (para sustrato)",81700,"PACAS","MEXICO"
"11976",2024,6,"OFICINA PUESTO DE CONTROL MARITIMO - PROV. CONST. DEL CALLAO","AVENA, grano trabajado (mondado, perlado, troceado o quebrantado)",105000,"SACO(S)","CHILE"
"11977",2024,6,"PUESTO DE CONTROL TERRESTRE DESAGUADERO","SOYA, torta",145000,"SACO(S)","BOLIVIA"
"11978",2024,6,"OFICINA PUESTO DE CONTROL AEREO -  PROV. CONST. DEL CALLAO","ARANDANO, planta in vitro",660,"CAJA(S)","MEXICO"
"11979",2024,6,"PUESTO DE CONTROL TERRESTRE DESAGUADERO","SOYA, grano",56000,"GRANEL","BOLIVIA"
"11980",2024,6,"OFICINA PUESTO DE CONTROL MARITIMO - PROV. CONST. DEL CALLAO","COCO, fibra (para sustrato)",224700,"PALETAS","INDIA"
"11981",2024,6,"OFICINA PUESTO DE CONTROL MARITIMO - PROV. CONST. DEL CALLAO","COCO, fibra (para sustrato)",226800,"PALETAS","INDIA"
"11982",2024,6,"OFICINA PUESTO DE CONTROL MARITIMO - PROV. CONST. DEL CALLAO","COCO, fibra (para sustrato)",229950,"PALETAS","INDIA"
"11983",2024,6,"PUESTO DE CONTROL TERRESTRE DESAGUADERO","SOYA, harina",145000,"SACO(S)","BOLIVIA"
"11984",2024,6,"PUESTO DE CONTROL TERRESTRE DESAGUADERO","SOYA, torta",140000,"GRANEL","BOLIVIA"
"11985",2024,6,"OFICINA PUESTO DE CONTROL MARITIMO - PROV. CONST. DEL CALLAO","MANZANA, fruto fresco",58879.06,"CAJA(S)","EEUU"
"11986",2024,6,"PUESTO DE CONTROL TERRESTRE DESAGUADERO","SOYA, torta",55930,"GRANEL","BOLIVIA"
"11987",2024,6,"PUESTO DE CONTROL TERRESTRE DESAGUADERO","SOYA, torta",84000,"GRANEL","BOLIVIA"
"11988",2024,6,"OFICINA PUESTO DE CONTROL MARITIMO - PROV. CONST. DEL CALLAO","MANZANA, fruto fresco",21285.6,"CAJA(S)","ARGENTINA"
"11989",2024,6,"OFICINA PUESTO DE CONTROL MARITIMO - PROV. CONST. DEL CALLAO","PERA, fruta fresca",47892.6,"CAJA(S)","ARGENTINA"
"11990",2024,6,"OFICINA PUESTO DE CONTROL MARITIMO - PROV. CONST. DEL CALLAO","PINO, madera aserrada con algún proceso de la CRF2",38865,"PALETAS","CHILE"
"11991",2024,6,"OFICINA PUESTO DE CONTROL MARITIMO - PROV. CONST. DEL CALLAO","PINO, madera aserrada con algún proceso de la CRF2",216578,"PALETAS","CHILE"
"11992",2024,6,"OFICINA PUESTO DE CONTROL MARITIMO - PROV. CONST. DEL CALLAO","TURBA",22950,"BOLSAS","LETONIA"
"11993",2024,6,"OFICINA PUESTO DE CONTROL MARITIMO - PROV. CONST. DEL CALLAO","PERA, fruta fresca",22680,"CAJA(S)","ARGENTINA"
"11994",2024,6,"OFICINA PUESTO DE CONTROL MARITIMO - PROV. CONST. DEL CALLAO","PERA, fruta fresca",22680,"CAJA(S)","ARGENTINA"
"11995",2024,6,"OFICINA PUESTO DE CONTROL MARITIMO - PROV. CONST. DEL CALLAO","PERA, fruta fresca",23814,"CAJA(S)","ARGENTINA"
"11996",2024,6,"OFICINA PUESTO DE CONTROL MARITIMO - PROV. CONST. DEL CALLAO","CAUCHO, técnicamente especificado (TSNR)",60480,"PACAS","COLOMBIA"
"11997",2024,6,"PUESTO DE CONTROL TERRESTRE DESAGUADERO","SOYA, torta",55980,"GRANEL","BOLIVIA"
"11998",2024,6,"OFICINA PUESTO DE CONTROL MARITIMO - PROV. CONST. DEL CALLAO","CEBOLLA, triturada o pulverizada",261.949,"PAQUETES","EEUU"
"11999",2024,6,"OFICINA PUESTO DE CONTROL MARITIMO - PROV. CONST. DEL CALLAO","CEBOLLA, trozos o rodajas",39.292,"PAQUETES","EEUU"
"12000",2024,6,"OFICINA PUESTO DE CONTROL MARITIMO - PROV. CONST. DEL CALLAO","AJO, polvo",2342.236,"PAQUETES","EEUU"
"12001",2024,6,"OFICINA PUESTO DE CONTROL MARITIMO - PROV. CONST. DEL CALLAO","AJO CON PEREJIL, molido",105.46,"PAQUETES","EEUU"
"12002",2024,6,"OFICINA PUESTO DE CONTROL MARITIMO - PROV. CONST. DEL CALLAO","CULANTRO, hoja seca industrial",8.165,"PAQUETES","EEUU"
"12003",2024,6,"OFICINA PUESTO DE CONTROL MARITIMO - PROV. CONST. DEL CALLAO","PIMIENTA, mezcla con algún proceso de la CRF 2",195.952,"PAQUETES","EEUU"
"12004",2024,6,"OFICINA PUESTO DE CONTROL MARITIMO - PROV. CONST. DEL CALLAO","PIMIENTA, molida",2276.577,"PAQUETES","EEUU"
"12005",2024,6,"OFICINA PUESTO DE CONTROL MARITIMO - PROV. CONST. DEL CALLAO","PIMENTON, polvo",774.735,"PAQUETES","EEUU"
"12006",2024,6,"OFICINA PUESTO DE CONTROL MARITIMO - PROV. CONST. DEL CALLAO","CANELA, triturada o pulverizada (molida)",744.798,"PAQUETES","EEUU"
"12007",2024,6,"OFICINA PUESTO DE CONTROL MARITIMO - PROV. CONST. DEL CALLAO","NUEZ MOSCADA, sin triturar ni pulverizar con secado al horno",40.896,"PAQUETES","EEUU"
"12008",2024,6,"OFICINA PUESTO DE CONTROL MARITIMO - PROV. CONST. DEL CALLAO","NUEZ MOSCADA, triturada o molida",163.293,"PAQUETES","EEUU"
"12009",2024,6,"OFICINA PUESTO DE CONTROL MARITIMO - PROV. CONST. DEL CALLAO","COMINO, triturado y/o pulverizado",865.454,"PAQUETES","EEUU"
"12010",2024,6,"OFICINA PUESTO DE CONTROL MARITIMO - PROV. CONST. DEL CALLAO","JENJIBRE(=KION), triturado o pulverizado",122.47,"PAQUETES","EEUU"
"12011",2024,6,"OFICINA PUESTO DE CONTROL MARITIMO - PROV. CONST. DEL CALLAO","CURCUMA, molida",152.407,"PAQUETES","EEUU"
"12012",2024,6,"OFICINA PUESTO DE CONTROL MARITIMO - PROV. CONST. DEL CALLAO","CURCUMA, polvo",54.431,"PAQUETES","EEUU"
"12013",2024,6,"OFICINA PUESTO DE CONTROL MARITIMO - PROV. CONST. DEL CALLAO","LAUREL, hoja seca industrial",3.266,"PAQUETES","EEUU"
"12014",2024,6,"OFICINA PUESTO DE CONTROL MARITIMO - PROV. CONST. DEL CALLAO","CURRY, secas industrial o trituradas o molidas",336.111,"PAQUETES","EEUU"
"12015",2024,6,"OFICINA PUESTO DE CONTROL MARITIMO - PROV. CONST. DEL CALLAO","ESTRAGON (=ARTEMIASA), seco industrial",33.339,"PAQUETES","EEUU"
"12016",2024,6,"OFICINA PUESTO DE CONTROL MARITIMO - PROV. CONST. DEL CALLAO","TOMILLO, hoja seca industrial",16.329,"PAQUETES","EEUU"
"12017",2024,6,"OFICINA PUESTO DE CONTROL MARITIMO - PROV. CONST. DEL CALLAO","OREGANO, con algún con proceso de CRF 2",100.018,"PAQUETES","EEUU"
"12018",2024,6,"OFICINA PUESTO DE CONTROL MARITIMO - PROV. CONST. DEL CALLAO","ROMERO, secado industrial",54.431,"PAQUETES","EEUU"
"12019",2024,6,"OFICINA PUESTO DE CONTROL MARITIMO - PROV. CONST. DEL CALLAO","ACHIOTE, molido",37.421,"PAQUETES","EEUU"
"12020",2024,6,"OFICINA PUESTO DE CONTROL MARITIMO - PROV. CONST. DEL CALLAO","Marañon (NUEZ DE CAJU), semilla alimenticia sin cascara, seca industriamente",24948,"CAJA(S)","BRASIL"
"12021",2024,6,"OFICINA PUESTO DE CONTROL MARITIMO - PROV. CONST. DEL CALLAO","NUEZ, con cáscara seca al natural",40000,"SACO(S)","CHILE"
"12022",2024,6,"PUESTO DE CONTROL TERRESTRE DESAGUADERO","SOYA, torta",85480,"GRANEL","BOLIVIA"
"12023",2024,6,"SANTA ROSA, TACNA","UVA (PASAS), secas industrialmente",18400,"CAJA(S)","CHILE"
"12024",2024,6,"OFICINA PUESTO DE CONTROL MARITIMO - PROV. CONST. DEL CALLAO","ARROZ, parbolizado pulido o sin cáscara",25750,"SACO(S)","BRASIL"
"12025",2024,6,"SANTA ROSA, TACNA","PAPA, almidon",59975,"BOLSAS","ALEMANIA"
"12026",2024,6,"OFICINA PUESTO DE CONTROL MARITIMO - PROV. CONST. DEL CALLAO","MANI, grano sin cáscara",25000,"SACO(S)","BRASIL"
"12027",2024,6,"PUESTO DE CONTROL TERRESTRE DESAGUADERO","SOYA, torta",140000,"GRANEL","BOLIVIA"
"12028",2024,6,"PUESTO DE CONTROL TERRESTRE DESAGUADERO","SOYA, torta",29130,"GRANEL","BOLIVIA"
"12029",2024,6,"OFICINA PUESTO DE CONTROL MARITIMO - PROV. CONST. DEL CALLAO","AZUCAR BLANCA O REFINADA (lectura polarimetrica mayor 99.5°)",50000,"SACO(S)","NICARAGUA"
"12030",2024,6,"OFICINA PUESTO DE CONTROL MARITIMO - PROV. CONST. DEL CALLAO","Los demas pulverizadores para agricultura u horticultura usados
",1376,"UNIDADES","ESPAÑA"
"12031",2024,6,"OFICINA PUESTO DE CONTROL MARITIMO - PROV. CONST. DEL CALLAO","Arados usados
",1204,"UNIDADES","ESPAÑA"
"12032",2024,6,"OFICINA PUESTO DE CONTROL MARITIMO - PROV. CONST. DEL CALLAO","Gradas (rastras) de discos usados
",1892,"UNIDADES","ESPAÑA"
"12033",2024,6,"OFICINA PUESTO DE CONTROL MARITIMO - PROV. CONST. DEL CALLAO","Las demás gradas (rastras), escarificadores y extirpadores usados
",860,"UNIDADES","ESPAÑA"
"12034",2024,6,"PUESTO DE CONTROL TERRESTRE DESAGUADERO","SOYA, torta",144500,"SACO(S)","BOLIVIA"
"12035",2024,6,"PUESTO DE CONTROL TERRESTRE DESAGUADERO","AZUCAR BLANCA O REFINADA (lectura polarimetrica mayor 99.5°)",145000,"SACO(S)","BOLIVIA"
"12036",2024,6,"OFICINA PUESTO DE CONTROL MARITIMO - PROV. CONST. DEL CALLAO","ALGODON, fibra sin cardar ni peinar (>22.22 mm = o <28.57 mm)",39570,"FARDOS","EEUU"
"12037",2024,6,"OFICINA PUESTO DE CONTROL MARITIMO - PROV. CONST. DEL CALLAO","Articulos de cesteria (canastos, cestos u otros), con algun proceso de la CRF2",68.32,"PIEZAS","CHINA"
"12038",2024,6,"OFICINA PUESTO DE CONTROL MARITIMO - PROV. CONST. DEL CALLAO","MAIZ, almidon",24750,"BOLSAS","BRASIL"
"12039",2024,6,"PUERTO DE PAITA , PIURA","COMINO, grano",27000,"SACO(S)","INDIA"
"12040",2024,6,"PUESTO DE CONTROL TERRESTRE DESAGUADERO","AZUCAR BLANCA O REFINADA (lectura polarimetrica mayor 99.5°)",145000,"SACO(S)","BOLIVIA"
"12041",2024,6,"PUESTO DE CONTROL TERRESTRE DESAGUADERO","MAIZ AMARILLO DURO, grano",59980,"SACO(S)","BOLIVIA"
"12042",2024,6,"OFICINA PUESTO DE CONTROL MARITIMO - PROV. CONST. DEL CALLAO","CANELA, corteza entera seca al natural",11000,"CAJA(S)","SRI LANKA"
"12043",2024,6,"OFICINA PUESTO DE CONTROL MARITIMO - PROV. CONST. DEL CALLAO","GARBANZO, grano",45905,"SACO(S)","MEXICO"
"12044",2024,6,"OFICINA PUESTO DE CONTROL MARITIMO - PROV. CONST. DEL CALLAO","GARBANZO, grano",22960,"SACO(S)","EEUU"
"12045",2024,6,"OFICINA PUESTO DE CONTROL MARITIMO - PROV. CONST. DEL CALLAO","TURBA",77250,"BOLSAS","LETONIA"
"12046",2024,6,"AGUAS VERDES, TUMBES","CAÑA DE GUAYAQUIL, seca al natural",34000,"UNIDADES","ECUADOR"
"12047",2024,6,"OFICINA PUESTO DE CONTROL MARITIMO - PROV. CONST. DEL CALLAO","AZUCAR SIN REFINAR, solido",260000,"SACO(S)","BRASIL"
"12048",2024,6,"OFICINA PUESTO DE CONTROL MARITIMO - PROV. CONST. DEL CALLAO","ARVEJA, grano partido",92532,"SACO(S)","EEUU"
"12049",2024,6,"PUESTO DE CONTROL TERRESTRE DESAGUADERO","SOYA, grano",58000,"SACO(S)","BOLIVIA"
"12050",2024,6,"OFICINA PUESTO DE CONTROL MARITIMO - PROV. CONST. DEL CALLAO","COCO, fibra (para sustrato)",40810,"BOLSAS","SRI LANKA"
"12051",2024,6,"OFICINA PUESTO DE CONTROL MARITIMO - PROV. CONST. DEL CALLAO","AVENA, grano trabajado (mondado, perlado, troceado o quebrantado)",72000,"SACO(S)","CHILE"
"12052",2024,6,"PUESTO DE CONTROL TERRESTRE DESAGUADERO","MAIZ AMARILLO DURO, grano",87000,"SACO(S)","BOLIVIA"
"12053",2024,6,"PUERTO DE PAITA , PIURA","COCO, fibra (para sustrato)",123490.5,"PALETAS","INDIA"
"12054",2024,6,"OFICINA PUESTO DE CONTROL MARITIMO - PROV. CONST. DEL CALLAO","CAUCHO, técnicamente especificado (TSNR)",20160,"PIEZAS","INDONESIA"
"12055",2024,6,"OFICINA PUESTO DE CONTROL AEREO -  PROV. CONST. DEL CALLAO","CORCHO, tapones",0.41,"UNIDADES","SUIZA"
"12056",2024,6,"OFICINA PUESTO DE CONTROL MARITIMO - PROV. CONST. DEL CALLAO","MADERA EN PLAQUITAS, o partículas de coníferas con algún proceso de CRF 2",4320,"SACO(S)","ALEMANIA"
"12057",2024,6,"OFICINA PUESTO DE CONTROL MARITIMO - PROV. CONST. DEL CALLAO","ASERRIN, sin aglomerar, con algún proceso de la CRF 2",3600,"SACO(S)","ALEMANIA"
"12058",2024,6,"PUERTO DE SALAVERRY, LA LIBERTAD","SOYA, torta",6363000,"GRANEL","ARGENTINA"
"12059",2024,6,"PUESTO DE CONTROL TERRESTRE DESAGUADERO","SOYA, torta",28030,"GRANEL","BOLIVIA"
"12060",2024,6,"PUESTO DE CONTROL TERRESTRE DESAGUADERO","SOYA, torta",56000,"GRANEL","BOLIVIA"
"12061",2024,6,"PUESTO DE CONTROL TERRESTRE DESAGUADERO","SOYA, torta",84010,"GRANEL","BOLIVIA"
"12062",2024,6,"PUESTO DE CONTROL TERRESTRE DESAGUADERO","SOYA, torta",28050,"GRANEL","BOLIVIA"
"12063",2024,6,"PUESTO DE CONTROL TERRESTRE DESAGUADERO","SOYA, torta",28000,"GRANEL","BOLIVIA"
"12064",2024,6,"OFICINA PUESTO DE CONTROL AEREO -  PROV. CONST. DEL CALLAO","COCO, rallado seco industrial",0.5,"CAJA(S)","EEUU"
"12065",2024,6,"OFICINA PUESTO DE CONTROL MARITIMO - PROV. CONST. DEL CALLAO","UVA (PASAS), secas industrialmente",20000,"CAJA(S)","CHILE"
"12066",2024,6,"OFICINA PUESTO DE CONTROL MARITIMO - PROV. CONST. DEL CALLAO","MADERA, monturas y mangos de herramientas, monturas y mangos de cepillos, brochas o escobas, de madera; hormas, ensanchadores y tensores del calzado, de madera ; con algún proceso de la CRF 2",97.516,"UNIDADES","CHINA"
"12067",2024,6,"PUESTO DE CONTROL TERRESTRE DESAGUADERO","SOYA, torta",84000,"GRANEL","BOLIVIA"
"12068",2024,6,"PUESTO DE CONTROL TERRESTRE DESAGUADERO","SOYA, torta",55750,"GRANEL","BOLIVIA"
"12069",2024,6,"PUESTO DE CONTROL TERRESTRE DESAGUADERO","SOYA, torta",84000,"GRANEL","BOLIVIA"
"12070",2024,6,"PUESTO DE CONTROL TERRESTRE DESAGUADERO","SOYA, torta",84000,"GRANEL","BOLIVIA"
"12071",2024,6,"PUESTO DE CONTROL TERRESTRE DESAGUADERO","SOYA, torta",57000,"GRANEL","BOLIVIA"
"12072",2024,6,"PUESTO DE CONTROL TERRESTRE DESAGUADERO","SOYA, harina",58225,"SACO(S)","BOLIVIA"
"12073",2024,6,"PUERTO DE PAITA , PIURA","LENTEJA, grano",249930,"SACO(S)","CANADA"
"12074",2024,6,"PUESTO DE CONTROL TERRESTRE DESAGUADERO","SOYA, torta",112000,"GRANEL","BOLIVIA"
"12075",2024,6,"PUESTO DE CONTROL TERRESTRE DESAGUADERO","SOYA, torta",54980,"GRANEL","BOLIVIA"
"12076",2024,6,"PUESTO DE CONTROL TERRESTRE DESAGUADERO","SOYA, torta",84000,"GRANEL","BOLIVIA"
"12077",2024,6,"PUESTO DE CONTROL TERRESTRE DESAGUADERO","SOYA, torta",57000,"GRANEL","BOLIVIA"
"12078",2024,6,"PUESTO DE CONTROL TERRESTRE DESAGUADERO","SOYA, torta",112000,"GRANEL","BOLIVIA"
"12079",2024,6,"PUESTO DE CONTROL TERRESTRE DESAGUADERO","SOYA, torta",84520,"GRANEL","BOLIVIA"
"12080",2024,6,"OFICINA PUESTO DE CONTROL AEREO -  PROV. CONST. DEL CALLAO","BAMBU, trenzas y artículos similares, de materia trenzable, incluso ensamblados en tiras, materia trenzable, trenzas y artículos similares de materia trenzable, tejidos o paralelizados, en forma plana, con algún proceso de la CRF 1",0.303,"CAJA(S)","EEUU"
"12081",2024,6,"OFICINA PUESTO DE CONTROL MARITIMO - PROV. CONST. DEL CALLAO","RATTAN (=Roten), esterillas, esteras y cañizos con algún proceso de la CRF2",46.084,"UNIDADES","MALASIA"
"12082",2024,6,"OFICINA PUESTO DE CONTROL MARITIMO - PROV. CONST. DEL CALLAO","ROTEN (=Ratán), artículos de cestería obtenidos directamente en su forma con materia trenzable con algún proceso de la CRF2",153.098,"UNIDADES","MALASIA"
"12083",2024,6,"OFICINA PUESTO DE CONTROL MARITIMO - PROV. CONST. DEL CALLAO","CENTENO, harina",1500,"SACO(S)","CHILE"
"12084",2024,6,"OFICINA PUESTO DE CONTROL MARITIMO - PROV. CONST. DEL CALLAO","SOYA, harina",400,"SACO(S)","CHILE"
"12085",2024,6,"OFICINA PUESTO DE CONTROL MARITIMO - PROV. CONST. DEL CALLAO","AZUCAR CRUDA, sólido",225000,"SACO(S)","NICARAGUA"
"12086",2024,6,"OFICINA PUESTO DE CONTROL AEREO -  PROV. CONST. DEL CALLAO","MAIZ, almidon",1,"BOLSAS","BRASIL"
"12087",2024,6,"OFICINA PUESTO DE CONTROL AEREO -  PROV. CONST. DEL CALLAO","YUCA (=MANDIOCA), fécula",1,"BOLSAS","BRASIL"
"12088",2024,6,"PUESTO DE CONTROL TERRESTRE DESAGUADERO","SOYA, torta",83060,"GRANEL","BOLIVIA"
"12089",2024,6,"PUESTO DE CONTROL TERRESTRE DESAGUADERO","SOYA, torta",143000,"GRANEL","BOLIVIA"
"12090",2024,6,"OFICINA PUESTO DE CONTROL AEREO -  PROV. CONST. DEL CALLAO","PEPINILLO, semilla",1.945271,"SACHETS","HOLANDA"
"12091",2024,6,"OFICINA PUESTO DE CONTROL AEREO -  PROV. CONST. DEL CALLAO","LECHUGA, semilla",0.032,"SACHETS","HOLANDA"
"12092",2024,6,"OFICINA PUESTO DE CONTROL AEREO -  PROV. CONST. DEL CALLAO","TOMATE, semilla",0.137,"SACHETS","EEUU"
"12093",2024,6,"OFICINA PUESTO DE CONTROL AEREO -  PROV. CONST. DEL CALLAO","SANDIA, semilla",1.458,"SACHETS","EEUU"
"12094",2024,6,"OFICINA PUESTO DE CONTROL MARITIMO - PROV. CONST. DEL CALLAO","AZUCAR CRUDA, sólido",98505,"SACO(S)","COLOMBIA"
"12095",2024,6,"PUESTO DE CONTROL TERRESTRE DESAGUADERO","SOYA, grano",49980,"GRANEL","BOLIVIA"
"12096",2024,6,"PUESTO DE CONTROL TERRESTRE DESAGUADERO","SOYA, grano",56000,"GRANEL","BOLIVIA"
"12097",2024,6,"PUESTO DE CONTROL TERRESTRE DESAGUADERO","SOYA, grano",51000,"GRANEL","BOLIVIA"
"12098",2024,6,"PUESTO DE CONTROL TERRESTRE DESAGUADERO","SOYA, grano",75000,"GRANEL","BOLIVIA"
"12099",2024,6,"PUESTO DE CONTROL TERRESTRE DESAGUADERO","SOYA, harina",174000,"SACO(S)","BOLIVIA"
"12100",2024,6,"PUESTO DE CONTROL TERRESTRE DESAGUADERO","SOYA, torta",146000,"SACO(S)","BOLIVIA"
"12101",2024,6,"PUESTO DE CONTROL TERRESTRE DESAGUADERO","SOYA, torta",174000,"SACO(S)","BOLIVIA"
"12102",2024,6,"PUESTO DE CONTROL TERRESTRE DESAGUADERO","SOYA, torta",174000,"SACO(S)","BOLIVIA"
"12103",2024,6,"PUESTO DE CONTROL TERRESTRE DESAGUADERO","SOYA, torta",28500,"GRANEL","BOLIVIA"
"12104",2024,6,"PUESTO DE CONTROL TERRESTRE DESAGUADERO","SOYA, torta",81420,"GRANEL","BOLIVIA"
"12105",2024,6,"PUESTO DE CONTROL TERRESTRE DESAGUADERO","SOYA, torta",55360,"GRANEL","BOLIVIA"
"12106",2024,6,"OFICINA PUESTO DE CONTROL MARITIMO - PROV. CONST. DEL CALLAO","AZUCAR SIN REFINAR, solido",260000,"SACO(S)","BRASIL"
"12107",2024,6,"OFICINA PUESTO DE CONTROL MARITIMO - PROV. CONST. DEL CALLAO","MANZANA, fruto fresco",18522,"CAJA(S)","EEUU"
"12108",2024,6,"OFICINA PUESTO DE CONTROL AEREO -  PROV. CONST. DEL CALLAO","PIMIENTO, semilla",0.131,"SACHETS","HOLANDA"
"12109",2024,6,"OFICINA PUESTO DE CONTROL AEREO -  PROV. CONST. DEL CALLAO","PIMIENTO, semilla",0.239,"SACHETS","HOLANDA"
"12110",2024,6,"OFICINA PUESTO DE CONTROL AEREO -  PROV. CONST. DEL CALLAO","MELON, semilla",0.116,"SACHETS","EEUU"
"12111",2024,6,"OFICINA PUESTO DE CONTROL AEREO -  PROV. CONST. DEL CALLAO","MELON, semilla",0.131,"SACHETS","EEUU"
"12112",2024,6,"PUESTO DE CONTROL TERRESTRE DESAGUADERO","SOYA, harina",115000,"SACO(S)","BOLIVIA"
"12113",2024,6,"PUESTO DE CONTROL TERRESTRE DESAGUADERO","SOYA, torta",174000,"SACO(S)","BOLIVIA"
"12114",2024,6,"SANTA ROSA, TACNA","LENTEJA, grano",47174,"SACO(S)","EEUU"
"12115",2024,6,"OFICINA PUESTO DE CONTROL MARITIMO - PROV. CONST. DEL CALLAO","ESPINACA, semilla",1000,"SOBRES","ITALIA"
"12116",2024,6,"OFICINA PUESTO DE CONTROL MARITIMO - PROV. CONST. DEL CALLAO","COCO, fibra (para sustrato)",21735,"PALETAS","INDIA"
"12117",2024,6,"OFICINA PUESTO DE CONTROL MARITIMO - PROV. CONST. DEL CALLAO","Esparcidores de estiércol usados
",9500,"UNIDADES","FRANCIA"
"12118",2024,6,"PUESTO DE CONTROL TERRESTRE DESAGUADERO","AZUCAR BLANCA O REFINADA (lectura polarimetrica mayor 99.5°)",165000,"SACO(S)","BOLIVIA"
"12119",2024,6,"OFICINA PUESTO DE CONTROL MARITIMO - PROV. CONST. DEL CALLAO","ARROZ, grano pilado",1e+06,"BOLSONES","URUGUAY"
"12120",2024,6,"PUESTO DE CONTROL TERRESTRE DESAGUADERO","SOYA, torta",56050,"GRANEL","BOLIVIA"
"12121",2024,6,"OFICINA PUESTO DE CONTROL MARITIMO - PROV. CONST. DEL CALLAO","TRACTOR USADO, con motor de potencia superior a 33 kW pero inferior o igual a 75 kW",8917.958,"UNIDADES","HOLANDA"
"12122",2024,6,"OFICINA PUESTO DE CONTROL MARITIMO - PROV. CONST. DEL CALLAO","PALTA, fruto fresco",24000,"CAJAS DE PLASTICO","COLOMBIA"
"12123",2024,6,"OFICINA PUESTO DE CONTROL MARITIMO - PROV. CONST. DEL CALLAO","PAPA, fécula",22000,"SACO(S)","MEXICO"
"12124",2024,6,"PUESTO DE CONTROL TERRESTRE DESAGUADERO","SOYA, torta",176500,"SACO(S)","BOLIVIA"
"12125",2024,6,"OFICINA PUESTO DE CONTROL MARITIMO - PROV. CONST. DEL CALLAO","PINO, madera aserrada con algún proceso de la CRF2",30979.52,"UNIDADES","CHILE"
"12126",2024,6,"OFICINA PUESTO DE CONTROL MARITIMO - PROV. CONST. DEL CALLAO","MADERA, puertas y sus marcos, contramarcos y umbrales, con algun proceso de la CRF 2",13250.48,"UNIDADES","CHILE"
"12127",2024,6,"OFICINA PUESTO DE CONTROL MARITIMO - PROV. CONST. DEL CALLAO","AZUCAR BLANCA O REFINADA (lectura polarimetrica mayor 99.5°)",175000,"SACO(S)","COLOMBIA"
"12128",2024,6,"OFICINA PUESTO DE CONTROL MARITIMO - PROV. CONST. DEL CALLAO","ARROZ, parbolizado pulido o sin cáscara",132500,"SACO(S)","BRASIL"
"12129",2024,6,"OFICINA PUESTO DE CONTROL MARITIMO - PROV. CONST. DEL CALLAO","ALGODON, fibra sin cardar ni peinar (>28.57 mm = o <34.92 mm)",20724,"FARDOS","EEUU"
"12130",2024,6,"PUESTO DE CONTROL TERRESTRE DESAGUADERO","SOYA, torta",84020,"GRANEL","BOLIVIA"
"12131",2024,6,"PUESTO DE CONTROL TERRESTRE DESAGUADERO","SOYA, torta",84000,"GRANEL","BOLIVIA"
"12132",2024,6,"OFICINA PUESTO DE CONTROL MARITIMO - PROV. CONST. DEL CALLAO","TRIGO, grano",5498960,"GRANEL","CANADA"
"12133",2024,6,"PUESTO DE CONTROL TERRESTRE DESAGUADERO","SOYA, torta",116000,"SACO(S)","BOLIVIA"
"12134",2024,6,"PUESTO DE CONTROL TERRESTRE DESAGUADERO","SOYA, torta",116000,"SACO(S)","BOLIVIA"
"12135",2024,6,"OFICINA PUESTO DE CONTROL MARITIMO - PROV. CONST. DEL CALLAO","TRIGO DURO, grano",3063530,"GRANEL","CANADA"
"12136",2024,6,"PUESTO DE CONTROL TERRESTRE DESAGUADERO","SOYA, torta",115500,"SACO(S)","BOLIVIA"
"12137",2024,6,"PUERTO DE PAITA , PIURA","COCO, fibra (para sustrato)",110140,"PALETAS","INDIA"
"12138",2024,6,"OFICINA PUESTO DE CONTROL MARITIMO - PROV. CONST. DEL CALLAO","MANZANA, fruto fresco",39102,"CAJA(S)","EEUU"
"12139",2024,6,"OFICINA PUESTO DE CONTROL MARITIMO - PROV. CONST. DEL CALLAO","TRIGO, grano",6612370,"GRANEL","CANADA"
"12140",2024,6,"PUESTO DE CONTROL TERRESTRE DESAGUADERO","SOYA, torta",28480,"GRANEL","BOLIVIA"
"12141",2024,6,"OFICINA PUESTO DE CONTROL AEREO -  PROV. CONST. DEL CALLAO","COCO, fibra (para sustrato)",30,"BOLSAS","INDIA"
"12142",2024,6,"OFICINA PUESTO DE CONTROL MARITIMO - PROV. CONST. DEL CALLAO","QUINUA, grano",2000,"SACO(S)","COREA DEL SUR"
"12143",2024,6,"PUESTO DE CONTROL TERRESTRE DESAGUADERO","SOYA, torta",58000,"SACO(S)","BOLIVIA"
"12144",2024,6,"PUESTO DE CONTROL TERRESTRE DESAGUADERO","SOYA, torta",84000,"GRANEL","BOLIVIA"
"12145",2024,6,"PUESTO DE CONTROL TERRESTRE DESAGUADERO","SOYA, torta",114100,"SACO(S)","BOLIVIA"
"12146",2024,6,"PUESTO DE CONTROL TERRESTRE DESAGUADERO","SOYA, torta",115480,"SACO(S)","BOLIVIA"
"12147",2024,6,"PUESTO DE CONTROL TERRESTRE DESAGUADERO","SOYA, harina",145000,"SACO(S)","BOLIVIA"
"12148",2024,6,"OFICINA PUESTO DE CONTROL MARITIMO - PROV. CONST. DEL CALLAO","ALGODON, fibra sin cardar ni peinar (>28.57 mm = o <34.92 mm)",238960,"FARDOS","EEUU"
"12149",2024,6,"PUESTO DE CONTROL TERRESTRE DESAGUADERO","SOYA, torta",115640,"SACO(S)","BOLIVIA"
"12150",2024,6,"PUESTO DE CONTROL TERRESTRE DESAGUADERO","SOYA, torta",142980,"SACO(S)","BOLIVIA"
"12151",2024,6,"PUESTO DE CONTROL TERRESTRE DESAGUADERO","SOYA, grano",84000,"GRANEL","BOLIVIA"
"12152",2024,6,"OFICINA PUESTO DE CONTROL MARITIMO - PROV. CONST. DEL CALLAO","AZUCAR BLANCA O REFINADA (lectura polarimetrica mayor 99.5°)",250000,"SACO(S)","GUATEMALA"
"12153",2024,6,"OFICINA PUESTO DE CONTROL AEREO -  PROV. CONST. DEL CALLAO","PEPINILLO, semilla",4.312,"SACHETS","EEUU"
"12154",2024,6,"OFICINA PUESTO DE CONTROL AEREO -  PROV. CONST. DEL CALLAO","ZAPALLITO ITALIANO (CALABACIN), semilla",168.92,"SACHETS","EEUU"
"12155",2024,6,"OFICINA PUESTO DE CONTROL AEREO -  PROV. CONST. DEL CALLAO","TOMATE, semilla",3.258,"SACHETS","EEUU"
"12156",2024,6,"OFICINA PUESTO DE CONTROL AEREO -  PROV. CONST. DEL CALLAO","PIMIENTO, semilla",1.677,"SACHETS","EEUU"
"12157",2024,6,"PUESTO DE CONTROL TERRESTRE DESAGUADERO","SOYA, torta",57500,"GRANEL","BOLIVIA"
"12158",2024,6,"PUESTO DE CONTROL TERRESTRE DESAGUADERO","SOYA, torta",57000,"GRANEL","BOLIVIA"
"12159",2024,6,"PUESTO DE CONTROL TERRESTRE DESAGUADERO","SOYA, torta",115000,"GRANEL","BOLIVIA"
"12160",2024,6,"OFICINA PUESTO DE CONTROL MARITIMO - PROV. CONST. DEL CALLAO","PINO, postes de madera con algun proceso de la CRF 2",25524.6,"PAQUETES","CHILE"
"12161",2024,6,"OFICINA PUESTO DE CONTROL MARITIMO - PROV. CONST. DEL CALLAO","PINO, postes de madera con algun proceso de la CRF 2",23048.9,"PAQUETES","CHILE"
"12162",2024,6,"OFICINA PUESTO DE CONTROL MARITIMO - PROV. CONST. DEL CALLAO","Las demas maquinarias y aparatos, usados 
",9500,"UNIDADES","HOLANDA"
"12163",2024,6,"OFICINA PUESTO DE CONTROL MARITIMO - PROV. CONST. DEL CALLAO","TRACTOR USADO, con motor de potencia superior a 75 kW pero inferior o igual a 130 kW",10450,"UNIDADES","HOLANDA"
"12164",2024,6,"OFICINA PUESTO DE CONTROL MARITIMO - PROV. CONST. DEL CALLAO","LENTEJA, grano",78924,"SACO(S)","CANADA"
"12165",2024,6,"PUESTO DE CONTROL TERRESTRE DESAGUADERO","SOYA, torta",58000,"GRANEL","BOLIVIA"
"12166",2024,6,"PUESTO DE CONTROL TERRESTRE DESAGUADERO","SOYA, torta",56000,"GRANEL","BOLIVIA"
"12167",2024,6,"OFICINA PUESTO DE CONTROL AEREO -  PROV. CONST. DEL CALLAO","CEBOLLA, triturada o pulverizada",0.3,"BOLSAS","CHINA"
"12168",2024,6,"OFICINA PUESTO DE CONTROL AEREO -  PROV. CONST. DEL CALLAO","ESPINACA, polvo",0.65,"BOLSAS","CHINA"
"12169",2024,6,"OFICINA PUESTO DE CONTROL AEREO -  PROV. CONST. DEL CALLAO","PEREJIL, deshidratado",0.2,"FRASCO(S)","CHINA"
"12170",2024,6,"OFICINA PUESTO DE CONTROL AEREO -  PROV. CONST. DEL CALLAO","PAPRIKA,  triturado o pulverizado",0.3,"BOLSAS","CHINA"
"12171",2024,6,"OFICINA PUESTO DE CONTROL AEREO -  PROV. CONST. DEL CALLAO","CANELA, triturada o pulverizada (molida)",0.3,"BOLSAS","CHINA"
"12172",2024,6,"OFICINA PUESTO DE CONTROL AEREO -  PROV. CONST. DEL CALLAO","CULANTRO, semilla triturada, pulverizada o con algún proceso de la CRF 2",0.2,"FRASCO(S)","CHINA"
"12173",2024,6,"OFICINA PUESTO DE CONTROL AEREO -  PROV. CONST. DEL CALLAO","RABANO, en polvo",0.15,"BOLSAS","CHINA"
"12174",2024,6,"AGUAS VERDES, TUMBES","ROSA, flores frescas cortadas",3046,"CAJA(S)","ECUADOR"
"12175",2024,6,"AGUAS VERDES, TUMBES","CLAVEL, flores frescas cortadas",1166,"CAJA(S)","ECUADOR"
"12176",2024,6,"AGUAS VERDES, TUMBES","CRISANTEMO, los demas flores frescas cortadas",438,"CAJA(S)","ECUADOR"
"12177",2024,6,"AGUAS VERDES, TUMBES","LILIUM (=AZUCENA), flores frescas cortadas",36,"CAJA(S)","ECUADOR"
"12178",2024,6,"OFICINA PUESTO DE CONTROL MARITIMO - PROV. CONST. DEL CALLAO","TURBA",131280,"FARDOS","LETONIA"
"12179",2024,6,"PUESTO DE CONTROL TERRESTRE DESAGUADERO","SOYA, torta",142000,"SACO(S)","BOLIVIA"
"12180",2024,6,"OFICINA PUESTO DE CONTROL MARITIMO - PROV. CONST. DEL CALLAO","AZUCAR BLANCA O REFINADA (lectura polarimetrica mayor 99.5°)",250000,"SACO(S)","NICARAGUA"
"12181",2024,6,"AGUAS VERDES, TUMBES","ROSA, flores frescas cortadas",2202,"CAJA(S)","ECUADOR"
"12182",2024,6,"AGUAS VERDES, TUMBES","CLAVEL, flores frescas cortadas",200,"CAJA(S)","ECUADOR"
"12183",2024,6,"AGUAS VERDES, TUMBES","CRISANTEMO, flores frescas cortadas",300,"CAJA(S)","ECUADOR"
"12184",2024,6,"PUESTO DE CONTROL TERRESTRE DESAGUADERO","SOYA, torta",116000,"SACO(S)","BOLIVIA"
"12185",2024,6,"OFICINA PUESTO DE CONTROL MARITIMO - PROV. CONST. DEL CALLAO","FREJOL CANARIO, grano",72000,"SACO(S)","MEXICO"
"12186",2024,6,"PUESTO DE CONTROL TERRESTRE DESAGUADERO","AZUCAR BLANCA O REFINADA (lectura polarimetrica mayor 99.5°)",116000,"SACO(S)","BOLIVIA"
"12187",2024,6,"PUESTO DE CONTROL TERRESTRE DESAGUADERO","SOYA, torta",145000,"SACO(S)","BOLIVIA"
"12188",2024,6,"PUESTO DE CONTROL TERRESTRE DESAGUADERO","SOYA, torta",54300,"GRANEL","BOLIVIA"
"12189",2024,6,"PUESTO DE CONTROL TERRESTRE DESAGUADERO","SOYA, torta",145000,"SACO(S)","BOLIVIA"
"12190",2024,6,"OFICINA PUESTO DE CONTROL MARITIMO - PROV. CONST. DEL CALLAO","MAIZ AMARILLO DURO, grano",28725980,"GRANEL","ARGENTINA"
"12191",2024,6,"OFICINA PUESTO DE CONTROL MARITIMO - PROV. CONST. DEL CALLAO","SOYA, grano",6717040,"GRANEL","ARGENTINA"
"12192",2024,6,"PUESTO DE CONTROL TERRESTRE DESAGUADERO","SOYA, torta",112000,"GRANEL","BOLIVIA"
"12193",2024,6,"PUESTO DE CONTROL TERRESTRE DESAGUADERO","SOYA, harina",145000,"SACO(S)","BOLIVIA"
"12194",2024,6,"PUESTO DE CONTROL TERRESTRE DESAGUADERO","SOYA, harina",174000,"SACO(S)","BOLIVIA"
"12195",2024,6,"PUESTO DE CONTROL TERRESTRE DESAGUADERO","SOYA, grano",210000,"SACO(S)","BOLIVIA"
"12196",2024,6,"OFICINA PUESTO DE CONTROL MARITIMO - PROV. CONST. DEL CALLAO","MANZANA, fruto fresco",57624,"CAJA(S)","EEUU"
"12197",2024,6,"OFICINA PUESTO DE CONTROL AEREO -  PROV. CONST. DEL CALLAO","CULTIVO DE MICROORGANISMOS PARA USO AGRICOLA",72,"BOLSAS","EEUU"
"12198",2024,6,"PUESTO DE CONTROL TERRESTRE DESAGUADERO","SOYA, harina",116000,"SACO(S)","BOLIVIA"
"12199",2024,6,"PUESTO DE CONTROL TERRESTRE DESAGUADERO","SOYA, harina",145000,"SACO(S)","BOLIVIA"
"12200",2024,6,"PUESTO DE CONTROL TERRESTRE DESAGUADERO","SOYA, torta",87000,"SACO(S)","BOLIVIA"
"12201",2024,6,"OFICINA PUESTO DE CONTROL MARITIMO - PROV. CONST. DEL CALLAO","FREJOL CANARIO, grano",23990,"SACO(S)","MEXICO"
"12202",2024,6,"OFICINA PUESTO DE CONTROL MARITIMO - PROV. CONST. DEL CALLAO","MAIZ, harina",21600,"SACO(S)","COLOMBIA"
"12203",2024,6,"OFICINA PUESTO DE CONTROL MARITIMO - PROV. CONST. DEL CALLAO","AZUCAR DE CAÑA, solido en bruto",130000,"SACO(S)","BRASIL"
"12204",2024,6,"OFICINA PUESTO DE CONTROL MARITIMO - PROV. CONST. DEL CALLAO","TRIGO, harina",125000,"SACO(S)","TURQUIA"
"12205",2024,6,"OFICINA PUESTO DE CONTROL AEREO -  PROV. CONST. DEL CALLAO","FREJOL CHINO Ó LOCTAO, grano",0.7,"BOLSAS","EEUU"
"12206",2024,6,"PUESTO DE CONTROL TERRESTRE DESAGUADERO","SOYA, torta",82230,"GRANEL","BOLIVIA"
"12207",2024,6,"PUESTO DE CONTROL TERRESTRE DESAGUADERO","SOYA, torta",56150,"GRANEL","BOLIVIA"
"12208",2024,6,"PUESTO DE CONTROL TERRESTRE DESAGUADERO","SOYA, torta",140000,"GRANEL","BOLIVIA"
"12209",2024,6,"PUESTO DE CONTROL TERRESTRE DESAGUADERO","SOYA, torta",55400,"GRANEL","BOLIVIA"
"12210",2024,6,"PUESTO DE CONTROL TERRESTRE DESAGUADERO","SOYA, torta",27970,"GRANEL","BOLIVIA"
"12211",2024,6,"PUESTO DE CONTROL TERRESTRE DESAGUADERO","SOYA, torta",113000,"GRANEL","BOLIVIA"
"12212",2024,6,"PUESTO DE CONTROL TERRESTRE DESAGUADERO","SOYA, torta",25040,"GRANEL","BOLIVIA"
"12213",2024,6,"PUESTO DE CONTROL TERRESTRE DESAGUADERO","SOYA, torta",24870,"GRANEL","BOLIVIA"
"12214",2024,6,"PUESTO DE CONTROL TERRESTRE DESAGUADERO","SOYA, torta",28020,"GRANEL","BOLIVIA"
"12215",2024,6,"PUESTO DE CONTROL TERRESTRE DESAGUADERO","SOYA, torta",147000,"SACO(S)","BOLIVIA"
"12216",2024,6,"OFICINA PUESTO DE CONTROL AEREO -  PROV. CONST. DEL CALLAO","TOMATE, semilla",0.241,"SACHETS","EEUU"
"12217",2024,6,"OFICINA PUESTO DE CONTROL MARITIMO - PROV. CONST. DEL CALLAO","FLOR DE JAMAICA, seca natural",12000,"SACO(S)","NIGERIA"
"12218",2024,6,"OFICINA PUESTO DE CONTROL MARITIMO - PROV. CONST. DEL CALLAO","FLOR DE JAMAICA, seca natural",8640,"CAJA(S)","NIGERIA"
"12219",2024,6,"PUESTO DE CONTROL TERRESTRE DESAGUADERO","SOYA, torta",116000,"SACO(S)","BOLIVIA"
"12220",2024,6,"PUESTO DE CONTROL TERRESTRE DESAGUADERO","SOYA, torta",173000,"SACO(S)","BOLIVIA"
"12221",2024,6,"PUESTO DE CONTROL TERRESTRE DESAGUADERO","SOYA, harina",174000,"SACO(S)","BOLIVIA"
"12222",2024,6,"OFICINA PUESTO DE CONTROL MARITIMO - PROV. CONST. DEL CALLAO","PAPA, fécula",1e+05,"BOLSAS","ALEMANIA"
"12223",2024,6,"OFICINA PUESTO DE CONTROL MARITIMO - PROV. CONST. DEL CALLAO","ARVEJA, grano partido",143471,"SACO(S)","EEUU"
"12224",2024,6,"OFICINA PUESTO DE CONTROL MARITIMO - PROV. CONST. DEL CALLAO","CEBOLLA, triturada o pulverizada",100,"CAJA(S)","CHINA"
"12225",2024,6,"OFICINA PUESTO DE CONTROL MARITIMO - PROV. CONST. DEL CALLAO","AJO, granulado o secado industrial",3100,"CAJA(S)","CHINA"
"12226",2024,6,"OFICINA PUESTO DE CONTROL MARITIMO - PROV. CONST. DEL CALLAO","PAPA, deshidratada (tunta)",500,"CAJA(S)","CHINA"
"12227",2024,6,"OFICINA PUESTO DE CONTROL MARITIMO - PROV. CONST. DEL CALLAO","PEREJIL, deshidratado",200,"CAJA(S)","CHINA"
"12228",2024,6,"OFICINA PUESTO DE CONTROL MARITIMO - PROV. CONST. DEL CALLAO","ZANAHORIA, polvo",500,"CAJA(S)","CHINA"
"12229",2024,6,"OFICINA PUESTO DE CONTROL MARITIMO - PROV. CONST. DEL CALLAO","PAPRIKA,  triturado o pulverizado",2000,"BOLSAS","CHINA"
"12230",2024,6,"OFICINA PUESTO DE CONTROL MARITIMO - PROV. CONST. DEL CALLAO","PIMIENTO, polvo",5000,"BOLSAS","CHINA"
"12231",2024,6,"OFICINA PUESTO DE CONTROL MARITIMO - PROV. CONST. DEL CALLAO","PIMIENTO, pulverizado",500,"CAJA(S)","CHINA"
"12232",2024,6,"OFICINA PUESTO DE CONTROL MARITIMO - PROV. CONST. DEL CALLAO","AJI, polvo",2050,"BOLSAS","CHINA"
"12233",2024,6,"OFICINA PUESTO DE CONTROL MARITIMO - PROV. CONST. DEL CALLAO","NARANJA, polvo",20,"CAJA(S)","CHINA"
"12234",2024,6,"OFICINA PUESTO DE CONTROL MARITIMO - PROV. CONST. DEL CALLAO","MADERA, monturas y mangos de herramientas, monturas y mangos de cepillos, brochas o escobas, de madera; hormas, ensanchadores y tensores del calzado, de madera ; con algún proceso de la CRF 2",28046,"SACO(S)","CHINA"
"12235",2024,6,"PUESTO DE CONTROL TERRESTRE DESAGUADERO","AZUCAR BLANCA O REFINADA (lectura polarimetrica mayor 99.5°)",78000,"SACO(S)","BOLIVIA"
"12236",2024,6,"OFICINA PUESTO DE CONTROL MARITIMO - PROV. CONST. DEL CALLAO","PERA, fruta fresca",22680,"CAJA(S)","ARGENTINA"
"12237",2024,6,"OFICINA PUESTO DE CONTROL MARITIMO - PROV. CONST. DEL CALLAO","MANZANA, fruto fresco",39102,"CAJA(S)","EEUU"
"12238",2024,6,"OFICINA PUESTO DE CONTROL MARITIMO - PROV. CONST. DEL CALLAO","HARINA, de los demas cereales",44824,"GRANEL","EEUU"
"12239",2024,6,"OFICINA PUESTO DE CONTROL MARITIMO - PROV. CONST. DEL CALLAO","FRESA, plántula",1610,"CAJAS DE PLASTICO","ESPAÑA"
"12240",2024,6,"OFICINA PUESTO DE CONTROL AEREO -  PROV. CONST. DEL CALLAO","CHAMPIÑON COMUN, espora",788.5,"CAJA(S)","EEUU"
"12241",2024,6,"OFICINA PUESTO DE CONTROL MARITIMO - PROV. CONST. DEL CALLAO","ALGODON, fibra sin cardar ni peinar (>28.57 mm = o <34.92 mm)",222730,"FARDOS","EEUU"
"12242",2024,6,"OFICINA PUESTO DE CONTROL MARITIMO - PROV. CONST. DEL CALLAO","AZUCAR BLANCA O REFINADA (lectura polarimetrica mayor 99.5°)",132500,"SACO(S)","NICARAGUA"
"12243",2024,6,"OFICINA PUESTO DE CONTROL AEREO -  PROV. CONST. DEL CALLAO","ARANDANO, planta in vitro",353.25,"FRASCO(S)","MEXICO"
"12244",2024,6,"PUESTO DE CONTROL TERRESTRE DESAGUADERO","SOYA, torta",56000,"GRANEL","BOLIVIA"
"12245",2024,6,"PUESTO DE CONTROL TERRESTRE DESAGUADERO","SOYA, grano",58000,"SACO(S)","BOLIVIA"
"12246",2024,6,"SANTA ROSA, TACNA","MANZANA, fruto fresco",23520,"CAJA(S)","CHILE"
"12247",2024,6,"SANTA ROSA, TACNA","KIWI, fruto fresco",20800,"CAJA(S)","CHILE"
"12248",2024,6,"OFICINA PUESTO DE CONTROL MARITIMO - PROV. CONST. DEL CALLAO","COCO, fibra (para sustrato)",2e+05,"PALETAS","SRI LANKA"
"12249",2024,6,"OFICINA PUESTO DE CONTROL MARITIMO - PROV. CONST. DEL CALLAO","COCO, fibra (para sustrato)",126130,"PALETAS","SRI LANKA"
"12250",2024,6,"PUESTO DE CONTROL TERRESTRE DESAGUADERO","SOYA, torta",85500,"GRANEL","BOLIVIA"
"12251",2024,6,"PUESTO DE CONTROL TERRESTRE DESAGUADERO","SOYA, torta",112000,"SACO(S)","BOLIVIA"
"12252",2024,6,"OFICINA PUESTO DE CONTROL MARITIMO - PROV. CONST. DEL CALLAO","MANZANA, fruto fresco",39102,"CAJA(S)","EEUU"
"12253",2024,6,"OFICINA PUESTO DE CONTROL MARITIMO - PROV. CONST. DEL CALLAO","FREJOL CANARIO, grano",167470,"SACO(S)","MEXICO"
"12254",2024,6,"OFICINA PUESTO DE CONTROL MARITIMO - PROV. CONST. DEL CALLAO","YERBA MATE, secado industrial",4020.029,"CAJA(S)","ARGENTINA"
"12255",2024,6,"IÑAPARI, MADRE DE DIOS","NUEZ DEL BRASIL, con cáscara seca al natural",29000,"GRANEL","BRASIL"
"12256",2024,6,"SANTA ROSA, TACNA","MANZANA, fruto fresco",22182.4,"CAJA(S)","CHILE"
"12257",2024,6,"PUESTO DE CONTROL TERRESTRE DESAGUADERO","SOYA, torta",112000,"GRANEL","BOLIVIA"
"12258",2024,6,"PUESTO DE CONTROL TERRESTRE DESAGUADERO","GIRASOL, torta",134120,"GRANEL","BOLIVIA"
"12259",2024,6,"PUESTO DE CONTROL TERRESTRE DESAGUADERO","SOYA, torta",56000,"GRANEL","BOLIVIA"
"12260",2024,6,"PUESTO DE CONTROL TERRESTRE DESAGUADERO","SOYA, torta",84500,"GRANEL","BOLIVIA"
"12261",2024,6,"PUESTO DE CONTROL TERRESTRE DESAGUADERO","SOYA, torta",81000,"GRANEL","BOLIVIA"
"12262",2024,6,"PUESTO DE CONTROL TERRESTRE DESAGUADERO","SOYA, torta",56500,"GRANEL","BOLIVIA"
"12263",2024,6,"PUESTO DE CONTROL TERRESTRE DESAGUADERO","SOYA, torta",114000,"GRANEL","BOLIVIA"
"12264",2024,6,"PUESTO DE CONTROL TERRESTRE DESAGUADERO","GIRASOL, torta",27300,"GRANEL","BOLIVIA"
"12265",2024,6,"PUESTO DE CONTROL TERRESTRE DESAGUADERO","GIRASOL, torta",112000,"GRANEL","BOLIVIA"
"12266",2024,6,"OFICINA PUESTO DE CONTROL MARITIMO - PROV. CONST. DEL CALLAO","CEBOLLA, triturada o pulverizada",1675,"SACO(S)","MEXICO"
"12267",2024,6,"IÑAPARI, MADRE DE DIOS","ARROZ, grano pilado",2500,"SACO(S)","BRASIL"
"12268",2024,6,"IÑAPARI, MADRE DE DIOS","ARROZ, grano pilado",28500,"FARDOS","BRASIL"
"12269",2024,6,"OFICINA PUESTO DE CONTROL MARITIMO - PROV. CONST. DEL CALLAO","CEBOLLA, triturada o pulverizada",13500,"CAJA(S)","INDIA"
"12270",2024,6,"OFICINA PUESTO DE CONTROL MARITIMO - PROV. CONST. DEL CALLAO","AJO, polvo",14000,"CAJA(S)","INDIA"
"12271",2024,6,"OFICINA PUESTO DE CONTROL MARITIMO - PROV. CONST. DEL CALLAO","LENTEJA, grano",24710,"SACO(S)","CANADA"
"12272",2024,6,"OFICINA PUESTO DE CONTROL MARITIMO - PROV. CONST. DEL CALLAO","MANZANA, fruto fresco",61740,"CAJA(S)","EEUU"
"12273",2024,6,"OFICINA PUESTO DE CONTROL MARITIMO - PROV. CONST. DEL CALLAO","KIWI, fruto fresco",16800,"CAJA(S)","CHILE"
"12274",2024,6,"OFICINA PUESTO DE CONTROL MARITIMO - PROV. CONST. DEL CALLAO","KIWI, fruto fresco",33600,"CAJA(S)","CHILE"
"12275",2024,6,"PUESTO DE CONTROL TERRESTRE DESAGUADERO","SOYA, harina",174000,"SACO(S)","BOLIVIA"
"12276",2024,6,"PUESTO DE CONTROL TERRESTRE DESAGUADERO","SOYA, torta",144000,"SACO(S)","BOLIVIA"
"12277",2024,6,"PUESTO DE CONTROL TERRESTRE DESAGUADERO","FREJOL, grano",58000,"SACO(S)","BOLIVIA"
"12278",2024,6,"OFICINA PUESTO DE CONTROL MARITIMO - PROV. CONST. DEL CALLAO","PAPA, fécula",273000,"SACO(S)","ALEMANIA"
"12279",2024,6,"SANTA ROSA, TACNA","MANZANA, fruto fresco",23520,"CAJA(S)","CHILE"
"12280",2024,6,"OFICINA PUESTO DE CONTROL MARITIMO - PROV. CONST. DEL CALLAO","PAPA, fécula",273000,"SACO(S)","ALEMANIA"
"12281",2024,6,"OFICINA PUESTO DE CONTROL MARITIMO - PROV. CONST. DEL CALLAO","MAIZ REVENTON, grano",51960,"SACO(S)","ARGENTINA"
"12282",2024,6,"PUESTO DE CONTROL TERRESTRE DESAGUADERO","SOYA, torta",146000,"SACO(S)","BOLIVIA"
"12283",2024,6,"PUESTO DE CONTROL TERRESTRE DESAGUADERO","SOYA, torta",23951,"SACO(S)","BOLIVIA"
"12284",2024,6,"OFICINA PUESTO DE CONTROL MARITIMO - PROV. CONST. DEL CALLAO","Articulos de cesteria (canastos, cestos u otros), con algun proceso de la CRF2",1606.699,"CAJA(S)","FRANCIA"
"12285",2024,6,"PUESTO DE CONTROL TERRESTRE DESAGUADERO","SOYA, torta",26000,"GRANEL","BOLIVIA"
"12286",2024,6,"PUERTO DE PAITA , PIURA","ARVEJA, grano partido",71804,"SACO(S)","EEUU"
"12287",2024,6,"OFICINA PUESTO DE CONTROL MARITIMO - PROV. CONST. DEL CALLAO","LENTEJA, grano",200624,"SACO(S)","CANADA"
"12288",2024,6,"OFICINA PUESTO DE CONTROL MARITIMO - PROV. CONST. DEL CALLAO","COCO, seco industrial",52000,"SACO(S)","INDONESIA"
"12289",2024,6,"OFICINA PUESTO DE CONTROL MARITIMO - PROV. CONST. DEL CALLAO","QUINUA, grano",7500,"SACO(S)","ESPAÑA"
"12290",2024,6,"OFICINA PUESTO DE CONTROL MARITIMO - PROV. CONST. DEL CALLAO","MANZANA, fruto fresco",70560,"CAJA(S)","EEUU"
"12291",2024,6,"OFICINA PUESTO DE CONTROL MARITIMO - PROV. CONST. DEL CALLAO","MADERA, en bruto de coníferas tratada agentes de conservación
",165510,"UNIDADES","CHILE"
"12292",2024,6,"OFICINA PUESTO DE CONTROL MARITIMO - PROV. CONST. DEL CALLAO","MADERA, en bruto de coníferas tratada agentes de conservación
",160360,"UNIDADES","CHILE"
"12293",2024,6,"OFICINA PUESTO DE CONTROL MARITIMO - PROV. CONST. DEL CALLAO","PAPA, hojuelas y pellets",378,"CAJA(S)","MEXICO"
"12294",2024,6,"OFICINA PUESTO DE CONTROL MARITIMO - PROV. CONST. DEL CALLAO","PAPA, hojuelas y pellets",1575,"PIEZAS","MEXICO"
"12295",2024,6,"OFICINA PUESTO DE CONTROL MARITIMO - PROV. CONST. DEL CALLAO","LAUREL, hoja seca al natural",5000,"SACO(S)","ESPAÑA"
"12296",2024,6,"OFICINA PUESTO DE CONTROL MARITIMO - PROV. CONST. DEL CALLAO","MADERA, monturas y mangos de herramientas, monturas y mangos de cepillos, brochas o escobas, de madera; hormas, ensanchadores y tensores del calzado, de madera ; con algún proceso de la CRF 2",200.491,"PIEZAS","MEXICO"
"12297",2024,6,"OFICINA PUESTO DE CONTROL MARITIMO - PROV. CONST. DEL CALLAO","MADERA, monturas y mangos de herramientas, monturas y mangos de cepillos, brochas o escobas, de madera; hormas, ensanchadores y tensores del calzado, de madera ; con algún proceso de la CRF 2",307.357,"PIEZAS","MEXICO"
"12298",2024,6,"OFICINA PUESTO DE CONTROL MARITIMO - PROV. CONST. DEL CALLAO","ARROZ, grano pilado",131250,"BOLSAS","BRASIL"
"12299",2024,6,"PUESTO DE CONTROL TERRESTRE DESAGUADERO","MANI, grano sin cáscara",30000,"SACO(S)","BOLIVIA"
"12300",2024,6,"PUESTO DE CONTROL TERRESTRE DESAGUADERO","SOYA, grano",46000,"GRANEL","BOLIVIA"
"12301",2024,6,"PUESTO DE CONTROL TERRESTRE DESAGUADERO","SOYA, grano",50000,"GRANEL","BOLIVIA"
"12302",2024,6,"PUESTO DE CONTROL TERRESTRE DESAGUADERO","SOYA, grano",54000,"GRANEL","BOLIVIA"
"12303",2024,6,"OFICINA PUESTO DE CONTROL MARITIMO - PROV. CONST. DEL CALLAO","TURBA",23987.5,"BOLSAS","LETONIA"
"12304",2024,6,"OFICINA PUESTO DE CONTROL MARITIMO - PROV. CONST. DEL CALLAO","UVA (PASAS), secas naturalmente",20000,"CAJA(S)","CHILE"
"12305",2024,6,"OFICINA PUESTO DE CONTROL MARITIMO - PROV. CONST. DEL CALLAO","ARROZ, grano pilado",1814,"SACO(S)","EEUU"
"12306",2024,6,"PUESTO DE CONTROL TERRESTRE DESAGUADERO","SOYA, torta",84000,"GRANEL","BOLIVIA"
"12307",2024,6,"OFICINA PUESTO DE CONTROL MARITIMO - PROV. CONST. DEL CALLAO","MANZANA, fruto fresco",20580,"CAJA(S)","EEUU"
"12308",2024,6,"PUESTO DE CONTROL TERRESTRE DESAGUADERO","MANI, grano sin cáscara",58000,"SACO(S)","BOLIVIA"
"12309",2024,6,"OFICINA PUESTO DE CONTROL MARITIMO - PROV. CONST. DEL CALLAO","VAINILLA, triturada o pulverizada",100,"PALETAS","INDONESIA"
"12310",2024,6,"PUESTO DE CONTROL TERRESTRE DESAGUADERO","SOYA, torta",58000,"GRANEL","BOLIVIA"
"12311",2024,6,"PUESTO DE CONTROL TERRESTRE DESAGUADERO","SOYA, torta",87000,"GRANEL","BOLIVIA"
"12312",2024,6,"OFICINA PUESTO DE CONTROL MARITIMO - PROV. CONST. DEL CALLAO","MAIZ REVENTON, grano",50800,"SACO(S)","ARGENTINA"
"12313",2024,6,"PUESTO DE CONTROL TERRESTRE DESAGUADERO","SOYA, torta",84010,"GRANEL","BOLIVIA"
"12314",2024,6,"OFICINA PUESTO DE CONTROL MARITIMO - PROV. CONST. DEL CALLAO","ALMENDRA, sin cáscara secado al natural",16329.6,"CAJA(S)","EEUU"
"12315",2024,6,"PUESTO DE CONTROL TERRESTRE DESAGUADERO","SOYA, torta",84000,"GRANEL","BOLIVIA"
"12316",2024,6,"PUESTO DE CONTROL TERRESTRE DESAGUADERO","SOYA, torta",27490,"GRANEL","BOLIVIA"
"12317",2024,6,"PUERTO DE PAITA , PIURA","MANI, grano sin cáscara",25000,"BOLSAS","ARGENTINA"
"12318",2024,6,"OFICINA PUESTO DE CONTROL MARITIMO - PROV. CONST. DEL CALLAO","AVENA, grano aplastado o en copos (hojuelas)",78000,"SACO(S)","CHILE"
"12319",2024,6,"OFICINA PUESTO DE CONTROL MARITIMO - PROV. CONST. DEL CALLAO","AVENA, grano trabajado (mondado, perlado, troceado o quebrantado)",52000,"SACO(S)","CHILE"
"12320",2024,6,"PUESTO DE CONTROL TERRESTRE DESAGUADERO","SOYA, torta",111050,"GRANEL","BOLIVIA"
"12321",2024,6,"PUESTO DE CONTROL TERRESTRE DESAGUADERO","SOYA, torta",85000,"GRANEL","BOLIVIA"
"12322",2024,6,"PUESTO DE CONTROL TERRESTRE DESAGUADERO","SOYA, torta",145000,"SACO(S)","BOLIVIA"
"12323",2024,6,"OFICINA PUESTO DE CONTROL MARITIMO - PROV. CONST. DEL CALLAO","PINO, madera aserrada con algún proceso de la CRF2",95940,"PAQUETES","CHILE"
"12324",2024,6,"PUESTO DE CONTROL TERRESTRE DESAGUADERO","SOYA, torta",144000,"SACO(S)","BOLIVIA"
"12325",2024,6,"OFICINA PUESTO DE CONTROL MARITIMO - PROV. CONST. DEL CALLAO","AZUCAR BLANCA O REFINADA (lectura polarimetrica mayor 99.5°)",125000,"SACO(S)","NICARAGUA"
"12326",2024,6,"PUESTO DE CONTROL TERRESTRE DESAGUADERO","SOYA, torta",144000,"SACO(S)","BOLIVIA"
"12327",2024,6,"PUESTO DE CONTROL TERRESTRE DESAGUADERO","SOYA, torta",144000,"SACO(S)","BOLIVIA"
"12328",2024,6,"PUESTO DE CONTROL TERRESTRE DESAGUADERO","SOYA, torta",143500,"SACO(S)","BOLIVIA"
"12329",2024,6,"PUESTO DE CONTROL TERRESTRE DESAGUADERO","SOYA, torta",125000,"SACO(S)","BOLIVIA"
"12330",2024,6,"PUERTO DE PAITA , PIURA","COCO, fibra (para sustrato)",109640,"PALETAS","INDIA"
"12331",2024,6,"PUERTO DE PAITA , PIURA","COCO, fibra (para sustrato)",111790,"PALETAS","INDIA"
"12332",2024,6,"PUERTO DE PAITA , PIURA","COCO, fibra (para sustrato)",161820,"PALETAS","INDIA"
"12333",2024,6,"PUERTO DE PAITA , PIURA","COCO, fibra (para sustrato)",66440,"PALETAS","INDIA"
"12334",2024,6,"PUERTO DE PAITA , PIURA","COCO, fibra (para sustrato)",22040,"PALETAS","INDIA"
"12335",2024,6,"OFICINA PUESTO DE CONTROL MARITIMO - PROV. CONST. DEL CALLAO","ACHIOTE, grano",36000,"SACO(S)","COSTA DE MARFIL"
"12336",2024,6,"OFICINA PUESTO DE CONTROL MARITIMO - PROV. CONST. DEL CALLAO","MARCOS, madera",69.093,"CAJA(S)","EL SALVADOR"
"12337",2024,6,"OFICINA PUESTO DE CONTROL MARITIMO - PROV. CONST. DEL CALLAO","MADERA, cajas con algún proceso de la CRF 2",86.13,"CAJA(S)","EL SALVADOR"
"12338",2024,6,"PUESTO DE CONTROL TERRESTRE DESAGUADERO","SOYA, torta",25977,"SACO(S)","BOLIVIA"
"12339",2024,6,"OFICINA PUESTO DE CONTROL MARITIMO - PROV. CONST. DEL CALLAO","COCO, fibra (para sustrato)",578025,"PALETAS","INDIA"
"12340",2024,6,"OFICINA PUESTO DE CONTROL MARITIMO - PROV. CONST. DEL CALLAO","COCO, fibra (para sustrato)",352800,"PALETAS","INDIA"
"12341",2024,6,"PUESTO DE CONTROL TERRESTRE DESAGUADERO","SOYA, torta",28000,"GRANEL","BOLIVIA"
"12342",2024,6,"PUESTO DE CONTROL TERRESTRE DESAGUADERO","SOYA, torta",57830,"GRANEL","BOLIVIA"
"12343",2024,6,"PUESTO DE CONTROL TERRESTRE DESAGUADERO","SOYA, torta",142500,"GRANEL","BOLIVIA"
"12344",2024,6,"SANTA ROSA, TACNA","MANZANA, fruto fresco",22510.6,"CAJA(S)","CHILE"
"12345",2024,6,"SANTA ROSA, TACNA","MANZANA, fruto fresco",21942.2,"CAJA(S)","CHILE"
"12346",2024,6,"SANTA ROSA, TACNA","MANZANA, fruto fresco",23520,"CAJA(S)","CHILE"
"12347",2024,6,"SANTA ROSA, TACNA","MANZANA, fruto fresco",22344,"CAJA(S)","CHILE"
"12348",2024,6,"SANTA ROSA, TACNA","MANZANA, fruto fresco",23520,"CAJA(S)","CHILE"
"12349",2024,6,"OFICINA PUESTO DE CONTROL MARITIMO - PROV. CONST. DEL CALLAO","ARVEJA, grano partido",124740,"SACO(S)","EEUU"
"12350",2024,6,"OFICINA PUESTO DE CONTROL MARITIMO - PROV. CONST. DEL CALLAO","ARVEJA, grano partido",124490,"SACO(S)","EEUU"
"12351",2024,6,"AGUAS VERDES, TUMBES","ROSA, flores frescas cortadas",709,"CAJA(S)","ECUADOR"
"12352",2024,6,"AGUAS VERDES, TUMBES","CRISANTEMO, flores frescas cortadas",1700,"CAJA(S)","ECUADOR"
"12353",2024,6,"AGUAS VERDES, TUMBES","LILIUM (=AZUCENA), flores frescas cortadas",50,"CAJA(S)","ECUADOR"
"12354",2024,6,"AGUAS VERDES, TUMBES","ROSA, flores frescas cortadas",2300,"CAJA(S)","ECUADOR"
"12355",2024,6,"AGUAS VERDES, TUMBES","CLAVEL, flores frescas cortadas",2508,"CAJA(S)","ECUADOR"
"12356",2024,6,"AGUAS VERDES, TUMBES","CRISANTEMO, los demas flores frescas cortadas",192,"CAJA(S)","ECUADOR"
"12357",2024,6,"SANTA ROSA, TACNA","MANZANA, fruto fresco",23520,"CAJA(S)","CHILE"
"12358",2024,6,"PUESTO DE CONTROL TERRESTRE DESAGUADERO","SOYA, torta",145000,"SACO(S)","BOLIVIA"
"12359",2024,6,"SANTA ROSA, TACNA","MANZANA, fruto fresco",22344,"CAJA(S)","CHILE"
"12360",2024,6,"OFICINA PUESTO DE CONTROL MARITIMO - PROV. CONST. DEL CALLAO","UVA (PASAS), secas industrialmente",60000,"CAJA(S)","CHILE"
"12361",2024,6,"OFICINA PUESTO DE CONTROL MARITIMO - PROV. CONST. DEL CALLAO","AVENA, grano aplastado o en copos (hojuelas)",78000,"SACO(S)","CHILE"
"12362",2024,6,"OFICINA PUESTO DE CONTROL MARITIMO - PROV. CONST. DEL CALLAO","NUEZ, con cáscara seca al natural",20000,"SACO(S)","CHILE"
"12363",2024,6,"AGUAS VERDES, TUMBES","PIMIENTA, grano",15000,"SACO(S)","ECUADOR"
"12364",2024,6,"OFICINA PUESTO DE CONTROL MARITIMO - PROV. CONST. DEL CALLAO","MAIZ, almidon",84000,"BOLSAS","PARAGUAY EN TRANSITO POR URUGUAY"
"12365",2024,6,"OFICINA PUESTO DE CONTROL MARITIMO - PROV. CONST. DEL CALLAO","YUCA (=MANDIOCA), fécula",28000,"BOLSAS","PARAGUAY EN TRANSITO POR URUGUAY"
"12366",2024,6,"OFICINA PUESTO DE CONTROL MARITIMO - PROV. CONST. DEL CALLAO","AVENA, grano aplastado o en copos (hojuelas)",52500,"SACO(S)","CHILE"
"12367",2024,6,"OFICINA PUESTO DE CONTROL MARITIMO - PROV. CONST. DEL CALLAO","CLAVO DE OLOR, entera seca al natural",24750,"CAJA(S)","INDONESIA"
"12368",2024,6,"OFICINA PUESTO DE CONTROL MARITIMO - PROV. CONST. DEL CALLAO","ALPISTE (=PHALARIS), grano",24948,"SACO(S)","CANADA"
"12369",2024,6,"PUESTO DE CONTROL TERRESTRE DESAGUADERO","SOYA, torta",114000,"GRANEL","BOLIVIA"
"12370",2024,6,"PUESTO DE CONTROL TERRESTRE DESAGUADERO","SOYA, torta",84000,"GRANEL","BOLIVIA"
"12371",2024,6,"PUESTO DE CONTROL TERRESTRE DESAGUADERO","SOYA, torta",84000,"GRANEL","BOLIVIA"
"12372",2024,6,"PUESTO DE CONTROL TERRESTRE DESAGUADERO","SOYA, torta",84000,"GRANEL","BOLIVIA"
"12373",2024,6,"OFICINA PUESTO DE CONTROL MARITIMO - PROV. CONST. DEL CALLAO","AZUCAR CRUDA, sólido",99300,"SACO(S)","COLOMBIA"
"12374",2024,6,"PUESTO DE CONTROL TERRESTRE DESAGUADERO","SOYA, torta",56000,"GRANEL","BOLIVIA"
"12375",2024,6,"PUESTO DE CONTROL TERRESTRE DESAGUADERO","GIRASOL, torta",83760,"GRANEL","BOLIVIA"
"12376",2024,6,"PUESTO DE CONTROL TERRESTRE DESAGUADERO","SOYA, harina",58255,"SACO(S)","BOLIVIA"
"12377",2024,6,"PUESTO DE CONTROL TERRESTRE DESAGUADERO","SOYA, harina",24650,"SACO(S)","BOLIVIA"
"12378",2024,6,"PUESTO DE CONTROL TERRESTRE DESAGUADERO","SOYA, torta",84000,"GRANEL","BOLIVIA"
"12379",2024,6,"SANTA ROSA, TACNA","ARVEJA, grano entero",24948,"SACO(S)","CANADA"
"12380",2024,6,"PUESTO DE CONTROL TERRESTRE DESAGUADERO","SOYA, harina",174000,"SACO(S)","BOLIVIA"
"12381",2024,6,"PUESTO DE CONTROL TERRESTRE DESAGUADERO","SOYA, torta",55980,"GRANEL","BOLIVIA"
"12382",2024,6,"PUESTO DE CONTROL TERRESTRE DESAGUADERO","SOYA, torta",56000,"GRANEL","BOLIVIA"
"12383",2024,6,"PUESTO DE CONTROL TERRESTRE DESAGUADERO","SOYA, torta",112000,"GRANEL","BOLIVIA"
"12384",2024,6,"PUESTO DE CONTROL TERRESTRE DESAGUADERO","SOYA, torta",208000,"SACO(S)","BOLIVIA"
"12385",2024,6,"IÑAPARI, MADRE DE DIOS","NUEZ DEL BRASIL, con cáscara seca al natural",29000,"GRANEL","BRASIL"
"12386",2024,6,"PUESTO DE CONTROL TERRESTRE DESAGUADERO","SOYA, torta",117000,"SACO(S)","BOLIVIA"
"12387",2024,6,"OFICINA PUESTO DE CONTROL AEREO -  PROV. CONST. DEL CALLAO","TOMATE, semilla",0.02905,"SACHETS","HOLANDA"
"12388",2024,6,"OFICINA PUESTO DE CONTROL MARITIMO - PROV. CONST. DEL CALLAO","AJO, polvo",2000,"CAJA(S)","CHINA"
"12389",2024,6,"SANTA ROSA, TACNA","UVA (PASAS), secas industrialmente",25000,"CAJA(S)","ARGENTINA"
"12390",2024,6,"OFICINA PUESTO DE CONTROL MARITIMO - PROV. CONST. DEL CALLAO","MADERA, en bruto de coníferas tratada agentes de conservación
",88050,"PAQUETES","CHILE"
"12391",2024,6,"OFICINA PUESTO DE CONTROL AEREO -  PROV. CONST. DEL CALLAO","AECHMEA, planta",5,"CAJA(S)","HOLANDA"
"12392",2024,6,"OFICINA PUESTO DE CONTROL AEREO -  PROV. CONST. DEL CALLAO","GUZMANIA, planta",26,"CAJA(S)","HOLANDA"
"12393",2024,6,"OFICINA PUESTO DE CONTROL AEREO -  PROV. CONST. DEL CALLAO","TILLANDSIA, planta",3,"CAJA(S)","HOLANDA"
"12394",2024,6,"OFICINA PUESTO DE CONTROL AEREO -  PROV. CONST. DEL CALLAO","VRIESEA, planta",13,"CAJA(S)","HOLANDA"
"12395",2024,6,"PUESTO DE CONTROL TERRESTRE DESAGUADERO","SOYA, torta",60000,"SACO(S)","BOLIVIA"
"12396",2024,6,"OFICINA PUESTO DE CONTROL MARITIMO - PROV. CONST. DEL CALLAO","AVENA, grano aplastado o en copos (hojuelas)",26000,"SACO(S)","CHILE"
"12397",2024,6,"PUESTO DE CONTROL TERRESTRE DESAGUADERO","AZUCAR BLANCA O REFINADA (lectura polarimetrica mayor 99.5°)",174000,"SACO(S)","BOLIVIA"
"12398",2024,6,"OFICINA PUESTO DE CONTROL MARITIMO - PROV. CONST. DEL CALLAO","AVENA, grano aplastado o en copos (hojuelas)",78000,"SACO(S)","CHILE"
"12399",2024,6,"OFICINA PUESTO DE CONTROL MARITIMO - PROV. CONST. DEL CALLAO","AVENA, grano trabajado (mondado, perlado, troceado o quebrantado)",52000,"SACO(S)","CHILE"
"12400",2024,6,"OFICINA PUESTO DE CONTROL MARITIMO - PROV. CONST. DEL CALLAO","UVA (PASAS), secas industrialmente",25000,"CAJA(S)","ARGENTINA"
"12401",2024,6,"OFICINA PUESTO DE CONTROL MARITIMO - PROV. CONST. DEL CALLAO","GARBANZO, grano",22000,"SACO(S)","MEXICO"
"12402",2024,6,"OFICINA PUESTO DE CONTROL MARITIMO - PROV. CONST. DEL CALLAO","MAIZ, harina",42000,"PACAS","COLOMBIA"
"12403",2024,6,"OFICINA PUESTO DE CONTROL AEREO -  PROV. CONST. DEL CALLAO","PEPINILLO, semilla",157.8,"SOBRES","EEUU"
"12404",2024,6,"OFICINA PUESTO DE CONTROL MARITIMO - PROV. CONST. DEL CALLAO","CANELA, corteza entera seca al natural",16000,"CAJA(S)","SRI LANKA"
"12405",2024,6,"OFICINA PUESTO DE CONTROL MARITIMO - PROV. CONST. DEL CALLAO","ALGODON, fibra sin cardar ni peinar (>22.22 mm = o <28.57 mm)",36928,"FARDOS","EEUU"
"12406",2024,6,"PUESTO DE CONTROL TERRESTRE DESAGUADERO","GIRASOL, torta",111360,"GRANEL","BOLIVIA"
"12407",2024,6,"PUESTO DE CONTROL TERRESTRE DESAGUADERO","GIRASOL, torta",135190,"GRANEL","BOLIVIA"
"12408",2024,6,"PUESTO DE CONTROL TERRESTRE DESAGUADERO","SOYA, torta",85000,"GRANEL","BOLIVIA"
"12409",2024,6,"PUESTO DE CONTROL TERRESTRE DESAGUADERO","SOYA, torta",53530,"GRANEL","BOLIVIA"
"12410",2024,6,"PUESTO DE CONTROL TERRESTRE DESAGUADERO","SOYA, torta",84000,"GRANEL","BOLIVIA"
"12411",2024,6,"PUESTO DE CONTROL TERRESTRE DESAGUADERO","SOYA, torta",28080,"GRANEL","BOLIVIA"
"12412",2024,6,"PUESTO DE CONTROL TERRESTRE DESAGUADERO","SOYA, torta",56000,"GRANEL","BOLIVIA"
"12413",2024,6,"OFICINA PUESTO DE CONTROL MARITIMO - PROV. CONST. DEL CALLAO","MANZANA, fruto fresco",80017,"CAJA(S)","CHILE"
"12414",2024,6,"OFICINA PUESTO DE CONTROL MARITIMO - PROV. CONST. DEL CALLAO","MANZANA, fruto fresco",22400,"CAJA(S)","CHILE"
"12415",2024,6,"OFICINA PUESTO DE CONTROL MARITIMO - PROV. CONST. DEL CALLAO","PERA, fruta fresca",23814,"CAJA(S)","ARGENTINA"
"12416",2024,6,"OFICINA PUESTO DE CONTROL MARITIMO - PROV. CONST. DEL CALLAO","KIWI, fruto fresco",24000,"CAJA(S)","CHILE"
"12417",2024,6,"OFICINA PUESTO DE CONTROL MARITIMO - PROV. CONST. DEL CALLAO","CEBOLLA, triturada o pulverizada",4860,"CAJA(S)","CHINA"
"12418",2024,6,"OFICINA PUESTO DE CONTROL MARITIMO - PROV. CONST. DEL CALLAO","APIO, en polvo",2000,"CAJA(S)","CHINA"
"12419",2024,6,"OFICINA PUESTO DE CONTROL MARITIMO - PROV. CONST. DEL CALLAO","CULANTRO, polvo",200,"CAJA(S)","CHINA"
"12420",2024,6,"OFICINA PUESTO DE CONTROL MARITIMO - PROV. CONST. DEL CALLAO","PEREJIL, deshidratado",190,"CAJA(S)","CHINA"
"12421",2024,6,"OFICINA PUESTO DE CONTROL MARITIMO - PROV. CONST. DEL CALLAO","PORO, deshidratado",200,"CAJA(S)","CHINA"
"12422",2024,6,"OFICINA PUESTO DE CONTROL MARITIMO - PROV. CONST. DEL CALLAO","TOMATE, polvo",880,"CAJA(S)","CHINA"
"12423",2024,6,"OFICINA PUESTO DE CONTROL MARITIMO - PROV. CONST. DEL CALLAO","PAPA, hojuelas y pellets",300,"CAJA(S)","CHINA"
"12424",2024,6,"OFICINA PUESTO DE CONTROL MARITIMO - PROV. CONST. DEL CALLAO","OREGANO, con algún con proceso de CRF 2",200,"CAJA(S)","CHINA"
"12425",2024,6,"OFICINA PUESTO DE CONTROL AEREO -  PROV. CONST. DEL CALLAO","ARANDANO, planta",8,"CAJAS DE PLASTICO","CHILE"
"12426",2024,6,"OFICINA PUESTO DE CONTROL AEREO -  PROV. CONST. DEL CALLAO","CEBOLLA, semilla",1155.8,"SACHETS","ISRAEL"
"12427",2024,6,"OFICINA PUESTO DE CONTROL MARITIMO - PROV. CONST. DEL CALLAO","AVENA, grano trabajado (mondado, perlado, troceado o quebrantado)",50000,"SACO(S)","CHILE"
"12428",2024,6,"SANTA ROSA, TACNA","MANZANA, fruto fresco",22545.6,"CAJA(S)","CHILE"
"12429",2024,6,"OFICINA PUESTO DE CONTROL AEREO -  PROV. CONST. DEL CALLAO","PAPRIKA,  triturado o pulverizado",2091.6,"BOLSAS","EEUU"
"12430",2024,6,"SANTA ROSA, TACNA","MANZANA, fruto fresco",23520,"CAJA(S)","CHILE"
"12431",2024,6,"SANTA ROSA, TACNA","MANZANA, fruto fresco",21520.8,"CAJA(S)","CHILE"
"12432",2024,6,"SANTA ROSA, TACNA","MANZANA, fruto fresco",22838.9,"CAJA(S)","CHILE"
"12433",2024,6,"OFICINA PUESTO DE CONTROL MARITIMO - PROV. CONST. DEL CALLAO","MANZANA, fruto fresco",20580,"CAJA(S)","CHILE"
"12434",2024,6,"SANTA ROSA, TACNA","MANZANA, fruto fresco",23520,"CAJA(S)","CHILE"
"12435",2024,6,"PUESTO DE CONTROL TERRESTRE DESAGUADERO","SOYA, torta",116000,"SACO(S)","BOLIVIA"
"12436",2024,6,"PUESTO DE CONTROL TERRESTRE DESAGUADERO","SOYA, torta",148000,"SACO(S)","BOLIVIA"
"12437",2024,6,"SANTA ROSA, TACNA","MANZANA, fruto fresco",22108.8,"CAJA(S)","CHILE"
"12438",2024,6,"SANTA ROSA, TACNA","MANZANA, fruto fresco",21687.4,"CAJA(S)","CHILE"
"12439",2024,6,"OFICINA PUESTO DE CONTROL MARITIMO - PROV. CONST. DEL CALLAO","LENTEJA, grano",74844,"SACO(S)","CANADA"
"12440",2024,6,"SANTA ROSA, TACNA","MANZANA, fruto fresco",23520,"CAJA(S)","CHILE"
"12441",2024,6,"PUESTO DE CONTROL TERRESTRE DESAGUADERO","SOYA, torta",55990,"GRANEL","BOLIVIA"
"12442",2024,6,"SANTA ROSA, TACNA","MANZANA, fruto fresco",23520,"CAJA(S)","CHILE"
"12443",2024,6,"SANTA ROSA, TACNA","MANZANA, fruto fresco",20100,"CAJA(S)","CHILE"
"12444",2024,6,"SANTA ROSA, TACNA","MANZANA, fruto fresco",21560,"CAJA(S)","CHILE"
"12445",2024,6,"SANTA ROSA, TACNA","MANZANA, fruto fresco",23520,"CAJA(S)","CHILE"
"12446",2024,6,"OFICINA PUESTO DE CONTROL MARITIMO - PROV. CONST. DEL CALLAO","SUSTRATO (en base a turba y fibra de coco)",68972,"BIG BAG","LETONIA"
"12447",2024,6,"OFICINA PUESTO DE CONTROL AEREO -  PROV. CONST. DEL CALLAO","ARANDANO, planta",8,"CAJAS DE PLASTICO","CHILE"
"12448",2024,6,"OFICINA PUESTO DE CONTROL MARITIMO - PROV. CONST. DEL CALLAO","ACHICORIA FORRAJERA, semilla",3000,"SACO(S)","NUEVA ZELANDIA"
"12449",2024,6,"OFICINA PUESTO DE CONTROL MARITIMO - PROV. CONST. DEL CALLAO","DACTYLIS, semilla",3000,"SACO(S)","NUEVA ZELANDIA"
"12450",2024,6,"OFICINA PUESTO DE CONTROL MARITIMO - PROV. CONST. DEL CALLAO","FESTULOLIUM, semilla",19000,"SACO(S)","NUEVA ZELANDIA"
"12451",2024,6,"PUERTO DE SALAVERRY, LA LIBERTAD","TRIGO, grano",8332000,"GRANEL","CANADA"
"12452",2024,6,"SANTA ROSA, TACNA","MANZANA, fruto fresco",23520,"CAJA(S)","CHILE"
"12453",2024,6,"SANTA ROSA, TACNA","MANZANA, fruto fresco",23520,"CAJA(S)","CHILE"
"12454",2024,6,"SANTA ROSA, TACNA","MANZANA, fruto fresco",23520,"CAJA(S)","CHILE"
"12455",2024,6,"SANTA ROSA, TACNA","MANZANA, fruto fresco",22020.6,"CAJA(S)","CHILE"
"12456",2024,6,"PUERTO DE PISCO , ICA","Cosechadoras-trilladoras usadas
",12700.71,"UNIDADES","EEUU"
"12457",2024,6,"OFICINA PUESTO DE CONTROL MARITIMO - PROV. CONST. DEL CALLAO","MADERA, monturas y mangos de herramientas, monturas y mangos de cepillos, brochas o escobas, de madera; hormas, ensanchadores y tensores del calzado, de madera ; con algún proceso de la CRF 2",28343,"PAQUETES","CHINA"
"12458",2024,6,"OFICINA PUESTO DE CONTROL MARITIMO - PROV. CONST. DEL CALLAO","AZUCAR CRUDA, sólido",124940,"SACO(S)","EL SALVADOR"
"12459",2024,6,"OFICINA PUESTO DE CONTROL MARITIMO - PROV. CONST. DEL CALLAO","PINO, madera aserrada con tratamiento de secado al horno impregnación de sales",113039.76,"PAQUETES","CHILE"
"12460",2024,6,"OFICINA PUESTO DE CONTROL MARITIMO - PROV. CONST. DEL CALLAO","UVA (PASAS), secas naturalmente",2000,"CAJA(S)","CHINA"
"12461",2024,6,"OFICINA PUESTO DE CONTROL MARITIMO - PROV. CONST. DEL CALLAO","ALBARICOQUE (=DAMASCO), seco industrial",40000,"CAJA(S)","TURQUIA"
"12462",2024,6,"SANTA ROSA, TACNA","MANZANA, fruto fresco",21905.1,"CAJA(S)","CHILE"
"12463",2024,6,"OFICINA PUESTO DE CONTROL MARITIMO - PROV. CONST. DEL CALLAO","MANZANA, fruto fresco",37044,"CAJA(S)","EEUU"
"12464",2024,6,"SANTA ROSA, TACNA","MANZANA, fruto fresco",23520,"CAJA(S)","CHILE"
"12465",2024,6,"OFICINA PUESTO DE CONTROL MARITIMO - PROV. CONST. DEL CALLAO","MARCOS, madera",24.938,"UNIDADES","CHINA"
"12466",2024,6,"PUERTO DE PAITA , PIURA","LENTEJA, grano",92759,"SACO(S)","CANADA"
"12467",2024,6,"OFICINA PUESTO DE CONTROL MARITIMO - PROV. CONST. DEL CALLAO","FLOR DE JAMAICA, seca natural",60000,"SACO(S)","NIGERIA"
"12468",2024,6,"OFICINA PUESTO DE CONTROL MARITIMO - PROV. CONST. DEL CALLAO","NUEZ, con cáscara seca al natural",21000,"SACO(S)","CHILE"
"12469",2024,6,"OFICINA PUESTO DE CONTROL AEREO -  PROV. CONST. DEL CALLAO","TE VERDE, hoja polvo",20,"BOLSAS","JAPON"
"12470",2024,6,"OFICINA PUESTO DE CONTROL MARITIMO - PROV. CONST. DEL CALLAO","CANELA, corteza entera seca al natural",30000,"CAJA(S)","SRI LANKA"
"12471",2024,6,"OFICINA PUESTO DE CONTROL MARITIMO - PROV. CONST. DEL CALLAO","TRIGO DURO, grano",1100560,"GRANEL","CANADA"
"12472",2024,6,"PUESTO DE CONTROL TERRESTRE DESAGUADERO","SOYA, torta",140000,"GRANEL","BOLIVIA"
"12473",2024,6,"PUESTO DE CONTROL TERRESTRE DESAGUADERO","SOYA, torta",54970,"GRANEL","BOLIVIA"
"12474",2024,6,"PUESTO DE CONTROL TERRESTRE DESAGUADERO","SOYA, torta",57120,"GRANEL","BOLIVIA"
"12475",2024,6,"OFICINA PUESTO DE CONTROL MARITIMO - PROV. CONST. DEL CALLAO","FREJOL, grano",199584,"SACO(S)","CANADA"
"12476",2024,6,"OFICINA PUESTO DE CONTROL MARITIMO - PROV. CONST. DEL CALLAO","ALFALFA, semilla",40000,"SACO(S)","EEUU"
"12477",2024,6,"PUERTO DE PAITA , PIURA","MANI, grano sin cáscara",50000,"SACO(S)","ARGENTINA"
"12478",2024,6,"OFICINA PUESTO DE CONTROL MARITIMO - PROV. CONST. DEL CALLAO","MADERA, monturas y mangos de herramientas, monturas y mangos de cepillos, brochas o escobas, de madera; hormas, ensanchadores y tensores del calzado, de madera ; con algún proceso de la CRF 2",639.29,"PAQUETES","BRASIL"
"12479",2024,6,"OFICINA PUESTO DE CONTROL MARITIMO - PROV. CONST. DEL CALLAO","ALMENDRA, sin cáscara, secado industrial",19958.4,"CAJA(S)","EEUU"
"12480",2024,6,"OFICINA PUESTO DE CONTROL MARITIMO - PROV. CONST. DEL CALLAO","ARROZ, grano pilado",130000,"SACO(S)","BRASIL"
"12481",2024,6,"OFICINA PUESTO DE CONTROL MARITIMO - PROV. CONST. DEL CALLAO","TE VERDE, triturado",108,"BOLSAS","TAIWAN"
"12482",2024,6,"OFICINA PUESTO DE CONTROL AEREO -  PROV. CONST. DEL CALLAO","COCO, fibra (para sustrato)",14.5,"PIEZAS","SRI LANKA"
"12483",2024,6,"PUESTO DE CONTROL TERRESTRE DESAGUADERO","SOYA, torta",81980,"GRANEL","BOLIVIA"
"12484",2024,6,"PUESTO DE CONTROL TERRESTRE DESAGUADERO","SOYA, torta",55500,"GRANEL","BOLIVIA"
"12485",2024,6,"OFICINA PUESTO DE CONTROL MARITIMO - PROV. CONST. DEL CALLAO","Cosechadoras-trilladoras usadas
",7200,"UNIDADES","CHINA"
"12486",2024,6,"PUESTO DE CONTROL TERRESTRE DESAGUADERO","SOYA, torta",83370,"GRANEL","BOLIVIA"
"12487",2024,6,"OFICINA PUESTO DE CONTROL MARITIMO - PROV. CONST. DEL CALLAO","PINO, madera aserrada con algún proceso de la CRF2",39938,"PAQUETES","CHILE"
"12488",2024,6,"OFICINA PUESTO DE CONTROL MARITIMO - PROV. CONST. DEL CALLAO","CANELA, corteza entera seca al natural",6260,"CAJA(S)","SRI LANKA"
"12489",2024,6,"OFICINA PUESTO DE CONTROL MARITIMO - PROV. CONST. DEL CALLAO","FREJOL, grano",21319,"SACO(S)","EEUU"
"12490",2024,6,"PUESTO DE CONTROL TERRESTRE DESAGUADERO","MAIZ AMARILLO DURO, grano",60000,"SACO(S)","BOLIVIA"
"12491",2024,6,"OFICINA PUESTO DE CONTROL MARITIMO - PROV. CONST. DEL CALLAO","ARVEJA, grano partido",131540,"SACO(S)","CANADA"
"12492",2024,6,"PUESTO DE CONTROL TERRESTRE DESAGUADERO","SOYA, torta",57620,"GRANEL","BOLIVIA"
"12493",2024,6,"PUESTO DE CONTROL TERRESTRE DESAGUADERO","SOYA, torta",55590,"GRANEL","BOLIVIA"
"12494",2024,6,"OFICINA PUESTO DE CONTROL MARITIMO - PROV. CONST. DEL CALLAO","AZUCAR BLANCA O REFINADA (lectura polarimetrica mayor 99.5°)",265000,"SACO(S)","NICARAGUA"
"12495",2024,6,"OFICINA PUESTO DE CONTROL MARITIMO - PROV. CONST. DEL CALLAO","AZUCAR CRUDA, sólido",129970,"SACO(S)","BRASIL"
"12496",2024,6,"OFICINA PUESTO DE CONTROL MARITIMO - PROV. CONST. DEL CALLAO","AZUCAR CRUDA, sólido",130000,"SACO(S)","BRASIL"
"12497",2024,6,"OFICINA PUESTO DE CONTROL MARITIMO - PROV. CONST. DEL CALLAO","UVA (PASAS), secas industrialmente",21000,"CAJA(S)","CHILE"
"12498",2024,6,"OFICINA PUESTO DE CONTROL MARITIMO - PROV. CONST. DEL CALLAO","COCO, rallado seco industrial",60,"CAJA(S)","HOLANDA"
"12499",2024,6,"OFICINA PUESTO DE CONTROL MARITIMO - PROV. CONST. DEL CALLAO","Marañon (NUEZ DE CAJU), semilla alimenticia sin cascara, seca industriamente",22.68,"CAJA(S)","HOLANDA"
"12500",2024,6,"OFICINA PUESTO DE CONTROL MARITIMO - PROV. CONST. DEL CALLAO","ALMENDRA, sin cáscara, secado industrial",6,"CAJA(S)","HOLANDA"
"12501",2024,6,"OFICINA PUESTO DE CONTROL MARITIMO - PROV. CONST. DEL CALLAO","AVELLANA, sin cascara seca industrial",3,"CAJA(S)","HOLANDA"
"12502",2024,6,"OFICINA PUESTO DE CONTROL MARITIMO - PROV. CONST. DEL CALLAO","PISTACHOS sin cáscara, secas o mondado o rallado",25,"CAJA(S)","HOLANDA"
"12503",2024,6,"OFICINA PUESTO DE CONTROL MARITIMO - PROV. CONST. DEL CALLAO","PIÑON, sin cascara seca industrialmente",9,"CAJA(S)","HOLANDA"
"12504",2024,6,"OFICINA PUESTO DE CONTROL MARITIMO - PROV. CONST. DEL CALLAO","DATIL, seco industrial",240,"CAJA(S)","HOLANDA"
"12505",2024,6,"OFICINA PUESTO DE CONTROL MARITIMO - PROV. CONST. DEL CALLAO","GOJI, fruta seca industrial",40,"CAJA(S)","HOLANDA"
"12506",2024,6,"OFICINA PUESTO DE CONTROL MARITIMO - PROV. CONST. DEL CALLAO","AVENA, grano aplastado o en copos (hojuelas)",1800,"SACO(S)","HOLANDA"
"12507",2024,6,"OFICINA PUESTO DE CONTROL MARITIMO - PROV. CONST. DEL CALLAO","TRIGO, grano trabajado (mondado, perlado, troceado o quebrantado)",400,"SACO(S)","HOLANDA"
"12508",2024,6,"SANTA ROSA, TACNA","TRACTOR USADO, con motor de potencia superior a 33 kW pero inferior o igual a 75 kW",12000,"UNIDADES","CHILE"
"12509",2024,6,"OFICINA PUESTO DE CONTROL MARITIMO - PROV. CONST. DEL CALLAO","ARROZ, parbolizado pulido o sin cáscara",132500,"SACO(S)","BRASIL"
"12510",2024,6,"OFICINA PUESTO DE CONTROL MARITIMO - PROV. CONST. DEL CALLAO","ARROZ, parbolizado pulido o sin cáscara",132500,"SACO(S)","BRASIL"
"12511",2024,6,"OFICINA PUESTO DE CONTROL MARITIMO - PROV. CONST. DEL CALLAO","FREJOL, grano",42638,"SACO(S)","EEUU"
"12512",2024,6,"OFICINA PUESTO DE CONTROL MARITIMO - PROV. CONST. DEL CALLAO","YUCA (=MANDIOCA), fécula",18000,"SACO(S)","TAILANDIA"
"12513",2024,6,"OFICINA PUESTO DE CONTROL MARITIMO - PROV. CONST. DEL CALLAO","LENTEJA, grano",42910,"SACO(S)","CANADA"
"12514",2024,6,"OFICINA PUESTO DE CONTROL MARITIMO - PROV. CONST. DEL CALLAO","FREJOL, grano",40779,"SACO(S)","CANADA"
"12515",2024,6,"PUESTO DE CONTROL TERRESTRE DESAGUADERO","SOYA, harina",116000,"SACO(S)","BOLIVIA"
"12516",2024,6,"OFICINA PUESTO DE CONTROL MARITIMO - PROV. CONST. DEL CALLAO","ALGODON, fibra sin cardar ni peinar (>34.92 mm)",75320,"FARDOS","EEUU"
"12517",2024,6,"PUESTO DE CONTROL TERRESTRE DESAGUADERO","SOYA, torta",56140,"GRANEL","BOLIVIA"
"12518",2024,6,"PUESTO DE CONTROL TERRESTRE DESAGUADERO","SOYA, torta",56050,"GRANEL","BOLIVIA"
"12519",2024,6,"OFICINA PUESTO DE CONTROL MARITIMO - PROV. CONST. DEL CALLAO","TURBA",49536,"FARDOS","HOLANDA"
"12520",2024,6,"OFICINA PUESTO DE CONTROL MARITIMO - PROV. CONST. DEL CALLAO","TURBA",203040,"FARDOS","HOLANDA"
"12521",2024,6,"PUESTO DE CONTROL TERRESTRE DESAGUADERO","SOYA, torta",115000,"SACO(S)","BOLIVIA"
"12522",2024,6,"PUESTO DE CONTROL TERRESTRE DESAGUADERO","SOYA, torta",82050,"GRANEL","BOLIVIA"
"12523",2024,6,"PUESTO DE CONTROL TERRESTRE DESAGUADERO","SOYA, torta",115000,"SACO(S)","BOLIVIA"
"12524",2024,6,"PUESTO DE CONTROL TERRESTRE DESAGUADERO","SOYA, torta",115500,"SACO(S)","BOLIVIA"
"12525",2024,6,"PUESTO DE CONTROL TERRESTRE DESAGUADERO","SOYA, harina",145000,"SACO(S)","BOLIVIA"
"12526",2024,6,"PUERTO DE PAITA , PIURA","CANELA, corteza entera seca al natural",12040,"SACO(S)","SRI LANKA"
"12527",2024,6,"PUESTO DE CONTROL TERRESTRE DESAGUADERO","SOYA, torta",28320,"GRANEL","BOLIVIA"
"12528",2024,6,"SANTA ROSA, TACNA","ARANDANO, planta",7708,"BINES DE MADERA","CHILE"
"12529",2024,6,"PUESTO DE CONTROL TERRESTRE DESAGUADERO","SOYA, torta",28000,"GRANEL","BOLIVIA"
"12530",2024,6,"PUESTO DE CONTROL TERRESTRE DESAGUADERO","SOYA, torta",58000,"SACO(S)","BOLIVIA"
"12531",2024,6,"PUESTO DE CONTROL TERRESTRE DESAGUADERO","SOYA, torta",56000,"GRANEL","BOLIVIA"
"12532",2024,6,"PUESTO DE CONTROL TERRESTRE DESAGUADERO","SOYA, torta",27980,"GRANEL","BOLIVIA"
"12533",2024,6,"PUESTO DE CONTROL TERRESTRE DESAGUADERO","SOYA, torta",29550,"GRANEL","BOLIVIA"
"12534",2024,6,"OFICINA PUESTO DE CONTROL MARITIMO - PROV. CONST. DEL CALLAO","CEBOLLA, triturada o pulverizada",6000,"CAJA(S)","INDIA"
"12535",2024,6,"OFICINA PUESTO DE CONTROL MARITIMO - PROV. CONST. DEL CALLAO","AJO, polvo",7000,"CAJA(S)","INDIA"
"12536",2024,6,"OFICINA PUESTO DE CONTROL MARITIMO - PROV. CONST. DEL CALLAO","MAIZ REVENTON, grano",101600,"SACO(S)","ARGENTINA"
"12537",2024,6,"OFICINA PUESTO DE CONTROL MARITIMO - PROV. CONST. DEL CALLAO","AZUCAR BLANCA O REFINADA (lectura polarimetrica mayor 99.5°)",125000,"SACO(S)","GUATEMALA"
"12538",2024,6,"OFICINA PUESTO DE CONTROL AEREO -  PROV. CONST. DEL CALLAO","CAFE, semilla",80,"SACO(S)","COSTA RICA"
"12539",2024,6,"OFICINA PUESTO DE CONTROL MARITIMO - PROV. CONST. DEL CALLAO","TURBA",74043,"BOLSONES","ESTONIA"
"12540",2024,6,"OFICINA PUESTO DE CONTROL MARITIMO - PROV. CONST. DEL CALLAO","ALGODON, fibra sin cardar ni peinar (>22.22 mm = o <28.57 mm)",138540,"FARDOS","EEUU"
"12541",2024,6,"OFICINA PUESTO DE CONTROL AEREO -  PROV. CONST. DEL CALLAO","MELON, semilla",36.205,"SACHETS","HOLANDA"
"12542",2024,6,"OFICINA PUESTO DE CONTROL AEREO -  PROV. CONST. DEL CALLAO","MELON, semilla",0.47,"SACHETS","HOLANDA"
"12543",2024,6,"OFICINA PUESTO DE CONTROL AEREO -  PROV. CONST. DEL CALLAO","MELON, semilla",0.26,"SACHETS","HOLANDA"
"12544",2024,6,"OFICINA PUESTO DE CONTROL MARITIMO - PROV. CONST. DEL CALLAO","MARCOS, madera",3.244,"CAJA(S)","POLONIA"
"12545",2024,6,"PUESTO DE CONTROL TERRESTRE DESAGUADERO","SOYA, torta",120000,"SACO(S)","BOLIVIA"
"12546",2024,6,"PUESTO DE CONTROL TERRESTRE DESAGUADERO","SOYA, torta",120000,"SACO(S)","BOLIVIA"
"12547",2024,6,"PUESTO DE CONTROL TERRESTRE DESAGUADERO","SOYA, torta",120000,"SACO(S)","BOLIVIA"
"12548",2024,6,"OFICINA PUESTO DE CONTROL MARITIMO - PROV. CONST. DEL CALLAO","ROTEN (=Ratán), artículos de cestería obtenidos directamente en su forma con materia trenzable con algún proceso de la CRF2",326.8,"CAJA(S)","VIETNAM"
"12549",2024,6,"OFICINA PUESTO DE CONTROL MARITIMO - PROV. CONST. DEL CALLAO","Articulos de cesteria (canastos, cestos u otros), con algun proceso de la CRF2",27.5,"CAJA(S)","VIETNAM"
"12550",2024,6,"PUESTO DE CONTROL TERRESTRE DESAGUADERO","SOYA, harina",58000,"SACO(S)","BOLIVIA"
"12551",2024,6,"OFICINA PUESTO DE CONTROL AEREO -  PROV. CONST. DEL CALLAO","SANDIA, semilla",0.689,"SACHETS","EEUU"
"12552",2024,6,"OFICINA PUESTO DE CONTROL AEREO -  PROV. CONST. DEL CALLAO","SANDIA, semilla",7.404,"SACHETS","TAILANDIA"
"12553",2024,6,"OFICINA PUESTO DE CONTROL AEREO -  PROV. CONST. DEL CALLAO","MELON, semilla",0.336,"SACHETS","ESPAÑA"
"12554",2024,6,"PUESTO DE CONTROL TERRESTRE DESAGUADERO","SOYA, torta",56000,"GRANEL","BOLIVIA"
"12555",2024,6,"PUESTO DE CONTROL TERRESTRE DESAGUADERO","SOYA, torta",54710,"GRANEL","BOLIVIA"
"12556",2024,6,"PUESTO DE CONTROL TERRESTRE DESAGUADERO","SOYA, torta",145000,"SACO(S)","BOLIVIA"
"12557",2024,6,"PUESTO DE CONTROL TERRESTRE DESAGUADERO","SOYA, grano",59000,"SACO(S)","BOLIVIA"
"12558",2024,6,"PUESTO DE CONTROL TERRESTRE DESAGUADERO","SOYA, torta",173500,"SACO(S)","BOLIVIA"
"12559",2024,6,"PUESTO DE CONTROL TERRESTRE DESAGUADERO","SOYA, torta",177000,"SACO(S)","BOLIVIA"
"12560",2024,6,"PUESTO DE CONTROL TERRESTRE DESAGUADERO","SOYA, harina",174000,"SACO(S)","BOLIVIA"
"12561",2024,6,"PUESTO DE CONTROL TERRESTRE DESAGUADERO","SOYA, torta",174000,"SACO(S)","BOLIVIA"
"12562",2024,6,"PUESTO DE CONTROL TERRESTRE DESAGUADERO","SOYA, torta",174000,"SACO(S)","BOLIVIA"
"12563",2024,6,"PUESTO DE CONTROL TERRESTRE DESAGUADERO","SOYA, torta",140200,"SACO(S)","BOLIVIA"
"12564",2024,6,"OFICINA PUESTO DE CONTROL MARITIMO - PROV. CONST. DEL CALLAO","ACHIOTE, grano",25000,"SACO(S)","COSTA DE MARFIL"
"12565",2024,6,"PUESTO DE CONTROL TERRESTRE DESAGUADERO","SOYA, torta",86000,"GRANEL","BOLIVIA"
"12566",2024,6,"PUERTO DE PAITA , PIURA","PINO, madera aserrada con algún proceso de la CRF2",17675,"CAJA(S)","CHILE"
"12567",2024,6,"PUERTO DE SALAVERRY, LA LIBERTAD","MAIZ AMARILLO DURO, grano",11049960,"GRANEL","ARGENTINA"
"12568",2024,6,"PUERTO DE SALAVERRY, LA LIBERTAD","SOYA, torta",6529960,"GRANEL","ARGENTINA"
"12569",2024,6,"PUESTO DE CONTROL TERRESTRE DESAGUADERO","SOYA, torta",56000,"GRANEL","BOLIVIA"
"12570",2024,6,"PUESTO DE CONTROL TERRESTRE DESAGUADERO","GIRASOL, torta",27850,"GRANEL","BOLIVIA"
"12571",2024,6,"PUESTO DE CONTROL TERRESTRE DESAGUADERO","SOYA, torta",81150,"GRANEL","BOLIVIA"
"12572",2024,6,"OFICINA PUESTO DE CONTROL MARITIMO - PROV. CONST. DEL CALLAO","AVENA, grano trabajado (mondado, perlado, troceado o quebrantado)",144000,"SACO(S)","CHILE"
"12573",2024,6,"OFICINA PUESTO DE CONTROL MARITIMO - PROV. CONST. DEL CALLAO","PERA, fruta fresca",45360,"CAJA(S)","ARGENTINA"
"12574",2024,6,"PUESTO DE CONTROL TERRESTRE DESAGUADERO","SOYA, torta",56080,"GRANEL","BOLIVIA"
"12575",2024,6,"PUESTO DE CONTROL TERRESTRE DESAGUADERO","SOYA, torta",84000,"GRANEL","BOLIVIA"
"12576",2024,6,"OFICINA PUESTO DE CONTROL MARITIMO - PROV. CONST. DEL CALLAO","ARVEJA, grano partido",49894,"SACO(S)","CANADA"
"12577",2024,6,"OFICINA PUESTO DE CONTROL MARITIMO - PROV. CONST. DEL CALLAO","ARVEJA, grano partido",49894,"SACO(S)","CANADA"
"12578",2024,6,"PUESTO DE CONTROL TERRESTRE DESAGUADERO","SOYA, torta",28620,"GRANEL","BOLIVIA"
"12579",2024,6,"PUESTO DE CONTROL TERRESTRE DESAGUADERO","SOYA, torta",85000,"GRANEL","BOLIVIA"
"12580",2024,6,"PUESTO DE CONTROL TERRESTRE DESAGUADERO","SOYA, torta",140000,"GRANEL","BOLIVIA"
"12581",2024,6,"PUESTO DE CONTROL TERRESTRE DESAGUADERO","SOYA, torta",56000,"GRANEL","BOLIVIA"
"12582",2024,6,"PUESTO DE CONTROL TERRESTRE DESAGUADERO","SOYA, torta",84000,"GRANEL","BOLIVIA"
"12583",2024,6,"OFICINA PUESTO DE CONTROL MARITIMO - PROV. CONST. DEL CALLAO","PERA, fruta fresca",23946.3,"CAJA(S)","ARGENTINA"
"12584",2024,6,"OFICINA PUESTO DE CONTROL MARITIMO - PROV. CONST. DEL CALLAO","AZUCAR BLANCA O REFINADA (lectura polarimetrica mayor 99.5°)",185500,"SACO(S)","NICARAGUA"
"12585",2024,6,"OFICINA PUESTO DE CONTROL AEREO -  PROV. CONST. DEL CALLAO","PINO, semilla",30,"PAQUETES","NICARAGUA"
"12586",2024,6,"PUESTO DE CONTROL TERRESTRE DESAGUADERO","MAIZ AMARILLO DURO, grano",58000,"SACO(S)","BOLIVIA"
"12587",2024,6,"OFICINA PUESTO DE CONTROL MARITIMO - PROV. CONST. DEL CALLAO","TRIGO, grano",3995710,"GRANEL","CANADA"
"12588",2024,6,"PUESTO DE CONTROL TERRESTRE DESAGUADERO","GIRASOL, torta",54120,"GRANEL","BOLIVIA"
"12589",2024,6,"OFICINA PUESTO DE CONTROL MARITIMO - PROV. CONST. DEL CALLAO","AVENA, grano aplastado o en copos (hojuelas)",78750,"SACO(S)","CHILE"
"12590",2024,6,"OFICINA PUESTO DE CONTROL MARITIMO - PROV. CONST. DEL CALLAO","ACHIOTE, grano",40000,"BOLSA DE POLIETILENO","GUATEMALA"
"12591",2024,6,"OFICINA PUESTO DE CONTROL MARITIMO - PROV. CONST. DEL CALLAO","ALGODON, fibra sin cardar ni peinar (>22.22 mm = o <28.57 mm)",37925,"FARDOS","EEUU"
"12592",2024,6,"OFICINA PUESTO DE CONTROL MARITIMO - PROV. CONST. DEL CALLAO","ALGODON, fibra sin cardar ni peinar (>22.22 mm = o <28.57 mm)",194650,"FARDOS","EEUU"
"12593",2024,6,"OFICINA PUESTO DE CONTROL MARITIMO - PROV. CONST. DEL CALLAO","COCO Y CAUCHO, molido o triturado para revestimiento",42000,"PAQUETES","ITALIA"
"12594",2024,6,"OFICINA PUESTO DE CONTROL AEREO -  PROV. CONST. DEL CALLAO","MAIZ, semilla",21.73,"SOBRES","FRANCIA"
"12595",2024,6,"LA TINA, PIURA","TORNILLO, madera aserrada con algún proceso de la CRF2",32000,"PAQUETES","ECUADOR"
"12596",2024,6,"OFICINA PUESTO DE CONTROL MARITIMO - PROV. CONST. DEL CALLAO","UVA (PASAS), secas industrialmente",21000,"CAJA(S)","CHILE"
"12597",2024,6,"PUESTO DE CONTROL TERRESTRE DESAGUADERO","SOYA, torta",145000,"SACO(S)","BOLIVIA"
"12598",2024,6,"PUESTO DE CONTROL TERRESTRE DESAGUADERO","SOYA, torta",116000,"SACO(S)","BOLIVIA"
"12599",2024,6,"PUESTO DE CONTROL TERRESTRE DESAGUADERO","SOYA, grano",60000,"SACO(S)","BOLIVIA"
"12600",2024,6,"OFICINA PUESTO DE CONTROL MARITIMO - PROV. CONST. DEL CALLAO","TRACTOR USADO, con motor de potencia superior a 75 kW pero inferior o igual a 130 kW",3455.67,"UNIDADES","JAPON"
"12601",2024,6,"PUESTO DE CONTROL TERRESTRE DESAGUADERO","SOYA, torta",114000,"SACO(S)","BOLIVIA"
"12602",2024,6,"PUESTO DE CONTROL TERRESTRE DESAGUADERO","SOYA, torta",174000,"SACO(S)","BOLIVIA"
"12603",2024,6,"PUESTO DE CONTROL TERRESTRE DESAGUADERO","SOYA, torta",202000,"SACO(S)","BOLIVIA"
"12604",2024,6,"PUESTO DE CONTROL TERRESTRE DESAGUADERO","SOYA, torta",81000,"GRANEL","BOLIVIA"
"12605",2024,6,"PUESTO DE CONTROL TERRESTRE DESAGUADERO","SOYA, torta",84000,"GRANEL","BOLIVIA"
"12606",2024,6,"PUESTO DE CONTROL TERRESTRE DESAGUADERO","SOYA, harina",57466,"SACO(S)","BOLIVIA"
"12607",2024,6,"PUESTO DE CONTROL TERRESTRE DESAGUADERO","SOYA, harina",27236,"SACO(S)","BOLIVIA"
"12608",2024,6,"PUESTO DE CONTROL TERRESTRE DESAGUADERO","SOYA, harina",50518,"SACO(S)","BOLIVIA"
"12609",2024,6,"PUESTO DE CONTROL TERRESTRE DESAGUADERO","SOYA, harina",25199,"SACO(S)","BOLIVIA"
"12610",2024,6,"PUESTO DE CONTROL TERRESTRE DESAGUADERO","GIRASOL, torta",27490,"GRANEL","BOLIVIA"
"12611",2024,6,"PUESTO DE CONTROL TERRESTRE DESAGUADERO","GIRASOL, torta",56370,"GRANEL","BOLIVIA"
"12612",2024,6,"PUESTO DE CONTROL TERRESTRE DESAGUADERO","SOYA, torta",84000,"GRANEL","BOLIVIA"
"12613",2024,6,"OFICINA PUESTO DE CONTROL MARITIMO - PROV. CONST. DEL CALLAO","Articulos de cesteria (canastos, cestos u otros), con algun proceso de la CRF2",1728.9,"UNIDADES","CHINA"
"12614",2024,6,"PUESTO DE CONTROL TERRESTRE DESAGUADERO","AZUCAR BLANCA O REFINADA (lectura polarimetrica mayor 99.5°)",145000,"SACO(S)","BOLIVIA"
"12615",2024,6,"OFICINA PUESTO DE CONTROL MARITIMO - PROV. CONST. DEL CALLAO","NUEZ, con cáscara seca al natural",79510,"SACO(S)","CHILE"
"12616",2024,6,"OFICINA PUESTO DE CONTROL MARITIMO - PROV. CONST. DEL CALLAO","COCO, rallado seco industrial",26000,"SACO(S)","INDONESIA"
"12617",2024,6,"OFICINA PUESTO DE CONTROL MARITIMO - PROV. CONST. DEL CALLAO","MADERA, monturas y mangos de herramientas, monturas y mangos de cepillos, brochas o escobas, de madera; hormas, ensanchadores y tensores del calzado, de madera ; con algún proceso de la CRF 2",28183.68,"UNIDADES","CHINA"
"12618",2024,6,"OFICINA PUESTO DE CONTROL MARITIMO - PROV. CONST. DEL CALLAO","LENTEJA, grano",105236,"SACO(S)","CANADA"
"12619",2024,6,"OFICINA PUESTO DE CONTROL AEREO -  PROV. CONST. DEL CALLAO","ARANDANO, planta",1602,"CAJA(S)","CHILE"
"12620",2024,6,"OFICINA PUESTO DE CONTROL MARITIMO - PROV. CONST. DEL CALLAO","AZUCAR BLANCA O REFINADA (lectura polarimetrica mayor 99.5°)",265000,"SACO(S)","GUATEMALA"
"12621",2024,6,"OFICINA PUESTO DE CONTROL MARITIMO - PROV. CONST. DEL CALLAO","AZUCAR CRUDA, sólido",224320,"SACO(S)","GUATEMALA"
"12622",2024,6,"PUESTO DE CONTROL TERRESTRE DESAGUADERO","AZUCAR BLANCA O REFINADA (lectura polarimetrica mayor 99.5°)",145000,"SACO(S)","BOLIVIA"
"12623",2024,6,"OFICINA PUESTO DE CONTROL MARITIMO - PROV. CONST. DEL CALLAO","MAIZ, semilla",9616.53,"BOLSAS","MEXICO"
"12624",2024,6,"OFICINA PUESTO DE CONTROL MARITIMO - PROV. CONST. DEL CALLAO","ARROZ, parbolizado pulido o sin cáscara",103000,"SACO(S)","BRASIL"
"12625",2024,6,"PUESTO DE CONTROL TERRESTRE DESAGUADERO","SOYA, grano",57500,"GRANEL","BOLIVIA"
"12626",2024,6,"PUESTO DE CONTROL TERRESTRE DESAGUADERO","SOYA, grano",56000,"GRANEL","BOLIVIA"
"12627",2024,6,"PUESTO DE CONTROL TERRESTRE DESAGUADERO","SOYA, grano",56000,"GRANEL","BOLIVIA"
"12628",2024,6,"PUESTO DE CONTROL TERRESTRE DESAGUADERO","SOYA, grano",111400,"GRANEL","BOLIVIA"
"12629",2024,6,"PUESTO DE CONTROL TERRESTRE DESAGUADERO","SOYA, grano",50000,"GRANEL","BOLIVIA"
"12630",2024,6,"PUESTO DE CONTROL TERRESTRE DESAGUADERO","SOYA, grano",57000,"GRANEL","BOLIVIA"
"12631",2024,6,"PUESTO DE CONTROL TERRESTRE DESAGUADERO","SOYA, grano",84500,"GRANEL","BOLIVIA"
"12632",2024,6,"PUESTO DE CONTROL TERRESTRE DESAGUADERO","SOYA, grano",56000,"GRANEL","BOLIVIA"
"12633",2024,6,"PUESTO DE CONTROL TERRESTRE DESAGUADERO","SOYA, grano",112000,"GRANEL","BOLIVIA"
"12634",2024,6,"PUESTO DE CONTROL TERRESTRE DESAGUADERO","SOYA, grano",56000,"GRANEL","BOLIVIA"
"12635",2024,6,"OFICINA PUESTO DE CONTROL MARITIMO - PROV. CONST. DEL CALLAO","CAUCHO, técnicamente especificado (TSNR)",60480,"PIEZAS","INDONESIA"
"12636",2024,6,"OFICINA PUESTO DE CONTROL MARITIMO - PROV. CONST. DEL CALLAO","CAUCHO, técnicamente especificado (TSNR)",60480,"PIEZAS","INDONESIA"
"12637",2024,6,"OFICINA PUESTO DE CONTROL MARITIMO - PROV. CONST. DEL CALLAO","AVENA, grano aplastado o en copos (hojuelas)",56000,"SACO(S)","CHILE"
"12638",2024,6,"PUESTO DE CONTROL TERRESTRE DESAGUADERO","MANI, grano sin cáscara",29990,"SACO(S)","BOLIVIA"
"12639",2024,6,"OFICINA PUESTO DE CONTROL MARITIMO - PROV. CONST. DEL CALLAO","MAIZ REVENTON, grano",52000,"SACO(S)","ARGENTINA"
"12640",2024,6,"OFICINA PUESTO DE CONTROL MARITIMO - PROV. CONST. DEL CALLAO","FREJOL CANARIO, grano",22950,"SACO(S)","MEXICO"
"12641",2024,6,"OFICINA PUESTO DE CONTROL AEREO -  PROV. CONST. DEL CALLAO","YUCA (=MANDIOCA), almidón",10,"BOLSAS","HOLANDA"
"12642",2024,6,"SANTA ROSA, TACNA","SOYA, torta",55888,"SACO(S)","CHILE"
"12643",2024,6,"OFICINA PUESTO DE CONTROL MARITIMO - PROV. CONST. DEL CALLAO","LUPINO (=TARWI), harina",1000,"BOLSA DE POLIETILENO","CHILE"
"12644",2024,6,"OFICINA PUESTO DE CONTROL MARITIMO - PROV. CONST. DEL CALLAO","PERA, fruta fresca",47628,"CAJA(S)","ARGENTINA"
"12645",2024,6,"OFICINA PUESTO DE CONTROL MARITIMO - PROV. CONST. DEL CALLAO","ALIMENTO PARA ANIMALES, materias vegetales, desperdicios, residuos, incluso en pellets",48000,"BIDONES","ECUADOR"
"12646",2024,6,"OFICINA PUESTO DE CONTROL MARITIMO - PROV. CONST. DEL CALLAO","AZUCAR CRUDA, sólido",249870,"SACO(S)","GUATEMALA"
"12647",2024,6,"OFICINA PUESTO DE CONTROL MARITIMO - PROV. CONST. DEL CALLAO","ARROZ, grano pilado",260000,"SACO(S)","TAILANDIA"
"12648",2024,6,"OFICINA PUESTO DE CONTROL MARITIMO - PROV. CONST. DEL CALLAO","ARROZ, grano pilado",260000,"SACO(S)","TAILANDIA"
"12649",2024,6,"PUESTO DE CONTROL TERRESTRE DESAGUADERO","SOYA, torta",83010,"GRANEL","BOLIVIA"
"12650",2024,6,"PUESTO DE CONTROL TERRESTRE DESAGUADERO","SOYA, torta",86210,"GRANEL","BOLIVIA"
"12651",2024,6,"PUERTO DE PAITA , PIURA","PINO, postes de madera con algun proceso de la CRF 2",106570,"UNIDADES","CHILE"
"12652",2024,6,"OFICINA PUESTO DE CONTROL MARITIMO - PROV. CONST. DEL CALLAO","PERA, fruta fresca",18244.8,"CAJA(S)","ARGENTINA"
"12653",2024,6,"OFICINA PUESTO DE CONTROL MARITIMO - PROV. CONST. DEL CALLAO","MANZANA, fruto fresco",5068,"CAJA(S)","ARGENTINA"
"12654",2024,6,"OFICINA PUESTO DE CONTROL MARITIMO - PROV. CONST. DEL CALLAO","PERA, fruta fresca",23814,"CAJA(S)","ARGENTINA"
"12655",2024,6,"OFICINA PUESTO DE CONTROL MARITIMO - PROV. CONST. DEL CALLAO","MANZANA, fruto fresco",19551,"CAJA(S)","ARGENTINA"
"12656",2024,6,"OFICINA PUESTO DE CONTROL MARITIMO - PROV. CONST. DEL CALLAO","PERA, fruta fresca",25137,"CAJA(S)","ARGENTINA"
"12657",2024,6,"OFICINA PUESTO DE CONTROL MARITIMO - PROV. CONST. DEL CALLAO","GARBANZO, grano",21890,"SACO(S)","MEXICO"
"12658",2024,6,"OFICINA PUESTO DE CONTROL MARITIMO - PROV. CONST. DEL CALLAO","PALMA, hoja en polvo",22.68,"TAMBORES","EEUU"
"12659",2024,6,"OFICINA PUESTO DE CONTROL MARITIMO - PROV. CONST. DEL CALLAO","PERA, fruta fresca",23814,"CAJA(S)","ARGENTINA"
"12660",2024,6,"OFICINA PUESTO DE CONTROL MARITIMO - PROV. CONST. DEL CALLAO","PERA, fruta fresca",23814,"CAJA(S)","ARGENTINA"
"12661",2024,6,"OFICINA PUESTO DE CONTROL MARITIMO - PROV. CONST. DEL CALLAO","PERA, fruta fresca",22932,"CAJA(S)","ARGENTINA"
"12662",2024,6,"OFICINA PUESTO DE CONTROL MARITIMO - PROV. CONST. DEL CALLAO","PERA, fruta fresca",22932,"CAJA(S)","ARGENTINA"
"12663",2024,6,"OFICINA PUESTO DE CONTROL MARITIMO - PROV. CONST. DEL CALLAO","PERA, fruta fresca",22932,"CAJA(S)","ARGENTINA"
"12664",2024,6,"PUESTO DE CONTROL TERRESTRE DESAGUADERO","GIRASOL, torta",82570,"GRANEL","BOLIVIA"
"12665",2024,6,"OFICINA PUESTO DE CONTROL AEREO -  PROV. CONST. DEL CALLAO","COCO, fibra (para sustrato)",42.5,"BOLSAS","SRI LANKA"
"12666",2024,6,"OFICINA PUESTO DE CONTROL MARITIMO - PROV. CONST. DEL CALLAO","AVENA, grano aplastado o en copos (hojuelas)",52000,"SACO(S)","CHILE"
"12667",2024,6,"OFICINA PUESTO DE CONTROL MARITIMO - PROV. CONST. DEL CALLAO","MAIZ REVENTON, grano",26000,"SACO(S)","ARGENTINA"
"12668",2024,6,"OFICINA PUESTO DE CONTROL MARITIMO - PROV. CONST. DEL CALLAO","AZUCAR CRUDA, sólido",125000,"SACO(S)","GUATEMALA"
"12669",2024,6,"OFICINA PUESTO DE CONTROL MARITIMO - PROV. CONST. DEL CALLAO","AZUCAR CRUDA, sólido",260000,"SACO(S)","BRASIL"
"12670",2024,6,"PUESTO DE CONTROL TERRESTRE DESAGUADERO","GIRASOL, torta",27160,"GRANEL","BOLIVIA"
"12671",2024,6,"PUESTO DE CONTROL TERRESTRE DESAGUADERO","GIRASOL, torta",55080,"GRANEL","BOLIVIA"
"12672",2024,6,"PUESTO DE CONTROL TERRESTRE DESAGUADERO","SOYA, torta",28000,"GRANEL","BOLIVIA"
"12673",2024,6,"PUESTO DE CONTROL TERRESTRE DESAGUADERO","SOYA, grano",289900,"GRANEL","BOLIVIA"
"12674",2024,6,"OFICINA PUESTO DE CONTROL MARITIMO - PROV. CONST. DEL CALLAO","YUCA, con algún proceso de la CR2",50,"CAJA(S)","CHINA"
"12675",2024,6,"OFICINA PUESTO DE CONTROL MARITIMO - PROV. CONST. DEL CALLAO","ARROZ, harina",3624,"CAJA(S)","CHINA"
"12676",2024,6,"OFICINA PUESTO DE CONTROL MARITIMO - PROV. CONST. DEL CALLAO","AVENA, grano aplastado o en copos (hojuelas)",26000,"SACO(S)","CHILE"
"12677",2024,6,"OFICINA PUESTO DE CONTROL MARITIMO - PROV. CONST. DEL CALLAO","SOYA, torta",13972650,"GRANEL","ARGENTINA"
"12678",2024,6,"OFICINA PUESTO DE CONTROL MARITIMO - PROV. CONST. DEL CALLAO","LENTEJA, grano",46266,"SACO(S)","EEUU"
"12679",2024,6,"PUESTO DE CONTROL TERRESTRE DESAGUADERO","SOYA, harina",116000,"SACO(S)","BOLIVIA"
"12680",2024,6,"PUESTO DE CONTROL TERRESTRE DESAGUADERO","SOYA, grano",55980,"GRANEL","BOLIVIA"
"12681",2024,6,"PUESTO DE CONTROL TERRESTRE DESAGUADERO","SOYA, grano",55980,"GRANEL","BOLIVIA"
"12682",2024,6,"PUESTO DE CONTROL TERRESTRE DESAGUADERO","SOYA, grano",47950,"GRANEL","BOLIVIA"
"12683",2024,6,"PUESTO DE CONTROL TERRESTRE DESAGUADERO","AZUCAR BLANCA O REFINADA (lectura polarimetrica mayor 99.5°)",140000,"SACO(S)","BOLIVIA"
"12684",2024,6,"PUESTO DE CONTROL TERRESTRE DESAGUADERO","SOYA, torta",203000,"SACO(S)","BOLIVIA"
"12685",2024,6,"PUESTO DE CONTROL TERRESTRE DESAGUADERO","GIRASOL, torta",57110,"GRANEL","BOLIVIA"
"12686",2024,6,"PUESTO DE CONTROL TERRESTRE DESAGUADERO","SOYA, torta",87000,"GRANEL","BOLIVIA"
"12687",2024,6,"OFICINA PUESTO DE CONTROL AEREO -  PROV. CONST. DEL CALLAO","TRUFAS (Tuber spp), frescas o refrigeradas",1,"CAJA(S)","ITALIA"
"12688",2024,6,"OFICINA PUESTO DE CONTROL MARITIMO - PROV. CONST. DEL CALLAO","AZUCAR CRUDA, sólido",1e+05,"SACO(S)","BRASIL"
"12689",2024,6,"PUESTO DE CONTROL TERRESTRE DESAGUADERO","SOYA, torta",53670,"GRANEL","BOLIVIA"
"12690",2024,6,"OFICINA PUESTO DE CONTROL MARITIMO - PROV. CONST. DEL CALLAO","REMOLACHA, pulpa, residuos sólidos",26200,"SACO(S)","CHILE"
"12691",2024,6,"OFICINA PUESTO DE CONTROL MARITIMO - PROV. CONST. DEL CALLAO","AZUCAR CRUDA, sólido",375000,"SACO(S)","EL SALVADOR"
"12692",2024,6,"OFICINA PUESTO DE CONTROL MARITIMO - PROV. CONST. DEL CALLAO","AZUCAR BLANCA O REFINADA (lectura polarimetrica mayor 99.5°)",4e+05,"BIG BAG","GUATEMALA"
"12693",2024,6,"OFICINA PUESTO DE CONTROL MARITIMO - PROV. CONST. DEL CALLAO","AZUCAR BLANCA O REFINADA (lectura polarimetrica mayor 99.5°)",130000,"SACO(S)","GUATEMALA"
"12694",2024,6,"OFICINA PUESTO DE CONTROL MARITIMO - PROV. CONST. DEL CALLAO","AZUCAR BLANCA O REFINADA (lectura polarimetrica mayor 99.5°)",265000,"SACO(S)","GUATEMALA"
"12695",2024,6,"OFICINA PUESTO DE CONTROL MARITIMO - PROV. CONST. DEL CALLAO","AZUCAR BLANCA O REFINADA (lectura polarimetrica mayor 99.5°)",2e+05,"BIG BAG","GUATEMALA"
"12696",2024,6,"OFICINA PUESTO DE CONTROL MARITIMO - PROV. CONST. DEL CALLAO","AZUCAR BLANCA O REFINADA (lectura polarimetrica mayor 99.5°)",65000,"SACO(S)","GUATEMALA"
"12697",2024,6,"OFICINA PUESTO DE CONTROL MARITIMO - PROV. CONST. DEL CALLAO","AZUCAR CRUDA, sólido",250000,"SACO(S)","NICARAGUA"
"12698",2024,6,"OFICINA PUESTO DE CONTROL MARITIMO - PROV. CONST. DEL CALLAO","AZUCAR BLANCA O REFINADA (lectura polarimetrica mayor 99.5°)",250000,"SACO(S)","NICARAGUA"
"12699",2024,6,"OFICINA PUESTO DE CONTROL MARITIMO - PROV. CONST. DEL CALLAO","AZUCAR CRUDA, sólido",250000,"SACO(S)","NICARAGUA"
"12700",2024,6,"OFICINA PUESTO DE CONTROL MARITIMO - PROV. CONST. DEL CALLAO","PINO, madera aserrada con tratamiento de secado al horno o impregnación de sales",20231.64,"PAQUETES","EEUU"
"12701",2024,6,"OFICINA PUESTO DE CONTROL AEREO -  PROV. CONST. DEL CALLAO","AJI HABANERO, escamas",80,"CAJA(S)","ECUADOR"
"12702",2024,6,"OFICINA PUESTO DE CONTROL MARITIMO - PROV. CONST. DEL CALLAO","PIMIENTA, molida",2500,"SACO(S)","VIETNAM"
"12703",2024,6,"OFICINA PUESTO DE CONTROL MARITIMO - PROV. CONST. DEL CALLAO","PIMIENTA, grano",9100,"BOLSAS","VIETNAM"
"12704",2024,6,"OFICINA PUESTO DE CONTROL MARITIMO - PROV. CONST. DEL CALLAO","COMINO, grano",20000,"BOLSAS","INDIA"
"12705",2024,6,"PUESTO DE CONTROL TERRESTRE DESAGUADERO","SOYA, torta",84000,"GRANEL","BOLIVIA"
"12706",2024,6,"OFICINA PUESTO DE CONTROL AEREO -  PROV. CONST. DEL CALLAO","TOMATE, semilla",0.126,"SACHETS","HOLANDA"
"12707",2024,6,"OFICINA PUESTO DE CONTROL AEREO -  PROV. CONST. DEL CALLAO","SANDIA, semilla",1.42,"SACHETS","EEUU"
"12708",2024,6,"OFICINA PUESTO DE CONTROL AEREO -  PROV. CONST. DEL CALLAO","LECHUGA, semilla",0.053,"SACHETS","FRANCIA"
"12709",2024,6,"OFICINA PUESTO DE CONTROL AEREO -  PROV. CONST. DEL CALLAO","LECHUGA, semilla",0.321,"SACHETS","FRANCIA"
"12710",2024,6,"OFICINA PUESTO DE CONTROL AEREO -  PROV. CONST. DEL CALLAO","PIMIENTO, semilla",0.2706,"SACHETS","EEUU"
"12711",2024,6,"PUESTO DE CONTROL TERRESTRE DESAGUADERO","SOYA, torta",116000,"SACO(S)","BOLIVIA"
"12712",2024,6,"PUESTO DE CONTROL TERRESTRE DESAGUADERO","SOYA, torta",115500,"SACO(S)","BOLIVIA"
"12713",2024,6,"PUESTO DE CONTROL TERRESTRE DESAGUADERO","SOYA, torta",115000,"SACO(S)","BOLIVIA"
"12714",2024,6,"PUESTO DE CONTROL TERRESTRE DESAGUADERO","SOYA, torta",113580,"SACO(S)","BOLIVIA"
"12715",2024,6,"PUESTO DE CONTROL TERRESTRE DESAGUADERO","SOYA, torta",115000,"SACO(S)","BOLIVIA"
"12716",2024,6,"PUESTO DE CONTROL TERRESTRE DESAGUADERO","SOYA, torta",113500,"SACO(S)","BOLIVIA"
"12717",2024,6,"PUESTO DE CONTROL TERRESTRE DESAGUADERO","SOYA, harina",174000,"SACO(S)","BOLIVIA"
"12718",2024,6,"PUESTO DE CONTROL TERRESTRE DESAGUADERO","SOYA, harina",145000,"SACO(S)","BOLIVIA"
"12719",2024,6,"PUESTO DE CONTROL TERRESTRE DESAGUADERO","SOYA, grano",252000,"GRANEL","BOLIVIA"
"12720",2024,6,"PUESTO DE CONTROL TERRESTRE DESAGUADERO","SOYA, grano",50000,"BOLSAS","BOLIVIA"
"12721",2024,6,"OFICINA PUESTO DE CONTROL MARITIMO - PROV. CONST. DEL CALLAO","MANI, grano sin cáscara",50000,"SACO(S)","BRASIL"
"12722",2024,6,"OFICINA PUESTO DE CONTROL MARITIMO - PROV. CONST. DEL CALLAO","ARROZ, parbolizado pulido o sin cáscara",127500,"SACO(S)","BRASIL"
"12723",2024,6,"OFICINA PUESTO DE CONTROL MARITIMO - PROV. CONST. DEL CALLAO","ARROZ, grano pilado",250000,"SACO(S)","URUGUAY"
"12724",2024,6,"PUESTO DE CONTROL TERRESTRE DESAGUADERO","SOYA, torta",145000,"SACO(S)","BOLIVIA"
"12725",2024,6,"OFICINA PUESTO DE CONTROL MARITIMO - PROV. CONST. DEL CALLAO","PERA, fruta fresca",22806,"CAJA(S)","ARGENTINA"
"12726",2024,6,"PUERTO DE PAITA , PIURA","FREJOL CANARIO, grano",45890,"SACO(S)","MEXICO"
"12727",2024,6,"OFICINA PUESTO DE CONTROL MARITIMO - PROV. CONST. DEL CALLAO","MANZANA, fruto fresco",52920,"CAJA(S)","EEUU"
"12728",2024,6,"PUESTO DE CONTROL TERRESTRE DESAGUADERO","SOYA, torta",54720,"GRANEL","BOLIVIA"
"12729",2024,6,"PUESTO DE CONTROL TERRESTRE DESAGUADERO","SOYA, torta",84000,"GRANEL","BOLIVIA"
"12730",2024,6,"PUESTO DE CONTROL TERRESTRE DESAGUADERO","SOYA, torta",56000,"GRANEL","BOLIVIA"
"12731",2024,6,"PUESTO DE CONTROL TERRESTRE DESAGUADERO","SOYA, torta",76000,"GRANEL","BOLIVIA"
"12732",2024,6,"OFICINA PUESTO DE CONTROL MARITIMO - PROV. CONST. DEL CALLAO","MANZANA, fruto fresco",22638,"CAJA(S)","ARGENTINA"
"12733",2024,6,"PUESTO DE CONTROL TERRESTRE DESAGUADERO","SOYA, torta",83850,"GRANEL","BOLIVIA"
"12734",2024,6,"OFICINA PUESTO DE CONTROL MARITIMO - PROV. CONST. DEL CALLAO","ALGODON, fibra sin cardar ni peinar (>28.57 mm = o <34.92 mm)",58844,"FARDOS","EEUU"
"12735",2024,6,"PUESTO DE CONTROL TERRESTRE DESAGUADERO","AZUCAR BLANCA O REFINADA (lectura polarimetrica mayor 99.5°)",145000,"SACO(S)","BOLIVIA"
"12736",2024,6,"OFICINA PUESTO DE CONTROL MARITIMO - PROV. CONST. DEL CALLAO","FLOR DE JAMAICA, seca natural",51980,"SACO(S)","NIGERIA"
"12737",2024,6,"PUESTO DE CONTROL TERRESTRE DESAGUADERO","AZUCAR BLANCA O REFINADA (lectura polarimetrica mayor 99.5°)",145000,"SACO(S)","BOLIVIA"
"12738",2024,6,"OFICINA PUESTO DE CONTROL MARITIMO - PROV. CONST. DEL CALLAO","MARAÑON (NUEZ DE CAJU), sin cáscara seca al natural",19958.4,"CAJA(S)","BRASIL"
"12739",2024,6,"OFICINA PUESTO DE CONTROL MARITIMO - PROV. CONST. DEL CALLAO","AZUCAR BLANCA O REFINADA (lectura polarimetrica mayor 99.5°)",125000,"SACO(S)","NICARAGUA"
"12740",2024,6,"OFICINA PUESTO DE CONTROL MARITIMO - PROV. CONST. DEL CALLAO","AZUCAR CRUDA, sólido",125000,"SACO(S)","GUATEMALA"
"12741",2024,6,"PUESTO DE CONTROL TERRESTRE DESAGUADERO","AZUCAR BLANCA O REFINADA (lectura polarimetrica mayor 99.5°)",145000,"SACO(S)","BOLIVIA"
"12742",2024,6,"PUESTO DE CONTROL TERRESTRE DESAGUADERO","AZUCAR BLANCA O REFINADA (lectura polarimetrica mayor 99.5°)",145000,"SACO(S)","BOLIVIA"
"12743",2024,6,"OFICINA PUESTO DE CONTROL MARITIMO - PROV. CONST. DEL CALLAO","MADERA, monturas y mangos de herramientas, monturas y mangos de cepillos, brochas o escobas, de madera; hormas, ensanchadores y tensores del calzado, de madera ; con algún proceso de la CRF 2",168.878,"PIEZAS","MEXICO"
"12744",2024,6,"OFICINA PUESTO DE CONTROL MARITIMO - PROV. CONST. DEL CALLAO","MADERA, monturas y mangos de herramientas, monturas y mangos de cepillos, brochas o escobas, de madera; hormas, ensanchadores y tensores del calzado, de madera ; con algún proceso de la CRF 2",449.143,"PIEZAS","MEXICO"
"12745",2024,6,"IÑAPARI, MADRE DE DIOS","MAIZ AMARILLO DURO, grano",32000,"SACO(S)","BRASIL"
"12746",2024,6,"OFICINA PUESTO DE CONTROL MARITIMO - PROV. CONST. DEL CALLAO","PERA, fruta fresca",23946.3,"CAJA(S)","ARGENTINA"
"12747",2024,6,"OFICINA PUESTO DE CONTROL MARITIMO - PROV. CONST. DEL CALLAO","AVENA, grano aplastado o en copos (hojuelas)",26000,"SACO(S)","CHILE"
"12748",2024,6,"OFICINA PUESTO DE CONTROL MARITIMO - PROV. CONST. DEL CALLAO","GARBANZO, grano",69000,"SACO(S)","MEXICO"
"12749",2024,6,"PUESTO DE CONTROL TERRESTRE DESAGUADERO","SOYA, torta",81370,"GRANEL","BOLIVIA"
"12750",2024,6,"PUESTO DE CONTROL TERRESTRE DESAGUADERO","GIRASOL, torta",55150,"GRANEL","BOLIVIA"
"12751",2024,6,"PUESTO DE CONTROL TERRESTRE DESAGUADERO","SOYA, torta",56218,"SACO(S)","BOLIVIA"
"12752",2024,6,"PUESTO DE CONTROL TERRESTRE DESAGUADERO","SOYA, torta",115410,"SACO(S)","BOLIVIA"
"12753",2024,6,"PUESTO DE CONTROL TERRESTRE DESAGUADERO","SOYA, torta",84000,"GRANEL","BOLIVIA"
"12754",2024,6,"PUESTO DE CONTROL TERRESTRE DESAGUADERO","SOYA, torta",84610,"GRANEL","BOLIVIA"
"12755",2024,6,"PUESTO DE CONTROL TERRESTRE DESAGUADERO","SOYA, harina",26477,"SACO(S)","BOLIVIA"
"12756",2024,6,"PUESTO DE CONTROL TERRESTRE DESAGUADERO","SOYA, torta",84000,"GRANEL","BOLIVIA"
"12757",2024,6,"OFICINA PUESTO DE CONTROL MARITIMO - PROV. CONST. DEL CALLAO","ARROZ, parbolizado pulido o sin cáscara",132500,"SACO(S)","BRASIL"
"12758",2024,6,"PUERTO DE ILO, MOQUEGUA","TRIGO, grano",7500000,"GRANEL","CANADA"
"12759",2024,6,"PUERTO DE ILO, MOQUEGUA","TRIGO, grano",7500000,"GRANEL","CANADA"
"12760",2024,6,"PUERTO DE ILO, MOQUEGUA","TRIGO, grano",7500000,"GRANEL","CANADA"
"12761",2024,6,"PUERTO DE ILO, MOQUEGUA","TRIGO, grano",6283000,"GRANEL","CANADA"
"12762",2024,6,"OFICINA PUESTO DE CONTROL MARITIMO - PROV. CONST. DEL CALLAO","PERA, fruta fresca",23040,"CAJA(S)","CHILE"
"12763",2024,6,"OFICINA PUESTO DE CONTROL MARITIMO - PROV. CONST. DEL CALLAO","TURBA",236380,"BIG BAG","FINLANDIA"
"12764",2024,6,"PUESTO DE CONTROL TERRESTRE DESAGUADERO","SOYA, grano",87000,"SACO(S)","BOLIVIA"
"12765",2024,6,"OFICINA PUESTO DE CONTROL AEREO -  PROV. CONST. DEL CALLAO","PIMIENTO, semilla",2.3,"SACHETS","ESPAÑA"
"12766",2024,6,"OFICINA PUESTO DE CONTROL MARITIMO - PROV. CONST. DEL CALLAO","AZUCAR BLANCA O REFINADA (lectura polarimetrica mayor 99.5°)",250000,"SACO(S)","GUATEMALA"
"12767",2024,6,"OFICINA PUESTO DE CONTROL MARITIMO - PROV. CONST. DEL CALLAO","AZUCAR BLANCA O REFINADA (lectura polarimetrica mayor 99.5°)",125000,"SACO(S)","GUATEMALA"
"12768",2024,6,"OFICINA PUESTO DE CONTROL MARITIMO - PROV. CONST. DEL CALLAO","ALGODON, fibra sin cardar ni peinar (>28.57 mm = o <34.92 mm)",365140,"FARDOS","EEUU"
"12769",2024,6,"OFICINA PUESTO DE CONTROL AEREO -  PROV. CONST. DEL CALLAO","CEBOLLA, semilla",1,"SACHETS","EEUU"
"12770",2024,6,"PUESTO DE CONTROL TERRESTRE DESAGUADERO","AZUCAR BLANCA O REFINADA (lectura polarimetrica mayor 99.5°)",145000,"SACO(S)","BOLIVIA"
"12771",2024,6,"PUERTO DE PAITA , PIURA","SOYA, torta",4500000,"GRANEL","ARGENTINA"
"12772",2024,6,"PUERTO DE PAITA , PIURA","MAIZ AMARILLO DURO, grano",1.1e+07,"GRANEL","ARGENTINA"
"12773",2024,6,"PUESTO DE CONTROL TERRESTRE DESAGUADERO","SOYA, grano",87000,"SACO(S)","BOLIVIA"
"12774",2024,6,"OFICINA PUESTO DE CONTROL AEREO -  PROV. CONST. DEL CALLAO","TOMATE, semilla",0.003,"SACHETS","HOLANDA"
"12775",2024,6,"OFICINA PUESTO DE CONTROL MARITIMO - PROV. CONST. DEL CALLAO","TRIGO DURO, grano",1104580,"GRANEL","CANADA"
"12776",2024,6,"OFICINA PUESTO DE CONTROL AEREO -  PROV. CONST. DEL CALLAO","ZAPALLO (CALABAZA AMARILLA), semilla",2.32,"SACHETS","HOLANDA"
"12777",2024,6,"OFICINA PUESTO DE CONTROL AEREO -  PROV. CONST. DEL CALLAO","MELON, semilla",0.159,"SACHETS","EEUU"
"12778",2024,6,"OFICINA PUESTO DE CONTROL AEREO -  PROV. CONST. DEL CALLAO","TOMATE, semilla",0.0169,"SACHETS","JAPON"
"12779",2024,6,"OFICINA PUESTO DE CONTROL MARITIMO - PROV. CONST. DEL CALLAO","AVENA, grano trabajado (mondado, perlado, troceado o quebrantado)",50000,"SACO(S)","CHILE"
"12780",2024,6,"IÑAPARI, MADRE DE DIOS","ARROZ, grano pilado",2500,"SACO(S)","BRASIL"
"12781",2024,6,"IÑAPARI, MADRE DE DIOS","ARROZ, grano pilado",3000,"FARDOS","BRASIL"
"12782",2024,6,"IÑAPARI, MADRE DE DIOS","ARROZ, grano pilado",58500,"PAQUETES","BRASIL"
"12783",2024,6,"OFICINA PUESTO DE CONTROL MARITIMO - PROV. CONST. DEL CALLAO","KIWI, fruto fresco",16800,"CAJA(S)","CHILE"
"12784",2024,6,"PUESTO DE CONTROL TERRESTRE DESAGUADERO","SOYA, torta",84000,"GRANEL","BOLIVIA"
"12785",2024,6,"PUESTO DE CONTROL TERRESTRE DESAGUADERO","SOYA, torta",143540,"SACO(S)","BOLIVIA"
"12786",2024,6,"PUESTO DE CONTROL TERRESTRE DESAGUADERO","SOYA, torta",114000,"SACO(S)","BOLIVIA"
"12787",2024,6,"PUESTO DE CONTROL TERRESTRE DESAGUADERO","SOYA, torta",87000,"SACO(S)","BOLIVIA"
"12788",2024,6,"PUESTO DE CONTROL TERRESTRE DESAGUADERO","SOYA, torta",116000,"SACO(S)","BOLIVIA"
"12789",2024,6,"OFICINA PUESTO DE CONTROL MARITIMO - PROV. CONST. DEL CALLAO","MANZANA, fruto fresco",19551,"CAJA(S)","CHILE"
"12790",2024,6,"OFICINA PUESTO DE CONTROL MARITIMO - PROV. CONST. DEL CALLAO","ALGODON, fibra sin cardar ni peinar (>28.57 mm = o <34.92 mm)",59220,"FARDOS","EEUU"
"12791",2024,6,"PUESTO DE CONTROL TERRESTRE DESAGUADERO","SOYA, torta",174000,"SACO(S)","BOLIVIA"
"12792",2024,6,"PUESTO DE CONTROL TERRESTRE DESAGUADERO","SOYA, torta",116000,"SACO(S)","BOLIVIA"
"12793",2024,6,"PUESTO DE CONTROL TERRESTRE DESAGUADERO","GIRASOL, torta",108000,"SACO(S)","BOLIVIA"
"12794",2024,6,"SANTA ROSA, TACNA","TRACTOR USADO, con motor de potencia superior a 33 kW pero inferior o igual a 75 kW",4916,"UNIDADES","HOLANDA"
"12795",2024,6,"SANTA ROSA, TACNA","TRACTOR USADO, con motor de potencia superior a 33 kW pero inferior o igual a 75 kW",4917,"UNIDADES","HOLANDA"
"12796",2024,6,"SANTA ROSA, TACNA","TRACTOR USADO, con motor de potencia superior a 33 kW pero inferior o igual a 75 kW",4917,"UNIDADES","HOLANDA"
"12797",2024,6,"OFICINA PUESTO DE CONTROL MARITIMO - PROV. CONST. DEL CALLAO","ALMENDRA, sin cáscara secado al natural",16329.6,"CAJA(S)","EEUU"
"12798",2024,6,"OFICINA PUESTO DE CONTROL AEREO -  PROV. CONST. DEL CALLAO","ARANDANO, planta in vitro",323.2,"FRASCO(S)","MEXICO"
"12799",2024,6,"OFICINA PUESTO DE CONTROL AEREO -  PROV. CONST. DEL CALLAO","MAIZ, semilla",1.9,"SOBRES","BRASIL"
"12800",2024,6,"PUESTO DE CONTROL TERRESTRE DESAGUADERO","SOYA, torta",84000,"GRANEL","BOLIVIA"
"12801",2024,6,"PUESTO DE CONTROL TERRESTRE DESAGUADERO","SOYA, torta",55700,"GRANEL","BOLIVIA"
"12802",2024,6,"OFICINA PUESTO DE CONTROL MARITIMO - PROV. CONST. DEL CALLAO","ALGODON, fibra sin cardar ni peinar (>28.57 mm = o <34.92 mm)",159410,"FARDOS","EEUU"
"12803",2024,6,"OFICINA PUESTO DE CONTROL MARITIMO - PROV. CONST. DEL CALLAO","PINO, madera aserrada con algún proceso de la CRF2",27730,"PAQUETES","CHILE"
"12804",2024,6,"OFICINA PUESTO DE CONTROL AEREO -  PROV. CONST. DEL CALLAO","PIMIENTO, semilla",0.01,"SACHETS","FRANCIA"
"12805",2024,6,"PUESTO DE CONTROL TERRESTRE DESAGUADERO","SOYA, grano",48950,"GRANEL","BOLIVIA"
"12806",2024,6,"PUESTO DE CONTROL TERRESTRE DESAGUADERO","SOYA, grano",56000,"GRANEL","BOLIVIA"
"12807",2024,6,"PUESTO DE CONTROL TERRESTRE DESAGUADERO","SOYA, grano",56000,"GRANEL","BOLIVIA"
"12808",2024,6,"AGUAS VERDES, TUMBES","ROSA, flores frescas cortadas",5934,"CAJA(S)","ECUADOR"
"12809",2024,6,"AGUAS VERDES, TUMBES","CLAVEL, flores frescas cortadas",2563,"CAJA(S)","ECUADOR"
"12810",2024,6,"AGUAS VERDES, TUMBES","CRISANTEMO, los demas flores frescas cortadas",276,"CAJA(S)","ECUADOR"
"12811",2024,6,"AGUAS VERDES, TUMBES","LILIUM (=AZUCENA), flores frescas cortadas",227,"CAJA(S)","ECUADOR"
"12812",2024,6,"AGUAS VERDES, TUMBES","ROSA, flores frescas cortadas",3070,"CAJA(S)","ECUADOR"
"12813",2024,6,"AGUAS VERDES, TUMBES","CLAVEL, flores frescas cortadas",600,"CAJA(S)","ECUADOR"
"12814",2024,6,"AGUAS VERDES, TUMBES","CRISANTEMO, flores frescas cortadas",800,"CAJA(S)","ECUADOR"
"12815",2024,6,"AGUAS VERDES, TUMBES","LILIUM (=AZUCENA), flores frescas cortadas",100,"CAJA(S)","ECUADOR"
"12816",2024,6,"OFICINA PUESTO DE CONTROL MARITIMO - PROV. CONST. DEL CALLAO","ARROZ, parbolizado pulido o sin cáscara",132500,"SACO(S)","BRASIL"
"12817",2024,6,"PUESTO DE CONTROL TERRESTRE DESAGUADERO","SOYA, torta",85540,"GRANEL","BOLIVIA"
"12818",2024,6,"PUESTO DE CONTROL TERRESTRE DESAGUADERO","SOYA, torta",58100,"GRANEL","BOLIVIA"
"12819",2024,6,"PUESTO DE CONTROL TERRESTRE DESAGUADERO","GIRASOL, torta",26450,"GRANEL","BOLIVIA"
"12820",2024,6,"IÑAPARI, MADRE DE DIOS","NUEZ DEL BRASIL, con cáscara seca al natural",29000,"GRANEL","BRASIL"
"12821",2024,6,"OFICINA PUESTO DE CONTROL MARITIMO - PROV. CONST. DEL CALLAO","MAIZ, harina",21600,"SACO(S)","COLOMBIA"
"12822",2024,6,"PUERTO DE MATARANI , AREQUIPA","MAIZ AMARILLO DURO, grano",6339990,"GRANEL","ARGENTINA"
"12823",2024,6,"PUESTO DE CONTROL TERRESTRE DESAGUADERO","SOYA, torta",142500,"SACO(S)","BOLIVIA"
"12824",2024,6,"PUESTO DE CONTROL TERRESTRE DESAGUADERO","SOYA, torta",56000,"GRANEL","BOLIVIA"
"12825",2024,6,"PUESTO DE CONTROL TERRESTRE DESAGUADERO","SOYA, harina",50967,"SACO(S)","BOLIVIA"
"12826",2024,6,"PUESTO DE CONTROL TERRESTRE DESAGUADERO","SOYA, torta",103000,"SACO(S)","BOLIVIA"
"12827",2024,6,"PUESTO DE CONTROL TERRESTRE DESAGUADERO","SOYA, torta",174000,"SACO(S)","BOLIVIA"
"12828",2024,6,"PUESTO DE CONTROL TERRESTRE DESAGUADERO","SOYA, torta",172500,"SACO(S)","BOLIVIA"
"12829",2024,6,"PUESTO DE CONTROL TERRESTRE DESAGUADERO","SOYA, torta",83120,"GRANEL","BOLIVIA"
"12830",2024,6,"PUESTO DE CONTROL TERRESTRE DESAGUADERO","SOYA, torta",57000,"GRANEL","BOLIVIA"
"12831",2024,6,"PUESTO DE CONTROL TERRESTRE DESAGUADERO","SOYA, torta",82340,"GRANEL","BOLIVIA"
"12832",2024,6,"PUESTO DE CONTROL TERRESTRE DESAGUADERO","SOYA, torta",49489,"SACO(S)","BOLIVIA"
"12833",2024,6,"PUESTO DE CONTROL TERRESTRE DESAGUADERO","MANI, grano sin cáscara",30000,"SACO(S)","BOLIVIA"
"12834",2024,6,"OFICINA PUESTO DE CONTROL MARITIMO - PROV. CONST. DEL CALLAO","LUPULO, pellets",10000,"PALETAS","EEUU"
"12835",2024,6,"PUESTO DE CONTROL TERRESTRE DESAGUADERO","SOYA, grano",55830,"GRANEL","BOLIVIA"
"12836",2024,6,"PUESTO DE CONTROL TERRESTRE DESAGUADERO","SOYA, grano",85000,"GRANEL","BOLIVIA"
"12837",2024,6,"OFICINA PUESTO DE CONTROL MARITIMO - PROV. CONST. DEL CALLAO","MAIZ, harina",43200,"SACO(S)","COLOMBIA"
"12838",2024,6,"OFICINA PUESTO DE CONTROL MARITIMO - PROV. CONST. DEL CALLAO","AVENA, grano aplastado o en copos (hojuelas)",52000,"BOLSAS","CHILE"
"12839",2024,6,"OFICINA PUESTO DE CONTROL MARITIMO - PROV. CONST. DEL CALLAO","MANI, grano sin cáscara",49960,"SACO(S)","BRASIL"
"12840",2024,6,"OFICINA PUESTO DE CONTROL MARITIMO - PROV. CONST. DEL CALLAO","AZUCAR CRUDA, sólido",250000,"SACO(S)","NICARAGUA"
"12841",2024,6,"OFICINA PUESTO DE CONTROL MARITIMO - PROV. CONST. DEL CALLAO","AZUCAR CRUDA, sólido",250000,"SACO(S)","NICARAGUA"
"12842",2024,6,"OFICINA PUESTO DE CONTROL MARITIMO - PROV. CONST. DEL CALLAO","FREJOL CANARIO, grano",46000,"SACO(S)","MEXICO"
"12843",2024,6,"OFICINA PUESTO DE CONTROL MARITIMO - PROV. CONST. DEL CALLAO","OREJAS DE JUDAS, seco industrial",1030,"CAJA(S)","CHINA"
"12844",2024,6,"OFICINA PUESTO DE CONTROL MARITIMO - PROV. CONST. DEL CALLAO","Shitake (Lentinus edodes), secos, incluso los cortados en trozos o en rodajas, trituradas o pulverizadas, sin otra preparación",45,"CAJA(S)","CHINA"
"12845",2024,6,"OFICINA PUESTO DE CONTROL AEREO -  PROV. CONST. DEL CALLAO","UVA (PASAS), secas industrialmente",10,"CAJA(S)","ARGENTINA"
"12846",2024,6,"OFICINA PUESTO DE CONTROL AEREO -  PROV. CONST. DEL CALLAO","ESPINACA, polvo",40,"CAJA(S)","CHINA"
"12847",2024,6,"OFICINA PUESTO DE CONTROL MARITIMO - PROV. CONST. DEL CALLAO","Sembradoras, plantadoras y transplantadoras, para siembra directa usadas
",4291.176,"UNIDADES","CHINA"
"12848",2024,6,"PUERTO DE PAITA , PIURA","TRIGO, harina",1e+05,"BOLSAS","TURQUIA"
"12849",2024,6,"PUERTO DE MATARANI , AREQUIPA","MADERA, en bruto de coníferas tratada agentes de conservación
",810.11,"UNIDADES","EEUU"
"12850",2024,6,"OFICINA PUESTO DE CONTROL MARITIMO - PROV. CONST. DEL CALLAO","PINO, madera aserrada con algún proceso de la CRF2",158807.7,"PALETAS","CHILE"
"12851",2024,6,"SANTA ROSA, TACNA","MANZANA, fruto fresco",22491,"CAJA(S)","CHILE"
"12852",2024,6,"SANTA ROSA, TACNA","MANZANA, fruto fresco",21344.4,"CAJA(S)","CHILE"
"12853",2024,6,"OFICINA PUESTO DE CONTROL MARITIMO - PROV. CONST. DEL CALLAO","AZUCAR CRUDA, sólido",250000,"SACO(S)","NICARAGUA"
"12854",2024,6,"OFICINA PUESTO DE CONTROL AEREO -  PROV. CONST. DEL CALLAO","PIMIENTO, semilla",0.363,"SOBRES","EEUU"
"12855",2024,6,"OFICINA PUESTO DE CONTROL AEREO -  PROV. CONST. DEL CALLAO","PEPINILLO, semilla",13.8,"SACHETS","EEUU"
"12856",2024,6,"AGUAS VERDES, TUMBES","CAÑA DE GUAYAQUIL, seca al natural",29000,"UNIDADES","ECUADOR"
"12857",2024,6,"OFICINA PUESTO DE CONTROL MARITIMO - PROV. CONST. DEL CALLAO","MAIZ AMARILLO DURO, grano",1537740,"GRANEL","ARGENTINA"
"12858",2024,6,"OFICINA PUESTO DE CONTROL MARITIMO - PROV. CONST. DEL CALLAO","SOYA, torta",12286560,"GRANEL","PARAGUAY EN TRANSITO POR ARGENTINA"
"12859",2024,6,"OFICINA PUESTO DE CONTROL MARITIMO - PROV. CONST. DEL CALLAO","CAUCHO, técnicamente especificado (TSNR)",20160,"PIEZAS","INDONESIA"
"12860",2024,6,"OFICINA PUESTO DE CONTROL AEREO -  PROV. CONST. DEL CALLAO","ARANDANO, planta in vitro",194.75,"CAJA(S)","EEUU"
"12861",2024,6,"SANTA ROSA, TACNA","KIWI, fruto fresco",12292,"CAJA(S)","CHILE"
"12862",2024,6,"SANTA ROSA, TACNA","MANZANA, fruto fresco",9645.6,"CAJA(S)","CHILE"
"12863",2024,6,"PUESTO DE CONTROL TERRESTRE DESAGUADERO","SOYA, torta",174000,"SACO(S)","BOLIVIA"
"12864",2024,6,"PUESTO DE CONTROL TERRESTRE DESAGUADERO","SOYA, torta",28960,"GRANEL","BOLIVIA"
"12865",2024,6,"OFICINA PUESTO DE CONTROL MARITIMO - PROV. CONST. DEL CALLAO","NUEZ, con cáscara seca al natural",21000,"SACO(S)","CHILE"
"12866",2024,6,"SANTA ROSA, TACNA","MANZANA, fruto fresco",22785,"CAJA(S)","CHILE"
"12867",2024,6,"OFICINA PUESTO DE CONTROL MARITIMO - PROV. CONST. DEL CALLAO","ACHIOTE, grano",48360,"BOLSA DE POLIETILENO","COSTA DE MARFIL"
"12868",2024,6,"OFICINA PUESTO DE CONTROL MARITIMO - PROV. CONST. DEL CALLAO","FREJOL CANARIO, grano",46000,"SACO(S)","MEXICO"
"12869",2024,6,"OFICINA PUESTO DE CONTROL MARITIMO - PROV. CONST. DEL CALLAO","CANELA, corteza entera seca al natural",14000,"CAJA(S)","SRI LANKA"
"12870",2024,6,"OFICINA PUESTO DE CONTROL MARITIMO - PROV. CONST. DEL CALLAO","GARBANZO, grano",44000,"SACO(S)","MEXICO"
"12871",2024,6,"OFICINA PUESTO DE CONTROL MARITIMO - PROV. CONST. DEL CALLAO","GARBANZO, grano",23000,"SACO(S)","MEXICO"
"12872",2024,6,"OFICINA PUESTO DE CONTROL MARITIMO - PROV. CONST. DEL CALLAO","BRACHIARIA, semilla",5510,"SACO(S)","BRASIL"
"12873",2024,6,"OFICINA PUESTO DE CONTROL MARITIMO - PROV. CONST. DEL CALLAO","MANZANA, fruto fresco",63504,"CAJA(S)","EEUU"
"12874",2024,6,"OFICINA PUESTO DE CONTROL MARITIMO - PROV. CONST. DEL CALLAO","MANZANA, fruto fresco",19551,"CAJA(S)","CHILE"
"12875",2024,6,"OFICINA PUESTO DE CONTROL MARITIMO - PROV. CONST. DEL CALLAO","MANZANA, fruto fresco",17762.5,"CAJA(S)","CHILE"
"12876",2024,6,"OFICINA PUESTO DE CONTROL MARITIMO - PROV. CONST. DEL CALLAO","KIWI, fruto fresco",2400,"CAJA(S)","CHILE"
"12877",2024,6,"OFICINA PUESTO DE CONTROL MARITIMO - PROV. CONST. DEL CALLAO","TURBA",203040,"FARDOS","HOLANDA"
"12878",2024,6,"PUESTO DE CONTROL TERRESTRE DESAGUADERO","SOYA, grano",29000,"SACO(S)","BOLIVIA"
"12879",2024,6,"OFICINA PUESTO DE CONTROL MARITIMO - PROV. CONST. DEL CALLAO","UVA (PASAS), secas naturalmente",50000,"CAJA(S)","ARGENTINA"
"12880",2024,6,"PUESTO DE CONTROL TERRESTRE DESAGUADERO","MANI, grano sin cáscara",29000,"SACO(S)","BOLIVIA"
"12881",2024,6,"OFICINA PUESTO DE CONTROL MARITIMO - PROV. CONST. DEL CALLAO","TE VERDE, hoja polvo",25,"BOLSAS","CHINA"
"12882",2024,6,"OFICINA PUESTO DE CONTROL MARITIMO - PROV. CONST. DEL CALLAO","TE VERDE, hoja polvo",78,"LATAS","CHINA"
"12883",2024,6,"OFICINA PUESTO DE CONTROL MARITIMO - PROV. CONST. DEL CALLAO","TE VERDE, hoja polvo",69,"SACHETS","CHINA"
"12884",2024,6,"OFICINA PUESTO DE CONTROL MARITIMO - PROV. CONST. DEL CALLAO","MANZANA, fruto fresco",18522,"CAJA(S)","EEUU"
"12885",2024,6,"OFICINA PUESTO DE CONTROL MARITIMO - PROV. CONST. DEL CALLAO","MANZANA, fruto fresco",79315.32,"CAJA(S)","EEUU"
"12886",2024,6,"OFICINA PUESTO DE CONTROL MARITIMO - PROV. CONST. DEL CALLAO","MADERA, cajas con algún proceso de la CRF 2",58.903,"CAJA(S)","ESPAÑA"
"12887",2024,6,"OFICINA PUESTO DE CONTROL AEREO -  PROV. CONST. DEL CALLAO","PALMA ACEITERA, semilla germinada",65.2,"CAJA(S)","COLOMBIA"
"12888",2024,6,"OFICINA PUESTO DE CONTROL AEREO -  PROV. CONST. DEL CALLAO","CEBOLLINO JAPONES, semilla",0.5,"SACHETS","BRASIL"
"12889",2024,6,"OFICINA PUESTO DE CONTROL AEREO -  PROV. CONST. DEL CALLAO","COL CHINA, semilla",3.2,"SACHETS","BRASIL"
"12890",2024,6,"OFICINA PUESTO DE CONTROL AEREO -  PROV. CONST. DEL CALLAO","COL, semilla",12.5,"SACHETS","BRASIL"
"12891",2024,6,"OFICINA PUESTO DE CONTROL AEREO -  PROV. CONST. DEL CALLAO","LECHUGA, semilla",4,"SACHETS","BRASIL"
"12892",2024,6,"OFICINA PUESTO DE CONTROL AEREO -  PROV. CONST. DEL CALLAO","ARUGULA, semilla",5,"SACHETS","BRASIL"
"12893",2024,6,"OFICINA PUESTO DE CONTROL AEREO -  PROV. CONST. DEL CALLAO","ESPINACA SERRANA, semilla",2.5,"SACHETS","BRASIL"
"12894",2024,6,"OFICINA PUESTO DE CONTROL AEREO -  PROV. CONST. DEL CALLAO","ESPINACA, semilla",2500,"SACHETS","BRASIL"
"12895",2024,6,"OFICINA PUESTO DE CONTROL AEREO -  PROV. CONST. DEL CALLAO","PEPINILLO, semilla",4.35,"SACHETS","BRASIL"
"12896",2024,6,"OFICINA PUESTO DE CONTROL AEREO -  PROV. CONST. DEL CALLAO","PEREJIL, semilla",50,"SACHETS","BRASIL"
"12897",2024,6,"OFICINA PUESTO DE CONTROL AEREO -  PROV. CONST. DEL CALLAO","ALBAHACA, semilla",1.5,"SACHETS","BRASIL"
"12898",2024,6,"OFICINA PUESTO DE CONTROL AEREO -  PROV. CONST. DEL CALLAO","SANDIA, semilla",1.02,"SACHETS","BRASIL"
"12899",2024,6,"PUESTO DE CONTROL TERRESTRE DESAGUADERO","SOYA, torta",81960,"GRANEL","BOLIVIA"
"12900",2024,6,"PUESTO DE CONTROL TERRESTRE DESAGUADERO","SOYA, torta",27000,"GRANEL","BOLIVIA"
"12901",2024,6,"SANTA ROSA, TACNA","SOYA, torta",55888,"SACO(S)","CHILE"
"12902",2024,6,"PUERTO DE PAITA , PIURA","YUTE, sacos",16650,"SACOS DE YUTE","INDIA"
"12903",2024,6,"SANTA ROSA, TACNA","MANZANA, fruto fresco",22157.8,"CAJA(S)","CHILE"
"12904",2024,6,"SANTA ROSA, TACNA","MANZANA, fruto fresco",21775.6,"CAJA(S)","CHILE"
"12905",2024,6,"PUESTO DE CONTROL TERRESTRE DESAGUADERO","SOYA, torta",145000,"SACO(S)","BOLIVIA"
"12906",2024,6,"OFICINA PUESTO DE CONTROL MARITIMO - PROV. CONST. DEL CALLAO","FREJOL CANARIO, grano",110000,"SACO(S)","MEXICO"
"12907",2024,6,"OFICINA PUESTO DE CONTROL MARITIMO - PROV. CONST. DEL CALLAO","GARBANZO, grano",66000,"SACO(S)","MEXICO"
"12908",2024,6,"PUESTO DE CONTROL TERRESTRE DESAGUADERO","MAIZ AMARILLO DURO, grano",60000,"SACO(S)","BOLIVIA"
"12909",2024,6,"OFICINA PUESTO DE CONTROL MARITIMO - PROV. CONST. DEL CALLAO","ROTEN (=Ratán), artículos de cestería obtenidos directamente en su forma con materia trenzable con algún proceso de la CRF2",66,"UNIDADES","INDONESIA"
"12910",2024,6,"OFICINA PUESTO DE CONTROL MARITIMO - PROV. CONST. DEL CALLAO","MANZANA, fruto fresco",20580,"CAJA(S)","EEUU"
"12911",2024,6,"OFICINA PUESTO DE CONTROL MARITIMO - PROV. CONST. DEL CALLAO","CAUCHO, técnicamente especificado (TSNR)",100800,"PACAS","GUATEMALA"
"12912",2024,6,"PUERTO DE SALAVERRY, LA LIBERTAD","SOYA, torta",9803000,"GRANEL","CHILE"
"12913",2024,6,"OFICINA PUESTO DE CONTROL MARITIMO - PROV. CONST. DEL CALLAO","TRIGO, grano",2201780,"GRANEL","CANADA"
"12914",2024,6,"OFICINA PUESTO DE CONTROL MARITIMO - PROV. CONST. DEL CALLAO","TRIGO DURO, grano",2422690,"GRANEL","CANADA"
"12915",2024,6,"OFICINA PUESTO DE CONTROL MARITIMO - PROV. CONST. DEL CALLAO","TRIGO, grano",5501340,"GRANEL","CANADA"
"12916",2024,6,"SANTA ROSA, TACNA","MANZANA, fruto fresco",22344,"CAJA(S)","CHILE"
"12917",2024,6,"PUESTO DE CONTROL TERRESTRE DESAGUADERO","SOYA, torta",27930,"GRANEL","BOLIVIA"
"12918",2024,6,"PUESTO DE CONTROL TERRESTRE DESAGUADERO","SOYA, harina",145000,"SACO(S)","BOLIVIA"
"12919",2024,6,"PUERTO DE PISCO , ICA","MAIZ AMARILLO DURO, grano",19049250,"GRANEL","ARGENTINA"
"12920",2024,6,"PUESTO DE CONTROL TERRESTRE DESAGUADERO","SOYA, torta",125000,"SACO(S)","BOLIVIA"
"12921",2024,6,"PUESTO DE CONTROL TERRESTRE DESAGUADERO","SOYA, torta",55950,"GRANEL","BOLIVIA"
"12922",2024,6,"PUERTO DE PAITA , PIURA","MANZANA, fruto fresco",17640,"CAJA(S)","EEUU"
"12923",2024,6,"OFICINA PUESTO DE CONTROL MARITIMO - PROV. CONST. DEL CALLAO","TRIGO, gluten",5625,"BOLSAS","BELGICA"
"12924",2024,6,"PUESTO DE CONTROL TERRESTRE DESAGUADERO","SOYA, torta",175500,"SACO(S)","BOLIVIA"
"12925",2024,6,"PUESTO DE CONTROL TERRESTRE DESAGUADERO","GIRASOL, torta",55750,"GRANEL","BOLIVIA"
"12926",2024,6,"PUERTO DE PAITA , PIURA","COCO, fibra (para sustrato)",137750,"PALETAS","INDIA"
"12927",2024,6,"PUERTO DE PAITA , PIURA","COCO, fibra (para sustrato)",44260,"PALETAS","INDIA"
"12928",2024,6,"OFICINA PUESTO DE CONTROL MARITIMO - PROV. CONST. DEL CALLAO","MAIZ AMARILLO DURO, grano",2990240,"GRANEL","ARGENTINA"
"12929",2024,6,"OFICINA PUESTO DE CONTROL MARITIMO - PROV. CONST. DEL CALLAO","MANZANA, fruto fresco",17640,"CAJA(S)","EEUU"
"12930",2024,6,"PUERTO DE PAITA , PIURA","COCO, fibra (para sustrato)",66420,"PALETAS","INDIA"
"12931",2024,6,"PUERTO DE PAITA , PIURA","COCO, fibra (para sustrato)",90150,"PALETAS","INDIA"
"12932",2024,6,"PUESTO DE CONTROL TERRESTRE DESAGUADERO","SOYA, torta",56210,"GRANEL","BOLIVIA"
"12933",2024,6,"PUESTO DE CONTROL TERRESTRE DESAGUADERO","SOYA, torta",54730,"GRANEL","BOLIVIA"
"12934",2024,6,"OFICINA PUESTO DE CONTROL AEREO -  PROV. CONST. DEL CALLAO","TOMATE, semilla",0.026,"SACHETS","EEUU"
"12935",2024,6,"OFICINA PUESTO DE CONTROL AEREO -  PROV. CONST. DEL CALLAO","PIMIENTO, semilla",0.461,"SACHETS","EEUU"
"12936",2024,6,"OFICINA PUESTO DE CONTROL AEREO -  PROV. CONST. DEL CALLAO","TOMATE, semilla",0.01454,"SACHETS","EEUU"
"12937",2024,6,"PUESTO DE CONTROL TERRESTRE DESAGUADERO","SOYA, harina",116000,"SACO(S)","BOLIVIA"
"12938",2024,6,"PUESTO DE CONTROL TERRESTRE DESAGUADERO","SOYA, grano",56000,"GRANEL","BOLIVIA"
"12939",2024,6,"PUESTO DE CONTROL TERRESTRE DESAGUADERO","AJONJOLI, grano",29000,"SACO(S)","BOLIVIA"
"12940",2024,6,"PUESTO DE CONTROL TERRESTRE DESAGUADERO","SOYA, torta",146000,"SACO(S)","BOLIVIA"
"12941",2024,6,"PUESTO DE CONTROL TERRESTRE DESAGUADERO","SOYA, torta",116000,"SACO(S)","BOLIVIA"
"12942",2024,6,"OFICINA PUESTO DE CONTROL MARITIMO - PROV. CONST. DEL CALLAO","ALGODON, fibra sin cardar ni peinar (>34.92 mm)",135800,"FARDOS","EEUU"
"12943",2024,6,"PUESTO DE CONTROL TERRESTRE DESAGUADERO","SOYA, torta",113500,"SACO(S)","BOLIVIA"
"12944",2024,6,"PUESTO DE CONTROL TERRESTRE DESAGUADERO","SOYA, torta",147000,"SACO(S)","BOLIVIA"
"12945",2024,6,"PUESTO DE CONTROL TERRESTRE DESAGUADERO","SOYA, torta",83980,"GRANEL","BOLIVIA"
"12946",2024,6,"PUESTO DE CONTROL TERRESTRE DESAGUADERO","SOYA, torta",145000,"SACO(S)","BOLIVIA"
"12947",2024,6,"OFICINA PUESTO DE CONTROL MARITIMO - PROV. CONST. DEL CALLAO","COCO, seco industrial",23450,"BOLSAS","VIETNAM"
"12948",2024,6,"PUERTO DE PAITA , PIURA","TRIGO, grano",10042740,"GRANEL","CANADA"
"12949",2024,6,"OFICINA PUESTO DE CONTROL MARITIMO - PROV. CONST. DEL CALLAO","GARBANZO, grano",23000,"SACO(S)","MEXICO"
"12950",2024,6,"OFICINA PUESTO DE CONTROL MARITIMO - PROV. CONST. DEL CALLAO","FREJOL CANARIO, grano",22000,"SACO(S)","MEXICO"
"12951",2024,6,"PUERTO DE PAITA , PIURA","TRIGO, grano",6900000,"GRANEL","CANADA"
"12952",2024,6,"OFICINA PUESTO DE CONTROL MARITIMO - PROV. CONST. DEL CALLAO","PINO, madera aserrada con algún proceso de la CRF2",23124,"PAQUETES","CHILE"
"12953",2024,6,"PUERTO DE MATARANI , AREQUIPA","MAIZ AMARILLO DURO, grano",6000180,"GRANEL","ARGENTINA"
"12954",2024,6,"OFICINA PUESTO DE CONTROL MARITIMO - PROV. CONST. DEL CALLAO","PINO, madera aserrada con algún proceso de la CRF2",47200,"PAQUETES","CHILE"
"12955",2024,6,"OFICINA PUESTO DE CONTROL MARITIMO - PROV. CONST. DEL CALLAO","MAIZ, harina",650000,"CAJA(S)","COLOMBIA"
"12956",2024,6,"OFICINA PUESTO DE CONTROL MARITIMO - PROV. CONST. DEL CALLAO","FLOR DE JAMAICA, seca natural",77470,"SACO(S)","NIGERIA"
"12957",2024,6,"IÑAPARI, MADRE DE DIOS","NUEZ DEL BRASIL, con cáscara seca al natural",29000,"GRANEL","BRASIL"
"12958",2024,6,"OFICINA PUESTO DE CONTROL MARITIMO - PROV. CONST. DEL CALLAO","ALMENDRA, harina, polvo",8800,"CAJA(S)","ESPAÑA"
"12959",2024,6,"OFICINA PUESTO DE CONTROL MARITIMO - PROV. CONST. DEL CALLAO","PINO, madera aserrada con algún proceso de la CRF2",42677,"PALETAS","CHILE"
"12960",2024,6,"OFICINA PUESTO DE CONTROL MARITIMO - PROV. CONST. DEL CALLAO","MANZANA, fruto fresco",18620,"CAJA(S)","EEUU"
"12961",2024,6,"OFICINA PUESTO DE CONTROL MARITIMO - PROV. CONST. DEL CALLAO","PINO, madera aserrada con algún proceso de la CRF2",21456,"PALETAS","CHILE"
"12962",2024,6,"OFICINA PUESTO DE CONTROL MARITIMO - PROV. CONST. DEL CALLAO","PINO, madera aserrada con algún proceso de la CRF2",183616,"PALETAS","CHILE"
"12963",2024,6,"OFICINA PUESTO DE CONTROL MARITIMO - PROV. CONST. DEL CALLAO","AZUCAR BLANCA O REFINADA (lectura polarimetrica mayor 99.5°)",78000,"SACO(S)","BRASIL"
"12964",2024,6,"SANTA ROSA, TACNA","MANZANA, fruto fresco",22344,"CAJA(S)","CHILE"
"12965",2024,6,"OFICINA PUESTO DE CONTROL MARITIMO - PROV. CONST. DEL CALLAO","MANZANA, fruto fresco",78204,"CAJA(S)","EEUU"
"12966",2024,6,"OFICINA PUESTO DE CONTROL MARITIMO - PROV. CONST. DEL CALLAO","AZUCAR BLANCA O REFINADA (lectura polarimetrica mayor 99.5°)",156000,"SACO(S)","BRASIL"
"12967",2024,6,"PUESTO DE CONTROL TERRESTRE DESAGUADERO","SOYA, torta",29032,"SACO(S)","BOLIVIA"
"12968",2024,6,"PUESTO DE CONTROL TERRESTRE DESAGUADERO","SOYA, torta",54000,"GRANEL","BOLIVIA"
"12969",2024,6,"PUESTO DE CONTROL TERRESTRE DESAGUADERO","SOYA, harina",145000,"SACO(S)","BOLIVIA"
"12970",2024,6,"OFICINA PUESTO DE CONTROL MARITIMO - PROV. CONST. DEL CALLAO","UVA (PASAS), secas industrialmente",25000,"CAJA(S)","ARGENTINA"
"12971",2024,6,"OFICINA PUESTO DE CONTROL AEREO -  PROV. CONST. DEL CALLAO","PIMIENTO, semilla",61.928,"SACHETS","CHILE"
"12972",2024,6,"OFICINA PUESTO DE CONTROL AEREO -  PROV. CONST. DEL CALLAO","PIMIENTO, semilla",1.973,"SACHETS","CHILE"
"12973",2024,6,"OFICINA PUESTO DE CONTROL MARITIMO - PROV. CONST. DEL CALLAO","UVA (PASAS), secas industrialmente",40000,"CAJA(S)","CHILE"
"12974",2024,6,"OFICINA PUESTO DE CONTROL MARITIMO - PROV. CONST. DEL CALLAO","TRIGO, almidon",25000,"BOLSAS","ARGENTINA"
"12975",2024,6,"OFICINA PUESTO DE CONTROL MARITIMO - PROV. CONST. DEL CALLAO","PAPA, fécula",1e+05,"BOLSAS","ALEMANIA"
"12976",2024,6,"OFICINA PUESTO DE CONTROL MARITIMO - PROV. CONST. DEL CALLAO","MADERA, en bruto de coníferas tratada agentes de conservación
",156150,"UNIDADES","CHILE"
"12977",2024,6,"OFICINA PUESTO DE CONTROL MARITIMO - PROV. CONST. DEL CALLAO","MADERA, en bruto de coníferas tratada agentes de conservación
",166560,"UNIDADES","CHILE"
"12978",2024,6,"AGUAS VERDES, TUMBES","CAÑA DE GUAYAQUIL, seca al natural",34000,"UNIDADES","ECUADOR"
"12979",2024,6,"SANTA ROSA, TACNA","MANZANA, fruto fresco",22099,"CAJA(S)","CHILE"
"12980",2024,6,"OFICINA PUESTO DE CONTROL AEREO -  PROV. CONST. DEL CALLAO","ORQUIDEA, planta",220.8,"CAJA(S)","HOLANDA"
"12981",2024,6,"OFICINA PUESTO DE CONTROL MARITIMO - PROV. CONST. DEL CALLAO","ARVEJA, grano partido",92532,"SACO(S)","EEUU"
"12982",2024,6,"OFICINA PUESTO DE CONTROL MARITIMO - PROV. CONST. DEL CALLAO","COMINO, grano",52000,"SACO(S)","INDIA"
"12983",2024,6,"OFICINA PUESTO DE CONTROL MARITIMO - PROV. CONST. DEL CALLAO","COCO, fibra (para sustrato)",150000,"PALETAS","SRI LANKA"
"12984",2024,6,"OFICINA PUESTO DE CONTROL MARITIMO - PROV. CONST. DEL CALLAO","PINO, postes de madera con algun proceso de la CRF 2",29931.5,"UNIDADES","EEUU"
"12985",2024,6,"OFICINA PUESTO DE CONTROL MARITIMO - PROV. CONST. DEL CALLAO","ARVEJA, grano partido",92532,"SACO(S)","EEUU"
"12986",2024,6,"OFICINA PUESTO DE CONTROL MARITIMO - PROV. CONST. DEL CALLAO","LENTEJA, grano",92626,"SACO(S)","EEUU"
"12987",2024,6,"IÑAPARI, MADRE DE DIOS","NUEZ DEL BRASIL, con cáscara seca al natural",29000,"GRANEL","BRASIL"
"12988",2024,6,"OFICINA PUESTO DE CONTROL MARITIMO - PROV. CONST. DEL CALLAO","AVENA, grano aplastado o en copos (hojuelas)",26000,"SACO(S)","CHILE"
"12989",2024,6,"OFICINA PUESTO DE CONTROL MARITIMO - PROV. CONST. DEL CALLAO","COMINO, grano",27000,"SACO(S)","INDIA"
"12990",2024,6,"OFICINA PUESTO DE CONTROL MARITIMO - PROV. CONST. DEL CALLAO","FLOR DE JAMAICA, seca natural",12500,"SACO(S)","NIGERIA"
"12991",2024,6,"OFICINA PUESTO DE CONTROL MARITIMO - PROV. CONST. DEL CALLAO","FLOR DE JAMAICA, seca natural",25000,"SACO(S)","NIGERIA"
"12992",2024,6,"OFICINA PUESTO DE CONTROL MARITIMO - PROV. CONST. DEL CALLAO","FLOR DE JAMAICA, seca natural",8640,"CAJA(S)","NIGERIA"
"12993",2024,6,"OFICINA PUESTO DE CONTROL MARITIMO - PROV. CONST. DEL CALLAO","UVA (PASAS), secas naturalmente",20000,"CAJA(S)","IRAN"
"12994",2024,6,"OFICINA PUESTO DE CONTROL MARITIMO - PROV. CONST. DEL CALLAO","LENTEJA, grano",21682,"SACO(S)","CANADA"
"12995",2024,6,"OFICINA PUESTO DE CONTROL MARITIMO - PROV. CONST. DEL CALLAO","ARVEJA, grano partido",49442,"SACO(S)","CANADA"
"12996",2024,6,"OFICINA PUESTO DE CONTROL MARITIMO - PROV. CONST. DEL CALLAO","AZUCAR CRUDA, sólido",150000,"BOLSAS","BRASIL"
"12997",2024,6,"OFICINA PUESTO DE CONTROL MARITIMO - PROV. CONST. DEL CALLAO","FLOR DE JAMAICA, seca natural",12370,"SACO(S)","NIGERIA"
"12998",2024,6,"OFICINA PUESTO DE CONTROL MARITIMO - PROV. CONST. DEL CALLAO","PINO, madera aserrada con algún proceso de la CRF2",13297,"PAQUETES","CHILE"
"12999",2024,6,"OFICINA PUESTO DE CONTROL MARITIMO - PROV. CONST. DEL CALLAO","AVENA, grano aplastado o en copos (hojuelas)",26240,"SACO(S)","CHILE"
"13000",2024,6,"OFICINA PUESTO DE CONTROL MARITIMO - PROV. CONST. DEL CALLAO","GIRASOL, grano",43150,"SACO(S)","ARGENTINA"
"13001",2024,6,"OFICINA PUESTO DE CONTROL MARITIMO - PROV. CONST. DEL CALLAO","AZUCAR CRUDA, sólido",250000,"SACO(S)","GUATEMALA"
"13002",2024,6,"OFICINA PUESTO DE CONTROL MARITIMO - PROV. CONST. DEL CALLAO","ALGODON, fibra sin cardar ni peinar (>22.22 mm = o <28.57 mm)",38820,"FARDOS","EEUU"
"13003",2024,6,"OFICINA PUESTO DE CONTROL MARITIMO - PROV. CONST. DEL CALLAO","AVENA, grano aplastado o en copos (hojuelas)",5000,"SACO(S)","CHILE"
"13004",2024,6,"OFICINA PUESTO DE CONTROL MARITIMO - PROV. CONST. DEL CALLAO","AVENA, grano trabajado (mondado, perlado, troceado o quebrantado)",47500,"SACO(S)","CHILE"
"13005",2024,6,"OFICINA PUESTO DE CONTROL AEREO -  PROV. CONST. DEL CALLAO","COCO, fibra (para sustrato)",4.91,"BOLSAS","INDIA"
"13006",2024,6,"PUESTO DE CONTROL TERRESTRE DESAGUADERO","MANI, grano sin cáscara",83000,"SACO(S)","BOLIVIA"
"13007",2024,6,"PUESTO DE CONTROL TERRESTRE DESAGUADERO","SOYA, harina",174000,"SACO(S)","BOLIVIA"
"13008",2024,6,"PUESTO DE CONTROL TERRESTRE DESAGUADERO","SOYA, torta",198500,"SACO(S)","BOLIVIA"
"13009",2024,6,"PUESTO DE CONTROL TERRESTRE DESAGUADERO","SOYA, torta",116000,"SACO(S)","BOLIVIA"
"13010",2024,6,"PUESTO DE CONTROL TERRESTRE DESAGUADERO","SOYA, torta",28004,"SACO(S)","BOLIVIA"
"13011",2024,6,"PUESTO DE CONTROL TERRESTRE DESAGUADERO","GIRASOL, torta",108500,"GRANEL","BOLIVIA"
"13012",2024,6,"PUESTO DE CONTROL TERRESTRE DESAGUADERO","SOYA, torta",56537,"SACO(S)","BOLIVIA"
"13013",2024,6,"PUESTO DE CONTROL TERRESTRE DESAGUADERO","SOYA, torta",55750,"GRANEL","BOLIVIA"
"13014",2024,6,"PUESTO DE CONTROL TERRESTRE DESAGUADERO","SOYA, torta",82290,"GRANEL","BOLIVIA"
"13015",2024,6,"PUESTO DE CONTROL TERRESTRE DESAGUADERO","SOYA, torta",27780,"GRANEL","BOLIVIA"
"13016",2024,6,"PUESTO DE CONTROL TERRESTRE DESAGUADERO","SOYA, grano",208600,"GRANEL","BOLIVIA"
"13017",2024,6,"OFICINA PUESTO DE CONTROL MARITIMO - PROV. CONST. DEL CALLAO","LINAZA, grano",46992,"SACO(S)","CANADA"
"13018",2024,6,"OFICINA PUESTO DE CONTROL MARITIMO - PROV. CONST. DEL CALLAO","ARVEJA, grano partido",69399,"SACO(S)","EEUU"
"13019",2024,6,"OFICINA PUESTO DE CONTROL AEREO -  PROV. CONST. DEL CALLAO","MELON, semilla",0.248,"SACHETS","HOLANDA"
"13020",2024,6,"OFICINA PUESTO DE CONTROL AEREO -  PROV. CONST. DEL CALLAO","MELON, semilla",4.264,"SACHETS","HOLANDA"
"13021",2024,6,"OFICINA PUESTO DE CONTROL AEREO -  PROV. CONST. DEL CALLAO","TOMATE, semilla",0.044,"SACHETS","HOLANDA"
"13022",2024,6,"OFICINA PUESTO DE CONTROL AEREO -  PROV. CONST. DEL CALLAO","PIMIENTO, semilla",0.122645,"SACHETS","HOLANDA"
"13023",2024,6,"OFICINA PUESTO DE CONTROL AEREO -  PROV. CONST. DEL CALLAO","PIMIENTO, semilla",0.046298,"SACHETS","HOLANDA"
"13024",2024,6,"OFICINA PUESTO DE CONTROL AEREO -  PROV. CONST. DEL CALLAO","PIMIENTO, semilla",0.07276,"SACHETS","HOLANDA"
"13025",2024,6,"OFICINA PUESTO DE CONTROL AEREO -  PROV. CONST. DEL CALLAO","PIMIENTO, semilla",0.034456,"SACHETS","HOLANDA"
"13026",2024,6,"OFICINA PUESTO DE CONTROL AEREO -  PROV. CONST. DEL CALLAO","SANDIA, semilla",3.313,"SACHETS","EEUU"
"13027",2024,6,"PUERTO DE MATARANI , AREQUIPA","AZUCAR BLANCA O REFINADA (lectura polarimetrica mayor 99.5°)",185500,"SACO(S)","GUATEMALA"
"13028",2024,6,"PUERTO DE MATARANI , AREQUIPA","AZUCAR BLANCA O REFINADA (lectura polarimetrica mayor 99.5°)",265000,"SACO(S)","GUATEMALA"
"13029",2024,6,"PUERTO DE MATARANI , AREQUIPA","AZUCAR BLANCA O REFINADA (lectura polarimetrica mayor 99.5°)",265000,"SACO(S)","GUATEMALA"
"13030",2024,6,"PUERTO DE MATARANI , AREQUIPA","AZUCAR BLANCA O REFINADA (lectura polarimetrica mayor 99.5°)",265000,"SACO(S)","GUATEMALA"
"13031",2024,6,"PUERTO DE MATARANI , AREQUIPA","AZUCAR BLANCA O REFINADA (lectura polarimetrica mayor 99.5°)",132500,"SACO(S)","GUATEMALA"
"13032",2024,6,"OFICINA PUESTO DE CONTROL MARITIMO - PROV. CONST. DEL CALLAO","PINO, postes de madera con algun proceso de la CRF 2",114590,"PIEZAS","EEUU"
"13033",2024,6,"PUERTO DE MATARANI , AREQUIPA","AZUCAR BLANCA O REFINADA (lectura polarimetrica mayor 99.5°)",265000,"SACO(S)","GUATEMALA"
"13034",2024,6,"OFICINA PUESTO DE CONTROL AEREO -  PROV. CONST. DEL CALLAO","MAIZ, semilla",15.64,"CAJA(S)","TAILANDIA"
"13035",2024,6,"PUESTO DE CONTROL TERRESTRE DESAGUADERO","SOYA, torta",146000,"SACO(S)","BOLIVIA"
"13036",2024,6,"PUERTO DE PAITA , PIURA","GARBANZO, grano",23000,"SACO(S)","MEXICO"
"13037",2024,6,"OFICINA PUESTO DE CONTROL MARITIMO - PROV. CONST. DEL CALLAO","Marañon (NUEZ DE CAJU), semilla alimenticia sin cascara, seca industriamente",16329,"SACO(S)","BRASIL"
"13038",2024,6,"OFICINA PUESTO DE CONTROL AEREO -  PROV. CONST. DEL CALLAO","MELON, semilla",0.256,"LATAS","EEUU"
"13039",2024,6,"OFICINA PUESTO DE CONTROL AEREO -  PROV. CONST. DEL CALLAO","TOMATE, semilla",0.029,"SACHETS","HOLANDA"
"13040",2024,6,"OFICINA PUESTO DE CONTROL AEREO -  PROV. CONST. DEL CALLAO","TOMATE, semilla",0.092,"SACHETS","HOLANDA"
"13041",2024,6,"OFICINA PUESTO DE CONTROL AEREO -  PROV. CONST. DEL CALLAO","TOMATE, semilla",0.073,"SACHETS","HOLANDA"
"13042",2024,6,"PUESTO DE CONTROL TERRESTRE DESAGUADERO","SOYA, torta",174000,"SACO(S)","BOLIVIA"
"13043",2024,6,"PUESTO DE CONTROL TERRESTRE DESAGUADERO","SOYA, torta",77000,"GRANEL","BOLIVIA"
"13044",2024,6,"PUESTO DE CONTROL TERRESTRE DESAGUADERO","SOYA, torta",54490,"GRANEL","BOLIVIA"
"13045",2024,6,"PUESTO DE CONTROL TERRESTRE DESAGUADERO","SOYA, torta",28000,"GRANEL","BOLIVIA"
"13046",2024,6,"PUESTO DE CONTROL TERRESTRE DESAGUADERO","SOYA, torta",83680,"GRANEL","BOLIVIA"
"13047",2024,6,"PUESTO DE CONTROL TERRESTRE DESAGUADERO","SOYA, torta",81240,"GRANEL","BOLIVIA"
"13048",2024,6,"PUESTO DE CONTROL TERRESTRE DESAGUADERO","SOYA, torta",26000,"GRANEL","BOLIVIA"
"13049",2024,6,"OFICINA PUESTO DE CONTROL MARITIMO - PROV. CONST. DEL CALLAO","CLAVO DE OLOR, entera seca al natural",24540,"CAJA(S)","INDONESIA"
"13050",2024,6,"PUESTO DE CONTROL TERRESTRE DESAGUADERO","SOYA, torta",116000,"SACO(S)","BOLIVIA"
"13051",2024,6,"SANTA ROSA, TACNA","LIMON TAHITI (Lima tahiti), fruto fresco",25200,"CAJA(S)","CHILE"
"13052",2024,6,"PUESTO DE CONTROL TERRESTRE DESAGUADERO","SOYA, torta",26996,"SACO(S)","BOLIVIA"
"13053",2024,6,"SANTA ROSA, TACNA","MANZANA, fruto fresco",23520,"CAJA(S)","CHILE"
"13054",2024,6,"SANTA ROSA, TACNA","MANZANA, fruto fresco",23520,"CAJA(S)","CHILE"
"13055",2024,6,"SANTA ROSA, TACNA","MANZANA, fruto fresco",21420,"CAJA(S)","CHILE"
"13056",2024,6,"SANTA ROSA, TACNA","MANZANA, fruto fresco",23520,"CAJA(S)","CHILE"
"13057",2024,6,"SANTA ROSA, TACNA","PERA, fruta fresca",20570,"CAJA(S)","CHILE"
"13058",2024,6,"PUESTO DE CONTROL TERRESTRE DESAGUADERO","SOYA, grano",52000,"GRANEL","BOLIVIA"
"13059",2024,6,"PUESTO DE CONTROL TERRESTRE DESAGUADERO","SOYA, torta",115500,"SACO(S)","BOLIVIA"
"13060",2024,6,"PUESTO DE CONTROL TERRESTRE DESAGUADERO","SOYA, torta",146000,"SACO(S)","BOLIVIA"
"13061",2024,6,"PUESTO DE CONTROL TERRESTRE DESAGUADERO","SOYA, torta",114000,"SACO(S)","BOLIVIA"
"13062",2024,6,"PUESTO DE CONTROL TERRESTRE DESAGUADERO","SOYA, torta",116000,"SACO(S)","BOLIVIA"
"13063",2024,6,"PUESTO DE CONTROL TERRESTRE DESAGUADERO","SOYA, torta",143000,"SACO(S)","BOLIVIA"
"13064",2024,6,"PUESTO DE CONTROL TERRESTRE DESAGUADERO","SOYA, torta",144500,"SACO(S)","BOLIVIA"
"13065",2024,6,"PUESTO DE CONTROL TERRESTRE DESAGUADERO","SOYA, torta",139000,"SACO(S)","BOLIVIA"
"13066",2024,6,"PUESTO DE CONTROL TERRESTRE DESAGUADERO","SOYA, torta",49938,"SACO(S)","BOLIVIA"
"13067",2024,6,"PUESTO DE CONTROL TERRESTRE DESAGUADERO","SOYA, torta",112000,"GRANEL","BOLIVIA"
"13068",2024,6,"OFICINA PUESTO DE CONTROL MARITIMO - PROV. CONST. DEL CALLAO","ARROZ, parbolizado pulido o sin cáscara",132500,"SACO(S)","BRASIL"
"13069",2024,6,"OFICINA PUESTO DE CONTROL MARITIMO - PROV. CONST. DEL CALLAO","ARROZ, parbolizado pulido o sin cáscara",132500,"SACO(S)","BRASIL"
"13070",2024,6,"OFICINA PUESTO DE CONTROL MARITIMO - PROV. CONST. DEL CALLAO","ARROZ, parbolizado pulido o sin cáscara",132500,"SACO(S)","BRASIL"
"13071",2024,6,"OFICINA PUESTO DE CONTROL MARITIMO - PROV. CONST. DEL CALLAO","AZUCAR BLANCA O REFINADA (lectura polarimetrica mayor 99.5°)",26500,"SACO(S)","NICARAGUA"
"13072",2024,6,"PUESTO DE CONTROL TERRESTRE DESAGUADERO","SOYA, torta",84090,"GRANEL","BOLIVIA"
"13073",2024,6,"PUESTO DE CONTROL TERRESTRE DESAGUADERO","SOYA, torta",27550,"GRANEL","BOLIVIA"
"13074",2024,6,"PUESTO DE CONTROL TERRESTRE DESAGUADERO","SOYA, torta",27360,"GRANEL","BOLIVIA"
"13075",2024,6,"PUESTO DE CONTROL TERRESTRE DESAGUADERO","SOYA, torta",147000,"SACO(S)","BOLIVIA"
"13076",2024,6,"PUESTO DE CONTROL TERRESTRE DESAGUADERO","SOYA, harina",84000,"SACO(S)","BOLIVIA"
"13077",2024,6,"PUESTO DE CONTROL TERRESTRE DESAGUADERO","GIRASOL, torta",56070,"GRANEL","BOLIVIA"
"13078",2024,6,"PUESTO DE CONTROL TERRESTRE DESAGUADERO","SOYA, torta",25019,"SACO(S)","BOLIVIA"
"13079",2024,6,"PUESTO DE CONTROL TERRESTRE DESAGUADERO","SOYA, torta",116000,"SACO(S)","BOLIVIA"
"13080",2024,6,"PUESTO DE CONTROL TERRESTRE DESAGUADERO","SOYA, torta",58000,"SACO(S)","BOLIVIA"
"13081",2024,6,"SANTA ROSA, TACNA","MANZANA, fruto fresco",23520,"CAJA(S)","CHILE"
"13082",2024,6,"SANTA ROSA, TACNA","MANZANA, fruto fresco",22579.2,"CAJA(S)","CHILE"
"13083",2024,6,"SANTA ROSA, TACNA","PERA, fruta fresca",4410,"CAJA(S)","CHILE"
"13084",2024,6,"SANTA ROSA, TACNA","MANZANA, fruto fresco",18620,"CAJA(S)","CHILE"
"13085",2024,6,"OFICINA PUESTO DE CONTROL MARITIMO - PROV. CONST. DEL CALLAO","PINO, madera aserrada con algún proceso de la CRF2",265873,"PALETAS","CHILE"
"13086",2024,6,"PUESTO DE CONTROL TERRESTRE DESAGUADERO","SOYA, torta",84000,"GRANEL","BOLIVIA"
"13087",2024,6,"PUESTO DE CONTROL TERRESTRE DESAGUADERO","SOYA, torta",83811,"SACO(S)","BOLIVIA"
"13088",2024,6,"PUESTO DE CONTROL TERRESTRE DESAGUADERO","SOYA, torta",56000,"GRANEL","BOLIVIA"
"13089",2024,6,"SANTA ROSA, TACNA","MANZANA, fruto fresco",8400,"CAJA(S)","CHILE"
"13090",2024,6,"SANTA ROSA, TACNA","PERA, fruta fresca",14976,"CAJA(S)","CHILE"
"13091",2024,6,"SANTA ROSA, TACNA","MANZANA, fruto fresco",17640,"CAJA(S)","CHILE"
"13092",2024,6,"OFICINA PUESTO DE CONTROL MARITIMO - PROV. CONST. DEL CALLAO","MADERA, en bruto de coníferas tratada agentes de conservación
",50840,"PIEZAS","EEUU"
"13093",2024,6,"SANTA ROSA, TACNA","PERA, fruta fresca",5292,"CAJA(S)","CHILE"
"13094",2024,6,"PUESTO DE CONTROL TERRESTRE DESAGUADERO","SOYA, torta",55000,"GRANEL","BOLIVIA"
"13095",2024,6,"OFICINA PUESTO DE CONTROL MARITIMO - PROV. CONST. DEL CALLAO","MATERIAS VEGETALES, para tallar trabajadas con algun proceso de la CRF 2",2020.151,"UNIDADES","CHINA"
"13096",2024,6,"PUESTO DE CONTROL TERRESTRE DESAGUADERO","MAIZ AMARILLO DURO, grano",58000,"SACO(S)","BOLIVIA"
"13097",2024,6,"PUESTO DE CONTROL TERRESTRE DESAGUADERO","SOYA, torta",58040,"GRANEL","BOLIVIA"
"13098",2024,6,"PUESTO DE CONTROL TERRESTRE DESAGUADERO","SOYA, torta",54990,"GRANEL","BOLIVIA"
"13099",2024,6,"PUESTO DE CONTROL TERRESTRE DESAGUADERO","SOYA, torta",56040,"GRANEL","BOLIVIA"
"13100",2024,6,"PUESTO DE CONTROL TERRESTRE DESAGUADERO","GIRASOL, torta",28190,"GRANEL","BOLIVIA"
"13101",2024,6,"OFICINA PUESTO DE CONTROL AEREO -  PROV. CONST. DEL CALLAO","TOMATE, semilla",0.65,"BOLSAS","EEUU"
"13102",2024,6,"PUESTO DE CONTROL TERRESTRE DESAGUADERO","SOYA, torta",55500,"GRANEL","BOLIVIA"
"13103",2024,6,"PUESTO DE CONTROL TERRESTRE DESAGUADERO","SOYA, torta",56080,"GRANEL","BOLIVIA"
"13104",2024,6,"OFICINA PUESTO DE CONTROL MARITIMO - PROV. CONST. DEL CALLAO","MADERA, en bruto de coníferas tratada agentes de conservación
",37084,"UNIDADES","EEUU"
"13105",2024,6,"OFICINA PUESTO DE CONTROL AEREO -  PROV. CONST. DEL CALLAO","CEBOLLA, semilla",0.09,"SACHETS","EEUU"
"13106",2024,6,"OFICINA PUESTO DE CONTROL AEREO -  PROV. CONST. DEL CALLAO","BROCOLI, semilla",0.095,"SACHETS","EEUU"
"13107",2024,6,"PUESTO DE CONTROL TERRESTRE DESAGUADERO","AZUCAR BLANCA O REFINADA (lectura polarimetrica mayor 99.5°)",174000,"SACO(S)","BOLIVIA"
"13108",2024,6,"OFICINA PUESTO DE CONTROL MARITIMO - PROV. CONST. DEL CALLAO","LENTEJA, grano",117889,"SACO(S)","EEUU"
"13109",2024,6,"OFICINA PUESTO DE CONTROL MARITIMO - PROV. CONST. DEL CALLAO","LENTEJA, grano",157944,"SACO(S)","CANADA"
"13110",2024,6,"OFICINA PUESTO DE CONTROL MARITIMO - PROV. CONST. DEL CALLAO","LENTEJA, grano",95800,"SACO(S)","EEUU"
"13111",2024,6,"OFICINA PUESTO DE CONTROL MARITIMO - PROV. CONST. DEL CALLAO","LENTEJA, grano",249480,"SACO(S)","CANADA"
"13112",2024,6,"OFICINA PUESTO DE CONTROL MARITIMO - PROV. CONST. DEL CALLAO","COMINO, grano",25000,"SACO(S)","INDIA"
"13113",2024,6,"OFICINA PUESTO DE CONTROL MARITIMO - PROV. CONST. DEL CALLAO","NUEZ, con cáscara seca al natural",41810,"SACO(S)","CHILE"
"13114",2024,6,"OFICINA PUESTO DE CONTROL MARITIMO - PROV. CONST. DEL CALLAO","FLOR DE JAMAICA, seca natural",43200,"CAJA(S)","NIGERIA"
"13115",2024,6,"OFICINA PUESTO DE CONTROL MARITIMO - PROV. CONST. DEL CALLAO","AZUCAR BLANCA O REFINADA (lectura polarimetrica mayor 99.5°)",132500,"SACO(S)","NICARAGUA"
"13116",2024,6,"OFICINA PUESTO DE CONTROL MARITIMO - PROV. CONST. DEL CALLAO","MAIZ, harina",21600,"SACO(S)","COLOMBIA"
"13117",2024,6,"OFICINA PUESTO DE CONTROL MARITIMO - PROV. CONST. DEL CALLAO","ARVEJA, grano entero",69399,"SACO(S)","EEUU"
"13118",2024,6,"OFICINA PUESTO DE CONTROL MARITIMO - PROV. CONST. DEL CALLAO","ARVEJA, grano partido",143154,"SACO(S)","EEUU"
"13119",2024,6,"SANTA ROSA, TACNA","MANZANA, fruto fresco",22736,"CAJA(S)","CHILE"
"13120",2024,6,"PUESTO DE CONTROL TERRESTRE DESAGUADERO","AZUCAR BLANCA O REFINADA (lectura polarimetrica mayor 99.5°)",145000,"SACO(S)","BOLIVIA"
"13121",2024,6,"OFICINA PUESTO DE CONTROL MARITIMO - PROV. CONST. DEL CALLAO","MANZANA, fruto fresco",40180,"CAJA(S)","EEUU"
"13122",2024,6,"PUESTO DE CONTROL TERRESTRE DESAGUADERO","AZUCAR BLANCA O REFINADA (lectura polarimetrica mayor 99.5°)",145000,"SACO(S)","BOLIVIA"
"13123",2024,6,"OFICINA PUESTO DE CONTROL MARITIMO - PROV. CONST. DEL CALLAO","AZUCAR CRUDA, sólido",250000,"SACO(S)","EL SALVADOR"
"13124",2024,6,"PUESTO DE CONTROL TERRESTRE DESAGUADERO","SOYA, grano",140000,"GRANEL","BOLIVIA"
"13125",2024,6,"PUESTO DE CONTROL TERRESTRE DESAGUADERO","SOYA, grano",140000,"GRANEL","BOLIVIA"
"13126",2024,6,"OFICINA PUESTO DE CONTROL AEREO -  PROV. CONST. DEL CALLAO","MADERA EN PLAQUITAS, o partículas de coníferas con algún proceso de CRF 2",10,"SACO(S)","COLOMBIA"
"13127",2024,6,"PUESTO DE CONTROL TERRESTRE DESAGUADERO","SOYA, harina",141500,"SACO(S)","BOLIVIA"
"13128",2024,6,"SANTA ROSA, TACNA","MANZANA, fruto fresco",22162,"CAJA(S)","CHILE"
"13129",2024,6,"SANTA ROSA, TACNA","MANZANA, fruto fresco",23520,"CAJA(S)","CHILE"
"13130",2024,6,"SANTA ROSA, TACNA","KIWI, fruto fresco",20800,"CAJA(S)","CHILE"
"13131",2024,6,"PUESTO DE CONTROL TERRESTRE DESAGUADERO","SOYA, harina",145000,"SACO(S)","BOLIVIA"
"13132",2024,6,"PUESTO DE CONTROL TERRESTRE DESAGUADERO","GIRASOL, torta",140000,"SACO(S)","BOLIVIA"
"13133",2024,6,"OFICINA PUESTO DE CONTROL MARITIMO - PROV. CONST. DEL CALLAO","MANZANA, fruto fresco",39102,"CAJA(S)","EEUU"
"13134",2024,6,"OFICINA PUESTO DE CONTROL MARITIMO - PROV. CONST. DEL CALLAO","TURBA",203040,"FARDOS","HOLANDA"
"13135",2024,6,"OFICINA PUESTO DE CONTROL MARITIMO - PROV. CONST. DEL CALLAO","TURBA",203040,"FARDOS","HOLANDA"
"13136",2024,6,"PUESTO DE CONTROL TERRESTRE DESAGUADERO","AZUCAR BLANCA O REFINADA (lectura polarimetrica mayor 99.5°)",145000,"SACO(S)","BOLIVIA"
"13137",2024,6,"OFICINA PUESTO DE CONTROL MARITIMO - PROV. CONST. DEL CALLAO","TRIGO, grano",5517600,"GRANEL","CANADA"
"13138",2024,6,"OFICINA PUESTO DE CONTROL AEREO -  PROV. CONST. DEL CALLAO","COCO, fibra (para sustrato)",12,"PAQUETES","INDIA"
"13139",2024,6,"OFICINA PUESTO DE CONTROL MARITIMO - PROV. CONST. DEL CALLAO","MANZANA, fruto fresco",187219.2,"CAJA(S)","CHILE"
"13140",2024,6,"OFICINA PUESTO DE CONTROL MARITIMO - PROV. CONST. DEL CALLAO","AZUCAR BLANCA O REFINADA (lectura polarimetrica mayor 99.5°)",132500,"SACO(S)","NICARAGUA"
"13141",2024,6,"PUESTO DE CONTROL TERRESTRE DESAGUADERO","SOYA, harina",25968,"SACO(S)","BOLIVIA"
"13142",2024,6,"PUESTO DE CONTROL TERRESTRE DESAGUADERO","CHIA, grano",27000,"SACO(S)","PARAGUAY"
"13143",2024,6,"OFICINA PUESTO DE CONTROL MARITIMO - PROV. CONST. DEL CALLAO","CEBOLLA, triturada o pulverizada",1200,"CAJA(S)","ESPAÑA"
"13144",2024,6,"OFICINA PUESTO DE CONTROL AEREO -  PROV. CONST. DEL CALLAO","SANDIA, semilla",397.95,"SOBRES","EEUU"
"13145",2024,6,"OFICINA PUESTO DE CONTROL AEREO -  PROV. CONST. DEL CALLAO","ZANAHORIA, semilla",5,"BOLSAS","JAPON"
"13146",2024,6,"OFICINA PUESTO DE CONTROL AEREO -  PROV. CONST. DEL CALLAO","BROCOLI, semilla",0.06,"SACHETS","JAPON"
"13147",2024,6,"SANTA ROSA, TACNA","KIWI, fruto fresco",21520,"CAJA(S)","CHILE"
"13148",2024,6,"PUESTO DE CONTROL TERRESTRE DESAGUADERO","AZUCAR BLANCA O REFINADA (lectura polarimetrica mayor 99.5°)",145000,"SACO(S)","BOLIVIA"
"13149",2024,6,"OFICINA PUESTO DE CONTROL MARITIMO - PROV. CONST. DEL CALLAO","Marañon (NUEZ DE CAJU), semilla alimenticia sin cascara, seca industriamente",15875.9,"CAJA(S)","VIETNAM"
"13150",2024,6,"OFICINA PUESTO DE CONTROL MARITIMO - PROV. CONST. DEL CALLAO","Marañon (NUEZ DE CAJU), semilla alimenticia sin cascara, seca industriamente",15876,"CAJA(S)","VIETNAM"
"13151",2024,6,"SANTA ROSA, TACNA","LIMON TAHITI (Lima tahiti), fruto fresco",25200,"CAJA(S)","CHILE"
"13152",2024,6,"OFICINA PUESTO DE CONTROL AEREO -  PROV. CONST. DEL CALLAO","ARANDANO, planta",1731,"CAJA(S)","CHILE"
"13153",2024,6,"OFICINA PUESTO DE CONTROL MARITIMO - PROV. CONST. DEL CALLAO","TURBA",122750,"BIG BAG","FINLANDIA"
"13154",2024,6,"PUESTO DE CONTROL TERRESTRE DESAGUADERO","SOYA, torta",84690,"SACO(S)","BOLIVIA"
"13155",2024,6,"PUESTO DE CONTROL TERRESTRE DESAGUADERO","SOYA, torta",28800,"GRANEL","BOLIVIA"
"13156",2024,6,"OFICINA PUESTO DE CONTROL MARITIMO - PROV. CONST. DEL CALLAO","FREJOL CANARIO, grano",95730,"SACO(S)","MEXICO"
"13157",2024,6,"OFICINA PUESTO DE CONTROL MARITIMO - PROV. CONST. DEL CALLAO","UVA (PASAS), secas industrialmente",26000,"CAJA(S)","INDIA"
"13158",2024,6,"OFICINA PUESTO DE CONTROL MARITIMO - PROV. CONST. DEL CALLAO","NUEZ, con cáscara seca al natural",60000,"SACO(S)","CHILE"
"13159",2024,6,"OFICINA PUESTO DE CONTROL MARITIMO - PROV. CONST. DEL CALLAO","GARBANZO, grano",48000,"SACO(S)","MEXICO"
"13160",2024,6,"OFICINA PUESTO DE CONTROL MARITIMO - PROV. CONST. DEL CALLAO","AZUCAR CRUDA, sólido",150000,"SACO(S)","EL SALVADOR"
"13161",2024,6,"OFICINA PUESTO DE CONTROL MARITIMO - PROV. CONST. DEL CALLAO","GARBANZO, grano",22940,"SACO(S)","MEXICO"
"13162",2024,6,"PUESTO DE CONTROL TERRESTRE DESAGUADERO","SOYA, torta",115500,"SACO(S)","BOLIVIA"
"13163",2024,6,"PUESTO DE CONTROL TERRESTRE DESAGUADERO","SOYA, torta",114500,"SACO(S)","BOLIVIA"
"13164",2024,6,"PUESTO DE CONTROL TERRESTRE DESAGUADERO","SOYA, torta",114000,"SACO(S)","BOLIVIA"
"13165",2024,6,"PUESTO DE CONTROL TERRESTRE DESAGUADERO","SOYA, torta",115140,"SACO(S)","BOLIVIA"
"13166",2024,6,"PUESTO DE CONTROL TERRESTRE DESAGUADERO","SOYA, torta",113500,"SACO(S)","BOLIVIA"
"13167",2024,6,"PUESTO DE CONTROL TERRESTRE DESAGUADERO","SOYA, harina",116000,"SACO(S)","BOLIVIA"
"13168",2024,6,"OFICINA PUESTO DE CONTROL MARITIMO - PROV. CONST. DEL CALLAO","MANZANA, fruto fresco",20580,"CAJA(S)","EEUU"
"13169",2024,6,"PUESTO DE CONTROL TERRESTRE DESAGUADERO","SOYA, torta",58000,"SACO(S)","BOLIVIA"
"13170",2024,6,"PUESTO DE CONTROL TERRESTRE DESAGUADERO","SOYA, torta",145000,"SACO(S)","BOLIVIA"
"13171",2024,6,"PUESTO DE CONTROL TERRESTRE DESAGUADERO","SOYA, torta",114000,"SACO(S)","BOLIVIA"
"13172",2024,6,"PUESTO DE CONTROL TERRESTRE DESAGUADERO","SOYA, torta",113000,"SACO(S)","BOLIVIA"
"13173",2024,6,"PUESTO DE CONTROL TERRESTRE DESAGUADERO","SOYA, torta",143500,"SACO(S)","BOLIVIA"
"13174",2024,6,"PUESTO DE CONTROL TERRESTRE DESAGUADERO","SOYA, torta",142500,"SACO(S)","BOLIVIA"
"13175",2024,6,"OFICINA PUESTO DE CONTROL MARITIMO - PROV. CONST. DEL CALLAO","MANZANA, fruto fresco",55020,"CAJA(S)","EEUU"
"13176",2024,6,"PUESTO DE CONTROL TERRESTRE DESAGUADERO","SOYA, torta",145000,"SACO(S)","BOLIVIA"
"13177",2024,6,"AGUAS VERDES, TUMBES","PITAHAYA, fruto fresco",12000,"CAJA(S)","ECUADOR"
"13178",2024,6,"PUESTO DE CONTROL TERRESTRE DESAGUADERO","SOYA, torta",118000,"SACO(S)","BOLIVIA"
"13179",2024,6,"PUESTO DE CONTROL TERRESTRE DESAGUADERO","SOYA, grano",56000,"GRANEL","BOLIVIA"
"13180",2024,6,"PUESTO DE CONTROL TERRESTRE DESAGUADERO","SOYA, grano",49980,"GRANEL","BOLIVIA"
"13181",2024,6,"PUESTO DE CONTROL TERRESTRE DESAGUADERO","SOYA, grano",55980,"GRANEL","BOLIVIA"
"13182",2024,6,"PUESTO DE CONTROL TERRESTRE DESAGUADERO","SOYA, grano",56000,"GRANEL","BOLIVIA"
"13183",2024,6,"PUESTO DE CONTROL TERRESTRE DESAGUADERO","SOYA, grano",77000,"GRANEL","BOLIVIA"
"13184",2024,6,"OFICINA PUESTO DE CONTROL MARITIMO - PROV. CONST. DEL CALLAO","ALGODON, fibra sin cardar ni peinar (>28.57 mm = o <34.92 mm)",40255,"FARDOS","EEUU"
"13185",2024,6,"OFICINA PUESTO DE CONTROL MARITIMO - PROV. CONST. DEL CALLAO","ALGODON, fibra sin cardar ni peinar (>22.22 mm = o <28.57 mm)",59645,"FARDOS","EEUU"
"13186",2024,6,"PUESTO DE CONTROL TERRESTRE DESAGUADERO","SOYA, torta",83140,"GRANEL","BOLIVIA"
"13187",2024,6,"PUESTO DE CONTROL TERRESTRE DESAGUADERO","SOYA, torta",84500,"GRANEL","BOLIVIA"
"13188",2024,6,"OFICINA PUESTO DE CONTROL MARITIMO - PROV. CONST. DEL CALLAO","MAIZ, grano",19890,"BIG BAG","EEUU"
"13189",2024,6,"OFICINA PUESTO DE CONTROL MARITIMO - PROV. CONST. DEL CALLAO","MAIZ, harina",42000,"PACAS","COLOMBIA"
"13190",2024,6,"PUESTO DE CONTROL TERRESTRE DESAGUADERO","SOYA, torta",56100,"GRANEL","BOLIVIA"
"13191",2024,6,"OFICINA PUESTO DE CONTROL MARITIMO - PROV. CONST. DEL CALLAO","PINO, postes de madera con algun proceso de la CRF 2",48840,"PAQUETES","CHILE"
"13192",2024,6,"OFICINA PUESTO DE CONTROL MARITIMO - PROV. CONST. DEL CALLAO","LENTEJA, grano",94348,"SACO(S)","EEUU"
"13193",2024,6,"OFICINA PUESTO DE CONTROL MARITIMO - PROV. CONST. DEL CALLAO","ARVEJA, grano partido",46221,"SACO(S)","EEUU"
"13194",2024,6,"OFICINA PUESTO DE CONTROL MARITIMO - PROV. CONST. DEL CALLAO","LENTEJA, grano",46720,"SACO(S)","CANADA"
"13195",2024,6,"PUERTO DE PAITA , PIURA","ARVEJA, grano partido",47763,"SACO(S)","EEUU"
"13196",2024,6,"OFICINA PUESTO DE CONTROL MARITIMO - PROV. CONST. DEL CALLAO","LENTEJA, grano",74571,"SACO(S)","CANADA"
"13197",2024,6,"OFICINA PUESTO DE CONTROL AEREO -  PROV. CONST. DEL CALLAO","TOMATE, semilla",0.001484,"SACHETS","HOLANDA"
"13198",2024,6,"OFICINA PUESTO DE CONTROL AEREO -  PROV. CONST. DEL CALLAO","BERENJENA, semilla",0.17,"SACHETS","FRANCIA"
"13199",2024,6,"OFICINA PUESTO DE CONTROL AEREO -  PROV. CONST. DEL CALLAO","ZAPALLITO ITALIANO (CALABACIN), semilla",3.242,"SACHETS","EEUU"
"13200",2024,6,"OFICINA PUESTO DE CONTROL AEREO -  PROV. CONST. DEL CALLAO","LUPULO, pellets",162,"BOLSAS","EEUU"
"13201",2024,6,"PUESTO DE CONTROL TERRESTRE DESAGUADERO","SOYA, grano",50000,"BOLSAS","BOLIVIA"
"13202",2024,6,"OFICINA PUESTO DE CONTROL MARITIMO - PROV. CONST. DEL CALLAO","ALGODON, fibra sin cardar ni peinar (>28.57 mm = o <34.92 mm)",460915,"FARDOS","EEUU"
"13203",2024,6,"OFICINA PUESTO DE CONTROL AEREO -  PROV. CONST. DEL CALLAO","PAPAYA, semilla",12.04,"BOLSAS","TAIWAN"
"13204",2024,6,"OFICINA PUESTO DE CONTROL AEREO -  PROV. CONST. DEL CALLAO","MELON, semilla",0.079,"SACHETS","EEUU"
"13205",2024,6,"OFICINA PUESTO DE CONTROL MARITIMO - PROV. CONST. DEL CALLAO","AZUCAR BLANCA O REFINADA (lectura polarimetrica mayor 99.5°)",125000,"SACO(S)","GUATEMALA"
"13206",2024,6,"OFICINA PUESTO DE CONTROL MARITIMO - PROV. CONST. DEL CALLAO","AZUCAR CRUDA, sólido",250000,"SACO(S)","NICARAGUA"
"13207",2024,6,"OFICINA PUESTO DE CONTROL MARITIMO - PROV. CONST. DEL CALLAO","ARROZ, parbolizado pulido o sin cáscara",132500,"SACO(S)","BRASIL"
"13208",2024,6,"PUESTO DE CONTROL TERRESTRE DESAGUADERO","AJONJOLI, grano",30000,"SACO(S)","BOLIVIA"
"13209",2024,6,"PUESTO DE CONTROL TERRESTRE DESAGUADERO","SOYA, torta",56000,"GRANEL","BOLIVIA"
"13210",2024,6,"PUESTO DE CONTROL TERRESTRE DESAGUADERO","SOYA, torta",56000,"GRANEL","BOLIVIA"
"13211",2024,6,"PUESTO DE CONTROL TERRESTRE DESAGUADERO","SOYA, torta",27690,"GRANEL","BOLIVIA"
"13212",2024,6,"PUESTO DE CONTROL TERRESTRE DESAGUADERO","SOYA, torta",27690,"GRANEL","BOLIVIA"
"13213",2024,6,"OFICINA PUESTO DE CONTROL MARITIMO - PROV. CONST. DEL CALLAO","ARROZ, grano pilado",131250,"BOLSAS","BRASIL"
"13214",2024,6,"PUESTO DE CONTROL TERRESTRE DESAGUADERO","SOYA, torta",55900,"GRANEL","BOLIVIA"
"13215",2024,6,"PUESTO DE CONTROL TERRESTRE DESAGUADERO","SOYA, torta",84010,"GRANEL","BOLIVIA"
"13216",2024,6,"OFICINA PUESTO DE CONTROL MARITIMO - PROV. CONST. DEL CALLAO","ARVEJA, grano partido",92532,"SACO(S)","EEUU"
"13217",2024,6,"OFICINA PUESTO DE CONTROL MARITIMO - PROV. CONST. DEL CALLAO","PAPA, hojuelas y pellets",20160,"SACO(S)","HOLANDA"
"13218",2024,6,"OFICINA PUESTO DE CONTROL MARITIMO - PROV. CONST. DEL CALLAO","ARVEJA, semilla",800,"BOLSAS","EEUU"
"13219",2024,6,"OFICINA PUESTO DE CONTROL MARITIMO - PROV. CONST. DEL CALLAO","ARVEJA, semilla",2800,"BOLSAS","EEUU"
"13220",2024,6,"SANTA ROSA, TACNA","AVENA, grano trabajado (mondado, perlado, troceado o quebrantado)",26250,"SACO(S)","CHILE"
"13221",2024,6,"OFICINA PUESTO DE CONTROL MARITIMO - PROV. CONST. DEL CALLAO","FREJOL CANARIO, grano",71950,"SACO(S)","MEXICO"
"13222",2024,6,"PUESTO DE CONTROL TERRESTRE DESAGUADERO","SOYA, torta",140000,"GRANEL","BOLIVIA"
"13223",2024,6,"PUESTO DE CONTROL TERRESTRE DESAGUADERO","SOYA, torta",144950,"SACO(S)","BOLIVIA"
"13224",2024,6,"PUESTO DE CONTROL TERRESTRE DESAGUADERO","SOYA, torta",56800,"GRANEL","BOLIVIA"
"13225",2024,6,"PUESTO DE CONTROL TERRESTRE DESAGUADERO","SOYA, torta",56500,"GRANEL","BOLIVIA"
"13226",2024,6,"PUESTO DE CONTROL TERRESTRE DESAGUADERO","SOYA, torta",56360,"GRANEL","BOLIVIA"
"13227",2024,6,"PUESTO DE CONTROL TERRESTRE DESAGUADERO","SOYA, torta",28060,"GRANEL","BOLIVIA"
"13228",2024,6,"PUESTO DE CONTROL TERRESTRE DESAGUADERO","SOYA, torta",28160,"GRANEL","BOLIVIA"
"13229",2024,6,"PUESTO DE CONTROL TERRESTRE DESAGUADERO","SOYA, harina",25597,"SACO(S)","BOLIVIA"
"13230",2024,6,"PUESTO DE CONTROL TERRESTRE DESAGUADERO","SOYA, torta",55810,"GRANEL","BOLIVIA"
"13231",2024,6,"PUESTO DE CONTROL TERRESTRE DESAGUADERO","SOYA, torta",28000,"GRANEL","BOLIVIA"
"13232",2024,6,"PUESTO DE CONTROL TERRESTRE DESAGUADERO","SOYA, torta",56000,"GRANEL","BOLIVIA"
"13233",2024,6,"OFICINA PUESTO DE CONTROL MARITIMO - PROV. CONST. DEL CALLAO","MAIZ, harina",64800,"SACO(S)","COLOMBIA"
"13234",2024,6,"OFICINA PUESTO DE CONTROL MARITIMO - PROV. CONST. DEL CALLAO","ARROZ, grano pilado",19047,"SACO(S)","EEUU"
"13235",2024,6,"OFICINA PUESTO DE CONTROL MARITIMO - PROV. CONST. DEL CALLAO","ALGODON, fibra sin cardar ni peinar (>28.57 mm = o <34.92 mm)",323830,"FARDOS","EEUU"
"13236",2024,6,"OFICINA PUESTO DE CONTROL MARITIMO - PROV. CONST. DEL CALLAO","ALGODON, fibra sin cardar ni peinar (>28.57 mm = o <34.92 mm)",479101,"FARDOS","EEUU"
"13237",2024,6,"PUESTO DE CONTROL TERRESTRE DESAGUADERO","SOYA, torta",84000,"GRANEL","BOLIVIA"
"13238",2024,6,"PUESTO DE CONTROL TERRESTRE DESAGUADERO","SOYA, torta",108000,"GRANEL","BOLIVIA"
"13239",2024,6,"PUESTO DE CONTROL TERRESTRE DESAGUADERO","SOYA, torta",108000,"GRANEL","BOLIVIA"
"13240",2024,6,"PUERTO DE PAITA , PIURA","ALPISTE (=PHALARIS), grano",24948,"SACO(S)","CANADA"
"13241",2024,6,"PUESTO DE CONTROL TERRESTRE DESAGUADERO","SOYA, torta",56140,"GRANEL","BOLIVIA"
"13242",2024,6,"PUESTO DE CONTROL TERRESTRE DESAGUADERO","SOYA, torta",56140,"GRANEL","BOLIVIA"
"13243",2024,6,"PUESTO DE CONTROL TERRESTRE DESAGUADERO","GIRASOL, torta",28460,"GRANEL","BOLIVIA"
"13244",2024,6,"PUESTO DE CONTROL TERRESTRE DESAGUADERO","GIRASOL, torta",28460,"GRANEL","BOLIVIA"
"13245",2024,6,"OFICINA PUESTO DE CONTROL MARITIMO - PROV. CONST. DEL CALLAO","MAIZ AMARILLO DURO, grano",29810520,"GRANEL","ARGENTINA"
"13246",2024,6,"OFICINA PUESTO DE CONTROL MARITIMO - PROV. CONST. DEL CALLAO","AVENA, grano aplastado o en copos (hojuelas)",26000,"SACO(S)","CHILE"
"13247",2024,6,"OFICINA PUESTO DE CONTROL MARITIMO - PROV. CONST. DEL CALLAO","UVA (PASAS), secas industrialmente",21000,"CAJA(S)","CHILE"
"13248",2024,6,"OFICINA PUESTO DE CONTROL MARITIMO - PROV. CONST. DEL CALLAO","MOSTAZA, grano",23814,"SACO(S)","CANADA"
"13249",2024,6,"PUESTO DE CONTROL TERRESTRE DESAGUADERO","SOYA, harina",145000,"SACO(S)","BOLIVIA"
"13250",2024,6,"OFICINA PUESTO DE CONTROL MARITIMO - PROV. CONST. DEL CALLAO","MANI, grano sin cáscara",1e+05,"SACO(S)","BRASIL"
"13251",2024,6,"OFICINA PUESTO DE CONTROL MARITIMO - PROV. CONST. DEL CALLAO","MADERA, monturas y mangos de herramientas, monturas y mangos de cepillos, brochas o escobas, de madera; hormas, ensanchadores y tensores del calzado, de madera ; con algún proceso de la CRF 2",56980,"SACO(S)","CHINA"
"13252",2024,6,"OFICINA PUESTO DE CONTROL MARITIMO - PROV. CONST. DEL CALLAO","AVENA, grano trabajado (mondado, perlado, troceado o quebrantado)",1e+05,"SACO(S)","CHILE"
"13253",2024,6,"PUESTO DE CONTROL TERRESTRE DESAGUADERO","SOYA, torta",56000,"GRANEL","BOLIVIA"
"13254",2024,6,"PUESTO DE CONTROL TERRESTRE DESAGUADERO","SOYA, torta",138500,"GRANEL","BOLIVIA"
"13255",2024,6,"PUESTO DE CONTROL TERRESTRE DESAGUADERO","SOYA, torta",83990,"GRANEL","BOLIVIA"
"13256",2024,6,"PUESTO DE CONTROL TERRESTRE DESAGUADERO","SOYA, torta",140000,"GRANEL","BOLIVIA"
"13257",2024,6,"OFICINA PUESTO DE CONTROL MARITIMO - PROV. CONST. DEL CALLAO","COCO, fibra (para sustrato)",150000,"PALETAS","SRI LANKA"
"13258",2024,6,"OFICINA PUESTO DE CONTROL MARITIMO - PROV. CONST. DEL CALLAO","COMINO, grano",26000,"SACO(S)","INDIA"
"13259",2024,6,"OFICINA PUESTO DE CONTROL MARITIMO - PROV. CONST. DEL CALLAO","COMINO, grano",270000,"SACO(S)","INDIA"
"13260",2024,6,"OFICINA PUESTO DE CONTROL AEREO -  PROV. CONST. DEL CALLAO","TURBA",95,"BOLSAS","ESTONIA"
"13261",2024,6,"PUESTO DE CONTROL TERRESTRE DESAGUADERO","SOYA, harina",145000,"SACO(S)","BOLIVIA"
"13262",2024,6,"PUESTO DE CONTROL TERRESTRE DESAGUADERO","SOYA, torta",174000,"SACO(S)","BOLIVIA"
"13263",2024,6,"OFICINA PUESTO DE CONTROL MARITIMO - PROV. CONST. DEL CALLAO","TURBA",101713,"FARDOS","LETONIA"
"13264",2024,6,"OFICINA PUESTO DE CONTROL MARITIMO - PROV. CONST. DEL CALLAO","FLOR DE JAMAICA, seca natural",37500,"SACO(S)","NIGERIA"
"13265",2024,6,"OFICINA PUESTO DE CONTROL MARITIMO - PROV. CONST. DEL CALLAO","TRIGO, gluten",26000,"BOLSAS","CHINA"
"13266",2024,6,"OFICINA PUESTO DE CONTROL MARITIMO - PROV. CONST. DEL CALLAO","TURBA",26800,"BOLSAS","LETONIA"
"13267",2024,6,"PUESTO DE CONTROL TERRESTRE DESAGUADERO","SOYA, harina",145000,"SACO(S)","BOLIVIA"
"13268",2024,6,"OFICINA PUESTO DE CONTROL MARITIMO - PROV. CONST. DEL CALLAO","PINO, postes de madera con algun proceso de la CRF 2",4472,"UNIDADES","EEUU"
"13269",2024,6,"OFICINA PUESTO DE CONTROL MARITIMO - PROV. CONST. DEL CALLAO","PINO, madera aserrada con algún proceso de la CRF2",96634,"PAQUETES","CHILE"
"13270",2024,6,"OFICINA PUESTO DE CONTROL MARITIMO - PROV. CONST. DEL CALLAO","PINO, madera aserrada con algún proceso de la CRF2",114490,"PAQUETES","CHILE"
"13271",2024,6,"OFICINA PUESTO DE CONTROL MARITIMO - PROV. CONST. DEL CALLAO","LILIUM (=AZUCENA), bulbo",19950,"JABAS","HOLANDA"
"13272",2024,6,"OFICINA PUESTO DE CONTROL AEREO -  PROV. CONST. DEL CALLAO","SANDIA, semilla",0.376,"LATAS","EEUU"
"13273",2024,6,"AGUAS VERDES, TUMBES","CAÑA DE GUAYAQUIL, seca al natural",32000,"UNIDADES","ECUADOR"
"13274",2024,6,"PUESTO DE CONTROL TERRESTRE DESAGUADERO","LINAZA, grano",30000,"SACO(S)","BOLIVIA"
"13275",2024,6,"OFICINA PUESTO DE CONTROL MARITIMO - PROV. CONST. DEL CALLAO","TURBA",203040,"FARDOS","HOLANDA"
"13276",2024,6,"OFICINA PUESTO DE CONTROL MARITIMO - PROV. CONST. DEL CALLAO","TURBA",203040,"FARDOS","HOLANDA"
"13277",2024,6,"PUESTO DE CONTROL TERRESTRE DESAGUADERO","SOYA, torta",28024,"SACO(S)","BOLIVIA"
"13278",2024,6,"PUESTO DE CONTROL TERRESTRE DESAGUADERO","SOYA, torta",56000,"GRANEL","BOLIVIA"
"13279",2024,6,"OFICINA PUESTO DE CONTROL AEREO -  PROV. CONST. DEL CALLAO","PSYLLIUM (= PLANTAGO), cáscara en polvo",848.64,"FRASCO(S)","EEUU"
"13280",2024,6,"OFICINA PUESTO DE CONTROL MARITIMO - PROV. CONST. DEL CALLAO","TURBA",130250,"PACAS","ESTONIA"
"13281",2024,6,"OFICINA PUESTO DE CONTROL MARITIMO - PROV. CONST. DEL CALLAO","PAPA, fécula",120000,"BOLSAS","SUECIA"
"13282",2024,6,"PUESTO DE CONTROL TERRESTRE DESAGUADERO","SOYA, torta",29020,"GRANEL","BOLIVIA"
"13283",2024,6,"OFICINA PUESTO DE CONTROL MARITIMO - PROV. CONST. DEL CALLAO","CAUCHO, técnicamente especificado (TSNR)",40320,"PALETAS","GUATEMALA"
"13284",2024,6,"OFICINA PUESTO DE CONTROL MARITIMO - PROV. CONST. DEL CALLAO","CAUCHO, hojas ahumadas",25200,"PALETAS","VIETNAM"
"13285",2024,6,"PUESTO DE CONTROL TERRESTRE DESAGUADERO","MANI, grano sin cáscara",56000,"SACO(S)","BOLIVIA"
"13286",2024,6,"PUESTO DE CONTROL TERRESTRE DESAGUADERO","SOYA, torta",86500,"GRANEL","BOLIVIA"
"13287",2024,6,"PUESTO DE CONTROL TERRESTRE DESAGUADERO","SOYA, torta",116000,"SACO(S)","BOLIVIA"
"13288",2024,6,"OFICINA PUESTO DE CONTROL MARITIMO - PROV. CONST. DEL CALLAO","MANZANA, fruto fresco",79576,"CAJA(S)","CHILE"
"13289",2024,6,"PUESTO DE CONTROL TERRESTRE DESAGUADERO","AZUCAR BLANCA O REFINADA (lectura polarimetrica mayor 99.5°)",145000,"SACO(S)","BOLIVIA"
"13290",2024,6,"SANTA ROSA, TACNA","LAS DEMAS MATERIAS VEGETALES y desperdicios vegetales, residuos y subproductos vegetales",20000,"SACO(S)","CHILE"
"13291",2024,6,"PUESTO DE CONTROL TERRESTRE DESAGUADERO","AZUCAR BLANCA O REFINADA (lectura polarimetrica mayor 99.5°)",145000,"SACO(S)","BOLIVIA"
"13292",2024,6,"OFICINA PUESTO DE CONTROL MARITIMO - PROV. CONST. DEL CALLAO","PINO, madera aserrada con tratamiento de secado al horno impregnación de sales",45970,"PAQUETES","CHILE"
"13293",2024,6,"OFICINA PUESTO DE CONTROL MARITIMO - PROV. CONST. DEL CALLAO","PINO, postes de madera con algun proceso de la CRF 2",33867.5,"PAQUETES","CHILE"
"13294",2024,6,"OFICINA PUESTO DE CONTROL MARITIMO - PROV. CONST. DEL CALLAO","CANELA, corteza entera seca al natural",6500,"CAJA(S)","SRI LANKA"
"13295",2024,6,"OFICINA PUESTO DE CONTROL MARITIMO - PROV. CONST. DEL CALLAO","FREJOL CANARIO, grano",47780,"SACO(S)","MEXICO"
"13296",2024,6,"OFICINA PUESTO DE CONTROL MARITIMO - PROV. CONST. DEL CALLAO","ARVEJA, grano partido",46266,"SACO(S)","EEUU"
"13297",2024,6,"OFICINA PUESTO DE CONTROL MARITIMO - PROV. CONST. DEL CALLAO","GARBANZO, grano",92000,"SACO(S)","MEXICO"
"13298",2024,6,"OFICINA PUESTO DE CONTROL MARITIMO - PROV. CONST. DEL CALLAO","MIJO, grano",24041,"SACO(S)","CANADA"
"13299",2024,6,"OFICINA PUESTO DE CONTROL MARITIMO - PROV. CONST. DEL CALLAO","ALPISTE (=PHALARIS), grano",100651,"SACO(S)","CANADA"
"13300",2024,6,"OFICINA PUESTO DE CONTROL MARITIMO - PROV. CONST. DEL CALLAO","LENTEJA, grano",262944,"SACO(S)","CANADA"
"13301",2024,6,"PUESTO DE CONTROL TERRESTRE DESAGUADERO","AZUCAR BLANCA O REFINADA (lectura polarimetrica mayor 99.5°)",145000,"SACO(S)","BOLIVIA"
"13302",2024,6,"PUESTO DE CONTROL TERRESTRE DESAGUADERO","SOYA, torta",174000,"SACO(S)","BOLIVIA"
"13303",2024,6,"OFICINA PUESTO DE CONTROL MARITIMO - PROV. CONST. DEL CALLAO","PEREJIL, hoja seca industrial",860,"SACO(S)","ESPAÑA"
"13304",2024,6,"PUESTO DE CONTROL TERRESTRE DESAGUADERO","SOYA, torta",173000,"SACO(S)","BOLIVIA"
"13305",2024,6,"PUESTO DE CONTROL TERRESTRE DESAGUADERO","SOYA, torta",140000,"GRANEL","BOLIVIA"
"13306",2024,6,"PUESTO DE CONTROL TERRESTRE DESAGUADERO","SOYA, harina",85762,"SACO(S)","BOLIVIA"
"13307",2024,6,"OFICINA PUESTO DE CONTROL MARITIMO - PROV. CONST. DEL CALLAO","AZUCAR CRUDA, sólido",250000,"SACO(S)","GUATEMALA"
"13308",2024,6,"OFICINA PUESTO DE CONTROL MARITIMO - PROV. CONST. DEL CALLAO","PINO, madera aserrada con tratamiento de secado al horno impregnación de sales",45140,"PAQUETES","CHILE"
"13309",2024,6,"PUESTO DE CONTROL TERRESTRE DESAGUADERO","SOYA, torta",27300,"GRANEL","BOLIVIA"
"13310",2024,6,"PUESTO DE CONTROL TERRESTRE DESAGUADERO","SOYA, torta",56500,"GRANEL","BOLIVIA"
"13311",2024,6,"PUESTO DE CONTROL TERRESTRE DESAGUADERO","SOYA, torta",28020,"GRANEL","BOLIVIA"
"13312",2024,6,"PUESTO DE CONTROL TERRESTRE DESAGUADERO","SOYA, torta",56000,"GRANEL","BOLIVIA"
"13313",2024,6,"PUESTO DE CONTROL TERRESTRE DESAGUADERO","SOYA, torta",146000,"SACO(S)","BOLIVIA"
"13314",2024,6,"PUERTO DE PAITA , PIURA","MAIZ REVENTON, grano",52000,"SACO(S)","ARGENTINA"
"13315",2024,6,"PUESTO DE CONTROL TERRESTRE DESAGUADERO","SOYA, grano",55980,"GRANEL","BOLIVIA"
"13316",2024,6,"PUESTO DE CONTROL TERRESTRE DESAGUADERO","SOYA, grano",27990,"GRANEL","BOLIVIA"
"13317",2024,6,"PUESTO DE CONTROL TERRESTRE DESAGUADERO","SOYA, grano",109450,"GRANEL","BOLIVIA"
"13318",2024,6,"OFICINA PUESTO DE CONTROL MARITIMO - PROV. CONST. DEL CALLAO","MAIZ AMARILLO DURO, grano",21802330,"GRANEL","ARGENTINA"
"13319",2024,6,"OFICINA PUESTO DE CONTROL MARITIMO - PROV. CONST. DEL CALLAO","SOYA, torta",16436440,"GRANEL","ARGENTINA"
"13320",2024,6,"OFICINA PUESTO DE CONTROL MARITIMO - PROV. CONST. DEL CALLAO","ARVEJA, grano partido",174629,"SACO(S)","CANADA"
"13321",2024,6,"IÑAPARI, MADRE DE DIOS","NUEZ DEL BRASIL, con cáscara seca al natural",29000,"GRANEL","BRASIL"
"13322",2024,6,"PUESTO DE CONTROL TERRESTRE DESAGUADERO","SOYA, torta",58442,"SACO(S)","BOLIVIA"
"13323",2024,6,"PUESTO DE CONTROL TERRESTRE DESAGUADERO","SOYA, torta",83810,"GRANEL","BOLIVIA"
"13324",2024,6,"OFICINA PUESTO DE CONTROL MARITIMO - PROV. CONST. DEL CALLAO","FREJOL, grano",49896,"SACO(S)","CANADA"
"13325",2024,6,"OFICINA PUESTO DE CONTROL MARITIMO - PROV. CONST. DEL CALLAO","AZUCAR CRUDA, sólido",125000,"SACO(S)","GUATEMALA"
"13326",2024,6,"SANTA ROSA, TACNA","MANZANA, fruto fresco",23149,"CAJA(S)","ARGENTINA"
"13327",2024,6,"OFICINA PUESTO DE CONTROL MARITIMO - PROV. CONST. DEL CALLAO","FLOR DE JAMAICA, seca natural",24000,"SACO(S)","NIGERIA"
"13328",2024,6,"PUESTO DE CONTROL TERRESTRE DESAGUADERO","MANI, grano sin cáscara",28000,"SACO(S)","BOLIVIA"
"13329",2024,6,"OFICINA PUESTO DE CONTROL MARITIMO - PROV. CONST. DEL CALLAO","PINO, madera aserrada con algún proceso de la CRF2",95757.87,"PAQUETES","CHILE"
"13330",2024,6,"OFICINA PUESTO DE CONTROL MARITIMO - PROV. CONST. DEL CALLAO","FREJOL, grano",127913,"SACO(S)","EEUU"
"13331",2024,6,"OFICINA PUESTO DE CONTROL MARITIMO - PROV. CONST. DEL CALLAO","AZUCAR CRUDA, sólido",25000,"SACO(S)","COLOMBIA"
"13332",2024,6,"OFICINA PUESTO DE CONTROL AEREO -  PROV. CONST. DEL CALLAO","CEBOLLA, semilla",88.191,"SACHETS","EEUU"
"13333",2024,6,"OFICINA PUESTO DE CONTROL AEREO -  PROV. CONST. DEL CALLAO","TOMATE, semilla",13.616,"SACHETS","EEUU"
"13334",2024,6,"PUESTO DE CONTROL TERRESTRE DESAGUADERO","MANI, grano sin cáscara",29990,"SACO(S)","BOLIVIA"
"13335",2024,6,"PUESTO DE CONTROL TERRESTRE DESAGUADERO","SOYA, torta",56117,"SACO(S)","BOLIVIA"
"13336",2024,6,"PUESTO DE CONTROL TERRESTRE DESAGUADERO","SOYA, harina",145000,"SACO(S)","BOLIVIA"
"13337",2024,6,"PUESTO DE CONTROL TERRESTRE DESAGUADERO","SOYA, torta",146000,"SACO(S)","BOLIVIA"
"13338",2024,6,"PUESTO DE CONTROL TERRESTRE DESAGUADERO","SOYA, torta",115500,"SACO(S)","BOLIVIA"
"13339",2024,6,"OFICINA PUESTO DE CONTROL MARITIMO - PROV. CONST. DEL CALLAO","HONGO, seco",140,"CAJA(S)","CHINA"
"13340",2024,6,"OFICINA PUESTO DE CONTROL MARITIMO - PROV. CONST. DEL CALLAO","OREJAS DE JUDAS, seco industrial",770,"CAJA(S)","CHINA"
"13341",2024,6,"OFICINA PUESTO DE CONTROL MARITIMO - PROV. CONST. DEL CALLAO","HONGO, seco industrial",130,"CAJA(S)","CHINA"
"13342",2024,6,"OFICINA PUESTO DE CONTROL MARITIMO - PROV. CONST. DEL CALLAO","Shitake (Lentinus edodes), secos, incluso los cortados en trozos o en rodajas, trituradas o pulverizadas, sin otra preparación",492,"CAJA(S)","CHINA"
"13343",2024,6,"OFICINA PUESTO DE CONTROL MARITIMO - PROV. CONST. DEL CALLAO","FRUTA, secas",100,"CAJA(S)","CHINA"
"13344",2024,6,"OFICINA PUESTO DE CONTROL MARITIMO - PROV. CONST. DEL CALLAO","Las demás frutas u otros frutos, excepto las de las partidas 08.01 a 08.06, con algún proceso de la CRF 2",2000,"CAJA(S)","CHINA"
"13345",2024,6,"OFICINA PUESTO DE CONTROL MARITIMO - PROV. CONST. DEL CALLAO","AJI TABASCO (=AJI JALAPEÑO, AJI MONO), seco con algún proceso de la CRF 2",290,"CAJA(S)","CHINA"
"13346",2024,6,"OFICINA PUESTO DE CONTROL MARITIMO - PROV. CONST. DEL CALLAO","LAS DEMAS, especias con algún proceso de la CRF 2",250,"CAJA(S)","CHINA"
"13347",2024,6,"OFICINA PUESTO DE CONTROL MARITIMO - PROV. CONST. DEL CALLAO","LAS DEMAS PLANTAS, partes de plantas, semillas y frutos de especies utilizadas principalmente en perfumeria,medicina insecticidas o similares con algún proceso del a CRF 2",184,"CAJA(S)","CHINA"
"13348",2024,6,"OFICINA PUESTO DE CONTROL MARITIMO - PROV. CONST. DEL CALLAO","BAMBU, hoja seca industrial",320,"CAJA(S)","CHINA"
"13349",2024,6,"PUESTO DE CONTROL TERRESTRE DESAGUADERO","SOYA, torta",83670,"GRANEL","BOLIVIA"
"13350",2024,6,"PUESTO DE CONTROL TERRESTRE DESAGUADERO","SOYA, torta",86040,"GRANEL","BOLIVIA"
"13351",2024,6,"PUESTO DE CONTROL TERRESTRE DESAGUADERO","SOYA, torta",55820,"GRANEL","BOLIVIA"
"13352",2024,6,"OFICINA PUESTO DE CONTROL MARITIMO - PROV. CONST. DEL CALLAO","AZUCAR CRUDA, sólido",249225,"SACO(S)","GUATEMALA"
"13353",2024,6,"PUESTO DE CONTROL TERRESTRE DESAGUADERO","SOYA, torta",113550,"GRANEL","BOLIVIA"
"13354",2024,6,"PUESTO DE CONTROL TERRESTRE DESAGUADERO","SOYA, torta",56600,"GRANEL","BOLIVIA"
"13355",2024,6,"OFICINA PUESTO DE CONTROL MARITIMO - PROV. CONST. DEL CALLAO","ALFALFA, semilla",25000,"SACO(S)","CANADA"
"13356",2024,6,"PUESTO DE CONTROL TERRESTRE DESAGUADERO","SOYA, torta",28000,"GRANEL","BOLIVIA"
"13357",2024,6,"SANTA ROSA, TACNA","ZANAHORIA, seca industrialmente/ deshidratado",900,"CAJA(S)","CHILE"
"13358",2024,6,"PUESTO DE CONTROL TERRESTRE DESAGUADERO","SOYA, harina",24539,"SACO(S)","BOLIVIA"
"13359",2024,6,"PUESTO DE CONTROL TERRESTRE DESAGUADERO","GIRASOL, torta",82590,"GRANEL","BOLIVIA"
"13360",2024,6,"PUESTO DE CONTROL TERRESTRE DESAGUADERO","MANI, grano sin cáscara",112000,"SACO(S)","BOLIVIA"
"13361",2024,6,"OFICINA PUESTO DE CONTROL MARITIMO - PROV. CONST. DEL CALLAO","TRIGO, gluten",49500,"BOLSAS","HOLANDA"
"13362",2024,6,"OFICINA PUESTO DE CONTROL AEREO -  PROV. CONST. DEL CALLAO","ASHWAGANDHA, en polvo",302,"BOLSAS","INDIA"
"13363",2024,6,"PUERTO DE PAITA , PIURA","FREJOL CANARIO, grano",95960,"SACO(S)","MEXICO"
"13364",2024,6,"PUESTO DE CONTROL TERRESTRE DESAGUADERO","SOYA, torta",25049,"SACO(S)","BOLIVIA"
"13365",2024,6,"PUESTO DE CONTROL TERRESTRE DESAGUADERO","SOYA, torta",140000,"GRANEL","BOLIVIA"
"13366",2024,6,"OFICINA PUESTO DE CONTROL MARITIMO - PROV. CONST. DEL CALLAO","ARROZ, parbolizado pulido o sin cáscara",132500,"SACO(S)","BRASIL"
"13367",2024,6,"OFICINA PUESTO DE CONTROL MARITIMO - PROV. CONST. DEL CALLAO","ARROZ, parbolizado pulido o sin cáscara",132500,"SACO(S)","BRASIL"
"13368",2024,6,"OFICINA PUESTO DE CONTROL MARITIMO - PROV. CONST. DEL CALLAO","ALGODON, fibra sin cardar ni peinar (>28.57 mm = o <34.92 mm)",102831,"FARDOS","EEUU"
"13369",2024,6,"PUESTO DE CONTROL TERRESTRE DESAGUADERO","SOYA, torta",145000,"SACO(S)","BOLIVIA"
"13370",2024,6,"SANTA ROSA, TACNA","MANZANA, fruto fresco",22540,"CAJA(S)","CHILE"
"13371",2024,6,"PUESTO DE CONTROL TERRESTRE DESAGUADERO","SOYA, torta",174000,"SACO(S)","BOLIVIA"
"13372",2024,6,"OFICINA PUESTO DE CONTROL MARITIMO - PROV. CONST. DEL CALLAO","PERA, fruta fresca",22680,"CAJA(S)","ARGENTINA"
"13373",2024,6,"PUESTO DE CONTROL TERRESTRE DESAGUADERO","SOYA, torta",145000,"SACO(S)","BOLIVIA"
"13374",2024,6,"OFICINA PUESTO DE CONTROL MARITIMO - PROV. CONST. DEL CALLAO","PERA, fruta fresca",22680,"CAJA(S)","ARGENTINA"
"13375",2024,6,"OFICINA PUESTO DE CONTROL MARITIMO - PROV. CONST. DEL CALLAO","PERA, fruta fresca",22680,"CAJA(S)","ARGENTINA"
"13376",2024,6,"OFICINA PUESTO DE CONTROL MARITIMO - PROV. CONST. DEL CALLAO","PERA, fruta fresca",22680,"CAJA(S)","ARGENTINA"
"13377",2024,6,"OFICINA PUESTO DE CONTROL MARITIMO - PROV. CONST. DEL CALLAO","PERA, fruta fresca",22680,"CAJA(S)","ARGENTINA"
"13378",2024,6,"OFICINA PUESTO DE CONTROL MARITIMO - PROV. CONST. DEL CALLAO","PINO, madera aserrada con algún proceso de la CRF2",22440,"PAQUETES","CHILE"
"13379",2024,6,"OFICINA PUESTO DE CONTROL MARITIMO - PROV. CONST. DEL CALLAO","PINO, madera aserrada con algún proceso de la CRF2",63162,"PALETAS","CHILE"
"13380",2024,6,"SANTA ROSA, TACNA","MANZANA, fruto fresco",22545.6,"CAJA(S)","CHILE"
"13381",2024,6,"OFICINA PUESTO DE CONTROL MARITIMO - PROV. CONST. DEL CALLAO","ARROZ, parbolizado pulido o sin cáscara",52000,"SACO(S)","TAILANDIA"
"13382",2024,6,"OFICINA PUESTO DE CONTROL MARITIMO - PROV. CONST. DEL CALLAO","MADERA, monturas y mangos de herramientas, monturas y mangos de cepillos, brochas o escobas, de madera; hormas, ensanchadores y tensores del calzado, de madera ; sin ningún tratamiento",28312,"BOLSAS","CHINA"
"13383",2024,6,"OFICINA PUESTO DE CONTROL MARITIMO - PROV. CONST. DEL CALLAO","ALGODON, fibra sin cardar ni peinar (>28.57 mm = o <34.92 mm)",140510,"FARDOS","EEUU"
"13384",2024,6,"OFICINA PUESTO DE CONTROL MARITIMO - PROV. CONST. DEL CALLAO","MANZANA, fruto fresco",59682,"CAJA(S)","EEUU"
"13385",2024,6,"OFICINA PUESTO DE CONTROL AEREO -  PROV. CONST. DEL CALLAO","MAIZ, semilla",1.8,"SACO(S)","EEUU"
"13386",2024,6,"AGUAS VERDES, TUMBES","ROSA, flores frescas cortadas",3143,"CAJA(S)","ECUADOR"
"13387",2024,6,"AGUAS VERDES, TUMBES","CLAVEL, flores frescas cortadas",100,"CAJA(S)","ECUADOR"
"13388",2024,6,"AGUAS VERDES, TUMBES","CRISANTEMO, flores frescas cortadas",50,"CAJA(S)","ECUADOR"
"13389",2024,6,"AGUAS VERDES, TUMBES","LILIUM (=AZUCENA), flores frescas cortadas",150,"CAJA(S)","ECUADOR"
"13390",2024,6,"SANTA ROSA, TACNA","PALTA, fruto fresco",24960,"CAJA(S)","CHILE"
"13391",2024,6,"OFICINA PUESTO DE CONTROL MARITIMO - PROV. CONST. DEL CALLAO","CATNIP, triturado o pulverizado (molido)",0.001,"BOLSA DE POLIETILENO","CHINA"
"13392",2024,6,"AGUAS VERDES, TUMBES","ROSA, flores frescas cortadas",2409,"CAJA(S)","ECUADOR"
"13393",2024,6,"AGUAS VERDES, TUMBES","CLAVEL, flores frescas cortadas",495,"CAJA(S)","ECUADOR"
"13394",2024,6,"AGUAS VERDES, TUMBES","CRISANTEMO, los demas flores frescas cortadas",60,"CAJA(S)","ECUADOR"
"13395",2024,6,"AGUAS VERDES, TUMBES","LILIUM (=AZUCENA), flores frescas cortadas",36,"CAJA(S)","ECUADOR"
"13396",2024,6,"OFICINA PUESTO DE CONTROL MARITIMO - PROV. CONST. DEL CALLAO","ZANAHORIA, semilla",2037.75,"BOLSAS","CHILE"
"13397",2024,6,"OFICINA PUESTO DE CONTROL MARITIMO - PROV. CONST. DEL CALLAO","UVA (PASAS), secas naturalmente",1000,"CAJA(S)","CHILE"
"13398",2024,6,"OFICINA PUESTO DE CONTROL MARITIMO - PROV. CONST. DEL CALLAO","MANZANA, fruto fresco",123480,"CAJA(S)","EEUU"
"13399",2024,6,"OFICINA PUESTO DE CONTROL MARITIMO - PROV. CONST. DEL CALLAO","KIWI, fruto fresco",4800,"CAJA(S)","CHILE"
"13400",2024,6,"OFICINA PUESTO DE CONTROL MARITIMO - PROV. CONST. DEL CALLAO","MANZANA, fruto fresco",16212,"CAJA(S)","CHILE"
"13401",2024,6,"OFICINA PUESTO DE CONTROL MARITIMO - PROV. CONST. DEL CALLAO","MANZANA, fruto fresco",41160,"CAJA(S)","EEUU"
"13402",2024,6,"PUESTO DE CONTROL TERRESTRE DESAGUADERO","MANI, grano sin cáscara",58000,"SACO(S)","BOLIVIA"
"13403",2024,6,"SANTA ROSA, TACNA","MANZANA, fruto fresco",22344,"CAJA(S)","CHILE"
"13404",2024,6,"PUESTO DE CONTROL TERRESTRE DESAGUADERO","SOYA, torta",174000,"SACO(S)","BOLIVIA"
"13405",2024,6,"OFICINA PUESTO DE CONTROL MARITIMO - PROV. CONST. DEL CALLAO","VAINITA, semilla",6500,"BOLSA DE POLIETILENO","CHILE"
"13406",2024,6,"OFICINA PUESTO DE CONTROL MARITIMO - PROV. CONST. DEL CALLAO","CAUCHO, técnicamente especificado (TSNR)",80640,"PIEZAS","INDONESIA"
"13407",2024,6,"PUESTO DE CONTROL TERRESTRE DESAGUADERO","MAIZ AMARILLO DURO, grano",58000,"SACO(S)","BOLIVIA"
"13408",2024,6,"PUESTO DE CONTROL TERRESTRE DESAGUADERO","SOYA, harina",25399,"SACO(S)","BOLIVIA"
"13409",2024,6,"OFICINA PUESTO DE CONTROL MARITIMO - PROV. CONST. DEL CALLAO","CLAVO DE OLOR, entera seca al natural",25500,"CAJA(S)","INDONESIA"
"13410",2024,6,"PUESTO DE CONTROL TERRESTRE DESAGUADERO","SOYA, torta",28060,"GRANEL","BOLIVIA"
"13411",2024,6,"PUESTO DE CONTROL TERRESTRE DESAGUADERO","SOYA, torta",53400,"GRANEL","BOLIVIA"
"13412",2024,6,"PUESTO DE CONTROL TERRESTRE DESAGUADERO","SOYA, torta",83980,"GRANEL","BOLIVIA"
"13413",2024,6,"OFICINA PUESTO DE CONTROL MARITIMO - PROV. CONST. DEL CALLAO","LAUREL, hoja seca al natural",5260,"SACO(S)","ESPAÑA"
"13414",2024,6,"PUESTO DE CONTROL TERRESTRE DESAGUADERO","GIRASOL, torta",82580,"GRANEL","BOLIVIA"
"13415",2024,6,"OFICINA PUESTO DE CONTROL AEREO -  PROV. CONST. DEL CALLAO","ARANDANO, planta in vitro",588.75,"FRASCO(S)","MEXICO"
"13416",2024,6,"SANTA ROSA, TACNA","LIMON TAHITI (Lima tahiti), fruto fresco",15432,"CAJA(S)","CHILE"
"13417",2024,6,"SANTA ROSA, TACNA","LIMON SUTIL, fruto fresco",9912,"CAJA(S)","CHILE"
"13418",2024,6,"OFICINA PUESTO DE CONTROL AEREO -  PROV. CONST. DEL CALLAO","SANDIA, semilla",1.757,"SOBRES","EEUU"
"13419",2024,6,"OFICINA PUESTO DE CONTROL MARITIMO - PROV. CONST. DEL CALLAO","LENTEJA, grano",117889,"SACO(S)","EEUU"
"13420",2024,6,"OFICINA PUESTO DE CONTROL MARITIMO - PROV. CONST. DEL CALLAO","ALMENDRA, sin cáscara, secado industrial",17486.28,"CAJA(S)","EEUU"
"13421",2024,6,"OFICINA PUESTO DE CONTROL AEREO -  PROV. CONST. DEL CALLAO","TOMATE, semilla",0.1141,"SACHETS","FRANCIA"
"13422",2024,6,"OFICINA PUESTO DE CONTROL AEREO -  PROV. CONST. DEL CALLAO","SANDIA, semilla",1.133,"SACHETS","EEUU"
"13423",2024,6,"OFICINA PUESTO DE CONTROL AEREO -  PROV. CONST. DEL CALLAO","MELON, semilla",1.362,"SACHETS","HOLANDA"
"13424",2024,6,"OFICINA PUESTO DE CONTROL AEREO -  PROV. CONST. DEL CALLAO","ZAPALLO (CALABAZA AMARILLA), semilla",6.16,"SACHETS","HOLANDA"
"13425",2024,6,"OFICINA PUESTO DE CONTROL AEREO -  PROV. CONST. DEL CALLAO","TOMATE, semilla",0.0244,"SACHETS","HOLANDA"
"13426",2024,6,"OFICINA PUESTO DE CONTROL AEREO -  PROV. CONST. DEL CALLAO","LECHUGA, semilla",0.0816,"SACHETS","FRANCIA"
"13427",2024,6,"OFICINA PUESTO DE CONTROL AEREO -  PROV. CONST. DEL CALLAO","UVA (PASAS), secas industrialmente",10,"CAJA(S)","ARGENTINA"
"13428",2024,6,"PUERTO DE PAITA , PIURA","AZUCAR BLANCA O REFINADA (lectura polarimetrica mayor 99.5°)",140000,"BIG BAG","GUATEMALA"
"13429",2024,6,"PUERTO DE PAITA , PIURA","AZUCAR BLANCA O REFINADA (lectura polarimetrica mayor 99.5°)",45500,"SACO(S)","GUATEMALA"
"13430",2024,6,"OFICINA PUESTO DE CONTROL AEREO -  PROV. CONST. DEL CALLAO","UVA (PASAS), secas industrialmente",10,"CAJA(S)","ARGENTINA"
"13431",2024,6,"OFICINA PUESTO DE CONTROL MARITIMO - PROV. CONST. DEL CALLAO","AZUCAR BLANCA O REFINADA (lectura polarimetrica mayor 99.5°)",199774,"BIG BAG","GUATEMALA"
"13432",2024,6,"OFICINA PUESTO DE CONTROL MARITIMO - PROV. CONST. DEL CALLAO","AZUCAR BLANCA O REFINADA (lectura polarimetrica mayor 99.5°)",64926,"SACO(S)","GUATEMALA"
"13433",2024,6,"OFICINA PUESTO DE CONTROL MARITIMO - PROV. CONST. DEL CALLAO","GARBANZO, grano",47000,"SACO(S)","MEXICO"
"13434",2024,6,"OFICINA PUESTO DE CONTROL MARITIMO - PROV. CONST. DEL CALLAO","LENTEJA, grano",70761,"SACO(S)","EEUU"
"13435",2024,6,"OFICINA PUESTO DE CONTROL MARITIMO - PROV. CONST. DEL CALLAO","GARBANZO, grano",47000,"SACO(S)","MEXICO"
"13436",2024,6,"OFICINA PUESTO DE CONTROL MARITIMO - PROV. CONST. DEL CALLAO","CANELA, corteza entera seca al natural",12500,"SACO(S)","SRI LANKA"
"13437",2024,6,"PUESTO DE CONTROL TERRESTRE DESAGUADERO","GIRASOL, torta",27580,"GRANEL","BOLIVIA"
"13438",2024,6,"PUESTO DE CONTROL TERRESTRE DESAGUADERO","SOYA, torta",83200,"GRANEL","BOLIVIA"
"13439",2024,6,"PUESTO DE CONTROL TERRESTRE DESAGUADERO","SOYA, torta",55920,"GRANEL","BOLIVIA"
"13440",2024,6,"PUESTO DE CONTROL TERRESTRE DESAGUADERO","SOYA, torta",56000,"GRANEL","BOLIVIA"
"13441",2024,6,"PUESTO DE CONTROL TERRESTRE DESAGUADERO","SOYA, torta",87000,"GRANEL","BOLIVIA"
"13442",2024,6,"OFICINA PUESTO DE CONTROL MARITIMO - PROV. CONST. DEL CALLAO","GARBANZO, grano",23000,"SACO(S)","MEXICO"
"13443",2024,6,"PUESTO DE CONTROL TERRESTRE DESAGUADERO","SOYA, torta",112000,"GRANEL","BOLIVIA"
"13444",2024,6,"PUESTO DE CONTROL TERRESTRE DESAGUADERO","SOYA, torta",56000,"GRANEL","BOLIVIA"
"13445",2024,6,"OFICINA PUESTO DE CONTROL AEREO -  PROV. CONST. DEL CALLAO","TOMATE, semilla",0.012188,"SACHETS","HOLANDA"
"13446",2024,6,"PUESTO DE CONTROL TERRESTRE DESAGUADERO","SOYA, torta",141500,"SACO(S)","BOLIVIA"
"13447",2024,6,"PUESTO DE CONTROL TERRESTRE DESAGUADERO","SOYA, torta",119000,"SACO(S)","BOLIVIA"
"13448",2024,6,"PUESTO DE CONTROL TERRESTRE DESAGUADERO","SOYA, harina",174000,"SACO(S)","BOLIVIA"
"13449",2024,6,"PUESTO DE CONTROL TERRESTRE DESAGUADERO","SOYA, torta",145000,"SACO(S)","BOLIVIA"
"13450",2024,6,"PUESTO DE CONTROL TERRESTRE DESAGUADERO","SOYA, torta",29000,"SACO(S)","BOLIVIA"
"13451",2024,6,"OFICINA PUESTO DE CONTROL MARITIMO - PROV. CONST. DEL CALLAO","MANZANA, fruto fresco",20580,"CAJA(S)","EEUU"
"13452",2024,6,"OFICINA PUESTO DE CONTROL MARITIMO - PROV. CONST. DEL CALLAO","PINO, madera aserrada con algún proceso de la CRF2",21424,"PAQUETES","CHILE"
"13453",2024,6,"OFICINA PUESTO DE CONTROL MARITIMO - PROV. CONST. DEL CALLAO","PINO, madera aserrada con algún proceso de la CRF2",21868,"PAQUETES","CHILE"
"13454",2024,6,"OFICINA PUESTO DE CONTROL MARITIMO - PROV. CONST. DEL CALLAO","PINO, madera aserrada con algún proceso de la CRF2",21681,"PAQUETES","CHILE"
"13455",2024,6,"OFICINA PUESTO DE CONTROL MARITIMO - PROV. CONST. DEL CALLAO","PINO, madera aserrada con algún proceso de la CRF2",58331,"PAQUETES","CHILE"
"13456",2024,6,"OFICINA PUESTO DE CONTROL AEREO -  PROV. CONST. DEL CALLAO","TOMATE, semilla",1.324,"SACHETS","ISRAEL"
"13457",2024,6,"PUESTO DE CONTROL TERRESTRE DESAGUADERO","SOYA, harina",145000,"SACO(S)","BOLIVIA"
"13458",2024,6,"OFICINA PUESTO DE CONTROL MARITIMO - PROV. CONST. DEL CALLAO","CIRUELA, con algún proceso de la CRF 2",20240,"CAJA(S)","CHILE"
"13459",2024,6,"OFICINA PUESTO DE CONTROL MARITIMO - PROV. CONST. DEL CALLAO","LENTEJA, grano",199944,"SACO(S)","CANADA"
"13460",2024,6,"OFICINA PUESTO DE CONTROL MARITIMO - PROV. CONST. DEL CALLAO","AZUCAR CRUDA, sólido",250000,"SACO(S)","NICARAGUA"
"13461",2024,6,"PUERTO DE MATARANI , AREQUIPA","MADERA, en bruto de coníferas tratada agentes de conservación
",7156,"PIEZAS","EEUU"
"13462",2024,6,"OFICINA PUESTO DE CONTROL MARITIMO - PROV. CONST. DEL CALLAO","MADERA, monturas y mangos de herramientas, monturas y mangos de cepillos, brochas o escobas, de madera; hormas, ensanchadores y tensores del calzado, de madera ; con algún proceso de la CRF 2",28250,"SACO(S)","CHINA"
"13463",2024,6,"OFICINA PUESTO DE CONTROL AEREO -  PROV. CONST. DEL CALLAO","PISTACHOS sin cáscara, secas o mondado o rallado",56.15,"CAJA(S)","EEUU"
"13464",2024,6,"OFICINA PUESTO DE CONTROL AEREO -  PROV. CONST. DEL CALLAO","ENEBRO, bayas sin triturar ni pulverizar con secado al horno o industrial",160.84,"FRASCO(S)","EEUU"
"13465",2024,6,"OFICINA PUESTO DE CONTROL MARITIMO - PROV. CONST. DEL CALLAO","MANZANA, fruto fresco",37044,"CAJA(S)","EEUU"
"13466",2024,6,"OFICINA PUESTO DE CONTROL MARITIMO - PROV. CONST. DEL CALLAO","NARANJA, fruto fresco",24000,"CAJA(S)","CHILE"
"13467",2024,6,"OFICINA PUESTO DE CONTROL MARITIMO - PROV. CONST. DEL CALLAO","ARANDANO, planta",12000,"BINES DE MADERA","CHILE"
"13468",2024,6,"PUESTO DE CONTROL TERRESTRE DESAGUADERO","SOYA, torta",58000,"GRANEL","BOLIVIA"
"13469",2024,6,"PUESTO DE CONTROL TERRESTRE DESAGUADERO","MAIZ AMARILLO DURO, grano",1000,"SACO(S)","BOLIVIA"
"13470",2024,6,"PUESTO DE CONTROL TERRESTRE DESAGUADERO","MAIZ AMARILLO DURO, grano",28000,"SACO(S)","BOLIVIA"
"13471",2024,6,"PUESTO DE CONTROL TERRESTRE DESAGUADERO","SOYA, grano",58000,"SACO(S)","BOLIVIA"
"13472",2024,6,"PUESTO DE CONTROL TERRESTRE DESAGUADERO","SOYA, grano",56000,"GRANEL","BOLIVIA"
"13473",2024,6,"PUESTO DE CONTROL TERRESTRE DESAGUADERO","SOYA, grano",54980,"GRANEL","BOLIVIA"
"13474",2024,6,"PUESTO DE CONTROL TERRESTRE DESAGUADERO","SOYA, grano",56000,"GRANEL","BOLIVIA"
"13475",2024,6,"PUESTO DE CONTROL TERRESTRE DESAGUADERO","SOYA, grano",57000,"GRANEL","BOLIVIA"
"13476",2024,6,"PUESTO DE CONTROL TERRESTRE DESAGUADERO","SOYA, torta",56000,"GRANEL","BRASIL"
"13477",2024,6,"PUESTO DE CONTROL TERRESTRE DESAGUADERO","SOYA, torta",84000,"GRANEL","BOLIVIA"
"13478",2024,6,"OFICINA PUESTO DE CONTROL MARITIMO - PROV. CONST. DEL CALLAO","ARROZ, grano pilado",5e+05,"SACO(S)","URUGUAY"
"13479",2024,6,"OFICINA PUESTO DE CONTROL MARITIMO - PROV. CONST. DEL CALLAO","TURBA",279330,"FARDOS","ESTONIA"
"13480",2024,6,"OFICINA PUESTO DE CONTROL MARITIMO - PROV. CONST. DEL CALLAO","ACHIOTE, grano",40000,"BOLSA DE POLIETILENO","GUATEMALA"
"13481",2024,6,"OFICINA PUESTO DE CONTROL MARITIMO - PROV. CONST. DEL CALLAO","ACHIOTE, grano",40000,"BOLSA DE POLIETILENO","GUATEMALA"
"13482",2024,6,"OFICINA PUESTO DE CONTROL MARITIMO - PROV. CONST. DEL CALLAO","ACHIOTE, grano",17838,"BOLSA DE POLIETILENO","COSTA DE MARFIL"
"13483",2024,6,"OFICINA PUESTO DE CONTROL MARITIMO - PROV. CONST. DEL CALLAO","MANZANILLA, hoja, flor y tallo seco",14000,"SACO(S)","MEXICO"
"13484",2024,6,"OFICINA PUESTO DE CONTROL MARITIMO - PROV. CONST. DEL CALLAO","CANELA, triturada o pulverizada (molida)",4000,"SACO(S)","MEXICO"
"13485",2024,6,"PUESTO DE CONTROL TERRESTRE DESAGUADERO","SOYA, torta",109000,"GRANEL","BOLIVIA"
"13486",2024,6,"PUESTO DE CONTROL TERRESTRE DESAGUADERO","SOYA, torta",84000,"GRANEL","BOLIVIA"
"13487",2024,6,"PUESTO DE CONTROL TERRESTRE DESAGUADERO","SOYA, harina",114000,"SACO(S)","BOLIVIA"
"13488",2024,6,"OFICINA PUESTO DE CONTROL AEREO -  PROV. CONST. DEL CALLAO","CANELA, corteza entera seca al natural",0.6,"CAJA(S)","SRI LANKA"
"13489",2024,6,"OFICINA PUESTO DE CONTROL AEREO -  PROV. CONST. DEL CALLAO","COCO, fibra (para sustrato)",425,"CAJA(S)","SRI LANKA"
"13490",2024,6,"PUESTO DE CONTROL TERRESTRE DESAGUADERO","SOYA, torta",114000,"SACO(S)","BOLIVIA"
"13491",2024,6,"OFICINA PUESTO DE CONTROL MARITIMO - PROV. CONST. DEL CALLAO","CATNIP, triturado o pulverizado (molido)",214.853,"UNIDADES","CHINA"
"13492",2024,6,"OFICINA PUESTO DE CONTROL MARITIMO - PROV. CONST. DEL CALLAO","MARCOS, madera",17.983,"UNIDADES","EEUU"
"13493",2024,6,"PUESTO DE CONTROL- CEBAF","PIMIENTA, grano",5000,"SACO(S)","ECUADOR"
"13494",2024,6,"AGUAS VERDES, TUMBES","PIMIENTA, barreduras",3000,"SACO(S)","ECUADOR"
"13495",2024,6,"SANTA ROSA, TACNA","MANZANA, fruto fresco",22579.2,"CAJA(S)","CHILE"
"13496",2024,6,"OFICINA PUESTO DE CONTROL MARITIMO - PROV. CONST. DEL CALLAO","PINO, madera aserrada con algún proceso de la CRF2",48700,"PAQUETES","CHILE"
"13497",2024,6,"OFICINA PUESTO DE CONTROL MARITIMO - PROV. CONST. DEL CALLAO","ALFALFA, semilla",40000,"SACO(S)","EEUU"
"13498",2024,6,"PUERTO DE MATARANI , AREQUIPA","AZUCAR BLANCA O REFINADA (lectura polarimetrica mayor 99.5°)",265000,"SACO(S)","GUATEMALA"
"13499",2024,6,"PUERTO DE MATARANI , AREQUIPA","AZUCAR BLANCA O REFINADA (lectura polarimetrica mayor 99.5°)",79500,"SACO(S)","GUATEMALA"
"13500",2024,6,"SANTA ROSA, TACNA","MANZANA, fruto fresco",22334.2,"CAJA(S)","CHILE"
"13501",2024,6,"PUERTO DE MATARANI , AREQUIPA","AZUCAR BLANCA O REFINADA (lectura polarimetrica mayor 99.5°)",397500,"SACO(S)","GUATEMALA"
"13502",2024,6,"PUERTO DE MATARANI , AREQUIPA","AZUCAR BLANCA O REFINADA (lectura polarimetrica mayor 99.5°)",26500,"SACO(S)","GUATEMALA"
"13503",2024,6,"PUESTO DE CONTROL TERRESTRE DESAGUADERO","MANI, grano sin cáscara",60000,"SACO(S)","BOLIVIA"
"13504",2024,6,"OFICINA PUESTO DE CONTROL MARITIMO - PROV. CONST. DEL CALLAO","LAUREL, hoja seca al natural",12000,"SACO(S)","CHINA"
"13505",2024,6,"OFICINA PUESTO DE CONTROL MARITIMO - PROV. CONST. DEL CALLAO","AVENA, grano aplastado o en copos (hojuelas)",52000,"SACO(S)","CHILE"
"13506",2024,6,"PUESTO DE CONTROL TERRESTRE DESAGUADERO","SOYA, grano",140000,"GRANEL","BOLIVIA"
"13507",2024,6,"OFICINA PUESTO DE CONTROL MARITIMO - PROV. CONST. DEL CALLAO","NUEZ, con cáscara seca al natural",40000,"SACO(S)","CHILE"
"13508",2024,6,"SANTA ROSA, TACNA","MANZANA, fruto fresco",21520.8,"CAJA(S)","CHILE"
"13509",2024,6,"SANTA ROSA, TACNA","MANZANA, fruto fresco",23520,"CAJA(S)","CHILE"
"13510",2024,6,"OFICINA PUESTO DE CONTROL MARITIMO - PROV. CONST. DEL CALLAO","ARROZ, parbolizado pulido o sin cáscara",132500,"SACO(S)","BRASIL"
"13511",2024,6,"OFICINA PUESTO DE CONTROL MARITIMO - PROV. CONST. DEL CALLAO","ARROZ, parbolizado pulido o sin cáscara",132500,"SACO(S)","BRASIL"
"13512",2024,6,"PUESTO DE CONTROL TERRESTRE DESAGUADERO","SOYA, torta",116000,"SACO(S)","BOLIVIA"
"13513",2024,6,"OFICINA PUESTO DE CONTROL MARITIMO - PROV. CONST. DEL CALLAO","ARROZ, parbolizado pulido o sin cáscara",132500,"SACO(S)","BRASIL"
"13514",2024,6,"PUESTO DE CONTROL TERRESTRE DESAGUADERO","SOYA, torta",112000,"SACO(S)","BOLIVIA"
"13515",2024,6,"OFICINA PUESTO DE CONTROL AEREO -  PROV. CONST. DEL CALLAO","LECHUGA, semilla",263.391,"LATAS","HOLANDA"
"13516",2024,6,"OFICINA PUESTO DE CONTROL AEREO -  PROV. CONST. DEL CALLAO","APIO, semilla",5,"SACHETS","HOLANDA"
"13517",2024,6,"OFICINA PUESTO DE CONTROL AEREO -  PROV. CONST. DEL CALLAO","APIO, semilla",14.687,"LATAS","HOLANDA"
"13518",2024,6,"OFICINA PUESTO DE CONTROL AEREO -  PROV. CONST. DEL CALLAO","PEPINILLO, semilla",8.421,"SACHETS","HOLANDA"
"13519",2024,6,"OFICINA PUESTO DE CONTROL AEREO -  PROV. CONST. DEL CALLAO","TOMATE, semilla",0.167,"SACHETS","HOLANDA"
"13520",2024,6,"PUESTO DE CONTROL TERRESTRE DESAGUADERO","SOYA, torta",144000,"SACO(S)","BOLIVIA"
"13521",2024,6,"OFICINA PUESTO DE CONTROL MARITIMO - PROV. CONST. DEL CALLAO","AZUCAR CRUDA, sólido",25000,"SACO(S)","NICARAGUA"
"13522",2024,6,"PUESTO DE CONTROL TERRESTRE DESAGUADERO","MANI, grano sin cáscara",30000,"SACO(S)","BOLIVIA"
"13523",2024,6,"OFICINA PUESTO DE CONTROL MARITIMO - PROV. CONST. DEL CALLAO","MANI, grano sin cáscara",74860,"SACO(S)","BRASIL"
"13524",2024,6,"SANTA ROSA, TACNA","MANZANA, fruto fresco",23520,"CAJA(S)","CHILE"
"13525",2024,6,"SANTA ROSA, TACNA","MANZANA, fruto fresco",22809.5,"CAJA(S)","CHILE"
"13526",2024,6,"PUESTO DE CONTROL TERRESTRE DESAGUADERO","SOYA, torta",56500,"GRANEL","BOLIVIA"
"13527",2024,6,"PUESTO DE CONTROL TERRESTRE DESAGUADERO","SOYA, torta",28530,"GRANEL","BOLIVIA"
"13528",2024,6,"PUESTO DE CONTROL TERRESTRE DESAGUADERO","SOYA, torta",56000,"GRANEL","BOLIVIA"
"13529",2024,6,"PUESTO DE CONTROL TERRESTRE DESAGUADERO","SOYA, torta",54000,"GRANEL","BOLIVIA"
"13530",2024,6,"PUESTO DE CONTROL TERRESTRE DESAGUADERO","GIRASOL, torta",76180,"GRANEL","BOLIVIA"
"13531",2024,6,"PUESTO DE CONTROL TERRESTRE DESAGUADERO","SOYA, torta",53000,"GRANEL","BOLIVIA"
"13532",2024,6,"PUESTO DE CONTROL TERRESTRE DESAGUADERO","SOYA, torta",54090,"GRANEL","BOLIVIA"
"13533",2024,6,"OFICINA PUESTO DE CONTROL MARITIMO - PROV. CONST. DEL CALLAO","UVA (PASAS), secas industrialmente",24000,"CAJA(S)","CHILE"
"13534",2024,6,"OFICINA PUESTO DE CONTROL AEREO -  PROV. CONST. DEL CALLAO","UVA (PASAS), secas industrialmente",10,"CAJA(S)","ARGENTINA"
"13535",2024,6,"PUESTO DE CONTROL TERRESTRE DESAGUADERO","SOYA, torta",115500,"GRANEL","BOLIVIA"
"13536",2024,6,"PUESTO DE CONTROL TERRESTRE DESAGUADERO","GIRASOL, torta",79090,"GRANEL","BOLIVIA"
"13537",2024,6,"PUESTO DE CONTROL TERRESTRE DESAGUADERO","SOYA, torta",83790,"GRANEL","BOLIVIA"
"13538",2024,6,"PUESTO DE CONTROL TERRESTRE DESAGUADERO","SOYA, torta",28950,"GRANEL","BOLIVIA"
"13539",2024,6,"PUESTO DE CONTROL TERRESTRE DESAGUADERO","SOYA, torta",55060,"GRANEL","BOLIVIA"
"13540",2024,6,"OFICINA PUESTO DE CONTROL AEREO -  PROV. CONST. DEL CALLAO","UVA (PASAS), secas industrialmente",10,"CAJA(S)","ARGENTINA"
"13541",2024,6,"OFICINA PUESTO DE CONTROL AEREO -  PROV. CONST. DEL CALLAO","ARROZ, semilla",13,"BOLSAS","COLOMBIA"
"13542",2024,6,"OFICINA PUESTO DE CONTROL MARITIMO - PROV. CONST. DEL CALLAO","AVENA, grano aplastado o en copos (hojuelas)",105000,"SACO(S)","CHILE"
"13543",2024,6,"OFICINA PUESTO DE CONTROL MARITIMO - PROV. CONST. DEL CALLAO","CLAVO DE OLOR, entera seca al natural",24750,"CAJA(S)","INDONESIA"
"13544",2024,6,"OFICINA PUESTO DE CONTROL MARITIMO - PROV. CONST. DEL CALLAO","GARBANZO, grano",88000,"SACO(S)","MEXICO"
"13545",2024,6,"OFICINA PUESTO DE CONTROL MARITIMO - PROV. CONST. DEL CALLAO","YUTE, sacos",7400,"FARDOS","INDIA"
"13546",2024,6,"OFICINA PUESTO DE CONTROL MARITIMO - PROV. CONST. DEL CALLAO","GARBANZO, grano",44000,"SACO(S)","MEXICO"
"13547",2024,6,"OFICINA PUESTO DE CONTROL MARITIMO - PROV. CONST. DEL CALLAO","GARBANZO, grano",70500,"SACO(S)","MEXICO"
"13548",2024,6,"OFICINA PUESTO DE CONTROL MARITIMO - PROV. CONST. DEL CALLAO","CENTENO, harina",3000,"SACO(S)","CHILE"
"13549",2024,6,"OFICINA PUESTO DE CONTROL MARITIMO - PROV. CONST. DEL CALLAO","SOYA, harina",400,"SACO(S)","CHILE"
"13550",2024,6,"OFICINA PUESTO DE CONTROL MARITIMO - PROV. CONST. DEL CALLAO","AZUCAR BLANCA O REFINADA (lectura polarimetrica mayor 99.5°)",265000,"SACO(S)","GUATEMALA"
"13551",2024,6,"AGUAS VERDES, TUMBES","PITAHAYA, fruto fresco",27000,"CAJA(S)","ECUADOR"
"13552",2024,6,"OFICINA PUESTO DE CONTROL MARITIMO - PROV. CONST. DEL CALLAO","AZUCAR BLANCA O REFINADA (lectura polarimetrica mayor 99.5°)",268350,"SACO(S)","BRASIL"
"13553",2024,6,"OFICINA PUESTO DE CONTROL MARITIMO - PROV. CONST. DEL CALLAO","AZUCAR BLANCA O REFINADA (lectura polarimetrica mayor 99.5°)",53000,"SACO(S)","NICARAGUA"
"13554",2024,6,"OFICINA PUESTO DE CONTROL MARITIMO - PROV. CONST. DEL CALLAO","PINO, madera aserrada con tratamiento de secado al horno o impregnación de sales",54100,"PAQUETES","ARGENTINA"
"13555",2024,6,"OFICINA PUESTO DE CONTROL MARITIMO - PROV. CONST. DEL CALLAO","PERA, fruta fresca",23814,"CAJA(S)","ARGENTINA"
"13556",2024,6,"OFICINA PUESTO DE CONTROL MARITIMO - PROV. CONST. DEL CALLAO","PSYLLIUM (=ISPHAGULA), polvo",4800,"BOLSAS","INDIA"
"13557",2024,6,"OFICINA PUESTO DE CONTROL MARITIMO - PROV. CONST. DEL CALLAO","PAPA, hojuelas y pellets",20160,"BOLSAS","ALEMANIA"
"13558",2024,6,"OFICINA PUESTO DE CONTROL MARITIMO - PROV. CONST. DEL CALLAO","ARROZ, grano pilado",125000,"SACO(S)","URUGUAY"
"13559",2024,6,"OFICINA PUESTO DE CONTROL MARITIMO - PROV. CONST. DEL CALLAO","MANZANA, fruto fresco",22344,"CAJA(S)","ARGENTINA"
"13560",2024,6,"OFICINA PUESTO DE CONTROL MARITIMO - PROV. CONST. DEL CALLAO","PERA, fruta fresca",25137,"CAJA(S)","ARGENTINA"
"13561",2024,6,"PUESTO DE CONTROL TERRESTRE DESAGUADERO","SOYA, torta",85000,"GRANEL","BOLIVIA"
"13562",2024,6,"PUESTO DE CONTROL TERRESTRE DESAGUADERO","SOYA, torta",56000,"GRANEL","BOLIVIA"
"13563",2024,6,"PUESTO DE CONTROL TERRESTRE DESAGUADERO","SOYA, grano",56000,"GRANEL","BOLIVIA"
"13564",2024,6,"OFICINA PUESTO DE CONTROL MARITIMO - PROV. CONST. DEL CALLAO","PERA, fruta fresca",25137,"CAJA(S)","ARGENTINA"
"13565",2024,6,"OFICINA PUESTO DE CONTROL MARITIMO - PROV. CONST. DEL CALLAO","MANZANA, fruto fresco",19551,"CAJA(S)","ARGENTINA"
"13566",2024,6,"OFICINA PUESTO DE CONTROL MARITIMO - PROV. CONST. DEL CALLAO","PERA, fruta fresca",25137,"CAJA(S)","ARGENTINA"
"13567",2024,6,"OFICINA PUESTO DE CONTROL MARITIMO - PROV. CONST. DEL CALLAO","YUTE, sacos",12750,"SACO(S)","BANGLADESH"
"13568",2024,6,"PUESTO DE CONTROL TERRESTRE DESAGUADERO","SOYA, grano",84000,"GRANEL","BOLIVIA"
"13569",2024,6,"OFICINA PUESTO DE CONTROL MARITIMO - PROV. CONST. DEL CALLAO","MAIZ AMARILLO DURO, grano",27500000,"GRANEL","ARGENTINA"
"13570",2024,6,"OFICINA PUESTO DE CONTROL MARITIMO - PROV. CONST. DEL CALLAO","SOYA, grano",7700000,"GRANEL","ARGENTINA"
"13571",2024,6,"OFICINA PUESTO DE CONTROL MARITIMO - PROV. CONST. DEL CALLAO","LENTEJA, grano",23133,"SACO(S)","EEUU"
"13572",2024,6,"PUESTO DE CONTROL TERRESTRE DESAGUADERO","SOYA, torta",112000,"GRANEL","BOLIVIA"
"13573",2024,6,"OFICINA PUESTO DE CONTROL MARITIMO - PROV. CONST. DEL CALLAO","AZUCAR BLANCA O REFINADA (lectura polarimetrica mayor 99.5°)",265000,"SACO(S)","GUATEMALA"
"13574",2024,6,"OFICINA PUESTO DE CONTROL MARITIMO - PROV. CONST. DEL CALLAO","MANZANA, fruto fresco",20580,"CAJA(S)","EEUU"
"13575",2024,6,"PUESTO DE CONTROL TERRESTRE DESAGUADERO","GIRASOL, torta",84350,"GRANEL","BOLIVIA"
"13576",2024,6,"PUESTO DE CONTROL TERRESTRE DESAGUADERO","MANI, grano sin cáscara",29000,"SACO(S)","BOLIVIA"
"13577",2024,6,"PUESTO DE CONTROL TERRESTRE DESAGUADERO","SOYA, torta",27000,"GRANEL","BOLIVIA"
"13578",2024,6,"OFICINA PUESTO DE CONTROL MARITIMO - PROV. CONST. DEL CALLAO","Articulos para fiestas de navidad que sean o contengan material vegetal
",685.835,"UNIDADES","CHINA"
"13579",2024,6,"OFICINA PUESTO DE CONTROL MARITIMO - PROV. CONST. DEL CALLAO","Articulos para fiestas de navidad que sean o contengan material vegetal
",1108.55,"CAJA(S)","CHINA"
"13580",2024,6,"AGUAS VERDES, TUMBES","PITAHAYA, fruto fresco",5000,"CAJA(S)","ECUADOR"
"13581",2024,6,"AGUAS VERDES, TUMBES","CAÑA DE GUAYAQUIL, seca al natural",32000,"UNIDADES","ECUADOR"
"13582",2024,6,"OFICINA PUESTO DE CONTROL MARITIMO - PROV. CONST. DEL CALLAO","AZUCAR BLANCA O REFINADA (lectura polarimetrica mayor 99.5°)",250000,"SACO(S)","GUATEMALA"
"13583",2024,6,"PUESTO DE CONTROL TERRESTRE DESAGUADERO","SOYA, grano",84000,"GRANEL","BOLIVIA"
"13584",2024,6,"PUESTO DE CONTROL TERRESTRE DESAGUADERO","SOYA, torta",115000,"SACO(S)","BOLIVIA"
"13585",2024,6,"PUESTO DE CONTROL TERRESTRE DESAGUADERO","SOYA, torta",56010,"GRANEL","BOLIVIA"
"13586",2024,6,"PUESTO DE CONTROL TERRESTRE DESAGUADERO","SOYA, torta",85000,"GRANEL","BOLIVIA"
"13587",2024,6,"PUESTO DE CONTROL TERRESTRE DESAGUADERO","SOYA, torta",27944,"SACO(S)","BOLIVIA"
"13588",2024,6,"PUESTO DE CONTROL TERRESTRE DESAGUADERO","SOYA, torta",24969,"SACO(S)","BOLIVIA"
"13589",2024,6,"PUESTO DE CONTROL TERRESTRE DESAGUADERO","SOYA, harina",25068,"SACO(S)","BOLIVIA"
"13590",2024,6,"PUESTO DE CONTROL TERRESTRE DESAGUADERO","SOYA, torta",56000,"GRANEL","BOLIVIA"
"13591",2024,6,"OFICINA PUESTO DE CONTROL MARITIMO - PROV. CONST. DEL CALLAO","MANZANA, fruto fresco",41160,"CAJA(S)","EEUU"
"13592",2024,6,"PUERTO DE PAITA , PIURA","ARVEJA, grano partido",92532,"SACO(S)","EEUU"
"13593",2024,6,"PUESTO DE CONTROL TERRESTRE DESAGUADERO","SOYA, torta",84000,"GRANEL","BOLIVIA"
"13594",2024,6,"PUESTO DE CONTROL TERRESTRE DESAGUADERO","SOYA, torta",56000,"GRANEL","BOLIVIA"
"13595",2024,6,"PUESTO DE CONTROL TERRESTRE DESAGUADERO","SOYA, torta",85000,"GRANEL","BOLIVIA"
"13596",2024,6,"OFICINA PUESTO DE CONTROL AEREO -  PROV. CONST. DEL CALLAO","SANDIA, semilla",0.181,"SACHETS","HOLANDA"
"13597",2024,6,"OFICINA PUESTO DE CONTROL AEREO -  PROV. CONST. DEL CALLAO","PEPINILLO, semilla",4.39,"SACHETS","ESPAÑA"
"13598",2024,6,"PUESTO DE CONTROL TERRESTRE DESAGUADERO","SOYA, torta",112000,"GRANEL","BOLIVIA"
"13599",2024,6,"PUESTO DE CONTROL TERRESTRE DESAGUADERO","SOYA, torta",56210,"GRANEL","BOLIVIA"
"13600",2024,6,"PUESTO DE CONTROL TERRESTRE DESAGUADERO","SOYA, torta",28040,"GRANEL","BOLIVIA"
"13601",2024,6,"OFICINA PUESTO DE CONTROL MARITIMO - PROV. CONST. DEL CALLAO","AZUCAR BLANCA O REFINADA (lectura polarimetrica mayor 99.5°)",135000,"SACO(S)","BRASIL"
"13602",2024,6,"PUESTO DE CONTROL TERRESTRE DESAGUADERO","AZUCAR BLANCA O REFINADA (lectura polarimetrica mayor 99.5°)",87000,"SACO(S)","BOLIVIA"
"13603",2024,6,"PUESTO DE CONTROL TERRESTRE DESAGUADERO","AZUCAR BLANCA O REFINADA (lectura polarimetrica mayor 99.5°)",58000,"SACO(S)","BOLIVIA"
"13604",2024,6,"PUESTO DE CONTROL TERRESTRE DESAGUADERO","AZUCAR BLANCA O REFINADA (lectura polarimetrica mayor 99.5°)",11000,"SACO(S)","BOLIVIA"
"13605",2024,6,"PUESTO DE CONTROL TERRESTRE DESAGUADERO","AZUCAR BLANCA O REFINADA (lectura polarimetrica mayor 99.5°)",170000,"SACO(S)","BOLIVIA"
"13606",2024,6,"PUESTO DE CONTROL TERRESTRE DESAGUADERO","AZUCAR BLANCA O REFINADA (lectura polarimetrica mayor 99.5°)",104000,"SACO(S)","BOLIVIA"
"13607",2024,6,"OFICINA PUESTO DE CONTROL MARITIMO - PROV. CONST. DEL CALLAO","PINO, madera aserrada con algún proceso de la CRF2",24527,"PAQUETES","CHILE"
"13608",2024,6,"OFICINA PUESTO DE CONTROL MARITIMO - PROV. CONST. DEL CALLAO","PINO, madera aserrada con algún proceso de la CRF2",108127,"PAQUETES","CHILE"
"13609",2024,6,"OFICINA PUESTO DE CONTROL MARITIMO - PROV. CONST. DEL CALLAO","PINO, madera aserrada con algún proceso de la CRF2",46135,"PAQUETES","CHILE"
"13610",2024,6,"SANTA ROSA, TACNA","MANZANA, fruto fresco",22736,"CAJA(S)","CHILE"
"13611",2024,6,"PUESTO DE CONTROL TERRESTRE DESAGUADERO","SOYA, torta",83810,"SACO(S)","BOLIVIA"
"13612",2024,6,"OFICINA PUESTO DE CONTROL MARITIMO - PROV. CONST. DEL CALLAO","PINO, madera aserrada con algún proceso de la CRF2",50322,"PAQUETES","CHILE"
"13613",2024,6,"OFICINA PUESTO DE CONTROL AEREO -  PROV. CONST. DEL CALLAO","AVENA, grano aplastado o en copos (hojuelas)",0.64,"BOLSAS","EEUU"
"13614",2024,6,"PUESTO DE CONTROL TERRESTRE DESAGUADERO","GIRASOL, torta",54560,"GRANEL","BOLIVIA"
"13615",2024,6,"PUESTO DE CONTROL TERRESTRE DESAGUADERO","SOYA, torta",84000,"GRANEL","BOLIVIA"
"13616",2024,6,"OFICINA PUESTO DE CONTROL MARITIMO - PROV. CONST. DEL CALLAO","AZUCAR DE CAÑA, solido en bruto",130000,"SACO(S)","BRASIL"
"13617",2024,6,"PUESTO DE CONTROL TERRESTRE DESAGUADERO","SOYA, harina",60000,"SACO(S)","BOLIVIA"
"13618",2024,6,"OFICINA PUESTO DE CONTROL MARITIMO - PROV. CONST. DEL CALLAO","Las demás máquinas y aparatos para henificar usadas
",4890.493,"UNIDADES","HOLANDA"
"13619",2024,6,"OFICINA PUESTO DE CONTROL MARITIMO - PROV. CONST. DEL CALLAO","MANZANA, fruto fresco",121527,"CAJA(S)","CHILE"
"13620",2024,6,"OFICINA PUESTO DE CONTROL MARITIMO - PROV. CONST. DEL CALLAO","MARCOS, madera",10.131,"UNIDADES","ALEMANIA"
"13621",2024,6,"OFICINA PUESTO DE CONTROL MARITIMO - PROV. CONST. DEL CALLAO","ALGODON, fibra sin cardar ni peinar (>28.57 mm = o <34.92 mm)",180820,"FARDOS","EEUU"
"13622",2024,6,"IÑAPARI, MADRE DE DIOS","NUEZ DEL BRASIL, con cáscara seca al natural",29000,"GRANEL","BRASIL"
"13623",2024,6,"SANTA ROSA, TACNA","PERA, fruta fresca",23184,"CAJA(S)","CHILE"
"13624",2024,6,"OFICINA PUESTO DE CONTROL MARITIMO - PROV. CONST. DEL CALLAO","LENTEJA, grano",74844,"SACO(S)","CANADA"
"13625",2024,6,"OFICINA PUESTO DE CONTROL MARITIMO - PROV. CONST. DEL CALLAO","GARBANZO, grano",22000,"SACO(S)","MEXICO"
"13626",2024,6,"OFICINA PUESTO DE CONTROL MARITIMO - PROV. CONST. DEL CALLAO","LENTEJA, grano",23040,"SACO(S)","EEUU"
"13627",2024,6,"OFICINA PUESTO DE CONTROL MARITIMO - PROV. CONST. DEL CALLAO","ARROZ, grano pilado",125000,"SACO(S)","URUGUAY"
"13628",2024,6,"SANTA ROSA, TACNA","MANZANA, fruto fresco",23520,"CAJA(S)","CHILE"
"13629",2024,6,"OFICINA PUESTO DE CONTROL AEREO -  PROV. CONST. DEL CALLAO","MELON, semilla",1.722,"SACHETS","ESPAÑA"
"13630",2024,6,"PUESTO DE CONTROL TERRESTRE DESAGUADERO","SOYA, torta",174000,"SACO(S)","BOLIVIA"
"13631",2024,6,"PUERTO DE MATARANI , AREQUIPA","MADERA, en bruto de coníferas tratada agentes de conservación
",42105,"PIEZAS","EEUU"
"13632",2024,6,"OFICINA PUESTO DE CONTROL AEREO -  PROV. CONST. DEL CALLAO","LUPULO, pellets",400,"PALETAS","ALEMANIA"
"13633",2024,6,"OFICINA PUESTO DE CONTROL MARITIMO - PROV. CONST. DEL CALLAO","TRIGO, gluten",36000,"BOLSAS","AUSTRALIA"
"13634",2024,6,"SANTA ROSA, TACNA","MANZANA, fruto fresco",22540,"CAJA(S)","CHILE"
"13635",2024,6,"OFICINA PUESTO DE CONTROL MARITIMO - PROV. CONST. DEL CALLAO","MADERA EN PLAQUITAS, o partículas de coníferas con algún proceso de CRF 2",2880,"SACO(S)","ALEMANIA"
"13636",2024,6,"OFICINA PUESTO DE CONTROL MARITIMO - PROV. CONST. DEL CALLAO","MADERA EN PLAQUITAS, o particulas distinta de coníferas con algún proceso de la CRF 2",1440,"SACO(S)","ALEMANIA"
"13637",2024,6,"OFICINA PUESTO DE CONTROL MARITIMO - PROV. CONST. DEL CALLAO","ASERRIN, sin aglomerar, con algún proceso de la CRF 2",2160,"SACO(S)","ALEMANIA"
"13638",2024,6,"OFICINA PUESTO DE CONTROL MARITIMO - PROV. CONST. DEL CALLAO","YUTE, sacos",9250,"FARDOS","INDIA"
"13639",2024,6,"AGUAS VERDES, TUMBES","PITAHAYA, fruto fresco",13000,"CAJA(S)","ECUADOR"
"13640",2024,6,"OFICINA PUESTO DE CONTROL MARITIMO - PROV. CONST. DEL CALLAO","UVA (PASAS), secas naturalmente",21000,"CAJA(S)","CHILE"
"13641",2024,6,"OFICINA PUESTO DE CONTROL MARITIMO - PROV. CONST. DEL CALLAO","MAIZ, coronta molida",20000,"PALETAS","CHILE"
"13642",2024,6,"OFICINA PUESTO DE CONTROL MARITIMO - PROV. CONST. DEL CALLAO","GARBANZO, grano",23000,"SACO(S)","MEXICO"
"13643",2024,6,"OFICINA PUESTO DE CONTROL MARITIMO - PROV. CONST. DEL CALLAO","MANZANA, fruto fresco",20456,"CAJA(S)","EEUU"
"13644",2024,6,"OFICINA PUESTO DE CONTROL MARITIMO - PROV. CONST. DEL CALLAO","PAPA, fécula",252000,"SACO(S)","ALEMANIA"
"13645",2024,6,"OFICINA PUESTO DE CONTROL MARITIMO - PROV. CONST. DEL CALLAO","MANZANA, fruto fresco",61740,"CAJA(S)","EEUU"
"13646",2024,6,"OFICINA PUESTO DE CONTROL MARITIMO - PROV. CONST. DEL CALLAO","PAPA, fécula",140000,"SACO(S)","ALEMANIA"
"13647",2024,6,"PUESTO DE CONTROL TERRESTRE DESAGUADERO","SOYA, harina",116000,"SACO(S)","BOLIVIA"
"13648",2024,6,"PUESTO DE CONTROL TERRESTRE DESAGUADERO","SOYA, grano",55980,"GRANEL","BOLIVIA"
"13649",2024,6,"PUESTO DE CONTROL TERRESTRE DESAGUADERO","SOYA, grano",19000,"SACO(S)","BOLIVIA"
"13650",2024,6,"PUESTO DE CONTROL TERRESTRE DESAGUADERO","MANI, grano sin cáscara",10000,"SACO(S)","BOLIVIA"
"13651",2024,6,"SANTA ROSA, TACNA","MANZANA, fruto fresco",23520,"CAJA(S)","CHILE"
"13652",2024,6,"PUESTO DE CONTROL TERRESTRE DESAGUADERO","SOYA, harina",116000,"SACO(S)","BOLIVIA"
"13653",2024,6,"PUESTO DE CONTROL TERRESTRE DESAGUADERO","SOYA, torta",174000,"SACO(S)","BOLIVIA"
"13654",2024,6,"PUESTO DE CONTROL TERRESTRE DESAGUADERO","SOYA, torta",144000,"SACO(S)","BOLIVIA"
"13655",2024,6,"PUESTO DE CONTROL TERRESTRE DESAGUADERO","SOYA, grano",84000,"GRANEL","BOLIVIA"
"13656",2024,6,"PUESTO DE CONTROL TERRESTRE DESAGUADERO","SOYA, torta",145000,"SACO(S)","BOLIVIA"
"13657",2024,6,"PUESTO DE CONTROL TERRESTRE DESAGUADERO","SOYA, torta",173500,"SACO(S)","BOLIVIA"
"13658",2024,6,"PUESTO DE CONTROL TERRESTRE DESAGUADERO","SOYA, torta",143500,"SACO(S)","BOLIVIA"
"13659",2024,6,"OFICINA PUESTO DE CONTROL MARITIMO - PROV. CONST. DEL CALLAO","Articulos de cesteria (canastos, cestos u otros), con algun proceso de la CRF2",281.4,"UNIDADES","CHINA"
"13660",2024,6,"PUESTO DE CONTROL TERRESTRE DESAGUADERO","SOYA, torta",144000,"SACO(S)","BOLIVIA"
"13661",2024,6,"SANTA ROSA, TACNA","MANZANA, fruto fresco",22344,"CAJA(S)","CHILE"
"13662",2024,6,"SANTA ROSA, TACNA","MANZANA, fruto fresco",23520,"CAJA(S)","CHILE"
"13663",2024,6,"SANTA ROSA, TACNA","MANZANA, fruto fresco",22687,"CAJA(S)","CHILE"
"13664",2024,6,"PUESTO DE CONTROL TERRESTRE DESAGUADERO","SOYA, harina",145000,"SACO(S)","BOLIVIA"
"13665",2024,6,"PUESTO DE CONTROL TERRESTRE DESAGUADERO","SOYA, harina",128000,"SACO(S)","BOLIVIA"
"13666",2024,6,"PUESTO DE CONTROL TERRESTRE DESAGUADERO","SOYA, harina",174000,"SACO(S)","BOLIVIA"
"13667",2024,6,"SANTA ROSA, TACNA","TRACTOR USADO, con motor de potencia superior a 33 kW pero inferior o igual a 75 kW",3203,"UNIDADES","HOLANDA"
"13668",2024,6,"SANTA ROSA, TACNA","TRACTOR USADO, con motor de potencia superior a 33 kW pero inferior o igual a 75 kW",3204,"UNIDADES","HOLANDA"
"13669",2024,6,"SANTA ROSA, TACNA","TRACTOR USADO, con motor de potencia superior a 33 kW pero inferior o igual a 75 kW",3203,"UNIDADES","HOLANDA"
"13670",2024,6,"OFICINA PUESTO DE CONTROL AEREO -  PROV. CONST. DEL CALLAO","COLIFLOR, semilla",11,"SACHETS","JAPON"
"13671",2024,6,"SANTA ROSA, TACNA","TRIGO, afrecho seco industrial",56000,"SACO(S)","CHILE"
"13672",2024,6,"SANTA ROSA, TACNA","MANZANA, fruto fresco",23380,"CAJA(S)","CHILE"
"13673",2024,6,"SANTA ROSA, TACNA","MANZANA, fruto fresco",23520,"CAJA(S)","CHILE"
"13674",2024,6,"AGUAS VERDES, TUMBES","CAÑA DE GUAYAQUIL, seca al natural",32000,"UNIDADES","ECUADOR"
"13675",2024,6,"OFICINA PUESTO DE CONTROL MARITIMO - PROV. CONST. DEL CALLAO","ACHIOTE, grano",20000,"SACO(S)","COSTA DE MARFIL"
"13676",2024,6,"OFICINA PUESTO DE CONTROL MARITIMO - PROV. CONST. DEL CALLAO","AZUCAR BLANCA O REFINADA (lectura polarimetrica mayor 99.5°)",132500,"SACO(S)","NICARAGUA"
"13677",2024,6,"PUESTO DE CONTROL TERRESTRE DESAGUADERO","SOYA, grano",30000,"SACO(S)","BOLIVIA"
"13678",2024,6,"OFICINA PUESTO DE CONTROL MARITIMO - PROV. CONST. DEL CALLAO","TURBA",27470,"BIG BAG","LETONIA"
"13679",2024,6,"PUESTO DE CONTROL TERRESTRE DESAGUADERO","SOYA, torta",145000,"SACO(S)","BOLIVIA"
"13680",2024,6,"AGUAS VERDES, TUMBES","CAÑA DE GUAYAQUIL, seca al natural",34000,"UNIDADES","ECUADOR"
"13681",2024,6,"SANTA ROSA, TACNA","NUEZ, con cáscara seca al natural",20000,"SACO(S)","CHILE"
"13682",2024,6,"OFICINA PUESTO DE CONTROL MARITIMO - PROV. CONST. DEL CALLAO","YUCA (=MANDIOCA), fécula",18000,"SACO(S)","TAILANDIA"
"13683",2024,6,"OFICINA PUESTO DE CONTROL MARITIMO - PROV. CONST. DEL CALLAO","UVA (PASAS), secas industrialmente",42000,"CAJA(S)","CHILE"
"13684",2024,6,"OFICINA PUESTO DE CONTROL MARITIMO - PROV. CONST. DEL CALLAO","LAUREL, hoja seca al natural",4940,"SACO(S)","ESPAÑA"
"13685",2024,6,"OFICINA PUESTO DE CONTROL MARITIMO - PROV. CONST. DEL CALLAO","ANIS O BADIANA, grano",24000,"SACO(S)","ESPAÑA"
"13686",2024,6,"OFICINA PUESTO DE CONTROL MARITIMO - PROV. CONST. DEL CALLAO","ALMENDRA, sin cáscara secado al natural",39916.8,"CAJA(S)","EEUU"
"13687",2024,6,"OFICINA PUESTO DE CONTROL MARITIMO - PROV. CONST. DEL CALLAO","ARANDANO, fruto fresco",15667.2,"CAJA(S)","EEUU"
"13688",2024,6,"AGUAS VERDES, TUMBES","CAÑA DE GUAYAQUIL, seca al natural",34000,"UNIDADES","ECUADOR"
"13689",2024,6,"PUESTO DE CONTROL TERRESTRE DESAGUADERO","SOYA, torta",116000,"SACO(S)","BOLIVIA"
"13690",2024,6,"SANTA ROSA, TACNA","TRIGO, afrecho seco industrial",56000,"SACO(S)","CHILE"
"13691",2024,6,"PUESTO DE CONTROL TERRESTRE DESAGUADERO","SOYA, grano",82000,"GRANEL","BOLIVIA"
"13692",2024,6,"PUESTO DE CONTROL TERRESTRE DESAGUADERO","SOYA, grano",55000,"GRANEL","BOLIVIA"
"13693",2024,6,"PUESTO DE CONTROL TERRESTRE DESAGUADERO","SOYA, grano",78000,"GRANEL","BOLIVIA"
"13694",2024,6,"IÑAPARI, MADRE DE DIOS","MAIZ AMARILLO DURO, grano",29000,"SACO(S)","BRASIL"
"13695",2024,6,"IÑAPARI, MADRE DE DIOS","MAIZ, grano trabajado (mondado, perlado, troceado o quebrantado)",25000,"SACO(S)","BRASIL"
"13696",2024,6,"PUESTO DE CONTROL TERRESTRE DESAGUADERO","AZUCAR BLANCA O REFINADA (lectura polarimetrica mayor 99.5°)",116000,"SACO(S)","BOLIVIA"
"13697",2024,6,"OFICINA PUESTO DE CONTROL MARITIMO - PROV. CONST. DEL CALLAO","AZUCAR CRUDA, sólido",125000,"SACO(S)","GUATEMALA"
"13698",2024,6,"AGUAS VERDES, TUMBES","PITAHAYA, fruto fresco",9520,"CAJA(S)","ECUADOR"
"13699",2024,6,"PUESTO DE CONTROL TERRESTRE DESAGUADERO","SOYA, torta",114500,"SACO(S)","BOLIVIA"
"13700",2024,6,"PUESTO DE CONTROL TERRESTRE DESAGUADERO","SOYA, torta",114500,"SACO(S)","BOLIVIA"
"13701",2024,6,"PUESTO DE CONTROL TERRESTRE DESAGUADERO","SOYA, torta",115500,"SACO(S)","BOLIVIA"
"13702",2024,6,"PUESTO DE CONTROL TERRESTRE DESAGUADERO","SOYA, torta",115000,"SACO(S)","BOLIVIA"
"13703",2024,6,"PUESTO DE CONTROL TERRESTRE DESAGUADERO","SOYA, torta",114500,"SACO(S)","BOLIVIA"
"13704",2024,6,"PUESTO DE CONTROL TERRESTRE DESAGUADERO","SOYA, torta",114080,"SACO(S)","BOLIVIA"
"13705",2024,6,"PUESTO DE CONTROL TERRESTRE DESAGUADERO","SOYA, torta",114000,"SACO(S)","BOLIVIA"
"13706",2024,6,"PUESTO DE CONTROL TERRESTRE DESAGUADERO","SOYA, torta",114500,"SACO(S)","BOLIVIA"
"13707",2024,6,"PUESTO DE CONTROL TERRESTRE DESAGUADERO","SOYA, torta",116000,"SACO(S)","BOLIVIA"
"13708",2024,6,"OFICINA PUESTO DE CONTROL MARITIMO - PROV. CONST. DEL CALLAO","FREJOL CANARIO, grano",99792,"SACO(S)","CANADA"
"13709",2024,6,"PUESTO DE CONTROL TERRESTRE DESAGUADERO","SOYA, torta",29000,"SACO(S)","BOLIVIA"
"13710",2024,6,"PUESTO DE CONTROL TERRESTRE DESAGUADERO","SOYA, harina",145000,"SACO(S)","BOLIVIA"
"13711",2024,6,"PUESTO DE CONTROL TERRESTRE DESAGUADERO","SOYA, torta",148000,"SACO(S)","BOLIVIA"
"13712",2024,6,"PUESTO DE CONTROL TERRESTRE DESAGUADERO","SOYA, torta",144500,"SACO(S)","BOLIVIA"
"13713",2024,6,"PUESTO DE CONTROL TERRESTRE DESAGUADERO","SOYA, torta",168000,"SACO(S)","BOLIVIA"
"13714",2024,6,"PUERTO DE PAITA , PIURA","FREJOL, grano",41730,"SACO(S)","CANADA"
"13715",2024,6,"OFICINA PUESTO DE CONTROL MARITIMO - PROV. CONST. DEL CALLAO","AVENA, grano trabajado (mondado, perlado, troceado o quebrantado)",52500,"SACO(S)","CHILE"
"13716",2024,6,"SANTA ROSA, TACNA","LIMON TAHITI (Lima tahiti), fruto fresco",21888,"CAJA(S)","CHILE"
"13717",2024,6,"SANTA ROSA, TACNA","LIMON SUTIL, fruto fresco",3456,"CAJA(S)","CHILE"
"13718",2024,6,"PUESTO DE CONTROL TERRESTRE DESAGUADERO","SOYA, harina",57800,"SACO(S)","BOLIVIA"
"13719",2024,6,"PUESTO DE CONTROL TERRESTRE DESAGUADERO","MAIZ AMARILLO DURO, grano",58000,"SACO(S)","BOLIVIA"
"13720",2024,6,"PUESTO DE CONTROL TERRESTRE DESAGUADERO","SOYA, harina",174000,"SACO(S)","BOLIVIA"
"13721",2024,6,"SANTA ROSA, TACNA","MANZANA, fruto fresco",22545.6,"CAJA(S)","CHILE"
"13722",2024,6,"PUESTO DE CONTROL TERRESTRE DESAGUADERO","SOYA, torta",105500,"SACO(S)","BOLIVIA"
"13723",2024,6,"PUESTO DE CONTROL TERRESTRE DESAGUADERO","SOYA, torta",145000,"SACO(S)","BOLIVIA"
"13724",2024,6,"PUERTO DE PAITA , PIURA","MANZANA, fruto fresco",17640,"CAJA(S)","EEUU"
"13725",2024,6,"SANTA ROSA, TACNA","MANZANA, fruto fresco",23520,"CAJA(S)","CHILE"
"13726",2024,6,"AGUAS VERDES, TUMBES","PITAHAYA, fruto fresco",12360,"CAJA(S)","ECUADOR"
"13727",2024,6,"OFICINA PUESTO DE CONTROL MARITIMO - PROV. CONST. DEL CALLAO","ARROZ, parbolizado pulido o sin cáscara",132500,"SACO(S)","BRASIL"
"13728",2024,6,"OFICINA PUESTO DE CONTROL MARITIMO - PROV. CONST. DEL CALLAO","ARROZ, parbolizado pulido o sin cáscara",132500,"SACO(S)","BRASIL"
"13729",2024,6,"AGUAS VERDES, TUMBES","PITAHAYA, fruto fresco",11100,"CAJA(S)","ECUADOR"
"13730",2024,6,"PUESTO DE CONTROL TERRESTRE DESAGUADERO","GIRASOL, torta",81550,"GRANEL","BOLIVIA"
"13731",2024,6,"PUESTO DE CONTROL TERRESTRE DESAGUADERO","SOYA, torta",55980,"GRANEL","BOLIVIA"
"13732",2024,6,"OFICINA PUESTO DE CONTROL AEREO -  PROV. CONST. DEL CALLAO","MAIZ, semilla",5.9,"SOBRES","ARGENTINA"
"13733",2024,6,"PUESTO DE CONTROL TERRESTRE DESAGUADERO","SOYA, torta",29050,"GRANEL","BOLIVIA"
"13734",2024,6,"PUESTO DE CONTROL TERRESTRE DESAGUADERO","SOYA, torta",51465,"SACO(S)","BOLIVIA"
"13735",2024,6,"PUESTO DE CONTROL TERRESTRE DESAGUADERO","SOYA, torta",28010,"GRANEL","BOLIVIA"
"13736",2024,6,"PUESTO DE CONTROL TERRESTRE DESAGUADERO","SOYA, torta",174000,"SACO(S)","BOLIVIA"
"13737",2024,6,"PUESTO DE CONTROL TERRESTRE DESAGUADERO","SOYA, torta",55000,"GRANEL","BOLIVIA"
"13738",2024,6,"PUESTO DE CONTROL TERRESTRE DESAGUADERO","SOYA, torta",28050,"GRANEL","BOLIVIA"
"13739",2024,6,"SANTA ROSA, TACNA","MANZANA, fruto fresco",23520,"CAJA(S)","CHILE"
"13740",2024,6,"PUERTO DE ILO, MOQUEGUA","PINO, postes de madera con algun proceso de la CRF 2",42673.972,"UNIDADES","EEUU"
"13741",2024,6,"PUERTO DE ILO, MOQUEGUA","PINO, postes de madera con algun proceso de la CRF 2",7570.457,"UNIDADES","EEUU"
"13742",2024,6,"PUERTO DE ILO, MOQUEGUA","MADERA, en bruto de coníferas tratada agentes de conservación
",12028.816,"PAQUETES","EEUU"
"13743",2024,6,"PUERTO DE ILO, MOQUEGUA","TRAVIESA (DURMIENTES) DE MADERA, impregnadas con agentes conservantes",203000,"PAQUETES","MEXICO"
"13744",2024,6,"OFICINA PUESTO DE CONTROL MARITIMO - PROV. CONST. DEL CALLAO","MADERA, harina",1900,"BOLSAS","ALEMANIA"
"13745",2024,6,"PUESTO DE CONTROL TERRESTRE DESAGUADERO","SOYA, torta",114500,"SACO(S)","BOLIVIA"
"13746",2024,6,"PUESTO DE CONTROL TERRESTRE DESAGUADERO","SOYA, torta",145000,"SACO(S)","BOLIVIA"
"13747",2024,6,"SANTA ROSA, TACNA","MANZANA, fruto fresco",22551,"CAJA(S)","CHILE"
"13748",2024,6,"IÑAPARI, MADRE DE DIOS","NUEZ DEL BRASIL, con cáscara seca al natural",29000,"GRANEL","BRASIL"
"13749",2024,6,"IÑAPARI, MADRE DE DIOS","NUEZ DEL BRASIL, con cáscara seca al natural",29000,"GRANEL","BRASIL"
"13750",2024,6,"IÑAPARI, MADRE DE DIOS","NUEZ DEL BRASIL, con cáscara seca al natural",29000,"GRANEL","BRASIL"
"13751",2024,6,"OFICINA PUESTO DE CONTROL MARITIMO - PROV. CONST. DEL CALLAO","PECANA, sin cáscara secado industrial",19051.06,"CAJA(S)","MEXICO"
"13752",2024,6,"OFICINA PUESTO DE CONTROL AEREO -  PROV. CONST. DEL CALLAO","CEBOLLA, semilla",258.37,"SACHETS","CHILE"
"13753",2024,6,"PUESTO DE CONTROL TERRESTRE DESAGUADERO","SOYA, torta",143500,"SACO(S)","BOLIVIA"
"13754",2024,6,"OFICINA PUESTO DE CONTROL AEREO -  PROV. CONST. DEL CALLAO","GIRASOL, semilla",1.602,"SOBRES","FRANCIA"
"13755",2024,6,"OFICINA PUESTO DE CONTROL MARITIMO - PROV. CONST. DEL CALLAO","AZUCAR BLANCA O REFINADA (lectura polarimetrica mayor 99.5°)",132500,"SACO(S)","NICARAGUA"
"13756",2024,6,"OFICINA PUESTO DE CONTROL MARITIMO - PROV. CONST. DEL CALLAO","AZUCAR BLANCA O REFINADA (lectura polarimetrica mayor 99.5°)",132500,"SACO(S)","NICARAGUA"
"13757",2024,6,"PUESTO DE CONTROL TERRESTRE DESAGUADERO","MAIZ AMARILLO DURO, grano",82000,"GRANEL","BOLIVIA"
"13758",2024,6,"PUESTO DE CONTROL TERRESTRE DESAGUADERO","MAIZ AMARILLO DURO, grano",112000,"GRANEL","BOLIVIA"
"13759",2024,6,"OFICINA PUESTO DE CONTROL MARITIMO - PROV. CONST. DEL CALLAO","LENTEJA, grano",24857,"SACO(S)","CANADA"
"13760",2024,6,"OFICINA PUESTO DE CONTROL MARITIMO - PROV. CONST. DEL CALLAO","LENTEJA, grano",99428,"SACO(S)","CANADA"
"13761",2024,6,"OFICINA PUESTO DE CONTROL MARITIMO - PROV. CONST. DEL CALLAO","ARVEJA, grano partido",95980,"SACO(S)","EEUU"
"13762",2024,6,"PUESTO DE CONTROL TERRESTRE DESAGUADERO","SOYA, grano",90000,"SACO(S)","BOLIVIA"
"13763",2024,6,"AGUAS VERDES, TUMBES","Las demás coniferas, las demas maderas aserradas o desbastadas longitudinalmente, cortada o desenrollada, incluso cepillada,lijada o unida por lo extremos, de espesor superior a 6 mm, con algun tratamiento de la CRF 2",52730,"PIEZAS","ECUADOR"
"13764",2024,6,"IÑAPARI, MADRE DE DIOS","NUEZ DEL BRASIL, con cáscara seca al natural",27900,"SACO(S)","BRASIL"
"13765",2024,6,"PUESTO DE CONTROL TERRESTRE DESAGUADERO","SOYA, harina",87000,"SACO(S)","BOLIVIA"
"13766",2024,6,"PUESTO DE CONTROL TERRESTRE DESAGUADERO","SOYA, torta",58174,"SACO(S)","BOLIVIA"
"13767",2024,6,"PUESTO DE CONTROL TERRESTRE DESAGUADERO","SOYA, torta",114000,"GRANEL","BOLIVIA"
"13768",2024,6,"OFICINA PUESTO DE CONTROL MARITIMO - PROV. CONST. DEL CALLAO","AVENA, grano trabajado (mondado, perlado, troceado o quebrantado)",150000,"SACO(S)","CHILE"
"13769",2024,6,"OFICINA PUESTO DE CONTROL MARITIMO - PROV. CONST. DEL CALLAO","AZUCAR BLANCA O REFINADA (lectura polarimetrica mayor 99.5°)",265000,"SACO(S)","NICARAGUA"
"13770",2024,6,"OFICINA PUESTO DE CONTROL MARITIMO - PROV. CONST. DEL CALLAO","AZUCAR BLANCA O REFINADA (lectura polarimetrica mayor 99.5°)",132500,"SACO(S)","NICARAGUA"
"13771",2024,6,"OFICINA PUESTO DE CONTROL AEREO -  PROV. CONST. DEL CALLAO","PEPINILLO, semilla",4,"SACHETS","ESPAÑA"
"13772",2024,6,"OFICINA PUESTO DE CONTROL MARITIMO - PROV. CONST. DEL CALLAO","MAIZ, semilla",37188,"SACO(S)","TAILANDIA"
"13773",2024,6,"OFICINA PUESTO DE CONTROL AEREO -  PROV. CONST. DEL CALLAO","TOMATE, semilla",0.4,"SACHETS","ESPAÑA"
"13774",2024,6,"OFICINA PUESTO DE CONTROL MARITIMO - PROV. CONST. DEL CALLAO","ALFALFA, semilla",25000,"SACO(S)","CANADA"
"13775",2024,6,"OFICINA PUESTO DE CONTROL MARITIMO - PROV. CONST. DEL CALLAO","PAPA, fécula",99975,"BOLSAS","FRANCIA"
"13776",2024,6,"PUESTO DE CONTROL TERRESTRE DESAGUADERO","SOYA, torta",27854,"SACO(S)","BOLIVIA"
"13777",2024,6,"OFICINA PUESTO DE CONTROL MARITIMO - PROV. CONST. DEL CALLAO","ARROZ, grano pilado",2e+05,"SACO(S)","URUGUAY"
"13778",2024,6,"PUESTO DE CONTROL TERRESTRE DESAGUADERO","SOYA, torta",56000,"GRANEL","BOLIVIA"
"13779",2024,6,"OFICINA PUESTO DE CONTROL MARITIMO - PROV. CONST. DEL CALLAO","Las demas maquinaria para limpieza, clasificacion o cribado de semillas, granos u otras hortalilzas, usadas
",7631.328,"UNIDADES","CHILE"
"13780",2024,6,"PUESTO DE CONTROL TERRESTRE DESAGUADERO","SOYA, torta",116000,"SACO(S)","BOLIVIA"
"13781",2024,6,"OFICINA PUESTO DE CONTROL MARITIMO - PROV. CONST. DEL CALLAO","ARVEJA, grano partido",92532,"SACO(S)","EEUU"
"13782",2024,6,"OFICINA PUESTO DE CONTROL AEREO -  PROV. CONST. DEL CALLAO","AJI TABASCO (=AJI JALAPEÑO, AJI MONO, AJI CHARAPITA), semilla",13.61,"LATAS","EEUU"
"13783",2024,6,"OFICINA PUESTO DE CONTROL MARITIMO - PROV. CONST. DEL CALLAO","AZUCAR BLANCA O REFINADA (lectura polarimetrica mayor 99.5°)",159895.099,"BIG BAG","GUATEMALA"
"13784",2024,6,"OFICINA PUESTO DE CONTROL MARITIMO - PROV. CONST. DEL CALLAO","AZUCAR BLANCA O REFINADA (lectura polarimetrica mayor 99.5°)",51965.901,"SACO(S)","GUATEMALA"
"13785",2024,6,"PUERTO DE PAITA , PIURA","MAIZ REVENTON, grano",104000,"SACO(S)","ARGENTINA"
"13786",2024,6,"PUESTO DE CONTROL TERRESTRE DESAGUADERO","SOYA, torta",85000,"GRANEL","BOLIVIA"
"13787",2024,6,"PUESTO DE CONTROL TERRESTRE DESAGUADERO","SOYA, harina",112000,"SACO(S)","BOLIVIA"
"13788",2024,6,"PUESTO DE CONTROL TERRESTRE DESAGUADERO","SOYA, torta",116000,"SACO(S)","BOLIVIA"
"13789",2024,6,"PUESTO DE CONTROL TERRESTRE DESAGUADERO","SOYA, grano",112000,"GRANEL","BOLIVIA"
"13790",2024,6,"OFICINA PUESTO DE CONTROL MARITIMO - PROV. CONST. DEL CALLAO","LENTEJA, grano",49714,"SACO(S)","CANADA"
"13791",2024,6,"OFICINA PUESTO DE CONTROL MARITIMO - PROV. CONST. DEL CALLAO","AZUCAR CRUDA, sólido",249010,"SACO(S)","GUATEMALA"
"13792",2024,6,"OFICINA PUESTO DE CONTROL AEREO -  PROV. CONST. DEL CALLAO","ALHELI, semilla",0.03932,"SACHETS","EEUU"
"13793",2024,6,"OFICINA PUESTO DE CONTROL AEREO -  PROV. CONST. DEL CALLAO","ALYSSUM, semilla",0.09495,"SACHETS","EEUU"
"13794",2024,6,"OFICINA PUESTO DE CONTROL AEREO -  PROV. CONST. DEL CALLAO","ASTER CHINO, semilla",0.04722,"SACHETS","EEUU"
"13795",2024,6,"OFICINA PUESTO DE CONTROL AEREO -  PROV. CONST. DEL CALLAO","CINERARIA, semilla",0.0734,"SACHETS","EEUU"
"13796",2024,6,"OFICINA PUESTO DE CONTROL AEREO -  PROV. CONST. DEL CALLAO","COSMOS, semilla",0.40326,"SACHETS","EEUU"
"13797",2024,6,"OFICINA PUESTO DE CONTROL AEREO -  PROV. CONST. DEL CALLAO","DALIA, semilla",0.23468,"SACHETS","EEUU"
"13798",2024,6,"OFICINA PUESTO DE CONTROL AEREO -  PROV. CONST. DEL CALLAO","DIANTHUS, semilla",0.10264,"SACHETS","EEUU"
"13799",2024,6,"OFICINA PUESTO DE CONTROL AEREO -  PROV. CONST. DEL CALLAO","GAZANIA, semilla",0.1169,"SACHETS","EEUU"
"13800",2024,6,"OFICINA PUESTO DE CONTROL AEREO -  PROV. CONST. DEL CALLAO","GERANIO, semilla",0.52461,"SACHETS","EEUU"
"13801",2024,6,"OFICINA PUESTO DE CONTROL AEREO -  PROV. CONST. DEL CALLAO","IMPATIENS, semilla",0.04304,"SACHETS","EEUU"
"13802",2024,6,"OFICINA PUESTO DE CONTROL AEREO -  PROV. CONST. DEL CALLAO","MARIGOLD, semilla",0.62031,"SACHETS","EEUU"
"13803",2024,6,"OFICINA PUESTO DE CONTROL AEREO -  PROV. CONST. DEL CALLAO","PENSAMIENTO, semilla",0.00885,"SACHETS","EEUU"
"13804",2024,6,"OFICINA PUESTO DE CONTROL AEREO -  PROV. CONST. DEL CALLAO","PENSAMIENTO, semilla",0.02612,"SACHETS","EEUU"
"13805",2024,6,"OFICINA PUESTO DE CONTROL AEREO -  PROV. CONST. DEL CALLAO","PORTULACA, semilla",0.00351,"SACHETS","EEUU"
"13806",2024,6,"OFICINA PUESTO DE CONTROL AEREO -  PROV. CONST. DEL CALLAO","PRIMULA, semilla",0.01728,"SACHETS","EEUU"
"13807",2024,6,"OFICINA PUESTO DE CONTROL AEREO -  PROV. CONST. DEL CALLAO","SALVIA, semilla",0.34122,"SACHETS","EEUU"
"13808",2024,6,"OFICINA PUESTO DE CONTROL AEREO -  PROV. CONST. DEL CALLAO","VERBENA, semilla",0.0922,"SACHETS","EEUU"
"13809",2024,6,"OFICINA PUESTO DE CONTROL AEREO -  PROV. CONST. DEL CALLAO","ZINNIA, semilla",0.46577,"SACHETS","EEUU"
"13810",2024,6,"OFICINA PUESTO DE CONTROL MARITIMO - PROV. CONST. DEL CALLAO","ARVEJA, grano partido",49442,"SACO(S)","CANADA"
"13811",2024,6,"OFICINA PUESTO DE CONTROL MARITIMO - PROV. CONST. DEL CALLAO","AVENA, grano trabajado (mondado, perlado, troceado o quebrantado)",25000,"SACO(S)","CHILE"
"13812",2024,6,"PUESTO DE CONTROL TERRESTRE DESAGUADERO","SOYA, torta",86990,"GRANEL","BOLIVIA"
"13813",2024,6,"OFICINA PUESTO DE CONTROL AEREO -  PROV. CONST. DEL CALLAO","PIMIENTO, semilla",0.1,"SACHETS","EEUU"
"13814",2024,6,"OFICINA PUESTO DE CONTROL MARITIMO - PROV. CONST. DEL CALLAO","ARROZ, grano pilado",26000,"SACO(S)","TAILANDIA"
"13815",2024,6,"SALON INTERNACIONAL - AEROPUERTO","COLECCIONES Y ESPECIMENES, para colecciones de zoología, botánica secas
",4,"CAJA(S)","EEUU"
"13816",2024,6,"PUESTO DE CONTROL TERRESTRE DESAGUADERO","SOYA, grano",90000,"SACO(S)","BOLIVIA"
"13817",2024,6,"PUESTO DE CONTROL TERRESTRE DESAGUADERO","SOYA, torta",56500,"GRANEL","BOLIVIA"
"13818",2024,6,"PUESTO DE CONTROL TERRESTRE DESAGUADERO","SOYA, torta",56000,"GRANEL","BOLIVIA"
"13819",2024,6,"PUESTO DE CONTROL TERRESTRE DESAGUADERO","SOYA, torta",140000,"GRANEL","BOLIVIA"
"13820",2024,6,"OFICINA PUESTO DE CONTROL MARITIMO - PROV. CONST. DEL CALLAO","MAIZ, harina",21600,"SACO(S)","COLOMBIA"
"13821",2024,6,"PUESTO DE CONTROL TERRESTRE DESAGUADERO","SOYA, grano",87000,"SACO(S)","BOLIVIA"
"13822",2024,6,"PUERTO DE PAITA , PIURA","ARVEJA, grano partido",92306,"SACO(S)","EEUU"
"13823",2024,6,"PUESTO DE CONTROL TERRESTRE DESAGUADERO","SOYA, torta",26000,"GRANEL","BOLIVIA"
"13824",2024,6,"OFICINA PUESTO DE CONTROL MARITIMO - PROV. CONST. DEL CALLAO","MANI, grano sin cáscara",50000,"SACO(S)","BRASIL"
"13825",2024,6,"OFICINA PUESTO DE CONTROL MARITIMO - PROV. CONST. DEL CALLAO","MANZANA, fruto fresco",20335,"CAJA(S)","CHILE"
"13826",2024,6,"OFICINA PUESTO DE CONTROL MARITIMO - PROV. CONST. DEL CALLAO","FLOR DE JAMAICA, seca natural",30000,"CAJA(S)","NIGERIA"
"13827",2024,6,"OFICINA PUESTO DE CONTROL MARITIMO - PROV. CONST. DEL CALLAO","GIRASOL, grano",66000,"SACO(S)","ARGENTINA"
"13828",2024,6,"OFICINA PUESTO DE CONTROL MARITIMO - PROV. CONST. DEL CALLAO","ARROZ, grano pilado",150000,"SACO(S)","URUGUAY"
"13829",2024,6,"OFICINA PUESTO DE CONTROL MARITIMO - PROV. CONST. DEL CALLAO","ARROZ, grano pilado",150000,"SACO(S)","URUGUAY"
"13830",2024,6,"OFICINA PUESTO DE CONTROL MARITIMO - PROV. CONST. DEL CALLAO","MAIZ REVENTON, grano",52000,"SACO(S)","ARGENTINA"
"13831",2024,6,"OFICINA PUESTO DE CONTROL MARITIMO - PROV. CONST. DEL CALLAO","ARROZ, grano pilado",150000,"SACO(S)","URUGUAY"
"13832",2024,6,"PUESTO DE CONTROL TERRESTRE DESAGUADERO","SOYA, torta",84810,"GRANEL","BOLIVIA"
"13833",2024,6,"PUESTO DE CONTROL TERRESTRE DESAGUADERO","SOYA, torta",146000,"SACO(S)","BOLIVIA"
"13834",2024,6,"SANTA ROSA, TACNA","ARVEJA, grano entero",24721,"SACO(S)","CANADA"
"13835",2024,6,"OFICINA PUESTO DE CONTROL MARITIMO - PROV. CONST. DEL CALLAO","MATERIA VEGETAL, trenzas, materia trenzable incluso ensamblados en tiras tejidos o paralelizados en forma plana con algún proceso de la CRF 2",180.768,"CAJA(S)","EL SALVADOR"
"13836",2024,6,"OFICINA PUESTO DE CONTROL MARITIMO - PROV. CONST. DEL CALLAO","Articulos de cesteria (canastos, cestos u otros), con algun proceso de la CRF2",195.306,"CAJA(S)","EL SALVADOR"
"13837",2024,6,"OFICINA PUESTO DE CONTROL MARITIMO - PROV. CONST. DEL CALLAO","Articulos para fiestas de navidad que sean o contengan material vegetal
",611.24,"CAJA(S)","EL SALVADOR"
"13838",2024,6,"OFICINA PUESTO DE CONTROL MARITIMO - PROV. CONST. DEL CALLAO","Los demas articulos para fiesta, carnaval u otras diversiones, incluidos los de magia y articulos sorpresa que sean o contengan material vegetal
",6.993,"CAJA(S)","EL SALVADOR"
"13839",2024,6,"OFICINA PUESTO DE CONTROL MARITIMO - PROV. CONST. DEL CALLAO","Articulos de cesteria (canastos, cestos u otros), con algun proceso de la CRF2",20,"CAJA(S)","EL SALVADOR"
"13840",2024,6,"OFICINA PUESTO DE CONTROL MARITIMO - PROV. CONST. DEL CALLAO","YUTE, tejido o de las demas fibras textiles con algun proceso de CRF2",30.4,"CAJA(S)","EL SALVADOR"
"13841",2024,6,"OFICINA PUESTO DE CONTROL MARITIMO - PROV. CONST. DEL CALLAO","Articulos para fiestas de navidad que sean o contengan material vegetal
",3944.591,"CAJA(S)","EL SALVADOR"
"13842",2024,6,"OFICINA PUESTO DE CONTROL MARITIMO - PROV. CONST. DEL CALLAO","Los demas articulos para fiesta, carnaval u otras diversiones, incluidos los de magia y articulos sorpresa que sean o contengan material vegetal
",92.063,"CAJA(S)","EL SALVADOR"
"13843",2024,6,"OFICINA PUESTO DE CONTROL MARITIMO - PROV. CONST. DEL CALLAO","Articulos para fiestas de navidad que sean o contengan material vegetal
",21.803,"CAJA(S)","EL SALVADOR"
"13844",2024,6,"OFICINA PUESTO DE CONTROL MARITIMO - PROV. CONST. DEL CALLAO","MARCOS, madera",600.988,"CAJA(S)","EL SALVADOR"
"13845",2024,6,"OFICINA PUESTO DE CONTROL MARITIMO - PROV. CONST. DEL CALLAO","BAMBU, esterillas, esteras y cañizos con algún proceso de la CRF2",224.373,"CAJA(S)","EL SALVADOR"
"13846",2024,6,"OFICINA PUESTO DE CONTROL MARITIMO - PROV. CONST. DEL CALLAO","BAMBU, trenzas y artículos similares, de materia trenzable, incluso ensamblados en tiras, materia trenzable, trenzas y artículos similares de materia trenzable, tejidos o paralelizados, en forma plana, con algún proceso de la CRF 2",389.439,"CAJA(S)","EL SALVADOR"
"13847",2024,6,"OFICINA PUESTO DE CONTROL MARITIMO - PROV. CONST. DEL CALLAO","Los demas articulos de cesteria con algun proceso de CRF 2",160.949,"CAJA(S)","EL SALVADOR"
"13848",2024,6,"OFICINA PUESTO DE CONTROL MARITIMO - PROV. CONST. DEL CALLAO","Articulos para fiestas de navidad que sean o contengan material vegetal
",203.113,"CAJA(S)","EL SALVADOR"
"13849",2024,6,"OFICINA PUESTO DE CONTROL MARITIMO - PROV. CONST. DEL CALLAO","Articulos para fiestas de navidad que sean o contengan material vegetal
",56.648,"CAJA(S)","EL SALVADOR"
"13850",2024,6,"OFICINA PUESTO DE CONTROL AEREO -  PROV. CONST. DEL CALLAO","ALMENDRA, sin cáscara, secado industrial",63.5,"CAJA(S)","EEUU"
"13851",2024,6,"PUESTO DE CONTROL TERRESTRE DESAGUADERO","SOYA, torta",84070,"GRANEL","BOLIVIA"
"13852",2024,6,"OFICINA PUESTO DE CONTROL MARITIMO - PROV. CONST. DEL CALLAO","AZUCAR CRUDA, sólido",199400,"SACO(S)","COLOMBIA"
"13853",2024,6,"OFICINA PUESTO DE CONTROL MARITIMO - PROV. CONST. DEL CALLAO","AZUCAR CRUDA, sólido",50000,"SACO(S)","COLOMBIA"
"13854",2024,6,"OFICINA PUESTO DE CONTROL AEREO -  PROV. CONST. DEL CALLAO","CEBOLLA, semilla",2,"CAJA(S)","ITALIA"
"13855",2024,6,"OFICINA PUESTO DE CONTROL AEREO -  PROV. CONST. DEL CALLAO","BERENJENA, semilla",0.176,"SACHETS","ITALIA"
"13856",2024,6,"OFICINA PUESTO DE CONTROL AEREO -  PROV. CONST. DEL CALLAO","BETARRAGA, semilla",2,"CAJA(S)","ITALIA"
"13857",2024,6,"PUESTO DE CONTROL TERRESTRE DESAGUADERO","SOYA, grano",49980,"GRANEL","BOLIVIA"
"13858",2024,6,"PUESTO DE CONTROL TERRESTRE DESAGUADERO","SOYA, grano",55980,"GRANEL","BOLIVIA"
"13859",2024,6,"PUESTO DE CONTROL TERRESTRE DESAGUADERO","SOYA, grano",27990,"GRANEL","BOLIVIA"
"13860",2024,6,"PUESTO DE CONTROL TERRESTRE DESAGUADERO","SOYA, grano",55990,"GRANEL","BOLIVIA"
"13861",2024,6,"OFICINA PUESTO DE CONTROL MARITIMO - PROV. CONST. DEL CALLAO","MANZANA, fruto fresco",19592,"CAJA(S)","CHILE"
"13862",2024,6,"OFICINA PUESTO DE CONTROL MARITIMO - PROV. CONST. DEL CALLAO","MANI, grano sin cáscara",24820,"SACO(S)","BRASIL"
"13863",2024,6,"OFICINA PUESTO DE CONTROL MARITIMO - PROV. CONST. DEL CALLAO","GARBANZO, grano",23000,"SACO(S)","MEXICO"
"13864",2024,6,"OFICINA PUESTO DE CONTROL MARITIMO - PROV. CONST. DEL CALLAO","AZUCAR CRUDA, sólido",250000,"SACO(S)","EL SALVADOR"
"13865",2024,6,"PUESTO DE CONTROL TERRESTRE DESAGUADERO","SOYA, torta",28500,"GRANEL","BOLIVIA"
"13866",2024,6,"PUESTO DE CONTROL TERRESTRE DESAGUADERO","SOYA, torta",28080,"GRANEL","BOLIVIA"
"13867",2024,6,"PUESTO DE CONTROL TERRESTRE DESAGUADERO","SOYA, torta",56000,"GRANEL","BOLIVIA"
"13868",2024,6,"PUESTO DE CONTROL TERRESTRE DESAGUADERO","SOYA, torta",56000,"GRANEL","BOLIVIA"
"13869",2024,6,"PUESTO DE CONTROL TERRESTRE DESAGUADERO","SOYA, torta",27970,"GRANEL","BOLIVIA"
"13870",2024,6,"PUESTO DE CONTROL TERRESTRE DESAGUADERO","SOYA, torta",54660,"GRANEL","BOLIVIA"
"13871",2024,6,"PUESTO DE CONTROL TERRESTRE DESAGUADERO","SOYA, torta",101000,"GRANEL","BOLIVIA"
"13872",2024,6,"PUESTO DE CONTROL TERRESTRE DESAGUADERO","SOYA, torta",85000,"GRANEL","BOLIVIA"
"13873",2024,6,"PUESTO DE CONTROL TERRESTRE DESAGUADERO","SOYA, torta",27870,"GRANEL","BOLIVIA"
"13874",2024,6,"PUESTO DE CONTROL TERRESTRE DESAGUADERO","SOYA, torta",56000,"GRANEL","BOLIVIA"
"13875",2024,6,"PUESTO DE CONTROL TERRESTRE DESAGUADERO","SOYA, torta",56000,"GRANEL","BOLIVIA"
"13876",2024,6,"PUESTO DE CONTROL TERRESTRE DESAGUADERO","SOYA, torta",174000,"SACO(S)","BOLIVIA"
"13877",2024,6,"OFICINA PUESTO DE CONTROL MARITIMO - PROV. CONST. DEL CALLAO","MAIZ REVENTON, grano",26000,"SACO(S)","ARGENTINA"
"13878",2024,6,"PUESTO DE CONTROL TERRESTRE DESAGUADERO","SOYA, torta",145000,"SACO(S)","BOLIVIA"
"13879",2024,6,"PUESTO DE CONTROL TERRESTRE DESAGUADERO","SOYA, torta",84990,"GRANEL","BOLIVIA"
"13880",2024,6,"PUESTO DE CONTROL TERRESTRE DESAGUADERO","SOYA, torta",86480,"GRANEL","BOLIVIA"
"13881",2024,6,"OFICINA PUESTO DE CONTROL MARITIMO - PROV. CONST. DEL CALLAO","AZUCAR BLANCA O REFINADA (lectura polarimetrica mayor 99.5°)",250000,"SACO(S)","NICARAGUA"
"13882",2024,6,"OFICINA PUESTO DE CONTROL MARITIMO - PROV. CONST. DEL CALLAO","AZUCAR BLANCA O REFINADA (lectura polarimetrica mayor 99.5°)",265000,"SACO(S)","GUATEMALA"
"13883",2024,6,"PUESTO DE CONTROL TERRESTRE DESAGUADERO","SOYA, torta",55400,"GRANEL","BOLIVIA"
"13884",2024,6,"OFICINA PUESTO DE CONTROL MARITIMO - PROV. CONST. DEL CALLAO","Cosechadoras-trilladoras usadas
",6505.9,"PAQUETES","CHINA"
"13885",2024,6,"PUESTO DE CONTROL TERRESTRE DESAGUADERO","SOYA, grano",347000,"GRANEL","BOLIVIA"
"13886",2024,6,"OFICINA PUESTO DE CONTROL MARITIMO - PROV. CONST. DEL CALLAO","MANZANA, fruto fresco",39102,"CAJA(S)","EEUU"
"13887",2024,6,"OFICINA PUESTO DE CONTROL AEREO -  PROV. CONST. DEL CALLAO","COLECCIONES Y ESPECIMENES, para colecciones de zoología, botánica secas
",7.1,"CAJA(S)","TAILANDIA"
"13888",2024,6,"PUESTO DE CONTROL TERRESTRE DESAGUADERO","MAIZ AMARILLO DURO, grano",58000,"SACO(S)","BOLIVIA"
"13889",2024,6,"OFICINA PUESTO DE CONTROL MARITIMO - PROV. CONST. DEL CALLAO","AZUCAR BLANCA O REFINADA (lectura polarimetrica mayor 99.5°)",105970,"BOLSAS","GUATEMALA"
"13890",2024,6,"OFICINA PUESTO DE CONTROL MARITIMO - PROV. CONST. DEL CALLAO","CAUCHO, técnicamente especificado (TSNR)",21000,"UNIDADES","VIETNAM"
"13891",2024,6,"OFICINA PUESTO DE CONTROL MARITIMO - PROV. CONST. DEL CALLAO","LENTEJA, grano",117798,"SACO(S)","EEUU"
"13892",2024,6,"PUESTO DE CONTROL TERRESTRE DESAGUADERO","AZUCAR BLANCA O REFINADA (lectura polarimetrica mayor 99.5°)",202000,"SACO(S)","BOLIVIA"
"13893",2024,6,"OFICINA PUESTO DE CONTROL MARITIMO - PROV. CONST. DEL CALLAO","PINO, madera aserrada con algún proceso de la CRF2",26072,"PAQUETES","CHILE"
"13894",2024,6,"OFICINA PUESTO DE CONTROL MARITIMO - PROV. CONST. DEL CALLAO","SOYA, torta",11030995,"GRANEL","ARGENTINA"
"13895",2024,6,"PUESTO DE CONTROL TERRESTRE DESAGUADERO","SOYA, torta",56010,"GRANEL","BOLIVIA"
"13896",2024,6,"PUESTO DE CONTROL TERRESTRE DESAGUADERO","SOYA, torta",56000,"GRANEL","BOLIVIA"
"13897",2024,6,"PUESTO DE CONTROL TERRESTRE DESAGUADERO","GIRASOL, torta",55430,"GRANEL","BOLIVIA"
"13898",2024,6,"PUESTO DE CONTROL TERRESTRE DESAGUADERO","GIRASOL, torta",52440,"GRANEL","BOLIVIA"
"13899",2024,6,"OFICINA PUESTO DE CONTROL AEREO -  PROV. CONST. DEL CALLAO","CONTROLADOR BIOLOGICO, especímenes",0.67,"LOTE(S)","ISRAEL"
"13900",2024,6,"OFICINA PUESTO DE CONTROL AEREO -  PROV. CONST. DEL CALLAO","CONTROLADOR BIOLOGICO, especimenes",0.86,"LOTE(S)","ISRAEL"
"13901",2024,6,"OFICINA PUESTO DE CONTROL AEREO -  PROV. CONST. DEL CALLAO","CONTROLADOR BIOLOGICO, especimenes",0.75,"LOTE(S)","ISRAEL"
"13902",2024,6,"SANTA ROSA, TACNA","MANZANA, fruto fresco",23520,"CAJA(S)","CHILE"
"13903",2024,6,"OFICINA PUESTO DE CONTROL MARITIMO - PROV. CONST. DEL CALLAO","MAIZ AMARILLO DURO, grano",23810000,"GRANEL","ARGENTINA"
"13904",2024,6,"PUESTO DE CONTROL TERRESTRE DESAGUADERO","SOYA, harina",57000,"SACO(S)","BOLIVIA"
"13905",2024,6,"IÑAPARI, MADRE DE DIOS","NUEZ DEL BRASIL, con cáscara seca al natural",26880,"GRANEL","BRASIL"
"13906",2024,6,"PUESTO DE CONTROL TERRESTRE DESAGUADERO","SOYA, harina",174000,"SACO(S)","BOLIVIA"
"13907",2024,6,"PUESTO DE CONTROL TERRESTRE DESAGUADERO","SOYA, torta",114000,"SACO(S)","BOLIVIA"
"13908",2024,6,"OFICINA PUESTO DE CONTROL AEREO -  PROV. CONST. DEL CALLAO","TE VERDE, hoja polvo",20,"BOLSAS","CHINA"
"13909",2024,6,"PUESTO DE CONTROL TERRESTRE DESAGUADERO","SOYA, torta",113220,"SACO(S)","BOLIVIA"
"13910",2024,6,"PUESTO DE CONTROL TERRESTRE DESAGUADERO","SOYA, torta",55800,"GRANEL","BOLIVIA"
"13911",2024,6,"PUESTO DE CONTROL TERRESTRE DESAGUADERO","SOYA, grano",116000,"SACO(S)","BOLIVIA"
"13912",2024,6,"PUESTO DE CONTROL TERRESTRE DESAGUADERO","SOYA, torta",203000,"SACO(S)","BOLIVIA"
"13913",2024,6,"IÑAPARI, MADRE DE DIOS","NUEZ DEL BRASIL, con cáscara seca al natural",28000,"GRANEL","BRASIL"
"13914",2024,6,"OFICINA PUESTO DE CONTROL MARITIMO - PROV. CONST. DEL CALLAO","TURBA",1746,"FARDOS","ECUADOR"
"13915",2024,6,"OFICINA PUESTO DE CONTROL MARITIMO - PROV. CONST. DEL CALLAO","MANZANA, fruto fresco",20580,"CAJA(S)","EEUU"
"13916",2024,6,"OFICINA PUESTO DE CONTROL AEREO -  PROV. CONST. DEL CALLAO","TOMATE, semilla",0.062,"SACHETS","EEUU"
"13917",2024,6,"OFICINA PUESTO DE CONTROL MARITIMO - PROV. CONST. DEL CALLAO","MADERA, las demás hojas para chapado,de las demas maderas tropicales",373.084,"PAQUETES","ITALIA"
"13918",2024,6,"OFICINA PUESTO DE CONTROL MARITIMO - PROV. CONST. DEL CALLAO","MADERA, láminas para chapado
",509.916,"PAQUETES","ITALIA"
"13919",2024,6,"OFICINA PUESTO DE CONTROL MARITIMO - PROV. CONST. DEL CALLAO","AZUCAR CRUDA, sólido",174100,"SACO(S)","GUATEMALA"
"13920",2024,6,"AGUAS VERDES, TUMBES","PITAHAYA, fruto fresco",5740,"CAJA(S)","ECUADOR"
"13921",2024,6,"OFICINA PUESTO DE CONTROL MARITIMO - PROV. CONST. DEL CALLAO","LENTEJA, grano",78924,"SACO(S)","CANADA"
"13922",2024,6,"OFICINA PUESTO DE CONTROL MARITIMO - PROV. CONST. DEL CALLAO","AJONJOLI, grano",28000,"SACO(S)","INDIA"
"13923",2024,6,"PUESTO DE CONTROL TERRESTRE DESAGUADERO","SOYA, grano",56000,"GRANEL","BOLIVIA"
"13924",2024,6,"PUESTO DE CONTROL TERRESTRE DESAGUADERO","SOYA, grano",55000,"GRANEL","BOLIVIA"
"13925",2024,6,"PUESTO DE CONTROL TERRESTRE DESAGUADERO","SOYA, grano",84000,"GRANEL","BOLIVIA"
"13926",2024,6,"PUESTO DE CONTROL TERRESTRE DESAGUADERO","SOYA, grano",56000,"GRANEL","BOLIVIA"
"13927",2024,6,"PUESTO DE CONTROL TERRESTRE DESAGUADERO","SOYA, torta",115000,"SACO(S)","BOLIVIA"
"13928",2024,6,"OFICINA PUESTO DE CONTROL MARITIMO - PROV. CONST. DEL CALLAO","PINO, madera aserrada con algún proceso de la CRF2",42036,"PAQUETES","CHILE"
"13929",2024,6,"OFICINA PUESTO DE CONTROL MARITIMO - PROV. CONST. DEL CALLAO","FREJOL CANARIO, grano",23000,"SACO(S)","MEXICO"
"13930",2024,6,"PUESTO DE CONTROL TERRESTRE DESAGUADERO","SOYA, torta",145000,"SACO(S)","BOLIVIA"
"13931",2024,6,"OFICINA PUESTO DE CONTROL MARITIMO - PROV. CONST. DEL CALLAO","TURBA",203040,"FARDOS","HOLANDA"
"13932",2024,6,"OFICINA PUESTO DE CONTROL MARITIMO - PROV. CONST. DEL CALLAO","TURBA",203040,"FARDOS","HOLANDA"
"13933",2024,6,"PUESTO DE CONTROL TERRESTRE DESAGUADERO","SOYA, torta",111500,"GRANEL","BOLIVIA"
"13934",2024,6,"OFICINA PUESTO DE CONTROL MARITIMO - PROV. CONST. DEL CALLAO","GARBANZO, grano",22000,"SACO(S)","MEXICO"
"13935",2024,6,"OFICINA PUESTO DE CONTROL MARITIMO - PROV. CONST. DEL CALLAO","ACHIOTE, grano",46100,"SACO(S)","GUATEMALA"
"13936",2024,6,"PUESTO DE CONTROL TERRESTRE DESAGUADERO","SOYA, grano",55980,"GRANEL","BOLIVIA"
"13937",2024,6,"PUESTO DE CONTROL TERRESTRE DESAGUADERO","SOYA, grano",56980,"GRANEL","BOLIVIA"
"13938",2024,6,"OFICINA PUESTO DE CONTROL MARITIMO - PROV. CONST. DEL CALLAO","UVA (PASAS), secas industrialmente",20000,"CAJA(S)","CHILE"
"13939",2024,6,"OFICINA PUESTO DE CONTROL MARITIMO - PROV. CONST. DEL CALLAO","ALGODON, fibra sin cardar ni peinar (>28.57 mm = o <34.92 mm)",19490,"FARDOS","EEUU"
"13940",2024,6,"OFICINA PUESTO DE CONTROL MARITIMO - PROV. CONST. DEL CALLAO","AZUCAR BLANCA O REFINADA (lectura polarimetrica mayor 99.5°)",131800,"SACO(S)","NICARAGUA"
"13941",2024,6,"AGUAS VERDES, TUMBES","PITAHAYA, fruto fresco",5480,"CAJA(S)","ECUADOR"
"13942",2024,6,"OFICINA PUESTO DE CONTROL MARITIMO - PROV. CONST. DEL CALLAO","LAS DEMAS HOJAS PARA CHAPADO, coníferas",2426,"PALETAS","CHINA"
"13943",2024,6,"OFICINA PUESTO DE CONTROL MARITIMO - PROV. CONST. DEL CALLAO","AVENA, grano trabajado (mondado, perlado, troceado o quebrantado)",144000,"SACO(S)","CHILE"
"13944",2024,6,"OFICINA PUESTO DE CONTROL MARITIMO - PROV. CONST. DEL CALLAO","MANZANA, fruto fresco",19796,"CAJA(S)","CHILE"
"13945",2024,6,"OFICINA PUESTO DE CONTROL AEREO -  PROV. CONST. DEL CALLAO","CAFE, semilla",9.5,"BOLSAS","COSTA RICA"
"13946",2024,6,"OFICINA PUESTO DE CONTROL MARITIMO - PROV. CONST. DEL CALLAO","TURBA",136450,"PACAS","ESTONIA"
"13947",2024,6,"OFICINA PUESTO DE CONTROL MARITIMO - PROV. CONST. DEL CALLAO","AJONJOLI, grano",26000,"SACO(S)","PARAGUAY"
"13948",2024,6,"OFICINA PUESTO DE CONTROL MARITIMO - PROV. CONST. DEL CALLAO","BAMBU, artículos de cestería obtenidos directamente en su forma con materia trenzable con algún proceso de la CRF 2",0.256,"UNIDADES","CHINA"
"13949",2024,6,"PUESTO DE CONTROL TERRESTRE DESAGUADERO","SOYA, harina",112000,"SACO(S)","BOLIVIA"
"13950",2024,6,"OFICINA PUESTO DE CONTROL MARITIMO - PROV. CONST. DEL CALLAO","AZUCAR BLANCA O REFINADA (lectura polarimetrica mayor 99.5°)",106000,"SACO(S)","NICARAGUA"
"13951",2024,6,"OFICINA PUESTO DE CONTROL MARITIMO - PROV. CONST. DEL CALLAO","PERA, fruta fresca",22680,"CAJA(S)","ARGENTINA"
"13952",2024,6,"OFICINA PUESTO DE CONTROL AEREO -  PROV. CONST. DEL CALLAO","UVA (PASAS), secas naturalmente",10.48,"CAJA(S)","ARGENTINA"
"13953",2024,6,"OFICINA PUESTO DE CONTROL AEREO -  PROV. CONST. DEL CALLAO","UVA (PASAS), secas naturalmente",10.58,"CAJA(S)","ARGENTINA"
"13954",2024,6,"OFICINA PUESTO DE CONTROL AEREO -  PROV. CONST. DEL CALLAO","UVA (PASAS), secas naturalmente",10.56,"CAJA(S)","ARGENTINA"
"13955",2024,6,"OFICINA PUESTO DE CONTROL AEREO -  PROV. CONST. DEL CALLAO","UVA (PASAS), secas naturalmente",10.52,"CAJA(S)","ARGENTINA"
"13956",2024,6,"OFICINA PUESTO DE CONTROL AEREO -  PROV. CONST. DEL CALLAO","AJI PANCA (=AJI LIMO, AJI DULCE, AJI HABANERO), semilla",1.55,"SACHETS","TURQUIA"
"13957",2024,6,"OFICINA PUESTO DE CONTROL MARITIMO - PROV. CONST. DEL CALLAO","MANZANA, fruto fresco",36260,"CAJA(S)","EEUU"
"13958",2024,6,"PUESTO DE CONTROL TERRESTRE DESAGUADERO","SOYA, torta",26990,"GRANEL","BOLIVIA"
"13959",2024,6,"PUESTO DE CONTROL TERRESTRE DESAGUADERO","SOYA, torta",84000,"GRANEL","BOLIVIA"
"13960",2024,6,"PUESTO DE CONTROL TERRESTRE DESAGUADERO","SOYA, torta",55900,"GRANEL","BOLIVIA"
"13961",2024,6,"PUESTO DE CONTROL TERRESTRE DESAGUADERO","SOYA, torta",111200,"GRANEL","BOLIVIA"
"13962",2024,6,"PUESTO DE CONTROL TERRESTRE DESAGUADERO","SOYA, torta",27520,"GRANEL","BOLIVIA"
"13963",2024,6,"PUESTO DE CONTROL TERRESTRE DESAGUADERO","SOYA, torta",27030,"GRANEL","BOLIVIA"
"13964",2024,6,"PUESTO DE CONTROL TERRESTRE DESAGUADERO","SOYA, torta",141916,"SACO(S)","BOLIVIA"
"13965",2024,6,"PUESTO DE CONTROL TERRESTRE DESAGUADERO","SOYA, torta",51714,"SACO(S)","BOLIVIA"
"13966",2024,6,"PUESTO DE CONTROL TERRESTRE DESAGUADERO","SOYA, torta",27520,"GRANEL","BOLIVIA"
"13967",2024,6,"PUESTO DE CONTROL TERRESTRE DESAGUADERO","SOYA, torta",84000,"GRANEL","BOLIVIA"
"13968",2024,6,"PUESTO DE CONTROL TERRESTRE DESAGUADERO","SOYA, torta",26910,"GRANEL","BOLIVIA"
"13969",2024,6,"PUESTO DE CONTROL TERRESTRE DESAGUADERO","SOYA, torta",112000,"GRANEL","BOLIVIA"
"13970",2024,6,"PUESTO DE CONTROL TERRESTRE DESAGUADERO","SOYA, harina",145000,"SACO(S)","BOLIVIA"
"13971",2024,6,"OFICINA PUESTO DE CONTROL MARITIMO - PROV. CONST. DEL CALLAO","PINO, madera aserrada con algún proceso de la CRF2",97605,"PAQUETES","CHILE"
"13972",2024,6,"OFICINA PUESTO DE CONTROL MARITIMO - PROV. CONST. DEL CALLAO","PINO, madera aserrada con algún proceso de la CRF2",64540,"PAQUETES","CHILE"
"13973",2024,6,"OFICINA PUESTO DE CONTROL AEREO -  PROV. CONST. DEL CALLAO","TOMATE, semilla",0.023637,"SACHETS","HOLANDA"
"13974",2024,6,"PUESTO DE CONTROL TERRESTRE DESAGUADERO","SOYA, torta",56500,"GRANEL","BOLIVIA"
"13975",2024,6,"OFICINA PUESTO DE CONTROL MARITIMO - PROV. CONST. DEL CALLAO","UVA (PASAS), secas naturalmente",20000,"CAJA(S)","CHILE"
"13976",2024,6,"OFICINA PUESTO DE CONTROL MARITIMO - PROV. CONST. DEL CALLAO","UVA (PASAS), secas naturalmente",20000,"CAJA(S)","CHILE"
"13977",2024,6,"OFICINA PUESTO DE CONTROL MARITIMO - PROV. CONST. DEL CALLAO","UVA (PASAS), secas naturalmente",20000,"CAJA(S)","CHILE"
"13978",2024,6,"PUESTO DE CONTROL TERRESTRE DESAGUADERO","SOYA, harina",145000,"SACO(S)","BOLIVIA"
"13979",2024,6,"PUESTO DE CONTROL TERRESTRE DESAGUADERO","SOYA, torta",147000,"SACO(S)","BOLIVIA"
"13980",2024,6,"OFICINA PUESTO DE CONTROL MARITIMO - PROV. CONST. DEL CALLAO","AZUCAR BLANCA O REFINADA (lectura polarimetrica mayor 99.5°)",130000,"SACO(S)","BRASIL"
"13981",2024,6,"OFICINA PUESTO DE CONTROL MARITIMO - PROV. CONST. DEL CALLAO","AZUCAR BLANCA O REFINADA (lectura polarimetrica mayor 99.5°)",130000,"SACO(S)","BRASIL"
"13982",2024,6,"PUESTO DE CONTROL TERRESTRE DESAGUADERO","GIRASOL, torta",25530,"GRANEL","BOLIVIA"
"13983",2024,6,"OFICINA PUESTO DE CONTROL MARITIMO - PROV. CONST. DEL CALLAO","ARROZ, grano pilado",7308,"CAJA(S)","ITALIA"
"13984",2024,6,"PUESTO DE CONTROL TERRESTRE DESAGUADERO","SOYA, torta",145000,"SACO(S)","BOLIVIA"
"13985",2024,6,"OFICINA PUESTO DE CONTROL MARITIMO - PROV. CONST. DEL CALLAO","MADERA, en bruto de coníferas tratada agentes de conservación
",10816,"PAQUETES","EEUU"
"13986",2024,6,"OFICINA PUESTO DE CONTROL MARITIMO - PROV. CONST. DEL CALLAO","MANZANA, fruto fresco",19551,"CAJA(S)","CHILE"
"13987",2024,6,"OFICINA PUESTO DE CONTROL MARITIMO - PROV. CONST. DEL CALLAO","PINO, postes de madera con algun proceso de la CRF 2",175034,"UNIDADES","CHILE"
"13988",2024,6,"OFICINA PUESTO DE CONTROL MARITIMO - PROV. CONST. DEL CALLAO","PINO, postes de madera con algun proceso de la CRF 2",189015,"UNIDADES","CHILE"
"13989",2024,6,"OFICINA PUESTO DE CONTROL MARITIMO - PROV. CONST. DEL CALLAO","ACHIOTE, grano",47500,"SACO(S)","COSTA DE MARFIL"
"13990",2024,6,"OFICINA PUESTO DE CONTROL MARITIMO - PROV. CONST. DEL CALLAO","PAPA, fécula",199975,"BOLSAS","ALEMANIA"
"13991",2024,6,"OFICINA PUESTO DE CONTROL AEREO -  PROV. CONST. DEL CALLAO","TRIGO, harina",0.05,"SACHETS","REINO UNIDO"
"13992",2024,6,"OFICINA PUESTO DE CONTROL MARITIMO - PROV. CONST. DEL CALLAO","PAPA, fécula",239925,"BOLSAS","ALEMANIA"
"13993",2024,6,"OFICINA PUESTO DE CONTROL MARITIMO - PROV. CONST. DEL CALLAO","AJONJOLI, grano",26000,"SACO(S)","INDIA"
"13994",2024,6,"PUESTO DE CONTROL TERRESTRE DESAGUADERO","SOYA, torta",55160,"GRANEL","BOLIVIA"
"13995",2024,6,"PUESTO DE CONTROL TERRESTRE DESAGUADERO","SOYA, torta",56820,"GRANEL","BOLIVIA"
"13996",2024,6,"OFICINA PUESTO DE CONTROL MARITIMO - PROV. CONST. DEL CALLAO","AZUCAR BLANCA O REFINADA (lectura polarimetrica mayor 99.5°)",53000,"SACO(S)","NICARAGUA"
"13997",2024,6,"OFICINA PUESTO DE CONTROL MARITIMO - PROV. CONST. DEL CALLAO","AVENA, grano trabajado (mondado, perlado, troceado o quebrantado)",52500,"SACO(S)","CHILE"
"13998",2024,6,"PUESTO DE CONTROL TERRESTRE DESAGUADERO","AJONJOLI, grano",29000,"SACO(S)","BOLIVIA"
"13999",2024,6,"PUESTO DE CONTROL TERRESTRE DESAGUADERO","MANI, grano sin cáscara",58000,"SACO(S)","BOLIVIA"
"14000",2024,6,"OFICINA PUESTO DE CONTROL MARITIMO - PROV. CONST. DEL CALLAO","UVA (PASAS), secas industrialmente",20000,"CAJA(S)","CHILE"
"14001",2024,6,"PUESTO DE CONTROL TERRESTRE DESAGUADERO","MAIZ AMARILLO DURO, grano",90000,"SACO(S)","BOLIVIA"
"14002",2024,6,"OFICINA PUESTO DE CONTROL MARITIMO - PROV. CONST. DEL CALLAO","UVA (PASAS), secas industrialmente",20000,"CAJA(S)","CHILE"
"14003",2024,6,"OFICINA PUESTO DE CONTROL AEREO -  PROV. CONST. DEL CALLAO","TOMATE, semilla",0.243,"SACHETS","HOLANDA"
"14004",2024,6,"OFICINA PUESTO DE CONTROL MARITIMO - PROV. CONST. DEL CALLAO","APIO, en polvo",280,"BOLSAS","ESPAÑA"
"14005",2024,6,"OFICINA PUESTO DE CONTROL MARITIMO - PROV. CONST. DEL CALLAO","MANZANA, fruto fresco",19756.8,"CAJA(S)","CHILE"
"14006",2024,6,"OFICINA PUESTO DE CONTROL MARITIMO - PROV. CONST. DEL CALLAO","QUINUA, grano",20106.6,"CAJA(S)","JAMAICA"
"14007",2024,6,"OFICINA PUESTO DE CONTROL MARITIMO - PROV. CONST. DEL CALLAO","AZUCAR BLANCA O REFINADA (lectura polarimetrica mayor 99.5°)",265000,"SACO(S)","NICARAGUA"
"14008",2024,6,"OFICINA PUESTO DE CONTROL MARITIMO - PROV. CONST. DEL CALLAO","Las demás maquinarias, aparatos y artefactos agricolas, horticolas o silvicolas, usados
",17100,"UNIDADES","CHINA"
"14009",2024,6,"OFICINA PUESTO DE CONTROL MARITIMO - PROV. CONST. DEL CALLAO","PIMIENTA, molida",1000,"CAJA(S)","VIETNAM"
"14010",2024,6,"PUESTO DE CONTROL TERRESTRE DESAGUADERO","SOYA, torta",114000,"SACO(S)","BOLIVIA"
"14011",2024,6,"PUESTO DE CONTROL TERRESTRE DESAGUADERO","SOYA, torta",56000,"GRANEL","BOLIVIA"
"14012",2024,6,"PUESTO DE CONTROL TERRESTRE DESAGUADERO","SOYA, torta",54510,"GRANEL","BOLIVIA"
"14013",2024,6,"PUESTO DE CONTROL TERRESTRE DESAGUADERO","SOYA, torta",26876,"SACO(S)","BOLIVIA"
"14014",2024,6,"OFICINA PUESTO DE CONTROL MARITIMO - PROV. CONST. DEL CALLAO","FREJOL, grano",40869,"BOLSAS","CANADA"
"14015",2024,6,"OFICINA PUESTO DE CONTROL MARITIMO - PROV. CONST. DEL CALLAO","LENTEJA, grano",52000,"SACO(S)","CANADA"
"14016",2024,6,"IÑAPARI, MADRE DE DIOS","NUEZ DEL BRASIL, con cáscara seca al natural",28180,"GRANEL","BRASIL"
"14017",2024,6,"OFICINA PUESTO DE CONTROL MARITIMO - PROV. CONST. DEL CALLAO","FREJOL CANARIO, grano",45360,"SACO(S)","EEUU"
"14018",2024,6,"OFICINA PUESTO DE CONTROL MARITIMO - PROV. CONST. DEL CALLAO","COMINO, grano",28000,"SACO(S)","INDIA"
"14019",2024,6,"OFICINA PUESTO DE CONTROL MARITIMO - PROV. CONST. DEL CALLAO","LENTEJA, grano",141476,"SACO(S)","EEUU"
"14020",2024,6,"OFICINA PUESTO DE CONTROL MARITIMO - PROV. CONST. DEL CALLAO","GARBANZO, grano",50000,"SACO(S)","ARGENTINA"
"14021",2024,6,"AGUAS VERDES, TUMBES","ROSA, flores frescas cortadas",3994,"CAJA(S)","ECUADOR"
"14022",2024,6,"AGUAS VERDES, TUMBES","CLAVEL, flores frescas cortadas",1958,"CAJA(S)","ECUADOR"
"14023",2024,6,"AGUAS VERDES, TUMBES","CRISANTEMO, los demas flores frescas cortadas",48,"CAJA(S)","ECUADOR"
"14024",2024,6,"PUESTO DE CONTROL TERRESTRE DESAGUADERO","SOYA, torta",119500,"SACO(S)","BOLIVIA"
"14025",2024,6,"PUESTO DE CONTROL TERRESTRE DESAGUADERO","SOYA, harina",174000,"SACO(S)","BOLIVIA"
"14026",2024,6,"PUESTO DE CONTROL TERRESTRE DESAGUADERO","SOYA, torta",147000,"SACO(S)","BOLIVIA"
"14027",2024,6,"OFICINA PUESTO DE CONTROL MARITIMO - PROV. CONST. DEL CALLAO","MATERIAS VEGETALES, para tallar trabajadas con algun proceso de la CRF 2",3240,"CAJA(S)","CHINA"
"14028",2024,6,"OFICINA PUESTO DE CONTROL MARITIMO - PROV. CONST. DEL CALLAO","CHIA, grano",50000,"SACO(S)","ARGENTINA"
"14029",2024,6,"PUESTO DE CONTROL TERRESTRE DESAGUADERO","SOYA, harina",87000,"SACO(S)","BOLIVIA"
"14030",2024,6,"PUESTO DE CONTROL TERRESTRE DESAGUADERO","SOYA, grano",28000,"GRANEL","BOLIVIA"
"14031",2024,6,"PUESTO DE CONTROL TERRESTRE DESAGUADERO","SOYA, grano",28000,"GRANEL","BOLIVIA"
"14032",2024,6,"PUESTO DE CONTROL TERRESTRE DESAGUADERO","SOYA, grano",56000,"GRANEL","BOLIVIA"
"14033",2024,6,"OFICINA PUESTO DE CONTROL MARITIMO - PROV. CONST. DEL CALLAO","ROTEN (=Ratán), trenzas y artículos similares, de materia trenzable, incluso ensamblados en tiras, materia trenzable, trenzas y artículos similares de materia trenzable, tejidos o paralelizados, en forma plana, con algun proceso de la CRF 2",311,"PIEZAS","CHINA"
"14034",2024,6,"OFICINA PUESTO DE CONTROL MARITIMO - PROV. CONST. DEL CALLAO","Articulos de cesteria (canastos, cestos u otros), con algun proceso de la CRF2",1700.79,"PIEZAS","CHINA"
"14035",2024,6,"OFICINA PUESTO DE CONTROL MARITIMO - PROV. CONST. DEL CALLAO","PINO, madera aserrada con algún proceso de la CRF2",62940,"PAQUETES","CHILE"
"14036",2024,6,"OFICINA PUESTO DE CONTROL MARITIMO - PROV. CONST. DEL CALLAO","PINO, madera aserrada con algún proceso de la CRF2",85972,"PAQUETES","CHILE"
"14037",2024,6,"OFICINA PUESTO DE CONTROL MARITIMO - PROV. CONST. DEL CALLAO","MANI, grano sin cáscara",50000,"SACO(S)","BRASIL"
"14038",2024,6,"OFICINA PUESTO DE CONTROL MARITIMO - PROV. CONST. DEL CALLAO","AVENA, grano aplastado o en copos (hojuelas)",52500,"SACO(S)","CHILE"
"14039",2024,6,"OFICINA PUESTO DE CONTROL MARITIMO - PROV. CONST. DEL CALLAO","UVA (PASAS), secas naturalmente",12000,"CAJA(S)","IRAN"
"14040",2024,6,"OFICINA PUESTO DE CONTROL MARITIMO - PROV. CONST. DEL CALLAO","DATIL, seco natural",10000,"CAJA(S)","IRAN"
"14041",2024,6,"PUESTO DE CONTROL TERRESTRE DESAGUADERO","SOYA, harina",28000,"SACO(S)","BOLIVIA"
"14042",2024,6,"PUESTO DE CONTROL TERRESTRE DESAGUADERO","SOYA, torta",116000,"SACO(S)","BOLIVIA"
"14043",2024,6,"OFICINA PUESTO DE CONTROL AEREO -  PROV. CONST. DEL CALLAO","PAPAYA, semilla",1,"SOBRES","MEXICO"
"14044",2024,6,"OFICINA PUESTO DE CONTROL MARITIMO - PROV. CONST. DEL CALLAO","QUINUA, grano",5400,"BOLSAS","EEUU"
"14045",2024,6,"OFICINA PUESTO DE CONTROL MARITIMO - PROV. CONST. DEL CALLAO","CHIA, grano",1400,"BOLSAS","EEUU"
"14046",2024,6,"OFICINA PUESTO DE CONTROL MARITIMO - PROV. CONST. DEL CALLAO","CORCHO, desperdicios; corcho triturado, granulado o pulverizado",269.89,"CAJA(S)","EEUU"
"14047",2024,6,"PUESTO DE CONTROL TERRESTRE DESAGUADERO","SOYA, torta",145000,"SACO(S)","BOLIVIA"
"14048",2024,6,"SANTA ROSA, TACNA","LAS DEMAS MATERIAS VEGETALES y desperdicios vegetales, residuos y subproductos vegetales",24615,"SACO(S)","CHILE"
"14049",2024,6,"PUESTO DE CONTROL TERRESTRE DESAGUADERO","GIRASOL, torta",28000,"GRANEL","BOLIVIA"
"14050",2024,6,"PUESTO DE CONTROL TERRESTRE DESAGUADERO","SOYA, torta",28090,"GRANEL","BOLIVIA"
"14051",2024,6,"OFICINA PUESTO DE CONTROL AEREO -  PROV. CONST. DEL CALLAO","PIMIENTO, semilla",0.015,"SACHETS","HOLANDA"
"14052",2024,6,"PUESTO DE CONTROL TERRESTRE DESAGUADERO","MAIZ AMARILLO DURO, grano",58000,"SACO(S)","BOLIVIA"
"14053",2024,6,"OFICINA PUESTO DE CONTROL MARITIMO - PROV. CONST. DEL CALLAO","AZUCAR BLANCA O REFINADA (lectura polarimetrica mayor 99.5°)",264008,"SACO(S)","GUATEMALA"
"14054",2024,6,"OFICINA PUESTO DE CONTROL MARITIMO - PROV. CONST. DEL CALLAO","AZUCAR DE CAÑA, solido en bruto",265000,"SACO(S)","GUATEMALA"
"14055",2024,6,"OFICINA PUESTO DE CONTROL AEREO -  PROV. CONST. DEL CALLAO","MAIZ, semilla",142.7,"BOLSAS","MEXICO"
"14056",2024,6,"PUESTO DE CONTROL TERRESTRE DESAGUADERO","SOYA, torta",84050,"GRANEL","BOLIVIA"
"14057",2024,6,"PUESTO DE CONTROL TERRESTRE DESAGUADERO","SOYA, torta",56130,"GRANEL","BOLIVIA"
"14058",2024,6,"PUESTO DE CONTROL TERRESTRE DESAGUADERO","SOYA, harina",1e+05,"SACO(S)","BOLIVIA"
"14059",2024,6,"OFICINA PUESTO DE CONTROL AEREO -  PROV. CONST. DEL CALLAO","MANZANILLA, triturada",156,"CAJA(S)","CROACIA"
"14060",2024,6,"AGUAS VERDES, TUMBES","ROSA, flores frescas cortadas",1751,"CAJA(S)","ECUADOR"
"14061",2024,6,"AGUAS VERDES, TUMBES","CLAVEL, flores frescas cortadas",150,"CAJA(S)","ECUADOR"
"14062",2024,6,"AGUAS VERDES, TUMBES","CRISANTEMO, flores frescas cortadas",300,"CAJA(S)","ECUADOR"
"14063",2024,6,"AGUAS VERDES, TUMBES","LILIUM (=AZUCENA), flores frescas cortadas",50,"CAJA(S)","ECUADOR"
"14064",2024,6,"OFICINA PUESTO DE CONTROL MARITIMO - PROV. CONST. DEL CALLAO","MADERA, en bruto de coníferas tratada agentes de conservación
",81540,"UNIDADES","CHILE"
"14065",2024,6,"OFICINA PUESTO DE CONTROL MARITIMO - PROV. CONST. DEL CALLAO","MADERA, en bruto de coníferas tratada agentes de conservación
",171550,"UNIDADES","CHILE"
"14066",2024,6,"OFICINA PUESTO DE CONTROL MARITIMO - PROV. CONST. DEL CALLAO","ALGODON, fibra sin cardar ni peinar (>34.92 mm)",96070,"FARDOS","EEUU"
"14067",2024,6,"OFICINA PUESTO DE CONTROL MARITIMO - PROV. CONST. DEL CALLAO","MADERA, en bruto de coníferas tratada agentes de conservación
",110490,"UNIDADES","CHILE"
"14068",2024,6,"OFICINA PUESTO DE CONTROL MARITIMO - PROV. CONST. DEL CALLAO","ARVEJA, grano partido",46266,"SACO(S)","EEUU"
"14069",2024,6,"PUESTO DE CONTROL TERRESTRE DESAGUADERO","SOYA, torta",84540,"GRANEL","BOLIVIA"
"14070",2024,6,"OFICINA PUESTO DE CONTROL MARITIMO - PROV. CONST. DEL CALLAO","MAIZ REVENTON, grano",52000,"SACO(S)","ARGENTINA"
"14071",2024,6,"OFICINA PUESTO DE CONTROL MARITIMO - PROV. CONST. DEL CALLAO","UVA (PASAS), secas naturalmente",21000,"CAJA(S)","CHILE"
"14072",2024,6,"PUESTO DE CONTROL TERRESTRE DESAGUADERO","SOYA, torta",140000,"GRANEL","BOLIVIA"
"14073",2024,6,"PUESTO DE CONTROL TERRESTRE DESAGUADERO","SOYA, torta",141000,"SACO(S)","BOLIVIA"
"14074",2024,6,"OFICINA PUESTO DE CONTROL AEREO -  PROV. CONST. DEL CALLAO","TOMATE, semilla",0.204,"SACHETS","EEUU"
"14075",2024,6,"PUERTO DE SALAVERRY, LA LIBERTAD","SOYA, torta",8484000,"GRANEL","CHILE"
"14076",2024,6,"OFICINA PUESTO DE CONTROL MARITIMO - PROV. CONST. DEL CALLAO","RESIDUO DE DESTILERIA",77012,"GRANEL","EEUU"
"14077",2024,6,"OFICINA PUESTO DE CONTROL MARITIMO - PROV. CONST. DEL CALLAO","PINO, madera aserrada con algún proceso de la CRF2",41579,"PAQUETES","CHILE"
"14078",2024,6,"OFICINA PUESTO DE CONTROL MARITIMO - PROV. CONST. DEL CALLAO","PINO, madera aserrada con algún proceso de la CRF2",145800,"PAQUETES","CHILE"
"14079",2024,6,"OFICINA PUESTO DE CONTROL MARITIMO - PROV. CONST. DEL CALLAO","PINO, madera aserrada con algún proceso de la CRF2",19680,"PAQUETES","CHILE"
"14080",2024,6,"PUESTO DE CONTROL TERRESTRE DESAGUADERO","SOYA, torta",110540,"GRANEL","BOLIVIA"
"14081",2024,6,"PUESTO DE CONTROL TERRESTRE DESAGUADERO","SOYA, harina",145000,"SACO(S)","BOLIVIA"
"14082",2024,6,"PUESTO DE CONTROL TERRESTRE DESAGUADERO","SOYA, torta",111500,"SACO(S)","BOLIVIA"
"14083",2024,6,"PUESTO DE CONTROL TERRESTRE DESAGUADERO","SOYA, torta",168000,"SACO(S)","BOLIVIA"
"14084",2024,6,"OFICINA PUESTO DE CONTROL MARITIMO - PROV. CONST. DEL CALLAO","UVA (PASAS), secas industrialmente",21000,"CAJA(S)","CHILE"
"14085",2024,6,"OFICINA PUESTO DE CONTROL AEREO -  PROV. CONST. DEL CALLAO","TOMATE, semilla",0.025,"SACHETS","EEUU"
"14086",2024,6,"OFICINA PUESTO DE CONTROL AEREO -  PROV. CONST. DEL CALLAO","TOMATE, semilla",0.054968,"SACHETS","HOLANDA"
"14087",2024,6,"OFICINA PUESTO DE CONTROL AEREO -  PROV. CONST. DEL CALLAO","PIMIENTO, semilla",0.01,"SACHETS","HOLANDA"
"14088",2024,6,"OFICINA PUESTO DE CONTROL AEREO -  PROV. CONST. DEL CALLAO","TOMATE, semilla",0.034261,"SACHETS","HOLANDA"
"14089",2024,6,"OFICINA PUESTO DE CONTROL AEREO -  PROV. CONST. DEL CALLAO","PIMIENTO, semilla",0.058,"SACHETS","HOLANDA"
"14090",2024,6,"OFICINA PUESTO DE CONTROL AEREO -  PROV. CONST. DEL CALLAO","PIMIENTO, semilla",0.183525,"SACHETS","HOLANDA"
"14091",2024,6,"OFICINA PUESTO DE CONTROL AEREO -  PROV. CONST. DEL CALLAO","SANDIA, semilla",1.562,"SACHETS","EEUU"
"14092",2024,6,"OFICINA PUESTO DE CONTROL AEREO -  PROV. CONST. DEL CALLAO","PIMIENTO, semilla",0.356,"SACHETS","HOLANDA"
"14093",2024,6,"OFICINA PUESTO DE CONTROL AEREO -  PROV. CONST. DEL CALLAO","ARANDANO, planta in vitro",696.53,"FRASCO(S)","MEXICO"
"14094",2024,6,"PUESTO DE CONTROL TERRESTRE DESAGUADERO","SOYA, torta",84000,"GRANEL","BOLIVIA"
"14095",2024,6,"PUESTO DE CONTROL TERRESTRE DESAGUADERO","SOYA, torta",53000,"GRANEL","BOLIVIA"
"14096",2024,6,"OFICINA PUESTO DE CONTROL MARITIMO - PROV. CONST. DEL CALLAO","MAIZ REVENTON, grano",129950,"SACO(S)","ARGENTINA"
"14097",2024,6,"PUERTO DE PAITA , PIURA","GARBANZO, grano",22000,"SACO(S)","MEXICO"
"14098",2024,6,"OFICINA PUESTO DE CONTROL MARITIMO - PROV. CONST. DEL CALLAO","ARVEJA, grano partido",124740,"SACO(S)","EEUU"
"14099",2024,6,"OFICINA PUESTO DE CONTROL MARITIMO - PROV. CONST. DEL CALLAO","ARVEJA, grano partido",95345,"SACO(S)","EEUU"
"14100",2024,6,"OFICINA PUESTO DE CONTROL MARITIMO - PROV. CONST. DEL CALLAO","FLOR DE JAMAICA, seca natural",11041,"SACO(S)","NIGERIA"
"14101",2024,6,"OFICINA PUESTO DE CONTROL MARITIMO - PROV. CONST. DEL CALLAO","TRIGO DURO, grano",2261014,"GRANEL","CANADA"
"14102",2024,6,"PUESTO DE CONTROL TERRESTRE DESAGUADERO","SOYA, grano",56000,"GRANEL","BOLIVIA"
"14103",2024,6,"PUESTO DE CONTROL TERRESTRE DESAGUADERO","SOYA, torta",114500,"SACO(S)","BOLIVIA"
"14104",2024,6,"PUESTO DE CONTROL TERRESTRE DESAGUADERO","SOYA, torta",115000,"SACO(S)","BOLIVIA"
"14105",2024,6,"PUESTO DE CONTROL TERRESTRE DESAGUADERO","SOYA, torta",115000,"SACO(S)","BOLIVIA"
"14106",2024,6,"PUESTO DE CONTROL TERRESTRE DESAGUADERO","SOYA, torta",115000,"SACO(S)","BOLIVIA"
"14107",2024,6,"PUESTO DE CONTROL TERRESTRE DESAGUADERO","SOYA, torta",84000,"GRANEL","BOLIVIA"
"14108",2024,6,"OFICINA PUESTO DE CONTROL MARITIMO - PROV. CONST. DEL CALLAO","LENTEJA, grano",43272,"SACO(S)","CANADA"
"14109",2024,6,"OFICINA PUESTO DE CONTROL MARITIMO - PROV. CONST. DEL CALLAO","MANZANA, fruto fresco",11088,"CAJA(S)","ARGENTINA"
"14110",2024,6,"OFICINA PUESTO DE CONTROL MARITIMO - PROV. CONST. DEL CALLAO","PERA, fruta fresca",11340,"CAJA(S)","ARGENTINA"
"14111",2024,6,"OFICINA PUESTO DE CONTROL MARITIMO - PROV. CONST. DEL CALLAO","PINO, madera aserrada con tratamiento de secado al horno impregnación de sales",33930,"PAQUETES","CHILE"
"14112",2024,6,"PUESTO DE CONTROL TERRESTRE DESAGUADERO","SOYA, harina",174000,"SACO(S)","BOLIVIA"
"14113",2024,6,"OFICINA PUESTO DE CONTROL MARITIMO - PROV. CONST. DEL CALLAO","MANZANA, fruto fresco",19551,"CAJA(S)","CHILE"
"14114",2024,6,"PUESTO DE CONTROL TERRESTRE DESAGUADERO","SOYA, torta",145000,"SACO(S)","BOLIVIA"
"14115",2024,6,"OFICINA PUESTO DE CONTROL MARITIMO - PROV. CONST. DEL CALLAO","AZUCAR CRUDA, sólido",149415,"SACO(S)","GUATEMALA"
"14116",2024,6,"OFICINA PUESTO DE CONTROL MARITIMO - PROV. CONST. DEL CALLAO","AZUCAR BLANCA O REFINADA (lectura polarimetrica mayor 99.5°)",265000,"SACO(S)","GUATEMALA"
"14117",2024,6,"OFICINA PUESTO DE CONTROL MARITIMO - PROV. CONST. DEL CALLAO","KIWI, fruto fresco",16800,"CAJA(S)","CHILE"
"14118",2024,6,"OFICINA PUESTO DE CONTROL MARITIMO - PROV. CONST. DEL CALLAO","MAIZ REVENTON, grano",78000,"SACO(S)","ARGENTINA"
"14119",2024,6,"OFICINA PUESTO DE CONTROL MARITIMO - PROV. CONST. DEL CALLAO","ANIS ESTRELLA, trituradas o pulverizadas",15200,"CAJA(S)","VIETNAM"
"14120",2024,6,"PUESTO DE CONTROL TERRESTRE DESAGUADERO","SOYA, torta",55990,"GRANEL","BOLIVIA"
"14121",2024,6,"PUESTO DE CONTROL TERRESTRE DESAGUADERO","SOYA, torta",87190,"GRANEL","BOLIVIA"
"14122",2024,6,"AGUAS VERDES, TUMBES","CAÑA DE GUAYAQUIL, seca al natural",32000,"UNIDADES","ECUADOR"
"14123",2024,6,"PUESTO DE CONTROL TERRESTRE DESAGUADERO","SOYA, torta",84000,"GRANEL","BOLIVIA"
"14124",2024,6,"PUESTO DE CONTROL TERRESTRE DESAGUADERO","SOYA, torta",138880,"GRANEL","BOLIVIA"
"14125",2024,6,"OFICINA PUESTO DE CONTROL MARITIMO - PROV. CONST. DEL CALLAO","FREJOL CANARIO, grano",120000,"SACO(S)","MEXICO"
"14126",2024,6,"PUESTO DE CONTROL TERRESTRE DESAGUADERO","SOYA, harina",145000,"SACO(S)","BOLIVIA"
"14127",2024,6,"PUESTO DE CONTROL TERRESTRE DESAGUADERO","SOYA, torta",120000,"SACO(S)","BOLIVIA"
"14128",2024,6,"PUESTO DE CONTROL TERRESTRE DESAGUADERO","SOYA, grano",145000,"GRANEL","BOLIVIA"
"14129",2024,6,"PUESTO DE CONTROL TERRESTRE DESAGUADERO","GIRASOL, torta",26830,"GRANEL","BOLIVIA"
"14130",2024,6,"PUESTO DE CONTROL TERRESTRE DESAGUADERO","SOYA, torta",56000,"GRANEL","BOLIVIA"
"14131",2024,6,"OFICINA PUESTO DE CONTROL MARITIMO - PROV. CONST. DEL CALLAO","AZUCAR CRUDA, sólido",124090,"SACO(S)","GUATEMALA"
"14132",2024,6,"PUESTO DE CONTROL TERRESTRE DESAGUADERO","SOYA, torta",116000,"SACO(S)","BOLIVIA"
"14133",2024,6,"PUESTO DE CONTROL TERRESTRE DESAGUADERO","SOYA, torta",175500,"SACO(S)","BOLIVIA"
"14134",2024,6,"PUESTO DE CONTROL TERRESTRE DESAGUADERO","SOYA, torta",114500,"SACO(S)","BOLIVIA"
"14135",2024,6,"PUESTO DE CONTROL TERRESTRE DESAGUADERO","SOYA, torta",78000,"GRANEL","BOLIVIA"
"14136",2024,6,"PUESTO DE CONTROL TERRESTRE DESAGUADERO","AZUCAR BLANCA O REFINADA (lectura polarimetrica mayor 99.5°)",145000,"SACO(S)","BOLIVIA"
"14137",2024,6,"OFICINA PUESTO DE CONTROL MARITIMO - PROV. CONST. DEL CALLAO","UVA (PASAS), secas naturalmente",21000,"CAJA(S)","CHILE"
"14138",2024,6,"PUERTO DE PAITA , PIURA","ARVEJA, grano partido",143607,"SACO(S)","EEUU"
"14139",2024,6,"OFICINA PUESTO DE CONTROL MARITIMO - PROV. CONST. DEL CALLAO","AZAFRAN, filamento seco industrialmente",160.74,"UNIDADES","ITALIA"
"14140",2024,6,"PUERTO DE PAITA , PIURA","COCO, fibra (para sustrato)",23630,"PALETAS","INDIA"
"14141",2024,6,"PUERTO DE PAITA , PIURA","COCO, fibra (para sustrato)",22600,"PALETAS","INDIA"
"14142",2024,6,"SANTA ROSA, TACNA","CANELA, corteza entera seca al natural",6000,"SACO(S)","SRI LANKA"
"14143",2024,6,"SANTA ROSA, TACNA","CANELA, corteza entera seca al natural",7000,"CAJA(S)","SRI LANKA"
"14144",2024,6,"OFICINA PUESTO DE CONTROL AEREO -  PROV. CONST. DEL CALLAO","CEBOLLA, semilla",681,"SACHETS","ISRAEL"
"14145",2024,6,"SANTA ROSA, TACNA","MANZANA, fruto fresco",21520.8,"CAJA(S)","CHILE"
"14146",2024,6,"PUESTO DE CONTROL TERRESTRE DESAGUADERO","SOYA, harina",145000,"SACO(S)","BOLIVIA"
"14147",2024,6,"SANTA ROSA, TACNA","MANZANA, fruto fresco",22736,"CAJA(S)","CHILE"
"14148",2024,6,"SANTA ROSA, TACNA","MANZANA, fruto fresco",23520,"CAJA(S)","CHILE"
"14149",2024,6,"OFICINA PUESTO DE CONTROL AEREO -  PROV. CONST. DEL CALLAO","TOMATE, semilla",20.808,"SACHETS","ISRAEL"
"14150",2024,6,"AGUAS VERDES, TUMBES","PITAHAYA, fruto fresco",14000,"CAJA(S)","ECUADOR"
"14151",2024,6,"OFICINA PUESTO DE CONTROL MARITIMO - PROV. CONST. DEL CALLAO","VIGAS ENCOFRADAS DE MADERA, con algún proceso de la CRF2",21260,"PALETAS","CHINA"
"14152",2024,6,"SANTA ROSA, TACNA","PERA, fruta fresca",22235,"CAJA(S)","CHILE"
"14153",2024,6,"SANTA ROSA, TACNA","MANZANA, fruto fresco",22387.2,"CAJA(S)","CHILE"
"14154",2024,6,"OFICINA PUESTO DE CONTROL MARITIMO - PROV. CONST. DEL CALLAO","ALGARROBO, harina",6000,"SACO(S)","ESPAÑA"
"14155",2024,6,"OFICINA PUESTO DE CONTROL MARITIMO - PROV. CONST. DEL CALLAO","LENTEJA, grano",151320,"SACO(S)","CANADA"
"14156",2024,6,"PUESTO DE CONTROL TERRESTRE DESAGUADERO","SOYA, harina",87000,"SACO(S)","BOLIVIA"
"14157",2024,6,"SANTA ROSA, TACNA","MANZANA, fruto fresco",21658,"CAJA(S)","CHILE"
"14158",2024,6,"PUESTO DE CONTROL TERRESTRE DESAGUADERO","SOYA, torta",115500,"SACO(S)","BOLIVIA"
"14159",2024,6,"OFICINA PUESTO DE CONTROL MARITIMO - PROV. CONST. DEL CALLAO","ARROZ, parbolizado pulido o sin cáscara",132500,"SACO(S)","BRASIL"
"14160",2024,6,"OFICINA PUESTO DE CONTROL MARITIMO - PROV. CONST. DEL CALLAO","ARROZ, parbolizado pulido o sin cáscara",132500,"SACO(S)","BRASIL"
"14161",2024,6,"PUESTO DE CONTROL TERRESTRE DESAGUADERO","SOYA, grano",84000,"GRANEL","BOLIVIA"
"14162",2024,6,"PUESTO DE CONTROL TERRESTRE DESAGUADERO","SOYA, grano",84000,"GRANEL","BOLIVIA"
"14163",2024,6,"PUESTO DE CONTROL TERRESTRE DESAGUADERO","SOYA, grano",74000,"GRANEL","BOLIVIA"
"14164",2024,6,"OFICINA PUESTO DE CONTROL MARITIMO - PROV. CONST. DEL CALLAO","ARROZ, grano pilado",25000,"SACO(S)","VIETNAM"
"14165",2024,6,"PUESTO DE CONTROL TERRESTRE DESAGUADERO","SOYA, grano",87000,"SACO(S)","BOLIVIA"
"14166",2024,6,"OFICINA PUESTO DE CONTROL MARITIMO - PROV. CONST. DEL CALLAO","PAPRIKA, entera seca al natural",20071.8,"CAJA(S)","MEXICO"
"14167",2024,6,"PUESTO DE CONTROL TERRESTRE DESAGUADERO","AJONJOLI, grano",30000,"SACO(S)","BOLIVIA"
"14168",2024,6,"OFICINA PUESTO DE CONTROL MARITIMO - PROV. CONST. DEL CALLAO","ARVEJA, grano partido",92532,"SACO(S)","EEUU"
"14169",2024,6,"OFICINA PUESTO DE CONTROL AEREO -  PROV. CONST. DEL CALLAO","ALMENDRA, sin cáscara secado al natural",68.04,"CAJA(S)","EEUU"
"14170",2024,6,"OFICINA PUESTO DE CONTROL MARITIMO - PROV. CONST. DEL CALLAO","AZUCAR CRUDA, sólido",248150,"SACO(S)","GUATEMALA"
"14171",2024,6,"OFICINA PUESTO DE CONTROL MARITIMO - PROV. CONST. DEL CALLAO","PINO, madera aserrada con algún proceso de la CRF2",111769,"PAQUETES","CHILE"
"14172",2024,6,"OFICINA PUESTO DE CONTROL AEREO -  PROV. CONST. DEL CALLAO","TRIGO, harina",0.2,"UNIDADES","INGLATERRA"
"14173",2024,6,"OFICINA PUESTO DE CONTROL MARITIMO - PROV. CONST. DEL CALLAO","PINO, madera aserrada con algún proceso de la CRF2",110317,"PAQUETES","CHILE"
"14174",2024,6,"OFICINA PUESTO DE CONTROL MARITIMO - PROV. CONST. DEL CALLAO","YUCA (=MANDIOCA), fécula",76000,"BOLSAS","TAILANDIA"
"14175",2024,6,"SANTA ROSA, TACNA","TRIGO, afrecho seco industrial",56000,"SACO(S)","CHILE"
"14176",2024,6,"OFICINA PUESTO DE CONTROL MARITIMO - PROV. CONST. DEL CALLAO","MADERA, paletas, paletas caja y demas plataformas para carga, collarines para paletas, con algún proceso de la CRF 2",5792.725,"UNIDADES","PUERTO RICO"
"14177",2024,6,"PUESTO DE CONTROL TERRESTRE DESAGUADERO","SOYA, torta",85470,"GRANEL","BOLIVIA"
"14178",2024,6,"PUESTO DE CONTROL TERRESTRE DESAGUADERO","SOYA, torta",81480,"GRANEL","BOLIVIA"
"14179",2024,6,"PUESTO DE CONTROL TERRESTRE DESAGUADERO","SOYA, torta",24879,"SACO(S)","BOLIVIA"
"14180",2024,6,"PUESTO DE CONTROL TERRESTRE DESAGUADERO","SOYA, torta",56120,"GRANEL","BOLIVIA"
"14181",2024,6,"PUESTO DE CONTROL TERRESTRE DESAGUADERO","SOYA, torta",112000,"GRANEL","BOLIVIA"
"14182",2024,6,"OFICINA PUESTO DE CONTROL MARITIMO - PROV. CONST. DEL CALLAO","RESIDUO DE DESTILERIA",25776,"GRANEL","EEUU"
"14183",2024,6,"PUESTO DE CONTROL TERRESTRE DESAGUADERO","AZUCAR BLANCA O REFINADA (lectura polarimetrica mayor 99.5°)",58000,"SACO(S)","BOLIVIA"
"14184",2024,6,"PUESTO DE CONTROL TERRESTRE DESAGUADERO","SOYA, harina",196000,"SACO(S)","BOLIVIA"
"14185",2024,6,"OFICINA PUESTO DE CONTROL MARITIMO - PROV. CONST. DEL CALLAO","TRIGO, grano",21056802,"GRANEL","CANADA"
"14186",2024,6,"OFICINA PUESTO DE CONTROL MARITIMO - PROV. CONST. DEL CALLAO","AZUCAR BLANCA O REFINADA (lectura polarimetrica mayor 99.5°)",79500,"SACO(S)","COLOMBIA"
"14187",2024,6,"OFICINA PUESTO DE CONTROL MARITIMO - PROV. CONST. DEL CALLAO","AZUCAR BLANCA O REFINADA (lectura polarimetrica mayor 99.5°)",106000,"SACO(S)","COLOMBIA"
"14188",2024,6,"OFICINA PUESTO DE CONTROL AEREO -  PROV. CONST. DEL CALLAO","MANZANA, secada industrialmente",1,"CAJA(S)","CHILE"
"14189",2024,6,"PUESTO DE CONTROL TERRESTRE DESAGUADERO","SOYA, harina",116000,"SACO(S)","BOLIVIA"
"14190",2024,6,"PUESTO DE CONTROL TERRESTRE DESAGUADERO","SOYA, grano",56000,"GRANEL","BOLIVIA"
"14191",2024,6,"PUESTO DE CONTROL TERRESTRE DESAGUADERO","SOYA, grano",74000,"GRANEL","BOLIVIA"
"14192",2024,6,"OFICINA PUESTO DE CONTROL MARITIMO - PROV. CONST. DEL CALLAO","MADERA, monturas y mangos de herramientas, monturas y mangos de cepillos, brochas o escobas, de madera; hormas, ensanchadores y tensores del calzado, de madera ; con algún proceso de la CRF 2",28480,"SACO(S)","CHINA"
"14193",2024,6,"OFICINA PUESTO DE CONTROL MARITIMO - PROV. CONST. DEL CALLAO","ALIMENTO PARA ANIMALES, materias vegetales, desperdicios, residuos, incluso en pellets",40000,"SACO(S)","ITALIA"
"14194",2024,6,"PUESTO DE CONTROL TERRESTRE DESAGUADERO","SOYA, harina",174000,"SACO(S)","BOLIVIA"
"14195",2024,6,"OFICINA PUESTO DE CONTROL MARITIMO - PROV. CONST. DEL CALLAO","ALGODON, fibra sin cardar ni peinar (>28.57 mm = o <34.92 mm)",81992,"FARDOS","EEUU"
"14196",2024,6,"OFICINA PUESTO DE CONTROL MARITIMO - PROV. CONST. DEL CALLAO","BOLDO, hoja seca al natural",6000,"SACO(S)","CHILE"
"14197",2024,6,"PUESTO DE CONTROL TERRESTRE DESAGUADERO","SOYA, torta",116000,"SACO(S)","BOLIVIA"
"14198",2024,6,"PUESTO DE CONTROL TERRESTRE DESAGUADERO","SOYA, torta",174000,"SACO(S)","BOLIVIA"
"14199",2024,6,"PUESTO DE CONTROL TERRESTRE DESAGUADERO","SOYA, torta",115000,"SACO(S)","BOLIVIA"
"14200",2024,6,"OFICINA PUESTO DE CONTROL MARITIMO - PROV. CONST. DEL CALLAO","TRIGO, grano",2640000,"GRANEL","CANADA"
"14201",2024,6,"OFICINA PUESTO DE CONTROL MARITIMO - PROV. CONST. DEL CALLAO","TRIGO, almidon",75000,"BOLSAS","ARGENTINA"
"14202",2024,6,"OFICINA PUESTO DE CONTROL MARITIMO - PROV. CONST. DEL CALLAO","TURBA",367337,"FARDOS","FINLANDIA"
"14203",2024,6,"PUESTO DE CONTROL TERRESTRE DESAGUADERO","SOYA, harina",145000,"SACO(S)","BOLIVIA"
"14204",2024,6,"PUESTO DE CONTROL TERRESTRE DESAGUADERO","SOYA, harina",145000,"SACO(S)","BOLIVIA"
"14205",2024,6,"OFICINA PUESTO DE CONTROL MARITIMO - PROV. CONST. DEL CALLAO","ARROZ, grano pilado",250000,"SACO(S)","URUGUAY"
"14206",2024,6,"OFICINA PUESTO DE CONTROL MARITIMO - PROV. CONST. DEL CALLAO","ARROZ, grano pilado",125000,"SACO(S)","URUGUAY"
"14207",2024,6,"PUESTO DE CONTROL TERRESTRE DESAGUADERO","SOYA, torta",28030,"GRANEL","BOLIVIA"
"14208",2024,6,"PUESTO DE CONTROL TERRESTRE DESAGUADERO","SOYA, torta",28050,"GRANEL","BOLIVIA"
"14209",2024,6,"PUESTO DE CONTROL TERRESTRE DESAGUADERO","SOYA, torta",174000,"SACO(S)","BOLIVIA"
"14210",2024,6,"OFICINA PUESTO DE CONTROL MARITIMO - PROV. CONST. DEL CALLAO","PINO, postes de madera con algun proceso de la CRF 2",207461,"UNIDADES","CHILE"
"14211",2024,6,"OFICINA PUESTO DE CONTROL MARITIMO - PROV. CONST. DEL CALLAO","MOSTAZA, grano",1e+05,"BOLSAS","CANADA"
"14212",2024,6,"OFICINA PUESTO DE CONTROL MARITIMO - PROV. CONST. DEL CALLAO","PAPA, fécula",1e+05,"BOLSAS","HOLANDA"
"14213",2024,6,"OFICINA PUESTO DE CONTROL MARITIMO - PROV. CONST. DEL CALLAO","PAPA, fécula",1e+05,"BOLSAS","HOLANDA"
"14214",2024,6,"OFICINA PUESTO DE CONTROL MARITIMO - PROV. CONST. DEL CALLAO","PAPA, fécula",113125,"BOLSAS","DINAMARCA"
"14215",2024,6,"PUESTO DE CONTROL TERRESTRE DESAGUADERO","SOYA, grano",55000,"GRANEL","BOLIVIA"
"14216",2024,6,"PUESTO DE CONTROL TERRESTRE DESAGUADERO","SOYA, grano",84500,"GRANEL","BOLIVIA"
"14217",2024,6,"PUESTO DE CONTROL TERRESTRE DESAGUADERO","SOYA, grano",56000,"GRANEL","BOLIVIA"
"14218",2024,6,"PUESTO DE CONTROL TERRESTRE DESAGUADERO","SOYA, grano",84000,"GRANEL","BOLIVIA"
"14219",2024,6,"PUESTO DE CONTROL TERRESTRE DESAGUADERO","SOYA, grano",84000,"GRANEL","BOLIVIA"
"14220",2024,6,"OFICINA PUESTO DE CONTROL AEREO -  PROV. CONST. DEL CALLAO","ALHELI, semilla",0.08308,"SOBRES","EEUU"
"14221",2024,6,"OFICINA PUESTO DE CONTROL AEREO -  PROV. CONST. DEL CALLAO","ANTIRRINO, semilla",0.00845,"SOBRES","EEUU"
"14222",2024,6,"OFICINA PUESTO DE CONTROL AEREO -  PROV. CONST. DEL CALLAO","ASTER CHINO, semilla",0.48609,"SOBRES","EEUU"
"14223",2024,6,"OFICINA PUESTO DE CONTROL AEREO -  PROV. CONST. DEL CALLAO","DELPHINIUM, semilla",1.94831,"SOBRES","EEUU"
"14224",2024,6,"OFICINA PUESTO DE CONTROL AEREO -  PROV. CONST. DEL CALLAO","LISIANTHUS, semilla",0.11191,"SOBRES","EEUU"
"14225",2024,6,"OFICINA PUESTO DE CONTROL AEREO -  PROV. CONST. DEL CALLAO","KALE (= COL), semilla",0.19642,"SOBRES","EEUU"
"14226",2024,6,"PUESTO DE CONTROL TERRESTRE DESAGUADERO","SOYA, harina",145000,"SACO(S)","BOLIVIA"
"14227",2024,6,"PUESTO DE CONTROL TERRESTRE DESAGUADERO","SOYA, grano",84000,"GRANEL","BOLIVIA"
"14228",2024,6,"PUESTO DE CONTROL TERRESTRE DESAGUADERO","SOYA, grano",82500,"GRANEL","BOLIVIA"
"14229",2024,6,"OFICINA PUESTO DE CONTROL MARITIMO - PROV. CONST. DEL CALLAO","COCO, fibra (para sustrato)",59882,"PACAS","MEXICO"
"14230",2024,6,"PUESTO DE CONTROL TERRESTRE DESAGUADERO","SOYA, grano",82500,"GRANEL","BOLIVIA"
"14231",2024,6,"PUESTO DE CONTROL TERRESTRE DESAGUADERO","SOYA, grano",84000,"GRANEL","BOLIVIA"
"14232",2024,6,"OFICINA PUESTO DE CONTROL MARITIMO - PROV. CONST. DEL CALLAO","NARANJA, fruto fresco",21000,"CAJA(S)","CHILE"
"14233",2024,6,"SANTA ROSA, TACNA","MANZANA, fruto fresco",22785,"CAJA(S)","CHILE"
"14234",2024,6,"OFICINA PUESTO DE CONTROL MARITIMO - PROV. CONST. DEL CALLAO","ARVEJA, grano partido",71713,"SACO(S)","EEUU"
"14235",2024,6,"AGUAS VERDES, TUMBES","PITAHAYA, fruto fresco",10760,"CAJA(S)","ECUADOR"
"14236",2024,6,"PUESTO DE CONTROL TERRESTRE DESAGUADERO","SOYA, harina",114000,"SACO(S)","BOLIVIA"
"14237",2024,6,"PUESTO DE CONTROL TERRESTRE DESAGUADERO","SOYA, torta",142500,"SACO(S)","BOLIVIA"
"14238",2024,6,"OFICINA PUESTO DE CONTROL MARITIMO - PROV. CONST. DEL CALLAO","MANI, grano sin cáscara",50000,"SACO(S)","BRASIL"
"14239",2024,6,"PUESTO DE CONTROL TERRESTRE DESAGUADERO","AZUCAR BLANCA O REFINADA (lectura polarimetrica mayor 99.5°)",145000,"SACO(S)","BOLIVIA"
"14240",2024,6,"SANTA ROSA, TACNA","MANZANA, fruto fresco",22456.7,"CAJA(S)","CHILE"
"14241",2024,6,"OFICINA PUESTO DE CONTROL MARITIMO - PROV. CONST. DEL CALLAO","AZUCAR BLANCA O REFINADA (lectura polarimetrica mayor 99.5°)",260000,"BOLSAS","BRASIL"
"14242",2024,6,"PUESTO DE CONTROL TERRESTRE DESAGUADERO","SOYA, torta",112000,"GRANEL","BOLIVIA"
"14243",2024,6,"PUESTO DE CONTROL TERRESTRE DESAGUADERO","SOYA, torta",112000,"GRANEL","BOLIVIA"
"14244",2024,6,"PUESTO DE CONTROL TERRESTRE DESAGUADERO","SOYA, torta",140000,"GRANEL","BOLIVIA"
"14245",2024,6,"PUESTO DE CONTROL TERRESTRE DESAGUADERO","SOYA, torta",85000,"GRANEL","BOLIVIA"
"14246",2024,6,"OFICINA PUESTO DE CONTROL AEREO -  PROV. CONST. DEL CALLAO","COCO, fibra (para sustrato)",60,"BOLSAS","INDIA"
"14247",2024,6,"OFICINA PUESTO DE CONTROL MARITIMO - PROV. CONST. DEL CALLAO","ARROZ, grano pilado",250000,"SACO(S)","URUGUAY"
"14248",2024,6,"OFICINA PUESTO DE CONTROL MARITIMO - PROV. CONST. DEL CALLAO","PINO, postes de madera con algun proceso de la CRF 2",140000,"PIEZAS","EEUU"
"14249",2024,6,"OFICINA PUESTO DE CONTROL MARITIMO - PROV. CONST. DEL CALLAO","TRIGO, harina",49000,"SACO(S)","TURQUIA"
"14250",2024,6,"OFICINA PUESTO DE CONTROL MARITIMO - PROV. CONST. DEL CALLAO","ALFALFA, semilla",25000,"SACO(S)","CANADA"
"14251",2024,6,"PUESTO DE CONTROL TERRESTRE DESAGUADERO","SOYA, grano",86000,"GRANEL","BOLIVIA"
"14252",2024,6,"OFICINA PUESTO DE CONTROL MARITIMO - PROV. CONST. DEL CALLAO","MANZANA, fruto fresco",20580,"CAJA(S)","EEUU"
"14253",2024,6,"OFICINA PUESTO DE CONTROL MARITIMO - PROV. CONST. DEL CALLAO","PINO, madera aserrada con algún proceso de la CRF2",71580,"PAQUETES","CHILE"
"14254",2024,6,"OFICINA PUESTO DE CONTROL MARITIMO - PROV. CONST. DEL CALLAO","Shitake (Lentinus edodes), secos, incluso los cortados en trozos o en rodajas, trituradas o pulverizadas, sin otra preparación",4000,"CAJA(S)","CHINA"
"14255",2024,6,"OFICINA PUESTO DE CONTROL MARITIMO - PROV. CONST. DEL CALLAO","ALGODON, fibra sin cardar ni peinar (>28.57 mm = o <34.92 mm)",39363,"FARDOS","EEUU"
"14256",2024,6,"OFICINA PUESTO DE CONTROL MARITIMO - PROV. CONST. DEL CALLAO","CAUCHO, técnicamente especificado (TSNR)",111600,"PIEZAS","INDONESIA"
"14257",2024,6,"PUESTO DE CONTROL TERRESTRE DESAGUADERO","SOYA, torta",116000,"SACO(S)","BOLIVIA"
"14258",2024,6,"OFICINA PUESTO DE CONTROL AEREO -  PROV. CONST. DEL CALLAO","LECHUGA, semilla",0.02,"SACHETS","FRANCIA"
"14259",2024,6,"OFICINA PUESTO DE CONTROL AEREO -  PROV. CONST. DEL CALLAO","BETARRAGA, semilla",8.0728,"SACHETS","FRANCIA"
"14260",2024,6,"OFICINA PUESTO DE CONTROL AEREO -  PROV. CONST. DEL CALLAO","PEPINILLO, semilla",0.22417,"SACHETS","FRANCIA"
"14261",2024,6,"IÑAPARI, MADRE DE DIOS","NUEZ DEL BRASIL, con cáscara seca al natural",24730,"SACO(S)","BRASIL"
"14262",2024,6,"PUESTO DE CONTROL TERRESTRE DESAGUADERO","GIRASOL, torta",107640,"GRANEL","BOLIVIA"
"14263",2024,6,"PUESTO DE CONTROL TERRESTRE DESAGUADERO","GIRASOL, torta",27450,"GRANEL","BOLIVIA"
"14264",2024,6,"PUESTO DE CONTROL TERRESTRE DESAGUADERO","SOYA, torta",174000,"SACO(S)","BOLIVIA"
"14265",2024,6,"OFICINA PUESTO DE CONTROL MARITIMO - PROV. CONST. DEL CALLAO","LENTEJA, grano",151320,"SACO(S)","CANADA"
"14266",2024,6,"OFICINA PUESTO DE CONTROL MARITIMO - PROV. CONST. DEL CALLAO","PINO, madera aserrada con algún proceso de la CRF2",21252.85,"PAQUETES","CHILE"
"14267",2024,6,"OFICINA PUESTO DE CONTROL MARITIMO - PROV. CONST. DEL CALLAO","COMINO, grano",56000,"SACO(S)","INDIA"
"14268",2024,6,"OFICINA PUESTO DE CONTROL AEREO -  PROV. CONST. DEL CALLAO","LUPULO, pellets",800,"PALETAS","ALEMANIA"
"14269",2024,6,"OFICINA PUESTO DE CONTROL MARITIMO - PROV. CONST. DEL CALLAO","CATNIP, triturado o pulverizado (molido)",66.976,"PIEZAS","CHINA"
"14270",2024,6,"OFICINA PUESTO DE CONTROL AEREO -  PROV. CONST. DEL CALLAO","TOMATE, semilla",4.365,"CAJA(S)","PERU"
"14271",2024,6,"PUESTO DE CONTROL TERRESTRE DESAGUADERO","SOYA, torta",58000,"GRANEL","BOLIVIA"
"14272",2024,6,"PUESTO DE CONTROL TERRESTRE DESAGUADERO","SOYA, torta",144000,"SACO(S)","BOLIVIA"
"14273",2024,6,"OFICINA PUESTO DE CONTROL MARITIMO - PROV. CONST. DEL CALLAO","AVENA, grano trabajado (mondado, perlado, troceado o quebrantado)",26000,"SACO(S)","CHILE"
"14274",2024,6,"PUESTO DE CONTROL TERRESTRE DESAGUADERO","SOYA, grano",55980,"GRANEL","BOLIVIA"
"14275",2024,6,"PUESTO DE CONTROL TERRESTRE DESAGUADERO","SOYA, torta",145000,"SACO(S)","BOLIVIA"
"14276",2024,6,"OFICINA PUESTO DE CONTROL MARITIMO - PROV. CONST. DEL CALLAO","YUTE, tejido crudo",8084,"ROLLOS","CHINA"
"14277",2024,6,"AGUAS VERDES, TUMBES","PITAHAYA, fruto fresco",7000,"CAJA(S)","ECUADOR"
"14278",2024,6,"AGUAS VERDES, TUMBES","PITAHAYA, fruto fresco",12000,"CAJA(S)","ECUADOR"
"14279",2024,6,"PUESTO DE CONTROL TERRESTRE DESAGUADERO","SOYA, torta",145000,"SACO(S)","BOLIVIA"
"14280",2024,6,"PUESTO DE CONTROL TERRESTRE DESAGUADERO","SOYA, harina",145000,"SACO(S)","BOLIVIA"
"14281",2024,6,"PUERTO DE PAITA , PIURA","MANI, grano sin cáscara",50000,"SACO(S)","BRASIL"
"14282",2024,6,"OFICINA PUESTO DE CONTROL AEREO -  PROV. CONST. DEL CALLAO","SANDIA, semilla",32.216,"SACHETS","EEUU"
"14283",2024,6,"OFICINA PUESTO DE CONTROL AEREO -  PROV. CONST. DEL CALLAO","TOMATE, semilla",0.001,"SACHETS","HOLANDA"
"14284",2024,6,"OFICINA PUESTO DE CONTROL AEREO -  PROV. CONST. DEL CALLAO","PIMIENTO, semilla",0.037,"SACHETS","EEUU"
"14285",2024,6,"OFICINA PUESTO DE CONTROL AEREO -  PROV. CONST. DEL CALLAO","SANDIA, semilla",0.134,"SACHETS","EEUU"
"14286",2024,6,"OFICINA PUESTO DE CONTROL AEREO -  PROV. CONST. DEL CALLAO","ZAPALLITO ITALIANO (CALABACIN), semilla",1.157,"SACHETS","EEUU"
"14287",2024,6,"OFICINA PUESTO DE CONTROL MARITIMO - PROV. CONST. DEL CALLAO","FREJOL, grano",24000,"SACO(S)","ARGENTINA"
"14288",2024,6,"OFICINA PUESTO DE CONTROL MARITIMO - PROV. CONST. DEL CALLAO","FLOR DE JAMAICA, seca natural",12000,"SACO(S)","NIGERIA"
"14289",2024,6,"OFICINA PUESTO DE CONTROL MARITIMO - PROV. CONST. DEL CALLAO","MAIZ REVENTON, grano",26000,"SACO(S)","ARGENTINA"
"14290",2024,6,"PUESTO DE CONTROL TERRESTRE DESAGUADERO","SOYA, torta",112000,"GRANEL","BOLIVIA"
"14291",2024,6,"OFICINA PUESTO DE CONTROL MARITIMO - PROV. CONST. DEL CALLAO","ACHIOTE, grano",61829,"SACO(S)","GHANA"
"14292",2024,6,"PUERTO DE PAITA , PIURA","LINAZA, grano",21002,"SACO(S)","CANADA"
"14293",2024,6,"PUESTO DE CONTROL TERRESTRE DESAGUADERO","SOYA, torta",145000,"SACO(S)","BOLIVIA"
"14294",2024,6,"PUESTO DE CONTROL TERRESTRE DESAGUADERO","SOYA, torta",56500,"GRANEL","BOLIVIA"
"14295",2024,6,"PUESTO DE CONTROL TERRESTRE DESAGUADERO","SOYA, torta",58000,"GRANEL","BOLIVIA"
"14296",2024,6,"PUESTO DE CONTROL TERRESTRE DESAGUADERO","SOYA, torta",84000,"GRANEL","BOLIVIA"
"14297",2024,6,"PUESTO DE CONTROL TERRESTRE DESAGUADERO","SOYA, torta",55000,"GRANEL","BOLIVIA"
"14298",2024,6,"PUESTO DE CONTROL TERRESTRE DESAGUADERO","SOYA, harina",58000,"SACO(S)","BOLIVIA"
"14299",2024,6,"PUERTO DE PISCO , ICA","MAIZ AMARILLO DURO, grano",12000850,"GRANEL","ARGENTINA"
"14300",2024,6,"PUERTO DE PISCO , ICA","SOYA, torta",2e+06,"GRANEL","ARGENTINA"
"14301",2024,6,"SANTA ROSA, TACNA","LENTEJA, grano",74163,"SACO(S)","CANADA"
"14302",2024,6,"SANTA ROSA, TACNA","MANZANA, fruto fresco",18620,"CAJA(S)","CHILE"
"14303",2024,6,"SANTA ROSA, TACNA","PERA, fruta fresca",4410,"CAJA(S)","CHILE"
"14304",2024,6,"OFICINA PUESTO DE CONTROL MARITIMO - PROV. CONST. DEL CALLAO","MAIZ, harina",680.4,"BOLSAS","EEUU"
"14305",2024,6,"SANTA ROSA, TACNA","MANZANA, fruto fresco",23520,"CAJA(S)","CHILE"
"14306",2024,6,"SANTA ROSA, TACNA","MANZANA, fruto fresco",23520,"CAJA(S)","CHILE"
"14307",2024,6,"SANTA ROSA, TACNA","MANZANA, fruto fresco",23520,"CAJA(S)","CHILE"
"14308",2024,6,"SANTA ROSA, TACNA","PERA, fruta fresca",21996,"CAJA(S)","CHILE"
"14309",2024,6,"OFICINA PUESTO DE CONTROL MARITIMO - PROV. CONST. DEL CALLAO","PAPA, fécula",110000,"SACO(S)","DINAMARCA"
"14310",2024,6,"SANTA ROSA, TACNA","MANZANA, fruto fresco",22545.6,"CAJA(S)","CHILE"
"14311",2024,6,"SANTA ROSA, TACNA","MANZANA, fruto fresco",23503.2,"CAJA(S)","CHILE"
"14312",2024,6,"SANTA ROSA, TACNA","MANZANA, fruto fresco",22545.6,"CAJA(S)","CHILE"
"14313",2024,6,"SANTA ROSA, TACNA","MANZANA, fruto fresco",23128,"CAJA(S)","CHILE"
