"","Año","Mes","Sede","Producto","Peso.Kg.","Tipo.de.Envase","Pais.Origen"
"19889",2024,9,"PUESTO DE CONTROL TERRESTRE DESAGUADERO","GIRASOL, torta",56490,"GRANEL","BOLIVIA"
"19890",2024,9,"PUESTO DE CONTROL TERRESTRE DESAGUADERO","SOYA, torta",54080,"GRANEL","BOLIVIA"
"19891",2024,9,"AGUAS VERDES, TUMBES","PITAHAYA, fruto fresco",12600,"CAJA(S)","ECUADOR"
"19892",2024,9,"OFICINA PUESTO DE CONTROL MARITIMO - PROV. CONST. DEL CALLAO","ARVEJA, grano partido",23133,"SACO(S)","EEUU"
"19893",2024,9,"OFICINA PUESTO DE CONTROL MARITIMO - PROV. CONST. DEL CALLAO","ARVEJA, grano partido",46266,"SACO(S)","EEUU"
"19894",2024,9,"OFICINA PUESTO DE CONTROL MARITIMO - PROV. CONST. DEL CALLAO","YUTE, tejido crudo",12694.729,"PAQUETES","CHINA"
"19895",2024,9,"PUESTO DE CONTROL TERRESTRE DESAGUADERO","SOYA, torta",54000,"GRANEL","BOLIVIA"
"19896",2024,9,"PUESTO DE CONTROL TERRESTRE DESAGUADERO","SOYA, torta",56000,"GRANEL","BOLIVIA"
"19897",2024,9,"PUESTO DE CONTROL TERRESTRE DESAGUADERO","SOYA, torta",84000,"GRANEL","BOLIVIA"
"19898",2024,9,"AGUAS VERDES, TUMBES","PITAHAYA, fruto fresco",9680,"CAJA(S)","ECUADOR"
"19899",2024,9,"OFICINA PUESTO DE CONTROL MARITIMO - PROV. CONST. DEL CALLAO","AZUCAR BLANCA O REFINADA (lectura polarimetrica mayor 99.5°)",261499,"SACO(S)","GUATEMALA"
"19900",2024,9,"PUESTO DE CONTROL TERRESTRE DESAGUADERO","SOYA, torta",28000,"GRANEL","BOLIVIA"
"19901",2024,9,"PUESTO DE CONTROL TERRESTRE DESAGUADERO","SOYA, torta",56340,"GRANEL","BOLIVIA"
"19902",2024,9,"PUESTO DE CONTROL TERRESTRE DESAGUADERO","GIRASOL, torta",28000,"GRANEL","BOLIVIA"
"19903",2024,9,"PUESTO DE CONTROL TERRESTRE DESAGUADERO","SOYA, torta",83880,"GRANEL","BOLIVIA"
"19904",2024,9,"SANTA ROSA, TACNA","MANZANA, fruto fresco",22491,"CAJA(S)","CHILE"
"19905",2024,9,"SANTA ROSA, TACNA","MANZANA, fruto fresco",23100,"CAJA(S)","CHILE"
"19906",2024,9,"SANTA ROSA, TACNA","MANZANA, fruto fresco",23520,"CAJA(S)","CHILE"
"19907",2024,9,"AGUAS VERDES, TUMBES","PITAHAYA, fruto fresco",13000,"CAJA(S)","ECUADOR"
"19908",2024,9,"OFICINA PUESTO DE CONTROL MARITIMO - PROV. CONST. DEL CALLAO","PERA, fruta fresca",22680,"CAJA(S)","ARGENTINA"
"19909",2024,9,"PUERTO DE MATARANI , AREQUIPA","MAIZ AMARILLO DURO, grano",12500730,"GRANEL","ARGENTINA"
"19910",2024,9,"OFICINA PUESTO DE CONTROL MARITIMO - PROV. CONST. DEL CALLAO","AZUCAR BLANCA O REFINADA (lectura polarimetrica mayor 99.5°)",125000,"SACO(S)","NICARAGUA"
"19911",2024,9,"OFICINA PUESTO DE CONTROL MARITIMO - PROV. CONST. DEL CALLAO","LINAZA, grano",23995,"SACO(S)","CANADA"
"19912",2024,9,"SANTA ROSA, TACNA","MANZANA, fruto fresco",22344,"CAJA(S)","CHILE"
"19913",2024,9,"AGUAS VERDES, TUMBES","PITAHAYA, fruto fresco",13000,"CAJA(S)","ECUADOR"
"19914",2024,9,"AGUAS VERDES, TUMBES","CAÑA DE GUAYAQUIL, seca al natural",32000,"UNIDADES","ECUADOR"
"19915",2024,9,"AGUAS VERDES, TUMBES","PITAHAYA, fruto fresco",13000,"CAJA(S)","ECUADOR"
"19916",2024,9,"OFICINA PUESTO DE CONTROL MARITIMO - PROV. CONST. DEL CALLAO","PERA, fruta fresca",23946.3,"CAJA(S)","ARGENTINA"
"19917",2024,9,"SANTA ROSA, TACNA","LIMON TAHITI (Lima tahiti), fruto fresco",25344,"CAJA(S)","CHILE"
"19918",2024,9,"SANTA ROSA, TACNA","MANZANA, fruto fresco",23520,"CAJA(S)","CHILE"
"19919",2024,9,"AGUAS VERDES, TUMBES","PITAHAYA, fruto fresco",13000,"CAJA(S)","ECUADOR"
"19920",2024,9,"PUESTO DE CONTROL TERRESTRE DESAGUADERO","SOYA, torta",146000,"SACO(S)","BOLIVIA"
"19921",2024,9,"PUESTO DE CONTROL TERRESTRE DESAGUADERO","SOYA, torta",146000,"SACO(S)","BOLIVIA"
"19922",2024,9,"PUESTO DE CONTROL TERRESTRE DESAGUADERO","SOYA, torta",84000,"GRANEL","BOLIVIA"
"19923",2024,9,"SANTA ROSA, TACNA","PERA, fruta fresca",10404,"CAJA(S)","CHILE"
"19924",2024,9,"SANTA ROSA, TACNA","MANZANA, fruto fresco",10400,"CAJA(S)","CHILE"
"19925",2024,9,"PUESTO DE CONTROL TERRESTRE DESAGUADERO","SOYA, torta",141000,"SACO(S)","BOLIVIA"
"19926",2024,9,"PUESTO DE CONTROL TERRESTRE DESAGUADERO","SOYA, torta",115000,"SACO(S)","BOLIVIA"
"19927",2024,9,"PUESTO DE CONTROL TERRESTRE DESAGUADERO","SOYA, torta",52000,"GRANEL","BOLIVIA"
"19928",2024,9,"OFICINA PUESTO DE CONTROL MARITIMO - PROV. CONST. DEL CALLAO","MAIZ REVENTON, grano",76200,"SACO(S)","ARGENTINA"
"19929",2024,9,"PUESTO DE CONTROL TERRESTRE DESAGUADERO","SOYA, torta",174000,"SACO(S)","BOLIVIA"
"19930",2024,9,"PUESTO DE CONTROL TERRESTRE DESAGUADERO","SOYA, torta",174000,"SACO(S)","BOLIVIA"
"19931",2024,9,"PUESTO DE CONTROL TERRESTRE DESAGUADERO","GIRASOL, torta",28030,"GRANEL","BOLIVIA"
"19932",2024,9,"OFICINA PUESTO DE CONTROL MARITIMO - PROV. CONST. DEL CALLAO","MAIZ REVENTON, grano",76200,"SACO(S)","ARGENTINA"
"19933",2024,9,"PUESTO DE CONTROL TERRESTRE DESAGUADERO","SOYA, torta",52220,"GRANEL","BOLIVIA"
"19934",2024,9,"PUESTO DE CONTROL TERRESTRE DESAGUADERO","SOYA, torta",56000,"GRANEL","BOLIVIA"
"19935",2024,9,"PUESTO DE CONTROL TERRESTRE DESAGUADERO","SOYA, torta",56000,"GRANEL","BOLIVIA"
"19936",2024,9,"PUESTO DE CONTROL TERRESTRE DESAGUADERO","SOYA, torta",28000,"GRANEL","BOLIVIA"
"19937",2024,9,"PUESTO DE CONTROL TERRESTRE DESAGUADERO","SOYA, harina",27575,"SACO(S)","BOLIVIA"
"19938",2024,9,"PUESTO DE CONTROL TERRESTRE DESAGUADERO","SOYA, torta",28000,"GRANEL","BOLIVIA"
"19939",2024,9,"OFICINA PUESTO DE CONTROL MARITIMO - PROV. CONST. DEL CALLAO","TRIGO, gluten",24000,"BOLSAS","HOLANDA"
"19940",2024,9,"OFICINA PUESTO DE CONTROL MARITIMO - PROV. CONST. DEL CALLAO","FOLLAJE, HOJAS, RAMAS Y DEMAS PARTES DE PLANTAS, sin flores ni capullos y hierbas, musgos y líquenes,para ramos o adornos con algún proceso de la CRF2.",93,"CAJA(S)","CHINA"
"19941",2024,9,"PUERTO DE PAITA , PIURA","TURBA",131841,"BIG BAG","LETONIA"
"19942",2024,9,"OFICINA PUESTO DE CONTROL MARITIMO - PROV. CONST. DEL CALLAO","MADERA EN PLAQUITAS, o partículas de coníferas con algún proceso de CRF 2",3600,"SACO(S)","ALEMANIA"
"19943",2024,9,"OFICINA PUESTO DE CONTROL MARITIMO - PROV. CONST. DEL CALLAO","MADERA EN PLAQUITAS, o particulas distinta de coníferas con algún proceso de la CRF 2",1440,"SACO(S)","ALEMANIA"
"19944",2024,9,"OFICINA PUESTO DE CONTROL MARITIMO - PROV. CONST. DEL CALLAO","ALGODON, fibra sin cardar ni peinar (>28.57 mm = o <34.92 mm)",20679,"FARDOS","EEUU"
"19945",2024,9,"PUESTO DE CONTROL TERRESTRE DESAGUADERO","SOYA, torta",114000,"SACO(S)","BOLIVIA"
"19946",2024,9,"OFICINA PUESTO DE CONTROL MARITIMO - PROV. CONST. DEL CALLAO","ALGODON, fibra sin cardar ni peinar (>28.57 mm = o <34.92 mm)",41190,"FARDOS","EEUU"
"19947",2024,9,"PUESTO DE CONTROL TERRESTRE DESAGUADERO","AZUCAR BLANCA O REFINADA (lectura polarimetrica mayor 99.5°)",174000,"SACO(S)","BOLIVIA"
"19948",2024,9,"OFICINA PUESTO DE CONTROL AEREO -  PROV. CONST. DEL CALLAO","las demas, harina de semillas o frutos oleaginosos con algun proceso de la CR 2",100,"BOLSAS","ESPAÑA"
"19949",2024,9,"PUESTO DE CONTROL TERRESTRE DESAGUADERO","GIRASOL, torta",26940,"GRANEL","BOLIVIA"
"19950",2024,9,"PUERTO DE PAITA , PIURA","PINO, madera aserrada con algún proceso de la CRF2",234424,"PAQUETES","CHILE"
"19951",2024,9,"PUESTO DE CONTROL TERRESTRE DESAGUADERO","MANI, grano sin cáscara",29000,"SACO(S)","BOLIVIA"
"19952",2024,9,"OFICINA PUESTO DE CONTROL MARITIMO - PROV. CONST. DEL CALLAO","AZUCAR BLANCA O REFINADA (lectura polarimetrica mayor 99.5°)",270000,"SACO(S)","BRASIL"
"19953",2024,9,"PUESTO DE CONTROL TERRESTRE DESAGUADERO","SOYA, torta",143500,"SACO(S)","BOLIVIA"
"19954",2024,9,"OFICINA PUESTO DE CONTROL MARITIMO - PROV. CONST. DEL CALLAO","CEBOLLA, triturada o pulverizada",272.155,"PAQUETES","EEUU"
"19955",2024,9,"OFICINA PUESTO DE CONTROL MARITIMO - PROV. CONST. DEL CALLAO","AJO, polvo",1943.529,"PAQUETES","EEUU"
"19956",2024,9,"OFICINA PUESTO DE CONTROL MARITIMO - PROV. CONST. DEL CALLAO","ALBAHACA, molida",20.412,"PAQUETES","EEUU"
"19957",2024,9,"OFICINA PUESTO DE CONTROL MARITIMO - PROV. CONST. DEL CALLAO","CULANTRO, hoja seca industrial",8.165,"PAQUETES","EEUU"
"19958",2024,9,"OFICINA PUESTO DE CONTROL MARITIMO - PROV. CONST. DEL CALLAO","CULANTRO, polvo",177.808,"PAQUETES","EEUU"
"19959",2024,9,"OFICINA PUESTO DE CONTROL MARITIMO - PROV. CONST. DEL CALLAO","ENELDO, seco industrial",66.678,"PAQUETES","EEUU"
"19960",2024,9,"OFICINA PUESTO DE CONTROL MARITIMO - PROV. CONST. DEL CALLAO","PIÑON, sin cascara seca industrialmente",16.329,"PAQUETES","EEUU"
"19961",2024,9,"OFICINA PUESTO DE CONTROL MARITIMO - PROV. CONST. DEL CALLAO","PIMIENTA, mezcla con algún proceso de la CRF 2",269.433,"PAQUETES","EEUU"
"19962",2024,9,"OFICINA PUESTO DE CONTROL MARITIMO - PROV. CONST. DEL CALLAO","PIMIENTA, molida",1432.558,"PAQUETES","EEUU"
"19963",2024,9,"OFICINA PUESTO DE CONTROL MARITIMO - PROV. CONST. DEL CALLAO","PIMENTON, polvo",680.388,"PAQUETES","EEUU"
"19964",2024,9,"OFICINA PUESTO DE CONTROL MARITIMO - PROV. CONST. DEL CALLAO","LOS DEMAS FRUTOS, del género Capsicum o pimienta triturados o pulverizados",163.293,"PAQUETES","EEUU"
"19965",2024,9,"OFICINA PUESTO DE CONTROL MARITIMO - PROV. CONST. DEL CALLAO","CANELA, triturada o pulverizada (molida)",1385.24,"PAQUETES","EEUU"
"19966",2024,9,"OFICINA PUESTO DE CONTROL MARITIMO - PROV. CONST. DEL CALLAO","CLAVO DE OLOR, polvo
",47.627,"PAQUETES","EEUU"
"19967",2024,9,"OFICINA PUESTO DE CONTROL MARITIMO - PROV. CONST. DEL CALLAO","NUEZ MOSCADA, sin triturar ni pulverizar con secado al horno",49.075,"PAQUETES","EEUU"
"19968",2024,9,"OFICINA PUESTO DE CONTROL MARITIMO - PROV. CONST. DEL CALLAO","NUEZ MOSCADA, triturada o molida",163.293,"PAQUETES","EEUU"
"19969",2024,9,"OFICINA PUESTO DE CONTROL MARITIMO - PROV. CONST. DEL CALLAO","COMINO, triturado y/o pulverizado",255.826,"PAQUETES","EEUU"
"19970",2024,9,"OFICINA PUESTO DE CONTROL MARITIMO - PROV. CONST. DEL CALLAO","JENJIBRE(=KION), triturado o pulverizado",171.458,"PAQUETES","EEUU"
"19971",2024,9,"OFICINA PUESTO DE CONTROL MARITIMO - PROV. CONST. DEL CALLAO","CURCUMA, polvo",127.006,"PAQUETES","EEUU"
"19972",2024,9,"OFICINA PUESTO DE CONTROL MARITIMO - PROV. CONST. DEL CALLAO","LAUREL, hoja seca industrial",6.532,"PAQUETES","EEUU"
"19973",2024,9,"OFICINA PUESTO DE CONTROL MARITIMO - PROV. CONST. DEL CALLAO","CURRY, secas industrial o trituradas o molidas",315.7,"PAQUETES","EEUU"
"19974",2024,9,"OFICINA PUESTO DE CONTROL MARITIMO - PROV. CONST. DEL CALLAO","ESTRAGON (=ARTEMIASA), seco industrial",46.947,"PAQUETES","EEUU"
"19975",2024,9,"OFICINA PUESTO DE CONTROL MARITIMO - PROV. CONST. DEL CALLAO","TOMILLO, hoja seca industrial",69.4,"PAQUETES","EEUU"
"19976",2024,9,"OFICINA PUESTO DE CONTROL MARITIMO - PROV. CONST. DEL CALLAO","OREGANO, con algún con proceso de CRF 2",180.983,"PAQUETES","EEUU"
"19977",2024,9,"OFICINA PUESTO DE CONTROL MARITIMO - PROV. CONST. DEL CALLAO","ROMERO, secado industrial",152.407,"PAQUETES","EEUU"
"19978",2024,9,"OFICINA PUESTO DE CONTROL MARITIMO - PROV. CONST. DEL CALLAO","ACHIOTE, molido",74.843,"PAQUETES","EEUU"
"19979",2024,9,"OFICINA PUESTO DE CONTROL MARITIMO - PROV. CONST. DEL CALLAO","MOSTAZA, polvo",103.419,"PAQUETES","EEUU"
"19980",2024,9,"PUESTO DE CONTROL TERRESTRE DESAGUADERO","SOYA, torta",146500,"SACO(S)","BOLIVIA"
"19981",2024,9,"PUESTO DE CONTROL TERRESTRE DESAGUADERO","SOYA, torta",177000,"SACO(S)","BOLIVIA"
"19982",2024,9,"PUESTO DE CONTROL TERRESTRE DESAGUADERO","SOYA, torta",53770,"GRANEL","BOLIVIA"
"19983",2024,9,"PUESTO DE CONTROL TERRESTRE DESAGUADERO","AZUCAR BLANCA O REFINADA (lectura polarimetrica mayor 99.5°)",174000,"SACO(S)","BOLIVIA"
"19984",2024,9,"PUESTO DE CONTROL TERRESTRE DESAGUADERO","SOYA, torta",56120,"GRANEL","BOLIVIA"
"19985",2024,9,"OFICINA PUESTO DE CONTROL MARITIMO - PROV. CONST. DEL CALLAO","ALGODON, fibra sin cardar ni peinar (>34.92 mm)",60014,"FARDOS","EEUU"
"19986",2024,9,"PUESTO DE CONTROL TERRESTRE DESAGUADERO","SOYA, torta",56000,"GRANEL","BOLIVIA"
"19987",2024,9,"OFICINA PUESTO DE CONTROL AEREO -  PROV. CONST. DEL CALLAO","TOMATE, semilla",0.088,"SACHETS","HOLANDA"
"19988",2024,9,"OFICINA PUESTO DE CONTROL AEREO -  PROV. CONST. DEL CALLAO","ESPARRAGO, semilla",28,"BALDES","EEUU"
"19989",2024,9,"PUESTO DE CONTROL TERRESTRE DESAGUADERO","SOYA, torta",84000,"GRANEL","BOLIVIA"
"19990",2024,9,"PUESTO DE CONTROL TERRESTRE DESAGUADERO","SOYA, torta",57070,"GRANEL","BOLIVIA"
"19991",2024,9,"PUESTO DE CONTROL TERRESTRE DESAGUADERO","SOYA, torta",28000,"GRANEL","BOLIVIA"
"19992",2024,9,"PUESTO DE CONTROL TERRESTRE DESAGUADERO","SOYA, torta",55480,"GRANEL","BAHAMAS"
"19993",2024,9,"PUESTO DE CONTROL TERRESTRE DESAGUADERO","SOYA, torta",58020,"GRANEL","BOLIVIA"
"19994",2024,9,"SANTA ROSA, TACNA","PALTA, fruto fresco",24960,"CAJAS DE PLASTICO","CHILE"
"19995",2024,9,"PUESTO DE CONTROL TERRESTRE DESAGUADERO","SOYA, grano",112000,"GRANEL","BOLIVIA"
"19996",2024,9,"OFICINA PUESTO DE CONTROL MARITIMO - PROV. CONST. DEL CALLAO","Distribuidores de abonos usados
",225.816,"UNIDADES","REINO UNIDO"
"19997",2024,9,"OFICINA PUESTO DE CONTROL MARITIMO - PROV. CONST. DEL CALLAO","Las demás maquinarias, aparatos y artefactos agricolas, horticolas o silvicolas, usados
",3669.514,"UNIDADES","REINO UNIDO"
"19998",2024,9,"OFICINA PUESTO DE CONTROL MARITIMO - PROV. CONST. DEL CALLAO","Las demás máquinas y aparatos para henificar usadas
",451.632,"UNIDADES","REINO UNIDO"
"19999",2024,9,"OFICINA PUESTO DE CONTROL MARITIMO - PROV. CONST. DEL CALLAO","LOS DEMAS TRACTORES USADOS, con motor de potencia inferior o igual a 18 kW (excepto las carretillas tractor de la partida 87.09)",12419.885,"UNIDADES","REINO UNIDO"
"20000",2024,9,"OFICINA PUESTO DE CONTROL MARITIMO - PROV. CONST. DEL CALLAO","ALGODON, fibra sin cardar ni peinar (>22.22 mm = o <28.57 mm)",19515.1,"FARDOS","EEUU"
"20001",2024,9,"OFICINA PUESTO DE CONTROL MARITIMO - PROV. CONST. DEL CALLAO","PINO, madera aserrada con algún proceso de la CRF2",178832,"PAQUETES","CHILE"
"20002",2024,9,"OFICINA PUESTO DE CONTROL MARITIMO - PROV. CONST. DEL CALLAO","MADERA, en bruto de coníferas tratada agentes de conservación
",56100,"UNIDADES","CHILE"
"20003",2024,9,"OFICINA PUESTO DE CONTROL MARITIMO - PROV. CONST. DEL CALLAO","LENTEJA, grano",99792,"SACO(S)","CANADA"
"20004",2024,9,"OFICINA PUESTO DE CONTROL MARITIMO - PROV. CONST. DEL CALLAO","PINO, madera aserrada con algún proceso de la CRF2",69789,"PAQUETES","CHILE"
"20005",2024,9,"OFICINA PUESTO DE CONTROL MARITIMO - PROV. CONST. DEL CALLAO","PINO, madera aserrada con algún proceso de la CRF2",47196.95,"PAQUETES","CHILE"
"20006",2024,9,"PUESTO DE CONTROL TERRESTRE DESAGUADERO","MANI, grano sin cáscara",60000,"SACO(S)","BOLIVIA"
"20007",2024,9,"OFICINA PUESTO DE CONTROL MARITIMO - PROV. CONST. DEL CALLAO","PERA, fruta fresca",22680,"CAJA(S)","ARGENTINA"
"20008",2024,9,"OFICINA PUESTO DE CONTROL MARITIMO - PROV. CONST. DEL CALLAO","PERA, fruta fresca",22680,"CAJA(S)","ARGENTINA"
"20009",2024,9,"OFICINA PUESTO DE CONTROL MARITIMO - PROV. CONST. DEL CALLAO","PERA, fruta fresca",22680,"CAJA(S)","ARGENTINA"
"20010",2024,9,"OFICINA PUESTO DE CONTROL MARITIMO - PROV. CONST. DEL CALLAO","PERA, fruta fresca",22680,"CAJA(S)","ARGENTINA"
"20011",2024,9,"OFICINA PUESTO DE CONTROL MARITIMO - PROV. CONST. DEL CALLAO","PERA, fruta fresca",22680,"CAJA(S)","ARGENTINA"
"20012",2024,9,"OFICINA PUESTO DE CONTROL MARITIMO - PROV. CONST. DEL CALLAO","PERA, fruta fresca",22050,"CAJA(S)","ARGENTINA"
"20013",2024,9,"OFICINA PUESTO DE CONTROL MARITIMO - PROV. CONST. DEL CALLAO","PERA, fruta fresca",22050,"CAJA(S)","ARGENTINA"
"20014",2024,9,"OFICINA PUESTO DE CONTROL MARITIMO - PROV. CONST. DEL CALLAO","MAIZ AMARILLO DURO, grano",25774730,"GRANEL","ARGENTINA"
"20015",2024,9,"PUESTO DE CONTROL TERRESTRE DESAGUADERO","SOYA, grano",87000,"SACO(S)","BOLIVIA"
"20016",2024,9,"OFICINA PUESTO DE CONTROL MARITIMO - PROV. CONST. DEL CALLAO","Articulos para fiestas de navidad que sean o contengan material vegetal
",610.205,"UNIDADES","CHINA"
"20017",2024,9,"OFICINA PUESTO DE CONTROL MARITIMO - PROV. CONST. DEL CALLAO","YUCA, con algún proceso de la CR2",100,"CAJA(S)","CHINA"
"20018",2024,9,"PUESTO DE CONTROL TERRESTRE DESAGUADERO","SOYA, torta",144000,"SACO(S)","BOLIVIA"
"20019",2024,9,"OFICINA PUESTO DE CONTROL AEREO -  PROV. CONST. DEL CALLAO","LUPULO, pellets",800,"PALETAS","ALEMANIA"
"20020",2024,9,"PUESTO DE CONTROL TERRESTRE DESAGUADERO","SOYA, harina",146500,"SACO(S)","BOLIVIA"
"20021",2024,9,"PUESTO DE CONTROL TERRESTRE DESAGUADERO","SOYA, harina",150000,"SACO(S)","BOLIVIA"
"20022",2024,9,"OFICINA PUESTO DE CONTROL MARITIMO - PROV. CONST. DEL CALLAO","COMINO, grano",26990,"SACO(S)","INDIA"
"20023",2024,9,"OFICINA PUESTO DE CONTROL MARITIMO - PROV. CONST. DEL CALLAO","MAIZ REVENTON, grano",103960,"SACO(S)","ARGENTINA"
"20024",2024,9,"OFICINA PUESTO DE CONTROL AEREO -  PROV. CONST. DEL CALLAO","MAIZ, almidon",3.15,"PAQUETES","EEUU"
"20025",2024,9,"AGUAS VERDES, TUMBES","PITAHAYA, fruto fresco",13500,"CAJA(S)","ECUADOR"
"20026",2024,9,"OFICINA PUESTO DE CONTROL MARITIMO - PROV. CONST. DEL CALLAO","MANZANA, fruto fresco",20580,"CAJA(S)","EEUU"
"20027",2024,9,"SANTA ROSA, TACNA","LIMON TAHITI (Lima tahiti), fruto fresco",24192,"CAJA(S)","CHILE"
"20028",2024,9,"OFICINA PUESTO DE CONTROL MARITIMO - PROV. CONST. DEL CALLAO","MAIZ, harina",816.48,"SACO(S)","EEUU"
"20029",2024,9,"OFICINA PUESTO DE CONTROL MARITIMO - PROV. CONST. DEL CALLAO","ALGODON, fibra sin cardar ni peinar (>28.57 mm = o <34.92 mm)",100920,"FARDOS","EEUU"
"20030",2024,9,"OFICINA PUESTO DE CONTROL MARITIMO - PROV. CONST. DEL CALLAO","AZUCAR CRUDA, sólido",124650,"SACO(S)","COLOMBIA"
"20031",2024,9,"OFICINA PUESTO DE CONTROL MARITIMO - PROV. CONST. DEL CALLAO","LAS DEMAS, especias con algún proceso de la CRF 2",10250,"CAJA(S)","ESPAÑA"
"20032",2024,9,"OFICINA PUESTO DE CONTROL MARITIMO - PROV. CONST. DEL CALLAO","MADERA, pellets",83.07,"BOLSAS","CHILE"
"20033",2024,9,"OFICINA PUESTO DE CONTROL MARITIMO - PROV. CONST. DEL CALLAO","MAIZ REVENTON, grano",129950,"SACO(S)","ARGENTINA"
"20034",2024,9,"PUESTO DE CONTROL TERRESTRE DESAGUADERO","SOYA, torta",83940,"GRANEL","BOLIVIA"
"20035",2024,9,"PUESTO DE CONTROL TERRESTRE DESAGUADERO","SOYA, torta",55450,"GRANEL","BOLIVIA"
"20036",2024,9,"OFICINA PUESTO DE CONTROL MARITIMO - PROV. CONST. DEL CALLAO","VID, estaca enraizada",3744,"CAJA(S)","CHILE"
"20037",2024,9,"OFICINA PUESTO DE CONTROL MARITIMO - PROV. CONST. DEL CALLAO","VID, estaca enraizada",4116,"CAJA(S)","CHILE"
"20038",2024,9,"PUESTO DE CONTROL TERRESTRE DESAGUADERO","SOYA, torta",112000,"GRANEL","BOLIVIA"
"20039",2024,9,"PUESTO DE CONTROL TERRESTRE DESAGUADERO","SOYA, torta",26940,"GRANEL","BOLIVIA"
"20040",2024,9,"PUESTO DE CONTROL TERRESTRE DESAGUADERO","SOYA, torta",28370,"GRANEL","BOLIVIA"
"20041",2024,9,"PUESTO DE CONTROL TERRESTRE DESAGUADERO","SOYA, torta",57680,"GRANEL","BOLIVIA"
"20042",2024,9,"OFICINA PUESTO DE CONTROL AEREO -  PROV. CONST. DEL CALLAO","BRACHIARIA, semilla",5550,"SACO(S)","MEXICO"
"20043",2024,9,"PUESTO DE CONTROL TERRESTRE DESAGUADERO","SOYA, torta",174000,"SACO(S)","BOLIVIA"
"20044",2024,9,"OFICINA PUESTO DE CONTROL MARITIMO - PROV. CONST. DEL CALLAO","ALGODON, fibra sin cardar ni peinar (>28.57 mm = o <34.92 mm)",40610,"FARDOS","EEUU"
"20045",2024,9,"PUESTO DE CONTROL TERRESTRE DESAGUADERO","SOYA, torta",81980,"GRANEL","BOLIVIA"
"20046",2024,9,"PUESTO DE CONTROL TERRESTRE DESAGUADERO","SOYA, torta",55980,"GRANEL","BOLIVIA"
"20047",2024,9,"PUESTO DE CONTROL TERRESTRE DESAGUADERO","MAIZ AMARILLO DURO, grano",58000,"SACO(S)","BOLIVIA"
"20048",2024,9,"PUESTO DE CONTROL TERRESTRE DESAGUADERO","MAIZ AMARILLO DURO, grano",60000,"SACO(S)","BOLIVIA"
"20049",2024,9,"AGUAS VERDES, TUMBES","Las demás coniferas, las demas maderas aserradas o desbastadas longitudinalmente, cortada o desenrollada, incluso cepillada,lijada o unida por lo extremos, de espesor superior a 6 mm, con algun tratamiento de la CRF 2",28150,"PIEZAS","ECUADOR"
"20050",2024,9,"PUESTO DE CONTROL TERRESTRE DESAGUADERO","SOYA, harina",141000,"SACO(S)","BOLIVIA"
"20051",2024,9,"OFICINA PUESTO DE CONTROL MARITIMO - PROV. CONST. DEL CALLAO","FLORES Y CAPULLOS, cortados para ramos o adornos con algún proceso de la CRF 2",164.9,"CAJA(S)","CHINA"
"20052",2024,9,"OFICINA PUESTO DE CONTROL MARITIMO - PROV. CONST. DEL CALLAO","Articulos para fiestas de navidad que sean o contengan material vegetal
",1098.6,"CAJA(S)","CHINA"
"20053",2024,9,"OFICINA PUESTO DE CONTROL MARITIMO - PROV. CONST. DEL CALLAO","ANIS O BADIANA, grano",25000,"SACO(S)","ESPAÑA"
"20054",2024,9,"OFICINA PUESTO DE CONTROL MARITIMO - PROV. CONST. DEL CALLAO","ARROZ, parbolizado pulido o sin cáscara",127500,"SACO(S)","BRASIL"
"20055",2024,9,"OFICINA PUESTO DE CONTROL MARITIMO - PROV. CONST. DEL CALLAO","ARROZ, grano pilado",130000,"SACO(S)","BRASIL"
"20056",2024,9,"PUESTO DE CONTROL TERRESTRE DESAGUADERO","SOYA, torta",145000,"SACO(S)","BOLIVIA"
"20057",2024,9,"OFICINA PUESTO DE CONTROL MARITIMO - PROV. CONST. DEL CALLAO","LENTEJA, grano",157848,"SACO(S)","CANADA"
"20058",2024,9,"OFICINA PUESTO DE CONTROL MARITIMO - PROV. CONST. DEL CALLAO","VID, estaca enraizada",1568,"CAJA(S)","CHILE"
"20059",2024,9,"OFICINA PUESTO DE CONTROL AEREO -  PROV. CONST. DEL CALLAO","MELON, semilla",7.382,"SACHETS","CHILE"
"20060",2024,9,"OFICINA PUESTO DE CONTROL AEREO -  PROV. CONST. DEL CALLAO","PEPINILLO, semilla",0.021,"SACHETS","MEXICO"
"20061",2024,9,"OFICINA PUESTO DE CONTROL AEREO -  PROV. CONST. DEL CALLAO","SANDIA, semilla",108.7,"SACHETS","EEUU"
"20062",2024,9,"OFICINA PUESTO DE CONTROL AEREO -  PROV. CONST. DEL CALLAO","SANDIA, semilla",0.31,"SACHETS","EEUU"
"20063",2024,9,"OFICINA PUESTO DE CONTROL MARITIMO - PROV. CONST. DEL CALLAO","FREJOL CANARIO, grano",23000,"SACO(S)","MEXICO"
"20064",2024,9,"OFICINA PUESTO DE CONTROL MARITIMO - PROV. CONST. DEL CALLAO","VID, estaca enraizada",4112,"CAJA(S)","CHILE"
"20065",2024,9,"OFICINA PUESTO DE CONTROL MARITIMO - PROV. CONST. DEL CALLAO","VID, estaca enraizada",4114,"CAJA(S)","CHILE"
"20066",2024,9,"OFICINA PUESTO DE CONTROL MARITIMO - PROV. CONST. DEL CALLAO","VID, estaca enraizada",1968,"CAJA(S)","CHILE"
"20067",2024,9,"OFICINA PUESTO DE CONTROL MARITIMO - PROV. CONST. DEL CALLAO","VID, estaca enraizada",2546,"CAJA(S)","CHILE"
"20068",2024,9,"PUESTO DE CONTROL TERRESTRE DESAGUADERO","SOYA, torta",27140,"GRANEL","BOLIVIA"
"20069",2024,9,"PUESTO DE CONTROL TERRESTRE DESAGUADERO","GIRASOL, torta",54660,"GRANEL","BOLIVIA"
"20070",2024,9,"PUESTO DE CONTROL TERRESTRE DESAGUADERO","GIRASOL, torta",51390,"GRANEL","BOLIVIA"
"20071",2024,9,"PUESTO DE CONTROL TERRESTRE DESAGUADERO","SOYA, torta",26990,"GRANEL","BOLIVIA"
"20072",2024,9,"PUESTO DE CONTROL TERRESTRE DESAGUADERO","SOYA, torta",27220,"GRANEL","BOLIVIA"
"20073",2024,9,"PUESTO DE CONTROL TERRESTRE DESAGUADERO","SOYA, harina",174000,"SACO(S)","BOLIVIA"
"20074",2024,9,"PUESTO DE CONTROL TERRESTRE DESAGUADERO","SOYA, torta",27830,"GRANEL","BOLIVIA"
"20075",2024,9,"OFICINA PUESTO DE CONTROL MARITIMO - PROV. CONST. DEL CALLAO","UVA (PASAS), secas naturalmente",24500,"CAJA(S)","ARGENTINA"
"20076",2024,9,"OFICINA PUESTO DE CONTROL MARITIMO - PROV. CONST. DEL CALLAO","PINO, postes de madera con algun proceso de la CRF 2",83148,"PAQUETES","CHILE"
"20077",2024,9,"OFICINA PUESTO DE CONTROL MARITIMO - PROV. CONST. DEL CALLAO","AJONJOLI, grano",19000,"BOLSAS","INDIA"
"20078",2024,9,"PUESTO DE CONTROL TERRESTRE DESAGUADERO","SOYA, torta",82520,"GRANEL","BOLIVIA"
"20079",2024,9,"OFICINA PUESTO DE CONTROL MARITIMO - PROV. CONST. DEL CALLAO","LINAZA, grano",47990,"SACO(S)","CANADA"
"20080",2024,9,"PUESTO DE CONTROL TERRESTRE DESAGUADERO","SOYA, torta",116000,"SACO(S)","BOLIVIA"
"20081",2024,9,"PUESTO DE CONTROL TERRESTRE DESAGUADERO","SOYA, grano",84000,"GRANEL","BOLIVIA"
"20082",2024,9,"PUESTO DE CONTROL TERRESTRE DESAGUADERO","SOYA, grano",84000,"GRANEL","BOLIVIA"
"20083",2024,9,"OFICINA PUESTO DE CONTROL MARITIMO - PROV. CONST. DEL CALLAO","ARVEJA, grano partido",124740,"SACO(S)","EEUU"
"20084",2024,9,"OFICINA PUESTO DE CONTROL MARITIMO - PROV. CONST. DEL CALLAO","GARBANZO, grano",46000,"SACO(S)","MEXICO"
"20085",2024,9,"PUESTO DE CONTROL TERRESTRE DESAGUADERO","SOYA, torta",25040,"GRANEL","BOLIVIA"
"20086",2024,9,"OFICINA PUESTO DE CONTROL MARITIMO - PROV. CONST. DEL CALLAO","UVA (PASAS), secas naturalmente",25000,"CAJA(S)","ARGENTINA"
"20087",2024,9,"OFICINA PUESTO DE CONTROL MARITIMO - PROV. CONST. DEL CALLAO","ALGODON, fibra sin cardar ni peinar (>22.22 mm = o <28.57 mm)",20503,"FARDOS","EEUU"
"20088",2024,9,"OFICINA PUESTO DE CONTROL MARITIMO - PROV. CONST. DEL CALLAO","ALGODON, fibra sin cardar ni peinar (>22.22 mm = o <28.57 mm)",243761,"FARDOS","EEUU"
"20089",2024,9,"PUESTO DE CONTROL TERRESTRE DESAGUADERO","SOYA, harina",58000,"SACO(S)","BOLIVIA"
"20090",2024,9,"PUESTO DE CONTROL TERRESTRE DESAGUADERO","SOYA, torta",116000,"SACO(S)","BOLIVIA"
"20091",2024,9,"OFICINA PUESTO DE CONTROL MARITIMO - PROV. CONST. DEL CALLAO","UVA (PASAS), secas naturalmente",40000,"CAJA(S)","ARGENTINA"
"20092",2024,9,"PUESTO DE CONTROL TERRESTRE DESAGUADERO","SOYA, torta",146000,"SACO(S)","BOLIVIA"
"20093",2024,9,"OFICINA PUESTO DE CONTROL MARITIMO - PROV. CONST. DEL CALLAO","PERA, fruta fresca",24300,"CAJA(S)","ARGENTINA"
"20094",2024,9,"PUESTO DE CONTROL TERRESTRE DESAGUADERO","SOYA, torta",56000,"GRANEL","BOLIVIA"
"20095",2024,9,"PUESTO DE CONTROL TERRESTRE DESAGUADERO","SOYA, torta",84000,"GRANEL","BOLIVIA"
"20096",2024,9,"OFICINA PUESTO DE CONTROL AEREO -  PROV. CONST. DEL CALLAO","MELON, semilla",0.085,"SACHETS","EEUU"
"20097",2024,9,"OFICINA PUESTO DE CONTROL AEREO -  PROV. CONST. DEL CALLAO","ZAPALLITO ITALIANO (CALABACIN), semilla",0.845,"SACHETS","EEUU"
"20098",2024,9,"OFICINA PUESTO DE CONTROL MARITIMO - PROV. CONST. DEL CALLAO","AZUCAR CRUDA, sólido",250000,"SACO(S)","NICARAGUA"
"20099",2024,9,"OFICINA PUESTO DE CONTROL MARITIMO - PROV. CONST. DEL CALLAO","AZUCAR BLANCA O REFINADA (lectura polarimetrica mayor 99.5°)",132500,"SACO(S)","NICARAGUA"
"20100",2024,9,"PUESTO DE CONTROL TERRESTRE DESAGUADERO","SOYA, torta",84780,"GRANEL","BOLIVIA"
"20101",2024,9,"PUESTO DE CONTROL TERRESTRE DESAGUADERO","SOYA, torta",55500,"GRANEL","BOLIVIA"
"20102",2024,9,"OFICINA PUESTO DE CONTROL AEREO -  PROV. CONST. DEL CALLAO","COCO, fibra (para sustrato)",22,"UNIDADES","SRI LANKA"
"20103",2024,9,"PUESTO DE CONTROL TERRESTRE DESAGUADERO","SOYA, torta",28020,"GRANEL","BOLIVIA"
"20104",2024,9,"PUESTO DE CONTROL TERRESTRE DESAGUADERO","SOYA, torta",55000,"GRANEL","BOLIVIA"
"20105",2024,9,"OFICINA PUESTO DE CONTROL AEREO -  PROV. CONST. DEL CALLAO","ARTEMISA, hoja seca con algún proceso de la CRF 2",7.5,"BOLSAS","EEUU"
"20106",2024,9,"OFICINA PUESTO DE CONTROL MARITIMO - PROV. CONST. DEL CALLAO","YUTE, sacos",14800,"FARDOS","INDIA"
"20107",2024,9,"SANTA ROSA, TACNA","PALTA, fruto fresco",24960,"CAJA(S)","CHILE"
"20108",2024,9,"PUESTO DE CONTROL TERRESTRE DESAGUADERO","MAIZ AMARILLO DURO, grano",30000,"SACO(S)","BOLIVIA"
"20109",2024,9,"OFICINA PUESTO DE CONTROL MARITIMO - PROV. CONST. DEL CALLAO","LENTEJA, grano",43544,"SACO(S)","CANADA"
"20110",2024,9,"OFICINA PUESTO DE CONTROL MARITIMO - PROV. CONST. DEL CALLAO","ARVEJA, grano entero",105233,"BOLSAS","CANADA"
"20111",2024,9,"PUERTO DE PAITA , PIURA","TURBA",72244,"BOLSAS","LETONIA"
"20112",2024,9,"OFICINA PUESTO DE CONTROL MARITIMO - PROV. CONST. DEL CALLAO","Articulos de cesteria (canastos, cestos u otros), con algun proceso de la CRF2",99.078,"CAJA(S)","CHINA"
"20113",2024,9,"OFICINA PUESTO DE CONTROL MARITIMO - PROV. CONST. DEL CALLAO","Articulos para fiestas de navidad que sean o contengan material vegetal
",260.082,"CAJA(S)","CHINA"
"20114",2024,9,"OFICINA PUESTO DE CONTROL MARITIMO - PROV. CONST. DEL CALLAO","AZUCAR BLANCA O REFINADA (lectura polarimetrica mayor 99.5°)",250000,"SACO(S)","NICARAGUA"
"20115",2024,9,"OFICINA PUESTO DE CONTROL MARITIMO - PROV. CONST. DEL CALLAO","MANZANA, fruto fresco",79674,"CAJA(S)","CHILE"
"20116",2024,9,"OFICINA PUESTO DE CONTROL MARITIMO - PROV. CONST. DEL CALLAO","MANZANA, fruto fresco",19756.8,"CAJA(S)","CHILE"
"20117",2024,9,"OFICINA PUESTO DE CONTROL MARITIMO - PROV. CONST. DEL CALLAO","LUPULO, pellets",16000,"PALETAS","ALEMANIA"
"20118",2024,9,"PUERTO DE SALAVERRY, LA LIBERTAD","MAIZ AMARILLO DURO, grano",25313000,"GRANEL","ARGENTINA"
"20119",2024,9,"PUERTO DE SALAVERRY, LA LIBERTAD","SOYA, torta",6344410,"GRANEL","ALEMANIA"
"20120",2024,9,"OFICINA PUESTO DE CONTROL MARITIMO - PROV. CONST. DEL CALLAO","AZUCAR BLANCA O REFINADA (lectura polarimetrica mayor 99.5°)",250000,"SACO(S)","NICARAGUA"
"20121",2024,9,"PUESTO DE CONTROL TERRESTRE DESAGUADERO","SOYA, torta",53802,"SACO(S)","BOLIVIA"
"20122",2024,9,"OFICINA PUESTO DE CONTROL MARITIMO - PROV. CONST. DEL CALLAO","AZUCAR BLANCA O REFINADA (lectura polarimetrica mayor 99.5°)",250000,"SACO(S)","NICARAGUA"
"20123",2024,9,"OFICINA PUESTO DE CONTROL MARITIMO - PROV. CONST. DEL CALLAO","KIWI, fruto fresco",16800,"CAJA(S)","CHILE"
"20124",2024,9,"OFICINA PUESTO DE CONTROL MARITIMO - PROV. CONST. DEL CALLAO","MANZANA, fruto fresco",59192,"CAJA(S)","CHILE"
"20125",2024,9,"OFICINA PUESTO DE CONTROL MARITIMO - PROV. CONST. DEL CALLAO","LAUREL, hoja seca al natural",2500,"FARDOS","TURQUIA"
"20126",2024,9,"OFICINA PUESTO DE CONTROL MARITIMO - PROV. CONST. DEL CALLAO","LAUREL, hoja seca al natural",2000,"CAJA(S)","TURQUIA"
"20127",2024,9,"PUESTO DE CONTROL TERRESTRE DESAGUADERO","SOYA, torta",145000,"SACO(S)","BOLIVIA"
"20128",2024,9,"OFICINA PUESTO DE CONTROL AEREO -  PROV. CONST. DEL CALLAO","SANDIA, semilla",129.067,"SACHETS","CHILE"
"20129",2024,9,"AGUAS VERDES, TUMBES","CAÑA DE GUAYAQUIL, seca al natural",32000,"UNIDADES","ECUADOR"
"20130",2024,9,"OFICINA PUESTO DE CONTROL MARITIMO - PROV. CONST. DEL CALLAO","PINO, madera aserrada con algún proceso de la CRF2",92436.9,"PAQUETES","CHILE"
"20131",2024,9,"PUESTO DE CONTROL TERRESTRE DESAGUADERO","SOYA, torta",116000,"SACO(S)","BOLIVIA"
"20132",2024,9,"PUESTO DE CONTROL TERRESTRE DESAGUADERO","SOYA, torta",116000,"SACO(S)","BOLIVIA"
"20133",2024,9,"PUESTO DE CONTROL TERRESTRE DESAGUADERO","SOYA, torta",145000,"SACO(S)","BOLIVIA"
"20134",2024,9,"PUESTO DE CONTROL TERRESTRE DESAGUADERO","SOYA, harina",145000,"SACO(S)","BOLIVIA"
"20135",2024,9,"PUESTO DE CONTROL TERRESTRE DESAGUADERO","SOYA, harina",145000,"SACO(S)","BOLIVIA"
"20136",2024,9,"PUESTO DE CONTROL TERRESTRE DESAGUADERO","SOYA, torta",115329,"SACO(S)","BOLIVIA"
"20137",2024,9,"PUESTO DE CONTROL TERRESTRE DESAGUADERO","SOYA, torta",52980,"GRANEL","BOLIVIA"
"20138",2024,9,"PUESTO DE CONTROL TERRESTRE DESAGUADERO","SOYA, torta",116000,"SACO(S)","BOLIVIA"
"20139",2024,9,"PUESTO DE CONTROL TERRESTRE DESAGUADERO","SOYA, torta",84980,"GRANEL","BOLIVIA"
"20140",2024,9,"PUESTO DE CONTROL TERRESTRE DESAGUADERO","SOYA, torta",83980,"GRANEL","BOLIVIA"
"20141",2024,9,"PUESTO DE CONTROL TERRESTRE DESAGUADERO","SOYA, torta",83480,"GRANEL","BOLIVIA"
"20142",2024,9,"PUESTO DE CONTROL TERRESTRE DESAGUADERO","SOYA, torta",56000,"GRANEL","BOLIVIA"
"20143",2024,9,"OFICINA PUESTO DE CONTROL MARITIMO - PROV. CONST. DEL CALLAO","ARROZ, grano pilado",125000,"SACO(S)","URUGUAY"
"20144",2024,9,"OFICINA PUESTO DE CONTROL MARITIMO - PROV. CONST. DEL CALLAO","MAIZ, semilla",21691.8,"BOLSAS","BRASIL"
"20145",2024,9,"OFICINA PUESTO DE CONTROL MARITIMO - PROV. CONST. DEL CALLAO","PINO, postes de madera con algun proceso de la CRF 2",102352,"UNIDADES","CHILE"
"20146",2024,9,"PUESTO DE CONTROL TERRESTRE DESAGUADERO","MANI, grano sin cáscara",58000,"SACO(S)","BOLIVIA"
"20147",2024,9,"PUESTO DE CONTROL TERRESTRE DESAGUADERO","MAIZ AMARILLO DURO, grano",60000,"SACO(S)","BOLIVIA"
"20148",2024,9,"OFICINA PUESTO DE CONTROL MARITIMO - PROV. CONST. DEL CALLAO","TRIGO, almidon",2400,"SACO(S)","ALEMANIA"
"20149",2024,9,"OFICINA PUESTO DE CONTROL MARITIMO - PROV. CONST. DEL CALLAO","TRIGO, gluten",15300,"SACO(S)","ALEMANIA"
"20150",2024,9,"PUESTO DE CONTROL TERRESTRE DESAGUADERO","SOYA, harina",172500,"SACO(S)","BOLIVIA"
"20151",2024,9,"PUESTO DE CONTROL TERRESTRE DESAGUADERO","MAIZ AMARILLO DURO, grano",58000,"SACO(S)","BOLIVIA"
"20152",2024,9,"OFICINA PUESTO DE CONTROL MARITIMO - PROV. CONST. DEL CALLAO","LENTEJA, grano",124285,"SACO(S)","CANADA"
"20153",2024,9,"OFICINA PUESTO DE CONTROL MARITIMO - PROV. CONST. DEL CALLAO","ARROZ, grano pilado",262500,"SACO(S)","BRASIL"
"20154",2024,9,"OFICINA PUESTO DE CONTROL MARITIMO - PROV. CONST. DEL CALLAO","MANZANA, fruto fresco",17640,"CAJA(S)","EEUU"
"20155",2024,9,"OFICINA PUESTO DE CONTROL MARITIMO - PROV. CONST. DEL CALLAO","AZUCAR BLANCA O REFINADA (lectura polarimetrica mayor 99.5°)",25000,"SACO(S)","COLOMBIA"
"20156",2024,9,"AGUAS VERDES, TUMBES","PITAHAYA, fruto fresco",13000,"CAJA(S)","ECUADOR"
"20157",2024,9,"OFICINA PUESTO DE CONTROL MARITIMO - PROV. CONST. DEL CALLAO","YUCA (=MANDIOCA), fécula",56000,"BOLSAS","PARAGUAY"
"20158",2024,9,"OFICINA PUESTO DE CONTROL MARITIMO - PROV. CONST. DEL CALLAO","MANZANA, fruto fresco",39151,"CAJA(S)","CHILE"
"20159",2024,9,"OFICINA PUESTO DE CONTROL MARITIMO - PROV. CONST. DEL CALLAO","NUEZ, con cáscara seca al natural",40000,"SACO(S)","CHILE"
"20160",2024,9,"OFICINA PUESTO DE CONTROL AEREO -  PROV. CONST. DEL CALLAO","TOMATE, semilla",0.01412,"SACHETS","FRANCIA"
"20161",2024,9,"OFICINA PUESTO DE CONTROL AEREO -  PROV. CONST. DEL CALLAO","ZAPALLITO ITALIANO (CALABACIN), semilla",3.075,"SACHETS","HOLANDA"
"20162",2024,9,"OFICINA PUESTO DE CONTROL AEREO -  PROV. CONST. DEL CALLAO","MELON, semilla",0.50031,"SACHETS","HOLANDA"
"20163",2024,9,"OFICINA PUESTO DE CONTROL AEREO -  PROV. CONST. DEL CALLAO","PEPINILLO, semilla",0.4377,"SACHETS","ESPAÑA"
"20164",2024,9,"PUESTO DE CONTROL TERRESTRE DESAGUADERO","SOYA, torta",112175,"SACO(S)","BOLIVIA"
"20165",2024,9,"PUESTO DE CONTROL TERRESTRE DESAGUADERO","SOYA, harina",145000,"SACO(S)","BOLIVIA"
"20166",2024,9,"PUESTO DE CONTROL TERRESTRE DESAGUADERO","SOYA, torta",174000,"SACO(S)","BOLIVIA"
"20167",2024,9,"OFICINA PUESTO DE CONTROL MARITIMO - PROV. CONST. DEL CALLAO","TRACTOR USADO, con motor de potencia superior a 130KW",6845,"UNIDADES","HOLANDA"
"20168",2024,9,"OFICINA PUESTO DE CONTROL MARITIMO - PROV. CONST. DEL CALLAO","Sembradoras, plantadoras y transplantadoras, para siembra directa usadas
",2160.98,"UNIDADES","BELICE"
"20169",2024,9,"OFICINA PUESTO DE CONTROL MARITIMO - PROV. CONST. DEL CALLAO","Las demás partes de aparatos y artefactos agrícolas horticolas o silvicolas, usados
",61.74,"CAJA(S)","BELICE"
"20170",2024,9,"OFICINA PUESTO DE CONTROL MARITIMO - PROV. CONST. DEL CALLAO","Las demás partes de aparatos y artefactos agrícolas horticolas o silvicolas, usados
",463.06,"UNIDADES","BELICE"
"20171",2024,9,"OFICINA PUESTO DE CONTROL MARITIMO - PROV. CONST. DEL CALLAO","Cortadora de cesped autopropulsada, con motor, en las que el dispositivo de corte gire en un plano horizontal, usada
",987.87,"UNIDADES","BELICE"
"20172",2024,9,"OFICINA PUESTO DE CONTROL MARITIMO - PROV. CONST. DEL CALLAO","Las demás máquinas y aparatos de trillar usadas
",1234.84,"UNIDADES","BELICE"
"20173",2024,9,"OFICINA PUESTO DE CONTROL MARITIMO - PROV. CONST. DEL CALLAO","TRACTOR USADO, con motor de potencia superior a 33 kW pero inferior o igual a 75 kW",15126.89,"UNIDADES","BELICE"
"20174",2024,9,"OFICINA PUESTO DE CONTROL MARITIMO - PROV. CONST. DEL CALLAO","AZUCAR BLANCA O REFINADA (lectura polarimetrica mayor 99.5°)",132500,"SACO(S)","GUATEMALA"
"20175",2024,9,"OFICINA PUESTO DE CONTROL MARITIMO - PROV. CONST. DEL CALLAO","PINO, madera aserrada con tratamiento de secado al horno impregnación de sales",25340,"PAQUETES","CHILE"
"20176",2024,9,"OFICINA PUESTO DE CONTROL AEREO -  PROV. CONST. DEL CALLAO","PEPINILLO, semilla",1.339,"SACHETS","HOLANDA"
"20177",2024,9,"PUESTO DE CONTROL TERRESTRE DESAGUADERO","SOYA, torta",25000,"GRANEL","BOLIVIA"
"20178",2024,9,"OFICINA PUESTO DE CONTROL MARITIMO - PROV. CONST. DEL CALLAO","ALGODON, fibra sin cardar ni peinar (>28.57 mm = o <34.92 mm)",19894,"FARDOS","EEUU"
"20179",2024,9,"OFICINA PUESTO DE CONTROL AEREO -  PROV. CONST. DEL CALLAO","CACAO: cáscara, películas y demás residuos.",445.75,"SACO(S)","EEUU"
"20180",2024,9,"OFICINA PUESTO DE CONTROL MARITIMO - PROV. CONST. DEL CALLAO","ALGODON, fibra sin cardar ni peinar (>28.57 mm = o <34.92 mm)",60770,"FARDOS","EEUU"
"20181",2024,9,"PUESTO DE CONTROL TERRESTRE DESAGUADERO","MANI, grano sin cáscara",29000,"SACO(S)","BOLIVIA"
"20182",2024,9,"PUESTO DE CONTROL TERRESTRE DESAGUADERO","SOYA, torta",115000,"SACO(S)","BOLIVIA"
"20183",2024,9,"OFICINA PUESTO DE CONTROL MARITIMO - PROV. CONST. DEL CALLAO","COCO, fibra (para sustrato)",235200,"PALETAS","INDIA"
"20184",2024,9,"OFICINA PUESTO DE CONTROL MARITIMO - PROV. CONST. DEL CALLAO","CULANTRO, semilla",1500,"SACO(S)","EEUU"
"20185",2024,9,"OFICINA PUESTO DE CONTROL MARITIMO - PROV. CONST. DEL CALLAO","CULANTRO, semilla",200,"BOLSAS","EEUU"
"20186",2024,9,"OFICINA PUESTO DE CONTROL MARITIMO - PROV. CONST. DEL CALLAO","LECHUGA, semilla",180,"LATAS","EEUU"
"20187",2024,9,"OFICINA PUESTO DE CONTROL MARITIMO - PROV. CONST. DEL CALLAO","ACELGA, semilla",50,"LATAS","EEUU"
"20188",2024,9,"OFICINA PUESTO DE CONTROL MARITIMO - PROV. CONST. DEL CALLAO","RABANITO, semilla",100,"LATAS","EEUU"
"20189",2024,9,"OFICINA PUESTO DE CONTROL MARITIMO - PROV. CONST. DEL CALLAO","ZAPALLITO ITALIANO (CALABACIN), semilla",30,"LATAS","EEUU"
"20190",2024,9,"OFICINA PUESTO DE CONTROL MARITIMO - PROV. CONST. DEL CALLAO","SANDIA, semilla",50,"LATAS","EEUU"
"20191",2024,9,"PUESTO DE CONTROL TERRESTRE DESAGUADERO","SOYA, torta",184000,"SACO(S)","BOLIVIA"
"20192",2024,9,"SANTA ROSA, TACNA","MANZANA, fruto fresco",23520,"CAJA(S)","CHILE"
"20193",2024,9,"SANTA ROSA, TACNA","MANZANA, fruto fresco",23520,"CAJA(S)","CHILE"
"20194",2024,9,"PUESTO DE CONTROL TERRESTRE DESAGUADERO","SOYA, torta",145000,"SACO(S)","BOLIVIA"
"20195",2024,9,"PUESTO DE CONTROL TERRESTRE DESAGUADERO","SOYA, torta",174000,"SACO(S)","BOLIVIA"
"20196",2024,9,"OFICINA PUESTO DE CONTROL MARITIMO - PROV. CONST. DEL CALLAO","ALGODON, fibra sin cardar ni peinar (>34.92 mm)",98166,"FARDOS","EEUU"
"20197",2024,9,"OFICINA PUESTO DE CONTROL MARITIMO - PROV. CONST. DEL CALLAO","CHIA, grano",24000,"BOLSAS","PARAGUAY"
"20198",2024,9,"OFICINA PUESTO DE CONTROL MARITIMO - PROV. CONST. DEL CALLAO","AZUCAR CRUDA, sólido",5e+05,"SACO(S)","EL SALVADOR"
"20199",2024,9,"OFICINA PUESTO DE CONTROL MARITIMO - PROV. CONST. DEL CALLAO","CURCUMA, polvo",250,"SACO(S)","MEXICO"
"20200",2024,9,"IÑAPARI, MADRE DE DIOS","MAIZ AMARILLO DURO, grano",48000,"SACO(S)","BRASIL"
"20201",2024,9,"PUESTO DE CONTROL TERRESTRE DESAGUADERO","SOYA, torta",27840,"GRANEL","BOLIVIA"
"20202",2024,9,"PUESTO DE CONTROL TERRESTRE DESAGUADERO","SOYA, torta",84880,"SACO(S)","BOLIVIA"
"20203",2024,9,"PUESTO DE CONTROL TERRESTRE DESAGUADERO","SOYA, torta",50410,"GRANEL","BOLIVIA"
"20204",2024,9,"IÑAPARI, MADRE DE DIOS","MAIZ AMARILLO DURO, grano",64000,"SACO(S)","BRASIL"
"20205",2024,9,"OFICINA PUESTO DE CONTROL MARITIMO - PROV. CONST. DEL CALLAO","MANZANA, fruto fresco",42336,"CAJA(S)","CHILE"
"20206",2024,9,"PUESTO DE CONTROL TERRESTRE DESAGUADERO","SOYA, harina",25239,"SACO(S)","BOLIVIA"
"20207",2024,9,"OFICINA PUESTO DE CONTROL MARITIMO - PROV. CONST. DEL CALLAO","UVA (PASAS), secas industrialmente",21000,"BOLSAS","CHILE"
"20208",2024,9,"PUESTO DE CONTROL TERRESTRE DESAGUADERO","SOYA, torta",56000,"GRANEL","BOLIVIA"
"20209",2024,9,"PUESTO DE CONTROL TERRESTRE DESAGUADERO","SOYA, torta",29000,"GRANEL","BOLIVIA"
"20210",2024,9,"PUESTO DE CONTROL TERRESTRE DESAGUADERO","SOYA, torta",57520,"GRANEL","BOLIVIA"
"20211",2024,9,"PUESTO DE CONTROL TERRESTRE DESAGUADERO","SOYA, torta",57500,"GRANEL","BOLIVIA"
"20212",2024,9,"PUESTO DE CONTROL TERRESTRE DESAGUADERO","SOYA, torta",112000,"GRANEL","BOLIVIA"
"20213",2024,9,"OFICINA PUESTO DE CONTROL MARITIMO - PROV. CONST. DEL CALLAO","MANZANA, fruto fresco",39543,"CAJA(S)","CHILE"
"20214",2024,9,"PUESTO DE CONTROL TERRESTRE DESAGUADERO","SOYA, torta",74950,"GRANEL","BOLIVIA"
"20215",2024,9,"OFICINA PUESTO DE CONTROL MARITIMO - PROV. CONST. DEL CALLAO","ARROZ, parbolizado pulido o sin cáscara",131925,"SACO(S)","BRASIL"
"20216",2024,9,"OFICINA PUESTO DE CONTROL MARITIMO - PROV. CONST. DEL CALLAO","AZUCAR CRUDA, sólido",250000,"SACO(S)","NICARAGUA"
"20217",2024,9,"OFICINA PUESTO DE CONTROL MARITIMO - PROV. CONST. DEL CALLAO","TRIGO, grano",8103810,"GRANEL","EEUU"
"20218",2024,9,"OFICINA PUESTO DE CONTROL MARITIMO - PROV. CONST. DEL CALLAO","ARROZ, grano pulido o pilado var. basmati",13000,"BOLSAS","INDIA"
"20219",2024,9,"AGUAS VERDES, TUMBES","ROSA, flores frescas cortadas",2421,"CAJA(S)","ECUADOR"
"20220",2024,9,"IÑAPARI, MADRE DE DIOS","NUEZ DEL BRASIL, con cáscara seca al natural",25020,"GRANEL","BRASIL"
"20221",2024,9,"PUESTO DE CONTROL TERRESTRE DESAGUADERO","SOYA, torta",143307,"SACO(S)","BOLIVIA"
"20222",2024,9,"PUESTO DE CONTROL TERRESTRE DESAGUADERO","SOYA, torta",57280,"GRANEL","BOLIVIA"
"20223",2024,9,"AGUAS VERDES, TUMBES","PITAHAYA, fruto fresco",12660,"CAJA(S)","ECUADOR"
"20224",2024,9,"PUESTO DE CONTROL TERRESTRE DESAGUADERO","SOYA, torta",54060,"GRANEL","BOLIVIA"
"20225",2024,9,"OFICINA PUESTO DE CONTROL MARITIMO - PROV. CONST. DEL CALLAO","AVENA, grano trabajado (mondado, perlado, troceado o quebrantado)",48000,"SACO(S)","CHILE"
"20226",2024,9,"PUESTO DE CONTROL TERRESTRE DESAGUADERO","SOYA, grano",57000,"GRANEL","BOLIVIA"
"20227",2024,9,"PUESTO DE CONTROL TERRESTRE DESAGUADERO","SOYA, grano",56500,"GRANEL","BOLIVIA"
"20228",2024,9,"PUESTO DE CONTROL TERRESTRE DESAGUADERO","SOYA, grano",113000,"GRANEL","BOLIVIA"
"20229",2024,9,"OFICINA PUESTO DE CONTROL MARITIMO - PROV. CONST. DEL CALLAO","COMINO, grano",81000,"SACO(S)","INDIA"
"20230",2024,9,"OFICINA PUESTO DE CONTROL MARITIMO - PROV. CONST. DEL CALLAO","GARBANZO, grano",24000,"SACO(S)","MEXICO"
"20231",2024,9,"OFICINA PUESTO DE CONTROL MARITIMO - PROV. CONST. DEL CALLAO","GARBANZO, grano",23000,"SACO(S)","MEXICO"
"20232",2024,9,"OFICINA PUESTO DE CONTROL MARITIMO - PROV. CONST. DEL CALLAO","CANELA, corteza entera seca al natural",14360,"CAJA(S)","SRI LANKA"
"20233",2024,9,"OFICINA PUESTO DE CONTROL MARITIMO - PROV. CONST. DEL CALLAO","GARBANZO, grano",23000,"SACO(S)","MEXICO"
"20234",2024,9,"PUESTO DE CONTROL TERRESTRE DESAGUADERO","SOYA, torta",145000,"SACO(S)","BOLIVIA"
"20235",2024,9,"OFICINA PUESTO DE CONTROL MARITIMO - PROV. CONST. DEL CALLAO","FREJOL CANARIO, grano",46000,"SACO(S)","MEXICO"
"20236",2024,9,"PUESTO DE CONTROL TERRESTRE DESAGUADERO","AZUCAR BLANCA O REFINADA (lectura polarimetrica mayor 99.5°)",174000,"SACO(S)","BOLIVIA"
"20237",2024,9,"PUESTO DE CONTROL TERRESTRE DESAGUADERO","SOYA, torta",143920,"SACO(S)","BOLIVIA"
"20238",2024,9,"PUESTO DE CONTROL TERRESTRE DESAGUADERO","SOYA, torta",143500,"SACO(S)","BOLIVIA"
"20239",2024,9,"PUESTO DE CONTROL TERRESTRE DESAGUADERO","SOYA, torta",28000,"GRANEL","BOLIVIA"
"20240",2024,9,"AGUAS VERDES, TUMBES","PITAHAYA, fruto fresco",10000,"CAJA(S)","ECUADOR"
"20241",2024,9,"PUESTO DE CONTROL TERRESTRE DESAGUADERO","SOYA, torta",84000,"GRANEL","BOLIVIA"
"20242",2024,9,"PUESTO DE CONTROL TERRESTRE DESAGUADERO","SOYA, torta",87000,"GRANEL","BOLIVIA"
"20243",2024,9,"PUESTO DE CONTROL TERRESTRE DESAGUADERO","SOYA, torta",56000,"GRANEL","BOLIVIA"
"20244",2024,9,"PUESTO DE CONTROL TERRESTRE DESAGUADERO","MANI, grano sin cáscara",29000,"SACO(S)","BOLIVIA"
"20245",2024,9,"AGUAS VERDES, TUMBES","CAÑA DE GUAYAQUIL, seca al natural",32000,"UNIDADES","ECUADOR"
"20246",2024,9,"OFICINA PUESTO DE CONTROL MARITIMO - PROV. CONST. DEL CALLAO","PINO, madera aserrada con algún proceso de la CRF2",108566,"PAQUETES","CHILE"
"20247",2024,9,"PUESTO DE CONTROL TERRESTRE DESAGUADERO","SOYA, grano",55500,"GRANEL","BOLIVIA"
"20248",2024,9,"PUESTO DE CONTROL TERRESTRE DESAGUADERO","SOYA, grano",56000,"GRANEL","BOLIVIA"
"20249",2024,9,"PUESTO DE CONTROL TERRESTRE DESAGUADERO","SOYA, grano",55980,"GRANEL","BOLIVIA"
"20250",2024,9,"PUESTO DE CONTROL TERRESTRE DESAGUADERO","SOYA, grano",56000,"GRANEL","BOLIVIA"
"20251",2024,9,"PUESTO DE CONTROL TERRESTRE DESAGUADERO","SOYA, grano",84500,"GRANEL","BOLIVIA"
"20252",2024,9,"PUESTO DE CONTROL TERRESTRE DESAGUADERO","SOYA, grano",56480,"GRANEL","BOLIVIA"
"20253",2024,9,"PUESTO DE CONTROL TERRESTRE DESAGUADERO","SOYA, torta",55179,"SACO(S)","BOLIVIA"
"20254",2024,9,"PUESTO DE CONTROL TERRESTRE DESAGUADERO","SOYA, grano",112000,"GRANEL","BOLIVIA"
"20255",2024,9,"OFICINA PUESTO DE CONTROL MARITIMO - PROV. CONST. DEL CALLAO","TRIGO, almidon",25000,"BOLSAS","ARGENTINA"
"20256",2024,9,"OFICINA PUESTO DE CONTROL MARITIMO - PROV. CONST. DEL CALLAO","PINO, madera aserrada con algún proceso de la CRF2",18518,"PAQUETES","CHILE"
"20257",2024,9,"OFICINA PUESTO DE CONTROL AEREO -  PROV. CONST. DEL CALLAO","PALMA ACEITERA, semilla germinada",136,"CAJA(S)","INDONESIA"
"20258",2024,9,"OFICINA PUESTO DE CONTROL MARITIMO - PROV. CONST. DEL CALLAO","AZUCAR CRUDA, sólido",250000,"SACO(S)","COLOMBIA"
"20259",2024,9,"OFICINA PUESTO DE CONTROL MARITIMO - PROV. CONST. DEL CALLAO","Articulos para fiestas de navidad que sean o contengan material vegetal
",3168.631,"UNIDADES","CHINA"
"20260",2024,9,"SANTA ROSA, TACNA","MANZANA, fruto fresco",23520,"CAJA(S)","CHILE"
"20261",2024,9,"OFICINA PUESTO DE CONTROL MARITIMO - PROV. CONST. DEL CALLAO","TURBA",65910,"PACAS","LETONIA"
"20262",2024,9,"OFICINA PUESTO DE CONTROL MARITIMO - PROV. CONST. DEL CALLAO","GARBANZO, grano",69000,"SACO(S)","MEXICO"
"20263",2024,9,"OFICINA PUESTO DE CONTROL MARITIMO - PROV. CONST. DEL CALLAO","FLOR DE JAMAICA, seca natural",25920,"CAJA(S)","NIGERIA"
"20264",2024,9,"OFICINA PUESTO DE CONTROL MARITIMO - PROV. CONST. DEL CALLAO","GARBANZO, grano",92000,"SACO(S)","MEXICO"
"20265",2024,9,"OFICINA PUESTO DE CONTROL MARITIMO - PROV. CONST. DEL CALLAO","KIWI, fruto fresco",24000,"CAJA(S)","CHILE"
"20266",2024,9,"OFICINA PUESTO DE CONTROL MARITIMO - PROV. CONST. DEL CALLAO","MANZANA, fruto fresco",59584,"CAJA(S)","CHILE"
"20267",2024,9,"SANTA ROSA, TACNA","MANZANA, fruto fresco",22579.2,"CAJA(S)","CHILE"
"20268",2024,9,"SANTA ROSA, TACNA","MANZANA, fruto fresco",23520,"CAJA(S)","CHILE"
"20269",2024,9,"SANTA ROSA, TACNA","MANZANA, fruto fresco",22579.2,"CAJA(S)","CHILE"
"20270",2024,9,"PUESTO DE CONTROL TERRESTRE DESAGUADERO","SOYA, torta",55500,"GRANEL","BOLIVIA"
"20271",2024,9,"OFICINA PUESTO DE CONTROL MARITIMO - PROV. CONST. DEL CALLAO","CAUCHO, técnicamente especificado (TSNR)",60480,"PALETAS","TAILANDIA"
"20272",2024,9,"PUESTO DE CONTROL TERRESTRE DESAGUADERO","SOYA, torta",112000,"GRANEL","BOLIVIA"
"20273",2024,9,"OFICINA PUESTO DE CONTROL MARITIMO - PROV. CONST. DEL CALLAO","TRIGO, grano",1345900,"GRANEL","EEUU"
"20274",2024,9,"OFICINA PUESTO DE CONTROL MARITIMO - PROV. CONST. DEL CALLAO","MAIZ REVENTON, grano",104325,"SACO(S)","EEUU"
"20275",2024,9,"OFICINA PUESTO DE CONTROL MARITIMO - PROV. CONST. DEL CALLAO","PINO, madera aserrada con tratamiento de secado al horno impregnación de sales",27668,"PAQUETES","CHILE"
"20276",2024,9,"PUESTO DE CONTROL TERRESTRE DESAGUADERO","SOYA, torta",55600,"GRANEL","BOLIVIA"
"20277",2024,9,"OFICINA PUESTO DE CONTROL MARITIMO - PROV. CONST. DEL CALLAO","AZUCAR CRUDA, sólido",130000,"SACO(S)","BRASIL"
"20278",2024,9,"OFICINA PUESTO DE CONTROL MARITIMO - PROV. CONST. DEL CALLAO","AZUCAR CRUDA, sólido",130000,"SACO(S)","BRASIL"
"20279",2024,9,"OFICINA PUESTO DE CONTROL MARITIMO - PROV. CONST. DEL CALLAO","AZUCAR CRUDA, sólido",130000,"SACO(S)","BRASIL"
"20280",2024,9,"OFICINA PUESTO DE CONTROL MARITIMO - PROV. CONST. DEL CALLAO","AZUCAR CRUDA, sólido",130000,"SACO(S)","BRASIL"
"20281",2024,9,"PUESTO DE CONTROL TERRESTRE DESAGUADERO","SOYA, grano",90000,"SACO(S)","BOLIVIA"
"20282",2024,9,"OFICINA PUESTO DE CONTROL AEREO -  PROV. CONST. DEL CALLAO","CLAVEL, esqueje",70,"CAJA(S)","COLOMBIA"
"20283",2024,9,"OFICINA PUESTO DE CONTROL MARITIMO - PROV. CONST. DEL CALLAO","ALGODON, fibra sin cardar ni peinar (>28.57 mm = o <34.92 mm)",20233,"FARDOS","EEUU"
"20284",2024,9,"OFICINA PUESTO DE CONTROL MARITIMO - PROV. CONST. DEL CALLAO","KIWI, fruto fresco",1200,"CAJA(S)","CHILE"
"20285",2024,9,"OFICINA PUESTO DE CONTROL MARITIMO - PROV. CONST. DEL CALLAO","MANZANA, fruto fresco",17992.8,"CAJA(S)","CHILE"
"20286",2024,9,"OFICINA PUESTO DE CONTROL MARITIMO - PROV. CONST. DEL CALLAO","ALGODON, fibra sin cardar ni peinar (>28.57 mm = o <34.92 mm)",40161,"FARDOS","EEUU"
"20287",2024,9,"OFICINA PUESTO DE CONTROL MARITIMO - PROV. CONST. DEL CALLAO","Arados usados
",220.897,"UNIDADES","ESPAÑA"
"20288",2024,9,"OFICINA PUESTO DE CONTROL MARITIMO - PROV. CONST. DEL CALLAO","Sembradoras, plantadoras y transplantadoras, para siembra directa usadas
",34.975,"UNIDADES","ESPAÑA"
"20289",2024,9,"OFICINA PUESTO DE CONTROL MARITIMO - PROV. CONST. DEL CALLAO","Las demás maquinarias, aparatos y artefactos agricolas, horticolas o silvicolas, usados
",515.425,"UNIDADES","ESPAÑA"
"20290",2024,9,"OFICINA PUESTO DE CONTROL MARITIMO - PROV. CONST. DEL CALLAO","Máquinas de cosechar raíces o tubérculos usados
",110.448,"UNIDADES","ESPAÑA"
"20291",2024,9,"OFICINA PUESTO DE CONTROL MARITIMO - PROV. CONST. DEL CALLAO","Sierras o trozadoras de cadena, usadas.",36.816,"UNIDADES","ESPAÑA"
"20292",2024,9,"OFICINA PUESTO DE CONTROL MARITIMO - PROV. CONST. DEL CALLAO","LOS DEMAS TRACTORES USADOS, con motor de potencia inferior o igual a 18 kW (excepto las carretillas tractor de la partida 87.09)",3718.427,"UNIDADES","ESPAÑA"
"20293",2024,9,"OFICINA PUESTO DE CONTROL MARITIMO - PROV. CONST. DEL CALLAO","ARROZ, grano pilado",1e+05,"BOLSAS","URUGUAY"
"20294",2024,9,"PUESTO DE CONTROL TERRESTRE DESAGUADERO","SOYA, harina",25199,"SACO(S)","BOLIVIA"
"20295",2024,9,"PUESTO DE CONTROL TERRESTRE DESAGUADERO","SOYA, torta",112000,"GRANEL","BOLIVIA"
"20296",2024,9,"OFICINA PUESTO DE CONTROL MARITIMO - PROV. CONST. DEL CALLAO","MANZANA, fruto fresco",19698,"CAJA(S)","CHILE"
"20297",2024,9,"OFICINA PUESTO DE CONTROL MARITIMO - PROV. CONST. DEL CALLAO","COCO, fibra (para sustrato)",220000,"PALETAS","INDIA"
"20298",2024,9,"OFICINA PUESTO DE CONTROL MARITIMO - PROV. CONST. DEL CALLAO","COCO, fibra (para sustrato)",229150,"PALETAS","INDIA"
"20299",2024,9,"OFICINA PUESTO DE CONTROL MARITIMO - PROV. CONST. DEL CALLAO","COCO, fibra (para sustrato)",370500,"PALETAS","SRI LANKA"
"20300",2024,9,"OFICINA PUESTO DE CONTROL MARITIMO - PROV. CONST. DEL CALLAO","LUPULO, pellets",9150,"PALETAS","ALEMANIA"
"20301",2024,9,"IÑAPARI, MADRE DE DIOS","MAIZ AMARILLO DURO, grano",32000,"GRANEL","BRASIL"
"20302",2024,9,"IÑAPARI, MADRE DE DIOS","MAIZ AMARILLO DURO, grano",32000,"GRANEL","BRASIL"
"20303",2024,9,"IÑAPARI, MADRE DE DIOS","MAIZ AMARILLO DURO, grano",32000,"GRANEL","BRASIL"
"20304",2024,9,"PUESTO DE CONTROL TERRESTRE DESAGUADERO","SOYA, grano",29990,"SACO(S)","BOLIVIA"
"20305",2024,9,"OFICINA PUESTO DE CONTROL AEREO -  PROV. CONST. DEL CALLAO","AJONJOLI, grano",1,"BOLSAS","BRASIL"
"20306",2024,9,"OFICINA PUESTO DE CONTROL MARITIMO - PROV. CONST. DEL CALLAO","Articulos para fiestas de navidad que sean o contengan material vegetal
",300,"CAJA(S)","CHINA"
"20307",2024,9,"OFICINA PUESTO DE CONTROL MARITIMO - PROV. CONST. DEL CALLAO","COCO, fibra (para sustrato)",90910,"PALETAS","INGLATERRA"
"20308",2024,9,"OFICINA PUESTO DE CONTROL MARITIMO - PROV. CONST. DEL CALLAO","Articulos para fiestas de navidad que sean o contengan material vegetal
",120,"CAJA(S)","CHINA"
"20309",2024,9,"OFICINA PUESTO DE CONTROL MARITIMO - PROV. CONST. DEL CALLAO","PINO, postes de madera con algun proceso de la CRF 2",24860,"UNIDADES","CHILE"
"20310",2024,9,"OFICINA PUESTO DE CONTROL MARITIMO - PROV. CONST. DEL CALLAO","AJONJOLI, grano",55888,"SACO(S)","INDIA"
"20311",2024,9,"PUESTO DE CONTROL TERRESTRE DESAGUADERO","SOYA, harina",88000,"SACO(S)","BOLIVIA"
"20312",2024,9,"PUESTO DE CONTROL TERRESTRE DESAGUADERO","SOYA, torta",27980,"GRANEL","BOLIVIA"
"20313",2024,9,"PUESTO DE CONTROL TERRESTRE DESAGUADERO","SOYA, torta",56000,"GRANEL","BOLIVIA"
"20314",2024,9,"PUESTO DE CONTROL TERRESTRE DESAGUADERO","SOYA, torta",84000,"GRANEL","BOLIVIA"
"20315",2024,9,"OFICINA PUESTO DE CONTROL AEREO -  PROV. CONST. DEL CALLAO","CANELA, corteza entera seca al natural",0.73,"BOLSAS","SRI LANKA"
"20316",2024,9,"PUESTO DE CONTROL TERRESTRE DESAGUADERO","SOYA, torta",116000,"SACO(S)","BOLIVIA"
"20317",2024,9,"OFICINA PUESTO DE CONTROL MARITIMO - PROV. CONST. DEL CALLAO","ARROZ, grano pilado",125000,"SACO(S)","URUGUAY"
"20318",2024,9,"OFICINA PUESTO DE CONTROL MARITIMO - PROV. CONST. DEL CALLAO","AZUCAR BLANCA O REFINADA (lectura polarimetrica mayor 99.5°)",265000,"SACO(S)","NICARAGUA"
"20319",2024,9,"OFICINA PUESTO DE CONTROL MARITIMO - PROV. CONST. DEL CALLAO","ARROZ, grano pilado",125000,"SACO(S)","URUGUAY"
"20320",2024,9,"PUERTO DE PAITA , PIURA","MANI, grano sin cáscara",25000,"BOLSAS","ARGENTINA"
"20321",2024,9,"PUERTO DE PAITA , PIURA","MANI, harina",25000,"BOLSAS","ARGENTINA"
"20322",2024,9,"OFICINA PUESTO DE CONTROL AEREO -  PROV. CONST. DEL CALLAO","AVENA, grano aplastado o en copos (hojuelas)",0.6,"BOLSAS","CHILE"
"20323",2024,9,"OFICINA PUESTO DE CONTROL MARITIMO - PROV. CONST. DEL CALLAO","TE VERDE",66.68,"CAJA(S)","EEUU"
"20324",2024,9,"OFICINA PUESTO DE CONTROL MARITIMO - PROV. CONST. DEL CALLAO","ALGODON, fibra sin cardar ni peinar (>28.57 mm = o <34.92 mm)",19877.325,"FARDOS","EEUU"
"20325",2024,9,"PUESTO DE CONTROL TERRESTRE DESAGUADERO","SOYA, torta",56480,"GRANEL","BOLIVIA"
"20326",2024,9,"OFICINA PUESTO DE CONTROL MARITIMO - PROV. CONST. DEL CALLAO","MAIZ, harina",63000,"PACAS","COLOMBIA"
"20327",2024,9,"OFICINA PUESTO DE CONTROL MARITIMO - PROV. CONST. DEL CALLAO","ARROZ, grano pilado",260000,"SACO(S)","PARAGUAY"
"20328",2024,9,"OFICINA PUESTO DE CONTROL MARITIMO - PROV. CONST. DEL CALLAO","ARROZ, grano pilado",260000,"SACO(S)","PARAGUAY"
"20329",2024,9,"OFICINA PUESTO DE CONTROL MARITIMO - PROV. CONST. DEL CALLAO","UVA (PASAS), secas industrialmente",25000,"CAJA(S)","CHILE"
"20330",2024,9,"OFICINA PUESTO DE CONTROL MARITIMO - PROV. CONST. DEL CALLAO","ARROZ, grano pilado",260000,"SACO(S)","PARAGUAY"
"20331",2024,9,"OFICINA PUESTO DE CONTROL MARITIMO - PROV. CONST. DEL CALLAO","ARROZ, grano pilado",7e+05,"BOLSONES","URUGUAY"
"20332",2024,9,"OFICINA PUESTO DE CONTROL MARITIMO - PROV. CONST. DEL CALLAO","ARROZ, parbolizado pulido o sin cáscara",50000,"SACO(S)","URUGUAY"
"20333",2024,9,"OFICINA PUESTO DE CONTROL MARITIMO - PROV. CONST. DEL CALLAO","YUTE, sacos",28000,"FARDOS","INDIA"
"20334",2024,9,"OFICINA PUESTO DE CONTROL MARITIMO - PROV. CONST. DEL CALLAO","AZUCAR BLANCA O REFINADA (lectura polarimetrica mayor 99.5°)",265000,"SACO(S)","COLOMBIA"
"20335",2024,9,"OFICINA PUESTO DE CONTROL MARITIMO - PROV. CONST. DEL CALLAO","KIWI, fruto fresco",3600,"CAJA(S)","CHILE"
"20336",2024,9,"OFICINA PUESTO DE CONTROL MARITIMO - PROV. CONST. DEL CALLAO","AVENA, grano aplastado o en copos (hojuelas)",78750,"SACO(S)","CHILE"
"20337",2024,9,"OFICINA PUESTO DE CONTROL MARITIMO - PROV. CONST. DEL CALLAO","MANZANA, fruto fresco",55507.2,"CAJA(S)","CHILE"
"20338",2024,9,"OFICINA PUESTO DE CONTROL MARITIMO - PROV. CONST. DEL CALLAO","ARROZ, grano pilado",5e+05,"SACO(S)","URUGUAY"
"20339",2024,9,"OFICINA PUESTO DE CONTROL MARITIMO - PROV. CONST. DEL CALLAO","ARROZ, grano pilado",5e+05,"SACO(S)","URUGUAY"
"20340",2024,9,"OFICINA PUESTO DE CONTROL MARITIMO - PROV. CONST. DEL CALLAO","ARROZ, grano pilado",5e+05,"SACO(S)","URUGUAY"
"20341",2024,9,"OFICINA PUESTO DE CONTROL MARITIMO - PROV. CONST. DEL CALLAO","ARROZ, grano pilado",250000,"SACO(S)","URUGUAY"
"20342",2024,9,"OFICINA PUESTO DE CONTROL MARITIMO - PROV. CONST. DEL CALLAO","ARROZ, grano pilado",175000,"SACO(S)","URUGUAY"
"20343",2024,9,"PUESTO DE CONTROL TERRESTRE DESAGUADERO","SOYA, grano",25000,"BOLSAS","BOLIVIA"
"20344",2024,9,"OFICINA PUESTO DE CONTROL MARITIMO - PROV. CONST. DEL CALLAO","UVA (PASAS), secas naturalmente",40000,"CAJA(S)","ARGENTINA"
"20345",2024,9,"OFICINA PUESTO DE CONTROL MARITIMO - PROV. CONST. DEL CALLAO","PERA, fruta fresca",22680,"CAJA(S)","ARGENTINA"
"20346",2024,9,"OFICINA PUESTO DE CONTROL AEREO -  PROV. CONST. DEL CALLAO","PIMIENTO, semilla",0.584061,"SACHETS","HOLANDA"
"20347",2024,9,"OFICINA PUESTO DE CONTROL AEREO -  PROV. CONST. DEL CALLAO","ZAPALLO (CALABAZA AMARILLA), semilla",2.269,"SACHETS","HOLANDA"
"20348",2024,9,"OFICINA PUESTO DE CONTROL AEREO -  PROV. CONST. DEL CALLAO","PIMIENTO, semilla",0.061998,"SACHETS","HOLANDA"
"20349",2024,9,"OFICINA PUESTO DE CONTROL AEREO -  PROV. CONST. DEL CALLAO","TOMATE, semilla",0.196,"SACHETS","HOLANDA"
"20350",2024,9,"OFICINA PUESTO DE CONTROL AEREO -  PROV. CONST. DEL CALLAO","TOMATE, semilla",0.026911,"SACHETS","HOLANDA"
"20351",2024,9,"OFICINA PUESTO DE CONTROL AEREO -  PROV. CONST. DEL CALLAO","PEPINILLO, semilla",0.402,"SACHETS","ISRAEL"
"20352",2024,9,"LA TINA, PIURA","PINO, madera aserrada con algún proceso de la CRF2",32000,"UNIDADES","ECUADOR"
"20353",2024,9,"AGUAS VERDES, TUMBES","CAÑA DE GUAYAQUIL, seca al natural",34000,"UNIDADES","ECUADOR"
"20354",2024,9,"AGUAS VERDES, TUMBES","ROSA, flores frescas cortadas",5154,"CAJA(S)","ECUADOR"
"20355",2024,9,"AGUAS VERDES, TUMBES","CLAVEL, flores frescas cortadas",200,"CAJA(S)","ECUADOR"
"20356",2024,9,"AGUAS VERDES, TUMBES","CRISANTEMO, los demas flores frescas cortadas",900,"CAJA(S)","ECUADOR"
"20357",2024,9,"SANTA ROSA, TACNA","COMINO, grano",27000,"SACO(S)","INDIA"
"20358",2024,9,"OFICINA PUESTO DE CONTROL MARITIMO - PROV. CONST. DEL CALLAO","MANZANA, fruto fresco",19058,"CAJA(S)","EEUU"
"20359",2024,9,"AGUAS VERDES, TUMBES","ROSA, flores frescas cortadas",7502,"CAJA(S)","ECUADOR"
"20360",2024,9,"AGUAS VERDES, TUMBES","CLAVEL, flores frescas cortadas",814,"CAJA(S)","ECUADOR"
"20361",2024,9,"AGUAS VERDES, TUMBES","CRISANTEMO, los demas flores frescas cortadas",176,"CAJA(S)","ECUADOR"
"20362",2024,9,"AGUAS VERDES, TUMBES","LILIUM (=AZUCENA), flores frescas cortadas",31,"CAJA(S)","ECUADOR"
"20363",2024,9,"OFICINA PUESTO DE CONTROL MARITIMO - PROV. CONST. DEL CALLAO","MANZANA, fruto fresco",79233,"CAJA(S)","CHILE"
"20364",2024,9,"OFICINA PUESTO DE CONTROL MARITIMO - PROV. CONST. DEL CALLAO","ARROZ, parbolizado pulido o sin cáscara",127500,"SACO(S)","BRASIL"
"20365",2024,9,"PUESTO DE CONTROL TERRESTRE DESAGUADERO","SOYA, torta",56000,"GRANEL","BOLIVIA"
"20366",2024,9,"PUESTO DE CONTROL TERRESTRE DESAGUADERO","SOYA, torta",57980,"GRANEL","BOLIVIA"
"20367",2024,9,"PUESTO DE CONTROL TERRESTRE DESAGUADERO","SOYA, torta",84000,"GRANEL","BOLIVIA"
"20368",2024,9,"PUESTO DE CONTROL TERRESTRE DESAGUADERO","SOYA, torta",58000,"GRANEL","BOLIVIA"
"20369",2024,9,"PUESTO DE CONTROL TERRESTRE DESAGUADERO","SOYA, harina",58000,"SACO(S)","BOLIVIA"
"20370",2024,9,"PUESTO DE CONTROL TERRESTRE DESAGUADERO","SOYA, grano",150000,"SACO(S)","BOLIVIA"
"20371",2024,9,"PUESTO DE CONTROL TERRESTRE DESAGUADERO","SOYA, torta",140000,"GRANEL","BOLIVIA"
"20372",2024,9,"OFICINA PUESTO DE CONTROL AEREO -  PROV. CONST. DEL CALLAO","MELON, semilla",0.35,"LATAS","EEUU"
"20373",2024,9,"OFICINA PUESTO DE CONTROL AEREO -  PROV. CONST. DEL CALLAO","SANDIA, semilla",0.753,"BOLSAS","HOLANDA"
"20374",2024,9,"PUESTO DE CONTROL TERRESTRE DESAGUADERO","SOYA, torta",144500,"SACO(S)","BOLIVIA"
"20375",2024,9,"SANTA ROSA, TACNA","COMINO, grano",27000,"SACO(S)","INDIA"
"20376",2024,9,"OFICINA PUESTO DE CONTROL MARITIMO - PROV. CONST. DEL CALLAO","ROTEN (=Ratán), artículos de cestería obtenidos directamente en su forma con materia trenzable con algún proceso de la CRF2",12.6,"UNIDADES","EEUU"
"20377",2024,9,"OFICINA PUESTO DE CONTROL AEREO -  PROV. CONST. DEL CALLAO","CEBOLLA, semilla",8.75,"PAQUETES","BRASIL"
"20378",2024,9,"PUESTO DE CONTROL TERRESTRE DESAGUADERO","SOYA, torta",56200,"GRANEL","BOLIVIA"
"20379",2024,9,"IÑAPARI, MADRE DE DIOS","MAIZ AMARILLO DURO, grano",30000,"SACO(S)","BRASIL"
"20380",2024,9,"AGUAS VERDES, TUMBES","PITAHAYA, fruto fresco",10900,"CAJA(S)","ECUADOR"
"20381",2024,9,"PUESTO DE CONTROL TERRESTRE DESAGUADERO","SOYA, torta",110470,"GRANEL","BOLIVIA"
"20382",2024,9,"PUESTO DE CONTROL TERRESTRE DESAGUADERO","SOYA, torta",116000,"SACO(S)","BOLIVIA"
"20383",2024,9,"OFICINA PUESTO DE CONTROL MARITIMO - PROV. CONST. DEL CALLAO","GARBANZO, grano",23000,"SACO(S)","MEXICO"
"20384",2024,9,"OFICINA PUESTO DE CONTROL MARITIMO - PROV. CONST. DEL CALLAO","AZUCAR CRUDA, sólido",150000,"SACO(S)","GUATEMALA"
"20385",2024,9,"OFICINA PUESTO DE CONTROL MARITIMO - PROV. CONST. DEL CALLAO","AJONJOLI, grano",27000,"SACO(S)","INDIA"
"20386",2024,9,"PUESTO DE CONTROL TERRESTRE DESAGUADERO","SOYA, harina",1e+05,"SACO(S)","BOLIVIA"
"20387",2024,9,"OFICINA PUESTO DE CONTROL MARITIMO - PROV. CONST. DEL CALLAO","TRIGO, harina",10000,"SACO(S)","CHILE"
"20388",2024,9,"OFICINA PUESTO DE CONTROL MARITIMO - PROV. CONST. DEL CALLAO","UVA (PASAS), secas naturalmente",40000,"CAJA(S)","CHILE"
"20389",2024,9,"OFICINA PUESTO DE CONTROL MARITIMO - PROV. CONST. DEL CALLAO","UVA (PASAS), secas industrialmente",20000,"CAJA(S)","CHILE"
"20390",2024,9,"PUESTO DE CONTROL TERRESTRE DESAGUADERO","SOYA, grano",55980,"GRANEL","BOLIVIA"
"20391",2024,9,"PUESTO DE CONTROL TERRESTRE DESAGUADERO","SOYA, grano",55980,"GRANEL","BOLIVIA"
"20392",2024,9,"PUESTO DE CONTROL TERRESTRE DESAGUADERO","SOYA, torta",57150,"GRANEL","BOLIVIA"
"20393",2024,9,"OFICINA PUESTO DE CONTROL MARITIMO - PROV. CONST. DEL CALLAO","MAIZ REVENTON, grano",78000,"SACO(S)","ARGENTINA"
"20394",2024,9,"PUESTO DE CONTROL TERRESTRE DESAGUADERO","SOYA, torta",50039,"SACO(S)","BOLIVIA"
"20395",2024,9,"PUESTO DE CONTROL TERRESTRE DESAGUADERO","SOYA, torta",55000,"GRANEL","BOLIVIA"
"20396",2024,9,"OFICINA PUESTO DE CONTROL MARITIMO - PROV. CONST. DEL CALLAO","AZUCAR BLANCA O REFINADA (lectura polarimetrica mayor 99.5°)",135000,"SACO(S)","BRASIL"
"20397",2024,9,"OFICINA PUESTO DE CONTROL MARITIMO - PROV. CONST. DEL CALLAO","AZUCAR BLANCA O REFINADA (lectura polarimetrica mayor 99.5°)",27000,"SACO(S)","BRASIL"
"20398",2024,9,"PUESTO DE CONTROL TERRESTRE DESAGUADERO","SOYA, harina",202000,"SACO(S)","BOLIVIA"
"20399",2024,9,"PUESTO DE CONTROL TERRESTRE DESAGUADERO","SOYA, torta",145000,"SACO(S)","BOLIVIA"
"20400",2024,9,"PUESTO DE CONTROL TERRESTRE DESAGUADERO","SOYA, torta",85329,"SACO(S)","BOLIVIA"
"20401",2024,9,"PUESTO DE CONTROL TERRESTRE DESAGUADERO","SOYA, torta",114000,"SACO(S)","BOLIVIA"
"20402",2024,9,"PUESTO DE CONTROL TERRESTRE DESAGUADERO","SOYA, harina",74997,"SACO(S)","BOLIVIA"
"20403",2024,9,"OFICINA PUESTO DE CONTROL MARITIMO - PROV. CONST. DEL CALLAO","CAUCHO, hojas ahumadas",56000,"PACAS","VIETNAM"
"20404",2024,9,"AGUAS VERDES, TUMBES","Las demás coniferas, las demas maderas aserradas o desbastadas longitudinalmente, cortada o desenrollada, incluso cepillada,lijada o unida por lo extremos, de espesor superior a 6 mm, con algun tratamiento de la CRF 2",57280,"PIEZAS","ECUADOR"
"20405",2024,9,"OFICINA PUESTO DE CONTROL MARITIMO - PROV. CONST. DEL CALLAO","MANZANA, fruto fresco",19756.8,"CAJA(S)","CHILE"
"20406",2024,9,"OFICINA PUESTO DE CONTROL MARITIMO - PROV. CONST. DEL CALLAO","MANZANA, fruto fresco",19756.8,"CAJA(S)","CHILE"
"20407",2024,9,"OFICINA PUESTO DE CONTROL MARITIMO - PROV. CONST. DEL CALLAO","Articulos para fiestas de navidad que sean o contengan material vegetal
",630,"CAJA(S)","CHINA"
"20408",2024,9,"OFICINA PUESTO DE CONTROL MARITIMO - PROV. CONST. DEL CALLAO","Articulos para fiestas de navidad que sean o contengan material vegetal
",1758.4,"CAJA(S)","CHINA"
"20409",2024,9,"PUESTO DE CONTROL TERRESTRE DESAGUADERO","GIRASOL, torta",56060,"GRANEL","BOLIVIA"
"20410",2024,9,"PUESTO DE CONTROL TERRESTRE DESAGUADERO","SOYA, torta",28060,"GRANEL","BOLIVIA"
"20411",2024,9,"OFICINA PUESTO DE CONTROL MARITIMO - PROV. CONST. DEL CALLAO","ALGODON, fibra sin cardar ni peinar (>28.57 mm = o <34.92 mm)",204868,"FARDOS","EEUU"
"20412",2024,9,"PUESTO DE CONTROL TERRESTRE DESAGUADERO","SOYA, harina",145000,"SACO(S)","BOLIVIA"
"20413",2024,9,"PUESTO DE CONTROL TERRESTRE DESAGUADERO","SOYA, harina",145000,"SACO(S)","BOLIVIA"
"20414",2024,9,"PUESTO DE CONTROL TERRESTRE DESAGUADERO","SOYA, torta",174000,"SACO(S)","BOLIVIA"
"20415",2024,9,"OFICINA PUESTO DE CONTROL AEREO -  PROV. CONST. DEL CALLAO","SANDIA, semilla",0.074,"SACHETS","ALEMANIA"
"20416",2024,9,"OFICINA PUESTO DE CONTROL MARITIMO - PROV. CONST. DEL CALLAO","ARVEJA, grano partido",124739,"SACO(S)","EEUU"
"20417",2024,9,"OFICINA PUESTO DE CONTROL MARITIMO - PROV. CONST. DEL CALLAO","MATERIAS VEGETALES, para tallar trabajadas con algun proceso de la CRF 2",47,"CAJA(S)","CHINA"
"20418",2024,9,"OFICINA PUESTO DE CONTROL MARITIMO - PROV. CONST. DEL CALLAO","Articulos para fiestas de navidad que sean o contengan material vegetal
",532.261,"CAJA(S)","CHINA"
"20419",2024,9,"OFICINA PUESTO DE CONTROL MARITIMO - PROV. CONST. DEL CALLAO","Articulos para fiestas de navidad que sean o contengan material vegetal
",1868.981,"CAJA(S)","CHINA"
"20420",2024,9,"OFICINA PUESTO DE CONTROL MARITIMO - PROV. CONST. DEL CALLAO","MATERIAS VEGETALES, para tallar trabajadas con algun proceso de la CRF 2",4262,"CAJA(S)","CHINA"
"20421",2024,9,"PUESTO DE CONTROL TERRESTRE DESAGUADERO","MANI, grano sin cáscara",27000,"SACO(S)","BOLIVIA"
"20422",2024,9,"PUESTO DE CONTROL TERRESTRE DESAGUADERO","MANI, grano sin cáscara",27000,"SACO(S)","BOLIVIA"
"20423",2024,9,"OFICINA PUESTO DE CONTROL MARITIMO - PROV. CONST. DEL CALLAO","PINO, postes de madera con algun proceso de la CRF 2",77372,"PAQUETES","CHILE"
"20424",2024,9,"PUESTO DE CONTROL TERRESTRE DESAGUADERO","SOYA, torta",54840,"GRANEL","BOLIVIA"
"20425",2024,9,"OFICINA PUESTO DE CONTROL MARITIMO - PROV. CONST. DEL CALLAO","AVENA, grano aplastado o en copos (hojuelas)",26250,"SACO(S)","CHILE"
"20426",2024,9,"PUESTO DE CONTROL TERRESTRE DESAGUADERO","SOYA, torta",24900,"GRANEL","BOLIVIA"
"20427",2024,9,"OFICINA PUESTO DE CONTROL MARITIMO - PROV. CONST. DEL CALLAO","MADERA, puertas y sus marcos, contramarcos y umbrales, con algun proceso de la CRF 2",5612.609,"PIEZAS","ITALIA"
"20428",2024,9,"AGUAS VERDES, TUMBES","PITAHAYA, fruto fresco",10300,"CAJA(S)","ECUADOR"
"20429",2024,9,"AGUAS VERDES, TUMBES","PITAHAYA, fruto fresco",12480,"CAJA(S)","ECUADOR"
"20430",2024,9,"PUESTO DE CONTROL TERRESTRE DESAGUADERO","SOYA, torta",145000,"SACO(S)","BOLIVIA"
"20431",2024,9,"OFICINA PUESTO DE CONTROL MARITIMO - PROV. CONST. DEL CALLAO","PICEA, madera aserrada, con tratamiento de secado al horno o impregnación de sales (Picea spp).",68520,"PAQUETES","AUSTRIA"
"20432",2024,9,"IÑAPARI, MADRE DE DIOS","MAIZ AMARILLO DURO, grano",64000,"SACO(S)","BRASIL"
"20433",2024,9,"OFICINA PUESTO DE CONTROL MARITIMO - PROV. CONST. DEL CALLAO","CEBADA, grano",23976400,"GRANEL","AUSTRALIA"
"20434",2024,9,"OFICINA PUESTO DE CONTROL MARITIMO - PROV. CONST. DEL CALLAO","AZUCAR BLANCA O REFINADA (lectura polarimetrica mayor 99.5°)",265000,"SACO(S)","NICARAGUA"
"20435",2024,9,"OFICINA PUESTO DE CONTROL AEREO -  PROV. CONST. DEL CALLAO","TE VERDE",3,"BOLSAS","CANADA"
"20436",2024,9,"OFICINA PUESTO DE CONTROL AEREO -  PROV. CONST. DEL CALLAO","TE VERDE",16,"BOLSAS","CANADA"
"20437",2024,9,"OFICINA PUESTO DE CONTROL AEREO -  PROV. CONST. DEL CALLAO","ALCACHOFA, semilla",470.138,"SACHETS","ESPAÑA"
"20438",2024,9,"PUESTO DE CONTROL TERRESTRE DESAGUADERO","SOYA, harina",78000,"SACO(S)","BOLIVIA"
"20439",2024,9,"OFICINA PUESTO DE CONTROL MARITIMO - PROV. CONST. DEL CALLAO","CANELA, corteza entera seca al natural",457.221,"FRASCO(S)","EEUU"
"20440",2024,9,"OFICINA PUESTO DE CONTROL MARITIMO - PROV. CONST. DEL CALLAO","CANELA, corteza entera seca al natural",163.293,"PAQUETES","EEUU"
"20441",2024,9,"OFICINA PUESTO DE CONTROL MARITIMO - PROV. CONST. DEL CALLAO","AJONJOLI, grano",244.94,"PAQUETES","EEUU"
"20442",2024,9,"OFICINA PUESTO DE CONTROL MARITIMO - PROV. CONST. DEL CALLAO","AJONJOLI, grano",523.899,"FRASCO(S)","EEUU"
"20443",2024,9,"OFICINA PUESTO DE CONTROL MARITIMO - PROV. CONST. DEL CALLAO","CLAVO DE OLOR, entera seca al natural",40.823,"PAQUETES","EEUU"
"20444",2024,9,"OFICINA PUESTO DE CONTROL MARITIMO - PROV. CONST. DEL CALLAO","PIMIENTA, grano",228.61,"PAQUETES","EEUU"
"20445",2024,9,"OFICINA PUESTO DE CONTROL MARITIMO - PROV. CONST. DEL CALLAO","PIMIENTA, grano",1187.957,"FRASCO(S)","EEUU"
"20446",2024,9,"SANTA ROSA, TACNA","MANZANA, fruto fresco",23000.6,"CAJA(S)","CHILE"
"20447",2024,9,"SANTA ROSA, TACNA","MANZANA, fruto fresco",22505.7,"CAJA(S)","CHILE"
"20448",2024,9,"PUESTO DE CONTROL TERRESTRE DESAGUADERO","SOYA, grano",137220,"GRANEL","BOLIVIA"
"20449",2024,9,"OFICINA PUESTO DE CONTROL MARITIMO - PROV. CONST. DEL CALLAO","AVENA, grano aplastado o en copos (hojuelas)",78750,"SACO(S)","CHILE"
"20450",2024,9,"OFICINA PUESTO DE CONTROL MARITIMO - PROV. CONST. DEL CALLAO","AVENA, grano trabajado (mondado, perlado, troceado o quebrantado)",26250,"SACO(S)","CHILE"
"20451",2024,9,"OFICINA PUESTO DE CONTROL MARITIMO - PROV. CONST. DEL CALLAO","YERBA MATE, secado industrial",800,"BOLSAS","BRASIL"
"20452",2024,9,"OFICINA PUESTO DE CONTROL MARITIMO - PROV. CONST. DEL CALLAO","MANZANA, fruto fresco",39102,"CAJA(S)","CHILE"
"20453",2024,9,"OFICINA PUESTO DE CONTROL AEREO -  PROV. CONST. DEL CALLAO","ESPARRAGO, semilla",0.138,"SACHETS","HOLANDA"
"20454",2024,9,"PUESTO DE CONTROL TERRESTRE DESAGUADERO","SOYA, harina",26147,"SACO(S)","BOLIVIA"
"20455",2024,9,"PUESTO DE CONTROL TERRESTRE DESAGUADERO","SOYA, torta",56030,"GRANEL","BOLIVIA"
"20456",2024,9,"PUESTO DE CONTROL TERRESTRE DESAGUADERO","SOYA, torta",81360,"GRANEL","BOLIVIA"
"20457",2024,9,"PUESTO DE CONTROL TERRESTRE DESAGUADERO","SOYA, torta",28010,"GRANEL","BOLIVIA"
"20458",2024,9,"OFICINA PUESTO DE CONTROL MARITIMO - PROV. CONST. DEL CALLAO","ALMENDRA, sin cáscara secado al natural",19958.4,"CAJA(S)","EEUU"
"20459",2024,9,"SANTA ROSA, TACNA","MANZANA, fruto fresco",23520,"CAJA(S)","CHILE"
"20460",2024,9,"OFICINA PUESTO DE CONTROL MARITIMO - PROV. CONST. DEL CALLAO","Las demás maderas de coníferas, perfilada longitudi (con lengüetas ranuras, rebajes, acanalados, biselados, con juntas en v, redond  o simil) en una o varias caras, cantos o extrem, incluso cepillada, lijada o unida por los extrem, con algún proceso de la CRF 2",17320,"PAQUETES","CHILE"
"20461",2024,9,"PUESTO DE CONTROL TERRESTRE DESAGUADERO","SOYA, torta",56000,"GRANEL","BOLIVIA"
"20462",2024,9,"PUESTO DE CONTROL TERRESTRE DESAGUADERO","SOYA, torta",56070,"GRANEL","BOLIVIA"
"20463",2024,9,"PUESTO DE CONTROL TERRESTRE DESAGUADERO","SOYA, torta",54000,"GRANEL","BOLIVIA"
"20464",2024,9,"PUESTO DE CONTROL TERRESTRE DESAGUADERO","SOYA, torta",84500,"GRANEL","BOLIVIA"
"20465",2024,9,"OFICINA PUESTO DE CONTROL MARITIMO - PROV. CONST. DEL CALLAO","ARVEJA, grano partido",92532,"SACO(S)","EEUU"
"20466",2024,9,"OFICINA PUESTO DE CONTROL MARITIMO - PROV. CONST. DEL CALLAO","PAPA, fécula",105000,"BOLSAS","POLONIA"
"20467",2024,9,"PUESTO DE CONTROL TERRESTRE DESAGUADERO","SOYA, grano",84000,"GRANEL","BOLIVIA"
"20468",2024,9,"PUESTO DE CONTROL TERRESTRE DESAGUADERO","SOYA, torta",54590,"GRANEL","BOLIVIA"
"20469",2024,9,"PUESTO DE CONTROL TERRESTRE DESAGUADERO","SOYA, torta",55000,"GRANEL","BOLIVIA"
"20470",2024,9,"OFICINA PUESTO DE CONTROL MARITIMO - PROV. CONST. DEL CALLAO","FREJOL CANARIO, grano",120000,"SACO(S)","MEXICO"
"20471",2024,9,"OFICINA PUESTO DE CONTROL MARITIMO - PROV. CONST. DEL CALLAO","FREJOL CANARIO, grano",44000,"SACO(S)","MEXICO"
"20472",2024,9,"OFICINA PUESTO DE CONTROL MARITIMO - PROV. CONST. DEL CALLAO","AZUCAR CRUDA, sólido",250000,"SACO(S)","EL SALVADOR"
"20473",2024,9,"OFICINA PUESTO DE CONTROL MARITIMO - PROV. CONST. DEL CALLAO","AZUCAR CRUDA, sólido",275000,"SACO(S)","EL SALVADOR"
"20474",2024,9,"OFICINA PUESTO DE CONTROL MARITIMO - PROV. CONST. DEL CALLAO","AZUCAR CRUDA, sólido",1e+05,"SACO(S)","NICARAGUA"
"20475",2024,9,"OFICINA PUESTO DE CONTROL MARITIMO - PROV. CONST. DEL CALLAO","AZUCAR CRUDA, sólido",125000,"SACO(S)","COLOMBIA"
"20476",2024,9,"OFICINA PUESTO DE CONTROL MARITIMO - PROV. CONST. DEL CALLAO","COCO, fibra (para sustrato)",22700,"PIEZAS","SRI LANKA"
"20477",2024,9,"OFICINA PUESTO DE CONTROL MARITIMO - PROV. CONST. DEL CALLAO","ALGODON, fibra sin cardar ni peinar (>28.57 mm = o <34.92 mm)",19681,"FARDOS","EEUU"
"20478",2024,9,"OFICINA PUESTO DE CONTROL AEREO -  PROV. CONST. DEL CALLAO","MELON, semilla",7.366,"SOBRES","EEUU"
"20479",2024,9,"OFICINA PUESTO DE CONTROL MARITIMO - PROV. CONST. DEL CALLAO","MADERA, en bruto de coníferas tratada agentes de conservación
",121619,"UNIDADES","CHILE"
"20480",2024,9,"OFICINA PUESTO DE CONTROL AEREO -  PROV. CONST. DEL CALLAO","MAIZ, harina",63.6,"BOLSAS","EEUU"
"20481",2024,9,"AGUAS VERDES, TUMBES","PITAHAYA, fruto fresco",10820,"CAJA(S)","ECUADOR"
"20482",2024,9,"OFICINA PUESTO DE CONTROL MARITIMO - PROV. CONST. DEL CALLAO","CAUCHO, técnicamente especificado (TSNR)",40320,"PALETAS","GUATEMALA"
"20483",2024,9,"OFICINA PUESTO DE CONTROL MARITIMO - PROV. CONST. DEL CALLAO","TRIGO, grano",13069520,"GRANEL","EEUU"
"20484",2024,9,"OFICINA PUESTO DE CONTROL AEREO -  PROV. CONST. DEL CALLAO","CORCHO, tapones",0.01,"UNIDADES","SUIZA"
"20485",2024,9,"OFICINA PUESTO DE CONTROL MARITIMO - PROV. CONST. DEL CALLAO","TRIGO, grano",6250170,"GRANEL","EEUU"
"20486",2024,9,"PUESTO DE CONTROL TERRESTRE DESAGUADERO","MANI, grano sin cáscara",54000,"SACO(S)","BOLIVIA"
"20487",2024,9,"OFICINA PUESTO DE CONTROL MARITIMO - PROV. CONST. DEL CALLAO","LAUREL, hoja seca al natural",5000,"SACO(S)","ESPAÑA"
"20488",2024,9,"OFICINA PUESTO DE CONTROL MARITIMO - PROV. CONST. DEL CALLAO","COMINO, grano",27000,"SACO(S)","INDIA"
"20489",2024,9,"OFICINA PUESTO DE CONTROL MARITIMO - PROV. CONST. DEL CALLAO","COMINO, grano",81000,"SACO(S)","INDIA"
"20490",2024,9,"PUESTO DE CONTROL TERRESTRE DESAGUADERO","FREJOL NEGRO, grano",87000,"SACO(S)","BOLIVIA"
"20491",2024,9,"PUESTO DE CONTROL TERRESTRE DESAGUADERO","AZUCAR BLANCA O REFINADA (lectura polarimetrica mayor 99.5°)",174000,"SACO(S)","BOLIVIA"
"20492",2024,9,"OFICINA PUESTO DE CONTROL MARITIMO - PROV. CONST. DEL CALLAO","YUTE, sacos",27664,"SACO(S)","BANGLADESH"
"20493",2024,9,"OFICINA PUESTO DE CONTROL MARITIMO - PROV. CONST. DEL CALLAO","TREBOL BLANCO, semilla",24000,"SACO(S)","HOLANDA"
"20494",2024,9,"OFICINA PUESTO DE CONTROL MARITIMO - PROV. CONST. DEL CALLAO","ARROZ, grano pilado",250000,"SACO(S)","URUGUAY"
"20495",2024,9,"OFICINA PUESTO DE CONTROL MARITIMO - PROV. CONST. DEL CALLAO","ALGODON, fibra sin cardar ni peinar (>22.22 mm = o <28.57 mm)",19630,"FARDOS","EEUU"
"20496",2024,9,"OFICINA PUESTO DE CONTROL MARITIMO - PROV. CONST. DEL CALLAO","Articulos de cesteria (canastos, cestos u otros), con algun proceso de la CRF2",342.2,"UNIDADES","CHINA"
"20497",2024,9,"OFICINA PUESTO DE CONTROL MARITIMO - PROV. CONST. DEL CALLAO","Los demas articulos de cesteria con algun proceso de CRF 2",574.4,"UNIDADES","CHINA"
"20498",2024,9,"OFICINA PUESTO DE CONTROL MARITIMO - PROV. CONST. DEL CALLAO","MARCOS, madera",2035.162,"CAJA(S)","CHINA"
"20499",2024,9,"PUESTO DE CONTROL TERRESTRE DESAGUADERO","SOYA, torta",84000,"GRANEL","BOLIVIA"
"20500",2024,9,"OFICINA PUESTO DE CONTROL MARITIMO - PROV. CONST. DEL CALLAO","GIRASOL, grano",43000,"SACO(S)","ARGENTINA"
"20501",2024,9,"PUESTO DE CONTROL TERRESTRE DESAGUADERO","SOYA, torta",102000,"GRANEL","BOLIVIA"
"20502",2024,9,"PUESTO DE CONTROL TERRESTRE DESAGUADERO","GIRASOL, torta",86070,"GRANEL","BOLIVIA"
"20503",2024,9,"PUESTO DE CONTROL TERRESTRE DESAGUADERO","SOYA, torta",56000,"GRANEL","BOLIVIA"
"20504",2024,9,"OFICINA PUESTO DE CONTROL MARITIMO - PROV. CONST. DEL CALLAO","AJONJOLI, grano",27000,"SACO(S)","INDIA"
"20505",2024,9,"SANTA ROSA, TACNA","MANZANA, fruto fresco",23520,"CAJA(S)","CHILE"
"20506",2024,9,"OFICINA PUESTO DE CONTROL MARITIMO - PROV. CONST. DEL CALLAO","AVENA, grano aplastado o en copos (hojuelas)",105000,"SACO(S)","CHILE"
"20507",2024,9,"PUESTO DE CONTROL TERRESTRE DESAGUADERO","SOYA, torta",56000,"GRANEL","BOLIVIA"
"20508",2024,9,"OFICINA PUESTO DE CONTROL MARITIMO - PROV. CONST. DEL CALLAO","PINO, madera aserrada con algún proceso de la CRF2",124269,"PAQUETES","CHILE"
"20509",2024,9,"OFICINA PUESTO DE CONTROL MARITIMO - PROV. CONST. DEL CALLAO","PINO, madera aserrada con algún proceso de la CRF2",48681.8,"PAQUETES","CHILE"
"20510",2024,9,"OFICINA PUESTO DE CONTROL MARITIMO - PROV. CONST. DEL CALLAO","PINO, madera aserrada con algún proceso de la CRF2",46104,"PAQUETES","CHILE"
"20511",2024,9,"OFICINA PUESTO DE CONTROL MARITIMO - PROV. CONST. DEL CALLAO","AZUCAR BLANCA O REFINADA (lectura polarimetrica mayor 99.5°)",132500,"SACO(S)","GUATEMALA"
"20512",2024,9,"OFICINA PUESTO DE CONTROL MARITIMO - PROV. CONST. DEL CALLAO","AZUCAR BLANCA O REFINADA (lectura polarimetrica mayor 99.5°)",132500,"SACO(S)","GUATEMALA"
"20513",2024,9,"OFICINA PUESTO DE CONTROL MARITIMO - PROV. CONST. DEL CALLAO","REMOLACHA, pulpa, residuos sólidos",51900,"SACO(S)","CHILE"
"20514",2024,9,"OFICINA PUESTO DE CONTROL MARITIMO - PROV. CONST. DEL CALLAO","COCO, fibra (para sustrato)",122220,"PAQUETES","SRI LANKA"
"20515",2024,9,"OFICINA PUESTO DE CONTROL MARITIMO - PROV. CONST. DEL CALLAO","UVA (PASAS), secas industrialmente",25000,"CAJA(S)","ARGENTINA"
"20516",2024,9,"OFICINA PUESTO DE CONTROL MARITIMO - PROV. CONST. DEL CALLAO","UVA (PASAS), secas industrialmente",25000,"CAJA(S)","ARGENTINA"
"20517",2024,9,"OFICINA PUESTO DE CONTROL MARITIMO - PROV. CONST. DEL CALLAO","MAIZ, semilla",24473.5,"BOLSAS","BOLIVIA"
"20518",2024,9,"PUESTO DE CONTROL TERRESTRE DESAGUADERO","SOYA, harina",116000,"SACO(S)","BOLIVIA"
"20519",2024,9,"PUESTO DE CONTROL TERRESTRE DESAGUADERO","SOYA, torta",103000,"SACO(S)","BOLIVIA"
"20520",2024,9,"PUESTO DE CONTROL TERRESTRE DESAGUADERO","SOYA, torta",116000,"SACO(S)","BOLIVIA"
"20521",2024,9,"OFICINA PUESTO DE CONTROL MARITIMO - PROV. CONST. DEL CALLAO","AVENA, grano trabajado (mondado, perlado, troceado o quebrantado)",25000,"SACO(S)","CHILE"
"20522",2024,9,"PUERTO DE PAITA , PIURA","TURBA",134028,"BIG BAG","LETONIA"
"20523",2024,9,"PUERTO DE PAITA , PIURA","TURBA",149061,"BIG BAG","LETONIA"
"20524",2024,9,"OFICINA PUESTO DE CONTROL MARITIMO - PROV. CONST. DEL CALLAO","MANZANA, fruto fresco",19551,"CAJA(S)","CHILE"
"20525",2024,9,"PUESTO DE CONTROL TERRESTRE DESAGUADERO","SOYA, grano",112000,"GRANEL","BOLIVIA"
"20526",2024,9,"PUESTO DE CONTROL TERRESTRE DESAGUADERO","SOYA, grano",141000,"GRANEL","BOLIVIA"
"20527",2024,9,"PUESTO DE CONTROL TERRESTRE DESAGUADERO","SOYA, grano",110000,"GRANEL","BOLIVIA"
"20528",2024,9,"PUESTO DE CONTROL TERRESTRE DESAGUADERO","SOYA, grano",112000,"GRANEL","BOLIVIA"
"20529",2024,9,"PUESTO DE CONTROL TERRESTRE DESAGUADERO","SOYA, grano",84000,"GRANEL","BOLIVIA"
"20530",2024,9,"PUESTO DE CONTROL TERRESTRE DESAGUADERO","SOYA, grano",56500,"GRANEL","BOLIVIA"
"20531",2024,9,"PUESTO DE CONTROL TERRESTRE DESAGUADERO","SOYA, grano",55000,"GRANEL","BOLIVIA"
"20532",2024,9,"PUESTO DE CONTROL TERRESTRE DESAGUADERO","SOYA, grano",84000,"GRANEL","BOLIVIA"
"20533",2024,9,"OFICINA PUESTO DE CONTROL AEREO -  PROV. CONST. DEL CALLAO","SANDIA, semilla",2.374,"SACHETS","HOLANDA"
"20534",2024,9,"OFICINA PUESTO DE CONTROL AEREO -  PROV. CONST. DEL CALLAO","MELON, semilla",0.79,"BOLSAS","EEUU"
"20535",2024,9,"PUESTO DE CONTROL TERRESTRE DESAGUADERO","SOYA, grano",55000,"GRANEL","BOLIVIA"
"20536",2024,9,"PUESTO DE CONTROL TERRESTRE DESAGUADERO","SOYA, grano",104000,"GRANEL","BOLIVIA"
"20537",2024,9,"PUESTO DE CONTROL TERRESTRE DESAGUADERO","SOYA, grano",24990,"GRANEL","BOLIVIA"
"20538",2024,9,"OFICINA PUESTO DE CONTROL MARITIMO - PROV. CONST. DEL CALLAO","NUEZ, sin cáscara seca al natural",10000,"CAJA(S)","CHILE"
"20539",2024,9,"AGUAS VERDES, TUMBES","Las demás coniferas, las demas maderas aserradas o desbastadas longitudinalmente, cortada o desenrollada, incluso cepillada,lijada o unida por lo extremos, de espesor superior a 6 mm, con algun tratamiento de la CRF 2",27460,"PIEZAS","ECUADOR"
"20540",2024,9,"OFICINA PUESTO DE CONTROL AEREO -  PROV. CONST. DEL CALLAO","AJI HABANERO, polvo",150,"CAJA(S)","COLOMBIA"
"20541",2024,9,"OFICINA PUESTO DE CONTROL MARITIMO - PROV. CONST. DEL CALLAO","AZUCAR SIN REFINAR, solido",156000,"SACO(S)","BRASIL"
"20542",2024,9,"OFICINA PUESTO DE CONTROL MARITIMO - PROV. CONST. DEL CALLAO","AZUCAR SIN REFINAR, solido",260000,"SACO(S)","BRASIL"
"20543",2024,9,"OFICINA PUESTO DE CONTROL MARITIMO - PROV. CONST. DEL CALLAO","AZUCAR SIN REFINAR, solido",104000,"SACO(S)","BRASIL"
"20544",2024,9,"OFICINA PUESTO DE CONTROL MARITIMO - PROV. CONST. DEL CALLAO","ARROZ, grano pilado",2e+05,"SACO(S)","URUGUAY"
"20545",2024,9,"OFICINA PUESTO DE CONTROL MARITIMO - PROV. CONST. DEL CALLAO","AZUCAR BLANCA O REFINADA (lectura polarimetrica mayor 99.5°)",106000,"SACO(S)","COLOMBIA"
"20546",2024,9,"OFICINA PUESTO DE CONTROL MARITIMO - PROV. CONST. DEL CALLAO","PINO, madera aserrada con algún proceso de la CRF2",296228,"PAQUETES","CHILE"
"20547",2024,9,"SANTA ROSA, TACNA","MANZANA, fruto fresco",23520,"CAJA(S)","CHILE"
"20548",2024,9,"OFICINA PUESTO DE CONTROL MARITIMO - PROV. CONST. DEL CALLAO","AJONJOLI, grano",26940,"SACO(S)","INDIA"
"20549",2024,9,"OFICINA PUESTO DE CONTROL MARITIMO - PROV. CONST. DEL CALLAO","GARBANZO, grano",23000,"SACO(S)","MEXICO"
"20550",2024,9,"OFICINA PUESTO DE CONTROL MARITIMO - PROV. CONST. DEL CALLAO","PERA, fruta fresca",23946.3,"CAJA(S)","ARGENTINA"
"20551",2024,9,"OFICINA PUESTO DE CONTROL MARITIMO - PROV. CONST. DEL CALLAO","LENTEJA, grano",98700,"SACO(S)","CANADA"
"20552",2024,9,"OFICINA PUESTO DE CONTROL MARITIMO - PROV. CONST. DEL CALLAO","LENTEJA, grano",17055,"SACO(S)","CANADA"
"20553",2024,9,"OFICINA PUESTO DE CONTROL MARITIMO - PROV. CONST. DEL CALLAO","MAIZ REVENTON, grano",52000,"SACO(S)","ARGENTINA"
"20554",2024,9,"SANTA ROSA, LORETO","AZUCAR BLANCA O REFINADA (lectura polarimetrica mayor 99.5°)",1250020,"SACO(S)","BRASIL"
"20555",2024,9,"OFICINA PUESTO DE CONTROL MARITIMO - PROV. CONST. DEL CALLAO","LENTEJA, grano",69100,"SACO(S)","EEUU"
"20556",2024,9,"SANTA ROSA, LORETO","AZUCAR BLANCA O REFINADA (lectura polarimetrica mayor 99.5°)",1e+06,"SACO(S)","BRASIL"
"20557",2024,9,"OFICINA PUESTO DE CONTROL MARITIMO - PROV. CONST. DEL CALLAO","MADERA, monturas y mangos de herramientas, monturas y mangos de cepillos, brochas o escobas, de madera; hormas, ensanchadores y tensores del calzado, de madera ; con algún proceso de la CRF 2",28158.8,"UNIDADES","CHINA"
"20558",2024,9,"OFICINA PUESTO DE CONTROL MARITIMO - PROV. CONST. DEL CALLAO","ALGODON, fibra sin cardar ni peinar (>34.92 mm)",96610,"FARDOS","EEUU"
"20559",2024,9,"OFICINA PUESTO DE CONTROL MARITIMO - PROV. CONST. DEL CALLAO","ARVEJA, grano partido",26040,"SACO(S)","CANADA"
"20560",2024,9,"PUESTO DE CONTROL TERRESTRE DESAGUADERO","SOYA, torta",29030,"GRANEL","BOLIVIA"
"20561",2024,9,"PUESTO DE CONTROL TERRESTRE DESAGUADERO","SOYA, torta",56460,"GRANEL","BOLIVIA"
"20562",2024,9,"PUESTO DE CONTROL TERRESTRE DESAGUADERO","SOYA, torta",27000,"GRANEL","BOLIVIA"
"20563",2024,9,"PUESTO DE CONTROL TERRESTRE DESAGUADERO","SOYA, torta",84000,"GRANEL","BOLIVIA"
"20564",2024,9,"PUESTO DE CONTROL TERRESTRE DESAGUADERO","SOYA, torta",84000,"GRANEL","BOLIVIA"
"20565",2024,9,"PUESTO DE CONTROL TERRESTRE DESAGUADERO","SOYA, torta",56000,"GRANEL","BOLIVIA"
"20566",2024,9,"PUESTO DE CONTROL TERRESTRE DESAGUADERO","SOYA, torta",112000,"GRANEL","BOLIVIA"
"20567",2024,9,"PUESTO DE CONTROL TERRESTRE DESAGUADERO","SOYA, torta",28000,"GRANEL","BOLIVIA"
"20568",2024,9,"OFICINA PUESTO DE CONTROL MARITIMO - PROV. CONST. DEL CALLAO","SOYA, torta",10103090,"GRANEL","ARGENTINA"
"20569",2024,9,"OFICINA PUESTO DE CONTROL MARITIMO - PROV. CONST. DEL CALLAO","ALMENDRA, sin cáscara secado al natural",19958.4,"CAJA(S)","EEUU"
"20570",2024,9,"OFICINA PUESTO DE CONTROL MARITIMO - PROV. CONST. DEL CALLAO","MAIZ AMARILLO DURO, grano",20433240,"GRANEL","ARGENTINA"
"20571",2024,9,"OFICINA PUESTO DE CONTROL MARITIMO - PROV. CONST. DEL CALLAO","TRIGO, gluten",24000,"BOLSAS","HOLANDA"
"20572",2024,9,"OFICINA PUESTO DE CONTROL MARITIMO - PROV. CONST. DEL CALLAO","COCO, fibra (para sustrato)",176935,"PALETAS","SRI LANKA"
"20573",2024,9,"OFICINA PUESTO DE CONTROL MARITIMO - PROV. CONST. DEL CALLAO","COCO, fibra (para sustrato)",350616,"PALETAS","SRI LANKA"
"20574",2024,9,"OFICINA PUESTO DE CONTROL MARITIMO - PROV. CONST. DEL CALLAO","GERMANTOWN PGX,  mezcla de estabilizantes y emulsificantes (ind. alimentaria)",2925,"BOLSAS","CHILE"
"20575",2024,9,"OFICINA PUESTO DE CONTROL MARITIMO - PROV. CONST. DEL CALLAO","BOLDO, hoja seca al natural",6500,"SACO(S)","CHILE"
"20576",2024,9,"OFICINA PUESTO DE CONTROL MARITIMO - PROV. CONST. DEL CALLAO","MADERA, en bruto de coníferas tratada agentes de conservación
",149240,"UNIDADES","CHILE"
"20577",2024,9,"OFICINA PUESTO DE CONTROL MARITIMO - PROV. CONST. DEL CALLAO","AZUCAR BLANCA O REFINADA (lectura polarimetrica mayor 99.5°)",106000,"SACO(S)","NICARAGUA"
"20578",2024,9,"OFICINA PUESTO DE CONTROL MARITIMO - PROV. CONST. DEL CALLAO","Marañon (NUEZ DE CAJU), semilla alimenticia sin cascara, seca industriamente",24948,"CAJA(S)","BRASIL"
"20579",2024,9,"PUESTO DE CONTROL TERRESTRE DESAGUADERO","SOYA, torta",56000,"GRANEL","BOLIVIA"
"20580",2024,9,"PUESTO DE CONTROL TERRESTRE DESAGUADERO","SOYA, torta",82410,"GRANEL","BOLIVIA"
"20581",2024,9,"OFICINA PUESTO DE CONTROL AEREO -  PROV. CONST. DEL CALLAO","PLATANO Y/O BANANO, plántula in vitro",268.4,"CAJA(S)","COSTA RICA"
"20582",2024,9,"OFICINA PUESTO DE CONTROL MARITIMO - PROV. CONST. DEL CALLAO","SUSTRATO (en base a turba y fibra de coco)",15696,"SACO(S)","ESPAÑA"
"20583",2024,9,"OFICINA PUESTO DE CONTROL MARITIMO - PROV. CONST. DEL CALLAO","COCO, fibra (para sustrato)",3424,"SACO(S)","ESPAÑA"
"20584",2024,9,"OFICINA PUESTO DE CONTROL MARITIMO - PROV. CONST. DEL CALLAO","TURBA",346137,"FARDOS","LETONIA"
"20585",2024,9,"PUESTO DE CONTROL TERRESTRE DESAGUADERO","SOYA, torta",116000,"SACO(S)","BOLIVIA"
"20586",2024,9,"PUESTO DE CONTROL TERRESTRE DESAGUADERO","SOYA, torta",115000,"SACO(S)","BOLIVIA"
"20587",2024,9,"PUESTO DE CONTROL TERRESTRE DESAGUADERO","SOYA, torta",114000,"SACO(S)","BOLIVIA"
"20588",2024,9,"OFICINA PUESTO DE CONTROL MARITIMO - PROV. CONST. DEL CALLAO","ARROZ, grano pilado",5e+05,"SACO(S)","URUGUAY"
"20589",2024,9,"OFICINA PUESTO DE CONTROL MARITIMO - PROV. CONST. DEL CALLAO","AVENA, grano aplastado o en copos (hojuelas)",78750,"SACO(S)","CHILE"
"20590",2024,9,"OFICINA PUESTO DE CONTROL MARITIMO - PROV. CONST. DEL CALLAO","AZUCAR BLANCA O REFINADA (lectura polarimetrica mayor 99.5°)",264600,"SACO(S)","NICARAGUA"
"20591",2024,9,"PUESTO DE CONTROL TERRESTRE DESAGUADERO","SOYA, torta",87000,"SACO(S)","BOLIVIA"
"20592",2024,9,"OFICINA PUESTO DE CONTROL MARITIMO - PROV. CONST. DEL CALLAO","MAIZ REVENTON, grano",129950,"SACO(S)","ARGENTINA"
"20593",2024,9,"OFICINA PUESTO DE CONTROL MARITIMO - PROV. CONST. DEL CALLAO","MAIZ REVENTON, grano",260000,"SACO(S)","BRASIL"
"20594",2024,9,"AGUAS VERDES, TUMBES","GYPSOPHILA, flores frescas cortadas",96,"CAJA(S)","ECUADOR"
"20595",2024,9,"PUESTO DE CONTROL TERRESTRE DESAGUADERO","SOYA, torta",55980,"GRANEL","BOLIVIA"
"20596",2024,9,"OFICINA PUESTO DE CONTROL MARITIMO - PROV. CONST. DEL CALLAO","AZUCAR BLANCA O REFINADA (lectura polarimetrica mayor 99.5°)",135000,"SACO(S)","BRASIL"
"20597",2024,9,"OFICINA PUESTO DE CONTROL MARITIMO - PROV. CONST. DEL CALLAO","AZUCAR BLANCA O REFINADA (lectura polarimetrica mayor 99.5°)",135000,"SACO(S)","BRASIL"
"20598",2024,9,"OFICINA PUESTO DE CONTROL MARITIMO - PROV. CONST. DEL CALLAO","AZUCAR BLANCA O REFINADA (lectura polarimetrica mayor 99.5°)",135000,"SACO(S)","BRASIL"
"20599",2024,9,"OFICINA PUESTO DE CONTROL MARITIMO - PROV. CONST. DEL CALLAO","AZUCAR BLANCA O REFINADA (lectura polarimetrica mayor 99.5°)",135000,"SACO(S)","BRASIL"
"20600",2024,9,"PUESTO DE CONTROL TERRESTRE DESAGUADERO","SOYA, torta",28040,"GRANEL","BOLIVIA"
"20601",2024,9,"OFICINA PUESTO DE CONTROL MARITIMO - PROV. CONST. DEL CALLAO","GARBANZO, grano",72000,"SACO(S)","MEXICO"
"20602",2024,9,"OFICINA PUESTO DE CONTROL MARITIMO - PROV. CONST. DEL CALLAO","CORCHO, desperdicios; corcho triturado, granulado o pulverizado",272.61,"BOLSAS","EEUU"
"20603",2024,9,"OFICINA PUESTO DE CONTROL AEREO -  PROV. CONST. DEL CALLAO","TOMATE, semilla",0.0808,"SACHETS","EEUU"
"20604",2024,9,"OFICINA PUESTO DE CONTROL AEREO -  PROV. CONST. DEL CALLAO","MELON, semilla",0.1216,"SACHETS","MARRUECOS"
"20605",2024,9,"OFICINA PUESTO DE CONTROL MARITIMO - PROV. CONST. DEL CALLAO","ARVEJA, grano partido",92487,"SACO(S)","EEUU"
"20606",2024,9,"OFICINA PUESTO DE CONTROL MARITIMO - PROV. CONST. DEL CALLAO","GARBANZO, grano",23000,"SACO(S)","MEXICO"
"20607",2024,9,"OFICINA PUESTO DE CONTROL MARITIMO - PROV. CONST. DEL CALLAO","MAIZ REVENTON, grano",51980,"SACO(S)",NA
"20608",2024,9,"OFICINA PUESTO DE CONTROL MARITIMO - PROV. CONST. DEL CALLAO","GARBANZO, grano",23000,"SACO(S)","MEXICO"
"20609",2024,9,"SANTA ROSA, TACNA","PERA, fruta fresca",11520,"CAJA(S)","CHILE"
"20610",2024,9,"SANTA ROSA, TACNA","MANZANA, fruto fresco",11407.2,"CAJA(S)","CHILE"
"20611",2024,9,"OFICINA PUESTO DE CONTROL MARITIMO - PROV. CONST. DEL CALLAO","MANZANA, fruto fresco",19551,"CAJA(S)","CHILE"
"20612",2024,9,"OFICINA PUESTO DE CONTROL MARITIMO - PROV. CONST. DEL CALLAO","MANZANA, fruto fresco",12751.2,"CAJA(S)","CHILE"
"20613",2024,9,"OFICINA PUESTO DE CONTROL MARITIMO - PROV. CONST. DEL CALLAO","PERA, fruta fresca",8064,"CAJA(S)","CHILE"
"20614",2024,9,"OFICINA PUESTO DE CONTROL MARITIMO - PROV. CONST. DEL CALLAO","MAIZ, harina",5e+05,"CAJA(S)","COLOMBIA"
"20615",2024,9,"OFICINA PUESTO DE CONTROL MARITIMO - PROV. CONST. DEL CALLAO","AZUCAR BLANCA O REFINADA (lectura polarimetrica mayor 99.5°)",265000,"SACO(S)","NICARAGUA"
"20616",2024,9,"OFICINA PUESTO DE CONTROL MARITIMO - PROV. CONST. DEL CALLAO","Articulos para fiestas de navidad que sean o contengan material vegetal
",535,"CAJA(S)","FILIPINAS"
"20617",2024,9,"SANTA ROSA, TACNA","PERA, fruta fresca",7056,"CAJA(S)","CHILE"
"20618",2024,9,"OFICINA PUESTO DE CONTROL MARITIMO - PROV. CONST. DEL CALLAO","COCO, fibra (para sustrato)",123450.6,"PAQUETES","SRI LANKA"
"20619",2024,9,"SANTA ROSA, TACNA","MANZANA, fruto fresco",16513,"CAJA(S)","CHILE"
"20620",2024,9,"OFICINA PUESTO DE CONTROL MARITIMO - PROV. CONST. DEL CALLAO","PINO, madera aserrada con algún proceso de la CRF2",41450,"PAQUETES","CHILE"
"20621",2024,9,"OFICINA PUESTO DE CONTROL MARITIMO - PROV. CONST. DEL CALLAO","PINO, madera aserrada con algún proceso de la CRF2",93650,"PAQUETES","CHILE"
"20622",2024,9,"OFICINA PUESTO DE CONTROL MARITIMO - PROV. CONST. DEL CALLAO","PINO, madera aserrada con algún proceso de la CRF2",117190,"PAQUETES","CHILE"
"20623",2024,9,"OFICINA PUESTO DE CONTROL MARITIMO - PROV. CONST. DEL CALLAO","PINO, madera aserrada con algún proceso de la CRF2",45210,"PAQUETES","CHILE"
"20624",2024,9,"OFICINA PUESTO DE CONTROL AEREO -  PROV. CONST. DEL CALLAO","PIMIENTO, semilla",0.3212,"SOBRES","HOLANDA"
"20625",2024,9,"OFICINA PUESTO DE CONTROL AEREO -  PROV. CONST. DEL CALLAO","TOMATE, semilla",0.132654,"SOBRES","HOLANDA"
"20626",2024,9,"OFICINA PUESTO DE CONTROL MARITIMO - PROV. CONST. DEL CALLAO","BAMBU, artículos de cestería obtenidos directamente en su forma con materia trenzable con algún proceso de la CRF 2",3885.7,"UNIDADES","CHINA"
"20627",2024,9,"OFICINA PUESTO DE CONTROL MARITIMO - PROV. CONST. DEL CALLAO","Los demas articulos de cesteria con algun proceso de CRF 2",528,"UNIDADES","CHINA"
"20628",2024,9,"OFICINA PUESTO DE CONTROL AEREO -  PROV. CONST. DEL CALLAO","ARANDANO, planta  in vitro",94.284,"CAJA(S)","CHILE"
"20629",2024,9,"OFICINA PUESTO DE CONTROL AEREO -  PROV. CONST. DEL CALLAO","FRAMBUESO, plántula in vitro",15.716,"CAJA(S)","CHILE"
"20630",2024,9,"OFICINA PUESTO DE CONTROL MARITIMO - PROV. CONST. DEL CALLAO","ARROZ, grano pilado",132500,"SACO(S)","BRASIL"
"20631",2024,9,"OFICINA PUESTO DE CONTROL MARITIMO - PROV. CONST. DEL CALLAO","AZUCAR SIN REFINAR, solido",260000,"SACO(S)","BRASIL"
"20632",2024,9,"OFICINA PUESTO DE CONTROL MARITIMO - PROV. CONST. DEL CALLAO","ARROZ, grano pilado",132500,"SACO(S)","BRASIL"
"20633",2024,9,"OFICINA PUESTO DE CONTROL AEREO -  PROV. CONST. DEL CALLAO","PIMIENTO, semilla",0.173,"SOBRES","EEUU"
"20634",2024,9,"PUESTO DE CONTROL TERRESTRE DESAGUADERO","SOYA, torta",145000,"SACO(S)","BOLIVIA"
"20635",2024,9,"OFICINA PUESTO DE CONTROL AEREO -  PROV. CONST. DEL CALLAO","CAÑA DE AZUCAR, plantas in vitro",255.2,"FRASCO(S)","BRASIL"
"20636",2024,9,"OFICINA PUESTO DE CONTROL MARITIMO - PROV. CONST. DEL CALLAO","MAIZ, harina",82200,"PACAS","COLOMBIA"
"20637",2024,9,"PUESTO DE CONTROL TERRESTRE DESAGUADERO","SOYA, torta",56000,"GRANEL","BOLIVIA"
"20638",2024,9,"PUESTO DE CONTROL TERRESTRE DESAGUADERO","SOYA, torta",56000,"GRANEL","BOLIVIA"
"20639",2024,9,"PUESTO DE CONTROL TERRESTRE DESAGUADERO","SOYA, harina",27156,"SACO(S)","BOLIVIA"
"20640",2024,9,"PUESTO DE CONTROL TERRESTRE DESAGUADERO","SOYA, torta",58110,"GRANEL","BOLIVIA"
"20641",2024,9,"SANTA ROSA, TACNA","GIRASOL, torta",39620,"LOTE(S)","CHILE"
"20642",2024,9,"PUESTO DE CONTROL TERRESTRE DESAGUADERO","SOYA, torta",82910,"GRANEL","BOLIVIA"
"20643",2024,9,"PUESTO DE CONTROL TERRESTRE DESAGUADERO","GIRASOL, torta",145720,"GRANEL","BOLIVIA"
"20644",2024,9,"AGUAS VERDES, TUMBES","Las demás coniferas, las demas maderas aserradas o desbastadas longitudinalmente, cortada o desenrollada, incluso cepillada,lijada o unida por lo extremos, de espesor superior a 6 mm, con algun tratamiento de la CRF 2",27380,"PIEZAS","ECUADOR"
"20645",2024,9,"OFICINA PUESTO DE CONTROL MARITIMO - PROV. CONST. DEL CALLAO","AVENA, grano trabajado (mondado, perlado, troceado o quebrantado)",24000,"SACO(S)","CHILE"
"20646",2024,9,"OFICINA PUESTO DE CONTROL MARITIMO - PROV. CONST. DEL CALLAO","AVENA, grano trabajado (mondado, perlado, troceado o quebrantado)",1e+05,"SACO(S)","CHILE"
"20647",2024,9,"PUESTO DE CONTROL TERRESTRE DESAGUADERO","SOYA, torta",145000,"SACO(S)","BOLIVIA"
"20648",2024,9,"SANTA ROSA, TACNA","JENGIBRE (=KION), fresco",12600,"CAJA(S)","CHILE"
"20649",2024,9,"SANTA ROSA, TACNA","CURCUMA, rizoma fresco",3500,"CAJA(S)","CHILE"
"20650",2024,9,"PUERTO DE PAITA , PIURA","MANI, grano sin cáscara",50000,"BOLSAS","ARGENTINA"
"20651",2024,9,"PUESTO DE CONTROL TERRESTRE DESAGUADERO","SOYA, torta",145000,"SACO(S)","BOLIVIA"
"20652",2024,9,"PUESTO DE CONTROL TERRESTRE DESAGUADERO","SOYA, torta",29000,"GRANEL","BOLIVIA"
"20653",2024,9,"PUESTO DE CONTROL TERRESTRE DESAGUADERO","SOYA, torta",55000,"GRANEL","BOLIVIA"
"20654",2024,9,"PUESTO DE CONTROL TERRESTRE DESAGUADERO","SOYA, torta",56000,"GRANEL","BOLIVIA"
"20655",2024,9,"AGUAS VERDES, TUMBES","PITAHAYA, fruto fresco",11340,"CAJA(S)","ECUADOR"
"20656",2024,9,"OFICINA PUESTO DE CONTROL AEREO -  PROV. CONST. DEL CALLAO","ARROZ, grano pilado",0.5,"BOLSAS","TAILANDIA"
"20657",2024,9,"SANTA ROSA, TACNA","GIRASOL, torta",26030,"LOTE(S)","CHILE"
"20658",2024,9,"SANTA ROSA, TACNA","GIRASOL, torta",7390,"LOTE(S)","CHILE"
"20659",2024,9,"IÑAPARI, MADRE DE DIOS","MAIZ AMARILLO DURO, grano",96000,"SACO(S)","BRASIL"
"20660",2024,9,"OFICINA PUESTO DE CONTROL AEREO -  PROV. CONST. DEL CALLAO","PIMIENTO, semilla",0.743,"SACHETS","HOLANDA"
"20661",2024,9,"OFICINA PUESTO DE CONTROL AEREO -  PROV. CONST. DEL CALLAO","PIMIENTO, semilla",0.351,"SACHETS","HOLANDA"
"20662",2024,9,"OFICINA PUESTO DE CONTROL AEREO -  PROV. CONST. DEL CALLAO","ZAPALLITO ITALIANO (CALABACIN), semilla",0.219,"SACHETS","HOLANDA"
"20663",2024,9,"OFICINA PUESTO DE CONTROL AEREO -  PROV. CONST. DEL CALLAO","MELON, semilla",0.055,"SACHETS","HOLANDA"
"20664",2024,9,"OFICINA PUESTO DE CONTROL MARITIMO - PROV. CONST. DEL CALLAO","ARROZ, grano pilado",250000,"SACO(S)","URUGUAY"
"20665",2024,9,"OFICINA PUESTO DE CONTROL MARITIMO - PROV. CONST. DEL CALLAO","MAIZ REVENTON, grano",83460,"SACO(S)","EEUU"
"20666",2024,9,"OFICINA PUESTO DE CONTROL MARITIMO - PROV. CONST. DEL CALLAO","AJONJOLI, grano",27000,"SACO(S)","INDIA"
"20667",2024,9,"PUERTO DE PAITA , PIURA","TURBA",203040,"BIG BAG","HOLANDA"
"20668",2024,9,"PUERTO DE PAITA , PIURA","TURBA",203040,"BIG BAG","HOLANDA"
"20669",2024,9,"OFICINA PUESTO DE CONTROL MARITIMO - PROV. CONST. DEL CALLAO","COMINO, grano",54000,"SACO(S)","INDIA"
"20670",2024,9,"PUESTO DE CONTROL TERRESTRE DESAGUADERO","SOYA, torta",28000,"GRANEL","BOLIVIA"
"20671",2024,9,"PUESTO DE CONTROL TERRESTRE DESAGUADERO","SOYA, torta",25560,"GRANEL","BOLIVIA"
"20672",2024,9,"AGUAS VERDES, TUMBES","PITAHAYA, fruto fresco",13700,"CAJA(S)","ECUADOR"
"20673",2024,9,"PUESTO DE CONTROL TERRESTRE DESAGUADERO","SOYA, torta",146000,"SACO(S)","BOLIVIA"
"20674",2024,9,"PUESTO DE CONTROL TERRESTRE DESAGUADERO","SOYA, harina",145000,"SACO(S)","BOLIVIA"
"20675",2024,9,"PUESTO DE CONTROL TERRESTRE DESAGUADERO","SOYA, torta",201000,"SACO(S)","BOLIVIA"
"20676",2024,9,"PUESTO DE CONTROL TERRESTRE DESAGUADERO","SOYA, torta",170419,"SACO(S)","BOLIVIA"
"20677",2024,9,"PUESTO DE CONTROL TERRESTRE DESAGUADERO","SOYA, torta",145000,"SACO(S)","BOLIVIA"
"20678",2024,9,"PUESTO DE CONTROL TERRESTRE DESAGUADERO","SOYA, torta",83910,"GRANEL","BOLIVIA"
"20679",2024,9,"IÑAPARI, MADRE DE DIOS","MAIZ AMARILLO DURO, grano",25000,"SACO(S)","BRASIL"
"20680",2024,9,"PUESTO DE CONTROL TERRESTRE DESAGUADERO","SOYA, torta",28960,"GRANEL","BOLIVIA"
"20681",2024,9,"OFICINA PUESTO DE CONTROL MARITIMO - PROV. CONST. DEL CALLAO","ARROZ, grano pilado",425000,"SACO(S)","URUGUAY"
"20682",2024,9,"OFICINA PUESTO DE CONTROL MARITIMO - PROV. CONST. DEL CALLAO","AZUCAR BLANCA O REFINADA (lectura polarimetrica mayor 99.5°)",130000,"SACO(S)","GUATEMALA"
"20683",2024,9,"PUESTO DE CONTROL TERRESTRE DESAGUADERO","SOYA, torta",111800,"GRANEL","BOLIVIA"
"20684",2024,9,"OFICINA PUESTO DE CONTROL AEREO -  PROV. CONST. DEL CALLAO","ORQUIDEA, planta",281,"CAJA(S)","HOLANDA"
"20685",2024,9,"PUESTO DE CONTROL TERRESTRE DESAGUADERO","SOYA, torta",27880,"GRANEL","BOLIVIA"
"20686",2024,9,"PUESTO DE CONTROL TERRESTRE DESAGUADERO","SOYA, torta",20000,"GRANEL","BOLIVIA"
"20687",2024,9,"PUESTO DE CONTROL TERRESTRE DESAGUADERO","SOYA, torta",56000,"GRANEL","BOLIVIA"
"20688",2024,9,"PUESTO DE CONTROL TERRESTRE DESAGUADERO","SOYA, torta",27000,"GRANEL","BOLIVIA"
"20689",2024,9,"PUESTO DE CONTROL TERRESTRE DESAGUADERO","SOYA, torta",27780,"GRANEL","BOLIVIA"
"20690",2024,9,"PUESTO DE CONTROL TERRESTRE DESAGUADERO","SOYA, torta",8000,"GRANEL","BOLIVIA"
"20691",2024,9,"OFICINA PUESTO DE CONTROL MARITIMO - PROV. CONST. DEL CALLAO","COCO, fibra (para sustrato)",23660,"PALETAS","INDIA"
"20692",2024,9,"PUESTO DE CONTROL TERRESTRE DESAGUADERO","SOYA, torta",143400,"SACO(S)","BOLIVIA"
"20693",2024,9,"OFICINA PUESTO DE CONTROL AEREO -  PROV. CONST. DEL CALLAO","YERBA MATE, secado industrial",10,"BOLSAS",NA
"20694",2024,9,"PUESTO DE CONTROL TERRESTRE DESAGUADERO","SOYA, torta",177000,"SACO(S)","BOLIVIA"
"20695",2024,9,"PUESTO DE CONTROL TERRESTRE DESAGUADERO","SOYA, torta",174000,"SACO(S)","BOLIVIA"
"20696",2024,9,"PUESTO DE CONTROL TERRESTRE DESAGUADERO","AZUCAR BLANCA O REFINADA (lectura polarimetrica mayor 99.5°)",174000,"SACO(S)","BOLIVIA"
"20697",2024,9,"AGUAS VERDES, TUMBES","PITAHAYA, fruto fresco",12560,"CAJA(S)","ECUADOR"
"20698",2024,9,"OFICINA PUESTO DE CONTROL MARITIMO - PROV. CONST. DEL CALLAO","ARVEJA, grano partido",92532,"SACO(S)","EEUU"
"20699",2024,9,"OFICINA PUESTO DE CONTROL MARITIMO - PROV. CONST. DEL CALLAO","COMINO, grano",54000,"SACO(S)","INDIA"
"20700",2024,9,"OFICINA PUESTO DE CONTROL MARITIMO - PROV. CONST. DEL CALLAO","FREJOL CANARIO, grano",46000,"SACO(S)","MEXICO"
"20701",2024,9,"PUESTO DE CONTROL TERRESTRE DESAGUADERO","SOYA, torta",145000,"SACO(S)","BOLIVIA"
"20702",2024,9,"SANTA ROSA, TACNA","MANZANA, fruto fresco",22584.1,"CAJA(S)","CHILE"
"20703",2024,9,"OFICINA PUESTO DE CONTROL MARITIMO - PROV. CONST. DEL CALLAO","ARVEJA, grano partido",92532,"SACO(S)","EEUU"
"20704",2024,9,"SANTA ROSA, TACNA","MANZANA, fruto fresco",23520,"CAJA(S)","CHILE"
"20705",2024,9,"SANTA ROSA, TACNA","MANZANA, fruto fresco",14896,"CAJA(S)","CHILE"
"20706",2024,9,"SANTA ROSA, TACNA","KIWI, fruto fresco",10400,"CAJA(S)","CHILE"
"20707",2024,9,"OFICINA PUESTO DE CONTROL MARITIMO - PROV. CONST. DEL CALLAO","ARROZ, parbolizado pulido o sin cáscara",132500,"SACO(S)","BRASIL"
"20708",2024,9,"OFICINA PUESTO DE CONTROL MARITIMO - PROV. CONST. DEL CALLAO","FLOR DE JAMAICA, seca natural",12500,"CAJA(S)","NIGERIA"
"20709",2024,9,"OFICINA PUESTO DE CONTROL MARITIMO - PROV. CONST. DEL CALLAO","AZUCAR CRUDA, sólido",249950,"SACO(S)","COLOMBIA"
"20710",2024,9,"PUESTO DE CONTROL TERRESTRE DESAGUADERO","SOYA, torta",28000,"GRANEL","BOLIVIA"
"20711",2024,9,"PUESTO DE CONTROL TERRESTRE DESAGUADERO","SOYA, torta",56000,"GRANEL","BOLIVIA"
"20712",2024,9,"PUESTO DE CONTROL TERRESTRE DESAGUADERO","SOYA, torta",27990,"GRANEL","BOLIVIA"
"20713",2024,9,"AGUAS VERDES, TUMBES","PITAHAYA, fruto fresco",12540,"CAJA(S)","ECUADOR"
"20714",2024,9,"AGUAS VERDES, TUMBES","PITAHAYA, fruto fresco",8740,"CAJA(S)","ECUADOR"
"20715",2024,9,"AGUAS VERDES, TUMBES","PITAHAYA, fruto fresco",10000,"CAJA(S)","ECUADOR"
"20716",2024,9,"PUESTO DE CONTROL TERRESTRE DESAGUADERO","SOYA, torta",55680,"GRANEL","BOLIVIA"
"20717",2024,9,"PUESTO DE CONTROL TERRESTRE DESAGUADERO","SOYA, torta",55980,"GRANEL","BOLIVIA"
"20718",2024,9,"OFICINA PUESTO DE CONTROL MARITIMO - PROV. CONST. DEL CALLAO","FLOR DE JAMAICA, seca natural",12000,"SACO(S)","NIGERIA"
"20719",2024,9,"SANTA ROSA, TACNA","MANZANA, fruto fresco",23520,"CAJA(S)","CHILE"
"20720",2024,9,"SANTA ROSA, TACNA","MANZANA, fruto fresco",23520,"CAJA(S)","CHILE"
"20721",2024,9,"OFICINA PUESTO DE CONTROL MARITIMO - PROV. CONST. DEL CALLAO","ARVEJA, grano partido",69399,"SACO(S)","EEUU"
"20722",2024,9,"PUESTO DE CONTROL TERRESTRE DESAGUADERO","SOYA, torta",142500,"SACO(S)","BOLIVIA"
"20723",2024,9,"PUESTO DE CONTROL TERRESTRE DESAGUADERO","SOYA, torta",141000,"SACO(S)","BOLIVIA"
"20724",2024,9,"OFICINA PUESTO DE CONTROL MARITIMO - PROV. CONST. DEL CALLAO","MAIZ REVENTON, grano",52000,"SACO(S)","ARGENTINA"
"20725",2024,9,"PUESTO DE CONTROL TERRESTRE DESAGUADERO","SOYA, torta",28910,"GRANEL","BOLIVIA"
"20726",2024,9,"PUESTO DE CONTROL TERRESTRE DESAGUADERO","GIRASOL, torta",50210,"GRANEL","BOLIVIA"
"20727",2024,9,"PUESTO DE CONTROL TERRESTRE DESAGUADERO","SOYA, torta",55600,"GRANEL","BOLIVIA"
"20728",2024,9,"PUESTO DE CONTROL TERRESTRE DESAGUADERO","SOYA, torta",28070,"GRANEL","BOLIVIA"
"20729",2024,9,"OFICINA PUESTO DE CONTROL MARITIMO - PROV. CONST. DEL CALLAO","AZUCAR BLANCA O REFINADA (lectura polarimetrica mayor 99.5°)",125000,"SACO(S)","GUATEMALA"
"20730",2024,9,"PUESTO DE CONTROL TERRESTRE DESAGUADERO","SOYA, grano",55980,"GRANEL","BOLIVIA"
"20731",2024,9,"PUESTO DE CONTROL TERRESTRE DESAGUADERO","SOYA, torta",115000,"SACO(S)","BOLIVIA"
"20732",2024,9,"PUESTO DE CONTROL TERRESTRE DESAGUADERO","SOYA, torta",115000,"SACO(S)","BOLIVIA"
"20733",2024,9,"PUESTO DE CONTROL TERRESTRE DESAGUADERO","SOYA, torta",201500,"SACO(S)","BOLIVIA"
"20734",2024,9,"PUESTO DE CONTROL TERRESTRE DESAGUADERO","SOYA, torta",113500,"SACO(S)","BOLIVIA"
"20735",2024,9,"PUESTO DE CONTROL TERRESTRE DESAGUADERO","SOYA, torta",113500,"SACO(S)","BOLIVIA"
"20736",2024,9,"OFICINA PUESTO DE CONTROL MARITIMO - PROV. CONST. DEL CALLAO","AZUCAR CRUDA, sólido",250000,"SACO(S)","EL SALVADOR"
"20737",2024,9,"OFICINA PUESTO DE CONTROL MARITIMO - PROV. CONST. DEL CALLAO","AZUCAR CRUDA, sólido",5e+05,"SACO(S)","EL SALVADOR"
"20738",2024,9,"OFICINA PUESTO DE CONTROL MARITIMO - PROV. CONST. DEL CALLAO","AZUCAR BLANCA O REFINADA (lectura polarimetrica mayor 99.5°)",2e+05,"BIG BAG","NICARAGUA"
"20739",2024,9,"OFICINA PUESTO DE CONTROL MARITIMO - PROV. CONST. DEL CALLAO","AZUCAR BLANCA O REFINADA (lectura polarimetrica mayor 99.5°)",50000,"SACO(S)","NICARAGUA"
"20740",2024,9,"PUESTO DE CONTROL TERRESTRE DESAGUADERO","SOYA, torta",84000,"GRANEL","BOLIVIA"
"20741",2024,9,"PUESTO DE CONTROL TERRESTRE DESAGUADERO","MAIZ AMARILLO DURO, grano",58000,"SACO(S)","BOLIVIA"
"20742",2024,9,"OFICINA PUESTO DE CONTROL MARITIMO - PROV. CONST. DEL CALLAO","Articulos para fiestas de navidad que sean o contengan material vegetal
",76.874,"UNIDADES","CHINA"
"20743",2024,9,"PUESTO DE CONTROL TERRESTRE DESAGUADERO","SOYA, harina",145000,"SACO(S)","BOLIVIA"
"20744",2024,9,"PUESTO DE CONTROL TERRESTRE DESAGUADERO","SOYA, torta",203000,"SACO(S)","BOLIVIA"
"20745",2024,9,"OFICINA PUESTO DE CONTROL MARITIMO - PROV. CONST. DEL CALLAO","PINO, postes de madera con algun proceso de la CRF 2",98803,"UNIDADES","CHILE"
"20746",2024,9,"OFICINA PUESTO DE CONTROL MARITIMO - PROV. CONST. DEL CALLAO","AZUCAR CRUDA, sólido",260000,"SACO(S)","BRASIL"
"20747",2024,9,"OFICINA PUESTO DE CONTROL MARITIMO - PROV. CONST. DEL CALLAO","YERBA MATE, secado industrial",1650,"PAQUETES","URUGUAY"
"20748",2024,9,"OFICINA PUESTO DE CONTROL MARITIMO - PROV. CONST. DEL CALLAO","GARBANZO, grano",23000,"SACO(S)","MEXICO"
"20749",2024,9,"OFICINA PUESTO DE CONTROL MARITIMO - PROV. CONST. DEL CALLAO","GARBANZO, grano",23000,"SACO(S)","MEXICO"
"20750",2024,9,"OFICINA PUESTO DE CONTROL MARITIMO - PROV. CONST. DEL CALLAO","AJONJOLI, grano",56000,"SACO(S)","INDIA"
"20751",2024,9,"OFICINA PUESTO DE CONTROL MARITIMO - PROV. CONST. DEL CALLAO","GARBANZO, grano",23000,"SACO(S)","MEXICO"
"20752",2024,9,"OFICINA PUESTO DE CONTROL MARITIMO - PROV. CONST. DEL CALLAO","GARBANZO, grano",46000,"SACO(S)","MEXICO"
"20753",2024,9,"OFICINA PUESTO DE CONTROL MARITIMO - PROV. CONST. DEL CALLAO","MAIZ REVENTON, grano",69000,"SACO(S)","ARGENTINA"
"20754",2024,9,"OFICINA PUESTO DE CONTROL MARITIMO - PROV. CONST. DEL CALLAO","FREJOL, grano",21319,"SACO(S)","EEUU"
"20755",2024,9,"OFICINA PUESTO DE CONTROL MARITIMO - PROV. CONST. DEL CALLAO","COMINO, grano",27000,"SACO(S)","INDIA"
"20756",2024,9,"OFICINA PUESTO DE CONTROL AEREO -  PROV. CONST. DEL CALLAO","MAIZ, semilla",35.14,"SOBRES","FRANCIA"
"20757",2024,9,"PUESTO DE CONTROL TERRESTRE DESAGUADERO","MAIZ AMARILLO DURO, grano",29000,"SACO(S)","BOLIVIA"
"20758",2024,9,"OFICINA PUESTO DE CONTROL MARITIMO - PROV. CONST. DEL CALLAO","PERA, fruta fresca",22932,"CAJA(S)","ARGENTINA"
"20759",2024,9,"OFICINA PUESTO DE CONTROL MARITIMO - PROV. CONST. DEL CALLAO","CAUCHO, técnicamente especificado (TSNR)",60480,"PALETAS","GUATEMALA"
"20760",2024,9,"OFICINA PUESTO DE CONTROL MARITIMO - PROV. CONST. DEL CALLAO","COCO, fibra (para sustrato)",38004.1,"PACAS","MEXICO"
"20761",2024,9,"PUERTO DE PAITA , PIURA","YUTE, sacos",28490,"FARDOS","INDIA"
"20762",2024,9,"OFICINA PUESTO DE CONTROL MARITIMO - PROV. CONST. DEL CALLAO","LUPULO, pellets",10500,"PALETAS","EEUU"
"20763",2024,9,"OFICINA PUESTO DE CONTROL MARITIMO - PROV. CONST. DEL CALLAO","ALGODON, fibra sin cardar ni peinar (>22.22 mm = o <28.57 mm)",79125,"FARDOS","EEUU"
"20764",2024,9,"OFICINA PUESTO DE CONTROL AEREO -  PROV. CONST. DEL CALLAO","YERBA MATE, secado industrial",6,"BOLSAS",NA
"20765",2024,9,"PUESTO DE CONTROL TERRESTRE DESAGUADERO","SOYA, torta",113000,"SACO(S)","BOLIVIA"
"20766",2024,9,"OFICINA PUESTO DE CONTROL MARITIMO - PROV. CONST. DEL CALLAO","MADERA, paletas con algún proceso de la CRF 2",180,"PALETAS","BRASIL"
"20767",2024,9,"OFICINA PUESTO DE CONTROL MARITIMO - PROV. CONST. DEL CALLAO","AVENA, grano trabajado (mondado, perlado, troceado o quebrantado)",78750,"SACO(S)","CHILE"
"20768",2024,9,"PUESTO DE CONTROL TERRESTRE DESAGUADERO","SOYA, grano",140000,"GRANEL","BOLIVIA"
"20769",2024,9,"OFICINA PUESTO DE CONTROL AEREO -  PROV. CONST. DEL CALLAO","MANI, grano sin cáscara",12500,"SACO(S)","BRASIL"
"20770",2024,9,"OFICINA PUESTO DE CONTROL MARITIMO - PROV. CONST. DEL CALLAO","MADERA, cajas con algún proceso de la CRF 2",125000,"UNIDADES","CHILE"
"20771",2024,9,"PUESTO DE CONTROL TERRESTRE DESAGUADERO","SOYA, grano",140000,"GRANEL","BOLIVIA"
"20772",2024,9,"PUERTO DE PAITA , PIURA","LENTEJA, grano",86728,"SACO(S)","CANADA"
"20773",2024,9,"PUESTO DE CONTROL TERRESTRE DESAGUADERO","SOYA, torta",146000,"SACO(S)","BOLIVIA"
"20774",2024,9,"PUESTO DE CONTROL TERRESTRE DESAGUADERO","SOYA, torta",177000,"SACO(S)","BOLIVIA"
"20775",2024,9,"PUESTO DE CONTROL TERRESTRE DESAGUADERO","SOYA, torta",146000,"SACO(S)","BOLIVIA"
"20776",2024,9,"PUESTO DE CONTROL TERRESTRE DESAGUADERO","SOYA, torta",146500,"SACO(S)","BOLIVIA"
"20777",2024,9,"OFICINA PUESTO DE CONTROL AEREO -  PROV. CONST. DEL CALLAO","AJI HABANERO, escamas",80,"CAJA(S)","ECUADOR"
"20778",2024,9,"OFICINA PUESTO DE CONTROL MARITIMO - PROV. CONST. DEL CALLAO","CIRUELA, seca industrialmente",20240,"CAJA(S)","CHILE"
"20779",2024,9,"PUESTO DE CONTROL TERRESTRE DESAGUADERO","SOYA, torta",29000,"SACO(S)","BOLIVIA"
"20780",2024,9,"PUESTO DE CONTROL TERRESTRE DESAGUADERO","SOYA, torta",83400,"GRANEL","BOLIVIA"
"20781",2024,9,"OFICINA PUESTO DE CONTROL MARITIMO - PROV. CONST. DEL CALLAO","AZUCAR BLANCA O REFINADA (lectura polarimetrica mayor 99.5°)",53000,"SACO(S)","COLOMBIA"
"20782",2024,9,"PUESTO DE CONTROL TERRESTRE DESAGUADERO","SOYA, torta",54000,"GRANEL","BOLIVIA"
"20783",2024,9,"AGUAS VERDES, TUMBES","PITAHAYA, fruto fresco",9720,"CAJA(S)","ECUADOR"
"20784",2024,9,"AGUAS VERDES, TUMBES","PAJA MACORA, paja seca al natural",1500,"FARDOS","ECUADOR"
"20785",2024,9,"OFICINA PUESTO DE CONTROL AEREO -  PROV. CONST. DEL CALLAO","ESPARRAGO, semilla",50,"BOLSAS","EEUU"
"20786",2024,9,"OFICINA PUESTO DE CONTROL MARITIMO - PROV. CONST. DEL CALLAO","MADERA, monturas y mangos de herramientas, monturas y mangos de cepillos, brochas o escobas, de madera; hormas, ensanchadores y tensores del calzado, de madera ; con algún proceso de la CRF 2",28520,"SACO(S)","CHINA"
"20787",2024,9,"OFICINA PUESTO DE CONTROL MARITIMO - PROV. CONST. DEL CALLAO","AZUCAR BLANCA O REFINADA (lectura polarimetrica mayor 99.5°)",25000,"SACO(S)","GUATEMALA"
"20788",2024,9,"OFICINA PUESTO DE CONTROL MARITIMO - PROV. CONST. DEL CALLAO","LENTEJA, grano",47174,"SACO(S)","EEUU"
"20789",2024,9,"OFICINA PUESTO DE CONTROL MARITIMO - PROV. CONST. DEL CALLAO","MAIZ, harina",55800,"PACAS","COLOMBIA"
"20790",2024,9,"OFICINA PUESTO DE CONTROL MARITIMO - PROV. CONST. DEL CALLAO","FREJOL CHINO Ó LOCTAO, grano",88000,"BOLSAS","COREA DEL SUR"
"20791",2024,9,"AGUAS VERDES, TUMBES","PITAHAYA, fruto fresco",9360,"CAJA(S)","ECUADOR"
"20792",2024,9,"OFICINA PUESTO DE CONTROL MARITIMO - PROV. CONST. DEL CALLAO","PERA, fruta fresca",22680,"CAJA(S)","ARGENTINA"
"20793",2024,9,"OFICINA PUESTO DE CONTROL MARITIMO - PROV. CONST. DEL CALLAO","PERA, fruta fresca",22680,"CAJA(S)","ARGENTINA"
"20794",2024,9,"OFICINA PUESTO DE CONTROL MARITIMO - PROV. CONST. DEL CALLAO","PERA, fruta fresca",22680,"CAJA(S)","ARGENTINA"
"20795",2024,9,"OFICINA PUESTO DE CONTROL MARITIMO - PROV. CONST. DEL CALLAO","PERA, fruta fresca",22680,"CAJA(S)","ARGENTINA"
"20796",2024,9,"OFICINA PUESTO DE CONTROL MARITIMO - PROV. CONST. DEL CALLAO","PERA, fruta fresca",22680,"CAJA(S)","ARGENTINA"
"20797",2024,9,"OFICINA PUESTO DE CONTROL MARITIMO - PROV. CONST. DEL CALLAO","PERA, fruta fresca",22680,"CAJA(S)","ARGENTINA"
"20798",2024,9,"OFICINA PUESTO DE CONTROL MARITIMO - PROV. CONST. DEL CALLAO","PERA, fruta fresca",22680,"CAJA(S)","ARGENTINA"
"20799",2024,9,"OFICINA PUESTO DE CONTROL MARITIMO - PROV. CONST. DEL CALLAO","PERA, fruta fresca",23814,"CAJA(S)","ARGENTINA"
"20800",2024,9,"OFICINA PUESTO DE CONTROL MARITIMO - PROV. CONST. DEL CALLAO","PERA, fruta fresca",25137,"CAJA(S)","ARGENTINA"
"20801",2024,9,"OFICINA PUESTO DE CONTROL MARITIMO - PROV. CONST. DEL CALLAO","PERA, fruta fresca",25137,"CAJA(S)","ARGENTINA"
"20802",2024,9,"OFICINA PUESTO DE CONTROL MARITIMO - PROV. CONST. DEL CALLAO","PERA, fruta fresca",22680,"CAJA(S)","ARGENTINA"
"20803",2024,9,"OFICINA PUESTO DE CONTROL MARITIMO - PROV. CONST. DEL CALLAO","PERA, fruta fresca",22680,"CAJA(S)","ARGENTINA"
"20804",2024,9,"OFICINA PUESTO DE CONTROL MARITIMO - PROV. CONST. DEL CALLAO","PERA, fruta fresca",22680,"CAJA(S)","ARGENTINA"
"20805",2024,9,"OFICINA PUESTO DE CONTROL MARITIMO - PROV. CONST. DEL CALLAO","SUSTRATO (en base a turba y fibra de coco)",20940,"FARDOS","ESPAÑA"
"20806",2024,9,"PUESTO DE CONTROL TERRESTRE DESAGUADERO","SOYA, torta",83640,"GRANEL","BOLIVIA"
"20807",2024,9,"OFICINA PUESTO DE CONTROL MARITIMO - PROV. CONST. DEL CALLAO","ACHIOTE, grano",50000,"SACO(S)","BRASIL"
"20808",2024,9,"OFICINA PUESTO DE CONTROL AEREO -  PROV. CONST. DEL CALLAO","MAIZ, harina",4500,"PALETAS","MEXICO"
"20809",2024,9,"PUESTO DE CONTROL TERRESTRE DESAGUADERO","SOYA, torta",84000,"GRANEL","BOLIVIA"
"20810",2024,9,"OFICINA PUESTO DE CONTROL MARITIMO - PROV. CONST. DEL CALLAO","GARBANZO, grano",23000,"SACO(S)","MEXICO"
"20811",2024,9,"OFICINA PUESTO DE CONTROL AEREO -  PROV. CONST. DEL CALLAO","YERBA MATE, secado industrial",500,"BOLSAS","BRASIL"
"20812",2024,9,"AGUAS VERDES, TUMBES","Las demás coniferas, las demas maderas aserradas o desbastadas longitudinalmente, cortada o desenrollada, incluso cepillada,lijada o unida por lo extremos, de espesor superior a 6 mm, con algun tratamiento de la CRF 2",29030,"PIEZAS","ECUADOR"
"20813",2024,9,"PUESTO DE CONTROL TERRESTRE DESAGUADERO","SOYA, torta",101000,"SACO(S)","BOLIVIA"
"20814",2024,9,"OFICINA PUESTO DE CONTROL MARITIMO - PROV. CONST. DEL CALLAO","PERA, fruta fresca",22680,"CAJA(S)","ARGENTINA"
"20815",2024,9,"PUESTO DE CONTROL TERRESTRE DESAGUADERO","SOYA, torta",126000,"SACO(S)","BOLIVIA"
"20816",2024,9,"PUESTO DE CONTROL TERRESTRE DESAGUADERO","SOYA, torta",145000,"SACO(S)","BOLIVIA"
"20817",2024,9,"OFICINA PUESTO DE CONTROL AEREO -  PROV. CONST. DEL CALLAO","MOSTAZA, grano",45.3592,"SACO(S)","EEUU"
"20818",2024,9,"OFICINA PUESTO DE CONTROL MARITIMO - PROV. CONST. DEL CALLAO","CAUCHO, hojas ahumadas",16000,"PACAS","VIETNAM"
"20819",2024,9,"OFICINA PUESTO DE CONTROL MARITIMO - PROV. CONST. DEL CALLAO","CAUCHO, técnicamente especificado (TSNR)",12000,"PACAS","VIETNAM"
"20820",2024,9,"PUERTO DE PAITA , PIURA","TURBA",203040,"BIG BAG","HOLANDA"
"20821",2024,9,"PUERTO DE PAITA , PIURA","TURBA",203040,"BIG BAG","HOLANDA"
"20822",2024,9,"OFICINA PUESTO DE CONTROL MARITIMO - PROV. CONST. DEL CALLAO","PERA, fruta fresca",22680,"CAJA(S)","ARGENTINA"
"20823",2024,9,"OFICINA PUESTO DE CONTROL MARITIMO - PROV. CONST. DEL CALLAO","PERA, fruta fresca",22680,"CAJA(S)","ARGENTINA"
"20824",2024,9,"OFICINA PUESTO DE CONTROL MARITIMO - PROV. CONST. DEL CALLAO","PERA, fruta fresca",22680,"CAJA(S)","ARGENTINA"
"20825",2024,9,"OFICINA PUESTO DE CONTROL MARITIMO - PROV. CONST. DEL CALLAO","COCO, fibra (para sustrato)",116650,"PALETAS","INDIA"
"20826",2024,9,"OFICINA PUESTO DE CONTROL MARITIMO - PROV. CONST. DEL CALLAO","MAIZ REVENTON, grano",52000,"SACO(S)","ARGENTINA"
"20827",2024,9,"OFICINA PUESTO DE CONTROL MARITIMO - PROV. CONST. DEL CALLAO","AZUCAR BLANCA O REFINADA (lectura polarimetrica mayor 99.5°)",265000,"SACO(S)","COLOMBIA"
"20828",2024,9,"PUESTO DE CONTROL TERRESTRE DESAGUADERO","SOYA, harina",145000,"SACO(S)","BOLIVIA"
"20829",2024,9,"OFICINA PUESTO DE CONTROL AEREO -  PROV. CONST. DEL CALLAO","ARANDANO, planta",1378.2,"BINES DE CARTON","CHILE"
"20830",2024,9,"OFICINA PUESTO DE CONTROL AEREO -  PROV. CONST. DEL CALLAO","ARROZ, grano pilado",1,"BOLSAS","PARAGUAY"
"20831",2024,9,"PUESTO DE CONTROL TERRESTRE DESAGUADERO","MANI, grano sin cáscara",83000,"SACO(S)","BOLIVIA"
"20832",2024,9,"OFICINA PUESTO DE CONTROL MARITIMO - PROV. CONST. DEL CALLAO","AJO, polvo",3000,"BOLSAS","CHINA"
"20833",2024,9,"PUESTO DE CONTROL TERRESTRE DESAGUADERO","SOYA, torta",20000,"GRANEL","BOLIVIA"
"20834",2024,9,"PUESTO DE CONTROL TERRESTRE DESAGUADERO","SOYA, torta",24970,"GRANEL","BOLIVIA"
"20835",2024,9,"OFICINA PUESTO DE CONTROL MARITIMO - PROV. CONST. DEL CALLAO","FLOR DE JAMAICA, seca natural",7050,"SACO(S)","NIGERIA"
"20836",2024,9,"OFICINA PUESTO DE CONTROL MARITIMO - PROV. CONST. DEL CALLAO","FLOR DE JAMAICA, seca natural",4320,"CAJA(S)","NIGERIA"
"20837",2024,9,"PUESTO DE CONTROL TERRESTRE DESAGUADERO","SOYA, torta",28000,"GRANEL","BOLIVIA"
"20838",2024,9,"PUESTO DE CONTROL TERRESTRE DESAGUADERO","SOYA, torta",8000,"GRANEL","BOLIVIA"
"20839",2024,9,"PUESTO DE CONTROL TERRESTRE DESAGUADERO","SOYA, torta",25990,"GRANEL","BOLIVIA"
"20840",2024,9,"OFICINA PUESTO DE CONTROL MARITIMO - PROV. CONST. DEL CALLAO","MAIZ AMARILLO DURO, grano",39085320,"GRANEL","ARGENTINA"
"20841",2024,9,"OFICINA PUESTO DE CONTROL MARITIMO - PROV. CONST. DEL CALLAO","MAIZ AMARILLO DURO, grano",15817010,"GRANEL","ARGENTINA"
"20842",2024,9,"PUESTO DE CONTROL TERRESTRE DESAGUADERO","SOYA, harina",116000,"SACO(S)","BOLIVIA"
"20843",2024,9,"OFICINA PUESTO DE CONTROL MARITIMO - PROV. CONST. DEL CALLAO","YUCA (=MANDIOCA), fécula",28000,"SACO(S)","PARAGUAY"
"20844",2024,9,"OFICINA PUESTO DE CONTROL MARITIMO - PROV. CONST. DEL CALLAO","YUCA (=MANDIOCA), fécula",28000,"SACO(S)","PARAGUAY"
"20845",2024,9,"OFICINA PUESTO DE CONTROL MARITIMO - PROV. CONST. DEL CALLAO","GIRASOL, grano",46000,"SACO(S)","ARGENTINA"
"20846",2024,9,"OFICINA PUESTO DE CONTROL MARITIMO - PROV. CONST. DEL CALLAO","Articulos de cesteria (canastos, cestos u otros), con algun proceso de la CRF2",672,"CAJA(S)","CHINA"
"20847",2024,9,"OFICINA PUESTO DE CONTROL MARITIMO - PROV. CONST. DEL CALLAO","LENTEJA, grano",157770,"SACO(S)","CANADA"
"20848",2024,9,"PUESTO DE CONTROL TERRESTRE DESAGUADERO","SOYA, torta",28030,"GRANEL","BOLIVIA"
"20849",2024,9,"OFICINA PUESTO DE CONTROL MARITIMO - PROV. CONST. DEL CALLAO","PAPA, hojuelas y pellets",20160,"SACO(S)","HOLANDA"
"20850",2024,9,"OFICINA PUESTO DE CONTROL MARITIMO - PROV. CONST. DEL CALLAO","UVA (PASAS), secas industrialmente",21000,"BOLSAS","CHILE"
"20851",2024,9,"PUESTO DE CONTROL TERRESTRE DESAGUADERO","SOYA, torta",84000,"GRANEL","BOLIVIA"
"20852",2024,9,"PUESTO DE CONTROL TERRESTRE DESAGUADERO","SOYA, torta",56040,"GRANEL","BOLIVIA"
"20853",2024,9,"PUESTO DE CONTROL TERRESTRE DESAGUADERO","SOYA, torta",114000,"GRANEL","BOLIVIA"
"20854",2024,9,"PUESTO DE CONTROL TERRESTRE DESAGUADERO","SOYA, torta",82600,"GRANEL","BOLIVIA"
"20855",2024,9,"PUESTO DE CONTROL TERRESTRE DESAGUADERO","SOYA, grano",55980,"GRANEL","BOLIVIA"
"20856",2024,9,"PUESTO DE CONTROL TERRESTRE DESAGUADERO","SOYA, grano",55980,"GRANEL","BOLIVIA"
"20857",2024,9,"PUESTO DE CONTROL TERRESTRE DESAGUADERO","SOYA, grano",55000,"GRANEL","BOLIVIA"
"20858",2024,9,"PUESTO DE CONTROL TERRESTRE DESAGUADERO","SOYA, grano",56000,"GRANEL","BOLIVIA"
"20859",2024,9,"PUESTO DE CONTROL TERRESTRE DESAGUADERO","SOYA, torta",56000,"GRANEL","BOLIVIA"
"20860",2024,9,"OFICINA PUESTO DE CONTROL MARITIMO - PROV. CONST. DEL CALLAO","LENTEJA, grano",23133,"SACO(S)","EEUU"
"20861",2024,9,"PUESTO DE CONTROL TERRESTRE DESAGUADERO","SOYA, torta",115000,"SACO(S)","BOLIVIA"
"20862",2024,9,"OFICINA PUESTO DE CONTROL MARITIMO - PROV. CONST. DEL CALLAO","PERA, fruta fresca",23058,"CAJA(S)","ARGENTINA"
"20863",2024,9,"OFICINA PUESTO DE CONTROL AEREO -  PROV. CONST. DEL CALLAO","ARANDANO, planta",787,"CAJA(S)","CHILE"
"20864",2024,9,"OFICINA PUESTO DE CONTROL AEREO -  PROV. CONST. DEL CALLAO","CORCHO, tapones",1,"BOLSAS","EEUU"
"20865",2024,9,"AGUAS VERDES, TUMBES","PIMIENTA, grano",12000,"SACO(S)","ECUADOR"
"20866",2024,9,"OFICINA PUESTO DE CONTROL MARITIMO - PROV. CONST. DEL CALLAO","TÉ VERDE, polvo",100,"CAJA(S)","CHINA"
"20867",2024,9,"IÑAPARI, MADRE DE DIOS","NUEZ DEL BRASIL, con cáscara seca al natural",24500,"GRANEL","BRASIL"
"20868",2024,9,"PUESTO DE CONTROL TERRESTRE DESAGUADERO","MAIZ AMARILLO DURO, grano",30000,"SACO(S)","BOLIVIA"
"20869",2024,9,"OFICINA PUESTO DE CONTROL MARITIMO - PROV. CONST. DEL CALLAO","ARROZ, harina",3000,"CAJA(S)","CHINA"
"20870",2024,9,"OFICINA PUESTO DE CONTROL MARITIMO - PROV. CONST. DEL CALLAO","MAIZ REVENTON, grano",78000,"SACO(S)","ARGENTINA"
"20871",2024,9,"PUESTO DE CONTROL TERRESTRE DESAGUADERO","SOYA, grano",84000,"GRANEL","BOLIVIA"
"20872",2024,9,"OFICINA PUESTO DE CONTROL MARITIMO - PROV. CONST. DEL CALLAO","PINO, madera aserrada con algún proceso de la CRF2",264635,"PAQUETES","CHILE"
"20873",2024,9,"OFICINA PUESTO DE CONTROL MARITIMO - PROV. CONST. DEL CALLAO","PINO, madera aserrada con algún proceso de la CRF2",189709,"PAQUETES","CHILE"
"20874",2024,9,"OFICINA PUESTO DE CONTROL MARITIMO - PROV. CONST. DEL CALLAO","PINO, madera aserrada con algún proceso de la CRF2",39340,"PAQUETES","CHILE"
"20875",2024,9,"OFICINA PUESTO DE CONTROL AEREO -  PROV. CONST. DEL CALLAO","TOMATE, semilla",0.56,"BOLSAS","EEUU"
"20876",2024,9,"OFICINA PUESTO DE CONTROL AEREO -  PROV. CONST. DEL CALLAO","SANDIA, semilla",33,"BOLSAS","EEUU"
"20877",2024,9,"OFICINA PUESTO DE CONTROL MARITIMO - PROV. CONST. DEL CALLAO","YUCA (=MANDIOCA), fécula",56000,"BOLSAS","PARAGUAY"
"20878",2024,9,"OFICINA PUESTO DE CONTROL AEREO -  PROV. CONST. DEL CALLAO","YUCA (=MANDIOCA), almidón",25,"BOLSAS","SINGAPUR"
"20879",2024,9,"OFICINA PUESTO DE CONTROL MARITIMO - PROV. CONST. DEL CALLAO","COMINO, grano",27000,"SACO(S)","INDIA"
"20880",2024,9,"OFICINA PUESTO DE CONTROL MARITIMO - PROV. CONST. DEL CALLAO","ALGODON, fibra sin cardar ni peinar (>28.57 mm = o <34.92 mm)",60124,"FARDOS","EEUU"
"20881",2024,9,"OFICINA PUESTO DE CONTROL MARITIMO - PROV. CONST. DEL CALLAO","GARBANZO, grano",22930,"SACO(S)","EEUU"
"20882",2024,9,"PUESTO DE CONTROL TERRESTRE DESAGUADERO","SOYA, torta",83000,"GRANEL","BOLIVIA"
"20883",2024,9,"PUESTO DE CONTROL TERRESTRE DESAGUADERO","SOYA, torta",84000,"GRANEL","BOLIVIA"
"20884",2024,9,"PUESTO DE CONTROL TERRESTRE DESAGUADERO","SOYA, torta",28000,"GRANEL","BOLIVIA"
"20885",2024,9,"PUESTO DE CONTROL TERRESTRE DESAGUADERO","SOYA, torta",4500,"GRANEL","BOLIVIA"
"20886",2024,9,"PUESTO DE CONTROL TERRESTRE DESAGUADERO","SOYA, torta",55980,"GRANEL","BOLIVIA"
"20887",2024,9,"PUESTO DE CONTROL TERRESTRE DESAGUADERO","SOYA, torta",82820,"GRANEL","BOLIVIA"
"20888",2024,9,"PUESTO DE CONTROL TERRESTRE DESAGUADERO","SOYA, torta",22500,"GRANEL","BOLIVIA"
"20889",2024,9,"PUESTO DE CONTROL TERRESTRE DESAGUADERO","SOYA, torta",84000,"GRANEL","BOLIVIA"
"20890",2024,9,"PUESTO DE CONTROL TERRESTRE DESAGUADERO","SOYA, torta",56000,"GRANEL","BOLIVIA"
"20891",2024,9,"PUESTO DE CONTROL TERRESTRE DESAGUADERO","SOYA, torta",28990,"GRANEL","BOLIVIA"
"20892",2024,9,"OFICINA PUESTO DE CONTROL MARITIMO - PROV. CONST. DEL CALLAO","ARANDANO, fruto seco industrial",1000,"CAJA(S)","CHILE"
"20893",2024,9,"OFICINA PUESTO DE CONTROL MARITIMO - PROV. CONST. DEL CALLAO","PERA, fruta fresca",45360,"CAJA(S)","ARGENTINA"
"20894",2024,9,"PUESTO DE CONTROL TERRESTRE DESAGUADERO","SOYA, torta",56000,"GRANEL","BOLIVIA"
"20895",2024,9,"OFICINA PUESTO DE CONTROL MARITIMO - PROV. CONST. DEL CALLAO","PERA, fruta fresca",22680,"CAJA(S)","ARGENTINA"
"20896",2024,9,"OFICINA PUESTO DE CONTROL MARITIMO - PROV. CONST. DEL CALLAO","ANIS O BADIANA, grano",25000,"SACO(S)","ESPAÑA"
"20897",2024,9,"OFICINA PUESTO DE CONTROL MARITIMO - PROV. CONST. DEL CALLAO","ALGODON, fibra sin cardar ni peinar (>22.22 mm = o <28.57 mm)",161426,"FARDOS","EEUU"
"20898",2024,9,"OFICINA PUESTO DE CONTROL MARITIMO - PROV. CONST. DEL CALLAO","MANZANA, fruto fresco",19756.8,"CAJA(S)","CHILE"
"20899",2024,9,"OFICINA PUESTO DE CONTROL AEREO -  PROV. CONST. DEL CALLAO","BRACHIARIA, semilla",6830,"SACO(S)","BRASIL"
"20900",2024,9,"PUESTO DE CONTROL TERRESTRE DESAGUADERO","MANI, grano sin cáscara",56000,"SACO(S)","BOLIVIA"
"20901",2024,9,"OFICINA PUESTO DE CONTROL AEREO -  PROV. CONST. DEL CALLAO","CEBOLLA, semilla",672.956,"SACHETS","CHILE"
"20902",2024,9,"OFICINA PUESTO DE CONTROL MARITIMO - PROV. CONST. DEL CALLAO","CAUCHO, hojas ahumadas",20000,"UNIDADES","VIETNAM"
"20903",2024,9,"OFICINA PUESTO DE CONTROL MARITIMO - PROV. CONST. DEL CALLAO","KIWI, fruto fresco",2400,"CAJA(S)","CHILE"
"20904",2024,9,"OFICINA PUESTO DE CONTROL MARITIMO - PROV. CONST. DEL CALLAO","MANZANA, fruto fresco",37161.6,"CAJA(S)","CHILE"
"20905",2024,9,"PUESTO DE CONTROL TERRESTRE DESAGUADERO","SOYA, harina",140000,"SACO(S)","BOLIVIA"
"20906",2024,9,"OFICINA PUESTO DE CONTROL MARITIMO - PROV. CONST. DEL CALLAO","Articulos para fiestas de navidad que sean o contengan material vegetal
",1116.721,"CAJA(S)","CHINA"
"20907",2024,9,"PUERTO DE MATARANI , AREQUIPA","TRIGO, grano",7237630,"GRANEL","CANADA"
"20908",2024,9,"PUERTO DE MATARANI , AREQUIPA","TRIGO, grano",13017130,"GRANEL","CANADA"
"20909",2024,9,"PUESTO DE CONTROL TERRESTRE DESAGUADERO","SOYA, harina",116000,"SACO(S)","BOLIVIA"
"20910",2024,9,"PUESTO DE CONTROL TERRESTRE DESAGUADERO","SOYA, torta",113932,"SACO(S)","BOLIVIA"
"20911",2024,9,"PUESTO DE CONTROL TERRESTRE DESAGUADERO","SOYA, harina",56000,"SACO(S)","BOLIVIA"
"20912",2024,9,"OFICINA PUESTO DE CONTROL MARITIMO - PROV. CONST. DEL CALLAO","YUTE, artículos de cestería (canastas, cestos, otros)",69.943,"BOLSAS","EEUU"
"20913",2024,9,"OFICINA PUESTO DE CONTROL MARITIMO - PROV. CONST. DEL CALLAO","MADERA, monturas y mangos de herramientas, monturas y mangos de cepillos, brochas o escobas, de madera; hormas, ensanchadores y tensores del calzado, de madera ; con algún proceso de la CRF 2",56329.6,"UNIDADES","CHINA"
"20914",2024,9,"OFICINA PUESTO DE CONTROL MARITIMO - PROV. CONST. DEL CALLAO","ARROZ, grano pilado",125000,"SACO(S)","URUGUAY"
"20915",2024,9,"OFICINA PUESTO DE CONTROL MARITIMO - PROV. CONST. DEL CALLAO","PERA, fruta fresca",22680,"CAJA(S)","ARGENTINA"
"20916",2024,9,"PUESTO DE CONTROL TERRESTRE DESAGUADERO","MAIZ AMARILLO DURO, grano",60000,"SACO(S)","BOLIVIA"
"20917",2024,9,"OFICINA PUESTO DE CONTROL MARITIMO - PROV. CONST. DEL CALLAO","PINO, madera aserrada con algún proceso de la CRF2",130360,"PAQUETES","CHILE"
"20918",2024,9,"OFICINA PUESTO DE CONTROL MARITIMO - PROV. CONST. DEL CALLAO","UVA (PASAS), secas industrialmente",21000,"CAJA(S)","CHILE"
"20919",2024,9,"OFICINA PUESTO DE CONTROL MARITIMO - PROV. CONST. DEL CALLAO","AZUCAR BLANCA O REFINADA (lectura polarimetrica mayor 99.5°)",13250,"SACO(S)","NICARAGUA"
"20920",2024,9,"OFICINA PUESTO DE CONTROL MARITIMO - PROV. CONST. DEL CALLAO","PLATANO, seco industrial",180,"BOLSA DE POLIETILENO","ECUADOR"
"20921",2024,9,"OFICINA PUESTO DE CONTROL MARITIMO - PROV. CONST. DEL CALLAO","TURBA",26600,"FARDOS","LITUANIA"
"20922",2024,9,"OFICINA PUESTO DE CONTROL MARITIMO - PROV. CONST. DEL CALLAO","MANZANA, fruto fresco",19551,"CAJA(S)","CHILE"
"20923",2024,9,"OFICINA PUESTO DE CONTROL MARITIMO - PROV. CONST. DEL CALLAO","MANZANA, fruto fresco",19551,"CAJA(S)","CHILE"
"20924",2024,9,"PUESTO DE CONTROL TERRESTRE DESAGUADERO","SOYA, torta",54000,"GRANEL","BOLIVIA"
"20925",2024,9,"AGUAS VERDES, TUMBES","CAÑA DE GUAYAQUIL, seca al natural",34000,"UNIDADES","ECUADOR"
"20926",2024,9,"PUERTO DE PAITA , PIURA","LENTEJA, grano",64900,"SACO(S)","CANADA"
"20927",2024,9,"SANTA ROSA, TACNA","GIRASOL, torta",127460,"LOTE(S)","CHILE"
"20928",2024,9,"PUESTO DE CONTROL TERRESTRE DESAGUADERO","SOYA, torta",80000,"GRANEL","BOLIVIA"
"20929",2024,9,"OFICINA PUESTO DE CONTROL MARITIMO - PROV. CONST. DEL CALLAO","AVENA, grano aplastado o en copos (hojuelas)",105000,"SACO(S)","CHILE"
"20930",2024,9,"OFICINA PUESTO DE CONTROL MARITIMO - PROV. CONST. DEL CALLAO","AVENA, grano aplastado o en copos (hojuelas)",26250,"SACO(S)","CHILE"
"20931",2024,9,"OFICINA PUESTO DE CONTROL MARITIMO - PROV. CONST. DEL CALLAO","ARROZ, grano pilado",125000,"SACO(S)","URUGUAY"
"20932",2024,9,"OFICINA PUESTO DE CONTROL MARITIMO - PROV. CONST. DEL CALLAO","PINO, madera aserrada con algún proceso de la CRF2",245422,"PAQUETES","CHILE"
"20933",2024,9,"OFICINA PUESTO DE CONTROL MARITIMO - PROV. CONST. DEL CALLAO","PINO, madera aserrada con algún proceso de la CRF2",14706,"PAQUETES","CHILE"
"20934",2024,9,"OFICINA PUESTO DE CONTROL MARITIMO - PROV. CONST. DEL CALLAO","PINO, madera aserrada con algún proceso de la CRF2",46625,"PAQUETES","CHILE"
"20935",2024,9,"PUESTO DE CONTROL TERRESTRE DESAGUADERO","SOYA, torta",56530,"GRANEL","BOLIVIA"
"20936",2024,9,"OFICINA PUESTO DE CONTROL MARITIMO - PROV. CONST. DEL CALLAO","UVA (PASAS), secas industrialmente",25000,"CAJA(S)","ARGENTINA"
"20937",2024,9,"OFICINA PUESTO DE CONTROL MARITIMO - PROV. CONST. DEL CALLAO","AZUCAR BLANCA O REFINADA (lectura polarimetrica mayor 99.5°)",134990,"SACO(S)","BRASIL"
"20938",2024,9,"OFICINA PUESTO DE CONTROL MARITIMO - PROV. CONST. DEL CALLAO","AZUCAR BLANCA O REFINADA (lectura polarimetrica mayor 99.5°)",135000,"SACO(S)","BRASIL"
"20939",2024,9,"PUESTO DE CONTROL TERRESTRE DESAGUADERO","MAIZ AMARILLO DURO, grano",60000,"SACO(S)","BOLIVIA"
"20940",2024,9,"OFICINA PUESTO DE CONTROL MARITIMO - PROV. CONST. DEL CALLAO","PINO, madera aserrada con tratamiento de secado al horno impregnación de sales",100189,"PAQUETES","CHILE"
"20941",2024,9,"OFICINA PUESTO DE CONTROL MARITIMO - PROV. CONST. DEL CALLAO","ALGODON, fibra sin cardar ni peinar (>22.22 mm = o <28.57 mm)",26455,"FARDOS","ARGENTINA"
"20942",2024,9,"OFICINA PUESTO DE CONTROL MARITIMO - PROV. CONST. DEL CALLAO","BAMBU, trenzas y artículos similares, de materia trenzable, incluso ensamblados en tiras, materia trenzable, trenzas y artículos similares de materia trenzable, tejidos o paralelizados, en forma plana, con algún proceso de la CRF 2",454.497,"CAJA(S)","CHINA"
"20943",2024,9,"PUESTO DE CONTROL TERRESTRE DESAGUADERO","SOYA, torta",116000,"SACO(S)","BOLIVIA"
"20944",2024,9,"OFICINA PUESTO DE CONTROL MARITIMO - PROV. CONST. DEL CALLAO","MANZANA, fruto fresco",81387.6,"CAJA(S)","CHILE"
"20945",2024,9,"OFICINA PUESTO DE CONTROL MARITIMO - PROV. CONST. DEL CALLAO","MANZANA, fruto fresco",19551,"CAJA(S)","CHILE"
"20946",2024,9,"OFICINA PUESTO DE CONTROL MARITIMO - PROV. CONST. DEL CALLAO","MANZANA, fruto fresco",21262.4,"CAJA(S)","CHILE"
"20947",2024,9,"PUESTO DE CONTROL TERRESTRE DESAGUADERO","SOYA, torta",58040,"GRANEL","BOLIVIA"
"20948",2024,9,"PUESTO DE CONTROL TERRESTRE DESAGUADERO","SOYA, torta",86500,"GRANEL","BOLIVIA"
"20949",2024,9,"OFICINA PUESTO DE CONTROL AEREO -  PROV. CONST. DEL CALLAO","MELON, semilla",0.918,"SACHETS","HOLANDA"
"20950",2024,9,"OFICINA PUESTO DE CONTROL AEREO -  PROV. CONST. DEL CALLAO","MELON, semilla",1.855,"SACHETS","EEUU"
"20951",2024,9,"OFICINA PUESTO DE CONTROL AEREO -  PROV. CONST. DEL CALLAO","PIMIENTO, semilla",1.116,"LATAS","EEUU"
"20952",2024,9,"OFICINA PUESTO DE CONTROL AEREO -  PROV. CONST. DEL CALLAO","CALABAZA MOSCADA, semilla",0.182,"SACHETS","JAPON"
"20953",2024,9,"OFICINA PUESTO DE CONTROL AEREO -  PROV. CONST. DEL CALLAO","ZAPALLO (CALABAZA AMARILLA), semilla",2.008,"SACHETS","JAPON"
"20954",2024,9,"OFICINA PUESTO DE CONTROL MARITIMO - PROV. CONST. DEL CALLAO","ALMENDRA, sin cáscara secado al natural",19958.4,"SACO(S)","EEUU"
"20955",2024,9,"OFICINA PUESTO DE CONTROL MARITIMO - PROV. CONST. DEL CALLAO","AJONJOLI, grano",27000,"SACO(S)","INDIA"
"20956",2024,9,"PUESTO DE CONTROL TERRESTRE DESAGUADERO","SOYA, torta",28000,"GRANEL","BOLIVIA"
"20957",2024,9,"PUESTO DE CONTROL TERRESTRE DESAGUADERO","SOYA, torta",28000,"GRANEL","BOLIVIA"
"20958",2024,9,"PUESTO DE CONTROL TERRESTRE DESAGUADERO","SOYA, torta",24500,"GRANEL","BOLIVIA"
"20959",2024,9,"OFICINA PUESTO DE CONTROL MARITIMO - PROV. CONST. DEL CALLAO","MARCOS, madera",1062.3,"UNIDADES","CHINA"
"20960",2024,9,"PUESTO DE CONTROL TERRESTRE DESAGUADERO","SOYA, torta",112000,"GRANEL","BOLIVIA"
"20961",2024,9,"IÑAPARI, MADRE DE DIOS","MAIZ AMARILLO DURO, grano",64000,"SACO(S)","BRASIL"
"20962",2024,9,"OFICINA PUESTO DE CONTROL MARITIMO - PROV. CONST. DEL CALLAO","MAIZ REVENTON, grano",78246,"SACO(S)","EEUU"
"20963",2024,9,"OFICINA PUESTO DE CONTROL MARITIMO - PROV. CONST. DEL CALLAO","ARVEJA, grano partido",46266,"SACO(S)","EEUU"
"20964",2024,9,"PUESTO DE CONTROL TERRESTRE DESAGUADERO","SOYA, torta",25000,"SACO(S)","BOLIVIA"
"20965",2024,9,"PUESTO DE CONTROL TERRESTRE DESAGUADERO","SOYA, torta",25000,"SACO(S)","BOLIVIA"
"20966",2024,9,"PUESTO DE CONTROL TERRESTRE DESAGUADERO","SOYA, torta",25000,"SACO(S)","BOLIVIA"
"20967",2024,9,"PUESTO DE CONTROL TERRESTRE DESAGUADERO","SOYA, harina",50000,"SACO(S)","BOLIVIA"
"20968",2024,9,"PUESTO DE CONTROL TERRESTRE DESAGUADERO","GIRASOL, torta",28720,"GRANEL","BOLIVIA"
"20969",2024,9,"OFICINA PUESTO DE CONTROL MARITIMO - PROV. CONST. DEL CALLAO","GARBANZO, grano",24993,"SACO(S)","CANADA"
"20970",2024,9,"OFICINA PUESTO DE CONTROL MARITIMO - PROV. CONST. DEL CALLAO","MAIZ REVENTON, grano",46000,"SACO(S)","ARGENTINA"
"20971",2024,9,"PUESTO DE CONTROL TERRESTRE DESAGUADERO","SOYA, torta",174000,"SACO(S)","BOLIVIA"
"20972",2024,9,"OFICINA PUESTO DE CONTROL MARITIMO - PROV. CONST. DEL CALLAO","MANZANA, fruto fresco",19551,"CAJA(S)","CHILE"
"20973",2024,9,"OFICINA PUESTO DE CONTROL MARITIMO - PROV. CONST. DEL CALLAO","MANZANA, fruto fresco",19796,"CAJA(S)","CHILE"
"20974",2024,9,"IÑAPARI, MADRE DE DIOS","MAIZ AMARILLO DURO, grano",48000,"SACO(S)","BRASIL"
"20975",2024,9,"PUESTO DE CONTROL TERRESTRE DESAGUADERO","SOYA, grano",55980,"GRANEL","BOLIVIA"
"20976",2024,9,"PUESTO DE CONTROL TERRESTRE DESAGUADERO","SOYA, grano",109980,"GRANEL","BOLIVIA"
"20977",2024,9,"PUESTO DE CONTROL TERRESTRE DESAGUADERO","SOYA, torta",84550,"GRANEL","BOLIVIA"
"20978",2024,9,"PUESTO DE CONTROL TERRESTRE DESAGUADERO","GIRASOL, torta",56070,"GRANEL","BOLIVIA"
"20979",2024,9,"PUESTO DE CONTROL TERRESTRE DESAGUADERO","SOYA, torta",86980,"GRANEL","BOLIVIA"
"20980",2024,9,"PUESTO DE CONTROL TERRESTRE DESAGUADERO","SOYA, torta",4480,"GRANEL","BOLIVIA"
"20981",2024,9,"PUESTO DE CONTROL TERRESTRE DESAGUADERO","SOYA, harina",175000,"SACO(S)","BOLIVIA"
"20982",2024,9,"PUERTO DE PAITA , PIURA","GARBANZO, grano",46000,"SACO(S)","MEXICO"
"20983",2024,9,"OFICINA PUESTO DE CONTROL MARITIMO - PROV. CONST. DEL CALLAO","MARCOS, madera",133.106,"CAJA(S)","EL SALVADOR"
"20984",2024,9,"OFICINA PUESTO DE CONTROL MARITIMO - PROV. CONST. DEL CALLAO","BAMBU, artículos de cestería obtenidos directamente en su forma con materia trenzable con algún proceso de la CRF 2",362.575,"CAJA(S)","EL SALVADOR"
"20985",2024,9,"OFICINA PUESTO DE CONTROL MARITIMO - PROV. CONST. DEL CALLAO","Articulos para fiestas de navidad que sean o contengan material vegetal
",147.342,"CAJA(S)","EL SALVADOR"
"20986",2024,9,"OFICINA PUESTO DE CONTROL MARITIMO - PROV. CONST. DEL CALLAO","Articulos para fiestas de navidad que sean o contengan material vegetal
",441.436,"CAJA(S)","PANAMA"
"20987",2024,9,"OFICINA PUESTO DE CONTROL MARITIMO - PROV. CONST. DEL CALLAO","Articulos para fiestas de navidad que sean o contengan material vegetal
",74.187,"CAJA(S)","EL SALVADOR"
"20988",2024,9,"OFICINA PUESTO DE CONTROL MARITIMO - PROV. CONST. DEL CALLAO","Articulos para fiestas de navidad que sean o contengan material vegetal
",86.603,"CAJA(S)","EL SALVADOR"
"20989",2024,9,"OFICINA PUESTO DE CONTROL MARITIMO - PROV. CONST. DEL CALLAO","MADERA, cajas con algún proceso de la CRF 2",338.466,"CAJA(S)","EL SALVADOR"
"20990",2024,9,"OFICINA PUESTO DE CONTROL MARITIMO - PROV. CONST. DEL CALLAO","Articulos para fiestas de navidad que sean o contengan material vegetal
",158.938,"CAJA(S)","EL SALVADOR"
"20991",2024,9,"OFICINA PUESTO DE CONTROL MARITIMO - PROV. CONST. DEL CALLAO","Los demas articulos para fiesta, carnaval u otras diversiones, incluidos los de magia y articulos sorpresa que sean o contengan material vegetal
",140.011,"CAJA(S)","EL SALVADOR"
"20992",2024,9,"OFICINA PUESTO DE CONTROL MARITIMO - PROV. CONST. DEL CALLAO","MARCOS, madera",54.169,"CAJA(S)","EL SALVADOR"
"20993",2024,9,"OFICINA PUESTO DE CONTROL MARITIMO - PROV. CONST. DEL CALLAO","MADERA, cajas con algún proceso de la CRF 2",61.408,"CAJA(S)","EL SALVADOR"
"20994",2024,9,"OFICINA PUESTO DE CONTROL MARITIMO - PROV. CONST. DEL CALLAO","BAMBU, artículos de cestería obtenidos directamente en su forma con materia trenzable con algún proceso de la CRF 2",73.464,"CAJA(S)","EL SALVADOR"
"20995",2024,9,"OFICINA PUESTO DE CONTROL MARITIMO - PROV. CONST. DEL CALLAO","Los demas articulos de cesteria con algun proceso de CRF 2",229.836,"CAJA(S)","EL SALVADOR"
"20996",2024,9,"OFICINA PUESTO DE CONTROL MARITIMO - PROV. CONST. DEL CALLAO","MARCOS, madera",175.484,"CAJA(S)","EL SALVADOR"
"20997",2024,9,"OFICINA PUESTO DE CONTROL MARITIMO - PROV. CONST. DEL CALLAO","MARCOS, madera",4.305,"CAJA(S)","EL SALVADOR"
"20998",2024,9,"OFICINA PUESTO DE CONTROL MARITIMO - PROV. CONST. DEL CALLAO","Los demas articulos de cesteria con algun proceso de CRF 2",559.359,"CAJA(S)","EL SALVADOR"
"20999",2024,9,"OFICINA PUESTO DE CONTROL AEREO -  PROV. CONST. DEL CALLAO","PEPINILLO, semilla",0.79,"SACHETS","EEUU"
"21000",2024,9,"OFICINA PUESTO DE CONTROL MARITIMO - PROV. CONST. DEL CALLAO","PERA, fruta fresca",22680,"CAJA(S)","ARGENTINA"
"21001",2024,9,"OFICINA PUESTO DE CONTROL MARITIMO - PROV. CONST. DEL CALLAO","UVA (PASAS), secas industrialmente",25000,"CAJA(S)","ARGENTINA"
"21002",2024,9,"OFICINA PUESTO DE CONTROL MARITIMO - PROV. CONST. DEL CALLAO","ALFALFA, semilla",17500,"BOLSAS","EEUU"
"21003",2024,9,"OFICINA PUESTO DE CONTROL MARITIMO - PROV. CONST. DEL CALLAO","AVENA, grano aplastado o en copos (hojuelas)",26250,"SACO(S)","CHILE"
"21004",2024,9,"OFICINA PUESTO DE CONTROL MARITIMO - PROV. CONST. DEL CALLAO","PINO, postes de madera con algun proceso de la CRF 2",102921,"PIEZAS","EEUU"
"21005",2024,9,"PUESTO DE CONTROL TERRESTRE DESAGUADERO","SOYA, grano",84000,"SACO(S)","BOLIVIA"
"21006",2024,9,"OFICINA PUESTO DE CONTROL MARITIMO - PROV. CONST. DEL CALLAO","FLOR DE JAMAICA, seca natural",11425,"SACO(S)","NIGERIA"
"21007",2024,9,"PUESTO DE CONTROL TERRESTRE DESAGUADERO","SOYA, torta",204000,"SACO(S)","BOLIVIA"
"21008",2024,9,"OFICINA PUESTO DE CONTROL MARITIMO - PROV. CONST. DEL CALLAO","GARBANZO, grano",22910,"SACO(S)","EEUU"
"21009",2024,9,"PUESTO DE CONTROL TERRESTRE DESAGUADERO","SOYA, torta",55520,"GRANEL","BOLIVIA"
"21010",2024,9,"OFICINA PUESTO DE CONTROL MARITIMO - PROV. CONST. DEL CALLAO","RYEGRASS INGLES, semilla",20021.4,"SACO(S)","ESPAÑA"
"21011",2024,9,"OFICINA PUESTO DE CONTROL AEREO -  PROV. CONST. DEL CALLAO","BROCOLI, semilla",3.995,"SACHETS","HOLANDA"
"21012",2024,9,"OFICINA PUESTO DE CONTROL MARITIMO - PROV. CONST. DEL CALLAO","MADERA, herramientas de madera con algún proceso de la CRF2",155.114,"PIEZAS","MEXICO"
"21013",2024,9,"OFICINA PUESTO DE CONTROL AEREO -  PROV. CONST. DEL CALLAO","ZANAHORIA, semilla",50,"BOLSAS","JAPON"
"21014",2024,9,"OFICINA PUESTO DE CONTROL MARITIMO - PROV. CONST. DEL CALLAO","MADERA, monturas y mangos de herramientas, monturas y mangos de cepillos, brochas o escobas, de madera; hormas, ensanchadores y tensores del calzado, de madera ; con algún proceso de la CRF 2",171.733,"PIEZAS","MEXICO"
"21015",2024,9,"OFICINA PUESTO DE CONTROL MARITIMO - PROV. CONST. DEL CALLAO","MADERA, herramientas de madera con algún proceso de la CRF2",178.406,"PIEZAS","MEXICO"
"21016",2024,9,"OFICINA PUESTO DE CONTROL MARITIMO - PROV. CONST. DEL CALLAO","MADERA, monturas y mangos de herramientas, monturas y mangos de cepillos, brochas o escobas, de madera; hormas, ensanchadores y tensores del calzado, de madera ; con algún proceso de la CRF 2",0.48,"PIEZAS","MEXICO"
"21017",2024,9,"OFICINA PUESTO DE CONTROL MARITIMO - PROV. CONST. DEL CALLAO","AZUCAR BLANCA O REFINADA (lectura polarimetrica mayor 99.5°)",132500,"SACO(S)","COLOMBIA"
"21018",2024,9,"OFICINA PUESTO DE CONTROL MARITIMO - PROV. CONST. DEL CALLAO","AZUCAR BLANCA O REFINADA (lectura polarimetrica mayor 99.5°)",2e+05,"BIG BAG","GUATEMALA"
"21019",2024,9,"OFICINA PUESTO DE CONTROL MARITIMO - PROV. CONST. DEL CALLAO","AZUCAR BLANCA O REFINADA (lectura polarimetrica mayor 99.5°)",65000,"SACO(S)","GUATEMALA"
"21020",2024,9,"PUESTO DE CONTROL TERRESTRE DESAGUADERO","SOYA, torta",55528,"SACO(S)","BOLIVIA"
"21021",2024,9,"PUESTO DE CONTROL TERRESTRE DESAGUADERO","SOYA, torta",177000,"SACO(S)","BOLIVIA"
"21022",2024,9,"OFICINA PUESTO DE CONTROL MARITIMO - PROV. CONST. DEL CALLAO","UVA (PASAS), secas naturalmente",20000,"CAJA(S)","CHILE"
"21023",2024,9,"OFICINA PUESTO DE CONTROL MARITIMO - PROV. CONST. DEL CALLAO","UVA (PASAS), secas industrialmente",20000,"CAJA(S)","CHILE"
"21024",2024,9,"OFICINA PUESTO DE CONTROL MARITIMO - PROV. CONST. DEL CALLAO","PINO, madera aserrada con algún proceso de la CRF2",45680,"PAQUETES","CHILE"
"21025",2024,9,"OFICINA PUESTO DE CONTROL MARITIMO - PROV. CONST. DEL CALLAO","MANZANA, fruto fresco",59309.6,"CAJA(S)","CHILE"
"21026",2024,9,"OFICINA PUESTO DE CONTROL MARITIMO - PROV. CONST. DEL CALLAO","MANZANA, fruto fresco",19796,"CAJA(S)","CHILE"
"21027",2024,9,"OFICINA PUESTO DE CONTROL MARITIMO - PROV. CONST. DEL CALLAO","Articulos para fiestas de navidad que sean o contengan material vegetal
",2841.429,"CAJA(S)","CHINA"
"21028",2024,9,"OFICINA PUESTO DE CONTROL MARITIMO - PROV. CONST. DEL CALLAO","MANZANA, fruto fresco",19756.8,"CAJA(S)","CHILE"
"21029",2024,9,"PUESTO DE CONTROL TERRESTRE DESAGUADERO","SOYA, torta",81900,"GRANEL","BOLIVIA"
"21030",2024,9,"OFICINA PUESTO DE CONTROL MARITIMO - PROV. CONST. DEL CALLAO","PAPA, fécula",120000,"BOLSAS","SUECIA"
"21031",2024,9,"IÑAPARI, MADRE DE DIOS","MAIZ AMARILLO DURO, grano",32000,"GRANEL","BRASIL"
"21032",2024,9,"OFICINA PUESTO DE CONTROL MARITIMO - PROV. CONST. DEL CALLAO","GARBANZO, grano",23000,"SACO(S)","MEXICO"
"21033",2024,9,"OFICINA PUESTO DE CONTROL MARITIMO - PROV. CONST. DEL CALLAO","AVENA, grano trabajado (mondado, perlado, troceado o quebrantado)",24000,"SACO(S)","CHILE"
"21034",2024,9,"OFICINA PUESTO DE CONTROL MARITIMO - PROV. CONST. DEL CALLAO","AZUCAR BLANCA O REFINADA (lectura polarimetrica mayor 99.5°)",134520,"SACO(S)","BRASIL"
"21035",2024,9,"OFICINA PUESTO DE CONTROL MARITIMO - PROV. CONST. DEL CALLAO","AZUCAR BLANCA O REFINADA (lectura polarimetrica mayor 99.5°)",133110,"SACO(S)","BRASIL"
"21036",2024,9,"OFICINA PUESTO DE CONTROL MARITIMO - PROV. CONST. DEL CALLAO","UVA (PASAS), secas industrialmente",25000,"CAJA(S)","ARGENTINA"
"21037",2024,9,"SANTA ROSA, TACNA","Guadañadoras, incluidas barras de corte para montar sobre un tractor usadas
",487.671,"UNIDADES","HOLANDA"
"21038",2024,9,"SANTA ROSA, TACNA","Prensas para paja o forraje, incluidas prensas recogedoras usadas
",8412.329,"UNIDADES","HOLANDA"
"21039",2024,9,"OFICINA PUESTO DE CONTROL AEREO -  PROV. CONST. DEL CALLAO","MELON, semilla",0.365,"BOLSAS","EEUU"
"21040",2024,9,"OFICINA PUESTO DE CONTROL AEREO -  PROV. CONST. DEL CALLAO","SANDIA, semilla",3.39,"BOLSAS","EEUU"
"21041",2024,9,"OFICINA PUESTO DE CONTROL MARITIMO - PROV. CONST. DEL CALLAO","COCO, fibra (para sustrato)",93410,"PIEZAS","SRI LANKA"
"21042",2024,9,"OFICINA PUESTO DE CONTROL MARITIMO - PROV. CONST. DEL CALLAO","COCO, fibra (para sustrato)",212060,"PIEZAS","SRI LANKA"
"21043",2024,9,"PUESTO DE CONTROL TERRESTRE DESAGUADERO","SOYA, torta",84000,"GRANEL","BOLIVIA"
"21044",2024,9,"OFICINA PUESTO DE CONTROL MARITIMO - PROV. CONST. DEL CALLAO","Articulos para fiestas de navidad que sean o contengan material vegetal
",207.289,"CAJA(S)","CHINA"
"21045",2024,9,"OFICINA PUESTO DE CONTROL MARITIMO - PROV. CONST. DEL CALLAO","MAIZ, harina",78000,"PACAS","COLOMBIA"
"21046",2024,9,"OFICINA PUESTO DE CONTROL MARITIMO - PROV. CONST. DEL CALLAO","MANZANA, fruto fresco",19551,"CAJA(S)","CHILE"
"21047",2024,9,"OFICINA PUESTO DE CONTROL MARITIMO - PROV. CONST. DEL CALLAO","UVA (PASAS), secas naturalmente",60000,"CAJA(S)","ARGENTINA"
"21048",2024,9,"OFICINA PUESTO DE CONTROL MARITIMO - PROV. CONST. DEL CALLAO","PINO, madera aserrada con tratamiento de secado al horno impregnación de sales",46150,"PAQUETES","CHILE"
"21049",2024,9,"OFICINA PUESTO DE CONTROL MARITIMO - PROV. CONST. DEL CALLAO","MANZANA, fruto fresco",20580,"CAJA(S)","EEUU"
"21050",2024,9,"AGUAS VERDES, TUMBES","CAÑA DE GUAYAQUIL, seca al natural",34000,"UNIDADES","ECUADOR"
"21051",2024,9,"PUESTO DE CONTROL TERRESTRE DESAGUADERO","SOYA, grano",140000,"GRANEL","BOLIVIA"
"21052",2024,9,"PUESTO DE CONTROL TERRESTRE DESAGUADERO","SOYA, grano",140000,"GRANEL","BOLIVIA"
"21053",2024,9,"PUESTO DE CONTROL TERRESTRE DESAGUADERO","SOYA, grano",140000,"GRANEL","BOLIVIA"
"21054",2024,9,"OFICINA PUESTO DE CONTROL AEREO -  PROV. CONST. DEL CALLAO","BERENJENA, semilla",0.056,"SACHETS","HOLANDA"
"21055",2024,9,"OFICINA PUESTO DE CONTROL AEREO -  PROV. CONST. DEL CALLAO","ZAPALLO (CALABAZA AMARILLA), semilla",8.74,"SACHETS","HOLANDA"
"21056",2024,9,"OFICINA PUESTO DE CONTROL AEREO -  PROV. CONST. DEL CALLAO","BERENJENA, semilla",0.034,"SACHETS","HOLANDA"
"21057",2024,9,"OFICINA PUESTO DE CONTROL AEREO -  PROV. CONST. DEL CALLAO","TOMATE, semilla",0.179,"SACHETS","EEUU"
"21058",2024,9,"OFICINA PUESTO DE CONTROL AEREO -  PROV. CONST. DEL CALLAO","PIMIENTO, semilla",0.246,"SACHETS","ESPAÑA"
"21059",2024,9,"OFICINA PUESTO DE CONTROL MARITIMO - PROV. CONST. DEL CALLAO","MANZANA, fruto fresco",19551,"CAJA(S)","CHILE"
"21060",2024,9,"OFICINA PUESTO DE CONTROL MARITIMO - PROV. CONST. DEL CALLAO","MANZANA, fruto fresco",39664,"CAJA(S)","CHILE"
"21061",2024,9,"OFICINA PUESTO DE CONTROL AEREO -  PROV. CONST. DEL CALLAO","ANIS O BADIANA, semilla seca triturada",0.9,"BOLSAS","TURQUIA"
"21062",2024,9,"PUESTO DE CONTROL TERRESTRE DESAGUADERO","SOYA, torta",76000,"GRANEL","BOLIVIA"
"21063",2024,9,"PUESTO DE CONTROL TERRESTRE DESAGUADERO","SOYA, torta",55500,"GRANEL","BOLIVIA"
"21064",2024,9,"PUESTO DE CONTROL TERRESTRE DESAGUADERO","SOYA, torta",114500,"SACO(S)","BOLIVIA"
"21065",2024,9,"PUESTO DE CONTROL TERRESTRE DESAGUADERO","SOYA, harina",174000,"SACO(S)","BOLIVIA"
"21066",2024,9,"SANTA ROSA, TACNA","SALVADOS, moyuelos y demas residuos del cernido, de la molienda o de otros tratamientos del trigo",28000,"SACO(S)","CHILE"
"21067",2024,9,"SANTA ROSA, TACNA","TRIGO, afrecho seco industrial",56000,"SACO(S)","CHILE"
"21068",2024,9,"OFICINA PUESTO DE CONTROL AEREO -  PROV. CONST. DEL CALLAO","PIMIENTA, molida",14,"UNIDADES","PANAMA"
"21069",2024,9,"OFICINA PUESTO DE CONTROL MARITIMO - PROV. CONST. DEL CALLAO","MAIZ REVENTON, grano",389850,"SACO(S)","ARGENTINA"
"21070",2024,9,"AGUAS VERDES, TUMBES","ROSA, flores frescas cortadas",5176,"CAJA(S)","ECUADOR"
"21071",2024,9,"AGUAS VERDES, TUMBES","CLAVEL, flores frescas cortadas",150,"CAJA(S)","ECUADOR"
"21072",2024,9,"AGUAS VERDES, TUMBES","CRISANTEMO, los demas flores frescas cortadas",250,"CAJA(S)","ECUADOR"
"21073",2024,9,"PUESTO DE CONTROL TERRESTRE DESAGUADERO","SOYA, torta",49000,"GRANEL","BOLIVIA"
"21074",2024,9,"AGUAS VERDES, TUMBES","ROSA, flores frescas cortadas",9174,"CAJA(S)","ECUADOR"
"21075",2024,9,"AGUAS VERDES, TUMBES","CLAVEL, flores frescas cortadas",1122,"CAJA(S)","ECUADOR"
"21076",2024,9,"AGUAS VERDES, TUMBES","CRISANTEMO, flores frescas cortadas",242,"CAJA(S)","ECUADOR"
"21077",2024,9,"AGUAS VERDES, TUMBES","LILIUM (=AZUCENA), flores frescas cortadas",89,"CAJA(S)","ECUADOR"
"21078",2024,9,"OFICINA PUESTO DE CONTROL AEREO -  PROV. CONST. DEL CALLAO","PALMA ACEITERA, semilla germinada",31.7,"CAJA(S)","COLOMBIA"
"21079",2024,9,"OFICINA PUESTO DE CONTROL AEREO -  PROV. CONST. DEL CALLAO","PALMA ACEITERA, semilla germinada",231.3,"CAJA(S)","COLOMBIA"
"21080",2024,9,"OFICINA PUESTO DE CONTROL AEREO -  PROV. CONST. DEL CALLAO","MADERA, cajas con algún proceso de la CRF 2",22.84,"UNIDADES","EEUU"
"21081",2024,9,"OFICINA PUESTO DE CONTROL AEREO -  PROV. CONST. DEL CALLAO","PALMA ACEITERA, semilla germinada",31.7,"CAJA(S)","COLOMBIA"
"21082",2024,9,"AGUAS VERDES, TUMBES","PITAHAYA, fruto fresco",9460,"CAJA(S)","ECUADOR"
"21083",2024,9,"OFICINA PUESTO DE CONTROL MARITIMO - PROV. CONST. DEL CALLAO","Articulos para fiestas de navidad que sean o contengan material vegetal
",3154,"UNIDADES","CHINA"
"21084",2024,9,"OFICINA PUESTO DE CONTROL MARITIMO - PROV. CONST. DEL CALLAO","PINO, postes de madera con algun proceso de la CRF 2",175824,"PIEZAS","EEUU"
"21085",2024,9,"SANTA ROSA, TACNA","TRACTOR USADO, con motor de potencia superior a 33 kW pero inferior o igual a 75 kW",4000,"UNIDADES","CHINA"
"21086",2024,9,"PUESTO DE CONTROL TERRESTRE DESAGUADERO","SOYA, torta",58020,"GRANEL","BOLIVIA"
"21087",2024,9,"PUESTO DE CONTROL TERRESTRE DESAGUADERO","SOYA, torta",55110,"GRANEL","BOLIVIA"
"21088",2024,9,"SANTA ROSA, TACNA","TRACTOR USADO, con motor de potencia superior a 33 kW pero inferior o igual a 75 kW",4000,"UNIDADES","CHINA"
"21089",2024,9,"SANTA ROSA, TACNA","TRACTOR USADO, con motor de potencia superior a 33 kW pero inferior o igual a 75 kW",4000,"UNIDADES","CHINA"
"21090",2024,9,"PUESTO DE CONTROL TERRESTRE DESAGUADERO","SOYA, torta",28000,"GRANEL","BOLIVIA"
"21091",2024,9,"PUESTO DE CONTROL TERRESTRE DESAGUADERO","SOYA, torta",85000,"GRANEL","BOLIVIA"
"21092",2024,9,"PUESTO DE CONTROL TERRESTRE DESAGUADERO","SOYA, torta",28000,"GRANEL","BOLIVIA"
"21093",2024,9,"PUESTO DE CONTROL TERRESTRE DESAGUADERO","SOYA, torta",28000,"GRANEL","BOLIVIA"
"21094",2024,9,"PUESTO DE CONTROL TERRESTRE DESAGUADERO","SOYA, torta",75017,"SACO(S)","BOLIVIA"
"21095",2024,9,"PUESTO DE CONTROL TERRESTRE DESAGUADERO","SOYA, torta",56000,"GRANEL","BOLIVIA"
"21096",2024,9,"OFICINA PUESTO DE CONTROL AEREO -  PROV. CONST. DEL CALLAO","COL, semilla",0.324,"SACHETS","HOLANDA"
"21097",2024,9,"OFICINA PUESTO DE CONTROL MARITIMO - PROV. CONST. DEL CALLAO","NARANJA, fruto fresco",24000,"CAJA(S)","CHILE"
"21098",2024,9,"PUESTO DE CONTROL TERRESTRE DESAGUADERO","SOYA, torta",172500,"SACO(S)","BOLIVIA"
"21099",2024,9,"AGUAS VERDES, TUMBES","Las demás coniferas, las demas maderas aserradas o desbastadas longitudinalmente, cortada o desenrollada, incluso cepillada,lijada o unida por lo extremos, de espesor superior a 6 mm, con algun tratamiento de la CRF 2",52340,"PIEZAS","ECUADOR"
"21100",2024,9,"PUESTO DE CONTROL TERRESTRE DESAGUADERO","SOYA, torta",145000,"SACO(S)","BOLIVIA"
"21101",2024,9,"PUESTO DE CONTROL TERRESTRE DESAGUADERO","SOYA, torta",143500,"SACO(S)","BOLIVIA"
"21102",2024,9,"OFICINA PUESTO DE CONTROL MARITIMO - PROV. CONST. DEL CALLAO","AVENA, grano",8e+06,"GRANEL","CANADA"
"21103",2024,9,"OFICINA PUESTO DE CONTROL MARITIMO - PROV. CONST. DEL CALLAO","AZUCAR CRUDA, sólido",250000,"SACO(S)","NICARAGUA"
"21104",2024,9,"OFICINA PUESTO DE CONTROL MARITIMO - PROV. CONST. DEL CALLAO","AZUCAR CRUDA, sólido",250000,"SACO(S)","EL SALVADOR"
"21105",2024,9,"OFICINA PUESTO DE CONTROL MARITIMO - PROV. CONST. DEL CALLAO","ALGODON, fibra sin cardar ni peinar (>28.57 mm = o <34.92 mm)",79830,"FARDOS","EEUU"
"21106",2024,9,"OFICINA PUESTO DE CONTROL MARITIMO - PROV. CONST. DEL CALLAO","MANZANA, fruto fresco",20188,"CAJA(S)","EEUU"
"21107",2024,9,"OFICINA PUESTO DE CONTROL MARITIMO - PROV. CONST. DEL CALLAO","UVA (PASAS), secas industrialmente",21000,"CAJA(S)","CHILE"
"21108",2024,9,"PUESTO DE CONTROL TERRESTRE DESAGUADERO","SOYA, torta",54000,"GRANEL","BOLIVIA"
"21109",2024,9,"OFICINA PUESTO DE CONTROL MARITIMO - PROV. CONST. DEL CALLAO","AZUCAR CRUDA, sólido",260000,"SACO(S)","BRASIL"
"21110",2024,9,"PUESTO DE CONTROL TERRESTRE DESAGUADERO","SOYA, torta",56290,"GRANEL","BOLIVIA"
"21111",2024,9,"PUESTO DE CONTROL TERRESTRE DESAGUADERO","SOYA, harina",116000,"SACO(S)","BOLIVIA"
"21112",2024,9,"OFICINA PUESTO DE CONTROL MARITIMO - PROV. CONST. DEL CALLAO","PINO, postes de madera con algun proceso de la CRF 2",79038,"PAQUETES","CHILE"
"21113",2024,9,"OFICINA PUESTO DE CONTROL MARITIMO - PROV. CONST. DEL CALLAO","PINO, postes de madera con algun proceso de la CRF 2",83732,"PAQUETES","CHILE"
"21114",2024,9,"OFICINA PUESTO DE CONTROL MARITIMO - PROV. CONST. DEL CALLAO","GARBANZO, grano",48000,"SACO(S)","MEXICO"
"21115",2024,9,"PUESTO DE CONTROL TERRESTRE DESAGUADERO","SOYA, torta",1e+05,"SACO(S)","BOLIVIA"
"21116",2024,9,"PUESTO DE CONTROL TERRESTRE DESAGUADERO","SOYA, harina",145000,"SACO(S)","PERU"
"21117",2024,9,"PUESTO DE CONTROL TERRESTRE DESAGUADERO","SOYA, torta",174000,"SACO(S)","BOLIVIA"
"21118",2024,9,"OFICINA PUESTO DE CONTROL MARITIMO - PROV. CONST. DEL CALLAO","YUTE, sacos",16650,"FARDOS","INDIA"
"21119",2024,9,"PUERTO DE PAITA , PIURA","MANI, grano sin cáscara",25000,"BOLSAS","ARGENTINA"
"21120",2024,9,"PUERTO DE PAITA , PIURA","MANI, grano sin cáscara",50000,"BOLSAS","ARGENTINA"
"21121",2024,9,"OFICINA PUESTO DE CONTROL MARITIMO - PROV. CONST. DEL CALLAO","MANI, grano sin cáscara",25000,"BIG BAG","ARGENTINA"
"21122",2024,9,"OFICINA PUESTO DE CONTROL AEREO -  PROV. CONST. DEL CALLAO","TE VERDE",9,"BOLSAS",NA
"21123",2024,9,"PUESTO DE CONTROL TERRESTRE DESAGUADERO","SOYA, torta",27840,"GRANEL","BOLIVIA"
"21124",2024,9,"PUESTO DE CONTROL TERRESTRE DESAGUADERO","SOYA, torta",56030,"GRANEL","BOLIVIA"
"21125",2024,9,"OFICINA PUESTO DE CONTROL MARITIMO - PROV. CONST. DEL CALLAO","MARCOS, madera",924.1,"UNIDADES","CHINA"
"21126",2024,9,"OFICINA PUESTO DE CONTROL MARITIMO - PROV. CONST. DEL CALLAO","PIMENTON, polvo",150,"CAJA(S)","ESPAÑA"
"21127",2024,9,"PUESTO DE CONTROL TERRESTRE DESAGUADERO","SOYA, torta",112000,"GRANEL","BOLIVIA"
"21128",2024,9,"PUESTO DE CONTROL TERRESTRE DESAGUADERO","SOYA, torta",56000,"GRANEL","BOLIVIA"
"21129",2024,9,"PUESTO DE CONTROL TERRESTRE DESAGUADERO","SOYA, torta",53960,"GRANEL","BOLIVIA"
"21130",2024,9,"PUESTO DE CONTROL TERRESTRE DESAGUADERO","SOYA, torta",28000,"GRANEL","BOLIVIA"
"21131",2024,9,"PUESTO DE CONTROL TERRESTRE DESAGUADERO","SOYA, torta",28000,"GRANEL","BOLIVIA"
"21132",2024,9,"PUESTO DE CONTROL TERRESTRE DESAGUADERO","SOYA, torta",28000,"GRANEL","BOLIVIA"
"21133",2024,9,"PUESTO DE CONTROL TERRESTRE DESAGUADERO","SOYA, torta",27900,"GRANEL","BOLIVIA"
"21134",2024,9,"PUESTO DE CONTROL TERRESTRE DESAGUADERO","SOYA, torta",48000,"GRANEL","BOLIVIA"
"21135",2024,9,"PUESTO DE CONTROL TERRESTRE DESAGUADERO","SOYA, grano",168000,"GRANEL","BOLIVIA"
"21136",2024,9,"PUESTO DE CONTROL TERRESTRE DESAGUADERO","SOYA, torta",56000,"GRANEL","BOLIVIA"
"21137",2024,9,"PUESTO DE CONTROL TERRESTRE DESAGUADERO","SOYA, torta",174000,"SACO(S)","BOLIVIA"
"21138",2024,9,"OFICINA PUESTO DE CONTROL MARITIMO - PROV. CONST. DEL CALLAO","PINO, madera aserrada con algún proceso de la CRF2",131678,"PAQUETES","EEUU"
"21139",2024,9,"OFICINA PUESTO DE CONTROL MARITIMO - PROV. CONST. DEL CALLAO","PERA, fruta fresca",24300,"CAJA(S)","ARGENTINA"
"21140",2024,9,"OFICINA PUESTO DE CONTROL MARITIMO - PROV. CONST. DEL CALLAO","KIWI, fruto fresco",1200,"CAJA(S)","CHILE"
"21141",2024,9,"OFICINA PUESTO DE CONTROL MARITIMO - PROV. CONST. DEL CALLAO","ARROZ, grano pilado",130000,"SACO(S)","BRASIL"
"21142",2024,9,"OFICINA PUESTO DE CONTROL MARITIMO - PROV. CONST. DEL CALLAO","ARROZ, grano pilado",50000,"SACO(S)","URUGUAY"
"21143",2024,9,"OFICINA PUESTO DE CONTROL MARITIMO - PROV. CONST. DEL CALLAO","MANZANA, fruto fresco",39004,"CAJA(S)","CHILE"
"21144",2024,9,"PUESTO DE CONTROL TERRESTRE DESAGUADERO","SOYA, grano",84000,"GRANEL","BOLIVIA"
"21145",2024,9,"PUESTO DE CONTROL TERRESTRE DESAGUADERO","SOYA, grano",84000,"GRANEL","BOLIVIA"
"21146",2024,9,"OFICINA PUESTO DE CONTROL MARITIMO - PROV. CONST. DEL CALLAO","Articulos para fiestas de navidad que sean o contengan material vegetal
",248.194,"CAJA(S)","CHINA"
"21147",2024,9,"PUERTO DE PISCO , ICA","MAIZ AMARILLO DURO, grano",35165000,"GRANEL","ARGENTINA"
"21148",2024,9,"OFICINA PUESTO DE CONTROL AEREO -  PROV. CONST. DEL CALLAO","CONTROLADOR BIOLOGICO, especímenes",17.33,"LOTE(S)","ISRAEL"
"21149",2024,9,"OFICINA PUESTO DE CONTROL MARITIMO - PROV. CONST. DEL CALLAO","AVENA, grano trabajado (mondado, perlado, troceado o quebrantado)",25000,"SACO(S)","CHILE"
"21150",2024,9,"OFICINA PUESTO DE CONTROL MARITIMO - PROV. CONST. DEL CALLAO","ARROZ, parbolizado pulido o sin cáscara",127500,"SACO(S)","BRASIL"
"21151",2024,9,"OFICINA PUESTO DE CONTROL MARITIMO - PROV. CONST. DEL CALLAO","ABUTA, molido",162.095,"UNIDADES","CHINA"
"21152",2024,9,"OFICINA PUESTO DE CONTROL MARITIMO - PROV. CONST. DEL CALLAO","Articulos para fiestas de navidad que sean o contengan material vegetal
",2994.625,"UNIDADES","CHINA"
"21153",2024,9,"OFICINA PUESTO DE CONTROL MARITIMO - PROV. CONST. DEL CALLAO","BRACHIARIA, semilla",20010,"SACO(S)","BRASIL"
"21154",2024,9,"OFICINA PUESTO DE CONTROL MARITIMO - PROV. CONST. DEL CALLAO","MAIZ, almidon",250000,"BOLSAS","ARGENTINA"
"21155",2024,9,"PUESTO DE CONTROL TERRESTRE DESAGUADERO","SOYA, grano",87000,"SACO(S)","BOLIVIA"
"21156",2024,9,"OFICINA PUESTO DE CONTROL MARITIMO - PROV. CONST. DEL CALLAO","AZUCAR BLANCA O REFINADA (lectura polarimetrica mayor 99.5°)",265000,"SACO(S)","COLOMBIA"
"21157",2024,9,"OFICINA PUESTO DE CONTROL MARITIMO - PROV. CONST. DEL CALLAO","AZUCAR CRUDA, sólido",175000,"SACO(S)","COLOMBIA"
"21158",2024,9,"OFICINA PUESTO DE CONTROL AEREO -  PROV. CONST. DEL CALLAO","VID, estaca sin enraizar",42.9,"CAJA(S)","CHILE"
"21159",2024,9,"OFICINA PUESTO DE CONTROL MARITIMO - PROV. CONST. DEL CALLAO","AZUCAR CRUDA, sólido",225000,"SACO(S)","GUATEMALA"
"21160",2024,9,"OFICINA PUESTO DE CONTROL MARITIMO - PROV. CONST. DEL CALLAO","AZUCAR CRUDA, sólido",25000,"SACO(S)","GUATEMALA"
"21161",2024,9,"PUESTO DE CONTROL TERRESTRE DESAGUADERO","AJONJOLI, grano",29990,"SACO(S)","BOLIVIA"
"21162",2024,9,"AGUAS VERDES, TUMBES","PITAHAYA, fruto fresco",9800,"CAJA(S)","ECUADOR"
"21163",2024,9,"PUESTO DE CONTROL TERRESTRE DESAGUADERO","SOYA, grano",85000,"GRANEL","BOLIVIA"
"21164",2024,9,"PUESTO DE CONTROL TERRESTRE DESAGUADERO","SOYA, grano",113000,"GRANEL","BOLIVIA"
"21165",2024,9,"PUESTO DE CONTROL TERRESTRE DESAGUADERO","SOYA, torta",9000,"GRANEL","BOLIVIA"
"21166",2024,9,"PUESTO DE CONTROL TERRESTRE DESAGUADERO","SOYA, torta",56000,"GRANEL","BOLIVIA"
"21167",2024,9,"PUESTO DE CONTROL TERRESTRE DESAGUADERO","SOYA, torta",27980,"GRANEL","BOLIVIA"
"21168",2024,9,"OFICINA PUESTO DE CONTROL MARITIMO - PROV. CONST. DEL CALLAO","AVENA, grano aplastado o en copos (hojuelas)",26250,"SACO(S)","CHILE"
"21169",2024,9,"PUESTO DE CONTROL TERRESTRE DESAGUADERO","MAIZ AMARILLO DURO, grano",140000,"SACO(S)","BOLIVIA"
"21170",2024,9,"OFICINA PUESTO DE CONTROL MARITIMO - PROV. CONST. DEL CALLAO","MAIZ, almidon",25000,"BOLSAS","ARGENTINA"
"21171",2024,9,"PUESTO DE CONTROL TERRESTRE DESAGUADERO","SOYA, torta",145000,"SACO(S)","BOLIVIA"
"21172",2024,9,"PUESTO DE CONTROL TERRESTRE DESAGUADERO","SOYA, torta",83040,"GRANEL","BOLIVIA"
"21173",2024,9,"PUESTO DE CONTROL TERRESTRE DESAGUADERO","SOYA, torta",81700,"GRANEL","BOLIVIA"
"21174",2024,9,"PUESTO DE CONTROL TERRESTRE DESAGUADERO","SOYA, torta",56000,"GRANEL","BOLIVIA"
"21175",2024,9,"PUESTO DE CONTROL TERRESTRE DESAGUADERO","SOYA, torta",114000,"SACO(S)","BOLIVIA"
"21176",2024,9,"OFICINA PUESTO DE CONTROL MARITIMO - PROV. CONST. DEL CALLAO","TRIGO, gluten",28000,"BOLSAS","CHINA"
"21177",2024,9,"PUESTO DE CONTROL TERRESTRE DESAGUADERO","SOYA, torta",114000,"SACO(S)","BOLIVIA"
"21178",2024,9,"OFICINA PUESTO DE CONTROL MARITIMO - PROV. CONST. DEL CALLAO","CIRUELA, seca industrialmente",40000,"CAJA(S)","CHILE"
"21179",2024,9,"OFICINA PUESTO DE CONTROL MARITIMO - PROV. CONST. DEL CALLAO","MANZANA, fruto fresco",41160,"CAJA(S)","EEUU"
"21180",2024,9,"OFICINA PUESTO DE CONTROL MARITIMO - PROV. CONST. DEL CALLAO","MAIZ REVENTON, grano",26000,"SACO(S)","ARGENTINA"
"21181",2024,9,"OFICINA PUESTO DE CONTROL MARITIMO - PROV. CONST. DEL CALLAO","TURBA",27040,"BIG BAG","LETONIA"
"21182",2024,9,"PUESTO DE CONTROL TERRESTRE DESAGUADERO","SOYA, torta",145000,"SACO(S)","BOLIVIA"
"21183",2024,9,"OFICINA PUESTO DE CONTROL MARITIMO - PROV. CONST. DEL CALLAO","PINO, madera aserrada con tratamiento de secado al horno impregnación de sales",21489,"PAQUETES","CHILE"
"21184",2024,9,"PUESTO DE CONTROL TERRESTRE DESAGUADERO","SOYA, grano",83950,"GRANEL","BOLIVIA"
"21185",2024,9,"PUESTO DE CONTROL TERRESTRE DESAGUADERO","SOYA, torta",145000,"SACO(S)","BOLIVIA"
"21186",2024,9,"OFICINA PUESTO DE CONTROL MARITIMO - PROV. CONST. DEL CALLAO","AJONJOLI, grano",27944,"SACO(S)","INDIA"
"21187",2024,9,"AGUAS VERDES, TUMBES","Las demás coniferas, las demas maderas aserradas o desbastadas longitudinalmente, cortada o desenrollada, incluso cepillada,lijada o unida por lo extremos, de espesor superior a 6 mm, con algun tratamiento de la CRF 2",27210,"PIEZAS","ECUADOR"
"21188",2024,9,"OFICINA PUESTO DE CONTROL MARITIMO - PROV. CONST. DEL CALLAO","UVA (PASAS), secas naturalmente",24500,"CAJA(S)","ARGENTINA"
"21189",2024,9,"OFICINA PUESTO DE CONTROL AEREO -  PROV. CONST. DEL CALLAO","ESPARRAGO, semilla",150,"BALDES","CHILE"
"21190",2024,9,"OFICINA PUESTO DE CONTROL MARITIMO - PROV. CONST. DEL CALLAO","MADERA EN BRUTO, las demás con algún proceso de la CRF 2",63000,"UNIDADES","CHILE"
"21191",2024,9,"OFICINA PUESTO DE CONTROL MARITIMO - PROV. CONST. DEL CALLAO","MADERA EN BRUTO, las demás con algún proceso de la CRF 2",102160,"UNIDADES","CHILE"
"21192",2024,9,"OFICINA PUESTO DE CONTROL MARITIMO - PROV. CONST. DEL CALLAO","MADERA EN BRUTO, las demás con algún proceso de la CRF 2",75268,"UNIDADES","CHILE"
"21193",2024,9,"OFICINA PUESTO DE CONTROL MARITIMO - PROV. CONST. DEL CALLAO","MAIZ, harina",54000,"PALETAS","MEXICO"
"21194",2024,9,"OFICINA PUESTO DE CONTROL AEREO -  PROV. CONST. DEL CALLAO","ARANDANO, planta in vitro",417.84,"FRASCO(S)","MEXICO"
"21195",2024,9,"PUESTO DE CONTROL TERRESTRE DESAGUADERO","AZUCAR BLANCA O REFINADA (lectura polarimetrica mayor 99.5°)",145000,"SACO(S)","BOLIVIA"
"21196",2024,9,"PUESTO DE CONTROL TERRESTRE DESAGUADERO","SOYA, torta",73392,"SACO(S)","BOLIVIA"
"21197",2024,9,"AGUAS VERDES, TUMBES","PITAHAYA, fruto fresco",10200,"CAJA(S)","ECUADOR"
"21198",2024,9,"OFICINA PUESTO DE CONTROL MARITIMO - PROV. CONST. DEL CALLAO","MADERA, monturas y mangos de herramientas, monturas y mangos de cepillos, brochas o escobas, de madera; hormas, ensanchadores y tensores del calzado, de madera ; con algún proceso de la CRF 2",556.175,"UNIDADES","BRASIL"
"21199",2024,9,"PUESTO DE CONTROL TERRESTRE DESAGUADERO","SOYA, torta",25040,"GRANEL","BOLIVIA"
"21200",2024,9,"OFICINA PUESTO DE CONTROL MARITIMO - PROV. CONST. DEL CALLAO","TURBA",52700,"FARDOS","LITUANIA"
"21201",2024,9,"PUESTO DE CONTROL TERRESTRE DESAGUADERO","SOYA, torta",87070,"GRANEL","BOLIVIA"
"21202",2024,9,"OFICINA PUESTO DE CONTROL MARITIMO - PROV. CONST. DEL CALLAO","MADERA, monturas y mangos de herramientas, monturas y mangos de cepillos, brochas o escobas, de madera; hormas, ensanchadores y tensores del calzado, de madera ; con algún proceso de la CRF 2",441.6,"UNIDADES","CHINA"
"21203",2024,9,"PUESTO DE CONTROL TERRESTRE DESAGUADERO","SOYA, torta",145000,"SACO(S)","BOLIVIA"
"21204",2024,9,"PUESTO DE CONTROL TERRESTRE DESAGUADERO","SOYA, torta",204000,"SACO(S)","BOLIVIA"
"21205",2024,9,"OFICINA PUESTO DE CONTROL MARITIMO - PROV. CONST. DEL CALLAO","PINO, madera aserrada con algún proceso de la CRF2",96380,"PAQUETES","CHILE"
"21206",2024,9,"OFICINA PUESTO DE CONTROL MARITIMO - PROV. CONST. DEL CALLAO","UVA (PASAS), secas naturalmente",25000,"CAJA(S)","ARGENTINA"
"21207",2024,9,"OFICINA PUESTO DE CONTROL MARITIMO - PROV. CONST. DEL CALLAO","TRIGO, harina",125000,"SACO(S)","TURQUIA"
"21208",2024,9,"OFICINA PUESTO DE CONTROL MARITIMO - PROV. CONST. DEL CALLAO","MAIZ, harina",43200,"SACO(S)","COLOMBIA"
"21209",2024,9,"SANTA ROSA, TACNA","MANZANA, fruto fresco",21780,"CAJA(S)","ARGENTINA"
"21210",2024,9,"PUESTO DE CONTROL TERRESTRE DESAGUADERO","SOYA, torta",9000,"GRANEL","BOLIVIA"
"21211",2024,9,"PUESTO DE CONTROL TERRESTRE DESAGUADERO","SOYA, torta",20000,"GRANEL","BOLIVIA"
"21212",2024,9,"PUESTO DE CONTROL TERRESTRE DESAGUADERO","SOYA, torta",25000,"SACO(S)","BOLIVIA"
"21213",2024,9,"PUESTO DE CONTROL TERRESTRE DESAGUADERO","SOYA, torta",25000,"SACO(S)","BOLIVIA"
"21214",2024,9,"PUESTO DE CONTROL TERRESTRE DESAGUADERO","SOYA, torta",25050,"GRANEL","BOLIVIA"
"21215",2024,9,"PUESTO DE CONTROL TERRESTRE DESAGUADERO","SOYA, harina",49800,"SACO(S)","BOLIVIA"
"21216",2024,9,"OFICINA PUESTO DE CONTROL MARITIMO - PROV. CONST. DEL CALLAO","TURBA",24610,"BOLSAS","ESTONIA"
"21217",2024,9,"PUESTO DE CONTROL TERRESTRE DESAGUADERO","SOYA, torta",145000,"SACO(S)","BOLIVIA"
"21218",2024,9,"OFICINA PUESTO DE CONTROL MARITIMO - PROV. CONST. DEL CALLAO","Marañon (NUEZ DE CAJU), semilla alimenticia sin cascara, seca industriamente",15875.9,"CAJA(S)","VIETNAM"
"21219",2024,9,"PUESTO DE CONTROL TERRESTRE DESAGUADERO","SOYA, torta",56000,"GRANEL","BOLIVIA"
"21220",2024,9,"PUESTO DE CONTROL TERRESTRE DESAGUADERO","SOYA, torta",28000,"GRANEL","BOLIVIA"
"21221",2024,9,"PUESTO DE CONTROL TERRESTRE DESAGUADERO","SOYA, torta",28000,"GRANEL","BOLIVIA"
"21222",2024,9,"PUESTO DE CONTROL TERRESTRE DESAGUADERO","SOYA, grano",55980,"GRANEL","BOLIVIA"
"21223",2024,9,"SANTA ROSA, TACNA","CEBOLLA, fresca",28000,"SACO(S)","CHILE"
"21224",2024,9,"PUESTO DE CONTROL TERRESTRE DESAGUADERO","SOYA, torta",112335,"SACO(S)","BOLIVIA"
"21225",2024,9,"OFICINA PUESTO DE CONTROL MARITIMO - PROV. CONST. DEL CALLAO","LENTEJA, grano",140796,"SACO(S)","EEUU"
"21226",2024,9,"SANTA ROSA, TACNA","MANZANA, fruto fresco",21369.6,"CAJA(S)","CHILE"
"21227",2024,9,"SANTA ROSA, TACNA","MANZANA, fruto fresco",21710.7,"CAJA(S)","CHILE"
"21228",2024,9,"SANTA ROSA, TACNA","PERA, fruta fresca",15939,"CAJA(S)","CHILE"
"21229",2024,9,"SANTA ROSA, TACNA","MANZANA, fruto fresco",7526.4,"CAJA(S)","CHILE"
"21230",2024,9,"PUESTO DE CONTROL TERRESTRE DESAGUADERO","SOYA, grano",84000,"GRANEL","BOLIVIA"
"21231",2024,9,"PUESTO DE CONTROL TERRESTRE DESAGUADERO","SOYA, torta",116000,"SACO(S)","BOLIVIA"
"21232",2024,9,"PUESTO DE CONTROL TERRESTRE DESAGUADERO","SOYA, torta",115500,"SACO(S)","BOLIVIA"
"21233",2024,9,"OFICINA PUESTO DE CONTROL MARITIMO - PROV. CONST. DEL CALLAO","Articulos para fiestas de navidad que sean o contengan material vegetal
",272,"UNIDADES","CHINA"
"21234",2024,9,"OFICINA PUESTO DE CONTROL MARITIMO - PROV. CONST. DEL CALLAO","MANZANA, fruto fresco",35280,"CAJA(S)","EEUU"
"21235",2024,9,"OFICINA PUESTO DE CONTROL MARITIMO - PROV. CONST. DEL CALLAO","MANZANA, fruto fresco",17640,"CAJA(S)","EEUU"
"21236",2024,9,"PUESTO DE CONTROL TERRESTRE DESAGUADERO","SOYA, harina",146500,"SACO(S)","BOLIVIA"
"21237",2024,9,"SANTA ROSA, TACNA","Los demas pulverizadores para agricultura u horticultura usados
",570,"PAQUETES","ESPAÑA"
"21238",2024,9,"SANTA ROSA, TACNA","TRACTOR USADO, con motor de potencia superior a 33 kW pero inferior o igual a 75 kW",2820,"UNIDADES","ESPAÑA"
"21239",2024,9,"SANTA ROSA, TACNA","TRACTOR USADO, con motor de potencia superior a 33 kW pero inferior o igual a 75 kW",2860,"PIEZAS","ESPAÑA"
"21240",2024,9,"SANTA ROSA, TACNA","MANZANA, fruto fresco",17640,"CAJA(S)","CHILE"
"21241",2024,9,"SANTA ROSA, TACNA","TRIGO, harina",75000,"BOLSAS","CHILE"
"21242",2024,9,"SANTA ROSA, TACNA","PERA, fruta fresca",5760,"CAJA(S)","CHILE"
"21243",2024,9,"OFICINA PUESTO DE CONTROL AEREO -  PROV. CONST. DEL CALLAO","PIMIENTO, semilla",66.575,"SOBRES","EEUU"
"21244",2024,9,"OFICINA PUESTO DE CONTROL AEREO -  PROV. CONST. DEL CALLAO","LOS DEMAS ALMIDONES Y FECULAS",25,"BOLSAS","EEUU"
"21245",2024,9,"SANTA ROSA, TACNA","MANZANA, fruto fresco",23520,"CAJA(S)","CHILE"
"21246",2024,9,"OFICINA PUESTO DE CONTROL MARITIMO - PROV. CONST. DEL CALLAO","AVENA, grano trabajado (mondado, perlado, troceado o quebrantado)",125000,"SACO(S)","CHILE"
"21247",2024,9,"PUESTO DE CONTROL TERRESTRE DESAGUADERO","SOYA, grano",84000,"GRANEL","BOLIVIA"
"21248",2024,9,"PUESTO DE CONTROL TERRESTRE DESAGUADERO","SOYA, torta",4500,"GRANEL","BOLIVIA"
"21249",2024,9,"PUESTO DE CONTROL TERRESTRE DESAGUADERO","SOYA, grano",83950,"GRANEL","BOLIVIA"
"21250",2024,9,"PUESTO DE CONTROL TERRESTRE DESAGUADERO","SOYA, grano",50000,"GRANEL","BOLIVIA"
"21251",2024,9,"PUESTO DE CONTROL TERRESTRE DESAGUADERO","SOYA, torta",22500,"GRANEL","BOLIVIA"
"21252",2024,9,"OFICINA PUESTO DE CONTROL MARITIMO - PROV. CONST. DEL CALLAO","ARROZ, grano pilado",131250,"SACO(S)","BRASIL"
"21253",2024,9,"OFICINA PUESTO DE CONTROL MARITIMO - PROV. CONST. DEL CALLAO","LOS DEMAS ALMIDONES Y FECULAS",15,"BOLSAS","TAIWAN"
"21254",2024,9,"OFICINA PUESTO DE CONTROL MARITIMO - PROV. CONST. DEL CALLAO","AJONJOLI, grano",27000,"SACO(S)","INDIA"
"21255",2024,9,"OFICINA PUESTO DE CONTROL MARITIMO - PROV. CONST. DEL CALLAO","PINO, madera aserrada con tratamiento de secado al horno o impregnación de sales",51200,"PAQUETES","ARGENTINA"
"21256",2024,9,"OFICINA PUESTO DE CONTROL MARITIMO - PROV. CONST. DEL CALLAO","TRACTOR USADO, con motor de potencia superior a 33 kW pero inferior o igual a 75 kW",18060,"UNIDADES","CHINA"
"21257",2024,9,"SANTA ROSA, TACNA","MANZANA, fruto fresco",22775.2,"CAJA(S)","CHILE"
"21258",2024,9,"OFICINA PUESTO DE CONTROL MARITIMO - PROV. CONST. DEL CALLAO","GARBANZO, grano",46000,"SACO(S)","MEXICO"
"21259",2024,9,"OFICINA PUESTO DE CONTROL MARITIMO - PROV. CONST. DEL CALLAO","MACA, harina, polvo",5000,"CAJA(S)","COLOMBIA"
"21260",2024,9,"OFICINA PUESTO DE CONTROL AEREO -  PROV. CONST. DEL CALLAO","ARANDANO, planta",1598.8,"CAJA(S)","CHILE"
"21261",2024,9,"SANTA ROSA, TACNA","PERA, fruta fresca",23184,"CAJA(S)","CHILE"
"21262",2024,9,"PUESTO DE CONTROL TERRESTRE DESAGUADERO","SOYA, harina",87000,"SACO(S)","BOLIVIA"
"21263",2024,9,"PUESTO DE CONTROL TERRESTRE DESAGUADERO","MAIZ AMARILLO DURO, grano",90000,"SACO(S)","BOLIVIA"
"21264",2024,9,"PUESTO DE CONTROL TERRESTRE DESAGUADERO","MAIZ AMARILLO DURO, grano",58000,"SACO(S)","BOLIVIA"
"21265",2024,9,"PUESTO DE CONTROL TERRESTRE DESAGUADERO","MAIZ AMARILLO DURO, grano",90000,"SACO(S)","BOLIVIA"
"21266",2024,9,"SANTA ROSA, TACNA","PALTA, fruto fresco",22880,"CAJA(S)","CHILE"
"21267",2024,9,"OFICINA PUESTO DE CONTROL MARITIMO - PROV. CONST. DEL CALLAO","AJONJOLI, grano",56000,"SACO(S)","INDIA"
"21268",2024,9,"OFICINA PUESTO DE CONTROL MARITIMO - PROV. CONST. DEL CALLAO","ARROZ, grano pilado",25000,"FARDOS","URUGUAY"
"21269",2024,9,"IÑAPARI, MADRE DE DIOS","MAIZ, grano trabajado (mondado, perlado, troceado o quebrantado)",32000,"SACO(S)","BRASIL"
"21270",2024,9,"AGUAS VERDES, TUMBES","PITAHAYA, fruto fresco",14000,"CAJA(S)","ECUADOR"
"21271",2024,9,"SANTA ROSA, TACNA","MANZANA, fruto fresco",22579.2,"CAJA(S)","CHILE"
"21272",2024,9,"PUESTO DE CONTROL TERRESTRE DESAGUADERO","SOYA, torta",174000,"SACO(S)","BOLIVIA"
"21273",2024,9,"PUESTO DE CONTROL TERRESTRE DESAGUADERO","SOYA, grano",56000,"GRANEL","BOLIVIA"
"21274",2024,9,"PUESTO DE CONTROL TERRESTRE DESAGUADERO","SOYA, grano",55000,"GRANEL","BOLIVIA"
"21275",2024,9,"SANTA ROSA, TACNA","MANZANA, fruto fresco",14896,"CAJA(S)","CHILE"
"21276",2024,9,"SANTA ROSA, TACNA","KIWI, fruto fresco",10400,"CAJA(S)","CHILE"
"21277",2024,9,"PUERTO DE PAITA , PIURA","PINO, postes de madera con algun proceso de la CRF 2",256770,"UNIDADES","CHILE"
"21278",2024,9,"PUESTO DE CONTROL TERRESTRE DESAGUADERO","SOYA, grano",56000,"GRANEL","BOLIVIA"
"21279",2024,9,"PUESTO DE CONTROL TERRESTRE DESAGUADERO","SOYA, grano",57000,"GRANEL","BOLIVIA"
"21280",2024,9,"PUESTO DE CONTROL TERRESTRE DESAGUADERO","SOYA, grano",28000,"GRANEL","BOLIVIA"
"21281",2024,9,"PUESTO DE CONTROL TERRESTRE DESAGUADERO","SOYA, grano",55500,"GRANEL","BOLIVIA"
"21282",2024,9,"PUESTO DE CONTROL TERRESTRE DESAGUADERO","SOYA, grano",28000,"GRANEL","BOLIVIA"
"21283",2024,9,"PUESTO DE CONTROL TERRESTRE DESAGUADERO","SOYA, grano",56950,"GRANEL","BOLIVIA"
"21284",2024,9,"PUESTO DE CONTROL TERRESTRE DESAGUADERO","SOYA, grano",83480,"GRANEL","BOLIVIA"
"21285",2024,9,"OFICINA PUESTO DE CONTROL MARITIMO - PROV. CONST. DEL CALLAO","PERA, fruta fresca",23946.3,"CAJA(S)","ARGENTINA"
"21286",2024,9,"OFICINA PUESTO DE CONTROL MARITIMO - PROV. CONST. DEL CALLAO","ARROZ, grano pilado",250000,"SACO(S)","URUGUAY"
"21287",2024,9,"OFICINA PUESTO DE CONTROL MARITIMO - PROV. CONST. DEL CALLAO","ARROZ, grano pilado",250000,"SACO(S)","URUGUAY"
"21288",2024,9,"OFICINA PUESTO DE CONTROL MARITIMO - PROV. CONST. DEL CALLAO","ARROZ, grano pilado",250000,"SACO(S)","URUGUAY"
"21289",2024,9,"OFICINA PUESTO DE CONTROL MARITIMO - PROV. CONST. DEL CALLAO","CANELA, corteza entera seca al natural",12000,"CAJA(S)","SRI LANKA"
"21290",2024,9,"OFICINA PUESTO DE CONTROL MARITIMO - PROV. CONST. DEL CALLAO","ARROZ, grano pilado",20000,"BOLSAS","VIETNAM"
"21291",2024,9,"OFICINA PUESTO DE CONTROL MARITIMO - PROV. CONST. DEL CALLAO","MANZANA, fruto fresco",20619,"CAJA(S)","CHILE"
"21292",2024,9,"OFICINA PUESTO DE CONTROL MARITIMO - PROV. CONST. DEL CALLAO","MAIZ, harina",53789,"PACAS","COLOMBIA"
"21293",2024,9,"OFICINA PUESTO DE CONTROL MARITIMO - PROV. CONST. DEL CALLAO","MANZANA, fruto fresco",39151,"CAJA(S)","CHILE"
"21294",2024,9,"OFICINA PUESTO DE CONTROL MARITIMO - PROV. CONST. DEL CALLAO","MANZANA, fruto fresco",141512,"CAJA(S)","CHILE"
"21295",2024,9,"OFICINA PUESTO DE CONTROL AEREO -  PROV. CONST. DEL CALLAO","TOMATE, semilla",0.093,"SACHETS","EEUU"
"21296",2024,9,"PUERTO DE MATARANI , AREQUIPA","MAIZ AMARILLO DURO, grano",30000110,"GRANEL","ARGENTINA"
"21297",2024,9,"SANTA ROSA, TACNA","MANZANA, fruto fresco",22804.6,"CAJA(S)","CHILE"
"21298",2024,9,"OFICINA PUESTO DE CONTROL MARITIMO - PROV. CONST. DEL CALLAO","MADERA, puertas y sus marcos, contramarcos y umbrales, con algun proceso de la CRF 2",8668.585,"PIEZAS","ITALIA"
"21299",2024,9,"OFICINA PUESTO DE CONTROL MARITIMO - PROV. CONST. DEL CALLAO","PINO, postes de madera con algun proceso de la CRF 2",104619,"UNIDADES","CHILE"
"21300",2024,9,"OFICINA PUESTO DE CONTROL MARITIMO - PROV. CONST. DEL CALLAO","PINO, postes de madera con algun proceso de la CRF 2",23942,"UNIDADES","CHILE"
"21301",2024,9,"PUESTO DE CONTROL TERRESTRE DESAGUADERO","SOYA, torta",50500,"SACO(S)","BOLIVIA"
"21302",2024,9,"OFICINA PUESTO DE CONTROL MARITIMO - PROV. CONST. DEL CALLAO","YUTE, artículos de cestería (canastas, cestos, otros)",2618.004,"UNIDADES","CHINA"
"21303",2024,9,"PUESTO DE CONTROL TERRESTRE DESAGUADERO","SOYA, grano",73950,"GRANEL","BOLIVIA"
"21304",2024,9,"OFICINA PUESTO DE CONTROL AEREO -  PROV. CONST. DEL CALLAO","VID, estaca sin enraizar",1072.5,"CAJA(S)","CHILE"
"21305",2024,9,"OFICINA PUESTO DE CONTROL MARITIMO - PROV. CONST. DEL CALLAO","ALGODON, fibra sin cardar ni peinar (>22.22 mm = o <28.57 mm)",99086,"FARDOS","EEUU"
"21306",2024,9,"PUESTO DE CONTROL TERRESTRE DESAGUADERO","SOYA, torta",28000,"GRANEL","BOLIVIA"
"21307",2024,9,"PUESTO DE CONTROL TERRESTRE DESAGUADERO","SOYA, torta",84000,"GRANEL","BOLIVIA"
"21308",2024,9,"OFICINA PUESTO DE CONTROL MARITIMO - PROV. CONST. DEL CALLAO","ARROZ, grano pilado",18620.16,"SACO(S)","EEUU"
"21309",2024,9,"OFICINA PUESTO DE CONTROL AEREO -  PROV. CONST. DEL CALLAO","GRANADILLA, semilla",3,"CAJA(S)","COLOMBIA"
"21310",2024,9,"OFICINA PUESTO DE CONTROL MARITIMO - PROV. CONST. DEL CALLAO","TRIGO, gluten",24750,"BOLSAS","BELGICA"
"21311",2024,9,"PUESTO DE CONTROL TERRESTRE DESAGUADERO","SOYA, grano",112000,"GRANEL","BOLIVIA"
"21312",2024,9,"OFICINA PUESTO DE CONTROL MARITIMO - PROV. CONST. DEL CALLAO","YUTE, sacos",15000,"FARDOS","BANGLADESH"
"21313",2024,9,"OFICINA PUESTO DE CONTROL MARITIMO - PROV. CONST. DEL CALLAO","MAIZ REVENTON, grano",52000,"SACO(S)","ARGENTINA"
"21314",2024,9,"OFICINA PUESTO DE CONTROL MARITIMO - PROV. CONST. DEL CALLAO","MADERA, en bruto de coníferas tratada agentes de conservación
",136210,"UNIDADES","CHILE"
"21315",2024,9,"OFICINA PUESTO DE CONTROL MARITIMO - PROV. CONST. DEL CALLAO","MADERA, en bruto de coníferas tratada agentes de conservación
",133300,"UNIDADES","CHILE"
"21316",2024,9,"OFICINA PUESTO DE CONTROL MARITIMO - PROV. CONST. DEL CALLAO","PERA, fruta fresca",23946.3,"CAJA(S)","ARGENTINA"
"21317",2024,9,"OFICINA PUESTO DE CONTROL MARITIMO - PROV. CONST. DEL CALLAO","AJONJOLI, grano",27000,"SACO(S)","INDIA"
"21318",2024,9,"OFICINA PUESTO DE CONTROL AEREO -  PROV. CONST. DEL CALLAO","WAX FLOWER (=CHAMELAUCIUM), esqueje enraizado",30,"CAJA(S)","ECUADOR"
"21319",2024,9,"OFICINA PUESTO DE CONTROL MARITIMO - PROV. CONST. DEL CALLAO","UVA (PASAS), secas naturalmente",24000,"CAJA(S)","CHILE"
"21320",2024,9,"PUESTO DE CONTROL TERRESTRE DESAGUADERO","SOYA, torta",113040,"GRANEL","BOLIVIA"
"21321",2024,9,"OFICINA PUESTO DE CONTROL AEREO -  PROV. CONST. DEL CALLAO","CEBOLLA, semilla",0.448,"SACHETS","ISRAEL"
"21322",2024,9,"OFICINA PUESTO DE CONTROL MARITIMO - PROV. CONST. DEL CALLAO","MADERA, en bruto de coníferas tratada agentes de conservación
",166960,"UNIDADES","CHILE"
"21323",2024,9,"OFICINA PUESTO DE CONTROL MARITIMO - PROV. CONST. DEL CALLAO","MADERA, en bruto de coníferas tratada agentes de conservación
",83700,"UNIDADES","CHILE"
"21324",2024,9,"OFICINA PUESTO DE CONTROL MARITIMO - PROV. CONST. DEL CALLAO","MADERA, en bruto de coníferas tratada agentes de conservación
",26900,"UNIDADES","CHILE"
"21325",2024,9,"OFICINA PUESTO DE CONTROL MARITIMO - PROV. CONST. DEL CALLAO","MADERA, en bruto de coníferas tratada agentes de conservación
",74400,"UNIDADES","CHILE"
"21326",2024,9,"OFICINA PUESTO DE CONTROL MARITIMO - PROV. CONST. DEL CALLAO","HARINA, mezcla",750,"BOLSAS","BELGICA"
"21327",2024,9,"OFICINA PUESTO DE CONTROL AEREO -  PROV. CONST. DEL CALLAO","TÉ VERDE, polvo",300,"CAJA(S)","CHINA"
"21328",2024,9,"OFICINA PUESTO DE CONTROL AEREO -  PROV. CONST. DEL CALLAO","CURCUMA, polvo",50,"TAMBORES","CHINA"
"21329",2024,9,"OFICINA PUESTO DE CONTROL AEREO -  PROV. CONST. DEL CALLAO","REGALIZ, triturada",50,"TAMBORES","CHINA"
"21330",2024,9,"OFICINA PUESTO DE CONTROL AEREO -  PROV. CONST. DEL CALLAO","STEVIA, polvo",60,"CAJA(S)","CHINA"
"21331",2024,9,"OFICINA PUESTO DE CONTROL MARITIMO - PROV. CONST. DEL CALLAO","PINO, madera aserrada con algún proceso de la CRF2",166561.6,"PAQUETES","CHILE"
"21332",2024,9,"OFICINA PUESTO DE CONTROL MARITIMO - PROV. CONST. DEL CALLAO","AZUCAR BLANCA O REFINADA (lectura polarimetrica mayor 99.5°)",238500,"SACO(S)","COLOMBIA"
"21333",2024,9,"PUESTO DE CONTROL TERRESTRE DESAGUADERO","SOYA, torta",55680,"GRANEL","BOLIVIA"
"21334",2024,9,"PUESTO DE CONTROL TERRESTRE DESAGUADERO","SOYA, torta",82770,"GRANEL","BOLIVIA"
"21335",2024,9,"PUESTO DE CONTROL TERRESTRE DESAGUADERO","SOYA, torta",55810,"GRANEL","BOLIVIA"
"21336",2024,9,"OFICINA PUESTO DE CONTROL AEREO -  PROV. CONST. DEL CALLAO","BROCOLI, semilla",141.1,"SOBRES","BRASIL"
"21337",2024,9,"OFICINA PUESTO DE CONTROL AEREO -  PROV. CONST. DEL CALLAO","COLIFLOR, semilla",0.696,"SOBRES","BRASIL"
"21338",2024,9,"OFICINA PUESTO DE CONTROL AEREO -  PROV. CONST. DEL CALLAO","PEPINILLO, semilla",62.322,"SOBRES","BRASIL"
"21339",2024,9,"OFICINA PUESTO DE CONTROL MARITIMO - PROV. CONST. DEL CALLAO","MAIZ REVENTON, grano",127000,"SACO(S)","ARGENTINA"
"21340",2024,9,"OFICINA PUESTO DE CONTROL MARITIMO - PROV. CONST. DEL CALLAO","PAPA, fécula",66000,"SACO(S)","DINAMARCA"
"21341",2024,9,"OFICINA PUESTO DE CONTROL MARITIMO - PROV. CONST. DEL CALLAO","UVA (PASAS), secas naturalmente",24500,"CAJA(S)","ARGENTINA"
"21342",2024,9,"OFICINA PUESTO DE CONTROL MARITIMO - PROV. CONST. DEL CALLAO","UVA (PASAS), secas naturalmente",24500,"CAJA(S)","ARGENTINA"
"21343",2024,9,"OFICINA PUESTO DE CONTROL MARITIMO - PROV. CONST. DEL CALLAO","UVA (PASAS), secas naturalmente",24500,"CAJA(S)","ARGENTINA"
"21344",2024,9,"PUESTO DE CONTROL TERRESTRE DESAGUADERO","SOYA, torta",83650,"GRANEL","BOLIVIA"
"21345",2024,9,"OFICINA PUESTO DE CONTROL MARITIMO - PROV. CONST. DEL CALLAO","SOYA, torta",7004880,"GRANEL","BOLIVIA"
"21346",2024,9,"PUERTO DE SALAVERRY, LA LIBERTAD","SOYA, torta",6781920,"GRANEL","CHILE"
"21347",2024,9,"PUESTO DE CONTROL TERRESTRE DESAGUADERO","MANI, torta",114000,"GRANEL","BOLIVIA"
"21348",2024,9,"OFICINA PUESTO DE CONTROL MARITIMO - PROV. CONST. DEL CALLAO","VID, estaca enraizada",3094,"CAJA(S)","CHILE"
"21349",2024,9,"OFICINA PUESTO DE CONTROL MARITIMO - PROV. CONST. DEL CALLAO","VID, estaca enraizada",5080,"CAJA(S)","CHILE"
"21350",2024,9,"OFICINA PUESTO DE CONTROL MARITIMO - PROV. CONST. DEL CALLAO","COCO, fibra (para sustrato)",74100,"PAQUETES","SRI LANKA"
"21351",2024,9,"PUESTO DE CONTROL TERRESTRE DESAGUADERO","SOYA, torta",143273,"SACO(S)","BOLIVIA"
"21352",2024,9,"PUESTO DE CONTROL TERRESTRE DESAGUADERO","SOYA, harina",141500,"SACO(S)","BOLIVIA"
"21353",2024,9,"PUESTO DE CONTROL TERRESTRE DESAGUADERO","SOYA, torta",173000,"SACO(S)","BOLIVIA"
"21354",2024,9,"PUESTO DE CONTROL TERRESTRE DESAGUADERO","SOYA, torta",144000,"SACO(S)","BOLIVIA"
"21355",2024,9,"PUESTO DE CONTROL TERRESTRE DESAGUADERO","SOYA, torta",115500,"SACO(S)","BOLIVIA"
"21356",2024,9,"AGUAS VERDES, TUMBES","ROSA, flores frescas cortadas",4172,"CAJA(S)","ECUADOR"
"21357",2024,9,"AGUAS VERDES, TUMBES","CRISANTEMO, los demas flores frescas cortadas",5000,"CAJA(S)","ECUADOR"
"21358",2024,9,"AGUAS VERDES, TUMBES","LILIUM (=AZUCENA), flores frescas cortadas",500,"CAJA(S)","ECUADOR"
"21359",2024,9,"AGUAS VERDES, TUMBES","GIRASOL, flores frescas cortadas",5000,"CAJA(S)","ECUADOR"
"21360",2024,9,"PUESTO DE CONTROL TERRESTRE DESAGUADERO","SOYA, grano",87000,"SACO(S)","BOLIVIA"
"21361",2024,9,"OFICINA PUESTO DE CONTROL AEREO -  PROV. CONST. DEL CALLAO","ARANDANO, planta in vitro",36,"CAJAS DE PLASTICO","EEUU"
"21362",2024,9,"OFICINA PUESTO DE CONTROL MARITIMO - PROV. CONST. DEL CALLAO","CAUCHO, técnicamente especificado (TSNR)",60480,"PALETAS","TAILANDIA"
"21363",2024,9,"OFICINA PUESTO DE CONTROL MARITIMO - PROV. CONST. DEL CALLAO","CAUCHO, técnicamente especificado (TSNR)",80640,"PALETAS","TAILANDIA"
"21364",2024,9,"OFICINA PUESTO DE CONTROL MARITIMO - PROV. CONST. DEL CALLAO","Articulos para fiestas de navidad que sean o contengan material vegetal
",322,"CAJA(S)","CHINA"
"21365",2024,9,"PUESTO DE CONTROL TERRESTRE DESAGUADERO","SOYA, harina",174000,"SACO(S)","BOLIVIA"
"21366",2024,9,"PUESTO DE CONTROL TERRESTRE DESAGUADERO","SOYA, torta",28000,"SACO(S)","BOLIVIA"
"21367",2024,9,"PUESTO DE CONTROL TERRESTRE DESAGUADERO","SOYA, torta",29000,"SACO(S)","BOLIVIA"
"21368",2024,9,"PUESTO DE CONTROL TERRESTRE DESAGUADERO","SOYA, torta",28500,"GRANEL","BOLIVIA"
"21369",2024,9,"PUESTO DE CONTROL TERRESTRE DESAGUADERO","SOYA, torta",56000,"GRANEL","BOLIVIA"
"21370",2024,9,"PUESTO DE CONTROL TERRESTRE DESAGUADERO","SOYA, harina",174000,"SACO(S)","BOLIVIA"
"21371",2024,9,"PUESTO DE CONTROL TERRESTRE DESAGUADERO","SOYA, torta",176000,"SACO(S)","BOLIVIA"
"21372",2024,9,"AGUAS VERDES, TUMBES","ROSA, flores frescas cortadas",7862,"CAJA(S)","ECUADOR"
"21373",2024,9,"AGUAS VERDES, TUMBES","CLAVEL, flores frescas cortadas",132,"CAJA(S)","ECUADOR"
"21374",2024,9,"AGUAS VERDES, TUMBES","CRISANTEMO, los demas flores frescas cortadas",30,"CAJA(S)","ECUADOR"
"21375",2024,9,"AGUAS VERDES, TUMBES","GIRASOL, flores frescas cortadas",2976,"CAJA(S)","ECUADOR"
"21376",2024,9,"OFICINA PUESTO DE CONTROL MARITIMO - PROV. CONST. DEL CALLAO","PAPA, fécula",1e+05,"BOLSAS","ALEMANIA"
"21377",2024,9,"OFICINA PUESTO DE CONTROL MARITIMO - PROV. CONST. DEL CALLAO","PAPA, fécula",1e+05,"BOLSAS","ALEMANIA"
"21378",2024,9,"OFICINA PUESTO DE CONTROL MARITIMO - PROV. CONST. DEL CALLAO","MANZANA, fruto fresco",21168,"CAJA(S)","CHILE"
"21379",2024,9,"OFICINA PUESTO DE CONTROL MARITIMO - PROV. CONST. DEL CALLAO","PAPA, fécula",1e+05,"BOLSAS","ALEMANIA"
"21380",2024,9,"OFICINA PUESTO DE CONTROL MARITIMO - PROV. CONST. DEL CALLAO","PAPA, fécula",1e+05,"BOLSAS","ALEMANIA"
"21381",2024,9,"OFICINA PUESTO DE CONTROL MARITIMO - PROV. CONST. DEL CALLAO","PAPA, fécula",1e+05,"BOLSAS","ALEMANIA"
"21382",2024,9,"OFICINA PUESTO DE CONTROL MARITIMO - PROV. CONST. DEL CALLAO","CEBOLLA, triturada o pulverizada",40,"CAJA(S)","CHINA"
"21383",2024,9,"OFICINA PUESTO DE CONTROL MARITIMO - PROV. CONST. DEL CALLAO","APIO, en polvo",940,"CAJA(S)","CHINA"
"21384",2024,9,"OFICINA PUESTO DE CONTROL MARITIMO - PROV. CONST. DEL CALLAO","CULANTRO, polvo",160,"CAJA(S)","CHINA"
"21385",2024,9,"OFICINA PUESTO DE CONTROL MARITIMO - PROV. CONST. DEL CALLAO","TOMATE, polvo",120,"CAJA(S)","CHINA"
"21386",2024,9,"OFICINA PUESTO DE CONTROL MARITIMO - PROV. CONST. DEL CALLAO","CURCUMA, en polvo",900,"CAJA(S)","CHINA"
"21387",2024,9,"OFICINA PUESTO DE CONTROL MARITIMO - PROV. CONST. DEL CALLAO","AJO, polvo",8000,"CAJA(S)","CHINA"
"21388",2024,9,"SANTA ROSA, TACNA","MANZANA, fruto fresco",22432.2,"CAJA(S)","CHILE"
"21389",2024,9,"SANTA ROSA, TACNA","MANZANA, fruto fresco",23520,"CAJA(S)","CHILE"
"21390",2024,9,"SANTA ROSA, TACNA","KIWI, fruto fresco",20800,"CAJA(S)","CHILE"
"21391",2024,9,"OFICINA PUESTO DE CONTROL MARITIMO - PROV. CONST. DEL CALLAO","MOSTAZA, grano",20000,"BOLSAS","CANADA"
"21392",2024,9,"SANTA ROSA, TACNA","MANZANA, fruto fresco",23520,"CAJA(S)","CHILE"
"21393",2024,9,"SANTA ROSA, TACNA","MANZANA, fruto fresco",23100,"CAJA(S)","CHILE"
"21394",2024,9,"PUESTO DE CONTROL TERRESTRE DESAGUADERO","SOYA, torta",145000,"SACO(S)","BOLIVIA"
"21395",2024,9,"PUESTO DE CONTROL TERRESTRE DESAGUADERO","SOYA, torta",145000,"SACO(S)","BOLIVIA"
"21396",2024,9,"PUESTO DE CONTROL TERRESTRE DESAGUADERO","SOYA, torta",174000,"SACO(S)","BOLIVIA"
"21397",2024,9,"SANTA ROSA, TACNA","MANZANA, fruto fresco",23520,"CAJA(S)","CHILE"
"21398",2024,9,"SANTA ROSA, TACNA","MANZANA, fruto fresco",22834,"CAJA(S)","CHILE"
"21399",2024,9,"SANTA ROSA, TACNA","LIMON TAHITI (Lima tahiti), fruto fresco",25344,"CAJA(S)","CHILE"
"21400",2024,9,"OFICINA PUESTO DE CONTROL MARITIMO - PROV. CONST. DEL CALLAO","AJONJOLI, grano",27000,"SACO(S)","INDIA"
"21401",2024,9,"OFICINA PUESTO DE CONTROL AEREO -  PROV. CONST. DEL CALLAO","CEREZO, varas yemeras sin hojas",0.16,"CAJA(S)","CHILE"
"21402",2024,9,"SANTA ROSA, TACNA","MANZANA, fruto fresco",23088.8,"CAJA(S)","CHILE"
"21403",2024,9,"AGUAS VERDES, TUMBES","PITAHAYA, fruto fresco",9400,"CAJA(S)","ECUADOR"
"21404",2024,9,"PUESTO DE CONTROL TERRESTRE DESAGUADERO","AZUCAR BLANCA O REFINADA (lectura polarimetrica mayor 99.5°)",57000,"SACO(S)","BOLIVIA"
"21405",2024,9,"PUESTO DE CONTROL TERRESTRE DESAGUADERO","AZUCAR BLANCA O REFINADA (lectura polarimetrica mayor 99.5°)",83000,"SACO(S)","BOLIVIA"
"21406",2024,9,"PUESTO DE CONTROL TERRESTRE DESAGUADERO","SOYA, torta",56040,"GRANEL","BOLIVIA"
"21407",2024,9,"PUESTO DE CONTROL TERRESTRE DESAGUADERO","SOYA, torta",56040,"GRANEL","BOLIVIA"
"21408",2024,9,"PUESTO DE CONTROL TERRESTRE DESAGUADERO","SOYA, torta",56000,"GRANEL","BOLIVIA"
"21409",2024,9,"PUESTO DE CONTROL TERRESTRE DESAGUADERO","SOYA, torta",28000,"GRANEL","BOLIVIA"
"21410",2024,9,"PUESTO DE CONTROL TERRESTRE DESAGUADERO","SOYA, grano",112000,"GRANEL","BOLIVIA"
"21411",2024,9,"PUESTO DE CONTROL TERRESTRE DESAGUADERO","SOYA, torta",173500,"SACO(S)","BOLIVIA"
"21412",2024,9,"PUESTO DE CONTROL TERRESTRE DESAGUADERO","SOYA, torta",150000,"SACO(S)","BOLIVIA"
"21413",2024,9,"OFICINA PUESTO DE CONTROL MARITIMO - PROV. CONST. DEL CALLAO","COCO, seco industrial",18000,"SACO(S)","VIETNAM"
"21414",2024,9,"AGUAS VERDES, TUMBES","PITAHAYA, fruto fresco",8200,"CAJA(S)","ECUADOR"
"21415",2024,9,"OFICINA PUESTO DE CONTROL MARITIMO - PROV. CONST. DEL CALLAO","ALMENDRA, sin cáscara secado al natural",19913.04,"CAJA(S)","EEUU"
"21416",2024,9,"PUESTO DE CONTROL TERRESTRE DESAGUADERO","SOYA, harina",116000,"SACO(S)","BOLIVIA"
"21417",2024,9,"OFICINA PUESTO DE CONTROL MARITIMO - PROV. CONST. DEL CALLAO","MADERA, paletas con algún proceso de la CRF 2",74710,"UNIDADES","CHILE"
"21418",2024,9,"PUESTO DE CONTROL TERRESTRE DESAGUADERO","SOYA, torta",115500,"SACO(S)","BOLIVIA"
"21419",2024,9,"OFICINA PUESTO DE CONTROL AEREO -  PROV. CONST. DEL CALLAO","COCO, fibra (para sustrato)",2,"BOLSAS","ALEMANIA"
"21420",2024,9,"OFICINA PUESTO DE CONTROL AEREO -  PROV. CONST. DEL CALLAO","PEPINILLO, semilla",0.108,"SACHETS","FRANCIA"
"21421",2024,9,"PUESTO DE CONTROL TERRESTRE DESAGUADERO","SOYA, torta",82630,"GRANEL","BOLIVIA"
"21422",2024,9,"PUESTO DE CONTROL TERRESTRE DESAGUADERO","SOYA, torta",56000,"GRANEL","BOLIVIA"
"21423",2024,9,"PUESTO DE CONTROL TERRESTRE DESAGUADERO","SOYA, torta",75000,"GRANEL","BOLIVIA"
"21424",2024,9,"OFICINA PUESTO DE CONTROL MARITIMO - PROV. CONST. DEL CALLAO","AVENA, grano aplastado o en copos (hojuelas)",26000,"SACO(S)","CHILE"
"21425",2024,9,"SANTA ROSA, TACNA","MANZANA, fruto fresco",22344,"CAJA(S)","CHILE"
"21426",2024,9,"OFICINA PUESTO DE CONTROL MARITIMO - PROV. CONST. DEL CALLAO","Articulos para fiestas de navidad que sean o contengan material vegetal
",783.105,"CAJA(S)","CHINA"
"21427",2024,9,"OFICINA PUESTO DE CONTROL MARITIMO - PROV. CONST. DEL CALLAO","CAUCHO, técnicamente especificado (TSNR)",40320,"PALETAS","VIETNAM"
"21428",2024,9,"OFICINA PUESTO DE CONTROL MARITIMO - PROV. CONST. DEL CALLAO","PAPA, fécula",875,"SACO(S)","HOLANDA"
"21429",2024,9,"OFICINA PUESTO DE CONTROL MARITIMO - PROV. CONST. DEL CALLAO","UVA (PASAS), secas naturalmente",24500,"CAJA(S)","ARGENTINA"
"21430",2024,9,"OFICINA PUESTO DE CONTROL MARITIMO - PROV. CONST. DEL CALLAO","PINO, madera aserrada con tratamiento de secado al horno impregnación de sales",65138,"PAQUETES","CHINA"
"21431",2024,9,"PUESTO DE CONTROL TERRESTRE DESAGUADERO","FREJOL NEGRO, grano",29990,"SACO(S)","BOLIVIA"
"21432",2024,9,"IÑAPARI, MADRE DE DIOS","NUEZ DEL BRASIL, con cáscara seca al natural",22910,"GRANEL","BRASIL"
"21433",2024,9,"OFICINA PUESTO DE CONTROL MARITIMO - PROV. CONST. DEL CALLAO","Articulos para fiestas de navidad que sean o contengan material vegetal
",931.3,"UNIDADES","CHINA"
"21434",2024,9,"OFICINA PUESTO DE CONTROL MARITIMO - PROV. CONST. DEL CALLAO","MARCOS, madera",30.289,"UNIDADES","CHINA"
"21435",2024,9,"OFICINA PUESTO DE CONTROL MARITIMO - PROV. CONST. DEL CALLAO","Articulos para fiestas de navidad que sean o contengan material vegetal
",90.994,"UNIDADES","CHINA"
"21436",2024,9,"OFICINA PUESTO DE CONTROL MARITIMO - PROV. CONST. DEL CALLAO","Articulos para fiestas de navidad que sean o contengan material vegetal
",940.413,"UNIDADES","CHINA"
"21437",2024,9,"OFICINA PUESTO DE CONTROL MARITIMO - PROV. CONST. DEL CALLAO","MATERIAS VEGETALES, para tallar trabajadas con algun proceso de la CRF 2",147.2,"UNIDADES","CHINA"
"21438",2024,9,"PUESTO DE CONTROL TERRESTRE DESAGUADERO","SOYA, grano",112000,"GRANEL","BOLIVIA"
"21439",2024,9,"PUESTO DE CONTROL TERRESTRE DESAGUADERO","SOYA, grano",140000,"GRANEL","BOLIVIA"
"21440",2024,9,"PUESTO DE CONTROL TERRESTRE DESAGUADERO","SOYA, torta",24990,"GRANEL","BOLIVIA"
"21441",2024,9,"OFICINA PUESTO DE CONTROL MARITIMO - PROV. CONST. DEL CALLAO","ALMENDRA, sin cáscara secado al natural",14000,"CAJA(S)","CHILE"
"21442",2024,9,"OFICINA PUESTO DE CONTROL MARITIMO - PROV. CONST. DEL CALLAO","ALMENDRA, sin cáscara secado al natural",10000,"CAJA(S)","CHILE"
"21443",2024,9,"PUESTO DE CONTROL TERRESTRE DESAGUADERO","SOYA, torta",110379,"SACO(S)","BOLIVIA"
"21444",2024,9,"OFICINA PUESTO DE CONTROL MARITIMO - PROV. CONST. DEL CALLAO","ARROZ, grano pilado",125000,"SACO(S)","URUGUAY"
"21445",2024,9,"OFICINA PUESTO DE CONTROL MARITIMO - PROV. CONST. DEL CALLAO","TURBA",261880,"PACAS","ESTONIA"
"21446",2024,9,"OFICINA PUESTO DE CONTROL MARITIMO - PROV. CONST. DEL CALLAO","PINO, madera aserrada con algún proceso de la CRF2",45270,"PAQUETES","CHILE"
"21447",2024,9,"PUESTO DE CONTROL TERRESTRE DESAGUADERO","SOYA, torta",28000,"GRANEL","BOLIVIA"
"21448",2024,9,"OFICINA PUESTO DE CONTROL MARITIMO - PROV. CONST. DEL CALLAO","COCO, fibra (para sustrato)",233940,"PALETAS","INDIA"
"21449",2024,9,"OFICINA PUESTO DE CONTROL MARITIMO - PROV. CONST. DEL CALLAO","Articulos para fiestas de navidad que sean o contengan material vegetal
",1009.194,"UNIDADES","CHINA"
"21450",2024,9,"OFICINA PUESTO DE CONTROL MARITIMO - PROV. CONST. DEL CALLAO","Articulos para fiestas de navidad que sean o contengan material vegetal
",10.493,"UNIDADES","INDIA"
"21451",2024,9,"PUESTO DE CONTROL TERRESTRE DESAGUADERO","SOYA, torta",139910,"GRANEL","BOLIVIA"
"21452",2024,9,"IÑAPARI, MADRE DE DIOS","MAIZ AMARILLO DURO, grano",32000,"SACO(S)","BRASIL"
"21453",2024,9,"PUESTO DE CONTROL TERRESTRE DESAGUADERO","SOYA, harina",84000,"SACO(S)","BOLIVIA"
"21454",2024,9,"PUESTO DE CONTROL TERRESTRE DESAGUADERO","SOYA, torta",174000,"SACO(S)","BOLIVIA"
"21455",2024,9,"AGUAS VERDES, TUMBES","PITAHAYA, fruto fresco",8500,"CAJA(S)","ECUADOR"
"21456",2024,9,"AGUAS VERDES, TUMBES","PITAHAYA, fruto fresco",13880,"CAJA(S)","ECUADOR"
"21457",2024,9,"OFICINA PUESTO DE CONTROL MARITIMO - PROV. CONST. DEL CALLAO","CEBOLLA, triturada o pulverizada",239.712,"CAJA(S)","EEUU"
"21458",2024,9,"PUESTO DE CONTROL TERRESTRE DESAGUADERO","SOYA, torta",55688,"SACO(S)","BOLIVIA"
"21459",2024,9,"OFICINA PUESTO DE CONTROL MARITIMO - PROV. CONST. DEL CALLAO","ARROZ, grano pilado",125000,"SACO(S)","URUGUAY"
"21460",2024,9,"OFICINA PUESTO DE CONTROL MARITIMO - PROV. CONST. DEL CALLAO","ALGODON, fibra sin cardar ni peinar (>22.22 mm = o <28.57 mm)",38410,"FARDOS","EEUU"
"21461",2024,9,"AGUAS VERDES, TUMBES","PIMIENTA, grano",15000,"SACO(S)","ECUADOR"
"21462",2024,9,"PUESTO DE CONTROL TERRESTRE DESAGUADERO","SOYA, grano",116000,"SACO(S)","BOLIVIA"
"21463",2024,9,"PUESTO DE CONTROL TERRESTRE DESAGUADERO","SOYA, torta",82000,"GRANEL","BOLIVIA"
"21464",2024,9,"PUESTO DE CONTROL TERRESTRE DESAGUADERO","SOYA, torta",84000,"SACO(S)","BOLIVIA"
"21465",2024,9,"OFICINA PUESTO DE CONTROL MARITIMO - PROV. CONST. DEL CALLAO","TE VERDE",1380,"CAJA(S)","EEUU"
"21466",2024,9,"PUESTO DE CONTROL TERRESTRE DESAGUADERO","SOYA, harina",144000,"SACO(S)","BOLIVIA"
"21467",2024,9,"PUESTO DE CONTROL TERRESTRE DESAGUADERO","SOYA, grano",58000,"SACO(S)","BOLIVIA"
"21468",2024,9,"PUESTO DE CONTROL TERRESTRE DESAGUADERO","SOYA, torta",27000,"GRANEL","BOLIVIA"
"21469",2024,9,"OFICINA PUESTO DE CONTROL MARITIMO - PROV. CONST. DEL CALLAO","AZUCAR BLANCA O REFINADA (lectura polarimetrica mayor 99.5°)",132500,"SACO(S)","GUATEMALA"
"21470",2024,9,"PUESTO DE CONTROL TERRESTRE DESAGUADERO","SOYA, torta",28070,"GRANEL","BOLIVIA"
"21471",2024,9,"PUESTO DE CONTROL TERRESTRE DESAGUADERO","SOYA, grano",29000,"SACO(S)","BOLIVIA"
"21472",2024,9,"OFICINA PUESTO DE CONTROL MARITIMO - PROV. CONST. DEL CALLAO","PERA, fruta fresca",22680,"CAJA(S)","ARGENTINA"
"21473",2024,9,"PUESTO DE CONTROL TERRESTRE DESAGUADERO","SOYA, torta",27070,"GRANEL","BOLIVIA"
"21474",2024,9,"OFICINA PUESTO DE CONTROL MARITIMO - PROV. CONST. DEL CALLAO","ARROZ, grano pilado",250000,"SACO(S)","URUGUAY"
"21475",2024,9,"OFICINA PUESTO DE CONTROL MARITIMO - PROV. CONST. DEL CALLAO","ALGODON, fibra sin cardar ni peinar (>22.22 mm = o <28.57 mm)",579992,"FARDOS","EEUU"
"21476",2024,9,"OFICINA PUESTO DE CONTROL MARITIMO - PROV. CONST. DEL CALLAO","ALGODON, fibra sin cardar ni peinar (>22.22 mm = o <28.57 mm)",20248,"FARDOS","EEUU"
"21477",2024,9,"OFICINA PUESTO DE CONTROL MARITIMO - PROV. CONST. DEL CALLAO","AZUCAR CRUDA, sólido",224350,"SACO(S)","GUATEMALA"
"21478",2024,9,"OFICINA PUESTO DE CONTROL MARITIMO - PROV. CONST. DEL CALLAO","AZUCAR CRUDA, sólido",250000,"SACO(S)","EL SALVADOR"
"21479",2024,9,"PUESTO DE CONTROL TERRESTRE DESAGUADERO","SOYA, torta",177000,"SACO(S)","BOLIVIA"
"21480",2024,9,"PUESTO DE CONTROL TERRESTRE DESAGUADERO","SOYA, torta",177000,"SACO(S)","BOLIVIA"
"21481",2024,9,"OFICINA PUESTO DE CONTROL MARITIMO - PROV. CONST. DEL CALLAO","ALMENDRA, sin cáscara secado al natural",19913.04,"CAJA(S)","EEUU"
"21482",2024,9,"OFICINA PUESTO DE CONTROL AEREO -  PROV. CONST. DEL CALLAO","ARANDANO, planta",939,"CAJA(S)","CHILE"
"21483",2024,9,"OFICINA PUESTO DE CONTROL AEREO -  PROV. CONST. DEL CALLAO","HONGO, seco",9.08,"BOLSAS","EEUU"
"21484",2024,9,"OFICINA PUESTO DE CONTROL AEREO -  PROV. CONST. DEL CALLAO","ENEBRO, bayas sin triturar ni pulverizar con secado al horno o industrial",38.112,"FRASCO(S)","EEUU"
"21485",2024,9,"OFICINA PUESTO DE CONTROL AEREO -  PROV. CONST. DEL CALLAO","ARROZ, parbolizado pulido o sin cáscara",45.3708,"BOLSAS","EEUU"
"21486",2024,9,"PUERTO DE PAITA , PIURA","FLOR DE JAMAICA, seca natural",5220,"CAJA(S)","NIGERIA"
"21487",2024,9,"OFICINA PUESTO DE CONTROL MARITIMO - PROV. CONST. DEL CALLAO","MANZANA, fruto fresco",19551,"CAJA(S)","CHILE"
"21488",2024,9,"OFICINA PUESTO DE CONTROL MARITIMO - PROV. CONST. DEL CALLAO","Articulos para fiestas de navidad que sean o contengan material vegetal
",149.1,"CAJA(S)","CHINA"
"21489",2024,9,"OFICINA PUESTO DE CONTROL AEREO -  PROV. CONST. DEL CALLAO","LUPULO, pellets",320,"PALETAS","ALEMANIA"
"21490",2024,9,"PUESTO DE CONTROL TERRESTRE DESAGUADERO","SOYA, grano",58000,"SACO(S)","BOLIVIA"
"21491",2024,9,"IÑAPARI, MADRE DE DIOS","MAIZ AMARILLO DURO, grano",32000,"SACO(S)","BRASIL"
"21492",2024,9,"OFICINA PUESTO DE CONTROL MARITIMO - PROV. CONST. DEL CALLAO","TRIGO, harina",73500,"BOLSAS","TURQUIA"
"21493",2024,9,"PUESTO DE CONTROL TERRESTRE DESAGUADERO","SOYA, torta",26000,"GRANEL","BOLIVIA"
"21494",2024,9,"PUESTO DE CONTROL TERRESTRE DESAGUADERO","SOYA, torta",25000,"SACO(S)","BOLIVIA"
"21495",2024,9,"PUESTO DE CONTROL TERRESTRE DESAGUADERO","SOYA, harina",50000,"SACO(S)","BOLIVIA"
"21496",2024,9,"PUESTO DE CONTROL TERRESTRE DESAGUADERO","SOYA, harina",87000,"SACO(S)","BOLIVIA"
"21497",2024,9,"OFICINA PUESTO DE CONTROL MARITIMO - PROV. CONST. DEL CALLAO","LILIUM (=AZUCENA), bulbo",19950,"JABAS","HOLANDA"
"21498",2024,9,"PUESTO DE CONTROL TERRESTRE DESAGUADERO","SOYA, torta",46730,"GRANEL","BOLIVIA"
"21499",2024,9,"PUESTO DE CONTROL TERRESTRE DESAGUADERO","SOYA, torta",27040,"GRANEL","BOLIVIA"
"21500",2024,9,"PUESTO DE CONTROL TERRESTRE DESAGUADERO","SOYA, torta",8440,"GRANEL","BOLIVIA"
"21501",2024,9,"PUESTO DE CONTROL TERRESTRE DESAGUADERO","SOYA, torta",26840,"GRANEL","BOLIVIA"
"21502",2024,9,"OFICINA PUESTO DE CONTROL AEREO -  PROV. CONST. DEL CALLAO","ALGODON,  fibra sin cardar ni peinar",0.57,"BOLSAS","EGYPTO"
"21503",2024,9,"AGUAS VERDES, TUMBES","Las demás coniferas, las demas maderas aserradas o desbastadas longitudinalmente, cortada o desenrollada, incluso cepillada,lijada o unida por lo extremos, de espesor superior a 6 mm, con algun tratamiento de la CRF 2",28610,"PIEZAS","ECUADOR"
"21504",2024,9,"OFICINA PUESTO DE CONTROL MARITIMO - PROV. CONST. DEL CALLAO","KIWI, fruto fresco",16800,"CAJA(S)","CHILE"
"21505",2024,9,"OFICINA PUESTO DE CONTROL MARITIMO - PROV. CONST. DEL CALLAO","KIWI, fruto fresco",24000,"CAJA(S)","CHILE"
"21506",2024,9,"OFICINA PUESTO DE CONTROL MARITIMO - PROV. CONST. DEL CALLAO","MAIZ REVENTON, grano",127000,"SACO(S)","ARGENTINA"
"21507",2024,9,"PUESTO DE CONTROL TERRESTRE DESAGUADERO","SOYA, torta",114000,"SACO(S)","BOLIVIA"
"21508",2024,9,"PUESTO DE CONTROL TERRESTRE DESAGUADERO","SOYA, torta",113700,"SACO(S)","BOLIVIA"
"21509",2024,9,"PUESTO DE CONTROL TERRESTRE DESAGUADERO","SOYA, torta",143300,"SACO(S)","BOLIVIA"
"21510",2024,9,"PUESTO DE CONTROL TERRESTRE DESAGUADERO","SOYA, torta",28000,"GRANEL","BOLIVIA"
"21511",2024,9,"PUESTO DE CONTROL TERRESTRE DESAGUADERO","SOYA, torta",56000,"GRANEL","BOLIVIA"
"21512",2024,9,"PUESTO DE CONTROL TERRESTRE DESAGUADERO","SOYA, torta",25000,"SACO(S)","BOLIVIA"
"21513",2024,9,"PUESTO DE CONTROL TERRESTRE DESAGUADERO","SOYA, torta",84000,"GRANEL","BOLIVIA"
"21514",2024,9,"OFICINA PUESTO DE CONTROL AEREO -  PROV. CONST. DEL CALLAO","UVA (PASAS), secas industrialmente",1,"BOLSAS","CHILE"
"21515",2024,9,"PUESTO DE CONTROL TERRESTRE DESAGUADERO","SOYA, harina",145000,"SACO(S)","BOLIVIA"
"21516",2024,9,"PUESTO DE CONTROL TERRESTRE DESAGUADERO","SOYA, torta",28000,"GRANEL","BOLIVIA"
"21517",2024,9,"PUESTO DE CONTROL TERRESTRE DESAGUADERO","SOYA, torta",55340,"GRANEL","BOLIVIA"
"21518",2024,9,"PUESTO DE CONTROL TERRESTRE DESAGUADERO","SOYA, torta",27000,"GRANEL","BOLIVIA"
"21519",2024,9,"PUESTO DE CONTROL TERRESTRE DESAGUADERO","SOYA, torta",145000,"SACO(S)","BOLIVIA"
"21520",2024,9,"PUESTO DE CONTROL TERRESTRE DESAGUADERO","SOYA, torta",1e+05,"SACO(S)","BOLIVIA"
"21521",2024,9,"PUESTO DE CONTROL TERRESTRE DESAGUADERO","SOYA, torta",116000,"SACO(S)","BOLIVIA"
"21522",2024,9,"PUESTO DE CONTROL TERRESTRE DESAGUADERO","SOYA, grano",56000,"GRANEL","BOLIVIA"
"21523",2024,9,"PUESTO DE CONTROL TERRESTRE DESAGUADERO","SOYA, grano",27990,"GRANEL","BOLIVIA"
"21524",2024,9,"PUESTO DE CONTROL TERRESTRE DESAGUADERO","SOYA, grano",56000,"GRANEL","BOLIVIA"
"21525",2024,9,"OFICINA PUESTO DE CONTROL MARITIMO - PROV. CONST. DEL CALLAO","UVA (PASAS), secas industrialmente",42000,"CAJA(S)","CHILE"
"21526",2024,9,"PUESTO DE CONTROL TERRESTRE DESAGUADERO","SOYA, torta",57660,"GRANEL","BOLIVIA"
"21527",2024,9,"OFICINA PUESTO DE CONTROL MARITIMO - PROV. CONST. DEL CALLAO","YERBA MATE, secado industrial",3500,"BOLSAS","ARGENTINA"
"21528",2024,9,"PUESTO DE CONTROL TERRESTRE DESAGUADERO","SOYA, torta",142000,"GRANEL","BOLIVIA"
"21529",2024,9,"PUESTO DE CONTROL TERRESTRE DESAGUADERO","SOYA, grano",56000,"GRANEL","BOLIVIA"
"21530",2024,9,"PUESTO DE CONTROL TERRESTRE DESAGUADERO","SOYA, grano",108950,"GRANEL","BOLIVIA"
"21531",2024,9,"OFICINA PUESTO DE CONTROL MARITIMO - PROV. CONST. DEL CALLAO","CANELA, corteza entera seca al natural",16000,"CAJA(S)","SRI LANKA"
"21532",2024,9,"OFICINA PUESTO DE CONTROL AEREO -  PROV. CONST. DEL CALLAO","ALMENDRA, trozos",1,"CAJA(S)","EEUU"
"21533",2024,9,"IÑAPARI, MADRE DE DIOS","MAIZ AMARILLO DURO, grano",96000,"SACO(S)","BRASIL"
"21534",2024,9,"OFICINA PUESTO DE CONTROL MARITIMO - PROV. CONST. DEL CALLAO","MANZANA, fruto fresco",18522,"CAJA(S)","EEUU"
"21535",2024,9,"PUESTO DE CONTROL TERRESTRE DESAGUADERO","MAIZ AMARILLO DURO, grano",30000,"SACO(S)","BOLIVIA"
"21536",2024,9,"OFICINA PUESTO DE CONTROL AEREO -  PROV. CONST. DEL CALLAO","ARANDANO, planta",721,"CAJA(S)","CHILE"
"21537",2024,9,"OFICINA PUESTO DE CONTROL AEREO -  PROV. CONST. DEL CALLAO","ARANDANO, planta in vitro",0.5,"FRASCO(S)","MEXICO"
"21538",2024,9,"OFICINA PUESTO DE CONTROL AEREO -  PROV. CONST. DEL CALLAO","SANDIA, semilla",1.82,"SACHETS","ISRAEL"
"21539",2024,9,"OFICINA PUESTO DE CONTROL MARITIMO - PROV. CONST. DEL CALLAO","MAIZ AMARILLO DURO, grano",4682660,"GRANEL","ARGENTINA"
"21540",2024,9,"PUESTO DE CONTROL TERRESTRE DESAGUADERO","SOYA, torta",29130,"GRANEL","BOLIVIA"
"21541",2024,9,"PUESTO DE CONTROL TERRESTRE DESAGUADERO","SOYA, torta",114000,"GRANEL","BOLIVIA"
"21542",2024,9,"PUESTO DE CONTROL TERRESTRE DESAGUADERO","SOYA, torta",55950,"GRANEL","BOLIVIA"
"21543",2024,9,"IÑAPARI, MADRE DE DIOS","NUEZ DEL BRASIL, con cáscara seca al natural",27900,"SACO(S)","BRASIL"
"21544",2024,9,"PUESTO DE CONTROL TERRESTRE DESAGUADERO","SOYA, torta",84170,"GRANEL","BOLIVIA"
"21545",2024,9,"SANTA ROSA, TACNA","MANZANA, fruto fresco",24206,"CAJA(S)","CHILE"
"21546",2024,9,"PUESTO DE CONTROL TERRESTRE DESAGUADERO","SOYA, torta",56000,"GRANEL","BOLIVIA"
"21547",2024,9,"PUESTO DE CONTROL TERRESTRE DESAGUADERO","SOYA, torta",55980,"GRANEL","BOLIVIA"
"21548",2024,9,"PUESTO DE CONTROL TERRESTRE DESAGUADERO","SOYA, torta",56630,"GRANEL","BOLIVIA"
"21549",2024,9,"OFICINA PUESTO DE CONTROL MARITIMO - PROV. CONST. DEL CALLAO","MAIZ, almidon",24750,"CAJA(S)","BRASIL"
"21550",2024,9,"OFICINA PUESTO DE CONTROL MARITIMO - PROV. CONST. DEL CALLAO","PERA, fruta fresca",23940,"CAJA(S)","ARGENTINA"
"21551",2024,9,"SANTA ROSA, TACNA","KIWI, fruto fresco",4160,"CAJA(S)","CHILE"
"21552",2024,9,"SANTA ROSA, TACNA","MANZANA, fruto fresco",20482,"CAJA(S)","CHILE"
"21553",2024,9,"PUESTO DE CONTROL TERRESTRE DESAGUADERO","MANI, grano sin cáscara",87000,"SACO(S)","BOLIVIA"
"21554",2024,9,"OFICINA PUESTO DE CONTROL MARITIMO - PROV. CONST. DEL CALLAO","PECANA, sin cáscara secado industrial",19050.8,"CAJA(S)","MEXICO"
"21555",2024,9,"OFICINA PUESTO DE CONTROL MARITIMO - PROV. CONST. DEL CALLAO","MANZANA, fruto fresco",118139,"CAJA(S)","CHILE"
"21556",2024,9,"OFICINA PUESTO DE CONTROL MARITIMO - PROV. CONST. DEL CALLAO","KIWI, fruto fresco",33600,"CAJA(S)","CHILE"
"21557",2024,9,"PUERTO DE SALAVERRY, LA LIBERTAD","MAIZ AMARILLO DURO, grano",13122980,"GRANEL","ARGENTINA"
"21558",2024,9,"PUERTO DE SALAVERRY, LA LIBERTAD","SOYA, torta",6829980,"GRANEL","ARGENTINA"
"21559",2024,9,"OFICINA PUESTO DE CONTROL MARITIMO - PROV. CONST. DEL CALLAO","UVA (PASAS), secas industrialmente",25000,"CAJA(S)","ARGENTINA"
"21560",2024,9,"PUESTO DE CONTROL TERRESTRE DESAGUADERO","SOYA, torta",52480,"GRANEL","BOLIVIA"
"21561",2024,9,"OFICINA PUESTO DE CONTROL MARITIMO - PROV. CONST. DEL CALLAO","YUCA (=MANDIOCA), fécula",18000,"SACO(S)","TAILANDIA"
"21562",2024,9,"OFICINA PUESTO DE CONTROL MARITIMO - PROV. CONST. DEL CALLAO","MADERA, cajas con algún proceso de la CRF 2",10700,"PALETAS","CHILE"
"21563",2024,9,"PUESTO DE CONTROL TERRESTRE DESAGUADERO","SOYA, torta",83680,"GRANEL","BOLIVIA"
"21564",2024,9,"PUESTO DE CONTROL TERRESTRE DESAGUADERO","SOYA, torta",55980,"GRANEL","BOLIVIA"
"21565",2024,9,"OFICINA PUESTO DE CONTROL MARITIMO - PROV. CONST. DEL CALLAO","AVENA, grano trabajado (mondado, perlado, troceado o quebrantado)",52000,"SACO(S)","CHILE"
"21566",2024,9,"OFICINA PUESTO DE CONTROL MARITIMO - PROV. CONST. DEL CALLAO","VIGAS en I, con algún lado de madera, y algún proceso de la CRF 2",127900,"PAQUETES","ESLOVENIA"
"21567",2024,9,"OFICINA PUESTO DE CONTROL MARITIMO - PROV. CONST. DEL CALLAO","BAMBU, artículos de cestería obtenidos directamente en su forma con materia trenzable con algún proceso de la CRF 2",17.68,"UNIDADES","INDONESIA"
"21568",2024,9,"OFICINA PUESTO DE CONTROL MARITIMO - PROV. CONST. DEL CALLAO","Articulos de cesteria (canastos, cestos u otros), con algun proceso de la CRF2",135.311,"UNIDADES","INDONESIA"
"21569",2024,9,"OFICINA PUESTO DE CONTROL MARITIMO - PROV. CONST. DEL CALLAO","RAFIA, artículos de cestería con algún proceso de la CRF 2",195.05,"UNIDADES","INDONESIA"
"21570",2024,9,"OFICINA PUESTO DE CONTROL MARITIMO - PROV. CONST. DEL CALLAO","Articulos para fiestas de navidad que sean o contengan material vegetal
",414.543,"BOLSAS","CHINA"
"21571",2024,9,"OFICINA PUESTO DE CONTROL MARITIMO - PROV. CONST. DEL CALLAO","Articulos para fiestas de navidad que sean o contengan material vegetal
",310.521,"BOLSA DE POLIETILENO","CHINA"
"21572",2024,9,"OFICINA PUESTO DE CONTROL MARITIMO - PROV. CONST. DEL CALLAO","MAIZ, harina",64800,"SACO(S)","COLOMBIA"
"21573",2024,9,"OFICINA PUESTO DE CONTROL MARITIMO - PROV. CONST. DEL CALLAO","ALGODON, fibra sin cardar ni peinar (>22.22 mm = o <28.57 mm)",38470,"FARDOS","EEUU"
"21574",2024,9,"OFICINA PUESTO DE CONTROL MARITIMO - PROV. CONST. DEL CALLAO","ARROZ, harina",3708,"CAJA(S)","CHINA"
"21575",2024,9,"OFICINA PUESTO DE CONTROL MARITIMO - PROV. CONST. DEL CALLAO","LOTO, hoja seca industrial",320,"CAJA(S)","CHINA"
"21576",2024,9,"OFICINA PUESTO DE CONTROL MARITIMO - PROV. CONST. DEL CALLAO","AZUCAR SIN REFINAR, solido",420,"CAJA(S)","CHINA"
"21577",2024,9,"OFICINA PUESTO DE CONTROL MARITIMO - PROV. CONST. DEL CALLAO","CIRUELA, seca industrialmente",1e+05,"CAJA(S)","CHILE"
"21578",2024,9,"OFICINA PUESTO DE CONTROL MARITIMO - PROV. CONST. DEL CALLAO","AZUCAR BLANCA O REFINADA (lectura polarimetrica mayor 99.5°)",380000,"BIG BAG","COLOMBIA"
"21579",2024,9,"OFICINA PUESTO DE CONTROL MARITIMO - PROV. CONST. DEL CALLAO","AZUCAR BLANCA O REFINADA (lectura polarimetrica mayor 99.5°)",123449,"SACO(S)","COLOMBIA"
"21580",2024,9,"OFICINA PUESTO DE CONTROL MARITIMO - PROV. CONST. DEL CALLAO","AZUCAR BLANCA O REFINADA (lectura polarimetrica mayor 99.5°)",397050,"SACO(S)","COLOMBIA"
"21581",2024,9,"OFICINA PUESTO DE CONTROL MARITIMO - PROV. CONST. DEL CALLAO","AZUCAR CRUDA, sólido",125000,"SACO(S)","BRASIL"
"21582",2024,9,"OFICINA PUESTO DE CONTROL MARITIMO - PROV. CONST. DEL CALLAO","CORCHO, tapones",41.362,"CAJA(S)","MEXICO"
"21583",2024,9,"SANTA ROSA, TACNA","CEBOLLA, fresca",28000,"SACO(S)","CHILE"
"21584",2024,9,"OFICINA PUESTO DE CONTROL MARITIMO - PROV. CONST. DEL CALLAO","AZUCAR BLANCA O REFINADA (lectura polarimetrica mayor 99.5°)",106318,"BOLSAS","GUATEMALA"
"21585",2024,9,"OFICINA PUESTO DE CONTROL MARITIMO - PROV. CONST. DEL CALLAO","UVA (PASAS), secas industrialmente",25000,"CAJA(S)","ARGENTINA"
"21586",2024,9,"OFICINA PUESTO DE CONTROL MARITIMO - PROV. CONST. DEL CALLAO","MAIZ REVENTON, grano",127008,"SACO(S)","BRASIL"
"21587",2024,9,"OFICINA PUESTO DE CONTROL MARITIMO - PROV. CONST. DEL CALLAO","PINO, madera aserrada con algún proceso de la CRF2",102790,"CAJA(S)","CHILE"
"21588",2024,9,"PUERTO DE PAITA , PIURA","COCO, fibra (para sustrato)",92707,"PALETAS","REPUBLICA DOMINICANA"
"21589",2024,9,"PUESTO DE CONTROL TERRESTRE DESAGUADERO","SOYA, torta",143000,"SACO(S)","BOLIVIA"
"21590",2024,9,"OFICINA PUESTO DE CONTROL MARITIMO - PROV. CONST. DEL CALLAO","ALGODON, fibra sin cardar ni peinar (>34.92 mm)",97890,"FARDOS","EEUU"
"21591",2024,9,"OFICINA PUESTO DE CONTROL MARITIMO - PROV. CONST. DEL CALLAO","ALGODON, fibra sin cardar ni peinar (>28.57 mm = o <34.92 mm)",99960,"FARDOS","EEUU"
"21592",2024,9,"PUESTO DE CONTROL TERRESTRE DESAGUADERO","SOYA, torta",24930,"GRANEL","BOLIVIA"
"21593",2024,9,"OFICINA PUESTO DE CONTROL MARITIMO - PROV. CONST. DEL CALLAO","ABUTA, molido",61.154,"CAJA(S)","CHINA"
"21594",2024,9,"OFICINA PUESTO DE CONTROL MARITIMO - PROV. CONST. DEL CALLAO","UVA (PASAS), secas industrialmente",21000,"CAJA(S)","CHILE"
"21595",2024,9,"OFICINA PUESTO DE CONTROL AEREO -  PROV. CONST. DEL CALLAO","ZAPALLITO ITALIANO (CALABACIN), semilla",18.795751,"SACHETS","HOLANDA"
"21596",2024,9,"OFICINA PUESTO DE CONTROL AEREO -  PROV. CONST. DEL CALLAO","BERENJENA, semilla",0.35095,"SACHETS","FRANCIA"
"21597",2024,9,"OFICINA PUESTO DE CONTROL AEREO -  PROV. CONST. DEL CALLAO","MELON, semilla",0.261,"SACHETS","HOLANDA"
"21598",2024,9,"OFICINA PUESTO DE CONTROL AEREO -  PROV. CONST. DEL CALLAO","MELON, semilla",0.218,"SACHETS","HOLANDA"
"21599",2024,9,"OFICINA PUESTO DE CONTROL AEREO -  PROV. CONST. DEL CALLAO","TOMATE, semilla",0.034,"SACHETS","HOLANDA"
"21600",2024,9,"OFICINA PUESTO DE CONTROL AEREO -  PROV. CONST. DEL CALLAO","PIMIENTO, semilla",0.467,"SACHETS","ESPAÑA"
"21601",2024,9,"OFICINA PUESTO DE CONTROL AEREO -  PROV. CONST. DEL CALLAO","ZAPALLITO ITALIANO (CALABACIN), semilla",1.77163,"SACHETS","HOLANDA"
"21602",2024,9,"OFICINA PUESTO DE CONTROL AEREO -  PROV. CONST. DEL CALLAO","CALABAZA MOSCADA, semilla",0.026,"SACHETS","HOLANDA"
"21603",2024,9,"OFICINA PUESTO DE CONTROL AEREO -  PROV. CONST. DEL CALLAO","TOMATE, semilla",0.025,"SACHETS","FRANCIA"
"21604",2024,9,"OFICINA PUESTO DE CONTROL MARITIMO - PROV. CONST. DEL CALLAO","TURBA",125500,"FARDOS","LETONIA"
"21605",2024,9,"LA TINA, PIURA","PINO, madera aserrada con algún proceso de la CRF2",32000,"UNIDADES","ECUADOR"
"21606",2024,9,"OFICINA PUESTO DE CONTROL MARITIMO - PROV. CONST. DEL CALLAO","PERA, fruta fresca",25137,"CAJA(S)","ARGENTINA"
"21607",2024,9,"OFICINA PUESTO DE CONTROL MARITIMO - PROV. CONST. DEL CALLAO","MAIZ REVENTON, grano",25400,"SACO(S)","ARGENTINA"
"21608",2024,9,"OFICINA PUESTO DE CONTROL AEREO -  PROV. CONST. DEL CALLAO","MELON, semilla",0.232,"SACHETS","HOLANDA"
"21609",2024,9,"OFICINA PUESTO DE CONTROL AEREO -  PROV. CONST. DEL CALLAO","MELON, semilla",0.6,"BOLSAS","HOLANDA"
"21610",2024,9,"OFICINA PUESTO DE CONTROL MARITIMO - PROV. CONST. DEL CALLAO","GARBANZO, grano",24947,"SACO(S)","CANADA"
"21611",2024,9,"OFICINA PUESTO DE CONTROL MARITIMO - PROV. CONST. DEL CALLAO","AZUCAR BLANCA O REFINADA (lectura polarimetrica mayor 99.5°)",132500,"SACO(S)","GUATEMALA"
"21612",2024,9,"PUESTO DE CONTROL TERRESTRE DESAGUADERO","SOYA, torta",143350,"SACO(S)","BOLIVIA"
"21613",2024,9,"PUESTO DE CONTROL TERRESTRE DESAGUADERO","SOYA, harina",25000,"SACO(S)","BOLIVIA"
"21614",2024,9,"PUESTO DE CONTROL TERRESTRE DESAGUADERO","SOYA, torta",25000,"SACO(S)","BOLIVIA"
"21615",2024,9,"PUESTO DE CONTROL TERRESTRE DESAGUADERO","SOYA, harina",25000,"SACO(S)","BOLIVIA"
"21616",2024,9,"OFICINA PUESTO DE CONTROL MARITIMO - PROV. CONST. DEL CALLAO","ALGODON, fibra sin cardar ni peinar (>28.57 mm = o <34.92 mm)",78191,"FARDOS","EEUU"
"21617",2024,9,"PUERTO DE PAITA , PIURA","YUTE, sacos",34200,"FARDOS","INDIA"
"21618",2024,9,"PUERTO DE PAITA , PIURA","YUTE, sacos",31080,"FARDOS","INDIA"
"21619",2024,9,"OFICINA PUESTO DE CONTROL MARITIMO - PROV. CONST. DEL CALLAO","SISAL, esteras, esterillas, tapetes, alfombras con algún proceso de la CRF2",1512.86,"UNIDADES","CHINA"
"21620",2024,9,"OFICINA PUESTO DE CONTROL MARITIMO - PROV. CONST. DEL CALLAO","SISAL, esteras, esterillas, tapetes, alfombras con algún proceso de la CRF2",532.751,"UNIDADES","CHINA"
"21621",2024,9,"OFICINA PUESTO DE CONTROL MARITIMO - PROV. CONST. DEL CALLAO","NUEZ, con cáscara seca al natural",40000,"SACO(S)","CHILE"
"21622",2024,9,"OFICINA PUESTO DE CONTROL AEREO -  PROV. CONST. DEL CALLAO","ZANAHORIA, semilla",60,"BOLSAS","EEUU"
"21623",2024,9,"OFICINA PUESTO DE CONTROL MARITIMO - PROV. CONST. DEL CALLAO","ALGODON, fibra sin cardar ni peinar (>28.57 mm = o <34.92 mm)",20330,"FARDOS","EEUU"
"21624",2024,9,"OFICINA PUESTO DE CONTROL MARITIMO - PROV. CONST. DEL CALLAO","ARROZ, grano pilado",1550000,"BOLSONES","URUGUAY"
"21625",2024,9,"OFICINA PUESTO DE CONTROL MARITIMO - PROV. CONST. DEL CALLAO","Articulos de cesteria (canastos, cestos u otros), con algun proceso de la CRF2",170.146,"CAJA(S)","CHINA"
"21626",2024,9,"OFICINA PUESTO DE CONTROL MARITIMO - PROV. CONST. DEL CALLAO","COCO, fibra (para sustrato)",239400,"PALETAS","INDIA"
"21627",2024,9,"OFICINA PUESTO DE CONTROL MARITIMO - PROV. CONST. DEL CALLAO","COCO, fibra (para sustrato)",234150,"PALETAS","INDIA"
"21628",2024,9,"OFICINA PUESTO DE CONTROL MARITIMO - PROV. CONST. DEL CALLAO","RESIDUOS DE LA IND. DEL ALMIDON Y RESIDUOS SIMILARES, incluso en pellets",22672,"GRANEL","EEUU"
"21629",2024,9,"OFICINA PUESTO DE CONTROL MARITIMO - PROV. CONST. DEL CALLAO","RESIDUOS DE LA IND. DEL ALMIDON Y RESIDUOS SIMILARES, incluso en pellets",22906,"GRANEL","EEUU"
"21630",2024,9,"OFICINA PUESTO DE CONTROL AEREO -  PROV. CONST. DEL CALLAO","TOMATE, semilla",0.0252,"SACHETS","BRASIL"
"21631",2024,9,"OFICINA PUESTO DE CONTROL AEREO -  PROV. CONST. DEL CALLAO","SANDIA, semilla",0.2289,"SACHETS","BRASIL"
"21632",2024,9,"PUESTO DE CONTROL TERRESTRE DESAGUADERO","SOYA, torta",199000,"SACO(S)","BOLIVIA"
"21633",2024,9,"PUESTO DE CONTROL TERRESTRE DESAGUADERO","SOYA, torta",55100,"GRANEL","BOLIVIA"
"21634",2024,9,"OFICINA PUESTO DE CONTROL MARITIMO - PROV. CONST. DEL CALLAO","UVA (PASAS), secas naturalmente",2500,"CAJA(S)","CHILE"
"21635",2024,9,"AGUAS VERDES, TUMBES","ROSA, flores frescas cortadas",5681,"CAJA(S)","ECUADOR"
"21636",2024,9,"AGUAS VERDES, TUMBES","CLAVEL, flores frescas cortadas",184,"CAJA(S)","ECUADOR"
"21637",2024,9,"AGUAS VERDES, TUMBES","CRISANTEMO, los demas flores frescas cortadas",23,"CAJA(S)","ECUADOR"
"21638",2024,9,"AGUAS VERDES, TUMBES","GIRASOL, flores frescas cortadas",2037,"CAJA(S)","ECUADOR"
"21639",2024,9,"AGUAS VERDES, TUMBES","PAJA MACORA, paja seca al natural",1850,"FARDOS","ECUADOR"
"21640",2024,9,"OFICINA PUESTO DE CONTROL AEREO -  PROV. CONST. DEL CALLAO","CORCHO, tapones",0.01,"UNIDADES","SUIZA"
"21641",2024,9,"OFICINA PUESTO DE CONTROL AEREO -  PROV. CONST. DEL CALLAO","SANDIA, semilla",3.895,"SACHETS","EEUU"
"21642",2024,9,"OFICINA PUESTO DE CONTROL MARITIMO - PROV. CONST. DEL CALLAO","COCO, fibra (para sustrato)",119355,"PALETAS","INDIA"
"21643",2024,9,"AGUAS VERDES, TUMBES","Las demás coniferas, las demas maderas aserradas o desbastadas longitudinalmente, cortada o desenrollada, incluso cepillada,lijada o unida por lo extremos, de espesor superior a 6 mm, con algun tratamiento de la CRF 2",28500,"PIEZAS","ECUADOR"
"21644",2024,9,"OFICINA PUESTO DE CONTROL MARITIMO - PROV. CONST. DEL CALLAO","ABONO DE ORIGEN VEGETAL ( sin tratamiento quimico, aditivos o mezcla con productos de origen animal) con algún proceso de la CRF 2",5000,"BOLSAS","CHINA"
"21645",2024,9,"IÑAPARI, MADRE DE DIOS","MAIZ AMARILLO DURO, grano",27400,"SACO(S)","BRASIL"
"21646",2024,9,"PUESTO DE CONTROL TERRESTRE DESAGUADERO","SOYA, torta",54000,"GRANEL","BOLIVIA"
"21647",2024,9,"OFICINA PUESTO DE CONTROL MARITIMO - PROV. CONST. DEL CALLAO","AZUCAR BLANCA O REFINADA (lectura polarimetrica mayor 99.5°)",99825,"SACO(S)","COLOMBIA"
"21648",2024,9,"PUESTO DE CONTROL TERRESTRE DESAGUADERO","SOYA, torta",27000,"GRANEL","BOLIVIA"
"21649",2024,9,"OFICINA PUESTO DE CONTROL MARITIMO - PROV. CONST. DEL CALLAO","AZUCAR BLANCA O REFINADA (lectura polarimetrica mayor 99.5°)",2e+05,"BIG BAG","NICARAGUA"
"21650",2024,9,"OFICINA PUESTO DE CONTROL MARITIMO - PROV. CONST. DEL CALLAO","AZUCAR BLANCA O REFINADA (lectura polarimetrica mayor 99.5°)",50000,"SACO(S)","NICARAGUA"
"21651",2024,9,"OFICINA PUESTO DE CONTROL MARITIMO - PROV. CONST. DEL CALLAO","AZUCAR BLANCA O REFINADA (lectura polarimetrica mayor 99.5°)",2e+05,"BIG BAG","NICARAGUA"
"21652",2024,9,"OFICINA PUESTO DE CONTROL MARITIMO - PROV. CONST. DEL CALLAO","AZUCAR BLANCA O REFINADA (lectura polarimetrica mayor 99.5°)",50000,"SACO(S)","NICARAGUA"
"21653",2024,9,"PUESTO DE CONTROL TERRESTRE DESAGUADERO","SOYA, torta",27940,"GRANEL","BOLIVIA"
"21654",2024,9,"OFICINA PUESTO DE CONTROL MARITIMO - PROV. CONST. DEL CALLAO","AZUCAR BLANCA O REFINADA (lectura polarimetrica mayor 99.5°)",2e+05,"BIG BAG","NICARAGUA"
"21655",2024,9,"OFICINA PUESTO DE CONTROL MARITIMO - PROV. CONST. DEL CALLAO","AZUCAR BLANCA O REFINADA (lectura polarimetrica mayor 99.5°)",50000,"SACO(S)","NICARAGUA"
"21656",2024,9,"PUESTO DE CONTROL TERRESTRE DESAGUADERO","SOYA, torta",28040,"GRANEL","BOLIVIA"
"21657",2024,9,"OFICINA PUESTO DE CONTROL MARITIMO - PROV. CONST. DEL CALLAO","TRIGO DURO, grano",8228060,"GRANEL","CANADA"
"21658",2024,9,"PUESTO DE CONTROL TERRESTRE DESAGUADERO","SOYA, torta",28000,"GRANEL","BOLIVIA"
"21659",2024,9,"PUESTO DE CONTROL TERRESTRE DESAGUADERO","SOYA, torta",112570,"GRANEL","BOLIVIA"
"21660",2024,9,"PUESTO DE CONTROL TERRESTRE DESAGUADERO","SOYA, torta",83890,"GRANEL","BOLIVIA"
"21661",2024,9,"OFICINA PUESTO DE CONTROL MARITIMO - PROV. CONST. DEL CALLAO","MAIZ REVENTON, grano",260800,"SACO(S)","ARGENTINA"
"21662",2024,9,"PUESTO DE CONTROL TERRESTRE DESAGUADERO","SOYA, torta",84000,"GRANEL","BOLIVIA"
"21663",2024,9,"PUESTO DE CONTROL TERRESTRE DESAGUADERO","AZUCAR BLANCA O REFINADA (lectura polarimetrica mayor 99.5°)",168000,"SACO(S)","BOLIVIA"
"21664",2024,9,"PUERTO DE PAITA , PIURA","YUTE, sacos",17760,"FARDOS","BANGLADESH"
"21665",2024,9,"PUERTO DE SALAVERRY, LA LIBERTAD","SOYA, torta",2020000,"GRANEL","CHILE"
"21666",2024,9,"OFICINA PUESTO DE CONTROL MARITIMO - PROV. CONST. DEL CALLAO","CLAVO DE OLOR, entera seca al natural",10500,"CAJA(S)","INDONESIA"
"21667",2024,9,"OFICINA PUESTO DE CONTROL MARITIMO - PROV. CONST. DEL CALLAO","KIWI, fruto fresco",24000,"CAJA(S)","CHILE"
"21668",2024,9,"OFICINA PUESTO DE CONTROL MARITIMO - PROV. CONST. DEL CALLAO","BAMBU, artículos de cestería obtenidos directamente en su forma con materia trenzable con algún proceso de la CRF 2",165.2,"CAJA(S)","CHINA"
"21669",2024,9,"IÑAPARI, MADRE DE DIOS","MAIZ AMARILLO DURO, grano",38000,"SACO(S)","BRASIL"
"21670",2024,9,"AGUAS VERDES, TUMBES","ROSA, flores frescas cortadas",4800,"CAJA(S)","ECUADOR"
"21671",2024,9,"AGUAS VERDES, TUMBES","CRISANTEMO, los demas flores frescas cortadas",500,"CAJA(S)","ECUADOR"
"21672",2024,9,"AGUAS VERDES, TUMBES","GYPSOPHILA, flores frescas cortadas",2000,"CAJA(S)","ECUADOR"
"21673",2024,9,"AGUAS VERDES, TUMBES","GIRASOL, flores frescas cortadas",4772,"CAJA(S)","ECUADOR"
"21674",2024,9,"OFICINA PUESTO DE CONTROL MARITIMO - PROV. CONST. DEL CALLAO","CAUCHO, hojas ahumadas",56000,"PACAS","VIETNAM"
"21675",2024,9,"PUESTO DE CONTROL TERRESTRE DESAGUADERO","SOYA, torta",83980,"GRANEL","BOLIVIA"
"21676",2024,9,"PUESTO DE CONTROL TERRESTRE DESAGUADERO","SOYA, torta",50000,"SACO(S)","BOLIVIA"
"21677",2024,9,"PUESTO DE CONTROL TERRESTRE DESAGUADERO","SOYA, torta",28000,"GRANEL","BOLIVIA"
"21678",2024,9,"PUESTO DE CONTROL TERRESTRE DESAGUADERO","SOYA, torta",56000,"GRANEL","BOLIVIA"
"21679",2024,9,"OFICINA PUESTO DE CONTROL MARITIMO - PROV. CONST. DEL CALLAO","MANZANA, fruto fresco",19747,"CAJA(S)","CHILE"
"21680",2024,9,"PUESTO DE CONTROL TERRESTRE DESAGUADERO","SOYA, torta",28000,"GRANEL","BOLIVIA"
"21681",2024,9,"PUESTO DE CONTROL TERRESTRE DESAGUADERO","SOYA, torta",28000,"GRANEL","BOLIVIA"
"21682",2024,9,"PUESTO DE CONTROL TERRESTRE DESAGUADERO","SOYA, torta",25000,"SACO(S)","BOLIVIA"
"21683",2024,9,"PUESTO DE CONTROL TERRESTRE DESAGUADERO","SOYA, torta",28000,"GRANEL","BOLIVIA"
"21684",2024,9,"PUESTO DE CONTROL TERRESTRE DESAGUADERO","SOYA, torta",28500,"GRANEL","BOLIVIA"
"21685",2024,9,"OFICINA PUESTO DE CONTROL MARITIMO - PROV. CONST. DEL CALLAO","MANZANA, fruto fresco",19756.8,"CAJA(S)","CHILE"
"21686",2024,9,"PUESTO DE CONTROL TERRESTRE DESAGUADERO","SOYA, torta",25820,"GRANEL","BOLIVIA"
"21687",2024,9,"PUESTO DE CONTROL TERRESTRE DESAGUADERO","SOYA, torta",56000,"GRANEL","BOLIVIA"
"21688",2024,9,"PUESTO DE CONTROL TERRESTRE DESAGUADERO","GIRASOL, torta",145000,"SACO(S)","BOLIVIA"
"21689",2024,9,"PUESTO DE CONTROL TERRESTRE DESAGUADERO","SOYA, harina",58000,"SACO(S)","BOLIVIA"
"21690",2024,9,"OFICINA PUESTO DE CONTROL MARITIMO - PROV. CONST. DEL CALLAO","AZUCAR BLANCA O REFINADA (lectura polarimetrica mayor 99.5°)",135000,"SACO(S)","BRASIL"
"21691",2024,9,"OFICINA PUESTO DE CONTROL MARITIMO - PROV. CONST. DEL CALLAO","MADERA, monturas y mangos de herramientas, monturas y mangos de cepillos, brochas o escobas, de madera; hormas, ensanchadores y tensores del calzado, de madera ; con algún proceso de la CRF 2",28192,"BOLSAS","CHINA"
"21692",2024,9,"OFICINA PUESTO DE CONTROL MARITIMO - PROV. CONST. DEL CALLAO","CEBOLLA, triturada o pulverizada",5500,"BOLSAS","ALEMANIA"
"21693",2024,9,"OFICINA PUESTO DE CONTROL MARITIMO - PROV. CONST. DEL CALLAO","PINO, madera aserrada con algún proceso de la CRF2",19038,"PAQUETES","CHILE"
"21694",2024,9,"PUESTO DE CONTROL TERRESTRE DESAGUADERO","SOYA, torta",55980,"GRANEL","BOLIVIA"
"21695",2024,9,"PUESTO DE CONTROL TERRESTRE DESAGUADERO","SOYA, torta",56000,"GRANEL","BOLIVIA"
"21696",2024,9,"PUESTO DE CONTROL TERRESTRE DESAGUADERO","SOYA, torta",56000,"GRANEL","BOLIVIA"
"21697",2024,9,"PUESTO DE CONTROL TERRESTRE DESAGUADERO","SOYA, torta",84000,"GRANEL","BOLIVIA"
"21698",2024,9,"PUESTO DE CONTROL TERRESTRE DESAGUADERO","SOYA, torta",84000,"GRANEL","BOLIVIA"
"21699",2024,9,"PUESTO DE CONTROL TERRESTRE DESAGUADERO","SOYA, torta",54220,"GRANEL","BOLIVIA"
"21700",2024,9,"OFICINA PUESTO DE CONTROL AEREO -  PROV. CONST. DEL CALLAO","ARANDANO, planta in vitro",6,"CAJA(S)","MEXICO"
"21701",2024,9,"OFICINA PUESTO DE CONTROL MARITIMO - PROV. CONST. DEL CALLAO","COMINO, grano",27000,"SACO(S)","INDIA"
"21702",2024,9,"OFICINA PUESTO DE CONTROL AEREO -  PROV. CONST. DEL CALLAO","PALMA ACEITERA, semilla germinada",272.9,"CAJA(S)","COLOMBIA"
"21703",2024,9,"OFICINA PUESTO DE CONTROL MARITIMO - PROV. CONST. DEL CALLAO","PINO, madera aserrada con algún proceso de la CRF2",93180,"PAQUETES","CHILE"
"21704",2024,9,"OFICINA PUESTO DE CONTROL AEREO -  PROV. CONST. DEL CALLAO","ZAPALLO (CALABAZA AMARILLA), semilla",4,"BOLSAS","ESPAÑA"
"21705",2024,9,"OFICINA PUESTO DE CONTROL MARITIMO - PROV. CONST. DEL CALLAO","KIWI, fruto fresco",24000,"CAJA(S)","CHILE"
"21706",2024,9,"OFICINA PUESTO DE CONTROL MARITIMO - PROV. CONST. DEL CALLAO","CEBOLLA, triturada o pulverizada",11000,"CAJA(S)","CHINA"
"21707",2024,9,"OFICINA PUESTO DE CONTROL MARITIMO - PROV. CONST. DEL CALLAO","AJO, granulado o secado industrial",2500,"CAJA(S)","CHINA"
"21708",2024,9,"OFICINA PUESTO DE CONTROL MARITIMO - PROV. CONST. DEL CALLAO","AJO, polvo",9000,"CAJA(S)","CHINA"
"21709",2024,9,"OFICINA PUESTO DE CONTROL MARITIMO - PROV. CONST. DEL CALLAO","REMOLACHA, deshidratada",100,"CAJA(S)","CHINA"
"21710",2024,9,"OFICINA PUESTO DE CONTROL MARITIMO - PROV. CONST. DEL CALLAO","ZANAHORIA, polvo",1000,"CAJA(S)","CHINA"
"21711",2024,9,"OFICINA PUESTO DE CONTROL MARITIMO - PROV. CONST. DEL CALLAO","AJI AMARILLO(= AJI ESCABECHE, AJI MIRASOL), triturado o pulverizado",25,"BOLSAS","CHINA"
"21712",2024,9,"OFICINA PUESTO DE CONTROL MARITIMO - PROV. CONST. DEL CALLAO","AJI, polvo",3400,"CAJA(S)","CHINA"
"21713",2024,9,"OFICINA PUESTO DE CONTROL MARITIMO - PROV. CONST. DEL CALLAO","ARANDANO, harina o polvo",5,"CAJA(S)","CHINA"
"21714",2024,9,"OFICINA PUESTO DE CONTROL MARITIMO - PROV. CONST. DEL CALLAO","FRAMBUESA, polvo",5,"CAJA(S)","CHINA"
"21715",2024,9,"OFICINA PUESTO DE CONTROL MARITIMO - PROV. CONST. DEL CALLAO","FRESA, polvo",10,"CAJA(S)","CHINA"
"21716",2024,9,"OFICINA PUESTO DE CONTROL MARITIMO - PROV. CONST. DEL CALLAO","HARINA, mezcla de harinas de frutas varias",5,"CAJA(S)","CHINA"
"21717",2024,9,"OFICINA PUESTO DE CONTROL MARITIMO - PROV. CONST. DEL CALLAO","LIMON, en polvo",5,"CAJA(S)","CHINA"
"21718",2024,9,"OFICINA PUESTO DE CONTROL MARITIMO - PROV. CONST. DEL CALLAO","NARANJA, polvo",5,"CAJA(S)","CHINA"
"21719",2024,9,"OFICINA PUESTO DE CONTROL MARITIMO - PROV. CONST. DEL CALLAO","SOYA, torta",16507570,"GRANEL","ARGENTINA"
"21720",2024,9,"OFICINA PUESTO DE CONTROL MARITIMO - PROV. CONST. DEL CALLAO","MAIZ AMARILLO DURO, grano",15703760,"GRANEL","ARGENTINA"
"21721",2024,9,"PUESTO DE CONTROL TERRESTRE DESAGUADERO","SOYA, grano",56000,"GRANEL","BOLIVIA"
"21722",2024,9,"PUESTO DE CONTROL TERRESTRE DESAGUADERO","SOYA, torta",83950,"GRANEL","BOLIVIA"
"21723",2024,9,"OFICINA PUESTO DE CONTROL MARITIMO - PROV. CONST. DEL CALLAO","PERA, fruta fresca",22680,"CAJA(S)","ARGENTINA"
"21724",2024,9,"OFICINA PUESTO DE CONTROL MARITIMO - PROV. CONST. DEL CALLAO","MANZANA, fruto fresco",19551,"CAJA(S)","CHILE"
"21725",2024,9,"OFICINA PUESTO DE CONTROL MARITIMO - PROV. CONST. DEL CALLAO","FLOR DE JAMAICA, seca natural",27000,"SACO(S)","NIGERIA"
"21726",2024,9,"OFICINA PUESTO DE CONTROL MARITIMO - PROV. CONST. DEL CALLAO","PERA, fruta fresca",22680,"CAJA(S)","ARGENTINA"
"21727",2024,9,"OFICINA PUESTO DE CONTROL MARITIMO - PROV. CONST. DEL CALLAO","PERA, fruta fresca",22680,"CAJA(S)","ARGENTINA"
"21728",2024,9,"OFICINA PUESTO DE CONTROL MARITIMO - PROV. CONST. DEL CALLAO","PERA, fruta fresca",22680,"CAJA(S)","ARGENTINA"
"21729",2024,9,"OFICINA PUESTO DE CONTROL MARITIMO - PROV. CONST. DEL CALLAO","MAIZ, harina",25000,"BOLSAS","BRASIL"
"21730",2024,9,"OFICINA PUESTO DE CONTROL AEREO -  PROV. CONST. DEL CALLAO","MANI, grano con cáscara",10000,"SACO(S)","BRASIL"
"21731",2024,9,"OFICINA PUESTO DE CONTROL MARITIMO - PROV. CONST. DEL CALLAO","KIWI, fruto fresco",22000,"CAJA(S)","CHILE"
"21732",2024,9,"OFICINA PUESTO DE CONTROL AEREO -  PROV. CONST. DEL CALLAO","PIMIENTO, semilla",28.285,"SACHETS","CHILE"
"21733",2024,9,"PUESTO DE CONTROL TERRESTRE DESAGUADERO","SOYA, torta",145000,"SACO(S)","BOLIVIA"
"21734",2024,9,"OFICINA PUESTO DE CONTROL MARITIMO - PROV. CONST. DEL CALLAO","UVA (PASAS), secas naturalmente",21000,"CAJA(S)","CHILE"
"21735",2024,9,"OFICINA PUESTO DE CONTROL MARITIMO - PROV. CONST. DEL CALLAO","PINO, madera aserrada con algún proceso de la CRF2",140530,"PAQUETES","CHILE"
"21736",2024,9,"OFICINA PUESTO DE CONTROL AEREO -  PROV. CONST. DEL CALLAO","TOMATE, semilla",1.64,"SACHETS","COREA DEL SUR"
"21737",2024,9,"OFICINA PUESTO DE CONTROL AEREO -  PROV. CONST. DEL CALLAO","PIMIENTO, semilla",16.3,"BOLSAS","COREA DEL SUR"
"21738",2024,9,"OFICINA PUESTO DE CONTROL MARITIMO - PROV. CONST. DEL CALLAO","ALGODON, fibra sin cardar ni peinar (>28.57 mm = o <34.92 mm)",160970,"FARDOS","EEUU"
"21739",2024,9,"PUESTO DE CONTROL TERRESTRE DESAGUADERO","SOYA, torta",56500,"GRANEL","BOLIVIA"
"21740",2024,9,"PUESTO DE CONTROL TERRESTRE DESAGUADERO","SOYA, torta",84000,"GRANEL","BOLIVIA"
"21741",2024,9,"OFICINA PUESTO DE CONTROL MARITIMO - PROV. CONST. DEL CALLAO","ALMENDRA, sin cáscara secado al natural",16329.6,"CAJA(S)","EEUU"
"21742",2024,9,"OFICINA PUESTO DE CONTROL MARITIMO - PROV. CONST. DEL CALLAO","Articulos para fiestas de navidad que sean o contengan material vegetal
",1027.2,"UNIDADES","CHINA"
"21743",2024,9,"OFICINA PUESTO DE CONTROL MARITIMO - PROV. CONST. DEL CALLAO","AZUCAR BLANCA O REFINADA (lectura polarimetrica mayor 99.5°)",132500,"SACO(S)","COLOMBIA"
"21744",2024,9,"OFICINA PUESTO DE CONTROL MARITIMO - PROV. CONST. DEL CALLAO","UVA (PASAS), secas naturalmente",24500,"CAJA(S)","ARGENTINA"
"21745",2024,9,"OFICINA PUESTO DE CONTROL MARITIMO - PROV. CONST. DEL CALLAO","ALGODON, fibra sin cardar ni peinar (>28.57 mm = o <34.92 mm)",95730,"FARDOS","EEUU"
"21746",2024,9,"OFICINA PUESTO DE CONTROL MARITIMO - PROV. CONST. DEL CALLAO","COMINO, grano",27000,"SACO(S)","INDIA"
"21747",2024,9,"PUESTO DE CONTROL TERRESTRE DESAGUADERO","SOYA, torta",146500,"SACO(S)","BOLIVIA"
"21748",2024,9,"PUESTO DE CONTROL TERRESTRE DESAGUADERO","SOYA, torta",111710,"SACO(S)","BOLIVIA"
"21749",2024,9,"PUESTO DE CONTROL TERRESTRE DESAGUADERO","SOYA, torta",146000,"SACO(S)","BOLIVIA"
"21750",2024,9,"PUESTO DE CONTROL TERRESTRE DESAGUADERO","SOYA, torta",146000,"SACO(S)","BOLIVIA"
"21751",2024,9,"PUESTO DE CONTROL TERRESTRE DESAGUADERO","SOYA, grano",140000,"GRANEL","BOLIVIA"
"21752",2024,9,"PUESTO DE CONTROL TERRESTRE DESAGUADERO","SOYA, grano",140000,"GRANEL","BOLIVIA"
"21753",2024,9,"PUESTO DE CONTROL TERRESTRE DESAGUADERO","SOYA, grano",140000,"GRANEL","BOLIVIA"
"21754",2024,9,"OFICINA PUESTO DE CONTROL AEREO -  PROV. CONST. DEL CALLAO","BERENJENA, semilla",0.15362,"SACHETS","FRANCIA"
"21755",2024,9,"OFICINA PUESTO DE CONTROL AEREO -  PROV. CONST. DEL CALLAO","MELON, semilla",0.077,"SACHETS","JAPON"
"21756",2024,9,"OFICINA PUESTO DE CONTROL AEREO -  PROV. CONST. DEL CALLAO","PIMIENTO, semilla",0.166,"SACHETS","ESPAÑA"
"21757",2024,9,"OFICINA PUESTO DE CONTROL MARITIMO - PROV. CONST. DEL CALLAO","CHIA, grano",28000,"SACO(S)","PARAGUAY"
"21758",2024,9,"PUESTO DE CONTROL TERRESTRE DESAGUADERO","SOYA, harina",57000,"SACO(S)","BOLIVIA"
"21759",2024,9,"OFICINA PUESTO DE CONTROL MARITIMO - PROV. CONST. DEL CALLAO","ARROZ, grano pilado",104000,"SACO(S)","BRASIL"
"21760",2024,9,"OFICINA PUESTO DE CONTROL AEREO -  PROV. CONST. DEL CALLAO","PIMIENTO, semilla",33.048,"SACHETS","BRASIL"
"21761",2024,9,"PUESTO DE CONTROL TERRESTRE DESAGUADERO","SOYA, torta",56000,"GRANEL","BOLIVIA"
"21762",2024,9,"PUESTO DE CONTROL TERRESTRE DESAGUADERO","SOYA, torta",84000,"GRANEL","BOLIVIA"
"21763",2024,9,"OFICINA PUESTO DE CONTROL AEREO -  PROV. CONST. DEL CALLAO","PIMIENTO, semilla",20.475,"SACHETS","BRASIL"
"21764",2024,9,"OFICINA PUESTO DE CONTROL MARITIMO - PROV. CONST. DEL CALLAO","MADERA, encofrados para hormigon, de madera con algún proceso de la CRF2
",23296,"PIEZAS","ALEMANIA"
"21765",2024,9,"OFICINA PUESTO DE CONTROL MARITIMO - PROV. CONST. DEL CALLAO","AZUCAR CRUDA, sólido",125000,"SACO(S)","COLOMBIA"
"21766",2024,9,"OFICINA PUESTO DE CONTROL MARITIMO - PROV. CONST. DEL CALLAO","AZUCAR CRUDA, sólido",225000,"SACO(S)","EL SALVADOR"
"21767",2024,9,"OFICINA PUESTO DE CONTROL MARITIMO - PROV. CONST. DEL CALLAO","AZUCAR BLANCA O REFINADA (lectura polarimetrica mayor 99.5°)",265000,"SACO(S)","GUATEMALA"
"21768",2024,9,"OFICINA PUESTO DE CONTROL MARITIMO - PROV. CONST. DEL CALLAO","AZUCAR BLANCA O REFINADA (lectura polarimetrica mayor 99.5°)",264755,"SACO(S)","GUATEMALA"
"21769",2024,9,"PUESTO DE CONTROL TERRESTRE DESAGUADERO","SOYA, grano",116000,"SACO(S)","BOLIVIA"
"21770",2024,9,"OFICINA PUESTO DE CONTROL MARITIMO - PROV. CONST. DEL CALLAO","MANZANA, fruto fresco",19756.8,"CAJA(S)","CHILE"
"21771",2024,9,"OFICINA PUESTO DE CONTROL MARITIMO - PROV. CONST. DEL CALLAO","MANZANA, fruto fresco",19551,"CAJA(S)","CHILE"
"21772",2024,9,"OFICINA PUESTO DE CONTROL MARITIMO - PROV. CONST. DEL CALLAO","CAUCHO, técnicamente especificado (TSNR)",20160,"PALETAS","INDONESIA"
"21773",2024,9,"PUESTO DE CONTROL TERRESTRE DESAGUADERO","SOYA, torta",145500,"SACO(S)","BOLIVIA"
"21774",2024,9,"PUESTO DE CONTROL TERRESTRE DESAGUADERO","SOYA, harina",174000,"SACO(S)","BOLIVIA"
"21775",2024,9,"SANTA ROSA, TACNA","LIMON TAHITI (Lima tahiti), fruto fresco",25200,"CAJA(S)","CHILE"
"21776",2024,9,"OFICINA PUESTO DE CONTROL MARITIMO - PROV. CONST. DEL CALLAO","AZUCAR BLANCA O REFINADA (lectura polarimetrica mayor 99.5°)",265000,"SACO(S)","NICARAGUA"
"21777",2024,9,"PUESTO DE CONTROL TERRESTRE DESAGUADERO","SOYA, torta",56000,"GRANEL","BOLIVIA"
"21778",2024,9,"OFICINA PUESTO DE CONTROL MARITIMO - PROV. CONST. DEL CALLAO","MANI, grano sin cáscara",50000,"SACO(S)","BRASIL"
"21779",2024,9,"AGUAS VERDES, TUMBES","TARA, vaina seca al natural",23533.7,"SACO(S)","ECUADOR"
"21780",2024,9,"OFICINA PUESTO DE CONTROL AEREO -  PROV. CONST. DEL CALLAO","ARROZ, parbolizado pulido o sin cáscara",1,"BOLSA DE POLIETILENO","EMIRATOS ARABES UNIDOS"
"21781",2024,9,"AGUAS VERDES, TUMBES","ROSA, flores frescas cortadas",5820,"CAJA(S)","ECUADOR"
"21782",2024,9,"AGUAS VERDES, TUMBES","CLAVEL, flores frescas cortadas",1551,"CAJA(S)","ECUADOR"
"21783",2024,9,"AGUAS VERDES, TUMBES","CRISANTEMO, flores frescas cortadas",264,"CAJA(S)","ECUADOR"
"21784",2024,9,"AGUAS VERDES, TUMBES","GIRASOL, flores frescas cortadas",697,"CAJA(S)","ECUADOR"
"21785",2024,9,"SANTA ROSA, TACNA","COCO, rallado",19250,"SACO(S)","MALASIA"
"21786",2024,9,"PUESTO DE CONTROL TERRESTRE DESAGUADERO","SOYA, torta",145000,"SACO(S)","BOLIVIA"
"21787",2024,9,"OFICINA PUESTO DE CONTROL MARITIMO - PROV. CONST. DEL CALLAO","MAIZ, harina",1300,"PACAS","COLOMBIA"
"21788",2024,9,"OFICINA PUESTO DE CONTROL MARITIMO - PROV. CONST. DEL CALLAO","MAIZ, harina",140000,"PAQUETES","COLOMBIA"
"21789",2024,9,"PUESTO DE CONTROL TERRESTRE DESAGUADERO","MAIZ AMARILLO DURO, grano",58000,"SACO(S)","BOLIVIA"
"21790",2024,9,"OFICINA PUESTO DE CONTROL MARITIMO - PROV. CONST. DEL CALLAO","AZUCAR BLANCA O REFINADA (lectura polarimetrica mayor 99.5°)",134750,"SACO(S)","BRASIL"
"21791",2024,9,"OFICINA PUESTO DE CONTROL MARITIMO - PROV. CONST. DEL CALLAO","AVENA, harina o polvo",1750,"SACO(S)","COLOMBIA"
"21792",2024,9,"PUERTO DE PAITA , PIURA","MAIZ REVENTON, grano",25990,"SACO(S)","ARGENTINA"
"21793",2024,9,"OFICINA PUESTO DE CONTROL MARITIMO - PROV. CONST. DEL CALLAO","ANIS O BADIANA, grano",20310,"SACO(S)","ESPAÑA"
"21794",2024,9,"OFICINA PUESTO DE CONTROL MARITIMO - PROV. CONST. DEL CALLAO","Articulos para fiestas de navidad que sean o contengan material vegetal
",679.324,"CAJA(S)","CHINA"
"21795",2024,9,"OFICINA PUESTO DE CONTROL MARITIMO - PROV. CONST. DEL CALLAO","Articulos para fiestas de navidad que sean o contengan material vegetal
",2364.871,"CAJA(S)","CHINA"
"21796",2024,9,"OFICINA PUESTO DE CONTROL MARITIMO - PROV. CONST. DEL CALLAO","AZUCAR DE CAÑA, solido en bruto",1e+05,"SACO(S)","BRASIL"
"21797",2024,9,"PUESTO DE CONTROL TERRESTRE DESAGUADERO","SOYA, grano",77000,"GRANEL","BOLIVIA"
"21798",2024,9,"PUESTO DE CONTROL TERRESTRE DESAGUADERO","SOYA, torta",143500,"SACO(S)","BOLIVIA"
"21799",2024,9,"AGUAS VERDES, TUMBES","ROSA, flores frescas cortadas",4636,"CAJA(S)","ECUADOR"
"21800",2024,9,"AGUAS VERDES, TUMBES","CLAVEL, flores frescas cortadas",150,"CAJA(S)","ECUADOR"
"21801",2024,9,"AGUAS VERDES, TUMBES","CRISANTEMO, los demas flores frescas cortadas",100,"CAJA(S)","ECUADOR"
"21802",2024,9,"AGUAS VERDES, TUMBES","GIRASOL, flores frescas cortadas",200,"CAJA(S)","ECUADOR"
"21803",2024,9,"OFICINA PUESTO DE CONTROL MARITIMO - PROV. CONST. DEL CALLAO","MAIZ REVENTON, grano",127000,"SACO(S)","ARGENTINA"
"21804",2024,9,"OFICINA PUESTO DE CONTROL MARITIMO - PROV. CONST. DEL CALLAO","ARVEJA, grano partido",23043,"SACO(S)","EEUU"
"21805",2024,9,"OFICINA PUESTO DE CONTROL MARITIMO - PROV. CONST. DEL CALLAO","MAIZ REVENTON, grano",104328,"SACO(S)","EEUU"
"21806",2024,9,"PUESTO DE CONTROL TERRESTRE DESAGUADERO","SOYA, torta",54000,"GRANEL","BOLIVIA"
"21807",2024,9,"PUESTO DE CONTROL TERRESTRE DESAGUADERO","SOYA, torta",24810,"GRANEL","BOLIVIA"
"21808",2024,9,"AGUAS VERDES, TUMBES","ROSA, flores frescas cortadas",1480,"CAJA(S)","ECUADOR"
"21809",2024,9,"AGUAS VERDES, TUMBES","GYPSOPHILA, flores frescas cortadas",1800,"CAJA(S)","ECUADOR"
"21810",2024,9,"AGUAS VERDES, TUMBES","GIRASOL, flores frescas cortadas",5000,"CAJA(S)","ECUADOR"
"21811",2024,9,"OFICINA PUESTO DE CONTROL MARITIMO - PROV. CONST. DEL CALLAO","PAPA, fécula",83360,"SACO(S)","POLONIA"
"21812",2024,9,"OFICINA PUESTO DE CONTROL AEREO -  PROV. CONST. DEL CALLAO","MELON, semilla",0.232,"SOBRES","HOLANDA"
"21813",2024,9,"OFICINA PUESTO DE CONTROL AEREO -  PROV. CONST. DEL CALLAO","MELON, semilla",0.594,"SOBRES","HOLANDA"
"21814",2024,9,"PUESTO DE CONTROL TERRESTRE DESAGUADERO","SOYA, torta",56000,"GRANEL","BOLIVIA"
"21815",2024,9,"PUESTO DE CONTROL TERRESTRE DESAGUADERO","SOYA, torta",84000,"GRANEL","BOLIVIA"
"21816",2024,9,"PUESTO DE CONTROL TERRESTRE DESAGUADERO","SOYA, torta",56000,"GRANEL","BOLIVIA"
"21817",2024,9,"PUESTO DE CONTROL TERRESTRE DESAGUADERO","SOYA, grano",57500,"GRANEL","BOLIVIA"
"21818",2024,9,"PUESTO DE CONTROL TERRESTRE DESAGUADERO","SOYA, torta",81500,"GRANEL","BOLIVIA"
"21819",2024,9,"PUESTO DE CONTROL TERRESTRE DESAGUADERO","MANI, grano sin cáscara",87000,"SACO(S)","BOLIVIA"
"21820",2024,9,"PUESTO DE CONTROL TERRESTRE DESAGUADERO","GIRASOL, torta",116000,"SACO(S)","BOLIVIA"
"21821",2024,9,"PUESTO DE CONTROL TERRESTRE DESAGUADERO","SOYA, harina",77000,"SACO(S)","BOLIVIA"
"21822",2024,9,"SANTA ROSA, TACNA","AJONJOLI, grano",27000,"SACO(S)","PARAGUAY"
"21823",2024,9,"OFICINA PUESTO DE CONTROL MARITIMO - PROV. CONST. DEL CALLAO","Articulos para fiestas de navidad que sean o contengan material vegetal
",1221.4,"CAJA(S)","CHINA"
"21824",2024,9,"PUESTO DE CONTROL TERRESTRE DESAGUADERO","SOYA, grano",57000,"GRANEL","BOLIVIA"
"21825",2024,9,"PUESTO DE CONTROL TERRESTRE DESAGUADERO","SOYA, grano",56000,"GRANEL","BOLIVIA"
"21826",2024,9,"PUESTO DE CONTROL TERRESTRE DESAGUADERO","MANI, grano sin cáscara",86970,"SACO(S)","BOLIVIA"
"21827",2024,9,"PUESTO DE CONTROL TERRESTRE DESAGUADERO","SOYA, harina",116000,"SACO(S)","BOLIVIA"
"21828",2024,9,"OFICINA PUESTO DE CONTROL MARITIMO - PROV. CONST. DEL CALLAO","TRIGO DURO, grano",557600,"GRANEL","CANADA"
"21829",2024,9,"OFICINA PUESTO DE CONTROL MARITIMO - PROV. CONST. DEL CALLAO","TRIGO, grano",11121120,"GRANEL","CANADA"
"21830",2024,9,"OFICINA PUESTO DE CONTROL MARITIMO - PROV. CONST. DEL CALLAO","TRIGO DURO, grano",2031100,"GRANEL","CANADA"
"21831",2024,9,"PUESTO DE CONTROL TERRESTRE DESAGUADERO","SOYA, torta",55800,"GRANEL","BOLIVIA"
"21832",2024,9,"PUESTO DE CONTROL TERRESTRE DESAGUADERO","SOYA, torta",28000,"GRANEL","BOLIVIA"
"21833",2024,9,"OFICINA PUESTO DE CONTROL MARITIMO - PROV. CONST. DEL CALLAO","ALGODON, fibra sin cardar ni peinar (>28.57 mm = o <34.92 mm)",100060,"FARDOS","EEUU"
"21834",2024,9,"OFICINA PUESTO DE CONTROL MARITIMO - PROV. CONST. DEL CALLAO","Articulos para fiestas de navidad que sean o contengan material vegetal
",80.273,"CAJA(S)","CHINA"
"21835",2024,9,"OFICINA PUESTO DE CONTROL MARITIMO - PROV. CONST. DEL CALLAO","ALGODON, fibra sin cardar ni peinar (>34.92 mm)",59940,"FARDOS","EEUU"
"21836",2024,9,"PUESTO DE CONTROL TERRESTRE DESAGUADERO","MANI, grano sin cáscara",28000,"SACO(S)","BOLIVIA"
"21837",2024,9,"OFICINA PUESTO DE CONTROL MARITIMO - PROV. CONST. DEL CALLAO","COMINO, grano",54000,"SACO(S)","INDIA"
"21838",2024,9,"OFICINA PUESTO DE CONTROL MARITIMO - PROV. CONST. DEL CALLAO","LAUREL, hoja seca al natural",5000,"SACO(S)","ESPAÑA"
"21839",2024,9,"AGUAS VERDES, TUMBES","CAÑA DE GUAYAQUIL, seca al natural",32000,"UNIDADES","ECUADOR"
"21840",2024,9,"OFICINA PUESTO DE CONTROL MARITIMO - PROV. CONST. DEL CALLAO","PINO, madera aserrada con algún proceso de la CRF2",156475,"PAQUETES","CHILE"
"21841",2024,9,"OFICINA PUESTO DE CONTROL MARITIMO - PROV. CONST. DEL CALLAO","PICEA, madera aserrada, con tratamiento de secado al horno o impregnación de sales (Picea spp).",286700,"PAQUETES","AUSTRIA"
"21842",2024,9,"OFICINA PUESTO DE CONTROL MARITIMO - PROV. CONST. DEL CALLAO","PICEA, madera aserrada, con tratamiento de secado al horno o impregnación de sales (Picea spp).",139980,"PAQUETES","AUSTRIA"
"21843",2024,9,"PUESTO DE CONTROL TERRESTRE DESAGUADERO","SOYA, torta",52980,"GRANEL","BOLIVIA"
"21844",2024,9,"PUESTO DE CONTROL TERRESTRE DESAGUADERO","SOYA, torta",58000,"GRANEL","BOLIVIA"
"21845",2024,9,"PUESTO DE CONTROL TERRESTRE DESAGUADERO","SOYA, torta",56000,"GRANEL","BOLIVIA"
"21846",2024,9,"PUESTO DE CONTROL TERRESTRE DESAGUADERO","SOYA, torta",82800,"GRANEL","BOLIVIA"
"21847",2024,9,"OFICINA PUESTO DE CONTROL MARITIMO - PROV. CONST. DEL CALLAO","PAPA, fécula",252000,"SACO(S)","ALEMANIA"
"21848",2024,9,"PUESTO DE CONTROL TERRESTRE DESAGUADERO","SOYA, torta",56000,"GRANEL","BOLIVIA"
"21849",2024,9,"PUESTO DE CONTROL TERRESTRE DESAGUADERO","SOYA, torta",56000,"GRANEL","BOLIVIA"
"21850",2024,9,"OFICINA PUESTO DE CONTROL MARITIMO - PROV. CONST. DEL CALLAO","ARROZ, grano pilado",250000,"SACO(S)","URUGUAY"
"21851",2024,9,"OFICINA PUESTO DE CONTROL MARITIMO - PROV. CONST. DEL CALLAO","ARROZ, grano pilado",5e+05,"SACO(S)","URUGUAY"
"21852",2024,9,"OFICINA PUESTO DE CONTROL MARITIMO - PROV. CONST. DEL CALLAO","MADERA, en bruto de coníferas tratada agentes de conservación
",2480,"PIEZAS","EEUU"
"21853",2024,9,"OFICINA PUESTO DE CONTROL MARITIMO - PROV. CONST. DEL CALLAO","MADERA, en bruto de coníferas tratada agentes de conservación
",49830,"UNIDADES","EEUU"
"21854",2024,9,"OFICINA PUESTO DE CONTROL MARITIMO - PROV. CONST. DEL CALLAO","AVENA, grano trabajado (mondado, perlado, troceado o quebrantado)",26000,"SACO(S)","CHILE"
"21855",2024,9,"PUESTO DE CONTROL TERRESTRE DESAGUADERO","SOYA, torta",56690,"GRANEL","BOLIVIA"
"21856",2024,9,"OFICINA PUESTO DE CONTROL MARITIMO - PROV. CONST. DEL CALLAO","CIRUELA, seca industrialmente",20000,"CAJA(S)","CHILE"
"21857",2024,9,"OFICINA PUESTO DE CONTROL MARITIMO - PROV. CONST. DEL CALLAO","PIMIENTA, grano",27000,"SACO(S)","BRASIL"
"21858",2024,9,"OFICINA PUESTO DE CONTROL MARITIMO - PROV. CONST. DEL CALLAO","TRIGO DURO, grano",1103330,"GRANEL","CANADA"
"21859",2024,9,"OFICINA PUESTO DE CONTROL MARITIMO - PROV. CONST. DEL CALLAO","TRIGO, grano",5557580,"GRANEL","CANADA"
"21860",2024,9,"OFICINA PUESTO DE CONTROL MARITIMO - PROV. CONST. DEL CALLAO","GARBANZO, grano",22970,"SACO(S)","MEXICO"
"21861",2024,9,"AGUAS VERDES, TUMBES","CAÑA DE GUAYAQUIL, seca al natural",34000,"UNIDADES","ECUADOR"
"21862",2024,9,"OFICINA PUESTO DE CONTROL MARITIMO - PROV. CONST. DEL CALLAO","YUTE, sacos",27500,"SACO(S)","ECUADOR"
"21863",2024,9,"OFICINA PUESTO DE CONTROL MARITIMO - PROV. CONST. DEL CALLAO","Articulos para fiestas de navidad que sean o contengan material vegetal
",828,"PIEZAS","CHINA"
"21864",2024,9,"IÑAPARI, MADRE DE DIOS","MAIZ AMARILLO DURO, grano",32000,"GRANEL","BRASIL"
"21865",2024,9,"PUESTO DE CONTROL TERRESTRE DESAGUADERO","SOYA, harina",174000,"SACO(S)","BOLIVIA"
"21866",2024,9,"OFICINA PUESTO DE CONTROL MARITIMO - PROV. CONST. DEL CALLAO","Articulos para fiestas de navidad que sean o contengan material vegetal
",204.5,"UNIDADES","CHINA"
"21867",2024,9,"OFICINA PUESTO DE CONTROL MARITIMO - PROV. CONST. DEL CALLAO","KIWI, fruto fresco",3600,"CAJA(S)","CHILE"
"21868",2024,9,"OFICINA PUESTO DE CONTROL MARITIMO - PROV. CONST. DEL CALLAO","MANZANA, fruto fresco",35750.4,"CAJA(S)","CHILE"
"21869",2024,9,"PUESTO DE CONTROL TERRESTRE DESAGUADERO","SOYA, torta",55980,"GRANEL","BOLIVIA"
"21870",2024,9,"PUESTO DE CONTROL TERRESTRE DESAGUADERO","SOYA, harina",27000,"SACO(S)","BOLIVIA"
"21871",2024,9,"PUESTO DE CONTROL TERRESTRE DESAGUADERO","SOYA, torta",28000,"GRANEL","BOLIVIA"
"21872",2024,9,"PUESTO DE CONTROL TERRESTRE DESAGUADERO","SOYA, torta",27440,"GRANEL","BOLIVIA"
"21873",2024,9,"OFICINA PUESTO DE CONTROL MARITIMO - PROV. CONST. DEL CALLAO","ARROZ, grano pilado",260000,"SACO(S)","BRASIL"
"21874",2024,9,"OFICINA PUESTO DE CONTROL MARITIMO - PROV. CONST. DEL CALLAO","ARROZ, grano pilado",130000,"SACO(S)","BRASIL"
"21875",2024,9,"OFICINA PUESTO DE CONTROL MARITIMO - PROV. CONST. DEL CALLAO","ARROZ, grano pilado",262500,"SACO(S)","BRASIL"
"21876",2024,9,"OFICINA PUESTO DE CONTROL MARITIMO - PROV. CONST. DEL CALLAO","ARROZ, grano pilado",262500,"SACO(S)","BRASIL"
"21877",2024,9,"OFICINA PUESTO DE CONTROL MARITIMO - PROV. CONST. DEL CALLAO","CAUCHO, hojas ahumadas",20000,"UNIDADES","VIETNAM"
"21878",2024,9,"OFICINA PUESTO DE CONTROL MARITIMO - PROV. CONST. DEL CALLAO","ARROZ, grano pilado",265000,"SACO(S)","BRASIL"
"21879",2024,9,"OFICINA PUESTO DE CONTROL AEREO -  PROV. CONST. DEL CALLAO","LECHUGA, semilla",3.619,"LATAS","HOLANDA"
"21880",2024,9,"OFICINA PUESTO DE CONTROL AEREO -  PROV. CONST. DEL CALLAO","COCO, fibra (para sustrato)",12,"UNIDADES","INDIA"
"21881",2024,9,"PUESTO DE CONTROL TERRESTRE DESAGUADERO","SOYA, torta",25910,"GRANEL","BOLIVIA"
"21882",2024,9,"PUESTO DE CONTROL TERRESTRE DESAGUADERO","SOYA, torta",2260,"GRANEL","BOLIVIA"
"21883",2024,9,"PUESTO DE CONTROL TERRESTRE DESAGUADERO","SOYA, torta",55500,"GRANEL","BOLIVIA"
"21884",2024,9,"PUESTO DE CONTROL TERRESTRE DESAGUADERO","SOYA, torta",27000,"GRANEL","BOLIVIA"
"21885",2024,9,"OFICINA PUESTO DE CONTROL MARITIMO - PROV. CONST. DEL CALLAO","TURBA",228308.4,"PALETAS","LETONIA"
"21886",2024,9,"PUESTO DE CONTROL TERRESTRE DESAGUADERO","SOYA, torta",53390,"GRANEL","BOLIVIA"
"21887",2024,9,"PUESTO DE CONTROL TERRESTRE DESAGUADERO","SOYA, torta",7200,"GRANEL","BOLIVIA"
"21888",2024,9,"PUESTO DE CONTROL TERRESTRE DESAGUADERO","SOYA, torta",18670,"GRANEL","BOLIVIA"
"21889",2024,9,"PUESTO DE CONTROL TERRESTRE DESAGUADERO","SOYA, torta",27950,"GRANEL","BOLIVIA"
"21890",2024,9,"PUESTO DE CONTROL TERRESTRE DESAGUADERO","SOYA, torta",27300,"GRANEL","BOLIVIA"
"21891",2024,9,"AGUAS VERDES, TUMBES","Las demás coniferas, las demas maderas aserradas o desbastadas longitudinalmente, cortada o desenrollada, incluso cepillada,lijada o unida por lo extremos, de espesor superior a 6 mm, con algun tratamiento de la CRF 2",25920,"PIEZAS","ECUADOR"
"21892",2024,9,"PUESTO DE CONTROL TERRESTRE DESAGUADERO","AZUCAR BLANCA O REFINADA (lectura polarimetrica mayor 99.5°)",87000,"SACO(S)","BOLIVIA"
"21893",2024,9,"OFICINA PUESTO DE CONTROL MARITIMO - PROV. CONST. DEL CALLAO","ALMENDRA, sin cáscara secado al natural",39916.8,"SACO(S)","EEUU"
"21894",2024,9,"OFICINA PUESTO DE CONTROL MARITIMO - PROV. CONST. DEL CALLAO","TRIGO, gluten",24750,"BOLSAS","BELGICA"
"21895",2024,9,"OFICINA PUESTO DE CONTROL MARITIMO - PROV. CONST. DEL CALLAO","ALGODON, fibra sin cardar ni peinar (>28.57 mm = o <34.92 mm)",39761,"FARDOS","EEUU"
"21896",2024,9,"OFICINA PUESTO DE CONTROL MARITIMO - PROV. CONST. DEL CALLAO","COCO, fibra (para sustrato)",105975,"BOLSAS","INDIA"
"21897",2024,9,"PUESTO DE CONTROL TERRESTRE DESAGUADERO","SOYA, grano",56480,"GRANEL","BOLIVIA"
"21898",2024,9,"OFICINA PUESTO DE CONTROL MARITIMO - PROV. CONST. DEL CALLAO","OREJAS DE JUDAS, seco industrial",660,"CAJA(S)","CHINA"
"21899",2024,9,"OFICINA PUESTO DE CONTROL MARITIMO - PROV. CONST. DEL CALLAO","Shitake (Lentinus edodes), secos, incluso los cortados en trozos o en rodajas, trituradas o pulverizadas, sin otra preparación",1320,"CAJA(S)","CHINA"
"21900",2024,9,"OFICINA PUESTO DE CONTROL MARITIMO - PROV. CONST. DEL CALLAO","HONGOS Y TRUFAS, secas, las demas",300,"CAJA(S)","CHINA"
"21901",2024,9,"OFICINA PUESTO DE CONTROL MARITIMO - PROV. CONST. DEL CALLAO","FRUTA, secas",600,"CAJA(S)","CHINA"
"21902",2024,9,"OFICINA PUESTO DE CONTROL MARITIMO - PROV. CONST. DEL CALLAO","LAS DEMAS PLANTAS, partes de plantas, semillas y frutos de especies utilizadas principalmente en perfumeria,medicina insecticidas o similares con algún proceso del a CRF 2",600,"CAJA(S)","CHINA"
"21903",2024,9,"PUERTO DE MATARANI , AREQUIPA","MAIZ AMARILLO DURO, grano",18004860,"GRANEL","ARGENTINA"
"21904",2024,9,"OFICINA PUESTO DE CONTROL MARITIMO - PROV. CONST. DEL CALLAO","UVA (PASAS), secas naturalmente",24500,"CAJA(S)","ARGENTINA"
"21905",2024,9,"OFICINA PUESTO DE CONTROL MARITIMO - PROV. CONST. DEL CALLAO","ALGODON, fibra sin cardar ni peinar (>28.57 mm = o <34.92 mm)",76505,"FARDOS","EEUU"
"21906",2024,9,"OFICINA PUESTO DE CONTROL MARITIMO - PROV. CONST. DEL CALLAO","ALGODON, fibra sin cardar ni peinar (>34.92 mm)",19210,"FARDOS","EEUU"
"21907",2024,9,"OFICINA PUESTO DE CONTROL MARITIMO - PROV. CONST. DEL CALLAO","MANI, grano sin cáscara",24900,"SACO(S)","BRASIL"
"21908",2024,9,"PUESTO DE CONTROL TERRESTRE DESAGUADERO","SOYA, torta",81200,"GRANEL","BOLIVIA"
"21909",2024,9,"OFICINA PUESTO DE CONTROL MARITIMO - PROV. CONST. DEL CALLAO","ARROZ, grano pilado",125000,"SACO(S)","URUGUAY"
"21910",2024,9,"OFICINA PUESTO DE CONTROL MARITIMO - PROV. CONST. DEL CALLAO","ARROZ, grano pilado",260000,"SACO(S)","BRASIL"
"21911",2024,9,"AGUAS VERDES, TUMBES","PITAHAYA, fruto fresco",11820,"CAJA(S)","ECUADOR"
"21912",2024,9,"PUESTO DE CONTROL TERRESTRE DESAGUADERO","SOYA, torta",80810,"GRANEL","BOLIVIA"
"21913",2024,9,"PUESTO DE CONTROL TERRESTRE DESAGUADERO","SOYA, torta",56000,"GRANEL","BOLIVIA"
"21914",2024,9,"OFICINA PUESTO DE CONTROL MARITIMO - PROV. CONST. DEL CALLAO","MATERIAS VEGETALES, para tallar trabajadas con algun proceso de la CRF 2",889.235,"UNIDADES","CHINA"
"21915",2024,9,"PUESTO DE CONTROL TERRESTRE DESAGUADERO","SOYA, torta",56000,"GRANEL","BOLIVIA"
"21916",2024,9,"PUESTO DE CONTROL TERRESTRE DESAGUADERO","SOYA, torta",29000,"GRANEL","BOLIVIA"
"21917",2024,9,"PUESTO DE CONTROL TERRESTRE DESAGUADERO","SOYA, torta",29000,"GRANEL","BOLIVIA"
"21918",2024,9,"AGUAS VERDES, TUMBES","Las demás coniferas, las demas maderas aserradas o desbastadas longitudinalmente, cortada o desenrollada, incluso cepillada,lijada o unida por lo extremos, de espesor superior a 6 mm, con algun tratamiento de la CRF 2",25990,"PIEZAS","ECUADOR"
"21919",2024,9,"OFICINA PUESTO DE CONTROL MARITIMO - PROV. CONST. DEL CALLAO","AZUCAR BLANCA O REFINADA (lectura polarimetrica mayor 99.5°)",124900,"SACO(S)","COLOMBIA"
"21920",2024,9,"OFICINA PUESTO DE CONTROL MARITIMO - PROV. CONST. DEL CALLAO","AZUCAR BLANCA O REFINADA (lectura polarimetrica mayor 99.5°)",125000,"SACO(S)","COLOMBIA"
"21921",2024,9,"OFICINA PUESTO DE CONTROL MARITIMO - PROV. CONST. DEL CALLAO","AZUCAR CRUDA, sólido",249500,"SACO(S)","GUATEMALA"
"21922",2024,9,"OFICINA PUESTO DE CONTROL MARITIMO - PROV. CONST. DEL CALLAO","AZUCAR CRUDA, sólido",248400,"SACO(S)","GUATEMALA"
"21923",2024,9,"OFICINA PUESTO DE CONTROL AEREO -  PROV. CONST. DEL CALLAO","PALMA ACEITERA, semilla germinada",87.7,"CAJA(S)","COLOMBIA"
"21924",2024,9,"PUESTO DE CONTROL TERRESTRE DESAGUADERO","SOYA, torta",27000,"GRANEL","BOLIVIA"
"21925",2024,9,"PUESTO DE CONTROL TERRESTRE DESAGUADERO","SOYA, torta",56000,"GRANEL","BOLIVIA"
"21926",2024,9,"PUESTO DE CONTROL TERRESTRE DESAGUADERO","SOYA, torta",25000,"SACO(S)","BOLIVIA"
"21927",2024,9,"PUESTO DE CONTROL TERRESTRE DESAGUADERO","SOYA, torta",28000,"GRANEL","BOLIVIA"
"21928",2024,9,"PUESTO DE CONTROL TERRESTRE DESAGUADERO","SOYA, torta",28000,"GRANEL","BOLIVIA"
"21929",2024,9,"PUESTO DE CONTROL TERRESTRE DESAGUADERO","SOYA, torta",29000,"SACO(S)","BOLIVIA"
"21930",2024,9,"PUESTO DE CONTROL TERRESTRE DESAGUADERO","SOYA, torta",56000,"GRANEL","BOLIVIA"
"21931",2024,9,"OFICINA PUESTO DE CONTROL MARITIMO - PROV. CONST. DEL CALLAO","MANZANA, fruto fresco",19551,"CAJA(S)","CHILE"
"21932",2024,9,"OFICINA PUESTO DE CONTROL AEREO -  PROV. CONST. DEL CALLAO","TOMATE, semilla",0.11,"SOBRES","EEUU"
"21933",2024,9,"OFICINA PUESTO DE CONTROL MARITIMO - PROV. CONST. DEL CALLAO","MAIZ AMARILLO DURO, grano",20185880,"GRANEL","ARGENTINA"
"21934",2024,9,"OFICINA PUESTO DE CONTROL MARITIMO - PROV. CONST. DEL CALLAO","AJO, granulado o secado industrial",450,"SACO(S)","MEXICO"
"21935",2024,9,"PUESTO DE CONTROL TERRESTRE DESAGUADERO","SOYA, torta",15960,"GRANEL","BOLIVIA"
"21936",2024,9,"PUESTO DE CONTROL TERRESTRE DESAGUADERO","SOYA, torta",12130,"GRANEL","BOLIVIA"
"21937",2024,9,"PUESTO DE CONTROL TERRESTRE DESAGUADERO","SOYA, torta",216110,"GRANEL","BOLIVIA"
"21938",2024,9,"PUESTO DE CONTROL TERRESTRE DESAGUADERO","SOYA, torta",103000,"GRANEL","BOLIVIA"
"21939",2024,9,"PUESTO DE CONTROL TERRESTRE DESAGUADERO","SOYA, torta",9030,"GRANEL","BOLIVIA"
"21940",2024,9,"PUESTO DE CONTROL TERRESTRE DESAGUADERO","SOYA, torta",52120,"GRANEL","BOLIVIA"
"21941",2024,9,"PUESTO DE CONTROL TERRESTRE DESAGUADERO","SOYA, torta",102000,"GRANEL","BOLIVIA"
"21942",2024,9,"OFICINA PUESTO DE CONTROL AEREO -  PROV. CONST. DEL CALLAO","PIMIENTO, semilla",0.032,"SACHETS","BRASIL"
"21943",2024,9,"PUESTO DE CONTROL TERRESTRE DESAGUADERO","SOYA, torta",27500,"GRANEL","BOLIVIA"
"21944",2024,9,"PUESTO DE CONTROL TERRESTRE DESAGUADERO","SOYA, torta",56587,"SACO(S)","BOLIVIA"
"21945",2024,9,"OFICINA PUESTO DE CONTROL MARITIMO - PROV. CONST. DEL CALLAO","FOLLAJE, HOJAS, RAMAS Y DEMAS PARTES DE PLANTAS, sin flores ni capullos y hierbas, musgos y líquenes,para ramos o adornos con algún proceso de la CRF2.",25.004,"UNIDADES","EL SALVADOR"
"21946",2024,9,"OFICINA PUESTO DE CONTROL MARITIMO - PROV. CONST. DEL CALLAO","FOLLAJE, HOJAS, RAMAS Y DEMAS PARTES DE PLANTAS, sin flores ni capullos y hierbas, musgos y líquenes,para ramos o adornos con algún proceso de la CRF2.",149.943,"UNIDADES","EL SALVADOR"
"21947",2024,9,"PUESTO DE CONTROL TERRESTRE DESAGUADERO","SOYA, torta",112000,"GRANEL","BOLIVIA"
"21948",2024,9,"OFICINA PUESTO DE CONTROL MARITIMO - PROV. CONST. DEL CALLAO","PAPA, chuño polvo",1000,"BOLSAS","BELGICA"
"21949",2024,9,"OFICINA PUESTO DE CONTROL MARITIMO - PROV. CONST. DEL CALLAO","TRIGO, gluten",22500,"BOLSAS","BELGICA"
"21950",2024,9,"OFICINA PUESTO DE CONTROL MARITIMO - PROV. CONST. DEL CALLAO","MARCOS, madera",162.522,"CAJA(S)","EL SALVADOR"
"21951",2024,9,"OFICINA PUESTO DE CONTROL MARITIMO - PROV. CONST. DEL CALLAO","MARCOS, madera",275.46,"CAJA(S)","EL SALVADOR"
"21952",2024,9,"OFICINA PUESTO DE CONTROL MARITIMO - PROV. CONST. DEL CALLAO","MARCOS, madera",349.871,"CAJA(S)","EL SALVADOR"
"21953",2024,9,"OFICINA PUESTO DE CONTROL MARITIMO - PROV. CONST. DEL CALLAO","Articulos para fiestas de navidad que sean o contengan material vegetal
",54.753,"CAJA(S)","EL SALVADOR"
"21954",2024,9,"OFICINA PUESTO DE CONTROL MARITIMO - PROV. CONST. DEL CALLAO","MARCOS, madera",120.482,"CAJA(S)","EL SALVADOR"
"21955",2024,9,"OFICINA PUESTO DE CONTROL MARITIMO - PROV. CONST. DEL CALLAO","Articulos para fiestas de navidad que sean o contengan material vegetal
",183.959,"CAJA(S)","EL SALVADOR"
"21956",2024,9,"OFICINA PUESTO DE CONTROL MARITIMO - PROV. CONST. DEL CALLAO","MADERA, cajas con algún proceso de la CRF 2",69.361,"CAJA(S)","EL SALVADOR"
"21957",2024,9,"PUESTO DE CONTROL TERRESTRE DESAGUADERO","SOYA, torta",83950,"GRANEL","BOLIVIA"
"21958",2024,9,"PUESTO DE CONTROL TERRESTRE DESAGUADERO","SOYA, torta",56000,"GRANEL","BOLIVIA"
"21959",2024,9,"PUESTO DE CONTROL TERRESTRE DESAGUADERO","SOYA, torta",83420,"GRANEL","BOLIVIA"
"21960",2024,9,"OFICINA PUESTO DE CONTROL MARITIMO - PROV. CONST. DEL CALLAO","ALGODON, fibra sin cardar ni peinar (>34.92 mm)",59553,"FARDOS","EEUU"
"21961",2024,9,"OFICINA PUESTO DE CONTROL MARITIMO - PROV. CONST. DEL CALLAO","ALGODON, fibra sin cardar ni peinar (>28.57 mm = o <34.92 mm)",20457,"FARDOS","EEUU"
"21962",2024,9,"OFICINA PUESTO DE CONTROL MARITIMO - PROV. CONST. DEL CALLAO","ALGODON, fibra sin cardar ni peinar (>28.57 mm = o <34.92 mm)",59682,"FARDOS","EEUU"
"21963",2024,9,"OFICINA PUESTO DE CONTROL MARITIMO - PROV. CONST. DEL CALLAO","CEBOLLA, triturada o pulverizada",1814.369,"PALETAS","EEUU"
"21964",2024,9,"PUESTO DE CONTROL TERRESTRE DESAGUADERO","SOYA, torta",112000,"GRANEL","BOLIVIA"
"21965",2024,9,"PUESTO DE CONTROL TERRESTRE DESAGUADERO","SOYA, torta",52000,"GRANEL","BOLIVIA"
"21966",2024,9,"PUESTO DE CONTROL TERRESTRE DESAGUADERO","SOYA, torta",82000,"GRANEL","BOLIVIA"
"21967",2024,9,"PUESTO DE CONTROL TERRESTRE DESAGUADERO","SOYA, torta",24500,"SACO(S)","BOLIVIA"
"21968",2024,9,"PUESTO DE CONTROL TERRESTRE DESAGUADERO","SOYA, torta",55000,"GRANEL","BOLIVIA"
"21969",2024,9,"PUESTO DE CONTROL TERRESTRE DESAGUADERO","SOYA, torta",579,"SACO(S)","BOLIVIA"
"21970",2024,9,"PUESTO DE CONTROL TERRESTRE DESAGUADERO","SOYA, harina",81715,"SACO(S)","BOLIVIA"
"21971",2024,9,"OFICINA PUESTO DE CONTROL MARITIMO - PROV. CONST. DEL CALLAO","CULANTRO, semilla",2500,"BOLSAS","TAILANDIA"
"21972",2024,9,"PUESTO DE CONTROL TERRESTRE DESAGUADERO","AZUCAR BLANCA O REFINADA (lectura polarimetrica mayor 99.5°)",87000,"SACO(S)","BOLIVIA"
"21973",2024,9,"OFICINA PUESTO DE CONTROL MARITIMO - PROV. CONST. DEL CALLAO","PERA, fruta fresca",23040,"CAJA(S)","CHILE"
"21974",2024,9,"OFICINA PUESTO DE CONTROL MARITIMO - PROV. CONST. DEL CALLAO","MANZANA, fruto fresco",21168,"CAJA(S)","CHILE"
"21975",2024,9,"PUESTO DE CONTROL TERRESTRE DESAGUADERO","SOYA, torta",56000,"GRANEL","BOLIVIA"
"21976",2024,9,"OFICINA PUESTO DE CONTROL MARITIMO - PROV. CONST. DEL CALLAO","AZUCAR CRUDA, sólido",49440,"SACO(S)","BRASIL"
"21977",2024,9,"OFICINA PUESTO DE CONTROL MARITIMO - PROV. CONST. DEL CALLAO","AZUCAR CRUDA, sólido",75000,"SACO(S)","BRASIL"
"21978",2024,9,"OFICINA PUESTO DE CONTROL MARITIMO - PROV. CONST. DEL CALLAO","PAPA, fécula",252000,"SACO(S)","DINAMARCA"
"21979",2024,9,"OFICINA PUESTO DE CONTROL AEREO -  PROV. CONST. DEL CALLAO","ESPARRAGO, semilla",67.26,"SOBRES","HOLANDA"
"21980",2024,9,"PUESTO DE CONTROL TERRESTRE DESAGUADERO","SOYA, torta",56000,"GRANEL","BOLIVIA"
"21981",2024,9,"PUESTO DE CONTROL TERRESTRE DESAGUADERO","SOYA, torta",25950,"GRANEL","BOLIVIA"
"21982",2024,9,"OFICINA PUESTO DE CONTROL MARITIMO - PROV. CONST. DEL CALLAO","ARROZ, grano pilado",250000,"SACO(S)","URUGUAY"
"21983",2024,9,"OFICINA PUESTO DE CONTROL MARITIMO - PROV. CONST. DEL CALLAO","COCO, fibra (para sustrato)",79326,"BOLSAS","INDIA"
"21984",2024,9,"OFICINA PUESTO DE CONTROL AEREO -  PROV. CONST. DEL CALLAO","CONTROLADOR BIOLOGICO, especimenes",2.24,"LOTE(S)","ISRAEL"
"21985",2024,9,"OFICINA PUESTO DE CONTROL AEREO -  PROV. CONST. DEL CALLAO","CONTROLADOR BIOLOGICO, especímenes",1,"LOTE(S)","ISRAEL"
"21986",2024,9,"PUESTO DE CONTROL TERRESTRE DESAGUADERO","SOYA, torta",56000,"GRANEL","BOLIVIA"
"21987",2024,9,"SANTA ROSA, TACNA","MANZANA, fruto fresco",23240,"CAJA(S)","CHILE"
"21988",2024,9,"OFICINA PUESTO DE CONTROL AEREO -  PROV. CONST. DEL CALLAO","MELON, semilla",2.374,"SACHETS","EEUU"
"21989",2024,9,"OFICINA PUESTO DE CONTROL AEREO -  PROV. CONST. DEL CALLAO","PEPINILLO, semilla",0.125,"SACHETS","EEUU"
"21990",2024,9,"PUESTO DE CONTROL TERRESTRE DESAGUADERO","SOYA, torta",28000,"GRANEL","BOLIVIA"
"21991",2024,9,"PUESTO DE CONTROL TERRESTRE DESAGUADERO","SOYA, torta",27580,"GRANEL","BOLIVIA"
"21992",2024,9,"PUESTO DE CONTROL TERRESTRE DESAGUADERO","SOYA, torta",54980,"GRANEL","BOLIVIA"
"21993",2024,9,"PUESTO DE CONTROL TERRESTRE DESAGUADERO","SOYA, torta",27500,"GRANEL","BOLIVIA"
"21994",2024,9,"OFICINA PUESTO DE CONTROL MARITIMO - PROV. CONST. DEL CALLAO","Articulos para fiestas de navidad que sean o contengan material vegetal
",14.64,"CAJA(S)","CHINA"
"21995",2024,9,"OFICINA PUESTO DE CONTROL MARITIMO - PROV. CONST. DEL CALLAO","ALGODON, fibra sin cardar ni peinar (>34.92 mm)",117290,"FARDOS","EEUU"
"21996",2024,9,"OFICINA PUESTO DE CONTROL MARITIMO - PROV. CONST. DEL CALLAO","ANIS O BADIANA, grano",50000,"SACO(S)","TURQUIA"
"21997",2024,9,"OFICINA PUESTO DE CONTROL MARITIMO - PROV. CONST. DEL CALLAO","HARINA, mezcla",750,"BOLSAS","BELGICA"
"21998",2024,9,"SANTA ROSA, TACNA","MADERA, en bruto de coníferas tratada agentes de conservación
",7518.69,"PAQUETES","EEUU"
"21999",2024,9,"OFICINA PUESTO DE CONTROL MARITIMO - PROV. CONST. DEL CALLAO","AZUCAR BLANCA O REFINADA (lectura polarimetrica mayor 99.5°)",185500,"SACO(S)","GUATEMALA"
"22000",2024,9,"OFICINA PUESTO DE CONTROL MARITIMO - PROV. CONST. DEL CALLAO","TRIGO, gluten",24000,"BOLSAS","CHINA"
"22001",2024,9,"PUESTO DE CONTROL TERRESTRE DESAGUADERO","SOYA, grano",116000,"SACO(S)","BOLIVIA"
"22002",2024,9,"PUESTO DE CONTROL TERRESTRE DESAGUADERO","SOYA, harina",87000,"SACO(S)","BOLIVIA"
"22003",2024,9,"OFICINA PUESTO DE CONTROL MARITIMO - PROV. CONST. DEL CALLAO","TRIGO, gluten",27000,"BOLSAS","CHINA"
"22004",2024,9,"IÑAPARI, MADRE DE DIOS","ARROZ, grano pilado",4000,"SACO(S)","BRASIL"
"22005",2024,9,"IÑAPARI, MADRE DE DIOS","ARROZ, grano pilado",6000,"PAQUETES","BRASIL"
"22006",2024,9,"IÑAPARI, MADRE DE DIOS","ARROZ, grano pilado",54000,"FARDOS","BRASIL"
"22007",2024,9,"OFICINA PUESTO DE CONTROL AEREO -  PROV. CONST. DEL CALLAO","MAIZ, semilla",3.758,"SOBRES","FRANCIA"
"22008",2024,9,"PUERTO DE PAITA , PIURA","MAIZ AMARILLO DURO, grano",7500000,"GRANEL","ARGENTINA"
"22009",2024,9,"PUERTO DE PAITA , PIURA","SOYA, torta",2700000,"GRANEL","ARGENTINA"
"22010",2024,9,"OFICINA PUESTO DE CONTROL MARITIMO - PROV. CONST. DEL CALLAO","Articulos para fiestas de navidad que sean o contengan material vegetal
",1103.3,"UNIDADES","CHINA"
"22011",2024,9,"OFICINA PUESTO DE CONTROL MARITIMO - PROV. CONST. DEL CALLAO","Articulos para fiestas de navidad que sean o contengan material vegetal
",376.963,"UNIDADES","CHINA"
"22012",2024,9,"OFICINA PUESTO DE CONTROL AEREO -  PROV. CONST. DEL CALLAO","BETARRAGA, semilla",277.704,"SOBRES","BRASIL"
"22013",2024,9,"SANTA ROSA, TACNA","KIWI, fruto fresco",10400,"CAJA(S)","CHILE"
"22014",2024,9,"OFICINA PUESTO DE CONTROL MARITIMO - PROV. CONST. DEL CALLAO","NUEZ DE NOGAL, con cascara",20000,"SACO(S)","ARGENTINA"
"22015",2024,9,"SANTA ROSA, TACNA","MANZANA, fruto fresco",14896,"CAJA(S)","CHILE"
"22016",2024,9,"OFICINA PUESTO DE CONTROL MARITIMO - PROV. CONST. DEL CALLAO","AZUCAR BLANCA O REFINADA (lectura polarimetrica mayor 99.5°)",132500,"SACO(S)","NICARAGUA"
"22017",2024,9,"OFICINA PUESTO DE CONTROL MARITIMO - PROV. CONST. DEL CALLAO","AZUCAR BLANCA O REFINADA (lectura polarimetrica mayor 99.5°)",132500,"SACO(S)","NICARAGUA"
"22018",2024,9,"OFICINA PUESTO DE CONTROL AEREO -  PROV. CONST. DEL CALLAO","LAS DEMAS PLANTAS, partes de plantas, semillas y frutos de especies utilizadas principalmente en perfumeria,medicina insecticidas o similares con algún proceso del a CRF 2",22.7,"BOLSAS","EEUU"
"22019",2024,9,"PUESTO DE CONTROL TERRESTRE DESAGUADERO","SOYA, harina",116000,"SACO(S)","BOLIVIA"
"22020",2024,9,"OFICINA PUESTO DE CONTROL AEREO -  PROV. CONST. DEL CALLAO","PEPINILLO, semilla",6.25,"SACHETS","ESPAÑA"
"22021",2024,9,"PUESTO DE CONTROL TERRESTRE DESAGUADERO","SOYA, torta",204000,"SACO(S)","BOLIVIA"
"22022",2024,9,"OFICINA PUESTO DE CONTROL MARITIMO - PROV. CONST. DEL CALLAO","ARROZ, grano pilado",250000,"SACO(S)","URUGUAY"
"22023",2024,9,"OFICINA PUESTO DE CONTROL MARITIMO - PROV. CONST. DEL CALLAO","Articulos de cesteria (canastos, cestos u otros), con algun proceso de la CRF2",1257.8,"PIEZAS","CHINA"
"22024",2024,9,"OFICINA PUESTO DE CONTROL MARITIMO - PROV. CONST. DEL CALLAO","Las demás gradas (rastras), escarificadores y extirpadores usados
",524.27,"UNIDADES","BELICE"
"22025",2024,9,"OFICINA PUESTO DE CONTROL MARITIMO - PROV. CONST. DEL CALLAO","Las demas sembradoras, plantadoras y transplantadoras usados
",154.2,"UNIDADES","BELICE"
"22026",2024,9,"OFICINA PUESTO DE CONTROL MARITIMO - PROV. CONST. DEL CALLAO","Distribuidores de abonos usados
",462.59,"UNIDADES","BELICE"
"22027",2024,9,"OFICINA PUESTO DE CONTROL MARITIMO - PROV. CONST. DEL CALLAO","Cortadora de cesped autopropulsada, con motor, en las que el dispositivo de corte gire en un plano horizontal, usada
",1649.91,"UNIDADES","BELICE"
"22028",2024,9,"OFICINA PUESTO DE CONTROL MARITIMO - PROV. CONST. DEL CALLAO","Prensas para paja o forraje, incluidas prensas recogedoras usadas
",740.15,"UNIDADES","BELICE"
"22029",2024,9,"OFICINA PUESTO DE CONTROL MARITIMO - PROV. CONST. DEL CALLAO","TRITURADORAS Y MEZCLADORAS DE ABONO, usados",817.25,"UNIDADES","BELICE"
"22030",2024,9,"OFICINA PUESTO DE CONTROL MARITIMO - PROV. CONST. DEL CALLAO","Maquinas y aparatos para molienda de cereales, usadas
",4872.63,"UNIDADES","BELICE"
"22031",2024,9,"OFICINA PUESTO DE CONTROL MARITIMO - PROV. CONST. DEL CALLAO","Partes de maquinarias para limpieza, clasificacion o cribado de semillas, granos u hortalizas de vaina seca, maquinarias y aparatos para molienda o tratamiento de cereales u hortalizas de vaina secas, usadas
",246.72,"UNIDADES","BELICE"
"22032",2024,9,"PUESTO DE CONTROL TERRESTRE DESAGUADERO","SOYA, torta",84000,"GRANEL","BOLIVIA"
"22033",2024,9,"SANTA ROSA, TACNA","MAIZ, almidon",24750,"BOLSAS","BRASIL"
"22034",2024,9,"OFICINA PUESTO DE CONTROL MARITIMO - PROV. CONST. DEL CALLAO","Articulos para fiestas de navidad que sean o contengan material vegetal
",3414.3,"UNIDADES","CHINA"
"22035",2024,9,"OFICINA PUESTO DE CONTROL MARITIMO - PROV. CONST. DEL CALLAO","VIGAS en I, con algún lado de madera, y algún proceso de la CRF 2",19450,"UNIDADES","CHINA"
"22036",2024,9,"PUERTO DE PAITA , PIURA","TURBA",113445,"BIG BAG","LETONIA"
"22037",2024,9,"PUERTO DE PAITA , PIURA","TURBA",203040,"BIG BAG","HOLANDA"
"22038",2024,9,"PUERTO DE PAITA , PIURA","TURBA",203040,"BIG BAG","HOLANDA"
"22039",2024,9,"OFICINA PUESTO DE CONTROL MARITIMO - PROV. CONST. DEL CALLAO","MAIZ REVENTON, grano",260000,"BOLSAS","BRASIL"
"22040",2024,9,"PUERTO DE PAITA , PIURA","TURBA",149904,"BIG BAG","LETONIA"
"22041",2024,9,"PUERTO DE PAITA , PIURA","TURBA",203040,"BIG BAG","HOLANDA"
"22042",2024,9,"PUERTO DE PAITA , PIURA","TURBA",203040,"BIG BAG","HOLANDA"
"22043",2024,9,"OFICINA PUESTO DE CONTROL MARITIMO - PROV. CONST. DEL CALLAO","Articulos para fiestas de navidad que sean o contengan material vegetal
",1574.55,"UNIDADES","CHINA"
"22044",2024,9,"OFICINA PUESTO DE CONTROL MARITIMO - PROV. CONST. DEL CALLAO","COCO, rallado seco industrial",27500,"SACO(S)","VIETNAM"
"22045",2024,9,"PUESTO DE CONTROL TERRESTRE DESAGUADERO","SOYA, harina",145000,"SACO(S)","BOLIVIA"
"22046",2024,9,"OFICINA PUESTO DE CONTROL MARITIMO - PROV. CONST. DEL CALLAO","FRESA, plántula",3822,"CAJA(S)","ESPAÑA"
"22047",2024,9,"PUESTO DE CONTROL TERRESTRE DESAGUADERO","SOYA, grano",56950,"GRANEL","BOLIVIA"
"22048",2024,9,"AGUAS VERDES, TUMBES","PITAHAYA, fruto fresco",10000,"CAJA(S)","ECUADOR"
"22049",2024,9,"SANTA ROSA, TACNA","PERA, fruta fresca",11520,"CAJA(S)","CHILE"
"22050",2024,9,"OFICINA PUESTO DE CONTROL MARITIMO - PROV. CONST. DEL CALLAO","Articulos para fiestas de navidad que sean o contengan material vegetal
",5491,"PAQUETES","CHINA"
"22051",2024,9,"OFICINA PUESTO DE CONTROL MARITIMO - PROV. CONST. DEL CALLAO","TREBOL BLANCO, semilla",25000,"SACO(S)","NUEVA ZELANDIA"
"22052",2024,9,"SANTA ROSA, TACNA","MANZANA, fruto fresco",11580,"CAJA(S)","CHILE"
"22053",2024,9,"OFICINA PUESTO DE CONTROL MARITIMO - PROV. CONST. DEL CALLAO","RYEGRASS INGLES, semilla",25000,"SACO(S)","NUEVA ZELANDIA"
"22054",2024,9,"OFICINA PUESTO DE CONTROL MARITIMO - PROV. CONST. DEL CALLAO","YUTE, sacos",28000,"FARDOS","INDIA"
"22055",2024,9,"OFICINA PUESTO DE CONTROL AEREO -  PROV. CONST. DEL CALLAO","COCO, fibra (para sustrato)",25,"PAQUETES","SRI LANKA"
"22056",2024,9,"OFICINA PUESTO DE CONTROL AEREO -  PROV. CONST. DEL CALLAO","TOMATE, semilla",0.13,"BOLSAS","EEUU"
"22057",2024,9,"PUESTO DE CONTROL TERRESTRE DESAGUADERO","SOYA, harina",116000,"SACO(S)","BOLIVIA"
"22058",2024,9,"OFICINA PUESTO DE CONTROL MARITIMO - PROV. CONST. DEL CALLAO","GARBANZO, grano",23000,"SACO(S)","MEXICO"
"22059",2024,9,"OFICINA PUESTO DE CONTROL MARITIMO - PROV. CONST. DEL CALLAO","AZUCAR CRUDA, sólido",250000,"SACO(S)","COLOMBIA"
"22060",2024,9,"SANTA ROSA, TACNA","MANZANA, fruto fresco",23520,"CAJA(S)","CHILE"
"22061",2024,9,"OFICINA PUESTO DE CONTROL MARITIMO - PROV. CONST. DEL CALLAO","Prensas para paja o forraje, incluidas prensas recogedoras usadas
",3370,"UNIDADES","CHINA"
"22062",2024,9,"OFICINA PUESTO DE CONTROL MARITIMO - PROV. CONST. DEL CALLAO","Las demas partes de maquinas, aparatos y artefactos de cosecha o trillar, maquinarias para limpieza, usadas
",50,"PAQUETES","CHINA"
"22063",2024,9,"OFICINA PUESTO DE CONTROL MARITIMO - PROV. CONST. DEL CALLAO","TRACTOR USADO, con motor de potencia superior a 130KW",8800,"UNIDADES","CHINA"
"22064",2024,9,"PUERTO DE PAITA , PIURA","PAPA, fécula",80000,"SACO(S)","ALEMANIA"
"22065",2024,9,"OFICINA PUESTO DE CONTROL MARITIMO - PROV. CONST. DEL CALLAO","MANZANA, fruto fresco",40033,"CAJA(S)","CHILE"
"22066",2024,9,"OFICINA PUESTO DE CONTROL MARITIMO - PROV. CONST. DEL CALLAO","MANZANA, fruto fresco",59535,"CAJA(S)","CHILE"
"22067",2024,9,"OFICINA PUESTO DE CONTROL MARITIMO - PROV. CONST. DEL CALLAO","MANZANA, fruto fresco",22638,"CAJA(S)","ARGENTINA"
"22068",2024,9,"PUESTO DE CONTROL TERRESTRE DESAGUADERO","SOYA, torta",28500,"GRANEL","BOLIVIA"
"22069",2024,9,"OFICINA PUESTO DE CONTROL AEREO -  PROV. CONST. DEL CALLAO","YUCA (=MANDIOCA), fécula",1,"BOLSAS","BRASIL"
"22070",2024,9,"OFICINA PUESTO DE CONTROL MARITIMO - PROV. CONST. DEL CALLAO","CENTENO, harina",2000,"SACO(S)","CHILE"
"22071",2024,9,"OFICINA PUESTO DE CONTROL MARITIMO - PROV. CONST. DEL CALLAO","SOYA, harina",300,"SACO(S)","CHILE"
"22072",2024,9,"OFICINA PUESTO DE CONTROL MARITIMO - PROV. CONST. DEL CALLAO","ALGARROBO, harina",100,"SACO(S)","CHILE"
"22073",2024,9,"OFICINA PUESTO DE CONTROL MARITIMO - PROV. CONST. DEL CALLAO","COMINO, grano",26000,"SACO(S)","INDIA"
"22074",2024,9,"OFICINA PUESTO DE CONTROL AEREO -  PROV. CONST. DEL CALLAO","PLATANO, harina",0.25,"BOLSAS","ALEMANIA"
"22075",2024,9,"AGUAS VERDES, TUMBES","PITAHAYA, fruto fresco",2020,"CAJA(S)","ECUADOR"
"22076",2024,9,"OFICINA PUESTO DE CONTROL MARITIMO - PROV. CONST. DEL CALLAO","AVENA, grano trabajado (mondado, perlado, troceado o quebrantado)",46000,"SACO(S)","CHILE"
"22077",2024,9,"OFICINA PUESTO DE CONTROL MARITIMO - PROV. CONST. DEL CALLAO","AZUCAR BLANCA O REFINADA (lectura polarimetrica mayor 99.5°)",265000,"SACO(S)","GUATEMALA"
"22078",2024,9,"PUESTO DE CONTROL TERRESTRE DESAGUADERO","SOYA, torta",145000,"SACO(S)","BOLIVIA"
"22079",2024,9,"PUESTO DE CONTROL TERRESTRE DESAGUADERO","SOYA, torta",28000,"GRANEL","BOLIVIA"
"22080",2024,9,"PUESTO DE CONTROL TERRESTRE DESAGUADERO","SOYA, torta",56000,"GRANEL","BOLIVIA"
"22081",2024,9,"PUESTO DE CONTROL TERRESTRE DESAGUADERO","SOYA, torta",19500,"GRANEL","BOLIVIA"
"22082",2024,9,"OFICINA PUESTO DE CONTROL MARITIMO - PROV. CONST. DEL CALLAO","LENTEJA, grano",70715,"SACO(S)","EEUU"
"22083",2024,9,"PUESTO DE CONTROL TERRESTRE DESAGUADERO","SOYA, torta",145000,"SACO(S)","BOLIVIA"
"22084",2024,9,"PUESTO DE CONTROL TERRESTRE DESAGUADERO","SOYA, torta",174000,"SACO(S)","BOLIVIA"
"22085",2024,9,"OFICINA PUESTO DE CONTROL MARITIMO - PROV. CONST. DEL CALLAO","COCO, fibra (para sustrato)",211530,"PALETAS","INDIA"
"22086",2024,9,"OFICINA PUESTO DE CONTROL MARITIMO - PROV. CONST. DEL CALLAO","COCO, fibra (para sustrato)",139410,"PALETAS","INDIA"
"22087",2024,9,"PUESTO DE CONTROL TERRESTRE DESAGUADERO","SOYA, torta",7500,"GRANEL","BOLIVIA"
"22088",2024,9,"PUESTO DE CONTROL TERRESTRE DESAGUADERO","SOYA, harina",145000,"SACO(S)","BOLIVIA"
"22089",2024,9,"OFICINA PUESTO DE CONTROL MARITIMO - PROV. CONST. DEL CALLAO","AJONJOLI, grano",27000,"SACO(S)","INDIA"
"22090",2024,9,"PUESTO DE CONTROL TERRESTRE DESAGUADERO","SOYA, harina",55500,"SACO(S)","BOLIVIA"
"22091",2024,9,"AGUAS VERDES, TUMBES","PITAHAYA, fruto fresco",12040,"CAJA(S)","ECUADOR"
"22092",2024,9,"OFICINA PUESTO DE CONTROL MARITIMO - PROV. CONST. DEL CALLAO","MADERA, monturas y mangos de herramientas, monturas y mangos de cepillos, brochas o escobas, de madera; hormas, ensanchadores y tensores del calzado, de madera ; con algún proceso de la CRF 2",540.314,"UNIDADES","BRASIL"
"22093",2024,9,"OFICINA PUESTO DE CONTROL MARITIMO - PROV. CONST. DEL CALLAO","FREJOL CANARIO, grano",24000,"SACO(S)","MEXICO"
"22094",2024,9,"OFICINA PUESTO DE CONTROL MARITIMO - PROV. CONST. DEL CALLAO","AJONJOLI, grano",1500,"BOLSAS","PARAGUAY"
"22095",2024,9,"PUESTO DE CONTROL TERRESTRE DESAGUADERO","SOYA, torta",47930,"GRANEL","BOLIVIA"
"22096",2024,9,"OFICINA PUESTO DE CONTROL MARITIMO - PROV. CONST. DEL CALLAO","CHIA, grano",10500,"BOLSAS","PARAGUAY"
"22097",2024,9,"OFICINA PUESTO DE CONTROL MARITIMO - PROV. CONST. DEL CALLAO","ALGODON, fibra sin cardar ni peinar (>22.22 mm = o <28.57 mm)",40184,"FARDOS","EEUU"
"22098",2024,9,"OFICINA PUESTO DE CONTROL MARITIMO - PROV. CONST. DEL CALLAO","MAIZ, harina",43200,"SACO(S)","COLOMBIA"
"22099",2024,9,"PUESTO DE CONTROL TERRESTRE DESAGUADERO","SOYA, torta",28000,"GRANEL","BOLIVIA"
"22100",2024,9,"PUESTO DE CONTROL TERRESTRE DESAGUADERO","SOYA, torta",145000,"SACO(S)","BOLIVIA"
"22101",2024,9,"OFICINA PUESTO DE CONTROL MARITIMO - PROV. CONST. DEL CALLAO","Las demás máquinas para limpieza de frutos o demás productos agrícolas usadas
",7316.9,"UNIDADES","EEUU"
"22102",2024,9,"PUESTO DE CONTROL TERRESTRE DESAGUADERO","SOYA, torta",84000,"GRANEL","BOLIVIA"
"22103",2024,9,"OFICINA PUESTO DE CONTROL MARITIMO - PROV. CONST. DEL CALLAO","UVA (PASAS), secas naturalmente",40000,"CAJA(S)","ARGENTINA"
"22104",2024,9,"PUESTO DE CONTROL TERRESTRE DESAGUADERO","SOYA, torta",28000,"GRANEL","BOLIVIA"
"22105",2024,9,"PUESTO DE CONTROL TERRESTRE DESAGUADERO","SOYA, torta",28000,"GRANEL","BOLIVIA"
"22106",2024,9,"PUESTO DE CONTROL TERRESTRE DESAGUADERO","SOYA, torta",56980,"GRANEL","BOLIVIA"
"22107",2024,9,"PUESTO DE CONTROL TERRESTRE DESAGUADERO","SOYA, torta",112000,"GRANEL","BOLIVIA"
"22108",2024,9,"PUESTO DE CONTROL TERRESTRE DESAGUADERO","SOYA, harina",174000,"SACO(S)","BOLIVIA"
"22109",2024,9,"PUESTO DE CONTROL TERRESTRE DESAGUADERO","SOYA, torta",57000,"SACO(S)","BOLIVIA"
"22110",2024,9,"OFICINA PUESTO DE CONTROL MARITIMO - PROV. CONST. DEL CALLAO","MADERA, monturas y mangos de herramientas, monturas y mangos de cepillos, brochas o escobas, de madera; hormas, ensanchadores y tensores del calzado, de madera ; con algún proceso de la CRF 2",81225,"UNIDADES","CHINA"
"22111",2024,9,"PUESTO DE CONTROL TERRESTRE DESAGUADERO","SOYA, torta",145000,"SACO(S)","BOLIVIA"
"22112",2024,9,"PUESTO DE CONTROL TERRESTRE DESAGUADERO","SOYA, torta",54690,"GRANEL","BOLIVIA"
"22113",2024,9,"OFICINA PUESTO DE CONTROL AEREO -  PROV. CONST. DEL CALLAO","RABANITO, semilla",272.4,"SACHETS","ISRAEL"
"22114",2024,9,"OFICINA PUESTO DE CONTROL AEREO -  PROV. CONST. DEL CALLAO","TOMATE, semilla",7.315,"SACHETS","ISRAEL"
"22115",2024,9,"OFICINA PUESTO DE CONTROL MARITIMO - PROV. CONST. DEL CALLAO","COCO, rallado seco industrial",27500,"SACO(S)","VIETNAM"
"22116",2024,9,"OFICINA PUESTO DE CONTROL MARITIMO - PROV. CONST. DEL CALLAO","AJONJOLI, grano",54000,"SACO(S)","INDIA"
"22117",2024,9,"AGUAS VERDES, TUMBES","PITAHAYA, fruto fresco",8000,"CAJA(S)","ECUADOR"
"22118",2024,9,"PUESTO DE CONTROL TERRESTRE DESAGUADERO","SOYA, torta",111000,"GRANEL","BOLIVIA"
"22119",2024,9,"PUESTO DE CONTROL TERRESTRE DESAGUADERO","SOYA, torta",27830,"GRANEL","BOLIVIA"
"22120",2024,9,"PUESTO DE CONTROL TERRESTRE DESAGUADERO","SOYA, torta",25000,"GRANEL","BOLIVIA"
"22121",2024,9,"PUESTO DE CONTROL TERRESTRE DESAGUADERO","SOYA, torta",19000,"GRANEL","BOLIVIA"
"22122",2024,9,"PUESTO DE CONTROL TERRESTRE DESAGUADERO","SOYA, torta",6000,"GRANEL","BOLIVIA"
"22123",2024,9,"PUESTO DE CONTROL TERRESTRE DESAGUADERO","SOYA, torta",27750,"GRANEL","BOLIVIA"
"22124",2024,9,"PUESTO DE CONTROL TERRESTRE DESAGUADERO","SOYA, torta",20060,"GRANEL","BOLIVIA"
"22125",2024,9,"PUESTO DE CONTROL TERRESTRE DESAGUADERO","SOYA, torta",7350,"GRANEL","BOLIVIA"
"22126",2024,9,"PUESTO DE CONTROL TERRESTRE DESAGUADERO","SOYA, torta",26000,"GRANEL","BOLIVIA"
"22127",2024,9,"OFICINA PUESTO DE CONTROL MARITIMO - PROV. CONST. DEL CALLAO","AZUCAR BLANCA O REFINADA (lectura polarimetrica mayor 99.5°)",26500,"SACO(S)","NICARAGUA"
"22128",2024,9,"OFICINA PUESTO DE CONTROL MARITIMO - PROV. CONST. DEL CALLAO","AZUCAR BLANCA O REFINADA (lectura polarimetrica mayor 99.5°)",53000,"SACO(S)","NICARAGUA"
"22129",2024,9,"PUERTO DE PAITA , PIURA","LENTEJA, grano",108180,"SACO(S)","CANADA"
"22130",2024,9,"PUERTO DE PAITA , PIURA","LENTEJA, grano",21682,"SACO(S)","CANADA"
"22131",2024,9,"OFICINA PUESTO DE CONTROL AEREO -  PROV. CONST. DEL CALLAO","GIRASOL, semilla",20.54,"SOBRES","FRANCIA"
"22132",2024,9,"OFICINA PUESTO DE CONTROL AEREO -  PROV. CONST. DEL CALLAO","MAIZ, semilla",35.85,"SOBRES","FRANCIA"
"22133",2024,9,"OFICINA PUESTO DE CONTROL MARITIMO - PROV. CONST. DEL CALLAO","FREJOL, grano",127914,"SACO(S)","EEUU"
"22134",2024,9,"PUESTO DE CONTROL TERRESTRE DESAGUADERO","SOYA, torta",145000,"SACO(S)","BOLIVIA"
"22135",2024,9,"PUESTO DE CONTROL TERRESTRE DESAGUADERO","SOYA, torta",28120,"GRANEL","BOLIVIA"
"22136",2024,9,"PUESTO DE CONTROL TERRESTRE DESAGUADERO","SOYA, torta",28000,"GRANEL","BOLIVIA"
"22137",2024,9,"PUESTO DE CONTROL TERRESTRE DESAGUADERO","SOYA, torta",56500,"GRANEL","BOLIVIA"
"22138",2024,9,"OFICINA PUESTO DE CONTROL MARITIMO - PROV. CONST. DEL CALLAO","AZUCAR BLANCA O REFINADA (lectura polarimetrica mayor 99.5°)",106000,"SACO(S)","NICARAGUA"
"22139",2024,9,"OFICINA PUESTO DE CONTROL MARITIMO - PROV. CONST. DEL CALLAO","AZUCAR CRUDA, sólido",99960,"SACO(S)","NICARAGUA"
"22140",2024,9,"OFICINA PUESTO DE CONTROL MARITIMO - PROV. CONST. DEL CALLAO","AZUCAR BLANCA O REFINADA (lectura polarimetrica mayor 99.5°)",3e+05,"SACO(S)","NICARAGUA"
"22141",2024,9,"OFICINA PUESTO DE CONTROL MARITIMO - PROV. CONST. DEL CALLAO","AZUCAR BLANCA O REFINADA (lectura polarimetrica mayor 99.5°)",265000,"SACO(S)","GUATEMALA"
"22142",2024,9,"OFICINA PUESTO DE CONTROL MARITIMO - PROV. CONST. DEL CALLAO","ALGODON, fibra sin cardar ni peinar (>28.57 mm = o <34.92 mm)",181370,"FARDOS","EEUU"
"22143",2024,9,"OFICINA PUESTO DE CONTROL AEREO -  PROV. CONST. DEL CALLAO","CORCHO, tapones",1.2,"BOLSAS","EEUU"
"22144",2024,9,"OFICINA PUESTO DE CONTROL MARITIMO - PROV. CONST. DEL CALLAO","MANI, grano sin cáscara",49930,"SACO(S)","ARGENTINA"
"22145",2024,9,"PUESTO DE CONTROL TERRESTRE DESAGUADERO","SOYA, torta",25000,"SACO(S)","BOLIVIA"
"22146",2024,9,"PUESTO DE CONTROL TERRESTRE DESAGUADERO","SOYA, torta",1242,"SACO(S)","BOLIVIA"
"22147",2024,9,"OFICINA PUESTO DE CONTROL MARITIMO - PROV. CONST. DEL CALLAO","Articulos para fiestas de navidad que sean o contengan material vegetal
",110.94,"CAJA(S)","CHINA"
"22148",2024,9,"PUESTO DE CONTROL TERRESTRE DESAGUADERO","SOYA, torta",116000,"SACO(S)","BOLIVIA"
"22149",2024,9,"OFICINA PUESTO DE CONTROL MARITIMO - PROV. CONST. DEL CALLAO","SOYA, torta",10994750,"GRANEL","ARGENTINA"
"22150",2024,9,"OFICINA PUESTO DE CONTROL MARITIMO - PROV. CONST. DEL CALLAO","AZUCAR CRUDA, sólido",26000,"BOLSAS","BRASIL"
"22151",2024,9,"PUESTO DE CONTROL TERRESTRE DESAGUADERO","SOYA, torta",145000,"SACO(S)","BOLIVIA"
"22152",2024,9,"OFICINA PUESTO DE CONTROL MARITIMO - PROV. CONST. DEL CALLAO","PLANTA, para uso medicinal seca",5040,"CAJA(S)","HONG KONG"
"22153",2024,9,"OFICINA PUESTO DE CONTROL MARITIMO - PROV. CONST. DEL CALLAO","TURBA",744000,"PACAS","ESTONIA"
"22154",2024,9,"PUESTO DE CONTROL TERRESTRE DESAGUADERO","SOYA, torta",150000,"SACO(S)","BOLIVIA"
"22155",2024,9,"PUESTO DE CONTROL TERRESTRE DESAGUADERO","SOYA, torta",142000,"SACO(S)","BOLIVIA"
"22156",2024,9,"AGUAS VERDES, TUMBES","PITAHAYA, fruto fresco",30000,"CAJA(S)","ECUADOR"
"22157",2024,9,"OFICINA PUESTO DE CONTROL AEREO -  PROV. CONST. DEL CALLAO","SANDIA, semilla",1.391,"SACHETS","EEUU"
"22158",2024,9,"SANTA ROSA, TACNA","MANZANA, fruto fresco",22845,"CAJA(S)","CHILE"
"22159",2024,9,"PUESTO DE CONTROL TERRESTRE DESAGUADERO","SOYA, torta",26070,"GRANEL","BOLIVIA"
"22160",2024,9,"OFICINA PUESTO DE CONTROL MARITIMO - PROV. CONST. DEL CALLAO","PEREJIL, hoja seca industrial",800,"SACO(S)","ESPAÑA"
"22161",2024,9,"OFICINA PUESTO DE CONTROL MARITIMO - PROV. CONST. DEL CALLAO","Articulos para fiestas de navidad que sean o contengan material vegetal
",191.98,"UNIDADES","CHINA"
"22162",2024,9,"OFICINA PUESTO DE CONTROL AEREO -  PROV. CONST. DEL CALLAO","MELON, semilla",0.014,"LATAS","EEUU"
"22163",2024,9,"OFICINA PUESTO DE CONTROL AEREO -  PROV. CONST. DEL CALLAO","MAIZ, semilla",1239.9,"BOLSAS","MEXICO"
"22164",2024,9,"OFICINA PUESTO DE CONTROL MARITIMO - PROV. CONST. DEL CALLAO","TURBA",27480,"BIG BAG","LETONIA"
"22165",2024,9,"OFICINA PUESTO DE CONTROL MARITIMO - PROV. CONST. DEL CALLAO","AZUCAR BLANCA O REFINADA (lectura polarimetrica mayor 99.5°)",2e+05,"BIG BAG","GUATEMALA"
"22166",2024,9,"OFICINA PUESTO DE CONTROL MARITIMO - PROV. CONST. DEL CALLAO","AZUCAR BLANCA O REFINADA (lectura polarimetrica mayor 99.5°)",65000,"SACO(S)","GUATEMALA"
"22167",2024,9,"OFICINA PUESTO DE CONTROL MARITIMO - PROV. CONST. DEL CALLAO","AZUCAR BLANCA O REFINADA (lectura polarimetrica mayor 99.5°)",2e+05,"BIG BAG","GUATEMALA"
"22168",2024,9,"OFICINA PUESTO DE CONTROL MARITIMO - PROV. CONST. DEL CALLAO","AZUCAR BLANCA O REFINADA (lectura polarimetrica mayor 99.5°)",65000,"SACO(S)","GUATEMALA"
"22169",2024,9,"OFICINA PUESTO DE CONTROL MARITIMO - PROV. CONST. DEL CALLAO","AZUCAR BLANCA O REFINADA (lectura polarimetrica mayor 99.5°)",3e+05,"BIG BAG","GUATEMALA"
"22170",2024,9,"OFICINA PUESTO DE CONTROL MARITIMO - PROV. CONST. DEL CALLAO","AZUCAR BLANCA O REFINADA (lectura polarimetrica mayor 99.5°)",97500,"SACO(S)","GUATEMALA"
"22171",2024,9,"OFICINA PUESTO DE CONTROL MARITIMO - PROV. CONST. DEL CALLAO","ROBLE, madera aserrada, cortada o desenrollada, incluso cepillada, lijada o unida por los extremos",9995.513,"PAQUETES","POLONIA"
"22172",2024,9,"OFICINA PUESTO DE CONTROL MARITIMO - PROV. CONST. DEL CALLAO","MADERA, láminas para chapado
",2615.487,"PAQUETES","POLONIA"
"22173",2024,9,"OFICINA PUESTO DE CONTROL MARITIMO - PROV. CONST. DEL CALLAO","MAIZ REVENTON, grano",76200,"SACO(S)","ARGENTINA"
"22174",2024,9,"OFICINA PUESTO DE CONTROL MARITIMO - PROV. CONST. DEL CALLAO","ALIMENTO PARA ANIMALES, materias vegetales, desperdicios, residuos, incluso en pellets",20000,"SACO(S)","ITALIA"
"22175",2024,9,"IÑAPARI, MADRE DE DIOS","MAIZ AMARILLO DURO, grano",96000,"SACO(S)","BRASIL"
"22176",2024,9,"OFICINA PUESTO DE CONTROL MARITIMO - PROV. CONST. DEL CALLAO","AZUCAR BLANCA O REFINADA (lectura polarimetrica mayor 99.5°)",54000,"SACO(S)","BRASIL"
"22177",2024,9,"OFICINA PUESTO DE CONTROL MARITIMO - PROV. CONST. DEL CALLAO","PERA, fruta fresca",22932,"CAJA(S)","ARGENTINA"
"22178",2024,9,"OFICINA PUESTO DE CONTROL MARITIMO - PROV. CONST. DEL CALLAO","MANZANA, fruto fresco",20580,"CAJA(S)","EEUU"
"22179",2024,9,"OFICINA PUESTO DE CONTROL MARITIMO - PROV. CONST. DEL CALLAO","CEBOLLA, triturada o pulverizada",4000,"CAJA(S)","INDIA"
"22180",2024,9,"OFICINA PUESTO DE CONTROL MARITIMO - PROV. CONST. DEL CALLAO","AJO, polvo",2000,"CAJA(S)","INDIA"
"22181",2024,9,"OFICINA PUESTO DE CONTROL MARITIMO - PROV. CONST. DEL CALLAO","CEBOLLA, triturada o pulverizada",4140,"CAJA(S)","INDIA"
"22182",2024,9,"OFICINA PUESTO DE CONTROL MARITIMO - PROV. CONST. DEL CALLAO","AJO, polvo",7000,"CAJA(S)","INDIA"
"22183",2024,9,"OFICINA PUESTO DE CONTROL MARITIMO - PROV. CONST. DEL CALLAO","AZUCAR CRUDA, sólido",99880,"SACO(S)","NICARAGUA"
"22184",2024,9,"OFICINA PUESTO DE CONTROL MARITIMO - PROV. CONST. DEL CALLAO","ARROZ, grano pilado",397500,"SACO(S)","BRASIL"
"22185",2024,9,"OFICINA PUESTO DE CONTROL AEREO -  PROV. CONST. DEL CALLAO","MAIZ, semilla",1.31,"SOBRES","HUNGRIA"
"22186",2024,9,"OFICINA PUESTO DE CONTROL AEREO -  PROV. CONST. DEL CALLAO","MAIZ, semilla",9.0817,"SOBRES","HUNGRIA"
"22187",2024,9,"OFICINA PUESTO DE CONTROL MARITIMO - PROV. CONST. DEL CALLAO","AZUCAR BLANCA O REFINADA (lectura polarimetrica mayor 99.5°)",161230,"SACO(S)","BRASIL"
"22188",2024,9,"OFICINA PUESTO DE CONTROL AEREO -  PROV. CONST. DEL CALLAO","AJO, polvo",20,"CAJA(S)","CHINA"
"22189",2024,9,"OFICINA PUESTO DE CONTROL AEREO -  PROV. CONST. DEL CALLAO","PEREJIL, polvo",20,"CAJA(S)","CHINA"
"22190",2024,9,"OFICINA PUESTO DE CONTROL AEREO -  PROV. CONST. DEL CALLAO","PIMIENTA, molida",20,"CAJA(S)","CHINA"
"22191",2024,9,"OFICINA PUESTO DE CONTROL AEREO -  PROV. CONST. DEL CALLAO","COMINO, triturado y/o pulverizado",20,"CAJA(S)","CHINA"
"22192",2024,9,"PUESTO DE CONTROL TERRESTRE DESAGUADERO","SOYA, harina",50000,"SACO(S)","BOLIVIA"
"22193",2024,9,"PUESTO DE CONTROL TERRESTRE DESAGUADERO","SOYA, harina",28000,"SACO(S)","BOLIVIA"
"22194",2024,9,"OFICINA PUESTO DE CONTROL MARITIMO - PROV. CONST. DEL CALLAO","PERA, fruta fresca",22680,"CAJA(S)","ARGENTINA"
"22195",2024,9,"SALON INTERNACIONAL - AEROPUERTO","YERBA MATE, secado industrial",7.2,"BOLSAS",NA
"22196",2024,9,"OFICINA PUESTO DE CONTROL MARITIMO - PROV. CONST. DEL CALLAO","AZUCAR BLANCA O REFINADA (lectura polarimetrica mayor 99.5°)",2e+05,"BIG BAG","GUATEMALA"
"22197",2024,9,"OFICINA PUESTO DE CONTROL MARITIMO - PROV. CONST. DEL CALLAO","AZUCAR BLANCA O REFINADA (lectura polarimetrica mayor 99.5°)",65000,"SACO(S)","GUATEMALA"
"22198",2024,9,"OFICINA PUESTO DE CONTROL MARITIMO - PROV. CONST. DEL CALLAO","ANIS O BADIANA, grano",54000,"SACO(S)","TURQUIA"
"22199",2024,9,"OFICINA PUESTO DE CONTROL MARITIMO - PROV. CONST. DEL CALLAO","CIRUELA, seca industrialmente",20000,"CAJA(S)","CHILE"
"22200",2024,9,"OFICINA PUESTO DE CONTROL MARITIMO - PROV. CONST. DEL CALLAO","MAIZ REVENTON, grano",208000,"SACO(S)","ARGENTINA"
"22201",2024,9,"OFICINA PUESTO DE CONTROL MARITIMO - PROV. CONST. DEL CALLAO","MAIZ REVENTON, grano",129950,"SACO(S)","BRASIL"
"22202",2024,9,"OFICINA PUESTO DE CONTROL MARITIMO - PROV. CONST. DEL CALLAO","GARBANZO, grano",23000,"SACO(S)","MEXICO"
"22203",2024,9,"PUESTO DE CONTROL TERRESTRE DESAGUADERO","AZUCAR BLANCA O REFINADA (lectura polarimetrica mayor 99.5°)",132000,"SACO(S)","BOLIVIA"
"22204",2024,9,"OFICINA PUESTO DE CONTROL MARITIMO - PROV. CONST. DEL CALLAO","MANZANA, fruto fresco",22550,"CAJA(S)","ARGENTINA"
"22205",2024,9,"OFICINA PUESTO DE CONTROL MARITIMO - PROV. CONST. DEL CALLAO","PERA, fruta fresca",23814,"CAJA(S)","ARGENTINA"
"22206",2024,9,"AGUAS VERDES, TUMBES","PITAHAYA, fruto fresco",5660,"CAJA(S)","ECUADOR"
"22207",2024,9,"AGUAS VERDES, TUMBES","CAÑA DE GUAYAQUIL, seca al natural",34000,"UNIDADES","ECUADOR"
"22208",2024,9,"OFICINA PUESTO DE CONTROL AEREO -  PROV. CONST. DEL CALLAO","CORCHO, tapones",0.48,"UNIDADES","EEUU"
"22209",2024,9,"PUERTO DE ILO, MOQUEGUA","MADERA, en bruto de coníferas tratada agentes de conservación
",4761,"PIEZAS","EEUU"
"22210",2024,9,"PUESTO DE CONTROL TERRESTRE DESAGUADERO","SOYA, torta",145000,"SACO(S)","BOLIVIA"
"22211",2024,9,"OFICINA PUESTO DE CONTROL AEREO -  PROV. CONST. DEL CALLAO","PIMIENTO, semilla",30.801,"SACHETS","CHILE"
"22212",2024,9,"OFICINA PUESTO DE CONTROL AEREO -  PROV. CONST. DEL CALLAO","ARANDANO, planta in vitro",2,"FRASCO(S)","EEUU"
"22213",2024,9,"PUESTO DE CONTROL TERRESTRE DESAGUADERO","SOYA, torta",55410,"GRANEL","BOLIVIA"
"22214",2024,9,"PUESTO DE CONTROL TERRESTRE DESAGUADERO","SOYA, torta",56000,"GRANEL","BOLIVIA"
"22215",2024,9,"PUESTO DE CONTROL TERRESTRE DESAGUADERO","SOYA, torta",56000,"GRANEL","BOLIVIA"
"22216",2024,9,"PUESTO DE CONTROL TERRESTRE DESAGUADERO","SOYA, torta",56000,"GRANEL","BOLIVIA"
"22217",2024,9,"PUESTO DE CONTROL TERRESTRE DESAGUADERO","SOYA, torta",83900,"GRANEL","BOLIVIA"
"22218",2024,9,"OFICINA PUESTO DE CONTROL MARITIMO - PROV. CONST. DEL CALLAO","HORTALIZAS,las demas y mezclas(incluso silv.),secas,trituradas,pulverizadas",103,"CAJA(S)","ALEMANIA"
"22219",2024,9,"OFICINA PUESTO DE CONTROL MARITIMO - PROV. CONST. DEL CALLAO","PERA, fruta fresca",22680,"CAJA(S)","ARGENTINA"
"22220",2024,9,"OFICINA PUESTO DE CONTROL MARITIMO - PROV. CONST. DEL CALLAO","COL, semilla",90,"LATAS","ITALIA"
"22221",2024,9,"OFICINA PUESTO DE CONTROL MARITIMO - PROV. CONST. DEL CALLAO","NABO, semilla",100,"LATAS","ITALIA"
"22222",2024,9,"OFICINA PUESTO DE CONTROL MARITIMO - PROV. CONST. DEL CALLAO","LECHUGA, semilla",300,"LATAS","ITALIA"
"22223",2024,9,"OFICINA PUESTO DE CONTROL MARITIMO - PROV. CONST. DEL CALLAO","ACELGA, semilla",100,"LATAS","ITALIA"
"22224",2024,9,"OFICINA PUESTO DE CONTROL MARITIMO - PROV. CONST. DEL CALLAO","ESPINACA, semilla",175,"LATAS","ITALIA"
"22225",2024,9,"OFICINA PUESTO DE CONTROL MARITIMO - PROV. CONST. DEL CALLAO","PEPINILLO, semilla",35,"LATAS","ITALIA"
"22226",2024,9,"OFICINA PUESTO DE CONTROL MARITIMO - PROV. CONST. DEL CALLAO","ALGODON, fibra sin cardar ni peinar (>28.57 mm = o <34.92 mm)",2747,"FARDOS","EEUU"
"22227",2024,9,"PUESTO DE CONTROL TERRESTRE DESAGUADERO","MANI, grano sin cáscara",87000,"SACO(S)","BOLIVIA"
"22228",2024,9,"PUESTO DE CONTROL TERRESTRE DESAGUADERO","SOYA, torta",56000,"GRANEL","BOLIVIA"
"22229",2024,9,"PUESTO DE CONTROL TERRESTRE DESAGUADERO","SOYA, torta",83700,"GRANEL","BOLIVIA"
"22230",2024,9,"PUESTO DE CONTROL TERRESTRE DESAGUADERO","SOYA, torta",82000,"GRANEL","BOLIVIA"
"22231",2024,9,"PUESTO DE CONTROL TERRESTRE DESAGUADERO","SOYA, torta",56000,"GRANEL","BOLIVIA"
"22232",2024,9,"OFICINA PUESTO DE CONTROL MARITIMO - PROV. CONST. DEL CALLAO","TURBA",64650,"BOLSAS","LETONIA"
"22233",2024,9,"PUESTO DE CONTROL TERRESTRE DESAGUADERO","SOYA, torta",145000,"SACO(S)","BOLIVIA"
"22234",2024,9,"PUESTO DE CONTROL TERRESTRE DESAGUADERO","SOYA, torta",28000,"GRANEL","BOLIVIA"
"22235",2024,9,"PUESTO DE CONTROL TERRESTRE DESAGUADERO","SOYA, torta",116000,"SACO(S)","BOLIVIA"
"22236",2024,9,"OFICINA PUESTO DE CONTROL MARITIMO - PROV. CONST. DEL CALLAO","BAMBU, trenzas y artículos similares, de materia trenzable, incluso ensamblados en tiras, materia trenzable, trenzas y artículos similares de materia trenzable, tejidos o paralelizados, en forma plana, con algún proceso de la CRF 2",328.075,"CAJA(S)","EL SALVADOR"
"22237",2024,9,"OFICINA PUESTO DE CONTROL MARITIMO - PROV. CONST. DEL CALLAO","Articulos para fiestas de navidad que sean o contengan material vegetal
",89.846,"CAJA(S)","EL SALVADOR"
"22238",2024,9,"OFICINA PUESTO DE CONTROL MARITIMO - PROV. CONST. DEL CALLAO","MARCOS, madera",70.321,"CAJA(S)","EL SALVADOR"
"22239",2024,9,"PUESTO DE CONTROL TERRESTRE DESAGUADERO","SOYA, grano",55970,"GRANEL","BOLIVIA"
"22240",2024,9,"PUESTO DE CONTROL TERRESTRE DESAGUADERO","SOYA, torta",174000,"SACO(S)","BOLIVIA"
"22241",2024,9,"PUESTO DE CONTROL TERRESTRE DESAGUADERO","SOYA, grano",114000,"GRANEL","BOLIVIA"
"22242",2024,9,"PUESTO DE CONTROL TERRESTRE DESAGUADERO","SOYA, torta",116000,"SACO(S)","BOLIVIA"
"22243",2024,9,"PUESTO DE CONTROL TERRESTRE DESAGUADERO","SOYA, torta",115000,"SACO(S)","BOLIVIA"
"22244",2024,9,"PUESTO DE CONTROL TERRESTRE DESAGUADERO","SOYA, torta",116000,"SACO(S)","BOLIVIA"
"22245",2024,9,"PUESTO DE CONTROL TERRESTRE DESAGUADERO","SOYA, torta",142500,"SACO(S)","BOLIVIA"
"22246",2024,9,"OFICINA PUESTO DE CONTROL MARITIMO - PROV. CONST. DEL CALLAO","Articulos para fiestas de navidad que sean o contengan material vegetal
",89.278,"CAJA(S)","EL SALVADOR"
"22247",2024,9,"PUESTO DE CONTROL TERRESTRE DESAGUADERO","SOYA, harina",145000,"SACO(S)","BOLIVIA"
"22248",2024,9,"PUESTO DE CONTROL TERRESTRE DESAGUADERO","MANI, grano sin cáscara",58000,"SACO(S)","BOLIVIA"
"22249",2024,9,"PUESTO DE CONTROL TERRESTRE DESAGUADERO","SOYA, torta",55600,"GRANEL","BOLIVIA"
"22250",2024,9,"PUESTO DE CONTROL TERRESTRE DESAGUADERO","SOYA, grano",56980,"GRANEL","BOLIVIA"
"22251",2024,9,"PUESTO DE CONTROL TERRESTRE DESAGUADERO","SOYA, torta",145000,"SACO(S)","BOLIVIA"
"22252",2024,9,"IÑAPARI, MADRE DE DIOS","MAIZ AMARILLO DURO, grano",96000,"SACO(S)","BRASIL"
"22253",2024,9,"PUESTO DE CONTROL TERRESTRE DESAGUADERO","SOYA, torta",174000,"SACO(S)","BOLIVIA"
"22254",2024,9,"OFICINA PUESTO DE CONTROL AEREO -  PROV. CONST. DEL CALLAO","ARVEJA, semilla",84.725,"SACO(S)","EEUU"
"22255",2024,9,"OFICINA PUESTO DE CONTROL AEREO -  PROV. CONST. DEL CALLAO","HOLANTAO, semilla",40.203,"SACO(S)","EEUU"
"22256",2024,9,"OFICINA PUESTO DE CONTROL AEREO -  PROV. CONST. DEL CALLAO","VAINITA, semilla",59.77,"SACO(S)","EEUU"
"22257",2024,9,"OFICINA PUESTO DE CONTROL MARITIMO - PROV. CONST. DEL CALLAO","AZUCAR BLANCA O REFINADA (lectura polarimetrica mayor 99.5°)",265000,"SACO(S)","NICARAGUA"
"22258",2024,9,"OFICINA PUESTO DE CONTROL MARITIMO - PROV. CONST. DEL CALLAO","AZUCAR BLANCA O REFINADA (lectura polarimetrica mayor 99.5°)",265000,"SACO(S)","NICARAGUA"
"22259",2024,9,"OFICINA PUESTO DE CONTROL MARITIMO - PROV. CONST. DEL CALLAO","AZUCAR BLANCA O REFINADA (lectura polarimetrica mayor 99.5°)",265000,"SACO(S)","NICARAGUA"
"22260",2024,9,"PUESTO DE CONTROL TERRESTRE DESAGUADERO","SOYA, torta",82520,"GRANEL","BOLIVIA"
"22261",2024,9,"PUESTO DE CONTROL TERRESTRE DESAGUADERO","SOYA, torta",85567,"SACO(S)","BOLIVIA"
"22262",2024,9,"OFICINA PUESTO DE CONTROL AEREO -  PROV. CONST. DEL CALLAO","SANDIA, semilla",0.755,"SACHETS","EEUU"
"22263",2024,9,"OFICINA PUESTO DE CONTROL AEREO -  PROV. CONST. DEL CALLAO","TOMATE, semilla",0.089,"SACHETS","HOLANDA"
"22264",2024,9,"OFICINA PUESTO DE CONTROL AEREO -  PROV. CONST. DEL CALLAO","TOMATE, semilla",0.047055,"SACHETS","HOLANDA"
"22265",2024,9,"PUESTO DE CONTROL TERRESTRE DESAGUADERO","SOYA, torta",28000,"GRANEL","BOLIVIA"
"22266",2024,9,"PUESTO DE CONTROL TERRESTRE DESAGUADERO","SOYA, torta",28000,"GRANEL","BOLIVIA"
"22267",2024,9,"PUESTO DE CONTROL TERRESTRE DESAGUADERO","SOYA, torta",28000,"GRANEL","BOLIVIA"
"22268",2024,9,"PUESTO DE CONTROL TERRESTRE DESAGUADERO","SOYA, torta",28380,"GRANEL","BOLIVIA"
"22269",2024,9,"OFICINA PUESTO DE CONTROL AEREO -  PROV. CONST. DEL CALLAO","PEPINILLO, semilla",0.075,"SACHETS","FRANCIA"
"22270",2024,9,"OFICINA PUESTO DE CONTROL AEREO -  PROV. CONST. DEL CALLAO","ZAPALLITO ITALIANO (CALABACIN), semilla",0.554,"SACHETS","EEUU"
"22271",2024,9,"PUESTO DE CONTROL TERRESTRE DESAGUADERO","SOYA, torta",28000,"GRANEL","BOLIVIA"
"22272",2024,9,"PUESTO DE CONTROL TERRESTRE DESAGUADERO","SOYA, torta",56000,"GRANEL","BOLIVIA"
"22273",2024,9,"PUESTO DE CONTROL TERRESTRE DESAGUADERO","SOYA, torta",28000,"GRANEL","BOLIVIA"
"22274",2024,9,"PUESTO DE CONTROL TERRESTRE DESAGUADERO","SOYA, torta",59000,"GRANEL","BOLIVIA"
"22275",2024,9,"PUESTO DE CONTROL TERRESTRE DESAGUADERO","SOYA, grano",150000,"SACO(S)","BOLIVIA"
"22276",2024,9,"PUERTO DE PAITA , PIURA","LENTEJA, grano",78650,"SACO(S)","CANADA"
"22277",2024,9,"PUESTO DE CONTROL TERRESTRE DESAGUADERO","SOYA, torta",27970,"GRANEL","BOLIVIA"
"22278",2024,9,"OFICINA PUESTO DE CONTROL MARITIMO - PROV. CONST. DEL CALLAO","MATERIAS VEGETALES, para tallar trabajadas con algun proceso de la CRF 2",5266.314,"CAJA(S)","CHINA"
"22279",2024,9,"PUESTO DE CONTROL TERRESTRE DESAGUADERO","SOYA, torta",2000,"GRANEL","BOLIVIA"
"22280",2024,9,"PUESTO DE CONTROL TERRESTRE DESAGUADERO","SOYA, torta",26000,"GRANEL","BOLIVIA"
"22281",2024,9,"PUESTO DE CONTROL TERRESTRE DESAGUADERO","SOYA, torta",84000,"GRANEL","BOLIVIA"
"22282",2024,9,"SANTA ROSA, TACNA","UVA (PASAS), secas naturalmente",20000,"CAJA(S)","ARGENTINA"
"22283",2024,9,"OFICINA PUESTO DE CONTROL MARITIMO - PROV. CONST. DEL CALLAO","MANI, grano con cáscara",25000,"SACO(S)","BRASIL"
"22284",2024,9,"OFICINA PUESTO DE CONTROL MARITIMO - PROV. CONST. DEL CALLAO","AVENA, grano aplastado o en copos (hojuelas)",78750,"SACO(S)","CHILE"
"22285",2024,9,"OFICINA PUESTO DE CONTROL MARITIMO - PROV. CONST. DEL CALLAO","PINO, madera aserrada con algún proceso de la CRF2",23067,"PAQUETES","CHILE"
"22286",2024,9,"PUESTO DE CONTROL TERRESTRE DESAGUADERO","MANI, grano sin cáscara",60000,"SACO(S)","BOLIVIA"
"22287",2024,9,"OFICINA PUESTO DE CONTROL MARITIMO - PROV. CONST. DEL CALLAO","MANZANILLA, hoja, flor y tallo seco",17000,"SACO(S)","MEXICO"
"22288",2024,9,"IÑAPARI, MADRE DE DIOS","MAIZ AMARILLO DURO, grano",32000,"GRANEL","BRASIL"
"22289",2024,9,"OFICINA PUESTO DE CONTROL AEREO -  PROV. CONST. DEL CALLAO","CHIA, grano",1,"BOLSAS","PARAGUAY"
"22290",2024,9,"OFICINA PUESTO DE CONTROL MARITIMO - PROV. CONST. DEL CALLAO","TRIGO, harina",1920,"PAQUETES","ITALIA"
"22291",2024,9,"OFICINA PUESTO DE CONTROL MARITIMO - PROV. CONST. DEL CALLAO","TRIGO, harina",7800,"SACO(S)","ITALIA"
"22292",2024,9,"OFICINA PUESTO DE CONTROL MARITIMO - PROV. CONST. DEL CALLAO","TRIGO, semola",960,"PAQUETES","ITALIA"
"22293",2024,9,"OFICINA PUESTO DE CONTROL MARITIMO - PROV. CONST. DEL CALLAO","TRIGO, gluten",21000,"BOLSAS","LITUANIA"
"22294",2024,9,"PUESTO DE CONTROL TERRESTRE DESAGUADERO","SOYA, torta",116000,"SACO(S)","BOLIVIA"
"22295",2024,9,"OFICINA PUESTO DE CONTROL MARITIMO - PROV. CONST. DEL CALLAO","PINO, madera aserrada con algún proceso de la CRF2",22861,"PAQUETES","CHILE"
"22296",2024,9,"PUESTO DE CONTROL TERRESTRE DESAGUADERO","SOYA, grano",84000,"GRANEL","BOLIVIA"
"22297",2024,9,"PUERTO DE ILO, MOQUEGUA","MADERA, en bruto de coníferas tratada agentes de conservación
",24982.506,"PAQUETES","EEUU"
"22298",2024,9,"OFICINA PUESTO DE CONTROL MARITIMO - PROV. CONST. DEL CALLAO","VAINILLA, triturada o pulverizada",0.24,"FRASCO(S)","MEXICO"
"22299",2024,9,"OFICINA PUESTO DE CONTROL MARITIMO - PROV. CONST. DEL CALLAO","VAINILLA, triturada o pulverizada",100,"BOLSAS","MEXICO"
"22300",2024,9,"AGUAS VERDES, TUMBES","Las demás coniferas, las demas maderas aserradas o desbastadas longitudinalmente, cortada o desenrollada, incluso cepillada,lijada o unida por lo extremos, de espesor superior a 6 mm, con algun tratamiento de la CRF 2",27510,"PIEZAS","ECUADOR"
"22301",2024,9,"PUESTO DE CONTROL TERRESTRE DESAGUADERO","SOYA, torta",55000,"GRANEL","BOLIVIA"
"22302",2024,9,"PUESTO DE CONTROL TERRESTRE DESAGUADERO","SOYA, torta",12150,"GRANEL","BOLIVIA"
"22303",2024,9,"PUESTO DE CONTROL TERRESTRE DESAGUADERO","SOYA, torta",13750,"GRANEL","BOLIVIA"
"22304",2024,9,"PUESTO DE CONTROL TERRESTRE DESAGUADERO","SOYA, torta",27000,"GRANEL","BOLIVIA"
"22305",2024,9,"OFICINA PUESTO DE CONTROL MARITIMO - PROV. CONST. DEL CALLAO","COMINO, grano",27000,"SACO(S)","INDIA"
"22306",2024,9,"OFICINA PUESTO DE CONTROL MARITIMO - PROV. CONST. DEL CALLAO","Articulos para fiestas de navidad que sean o contengan material vegetal
",113.2,"CAJA(S)","CHINA"
"22307",2024,9,"PUESTO DE CONTROL TERRESTRE DESAGUADERO","MAIZ AMARILLO DURO, grano",29000,"SACO(S)","BOLIVIA"
"22308",2024,9,"PUESTO DE CONTROL TERRESTRE DESAGUADERO","MAIZ AMARILLO DURO, grano",60000,"SACO(S)","BOLIVIA"
"22309",2024,9,"PUESTO DE CONTROL TERRESTRE DESAGUADERO","MAIZ AMARILLO DURO, grano",87000,"SACO(S)","BOLIVIA"
"22310",2024,9,"OFICINA PUESTO DE CONTROL MARITIMO - PROV. CONST. DEL CALLAO","APIO, secado industrialmente/ deshidratado",500,"BOLSAS","CHILE"
"22311",2024,9,"OFICINA PUESTO DE CONTROL MARITIMO - PROV. CONST. DEL CALLAO","CEBOLLA, triturada o pulverizada",1500,"SACO(S)","MEXICO"
"22312",2024,9,"OFICINA PUESTO DE CONTROL MARITIMO - PROV. CONST. DEL CALLAO","Articulos para fiestas de navidad que sean o contengan material vegetal
",704.865,"UNIDADES","CHINA"
"22313",2024,9,"OFICINA PUESTO DE CONTROL MARITIMO - PROV. CONST. DEL CALLAO","Los demas articulos para fiesta, carnaval u otras diversiones, incluidos los de magia y articulos sorpresa que sean o contengan material vegetal
",79.727,"UNIDADES","CHINA"
"22314",2024,9,"OFICINA PUESTO DE CONTROL MARITIMO - PROV. CONST. DEL CALLAO","PINO, madera aserrada con algún proceso de la CRF2",66840,"PAQUETES","CHILE"
"22315",2024,9,"OFICINA PUESTO DE CONTROL MARITIMO - PROV. CONST. DEL CALLAO","TURBA",126650,"PACAS","ESTONIA"
"22316",2024,9,"PUESTO DE CONTROL TERRESTRE DESAGUADERO","SOYA, torta",54000,"GRANEL","BOLIVIA"
"22317",2024,9,"PUESTO DE CONTROL TERRESTRE DESAGUADERO","SOYA, torta",56000,"GRANEL","BOLIVIA"
"22318",2024,9,"OFICINA PUESTO DE CONTROL MARITIMO - PROV. CONST. DEL CALLAO","CAUCHO, técnicamente especificado (TSNR)",17640,"PALETAS","INDONESIA"
"22319",2024,9,"OFICINA PUESTO DE CONTROL MARITIMO - PROV. CONST. DEL CALLAO","PINO, madera aserrada con algún proceso de la CRF2",104812,"PAQUETES","CHILE"
"22320",2024,9,"OFICINA PUESTO DE CONTROL MARITIMO - PROV. CONST. DEL CALLAO","MIJO, grano",96164,"SACO(S)","CANADA"
"22321",2024,9,"PUESTO DE CONTROL TERRESTRE DESAGUADERO","SOYA, torta",27980,"GRANEL","BOLIVIA"
"22322",2024,9,"PUESTO DE CONTROL TERRESTRE DESAGUADERO","SOYA, torta",29040,"GRANEL","BOLIVIA"
"22323",2024,9,"OFICINA PUESTO DE CONTROL MARITIMO - PROV. CONST. DEL CALLAO","MADERA, cajas con algún proceso de la CRF 2",67.194,"CAJA(S)","CHINA"
"22324",2024,9,"OFICINA PUESTO DE CONTROL AEREO -  PROV. CONST. DEL CALLAO","ALTAMISA, semilla",0.027,"FRASCO(S)","EEUU"
"22325",2024,9,"OFICINA PUESTO DE CONTROL AEREO -  PROV. CONST. DEL CALLAO","ALYSSUM, semilla",0.099,"SACHETS","EEUU"
"22326",2024,9,"OFICINA PUESTO DE CONTROL AEREO -  PROV. CONST. DEL CALLAO","ANTIRRINO, semilla",0.008,"SACHETS","EEUU"
"22327",2024,9,"OFICINA PUESTO DE CONTROL AEREO -  PROV. CONST. DEL CALLAO","COSMOS, semilla",0.48,"SACHETS","EEUU"
"22328",2024,9,"OFICINA PUESTO DE CONTROL AEREO -  PROV. CONST. DEL CALLAO","CRASPEDIA, semilla",0.032,"SACHETS","EEUU"
"22329",2024,9,"OFICINA PUESTO DE CONTROL AEREO -  PROV. CONST. DEL CALLAO","DALIA, semilla",1.265,"SACHETS","EEUU"
"22330",2024,9,"OFICINA PUESTO DE CONTROL AEREO -  PROV. CONST. DEL CALLAO","DIANTHUS, semilla",0.316,"FRASCO(S)","EEUU"
"22331",2024,9,"OFICINA PUESTO DE CONTROL AEREO -  PROV. CONST. DEL CALLAO","GAZANIA, semilla",0.539,"SACHETS","EEUU"
"22332",2024,9,"OFICINA PUESTO DE CONTROL AEREO -  PROV. CONST. DEL CALLAO","GERANIO, semilla",0.136,"SACHETS","EEUU"
"22333",2024,9,"OFICINA PUESTO DE CONTROL AEREO -  PROV. CONST. DEL CALLAO","GOMFRENA, semilla",0.065,"SACHETS","EEUU"
"22334",2024,9,"OFICINA PUESTO DE CONTROL AEREO -  PROV. CONST. DEL CALLAO","LIMONIUM (=STATICE), semilla",0.17,"SACHETS","EEUU"
"22335",2024,9,"OFICINA PUESTO DE CONTROL AEREO -  PROV. CONST. DEL CALLAO","LOBELIA, semilla",0.038,"FRASCO(S)","EEUU"
"22336",2024,9,"OFICINA PUESTO DE CONTROL AEREO -  PROV. CONST. DEL CALLAO","MIRABEL, semilla",0.061,"SACHETS","EEUU"
"22337",2024,9,"OFICINA PUESTO DE CONTROL AEREO -  PROV. CONST. DEL CALLAO","PORTULACA, semilla",0.049,"SACHETS","EEUU"
"22338",2024,9,"OFICINA PUESTO DE CONTROL AEREO -  PROV. CONST. DEL CALLAO","SALVIA, semilla",0.52,"SOBRES","EEUU"
"22339",2024,9,"OFICINA PUESTO DE CONTROL AEREO -  PROV. CONST. DEL CALLAO","VINCA, semilla",0.336,"SACHETS","EEUU"
"22340",2024,9,"OFICINA PUESTO DE CONTROL AEREO -  PROV. CONST. DEL CALLAO","ZINNIA, semilla",0.154,"SACHETS","EEUU"
"22341",2024,9,"OFICINA PUESTO DE CONTROL AEREO -  PROV. CONST. DEL CALLAO","LUPULO, pellets",182,"BOLSAS","EEUU"
"22342",2024,9,"OFICINA PUESTO DE CONTROL MARITIMO - PROV. CONST. DEL CALLAO","TURBA",224691.4,"PALETAS","LETONIA"
"22343",2024,9,"PUESTO DE CONTROL TERRESTRE DESAGUADERO","MANI, grano sin cáscara",30000,"SACO(S)","BOLIVIA"
"22344",2024,9,"OFICINA PUESTO DE CONTROL MARITIMO - PROV. CONST. DEL CALLAO","PAPA, fécula",219775,"SACO(S)","ALEMANIA"
"22345",2024,9,"OFICINA PUESTO DE CONTROL MARITIMO - PROV. CONST. DEL CALLAO","SISAL, esteras, esterillas, tapetes, alfombras con algún proceso de la CRF2",532.751,"UNIDADES","CHINA"
"22346",2024,9,"OFICINA PUESTO DE CONTROL AEREO -  PROV. CONST. DEL CALLAO","MAIZ, semilla",880.38,"BOLSAS","MEXICO"
"22347",2024,9,"OFICINA PUESTO DE CONTROL MARITIMO - PROV. CONST. DEL CALLAO","BAMBU, artículos de cestería obtenidos directamente en su forma con materia trenzable con algún proceso de la CRF 2",471.141,"UNIDADES","CHINA"
"22348",2024,9,"OFICINA PUESTO DE CONTROL MARITIMO - PROV. CONST. DEL CALLAO","ALFALFA, semilla",18000,"BOLSAS","EEUU"
"22349",2024,9,"OFICINA PUESTO DE CONTROL MARITIMO - PROV. CONST. DEL CALLAO","MAIZ AMARILLO DURO, grano",2998293,"GRANEL","ARGENTINA"
"22350",2024,9,"PUESTO DE CONTROL TERRESTRE DESAGUADERO","SOYA, torta",56000,"GRANEL","BOLIVIA"
"22351",2024,9,"PUESTO DE CONTROL TERRESTRE DESAGUADERO","MAIZ AMARILLO DURO, grano",58000,"SACO(S)","BOLIVIA"
"22352",2024,9,"OFICINA PUESTO DE CONTROL MARITIMO - PROV. CONST. DEL CALLAO","MANZANA, fruto fresco",39816,"CAJA(S)","CHILE"
"22353",2024,9,"OFICINA PUESTO DE CONTROL MARITIMO - PROV. CONST. DEL CALLAO","AVENA, grano aplastado o en copos (hojuelas)",52500,"SACO(S)","CHILE"
"22354",2024,9,"OFICINA PUESTO DE CONTROL MARITIMO - PROV. CONST. DEL CALLAO","AVENA, grano trabajado (mondado, perlado, troceado o quebrantado)",52500,"SACO(S)","CHILE"
"22355",2024,9,"OFICINA PUESTO DE CONTROL MARITIMO - PROV. CONST. DEL CALLAO","TRACTOR USADO, con motor de potencia superior a 33 kW pero inferior o igual a 75 kW",13650,"UNIDADES","CHINA"
"22356",2024,9,"OFICINA PUESTO DE CONTROL MARITIMO - PROV. CONST. DEL CALLAO","Articulos para fiestas de navidad que sean o contengan material vegetal
",406.133,"CAJA(S)","CHINA"
"22357",2024,9,"OFICINA PUESTO DE CONTROL MARITIMO - PROV. CONST. DEL CALLAO","MAIZ AMARILLO DURO, grano",12180640,"GRANEL","ARGENTINA"
"22358",2024,9,"OFICINA PUESTO DE CONTROL MARITIMO - PROV. CONST. DEL CALLAO","MAIZ AMARILLO DURO, grano",27013617,"GRANEL","ARGENTINA"
"22359",2024,9,"OFICINA PUESTO DE CONTROL MARITIMO - PROV. CONST. DEL CALLAO","MADERA, monturas y mangos de herramientas, monturas y mangos de cepillos, brochas o escobas, de madera; hormas, ensanchadores y tensores del calzado, de madera ; con algún proceso de la CRF 2",28330,"PAQUETES","CHINA"
"22360",2024,9,"AGUAS VERDES, TUMBES","Las demás coniferas, las demas maderas aserradas o desbastadas longitudinalmente, cortada o desenrollada, incluso cepillada,lijada o unida por lo extremos, de espesor superior a 6 mm, con algun tratamiento de la CRF 2",27240,"PIEZAS","ECUADOR"
"22361",2024,9,"OFICINA PUESTO DE CONTROL AEREO -  PROV. CONST. DEL CALLAO","MELON, semilla",0.75,"SACHETS","HOLANDA"
"22362",2024,9,"OFICINA PUESTO DE CONTROL AEREO -  PROV. CONST. DEL CALLAO","SANDIA, semilla",0.118,"SACHETS","EEUU"
"22363",2024,9,"OFICINA PUESTO DE CONTROL MARITIMO - PROV. CONST. DEL CALLAO","AZUCAR BLANCA O REFINADA (lectura polarimetrica mayor 99.5°)",132500,"SACO(S)","NICARAGUA"
"22364",2024,9,"PUESTO DE CONTROL TERRESTRE DESAGUADERO","SOYA, torta",28000,"GRANEL","BOLIVIA"
"22365",2024,9,"PUESTO DE CONTROL TERRESTRE DESAGUADERO","SOYA, torta",28000,"GRANEL","BOLIVIA"
"22366",2024,9,"PUESTO DE CONTROL TERRESTRE DESAGUADERO","SOYA, harina",24160,"SACO(S)","BOLIVIA"
"22367",2024,9,"IÑAPARI, MADRE DE DIOS","MAIZ AMARILLO DURO, grano",32000,"GRANEL","BRASIL"
"22368",2024,9,"OFICINA PUESTO DE CONTROL MARITIMO - PROV. CONST. DEL CALLAO","MAIZ, almidon",28000,"BOLSAS","INDIA"
"22369",2024,9,"OFICINA PUESTO DE CONTROL MARITIMO - PROV. CONST. DEL CALLAO","MAIZ AMARILLO DURO, grano",18148210,"GRANEL","ARGENTINA"
"22370",2024,9,"OFICINA PUESTO DE CONTROL MARITIMO - PROV. CONST. DEL CALLAO","MAIZ AMARILLO DURO, grano",35450040,"GRANEL","ARGENTINA"
"22371",2024,9,"OFICINA PUESTO DE CONTROL AEREO -  PROV. CONST. DEL CALLAO","TOMATE, semilla",0.028,"SACHETS","ESPAÑA"
"22372",2024,9,"OFICINA PUESTO DE CONTROL AEREO -  PROV. CONST. DEL CALLAO","PEPINILLO, semilla",0.224,"SACHETS","ESPAÑA"
"22373",2024,9,"OFICINA PUESTO DE CONTROL AEREO -  PROV. CONST. DEL CALLAO","PIMIENTO, semilla",0.66,"SACHETS","HOLANDA"
"22374",2024,9,"OFICINA PUESTO DE CONTROL AEREO -  PROV. CONST. DEL CALLAO","ZAPALLITO ITALIANO (CALABACIN), semilla",2.846,"SACHETS","EEUU"
"22375",2024,9,"OFICINA PUESTO DE CONTROL MARITIMO - PROV. CONST. DEL CALLAO","COMINO, grano",27000,"SACO(S)","INDIA"
"22376",2024,9,"PUESTO DE CONTROL TERRESTRE DESAGUADERO","SOYA, harina",29000,"SACO(S)","BOLIVIA"
"22377",2024,9,"PUESTO DE CONTROL TERRESTRE DESAGUADERO","SOYA, harina",116000,"SACO(S)","BOLIVIA"
"22378",2024,9,"PUESTO DE CONTROL TERRESTRE DESAGUADERO","SOYA, torta",27500,"GRANEL","BOLIVIA"
"22379",2024,9,"OFICINA PUESTO DE CONTROL MARITIMO - PROV. CONST. DEL CALLAO","GIRASOL, grano sin cáscara",50000,"SACO(S)","BULGARIA"
"22380",2024,9,"OFICINA PUESTO DE CONTROL MARITIMO - PROV. CONST. DEL CALLAO","MANZANA, fruto fresco",21285.6,"CAJA(S)","ARGENTINA"
"22381",2024,9,"OFICINA PUESTO DE CONTROL MARITIMO - PROV. CONST. DEL CALLAO","PINO, postes de madera con algun proceso de la CRF 2",50740,"PIEZAS","EEUU"
"22382",2024,9,"OFICINA PUESTO DE CONTROL MARITIMO - PROV. CONST. DEL CALLAO","PERA, fruta fresca",23946.3,"CAJA(S)","ARGENTINA"
"22383",2024,9,"OFICINA PUESTO DE CONTROL MARITIMO - PROV. CONST. DEL CALLAO","ALMENDRA, sin cáscara secado al natural",19958.4,"CAJA(S)","EEUU"
"22384",2024,9,"OFICINA PUESTO DE CONTROL MARITIMO - PROV. CONST. DEL CALLAO","COCO, fibra (para sustrato)",128835.4,"PACAS","MEXICO"
"22385",2024,9,"PUERTO DE SALAVERRY, LA LIBERTAD","MAIZ AMARILLO DURO, grano",33813170,"GRANEL","ARGENTINA"
"22386",2024,9,"OFICINA PUESTO DE CONTROL MARITIMO - PROV. CONST. DEL CALLAO","ALGODON, fibra sin cardar ni peinar (>34.92 mm)",39235,"FARDOS","EEUU"
"22387",2024,9,"OFICINA PUESTO DE CONTROL MARITIMO - PROV. CONST. DEL CALLAO","ALGODON, fibra sin cardar ni peinar (>28.57 mm = o <34.92 mm)",199332,"FARDOS","EEUU"
"22388",2024,9,"IÑAPARI, MADRE DE DIOS","MAIZ AMARILLO DURO, grano",32000,"SACO(S)","BRASIL"
"22389",2024,9,"OFICINA PUESTO DE CONTROL MARITIMO - PROV. CONST. DEL CALLAO","CANELA, corteza entera seca al natural",6270,"CAJA(S)","SRI LANKA"
"22390",2024,9,"PUESTO DE CONTROL TERRESTRE DESAGUADERO","SOYA, harina",145000,"SACO(S)","BOLIVIA"
"22391",2024,9,"PUESTO DE CONTROL TERRESTRE DESAGUADERO","SOYA, torta",140000,"GRANEL","BOLIVIA"
"22392",2024,9,"PUESTO DE CONTROL TERRESTRE DESAGUADERO","SOYA, torta",84000,"GRANEL","BOLIVIA"
"22393",2024,9,"PUESTO DE CONTROL TERRESTRE DESAGUADERO","SOYA, torta",28900,"SACO(S)","BOLIVIA"
"22394",2024,9,"PUESTO DE CONTROL TERRESTRE DESAGUADERO","SOYA, harina",29000,"SACO(S)","BOLIVIA"
"22395",2024,9,"PUESTO DE CONTROL TERRESTRE DESAGUADERO","SOYA, torta",57750,"SACO(S)","BOLIVIA"
"22396",2024,9,"OFICINA PUESTO DE CONTROL MARITIMO - PROV. CONST. DEL CALLAO","MADERA, cajas con algún proceso de la CRF 2",10340,"PALETAS","CHILE"
"22397",2024,9,"IÑAPARI, MADRE DE DIOS","MAIZ AMARILLO DURO, grano",32000,"GRANEL","BRASIL"
"22398",2024,9,"PUESTO DE CONTROL TERRESTRE DESAGUADERO","SOYA, grano",112980,"GRANEL","BOLIVIA"
"22399",2024,9,"PUERTO DE PAITA , PIURA","MANI, harina",25000,"SACO(S)","ARGENTINA"
"22400",2024,9,"PUERTO DE PAITA , PIURA","MANI, grano sin cáscara",50000,"BOLSAS","ARGENTINA"
"22401",2024,9,"PUESTO DE CONTROL TERRESTRE DESAGUADERO","SOYA, torta",203000,"SACO(S)","BOLIVIA"
"22402",2024,9,"PUESTO DE CONTROL TERRESTRE DESAGUADERO","SOYA, torta",28000,"GRANEL","BOLIVIA"
"22403",2024,9,"PUESTO DE CONTROL TERRESTRE DESAGUADERO","SOYA, grano",83980,"GRANEL","BOLIVIA"
"22404",2024,9,"OFICINA PUESTO DE CONTROL MARITIMO - PROV. CONST. DEL CALLAO","OREGANO, seco al natural",25000,"SACO(S)","TURQUIA"
"22405",2024,9,"OFICINA PUESTO DE CONTROL MARITIMO - PROV. CONST. DEL CALLAO","OREGANO, seco al natural",25000,"SACO(S)","TURQUIA"
"22406",2024,9,"PUESTO DE CONTROL TERRESTRE DESAGUADERO","AZUCAR BLANCA O REFINADA (lectura polarimetrica mayor 99.5°)",174000,"SACO(S)","BOLIVIA"
"22407",2024,9,"SANTA ROSA, TACNA","TRIGO, harina",50000,"BOLSAS","CHILE"
"22408",2024,9,"OFICINA PUESTO DE CONTROL MARITIMO - PROV. CONST. DEL CALLAO","MANZANA, fruto fresco",41160,"CAJA(S)","EEUU"
"22409",2024,9,"OFICINA PUESTO DE CONTROL AEREO -  PROV. CONST. DEL CALLAO","LUPULO, pellets",220,"PALETAS","EEUU"
"22410",2024,9,"PUESTO DE CONTROL TERRESTRE DESAGUADERO","SOYA, grano",83980,"GRANEL","BOLIVIA"
"22411",2024,9,"OFICINA PUESTO DE CONTROL MARITIMO - PROV. CONST. DEL CALLAO","UVA (PASAS), secas industrialmente",21000,"CAJA(S)","CHILE"
"22412",2024,9,"PUESTO DE CONTROL TERRESTRE DESAGUADERO","SOYA, grano",55950,"GRANEL","BOLIVIA"
"22413",2024,9,"OFICINA PUESTO DE CONTROL MARITIMO - PROV. CONST. DEL CALLAO","PAPA, fécula",189000,"SACO(S)","ALEMANIA"
"22414",2024,9,"OFICINA PUESTO DE CONTROL MARITIMO - PROV. CONST. DEL CALLAO","RATTAN, fibra (blanqueada, teñida o secada al horno)",65.873,"CAJA(S)","CHINA"
"22415",2024,9,"PUESTO DE CONTROL TERRESTRE DESAGUADERO","SOYA, torta",146000,"SACO(S)","BOLIVIA"
"22416",2024,9,"OFICINA PUESTO DE CONTROL MARITIMO - PROV. CONST. DEL CALLAO","AZUCAR BLANCA O REFINADA (lectura polarimetrica mayor 99.5°)",25000,"SACO(S)","GUATEMALA"
"22417",2024,9,"OFICINA PUESTO DE CONTROL MARITIMO - PROV. CONST. DEL CALLAO","AZUCAR BLANCA O REFINADA (lectura polarimetrica mayor 99.5°)",432000,"SACO(S)","BRASIL"
"22418",2024,9,"OFICINA PUESTO DE CONTROL MARITIMO - PROV. CONST. DEL CALLAO","AZUCAR BLANCA O REFINADA (lectura polarimetrica mayor 99.5°)",270000,"SACO(S)","BRASIL"
"22419",2024,9,"OFICINA PUESTO DE CONTROL MARITIMO - PROV. CONST. DEL CALLAO","AZUCAR BLANCA O REFINADA (lectura polarimetrica mayor 99.5°)",540000,"SACO(S)","BRASIL"
"22420",2024,9,"OFICINA PUESTO DE CONTROL MARITIMO - PROV. CONST. DEL CALLAO","AZUCAR BLANCA O REFINADA (lectura polarimetrica mayor 99.5°)",405000,"SACO(S)","BRASIL"
"22421",2024,9,"PUESTO DE CONTROL TERRESTRE DESAGUADERO","SOYA, torta",145000,"SACO(S)","BOLIVIA"
"22422",2024,9,"PUESTO DE CONTROL TERRESTRE DESAGUADERO","SOYA, harina",142500,"SACO(S)","BOLIVIA"
"22423",2024,9,"OFICINA PUESTO DE CONTROL AEREO -  PROV. CONST. DEL CALLAO","CASTAÑA AMERICANA, sin cáscara con algún proceso de la CRF 2",1.2,"BOLSA DE POLIETILENO","BOLIVIA"
"22424",2024,9,"OFICINA PUESTO DE CONTROL MARITIMO - PROV. CONST. DEL CALLAO","YUCA (=MANDIOCA), fécula",1000,"BOLSAS","COLOMBIA"
"22425",2024,9,"PUESTO DE CONTROL TERRESTRE DESAGUADERO","SOYA, torta",28000,"GRANEL","BOLIVIA"
"22426",2024,9,"PUESTO DE CONTROL TERRESTRE DESAGUADERO","SOYA, torta",54000,"GRANEL","BOLIVIA"
"22427",2024,9,"PUESTO DE CONTROL TERRESTRE DESAGUADERO","SOYA, torta",28000,"GRANEL","BOLIVIA"
"22428",2024,9,"PUESTO DE CONTROL TERRESTRE DESAGUADERO","SOYA, torta",28000,"GRANEL","BOLIVIA"
"22429",2024,9,"PUESTO DE CONTROL TERRESTRE DESAGUADERO","SOYA, torta",28000,"GRANEL","BOLIVIA"
"22430",2024,9,"OFICINA PUESTO DE CONTROL MARITIMO - PROV. CONST. DEL CALLAO","AVENA, grano aplastado o en copos (hojuelas)",84000,"SACO(S)","CHILE"
"22431",2024,9,"OFICINA PUESTO DE CONTROL AEREO -  PROV. CONST. DEL CALLAO","PIMIENTO, semilla",20.63,"SOBRES","EEUU"
"22432",2024,9,"PUESTO DE CONTROL TERRESTRE DESAGUADERO","SOYA, torta",28000,"GRANEL","BOLIVIA"
"22433",2024,9,"PUESTO DE CONTROL TERRESTRE DESAGUADERO","SOYA, torta",28000,"GRANEL","BOLIVIA"
"22434",2024,9,"PUESTO DE CONTROL TERRESTRE DESAGUADERO","SOYA, torta",56000,"GRANEL","BOLIVIA"
"22435",2024,9,"PUESTO DE CONTROL TERRESTRE DESAGUADERO","SOYA, torta",28000,"GRANEL","BOLIVIA"
"22436",2024,9,"PUESTO DE CONTROL TERRESTRE DESAGUADERO","SOYA, torta",28030,"GRANEL","BOLIVIA"
"22437",2024,9,"PUESTO DE CONTROL TERRESTRE DESAGUADERO","SOYA, torta",56000,"GRANEL","BOLIVIA"
"22438",2024,9,"PUESTO DE CONTROL TERRESTRE DESAGUADERO","SOYA, torta",56000,"GRANEL","BOLIVIA"
"22439",2024,9,"PUESTO DE CONTROL TERRESTRE DESAGUADERO","SOYA, torta",56040,"GRANEL","BOLIVIA"
"22440",2024,9,"PUESTO DE CONTROL TERRESTRE DESAGUADERO","SOYA, torta",28000,"GRANEL","BOLIVIA"
"22441",2024,9,"PUESTO DE CONTROL TERRESTRE DESAGUADERO","SOYA, torta",112000,"GRANEL","BOLIVIA"
"22442",2024,9,"PUESTO DE CONTROL TERRESTRE DESAGUADERO","SOYA, torta",83700,"GRANEL","BOLIVIA"
"22443",2024,9,"OFICINA PUESTO DE CONTROL MARITIMO - PROV. CONST. DEL CALLAO","Articulos para fiestas de navidad que sean o contengan material vegetal
",124.344,"UNIDADES","CHINA"
"22444",2024,9,"OFICINA PUESTO DE CONTROL MARITIMO - PROV. CONST. DEL CALLAO","PINO, madera aserrada con algún proceso de la CRF2",119174,"PAQUETES","CHILE"
"22445",2024,9,"OFICINA PUESTO DE CONTROL MARITIMO - PROV. CONST. DEL CALLAO","FREJOL, grano",42638,"SACO(S)","EEUU"
"22446",2024,9,"OFICINA PUESTO DE CONTROL MARITIMO - PROV. CONST. DEL CALLAO","MAIZ AMARILLO DURO, grano",3.3e+07,"GRANEL","ARGENTINA"
"22447",2024,9,"OFICINA PUESTO DE CONTROL MARITIMO - PROV. CONST. DEL CALLAO","AJONJOLI, grano",28000,"SACO(S)","INDIA"
"22448",2024,9,"OFICINA PUESTO DE CONTROL MARITIMO - PROV. CONST. DEL CALLAO","Articulos para fiestas de navidad que sean o contengan material vegetal
",480.9,"CAJA(S)","INDIA"
"22449",2024,9,"LA TINA, PIURA","PINO, madera aserrada con algún proceso de la CRF2",32000,"UNIDADES","ECUADOR"
"22450",2024,9,"OFICINA PUESTO DE CONTROL MARITIMO - PROV. CONST. DEL CALLAO","MANZANA, fruto fresco",20580,"CAJA(S)","EEUU"
"22451",2024,9,"PUESTO DE CONTROL TERRESTRE DESAGUADERO","SOYA, grano",140000,"GRANEL","BOLIVIA"
"22452",2024,9,"PUESTO DE CONTROL TERRESTRE DESAGUADERO","SOYA, grano",140000,"GRANEL","BOLIVIA"
"22453",2024,9,"OFICINA PUESTO DE CONTROL MARITIMO - PROV. CONST. DEL CALLAO","ZANAHORIA, semilla",834,"SACHETS","JAPON"
"22454",2024,9,"OFICINA PUESTO DE CONTROL MARITIMO - PROV. CONST. DEL CALLAO","GARBANZO, grano",46000,"SACO(S)","MEXICO"
"22455",2024,9,"AGUAS VERDES, TUMBES","Las demás coniferas, las demas maderas aserradas o desbastadas longitudinalmente, cortada o desenrollada, incluso cepillada,lijada o unida por lo extremos, de espesor superior a 6 mm, con algun tratamiento de la CRF 2",15000,"PIEZAS","ECUADOR"
"22456",2024,9,"PUERTO DE MATARANI , AREQUIPA","TRIGO, grano",12480000,"GRANEL","CANADA"
"22457",2024,9,"OFICINA PUESTO DE CONTROL MARITIMO - PROV. CONST. DEL CALLAO","TRIGO, grano",13591910,"GRANEL","CANADA"
"22458",2024,9,"OFICINA PUESTO DE CONTROL MARITIMO - PROV. CONST. DEL CALLAO","ARVEJA, grano partido",46266,"SACO(S)","EEUU"
"22459",2024,9,"PUESTO DE CONTROL TERRESTRE DESAGUADERO","SOYA, grano",84000,"SACO(S)","BOLIVIA"
"22460",2024,9,"OFICINA PUESTO DE CONTROL MARITIMO - PROV. CONST. DEL CALLAO","PIMIENTA, molida",10625,"CAJA(S)","CHINA"
"22461",2024,9,"OFICINA PUESTO DE CONTROL MARITIMO - PROV. CONST. DEL CALLAO","CANELA, triturada o pulverizada (molida)",5600,"CAJA(S)","CHINA"
"22462",2024,9,"OFICINA PUESTO DE CONTROL MARITIMO - PROV. CONST. DEL CALLAO","ANIS ESTRELLA, trituradas o pulverizadas",100,"CAJA(S)","CHINA"
"22463",2024,9,"OFICINA PUESTO DE CONTROL MARITIMO - PROV. CONST. DEL CALLAO","MEZCLA DE ESPECIAS, molida",57,"CAJA(S)","CHINA"
"22464",2024,9,"OFICINA PUESTO DE CONTROL MARITIMO - PROV. CONST. DEL CALLAO","CURRY, secas industrial o trituradas o molidas",270,"CAJA(S)","CHINA"
"22465",2024,9,"OFICINA PUESTO DE CONTROL MARITIMO - PROV. CONST. DEL CALLAO","AJI, polvo",3,"CAJA(S)","CHINA"
"22466",2024,9,"OFICINA PUESTO DE CONTROL MARITIMO - PROV. CONST. DEL CALLAO","COMINO, triturado y/o pulverizado",35,"CAJA(S)","CHINA"
"22467",2024,9,"OFICINA PUESTO DE CONTROL MARITIMO - PROV. CONST. DEL CALLAO","MEZCLA DE ESPECIAS, molida",7,"CAJA(S)","CHINA"
"22468",2024,9,"OFICINA PUESTO DE CONTROL MARITIMO - PROV. CONST. DEL CALLAO","UVA (PASAS), secas naturalmente",24500,"CAJA(S)","ARGENTINA"
"22469",2024,9,"OFICINA PUESTO DE CONTROL MARITIMO - PROV. CONST. DEL CALLAO","FREJOL, grano",48000,"SACO(S)","MEXICO"
"22470",2024,9,"OFICINA PUESTO DE CONTROL MARITIMO - PROV. CONST. DEL CALLAO","MANZANA, fruto fresco",41160,"CAJA(S)","EEUU"
"22471",2024,9,"OFICINA PUESTO DE CONTROL MARITIMO - PROV. CONST. DEL CALLAO","FREJOL CANARIO, grano",48000,"SACO(S)","MEXICO"
"22472",2024,9,"PUESTO DE CONTROL TERRESTRE DESAGUADERO","SOYA, torta",28700,"SACO(S)","BOLIVIA"
"22473",2024,9,"OFICINA PUESTO DE CONTROL MARITIMO - PROV. CONST. DEL CALLAO","PAPRIKA, seco industrial en trozos o  rodajas",22500,"PACAS","CHINA"
"22474",2024,9,"OFICINA PUESTO DE CONTROL MARITIMO - PROV. CONST. DEL CALLAO","PAPRIKA, seco industrial en trozos o  rodajas",22500,"PACAS","CHINA"
"22475",2024,9,"PUESTO DE CONTROL TERRESTRE DESAGUADERO","SOYA, torta",54400,"GRANEL","BOLIVIA"
"22476",2024,9,"PUESTO DE CONTROL TERRESTRE DESAGUADERO","SOYA, torta",84000,"GRANEL","BOLIVIA"
"22477",2024,9,"AGUAS VERDES, TUMBES","ROSA, flores frescas cortadas",7116,"CAJA(S)","ECUADOR"
"22478",2024,9,"AGUAS VERDES, TUMBES","CLAVEL, flores frescas cortadas",2002,"CAJA(S)","ECUADOR"
"22479",2024,9,"AGUAS VERDES, TUMBES","CRISANTEMO, los demas flores frescas cortadas",312,"CAJA(S)","ECUADOR"
"22480",2024,9,"AGUAS VERDES, TUMBES","LILIUM (=AZUCENA), flores frescas cortadas",18,"CAJA(S)","ECUADOR"
"22481",2024,9,"AGUAS VERDES, TUMBES","GIRASOL, flores frescas cortadas",30,"CAJA(S)","ECUADOR"
"22482",2024,9,"OFICINA PUESTO DE CONTROL MARITIMO - PROV. CONST. DEL CALLAO","AZUCAR BLANCA O REFINADA (lectura polarimetrica mayor 99.5°)",270000,"SACO(S)","BRASIL"
"22483",2024,9,"OFICINA PUESTO DE CONTROL MARITIMO - PROV. CONST. DEL CALLAO","AZUCAR BLANCA O REFINADA (lectura polarimetrica mayor 99.5°)",250000,"SACO(S)","NICARAGUA"
"22484",2024,9,"OFICINA PUESTO DE CONTROL MARITIMO - PROV. CONST. DEL CALLAO","Articulos para fiestas de navidad que sean o contengan material vegetal
",3336.897,"CAJA(S)","CHINA"
"22485",2024,9,"OFICINA PUESTO DE CONTROL MARITIMO - PROV. CONST. DEL CALLAO","FREJOL CANARIO, grano",21940,"SACO(S)","MEXICO"
"22486",2024,9,"OFICINA PUESTO DE CONTROL MARITIMO - PROV. CONST. DEL CALLAO","Articulos para fiestas de navidad que sean o contengan material vegetal
",625.632,"UNIDADES","CHINA"
"22487",2024,9,"AGUAS VERDES, TUMBES","PITAHAYA, fruto fresco",7580,"CAJA(S)","ECUADOR"
"22488",2024,9,"PUESTO DE CONTROL TERRESTRE DESAGUADERO","SOYA, torta",27500,"GRANEL","BOLIVIA"
"22489",2024,9,"PUESTO DE CONTROL TERRESTRE DESAGUADERO","SOYA, torta",28000,"GRANEL","BOLIVIA"
"22490",2024,9,"PUESTO DE CONTROL TERRESTRE DESAGUADERO","SOYA, torta",28500,"GRANEL","BOLIVIA"
"22491",2024,9,"PUESTO DE CONTROL TERRESTRE DESAGUADERO","SOYA, torta",28500,"GRANEL","BOLIVIA"
"22492",2024,9,"OFICINA PUESTO DE CONTROL MARITIMO - PROV. CONST. DEL CALLAO","TOMATE, semilla",100,"LATAS","EEUU"
"22493",2024,9,"OFICINA PUESTO DE CONTROL MARITIMO - PROV. CONST. DEL CALLAO","ZANAHORIA, semilla",1200,"LATAS","EEUU"
"22494",2024,9,"OFICINA PUESTO DE CONTROL MARITIMO - PROV. CONST. DEL CALLAO","CULANTRO, semilla",2500,"SACO(S)","EEUU"
"22495",2024,9,"OFICINA PUESTO DE CONTROL MARITIMO - PROV. CONST. DEL CALLAO","MELON, semilla",40,"LATAS","EEUU"
"22496",2024,9,"OFICINA PUESTO DE CONTROL MARITIMO - PROV. CONST. DEL CALLAO","CEBOLLA CHINA, semilla",100,"LATAS","EEUU"
"22497",2024,9,"OFICINA PUESTO DE CONTROL MARITIMO - PROV. CONST. DEL CALLAO","BROCOLI, semilla",100,"LATAS","EEUU"
"22498",2024,9,"OFICINA PUESTO DE CONTROL MARITIMO - PROV. CONST. DEL CALLAO","COL, semilla",300,"LATAS","EEUU"
"22499",2024,9,"OFICINA PUESTO DE CONTROL MARITIMO - PROV. CONST. DEL CALLAO","LECHUGA, semilla",500,"LATAS","EEUU"
"22500",2024,9,"OFICINA PUESTO DE CONTROL MARITIMO - PROV. CONST. DEL CALLAO","ACELGA, semilla",300,"SACHETS","EEUU"
"22501",2024,9,"OFICINA PUESTO DE CONTROL MARITIMO - PROV. CONST. DEL CALLAO","BETARRAGA, semilla",400,"SACHETS","EEUU"
"22502",2024,9,"OFICINA PUESTO DE CONTROL MARITIMO - PROV. CONST. DEL CALLAO","ESPINACA, semilla",47.5,"LATAS","EEUU"
"22503",2024,9,"OFICINA PUESTO DE CONTROL MARITIMO - PROV. CONST. DEL CALLAO","PEPINILLO, semilla",150,"LATAS","EEUU"
"22504",2024,9,"OFICINA PUESTO DE CONTROL MARITIMO - PROV. CONST. DEL CALLAO","ZAPALLITO ITALIANO (CALABACIN), semilla",100,"LATAS","EEUU"
"22505",2024,9,"OFICINA PUESTO DE CONTROL MARITIMO - PROV. CONST. DEL CALLAO","SANDIA, semilla",150,"LATAS","EEUU"
"22506",2024,9,"OFICINA PUESTO DE CONTROL MARITIMO - PROV. CONST. DEL CALLAO","ARVEJA, semilla",4000,"SACO(S)","EEUU"
"22507",2024,9,"OFICINA PUESTO DE CONTROL MARITIMO - PROV. CONST. DEL CALLAO","VAINITA, semilla",100,"SACO(S)","EEUU"
"22508",2024,9,"PUESTO DE CONTROL TERRESTRE DESAGUADERO","SOYA, torta",51620,"GRANEL","BOLIVIA"
"22509",2024,9,"PUESTO DE CONTROL TERRESTRE DESAGUADERO","SOYA, torta",26090,"GRANEL","BOLIVIA"
"22510",2024,9,"PUESTO DE CONTROL TERRESTRE DESAGUADERO","SOYA, torta",52000,"GRANEL","BOLIVIA"
"22511",2024,9,"OFICINA PUESTO DE CONTROL MARITIMO - PROV. CONST. DEL CALLAO","MANZANA, fruto fresco",19551,"CAJA(S)","CHILE"
"22512",2024,9,"PUESTO DE CONTROL TERRESTRE DESAGUADERO","SOYA, torta",27640,"GRANEL","BOLIVIA"
"22513",2024,9,"PUESTO DE CONTROL TERRESTRE DESAGUADERO","SOYA, torta",53540,"GRANEL","BOLIVIA"
"22514",2024,9,"PUESTO DE CONTROL TERRESTRE DESAGUADERO","SOYA, harina",29000,"SACO(S)","BOLIVIA"
"22515",2024,9,"AGUAS VERDES, TUMBES","ROSA, flores frescas cortadas",3366,"CAJA(S)","ECUADOR"
"22516",2024,9,"AGUAS VERDES, TUMBES","CLAVEL, flores frescas cortadas",200,"CAJA(S)","ECUADOR"
"22517",2024,9,"AGUAS VERDES, TUMBES","CRISANTEMO, los demas flores frescas cortadas",200,"CAJA(S)","ECUADOR"
"22518",2024,9,"OFICINA PUESTO DE CONTROL AEREO -  PROV. CONST. DEL CALLAO","MELON, semilla",0.175,"SACHETS","EEUU"
"22519",2024,9,"AGUAS VERDES, TUMBES","Las demás coniferas, las demas maderas aserradas o desbastadas longitudinalmente, cortada o desenrollada, incluso cepillada,lijada o unida por lo extremos, de espesor superior a 6 mm, con algun tratamiento de la CRF 2",26440,"PIEZAS","ECUADOR"
"22520",2024,9,"OFICINA PUESTO DE CONTROL MARITIMO - PROV. CONST. DEL CALLAO","Esterillas, esteras y cañizos, de las demas materias vegetales, con algun proceso de la CRF 2",4630,"UNIDADES","CHINA"
"22521",2024,9,"OFICINA PUESTO DE CONTROL MARITIMO - PROV. CONST. DEL CALLAO","ARVEJA, grano partido",124422,"SACO(S)","EEUU"
"22522",2024,9,"OFICINA PUESTO DE CONTROL MARITIMO - PROV. CONST. DEL CALLAO","CATNIP, triturado o pulverizado (molido)",2006.092,"CAJA(S)","CHINA"
"22523",2024,9,"PUESTO DE CONTROL TERRESTRE DESAGUADERO","SOYA, harina",29000,"SACO(S)","BOLIVIA"
"22524",2024,9,"PUESTO DE CONTROL TERRESTRE DESAGUADERO","MAIZ AMARILLO DURO, grano",58000,"SACO(S)","BOLIVIA"
"22525",2024,9,"OFICINA PUESTO DE CONTROL MARITIMO - PROV. CONST. DEL CALLAO","FLOR DE JAMAICA, seca natural",108000,"SACO(S)","NIGERIA"
"22526",2024,9,"PUESTO DE CONTROL TERRESTRE DESAGUADERO","SOYA, torta",28000,"GRANEL","BOLIVIA"
"22527",2024,9,"OFICINA PUESTO DE CONTROL MARITIMO - PROV. CONST. DEL CALLAO","YUCA (=MANDIOCA), fécula",27450,"BOLSAS","PARAGUAY"
"22528",2024,9,"OFICINA PUESTO DE CONTROL MARITIMO - PROV. CONST. DEL CALLAO","LENTEJA, grano",141340,"SACO(S)","EEUU"
"22529",2024,9,"OFICINA PUESTO DE CONTROL MARITIMO - PROV. CONST. DEL CALLAO","CLAVO DE OLOR, entera seca al natural",24960,"SACO(S)","MADAGASCAR"
"22530",2024,9,"OFICINA PUESTO DE CONTROL MARITIMO - PROV. CONST. DEL CALLAO","CLAVO DE OLOR, entera seca al natural",25000,"SACO(S)","MADAGASCAR"
"22531",2024,9,"SANTA ROSA, TACNA","MANZANA, fruto fresco",23520,"CAJA(S)","CHILE"
"22532",2024,9,"OFICINA PUESTO DE CONTROL MARITIMO - PROV. CONST. DEL CALLAO","PERA, fruta fresca",22680,"CAJA(S)","ARGENTINA"
"22533",2024,9,"OFICINA PUESTO DE CONTROL MARITIMO - PROV. CONST. DEL CALLAO","PERA, fruta fresca",22680,"CAJA(S)","ARGENTINA"
"22534",2024,9,"PUERTO DE MATARANI , AREQUIPA","LOS DEMAS TRACTORES, con motor de potencia superior a 18 kW pero inferior o igual a 37 kW (excepto las carretillas tractor de la partida 87.09), USADOS",1370,"UNIDADES","EEUU"
"22535",2024,9,"OFICINA PUESTO DE CONTROL MARITIMO - PROV. CONST. DEL CALLAO","KIWI, fruto fresco",22000,"CAJA(S)","CHILE"
"22536",2024,9,"PUESTO DE CONTROL TERRESTRE DESAGUADERO","SOYA, torta",145000,"SACO(S)","BOLIVIA"
"22537",2024,9,"OFICINA PUESTO DE CONTROL AEREO -  PROV. CONST. DEL CALLAO","SUSTRATO (en base a turba y fibra de coco)",3,"BOLSAS","LETONIA"
"22538",2024,9,"PUESTO DE CONTROL TERRESTRE DESAGUADERO","SOYA, torta",115000,"SACO(S)","BOLIVIA"
"22539",2024,9,"PUESTO DE CONTROL TERRESTRE DESAGUADERO","SOYA, harina",116000,"SACO(S)","BOLIVIA"
"22540",2024,9,"PUERTO DE ILO, MOQUEGUA","LAS DEMAS MADERAS EN BRUTO DISTINTA DE LA DE CONIFERAS, con algún proceso de la CRF 2",582,"PAQUETES","EEUU"
"22541",2024,9,"OFICINA PUESTO DE CONTROL MARITIMO - PROV. CONST. DEL CALLAO","PINO, postes de madera con algun proceso de la CRF 2",53240,"PIEZAS","EEUU"
"22542",2024,9,"PUESTO DE CONTROL TERRESTRE DESAGUADERO","SOYA, harina",174000,"SACO(S)","BOLIVIA"
"22543",2024,9,"AGUAS VERDES, TUMBES","PITAHAYA, fruto fresco",10000,"CAJA(S)","ECUADOR"
"22544",2024,9,"OFICINA PUESTO DE CONTROL AEREO -  PROV. CONST. DEL CALLAO","TOMATE, semilla",0.67,"SACHETS","HOLANDA"
"22545",2024,9,"PUESTO DE CONTROL TERRESTRE DESAGUADERO","SOYA, torta",2500,"GRANEL","BOLIVIA"
"22546",2024,9,"PUESTO DE CONTROL TERRESTRE DESAGUADERO","SOYA, torta",27830,"GRANEL","BOLIVIA"
"22547",2024,9,"PUESTO DE CONTROL TERRESTRE DESAGUADERO","SOYA, torta",54680,"GRANEL","BOLIVIA"
"22548",2024,9,"PUESTO DE CONTROL TERRESTRE DESAGUADERO","SOYA, torta",56600,"GRANEL","BOLIVIA"
"22549",2024,9,"PUESTO DE CONTROL TERRESTRE DESAGUADERO","SOYA, torta",25000,"GRANEL","BOLIVIA"
"22550",2024,9,"OFICINA PUESTO DE CONTROL MARITIMO - PROV. CONST. DEL CALLAO","AZUCAR DE CAÑA, solido en bruto",50000,"SACO(S)","PARAGUAY"
"22551",2024,9,"OFICINA PUESTO DE CONTROL MARITIMO - PROV. CONST. DEL CALLAO","ALMENDRA, sin cáscara secado al natural",19958.4,"CAJA(S)","EEUU"
"22552",2024,9,"OFICINA PUESTO DE CONTROL MARITIMO - PROV. CONST. DEL CALLAO","MANZANA, fruto fresco",19867,"CAJA(S)","CHILE"
"22553",2024,9,"PUESTO DE CONTROL TERRESTRE DESAGUADERO","SOYA, grano",114000,"GRANEL","BOLIVIA"
"22554",2024,9,"PUESTO DE CONTROL TERRESTRE DESAGUADERO","SOYA, grano",56000,"GRANEL","BOLIVIA"
"22555",2024,9,"PUESTO DE CONTROL TERRESTRE DESAGUADERO","SOYA, grano",56000,"GRANEL","BOLIVIA"
"22556",2024,9,"PUESTO DE CONTROL TERRESTRE DESAGUADERO","SOYA, grano",56000,"GRANEL","BOLIVIA"
"22557",2024,9,"OFICINA PUESTO DE CONTROL MARITIMO - PROV. CONST. DEL CALLAO","Los demas articulos para fiesta, carnaval u otras diversiones, incluidos los de magia y articulos sorpresa que sean o contengan material vegetal
",3601,"CAJA(S)","CHINA"
"22558",2024,9,"OFICINA PUESTO DE CONTROL MARITIMO - PROV. CONST. DEL CALLAO","LENTEJA, grano",78924,"SACO(S)","CANADA"
"22559",2024,9,"PUESTO DE CONTROL TERRESTRE DESAGUADERO","SOYA, torta",146000,"SACO(S)","BOLIVIA"
"22560",2024,9,"PUESTO DE CONTROL TERRESTRE DESAGUADERO","SOYA, torta",177000,"SACO(S)","BOLIVIA"
"22561",2024,9,"PUESTO DE CONTROL TERRESTRE DESAGUADERO","SOYA, torta",175000,"SACO(S)","BOLIVIA"
"22562",2024,9,"OFICINA PUESTO DE CONTROL MARITIMO - PROV. CONST. DEL CALLAO","PINO, postes de madera con algun proceso de la CRF 2",54372,"PAQUETES","CHILE"
"22563",2024,9,"OFICINA PUESTO DE CONTROL MARITIMO - PROV. CONST. DEL CALLAO","PINO, postes de madera con algun proceso de la CRF 2",79214.8,"PAQUETES","CHILE"
"22564",2024,9,"OFICINA PUESTO DE CONTROL MARITIMO - PROV. CONST. DEL CALLAO","PINO, madera aserrada con algún proceso de la CRF2",356366,"PAQUETES","CHILE"
"22565",2024,9,"OFICINA PUESTO DE CONTROL MARITIMO - PROV. CONST. DEL CALLAO","PICEA, madera aserrada, con tratamiento de secado al horno o impregnación de sales (Picea spp).",68680,"PAQUETES","AUSTRIA"
"22566",2024,9,"OFICINA PUESTO DE CONTROL MARITIMO - PROV. CONST. DEL CALLAO","ALGODON, fibra sin cardar ni peinar (>28.57 mm = o <34.92 mm)",60169,"FARDOS","EEUU"
"22567",2024,9,"OFICINA PUESTO DE CONTROL MARITIMO - PROV. CONST. DEL CALLAO","COCO, fibra (para sustrato)",68550,"PALETAS","SRI LANKA"
"22568",2024,9,"OFICINA PUESTO DE CONTROL MARITIMO - PROV. CONST. DEL CALLAO","DATIL, seco industrial",8000,"CAJA(S)","CHINA"
"22569",2024,9,"OFICINA PUESTO DE CONTROL MARITIMO - PROV. CONST. DEL CALLAO","CEREZA, fruta seca industrial",2000,"CAJA(S)","CHINA"
"22570",2024,9,"OFICINA PUESTO DE CONTROL MARITIMO - PROV. CONST. DEL CALLAO","KIWI, secado industrialmente",7000,"CAJA(S)","CHINA"
"22571",2024,9,"OFICINA PUESTO DE CONTROL MARITIMO - PROV. CONST. DEL CALLAO","JENGIBRE(=KION), seco industrial",2000,"CAJA(S)","CHINA"
"22572",2024,9,"OFICINA PUESTO DE CONTROL MARITIMO - PROV. CONST. DEL CALLAO","COCO, fibra (para sustrato)",48198,"PALETAS","SRI LANKA"
"22573",2024,9,"SANTA ROSA, TACNA","MANZANA, fruto fresco",23184,"CAJA(S)","CHILE"
"22574",2024,9,"SANTA ROSA, TACNA","MANZANA, fruto fresco",23184,"CAJA(S)","CHILE"
"22575",2024,9,"PUESTO DE CONTROL TERRESTRE DESAGUADERO","SOYA, torta",28000,"GRANEL","BOLIVIA"
"22576",2024,9,"PUESTO DE CONTROL TERRESTRE DESAGUADERO","SOYA, torta",28000,"GRANEL","BOLIVIA"
"22577",2024,9,"OFICINA PUESTO DE CONTROL MARITIMO - PROV. CONST. DEL CALLAO","Articulos para fiestas de navidad que sean o contengan material vegetal
",208.639,"UNIDADES","CHINA"
"22578",2024,9,"OFICINA PUESTO DE CONTROL MARITIMO - PROV. CONST. DEL CALLAO","ARROZ, grano pilado",1250000,"BOLSONES","URUGUAY"
"22579",2024,9,"OFICINA PUESTO DE CONTROL MARITIMO - PROV. CONST. DEL CALLAO","ARROZ, grano pilado",260000,"SACO(S)","PARAGUAY"
"22580",2024,9,"OFICINA PUESTO DE CONTROL MARITIMO - PROV. CONST. DEL CALLAO","FLORES Y CAPULLOS, cortados para ramos o adornos con algún proceso de la CRF 2",52.35,"PIEZAS","CHINA"
"22581",2024,9,"OFICINA PUESTO DE CONTROL MARITIMO - PROV. CONST. DEL CALLAO","TURBA",21555.5,"BOLSAS","LETONIA"
"22582",2024,9,"OFICINA PUESTO DE CONTROL MARITIMO - PROV. CONST. DEL CALLAO","Articulos para fiestas de navidad que sean o contengan material vegetal
",141.914,"UNIDADES","CHINA"
"22583",2024,9,"PUESTO DE CONTROL TERRESTRE DESAGUADERO","FREJOL NEGRO, grano",58000,"SACO(S)","BOLIVIA"
"22584",2024,9,"OFICINA PUESTO DE CONTROL MARITIMO - PROV. CONST. DEL CALLAO","OREGANO, seco al natural",25000,"SACO(S)","TURQUIA"
"22585",2024,9,"OFICINA PUESTO DE CONTROL MARITIMO - PROV. CONST. DEL CALLAO","ARVEJA, semilla",20000,"BOLSAS","NUEVA ZELANDIA"
"22586",2024,9,"OFICINA PUESTO DE CONTROL MARITIMO - PROV. CONST. DEL CALLAO","AJONJOLI, grano",27000,"SACO(S)","INDIA"
"22587",2024,9,"PUESTO DE CONTROL TERRESTRE DESAGUADERO","SOYA, torta",52080,"GRANEL","BOLIVIA"
"22588",2024,9,"PUESTO DE CONTROL TERRESTRE DESAGUADERO","SOYA, torta",55180,"GRANEL","BOLIVIA"
"22589",2024,9,"PUESTO DE CONTROL TERRESTRE DESAGUADERO","SOYA, torta",28070,"GRANEL","BOLIVIA"
"22590",2024,9,"PUESTO DE CONTROL TERRESTRE DESAGUADERO","SOYA, torta",28000,"GRANEL","BOLIVIA"
"22591",2024,9,"PUESTO DE CONTROL TERRESTRE DESAGUADERO","SOYA, torta",28000,"GRANEL","BOLIVIA"
"22592",2024,9,"PUERTO DE SALAVERRY, LA LIBERTAD","MAIZ AMARILLO DURO, grano",30592000,"GRANEL","ARGENTINA"
"22593",2024,9,"OFICINA PUESTO DE CONTROL AEREO -  PROV. CONST. DEL CALLAO","SANDIA, semilla",1.391,"SACHETS","EEUU"
"22594",2024,9,"OFICINA PUESTO DE CONTROL AEREO -  PROV. CONST. DEL CALLAO","SANDIA, semilla",30.77,"SACHETS","ISRAEL"
"22595",2024,9,"AGUAS VERDES, TUMBES","CAÑA DE GUAYAQUIL, seca al natural",31000,"UNIDADES","ECUADOR"
"22596",2024,9,"OFICINA PUESTO DE CONTROL MARITIMO - PROV. CONST. DEL CALLAO","MADERA EN PLAQUITAS, o particulas distinta de coníferas con algún proceso de la CRF 2",5040,"SACO(S)","ALEMANIA"
"22597",2024,9,"OFICINA PUESTO DE CONTROL MARITIMO - PROV. CONST. DEL CALLAO","ASERRIN, sin aglomerar, con algún proceso de la CRF 2",720,"SACO(S)","ALEMANIA"
"22598",2024,9,"PUESTO DE CONTROL TERRESTRE DESAGUADERO","SOYA, torta",27560,"GRANEL","BOLIVIA"
"22599",2024,9,"PUESTO DE CONTROL TERRESTRE DESAGUADERO","SOYA, torta",26960,"GRANEL","BOLIVIA"
"22600",2024,9,"PUESTO DE CONTROL TERRESTRE DESAGUADERO","SOYA, torta",78000,"GRANEL","BOLIVIA"
"22601",2024,9,"PUESTO DE CONTROL TERRESTRE DESAGUADERO","SOYA, torta",28070,"GRANEL","BOLIVIA"
"22602",2024,9,"PUESTO DE CONTROL TERRESTRE DESAGUADERO","SOYA, torta",28010,"GRANEL","BOLIVIA"
"22603",2024,9,"PUESTO DE CONTROL TERRESTRE DESAGUADERO","SOYA, torta",28030,"GRANEL","BOLIVIA"
"22604",2024,9,"IÑAPARI, MADRE DE DIOS","AZUCAR BLANCA O REFINADA (lectura polarimetrica mayor 99.5°)",93000,"SACO(S)","BRASIL"
"22605",2024,9,"OFICINA PUESTO DE CONTROL MARITIMO - PROV. CONST. DEL CALLAO","PINO, madera aserrada con algún proceso de la CRF2",182506,"PAQUETES","CHILE"
"22606",2024,9,"SANTA ROSA, TACNA","PAPA, almidon",60000,"SACO(S)","ALEMANIA"
"22607",2024,9,"OFICINA PUESTO DE CONTROL MARITIMO - PROV. CONST. DEL CALLAO","PINO, madera aserrada con algún proceso de la CRF2",99048.639,"PAQUETES","CHILE"
"22608",2024,9,"OFICINA PUESTO DE CONTROL MARITIMO - PROV. CONST. DEL CALLAO","MADERA, paletas, paletas caja y demas plataformas para carga, collarines para paletas, con algún proceso de la CRF 2",29846.361,"UNIDADES","CHILE"
"22609",2024,9,"OFICINA PUESTO DE CONTROL MARITIMO - PROV. CONST. DEL CALLAO","ALMENDRA, harina, polvo",8800,"CAJA(S)","ESPAÑA"
"22610",2024,9,"PUESTO DE CONTROL TERRESTRE DESAGUADERO","SOYA, torta",56900,"GRANEL","BOLIVIA"
"22611",2024,9,"PUESTO DE CONTROL TERRESTRE DESAGUADERO","SOYA, torta",57500,"GRANEL","BOLIVIA"
"22612",2024,9,"PUESTO DE CONTROL TERRESTRE DESAGUADERO","AZUCAR BLANCA O REFINADA (lectura polarimetrica mayor 99.5°)",155000,"SACO(S)","BOLIVIA"
"22613",2024,9,"OFICINA PUESTO DE CONTROL MARITIMO - PROV. CONST. DEL CALLAO","FREJOL CANARIO, grano",120000,"SACO(S)","MEXICO"
"22614",2024,9,"PUESTO DE CONTROL TERRESTRE DESAGUADERO","FREJOL NEGRO, grano",29000,"SACO(S)","BOLIVIA"
"22615",2024,9,"PUESTO DE CONTROL TERRESTRE DESAGUADERO","AZUCAR BLANCA O REFINADA (lectura polarimetrica mayor 99.5°)",145000,"SACO(S)","BOLIVIA"
"22616",2024,9,"OFICINA PUESTO DE CONTROL MARITIMO - PROV. CONST. DEL CALLAO","UVA (PASAS), secas naturalmente",40000,"CAJA(S)","CHILE"
"22617",2024,9,"OFICINA PUESTO DE CONTROL MARITIMO - PROV. CONST. DEL CALLAO","CEBOLLA, triturada o pulverizada",500,"CAJA(S)","ESPAÑA"
"22618",2024,9,"IÑAPARI, MADRE DE DIOS","MAIZ AMARILLO DURO, grano",32000,"GRANEL","BRASIL"
"22619",2024,9,"SANTA ROSA, TACNA","TRACTOR USADO, con motor de potencia superior a 75 kW pero inferior o igual a 130 kW",5010,"UNIDADES","CHILE"
"22620",2024,9,"IÑAPARI, MADRE DE DIOS","MAIZ AMARILLO DURO, grano",32000,"GRANEL","BRASIL"
"22621",2024,9,"OFICINA PUESTO DE CONTROL MARITIMO - PROV. CONST. DEL CALLAO","Articulos para fiestas de navidad que sean o contengan material vegetal
",614.939,"BOLSAS","CHINA"
"22622",2024,9,"PUESTO DE CONTROL TERRESTRE DESAGUADERO","SOYA, torta",146000,"SACO(S)","BOLIVIA"
"22623",2024,9,"PUESTO DE CONTROL TERRESTRE DESAGUADERO","SOYA, torta",146500,"SACO(S)","BOLIVIA"
"22624",2024,9,"AGUAS VERDES, TUMBES","Las demás coniferas, las demas maderas aserradas o desbastadas longitudinalmente, cortada o desenrollada, incluso cepillada,lijada o unida por lo extremos, de espesor superior a 6 mm, con algun tratamiento de la CRF 2",24060,"PIEZAS","ECUADOR"
"22625",2024,9,"PUESTO DE CONTROL TERRESTRE DESAGUADERO","SOYA, torta",146000,"SACO(S)","BOLIVIA"
"22626",2024,9,"PUESTO DE CONTROL TERRESTRE DESAGUADERO","SOYA, torta",177000,"SACO(S)","BOLIVIA"
"22627",2024,9,"PUESTO DE CONTROL TERRESTRE DESAGUADERO","SOYA, torta",25000,"GRANEL","BOLIVIA"
"22628",2024,9,"PUESTO DE CONTROL TERRESTRE DESAGUADERO","SOYA, torta",84930,"SACO(S)","BOLIVIA"
"22629",2024,9,"PUESTO DE CONTROL TERRESTRE DESAGUADERO","SOYA, torta",12000,"GRANEL","BOLIVIA"
"22630",2024,9,"PUESTO DE CONTROL TERRESTRE DESAGUADERO","SOYA, torta",16000,"GRANEL","BOLIVIA"
"22631",2024,9,"PUESTO DE CONTROL TERRESTRE DESAGUADERO","SOYA, harina",84000,"SACO(S)","BOLIVIA"
"22632",2024,9,"OFICINA PUESTO DE CONTROL MARITIMO - PROV. CONST. DEL CALLAO","MAIZ, harina",43200,"SACO(S)","COLOMBIA"
"22633",2024,9,"PUESTO DE CONTROL TERRESTRE DESAGUADERO","SOYA, harina",144500,"SACO(S)","BOLIVIA"
"22634",2024,9,"OFICINA PUESTO DE CONTROL MARITIMO - PROV. CONST. DEL CALLAO","MADERA, harina",950,"BOLSAS","ALEMANIA"
"22635",2024,9,"SANTA ROSA, TACNA","PERA, fruta fresca",11220,"CAJA(S)","CHILE"
"22636",2024,9,"SANTA ROSA, TACNA","MANZANA, fruto fresco",11289.6,"CAJA(S)","CHILE"
"22637",2024,9,"OFICINA PUESTO DE CONTROL MARITIMO - PROV. CONST. DEL CALLAO","TRACTOR USADO, con motor de potencia superior a 33 kW pero inferior o igual a 75 kW",13970,"UNIDADES","COREA DEL SUR"
"22638",2024,9,"OFICINA PUESTO DE CONTROL MARITIMO - PROV. CONST. DEL CALLAO","Articulos para fiestas de navidad que sean o contengan material vegetal
",1584.398,"CAJA(S)","CHINA"
"22639",2024,9,"OFICINA PUESTO DE CONTROL MARITIMO - PROV. CONST. DEL CALLAO","DACTYLIS, semilla",9072,"BOLSAS","EEUU"
"22640",2024,9,"OFICINA PUESTO DE CONTROL MARITIMO - PROV. CONST. DEL CALLAO","ALGODON, fibra sin cardar ni peinar (>34.92 mm)",39270,"FARDOS","EEUU"
"22641",2024,9,"OFICINA PUESTO DE CONTROL MARITIMO - PROV. CONST. DEL CALLAO","MADERA, monturas y mangos de herramientas, monturas y mangos de cepillos, brochas o escobas, de madera; hormas, ensanchadores y tensores del calzado, de madera ; con algún proceso de la CRF 2",28095,"UNIDADES","HONG KONG"
"22642",2024,9,"OFICINA PUESTO DE CONTROL MARITIMO - PROV. CONST. DEL CALLAO","PIMIENTA, mezcla con algún proceso de la CRF 2",13000,"BOLSAS","VIETNAM"
"22643",2024,9,"OFICINA PUESTO DE CONTROL MARITIMO - PROV. CONST. DEL CALLAO","TRIGO, grano",8409670,"GRANEL","CANADA"
"22644",2024,9,"SANTA ROSA, TACNA","MANZANA, fruto fresco",22348.9,"CAJA(S)","CHILE"
"22645",2024,9,"OFICINA PUESTO DE CONTROL AEREO -  PROV. CONST. DEL CALLAO","SANDIA, semilla",6.75,"BOLSAS","EEUU"
"22646",2024,9,"SANTA ROSA, TACNA","MANZANA, fruto fresco",24220,"CAJA(S)","CHILE"
"22647",2024,9,"SANTA ROSA, TACNA","MANZANA, fruto fresco",23520,"CAJA(S)","CHILE"
"22648",2024,9,"OFICINA PUESTO DE CONTROL MARITIMO - PROV. CONST. DEL CALLAO","AJONJOLI, grano",27000,"SACO(S)","INDIA"
"22649",2024,9,"OFICINA PUESTO DE CONTROL MARITIMO - PROV. CONST. DEL CALLAO","TRIGO, gluten",25000,"BOLSAS","FRANCIA"
"22650",2024,9,"SANTA ROSA, TACNA","MANZANA, fruto fresco",22657.6,"CAJA(S)","CHILE"
"22651",2024,9,"OFICINA PUESTO DE CONTROL MARITIMO - PROV. CONST. DEL CALLAO","UVA (PASAS), secas industrialmente",105000,"CAJA(S)","CHILE"
"22652",2024,9,"PUESTO DE CONTROL TERRESTRE DESAGUADERO","SOYA, torta",115000,"SACO(S)","BOLIVIA"
"22653",2024,9,"PUESTO DE CONTROL TERRESTRE DESAGUADERO","SOYA, torta",115500,"SACO(S)","BOLIVIA"
"22654",2024,9,"PUESTO DE CONTROL TERRESTRE DESAGUADERO","SOYA, torta",114000,"SACO(S)","BOLIVIA"
"22655",2024,9,"PUESTO DE CONTROL TERRESTRE DESAGUADERO","SOYA, torta",113500,"SACO(S)","BOLIVIA"
"22656",2024,9,"OFICINA PUESTO DE CONTROL MARITIMO - PROV. CONST. DEL CALLAO","FLOR DE JAMAICA, seca natural",11850,"SACO(S)","NIGERIA"
"22657",2024,9,"PUESTO DE CONTROL TERRESTRE DESAGUADERO","SOYA, torta",114300,"SACO(S)","BOLIVIA"
"22658",2024,9,"SANTA ROSA, TACNA","MANZANA, fruto fresco",23206.4,"CAJA(S)","CHILE"
"22659",2024,9,"SANTA ROSA, TACNA","MANZANA, fruto fresco",24206,"CAJA(S)","CHILE"
"22660",2024,9,"SANTA ROSA, TACNA","MANZANA, fruto fresco",23520,"CAJA(S)","CHILE"
"22661",2024,9,"PUERTO DE PAITA , PIURA","COCO, fibra (para sustrato)",94013,"PALETAS","REPUBLICA DOMINICANA"
"22662",2024,9,"PUERTO DE PAITA , PIURA","COCO, fibra (para sustrato)",47691,"PALETAS","REPUBLICA DOMINICANA"
"22663",2024,9,"PUERTO DE PAITA , PIURA","COCO, fibra (para sustrato)",101698,"PAQUETES","REPUBLICA DOMINICANA"
"22664",2024,9,"OFICINA PUESTO DE CONTROL MARITIMO - PROV. CONST. DEL CALLAO","AZUCAR BLANCA O REFINADA (lectura polarimetrica mayor 99.5°)",270000,"BOLSAS","BRASIL"
"22665",2024,9,"PUESTO DE CONTROL TERRESTRE DESAGUADERO","SOYA, harina",29000,"SACO(S)","BOLIVIA"
"22666",2024,9,"PUESTO DE CONTROL TERRESTRE DESAGUADERO","SOYA, harina",29000,"SACO(S)","BOLIVIA"
"22667",2024,9,"PUESTO DE CONTROL TERRESTRE DESAGUADERO","SOYA, harina",28000,"SACO(S)","BOLIVIA"
"22668",2024,9,"OFICINA PUESTO DE CONTROL MARITIMO - PROV. CONST. DEL CALLAO","PINO, postes de madera con algun proceso de la CRF 2",110000,"UNIDADES","CHILE"
"22669",2024,9,"OFICINA PUESTO DE CONTROL MARITIMO - PROV. CONST. DEL CALLAO","PINO, postes de madera con algun proceso de la CRF 2",197305,"UNIDADES","CHILE"
"22670",2024,9,"PUESTO DE CONTROL TERRESTRE DESAGUADERO","SOYA, grano",55000,"GRANEL","BOLIVIA"
"22671",2024,9,"PUESTO DE CONTROL TERRESTRE DESAGUADERO","AZUCAR BLANCA O REFINADA (lectura polarimetrica mayor 99.5°)",58000,"SACO(S)","BOLIVIA"
"22672",2024,9,"PUESTO DE CONTROL TERRESTRE DESAGUADERO","SOYA, torta",49000,"SACO(S)","BOLIVIA"
"22673",2024,9,"PUESTO DE CONTROL TERRESTRE DESAGUADERO","SOYA, torta",115180,"GRANEL","BOLIVIA"
"22674",2024,9,"PUESTO DE CONTROL TERRESTRE DESAGUADERO","SOYA, grano",110980,"GRANEL","BOLIVIA"
"22675",2024,9,"PUESTO DE CONTROL TERRESTRE DESAGUADERO","SOYA, torta",6597,"SACO(S)","BOLIVIA"
"22676",2024,9,"OFICINA PUESTO DE CONTROL MARITIMO - PROV. CONST. DEL CALLAO","LINAZA, grano",46992,"SACO(S)","CANADA"
"22677",2024,9,"SANTA ROSA, TACNA","MANZANA, fruto fresco",14280,"CAJA(S)","CHILE"
"22678",2024,9,"SANTA ROSA, TACNA","PERA, fruta fresca",8442,"CAJA(S)","CHILE"
"22679",2024,9,"OFICINA PUESTO DE CONTROL MARITIMO - PROV. CONST. DEL CALLAO","ALGODON, fibra sin cardar ni peinar (>22.22 mm = o <28.57 mm)",19580,"FARDOS","EEUU"
"22680",2024,9,"AGUAS VERDES, TUMBES","PAJA TOQUILLA, con algún proceso de la CRF2",1100,"FARDOS","ECUADOR"
"22681",2024,9,"IÑAPARI, MADRE DE DIOS","MAIZ AMARILLO DURO, grano",32000,"GRANEL","BRASIL"
"22682",2024,9,"IÑAPARI, MADRE DE DIOS","MAIZ AMARILLO DURO, grano",48000,"GRANEL","BRASIL"
"22683",2024,9,"IÑAPARI, MADRE DE DIOS","MAIZ AMARILLO DURO, grano",32000,"GRANEL","BRASIL"
"22684",2024,9,"OFICINA PUESTO DE CONTROL MARITIMO - PROV. CONST. DEL CALLAO","TURBA",23921,"FARDOS","LITUANIA"
"22685",2024,9,"OFICINA PUESTO DE CONTROL MARITIMO - PROV. CONST. DEL CALLAO","MAIZ, almidon",3e+05,"BOLSAS","ARGENTINA"
"22686",2024,9,"OFICINA PUESTO DE CONTROL MARITIMO - PROV. CONST. DEL CALLAO","Articulos para fiestas de navidad que sean o contengan material vegetal
",8401,"CAJA(S)","CHINA"
"22687",2024,9,"OFICINA PUESTO DE CONTROL MARITIMO - PROV. CONST. DEL CALLAO","MAIZ, harina",82200,"PACAS","COLOMBIA"
"22688",2024,9,"PUESTO DE CONTROL TERRESTRE DESAGUADERO","SOYA, harina",28002,"SACO(S)","BOLIVIA"
"22689",2024,9,"OFICINA PUESTO DE CONTROL MARITIMO - PROV. CONST. DEL CALLAO","CIRUELA, seca industrialmente",21000,"CAJA(S)","CHILE"
"22690",2024,9,"OFICINA PUESTO DE CONTROL AEREO -  PROV. CONST. DEL CALLAO","PIMIENTA, grano",730,"SACO(S)","INDIA"
"22691",2024,9,"PUESTO DE CONTROL TERRESTRE DESAGUADERO","SOYA, harina",112000,"SACO(S)","BOLIVIA"
"22692",2024,9,"OFICINA PUESTO DE CONTROL AEREO -  PROV. CONST. DEL CALLAO","ARANDANO, planta",4404,"CAJA(S)","CHILE"
"22693",2024,9,"OFICINA PUESTO DE CONTROL AEREO -  PROV. CONST. DEL CALLAO","MEZCLA DE ESPECIAS, molida",750,"PALETAS","ESPAÑA"
"22694",2024,9,"OFICINA PUESTO DE CONTROL MARITIMO - PROV. CONST. DEL CALLAO","MADERA, las demás hojas para chapado,de las demas maderas tropicales",1246.705,"PAQUETES","ITALIA"
"22695",2024,9,"OFICINA PUESTO DE CONTROL MARITIMO - PROV. CONST. DEL CALLAO","MADERA, láminas para chapado
",203.39,"PAQUETES","ITALIA"
"22696",2024,9,"OFICINA PUESTO DE CONTROL MARITIMO - PROV. CONST. DEL CALLAO","AZUCAR BLANCA O REFINADA (lectura polarimetrica mayor 99.5°)",132500,"SACO(S)","NICARAGUA"
"22697",2024,9,"PUESTO DE CONTROL TERRESTRE DESAGUADERO","AZUCAR BLANCA O REFINADA (lectura polarimetrica mayor 99.5°)",174000,"SACO(S)","BOLIVIA"
"22698",2024,9,"PUESTO DE CONTROL TERRESTRE DESAGUADERO","SOYA, torta",55980,"GRANEL","BOLIVIA"
"22699",2024,9,"OFICINA PUESTO DE CONTROL MARITIMO - PROV. CONST. DEL CALLAO","COCO, fibra (para sustrato)",242060,"PALETAS","INDIA"
"22700",2024,9,"OFICINA PUESTO DE CONTROL MARITIMO - PROV. CONST. DEL CALLAO","COCO, fibra (para sustrato)",122090,"PALETAS","INDIA"
"22701",2024,9,"OFICINA PUESTO DE CONTROL MARITIMO - PROV. CONST. DEL CALLAO","OREJAS DE JUDAS, seco industrial",660,"CAJA(S)","CHINA"
"22702",2024,9,"OFICINA PUESTO DE CONTROL MARITIMO - PROV. CONST. DEL CALLAO","Shitake (Lentinus edodes), secos, incluso los cortados en trozos o en rodajas, trituradas o pulverizadas, sin otra preparación",1320,"CAJA(S)","CHINA"
"22703",2024,9,"OFICINA PUESTO DE CONTROL MARITIMO - PROV. CONST. DEL CALLAO","HONGOS Y TRUFAS, secas, las demas",300,"CAJA(S)","CHINA"
"22704",2024,9,"OFICINA PUESTO DE CONTROL MARITIMO - PROV. CONST. DEL CALLAO","FRUTA, secas",600,"CAJA(S)","CHINA"
"22705",2024,9,"OFICINA PUESTO DE CONTROL MARITIMO - PROV. CONST. DEL CALLAO","LAS DEMAS PLANTAS, partes de plantas, semillas y frutos de especies utilizadas principalmente en perfumeria,medicina insecticidas o similares con algún proceso del a CRF 2",600,"CAJA(S)","CHINA"
"22706",2024,9,"OFICINA PUESTO DE CONTROL MARITIMO - PROV. CONST. DEL CALLAO","FLOR DE JAMAICA, seca natural",51840,"CAJA(S)","NIGERIA"
"22707",2024,9,"PUESTO DE CONTROL TERRESTRE DESAGUADERO","FREJOL NEGRO, grano",29000,"SACO(S)","BOLIVIA"
"22708",2024,9,"PUESTO DE CONTROL TERRESTRE DESAGUADERO","SOYA, torta",27650,"SACO(S)","BOLIVIA"
"22709",2024,9,"PUESTO DE CONTROL TERRESTRE DESAGUADERO","SOYA, torta",521,"SACO(S)","BOLIVIA"
"22710",2024,9,"OFICINA PUESTO DE CONTROL AEREO -  PROV. CONST. DEL CALLAO","ARROZ, semilla",20,"BOLSAS","COLOMBIA"
"22711",2024,9,"PUESTO DE CONTROL TERRESTRE DESAGUADERO","SOYA, torta",26000,"GRANEL","BOLIVIA"
"22712",2024,9,"PUESTO DE CONTROL TERRESTRE DESAGUADERO","SOYA, harina",174000,"SACO(S)","BOLIVIA"
"22713",2024,9,"PUESTO DE CONTROL TERRESTRE DESAGUADERO","SOYA, torta",145000,"SACO(S)","BOLIVIA"
"22714",2024,9,"PUESTO DE CONTROL TERRESTRE DESAGUADERO","SOYA, torta",174000,"SACO(S)","BOLIVIA"
"22715",2024,9,"PUESTO DE CONTROL TERRESTRE DESAGUADERO","SOYA, harina",58000,"SACO(S)","BOLIVIA"
"22716",2024,9,"PUESTO DE CONTROL TERRESTRE DESAGUADERO","SOYA, harina",145000,"SACO(S)","BOLIVIA"
"22717",2024,9,"OFICINA PUESTO DE CONTROL MARITIMO - PROV. CONST. DEL CALLAO","AZUCAR BLANCA O REFINADA (lectura polarimetrica mayor 99.5°)",250000,"SACO(S)","NICARAGUA"
"22718",2024,9,"OFICINA PUESTO DE CONTROL AEREO -  PROV. CONST. DEL CALLAO","COLECCIONES Y ESPECIMENES, para colecciones de zoología, botánica secas
",6.9,"PIEZAS","TAILANDIA"
"22719",2024,9,"OFICINA PUESTO DE CONTROL MARITIMO - PROV. CONST. DEL CALLAO","LINAZA, grano",22589,"SACO(S)","CANADA"
"22720",2024,9,"OFICINA PUESTO DE CONTROL MARITIMO - PROV. CONST. DEL CALLAO","UVA (PASAS), secas industrialmente",26000,"CAJA(S)","INDIA"
"22721",2024,9,"OFICINA PUESTO DE CONTROL MARITIMO - PROV. CONST. DEL CALLAO","BARRILES, CUBAS, TINAS y demas manufacturas de toneleria y sus partes de madera, incluidas las duelas con algún proceso de la  CRF2",788,"CILINDROS","CHILE"
"22722",2024,9,"OFICINA PUESTO DE CONTROL MARITIMO - PROV. CONST. DEL CALLAO","PINO, madera aserrada con algún proceso de la CRF2",114380,"PAQUETES","CHILE"
"22723",2024,9,"PUESTO DE CONTROL TERRESTRE DESAGUADERO","SOYA, torta",55000,"GRANEL","BOLIVIA"
"22724",2024,9,"PUESTO DE CONTROL TERRESTRE DESAGUADERO","SOYA, torta",115000,"SACO(S)","BOLIVIA"
"22725",2024,9,"PUESTO DE CONTROL TERRESTRE DESAGUADERO","SOYA, torta",114000,"SACO(S)","BOLIVIA"
"22726",2024,9,"PUESTO DE CONTROL TERRESTRE DESAGUADERO","SOYA, torta",1e+05,"GRANEL","BOLIVIA"
"22727",2024,9,"PUESTO DE CONTROL TERRESTRE DESAGUADERO","SOYA, torta",55480,"GRANEL","BOLIVIA"
"22728",2024,9,"SANTA ROSA, TACNA","Los demas pulverizadores para agricultura u horticultura usados
",3000,"UNIDADES","JAPON"
"22729",2024,9,"SANTA ROSA, TACNA","Cultivadores, azadas rotativas( rotocultores), escardadoras y binadoras usadas
",1000,"UNIDADES","JAPON"
"22730",2024,9,"SANTA ROSA, TACNA","LOS DEMAS TRACTORES USADOS, con motor de potencia inferior o igual a 18 kW (excepto las carretillas tractor de la partida 87.09)",2000,"UNIDADES","JAPON"
"22731",2024,9,"SANTA ROSA, TACNA","LOS DEMAS TRACTORES, con motor de potencia superior a 18 kW pero inferior o igual a 37 kW (excepto las carretillas tractor de la partida 87.09), USADOS",3100,"UNIDADES","JAPON"
"22732",2024,9,"SANTA ROSA, TACNA","TRACTOR USADO, con motor de potencia superior a 33 kW pero inferior o igual a 75 kW",1600,"UNIDADES","JAPON"
"22733",2024,9,"PUESTO DE CONTROL TERRESTRE DESAGUADERO","SOYA, torta",55600,"GRANEL","BOLIVIA"
"22734",2024,9,"PUESTO DE CONTROL TERRESTRE DESAGUADERO","SOYA, torta",28000,"GRANEL","BOLIVIA"
"22735",2024,9,"PUESTO DE CONTROL TERRESTRE DESAGUADERO","SOYA, torta",28000,"GRANEL","BOLIVIA"
"22736",2024,9,"PUESTO DE CONTROL TERRESTRE DESAGUADERO","SOYA, torta",26830,"GRANEL","BOLIVIA"
"22737",2024,9,"PUESTO DE CONTROL TERRESTRE DESAGUADERO","SOYA, torta",28000,"GRANEL","BOLIVIA"
"22738",2024,9,"PUESTO DE CONTROL TERRESTRE DESAGUADERO","SOYA, torta",28000,"GRANEL","BOLIVIA"
"22739",2024,9,"PUESTO DE CONTROL TERRESTRE DESAGUADERO","SOYA, torta",28000,"GRANEL","BOLIVIA"
"22740",2024,9,"PUESTO DE CONTROL TERRESTRE DESAGUADERO","SOYA, harina",28531,"SACO(S)","BOLIVIA"
"22741",2024,9,"PUESTO DE CONTROL TERRESTRE DESAGUADERO","SOYA, torta",111000,"GRANEL","BOLIVIA"
"22742",2024,9,"PUESTO DE CONTROL TERRESTRE DESAGUADERO","SOYA, torta",168000,"GRANEL","BOLIVIA"
"22743",2024,9,"PUESTO DE CONTROL TERRESTRE DESAGUADERO","SOYA, torta",28000,"GRANEL","BOLIVIA"
"22744",2024,9,"PUESTO DE CONTROL TERRESTRE DESAGUADERO","SOYA, torta",28000,"GRANEL","BOLIVIA"
"22745",2024,9,"PUESTO DE CONTROL TERRESTRE DESAGUADERO","SOYA, torta",27000,"SACO(S)","BOLIVIA"
"22746",2024,9,"PUESTO DE CONTROL TERRESTRE DESAGUADERO","SOYA, torta",56000,"GRANEL","BOLIVIA"
"22747",2024,9,"PUESTO DE CONTROL TERRESTRE DESAGUADERO","SOYA, torta",84000,"GRANEL","BOLIVIA"
"22748",2024,9,"PUESTO DE CONTROL TERRESTRE DESAGUADERO","SOYA, torta",252000,"GRANEL","BOLIVIA"
"22749",2024,9,"AGUAS VERDES, TUMBES","PITAHAYA, fruto fresco",12900,"CAJA(S)","ECUADOR"
"22750",2024,9,"PUESTO DE CONTROL TERRESTRE DESAGUADERO","SOYA, torta",55950,"GRANEL","BOLIVIA"
"22751",2024,9,"PUESTO DE CONTROL TERRESTRE DESAGUADERO","SOYA, grano",56000,"GRANEL","BOLIVIA"
"22752",2024,9,"PUESTO DE CONTROL TERRESTRE DESAGUADERO","SOYA, harina",116000,"SACO(S)","BOLIVIA"
"22753",2024,9,"PUESTO DE CONTROL TERRESTRE DESAGUADERO","SOYA, harina",145000,"SACO(S)","BOLIVIA"
"22754",2024,9,"PUESTO DE CONTROL TERRESTRE DESAGUADERO","SOYA, torta",29500,"SACO(S)","BOLIVIA"
"22755",2024,9,"PUESTO DE CONTROL TERRESTRE DESAGUADERO","SOYA, torta",145000,"SACO(S)","BOLIVIA"
"22756",2024,9,"AGUAS VERDES, TUMBES","PITAHAYA, fruto fresco",8340,"CAJA(S)","ECUADOR"
"22757",2024,9,"PUESTO DE CONTROL TERRESTRE DESAGUADERO","SOYA, torta",144000,"SACO(S)","BOLIVIA"
"22758",2024,9,"PUESTO DE CONTROL TERRESTRE DESAGUADERO","AZUCAR BLANCA O REFINADA (lectura polarimetrica mayor 99.5°)",145000,"SACO(S)","BOLIVIA"
"22759",2024,9,"SANTA ROSA, TACNA","MANZANA, fruto fresco",23520,"CAJA(S)","CHILE"
"22760",2024,9,"OFICINA PUESTO DE CONTROL MARITIMO - PROV. CONST. DEL CALLAO","MADERA, monturas y mangos de herramientas, monturas y mangos de cepillos, brochas o escobas, de madera; hormas, ensanchadores y tensores del calzado, de madera ; con algún proceso de la CRF 2",55450,"UNIDADES","CHINA"
"22761",2024,9,"PUESTO DE CONTROL TERRESTRE DESAGUADERO","SOYA, torta",27810,"GRANEL","BOLIVIA"
"22762",2024,9,"SANTA ROSA, TACNA","MANZANA, fruto fresco",23520,"CAJA(S)","CHILE"
"22763",2024,9,"SANTA ROSA, TACNA","MANZANA, fruto fresco",23240,"CAJA(S)","CHILE"
"22764",2024,9,"SANTA ROSA, TACNA","MANZANA, fruto fresco",23206.4,"CAJA(S)","CHILE"
"22765",2024,9,"OFICINA PUESTO DE CONTROL MARITIMO - PROV. CONST. DEL CALLAO","ALMENDRA, sin cáscara secado al natural",39871.44,"CAJA(S)","EEUU"
"22766",2024,9,"OFICINA PUESTO DE CONTROL MARITIMO - PROV. CONST. DEL CALLAO","MANI, grano sin cáscara",25070,"SACO(S)","BRASIL"
"22767",2024,9,"OFICINA PUESTO DE CONTROL MARITIMO - PROV. CONST. DEL CALLAO","CANELA, corteza entera seca al natural",16000,"CAJA(S)","SRI LANKA"
"22768",2024,9,"PUESTO DE CONTROL TERRESTRE DESAGUADERO","SOYA, harina",87000,"SACO(S)","BOLIVIA"
"22769",2024,9,"PUESTO DE CONTROL TERRESTRE DESAGUADERO","SOYA, torta",174000,"SACO(S)","BOLIVIA"
"22770",2024,9,"PUESTO DE CONTROL TERRESTRE DESAGUADERO","SOYA, grano",56000,"GRANEL","BOLIVIA"
"22771",2024,9,"PUESTO DE CONTROL TERRESTRE DESAGUADERO","SOYA, grano",56000,"GRANEL","BOLIVIA"
"22772",2024,9,"PUESTO DE CONTROL TERRESTRE DESAGUADERO","SOYA, grano",54000,"GRANEL","BOLIVIA"
"22773",2024,9,"PUESTO DE CONTROL TERRESTRE DESAGUADERO","SOYA, grano",112000,"GRANEL","BOLIVIA"
"22774",2024,9,"PUESTO DE CONTROL TERRESTRE DESAGUADERO","SOYA, grano",56000,"GRANEL","BOLIVIA"
"22775",2024,9,"PUESTO DE CONTROL TERRESTRE DESAGUADERO","SOYA, grano",84000,"GRANEL","BOLIVIA"
"22776",2024,9,"PUESTO DE CONTROL TERRESTRE DESAGUADERO","SOYA, torta",13000,"GRANEL","BOLIVIA"
"22777",2024,9,"PUESTO DE CONTROL TERRESTRE DESAGUADERO","SOYA, harina",145000,"SACO(S)","BOLIVIA"
"22778",2024,9,"OFICINA PUESTO DE CONTROL MARITIMO - PROV. CONST. DEL CALLAO","CANELA, corteza entera seca al natural",16000,"CAJA(S)","SRI LANKA"
"22779",2024,9,"PUESTO DE CONTROL TERRESTRE DESAGUADERO","SOYA, torta",1000,"GRANEL","BOLIVIA"
"22780",2024,9,"PUESTO DE CONTROL TERRESTRE DESAGUADERO","SOYA, torta",28000,"SACO(S)","BOLIVIA"
"22781",2024,9,"PUESTO DE CONTROL TERRESTRE DESAGUADERO","SOYA, torta",84000,"GRANEL","BOLIVIA"
"22782",2024,9,"OFICINA PUESTO DE CONTROL MARITIMO - PROV. CONST. DEL CALLAO","CANELA, corteza entera seca al natural",28500,"CAJA(S)","SRI LANKA"
"22783",2024,9,"PUESTO DE CONTROL TERRESTRE DESAGUADERO","SOYA, torta",84000,"GRANEL","BOLIVIA"
"22784",2024,9,"OFICINA PUESTO DE CONTROL MARITIMO - PROV. CONST. DEL CALLAO","NUEZ, con cáscara seca al natural",20000,"SACO(S)","CHILE"
"22785",2024,9,"PUESTO DE CONTROL TERRESTRE DESAGUADERO","SOYA, torta",28000,"GRANEL","BOLIVIA"
"22786",2024,9,"PUESTO DE CONTROL TERRESTRE DESAGUADERO","SOYA, torta",56000,"GRANEL","BOLIVIA"
"22787",2024,9,"PUESTO DE CONTROL TERRESTRE DESAGUADERO","SOYA, torta",8000,"GRANEL","BOLIVIA"
"22788",2024,9,"PUESTO DE CONTROL TERRESTRE DESAGUADERO","SOYA, torta",19000,"GRANEL","BOLIVIA"
"22789",2024,9,"PUERTO FLUVIAL MAZUZA, LORETO","AZUCAR BLANCA O REFINADA (lectura polarimetrica mayor 99.5°)",4e+05,"SACO(S)","BRASIL"
"22790",2024,9,"PUERTO FLUVIAL MAZUZA, LORETO","AZUCAR BLANCA O REFINADA (lectura polarimetrica mayor 99.5°)",1000020,"PAQUETES","BRASIL"
"22791",2024,9,"PUESTO DE CONTROL TERRESTRE DESAGUADERO","SOYA, torta",108260,"GRANEL","BOLIVIA"
"22792",2024,9,"PUESTO DE CONTROL TERRESTRE DESAGUADERO","SOYA, torta",3000,"GRANEL","BOLIVIA"
"22793",2024,9,"PUESTO DE CONTROL TERRESTRE DESAGUADERO","SOYA, torta",25500,"GRANEL","BOLIVIA"
"22794",2024,9,"PUESTO DE CONTROL TERRESTRE DESAGUADERO","SOYA, torta",49500,"GRANEL","BOLIVIA"
"22795",2024,9,"PUESTO DE CONTROL TERRESTRE DESAGUADERO","SOYA, torta",84000,"GRANEL","BOLIVIA"
"22796",2024,9,"PUESTO DE CONTROL TERRESTRE DESAGUADERO","SOYA, torta",84000,"GRANEL","BOLIVIA"
"22797",2024,9,"PUESTO DE CONTROL TERRESTRE DESAGUADERO","SOYA, torta",55500,"GRANEL","BOLIVIA"
"22798",2024,9,"PUERTO DE ILO, MOQUEGUA","MADERA, monturas y mangos de herramientas, monturas y mangos de cepillos, brochas o escobas, de madera; hormas, ensanchadores y tensores del calzado, de madera ; con algún proceso de la CRF 2",73,"PAQUETES","EEUU"
"22799",2024,9,"OFICINA PUESTO DE CONTROL MARITIMO - PROV. CONST. DEL CALLAO","LUPULO, pellets",16000,"PALETAS","ALEMANIA"
"22800",2024,9,"IÑAPARI, MADRE DE DIOS","ARROZ, grano pilado",16000,"SACO(S)","BRASIL"
"22801",2024,9,"IÑAPARI, MADRE DE DIOS","ARROZ, grano pilado",16020,"PAQUETES","BRASIL"
"22802",2024,9,"IÑAPARI, MADRE DE DIOS","ARROZ, grano pilado",32010,"FARDOS","BRASIL"
"22803",2024,9,"OFICINA PUESTO DE CONTROL MARITIMO - PROV. CONST. DEL CALLAO","AZUCAR CRUDA, sólido",149620,"SACO(S)","COLOMBIA"
"22804",2024,9,"OFICINA PUESTO DE CONTROL MARITIMO - PROV. CONST. DEL CALLAO","AZUCAR CRUDA, sólido",225000,"SACO(S)","COLOMBIA"
"22805",2024,9,"OFICINA PUESTO DE CONTROL MARITIMO - PROV. CONST. DEL CALLAO","AZUCAR BLANCA O REFINADA (lectura polarimetrica mayor 99.5°)",265000,"SACO(S)","NICARAGUA"
"22806",2024,9,"OFICINA PUESTO DE CONTROL MARITIMO - PROV. CONST. DEL CALLAO","NUEZ, cáscara molida",1360,"BOLSAS","CHINA"
"22807",2024,9,"PUESTO DE CONTROL TERRESTRE DESAGUADERO","SOYA, torta",56090,"GRANEL","BOLIVIA"
"22808",2024,9,"PUESTO DE CONTROL TERRESTRE DESAGUADERO","SOYA, torta",25500,"GRANEL","BOLIVIA"
"22809",2024,9,"PUESTO DE CONTROL TERRESTRE DESAGUADERO","SOYA, torta",1500,"GRANEL","BOLIVIA"
"22810",2024,9,"PUESTO DE CONTROL TERRESTRE DESAGUADERO","SOYA, torta",45000,"SACO(S)","BOLIVIA"
"22811",2024,9,"PUESTO DE CONTROL TERRESTRE DESAGUADERO","SOYA, torta",4579,"SACO(S)","BOLIVIA"
"22812",2024,9,"PUESTO DE CONTROL TERRESTRE DESAGUADERO","SOYA, torta",52000,"GRANEL","BOLIVIA"
"22813",2024,9,"PUESTO DE CONTROL TERRESTRE DESAGUADERO","SOYA, torta",2500,"GRANEL","BOLIVIA"
"22814",2024,9,"PUESTO DE CONTROL TERRESTRE DESAGUADERO","SOYA, torta",55610,"GRANEL","BOLIVIA"
"22815",2024,9,"OFICINA PUESTO DE CONTROL MARITIMO - PROV. CONST. DEL CALLAO","FOLLAJE, HOJAS, RAMAS Y DEMAS PARTES DE PLANTAS, sin flores ni capullos y hierbas, musgos y líquenes,para ramos o adornos con algún proceso de la CRF2.",722,"CAJA(S)","CHINA"
"22816",2024,9,"PUESTO DE CONTROL TERRESTRE DESAGUADERO","SOYA, torta",56000,"GRANEL","BOLIVIA"
"22817",2024,9,"PUESTO DE CONTROL TERRESTRE DESAGUADERO","SOYA, torta",40500,"GRANEL","BOLIVIA"
"22818",2024,9,"PUESTO DE CONTROL TERRESTRE DESAGUADERO","SOYA, torta",77000,"GRANEL","BOLIVIA"
"22819",2024,9,"OFICINA PUESTO DE CONTROL MARITIMO - PROV. CONST. DEL CALLAO","MAIZ, harina",26000,"PACAS","COLOMBIA"
"22820",2024,9,"OFICINA PUESTO DE CONTROL MARITIMO - PROV. CONST. DEL CALLAO","OREJAS DE JUDAS, seco industrial",4400,"CAJA(S)","CHINA"
"22821",2024,9,"OFICINA PUESTO DE CONTROL MARITIMO - PROV. CONST. DEL CALLAO","DATIL, seco industrial",2000,"CAJA(S)","CHINA"
"22822",2024,9,"OFICINA PUESTO DE CONTROL MARITIMO - PROV. CONST. DEL CALLAO","ALGODON, fibra sin cardar ni peinar (>22.22 mm = o <28.57 mm)",19470,"FARDOS","EEUU"
"22823",2024,9,"SANTA ROSA, TACNA","MANZANA, fruto fresco",23954.7,"CAJA(S)","CHILE"
"22824",2024,9,"OFICINA PUESTO DE CONTROL MARITIMO - PROV. CONST. DEL CALLAO","COCO, fibra (para sustrato)",24265,"PALETAS","SRI LANKA"
"22825",2024,9,"PUESTO DE CONTROL TERRESTRE DESAGUADERO","SOYA, torta",28000,"GRANEL","BOLIVIA"
"22826",2024,9,"OFICINA PUESTO DE CONTROL MARITIMO - PROV. CONST. DEL CALLAO","CAUCHO, técnicamente especificado (TSNR)",60480,"PALETAS","COLOMBIA"
"22827",2024,9,"SANTA ROSA, TACNA","KIWI, fruto fresco",10400,"CAJA(S)","CHILE"
"22828",2024,9,"SANTA ROSA, TACNA","MANZANA, fruto fresco",14896,"CAJA(S)","CHILE"
"22829",2024,9,"OFICINA PUESTO DE CONTROL MARITIMO - PROV. CONST. DEL CALLAO","AZUCAR BLANCA O REFINADA (lectura polarimetrica mayor 99.5°)",125000,"SACO(S)","COLOMBIA"
"22830",2024,9,"PUESTO DE CONTROL TERRESTRE DESAGUADERO","SOYA, grano",87000,"SACO(S)","BOLIVIA"
"22831",2024,9,"OFICINA PUESTO DE CONTROL MARITIMO - PROV. CONST. DEL CALLAO","AZUCAR BLANCA O REFINADA (lectura polarimetrica mayor 99.5°)",132500,"SACO(S)","COLOMBIA"
"22832",2024,9,"OFICINA PUESTO DE CONTROL MARITIMO - PROV. CONST. DEL CALLAO","TURBA",91497,"FARDOS","LETONIA"
"22833",2024,9,"PUESTO DE CONTROL TERRESTRE DESAGUADERO","AZUCAR BLANCA O REFINADA (lectura polarimetrica mayor 99.5°)",113000,"SACO(S)","BOLIVIA"
"22834",2024,9,"OFICINA PUESTO DE CONTROL MARITIMO - PROV. CONST. DEL CALLAO","MAIZ, harina",21600,"BOLSAS","COLOMBIA"
"22835",2024,9,"OFICINA PUESTO DE CONTROL MARITIMO - PROV. CONST. DEL CALLAO","CHIA, grano",24000,"SACO(S)","PARAGUAY"
"22836",2024,9,"OFICINA PUESTO DE CONTROL MARITIMO - PROV. CONST. DEL CALLAO","TRIGO, pellets",43860,"SACO(S)","MEXICO"
"22837",2024,9,"OFICINA PUESTO DE CONTROL MARITIMO - PROV. CONST. DEL CALLAO","ABONO DE ORIGEN VEGETAL ( sin tratamiento quimico, aditivos o mezcla con productos de origen animal) con algún proceso de la CRF 2",3000,"PALETAS","CHINA"
"22838",2024,9,"OFICINA PUESTO DE CONTROL MARITIMO - PROV. CONST. DEL CALLAO","CHIA, grano",24000,"SACO(S)","PARAGUAY"
"22839",2024,9,"OFICINA PUESTO DE CONTROL AEREO -  PROV. CONST. DEL CALLAO","ARANDANO, planta",187,"BINES DE MADERA","CHILE"
"22840",2024,9,"OFICINA PUESTO DE CONTROL MARITIMO - PROV. CONST. DEL CALLAO","CAUCHO, técnicamente especificado (TSNR)",20160,"PACAS","GUATEMALA"
"22841",2024,9,"OFICINA PUESTO DE CONTROL MARITIMO - PROV. CONST. DEL CALLAO","CAUCHO, hojas ahumadas",26460,"PALETAS","VIETNAM"
"22842",2024,9,"OFICINA PUESTO DE CONTROL MARITIMO - PROV. CONST. DEL CALLAO","TRACTOR USADO, con motor de potencia superior a 75 kW pero inferior o igual a 130 kW",52163.1,"UNIDADES","EEUU"
"22843",2024,9,"OFICINA PUESTO DE CONTROL MARITIMO - PROV. CONST. DEL CALLAO","GARBANZO, grano",22880,"SACO(S)","MEXICO"
"22844",2024,9,"OFICINA PUESTO DE CONTROL AEREO -  PROV. CONST. DEL CALLAO","PIMIENTO, semilla",0.227,"SACHETS","HOLANDA"
"22845",2024,9,"OFICINA PUESTO DE CONTROL AEREO -  PROV. CONST. DEL CALLAO","CALABAZA MOSCADA, semilla",1.121,"SACHETS","HOLANDA"
"22846",2024,9,"OFICINA PUESTO DE CONTROL AEREO -  PROV. CONST. DEL CALLAO","PEPINILLO, semilla",0.123,"SACHETS","FRANCIA"
"22847",2024,9,"OFICINA PUESTO DE CONTROL AEREO -  PROV. CONST. DEL CALLAO","CALABAZA MOSCADA, semilla",0.424,"SACHETS","HOLANDA"
"22848",2024,9,"OFICINA PUESTO DE CONTROL AEREO -  PROV. CONST. DEL CALLAO","PIMIENTO, semilla",0.343998,"SACHETS","HOLANDA"
"22849",2024,9,"OFICINA PUESTO DE CONTROL AEREO -  PROV. CONST. DEL CALLAO","PIMIENTO, semilla",0.237,"SACHETS","ESPAÑA"
"22850",2024,9,"OFICINA PUESTO DE CONTROL AEREO -  PROV. CONST. DEL CALLAO","SANDIA, semilla",0.98,"SACHETS","JAPON"
"22851",2024,9,"OFICINA PUESTO DE CONTROL AEREO -  PROV. CONST. DEL CALLAO","PIMIENTO, semilla",1.68,"SACHETS","HOLANDA"
"22852",2024,9,"AGUAS VERDES, TUMBES","PITAHAYA, fruto fresco",5700,"CAJA(S)","ECUADOR"
"22853",2024,9,"OFICINA PUESTO DE CONTROL AEREO -  PROV. CONST. DEL CALLAO","TOMATE, semilla",0.059,"SACHETS","EEUU"
"22854",2024,9,"OFICINA PUESTO DE CONTROL MARITIMO - PROV. CONST. DEL CALLAO","CANELA, corteza entera seca al natural",30000,"CAJA(S)","SRI LANKA"
"22855",2024,9,"OFICINA PUESTO DE CONTROL MARITIMO - PROV. CONST. DEL CALLAO","LENTEJA, grano",124965,"SACO(S)","CANADA"
"22856",2024,9,"OFICINA PUESTO DE CONTROL MARITIMO - PROV. CONST. DEL CALLAO","LENTEJA, grano",124965,"SACO(S)","CANADA"
"22857",2024,9,"OFICINA PUESTO DE CONTROL MARITIMO - PROV. CONST. DEL CALLAO","ARVEJA, grano partido",92532,"SACO(S)","EEUU"
"22858",2024,9,"OFICINA PUESTO DE CONTROL AEREO -  PROV. CONST. DEL CALLAO","SANDIA, semilla",0.125,"SACHETS","EEUU"
"22859",2024,9,"OFICINA PUESTO DE CONTROL AEREO -  PROV. CONST. DEL CALLAO","SANDIA, semilla",0.583,"SACHETS","EEUU"
"22860",2024,9,"OFICINA PUESTO DE CONTROL AEREO -  PROV. CONST. DEL CALLAO","ARANDANO, planta",1977,"CAJA(S)","CHILE"
"22861",2024,9,"PUESTO DE CONTROL TERRESTRE DESAGUADERO","SOYA, grano",87000,"SACO(S)","BOLIVIA"
"22862",2024,9,"PUESTO DE CONTROL TERRESTRE DESAGUADERO","SOYA, torta",51000,"GRANEL","BOLIVIA"
"22863",2024,9,"OFICINA PUESTO DE CONTROL AEREO -  PROV. CONST. DEL CALLAO","ANTIRRINO, semilla",0.007,"SACHETS","EEUU"
"22864",2024,9,"OFICINA PUESTO DE CONTROL AEREO -  PROV. CONST. DEL CALLAO","COREOPSIS, semilla",0.159,"SACHETS","EEUU"
"22865",2024,9,"OFICINA PUESTO DE CONTROL AEREO -  PROV. CONST. DEL CALLAO","COSMOS, semilla",0.187,"SACHETS","EEUU"
"22866",2024,9,"OFICINA PUESTO DE CONTROL AEREO -  PROV. CONST. DEL CALLAO","GERANIO, semilla",1.085,"FRASCO(S)","EEUU"
"22867",2024,9,"OFICINA PUESTO DE CONTROL AEREO -  PROV. CONST. DEL CALLAO","GERANIO, semilla",1.603,"SACHETS","EEUU"
"22868",2024,9,"OFICINA PUESTO DE CONTROL AEREO -  PROV. CONST. DEL CALLAO","Impatiens, semilla",0.05,"SACHETS","EEUU"
"22869",2024,9,"OFICINA PUESTO DE CONTROL AEREO -  PROV. CONST. DEL CALLAO","PETUNIA, semilla",0.086,"SACHETS","EEUU"
"22870",2024,9,"OFICINA PUESTO DE CONTROL AEREO -  PROV. CONST. DEL CALLAO","SALVIA, semilla",0.034,"SACHETS","EEUU"
"22871",2024,9,"OFICINA PUESTO DE CONTROL AEREO -  PROV. CONST. DEL CALLAO","SALVIA, semilla",0.286,"SACHETS","EEUU"
"22872",2024,9,"OFICINA PUESTO DE CONTROL AEREO -  PROV. CONST. DEL CALLAO","VERBENA, semilla",0.169,"SACHETS","EEUU"
"22873",2024,9,"OFICINA PUESTO DE CONTROL AEREO -  PROV. CONST. DEL CALLAO","VINCA, semilla",0.104,"SACHETS","EEUU"
"22874",2024,9,"OFICINA PUESTO DE CONTROL AEREO -  PROV. CONST. DEL CALLAO","ZINNIA, semilla",1.065,"SACHETS","EEUU"
"22875",2024,9,"SANTA ROSA, TACNA","MANZANA, fruto fresco",23128,"CAJA(S)","CHILE"
"22876",2024,9,"SANTA ROSA, TACNA","MANZANA, fruto fresco",23100,"CAJA(S)","CHILE"
"22877",2024,9,"OFICINA PUESTO DE CONTROL MARITIMO - PROV. CONST. DEL CALLAO","TÉ VERDE, polvo",120,"SACO(S)","ARGENTINA"
"22878",2024,9,"PUESTO DE CONTROL TERRESTRE DESAGUADERO","AZUCAR BLANCA O REFINADA (lectura polarimetrica mayor 99.5°)",87000,"SACO(S)","BOLIVIA"
"22879",2024,9,"PUESTO DE CONTROL TERRESTRE DESAGUADERO","MANI, grano sin cáscara",58000,"SACO(S)","BOLIVIA"
"22880",2024,9,"OFICINA PUESTO DE CONTROL MARITIMO - PROV. CONST. DEL CALLAO","MADERA, en bruto de coníferas tratada agentes de conservación
",51610,"UNIDADES","CHILE"
"22881",2024,9,"OFICINA PUESTO DE CONTROL MARITIMO - PROV. CONST. DEL CALLAO","UVA (PASAS), secas naturalmente",21000,"CAJA(S)","CHILE"
"22882",2024,9,"PUERTO DE MATARANI , AREQUIPA","MADERA, en bruto de coníferas tratada agentes de conservación
",54296,"PIEZAS","EEUU"
"22883",2024,9,"IÑAPARI, MADRE DE DIOS","MAIZ AMARILLO DURO, grano",96000,"SACO(S)","BRASIL"
"22884",2024,9,"PUERTO DE PAITA , PIURA","TURBA",135034,"BIG BAG","LETONIA"
"22885",2024,9,"PUESTO DE CONTROL TERRESTRE DESAGUADERO","SOYA, torta",50000,"GRANEL","BOLIVIA"
"22886",2024,9,"AGUAS VERDES, TUMBES","Las demás coniferas, las demas maderas aserradas o desbastadas longitudinalmente, cortada o desenrollada, incluso cepillada,lijada o unida por lo extremos, de espesor superior a 6 mm, con algun tratamiento de la CRF 2",28850,"PIEZAS","ECUADOR"
"22887",2024,9,"PUERTO DE PAITA , PIURA","TURBA",203040,"BIG BAG","HOLANDA"
"22888",2024,9,"PUERTO DE PAITA , PIURA","TURBA",21978,"BIG BAG","LETONIA"
"22889",2024,9,"PUERTO DE PAITA , PIURA","TURBA",203040,"BIG BAG","HOLANDA"
"22890",2024,9,"PUESTO DE CONTROL TERRESTRE DESAGUADERO","SOYA, torta",146000,"SACO(S)","BOLIVIA"
"22891",2024,9,"OFICINA PUESTO DE CONTROL MARITIMO - PROV. CONST. DEL CALLAO","LENTEJA, grano",88150,"SACO(S)","EEUU"
"22892",2024,9,"PUESTO DE CONTROL TERRESTRE DESAGUADERO","FREJOL NEGRO, grano",28000,"SACO(S)","BOLIVIA"
"22893",2024,9,"PUESTO DE CONTROL TERRESTRE DESAGUADERO","FREJOL NEGRO, grano",28000,"SACO(S)","BOLIVIA"
"22894",2024,9,"OFICINA PUESTO DE CONTROL MARITIMO - PROV. CONST. DEL CALLAO","MAIZ AMARILLO DURO, grano",23915450,"GRANEL","ARGENTINA"
"22895",2024,9,"PUESTO DE CONTROL TERRESTRE DESAGUADERO","FREJOL NEGRO, grano",29000,"SACO(S)","BOLIVIA"
"22896",2024,9,"OFICINA PUESTO DE CONTROL MARITIMO - PROV. CONST. DEL CALLAO","MAIZ REVENTON, grano",260000,"BOLSAS","BRASIL"
"22897",2024,9,"PUERTO DE SALAVERRY, LA LIBERTAD","MAIZ AMARILLO DURO, grano",20725430,"GRANEL","ARGENTINA"
"22898",2024,9,"PUESTO DE CONTROL TERRESTRE DESAGUADERO","SOYA, torta",50000,"GRANEL","BOLIVIA"
"22899",2024,9,"PUESTO DE CONTROL TERRESTRE DESAGUADERO","SOYA, torta",82500,"GRANEL","BOLIVIA"
"22900",2024,9,"PUESTO DE CONTROL TERRESTRE DESAGUADERO","SOYA, torta",39100,"GRANEL","BOLIVIA"
"22901",2024,9,"AGUAS VERDES, TUMBES","Las demás coniferas, las demas maderas aserradas o desbastadas longitudinalmente, cortada o desenrollada, incluso cepillada,lijada o unida por lo extremos, de espesor superior a 6 mm, con algun tratamiento de la CRF 2",25600,"PIEZAS","ECUADOR"
"22902",2024,9,"PUESTO DE CONTROL TERRESTRE DESAGUADERO","SOYA, torta",83980,"GRANEL","BOLIVIA"
"22903",2024,9,"PUESTO DE CONTROL TERRESTRE DESAGUADERO","SOYA, torta",115000,"SACO(S)","BOLIVIA"
"22904",2024,9,"PUESTO DE CONTROL TERRESTRE DESAGUADERO","SOYA, torta",103080,"GRANEL","BOLIVIA"
"22905",2024,9,"PUESTO DE CONTROL TERRESTRE DESAGUADERO","SOYA, torta",113500,"SACO(S)","BOLIVIA"
"22906",2024,9,"PUESTO DE CONTROL TERRESTRE DESAGUADERO","SOYA, torta",8240,"GRANEL","BOLIVIA"
"22907",2024,9,"PUESTO DE CONTROL TERRESTRE DESAGUADERO","SOYA, torta",83900,"GRANEL","BOLIVIA"
"22908",2024,9,"PUESTO DE CONTROL TERRESTRE DESAGUADERO","SOYA, torta",144500,"SACO(S)","BOLIVIA"
"22909",2024,9,"AGUAS VERDES, TUMBES","CAÑA DE GUAYAQUIL, seca al natural",26000,"UNIDADES","ECUADOR"
"22910",2024,9,"PUESTO DE CONTROL TERRESTRE DESAGUADERO","SOYA, torta",145000,"SACO(S)","BOLIVIA"
"22911",2024,9,"PUESTO DE CONTROL TERRESTRE DESAGUADERO","SOYA, torta",144000,"SACO(S)","BOLIVIA"
"22912",2024,9,"PUESTO DE CONTROL TERRESTRE DESAGUADERO","SOYA, torta",18230,"GRANEL","BOLIVIA"
"22913",2024,9,"OFICINA PUESTO DE CONTROL AEREO -  PROV. CONST. DEL CALLAO","MAIZ, harina",0.35,"BOLSAS","EEUU"
"22914",2024,9,"PUESTO DE CONTROL TERRESTRE DESAGUADERO","SOYA, grano",56000,"GRANEL","BOLIVIA"
"22915",2024,9,"PUESTO DE CONTROL TERRESTRE DESAGUADERO","SOYA, grano",140000,"GRANEL","BOLIVIA"
"22916",2024,9,"PUESTO DE CONTROL TERRESTRE DESAGUADERO","SOYA, harina",28000,"SACO(S)","BOLIVIA"
"22917",2024,9,"PUESTO DE CONTROL TERRESTRE DESAGUADERO","SOYA, harina",27694,"SACO(S)","BOLIVIA"
"22918",2024,9,"OFICINA PUESTO DE CONTROL AEREO -  PROV. CONST. DEL CALLAO","ARANDANO, planta",913,"CAJA(S)","CHILE"
"22919",2024,9,"PUESTO DE CONTROL TERRESTRE DESAGUADERO","SOYA, torta",145000,"SACO(S)","BOLIVIA"
"22920",2024,9,"PUESTO DE CONTROL TERRESTRE DESAGUADERO","SOYA, torta",177500,"SACO(S)","BOLIVIA"
"22921",2024,9,"PUESTO DE CONTROL TERRESTRE DESAGUADERO","SOYA, harina",174000,"SACO(S)","BOLIVIA"
