,Año,Mes,Sede,Producto,Peso.Kg.,Tipo.de.Envase,Pais.Origen
15995,2025,7,OFICINA PUESTO DE CONTROL MARITIMO - PROV. CONST. DEL CALLAO,"UVA (PASAS), secas naturalmente",20000,CAJA(S),CHILE
15996,2025,7,PUESTO DE CONTROL TERRESTRE DESAGUADERO,"SOYA, harina",58000,SACO(S),BOLIVIA
15997,2025,7,PUESTO DE CONTROL TERRESTRE DESAGUADERO,"SOYA, harina",87000,SACO(S),BOLIVIA
15998,2025,7,PUESTO DE CONTROL TERRESTRE DESAGUADERO,"SOYA, torta",144000,SACO(S),BOLIVIA
15999,2025,7,OFICINA PUESTO DE CONTROL AEREO -  PROV. CONST. DEL CALLAO,"VID, estaca enraizada",99.56,CAJA(S),EEUU
16000,2025,7,OFICINA PUESTO DE CONTROL MARITIMO - PROV. CONST. DEL CALLAO,"PERA, fruta fresca",22680,CAJA(S),ARGENTINA
16001,2025,7,OFICINA PUESTO DE CONTROL MARITIMO - PROV. CONST. DEL CALLAO,"PERA, fruta fresca",22680,CAJA(S),ARGENTINA
16002,2025,7,OFICINA PUESTO DE CONTROL MARITIMO - PROV. CONST. DEL CALLAO,"PERA, fruta fresca",22680,CAJA(S),ARGENTINA
16003,2025,7,OFICINA PUESTO DE CONTROL MARITIMO - PROV. CONST. DEL CALLAO,"PERA, fruta fresca",22680,CAJA(S),ARGENTINA
16004,2025,7,OFICINA PUESTO DE CONTROL MARITIMO - PROV. CONST. DEL CALLAO,"PERA, fruta fresca",22680,CAJA(S),ARGENTINA
16005,2025,7,OFICINA PUESTO DE CONTROL MARITIMO - PROV. CONST. DEL CALLAO,"PERA, fruta fresca",22680,CAJA(S),ARGENTINA
16006,2025,7,OFICINA PUESTO DE CONTROL MARITIMO - PROV. CONST. DEL CALLAO,"PERA, fruta fresca",22680,CAJA(S),ARGENTINA
16007,2025,7,OFICINA PUESTO DE CONTROL MARITIMO - PROV. CONST. DEL CALLAO,"PERA, fruta fresca",22680,CAJA(S),ARGENTINA
16008,2025,7,OFICINA PUESTO DE CONTROL MARITIMO - PROV. CONST. DEL CALLAO,"LENTEJA, grano",47174,SACO(S),EEUU
16009,2025,7,PUESTO DE CONTROL TERRESTRE DESAGUADERO,"SOYA, harina",145000,SACO(S),BOLIVIA
16010,2025,7,OFICINA PUESTO DE CONTROL MARITIMO - PROV. CONST. DEL CALLAO,"ARROZ, parbolizado pulido o sin cáscara",132500,SACO(S),BRASIL
16011,2025,7,OFICINA PUESTO DE CONTROL MARITIMO - PROV. CONST. DEL CALLAO,"ARROZ, parbolizado pulido o sin cáscara",132500,SACO(S),BRASIL
16012,2025,7,PUESTO DE CONTROL TERRESTRE DESAGUADERO,"SOYA, torta",128000,SACO(S),BOLIVIA
16013,2025,7,"SANTA ROSA, TACNA","LENTEJA, grano",49804,BOLSAS,CANADA
16014,2025,7,OFICINA PUESTO DE CONTROL MARITIMO - PROV. CONST. DEL CALLAO,"MAIZ AMARILLO DURO, grano",35196760,GRANEL,ARGENTINA
16015,2025,7,OFICINA PUESTO DE CONTROL MARITIMO - PROV. CONST. DEL CALLAO,"COCO, fibra (para sustrato)",239740,PALETAS,INDIA
16016,2025,7,OFICINA PUESTO DE CONTROL AEREO -  PROV. CONST. DEL CALLAO,"ARROZ, parbolizado pulido o sin cáscara",2,BOLSAS,TAILANDIA
16017,2025,7,OFICINA PUESTO DE CONTROL MARITIMO - PROV. CONST. DEL CALLAO,"ARVEJA, grano partido",249930,SACO(S),CANADA
16018,2025,7,PUESTO DE CONTROL TERRESTRE DESAGUADERO,"MANI, grano sin cáscara",26000,SACO(S),BOLIVIA
16019,2025,7,OFICINA PUESTO DE CONTROL MARITIMO - PROV. CONST. DEL CALLAO,"YUCA (=MANDIOCA), fécula",38000,SACO(S),TAILANDIA
16020,2025,7,PUESTO DE CONTROL TERRESTRE DESAGUADERO,"MANI, grano sin cáscara",56000,SACO(S),BOLIVIA
16021,2025,7,OFICINA PUESTO DE CONTROL MARITIMO - PROV. CONST. DEL CALLAO,"ROTEN (=Ratán), artículos de cestería obtenidos directamente en su forma con materia trenzable con algún proceso de la CRF2",51,CAJA(S),VIETNAM
16022,2025,7,OFICINA PUESTO DE CONTROL MARITIMO - PROV. CONST. DEL CALLAO,"Articulos de cesteria (canastos, cestos u otros), con algun proceso de la CRF2",426.6,CAJA(S),VIETNAM
16023,2025,7,PUESTO DE CONTROL TERRESTRE DESAGUADERO,"SOYA, torta",116000,SACO(S),BOLIVIA
16024,2025,7,PUESTO DE CONTROL TERRESTRE DESAGUADERO,"SOYA, torta",115000,SACO(S),BOLIVIA
16025,2025,7,PUESTO DE CONTROL TERRESTRE DESAGUADERO,"SOYA, torta",115000,SACO(S),BOLIVIA
16026,2025,7,PUESTO DE CONTROL TERRESTRE DESAGUADERO,"SOYA, torta",115000,SACO(S),BOLIVIA
16027,2025,7,PUESTO DE CONTROL TERRESTRE DESAGUADERO,"SOYA, torta",116000,SACO(S),BOLIVIA
16028,2025,7,PUESTO DE CONTROL TERRESTRE DESAGUADERO,"SOYA, harina",24500,SACO(S),BOLIVIA
16029,2025,7,PUESTO DE CONTROL TERRESTRE DESAGUADERO,"SOYA, torta",28000,GRANEL,BOLIVIA
16030,2025,7,PUESTO DE CONTROL TERRESTRE DESAGUADERO,"SOYA, torta",26027,SACO(S),BOLIVIA
16031,2025,7,PUESTO DE CONTROL TERRESTRE DESAGUADERO,"SOYA, torta",27520,GRANEL,BOLIVIA
16032,2025,7,PUESTO DE CONTROL TERRESTRE DESAGUADERO,"SOYA, torta",28000,GRANEL,BOLIVIA
16033,2025,7,"AGUAS VERDES, TUMBES","Las demás coniferas, las demas maderas aserradas o desbastadas longitudinalmente, cortada o desenrollada, incluso cepillada,lijada o unida por lo extremos, de espesor superior a 6 mm, con algun tratamiento de la CRF 2",53610,PIEZAS,ECUADOR
16034,2025,7,OFICINA PUESTO DE CONTROL MARITIMO - PROV. CONST. DEL CALLAO,TURBA,178406,BIG BAG,HOLANDA
16035,2025,7,PUESTO DE CONTROL TERRESTRE DESAGUADERO,"SOYA, torta",116000,SACO(S),BOLIVIA
16036,2025,7,OFICINA PUESTO DE CONTROL MARITIMO - PROV. CONST. DEL CALLAO,TURBA,169347,BIG BAG,HOLANDA
16037,2025,7,PUESTO DE CONTROL TERRESTRE DESAGUADERO,"SOYA, harina",116000,SACO(S),BOLIVIA
16038,2025,7,PUESTO DE CONTROL TERRESTRE DESAGUADERO,"SOYA, harina",87000,SACO(S),BOLIVIA
16039,2025,7,PUESTO DE CONTROL TERRESTRE DESAGUADERO,"SOYA, torta",140000,SACO(S),BOLIVIA
16040,2025,7,OFICINA PUESTO DE CONTROL MARITIMO - PROV. CONST. DEL CALLAO,"NARANJA, fruto fresco",24320,CAJA(S),CHILE
16041,2025,7,PUESTO DE CONTROL TERRESTRE DESAGUADERO,"SOYA, harina",29000,SACO(S),BOLIVIA
16042,2025,7,PUESTO DE CONTROL TERRESTRE DESAGUADERO,"SOYA, harina",29000,SACO(S),BOLIVIA
16043,2025,7,PUESTO DE CONTROL TERRESTRE DESAGUADERO,"SOYA, harina",28000,SACO(S),BOLIVIA
16044,2025,7,PUESTO DE CONTROL TERRESTRE DESAGUADERO,"SOYA, harina",29000,SACO(S),BOLIVIA
16045,2025,7,OFICINA PUESTO DE CONTROL MARITIMO - PROV. CONST. DEL CALLAO,"COCO, fibra (para sustrato)",128580,PALETAS,INDIA
16046,2025,7,"AGUAS VERDES, TUMBES","ROSA, flores frescas cortadas",4294,CAJA(S),ECUADOR
16047,2025,7,"AGUAS VERDES, TUMBES","CRISANTEMO, flores frescas cortadas",1066,CAJA(S),ECUADOR
16048,2025,7,"AGUAS VERDES, TUMBES","LILIUM (=AZUCENA), flores frescas cortadas",380,CAJA(S),ECUADOR
16049,2025,7,PUESTO DE CONTROL TERRESTRE DESAGUADERO,"SOYA, torta",111000,SACO(S),BOLIVIA
16050,2025,7,PUESTO DE CONTROL TERRESTRE DESAGUADERO,"SOYA, torta",106000,SACO(S),BOLIVIA
16051,2025,7,PUESTO DE CONTROL TERRESTRE DESAGUADERO,"SOYA, torta",117500,SACO(S),BOLIVIA
16052,2025,7,PUESTO DE CONTROL TERRESTRE DESAGUADERO,"SOYA, torta",145000,SACO(S),BOLIVIA
16053,2025,7,PUESTO DE CONTROL TERRESTRE DESAGUADERO,"SOYA, torta",116000,SACO(S),BOLIVIA
16054,2025,7,PUESTO DE CONTROL TERRESTRE DESAGUADERO,"SOYA, torta",116000,SACO(S),BOLIVIA
16055,2025,7,PUESTO DE CONTROL TERRESTRE DESAGUADERO,"Soya, harina prensada",50000,SACO(S),BOLIVIA
16056,2025,7,PUESTO DE CONTROL TERRESTRE DESAGUADERO,"SOYA, harina",87000,SACO(S),BOLIVIA
16057,2025,7,"PUERTO DE PISCO , ICA","PINO, postes de madera con algun proceso de la CRF 2",74040,UNIDADES,EEUU
16058,2025,7,OFICINA PUESTO DE CONTROL AEREO -  PROV. CONST. DEL CALLAO,"CAFE, planta",36,CAJA(S),COSTA RICA
16059,2025,7,OFICINA PUESTO DE CONTROL MARITIMO - PROV. CONST. DEL CALLAO,"AJONJOLI, grano",15000,BOLSAS,GUATEMALA
16060,2025,7,OFICINA PUESTO DE CONTROL AEREO -  PROV. CONST. DEL CALLAO,TE VERDE,52,BOLSAS,CANADA
16061,2025,7,OFICINA PUESTO DE CONTROL AEREO -  PROV. CONST. DEL CALLAO,TE VERDE,22.4,BOLSAS,CANADA
16062,2025,7,OFICINA PUESTO DE CONTROL MARITIMO - PROV. CONST. DEL CALLAO,TURBA,120981,BIG BAG,LETONIA
16063,2025,7,OFICINA PUESTO DE CONTROL MARITIMO - PROV. CONST. DEL CALLAO,"ARROZ, grano pulido o pilado var. basmati",20500,BOLSAS,INDIA
16064,2025,7,OFICINA PUESTO DE CONTROL MARITIMO - PROV. CONST. DEL CALLAO,"COCO, fibra (para sustrato)",273760,PALETAS,SRI LANKA
16065,2025,7,OFICINA PUESTO DE CONTROL MARITIMO - PROV. CONST. DEL CALLAO,"TRIGO, gluten",17700,BOLSAS,ALEMANIA
16066,2025,7,OFICINA PUESTO DE CONTROL MARITIMO - PROV. CONST. DEL CALLAO,"ARVEJA, grano entero",99972,SACO(S),CANADA
16067,2025,7,OFICINA PUESTO DE CONTROL MARITIMO - PROV. CONST. DEL CALLAO,"LENTEJA, grano",260820,SACO(S),CANADA
16068,2025,7,PUESTO DE CONTROL TERRESTRE DESAGUADERO,AZUCAR BLANCA O REFINADA (lectura polarimetrica mayor 99.5°),134000,SACO(S),BOLIVIA
16069,2025,7,OFICINA PUESTO DE CONTROL AEREO -  PROV. CONST. DEL CALLAO,"SANDIA, semilla",7.169,SACHETS,HOLANDA
16070,2025,7,OFICINA PUESTO DE CONTROL MARITIMO - PROV. CONST. DEL CALLAO,"BAMBU, artículos de cestería obtenidos directamente en su forma con materia trenzable con algún proceso de la CRF 2",244.8,PAQUETES,CHINA
16071,2025,7,OFICINA PUESTO DE CONTROL MARITIMO - PROV. CONST. DEL CALLAO,"Articulos para fiestas de navidad que sean o contengan material vegetal
",288,UNIDADES,VIETNAM
16072,2025,7,OFICINA PUESTO DE CONTROL MARITIMO - PROV. CONST. DEL CALLAO,"ROTEN (=Ratán), artículos de cestería obtenidos directamente en su forma con materia trenzable con algún proceso de la CRF2",445.8,UNIDADES,VIETNAM
16073,2025,7,OFICINA PUESTO DE CONTROL MARITIMO - PROV. CONST. DEL CALLAO,"BAMBU, artículos de cestería obtenidos directamente en su forma con materia trenzable con algún proceso de la CRF 2",401.041,PAQUETES,VIETNAM
16074,2025,7,OFICINA PUESTO DE CONTROL MARITIMO - PROV. CONST. DEL CALLAO,"ROTEN (=Ratán), artículos de cestería obtenidos directamente en su forma con materia trenzable con algún proceso de la CRF2",202.099,UNIDADES,VIETNAM
16075,2025,7,OFICINA PUESTO DE CONTROL MARITIMO - PROV. CONST. DEL CALLAO,"Articulos de cesteria (canastos, cestos u otros), con algun proceso de la CRF2",2667.006,UNIDADES,VIETNAM
16076,2025,7,OFICINA PUESTO DE CONTROL AEREO -  PROV. CONST. DEL CALLAO,"PEPINILLO, semilla",0.929,LATAS,HOLANDA
16077,2025,7,OFICINA PUESTO DE CONTROL MARITIMO - PROV. CONST. DEL CALLAO,"CAUCHO, hojas ahumadas",18000,PACAS,VIETNAM
16078,2025,7,OFICINA PUESTO DE CONTROL MARITIMO - PROV. CONST. DEL CALLAO,"CAUCHO, técnicamente especificado (TSNR)",10000,PACAS,VIETNAM
16079,2025,7,OFICINA PUESTO DE CONTROL AEREO -  PROV. CONST. DEL CALLAO,"TOMATE, semilla",0.045,SACHETS,HOLANDA
16080,2025,7,OFICINA PUESTO DE CONTROL AEREO -  PROV. CONST. DEL CALLAO,"TOMATE, semilla",0.0859,SACHETS,FRANCIA
16081,2025,7,OFICINA PUESTO DE CONTROL AEREO -  PROV. CONST. DEL CALLAO,"PEPINILLO, semilla",2.12,LATAS,HOLANDA
16082,2025,7,OFICINA PUESTO DE CONTROL AEREO -  PROV. CONST. DEL CALLAO,"TOMATE, semilla",0.0157,SACHETS,JAPON
16083,2025,7,OFICINA PUESTO DE CONTROL AEREO -  PROV. CONST. DEL CALLAO,"MELON, semilla",9.661,SACHETS,HOLANDA
16084,2025,7,PUESTO DE CONTROL TERRESTRE DESAGUADERO,"SOYA, harina",145000,SACO(S),BOLIVIA
16085,2025,7,OFICINA PUESTO DE CONTROL MARITIMO - PROV. CONST. DEL CALLAO,"TRIGO, almidon",3459.48,CAJA(S),CHINA
16086,2025,7,OFICINA PUESTO DE CONTROL MARITIMO - PROV. CONST. DEL CALLAO,"ALGODON, fibra sin cardar ni peinar (>34.92 mm)",97390,FARDOS,EEUU
16087,2025,7,PUESTO DE CONTROL TERRESTRE DESAGUADERO,"SOYA, harina",116000,SACO(S),BOLIVIA
16088,2025,7,PUESTO DE CONTROL TERRESTRE DESAGUADERO,"SOYA, torta",87000,SACO(S),BOLIVIA
16089,2025,7,PUESTO DE CONTROL TERRESTRE DESAGUADERO,"SOYA, harina",145000,SACO(S),BOLIVIA
16090,2025,7,OFICINA PUESTO DE CONTROL MARITIMO - PROV. CONST. DEL CALLAO,"JACINTO DE AGUA, trenzados o confeccionados con algún proceso de la CRF2",766.5,UNIDADES,CHINA
16091,2025,7,OFICINA PUESTO DE CONTROL MARITIMO - PROV. CONST. DEL CALLAO,Los demas articulos de cesteria con algun proceso de CRF 2,197.4,UNIDADES,CHINA
16092,2025,7,PUESTO DE CONTROL TERRESTRE DESAGUADERO,AZUCAR BLANCA O REFINADA (lectura polarimetrica mayor 99.5°),84000,BIG BAG,BOLIVIA
16093,2025,7,PUESTO DE CONTROL TERRESTRE DESAGUADERO,"SOYA, torta",171500,SACO(S),BOLIVIA
16094,2025,7,OFICINA PUESTO DE CONTROL MARITIMO - PROV. CONST. DEL CALLAO,"MOSTAZA, harina",14000,BOLSAS,CANADA
16095,2025,7,OFICINA PUESTO DE CONTROL AEREO -  PROV. CONST. DEL CALLAO,"ARVEJA, grano partido",1,BOLSAS,CANADA
16096,2025,7,PUESTO DE CONTROL TERRESTRE DESAGUADERO,"SOYA, torta",26926,SACO(S),BOLIVIA
16097,2025,7,PUESTO DE CONTROL TERRESTRE DESAGUADERO,"SOYA, torta",56687,SACO(S),BOLIVIA
16098,2025,7,OFICINA PUESTO DE CONTROL MARITIMO - PROV. CONST. DEL CALLAO,"AVELLANA, sin cascara seca industrial",10,BOLSAS,ITALIA
16099,2025,7,OFICINA PUESTO DE CONTROL MARITIMO - PROV. CONST. DEL CALLAO,"PIÑON, sin cascara seca industrialmente",120,BOLSAS,ITALIA
16100,2025,7,"AGUAS VERDES, TUMBES","CAÑA DE GUAYAQUIL, seca al natural",32000,UNIDADES,ECUADOR
16101,2025,7,PUESTO DE CONTROL TERRESTRE DESAGUADERO,"SOYA, harina",57524,SACO(S),BOLIVIA
16102,2025,7,OFICINA PUESTO DE CONTROL AEREO -  PROV. CONST. DEL CALLAO,"TOMATE, semilla",0.019,SACHETS,FRANCIA
16103,2025,7,OFICINA PUESTO DE CONTROL MARITIMO - PROV. CONST. DEL CALLAO,"PINO, madera aserrada con algún proceso de la CRF2",155920,PAQUETES,CHILE
16104,2025,7,OFICINA PUESTO DE CONTROL MARITIMO - PROV. CONST. DEL CALLAO,"PECANA, sin cáscara secado industrial",10888,CAJA(S),MEXICO
16105,2025,7,PUESTO DE CONTROL TERRESTRE DESAGUADERO,"SOYA, torta",116000,SACO(S),BOLIVIA
16106,2025,7,PUESTO DE CONTROL TERRESTRE DESAGUADERO,"SOYA, torta",116000,SACO(S),BOLIVIA
16107,2025,7,OFICINA PUESTO DE CONTROL MARITIMO - PROV. CONST. DEL CALLAO,AZUCAR BLANCA O REFINADA (lectura polarimetrica mayor 99.5°),265000,SACO(S),COLOMBIA
16108,2025,7,OFICINA PUESTO DE CONTROL MARITIMO - PROV. CONST. DEL CALLAO,AZUCAR BLANCA O REFINADA (lectura polarimetrica mayor 99.5°),52988,SACO(S),COLOMBIA
16109,2025,7,PUESTO DE CONTROL TERRESTRE DESAGUADERO,"SOYA, torta",116000,SACO(S),BOLIVIA
16110,2025,7,PUESTO DE CONTROL TERRESTRE DESAGUADERO,"SOYA, torta",87000,SACO(S),BOLIVIA
16111,2025,7,OFICINA PUESTO DE CONTROL MARITIMO - PROV. CONST. DEL CALLAO,"UVA (PASAS), secas naturalmente",20000,CAJA(S),CHILE
16112,2025,7,OFICINA PUESTO DE CONTROL MARITIMO - PROV. CONST. DEL CALLAO,"PERA, fruta fresca",22680,CAJA(S),ARGENTINA
16113,2025,7,OFICINA PUESTO DE CONTROL MARITIMO - PROV. CONST. DEL CALLAO,"PERA, fruta fresca",22680,CAJA(S),ARGENTINA
16114,2025,7,OFICINA PUESTO DE CONTROL MARITIMO - PROV. CONST. DEL CALLAO,"PERA, fruta fresca",22680,CAJA(S),ARGENTINA
16115,2025,7,OFICINA PUESTO DE CONTROL MARITIMO - PROV. CONST. DEL CALLAO,"PERA, fruta fresca",23814,CAJA(S),ARGENTINA
16116,2025,7,OFICINA PUESTO DE CONTROL MARITIMO - PROV. CONST. DEL CALLAO,"PERA, fruta fresca",23814,CAJA(S),ARGENTINA
16117,2025,7,OFICINA PUESTO DE CONTROL MARITIMO - PROV. CONST. DEL CALLAO,"PERA, fruta fresca",22680,CAJA(S),ARGENTINA
16118,2025,7,OFICINA PUESTO DE CONTROL MARITIMO - PROV. CONST. DEL CALLAO,"PERA, fruta fresca",22680,CAJA(S),ARGENTINA
16119,2025,7,OFICINA PUESTO DE CONTROL MARITIMO - PROV. CONST. DEL CALLAO,"ALGODON, fibra sin cardar ni peinar (>34.92 mm)",99276,FARDOS,EEUU
16120,2025,7,OFICINA PUESTO DE CONTROL AEREO -  PROV. CONST. DEL CALLAO,"PIMIENTO, semilla",26.929,SACHETS,CHILE
16121,2025,7,OFICINA PUESTO DE CONTROL MARITIMO - PROV. CONST. DEL CALLAO,"PINO, postes de madera con algun proceso de la CRF 2",299565,UNIDADES,CHILE
16122,2025,7,PUESTO DE CONTROL TERRESTRE DESAGUADERO,"SOYA, torta",114800,SACO(S),BOLIVIA
16123,2025,7,PUESTO DE CONTROL TERRESTRE DESAGUADERO,"SOYA, torta",56000,GRANEL,BOLIVIA
16124,2025,7,PUESTO DE CONTROL TERRESTRE DESAGUADERO,"SOYA, grano",84000,GRANEL,BOLIVIA
16125,2025,7,PUESTO DE CONTROL TERRESTRE DESAGUADERO,"SOYA, torta",86000,SACO(S),BOLIVIA
16126,2025,7,OFICINA PUESTO DE CONTROL MARITIMO - PROV. CONST. DEL CALLAO,"MATERIA VEGETAL, trenzas, materia trenzable incluso ensamblados en tiras tejidos o paralelizados en forma plana con algún proceso de la CRF 2",427.5,UNIDADES,GUATEMALA
16127,2025,7,OFICINA PUESTO DE CONTROL MARITIMO - PROV. CONST. DEL CALLAO,"CIRUELA, seca industrialmente",20000,CAJA(S),CHILE
16128,2025,7,OFICINA PUESTO DE CONTROL MARITIMO - PROV. CONST. DEL CALLAO,"Las demás máquinas para limpieza de frutos o demás productos agrícolas usadas
",4723.464,UNIDADES,MEXICO
16129,2025,7,PUESTO DE CONTROL TERRESTRE DESAGUADERO,"SOYA, torta",87000,SACO(S),BOLIVIA
16130,2025,7,PUESTO DE CONTROL TERRESTRE DESAGUADERO,"SOYA, torta",28070,GRANEL,BOLIVIA
16131,2025,7,PUESTO DE CONTROL TERRESTRE DESAGUADERO,"SOYA, torta",87000,SACO(S),BOLIVIA
16132,2025,7,OFICINA PUESTO DE CONTROL MARITIMO - PROV. CONST. DEL CALLAO,"COCO, fibra (para sustrato)",189350,PALETAS,INDIA
16133,2025,7,PUESTO DE CONTROL TERRESTRE DESAGUADERO,"MANI, grano sin cáscara",58000,SACO(S),BOLIVIA
16134,2025,7,"AGUAS VERDES, TUMBES","ROSA, flores frescas cortadas",3040,CAJA(S),ECUADOR
16135,2025,7,"AGUAS VERDES, TUMBES","CLAVEL, flores frescas cortadas",120,CAJA(S),ECUADOR
16136,2025,7,"AGUAS VERDES, TUMBES","CRISANTEMO, flores frescas cortadas",60,CAJA(S),ECUADOR
16137,2025,7,OFICINA PUESTO DE CONTROL MARITIMO - PROV. CONST. DEL CALLAO,"FLOR DE JAMAICA, seca natural",36000,SACO(S),NIGERIA
16138,2025,7,OFICINA PUESTO DE CONTROL MARITIMO - PROV. CONST. DEL CALLAO,"ANIS O BADIANA, grano",21000,SACO(S),ESPAÑA
16139,2025,7,PUESTO DE CONTROL TERRESTRE DESAGUADERO,"MANI, grano sin cáscara",29000,SACO(S),BOLIVIA
16140,2025,7,OFICINA PUESTO DE CONTROL MARITIMO - PROV. CONST. DEL CALLAO,AZUCAR BLANCA O REFINADA (lectura polarimetrica mayor 99.5°),125000,SACO(S),COLOMBIA
16141,2025,7,OFICINA PUESTO DE CONTROL MARITIMO - PROV. CONST. DEL CALLAO,"MADERA, marcos",998.4,UNIDADES,CHINA
16142,2025,7,OFICINA PUESTO DE CONTROL MARITIMO - PROV. CONST. DEL CALLAO,"MARCOS, madera",1137.5,UNIDADES,CHINA
16143,2025,7,"IÑAPARI, MADRE DE DIOS","ALIMENTO PARA ANIMALES, mezcla de granos molidos o pulverizados, sin ningún aditivo",32000,SACO(S),BRASIL
16144,2025,7,OFICINA PUESTO DE CONTROL MARITIMO - PROV. CONST. DEL CALLAO,"ARROZ, parbolizado pulido o sin cáscara",52000,SACO(S),TAILANDIA
16145,2025,7,OFICINA PUESTO DE CONTROL MARITIMO - PROV. CONST. DEL CALLAO,"ARROZ, grano pilado",26000,SACO(S),TAILANDIA
16146,2025,7,OFICINA PUESTO DE CONTROL MARITIMO - PROV. CONST. DEL CALLAO,"FLOR DE JAMAICA, seca natural",60000,SACO(S),NIGERIA
16147,2025,7,"AGUAS VERDES, TUMBES","ROSA, flores frescas cortadas",5757,CAJA(S),ECUADOR
16148,2025,7,"AGUAS VERDES, TUMBES","CLAVEL, flores frescas cortadas",1177,CAJA(S),ECUADOR
16149,2025,7,"AGUAS VERDES, TUMBES","CRISANTEMO, flores frescas cortadas",66,CAJA(S),ECUADOR
16150,2025,7,OFICINA PUESTO DE CONTROL MARITIMO - PROV. CONST. DEL CALLAO,"Articulos para fiestas de navidad que sean o contengan material vegetal
",1738.37,CAJA(S),CHINA
16151,2025,7,OFICINA PUESTO DE CONTROL MARITIMO - PROV. CONST. DEL CALLAO,"CANELA, triturada o pulverizada (molida)",20000,SACO(S),SRI LANKA
16152,2025,7,OFICINA PUESTO DE CONTROL MARITIMO - PROV. CONST. DEL CALLAO,"CEBOLLA CHINA, semilla",100,LATAS,EEUU
16153,2025,7,OFICINA PUESTO DE CONTROL MARITIMO - PROV. CONST. DEL CALLAO,"BROCOLI, semilla",200,LATAS,EEUU
16154,2025,7,OFICINA PUESTO DE CONTROL MARITIMO - PROV. CONST. DEL CALLAO,"COL, semilla",312,LATAS,EEUU
16155,2025,7,OFICINA PUESTO DE CONTROL MARITIMO - PROV. CONST. DEL CALLAO,"LECHUGA, semilla",345,LATAS,EEUU
16156,2025,7,OFICINA PUESTO DE CONTROL MARITIMO - PROV. CONST. DEL CALLAO,"PEPINILLO, semilla",212,LATAS,EEUU
16157,2025,7,OFICINA PUESTO DE CONTROL MARITIMO - PROV. CONST. DEL CALLAO,"ZAPALLITO ITALIANO (CALABACIN), semilla",150,LATAS,EEUU
16158,2025,7,OFICINA PUESTO DE CONTROL MARITIMO - PROV. CONST. DEL CALLAO,"SANDIA, semilla",262,LATAS,EEUU
16159,2025,7,OFICINA PUESTO DE CONTROL MARITIMO - PROV. CONST. DEL CALLAO,"ARROZ, parbolizado pulido o sin cáscara",5.00E+05,SACO(S),TAILANDIA
16160,2025,7,OFICINA PUESTO DE CONTROL MARITIMO - PROV. CONST. DEL CALLAO,"ARVEJA, grano partido",26240,SACO(S),CANADA
16161,2025,7,PUESTO DE CONTROL TERRESTRE DESAGUADERO,"SOYA, harina",52000,SACO(S),BOLIVIA
16162,2025,7,PUESTO DE CONTROL TERRESTRE DESAGUADERO,"SOYA, grano",54500,GRANEL,BOLIVIA
16163,2025,7,OFICINA PUESTO DE CONTROL AEREO -  PROV. CONST. DEL CALLAO,TE VERDE,21.9,CAJA(S),NA
16164,2025,7,PUESTO DE CONTROL TERRESTRE DESAGUADERO,"SOYA, harina",56000,SACO(S),BOLIVIA
16165,2025,7,PUESTO DE CONTROL TERRESTRE DESAGUADERO,"SOYA, grano",54000,GRANEL,BOLIVIA
16166,2025,7,OFICINA PUESTO DE CONTROL MARITIMO - PROV. CONST. DEL CALLAO,"HONGO, seco",3000,SACO(S),CHILE
16167,2025,7,OFICINA PUESTO DE CONTROL AEREO -  PROV. CONST. DEL CALLAO,"ARANDANO, planta in vitro",11.4,CAJA(S),EEUU
16168,2025,7,OFICINA PUESTO DE CONTROL MARITIMO - PROV. CONST. DEL CALLAO,"NUEZ MOSCADA, sin triturar ni pulverizar seca al natural",10000,SACO(S),INDONESIA
16169,2025,7,OFICINA PUESTO DE CONTROL MARITIMO - PROV. CONST. DEL CALLAO,"COCO, rallado seco industrial",21750,SACO(S),INDIA
16170,2025,7,OFICINA PUESTO DE CONTROL AEREO -  PROV. CONST. DEL CALLAO,"COCO, seco industrial",0.26,BOLSAS,EMIRATOS ARABES UNIDOS
16171,2025,7,OFICINA PUESTO DE CONTROL AEREO -  PROV. CONST. DEL CALLAO,"Marañon (NUEZ DE CAJU), semilla alimenticia sin cascara, seca industriamente",0.26,BOLSAS,EMIRATOS ARABES UNIDOS
16172,2025,7,OFICINA PUESTO DE CONTROL AEREO -  PROV. CONST. DEL CALLAO,"CANELA, triturada o pulverizada (molida)",0.27,BOLSAS,EMIRATOS ARABES UNIDOS
16173,2025,7,OFICINA PUESTO DE CONTROL AEREO -  PROV. CONST. DEL CALLAO,"ANIS ESTRELLA, trituradas o pulverizadas",0.26,BOLSAS,EMIRATOS ARABES UNIDOS
16174,2025,7,PUESTO DE CONTROL TERRESTRE DESAGUADERO,"SOYA, torta",174000,SACO(S),BOLIVIA
16175,2025,7,PUESTO DE CONTROL TERRESTRE DESAGUADERO,"SOYA, torta",115000,SACO(S),BOLIVIA
16176,2025,7,PUESTO DE CONTROL TERRESTRE DESAGUADERO,"SOYA, torta",145000,SACO(S),BOLIVIA
16177,2025,7,PUESTO DE CONTROL TERRESTRE DESAGUADERO,"SOYA, torta",84000,SACO(S),BOLIVIA
16178,2025,7,PUESTO DE CONTROL TERRESTRE DESAGUADERO,"SOYA, torta",28000,GRANEL,BOLIVIA
16179,2025,7,PUESTO DE CONTROL TERRESTRE DESAGUADERO,"SOYA, torta",55780,GRANEL,BOLIVIA
16180,2025,7,PUESTO DE CONTROL TERRESTRE DESAGUADERO,"SOYA, torta",27010,GRANEL,BOLIVIA
16181,2025,7,PUESTO DE CONTROL TERRESTRE DESAGUADERO,"SOYA, torta",140000,SACO(S),BOLIVIA
16182,2025,7,PUESTO DE CONTROL TERRESTRE DESAGUADERO,"SOYA, torta",140000,SACO(S),BOLIVIA
16183,2025,7,PUESTO DE CONTROL TERRESTRE DESAGUADERO,"SOYA, torta",146500,SACO(S),BOLIVIA
16184,2025,7,PUESTO DE CONTROL TERRESTRE DESAGUADERO,"SOYA, torta",145500,SACO(S),BOLIVIA
16185,2025,7,OFICINA PUESTO DE CONTROL MARITIMO - PROV. CONST. DEL CALLAO,"PAPA, fécula",110000,BIG BAG,ALEMANIA
16186,2025,7,OFICINA PUESTO DE CONTROL MARITIMO - PROV. CONST. DEL CALLAO,"Articulos de cesteria (canastos, cestos u otros), con algun proceso de la CRF2",415.2,UNIDADES,VIETNAM
16187,2025,7,PUESTO DE CONTROL TERRESTRE DESAGUADERO,AZUCAR BLANCA O REFINADA (lectura polarimetrica mayor 99.5°),109000,BIG BAG,BOLIVIA
16188,2025,7,OFICINA PUESTO DE CONTROL MARITIMO - PROV. CONST. DEL CALLAO,"UVA (PASAS), secas naturalmente",50000,CAJA(S),ARGENTINA
16189,2025,7,OFICINA PUESTO DE CONTROL MARITIMO - PROV. CONST. DEL CALLAO,"ALGODON, fibra sin cardar ni peinar (>28.57 mm = o <34.92 mm)",19606,FARDOS,EEUU
16190,2025,7,PUESTO DE CONTROL TERRESTRE DESAGUADERO,"SOYA, torta",81870,GRANEL,BOLIVIA
16191,2025,7,PUESTO DE CONTROL TERRESTRE DESAGUADERO,"SOYA, torta",54300,GRANEL,BOLIVIA
16192,2025,7,OFICINA PUESTO DE CONTROL MARITIMO - PROV. CONST. DEL CALLAO,"BRACHIARIA, semilla",4000,SACO(S),BRASIL
16193,2025,7,OFICINA PUESTO DE CONTROL MARITIMO - PROV. CONST. DEL CALLAO,"BRACHIARIA, semilla",11425,SACO(S),BRASIL
16194,2025,7,OFICINA PUESTO DE CONTROL MARITIMO - PROV. CONST. DEL CALLAO,"BRACHIARIA, semilla",1000,SACO(S),BRASIL
16195,2025,7,OFICINA PUESTO DE CONTROL MARITIMO - PROV. CONST. DEL CALLAO,"CANELA, corteza entera seca al natural",5800,SACO(S),VIETNAM
16196,2025,7,OFICINA PUESTO DE CONTROL AEREO -  PROV. CONST. DEL CALLAO,"CANELA, corteza entera seca al natural",0.4,BOLSAS,SRI LANKA
16197,2025,7,OFICINA PUESTO DE CONTROL AEREO -  PROV. CONST. DEL CALLAO,"CLAVO DE OLOR, entera seca al natural",0.2,BOLSAS,SRI LANKA
16198,2025,7,OFICINA PUESTO DE CONTROL AEREO -  PROV. CONST. DEL CALLAO,"PALMA ACEITERA, semilla germinada",110.7,CAJA(S),COLOMBIA
16199,2025,7,OFICINA PUESTO DE CONTROL MARITIMO - PROV. CONST. DEL CALLAO,"LENTEJA, grano",233520,SACO(S),EEUU
16200,2025,7,"SANTA ROSA, TACNA","NUEZ DE NOGAL, sin cascara con algun proceso de la CRF 2",3180,CAJA(S),CHILE
16201,2025,7,OFICINA PUESTO DE CONTROL MARITIMO - PROV. CONST. DEL CALLAO,"PAPA, fécula",44000,SACO(S),DINAMARCA
16202,2025,7,OFICINA PUESTO DE CONTROL MARITIMO - PROV. CONST. DEL CALLAO,"ARVEJA, grano partido",46240,SACO(S),EEUU
16203,2025,7,PUESTO DE CONTROL TERRESTRE DESAGUADERO,"SOYA, torta",116000,SACO(S),BOLIVIA
16204,2025,7,OFICINA PUESTO DE CONTROL AEREO -  PROV. CONST. DEL CALLAO,"CALABAZA VINATERA, semilla",16.72,BOLSAS,HOLANDA
16205,2025,7,OFICINA PUESTO DE CONTROL AEREO -  PROV. CONST. DEL CALLAO,"SANDIA, semilla",1.079,BOLSAS,HOLANDA
16206,2025,7,PUESTO DE CONTROL TERRESTRE DESAGUADERO,"SOYA, torta",25119,SACO(S),BOLIVIA
16207,2025,7,"PUERTO DE PAITA , PIURA","LENTEJA, grano",131500,SACO(S),CANADA
16208,2025,7,OFICINA PUESTO DE CONTROL MARITIMO - PROV. CONST. DEL CALLAO,"Madera flotante para acuarios, de especies dinstitos a tropicales, con algún proceso de la CRF2",255.768,CAJA(S),VIETNAM
16209,2025,7,OFICINA PUESTO DE CONTROL MARITIMO - PROV. CONST. DEL CALLAO,"ROTEN (=Ratán), artículos de cestería obtenidos directamente en su forma con materia trenzable con algún proceso de la CRF2",253.45,CAJA(S),VIETNAM
16210,2025,7,PUESTO DE CONTROL TERRESTRE DESAGUADERO,"SOYA, torta",55360,GRANEL,BOLIVIA
16211,2025,7,PUESTO DE CONTROL TERRESTRE DESAGUADERO,"SOYA, torta",27790,GRANEL,BOLIVIA
16212,2025,7,PUESTO DE CONTROL TERRESTRE DESAGUADERO,"SOYA, torta",28000,GRANEL,BOLIVIA
16213,2025,7,PUESTO DE CONTROL TERRESTRE DESAGUADERO,"SOYA, torta",54140,GRANEL,BOLIVIA
16214,2025,7,PUESTO DE CONTROL TERRESTRE DESAGUADERO,"SOYA, torta",28000,GRANEL,BOLIVIA
16215,2025,7,PUESTO DE CONTROL TERRESTRE DESAGUADERO,"SOYA, torta",56000,GRANEL,BOLIVIA
16216,2025,7,PUESTO DE CONTROL TERRESTRE DESAGUADERO,"SOYA, torta",24869,SACO(S),BOLIVIA
16217,2025,7,PUESTO DE CONTROL TERRESTRE DESAGUADERO,"SOYA, torta",27100,GRANEL,BOLIVIA
16218,2025,7,PUESTO DE CONTROL TERRESTRE DESAGUADERO,"SOYA, torta",28000,GRANEL,BOLIVIA
16219,2025,7,PUESTO DE CONTROL TERRESTRE DESAGUADERO,"SOYA, torta",28000,GRANEL,BOLIVIA
16220,2025,7,PUESTO DE CONTROL TERRESTRE DESAGUADERO,"SOYA, torta",28000,GRANEL,BOLIVIA
16221,2025,7,PUESTO DE CONTROL TERRESTRE DESAGUADERO,"SOYA, torta",83500,GRANEL,BOLIVIA
16222,2025,7,PUESTO DE CONTROL TERRESTRE DESAGUADERO,"SOYA, torta",28150,GRANEL,BOLIVIA
16223,2025,7,PUESTO DE CONTROL TERRESTRE DESAGUADERO,"SOYA, torta",55630,GRANEL,BOLIVIA
16224,2025,7,OFICINA PUESTO DE CONTROL MARITIMO - PROV. CONST. DEL CALLAO,"KIWI, fruto fresco",2400,CAJA(S),CHILE
16225,2025,7,OFICINA PUESTO DE CONTROL MARITIMO - PROV. CONST. DEL CALLAO,"PERA, fruta fresca",20736,CAJA(S),CHILE
16226,2025,7,PUESTO DE CONTROL TERRESTRE DESAGUADERO,"SOYA, grano",84000,SACO(S),BOLIVIA
16227,2025,7,PUESTO DE CONTROL TERRESTRE DESAGUADERO,"SOYA, torta",174000,SACO(S),BOLIVIA
16228,2025,7,PUESTO DE CONTROL TERRESTRE DESAGUADERO,"SOYA, torta",85500,SACO(S),BOLIVIA
16229,2025,7,OFICINA PUESTO DE CONTROL AEREO -  PROV. CONST. DEL CALLAO,"PAPAYA, semilla",2.937,SOBRES,MEXICO
16230,2025,7,OFICINA PUESTO DE CONTROL MARITIMO - PROV. CONST. DEL CALLAO,"MARCOS, madera",102.221,BINES DE MADERA,PERU
16231,2025,7,OFICINA PUESTO DE CONTROL MARITIMO - PROV. CONST. DEL CALLAO,"MANZANA, fruto fresco",19551,CAJA(S),CHILE
16232,2025,7,OFICINA PUESTO DE CONTROL MARITIMO - PROV. CONST. DEL CALLAO,"Las demás máquinas para limpieza de frutos o demás productos agrícolas usadas
",2221.462,UNIDADES,MEXICO
16233,2025,7,OFICINA PUESTO DE CONTROL MARITIMO - PROV. CONST. DEL CALLAO,"COCO, fibra (para sustrato)",239790,BOLSAS,SRI LANKA
16234,2025,7,OFICINA PUESTO DE CONTROL MARITIMO - PROV. CONST. DEL CALLAO,"COCO, fibra (para sustrato)",143876,BOLSAS,SRI LANKA
16235,2025,7,OFICINA PUESTO DE CONTROL MARITIMO - PROV. CONST. DEL CALLAO,"MADERA, monturas y mangos de herramientas, monturas y mangos de cepillos, brochas o escobas, de madera; hormas, ensanchadores y tensores del calzado, de madera ; con algún proceso de la CRF 2",3555.75,BOLSONES,CHINA
16236,2025,7,"PUERTO DE MATARANI , AREQUIPA","TRIGO, grano",12100000,GRANEL,CANADA
16237,2025,7,PUESTO DE CONTROL TERRESTRE DESAGUADERO,"SOYA, torta",116000,SACO(S),BOLIVIA
16238,2025,7,OFICINA PUESTO DE CONTROL MARITIMO - PROV. CONST. DEL CALLAO,"CAUCHO, técnicamente especificado (TSNR)",20160,PALETAS,COLOMBIA
16239,2025,7,PUESTO DE CONTROL TERRESTRE DESAGUADERO,"SOYA, torta",145000,SACO(S),BOLIVIA
16240,2025,7,PUESTO DE CONTROL TERRESTRE DESAGUADERO,"SOYA, harina",145000,SACO(S),BOLIVIA
16241,2025,7,PUESTO DE CONTROL TERRESTRE DESAGUADERO,"SOYA, torta",175000,SACO(S),BOLIVIA
16242,2025,7,OFICINA PUESTO DE CONTROL AEREO -  PROV. CONST. DEL CALLAO,"ORQUIDEA, planta",179.2,CAJA(S),HOLANDA
16243,2025,7,"PUERTO DE PAITA , PIURA","ARVEJA, grano partido",69354,SACO(S),EEUU
16244,2025,7,PUESTO DE CONTROL TERRESTRE DESAGUADERO,"SOYA, torta",29000,SACO(S),BOLIVIA
16245,2025,7,"AGUAS VERDES, TUMBES","CAÑA DE GUAYAQUIL, seca al natural",34000,UNIDADES,ECUADOR
16246,2025,7,OFICINA PUESTO DE CONTROL MARITIMO - PROV. CONST. DEL CALLAO,"FLOR DE JAMAICA, seca natural",24000,SACO(S),NIGERIA
16247,2025,7,OFICINA PUESTO DE CONTROL MARITIMO - PROV. CONST. DEL CALLAO,"ANIS O BADIANA, grano",25980,SACO(S),TURQUIA
16248,2025,7,OFICINA PUESTO DE CONTROL MARITIMO - PROV. CONST. DEL CALLAO,"MANZANA, fruto fresco",20139,CAJA(S),CHILE
16249,2025,7,PUESTO DE CONTROL TERRESTRE DESAGUADERO,"SOYA, torta",116000,SACO(S),BOLIVIA
16250,2025,7,PUESTO DE CONTROL TERRESTRE DESAGUADERO,"SOYA, torta",116000,SACO(S),BOLIVIA
16251,2025,7,PUESTO DE CONTROL TERRESTRE DESAGUADERO,"SOYA, torta",144000,SACO(S),BOLIVIA
16252,2025,7,PUESTO DE CONTROL TERRESTRE DESAGUADERO,"SOYA, torta",107500,SACO(S),BOLIVIA
16253,2025,7,PUESTO DE CONTROL TERRESTRE DESAGUADERO,AZUCAR BLANCA O REFINADA (lectura polarimetrica mayor 99.5°),145000,SACO(S),BOLIVIA
16254,2025,7,PUESTO DE CONTROL TERRESTRE DESAGUADERO,"SOYA, harina",145000,SACO(S),BOLIVIA
16255,2025,7,"SANTA ROSA, TACNA","MANZANA, fruto fresco",22344,CAJA(S),CHILE
16256,2025,7,OFICINA PUESTO DE CONTROL AEREO -  PROV. CONST. DEL CALLAO,"GARBANZO, grano",1,BOLSAS,CANADA
16257,2025,7,PUESTO DE CONTROL TERRESTRE DESAGUADERO,AZUCAR BLANCA O REFINADA (lectura polarimetrica mayor 99.5°),145000,SACO(S),BOLIVIA
16258,2025,7,OFICINA PUESTO DE CONTROL MARITIMO - PROV. CONST. DEL CALLAO,"ARROZ, grano pilado",132500,SACO(S),BRASIL
16259,2025,7,"AGUAS VERDES, TUMBES","CAÑA DE GUAYAQUIL, seca al natural",32000,UNIDADES,ECUADOR
16260,2025,7,OFICINA PUESTO DE CONTROL MARITIMO - PROV. CONST. DEL CALLAO,"ALGODON, fibra sin cardar ni peinar (>28.57 mm = o <34.92 mm)",39722,FARDOS,EEUU
16261,2025,7,OFICINA PUESTO DE CONTROL MARITIMO - PROV. CONST. DEL CALLAO,"Articulos para fiestas de navidad que sean o contengan material vegetal
",5237.675,CAJA(S),CHINA
16262,2025,7,OFICINA PUESTO DE CONTROL MARITIMO - PROV. CONST. DEL CALLAO,"Articulos para fiestas de navidad que sean o contengan material vegetal
",12508.764,CAJA(S),CHINA
16263,2025,7,OFICINA PUESTO DE CONTROL MARITIMO - PROV. CONST. DEL CALLAO,"ARVEJA, semilla",20000,SACO(S),EEUU
16264,2025,7,OFICINA PUESTO DE CONTROL MARITIMO - PROV. CONST. DEL CALLAO,"Articulos para fiestas de navidad que sean o contengan material vegetal
",2861.633,CAJA(S),CHINA
16265,2025,7,PUESTO DE CONTROL TERRESTRE DESAGUADERO,"SOYA, harina",29000,SACO(S),BOLIVIA
16266,2025,7,OFICINA PUESTO DE CONTROL MARITIMO - PROV. CONST. DEL CALLAO,"ARROZ, parbolizado pulido o sin cáscara",265000,SACO(S),BRASIL
16267,2025,7,PUESTO DE CONTROL TERRESTRE DESAGUADERO,"SOYA, grano",55480,GRANEL,BOLIVIA
16268,2025,7,PUESTO DE CONTROL TERRESTRE DESAGUADERO,"SOYA, torta",140000,SACO(S),BOLIVIA
16269,2025,7,OFICINA PUESTO DE CONTROL MARITIMO - PROV. CONST. DEL CALLAO,"OREGANO, seco al natural",25000,SACO(S),EGYPTO
16270,2025,7,PUESTO DE CONTROL TERRESTRE DESAGUADERO,"SOYA, harina",87000,SACO(S),BOLIVIA
16271,2025,7,"SANTA ROSA, TACNA","MANZANA, fruto fresco",22442,CAJA(S),CHILE
16272,2025,7,OFICINA PUESTO DE CONTROL MARITIMO - PROV. CONST. DEL CALLAO,"COMINO, triturado y/o pulverizado",12115.578,BOLSAS,INDIA
16273,2025,7,OFICINA PUESTO DE CONTROL MARITIMO - PROV. CONST. DEL CALLAO,"CURCUMA, polvo",14493.922,BOLSAS,INDIA
16274,2025,7,OFICINA PUESTO DE CONTROL MARITIMO - PROV. CONST. DEL CALLAO,"MADERA, monturas y mangos de herramientas, monturas y mangos de cepillos, brochas o escobas, de madera; hormas, ensanchadores y tensores del calzado, de madera ; con algún proceso de la CRF 2",258.4,UNIDADES,CHINA
16275,2025,7,OFICINA PUESTO DE CONTROL MARITIMO - PROV. CONST. DEL CALLAO,"CAUCHO, hojas ahumadas",52920,PALETAS,VIETNAM
16276,2025,7,OFICINA PUESTO DE CONTROL AEREO -  PROV. CONST. DEL CALLAO,"PIMIENTO, semilla",0.044,SACHETS,HOLANDA
16277,2025,7,OFICINA PUESTO DE CONTROL AEREO -  PROV. CONST. DEL CALLAO,"CEBOLLA, semilla",0.94,SACHETS,HOLANDA
16278,2025,7,OFICINA PUESTO DE CONTROL AEREO -  PROV. CONST. DEL CALLAO,"CALABAZA MOSCADA, semilla",0.699,SACHETS,HOLANDA
16279,2025,7,OFICINA PUESTO DE CONTROL AEREO -  PROV. CONST. DEL CALLAO,"TOMATE, semilla",0.045,SACHETS,HOLANDA
16280,2025,7,OFICINA PUESTO DE CONTROL MARITIMO - PROV. CONST. DEL CALLAO,"MANZANA, fruto fresco",19952.8,CAJA(S),CHILE
16281,2025,7,OFICINA PUESTO DE CONTROL MARITIMO - PROV. CONST. DEL CALLAO,"CAUCHO, técnicamente especificado (TSNR)",100800,PALETAS,INDONESIA
16282,2025,7,OFICINA PUESTO DE CONTROL MARITIMO - PROV. CONST. DEL CALLAO,"CAUCHO, técnicamente especificado (TSNR)",100800,PALETAS,INDONESIA
16283,2025,7,PUESTO DE CONTROL TERRESTRE DESAGUADERO,"SOYA, torta",57000,SACO(S),BOLIVIA
16284,2025,7,PUESTO DE CONTROL TERRESTRE DESAGUADERO,"SOYA, harina",145000,SACO(S),BOLIVIA
16285,2025,7,PUESTO DE CONTROL TERRESTRE DESAGUADERO,"SOYA, torta",28000,GRANEL,BOLIVIA
16286,2025,7,PUESTO DE CONTROL TERRESTRE DESAGUADERO,"SOYA, torta",28000,GRANEL,BOLIVIA
16287,2025,7,PUESTO DE CONTROL TERRESTRE DESAGUADERO,"SOYA, torta",54670,GRANEL,BOLIVIA
16288,2025,7,PUESTO DE CONTROL TERRESTRE DESAGUADERO,"SOYA, torta",2120,GRANEL,BOLIVIA
16289,2025,7,OFICINA PUESTO DE CONTROL MARITIMO - PROV. CONST. DEL CALLAO,"PIMIENTA, grano",26720,SACO(S),BRASIL
16290,2025,7,OFICINA PUESTO DE CONTROL MARITIMO - PROV. CONST. DEL CALLAO,"LINAZA, grano",42720,SACO(S),CANADA
16291,2025,7,OFICINA PUESTO DE CONTROL MARITIMO - PROV. CONST. DEL CALLAO,"COCO, fibra (para sustrato)",46762,PALETAS,INDIA
16292,2025,7,OFICINA PUESTO DE CONTROL MARITIMO - PROV. CONST. DEL CALLAO,"COCO, fibra (para sustrato)",199340,PALETAS,SRI LANKA
16293,2025,7,OFICINA PUESTO DE CONTROL MARITIMO - PROV. CONST. DEL CALLAO,"MAIZ, semola",2700,PAQUETES,ITALIA
16294,2025,7,OFICINA PUESTO DE CONTROL AEREO -  PROV. CONST. DEL CALLAO,"BROCOLI, semilla",109.76,SOBRES,BRASIL
16295,2025,7,OFICINA PUESTO DE CONTROL AEREO -  PROV. CONST. DEL CALLAO,"ESPINACA, semilla",136.8,SOBRES,BRASIL
16296,2025,7,OFICINA PUESTO DE CONTROL AEREO -  PROV. CONST. DEL CALLAO,"PEPINILLO, semilla",140.75,SOBRES,BRASIL
16297,2025,7,Puerto de Chancay,"PAPA, fécula",36000,BOLSAS,CHINA
16298,2025,7,OFICINA PUESTO DE CONTROL MARITIMO - PROV. CONST. DEL CALLAO,"PAPA, fécula",53890,BOLSAS,CHINA
16299,2025,7,OFICINA PUESTO DE CONTROL MARITIMO - PROV. CONST. DEL CALLAO,"ALGODON, fibra sin cardar ni peinar (>28.57 mm = o <34.92 mm)",20582,FARDOS,EEUU
16300,2025,7,"PUERTO DE SALAVERRY, LA LIBERTAD","SOYA, torta",22246660,GRANEL,URUGUAY
16301,2025,7,OFICINA PUESTO DE CONTROL MARITIMO - PROV. CONST. DEL CALLAO,"ARROZ, grano pilado",131250,SACO(S),BRASIL
16302,2025,7,OFICINA PUESTO DE CONTROL MARITIMO - PROV. CONST. DEL CALLAO,"ARROZ, grano pilado",131250,SACO(S),BRASIL
16303,2025,7,PUESTO DE CONTROL TERRESTRE DESAGUADERO,"SOYA, torta",28000,GRANEL,BOLIVIA
16304,2025,7,PUESTO DE CONTROL TERRESTRE DESAGUADERO,"SOYA, torta",28000,GRANEL,BOLIVIA
16305,2025,7,PUESTO DE CONTROL TERRESTRE DESAGUADERO,"SOYA, torta",28430,GRANEL,BOLIVIA
16306,2025,7,PUESTO DE CONTROL TERRESTRE DESAGUADERO,"SOYA, torta",28000,GRANEL,BOLIVIA
16307,2025,7,PUESTO DE CONTROL TERRESTRE DESAGUADERO,"SOYA, torta",28000,GRANEL,BOLIVIA
16308,2025,7,PUESTO DE CONTROL TERRESTRE DESAGUADERO,"SOYA, torta",28000,GRANEL,BOLIVIA
16309,2025,7,PUESTO DE CONTROL TERRESTRE DESAGUADERO,"SOYA, torta",28000,GRANEL,BOLIVIA
16310,2025,7,PUESTO DE CONTROL TERRESTRE DESAGUADERO,"SOYA, torta",28000,GRANEL,BOLIVIA
16311,2025,7,OFICINA PUESTO DE CONTROL MARITIMO - PROV. CONST. DEL CALLAO,"ARROZ, grano pilado",130000,SACO(S),BRASIL
16312,2025,7,OFICINA PUESTO DE CONTROL AEREO -  PROV. CONST. DEL CALLAO,"TRUFAS (Tuber spp), frescas o refrigeradas",1.92,FRASCO(S),ITALIA
16313,2025,7,OFICINA PUESTO DE CONTROL AEREO -  PROV. CONST. DEL CALLAO,"CEBOLLA, semilla",1999.986,SACHETS,ISRAEL
16314,2025,7,OFICINA PUESTO DE CONTROL MARITIMO - PROV. CONST. DEL CALLAO,"ARROZ, grano pilado",260000,SACO(S),PARAGUAY
16315,2025,7,OFICINA PUESTO DE CONTROL MARITIMO - PROV. CONST. DEL CALLAO,"ARROZ, grano pilado",25000,BOLSONES,URUGUAY
16316,2025,7,OFICINA PUESTO DE CONTROL AEREO -  PROV. CONST. DEL CALLAO,"BETARRAGA, semilla",176.813,SOBRES,BRASIL
16317,2025,7,OFICINA PUESTO DE CONTROL MARITIMO - PROV. CONST. DEL CALLAO,"AVENA, grano trabajado (mondado, perlado, troceado o quebrantado)",24000,SACO(S),CHILE
16318,2025,7,PUESTO DE CONTROL TERRESTRE DESAGUADERO,"SOYA, torta",54480,GRANEL,BOLIVIA
16319,2025,7,"SANTA ROSA, TACNA","MANZANA, fruto fresco",22393.6,CAJA(S),CHILE
16320,2025,7,PUESTO DE CONTROL TERRESTRE DESAGUADERO,"SOYA, torta",84000,SACO(S),BOLIVIA
16321,2025,7,PUESTO DE CONTROL TERRESTRE DESAGUADERO,"SOYA, torta",53080,GRANEL,BOLIVIA
16322,2025,7,PUESTO DE CONTROL TERRESTRE DESAGUADERO,"SOYA, torta",2100,GRANEL,BOLIVIA
16323,2025,7,OFICINA PUESTO DE CONTROL MARITIMO - PROV. CONST. DEL CALLAO,"FLOR DE JAMAICA, seca natural",115000,SACO(S),NIGERIA
16324,2025,7,OFICINA PUESTO DE CONTROL AEREO -  PROV. CONST. DEL CALLAO,"CEBOLLA, semilla",124.205,SACHETS,BRASIL
16325,2025,7,OFICINA PUESTO DE CONTROL MARITIMO - PROV. CONST. DEL CALLAO,"TRIGO, gluten",21000,BOLSAS,LITUANIA
16326,2025,7,OFICINA PUESTO DE CONTROL MARITIMO - PROV. CONST. DEL CALLAO,"COCO, fibra (para sustrato)",95150,PALETAS,INDIA
16327,2025,7,PUESTO DE CONTROL TERRESTRE DESAGUADERO,"SOYA, torta",173000,SACO(S),BOLIVIA
16328,2025,7,OFICINA PUESTO DE CONTROL MARITIMO - PROV. CONST. DEL CALLAO,"ARROZ, grano pilado",125000,SACO(S),URUGUAY
16329,2025,7,OFICINA PUESTO DE CONTROL MARITIMO - PROV. CONST. DEL CALLAO,"SOYA, grano",81960,GRANEL,CANADA
16330,2025,7,OFICINA PUESTO DE CONTROL MARITIMO - PROV. CONST. DEL CALLAO,"SOYA, grano",164770,GRANEL,CANADA
16331,2025,7,OFICINA PUESTO DE CONTROL MARITIMO - PROV. CONST. DEL CALLAO,"SOYA, grano",20665,GRANEL,CANADA
16332,2025,7,OFICINA PUESTO DE CONTROL MARITIMO - PROV. CONST. DEL CALLAO,"SOYA, grano",201440,GRANEL,CANADA
16333,2025,7,"SANTA ROSA, TACNA","TRACTOR USADO, con motor de potencia superior a 33 kW pero inferior o igual a 75 kW",8400,UNIDADES,COREA DEL SUR
16334,2025,7,"SANTA ROSA, TACNA","TRACTOR USADO, con motor de potencia superior a 75 kW pero inferior o igual a 130 kW",4200,UNIDADES,COREA DEL SUR
16335,2025,7,OFICINA PUESTO DE CONTROL MARITIMO - PROV. CONST. DEL CALLAO,"COCO, fibra (para sustrato)",73900.5,PALETAS,INDIA
16336,2025,7,PUESTO DE CONTROL TERRESTRE DESAGUADERO,"FREJOL, grano",28000,SACO(S),BOLIVIA
16337,2025,7,OFICINA PUESTO DE CONTROL MARITIMO - PROV. CONST. DEL CALLAO,"MAIZ, harina",78000,PACAS,COLOMBIA
16338,2025,7,OFICINA PUESTO DE CONTROL AEREO -  PROV. CONST. DEL CALLAO,"ESPARRAGO, semilla",215,BALDES,CHILE
16339,2025,7,OFICINA PUESTO DE CONTROL AEREO -  PROV. CONST. DEL CALLAO,"ESPARRAGO, semilla",25,LATAS,CHILE
16340,2025,7,"PUERTO DE SALAVERRY, LA LIBERTAD","SOYA, torta",5802560,GRANEL,CHILE
16341,2025,7,PUESTO DE CONTROL TERRESTRE DESAGUADERO,"SOYA, torta",145000,SACO(S),BOLIVIA
16342,2025,7,PUESTO DE CONTROL TERRESTRE DESAGUADERO,"SOYA, torta",57500,GRANEL,BOLIVIA
16343,2025,7,PUESTO DE CONTROL TERRESTRE DESAGUADERO,"SOYA, torta",116000,SACO(S),BOLIVIA
16344,2025,7,OFICINA PUESTO DE CONTROL MARITIMO - PROV. CONST. DEL CALLAO,"MANZANA, fruto fresco",16989.7,CAJA(S),CHILE
16345,2025,7,PUESTO DE CONTROL TERRESTRE DESAGUADERO,"MANI, grano sin cáscara",29000,SACO(S),BOLIVIA
16346,2025,7,PUESTO DE CONTROL TERRESTRE DESAGUADERO,"AJONJOLI, grano",58000,SACO(S),BOLIVIA
16347,2025,7,OFICINA PUESTO DE CONTROL AEREO -  PROV. CONST. DEL CALLAO,"SANDIA, semilla",1.981,SACHETS,EEUU
16348,2025,7,OFICINA PUESTO DE CONTROL MARITIMO - PROV. CONST. DEL CALLAO,"MADERA, harina",1700,BOLSAS,ALEMANIA
16349,2025,7,PUESTO DE CONTROL TERRESTRE DESAGUADERO,"SOYA, torta",28000,GRANEL,BOLIVIA
16350,2025,7,PUESTO DE CONTROL TERRESTRE DESAGUADERO,"SOYA, harina",24729,SACO(S),BOLIVIA
16351,2025,7,PUESTO DE CONTROL TERRESTRE DESAGUADERO,"SOYA, torta",56000,GRANEL,BOLIVIA
16352,2025,7,PUESTO DE CONTROL TERRESTRE DESAGUADERO,"SOYA, torta",28000,GRANEL,BOLIVIA
16353,2025,7,PUESTO DE CONTROL TERRESTRE DESAGUADERO,"SOYA, grano",56000,GRANEL,BOLIVIA
16354,2025,7,PUESTO DE CONTROL TERRESTRE DESAGUADERO,"SOYA, grano",56000,GRANEL,BOLIVIA
16355,2025,7,"PUERTO DE SALAVERRY, LA LIBERTAD","SOYA, torta",5050000,GRANEL,CHILE
16356,2025,7,OFICINA PUESTO DE CONTROL MARITIMO - PROV. CONST. DEL CALLAO,AZUCAR BLANCA O REFINADA (lectura polarimetrica mayor 99.5°),50000,SACO(S),COLOMBIA
16357,2025,7,OFICINA PUESTO DE CONTROL MARITIMO - PROV. CONST. DEL CALLAO,AZUCAR BLANCA O REFINADA (lectura polarimetrica mayor 99.5°),1.00E+05,SACO(S),COLOMBIA
16358,2025,7,"PUERTO DE SALAVERRY, LA LIBERTAD","MAIZ AMARILLO DURO, grano",28208805,GRANEL,ARGENTINA
16359,2025,7,"SANTA ROSA, TACNA","LENTEJA, grano",184163,SACO(S),CANADA
16360,2025,7,OFICINA PUESTO DE CONTROL MARITIMO - PROV. CONST. DEL CALLAO,TURBA,68650,BOLSAS,LETONIA
16361,2025,7,PUESTO DE CONTROL TERRESTRE DESAGUADERO,"SOYA, torta",141000,SACO(S),BOLIVIA
16362,2025,7,"SANTA ROSA, TACNA","MANZANA, fruto fresco",23520,CAJA(S),CHILE
16363,2025,7,OFICINA PUESTO DE CONTROL MARITIMO - PROV. CONST. DEL CALLAO,"MAIZ, harina",86360,SACO(S),COLOMBIA
16364,2025,7,PUESTO DE CONTROL TERRESTRE DESAGUADERO,"SOYA, grano",55980,GRANEL,BOLIVIA
16365,2025,7,PUESTO DE CONTROL TERRESTRE DESAGUADERO,"SOYA, grano",56000,GRANEL,BOLIVIA
16366,2025,7,"SANTA ROSA, TACNA","MANZANA, fruto fresco",21677.6,CAJA(S),CHILE
16367,2025,7,OFICINA PUESTO DE CONTROL MARITIMO - PROV. CONST. DEL CALLAO,"ARVEJA, grano partido",138798,SACO(S),EEUU
16368,2025,7,"SANTA ROSA, TACNA","MANZANA, fruto fresco",23520,CAJA(S),CHILE
16369,2025,7,"SANTA ROSA, TACNA","MANZANA, fruto fresco",23422,CAJA(S),CHILE
16370,2025,7,"SANTA ROSA, TACNA","MANZANA, fruto fresco",23520,CAJA(S),CHILE
16371,2025,7,PUESTO DE CONTROL TERRESTRE DESAGUADERO,"SOYA, torta",144000,SACO(S),BOLIVIA
16372,2025,7,PUESTO DE CONTROL TERRESTRE DESAGUADERO,"SOYA, harina",174000,SACO(S),BOLIVIA
16373,2025,7,PUESTO DE CONTROL TERRESTRE DESAGUADERO,"SOYA, torta",145000,SACO(S),BOLIVIA
16374,2025,7,PUESTO DE CONTROL TERRESTRE DESAGUADERO,"SOYA, torta",55980,GRANEL,BOLIVIA
16375,2025,7,PUESTO DE CONTROL TERRESTRE DESAGUADERO,"SOYA, torta",116000,SACO(S),BOLIVIA
16376,2025,7,PUESTO DE CONTROL TERRESTRE DESAGUADERO,"SOYA, torta",58154,SACO(S),BOLIVIA
16377,2025,7,PUESTO DE CONTROL TERRESTRE DESAGUADERO,"SOYA, torta",28350,GRANEL,BOLIVIA
16378,2025,7,PUESTO DE CONTROL TERRESTRE DESAGUADERO,"SOYA, torta",112000,GRANEL,BOLIVIA
16379,2025,7,PUESTO DE CONTROL TERRESTRE DESAGUADERO,"SOYA, torta",145000,SACO(S),BOLIVIA
16380,2025,7,OFICINA PUESTO DE CONTROL AEREO -  PROV. CONST. DEL CALLAO,"TOMATE, semilla",0.027,SACHETS,HOLANDA
16381,2025,7,OFICINA PUESTO DE CONTROL AEREO -  PROV. CONST. DEL CALLAO,"TOMATE, semilla",0.118,LATAS,HOLANDA
16382,2025,7,"SANTA ROSA, TACNA","MANZANA, fruto fresco",10348.8,CAJA(S),CHILE
16383,2025,7,"SANTA ROSA, TACNA","PERA, fruta fresca",12068,CAJA(S),CHILE
16384,2025,7,OFICINA PUESTO DE CONTROL MARITIMO - PROV. CONST. DEL CALLAO,"ARROZ, parbolizado pulido o sin cáscara",25000,SACO(S),PARAGUAY
16385,2025,7,OFICINA PUESTO DE CONTROL MARITIMO - PROV. CONST. DEL CALLAO,"PINO, postes de madera con algun proceso de la CRF 2",79752.5,UNIDADES,CHILE
16386,2025,7,PUESTO DE CONTROL TERRESTRE DESAGUADERO,"SOYA, harina",29000,SACO(S),BOLIVIA
16387,2025,7,PUESTO DE CONTROL TERRESTRE DESAGUADERO,"SOYA, harina",29000,SACO(S),BOLIVIA
16388,2025,7,PUESTO DE CONTROL TERRESTRE DESAGUADERO,"SOYA, harina",29000,SACO(S),BOLIVIA
16389,2025,7,PUESTO DE CONTROL TERRESTRE DESAGUADERO,"SOYA, harina",29000,SACO(S),BOLIVIA
16390,2025,7,OFICINA PUESTO DE CONTROL MARITIMO - PROV. CONST. DEL CALLAO,"AVENA, grano trabajado (mondado, perlado, troceado o quebrantado)",125000,SACO(S),CHILE
16391,2025,7,OFICINA PUESTO DE CONTROL MARITIMO - PROV. CONST. DEL CALLAO,"UVA (PASAS), secas industrialmente",2000,CAJA(S),CHILE
16392,2025,7,OFICINA PUESTO DE CONTROL MARITIMO - PROV. CONST. DEL CALLAO,"COMINO, grano",27000,SACO(S),INDIA
16393,2025,7,PUESTO DE CONTROL TERRESTRE DESAGUADERO,"SOYA, torta",83900,GRANEL,BOLIVIA
16394,2025,7,PUESTO DE CONTROL TERRESTRE DESAGUADERO,"SOYA, torta",28500,GRANEL,BOLIVIA
16395,2025,7,PUESTO DE CONTROL TERRESTRE DESAGUADERO,"SOYA, torta",114000,SACO(S),BOLIVIA
16396,2025,7,PUESTO DE CONTROL TERRESTRE DESAGUADERO,"SOYA, torta",112000,GRANEL,BOLIVIA
16397,2025,7,"SANTA ROSA, TACNA","MANZANA, fruto fresco",23471,CAJA(S),CHILE
16398,2025,7,OFICINA PUESTO DE CONTROL AEREO -  PROV. CONST. DEL CALLAO,"SANDIA, semilla",45.733,SACHETS,ISRAEL
16399,2025,7,"PUERTO DE PAITA , PIURA","PINO, madera aserrada con algun proceso de la CRF 2",239595,PAQUETES,CHILE
16400,2025,7,OFICINA PUESTO DE CONTROL MARITIMO - PROV. CONST. DEL CALLAO,"LENTEJA, grano",184163,SACO(S),CANADA
16401,2025,7,OFICINA PUESTO DE CONTROL MARITIMO - PROV. CONST. DEL CALLAO,"MAIZ REVENTON, grano",52020,SACO(S),ARGENTINA
16402,2025,7,OFICINA PUESTO DE CONTROL MARITIMO - PROV. CONST. DEL CALLAO,TURBA,142916,FARDOS,LETONIA
16403,2025,7,"PUERTO DE PAITA , PIURA",TURBA,224768,BIG BAG,LETONIA
16404,2025,7,PUESTO DE CONTROL TERRESTRE DESAGUADERO,"MANI, grano sin cáscara",60000,SACO(S),BOLIVIA
16405,2025,7,OFICINA PUESTO DE CONTROL MARITIMO - PROV. CONST. DEL CALLAO,"ARROZ, grano pilado",252000,SACO(S),URUGUAY
16406,2025,7,OFICINA PUESTO DE CONTROL MARITIMO - PROV. CONST. DEL CALLAO,"ARROZ, grano pilado",350000,SACO(S),URUGUAY
16407,2025,7,OFICINA PUESTO DE CONTROL MARITIMO - PROV. CONST. DEL CALLAO,"ARROZ, grano pilado",575000,SACO(S),URUGUAY
16408,2025,7,OFICINA PUESTO DE CONTROL MARITIMO - PROV. CONST. DEL CALLAO,"MADERA EN BRUTO, las demás con algún proceso de la CRF 2",80000,UNIDADES,CHILE
16409,2025,7,"SANTA ROSA, TACNA","LENTEJA, grano",78927,SACO(S),CANADA
16410,2025,7,"SANTA ROSA, TACNA","LENTEJA, grano",50076,SACO(S),CANADA
16411,2025,7,"IÑAPARI, MADRE DE DIOS","ARROZ, grano pilado",7500,FARDOS,BRASIL
16412,2025,7,"IÑAPARI, MADRE DE DIOS","ARROZ, grano pilado",53010,PAQUETES,BRASIL
16413,2025,7,"IÑAPARI, MADRE DE DIOS","FREJOL NEGRO, grano",450,PAQUETES,BRASIL
16414,2025,7,"IÑAPARI, MADRE DE DIOS","FREJOL CANARIO, grano",450,PAQUETES,BRASIL
16415,2025,7,"IÑAPARI, MADRE DE DIOS","FREJOL, grano",300,FARDOS,BRASIL
16416,2025,7,"IÑAPARI, MADRE DE DIOS","FREJOL, grano",300,PAQUETES,BRASIL
16417,2025,7,OFICINA PUESTO DE CONTROL MARITIMO - PROV. CONST. DEL CALLAO,"TRACTOR USADO, con motor de potencia superior a 33 kW pero inferior o igual a 75 kW",3110,UNIDADES,ECUADOR
16418,2025,7,PUESTO DE CONTROL TERRESTRE DESAGUADERO,"SOYA, torta",174000,SACO(S),BOLIVIA
16419,2025,7,PUESTO DE CONTROL TERRESTRE DESAGUADERO,"SOYA, torta",174000,SACO(S),BOLIVIA
16420,2025,7,OFICINA PUESTO DE CONTROL MARITIMO - PROV. CONST. DEL CALLAO,"ACHIOTE, grano",17050,SACO(S),COSTA DE MARFIL
16421,2025,7,OFICINA PUESTO DE CONTROL MARITIMO - PROV. CONST. DEL CALLAO,"OREGANO, seco al natural",24720,SACO(S),EGYPTO
16422,2025,7,"PUERTO DE SALAVERRY, LA LIBERTAD","MAIZ AMARILLO DURO, grano",35826890,GRANEL,ARGENTINA
16423,2025,7,OFICINA PUESTO DE CONTROL AEREO -  PROV. CONST. DEL CALLAO,"PALMA ACEITERA, semilla germinada",91,CAJA(S),COLOMBIA
16424,2025,7,PUESTO DE CONTROL TERRESTRE DESAGUADERO,"SOYA, torta",28000,GRANEL,BOLIVIA
16425,2025,7,PUESTO DE CONTROL TERRESTRE DESAGUADERO,"SOYA, torta",28000,GRANEL,BOLIVIA
16426,2025,7,OFICINA PUESTO DE CONTROL MARITIMO - PROV. CONST. DEL CALLAO,"MAIZ, harina",225000,BOLSAS,COLOMBIA
16427,2025,7,OFICINA PUESTO DE CONTROL MARITIMO - PROV. CONST. DEL CALLAO,"MADERA, monturas y mangos de herramientas, monturas y mangos de cepillos, brochas o escobas, de madera; hormas, ensanchadores y tensores del calzado, de madera ; con algún proceso de la CRF 2",238.16,PIEZAS,MEXICO
16428,2025,7,OFICINA PUESTO DE CONTROL MARITIMO - PROV. CONST. DEL CALLAO,"YUTE, sacos",27610,FARDOS,INDIA
16429,2025,7,OFICINA PUESTO DE CONTROL MARITIMO - PROV. CONST. DEL CALLAO,"AVENA, grano aplastado o en copos (hojuelas)",26000,SACO(S),CHILE
16430,2025,7,OFICINA PUESTO DE CONTROL MARITIMO - PROV. CONST. DEL CALLAO,"Marañon (NUEZ DE CAJU), semilla alimenticia sin cascara, seca industriamente",26082,CAJA(S),VIETNAM
16431,2025,7,OFICINA PUESTO DE CONTROL MARITIMO - PROV. CONST. DEL CALLAO,"ACHIOTE, grano",35480,SACO(S),COSTA DE MARFIL
16432,2025,7,OFICINA PUESTO DE CONTROL AEREO -  PROV. CONST. DEL CALLAO,"ZAPALLITO ITALIANO (CALABACIN), semilla",0.223155,SACHETS,HOLANDA
16433,2025,7,OFICINA PUESTO DE CONTROL AEREO -  PROV. CONST. DEL CALLAO,"SANDIA, semilla",2.108,SACHETS,EEUU
16434,2025,7,OFICINA PUESTO DE CONTROL AEREO -  PROV. CONST. DEL CALLAO,"SANDIA, semilla",18.138,SACHETS,ISRAEL
16435,2025,7,OFICINA PUESTO DE CONTROL AEREO -  PROV. CONST. DEL CALLAO,"ZAPALLITO ITALIANO (CALABACIN), semilla",0.44,SACHETS,EEUU
16436,2025,7,OFICINA PUESTO DE CONTROL AEREO -  PROV. CONST. DEL CALLAO,"ZAPALLITO ITALIANO (CALABACIN), semilla",1.734105,SACHETS,HOLANDA
16437,2025,7,OFICINA PUESTO DE CONTROL MARITIMO - PROV. CONST. DEL CALLAO,Los demas articulos de cesteria con algun proceso de CRF 2,580.8,PAQUETES,CHINA
16438,2025,7,OFICINA PUESTO DE CONTROL AEREO -  PROV. CONST. DEL CALLAO,"AZUCAR DE CAÑA EN BRUTO, sin aromatizante ni colorante",1,BOLSAS,COLOMBIA
16439,2025,7,OFICINA PUESTO DE CONTROL MARITIMO - PROV. CONST. DEL CALLAO,"MADERA, encofrados para hormigon, de madera con algún proceso de la CRF2
",2576,PIEZAS,ALEMANIA
16440,2025,7,OFICINA PUESTO DE CONTROL MARITIMO - PROV. CONST. DEL CALLAO,"MADERA, monturas y mangos de herramientas, monturas y mangos de cepillos, brochas o escobas, de madera; hormas, ensanchadores y tensores del calzado, de madera ; con algún proceso de la CRF 2",363.764,PIEZAS,MEXICO
16441,2025,7,OFICINA PUESTO DE CONTROL MARITIMO - PROV. CONST. DEL CALLAO,"YUCA (=MANDIOCA), fécula",18000,SACO(S),TAILANDIA
16442,2025,7,PUESTO DE CONTROL TERRESTRE DESAGUADERO,"SOYA, torta",145000,SACO(S),BOLIVIA
16443,2025,7,"PUERTO DE PAITA , PIURA","PINO, postes de madera con algun proceso de la CRF 2",185060,UNIDADES,CHILE
16444,2025,7,PUESTO DE CONTROL TERRESTRE DESAGUADERO,"SOYA, torta",58000,SACO(S),BOLIVIA
16445,2025,7,OFICINA PUESTO DE CONTROL AEREO -  PROV. CONST. DEL CALLAO,"ARANDANO, planta in vitro",461.8,CAJAS DE PLASTICO,EEUU
16446,2025,7,OFICINA PUESTO DE CONTROL AEREO -  PROV. CONST. DEL CALLAO,"TRIGO, gluten",0.5,BOLSAS,RUSIA
16447,2025,7,PUESTO DE CONTROL TERRESTRE DESAGUADERO,"SOYA, harina",145000,SACO(S),BOLIVIA
16448,2025,7,PUESTO DE CONTROL TERRESTRE DESAGUADERO,"SOYA, harina",145000,SACO(S),BOLIVIA
16449,2025,7,PUESTO DE CONTROL TERRESTRE DESAGUADERO,"SOYA, torta",116000,SACO(S),BOLIVIA
16450,2025,7,PUESTO DE CONTROL TERRESTRE DESAGUADERO,"SOYA, torta",148500,SACO(S),BOLIVIA
16451,2025,7,PUESTO DE CONTROL TERRESTRE DESAGUADERO,"SOYA, torta",146500,SACO(S),BOLIVIA
16452,2025,7,PUESTO DE CONTROL TERRESTRE DESAGUADERO,"SOYA, torta",146000,SACO(S),BOLIVIA
16453,2025,7,PUESTO DE CONTROL TERRESTRE DESAGUADERO,"SOYA, grano",57000,GRANEL,BOLIVIA
16454,2025,7,PUESTO DE CONTROL TERRESTRE DESAGUADERO,"SOYA, grano",54000,GRANEL,BOLIVIA
16455,2025,7,PUESTO DE CONTROL TERRESTRE DESAGUADERO,"SOYA, grano",84000,GRANEL,BOLIVIA
16456,2025,7,PUESTO DE CONTROL TERRESTRE DESAGUADERO,"SOYA, grano",28000,GRANEL,BOLIVIA
16457,2025,7,PUESTO DE CONTROL TERRESTRE DESAGUADERO,"SOYA, grano",54980,GRANEL,BOLIVIA
16458,2025,7,PUESTO DE CONTROL TERRESTRE DESAGUADERO,"SOYA, grano",28000,GRANEL,BOLIVIA
16459,2025,7,PUESTO DE CONTROL TERRESTRE DESAGUADERO,"SOYA, grano",112000,GRANEL,BOLIVIA
16460,2025,7,PUESTO DE CONTROL TERRESTRE DESAGUADERO,"SOYA, grano",84000,GRANEL,BOLIVIA
16461,2025,7,PUESTO DE CONTROL TERRESTRE DESAGUADERO,"SOYA, grano",111000,GRANEL,BOLIVIA
16462,2025,7,PUESTO DE CONTROL TERRESTRE DESAGUADERO,"SOYA, grano",25000,GRANEL,BOLIVIA
16463,2025,7,PUESTO DE CONTROL TERRESTRE DESAGUADERO,"SOYA, grano",27000,GRANEL,BOLIVIA
16464,2025,7,PUESTO DE CONTROL TERRESTRE DESAGUADERO,"SOYA, grano",28000,GRANEL,BOLIVIA
16465,2025,7,PUESTO DE CONTROL TERRESTRE DESAGUADERO,"SOYA, grano",28000,GRANEL,BOLIVIA
16466,2025,7,PUESTO DE CONTROL TERRESTRE DESAGUADERO,"SOYA, grano",84000,GRANEL,BOLIVIA
16467,2025,7,PUESTO DE CONTROL TERRESTRE DESAGUADERO,"SOYA, torta",56000,GRANEL,BOLIVIA
16468,2025,7,OFICINA PUESTO DE CONTROL AEREO -  PROV. CONST. DEL CALLAO,"PEPINILLO, semilla",0.435,SACHETS,HOLANDA
16469,2025,7,PUESTO DE CONTROL TERRESTRE DESAGUADERO,"SOYA, torta",116000,SACO(S),BOLIVIA
16470,2025,7,PUESTO DE CONTROL TERRESTRE DESAGUADERO,"SOYA, torta",115500,SACO(S),BOLIVIA
16471,2025,7,PUESTO DE CONTROL TERRESTRE DESAGUADERO,"SOYA, torta",116000,SACO(S),BOLIVIA
16472,2025,7,PUESTO DE CONTROL TERRESTRE DESAGUADERO,"SOYA, torta",114500,SACO(S),BOLIVIA
16473,2025,7,PUESTO DE CONTROL TERRESTRE DESAGUADERO,"SOYA, torta",113000,SACO(S),BOLIVIA
16474,2025,7,PUESTO DE CONTROL TERRESTRE DESAGUADERO,"SOYA, torta",28940,GRANEL,BOLIVIA
16475,2025,7,PUESTO DE CONTROL TERRESTRE DESAGUADERO,"SOYA, torta",28000,GRANEL,BOLIVIA
16476,2025,7,PUESTO DE CONTROL TERRESTRE DESAGUADERO,"SOYA, torta",116000,SACO(S),BOLIVIA
16477,2025,7,OFICINA PUESTO DE CONTROL MARITIMO - PROV. CONST. DEL CALLAO,"GARBANZO, grano",72000,SACO(S),MEXICO
16478,2025,7,OFICINA PUESTO DE CONTROL MARITIMO - PROV. CONST. DEL CALLAO,"OREGANO, seco al natural",50000,BOLSAS,EGYPTO
16479,2025,7,PUESTO DE CONTROL TERRESTRE DESAGUADERO,"SOYA, torta",115000,SACO(S),BOLIVIA
16480,2025,7,PUESTO DE CONTROL TERRESTRE DESAGUADERO,"SOYA, torta",144500,SACO(S),BOLIVIA
16481,2025,7,PUESTO DE CONTROL TERRESTRE DESAGUADERO,"SOYA, harina",28000,SACO(S),BOLIVIA
16482,2025,7,PUESTO DE CONTROL TERRESTRE DESAGUADERO,"SOYA, torta",116000,SACO(S),BOLIVIA
16483,2025,7,PUESTO DE CONTROL TERRESTRE DESAGUADERO,"SOYA, torta",145000,SACO(S),BOLIVIA
16484,2025,7,PUESTO DE CONTROL TERRESTRE DESAGUADERO,"SOYA, torta",116000,SACO(S),BOLIVIA
16485,2025,7,PUESTO DE CONTROL TERRESTRE DESAGUADERO,"SOYA, torta",28000,GRANEL,BOLIVIA
16486,2025,7,PUESTO DE CONTROL TERRESTRE DESAGUADERO,"SOYA, torta",28000,GRANEL,BOLIVIA
16487,2025,7,OFICINA PUESTO DE CONTROL MARITIMO - PROV. CONST. DEL CALLAO,"GARBANZO, grano",23950,SACO(S),MEXICO
16488,2025,7,PUESTO DE CONTROL TERRESTRE DESAGUADERO,"SOYA, torta",116000,SACO(S),BOLIVIA
16489,2025,7,PUESTO DE CONTROL TERRESTRE DESAGUADERO,"SOYA, torta",116000,SACO(S),BOLIVIA
16490,2025,7,PUESTO DE CONTROL TERRESTRE DESAGUADERO,"SOYA, torta",104000,SACO(S),BOLIVIA
16491,2025,7,PUESTO DE CONTROL TERRESTRE DESAGUADERO,"SOYA, torta",116000,SACO(S),BOLIVIA
16492,2025,7,PUESTO DE CONTROL TERRESTRE DESAGUADERO,"SOYA, torta",75000,SACO(S),BOLIVIA
16493,2025,7,PUESTO DE CONTROL TERRESTRE DESAGUADERO,"MANI, grano sin cáscara",58000,SACO(S),BOLIVIA
16494,2025,7,OFICINA PUESTO DE CONTROL AEREO -  PROV. CONST. DEL CALLAO,"PIMIENTO, semilla",0.035,SACHETS,FRANCIA
16495,2025,7,PUESTO DE CONTROL TERRESTRE DESAGUADERO,"SOYA, harina",116000,SACO(S),BOLIVIA
16496,2025,7,PUESTO DE CONTROL TERRESTRE DESAGUADERO,"SOYA, harina",116000,SACO(S),BOLIVIA
16497,2025,7,OFICINA PUESTO DE CONTROL MARITIMO - PROV. CONST. DEL CALLAO,LOS DEMAS ALMIDONES Y FECULAS,22592,BOLSAS,BRASIL
16498,2025,7,OFICINA PUESTO DE CONTROL MARITIMO - PROV. CONST. DEL CALLAO,"MANZANA, fruto fresco",20238,CAJA(S),CHILE
16499,2025,7,OFICINA PUESTO DE CONTROL MARITIMO - PROV. CONST. DEL CALLAO,"UVA (PASAS), secas naturalmente",20000,CAJA(S),ARGENTINA
16500,2025,7,OFICINA PUESTO DE CONTROL MARITIMO - PROV. CONST. DEL CALLAO,"FLOR DE JAMAICA, seca natural",36000,SACO(S),NIGERIA
16501,2025,7,OFICINA PUESTO DE CONTROL MARITIMO - PROV. CONST. DEL CALLAO,"NUEZ DE NOGAL, con cascara",20000,BOLSAS,ARGENTINA
16502,2025,7,"SANTA ROSA, TACNA","MANZANA, fruto fresco",23520,CAJA(S),CHILE
16503,2025,7,PUESTO DE CONTROL TERRESTRE DESAGUADERO,"SOYA, torta",115000,SACO(S),BOLIVIA
16504,2025,7,PUESTO DE CONTROL TERRESTRE DESAGUADERO,"SOYA, torta",113500,SACO(S),BOLIVIA
16505,2025,7,PUESTO DE CONTROL TERRESTRE DESAGUADERO,"SOYA, torta",28000,GRANEL,BOLIVIA
16506,2025,7,OFICINA PUESTO DE CONTROL MARITIMO - PROV. CONST. DEL CALLAO,"ARVEJA, grano partido",46266,SACO(S),EEUU
16507,2025,7,OFICINA PUESTO DE CONTROL MARITIMO - PROV. CONST. DEL CALLAO,"ARVEJA, grano entero",49986,BOLSAS,CANADA
16508,2025,7,PUESTO DE CONTROL TERRESTRE DESAGUADERO,"SOYA, torta",58000,SACO(S),BOLIVIA
16509,2025,7,PUESTO DE CONTROL TERRESTRE DESAGUADERO,"SOYA, torta",140000,SACO(S),BOLIVIA
16510,2025,7,PUESTO DE CONTROL TERRESTRE DESAGUADERO,"SOYA, harina",174000,SACO(S),BOLIVIA
16511,2025,7,OFICINA PUESTO DE CONTROL MARITIMO - PROV. CONST. DEL CALLAO,"MANZANA, fruto fresco",19551,CAJA(S),CHILE
16512,2025,7,OFICINA PUESTO DE CONTROL MARITIMO - PROV. CONST. DEL CALLAO,"ARROZ, grano pilado",2.00E+05,SACO(S),TAILANDIA
16513,2025,7,PUESTO DE CONTROL TERRESTRE DESAGUADERO,"SOYA, torta",28000,GRANEL,BOLIVIA
16514,2025,7,PUESTO DE CONTROL TERRESTRE DESAGUADERO,"SOYA, torta",56000,GRANEL,BOLIVIA
16515,2025,7,PUESTO DE CONTROL TERRESTRE DESAGUADERO,"SOYA, torta",28000,GRANEL,BOLIVIA
16516,2025,7,PUESTO DE CONTROL TERRESTRE DESAGUADERO,"SOYA, torta",174000,SACO(S),BOLIVIA
16517,2025,7,PUESTO DE CONTROL TERRESTRE DESAGUADERO,"SOYA, torta",116000,SACO(S),BOLIVIA
16518,2025,7,OFICINA PUESTO DE CONTROL MARITIMO - PROV. CONST. DEL CALLAO,"COMINO, grano",26960,SACO(S),INDIA
16519,2025,7,OFICINA PUESTO DE CONTROL MARITIMO - PROV. CONST. DEL CALLAO,"MANZANA, fruta fresca",200704,CAJA(S),EEUU
16520,2025,7,OFICINA PUESTO DE CONTROL MARITIMO - PROV. CONST. DEL CALLAO,"LENTEJA, grano",26082,SACO(S),CANADA
16521,2025,7,OFICINA PUESTO DE CONTROL AEREO -  PROV. CONST. DEL CALLAO,"COCO, fibra (para sustrato)",20.5,PAQUETES,SRI LANKA
16522,2025,7,OFICINA PUESTO DE CONTROL MARITIMO - PROV. CONST. DEL CALLAO,"Articulos para fiestas de navidad que sean o contengan material vegetal
",5965.6,UNIDADES,CHINA
16523,2025,7,OFICINA PUESTO DE CONTROL MARITIMO - PROV. CONST. DEL CALLAO,"MARCOS, madera",580.5,UNIDADES,GUATEMALA
16524,2025,7,OFICINA PUESTO DE CONTROL MARITIMO - PROV. CONST. DEL CALLAO,"MATERIA VEGETAL, trenzas, materia trenzable incluso ensamblados en tiras tejidos o paralelizados en forma plana con algún proceso de la CRF 2",142.5,UNIDADES,GUATEMALA
16525,2025,7,OFICINA PUESTO DE CONTROL MARITIMO - PROV. CONST. DEL CALLAO,"BAMBU, artículos de cestería obtenidos directamente en su forma con materia trenzable con algún proceso de la CRF 2",150.5,UNIDADES,GUATEMALA
16526,2025,7,OFICINA PUESTO DE CONTROL MARITIMO - PROV. CONST. DEL CALLAO,"Los demas articulos para fiesta, carnaval u otras diversiones, incluidos los de magia y articulos sorpresa que sean o contengan material vegetal
",18.63,UNIDADES,GUATEMALA
16527,2025,7,OFICINA PUESTO DE CONTROL MARITIMO - PROV. CONST. DEL CALLAO,"MARCOS, madera",155.25,UNIDADES,GUATEMALA
16528,2025,7,OFICINA PUESTO DE CONTROL MARITIMO - PROV. CONST. DEL CALLAO,Los demas articulos de cesteria con algun proceso de CRF 2,166,CAJA(S),GUATEMALA
16529,2025,7,OFICINA PUESTO DE CONTROL MARITIMO - PROV. CONST. DEL CALLAO,"YUTE, tejido o de las demas fibras textiles con algun proceso de CRF2",42,UNIDADES,GUATEMALA
16530,2025,7,OFICINA PUESTO DE CONTROL MARITIMO - PROV. CONST. DEL CALLAO,"FOLLAJE, HOJAS, RAMAS Y DEMAS PARTES DE PLANTAS, sin flores ni capullos y hierbas, musgos y líquenes,para ramos o adornos con algún proceso de la CRF2.",42,UNIDADES,GUATEMALA
16531,2025,7,OFICINA PUESTO DE CONTROL MARITIMO - PROV. CONST. DEL CALLAO,"MARCOS, madera",120.75,UNIDADES,GUATEMALA
16532,2025,7,OFICINA PUESTO DE CONTROL MARITIMO - PROV. CONST. DEL CALLAO,"Madera flotante para acuarios, de especies dinstitos a tropicales, con algún proceso de la CRF2",100.8,UNIDADES,GUATEMALA
16533,2025,7,OFICINA PUESTO DE CONTROL MARITIMO - PROV. CONST. DEL CALLAO,"BAMBU, trenzas y artículos similares, de materia trenzable, incluso ensamblados en tiras, materia trenzable, trenzas y artículos similares de materia trenzable, tejidos o paralelizados, en forma plana, con algún proceso de la CRF 2",38.83,UNIDADES,GUATEMALA
16534,2025,7,OFICINA PUESTO DE CONTROL MARITIMO - PROV. CONST. DEL CALLAO,"Articulos para fiestas de navidad que sean o contengan material vegetal
",1.26,UNIDADES,GUATEMALA
16535,2025,7,Puerto de Chancay,"FREJOL, grano",275000,SACO(S),CHINA
16536,2025,7,OFICINA PUESTO DE CONTROL MARITIMO - PROV. CONST. DEL CALLAO,"AVENA, grano trabajado (mondado, perlado, troceado o quebrantado)",78000,SACO(S),CHILE
16537,2025,7,PUESTO DE CONTROL TERRESTRE DESAGUADERO,"SOYA, harina",28000,SACO(S),BOLIVIA
16538,2025,7,PUESTO DE CONTROL TERRESTRE DESAGUADERO,"SOYA, harina",28000,SACO(S),BOLIVIA
16539,2025,7,PUESTO DE CONTROL TERRESTRE DESAGUADERO,"SOYA, harina",28000,SACO(S),BOLIVIA
16540,2025,7,OFICINA PUESTO DE CONTROL MARITIMO - PROV. CONST. DEL CALLAO,"CORCHO, desperdicios; corcho triturado, granulado o pulverizado",275.331,BOLSAS,EEUU
16541,2025,7,PUESTO DE CONTROL TERRESTRE DESAGUADERO,"SOYA, harina",28000,SACO(S),BOLIVIA
16542,2025,7,PUESTO DE CONTROL TERRESTRE DESAGUADERO,"SOYA, harina",28000,SACO(S),BOLIVIA
16543,2025,7,PUESTO DE CONTROL TERRESTRE DESAGUADERO,"SOYA, harina",28000,SACO(S),BOLIVIA
16544,2025,7,OFICINA PUESTO DE CONTROL AEREO -  PROV. CONST. DEL CALLAO,"MELON, semilla",6.567,SACHETS,EEUU
16545,2025,7,OFICINA PUESTO DE CONTROL AEREO -  PROV. CONST. DEL CALLAO,"CEBOLLA, semilla",15.45,SACHETS,CHILE
16546,2025,7,OFICINA PUESTO DE CONTROL AEREO -  PROV. CONST. DEL CALLAO,"SANDIA, semilla",2.407,SACHETS,EEUU
16547,2025,7,OFICINA PUESTO DE CONTROL AEREO -  PROV. CONST. DEL CALLAO,"SANDIA, semilla",0.695,SACHETS,EEUU
16548,2025,7,OFICINA PUESTO DE CONTROL MARITIMO - PROV. CONST. DEL CALLAO,"UVA (PASAS), secas naturalmente",20000,CAJA(S),CHILE
16549,2025,7,OFICINA PUESTO DE CONTROL MARITIMO - PROV. CONST. DEL CALLAO,"UVA (PASAS), secas naturalmente",20000,CAJA(S),CHILE
16550,2025,7,OFICINA PUESTO DE CONTROL MARITIMO - PROV. CONST. DEL CALLAO,"MANZANA, fruto fresco",19699,CAJA(S),CHILE
16551,2025,7,"PUERTO DE PAITA , PIURA","ALPISTE (=PHALARIS), grano",43000,SACO(S),CANADA
16552,2025,7,OFICINA PUESTO DE CONTROL MARITIMO - PROV. CONST. DEL CALLAO,"LENTEJA, grano",184030,SACO(S),CANADA
16553,2025,7,OFICINA PUESTO DE CONTROL MARITIMO - PROV. CONST. DEL CALLAO,"OREGANO, seco al natural",50000,SACO(S),TURQUIA
16554,2025,7,OFICINA PUESTO DE CONTROL MARITIMO - PROV. CONST. DEL CALLAO,"Las demas maquinaria para limpieza, clasificacion o cribado de semillas, granos u otras hortalilzas, usadas
",200,CAJA(S),CHINA
16555,2025,7,OFICINA PUESTO DE CONTROL MARITIMO - PROV. CONST. DEL CALLAO,"GARBANZO, grano",72000,SACO(S),MEXICO
16556,2025,7,OFICINA PUESTO DE CONTROL AEREO -  PROV. CONST. DEL CALLAO,"ZAPALLITO ITALIANO (CALABACIN), semilla",2.1,SACHETS,EEUU
16557,2025,7,OFICINA PUESTO DE CONTROL MARITIMO - PROV. CONST. DEL CALLAO,"AVENA, grano aplastado o en copos (hojuelas)",52500,SACO(S),CHILE
16558,2025,7,OFICINA PUESTO DE CONTROL MARITIMO - PROV. CONST. DEL CALLAO,"MAIZ, almidon",28000,BOLSAS,CHINA
16559,2025,7,PUESTO DE CONTROL TERRESTRE DESAGUADERO,"SOYA, grano",56000,GRANEL,BOLIVIA
16560,2025,7,PUESTO DE CONTROL TERRESTRE DESAGUADERO,"SOYA, grano",83500,GRANEL,BOLIVIA
16561,2025,7,PUESTO DE CONTROL TERRESTRE DESAGUADERO,"SOYA, grano",56000,GRANEL,BOLIVIA
16562,2025,7,PUESTO DE CONTROL TERRESTRE DESAGUADERO,"SOYA, grano",27000,GRANEL,BOLIVIA
16563,2025,7,PUESTO DE CONTROL TERRESTRE DESAGUADERO,"SOYA, torta",56090,GRANEL,BOLIVIA
16564,2025,7,PUESTO DE CONTROL TERRESTRE DESAGUADERO,"SOYA, torta",28000,GRANEL,BOLIVIA
16565,2025,7,PUESTO DE CONTROL TERRESTRE DESAGUADERO,"SOYA, torta",27740,GRANEL,BOLIVIA
16566,2025,7,PUESTO DE CONTROL TERRESTRE DESAGUADERO,"SOYA, torta",27980,GRANEL,BOLIVIA
16567,2025,7,OFICINA PUESTO DE CONTROL MARITIMO - PROV. CONST. DEL CALLAO,"MARCOS, madera",214.2,UNIDADES,CHINA
16568,2025,7,PUESTO DE CONTROL TERRESTRE DESAGUADERO,"SOYA, torta",27980,GRANEL,BOLIVIA
16569,2025,7,PUESTO DE CONTROL TERRESTRE DESAGUADERO,"SOYA, torta",27970,GRANEL,BOLIVIA
16570,2025,7,PUESTO DE CONTROL TERRESTRE DESAGUADERO,"SOYA, torta",145000,SACO(S),BOLIVIA
16571,2025,7,"SANTA ROSA, TACNA","TRIGO, afrecho seco industrial",112000,SACO(S),CHILE
16572,2025,7,OFICINA PUESTO DE CONTROL MARITIMO - PROV. CONST. DEL CALLAO,"YUTE, sacos o bolsas con algun proceso de la CFR 2",30951,PALETAS,INDIA
16573,2025,7,OFICINA PUESTO DE CONTROL MARITIMO - PROV. CONST. DEL CALLAO,"ARROZ, grano pilado",3258,CAJA(S),ITALIA
16574,2025,7,PUESTO DE CONTROL TERRESTRE DESAGUADERO,"Soya, harina prensada",150000,SACO(S),BOLIVIA
16575,2025,7,PUESTO DE CONTROL TERRESTRE DESAGUADERO,"SOYA, torta",28000,GRANEL,BOLIVIA
16576,2025,7,PUESTO DE CONTROL TERRESTRE DESAGUADERO,"SOYA, torta",53440,GRANEL,BOLIVIA
16577,2025,7,OFICINA PUESTO DE CONTROL MARITIMO - PROV. CONST. DEL CALLAO,SUSTRATO (en base a turba y fibra de coco),347020,PALETAS,ESPAÑA
16578,2025,7,OFICINA PUESTO DE CONTROL MARITIMO - PROV. CONST. DEL CALLAO,"COCO, fibra (para sustrato)",179020,PALETAS,INDIA
16579,2025,7,OFICINA PUESTO DE CONTROL MARITIMO - PROV. CONST. DEL CALLAO,"YERBA MATE, secado industrial",1900,PAQUETES,URUGUAY
16580,2025,7,OFICINA PUESTO DE CONTROL AEREO -  PROV. CONST. DEL CALLAO,"COCO, fibra (para sustrato)",7,CAJA(S),ESPAÑA
16581,2025,7,OFICINA PUESTO DE CONTROL MARITIMO - PROV. CONST. DEL CALLAO,"ALGARROBO EUROPEO, harina",16250,SACO(S),ESPAÑA
16582,2025,7,OFICINA PUESTO DE CONTROL AEREO -  PROV. CONST. DEL CALLAO,"COCO, fibra (para sustrato)",7,CAJA(S),ESPAÑA
16583,2025,7,OFICINA PUESTO DE CONTROL MARITIMO - PROV. CONST. DEL CALLAO,"MADERA, paletas con algún proceso de la CRF 2",165000,PALETAS,COLOMBIA
16584,2025,7,OFICINA PUESTO DE CONTROL MARITIMO - PROV. CONST. DEL CALLAO,"MANZANA, fruto fresco",21011.2,CAJA(S),CHILE
16585,2025,7,PUESTO DE CONTROL TERRESTRE DESAGUADERO,"SOYA, torta",28000,GRANEL,BOLIVIA
16586,2025,7,PUESTO DE CONTROL TERRESTRE DESAGUADERO,"SOYA, torta",28000,GRANEL,BOLIVIA
16587,2025,7,PUESTO DE CONTROL TERRESTRE DESAGUADERO,"SOYA, torta",55980,GRANEL,BOLIVIA
16588,2025,7,PUESTO DE CONTROL TERRESTRE DESAGUADERO,"SOYA, torta",27060,GRANEL,BOLIVIA
16589,2025,7,PUESTO DE CONTROL TERRESTRE DESAGUADERO,"SOYA, torta",28972,SACO(S),BOLIVIA
16590,2025,7,PUESTO DE CONTROL TERRESTRE DESAGUADERO,"SOYA, harina",27744,SACO(S),BOLIVIA
16591,2025,7,PUESTO DE CONTROL TERRESTRE DESAGUADERO,"SOYA, torta",28000,GRANEL,BOLIVIA
16592,2025,7,PUESTO DE CONTROL TERRESTRE DESAGUADERO,"SOYA, harina",55368,SACO(S),BOLIVIA
16593,2025,7,OFICINA PUESTO DE CONTROL MARITIMO - PROV. CONST. DEL CALLAO,AZUCAR BLANCA O REFINADA (lectura polarimetrica mayor 99.5°),397500,SACO(S),COLOMBIA
16594,2025,7,"AGUAS VERDES, TUMBES","CAÑA DE GUAYAQUIL, seca al natural",31000,UNIDADES,ECUADOR
16595,2025,7,OFICINA PUESTO DE CONTROL MARITIMO - PROV. CONST. DEL CALLAO,"KIWI, fruto fresco",16800,CAJA(S),CHILE
16596,2025,7,OFICINA PUESTO DE CONTROL AEREO -  PROV. CONST. DEL CALLAO,"CALABAZA MOSCADA, semilla",0.39,SACHETS,EEUU
16597,2025,7,OFICINA PUESTO DE CONTROL AEREO -  PROV. CONST. DEL CALLAO,"ZAPALLITO ITALIANO (CALABACIN), semilla",4.64,SACHETS,EEUU
16598,2025,7,OFICINA PUESTO DE CONTROL MARITIMO - PROV. CONST. DEL CALLAO,"PAPA, hojuelas y pellets",17080,SACO(S),HOLANDA
16599,2025,7,"SANTA ROSA, TACNA","PERA, fruta fresca",23040,CAJA(S),CHILE
16600,2025,7,OFICINA PUESTO DE CONTROL MARITIMO - PROV. CONST. DEL CALLAO,"MAIZ, semilla",85782.82,BOLSAS,MEXICO
16601,2025,7,PUESTO DE CONTROL TERRESTRE DESAGUADERO,"SOYA, harina",116000,SACO(S),BOLIVIA
16602,2025,7,PUESTO DE CONTROL TERRESTRE DESAGUADERO,"SOYA, harina",116000,SACO(S),BOLIVIA
16603,2025,7,OFICINA PUESTO DE CONTROL AEREO -  PROV. CONST. DEL CALLAO,"ARANDANO, planta",2400,CAJA(S),CHILE
16604,2025,7,"AGUAS VERDES, TUMBES","Las demás coniferas, las demas maderas aserradas o desbastadas longitudinalmente, cortada o desenrollada, incluso cepillada,lijada o unida por lo extremos, de espesor superior a 6 mm, con algun tratamiento de la CRF 2",56590,PIEZAS,ECUADOR
16605,2025,7,"AGUAS VERDES, TUMBES","Las demás coniferas, las demas maderas aserradas o desbastadas longitudinalmente, cortada o desenrollada, incluso cepillada,lijada o unida por lo extremos, de espesor superior a 6 mm, con algun tratamiento de la CRF 2",53900,PIEZAS,ECUADOR
16606,2025,7,OFICINA PUESTO DE CONTROL MARITIMO - PROV. CONST. DEL CALLAO,"PINO, madera aserrada con algún proceso de la CRF2",349470,PAQUETES,CHILE
16607,2025,7,PUESTO DE CONTROL TERRESTRE DESAGUADERO,"SOYA, torta",174000,SACO(S),BOLIVIA
16608,2025,7,"PUERTO DE ILO, MOQUEGUA","ANA CASPI, traviesas y durmientes con algún proceso de la CRF2",90231,PIEZAS,MEXICO
16609,2025,7,OFICINA PUESTO DE CONTROL AEREO -  PROV. CONST. DEL CALLAO,CULTIVO DE MICROORGANISMOS PARA USO AGRICOLA,37,BOLSAS,EEUU
16610,2025,7,"PUERTO DE PAITA , PIURA","COCO, fibra (para sustrato)",160220,PALETAS,INDIA
16611,2025,7,OFICINA PUESTO DE CONTROL MARITIMO - PROV. CONST. DEL CALLAO,"AVENA, grano trabajado (mondado, perlado, troceado o quebrantado)",52500,SACO(S),CHILE
16612,2025,7,PUESTO DE CONTROL TERRESTRE DESAGUADERO,"SOYA, torta",145000,SACO(S),BOLIVIA
16613,2025,7,PUESTO DE CONTROL TERRESTRE DESAGUADERO,"SOYA, torta",28000,GRANEL,BOLIVIA
16614,2025,7,PUESTO DE CONTROL TERRESTRE DESAGUADERO,"SOYA, torta",57884,SACO(S),BOLIVIA
16615,2025,7,PUESTO DE CONTROL TERRESTRE DESAGUADERO,"SOYA, torta",28000,GRANEL,BOLIVIA
16616,2025,7,PUESTO DE CONTROL TERRESTRE DESAGUADERO,"SOYA, torta",57625,SACO(S),BOLIVIA
16617,2025,7,PUESTO DE CONTROL TERRESTRE DESAGUADERO,"SOYA, torta",144881,SACO(S),BOLIVIA
16618,2025,7,PUESTO DE CONTROL TERRESTRE DESAGUADERO,"SOYA, torta",28354,SACO(S),BOLIVIA
16619,2025,7,PUESTO DE CONTROL TERRESTRE DESAGUADERO,"SOYA, torta",27974,SACO(S),BOLIVIA
16620,2025,7,PUESTO DE CONTROL TERRESTRE DESAGUADERO,"SOYA, torta",28000,GRANEL,BOLIVIA
16621,2025,7,PUESTO DE CONTROL TERRESTRE DESAGUADERO,"SOYA, torta",28000,GRANEL,BOLIVIA
16622,2025,7,OFICINA PUESTO DE CONTROL MARITIMO - PROV. CONST. DEL CALLAO,"PINO, madera aserrada con algún proceso de la CRF2",45459,PAQUETES,CHILE
16623,2025,7,PUESTO DE CONTROL TERRESTRE DESAGUADERO,"SOYA, torta",146500,SACO(S),BOLIVIA
16624,2025,7,OFICINA PUESTO DE CONTROL MARITIMO - PROV. CONST. DEL CALLAO,"MAIZ AMARILLO DURO, grano",22963040,GRANEL,ARGENTINA
16625,2025,7,OFICINA PUESTO DE CONTROL MARITIMO - PROV. CONST. DEL CALLAO,"SOYA, torta",18842350,GRANEL,ARGENTINA
16626,2025,7,OFICINA PUESTO DE CONTROL MARITIMO - PROV. CONST. DEL CALLAO,"YUTE, tejido crudo",27342,FARDOS,INDIA
16627,2025,7,PUESTO DE CONTROL TERRESTRE DESAGUADERO,"SOYA, torta",84000,GRANEL,BOLIVIA
16628,2025,7,PUESTO DE CONTROL TERRESTRE DESAGUADERO,"SOYA, torta",83950,GRANEL,BOLIVIA
16629,2025,7,PUESTO DE CONTROL TERRESTRE DESAGUADERO,"SOYA, torta",28000,GRANEL,BOLIVIA
16630,2025,7,PUESTO DE CONTROL TERRESTRE DESAGUADERO,"SOYA, torta",55980,GRANEL,BOLIVIA
16631,2025,7,PUESTO DE CONTROL TERRESTRE DESAGUADERO,"SOYA, grano",84000,GRANEL,BOLIVIA
16632,2025,7,PUESTO DE CONTROL TERRESTRE DESAGUADERO,"SOYA, grano",29000,GRANEL,BOLIVIA
16633,2025,7,PUESTO DE CONTROL TERRESTRE DESAGUADERO,"SOYA, torta",28000,GRANEL,BOLIVIA
16634,2025,7,PUESTO DE CONTROL TERRESTRE DESAGUADERO,"SOYA, torta",28040,GRANEL,BOLIVIA
16635,2025,7,PUESTO DE CONTROL TERRESTRE DESAGUADERO,"SOYA, grano",84000,GRANEL,BOLIVIA
16636,2025,7,PUESTO DE CONTROL TERRESTRE DESAGUADERO,"SOYA, grano",84000,GRANEL,BOLIVIA
16637,2025,7,PUESTO DE CONTROL TERRESTRE DESAGUADERO,"SOYA, torta",114500,SACO(S),BOLIVIA
16638,2025,7,PUESTO DE CONTROL TERRESTRE DESAGUADERO,"SOYA, grano",56000,GRANEL,BOLIVIA
16639,2025,7,PUESTO DE CONTROL TERRESTRE DESAGUADERO,"SOYA, harina",29000,SACO(S),BOLIVIA
16640,2025,7,PUESTO DE CONTROL TERRESTRE DESAGUADERO,"SOYA, harina",29000,SACO(S),BOLIVIA
16641,2025,7,PUESTO DE CONTROL TERRESTRE DESAGUADERO,"SOYA, harina",29000,SACO(S),BOLIVIA
16642,2025,7,OFICINA PUESTO DE CONTROL MARITIMO - PROV. CONST. DEL CALLAO,"PERA, fruta fresca",25137,CAJA(S),ARGENTINA
16643,2025,7,PUESTO DE CONTROL TERRESTRE DESAGUADERO,"SOYA, harina",28000,SACO(S),BOLIVIA
16644,2025,7,OFICINA PUESTO DE CONTROL MARITIMO - PROV. CONST. DEL CALLAO,"GARBANZO, grano",46660,SACO(S),EEUU
16645,2025,7,PUESTO DE CONTROL TERRESTRE DESAGUADERO,"SOYA, torta",140000,SACO(S),BOLIVIA
16646,2025,7,OFICINA PUESTO DE CONTROL MARITIMO - PROV. CONST. DEL CALLAO,"PERA, fruta fresca",22680,CAJA(S),ARGENTINA
16647,2025,7,OFICINA PUESTO DE CONTROL AEREO -  PROV. CONST. DEL CALLAO,"SANDIA, semilla",20.077,SACHETS,EEUU
16648,2025,7,OFICINA PUESTO DE CONTROL MARITIMO - PROV. CONST. DEL CALLAO,"LENTEJA, grano",74630,SACO(S),CANADA
16649,2025,7,OFICINA PUESTO DE CONTROL MARITIMO - PROV. CONST. DEL CALLAO,AZUCAR BLANCA O REFINADA (lectura polarimetrica mayor 99.5°),132250,SACO(S),COLOMBIA
16650,2025,7,PUESTO DE CONTROL TERRESTRE DESAGUADERO,"SOYA, torta",56000,SACO(S),BOLIVIA
16651,2025,7,OFICINA PUESTO DE CONTROL MARITIMO - PROV. CONST. DEL CALLAO,"NUEZ DE NOGAL, con cascara",20000,BOLSAS,ARGENTINA
16652,2025,7,OFICINA PUESTO DE CONTROL MARITIMO - PROV. CONST. DEL CALLAO,"MANZANA, fruto fresco",20070.4,CAJA(S),CHILE
16653,2025,7,OFICINA PUESTO DE CONTROL MARITIMO - PROV. CONST. DEL CALLAO,"PERA, fruta fresca",22680,CAJA(S),ARGENTINA
16654,2025,7,OFICINA PUESTO DE CONTROL MARITIMO - PROV. CONST. DEL CALLAO,"TRIGO, semola",56400,SACO(S),MEXICO
16655,2025,7,PUESTO DE CONTROL TERRESTRE DESAGUADERO,"SOYA, torta",116000,SACO(S),BOLIVIA
16656,2025,7,PUESTO DE CONTROL TERRESTRE DESAGUADERO,"SOYA, torta",1.00E+05,SACO(S),BOLIVIA
16657,2025,7,OFICINA PUESTO DE CONTROL MARITIMO - PROV. CONST. DEL CALLAO,"COCO, fibra (para sustrato)",47442,PALETAS,INDIA
16658,2025,7,OFICINA PUESTO DE CONTROL MARITIMO - PROV. CONST. DEL CALLAO,"ALMENDRA, sin cáscara secado al natural",19958,CAJA(S),EEUU
16659,2025,7,"SANTA ROSA, TACNA","PERA, fruta fresca",16170,CAJA(S),ARGENTINA
16660,2025,7,"SANTA ROSA, TACNA","MANZANA, fruta fresca",7392,CAJA(S),ARGENTINA
16661,2025,7,PUESTO DE CONTROL TERRESTRE DESAGUADERO,"FREJOL ADZUKI, grano",56000,BOLSAS,ARGENTINA
16662,2025,7,PUESTO DE CONTROL TERRESTRE DESAGUADERO,"SOYA, harina",28000,SACO(S),BOLIVIA
16663,2025,7,"PUERTO DE SALAVERRY, LA LIBERTAD","MAIZ AMARILLO DURO, grano",6650000,GRANEL,ARGENTINA
16664,2025,7,OFICINA PUESTO DE CONTROL MARITIMO - PROV. CONST. DEL CALLAO,"KIWI, fruto fresco",6000,CAJA(S),CHILE
16665,2025,7,OFICINA PUESTO DE CONTROL MARITIMO - PROV. CONST. DEL CALLAO,"MANZANA, fruto fresco",33878.6,CAJA(S),CHILE
16666,2025,7,PUESTO DE CONTROL TERRESTRE DESAGUADERO,"SOYA, torta",116000,SACO(S),BOLIVIA
16667,2025,7,PUESTO DE CONTROL TERRESTRE DESAGUADERO,"SOYA, harina",28000,SACO(S),BOLIVIA
16668,2025,7,PUESTO DE CONTROL TERRESTRE DESAGUADERO,"SOYA, harina",28000,SACO(S),BOLIVIA
16669,2025,7,OFICINA PUESTO DE CONTROL MARITIMO - PROV. CONST. DEL CALLAO,"MAIZ REVENTON, grano",104328,SACO(S),EEUU
16670,2025,7,OFICINA PUESTO DE CONTROL MARITIMO - PROV. CONST. DEL CALLAO,"ALGODON, fibra sin cardar ni peinar (>34.92 mm)",137545,FARDOS,EEUU
16671,2025,7,"IÑAPARI, MADRE DE DIOS","ARROZ, grano pilado",6000,PAQUETES,BRASIL
16672,2025,7,"IÑAPARI, MADRE DE DIOS","ARROZ, grano pilado",10000,SACO(S),BRASIL
16673,2025,7,"IÑAPARI, MADRE DE DIOS","ARROZ, grano pilado",48000,FARDOS,BRASIL
16674,2025,7,OFICINA PUESTO DE CONTROL MARITIMO - PROV. CONST. DEL CALLAO,"MADERA, aserrada con algún tratamiento de la CRF 2",9640,PAQUETES,CHILE
16675,2025,7,"AGUAS VERDES, TUMBES","ROSA, flores frescas cortadas",4199,CAJA(S),ECUADOR
16676,2025,7,"AGUAS VERDES, TUMBES","CLAVEL, flores frescas cortadas",19,CAJA(S),ECUADOR
16677,2025,7,"AGUAS VERDES, TUMBES","CRISANTEMO, flores frescas cortadas",380,CAJA(S),ECUADOR
16678,2025,7,"AGUAS VERDES, TUMBES","LILIUM (=AZUCENA), flores frescas cortadas",361,CAJA(S),ECUADOR
16679,2025,7,"AGUAS VERDES, TUMBES","GYPSOPHILA, flores frescas cortadas",295,CAJA(S),ECUADOR
16680,2025,7,OFICINA PUESTO DE CONTROL MARITIMO - PROV. CONST. DEL CALLAO,"AJONJOLI, grano",24990,BOLSAS,PARAGUAY
16681,2025,7,"AGUAS VERDES, TUMBES","CAÑA DE GUAYAQUIL, seca al natural",34000,UNIDADES,ECUADOR
16682,2025,7,OFICINA PUESTO DE CONTROL MARITIMO - PROV. CONST. DEL CALLAO,"ROTEN (=Ratán), artículos de cestería obtenidos directamente en su forma con materia trenzable con algún proceso de la CRF2",72,CAJA(S),VIETNAM
16683,2025,7,OFICINA PUESTO DE CONTROL MARITIMO - PROV. CONST. DEL CALLAO,"Articulos de cesteria (canastos, cestos u otros), con algun proceso de la CRF2",471.5,CAJA(S),VIETNAM
16684,2025,7,"IÑAPARI, MADRE DE DIOS","ARROZ, grano pilado",31980,FARDOS,BRASIL
16685,2025,7,"SANTA ROSA, TACNA","MANZANA, fruto fresco",23520,CAJA(S),CHILE
16686,2025,7,OFICINA PUESTO DE CONTROL MARITIMO - PROV. CONST. DEL CALLAO,"ARVEJA, semilla",18650,SACO(S),EEUU
16687,2025,7,PUESTO DE CONTROL TERRESTRE DESAGUADERO,"SOYA, torta",115000,SACO(S),BOLIVIA
16688,2025,7,OFICINA PUESTO DE CONTROL MARITIMO - PROV. CONST. DEL CALLAO,TURBA,411840,BIG BAG,HOLANDA
16689,2025,7,OFICINA PUESTO DE CONTROL MARITIMO - PROV. CONST. DEL CALLAO,"LENTEJA, grano",74980,SACO(S),CANADA
16690,2025,7,OFICINA PUESTO DE CONTROL MARITIMO - PROV. CONST. DEL CALLAO,"LENTEJA, grano",24680,SACO(S),CANADA
16691,2025,7,OFICINA PUESTO DE CONTROL MARITIMO - PROV. CONST. DEL CALLAO,"LENTEJA, grano",123830,SACO(S),CANADA
16692,2025,7,PUESTO DE CONTROL TERRESTRE DESAGUADERO,"SOYA, torta",112000,GRANEL,BOLIVIA
16693,2025,7,OFICINA PUESTO DE CONTROL MARITIMO - PROV. CONST. DEL CALLAO,"PERA, fruta fresca",22608,CAJA(S),ARGENTINA
16694,2025,7,OFICINA PUESTO DE CONTROL AEREO -  PROV. CONST. DEL CALLAO,"TOMATE, semilla",0.0371,SACHETS,FRANCIA
16695,2025,7,PUESTO DE CONTROL TERRESTRE DESAGUADERO,"SOYA, torta",84000,GRANEL,BOLIVIA
16696,2025,7,PUESTO DE CONTROL TERRESTRE DESAGUADERO,"SOYA, torta",56000,GRANEL,BOLIVIA
16697,2025,7,PUESTO DE CONTROL TERRESTRE DESAGUADERO,AZUCAR BLANCA O REFINADA (lectura polarimetrica mayor 99.5°),145000,SACO(S),BOLIVIA
16698,2025,7,PUESTO DE CONTROL TERRESTRE DESAGUADERO,"SOYA, harina",140000,SACO(S),BOLIVIA
16699,2025,7,OFICINA PUESTO DE CONTROL AEREO -  PROV. CONST. DEL CALLAO,"ENEBRO, bayas sin triturar ni pulverizar con secado al horno o industrial",5,SACO(S),ARGENTINA
16700,2025,7,OFICINA PUESTO DE CONTROL AEREO -  PROV. CONST. DEL CALLAO,"ENEBRO, bayas sin triturar ni pulverizar con secado al horno o industrial",10,SACO(S),ARGENTINA
16701,2025,7,PUESTO DE CONTROL TERRESTRE DESAGUADERO,"SOYA, harina",58000,SACO(S),BOLIVIA
16702,2025,7,OFICINA PUESTO DE CONTROL MARITIMO - PROV. CONST. DEL CALLAO,"LENTEJA, grano",91080,SACO(S),CANADA
16703,2025,7,OFICINA PUESTO DE CONTROL MARITIMO - PROV. CONST. DEL CALLAO,"PAPA, fécula",119975,SACO(S),ALEMANIA
16704,2025,7,"PUERTO DE PAITA , PIURA","ARVEJA, grano partido",46266,SACO(S),EEUU
16705,2025,7,OFICINA PUESTO DE CONTROL MARITIMO - PROV. CONST. DEL CALLAO,TURBA,609120,BIG BAG,HOLANDA
16706,2025,7,OFICINA PUESTO DE CONTROL AEREO -  PROV. CONST. DEL CALLAO,"COMINO, grano",1.2,BOLSAS,INDIA
16707,2025,7,OFICINA PUESTO DE CONTROL MARITIMO - PROV. CONST. DEL CALLAO,"PINO, madera aserrada con algún proceso de la CRF2",285707,PAQUETES,CHILE
16708,2025,7,OFICINA PUESTO DE CONTROL MARITIMO - PROV. CONST. DEL CALLAO,"PINO, madera aserrada con algún proceso de la CRF2",287302,PAQUETES,CHILE
16709,2025,7,OFICINA PUESTO DE CONTROL MARITIMO - PROV. CONST. DEL CALLAO,"PINO, madera aserrada con algún proceso de la CRF2",203513,PAQUETES,CHILE
16710,2025,7,OFICINA PUESTO DE CONTROL MARITIMO - PROV. CONST. DEL CALLAO,"PINO, postes de madera con algun proceso de la CRF 2",52441,PAQUETES,CHILE
16711,2025,7,OFICINA PUESTO DE CONTROL MARITIMO - PROV. CONST. DEL CALLAO,"UVA (PASAS), secas naturalmente",20000,CAJA(S),CHILE
16712,2025,7,OFICINA PUESTO DE CONTROL MARITIMO - PROV. CONST. DEL CALLAO,"PINO, postes de madera con algun proceso de la CRF 2",104936,PAQUETES,CHILE
16713,2025,7,"SANTA ROSA, TACNA","UVA (PASAS), secas industrialmente",2002,CAJA(S),CHILE
16714,2025,7,"SANTA ROSA, TACNA","NUEZ DE NOGAL, sin cascara con algun proceso de la CRF 2",2820,CAJA(S),CHILE
16715,2025,7,PUESTO DE CONTROL TERRESTRE DESAGUADERO,"SOYA, torta",57990,SACO(S),BOLIVIA
16716,2025,7,OFICINA PUESTO DE CONTROL MARITIMO - PROV. CONST. DEL CALLAO,"AVENA, grano trabajado (mondado, perlado, troceado o quebrantado)",26250,SACO(S),CHILE
16717,2025,7,OFICINA PUESTO DE CONTROL MARITIMO - PROV. CONST. DEL CALLAO,"PERA, fruta fresca",23814,CAJA(S),ARGENTINA
16718,2025,7,OFICINA PUESTO DE CONTROL MARITIMO - PROV. CONST. DEL CALLAO,"MADERA, en bruto de coníferas tratada agentes de conservación
",24000,UNIDADES,CHILE
16719,2025,7,PUESTO DE CONTROL TERRESTRE DESAGUADERO,"SOYA, torta",56000,GRANEL,BOLIVIA
16720,2025,7,PUESTO DE CONTROL TERRESTRE DESAGUADERO,"SOYA, torta",84000,GRANEL,BOLIVIA
16721,2025,7,PUESTO DE CONTROL TERRESTRE DESAGUADERO,"SOYA, torta",28000,GRANEL,BOLIVIA
16722,2025,7,PUESTO DE CONTROL TERRESTRE DESAGUADERO,"SOYA, torta",84000,GRANEL,BOLIVIA
16723,2025,7,OFICINA PUESTO DE CONTROL AEREO -  PROV. CONST. DEL CALLAO,"TOMATE, semilla",0.076,SACHETS,HOLANDA
16724,2025,7,OFICINA PUESTO DE CONTROL AEREO -  PROV. CONST. DEL CALLAO,"TOMATE, semilla",0.084,SACHETS,HOLANDA
16725,2025,7,OFICINA PUESTO DE CONTROL AEREO -  PROV. CONST. DEL CALLAO,"LECHUGA, semilla",0.129,SACHETS,FRANCIA
16726,2025,7,OFICINA PUESTO DE CONTROL AEREO -  PROV. CONST. DEL CALLAO,"PIMIENTO, semilla",1.315192,SACHETS,HOLANDA
16727,2025,7,OFICINA PUESTO DE CONTROL AEREO -  PROV. CONST. DEL CALLAO,"SANDIA, semilla",0.495,SACHETS,HOLANDA
16728,2025,7,OFICINA PUESTO DE CONTROL AEREO -  PROV. CONST. DEL CALLAO,"PIMIENTO, semilla",1.838,SACHETS,HOLANDA
16729,2025,7,OFICINA PUESTO DE CONTROL AEREO -  PROV. CONST. DEL CALLAO,"SANDIA, semilla",1.938,SACHETS,HOLANDA
16730,2025,7,PUESTO DE CONTROL TERRESTRE DESAGUADERO,"SOYA, torta",56000,GRANEL,BOLIVIA
16731,2025,7,PUESTO DE CONTROL TERRESTRE DESAGUADERO,"SOYA, torta",56000,GRANEL,BOLIVIA
16732,2025,7,OFICINA PUESTO DE CONTROL MARITIMO - PROV. CONST. DEL CALLAO,"COCO, fibra (para sustrato)",129510,PALETAS,INDIA
16733,2025,7,"PUERTO DE PAITA , PIURA","COCO, fibra (para sustrato)",263430,PALETAS,INDIA
16734,2025,7,"PUERTO DE PISCO , ICA","SOYA, torta",8500000,GRANEL,URUGUAY
16735,2025,7,"PUERTO DE PAITA , PIURA","MANI, grano sin cáscara",1.00E+05,BOLSAS,ARGENTINA
16736,2025,7,"SANTA ROSA, TACNA","MANZANA, fruto fresco",8582,CAJA(S),CHILE
16737,2025,7,"SANTA ROSA, TACNA","KIWI, fruto fresco",11728,CAJA(S),CHILE
16738,2025,7,OFICINA PUESTO DE CONTROL MARITIMO - PROV. CONST. DEL CALLAO,"TRIGO, harina",229260,SACO(S),TURQUIA
16739,2025,7,OFICINA PUESTO DE CONTROL MARITIMO - PROV. CONST. DEL CALLAO,"PERA, fruta fresca",23814,CAJA(S),ARGENTINA
16740,2025,7,OFICINA PUESTO DE CONTROL MARITIMO - PROV. CONST. DEL CALLAO,"PERA, fruta fresca",23946.3,CAJA(S),ARGENTINA
16741,2025,7,PUESTO DE CONTROL TERRESTRE DESAGUADERO,"SOYA, torta",115000,SACO(S),BOLIVIA
16742,2025,7,OFICINA PUESTO DE CONTROL MARITIMO - PROV. CONST. DEL CALLAO,"NARANJA, fruto fresco",24000,CAJA(S),CHILE
16743,2025,7,"AGUAS VERDES, TUMBES","PAJA MACORA, paja seca al natural",1280,FARDOS,ECUADOR
16744,2025,7,OFICINA PUESTO DE CONTROL MARITIMO - PROV. CONST. DEL CALLAO,"AVENA, grano trabajado (mondado, perlado, troceado o quebrantado)",144000,SACO(S),CHILE
16745,2025,7,PUESTO DE CONTROL TERRESTRE DESAGUADERO,"SOYA, torta",145000,SACO(S),BOLIVIA
16746,2025,7,"PUERTO DE SALAVERRY, LA LIBERTAD","SOYA, torta",5525965,GRANEL,ARGENTINA
16747,2025,7,PUESTO DE CONTROL TERRESTRE DESAGUADERO,"SOYA, harina",55987,SACO(S),BOLIVIA
16748,2025,7,PUESTO DE CONTROL TERRESTRE DESAGUADERO,"SOYA, torta",28000,GRANEL,BOLIVIA
16749,2025,7,PUESTO DE CONTROL TERRESTRE DESAGUADERO,"SOYA, torta",28000,GRANEL,BOLIVIA
16750,2025,7,PUESTO DE CONTROL TERRESTRE DESAGUADERO,"SOYA, torta",56000,GRANEL,BOLIVIA
16751,2025,7,OFICINA PUESTO DE CONTROL MARITIMO - PROV. CONST. DEL CALLAO,"PASTO MARINO, trenzados o confeccionados con algún proceso de la CRF 2",67.2,PALETAS,VIETNAM
16752,2025,7,OFICINA PUESTO DE CONTROL AEREO -  PROV. CONST. DEL CALLAO,"PEPINILLO, semilla",0.267802,SACHETS,HOLANDA
16753,2025,7,OFICINA PUESTO DE CONTROL AEREO -  PROV. CONST. DEL CALLAO,"SANDIA, semilla",44.17,SACHETS,ISRAEL
16754,2025,7,OFICINA PUESTO DE CONTROL MARITIMO - PROV. CONST. DEL CALLAO,"PERA, fruta fresca",68040,CAJA(S),ARGENTINA
16755,2025,7,OFICINA PUESTO DE CONTROL MARITIMO - PROV. CONST. DEL CALLAO,"UVA (PASAS), secas industrialmente",20000,CAJA(S),CHILE
16756,2025,7,OFICINA PUESTO DE CONTROL MARITIMO - PROV. CONST. DEL CALLAO,"AVENA, grano trabajado (mondado, perlado, troceado o quebrantado)",78750,SACO(S),CHILE
16757,2025,7,OFICINA PUESTO DE CONTROL MARITIMO - PROV. CONST. DEL CALLAO,"ALGODON, fibra sin cardar ni peinar (>22.22 mm = o <28.57 mm)",19910,FARDOS,EEUU
16758,2025,7,PUESTO DE CONTROL TERRESTRE DESAGUADERO,"SOYA, torta",116000,SACO(S),BOLIVIA
16759,2025,7,PUESTO DE CONTROL TERRESTRE DESAGUADERO,"SOYA, torta",116000,SACO(S),BOLIVIA
16760,2025,7,PUESTO DE CONTROL TERRESTRE DESAGUADERO,"SOYA, torta",144500,SACO(S),BOLIVIA
16761,2025,7,PUESTO DE CONTROL TERRESTRE DESAGUADERO,"SOYA, torta",116000,SACO(S),BOLIVIA
16762,2025,7,"SANTA ROSA, TACNA","SOYA, grano",109950,SACO(S),ARGENTINA
16763,2025,7,PUESTO DE CONTROL TERRESTRE DESAGUADERO,"SOYA, torta",87000,SACO(S),BOLIVIA
16764,2025,7,PUESTO DE CONTROL TERRESTRE DESAGUADERO,"SOYA, torta",87000,SACO(S),BOLIVIA
16765,2025,7,OFICINA PUESTO DE CONTROL MARITIMO - PROV. CONST. DEL CALLAO,"MARCOS, madera",721.9,UNIDADES,CHINA
16766,2025,7,OFICINA PUESTO DE CONTROL MARITIMO - PROV. CONST. DEL CALLAO,"PAPA, fécula",1.00E+05,BOLSAS,ALEMANIA
16767,2025,7,"IÑAPARI, MADRE DE DIOS","MAIZ AMARILLO DURO, grano",64000,SACO(S),BRASIL
16768,2025,7,PUESTO DE CONTROL TERRESTRE DESAGUADERO,"SOYA, torta",29120,GRANEL,BOLIVIA
16769,2025,7,PUESTO DE CONTROL TERRESTRE DESAGUADERO,"SOYA, harina",24699,SACO(S),BOLIVIA
16770,2025,7,PUESTO DE CONTROL TERRESTRE DESAGUADERO,"SOYA, torta",57080,GRANEL,BOLIVIA
16771,2025,7,PUESTO DE CONTROL TERRESTRE DESAGUADERO,"SOYA, torta",114880,GRANEL,BOLIVIA
16772,2025,7,PUESTO DE CONTROL TERRESTRE DESAGUADERO,"SOYA, torta",28510,GRANEL,BOLIVIA
16773,2025,7,PUESTO DE CONTROL TERRESTRE DESAGUADERO,"SOYA, torta",28000,GRANEL,BOLIVIA
16774,2025,7,PUESTO DE CONTROL TERRESTRE DESAGUADERO,"SOYA, torta",28640,GRANEL,BOLIVIA
16775,2025,7,PUESTO DE CONTROL TERRESTRE DESAGUADERO,"SOYA, grano",25000,GRANEL,BOLIVIA
16776,2025,7,PUESTO DE CONTROL TERRESTRE DESAGUADERO,"SOYA, grano",29000,GRANEL,BOLIVIA
16777,2025,7,PUESTO DE CONTROL TERRESTRE DESAGUADERO,"SOYA, torta",28000,GRANEL,BOLIVIA
16778,2025,7,PUESTO DE CONTROL TERRESTRE DESAGUADERO,"SOYA, torta",28000,GRANEL,BOLIVIA
16779,2025,7,PUESTO DE CONTROL TERRESTRE DESAGUADERO,"SOYA, torta",172000,SACO(S),BOLIVIA
16780,2025,7,OFICINA PUESTO DE CONTROL MARITIMO - PROV. CONST. DEL CALLAO,"SOYA, grano",6300000,GRANEL,ARGENTINA
16781,2025,7,OFICINA PUESTO DE CONTROL MARITIMO - PROV. CONST. DEL CALLAO,"MAIZ AMARILLO DURO, grano",27202000,GRANEL,ARGENTINA
16782,2025,7,PUESTO DE CONTROL TERRESTRE DESAGUADERO,"SOYA, torta",145000,SACO(S),BOLIVIA
16783,2025,7,"AGUAS VERDES, TUMBES","ROSA, flores frescas cortadas",3180,CAJA(S),ECUADOR
16784,2025,7,"AGUAS VERDES, TUMBES","CLAVEL, flores frescas cortadas",155,CAJA(S),ECUADOR
16785,2025,7,"AGUAS VERDES, TUMBES","CRISANTEMO, flores frescas cortadas",60,CAJA(S),ECUADOR
16786,2025,7,PUESTO DE CONTROL TERRESTRE DESAGUADERO,"SOYA, torta",148000,SACO(S),BOLIVIA
16787,2025,7,OFICINA PUESTO DE CONTROL MARITIMO - PROV. CONST. DEL CALLAO,"PANICUM, semilla",1440,SACO(S),BRASIL
16788,2025,7,PUESTO DE CONTROL TERRESTRE DESAGUADERO,"SOYA, torta",114500,SACO(S),BOLIVIA
16789,2025,7,OFICINA PUESTO DE CONTROL MARITIMO - PROV. CONST. DEL CALLAO,"ALGODON, fibra sin cardar ni peinar (>22.22 mm = o <28.57 mm)",122796,FARDOS,EEUU
16790,2025,7,OFICINA PUESTO DE CONTROL MARITIMO - PROV. CONST. DEL CALLAO,"COCO, fibra (para sustrato)",246553,PALETAS,SRI LANKA
16791,2025,7,OFICINA PUESTO DE CONTROL MARITIMO - PROV. CONST. DEL CALLAO,"FREJOL CANARIO, grano",49790,SACO(S),MEXICO
16792,2025,7,PUESTO DE CONTROL TERRESTRE DESAGUADERO,"SOYA, torta",26077,SACO(S),BOLIVIA
16793,2025,7,PUESTO DE CONTROL TERRESTRE DESAGUADERO,"SOYA, torta",28000,GRANEL,BOLIVIA
16794,2025,7,PUESTO DE CONTROL TERRESTRE DESAGUADERO,"SOYA, torta",28000,GRANEL,BOLIVIA
16795,2025,7,PUESTO DE CONTROL TERRESTRE DESAGUADERO,"SOYA, harina",25049,SACO(S),BOLIVIA
16796,2025,7,PUESTO DE CONTROL TERRESTRE DESAGUADERO,"SOYA, torta",28000,GRANEL,BOLIVIA
16797,2025,7,OFICINA PUESTO DE CONTROL MARITIMO - PROV. CONST. DEL CALLAO,"PERA, fruta fresca",45360,CAJA(S),ARGENTINA
16798,2025,7,PUESTO DE CONTROL TERRESTRE DESAGUADERO,"SOYA, torta",58000,SACO(S),BOLIVIA
16799,2025,7,PUESTO DE CONTROL TERRESTRE DESAGUADERO,"SOYA, torta",116000,SACO(S),BOLIVIA
16800,2025,7,OFICINA PUESTO DE CONTROL AEREO -  PROV. CONST. DEL CALLAO,"CAFE, grano verde",0.9,BOLSAS,HONDURAS
16801,2025,7,OFICINA PUESTO DE CONTROL MARITIMO - PROV. CONST. DEL CALLAO,"YUTE, sacos",30951,FARDOS,INDIA
16802,2025,7,OFICINA PUESTO DE CONTROL MARITIMO - PROV. CONST. DEL CALLAO,"CAUCHO, técnicamente especificado (TSNR)",20160,PALETAS,INDONESIA
16803,2025,7,OFICINA PUESTO DE CONTROL MARITIMO - PROV. CONST. DEL CALLAO,"CAUCHO, técnicamente especificado (TSNR)",20160,PIEZAS,INDONESIA
16804,2025,7,"PUERTO DE PAITA , PIURA","PINO, madera aserrada con algún proceso de la CRF2",35780,CAJA(S),CHILE
16805,2025,7,OFICINA PUESTO DE CONTROL MARITIMO - PROV. CONST. DEL CALLAO,"CAUCHO, técnicamente especificado (TSNR)",20160,PALETAS,INDONESIA
16806,2025,7,OFICINA PUESTO DE CONTROL MARITIMO - PROV. CONST. DEL CALLAO,AZUCAR BLANCA O REFINADA (lectura polarimetrica mayor 99.5°),132500,SACO(S),COLOMBIA
16807,2025,7,OFICINA PUESTO DE CONTROL AEREO -  PROV. CONST. DEL CALLAO,"TOMATE, semilla",1.89,SOBRES,EEUU
16808,2025,7,PUESTO DE CONTROL TERRESTRE DESAGUADERO,AZUCAR BLANCA O REFINADA (lectura polarimetrica mayor 99.5°),145000,SACO(S),BOLIVIA
16809,2025,7,"AGUAS VERDES, TUMBES","ROSA, flores frescas cortadas",6351,CAJA(S),ECUADOR
16810,2025,7,"AGUAS VERDES, TUMBES","CLAVEL, flores frescas cortadas",1190,CAJA(S),ECUADOR
16811,2025,7,PUESTO DE CONTROL TERRESTRE DESAGUADERO,AZUCAR BLANCA O REFINADA (lectura polarimetrica mayor 99.5°),145000,SACO(S),BOLIVIA
16812,2025,7,PUESTO DE CONTROL TERRESTRE DESAGUADERO,"SOYA, harina",145000,SACO(S),BOLIVIA
16813,2025,7,PUESTO DE CONTROL TERRESTRE DESAGUADERO,"SOYA, torta",145000,SACO(S),BOLIVIA
16814,2025,7,PUESTO DE CONTROL TERRESTRE DESAGUADERO,"SOYA, harina",116000,SACO(S),BOLIVIA
16815,2025,7,"PUERTO DE PAITA , PIURA","ARVEJA, grano entero",199584,SACO(S),CANADA
16816,2025,7,OFICINA PUESTO DE CONTROL AEREO -  PROV. CONST. DEL CALLAO,"BROCOLI, semilla",0.424,SACHETS,HOLANDA
16817,2025,7,OFICINA PUESTO DE CONTROL AEREO -  PROV. CONST. DEL CALLAO,"COL, semilla",0.641,SACHETS,HOLANDA
16818,2025,7,OFICINA PUESTO DE CONTROL AEREO -  PROV. CONST. DEL CALLAO,"LECHUGA, semilla",9.009,LATAS,HOLANDA
16819,2025,7,OFICINA PUESTO DE CONTROL AEREO -  PROV. CONST. DEL CALLAO,"APIO, semilla",0.881,LATAS,HOLANDA
16820,2025,7,OFICINA PUESTO DE CONTROL AEREO -  PROV. CONST. DEL CALLAO,"BETARRAGA, semilla",56.524,SACHETS,HOLANDA
16821,2025,7,"PUERTO DE PAITA , PIURA","LENTEJA, grano",124965,SACO(S),CANADA
16822,2025,7,"PUERTO DE PAITA , PIURA","LENTEJA, grano",51891,SACO(S),CANADA
16823,2025,7,PUESTO DE CONTROL TERRESTRE DESAGUADERO,"MANI, grano sin cáscara",29000,SACO(S),BOLIVIA
16824,2025,7,OFICINA PUESTO DE CONTROL MARITIMO - PROV. CONST. DEL CALLAO,"PINO, madera aserrada con algún proceso de la CRF2",49120,PAQUETES,CHILE
16825,2025,7,OFICINA PUESTO DE CONTROL MARITIMO - PROV. CONST. DEL CALLAO,"ARROZ, parbolizado pulido o sin cáscara",5.00E+05,SACO(S),TAILANDIA
16826,2025,7,OFICINA PUESTO DE CONTROL MARITIMO - PROV. CONST. DEL CALLAO,"CURCUMA, polvo",250,SACO(S),MEXICO
16827,2025,7,OFICINA PUESTO DE CONTROL MARITIMO - PROV. CONST. DEL CALLAO,"MAIZ REVENTON, grano",52000,SACO(S),ARGENTINA
16828,2025,7,"SANTA ROSA, TACNA","TRIGO, afrecho seco industrial",84000,SACO(S),CHILE
16829,2025,7,PUESTO DE CONTROL TERRESTRE DESAGUADERO,"SOYA, torta",116000,SACO(S),BOLIVIA
16830,2025,7,PUESTO DE CONTROL TERRESTRE DESAGUADERO,"SOYA, torta",116000,SACO(S),BOLIVIA
16831,2025,7,OFICINA PUESTO DE CONTROL MARITIMO - PROV. CONST. DEL CALLAO,"PIMIENTO, polvo",5000,BOLSAS,CHINA
16832,2025,7,OFICINA PUESTO DE CONTROL MARITIMO - PROV. CONST. DEL CALLAO,"GARBANZO, grano",23000,SACO(S),MEXICO
16833,2025,7,OFICINA PUESTO DE CONTROL AEREO -  PROV. CONST. DEL CALLAO,"MAIZ, semilla",3.74,SOBRES,ARGENTINA
16834,2025,7,"SANTA ROSA, TACNA","LENTEJA, grano",76022,SACO(S),CANADA
16835,2025,7,OFICINA PUESTO DE CONTROL AEREO -  PROV. CONST. DEL CALLAO,"ARANDANO, harina o polvo",50,TAMBORES,CHINA
16836,2025,7,OFICINA PUESTO DE CONTROL MARITIMO - PROV. CONST. DEL CALLAO,AZUCAR BLANCA O REFINADA (lectura polarimetrica mayor 99.5°),53000,SACO(S),COLOMBIA
16837,2025,7,OFICINA PUESTO DE CONTROL AEREO -  PROV. CONST. DEL CALLAO,"COCO, fibra (para sustrato)",7,BOLSAS,ESPAÑA
16838,2025,7,OFICINA PUESTO DE CONTROL MARITIMO - PROV. CONST. DEL CALLAO,AZUCAR BLANCA O REFINADA (lectura polarimetrica mayor 99.5°),106000,SACO(S),COLOMBIA
16839,2025,7,OFICINA PUESTO DE CONTROL MARITIMO - PROV. CONST. DEL CALLAO,AZUCAR BLANCA O REFINADA (lectura polarimetrica mayor 99.5°),26500,SACO(S),COLOMBIA
16840,2025,7,PUESTO DE CONTROL TERRESTRE DESAGUADERO,"MANI, grano sin cáscara",28000,SACO(S),BOLIVIA
16841,2025,7,PUESTO DE CONTROL TERRESTRE DESAGUADERO,"SOYA, harina",28792,SACO(S),BOLIVIA
16842,2025,7,PUESTO DE CONTROL TERRESTRE DESAGUADERO,"SOYA, torta",28000,GRANEL,BOLIVIA
16843,2025,7,PUESTO DE CONTROL TERRESTRE DESAGUADERO,"SOYA, torta",28000,GRANEL,BOLIVIA
16844,2025,7,PUESTO DE CONTROL TERRESTRE DESAGUADERO,"SOYA, harina",24161,SACO(S),BOLIVIA
16845,2025,7,PUESTO DE CONTROL TERRESTRE DESAGUADERO,"SOYA, torta",28000,GRANEL,BOLIVIA
16846,2025,7,PUESTO DE CONTROL TERRESTRE DESAGUADERO,"SOYA, torta",28000,GRANEL,BOLIVIA
16847,2025,7,PUESTO DE CONTROL TERRESTRE DESAGUADERO,"SOYA, torta",56820,GRANEL,BOLIVIA
16848,2025,7,PUESTO DE CONTROL TERRESTRE DESAGUADERO,"SOYA, torta",28520,GRANEL,BOLIVIA
16849,2025,7,"PUERTO DE PAITA , PIURA","PINO, madera aserrada con algun proceso de la CRF 2",28309,PAQUETES,VENEZUELA
16850,2025,7,PUESTO DE CONTROL TERRESTRE DESAGUADERO,"SOYA, torta",28000,GRANEL,BOLIVIA
16851,2025,7,PUESTO DE CONTROL TERRESTRE DESAGUADERO,"SOYA, torta",28000,GRANEL,BOLIVIA
16852,2025,7,PUESTO DE CONTROL TERRESTRE DESAGUADERO,"SOYA, torta",56000,GRANEL,BOLIVIA
16853,2025,7,PUESTO DE CONTROL TERRESTRE DESAGUADERO,"SOYA, grano",52000,GRANEL,BOLIVIA
16854,2025,7,PUESTO DE CONTROL TERRESTRE DESAGUADERO,"SOYA, torta",28020,GRANEL,BOLIVIA
16855,2025,7,PUESTO DE CONTROL TERRESTRE DESAGUADERO,"SOYA, torta",145000,SACO(S),BOLIVIA
16856,2025,7,OFICINA PUESTO DE CONTROL MARITIMO - PROV. CONST. DEL CALLAO,"RYEGRASS ITALIANO, semilla",25000,SACO(S),NUEVA ZELANDIA
16857,2025,7,"SANTA ROSA, TACNA","MANZANA, fruto fresco",23177,CAJA(S),CHILE
16858,2025,7,"IÑAPARI, MADRE DE DIOS","NUEZ DEL BRASIL, con cáscara seca al natural",27900,SACO(S),BRASIL
16859,2025,7,PUESTO DE CONTROL TERRESTRE DESAGUADERO,"SOYA, torta",127000,SACO(S),BOLIVIA
16860,2025,7,OFICINA PUESTO DE CONTROL MARITIMO - PROV. CONST. DEL CALLAO,"SOYA, torta",1646430,GRANEL,ARGENTINA
16861,2025,7,OFICINA PUESTO DE CONTROL MARITIMO - PROV. CONST. DEL CALLAO,"UVA (PASAS), secas industrialmente",20000,CAJA(S),CHILE
16862,2025,7,OFICINA PUESTO DE CONTROL MARITIMO - PROV. CONST. DEL CALLAO,"MAIZ AMARILLO DURO, grano",20468300,GRANEL,ARGENTINA
16863,2025,7,OFICINA PUESTO DE CONTROL MARITIMO - PROV. CONST. DEL CALLAO,"ROTEN (=Ratán), artículos de cestería obtenidos directamente en su forma con materia trenzable con algún proceso de la CRF2",668,CAJA(S),VIETNAM
16864,2025,7,"SANTA ROSA, TACNA","RESIDUOS DE LA IND. DEL ALMIDON Y RESIDUOS SIMILARES, incluso en pellets",27920,SACO(S),CHILE
16865,2025,7,"SANTA ROSA, TACNA",RESIDUO DE DESTILERIA,28000,SACO(S),CHILE
16866,2025,7,PUESTO DE CONTROL TERRESTRE DESAGUADERO,"SOYA, torta",145000,SACO(S),BOLIVIA
16867,2025,7,"SANTA ROSA, TACNA","SOYA, grano",27000,SACO(S),ARGENTINA
16868,2025,7,PUESTO DE CONTROL TERRESTRE DESAGUADERO,"SOYA, torta",54300,GRANEL,BOLIVIA
16869,2025,7,OFICINA PUESTO DE CONTROL MARITIMO - PROV. CONST. DEL CALLAO,"Madera flotante para acuarios, de especies dinstitos a tropicales, con algún proceso de la CRF2",147.839,UNIDADES,CHINA
16870,2025,7,PUESTO DE CONTROL TERRESTRE DESAGUADERO,"SOYA, torta",84000,GRANEL,BOLIVIA
16871,2025,7,OFICINA PUESTO DE CONTROL MARITIMO - PROV. CONST. DEL CALLAO,"KIWI, fruto fresco",23040,CAJA(S),CHILE
16872,2025,7,OFICINA PUESTO DE CONTROL MARITIMO - PROV. CONST. DEL CALLAO,"SOYA, torta",8233050,GRANEL,ARGENTINA
16873,2025,7,"IÑAPARI, MADRE DE DIOS","ALIMENTO PARA ANIMALES, mezcla de granos molidos o pulverizados, sin ningún aditivo",32000,SACO(S),BRASIL
16874,2025,7,PUESTO DE CONTROL TERRESTRE DESAGUADERO,"SOYA, harina",174000,SACO(S),BOLIVIA
16875,2025,7,PUESTO DE CONTROL TERRESTRE DESAGUADERO,"SOYA, torta",174000,SACO(S),BOLIVIA
16876,2025,7,PUESTO DE CONTROL TERRESTRE DESAGUADERO,"SOYA, torta",114000,SACO(S),BOLIVIA
16877,2025,7,"AGUAS VERDES, TUMBES","MADERA, paletas, paletas caja y demas plataformas para carga, collarines para paletas, con algún proceso de la CRF 2",9000,UNIDADES,ECUADOR
16878,2025,7,PUESTO DE CONTROL TERRESTRE DESAGUADERO,"MANI, grano sin cáscara",58000,SACO(S),BOLIVIA
16879,2025,7,OFICINA PUESTO DE CONTROL MARITIMO - PROV. CONST. DEL CALLAO,TURBA,27110,PALETAS,LETONIA
16880,2025,7,OFICINA PUESTO DE CONTROL MARITIMO - PROV. CONST. DEL CALLAO,"AVENA, grano trabajado (mondado, perlado, troceado o quebrantado)",131250,SACO(S),CHILE
16881,2025,7,OFICINA PUESTO DE CONTROL MARITIMO - PROV. CONST. DEL CALLAO,"ARVEJA, semilla",7900,SACO(S),EEUU
16882,2025,7,PUESTO DE CONTROL TERRESTRE DESAGUADERO,"SOYA, torta",28000,GRANEL,BOLIVIA
16883,2025,7,PUESTO DE CONTROL TERRESTRE DESAGUADERO,"SOYA, torta",28000,GRANEL,BOLIVIA
16884,2025,7,PUESTO DE CONTROL TERRESTRE DESAGUADERO,"SOYA, torta",28000,GRANEL,BOLIVIA
16885,2025,7,PUESTO DE CONTROL TERRESTRE DESAGUADERO,"SOYA, torta",84000,GRANEL,BOLIVIA
16886,2025,7,PUESTO DE CONTROL TERRESTRE DESAGUADERO,"SOYA, grano",27980,GRANEL,BOLIVIA
16887,2025,7,PUESTO DE CONTROL TERRESTRE DESAGUADERO,"SOYA, grano",50000,GRANEL,BOLIVIA
16888,2025,7,OFICINA PUESTO DE CONTROL AEREO -  PROV. CONST. DEL CALLAO,"ZANAHORIA, semilla",100,BOLSAS,HOLANDA
16889,2025,7,OFICINA PUESTO DE CONTROL MARITIMO - PROV. CONST. DEL CALLAO,"PERA, fruta fresca",23616,CAJA(S),CHILE
16890,2025,7,PUESTO DE CONTROL TERRESTRE DESAGUADERO,"SOYA, torta",56000,GRANEL,BOLIVIA
16891,2025,7,PUESTO DE CONTROL TERRESTRE DESAGUADERO,"SOYA, torta",28000,GRANEL,BOLIVIA
16892,2025,7,OFICINA PUESTO DE CONTROL MARITIMO - PROV. CONST. DEL CALLAO,"GARBANZO, grano",45740,SACO(S),MEXICO
16893,2025,7,OFICINA PUESTO DE CONTROL MARITIMO - PROV. CONST. DEL CALLAO,"ALGODON, fibra sin cardar ni peinar (>28.57 mm = o <34.92 mm)",19450,FARDOS,EEUU
16894,2025,7,OFICINA PUESTO DE CONTROL MARITIMO - PROV. CONST. DEL CALLAO,AZUCAR BLANCA O REFINADA (lectura polarimetrica mayor 99.5°),132150,SACO(S),COLOMBIA
16895,2025,7,OFICINA PUESTO DE CONTROL MARITIMO - PROV. CONST. DEL CALLAO,AZUCAR BLANCA O REFINADA (lectura polarimetrica mayor 99.5°),106000,SACO(S),COLOMBIA
16896,2025,7,OFICINA PUESTO DE CONTROL MARITIMO - PROV. CONST. DEL CALLAO,"ARROZ, grano pilado",76500,SACO(S),BRASIL
16897,2025,7,PUESTO DE CONTROL TERRESTRE DESAGUADERO,"SOYA, torta",28000,GRANEL,BOLIVIA
16898,2025,7,PUESTO DE CONTROL TERRESTRE DESAGUADERO,"SOYA, torta",28000,GRANEL,BOLIVIA
16899,2025,7,OFICINA PUESTO DE CONTROL MARITIMO - PROV. CONST. DEL CALLAO,"MANZANA, fruto fresco",61740,CAJA(S),CHILE
16900,2025,7,"SANTA ROSA, TACNA","Cultivadores, azadas rotativas( rotocultores), escardadoras y binadoras usadas
",200,UNIDADES,CHILE
16901,2025,7,"SANTA ROSA, TACNA","TRACTOR USADO, con motor de potencia superior a 33 kW pero inferior o igual a 75 kW",1100,UNIDADES,CHILE
16902,2025,7,OFICINA PUESTO DE CONTROL AEREO -  PROV. CONST. DEL CALLAO,"SANDIA, semilla",10.507,SACHETS,EEUU
16903,2025,7,OFICINA PUESTO DE CONTROL MARITIMO - PROV. CONST. DEL CALLAO,"AZUCARES, los demas",25000,BOLSAS,BRASIL
16904,2025,7,OFICINA PUESTO DE CONTROL MARITIMO - PROV. CONST. DEL CALLAO,"Articulos para fiestas de navidad que sean o contengan material vegetal
",14255.925,CAJA(S),CHINA
16905,2025,7,OFICINA PUESTO DE CONTROL MARITIMO - PROV. CONST. DEL CALLAO,"Articulos para fiestas de navidad que sean o contengan material vegetal
",3150.74,CAJA(S),CHINA
16906,2025,7,OFICINA PUESTO DE CONTROL MARITIMO - PROV. CONST. DEL CALLAO,"Articulos para fiestas de navidad que sean o contengan material vegetal
",398.486,CAJA(S),CHINA
16907,2025,7,OFICINA PUESTO DE CONTROL MARITIMO - PROV. CONST. DEL CALLAO,"Articulos para fiestas de navidad que sean o contengan material vegetal
",3249.641,CAJA(S),CHINA
16908,2025,7,OFICINA PUESTO DE CONTROL MARITIMO - PROV. CONST. DEL CALLAO,"ARROZ, parbolizado pulido o sin cáscara",159000,SACO(S),BRASIL
16909,2025,7,"SANTA ROSA, TACNA","MANZANA, fruto fresco",22528.8,CAJA(S),CHILE
16910,2025,7,"PUERTO DE PAITA , PIURA","COCO, fibra (para sustrato)",357525,PALETAS,INDIA
16911,2025,7,PUESTO DE CONTROL TERRESTRE DESAGUADERO,"SOYA, torta",145000,SACO(S),BOLIVIA
16912,2025,7,OFICINA PUESTO DE CONTROL MARITIMO - PROV. CONST. DEL CALLAO,"HARINA, mezcla",200,TAMBORES,CHINA
16913,2025,7,OFICINA PUESTO DE CONTROL MARITIMO - PROV. CONST. DEL CALLAO,TURBA,128420,PACAS,LITUANIA
16914,2025,7,PUESTO DE CONTROL TERRESTRE DESAGUADERO,"SOYA, torta",120000,SACO(S),BOLIVIA
16915,2025,7,PUESTO DE CONTROL TERRESTRE DESAGUADERO,"SOYA, torta",145000,SACO(S),BOLIVIA
16916,2025,7,OFICINA PUESTO DE CONTROL MARITIMO - PROV. CONST. DEL CALLAO,"Articulos para fiestas de navidad que sean o contengan material vegetal
",62.7,UNIDADES,CHINA
16917,2025,7,PUESTO DE CONTROL TERRESTRE DESAGUADERO,"SOYA, torta",56000,GRANEL,BOLIVIA
16918,2025,7,PUESTO DE CONTROL TERRESTRE DESAGUADERO,"SOYA, torta",56000,GRANEL,BOLIVIA
16919,2025,7,PUESTO DE CONTROL TERRESTRE DESAGUADERO,"SOYA, torta",116000,SACO(S),BOLIVIA
16920,2025,7,PUESTO DE CONTROL TERRESTRE DESAGUADERO,"SOYA, torta",116000,SACO(S),BOLIVIA
16921,2025,7,PUESTO DE CONTROL TERRESTRE DESAGUADERO,"SOYA, torta",116000,SACO(S),BOLIVIA
16922,2025,7,PUESTO DE CONTROL TERRESTRE DESAGUADERO,"SOYA, torta",115000,SACO(S),BOLIVIA
16923,2025,7,PUESTO DE CONTROL TERRESTRE DESAGUADERO,"SOYA, torta",145000,SACO(S),BOLIVIA
16924,2025,7,OFICINA PUESTO DE CONTROL MARITIMO - PROV. CONST. DEL CALLAO,"Articulos para fiestas de navidad que sean o contengan material vegetal
",498.6,UNIDADES,CHINA
16925,2025,7,"SANTA ROSA, TACNA","UVA (PASAS), secas industrialmente",1600,CAJA(S),CHILE
16926,2025,7,OFICINA PUESTO DE CONTROL MARITIMO - PROV. CONST. DEL CALLAO,"Articulos para fiestas de navidad que sean o contengan material vegetal
",1240.9,UNIDADES,CHINA
16927,2025,7,OFICINA PUESTO DE CONTROL MARITIMO - PROV. CONST. DEL CALLAO,"Articulos para fiestas de navidad que sean o contengan material vegetal
",40.629,UNIDADES,CHINA
16928,2025,7,OFICINA PUESTO DE CONTROL MARITIMO - PROV. CONST. DEL CALLAO,"Articulos para fiestas de navidad que sean o contengan material vegetal
",2264.1,CAJA(S),CHINA
16929,2025,7,OFICINA PUESTO DE CONTROL MARITIMO - PROV. CONST. DEL CALLAO,"Articulos para fiestas de navidad que sean o contengan material vegetal
",7105,UNIDADES,CHINA
16930,2025,7,OFICINA PUESTO DE CONTROL MARITIMO - PROV. CONST. DEL CALLAO,"MATERIAS VEGETALES, para tallar trabajadas con algun proceso de la CRF 2",10122,UNIDADES,CHINA
16931,2025,7,PUESTO DE CONTROL TERRESTRE DESAGUADERO,"SOYA, torta",174000,SACO(S),BOLIVIA
16932,2025,7,PUESTO DE CONTROL TERRESTRE DESAGUADERO,"MANI, grano sin cáscara",167500,SACO(S),BOLIVIA
16933,2025,7,PUESTO DE CONTROL TERRESTRE DESAGUADERO,"SOYA, torta",56000,GRANEL,BOLIVIA
16934,2025,7,OFICINA PUESTO DE CONTROL MARITIMO - PROV. CONST. DEL CALLAO,"CHIA, grano",24980,SACO(S),PARAGUAY
16935,2025,7,OFICINA PUESTO DE CONTROL MARITIMO - PROV. CONST. DEL CALLAO,AZUCAR BLANCA O REFINADA (lectura polarimetrica mayor 99.5°),132250,SACO(S),COLOMBIA
16936,2025,7,"SANTA ROSA, TACNA","MANZANA, fruto fresco",23408,CAJA(S),CHILE
16937,2025,7,PUESTO DE CONTROL TERRESTRE DESAGUADERO,"SOYA, torta",140000,SACO(S),BOLIVIA
16938,2025,7,OFICINA PUESTO DE CONTROL MARITIMO - PROV. CONST. DEL CALLAO,"YUTE, sacos",26000,UNIDADES,BANGLADESH
16939,2025,7,OFICINA PUESTO DE CONTROL MARITIMO - PROV. CONST. DEL CALLAO,"RATTAN (=Roten), esterillas, esteras y cañizos con algún proceso de la CRF2",91.958,UNIDADES,MALASIA
16940,2025,7,OFICINA PUESTO DE CONTROL MARITIMO - PROV. CONST. DEL CALLAO,"ROTEN (=Ratán), artículos de cestería obtenidos directamente en su forma con materia trenzable con algún proceso de la CRF2",271.491,UNIDADES,MALASIA
16941,2025,7,PUESTO DE CONTROL TERRESTRE DESAGUADERO,"SOYA, torta",56000,GRANEL,BOLIVIA
16942,2025,7,OFICINA PUESTO DE CONTROL AEREO -  PROV. CONST. DEL CALLAO,"ANIS O BADIANA, semilla seca triturada",0.25,BOLSAS,TURQUIA
16943,2025,7,OFICINA PUESTO DE CONTROL MARITIMO - PROV. CONST. DEL CALLAO,"ARROZ, grano pilado",132500,SACO(S),BRASIL
16944,2025,7,OFICINA PUESTO DE CONTROL AEREO -  PROV. CONST. DEL CALLAO,"PIMIENTO, semilla",0.05068,SOBRES,EEUU
16945,2025,7,PUESTO DE CONTROL TERRESTRE DESAGUADERO,"CHIA, grano",54000,SACO(S),PARAGUAY
16946,2025,7,"SANTA ROSA, TACNA","CIRUELA, seca industrialmente",1600,CAJA(S),CHILE
16947,2025,7,"SANTA ROSA, TACNA","UVA (PASAS), secas industrialmente",1600,CAJA(S),CHILE
16948,2025,7,"SANTA ROSA, TACNA","UVA (PASAS), secas industrialmente",1600,CAJA(S),CHILE
16949,2025,7,"SANTA ROSA, TACNA","UVA (PASAS), secas industrialmente",1600,CAJA(S),CHILE
16950,2025,7,"SANTA ROSA, TACNA","UVA (PASAS), secas industrialmente",1600,CAJA(S),CHILE
16951,2025,7,OFICINA PUESTO DE CONTROL MARITIMO - PROV. CONST. DEL CALLAO,"Prensas para paja o forraje, incluidas prensas recogedoras usadas
",3206,UNIDADES,CHINA
16952,2025,7,OFICINA PUESTO DE CONTROL MARITIMO - PROV. CONST. DEL CALLAO,"TRACTOR USADO, con motor de potencia superior a 75 kW pero inferior o igual a 130 kW",9170,UNIDADES,CHINA
16953,2025,7,OFICINA PUESTO DE CONTROL MARITIMO - PROV. CONST. DEL CALLAO,"AVENA, grano trabajado (mondado, perlado, troceado o quebrantado)",48000,SACO(S),CHILE
16954,2025,7,OFICINA PUESTO DE CONTROL AEREO -  PROV. CONST. DEL CALLAO,"GARBANZO, grano",0.99,BOLSAS,CANADA
16955,2025,7,OFICINA PUESTO DE CONTROL MARITIMO - PROV. CONST. DEL CALLAO,"MADERA, láminas para chapado
",109.415,PIEZAS,CHILE
16956,2025,7,OFICINA PUESTO DE CONTROL MARITIMO - PROV. CONST. DEL CALLAO,"MADERA, láminas para chapado
",45.585,UNIDADES,CHILE
16957,2025,7,OFICINA PUESTO DE CONTROL MARITIMO - PROV. CONST. DEL CALLAO,"MADERA, paletas con algún proceso de la CRF 2",44970,UNIDADES,CHILE
16958,2025,7,PUESTO DE CONTROL TERRESTRE DESAGUADERO,"SOYA, torta",87000,SACO(S),BOLIVIA
16959,2025,7,PUESTO DE CONTROL TERRESTRE DESAGUADERO,"SOYA, grano",54000,GRANEL,BOLIVIA
16960,2025,7,PUESTO DE CONTROL TERRESTRE DESAGUADERO,"SOYA, torta",56000,GRANEL,BOLIVIA
16961,2025,7,PUESTO DE CONTROL TERRESTRE DESAGUADERO,"SOYA, torta",55000,GRANEL,BOLIVIA
16962,2025,7,PUESTO DE CONTROL TERRESTRE DESAGUADERO,"SOYA, torta",140000,GRANEL,BOLIVIA
16963,2025,7,PUESTO DE CONTROL TERRESTRE DESAGUADERO,"SOYA, torta",83020,GRANEL,BOLIVIA
16964,2025,7,PUESTO DE CONTROL TERRESTRE DESAGUADERO,"SOYA, torta",115500,SACO(S),BOLIVIA
16965,2025,7,PUESTO DE CONTROL TERRESTRE DESAGUADERO,"SOYA, torta",82000,GRANEL,BOLIVIA
16966,2025,7,PUESTO DE CONTROL TERRESTRE DESAGUADERO,"SOYA, torta",56000,GRANEL,BOLIVIA
16967,2025,7,PUESTO DE CONTROL TERRESTRE DESAGUADERO,"SOYA, torta",56000,GRANEL,BOLIVIA
16968,2025,7,PUESTO DE CONTROL TERRESTRE DESAGUADERO,"SOYA, torta",1500,GRANEL,BOLIVIA
16969,2025,7,PUESTO DE CONTROL TERRESTRE DESAGUADERO,"SOYA, torta",82000,GRANEL,BOLIVIA
16970,2025,7,OFICINA PUESTO DE CONTROL MARITIMO - PROV. CONST. DEL CALLAO,"NUEZ, con cáscara seca al natural",40000,SACO(S),CHILE
16971,2025,7,PUESTO DE CONTROL TERRESTRE DESAGUADERO,"SOYA, torta",56000,GRANEL,BOLIVIA
16972,2025,7,PUESTO DE CONTROL TERRESTRE DESAGUADERO,"SOYA, torta",56000,GRANEL,BOLIVIA
16973,2025,7,OFICINA PUESTO DE CONTROL MARITIMO - PROV. CONST. DEL CALLAO,"COCO, fibra (para sustrato)",46680,PALETAS,INDIA
16974,2025,7,PUESTO DE CONTROL TERRESTRE DESAGUADERO,"SOYA, torta",116000,SACO(S),BOLIVIA
16975,2025,7,OFICINA PUESTO DE CONTROL MARITIMO - PROV. CONST. DEL CALLAO,"ARROZ, grano pilado",25000,SACO(S),URUGUAY
16976,2025,7,"SANTA ROSA, TACNA","MANZANA, fruto fresco",23520,CAJA(S),CHILE
16977,2025,7,OFICINA PUESTO DE CONTROL MARITIMO - PROV. CONST. DEL CALLAO,"Articulos para fiestas de navidad que sean o contengan material vegetal
",14873.977,CAJA(S),CHINA
16978,2025,7,OFICINA PUESTO DE CONTROL MARITIMO - PROV. CONST. DEL CALLAO,"Articulos para fiestas de navidad que sean o contengan material vegetal
",2133.786,BOLSAS,CHINA
16979,2025,7,OFICINA PUESTO DE CONTROL MARITIMO - PROV. CONST. DEL CALLAO,"Articulos para fiestas de navidad que sean o contengan material vegetal
",20654.054,CAJA(S),CHINA
16980,2025,7,OFICINA PUESTO DE CONTROL MARITIMO - PROV. CONST. DEL CALLAO,"COMINO, grano",20000,BOLSAS,INDIA
16981,2025,7,"SANTA ROSA, TACNA","PERA, fruta fresca",22932,CAJA(S),ARGENTINA
16982,2025,7,OFICINA PUESTO DE CONTROL MARITIMO - PROV. CONST. DEL CALLAO,"AVENA, grano aplastado o en copos (hojuelas)",26000,SACO(S),CHILE
16983,2025,7,OFICINA PUESTO DE CONTROL MARITIMO - PROV. CONST. DEL CALLAO,"NUEZ DEL BRASIL, sin cascara secos o  mondados",10000,CAJA(S),PERU
16984,2025,7,PUESTO DE CONTROL TERRESTRE DESAGUADERO,"SOYA, torta",84000,GRANEL,BOLIVIA
16985,2025,7,PUESTO DE CONTROL TERRESTRE DESAGUADERO,AZUCAR BLANCA O REFINADA (lectura polarimetrica mayor 99.5°),231500,SACO(S),BOLIVIA
16986,2025,7,PUESTO DE CONTROL TERRESTRE DESAGUADERO,"SOYA, torta",28020,GRANEL,BOLIVIA
16987,2025,7,"PUERTO DE PAITA , PIURA","LENTEJA, grano",124829,SACO(S),CANADA
16988,2025,7,OFICINA PUESTO DE CONTROL MARITIMO - PROV. CONST. DEL CALLAO,"AVENA, grano aplastado o en copos (hojuelas)",52500,SACO(S),CHILE
16989,2025,7,PUESTO DE CONTROL TERRESTRE DESAGUADERO,"SOYA, torta",114500,SACO(S),BOLIVIA
16990,2025,7,PUESTO DE CONTROL TERRESTRE DESAGUADERO,AZUCAR BLANCA O REFINADA (lectura polarimetrica mayor 99.5°),84000,SACO(S),BOLIVIA
16991,2025,7,OFICINA PUESTO DE CONTROL MARITIMO - PROV. CONST. DEL CALLAO,"MAIZ, harina",137000,PALETAS,COLOMBIA
16992,2025,7,PUESTO DE CONTROL TERRESTRE DESAGUADERO,"SOYA, torta",28000,GRANEL,BOLIVIA
16993,2025,7,PUESTO DE CONTROL TERRESTRE DESAGUADERO,"SOYA, harina",87000,SACO(S),BOLIVIA
16994,2025,7,PUESTO DE CONTROL TERRESTRE DESAGUADERO,"SOYA, torta",28000,GRANEL,BOLIVIA
16995,2025,7,PUESTO DE CONTROL TERRESTRE DESAGUADERO,"SOYA, torta",28000,GRANEL,BOLIVIA
16996,2025,7,PUESTO DE CONTROL TERRESTRE DESAGUADERO,"SOYA, torta",116000,SACO(S),BOLIVIA
16997,2025,7,PUESTO DE CONTROL TERRESTRE DESAGUADERO,"SOYA, torta",115000,SACO(S),BOLIVIA
16998,2025,7,PUESTO DE CONTROL TERRESTRE DESAGUADERO,"SOYA, torta",114000,SACO(S),BOLIVIA
16999,2025,7,PUESTO DE CONTROL TERRESTRE DESAGUADERO,"SOYA, grano",28000,GRANEL,BOLIVIA
17000,2025,7,PUESTO DE CONTROL TERRESTRE DESAGUADERO,"SOYA, grano",26500,GRANEL,BOLIVIA
17001,2025,7,PUESTO DE CONTROL TERRESTRE DESAGUADERO,"SOYA, torta",20860,GRANEL,BOLIVIA
17002,2025,7,PUESTO DE CONTROL TERRESTRE DESAGUADERO,"SOYA, torta",36470,GRANEL,BOLIVIA
17003,2025,7,PUESTO DE CONTROL TERRESTRE DESAGUADERO,"SOYA, torta",28000,GRANEL,BOLIVIA
17004,2025,7,PUESTO DE CONTROL TERRESTRE DESAGUADERO,"SOYA, torta",55750,GRANEL,BOLIVIA
17005,2025,7,PUESTO DE CONTROL TERRESTRE DESAGUADERO,"SOYA, torta",28000,GRANEL,BOLIVIA
17006,2025,7,PUESTO DE CONTROL TERRESTRE DESAGUADERO,AZUCAR BLANCA O REFINADA (lectura polarimetrica mayor 99.5°),58000,SACO(S),BOLIVIA
17007,2025,7,OFICINA PUESTO DE CONTROL MARITIMO - PROV. CONST. DEL CALLAO,"COCO, fibra (para sustrato)",238350,PALETAS,INDIA
17008,2025,7,OFICINA PUESTO DE CONTROL MARITIMO - PROV. CONST. DEL CALLAO,"COCO, fibra (para sustrato)",363825,PALETAS,INDIA
17009,2025,7,OFICINA PUESTO DE CONTROL MARITIMO - PROV. CONST. DEL CALLAO,"COCO, fibra (para sustrato)",242550,PALETAS,INDIA
17010,2025,7,PUESTO DE CONTROL TERRESTRE DESAGUADERO,"SOYA, torta",84000,GRANEL,BOLIVIA
17011,2025,7,"AGUAS VERDES, TUMBES","ROSA, flores frescas cortadas",3021,CAJA(S),ECUADOR
17012,2025,7,"AGUAS VERDES, TUMBES","CRISANTEMO, flores frescas cortadas",600,CAJA(S),ECUADOR
17013,2025,7,"AGUAS VERDES, TUMBES","LILIUM (=AZUCENA), flores frescas cortadas",627,CAJA(S),ECUADOR
17014,2025,7,PUESTO DE CONTROL TERRESTRE DESAGUADERO,"SOYA, torta",55240,GRANEL,BOLIVIA
17015,2025,7,PUESTO DE CONTROL TERRESTRE DESAGUADERO,"SOYA, torta",82340,GRANEL,BOLIVIA
17016,2025,7,PUESTO DE CONTROL TERRESTRE DESAGUADERO,"SOYA, torta",28000,GRANEL,BOLIVIA
17017,2025,7,OFICINA PUESTO DE CONTROL MARITIMO - PROV. CONST. DEL CALLAO,"ANIS O BADIANA, grano",25980,SACO(S),TURQUIA
17018,2025,7,PUESTO DE CONTROL TERRESTRE DESAGUADERO,"SOYA, torta",145000,SACO(S),BOLIVIA
17019,2025,7,"SANTA ROSA, TACNA","MANZANA, fruto fresco",23520,CAJA(S),CHILE
17020,2025,7,"SANTA ROSA, TACNA","MANZANA, fruto fresco",23471,CAJA(S),CHILE
17021,2025,7,"SANTA ROSA, TACNA","PERA, fruta fresca",11760,CAJA(S),CHILE
17022,2025,7,PUESTO DE CONTROL TERRESTRE DESAGUADERO,"SOYA, harina",29000,SACO(S),BOLIVIA
17023,2025,7,OFICINA PUESTO DE CONTROL MARITIMO - PROV. CONST. DEL CALLAO,"PIMIENTA, grano",28000,SACO(S),VIETNAM
17024,2025,7,PUESTO DE CONTROL TERRESTRE DESAGUADERO,"SOYA, grano",58000,SACO(S),BOLIVIA
17025,2025,7,OFICINA PUESTO DE CONTROL AEREO -  PROV. CONST. DEL CALLAO,TE VERDE,31.7,BOLSAS,NA
17026,2025,7,OFICINA PUESTO DE CONTROL MARITIMO - PROV. CONST. DEL CALLAO,AZUCAR BLANCA O REFINADA (lectura polarimetrica mayor 99.5°),50000,SACO(S),COLOMBIA
17027,2025,7,"SANTA ROSA, TACNA","MANZANA, fruto fresco",21873.6,CAJA(S),CHILE
17028,2025,7,"SANTA ROSA, TACNA","MANZANA, fruto fresco",22032,CAJA(S),CHILE
17029,2025,7,"SANTA ROSA, TACNA","MANZANA, fruto fresco",22344,CAJA(S),CHILE
17030,2025,7,"SANTA ROSA, TACNA","MANZANA, fruto fresco",23520,CAJA(S),CHILE
17031,2025,7,"IÑAPARI, MADRE DE DIOS","NUEZ DEL BRASIL, con cáscara seca al natural",16260,GRANEL,BRASIL
17032,2025,7,OFICINA PUESTO DE CONTROL MARITIMO - PROV. CONST. DEL CALLAO,"ARROZ, parbolizado pulido o sin cáscara",132500,SACO(S),BRASIL
17033,2025,7,OFICINA PUESTO DE CONTROL MARITIMO - PROV. CONST. DEL CALLAO,"ARROZ, parbolizado pulido o sin cáscara",132500,SACO(S),BRASIL
17034,2025,7,OFICINA PUESTO DE CONTROL MARITIMO - PROV. CONST. DEL CALLAO,"ARROZ, parbolizado pulido o sin cáscara",132500,SACO(S),BRASIL
17035,2025,7,PUESTO DE CONTROL TERRESTRE DESAGUADERO,"SOYA, torta",56000,GRANEL,BOLIVIA
17036,2025,7,OFICINA PUESTO DE CONTROL MARITIMO - PROV. CONST. DEL CALLAO,"ARROZ, grano pilado",130000,SACO(S),BRASIL
17037,2025,7,OFICINA PUESTO DE CONTROL MARITIMO - PROV. CONST. DEL CALLAO,"ARROZ, grano pilado",130000,SACO(S),BRASIL
17038,2025,7,OFICINA PUESTO DE CONTROL MARITIMO - PROV. CONST. DEL CALLAO,"ARROZ, grano pilado",130000,SACO(S),BRASIL
17039,2025,7,OFICINA PUESTO DE CONTROL MARITIMO - PROV. CONST. DEL CALLAO,"ARROZ, grano pilado",131250,SACO(S),BRASIL
17040,2025,7,OFICINA PUESTO DE CONTROL MARITIMO - PROV. CONST. DEL CALLAO,"ARROZ, grano pilado",131250,SACO(S),BRASIL
17041,2025,7,OFICINA PUESTO DE CONTROL MARITIMO - PROV. CONST. DEL CALLAO,AZUCAR BLANCA O REFINADA (lectura polarimetrica mayor 99.5°),397500,SACO(S),GUATEMALA
17042,2025,7,"IÑAPARI, MADRE DE DIOS","NUEZ DEL BRASIL, con cáscara seca al natural",14195.4,SACO(S),BRASIL
17043,2025,7,OFICINA PUESTO DE CONTROL MARITIMO - PROV. CONST. DEL CALLAO,"AZUCAR SIN REFINAR, solido",375000,SACO(S),GUATEMALA
17044,2025,7,OFICINA PUESTO DE CONTROL MARITIMO - PROV. CONST. DEL CALLAO,"AZUCAR SIN REFINAR, solido",250000,SACO(S),GUATEMALA
17045,2025,7,OFICINA PUESTO DE CONTROL MARITIMO - PROV. CONST. DEL CALLAO,"LAUREL, hoja seca al natural",5220,SACO(S),ESPAÑA
17046,2025,7,OFICINA PUESTO DE CONTROL MARITIMO - PROV. CONST. DEL CALLAO,"PINO, madera aserrada con algún proceso de la CRF2",231130,PAQUETES,CHILE
17047,2025,7,OFICINA PUESTO DE CONTROL MARITIMO - PROV. CONST. DEL CALLAO,"AJONJOLI, grano",26620,BOLSAS,ARGENTINA
17048,2025,7,OFICINA PUESTO DE CONTROL MARITIMO - PROV. CONST. DEL CALLAO,"AVENA, grano aplastado o en copos (hojuelas)",26250,SACO(S),CHILE
17049,2025,7,OFICINA PUESTO DE CONTROL MARITIMO - PROV. CONST. DEL CALLAO,"MAIZ, harina",275000,BOLSAS,COLOMBIA
17050,2025,7,OFICINA PUESTO DE CONTROL MARITIMO - PROV. CONST. DEL CALLAO,"CEBOLLA, triturada o pulverizada",534.105,PAQUETES,EEUU
17051,2025,7,OFICINA PUESTO DE CONTROL MARITIMO - PROV. CONST. DEL CALLAO,"AJO, polvo",1328.288,PAQUETES,EEUU
17052,2025,7,OFICINA PUESTO DE CONTROL MARITIMO - PROV. CONST. DEL CALLAO,"PIMIENTA, mezcla con algún proceso de la CRF 2",40.823,PAQUETES,EEUU
17053,2025,7,OFICINA PUESTO DE CONTROL MARITIMO - PROV. CONST. DEL CALLAO,"PIMIENTA, molida",2754.551,PAQUETES,EEUU
17054,2025,7,OFICINA PUESTO DE CONTROL MARITIMO - PROV. CONST. DEL CALLAO,"PIMENTON, polvo",908.999,PAQUETES,EEUU
17055,2025,7,OFICINA PUESTO DE CONTROL MARITIMO - PROV. CONST. DEL CALLAO,"CANELA, triturada o pulverizada (molida)",1407.043,PAQUETES,EEUU
17056,2025,7,OFICINA PUESTO DE CONTROL MARITIMO - PROV. CONST. DEL CALLAO,"NUEZ MOSCADA, sin triturar ni pulverizar con secado al horno",65.434,PAQUETES,EEUU
17057,2025,7,OFICINA PUESTO DE CONTROL MARITIMO - PROV. CONST. DEL CALLAO,"COMINO, triturado y/o pulverizado",489.88,PAQUETES,EEUU
17058,2025,7,OFICINA PUESTO DE CONTROL MARITIMO - PROV. CONST. DEL CALLAO,"JENJIBRE(=KION), triturado o pulverizado",265.351,PAQUETES,EEUU
17059,2025,7,OFICINA PUESTO DE CONTROL MARITIMO - PROV. CONST. DEL CALLAO,"CURCUMA, polvo",145.148,PAQUETES,EEUU
17060,2025,7,OFICINA PUESTO DE CONTROL MARITIMO - PROV. CONST. DEL CALLAO,"LAUREL, hoja seca industrial",6.532,PAQUETES,EEUU
17061,2025,7,OFICINA PUESTO DE CONTROL MARITIMO - PROV. CONST. DEL CALLAO,"CURRY, secas industrial o trituradas o molidas",353.802,PAQUETES,EEUU
17062,2025,7,OFICINA PUESTO DE CONTROL MARITIMO - PROV. CONST. DEL CALLAO,"ESTRAGON (=ARTEMIASA), seco industrial",40.823,PAQUETES,EEUU
17063,2025,7,OFICINA PUESTO DE CONTROL MARITIMO - PROV. CONST. DEL CALLAO,"ROMERO, secado industrial",48.988,PAQUETES,EEUU
17064,2025,7,PUESTO DE CONTROL TERRESTRE DESAGUADERO,"SOYA, torta",115000,SACO(S),BOLIVIA
17065,2025,7,OFICINA PUESTO DE CONTROL MARITIMO - PROV. CONST. DEL CALLAO,"COCO, fibra (para sustrato)",123750,BOLSAS,SRI LANKA
17066,2025,7,OFICINA PUESTO DE CONTROL MARITIMO - PROV. CONST. DEL CALLAO,"COCO, fibra (para sustrato)",99000,BOLSAS,SRI LANKA
17067,2025,7,OFICINA PUESTO DE CONTROL AEREO -  PROV. CONST. DEL CALLAO,"PIMIENTA, grano",0.28,BOLSAS,VIETNAM
17068,2025,7,OFICINA PUESTO DE CONTROL MARITIMO - PROV. CONST. DEL CALLAO,"PINO, postes de madera con algun proceso de la CRF 2",165530,UNIDADES,CHILE
17069,2025,7,OFICINA PUESTO DE CONTROL MARITIMO - PROV. CONST. DEL CALLAO,"ALGODON, fibra sin cardar ni peinar (>22.22 mm = o <28.57 mm)",500139,FARDOS,EEUU
17070,2025,7,PUESTO DE CONTROL TERRESTRE DESAGUADERO,"SOYA, torta",84290,GRANEL,BOLIVIA
17071,2025,7,PUESTO DE CONTROL TERRESTRE DESAGUADERO,"SOYA, torta",84000,GRANEL,BOLIVIA
17072,2025,7,PUESTO DE CONTROL TERRESTRE DESAGUADERO,"SOYA, torta",141680,GRANEL,BOLIVIA
17073,2025,7,OFICINA PUESTO DE CONTROL MARITIMO - PROV. CONST. DEL CALLAO,"ARROZ, grano pilado",125000,SACO(S),PARAGUAY
17074,2025,7,OFICINA PUESTO DE CONTROL MARITIMO - PROV. CONST. DEL CALLAO,"MAIZ AMARILLO DURO, grano",3.00E+06,GRANEL,ARGENTINA
17075,2025,7,OFICINA PUESTO DE CONTROL MARITIMO - PROV. CONST. DEL CALLAO,"TRACTOR USADO, con motor de potencia superior a 75 kW pero inferior o igual a 130 kW",10235.25,UNIDADES,CHINA
17076,2025,7,OFICINA PUESTO DE CONTROL MARITIMO - PROV. CONST. DEL CALLAO,"MAIZ, almidon",27500,BOLSAS,CHINA
17077,2025,7,"AGUAS VERDES, TUMBES","Las demás coniferas, las demas maderas aserradas o desbastadas longitudinalmente, cortada o desenrollada, incluso cepillada,lijada o unida por lo extremos, de espesor superior a 6 mm, con algun tratamiento de la CRF 2",29620,PIEZAS,ECUADOR
17078,2025,7,PUESTO DE CONTROL TERRESTRE DESAGUADERO,"SOYA, torta",55600,GRANEL,BOLIVIA
17079,2025,7,PUESTO DE CONTROL TERRESTRE DESAGUADERO,"SOYA, torta",84000,GRANEL,BOLIVIA
17080,2025,7,PUESTO DE CONTROL TERRESTRE DESAGUADERO,"SOYA, torta",28000,GRANEL,BOLIVIA
17081,2025,7,PUESTO DE CONTROL TERRESTRE DESAGUADERO,"SOYA, torta",28000,GRANEL,BOLIVIA
17082,2025,7,PUESTO DE CONTROL TERRESTRE DESAGUADERO,"SOYA, torta",56000,GRANEL,BOLIVIA
17083,2025,7,"SANTA ROSA, TACNA","MANZANA, fruto fresco",23520,CAJA(S),CHILE
17084,2025,7,OFICINA PUESTO DE CONTROL MARITIMO - PROV. CONST. DEL CALLAO,"ALGODON, fibra sin cardar ni peinar (>22.22 mm = o <28.57 mm)",195430,FARDOS,EEUU
17085,2025,7,OFICINA PUESTO DE CONTROL MARITIMO - PROV. CONST. DEL CALLAO,"FESTULOLIUM, semilla",25000,SACO(S),NUEVA ZELANDIA
17086,2025,7,OFICINA PUESTO DE CONTROL MARITIMO - PROV. CONST. DEL CALLAO,"RYEGRASS INGLES, semilla",49525,SACO(S),NUEVA ZELANDIA
17087,2025,7,OFICINA PUESTO DE CONTROL MARITIMO - PROV. CONST. DEL CALLAO,"AVENA, grano trabajado (mondado, perlado, troceado o quebrantado)",182000,SACO(S),CHILE
17088,2025,7,OFICINA PUESTO DE CONTROL MARITIMO - PROV. CONST. DEL CALLAO,"RYEGRASS ITALIANO, semilla",50000,SACO(S),NUEVA ZELANDIA
17089,2025,7,OFICINA PUESTO DE CONTROL MARITIMO - PROV. CONST. DEL CALLAO,"ARVEJA, grano partido",184974,SACO(S),EEUU
17090,2025,7,OFICINA PUESTO DE CONTROL MARITIMO - PROV. CONST. DEL CALLAO,"ARVEJA, grano partido",138753,SACO(S),EEUU
17091,2025,7,OFICINA PUESTO DE CONTROL MARITIMO - PROV. CONST. DEL CALLAO,"PERA, fruta fresca",23946.3,CAJA(S),ARGENTINA
17092,2025,7,PUESTO DE CONTROL TERRESTRE DESAGUADERO,"SOYA, torta",143000,SACO(S),BOLIVIA
17093,2025,7,PUESTO DE CONTROL TERRESTRE DESAGUADERO,"SOYA, torta",116000,SACO(S),BOLIVIA
17094,2025,7,PUESTO DE CONTROL TERRESTRE DESAGUADERO,"SOYA, torta",28000,GRANEL,BOLIVIA
17095,2025,7,OFICINA PUESTO DE CONTROL MARITIMO - PROV. CONST. DEL CALLAO,TURBA,93170,BIG BAG,LETONIA
17096,2025,7,OFICINA PUESTO DE CONTROL MARITIMO - PROV. CONST. DEL CALLAO,"MAIZ REVENTON, grano",44440,SACO(S),EEUU
17097,2025,7,OFICINA PUESTO DE CONTROL MARITIMO - PROV. CONST. DEL CALLAO,TURBA,203040,BIG BAG,HOLANDA
17098,2025,7,OFICINA PUESTO DE CONTROL MARITIMO - PROV. CONST. DEL CALLAO,"PAPA, fécula",110000,BOLSAS,DINAMARCA
17099,2025,7,OFICINA PUESTO DE CONTROL AEREO -  PROV. CONST. DEL CALLAO,"ARANDANO, planta in vitro",297.6,FRASCO(S),MEXICO
17100,2025,7,OFICINA PUESTO DE CONTROL MARITIMO - PROV. CONST. DEL CALLAO,"Articulos de cesteria (canastos, cestos u otros), con algun proceso de la CRF2",352.5,CAJA(S),CHINA
17101,2025,7,OFICINA PUESTO DE CONTROL MARITIMO - PROV. CONST. DEL CALLAO,"COMINO, grano",52000,SACO(S),INDIA
17102,2025,7,"SANTA ROSA, TACNA","MANZANA, fruto fresco",11060,CAJA(S),CHILE
17103,2025,7,"SANTA ROSA, TACNA","PERA, fruta fresca",9864,CAJA(S),CHILE
17104,2025,7,PUESTO DE CONTROL TERRESTRE DESAGUADERO,"SOYA, harina",145000,SACO(S),BOLIVIA
17105,2025,7,PUESTO DE CONTROL TERRESTRE DESAGUADERO,"SOYA, torta",146000,SACO(S),BOLIVIA
17106,2025,7,PUESTO DE CONTROL TERRESTRE DESAGUADERO,"SOYA, torta",146500,SACO(S),BOLIVIA
17107,2025,7,"AGUAS VERDES, TUMBES","PIMIENTA, grano",12000,SACO(S),ECUADOR
17108,2025,7,"PUERTO DE PAITA , PIURA","LENTEJA, grano",79605,SACO(S),CANADA
17109,2025,7,OFICINA PUESTO DE CONTROL MARITIMO - PROV. CONST. DEL CALLAO,"PINO, postes de madera con algun proceso de la CRF 2",72722.5,UNIDADES,CHILE
17110,2025,7,OFICINA PUESTO DE CONTROL AEREO -  PROV. CONST. DEL CALLAO,"MADERA, cajas con algún proceso de la CRF 2",15,CAJA(S),ALEMANIA
17111,2025,7,OFICINA PUESTO DE CONTROL MARITIMO - PROV. CONST. DEL CALLAO,"FREJOL NEGRO, grano",26980,SACO(S),ARGENTINA
17112,2025,7,OFICINA PUESTO DE CONTROL MARITIMO - PROV. CONST. DEL CALLAO,"AVENA, grano aplastado o en copos (hojuelas)",25850,SACO(S),CHILE
17113,2025,7,OFICINA PUESTO DE CONTROL MARITIMO - PROV. CONST. DEL CALLAO,"ALPISTE (=PHALARIS), grano",22271,SACO(S),CANADA
17114,2025,7,OFICINA PUESTO DE CONTROL MARITIMO - PROV. CONST. DEL CALLAO,"MAIZ REVENTON, grano",25000,SACO(S),ARGENTINA
17115,2025,7,OFICINA PUESTO DE CONTROL AEREO -  PROV. CONST. DEL CALLAO,"ZAPALLITO ITALIANO (CALABACIN), semilla",0.78692,SACHETS,HOLANDA
17116,2025,7,OFICINA PUESTO DE CONTROL AEREO -  PROV. CONST. DEL CALLAO,"SANDIA, semilla",81.48,SACHETS,EEUU
17117,2025,7,PUESTO DE CONTROL TERRESTRE DESAGUADERO,AZUCAR BLANCA O REFINADA (lectura polarimetrica mayor 99.5°),112000,SACO(S),BOLIVIA
17118,2025,7,OFICINA PUESTO DE CONTROL MARITIMO - PROV. CONST. DEL CALLAO,"PIMIENTA, grano",27000,SACO(S),BRASIL
17119,2025,7,OFICINA PUESTO DE CONTROL AEREO -  PROV. CONST. DEL CALLAO,"PINO, semilla",20,PAQUETES,NICARAGUA
17120,2025,7,OFICINA PUESTO DE CONTROL MARITIMO - PROV. CONST. DEL CALLAO,"PAPA, fécula",2.00E+05,BOLSAS,ALEMANIA
17121,2025,7,OFICINA PUESTO DE CONTROL MARITIMO - PROV. CONST. DEL CALLAO,"BETARRAGA, semilla",1181.193,SACHETS,HOLANDA
17122,2025,7,OFICINA PUESTO DE CONTROL MARITIMO - PROV. CONST. DEL CALLAO,"ESPINACA, semilla",3585.12,SACHETS,HOLANDA
17123,2025,7,PUESTO DE CONTROL TERRESTRE DESAGUADERO,"SOYA, torta",114500,SACO(S),BOLIVIA
17124,2025,7,PUESTO DE CONTROL TERRESTRE DESAGUADERO,"SOYA, torta",28000,GRANEL,BOLIVIA
17125,2025,7,PUESTO DE CONTROL TERRESTRE DESAGUADERO,"SOYA, torta",28000,GRANEL,BOLIVIA
17126,2025,7,PUESTO DE CONTROL TERRESTRE DESAGUADERO,"SOYA, torta",28000,GRANEL,BOLIVIA
17127,2025,7,PUESTO DE CONTROL TERRESTRE DESAGUADERO,"SOYA, torta",28000,GRANEL,BOLIVIA
17128,2025,7,PUESTO DE CONTROL TERRESTRE DESAGUADERO,"SOYA, torta",28000,GRANEL,BOLIVIA
17129,2025,7,PUESTO DE CONTROL TERRESTRE DESAGUADERO,"SOYA, torta",114500,SACO(S),BOLIVIA
17130,2025,7,PUESTO DE CONTROL TERRESTRE DESAGUADERO,"SOYA, torta",116000,SACO(S),BOLIVIA
17131,2025,7,PUESTO DE CONTROL TERRESTRE DESAGUADERO,"SOYA, grano",56000,GRANEL,BOLIVIA
17132,2025,7,PUESTO DE CONTROL TERRESTRE DESAGUADERO,"SOYA, grano",140000,GRANEL,BOLIVIA
17133,2025,7,PUESTO DE CONTROL TERRESTRE DESAGUADERO,"SOYA, torta",84000,GRANEL,BOLIVIA
17134,2025,7,PUESTO DE CONTROL TERRESTRE DESAGUADERO,"SOYA, torta",28000,GRANEL,BOLIVIA
17135,2025,7,PUESTO DE CONTROL TERRESTRE DESAGUADERO,"SOYA, torta",28000,GRANEL,BOLIVIA
17136,2025,7,PUESTO DE CONTROL TERRESTRE DESAGUADERO,"SOYA, torta",146000,SACO(S),BOLIVIA
17137,2025,7,PUESTO DE CONTROL TERRESTRE DESAGUADERO,"SOYA, torta",114000,SACO(S),BOLIVIA
17138,2025,7,PUESTO DE CONTROL TERRESTRE DESAGUADERO,"SOYA, torta",115000,SACO(S),BOLIVIA
17139,2025,7,PUESTO DE CONTROL TERRESTRE DESAGUADERO,"SOYA, torta",28000,GRANEL,BOLIVIA
17140,2025,7,PUESTO DE CONTROL TERRESTRE DESAGUADERO,"SOYA, torta",28000,GRANEL,BOLIVIA
17141,2025,7,PUESTO DE CONTROL TERRESTRE DESAGUADERO,"SOYA, torta",28000,GRANEL,BOLIVIA
17142,2025,7,PUESTO DE CONTROL TERRESTRE DESAGUADERO,"SOYA, torta",56000,GRANEL,BOLIVIA
17143,2025,7,PUESTO DE CONTROL TERRESTRE DESAGUADERO,"SOYA, torta",28000,GRANEL,BOLIVIA
17144,2025,7,PUESTO DE CONTROL TERRESTRE DESAGUADERO,"SOYA, torta",145000,SACO(S),BOLIVIA
17145,2025,7,OFICINA PUESTO DE CONTROL MARITIMO - PROV. CONST. DEL CALLAO,"MAIZ REVENTON, grano",51810,SACO(S),BRASIL
17146,2025,7,PUESTO DE CONTROL TERRESTRE DESAGUADERO,"SOYA, grano",28000,GRANEL,BOLIVIA
17147,2025,7,PUESTO DE CONTROL TERRESTRE DESAGUADERO,"SOYA, grano",28000,GRANEL,BOLIVIA
17148,2025,7,PUESTO DE CONTROL TERRESTRE DESAGUADERO,"SOYA, torta",56000,GRANEL,BOLIVIA
17149,2025,7,PUESTO DE CONTROL TERRESTRE DESAGUADERO,"SOYA, torta",83000,GRANEL,BOLIVIA
17150,2025,7,OFICINA PUESTO DE CONTROL MARITIMO - PROV. CONST. DEL CALLAO,"MANZANA, fruto fresco",19551,CAJA(S),CHILE
17151,2025,7,OFICINA PUESTO DE CONTROL MARITIMO - PROV. CONST. DEL CALLAO,"PERA, fruta fresca",22680,CAJA(S),ARGENTINA
17152,2025,7,OFICINA PUESTO DE CONTROL MARITIMO - PROV. CONST. DEL CALLAO,"PERA, fruta fresca",22680,CAJA(S),ARGENTINA
17153,2025,7,"PUERTO DE PAITA , PIURA","ARVEJA, grano partido",46176,SACO(S),EEUU
17154,2025,7,"SANTA ROSA, TACNA","PERA, fruta fresca",24192,CAJA(S),CHILE
17155,2025,7,PUESTO DE CONTROL TERRESTRE DESAGUADERO,"SOYA, torta",55730,GRANEL,BOLIVIA
17156,2025,7,PUESTO DE CONTROL TERRESTRE DESAGUADERO,"SOYA, torta",28000,GRANEL,BOLIVIA
17157,2025,7,PUESTO DE CONTROL TERRESTRE DESAGUADERO,"SOYA, torta",26900,GRANEL,BOLIVIA
17158,2025,7,PUESTO DE CONTROL TERRESTRE DESAGUADERO,"SOYA, harina",28972,SACO(S),BOLIVIA
17159,2025,7,PUESTO DE CONTROL TERRESTRE DESAGUADERO,"SOYA, torta",28000,GRANEL,BOLIVIA
17160,2025,7,PUESTO DE CONTROL TERRESTRE DESAGUADERO,"SOYA, torta",28000,GRANEL,BOLIVIA
17161,2025,7,PUESTO DE CONTROL TERRESTRE DESAGUADERO,"SOYA, torta",81480,GRANEL,BOLIVIA
17162,2025,7,PUESTO DE CONTROL TERRESTRE DESAGUADERO,"SOYA, torta",28000,GRANEL,BOLIVIA
17163,2025,7,"SANTA ROSA, TACNA","MANZANA, fruto fresco",23520,CAJA(S),CHILE
17164,2025,7,OFICINA PUESTO DE CONTROL MARITIMO - PROV. CONST. DEL CALLAO,"MAIZ REVENTON, grano",51900,SACO(S),ARGENTINA
17165,2025,7,OFICINA PUESTO DE CONTROL MARITIMO - PROV. CONST. DEL CALLAO,"ANIS O BADIANA, grano",25000,SACO(S),ESPAÑA
17166,2025,7,"SANTA ROSA, TACNA","PERA, fruta fresca",11844,CAJA(S),CHILE
17167,2025,7,OFICINA PUESTO DE CONTROL MARITIMO - PROV. CONST. DEL CALLAO,"ARVEJA, grano partido",92532,SACO(S),EEUU
17168,2025,7,"SANTA ROSA, TACNA","MANZANA, fruto fresco",10780,CAJA(S),CHILE
17169,2025,7,OFICINA PUESTO DE CONTROL MARITIMO - PROV. CONST. DEL CALLAO,"LAUREL, hoja seca al natural",5000,SACO(S),ESPAÑA
17170,2025,7,PUESTO DE CONTROL TERRESTRE DESAGUADERO,"SOYA, torta",149500,SACO(S),BOLIVIA
17171,2025,7,OFICINA PUESTO DE CONTROL MARITIMO - PROV. CONST. DEL CALLAO,"LAUREL, hoja seca al natural",5000,SACO(S),ESPAÑA
17172,2025,7,OFICINA PUESTO DE CONTROL MARITIMO - PROV. CONST. DEL CALLAO,"CLAVO DE OLOR, entera seca al natural",10000,CAJA(S),INDONESIA
17173,2025,7,PUESTO DE CONTROL TERRESTRE DESAGUADERO,"SOYA, torta",112000,GRANEL,BOLIVIA
17174,2025,7,PUESTO DE CONTROL TERRESTRE DESAGUADERO,"SOYA, torta",82000,GRANEL,BOLIVIA
17175,2025,7,OFICINA PUESTO DE CONTROL MARITIMO - PROV. CONST. DEL CALLAO,"LENTEJA, grano",51930,SACO(S),CANADA
17176,2025,7,"PUERTO DE PAITA , PIURA","COCO, fibra (para sustrato)",346500,PALETAS,INDIA
17177,2025,7,"PUERTO DE PAITA , PIURA","COCO, fibra (para sustrato)",355950,PALETAS,INDIA
17178,2025,7,OFICINA PUESTO DE CONTROL MARITIMO - PROV. CONST. DEL CALLAO,"MAIZ, harina",1360.8,SACO(S),EEUU
17179,2025,7,PUESTO DE CONTROL TERRESTRE DESAGUADERO,"SOYA, torta",28000,GRANEL,BOLIVIA
17180,2025,7,PUESTO DE CONTROL TERRESTRE DESAGUADERO,"SOYA, harina",57495,SACO(S),BOLIVIA
17181,2025,7,"AGUAS VERDES, TUMBES","ROSA, flores frescas cortadas",3800,CAJA(S),ECUADOR
17182,2025,7,OFICINA PUESTO DE CONTROL AEREO -  PROV. CONST. DEL CALLAO,"SANDIA, semilla",25.7,SACHETS,HOLANDA
17183,2025,7,"SANTA ROSA, TACNA","FREJOL NEGRO, grano",53500,SACO(S),ARGENTINA
17184,2025,7,OFICINA PUESTO DE CONTROL MARITIMO - PROV. CONST. DEL CALLAO,TURBA,406080,BIG BAG,HOLANDA
17185,2025,7,PUESTO DE CONTROL TERRESTRE DESAGUADERO,"SOYA, torta",115000,SACO(S),BOLIVIA
17186,2025,7,PUESTO DE CONTROL TERRESTRE DESAGUADERO,"SOYA, harina",174000,SACO(S),BOLIVIA
17187,2025,7,PUESTO DE CONTROL TERRESTRE DESAGUADERO,"SOYA, torta",116000,SACO(S),BOLIVIA
17188,2025,7,OFICINA PUESTO DE CONTROL MARITIMO - PROV. CONST. DEL CALLAO,"LENTEJA, grano",101830,SACO(S),CANADA
17189,2025,7,"AGUAS VERDES, TUMBES","PIMIENTA, barreduras",5000,SACO(S),ECUADOR
17190,2025,7,OFICINA PUESTO DE CONTROL MARITIMO - PROV. CONST. DEL CALLAO,"CAUCHO, técnicamente especificado (TSNR)",42000,BOLSAS,VIETNAM
17191,2025,7,PUESTO DE CONTROL TERRESTRE DESAGUADERO,"SOYA, torta",125000,SACO(S),BOLIVIA
17192,2025,7,PUESTO DE CONTROL TERRESTRE DESAGUADERO,"SOYA, torta",184000,SACO(S),BOLIVIA
17193,2025,7,PUESTO DE CONTROL TERRESTRE DESAGUADERO,"SOYA, harina",58000,SACO(S),BOLIVIA
17194,2025,7,PUESTO DE CONTROL TERRESTRE DESAGUADERO,"SOYA, torta",174000,SACO(S),BOLIVIA
17195,2025,7,PUESTO DE CONTROL TERRESTRE DESAGUADERO,"SOYA, torta",103000,SACO(S),BOLIVIA
17196,2025,7,OFICINA PUESTO DE CONTROL MARITIMO - PROV. CONST. DEL CALLAO,"TRIGO, semola",28200,SACO(S),MEXICO
17197,2025,7,OFICINA PUESTO DE CONTROL AEREO -  PROV. CONST. DEL CALLAO,"ARANDANO, planta in vitro",347.2,FRASCO(S),MEXICO
17198,2025,7,OFICINA PUESTO DE CONTROL MARITIMO - PROV. CONST. DEL CALLAO,"LINAZA, grano",23496,BOLSAS,CANADA
17199,2025,7,OFICINA PUESTO DE CONTROL MARITIMO - PROV. CONST. DEL CALLAO,"LENTEJA, grano",74298,BOLSAS,CANADA
17200,2025,7,OFICINA PUESTO DE CONTROL MARITIMO - PROV. CONST. DEL CALLAO,"Los demas articulos para fiesta, carnaval u otras diversiones, incluidos los de magia y articulos sorpresa que sean o contengan material vegetal
",254.959,CAJA(S),CHINA
17201,2025,7,"SANTA ROSA, TACNA","MANZANA, fruto fresco",23177,CAJA(S),CHILE
17202,2025,7,OFICINA PUESTO DE CONTROL MARITIMO - PROV. CONST. DEL CALLAO,"ALGODON, fibra sin cardar ni peinar (>28.57 mm = o <34.92 mm)",214635,FARDOS,EEUU
17203,2025,7,OFICINA PUESTO DE CONTROL MARITIMO - PROV. CONST. DEL CALLAO,"ALGODON, fibra sin cardar ni peinar (>28.57 mm = o <34.92 mm)",19472,FARDOS,EEUU
17204,2025,7,OFICINA PUESTO DE CONTROL MARITIMO - PROV. CONST. DEL CALLAO,"PINO, madera aserrada con algún proceso de la CRF2",197372,PAQUETES,CHILE
17205,2025,7,OFICINA PUESTO DE CONTROL MARITIMO - PROV. CONST. DEL CALLAO,"ALGODON, fibra sin cardar ni peinar (>28.57 mm = o <34.92 mm)",101980,FARDOS,EEUU
17206,2025,7,OFICINA PUESTO DE CONTROL MARITIMO - PROV. CONST. DEL CALLAO,"MATERIAS VEGETALES, para tallar trabajadas con algun proceso de la CRF 2",2251.349,CAJA(S),CHINA
17207,2025,7,OFICINA PUESTO DE CONTROL MARITIMO - PROV. CONST. DEL CALLAO,"CHIA, grano",28000,SACO(S),PARAGUAY
17208,2025,7,OFICINA PUESTO DE CONTROL AEREO -  PROV. CONST. DEL CALLAO,"ZANAHORIA, semilla",400,BOLSAS,JAPON
17209,2025,7,"AGUAS VERDES, TUMBES","CAÑA DE GUAYAQUIL, seca al natural",32000,UNIDADES,ECUADOR
17210,2025,7,OFICINA PUESTO DE CONTROL MARITIMO - PROV. CONST. DEL CALLAO,"MADERA, monturas y mangos de herramientas, monturas y mangos de cepillos, brochas o escobas, de madera; hormas, ensanchadores y tensores del calzado, de madera ; con algún proceso de la CRF 2",23970,UNIDADES,CHINA
17211,2025,7,OFICINA PUESTO DE CONTROL MARITIMO - PROV. CONST. DEL CALLAO,"TRACTOR USADO, con motor de potencia superior a 33 kW pero inferior o igual a 75 kW",13110,UNIDADES,CHINA
17212,2025,7,"AGUAS VERDES, TUMBES","TARA, vaina seca al natural",54705.13,SACO(S),ECUADOR
17213,2025,7,PUESTO DE CONTROL TERRESTRE DESAGUADERO,"SOYA, grano",56000,GRANEL,BOLIVIA
17214,2025,7,PUESTO DE CONTROL TERRESTRE DESAGUADERO,"SOYA, harina",52000,SACO(S),BOLIVIA
17215,2025,7,OFICINA PUESTO DE CONTROL MARITIMO - PROV. CONST. DEL CALLAO,"ENEBRO, bayas sin triturar ni pulverizar con secado al horno o industrial",500,SACO(S),ALEMANIA
17216,2025,7,PUESTO DE CONTROL TERRESTRE DESAGUADERO,"SOYA, torta",28000,GRANEL,BOLIVIA
17217,2025,7,PUESTO DE CONTROL TERRESTRE DESAGUADERO,"SOYA, torta",28000,GRANEL,BOLIVIA
17218,2025,7,PUESTO DE CONTROL TERRESTRE DESAGUADERO,"SOYA, torta",27570,GRANEL,BOLIVIA
17219,2025,7,PUESTO DE CONTROL TERRESTRE DESAGUADERO,"SOYA, torta",27010,GRANEL,BOLIVIA
17220,2025,7,OFICINA PUESTO DE CONTROL MARITIMO - PROV. CONST. DEL CALLAO,"TRIGO, gluten",5625,BOLSAS,BELGICA
17221,2025,7,"SANTA ROSA, TACNA","MANZANA, fruto fresco",23520,CAJA(S),CHILE
17222,2025,7,OFICINA PUESTO DE CONTROL MARITIMO - PROV. CONST. DEL CALLAO,TURBA,75540,PACAS,LITUANIA
17223,2025,7,PUESTO DE CONTROL TERRESTRE DESAGUADERO,"SOYA, grano",58000,SACO(S),BOLIVIA
17224,2025,7,OFICINA PUESTO DE CONTROL MARITIMO - PROV. CONST. DEL CALLAO,"MANZANA, fruta fresca",20580,CAJA(S),EEUU
17225,2025,7,OFICINA PUESTO DE CONTROL MARITIMO - PROV. CONST. DEL CALLAO,"MANZANA, fruto fresco",20580,CAJA(S),CHILE
17226,2025,7,OFICINA PUESTO DE CONTROL MARITIMO - PROV. CONST. DEL CALLAO,"PINO, postes de madera con algun proceso de la CRF 2",209730,UNIDADES,CHILE
17227,2025,7,OFICINA PUESTO DE CONTROL AEREO -  PROV. CONST. DEL CALLAO,"ARANDANO, planta",974,CAJA(S),CHILE
17228,2025,7,PUESTO DE CONTROL TERRESTRE DESAGUADERO,"SOYA, torta",87000,SACO(S),BOLIVIA
17229,2025,7,OFICINA PUESTO DE CONTROL MARITIMO - PROV. CONST. DEL CALLAO,"YUTE, tejido crudo",27342,FARDOS,INDIA
17230,2025,7,OFICINA PUESTO DE CONTROL MARITIMO - PROV. CONST. DEL CALLAO,"LENTEJA, grano",184163,SACO(S),CANADA
17231,2025,7,OFICINA PUESTO DE CONTROL MARITIMO - PROV. CONST. DEL CALLAO,"YUTE, sacos",25440,FARDOS,BANGLADESH
17232,2025,7,OFICINA PUESTO DE CONTROL MARITIMO - PROV. CONST. DEL CALLAO,"MAIZ, almidon",24000,BOLSAS,COLOMBIA
17233,2025,7,OFICINA PUESTO DE CONTROL AEREO -  PROV. CONST. DEL CALLAO,"CAFE, semilla",2.25,BOLSAS,COSTA RICA
17234,2025,7,OFICINA PUESTO DE CONTROL MARITIMO - PROV. CONST. DEL CALLAO,"Articulos de cesteria (canastos, cestos u otros), con algun proceso de la CRF2",570,UNIDADES,VIETNAM
17235,2025,7,OFICINA PUESTO DE CONTROL MARITIMO - PROV. CONST. DEL CALLAO,"PINO, madera aserrada con algún proceso de la CRF2",149100,PAQUETES,CHILE
17236,2025,7,OFICINA PUESTO DE CONTROL AEREO -  PROV. CONST. DEL CALLAO,"MADERA, cajas con algún proceso de la CRF 2",946.77,CAJA(S),JAPON
17237,2025,7,OFICINA PUESTO DE CONTROL MARITIMO - PROV. CONST. DEL CALLAO,"MAIZ, harina",78000,PACAS,COLOMBIA
17238,2025,7,OFICINA PUESTO DE CONTROL MARITIMO - PROV. CONST. DEL CALLAO,"PINO, madera aserrada con algún proceso de la CRF2",144280,PAQUETES,CHILE
17239,2025,7,OFICINA PUESTO DE CONTROL AEREO -  PROV. CONST. DEL CALLAO,"SANDIA, semilla",101.152,BOLSAS,CHILE
17240,2025,7,OFICINA PUESTO DE CONTROL MARITIMO - PROV. CONST. DEL CALLAO,"PINO, madera aserrada con algún proceso de la CRF2",41727.6,PAQUETES,CHILE
17241,2025,7,OFICINA PUESTO DE CONTROL MARITIMO - PROV. CONST. DEL CALLAO,"PINO, madera aserrada con algún proceso de la CRF2",182103.29,PAQUETES,CHILE
17242,2025,7,OFICINA PUESTO DE CONTROL MARITIMO - PROV. CONST. DEL CALLAO,"PINO, madera aserrada con algún proceso de la CRF2",102663,PAQUETES,CHILE
17243,2025,7,OFICINA PUESTO DE CONTROL MARITIMO - PROV. CONST. DEL CALLAO,"PINO, madera aserrada con algún proceso de la CRF2",117260,PAQUETES,CHILE
17244,2025,7,PUESTO DE CONTROL TERRESTRE DESAGUADERO,"SOYA, torta",56150,GRANEL,BOLIVIA
17245,2025,7,PUESTO DE CONTROL TERRESTRE DESAGUADERO,"SOYA, torta",56050,GRANEL,BOLIVIA
17246,2025,7,OFICINA PUESTO DE CONTROL AEREO -  PROV. CONST. DEL CALLAO,"CORCHO, tapones",2.89,BOLSAS,EEUU
17247,2025,7,OFICINA PUESTO DE CONTROL MARITIMO - PROV. CONST. DEL CALLAO,"PINO, madera aserrada con algún proceso de la CRF2",45362,FARDOS,CHILE
17248,2025,7,OFICINA PUESTO DE CONTROL MARITIMO - PROV. CONST. DEL CALLAO,"PINO, madera aserrada con algún proceso de la CRF2",92050,PAQUETES,CHILE
17249,2025,7,PUESTO DE CONTROL TERRESTRE DESAGUADERO,"SOYA, grano",58000,SACO(S),BOLIVIA
17250,2025,7,"AGUAS VERDES, TUMBES","Las demás coniferas, las demas maderas aserradas o desbastadas longitudinalmente, cortada o desenrollada, incluso cepillada,lijada o unida por lo extremos, de espesor superior a 6 mm, con algun tratamiento de la CRF 2",29130,PIEZAS,ECUADOR
17251,2025,7,"AGUAS VERDES, TUMBES","Las demás coniferas, las demas maderas aserradas o desbastadas longitudinalmente, cortada o desenrollada, incluso cepillada,lijada o unida por lo extremos, de espesor superior a 6 mm, con algun tratamiento de la CRF 2",58680,PIEZAS,ECUADOR
17252,2025,7,OFICINA PUESTO DE CONTROL MARITIMO - PROV. CONST. DEL CALLAO,"MANZANA, fruta fresca",41160,CAJA(S),EEUU
17253,2025,7,OFICINA PUESTO DE CONTROL MARITIMO - PROV. CONST. DEL CALLAO,"COCO, rallado seco industrial",22725,SACO(S),INDIA
17254,2025,7,OFICINA PUESTO DE CONTROL MARITIMO - PROV. CONST. DEL CALLAO,"ARROZ, grano pilado",130000,SACO(S),BRASIL
17255,2025,7,OFICINA PUESTO DE CONTROL MARITIMO - PROV. CONST. DEL CALLAO,"ARROZ, grano pilado",129800,SACO(S),BRASIL
17256,2025,7,OFICINA PUESTO DE CONTROL MARITIMO - PROV. CONST. DEL CALLAO,"ARROZ, grano pilado",130000,SACO(S),BRASIL
17257,2025,7,OFICINA PUESTO DE CONTROL MARITIMO - PROV. CONST. DEL CALLAO,"ARROZ, grano pilado",129910,SACO(S),BRASIL
17258,2025,7,OFICINA PUESTO DE CONTROL MARITIMO - PROV. CONST. DEL CALLAO,"ARROZ, grano pilado",129760,SACO(S),BRASIL
17259,2025,7,OFICINA PUESTO DE CONTROL MARITIMO - PROV. CONST. DEL CALLAO,"ARROZ, grano pilado",129980,SACO(S),BRASIL
17260,2025,7,OFICINA PUESTO DE CONTROL MARITIMO - PROV. CONST. DEL CALLAO,"MANZANA, fruto fresco",20531,CAJA(S),CHILE
17261,2025,7,OFICINA PUESTO DE CONTROL MARITIMO - PROV. CONST. DEL CALLAO,"UVA (PASAS), secas industrialmente",20000,CAJA(S),CHILE
17262,2025,7,OFICINA PUESTO DE CONTROL MARITIMO - PROV. CONST. DEL CALLAO,"UVA (PASAS), secas industrialmente",20000,CAJA(S),CHILE
17263,2025,7,OFICINA PUESTO DE CONTROL MARITIMO - PROV. CONST. DEL CALLAO,"COCO, fibra (para sustrato)",95060,PALETAS,INDIA
17264,2025,7,PUESTO DE CONTROL TERRESTRE DESAGUADERO,AZUCAR BLANCA O REFINADA (lectura polarimetrica mayor 99.5°),174000,SACO(S),BOLIVIA
17265,2025,7,PUESTO DE CONTROL TERRESTRE DESAGUADERO,"SOYA, torta",112490,GRANEL,BOLIVIA
17266,2025,7,PUESTO DE CONTROL TERRESTRE DESAGUADERO,"SOYA, torta",56000,GRANEL,BOLIVIA
17267,2025,7,PUESTO DE CONTROL TERRESTRE DESAGUADERO,AZUCAR BLANCA O REFINADA (lectura polarimetrica mayor 99.5°),174000,SACO(S),BOLIVIA
17268,2025,7,OFICINA PUESTO DE CONTROL MARITIMO - PROV. CONST. DEL CALLAO,"VIGAS ENCOFRADAS DE MADERA, con algún proceso de la CRF2",2318.06,UNIDADES,ECUADOR
17269,2025,7,OFICINA PUESTO DE CONTROL MARITIMO - PROV. CONST. DEL CALLAO,"PINO, madera aserrada con algún proceso de la CRF2",42230,PAQUETES,CHILE
17270,2025,7,OFICINA PUESTO DE CONTROL MARITIMO - PROV. CONST. DEL CALLAO,"COCO, rallado seco industrial",66000,SACO(S),INDIA
17271,2025,7,"SANTA ROSA, TACNA","TRIGO, afrecho seco industrial",84000,SACO(S),CHILE
17272,2025,7,OFICINA PUESTO DE CONTROL MARITIMO - PROV. CONST. DEL CALLAO,"PAPA, hojuelas y pellets",38400,SACO(S),HOLANDA
17273,2025,7,"IÑAPARI, MADRE DE DIOS","MAIZ AMARILLO DURO, grano",64000,SACO(S),BRASIL
17274,2025,7,OFICINA PUESTO DE CONTROL MARITIMO - PROV. CONST. DEL CALLAO,"PINO, madera aserrada con algún proceso de la CRF2",244500,PAQUETES,CHILE
17275,2025,7,OFICINA PUESTO DE CONTROL MARITIMO - PROV. CONST. DEL CALLAO,"PINO, madera aserrada con algún proceso de la CRF2",218591,PAQUETES,CHILE
17276,2025,7,OFICINA PUESTO DE CONTROL AEREO -  PROV. CONST. DEL CALLAO,"MELON, semilla",3.317,SACHETS,EEUU
17277,2025,7,OFICINA PUESTO DE CONTROL AEREO -  PROV. CONST. DEL CALLAO,"MELON, semilla",8.007,SACHETS,CHILE
17278,2025,7,OFICINA PUESTO DE CONTROL AEREO -  PROV. CONST. DEL CALLAO,"SANDIA, semilla",3.272,SACHETS,CHILE
17279,2025,7,OFICINA PUESTO DE CONTROL AEREO -  PROV. CONST. DEL CALLAO,"SANDIA, semilla",5,SACHETS,CHILE
17280,2025,7,OFICINA PUESTO DE CONTROL MARITIMO - PROV. CONST. DEL CALLAO,"ACHIOTE, grano",50000,SACO(S),COSTA DE MARFIL
17281,2025,7,PUESTO DE CONTROL TERRESTRE DESAGUADERO,"SOYA, torta",116000,SACO(S),BOLIVIA
17282,2025,7,PUESTO DE CONTROL TERRESTRE DESAGUADERO,"SOYA, torta",145000,SACO(S),BOLIVIA
17283,2025,7,OFICINA PUESTO DE CONTROL MARITIMO - PROV. CONST. DEL CALLAO,"YUCA (=MANDIOCA), fécula",25000,BOLSAS,TAILANDIA
17284,2025,7,OFICINA PUESTO DE CONTROL MARITIMO - PROV. CONST. DEL CALLAO,"TRIGO, gluten",25500,BOLSAS,ALEMANIA
17285,2025,7,PUESTO DE CONTROL TERRESTRE DESAGUADERO,"SOYA, torta",116000,SACO(S),BOLIVIA
17286,2025,7,PUESTO DE CONTROL TERRESTRE DESAGUADERO,"SOYA, torta",56000,GRANEL,BOLIVIA
17287,2025,7,OFICINA PUESTO DE CONTROL MARITIMO - PROV. CONST. DEL CALLAO,"PINO, postes de madera con algun proceso de la CRF 2",154330,UNIDADES,CHILE
17288,2025,7,PUESTO DE CONTROL TERRESTRE DESAGUADERO,"SOYA, torta",145000,SACO(S),BOLIVIA
17289,2025,7,OFICINA PUESTO DE CONTROL MARITIMO - PROV. CONST. DEL CALLAO,"AVENA, grano aplastado o en copos (hojuelas)",26000,SACO(S),CHILE
17290,2025,7,OFICINA PUESTO DE CONTROL MARITIMO - PROV. CONST. DEL CALLAO,"UVA (PASAS), secas naturalmente",20000,CAJA(S),IRAN
17291,2025,7,PUESTO DE CONTROL TERRESTRE DESAGUADERO,"SOYA, torta",28000,GRANEL,BOLIVIA
17292,2025,7,PUESTO DE CONTROL TERRESTRE DESAGUADERO,"SOYA, torta",28000,GRANEL,BOLIVIA
17293,2025,7,PUESTO DE CONTROL TERRESTRE DESAGUADERO,"SOYA, torta",28000,GRANEL,BOLIVIA
17294,2025,7,PUESTO DE CONTROL TERRESTRE DESAGUADERO,"SOYA, torta",28000,GRANEL,BOLIVIA
17295,2025,7,PUESTO DE CONTROL TERRESTRE DESAGUADERO,"SOYA, torta",28000,GRANEL,BOLIVIA
17296,2025,7,OFICINA PUESTO DE CONTROL MARITIMO - PROV. CONST. DEL CALLAO,"MANZANA, fruto fresco",20580,CAJA(S),CHILE
17297,2025,7,PUESTO DE CONTROL TERRESTRE DESAGUADERO,"SOYA, torta",28000,GRANEL,BOLIVIA
17298,2025,7,PUESTO DE CONTROL TERRESTRE DESAGUADERO,"SOYA, torta",28000,GRANEL,BOLIVIA
17299,2025,7,PUESTO DE CONTROL TERRESTRE DESAGUADERO,"SOYA, torta",56000,GRANEL,BOLIVIA
17300,2025,7,PUESTO DE CONTROL TERRESTRE DESAGUADERO,"SOYA, torta",28000,GRANEL,BOLIVIA
17301,2025,7,PUESTO DE CONTROL TERRESTRE DESAGUADERO,"SOYA, torta",55240,GRANEL,BOLIVIA
17302,2025,7,OFICINA PUESTO DE CONTROL MARITIMO - PROV. CONST. DEL CALLAO,"COCO, fibra (para sustrato)",80000,PALETAS,INDIA
17303,2025,7,PUESTO DE CONTROL TERRESTRE DESAGUADERO,"SOYA, torta",87000,GRANEL,BOLIVIA
17304,2025,7,OFICINA PUESTO DE CONTROL MARITIMO - PROV. CONST. DEL CALLAO,"ARVEJA, grano partido",74163,SACO(S),CANADA
17305,2025,7,OFICINA PUESTO DE CONTROL MARITIMO - PROV. CONST. DEL CALLAO,"COCO, fibra (para sustrato)",25660,PALETAS,INDIA
17306,2025,7,OFICINA PUESTO DE CONTROL MARITIMO - PROV. CONST. DEL CALLAO,"COCO, fibra (para sustrato)",184460,PALETAS,INDIA
17307,2025,7,OFICINA PUESTO DE CONTROL MARITIMO - PROV. CONST. DEL CALLAO,"MANZANA, fruto fresco",42084,CAJA(S),CHILE
17308,2025,7,PUESTO DE CONTROL TERRESTRE DESAGUADERO,"SOYA, torta",28000,GRANEL,BOLIVIA
17309,2025,7,PUESTO DE CONTROL TERRESTRE DESAGUADERO,"SOYA, torta",28000,GRANEL,BOLIVIA
17310,2025,7,PUESTO DE CONTROL TERRESTRE DESAGUADERO,"SOYA, torta",28000,GRANEL,BOLIVIA
17311,2025,7,PUESTO DE CONTROL TERRESTRE DESAGUADERO,"SOYA, torta",28000,GRANEL,BOLIVIA
17312,2025,7,PUESTO DE CONTROL TERRESTRE DESAGUADERO,"SOYA, torta",28000,GRANEL,BOLIVIA
17313,2025,7,PUESTO DE CONTROL TERRESTRE DESAGUADERO,"SOYA, torta",28000,GRANEL,BOLIVIA
17314,2025,7,PUESTO DE CONTROL TERRESTRE DESAGUADERO,"SOYA, torta",56000,GRANEL,BOLIVIA
17315,2025,7,PUESTO DE CONTROL TERRESTRE DESAGUADERO,"SOYA, torta",28000,GRANEL,BOLIVIA
17316,2025,7,PUESTO DE CONTROL TERRESTRE DESAGUADERO,"SOYA, torta",28000,GRANEL,BOLIVIA
17317,2025,7,PUESTO DE CONTROL TERRESTRE DESAGUADERO,"SOYA, torta",28070,GRANEL,BOLIVIA
17318,2025,7,PUESTO DE CONTROL TERRESTRE DESAGUADERO,"SOYA, torta",55800,GRANEL,BOLIVIA
17319,2025,7,PUESTO DE CONTROL TERRESTRE DESAGUADERO,"SOYA, torta",56000,GRANEL,BOLIVIA
17320,2025,7,PUESTO DE CONTROL TERRESTRE DESAGUADERO,"SOYA, torta",28000,GRANEL,BOLIVIA
17321,2025,7,PUESTO DE CONTROL TERRESTRE DESAGUADERO,"SOYA, torta",56000,GRANEL,BOLIVIA
17322,2025,7,PUESTO DE CONTROL TERRESTRE DESAGUADERO,"SOYA, torta",84000,GRANEL,BOLIVIA
17323,2025,7,PUESTO DE CONTROL TERRESTRE DESAGUADERO,"SOYA, torta",28000,GRANEL,BOLIVIA
17324,2025,7,PUESTO DE CONTROL TERRESTRE DESAGUADERO,"SOYA, torta",28000,GRANEL,BOLIVIA
17325,2025,7,OFICINA PUESTO DE CONTROL MARITIMO - PROV. CONST. DEL CALLAO,"UVA (PASAS), secas industrialmente",20000,CAJA(S),CHILE
17326,2025,7,OFICINA PUESTO DE CONTROL MARITIMO - PROV. CONST. DEL CALLAO,"KIWI, fruto fresco",16800,CAJA(S),CHILE
17327,2025,7,OFICINA PUESTO DE CONTROL MARITIMO - PROV. CONST. DEL CALLAO,"KIWI, fruto fresco",23760,CAJA(S),CHILE
17328,2025,7,OFICINA PUESTO DE CONTROL MARITIMO - PROV. CONST. DEL CALLAO,"MANZANA, fruto fresco",20580,CAJA(S),CHILE
17329,2025,7,OFICINA PUESTO DE CONTROL MARITIMO - PROV. CONST. DEL CALLAO,"MANZANA, fruto fresco",19747,CAJA(S),CHILE
17330,2025,7,OFICINA PUESTO DE CONTROL MARITIMO - PROV. CONST. DEL CALLAO,"CIRUELA, seca industrialmente",40000,CAJA(S),CHILE
17331,2025,7,PUESTO DE CONTROL TERRESTRE DESAGUADERO,"MANI, grano sin cáscara",29000,SACO(S),BOLIVIA
17332,2025,7,"PUERTO DE PAITA , PIURA","YUTE, sacos",16650,FARDOS,INDIA
17333,2025,7,OFICINA PUESTO DE CONTROL MARITIMO - PROV. CONST. DEL CALLAO,AZUCAR BLANCA O REFINADA (lectura polarimetrica mayor 99.5°),50000,SACO(S),COLOMBIA
17334,2025,7,OFICINA PUESTO DE CONTROL MARITIMO - PROV. CONST. DEL CALLAO,AZUCAR BLANCA O REFINADA (lectura polarimetrica mayor 99.5°),264615,SACO(S),COLOMBIA
17335,2025,7,OFICINA PUESTO DE CONTROL MARITIMO - PROV. CONST. DEL CALLAO,AZUCAR BLANCA O REFINADA (lectura polarimetrica mayor 99.5°),159999.243,BIG BAG,COLOMBIA
17336,2025,7,OFICINA PUESTO DE CONTROL MARITIMO - PROV. CONST. DEL CALLAO,AZUCAR BLANCA O REFINADA (lectura polarimetrica mayor 99.5°),51249.757,SACO(S),COLOMBIA
17337,2025,7,OFICINA PUESTO DE CONTROL MARITIMO - PROV. CONST. DEL CALLAO,AZUCAR BLANCA O REFINADA (lectura polarimetrica mayor 99.5°),2.00E+05,BIG BAG,COLOMBIA
17338,2025,7,OFICINA PUESTO DE CONTROL MARITIMO - PROV. CONST. DEL CALLAO,AZUCAR BLANCA O REFINADA (lectura polarimetrica mayor 99.5°),65000,SACO(S),COLOMBIA
17339,2025,7,OFICINA PUESTO DE CONTROL MARITIMO - PROV. CONST. DEL CALLAO,"PINO, madera aserrada con algún proceso de la CRF2",190459,PAQUETES,CHILE
17340,2025,7,OFICINA PUESTO DE CONTROL MARITIMO - PROV. CONST. DEL CALLAO,"PINO, madera aserrada con algún proceso de la CRF2",231513,PAQUETES,CHILE
17341,2025,7,PUESTO DE CONTROL TERRESTRE DESAGUADERO,"SOYA, torta",145000,SACO(S),BOLIVIA
17342,2025,7,OFICINA PUESTO DE CONTROL MARITIMO - PROV. CONST. DEL CALLAO,"MANZANA, fruto fresco",120197,CAJA(S),CHILE
17343,2025,7,PUESTO DE CONTROL TERRESTRE DESAGUADERO,AZUCAR BLANCA O REFINADA (lectura polarimetrica mayor 99.5°),67500,SACO(S),BOLIVIA
17344,2025,7,PUESTO DE CONTROL TERRESTRE DESAGUADERO,AZUCAR BLANCA O REFINADA (lectura polarimetrica mayor 99.5°),174000,SACO(S),BOLIVIA
17345,2025,7,OFICINA PUESTO DE CONTROL MARITIMO - PROV. CONST. DEL CALLAO,"PERA, fruta fresca",22932,CAJA(S),ARGENTINA
17346,2025,7,OFICINA PUESTO DE CONTROL MARITIMO - PROV. CONST. DEL CALLAO,"PERA, fruta fresca",22932,CAJA(S),ARGENTINA
17347,2025,7,OFICINA PUESTO DE CONTROL MARITIMO - PROV. CONST. DEL CALLAO,"PERA, fruta fresca",22932,CAJA(S),ARGENTINA
17348,2025,7,OFICINA PUESTO DE CONTROL MARITIMO - PROV. CONST. DEL CALLAO,"PERA, fruta fresca",22932,CAJA(S),ARGENTINA
17349,2025,7,OFICINA PUESTO DE CONTROL MARITIMO - PROV. CONST. DEL CALLAO,"YUTE, sacos",16650,FARDOS,INDIA
17350,2025,7,OFICINA PUESTO DE CONTROL MARITIMO - PROV. CONST. DEL CALLAO,"COCO, fibra (para sustrato)",243600,PALETAS,INDIA
17351,2025,7,OFICINA PUESTO DE CONTROL MARITIMO - PROV. CONST. DEL CALLAO,"COCO, fibra (para sustrato)",241500,PALETAS,INDIA
17352,2025,7,OFICINA PUESTO DE CONTROL MARITIMO - PROV. CONST. DEL CALLAO,"COCO, fibra (para sustrato)",239400,PALETAS,INDIA
17353,2025,7,"IÑAPARI, MADRE DE DIOS","MAIZ AMARILLO DURO, grano",64000,SACO(S),BRASIL
17354,2025,7,"PUERTO DE PAITA , PIURA","COCO, fibra (para sustrato)",588200,PALETAS,INDIA
17355,2025,7,OFICINA PUESTO DE CONTROL MARITIMO - PROV. CONST. DEL CALLAO,"MAIZ, almidon",50000,BOLSAS,ARGENTINA
17356,2025,7,OFICINA PUESTO DE CONTROL MARITIMO - PROV. CONST. DEL CALLAO,"AVENA, grano trabajado (mondado, perlado, troceado o quebrantado)",125000,SACO(S),CHILE
17357,2025,7,PUESTO DE CONTROL TERRESTRE DESAGUADERO,"SOYA, torta",116000,SACO(S),BOLIVIA
17358,2025,7,PUESTO DE CONTROL TERRESTRE DESAGUADERO,"SOYA, torta",116000,SACO(S),BOLIVIA
17359,2025,7,OFICINA PUESTO DE CONTROL MARITIMO - PROV. CONST. DEL CALLAO,"UVA (PASAS), secas industrialmente",21000,CAJA(S),CHILE
17360,2025,7,OFICINA PUESTO DE CONTROL MARITIMO - PROV. CONST. DEL CALLAO,"MANZANA, fruta fresca",20580,CAJA(S),EEUU
17361,2025,7,OFICINA PUESTO DE CONTROL MARITIMO - PROV. CONST. DEL CALLAO,"GARBANZO, grano",23000,SACO(S),MEXICO
17362,2025,7,PUESTO DE CONTROL TERRESTRE DESAGUADERO,"SOYA, torta",54810,GRANEL,BOLIVIA
17363,2025,7,PUESTO DE CONTROL TERRESTRE DESAGUADERO,"SOYA, torta",56500,SACO(S),BOLIVIA
17364,2025,7,PUESTO DE CONTROL TERRESTRE DESAGUADERO,"SOYA, torta",145000,SACO(S),BOLIVIA
17365,2025,7,OFICINA PUESTO DE CONTROL AEREO -  PROV. CONST. DEL CALLAO,"AJI HABANERO, polvo",25,CAJA(S),COLOMBIA
17366,2025,7,OFICINA PUESTO DE CONTROL MARITIMO - PROV. CONST. DEL CALLAO,"MANZANA, fruta fresca",20580,CAJA(S),EEUU
17367,2025,7,OFICINA PUESTO DE CONTROL AEREO -  PROV. CONST. DEL CALLAO,"AJI HABANERO, polvo",25,CAJA(S),COLOMBIA
17368,2025,7,OFICINA PUESTO DE CONTROL AEREO -  PROV. CONST. DEL CALLAO,"AJI HABANERO, polvo",50,CAJA(S),COLOMBIA
17369,2025,7,PUESTO DE CONTROL TERRESTRE DESAGUADERO,"SOYA, torta",116000,SACO(S),BOLIVIA
17370,2025,7,PUESTO DE CONTROL TERRESTRE DESAGUADERO,"SOYA, grano",56000,GRANEL,BOLIVIA
17371,2025,7,"PUERTO DE PAITA , PIURA","COCO, fibra (para sustrato)",337100,PALETAS,INDIA
17372,2025,7,OFICINA PUESTO DE CONTROL MARITIMO - PROV. CONST. DEL CALLAO,"COCO, fibra (para sustrato)",114260,PALETAS,INDIA
17373,2025,7,"PUERTO DE PAITA , PIURA","COCO, fibra (para sustrato)",209150,PALETAS,INDIA
17374,2025,7,PUESTO DE CONTROL TERRESTRE DESAGUADERO,"SOYA, torta",145000,SACO(S),BOLIVIA
17375,2025,7,PUESTO DE CONTROL TERRESTRE DESAGUADERO,"SOYA, torta",116000,SACO(S),BOLIVIA
17376,2025,7,PUESTO DE CONTROL TERRESTRE DESAGUADERO,"SOYA, torta",145000,SACO(S),BOLIVIA
17377,2025,7,OFICINA PUESTO DE CONTROL AEREO -  PROV. CONST. DEL CALLAO,"SANDIA, semilla",12.40739,SACHETS,EEUU
17378,2025,7,PUESTO DE CONTROL TERRESTRE DESAGUADERO,"SOYA, torta",28000,GRANEL,BOLIVIA
17379,2025,7,PUESTO DE CONTROL TERRESTRE DESAGUADERO,"SOYA, grano",111500,GRANEL,BOLIVIA
17380,2025,7,PUESTO DE CONTROL TERRESTRE DESAGUADERO,"SOYA, grano",55000,GRANEL,BOLIVIA
17381,2025,7,PUESTO DE CONTROL TERRESTRE DESAGUADERO,"SOYA, grano",27000,GRANEL,BOLIVIA
17382,2025,7,PUESTO DE CONTROL TERRESTRE DESAGUADERO,"SOYA, grano",28000,GRANEL,BOLIVIA
17383,2025,7,PUESTO DE CONTROL TERRESTRE DESAGUADERO,"SOYA, grano",28000,GRANEL,BOLIVIA
17384,2025,7,OFICINA PUESTO DE CONTROL MARITIMO - PROV. CONST. DEL CALLAO,AZUCAR BLANCA O REFINADA (lectura polarimetrica mayor 99.5°),51650,SACO(S),COLOMBIA
17385,2025,7,OFICINA PUESTO DE CONTROL MARITIMO - PROV. CONST. DEL CALLAO,AZUCAR BLANCA O REFINADA (lectura polarimetrica mayor 99.5°),26500,SACO(S),COLOMBIA
17386,2025,7,OFICINA PUESTO DE CONTROL MARITIMO - PROV. CONST. DEL CALLAO,AZUCAR BLANCA O REFINADA (lectura polarimetrica mayor 99.5°),26500,SACO(S),COLOMBIA
17387,2025,7,OFICINA PUESTO DE CONTROL MARITIMO - PROV. CONST. DEL CALLAO,"TE VERDE, hoja polvo",17.45,LATAS,JAPON
17388,2025,7,OFICINA PUESTO DE CONTROL MARITIMO - PROV. CONST. DEL CALLAO,"TE VERDE, hoja polvo",117.5,BOLSAS,JAPON
17389,2025,7,OFICINA PUESTO DE CONTROL MARITIMO - PROV. CONST. DEL CALLAO,"TE VERDE, hoja polvo",8.64,CAJA(S),JAPON
17390,2025,7,"SANTA ROSA, TACNA","PALTA, fruto fresco",24960,CAJA(S),CHILE
17391,2025,7,PUESTO DE CONTROL TERRESTRE DESAGUADERO,"SOYA, torta",145000,SACO(S),BOLIVIA
17392,2025,7,PUESTO DE CONTROL TERRESTRE DESAGUADERO,"SOYA, torta",173000,SACO(S),BOLIVIA
17393,2025,7,OFICINA PUESTO DE CONTROL MARITIMO - PROV. CONST. DEL CALLAO,"Articulos de cesteria (canastos, cestos u otros), con algun proceso de la CRF2",301.1,UNIDADES,CHINA
17394,2025,7,OFICINA PUESTO DE CONTROL MARITIMO - PROV. CONST. DEL CALLAO,"PINO, postes de madera con algun proceso de la CRF 2",151250,UNIDADES,CHILE
17395,2025,7,OFICINA PUESTO DE CONTROL MARITIMO - PROV. CONST. DEL CALLAO,"MADERA, monturas y mangos de herramientas, monturas y mangos de cepillos, brochas o escobas, de madera; hormas, ensanchadores y tensores del calzado, de madera ; con algún proceso de la CRF 2",28230,UNIDADES,CHINA
17396,2025,7,"AGUAS VERDES, TUMBES","CAÑA DE GUAYAQUIL, seca al natural",34000,UNIDADES,ECUADOR
17397,2025,7,OFICINA PUESTO DE CONTROL MARITIMO - PROV. CONST. DEL CALLAO,"PINO, madera aserrada con algún proceso de la CRF2",70213,PAQUETES,CHILE
17398,2025,7,OFICINA PUESTO DE CONTROL MARITIMO - PROV. CONST. DEL CALLAO,"PINO, madera aserrada con algún proceso de la CRF2",25691,PAQUETES,CHILE
17399,2025,7,OFICINA PUESTO DE CONTROL MARITIMO - PROV. CONST. DEL CALLAO,"UVA (PASAS), secas naturalmente",20000,CAJA(S),CHILE
17400,2025,7,OFICINA PUESTO DE CONTROL MARITIMO - PROV. CONST. DEL CALLAO,"YUCA (=MANDIOCA), almidón",28000,BOLSAS,PARAGUAY
17401,2025,7,PUESTO DE CONTROL TERRESTRE DESAGUADERO,"SOYA, grano",56000,SACO(S),BOLIVIA
17402,2025,7,OFICINA PUESTO DE CONTROL AEREO -  PROV. CONST. DEL CALLAO,"HUASAI, polvo",1050,CAJA(S),BOLIVIA
17403,2025,7,OFICINA PUESTO DE CONTROL MARITIMO - PROV. CONST. DEL CALLAO,"MAIZ REVENTON, grano",26000,SACO(S),ARGENTINA
17404,2025,7,PUESTO DE CONTROL TERRESTRE DESAGUADERO,"SOYA, torta",116000,SACO(S),BOLIVIA
17405,2025,7,PUESTO DE CONTROL TERRESTRE DESAGUADERO,"MANI, grano sin cáscara",29000,SACO(S),BOLIVIA
17406,2025,7,OFICINA PUESTO DE CONTROL MARITIMO - PROV. CONST. DEL CALLAO,"LILIUM (=AZUCENA), bulbo",19950,JABAS,HOLANDA
17407,2025,7,OFICINA PUESTO DE CONTROL MARITIMO - PROV. CONST. DEL CALLAO,"AVENA, grano aplastado o en copos (hojuelas)",26000,SACO(S),CHILE
17408,2025,7,OFICINA PUESTO DE CONTROL MARITIMO - PROV. CONST. DEL CALLAO,"AVENA, grano aplastado o en copos (hojuelas)",52000,SACO(S),CHILE
17409,2025,7,OFICINA PUESTO DE CONTROL AEREO -  PROV. CONST. DEL CALLAO,"ORQUIDEA, planta",1616.9,CAJA(S),HOLANDA
17410,2025,7,OFICINA PUESTO DE CONTROL AEREO -  PROV. CONST. DEL CALLAO,"ANTURIO, planta",894.1,CAJA(S),HOLANDA
17411,2025,7,OFICINA PUESTO DE CONTROL MARITIMO - PROV. CONST. DEL CALLAO,"BAMBU, caña (blanqueada, teñida o secada al horno)",19.74,PIEZAS,CHINA
17412,2025,7,OFICINA PUESTO DE CONTROL MARITIMO - PROV. CONST. DEL CALLAO,AZUCAR BLANCA O REFINADA (lectura polarimetrica mayor 99.5°),132500,SACO(S),COLOMBIA
17413,2025,7,OFICINA PUESTO DE CONTROL MARITIMO - PROV. CONST. DEL CALLAO,"ALMENDRA, sin cáscara secado al natural",19958.4,SACO(S),EEUU
17414,2025,7,OFICINA PUESTO DE CONTROL MARITIMO - PROV. CONST. DEL CALLAO,"GARBANZO, grano",48000,SACO(S),MEXICO
17415,2025,7,PUESTO DE CONTROL TERRESTRE DESAGUADERO,"SOYA, torta",118500,SACO(S),BOLIVIA
17416,2025,7,PUESTO DE CONTROL TERRESTRE DESAGUADERO,"SOYA, torta",201900,SACO(S),BOLIVIA
17417,2025,7,OFICINA PUESTO DE CONTROL AEREO -  PROV. CONST. DEL CALLAO,"PIMIENTO, semilla",0.297,SACHETS,EEUU
17418,2025,7,OFICINA PUESTO DE CONTROL MARITIMO - PROV. CONST. DEL CALLAO,"CARRIZO, esteras, esterillas y cañizos con algún proceso de la CRF 2",284.88,UNIDADES,CHINA
17419,2025,7,OFICINA PUESTO DE CONTROL MARITIMO - PROV. CONST. DEL CALLAO,"UVA (PASAS), secas naturalmente",20000,CAJA(S),ARGENTINA
17420,2025,7,PUESTO DE CONTROL TERRESTRE DESAGUADERO,"SOYA, torta",28000,GRANEL,BOLIVIA
17421,2025,7,PUESTO DE CONTROL TERRESTRE DESAGUADERO,"SOYA, torta",56000,GRANEL,BOLIVIA
17422,2025,7,PUESTO DE CONTROL TERRESTRE DESAGUADERO,"SOYA, torta",56000,GRANEL,BOLIVIA
17423,2025,7,PUESTO DE CONTROL TERRESTRE DESAGUADERO,"SOYA, torta",23400,GRANEL,BOLIVIA
17424,2025,7,PUESTO DE CONTROL TERRESTRE DESAGUADERO,"SOYA, torta",5650,GRANEL,BOLIVIA
17425,2025,7,PUESTO DE CONTROL TERRESTRE DESAGUADERO,"SOYA, harina",27485,SACO(S),BOLIVIA
17426,2025,7,PUESTO DE CONTROL TERRESTRE DESAGUADERO,"SOYA, torta",28000,GRANEL,BOLIVIA
17427,2025,7,PUESTO DE CONTROL TERRESTRE DESAGUADERO,"SOYA, torta",29000,GRANEL,BOLIVIA
17428,2025,7,OFICINA PUESTO DE CONTROL MARITIMO - PROV. CONST. DEL CALLAO,"AZUCAR CRUDA, sólido",250000,SACO(S),GUATEMALA
17429,2025,7,OFICINA PUESTO DE CONTROL MARITIMO - PROV. CONST. DEL CALLAO,"AZUCAR CRUDA, sólido",250000,SACO(S),GUATEMALA
17430,2025,7,OFICINA PUESTO DE CONTROL MARITIMO - PROV. CONST. DEL CALLAO,"ALGARROBO EUROPEO, harina",25000,BOLSAS,ARGELIA
17431,2025,7,PUESTO DE CONTROL TERRESTRE DESAGUADERO,"SOYA, torta",29060,GRANEL,BOLIVIA
17432,2025,7,PUESTO DE CONTROL TERRESTRE DESAGUADERO,"SOYA, torta",84000,GRANEL,BOLIVIA
17433,2025,7,PUESTO DE CONTROL TERRESTRE DESAGUADERO,"SOYA, torta",28000,GRANEL,BOLIVIA
17434,2025,7,PUESTO DE CONTROL TERRESTRE DESAGUADERO,"SOYA, torta",28000,GRANEL,BOLIVIA
17435,2025,7,PUESTO DE CONTROL TERRESTRE DESAGUADERO,"SOYA, torta",27660,GRANEL,BOLIVIA
17436,2025,7,PUESTO DE CONTROL TERRESTRE DESAGUADERO,"SOYA, torta",84000,GRANEL,BOLIVIA
17437,2025,7,PUESTO DE CONTROL TERRESTRE DESAGUADERO,"SOYA, torta",28000,GRANEL,BOLIVIA
17438,2025,7,PUESTO DE CONTROL TERRESTRE DESAGUADERO,"SOYA, torta",84650,GRANEL,BOLIVIA
17439,2025,7,PUESTO DE CONTROL TERRESTRE DESAGUADERO,"SOYA, torta",56000,GRANEL,BOLIVIA
17440,2025,7,PUESTO DE CONTROL TERRESTRE DESAGUADERO,"SOYA, grano",28000,GRANEL,BOLIVIA
17441,2025,7,PUESTO DE CONTROL TERRESTRE DESAGUADERO,"SOYA, grano",56000,GRANEL,BOLIVIA
17442,2025,7,PUESTO DE CONTROL TERRESTRE DESAGUADERO,"SOYA, grano",25000,GRANEL,BOLIVIA
17443,2025,7,PUESTO DE CONTROL TERRESTRE DESAGUADERO,"SOYA, grano",50000,GRANEL,BOLIVIA
17444,2025,7,OFICINA PUESTO DE CONTROL MARITIMO - PROV. CONST. DEL CALLAO,"Articulos para fiestas de navidad que sean o contengan material vegetal
",216,UNIDADES,GUATEMALA
17445,2025,7,OFICINA PUESTO DE CONTROL MARITIMO - PROV. CONST. DEL CALLAO,"Articulos para fiestas de navidad que sean o contengan material vegetal
",107.84,UNIDADES,GUATEMALA
17446,2025,7,OFICINA PUESTO DE CONTROL MARITIMO - PROV. CONST. DEL CALLAO,"MARCOS, madera",1155,UNIDADES,GUATEMALA
17447,2025,7,OFICINA PUESTO DE CONTROL MARITIMO - PROV. CONST. DEL CALLAO,"Madera flotante para acuarios, de especies dinstitos a tropicales, con algún proceso de la CRF2",212.1,UNIDADES,GUATEMALA
17448,2025,7,OFICINA PUESTO DE CONTROL MARITIMO - PROV. CONST. DEL CALLAO,"Articulos para fiestas de navidad que sean o contengan material vegetal
",2662.402,UNIDADES,CHINA
17449,2025,7,OFICINA PUESTO DE CONTROL MARITIMO - PROV. CONST. DEL CALLAO,"MARCOS, madera",272,CAJA(S),GUATEMALA
17450,2025,7,OFICINA PUESTO DE CONTROL MARITIMO - PROV. CONST. DEL CALLAO,"Articulos para fiestas de navidad que sean o contengan material vegetal
",155.52,UNIDADES,GUATEMALA
17451,2025,7,OFICINA PUESTO DE CONTROL MARITIMO - PROV. CONST. DEL CALLAO,"Madera flotante para acuarios, de especies dinstitos a tropicales, con algún proceso de la CRF2",28.6,UNIDADES,GUATEMALA
17452,2025,7,OFICINA PUESTO DE CONTROL MARITIMO - PROV. CONST. DEL CALLAO,"Articulos para fiestas de navidad que sean o contengan material vegetal
",115.75,UNIDADES,GUATEMALA
17453,2025,7,OFICINA PUESTO DE CONTROL MARITIMO - PROV. CONST. DEL CALLAO,"Madera flotante para acuarios, de especies dinstitos a tropicales, con algún proceso de la CRF2",924.853,CAJA(S),CHINA
17454,2025,7,OFICINA PUESTO DE CONTROL MARITIMO - PROV. CONST. DEL CALLAO,"Articulos para fiestas de navidad que sean o contengan material vegetal
",1218.405,UNIDADES,CHINA
17455,2025,7,OFICINA PUESTO DE CONTROL MARITIMO - PROV. CONST. DEL CALLAO,"Articulos para fiestas de navidad que sean o contengan material vegetal
",184.482,CAJA(S),GUATEMALA
17456,2025,7,OFICINA PUESTO DE CONTROL MARITIMO - PROV. CONST. DEL CALLAO,"MADERA, monturas y mangos de herramientas, monturas y mangos de cepillos, brochas o escobas, de madera; hormas, ensanchadores y tensores del calzado, de madera ; con algún proceso de la CRF 2",44.94,CAJA(S),GUATEMALA
17457,2025,7,OFICINA PUESTO DE CONTROL MARITIMO - PROV. CONST. DEL CALLAO,"Madera flotante para acuarios, de especies dinstitos a tropicales, con algún proceso de la CRF2",401.35,CAJA(S),GUATEMALA
17458,2025,7,OFICINA PUESTO DE CONTROL MARITIMO - PROV. CONST. DEL CALLAO,"Madera flotante para acuarios, de especies dinstitos a tropicales, con algún proceso de la CRF2",111.15,UNIDADES,GUATEMALA
17459,2025,7,OFICINA PUESTO DE CONTROL MARITIMO - PROV. CONST. DEL CALLAO,"MATERIA VEGETAL, trenzas, materia trenzable incluso ensamblados en tiras tejidos o paralelizados en forma plana con algún proceso de la CRF 2",114,UNIDADES,GUATEMALA
17460,2025,7,OFICINA PUESTO DE CONTROL MARITIMO - PROV. CONST. DEL CALLAO,"MARCOS, madera",162.75,UNIDADES,GUATEMALA
17461,2025,7,OFICINA PUESTO DE CONTROL MARITIMO - PROV. CONST. DEL CALLAO,"Articulos para fiestas de navidad que sean o contengan material vegetal
",0.85,UNIDADES,GUATEMALA
17462,2025,7,PUESTO DE CONTROL TERRESTRE DESAGUADERO,"SOYA, torta",147000,SACO(S),BOLIVIA
17463,2025,7,PUESTO DE CONTROL TERRESTRE DESAGUADERO,"SOYA, harina",116000,SACO(S),BOLIVIA
17464,2025,7,PUESTO DE CONTROL TERRESTRE DESAGUADERO,"SOYA, harina",145000,SACO(S),BOLIVIA
17465,2025,7,OFICINA PUESTO DE CONTROL MARITIMO - PROV. CONST. DEL CALLAO,"AVENA, grano aplastado o en copos (hojuelas)",25980,SACO(S),CHILE
17466,2025,7,OFICINA PUESTO DE CONTROL MARITIMO - PROV. CONST. DEL CALLAO,"LENTEJA, grano",49420,SACO(S),CANADA
17467,2025,7,OFICINA PUESTO DE CONTROL MARITIMO - PROV. CONST. DEL CALLAO,"FLOR DE JAMAICA, seca natural",11980,SACO(S),NIGERIA
17468,2025,7,"PUERTO DE PAITA , PIURA","Cultivadores, azadas rotativas( rotocultores), escardadoras y binadoras usadas
",1978.181,UNIDADES,MEXICO
17469,2025,7,"PUERTO DE PAITA , PIURA","Sembradoras, plantadoras y transplantadoras, para siembra directa usadas
",1730.908,UNIDADES,MEXICO
17470,2025,7,"PUERTO DE PAITA , PIURA","Las demás maquinarias, aparatos y artefactos agricolas, horticolas o silvicolas, usados
",3870.805,UNIDADES,MEXICO
17471,2025,7,"PUERTO DE PAITA , PIURA","Las demás partes de aparatos y artefactos agrícolas horticolas o silvicolas, usados
",237.382,UNIDADES,MEXICO
17472,2025,7,"PUERTO DE PAITA , PIURA","Cosechadoras-trilladoras usadas
",5192.724,UNIDADES,MEXICO
17473,2025,7,PUESTO DE CONTROL TERRESTRE DESAGUADERO,"SOYA, torta",174500,SACO(S),BOLIVIA
17474,2025,7,OFICINA PUESTO DE CONTROL MARITIMO - PROV. CONST. DEL CALLAO,"COCO, fibra (para sustrato)",46060,PALETAS,INDIA
17475,2025,7,OFICINA PUESTO DE CONTROL MARITIMO - PROV. CONST. DEL CALLAO,"COCO, fibra (para sustrato)",139930,PALETAS,INDIA
17476,2025,7,OFICINA PUESTO DE CONTROL MARITIMO - PROV. CONST. DEL CALLAO,"COCO, fibra (para sustrato)",23420,PALETAS,INDIA
17477,2025,7,OFICINA PUESTO DE CONTROL MARITIMO - PROV. CONST. DEL CALLAO,"COCO, fibra (para sustrato)",70680,PALETAS,INDIA
17478,2025,7,OFICINA PUESTO DE CONTROL MARITIMO - PROV. CONST. DEL CALLAO,"CIRUELA, seca industrialmente",20000,CAJA(S),CHILE
17479,2025,7,PUESTO DE CONTROL TERRESTRE DESAGUADERO,"SOYA, torta",28000,GRANEL,BOLIVIA
17480,2025,7,PUESTO DE CONTROL TERRESTRE DESAGUADERO,"SOYA, torta",28000,GRANEL,BOLIVIA
17481,2025,7,PUESTO DE CONTROL TERRESTRE DESAGUADERO,"SOYA, torta",28000,GRANEL,BOLIVIA
17482,2025,7,PUESTO DE CONTROL TERRESTRE DESAGUADERO,"SOYA, torta",30021,SACO(S),BOLIVIA
17483,2025,7,PUESTO DE CONTROL TERRESTRE DESAGUADERO,"SOYA, torta",28000,GRANEL,BOLIVIA
17484,2025,7,PUESTO DE CONTROL TERRESTRE DESAGUADERO,AZUCAR BLANCA O REFINADA (lectura polarimetrica mayor 99.5°),48500,SACO(S),BOLIVIA
17485,2025,7,OFICINA PUESTO DE CONTROL MARITIMO - PROV. CONST. DEL CALLAO,"LINO, peinado o trabajado de otro modo, pero sin hilar",301,PALETAS,BELGICA
17486,2025,7,PUESTO DE CONTROL TERRESTRE DESAGUADERO,"SOYA, torta",205500,SACO(S),BOLIVIA
17487,2025,7,OFICINA PUESTO DE CONTROL MARITIMO - PROV. CONST. DEL CALLAO,"MADERA, monturas y mangos de herramientas, monturas y mangos de cepillos, brochas o escobas, de madera; hormas, ensanchadores y tensores del calzado, de madera ; con algún proceso de la CRF 2",27503,UNIDADES,HONG KONG
17488,2025,7,OFICINA PUESTO DE CONTROL AEREO -  PROV. CONST. DEL CALLAO,"ARANDANO, planta in vitro",575,FRASCO(S),ESPAÑA
17489,2025,7,PUESTO DE CONTROL TERRESTRE DESAGUADERO,"SOYA, harina",52000,SACO(S),BOLIVIA
17490,2025,7,OFICINA PUESTO DE CONTROL MARITIMO - PROV. CONST. DEL CALLAO,"ALFALFA, semilla",36000,SACO(S),EEUU
17491,2025,7,"AGUAS VERDES, TUMBES","ROSA, flores frescas cortadas",3340,CAJA(S),ECUADOR
17492,2025,7,"AGUAS VERDES, TUMBES","CLAVEL, flores frescas cortadas",135,CAJA(S),ECUADOR
17493,2025,7,"AGUAS VERDES, TUMBES","CRISANTEMO, los demas flores frescas cortadas",120,CAJA(S),ECUADOR
17494,2025,7,PUESTO DE CONTROL TERRESTRE DESAGUADERO,"SOYA, torta",54620,GRANEL,BOLIVIA
17495,2025,7,OFICINA PUESTO DE CONTROL MARITIMO - PROV. CONST. DEL CALLAO,"ANIS O BADIANA, grano",25000,SACO(S),ESPAÑA
17496,2025,7,OFICINA PUESTO DE CONTROL MARITIMO - PROV. CONST. DEL CALLAO,"AVENA, grano trabajado (mondado, perlado, troceado o quebrantado)",44710,SACO(S),CHILE
17497,2025,7,OFICINA PUESTO DE CONTROL MARITIMO - PROV. CONST. DEL CALLAO,"MAIZ, harina",43115,SACO(S),COLOMBIA
17498,2025,7,PUESTO DE CONTROL TERRESTRE DESAGUADERO,"SOYA, torta",87000,SACO(S),BOLIVIA
17499,2025,7,OFICINA PUESTO DE CONTROL AEREO -  PROV. CONST. DEL CALLAO,CULTIVO DE MICROORGANISMOS PARA USO AGRICOLA,570,BIDONES,COLOMBIA
17500,2025,7,OFICINA PUESTO DE CONTROL MARITIMO - PROV. CONST. DEL CALLAO,"AVENA, grano aplastado o en copos (hojuelas)",26250,SACO(S),CHILE
17501,2025,7,OFICINA PUESTO DE CONTROL MARITIMO - PROV. CONST. DEL CALLAO,"COCO, fibra (para sustrato)",153000,BOLSAS,SRI LANKA
17502,2025,7,OFICINA PUESTO DE CONTROL MARITIMO - PROV. CONST. DEL CALLAO,"COCO, fibra (para sustrato)",167895,BOLSAS,SRI LANKA
17503,2025,7,OFICINA PUESTO DE CONTROL MARITIMO - PROV. CONST. DEL CALLAO,"COCO, fibra (para sustrato)",123750,BOLSAS,SRI LANKA
17504,2025,7,OFICINA PUESTO DE CONTROL MARITIMO - PROV. CONST. DEL CALLAO,"MAIZ REVENTON, grano",78000,SACO(S),ARGENTINA
17505,2025,7,OFICINA PUESTO DE CONTROL MARITIMO - PROV. CONST. DEL CALLAO,"MADERA, las demás hojas para chapado,de las demas maderas tropicales",867.075,PAQUETES,ITALIA
17506,2025,7,OFICINA PUESTO DE CONTROL MARITIMO - PROV. CONST. DEL CALLAO,"MADERA, láminas para chapado
",132.925,PAQUETES,ITALIA
17507,2025,7,OFICINA PUESTO DE CONTROL MARITIMO - PROV. CONST. DEL CALLAO,"ARROZ, grano pilado",5.00E+05,BOLSONES,URUGUAY
17508,2025,7,OFICINA PUESTO DE CONTROL MARITIMO - PROV. CONST. DEL CALLAO,"ACHIOTE, grano",50000,SACO(S),GUATEMALA
17509,2025,7,OFICINA PUESTO DE CONTROL MARITIMO - PROV. CONST. DEL CALLAO,"SOYA, torta",17000680,GRANEL,ARGENTINA
17510,2025,7,OFICINA PUESTO DE CONTROL MARITIMO - PROV. CONST. DEL CALLAO,"MANZANA, fruta fresca",205800,CAJA(S),EEUU
17511,2025,7,PUESTO DE CONTROL TERRESTRE DESAGUADERO,"MANI, grano sin cáscara",25000,SACO(S),BOLIVIA
17512,2025,7,PUESTO DE CONTROL TERRESTRE DESAGUADERO,AZUCAR BLANCA O REFINADA (lectura polarimetrica mayor 99.5°),174000,SACO(S),BOLIVIA
17513,2025,7,PUESTO DE CONTROL TERRESTRE DESAGUADERO,"NUEZ DEL BRASIL, seca sin cáscara",5000,SACO(S),BOLIVIA
17514,2025,7,"AGUAS VERDES, TUMBES","ROSA, flores frescas cortadas",6215,CAJA(S),ECUADOR
17515,2025,7,"AGUAS VERDES, TUMBES","CLAVEL, flores frescas cortadas",1265,CAJA(S),ECUADOR
17516,2025,7,PUESTO DE CONTROL TERRESTRE DESAGUADERO,"SOYA, torta",145000,SACO(S),BOLIVIA
17517,2025,7,PUESTO DE CONTROL TERRESTRE DESAGUADERO,"SOYA, torta",81000,SACO(S),BOLIVIA
17518,2025,7,OFICINA PUESTO DE CONTROL MARITIMO - PROV. CONST. DEL CALLAO,"ALGODON, fibra sin cardar ni peinar (>28.57 mm = o <34.92 mm)",98800,FARDOS,EEUU
17519,2025,7,OFICINA PUESTO DE CONTROL MARITIMO - PROV. CONST. DEL CALLAO,"COCO, fibra (para sustrato)",248627,PALETAS,SRI LANKA
17520,2025,7,OFICINA PUESTO DE CONTROL MARITIMO - PROV. CONST. DEL CALLAO,"COCO, fibra (para sustrato)",248140,PALETAS,SRI LANKA
17521,2025,7,OFICINA PUESTO DE CONTROL MARITIMO - PROV. CONST. DEL CALLAO,"COCO, fibra (para sustrato)",47848,PALETAS,INDIA
17522,2025,7,OFICINA PUESTO DE CONTROL MARITIMO - PROV. CONST. DEL CALLAO,"COCO, fibra (para sustrato)",47390,PALETAS,INDIA
17523,2025,7,OFICINA PUESTO DE CONTROL MARITIMO - PROV. CONST. DEL CALLAO,AZUCAR BLANCA O REFINADA (lectura polarimetrica mayor 99.5°),159000,SACO(S),COLOMBIA
17524,2025,7,OFICINA PUESTO DE CONTROL MARITIMO - PROV. CONST. DEL CALLAO,"CEDRO, fibra o con otro proceso de la CRF2",287.54,PIEZAS,CHINA
17525,2025,7,OFICINA PUESTO DE CONTROL AEREO -  PROV. CONST. DEL CALLAO,"SANDIA, semilla",0.332,SACHETS,ISRAEL
17526,2025,7,PUESTO DE CONTROL TERRESTRE DESAGUADERO,"SOYA, torta",146500,SACO(S),BOLIVIA
17527,2025,7,OFICINA PUESTO DE CONTROL MARITIMO - PROV. CONST. DEL CALLAO,"PERA, fruta fresca",25137,CAJA(S),ARGENTINA
17528,2025,7,OFICINA PUESTO DE CONTROL MARITIMO - PROV. CONST. DEL CALLAO,"PINO, madera aserrada con algún proceso de la CRF2",43479,PALETAS,CHINA
17529,2025,7,"SANTA ROSA, TACNA","MANZANA, fruto fresco",23275,CAJA(S),CHILE
17530,2025,7,"SANTA ROSA, TACNA","MANZANA, fruto fresco",22344,CAJA(S),CHILE
17531,2025,7,"SANTA ROSA, TACNA","MANZANA, fruto fresco",22344,CAJA(S),CHILE
17532,2025,7,OFICINA PUESTO DE CONTROL MARITIMO - PROV. CONST. DEL CALLAO,"QUINUA, precocida",26000,SACO(S),CHILE
17533,2025,7,OFICINA PUESTO DE CONTROL MARITIMO - PROV. CONST. DEL CALLAO,"Articulos para fiestas de navidad que sean o contengan material vegetal
",935.86,CAJA(S),CHINA
17534,2025,7,OFICINA PUESTO DE CONTROL AEREO -  PROV. CONST. DEL CALLAO,"ZAPALLITO ITALIANO (CALABACIN), semilla",10.51,BOLSAS,FRANCIA
17535,2025,7,PUESTO DE CONTROL TERRESTRE DESAGUADERO,"SOYA, harina",29000,SACO(S),BOLIVIA
17536,2025,7,OFICINA PUESTO DE CONTROL MARITIMO - PROV. CONST. DEL CALLAO,"LUPINO (=TARWI), harina",1500,BULK BAG,CHILE
17537,2025,7,PUESTO DE CONTROL TERRESTRE DESAGUADERO,"SOYA, harina",29000,SACO(S),BOLIVIA
17538,2025,7,OFICINA PUESTO DE CONTROL MARITIMO - PROV. CONST. DEL CALLAO,"MARCOS, madera",2052.2,UNIDADES,CHINA
17539,2025,7,OFICINA PUESTO DE CONTROL MARITIMO - PROV. CONST. DEL CALLAO,"LENTEJA, grano",276147,SACO(S),CANADA
17540,2025,7,OFICINA PUESTO DE CONTROL AEREO -  PROV. CONST. DEL CALLAO,"GRANADO, estaca",495,TERMO NEVERA,ESPAÑA
17541,2025,7,OFICINA PUESTO DE CONTROL MARITIMO - PROV. CONST. DEL CALLAO,"ARROZ, grano pilado",255000,SACO(S),BRASIL
17542,2025,7,OFICINA PUESTO DE CONTROL MARITIMO - PROV. CONST. DEL CALLAO,"ACHIOTE, grano",17643,SACO(S),NA
17543,2025,7,OFICINA PUESTO DE CONTROL MARITIMO - PROV. CONST. DEL CALLAO,"TRACTOR USADO, con motor de potencia superior a 75 kW pero inferior o igual a 130 kW",13420,UNIDADES,CHINA
17544,2025,7,OFICINA PUESTO DE CONTROL MARITIMO - PROV. CONST. DEL CALLAO,TURBA,96825,BIG BAG,LETONIA
17545,2025,7,PUESTO DE CONTROL TERRESTRE DESAGUADERO,"SOYA, torta",55950,GRANEL,BOLIVIA
17546,2025,7,OFICINA PUESTO DE CONTROL MARITIMO - PROV. CONST. DEL CALLAO,"ALFALFA, pellets",27000,SACO(S),ARGENTINA
17547,2025,7,"PUERTO DE MATARANI , AREQUIPA","MAIZ AMARILLO DURO, grano",34850000,GRANEL,ARGENTINA
17548,2025,7,"SANTA ROSA, TACNA","LENTEJA, grano",68310,SACO(S),CANADA
17549,2025,7,PUESTO DE CONTROL TERRESTRE DESAGUADERO,"SOYA, torta",56020,GRANEL,BOLIVIA
17550,2025,7,OFICINA PUESTO DE CONTROL MARITIMO - PROV. CONST. DEL CALLAO,"APIO, en polvo",1880,CAJA(S),SINGAPUR
17551,2025,7,OFICINA PUESTO DE CONTROL MARITIMO - PROV. CONST. DEL CALLAO,"CULANTRO, polvo",180,CAJA(S),SINGAPUR
17552,2025,7,OFICINA PUESTO DE CONTROL MARITIMO - PROV. CONST. DEL CALLAO,"PORO, deshidratado",3160,CAJA(S),SINGAPUR
17553,2025,7,OFICINA PUESTO DE CONTROL MARITIMO - PROV. CONST. DEL CALLAO,"PIMIENTO, seco industrial",520,CAJA(S),SINGAPUR
17554,2025,7,OFICINA PUESTO DE CONTROL MARITIMO - PROV. CONST. DEL CALLAO,"COMINO, triturado y/o pulverizado",500,CAJA(S),SINGAPUR
17555,2025,7,OFICINA PUESTO DE CONTROL MARITIMO - PROV. CONST. DEL CALLAO,"JENGIBRE (=KION), polvo",1380,CAJA(S),SINGAPUR
17556,2025,7,OFICINA PUESTO DE CONTROL MARITIMO - PROV. CONST. DEL CALLAO,"CURCUMA, en polvo",1600,CAJA(S),SINGAPUR
17557,2025,7,OFICINA PUESTO DE CONTROL MARITIMO - PROV. CONST. DEL CALLAO,AZUCAR BLANCA O REFINADA (lectura polarimetrica mayor 99.5°),99975,SACO(S),COLOMBIA
17558,2025,7,OFICINA PUESTO DE CONTROL MARITIMO - PROV. CONST. DEL CALLAO,"CEBOLLA, triturada o pulverizada",17.02,CAJA(S),ESPAÑA
17559,2025,7,OFICINA PUESTO DE CONTROL MARITIMO - PROV. CONST. DEL CALLAO,"AJO, polvo",99.36,CAJA(S),ESPAÑA
17560,2025,7,OFICINA PUESTO DE CONTROL MARITIMO - PROV. CONST. DEL CALLAO,"PIMIENTA, mezcla con algún proceso de la CRF 2",151.54,CAJA(S),ESPAÑA
17561,2025,7,OFICINA PUESTO DE CONTROL MARITIMO - PROV. CONST. DEL CALLAO,"PIMENTON dulce, molido",20.25,CAJA(S),ESPAÑA
17562,2025,7,OFICINA PUESTO DE CONTROL MARITIMO - PROV. CONST. DEL CALLAO,"PIMENTON, polvo",17.25,CAJA(S),ESPAÑA
17563,2025,7,OFICINA PUESTO DE CONTROL MARITIMO - PROV. CONST. DEL CALLAO,"CANELA, triturada o pulverizada (molida)",39.16,CAJA(S),ESPAÑA
17564,2025,7,OFICINA PUESTO DE CONTROL MARITIMO - PROV. CONST. DEL CALLAO,"NUEZ MOSCADA, triturada o molida",12.24,CAJA(S),ESPAÑA
17565,2025,7,OFICINA PUESTO DE CONTROL MARITIMO - PROV. CONST. DEL CALLAO,"COMINO, triturado y/o pulverizado",28.96,CAJA(S),ESPAÑA
17566,2025,7,OFICINA PUESTO DE CONTROL MARITIMO - PROV. CONST. DEL CALLAO,"JENGIBRE(=KION), triturado",31.6,CAJA(S),ESPAÑA
17567,2025,7,OFICINA PUESTO DE CONTROL MARITIMO - PROV. CONST. DEL CALLAO,"AZAFRAN, filamento seco industrialmente",0.27,CAJA(S),ESPAÑA
17568,2025,7,OFICINA PUESTO DE CONTROL MARITIMO - PROV. CONST. DEL CALLAO,"AZAFRAN, polvo",0.324,CAJA(S),ESPAÑA
17569,2025,7,OFICINA PUESTO DE CONTROL MARITIMO - PROV. CONST. DEL CALLAO,"CURCUMA, molida",12.58,CAJA(S),ESPAÑA
17570,2025,7,OFICINA PUESTO DE CONTROL MARITIMO - PROV. CONST. DEL CALLAO,"MEZCLAS, previstas en la Nota 1b) del capítulo 09, con algún proceso de la CRF2",2.6,CAJA(S),ESPAÑA
17571,2025,7,OFICINA PUESTO DE CONTROL MARITIMO - PROV. CONST. DEL CALLAO,"TOMILLO, hoja seca industrial",5.72,CAJA(S),ESPAÑA
17572,2025,7,OFICINA PUESTO DE CONTROL MARITIMO - PROV. CONST. DEL CALLAO,"AJONJOLI, grano con algún proceso de la CRF 2",15.84,CAJA(S),ESPAÑA
17573,2025,7,OFICINA PUESTO DE CONTROL MARITIMO - PROV. CONST. DEL CALLAO,"ROMERO, secado industrial",6.6,CAJA(S),ESPAÑA
17574,2025,7,OFICINA PUESTO DE CONTROL MARITIMO - PROV. CONST. DEL CALLAO,"HIERBAS Y FLORES, sin adicion de aditivos con algun proceso de la CRF 2",110.28,CAJA(S),ESPAÑA
17575,2025,7,OFICINA PUESTO DE CONTROL MARITIMO - PROV. CONST. DEL CALLAO,"MAIZ REVENTON, grano",254016,SACO(S),BRASIL
17576,2025,7,OFICINA PUESTO DE CONTROL AEREO -  PROV. CONST. DEL CALLAO,"CEBOLLA, semilla",517.515,SACHETS,ISRAEL
17577,2025,7,OFICINA PUESTO DE CONTROL MARITIMO - PROV. CONST. DEL CALLAO,"FREJOL CANARIO, grano",45480,SACO(S),MEXICO
17578,2025,7,OFICINA PUESTO DE CONTROL MARITIMO - PROV. CONST. DEL CALLAO,"COMINO, grano",27000,SACO(S),INDIA
17579,2025,7,PUESTO DE CONTROL TERRESTRE DESAGUADERO,"SOYA, torta",174000,SACO(S),BOLIVIA
17580,2025,7,OFICINA PUESTO DE CONTROL MARITIMO - PROV. CONST. DEL CALLAO,"AZUCAR CRUDA, sólido",250000,SACO(S),GUATEMALA
17581,2025,7,OFICINA PUESTO DE CONTROL MARITIMO - PROV. CONST. DEL CALLAO,"AZUCAR CRUDA, sólido",250000,SACO(S),GUATEMALA
17582,2025,7,OFICINA PUESTO DE CONTROL MARITIMO - PROV. CONST. DEL CALLAO,"PINO, postes de madera con algun proceso de la CRF 2",53235,PAQUETES,CHILE
17583,2025,7,OFICINA PUESTO DE CONTROL MARITIMO - PROV. CONST. DEL CALLAO,"PINO, postes de madera con algun proceso de la CRF 2",53694,PAQUETES,CHILE
17584,2025,7,OFICINA PUESTO DE CONTROL MARITIMO - PROV. CONST. DEL CALLAO,"SOYA, grano",40800,SACO(S),CANADA
17585,2025,7,OFICINA PUESTO DE CONTROL MARITIMO - PROV. CONST. DEL CALLAO,"ARROZ, parbolizado pulido o sin cáscara",132500,SACO(S),BRASIL
17586,2025,7,OFICINA PUESTO DE CONTROL MARITIMO - PROV. CONST. DEL CALLAO,"PINO, madera aserrada con algún proceso de la CRF2",13721,PAQUETES,CHILE
17587,2025,7,OFICINA PUESTO DE CONTROL MARITIMO - PROV. CONST. DEL CALLAO,"GARBANZO, grano",46000,SACO(S),MEXICO
17588,2025,7,PUESTO DE CONTROL TERRESTRE DESAGUADERO,"SOYA, torta",111000,GRANEL,BOLIVIA
17589,2025,7,PUESTO DE CONTROL TERRESTRE DESAGUADERO,"SOYA, torta",55000,GRANEL,BOLIVIA
17590,2025,7,PUESTO DE CONTROL TERRESTRE DESAGUADERO,"SOYA, harina",27804,SACO(S),BOLIVIA
17591,2025,7,PUESTO DE CONTROL TERRESTRE DESAGUADERO,"SOYA, torta",28000,GRANEL,BOLIVIA
17592,2025,7,PUESTO DE CONTROL TERRESTRE DESAGUADERO,"SOYA, torta",28000,GRANEL,BOLIVIA
17593,2025,7,PUESTO DE CONTROL TERRESTRE DESAGUADERO,"SOYA, torta",29120,GRANEL,BOLIVIA
17594,2025,7,OFICINA PUESTO DE CONTROL MARITIMO - PROV. CONST. DEL CALLAO,"FLOR DE JAMAICA, seca natural",12000,SACO(S),NIGERIA
17595,2025,7,PUESTO DE CONTROL TERRESTRE DESAGUADERO,"SOYA, torta",87000,SACO(S),BOLIVIA
17596,2025,7,PUESTO DE CONTROL TERRESTRE DESAGUADERO,"SOYA, torta",28000,GRANEL,BOLIVIA
17597,2025,7,PUESTO DE CONTROL TERRESTRE DESAGUADERO,"SOYA, torta",28280,GRANEL,BOLIVIA
17598,2025,7,PUESTO DE CONTROL TERRESTRE DESAGUADERO,"SOYA, torta",56000,GRANEL,BOLIVIA
17599,2025,7,PUESTO DE CONTROL TERRESTRE DESAGUADERO,"SOYA, torta",28000,GRANEL,BOLIVIA
17600,2025,7,PUESTO DE CONTROL TERRESTRE DESAGUADERO,"SOYA, torta",28000,GRANEL,BOLIVIA
17601,2025,7,PUESTO DE CONTROL TERRESTRE DESAGUADERO,"SOYA, torta",115000,SACO(S),BOLIVIA
17602,2025,7,PUESTO DE CONTROL TERRESTRE DESAGUADERO,"SOYA, torta",57000,SACO(S),BOLIVIA
17603,2025,7,PUESTO DE CONTROL TERRESTRE DESAGUADERO,"SOYA, harina",28053,SACO(S),BOLIVIA
17604,2025,7,PUESTO DE CONTROL TERRESTRE DESAGUADERO,"SOYA, torta",29060,GRANEL,BOLIVIA
17605,2025,7,PUESTO DE CONTROL TERRESTRE DESAGUADERO,"SOYA, harina",28343,SACO(S),BOLIVIA
17606,2025,7,PUESTO DE CONTROL TERRESTRE DESAGUADERO,"SOYA, torta",28992,SACO(S),BOLIVIA
17607,2025,7,PUESTO DE CONTROL TERRESTRE DESAGUADERO,"SOYA, torta",113500,SACO(S),BOLIVIA
17608,2025,7,"IÑAPARI, MADRE DE DIOS","ALIMENTO PARA ANIMALES, mezcla de granos molidos o pulverizados, sin ningún aditivo",32000,SACO(S),BRASIL
17609,2025,7,PUESTO DE CONTROL TERRESTRE DESAGUADERO,"SOYA, grano",30500,GRANEL,BOLIVIA
17610,2025,7,PUESTO DE CONTROL TERRESTRE DESAGUADERO,"SOYA, grano",113000,GRANEL,BOLIVIA
17611,2025,7,PUESTO DE CONTROL TERRESTRE DESAGUADERO,"SOYA, grano",57000,GRANEL,BOLIVIA
17612,2025,7,PUESTO DE CONTROL TERRESTRE DESAGUADERO,"SOYA, torta",28000,GRANEL,BOLIVIA
17613,2025,7,PUESTO DE CONTROL TERRESTRE DESAGUADERO,"SOYA, torta",28000,GRANEL,BOLIVIA
17614,2025,7,PUESTO DE CONTROL TERRESTRE DESAGUADERO,"SOYA, torta",56000,GRANEL,BOLIVIA
17615,2025,7,PUESTO DE CONTROL TERRESTRE DESAGUADERO,"SOYA, torta",83500,GRANEL,BOLIVIA
17616,2025,7,PUESTO DE CONTROL TERRESTRE DESAGUADERO,"SOYA, torta",56000,GRANEL,BOLIVIA
17617,2025,7,PUESTO DE CONTROL TERRESTRE DESAGUADERO,"SOYA, torta",54000,GRANEL,BOLIVIA
17618,2025,7,PUESTO DE CONTROL TERRESTRE DESAGUADERO,"SOYA, grano",27980,GRANEL,BOLIVIA
17619,2025,7,PUESTO DE CONTROL TERRESTRE DESAGUADERO,"SOYA, torta",56000,GRANEL,BOLIVIA
17620,2025,7,PUESTO DE CONTROL TERRESTRE DESAGUADERO,"SOYA, grano",56000,GRANEL,BOLIVIA
17621,2025,7,PUESTO DE CONTROL TERRESTRE DESAGUADERO,"SOYA, torta",28000,GRANEL,BOLIVIA
17622,2025,7,PUESTO DE CONTROL TERRESTRE DESAGUADERO,"SOYA, torta",28000,GRANEL,BOLIVIA
17623,2025,7,PUESTO DE CONTROL TERRESTRE DESAGUADERO,"SOYA, torta",28000,GRANEL,BOLIVIA
17624,2025,7,OFICINA PUESTO DE CONTROL AEREO -  PROV. CONST. DEL CALLAO,"SANDIA, semilla",10.997,BOLSAS,EEUU
17625,2025,7,"PUERTO DE PAITA , PIURA","LENTEJA, grano",85548,GRANEL,EEUU
17626,2025,7,OFICINA PUESTO DE CONTROL AEREO -  PROV. CONST. DEL CALLAO,"TOMATE, semilla",0.082,SACHETS,EEUU
17627,2025,7,OFICINA PUESTO DE CONTROL MARITIMO - PROV. CONST. DEL CALLAO,"CAUCHO, hojas ahumadas",56000,PACAS,VIETNAM
17628,2025,7,OFICINA PUESTO DE CONTROL MARITIMO - PROV. CONST. DEL CALLAO,"MAIZ, semilla",88614.42,BOLSAS,MEXICO
17629,2025,7,OFICINA PUESTO DE CONTROL MARITIMO - PROV. CONST. DEL CALLAO,"MAIZ, semilla",51058.92,BOLSAS,MEXICO
17630,2025,7,Puerto de Chancay,"MAIZ AMARILLO DURO, grano",37224440,GRANEL,ARGENTINA
17631,2025,7,OFICINA PUESTO DE CONTROL MARITIMO - PROV. CONST. DEL CALLAO,"PINO, madera aserrada con algún proceso de la CRF2",23910,PAQUETES,CHILE
17632,2025,7,OFICINA PUESTO DE CONTROL MARITIMO - PROV. CONST. DEL CALLAO,"ALGODON, fibra sin cardar ni peinar (>34.92 mm)",119325.184,FARDOS,EEUU
17633,2025,7,"SANTA ROSA, TACNA","MANZANA, fruto fresco",23128,CAJA(S),CHILE
17634,2025,7,"SANTA ROSA, TACNA","MANZANA, fruto fresco",22344,CAJA(S),CHILE
17635,2025,7,"SANTA ROSA, TACNA","MANZANA, fruto fresco",22344,CAJA(S),CHILE
17636,2025,7,"SANTA ROSA, TACNA","MANZANA, fruto fresco",22540,CAJA(S),CHILE
17637,2025,7,PUESTO DE CONTROL TERRESTRE DESAGUADERO,"SOYA, torta",103000,SACO(S),BOLIVIA
17638,2025,7,PUESTO DE CONTROL TERRESTRE DESAGUADERO,"SOYA, torta",113000,SACO(S),BOLIVIA
17639,2025,7,OFICINA PUESTO DE CONTROL AEREO -  PROV. CONST. DEL CALLAO,"HUASAI, polvo",1050,CAJA(S),BOLIVIA
17640,2025,7,OFICINA PUESTO DE CONTROL MARITIMO - PROV. CONST. DEL CALLAO,"Los demas articulos para fiesta, carnaval u otras diversiones, incluidos los de magia y articulos sorpresa que sean o contengan material vegetal
",130,CAJA(S),CHINA
17641,2025,7,"IÑAPARI, MADRE DE DIOS","MAIZ AMARILLO DURO, grano",64000,SACO(S),BRASIL
17642,2025,7,"SANTA ROSA, TACNA","MANZANA, fruto fresco",22422.4,CAJA(S),CHILE
17643,2025,7,PUESTO DE CONTROL TERRESTRE DESAGUADERO,"SOYA, torta",145000,SACO(S),BOLIVIA
17644,2025,7,PUESTO DE CONTROL TERRESTRE DESAGUADERO,"SOYA, torta",171500,SACO(S),BOLIVIA
17645,2025,7,OFICINA PUESTO DE CONTROL MARITIMO - PROV. CONST. DEL CALLAO,"COCO, fibra (para sustrato)",235120,PALETAS,INDIA
17646,2025,7,OFICINA PUESTO DE CONTROL MARITIMO - PROV. CONST. DEL CALLAO,"PIMIENTA, molida",11100,CAJA(S),CHINA
17647,2025,7,OFICINA PUESTO DE CONTROL MARITIMO - PROV. CONST. DEL CALLAO,"JENGIBRE (=KION), polvo",1200,CAJA(S),CHINA
17648,2025,7,OFICINA PUESTO DE CONTROL MARITIMO - PROV. CONST. DEL CALLAO,"MEZCLA DE ESPECIAS, molida",8780,CAJA(S),CHINA
17649,2025,7,OFICINA PUESTO DE CONTROL AEREO -  PROV. CONST. DEL CALLAO,"PEPINILLO, semilla",0.414,SACHETS,ISRAEL
17650,2025,7,OFICINA PUESTO DE CONTROL AEREO -  PROV. CONST. DEL CALLAO,"PEPINILLO, semilla",0.952,SACHETS,ISRAEL
17651,2025,7,OFICINA PUESTO DE CONTROL MARITIMO - PROV. CONST. DEL CALLAO,"MADERA, monturas y mangos de herramientas, monturas y mangos de cepillos, brochas o escobas, de madera; hormas, ensanchadores y tensores del calzado, de madera ; con algún proceso de la CRF 2",28280,SACO(S),CHINA
17652,2025,7,"SANTA ROSA, TACNA","MANZANA, fruto fresco",22540,CAJA(S),CHILE
17653,2025,7,PUESTO DE CONTROL TERRESTRE DESAGUADERO,"SOYA, torta",145000,SACO(S),BOLIVIA
17654,2025,7,"SANTA ROSA, TACNA","TRIGO, afrecho seco industrial",112000,SACO(S),CHILE
17655,2025,7,OFICINA PUESTO DE CONTROL MARITIMO - PROV. CONST. DEL CALLAO,"MAIZ REVENTON, grano",104000,SACO(S),ARGENTINA
17656,2025,7,PUESTO DE CONTROL TERRESTRE DESAGUADERO,AZUCAR BLANCA O REFINADA (lectura polarimetrica mayor 99.5°),174000,SACO(S),BOLIVIA
17657,2025,7,OFICINA PUESTO DE CONTROL MARITIMO - PROV. CONST. DEL CALLAO,"PECANA, sin cáscara secado industrial",13335.6,CAJA(S),EEUU
17658,2025,7,PUESTO DE CONTROL TERRESTRE DESAGUADERO,"SOYA, torta",114000,SACO(S),BOLIVIA
17659,2025,7,PUESTO DE CONTROL TERRESTRE DESAGUADERO,"SOYA, torta",56000,GRANEL,BOLIVIA
17660,2025,7,"IÑAPARI, MADRE DE DIOS","MAIZ AMARILLO DURO, grano",64000,SACO(S),BRASIL
17661,2025,7,OFICINA PUESTO DE CONTROL MARITIMO - PROV. CONST. DEL CALLAO,AZUCAR BLANCA O REFINADA (lectura polarimetrica mayor 99.5°),79210,SACO(S),COLOMBIA
17662,2025,7,PUESTO DE CONTROL TERRESTRE DESAGUADERO,"SOYA, torta",115500,SACO(S),BOLIVIA
17663,2025,7,OFICINA PUESTO DE CONTROL MARITIMO - PROV. CONST. DEL CALLAO,"PINO, postes de madera con algun proceso de la CRF 2",102420,UNIDADES,CHILE
17664,2025,7,"PUERTO DE PAITA , PIURA","MADERA, láminas para chapado
",10900,UNIDADES,ESPAÑA
17665,2025,7,OFICINA PUESTO DE CONTROL MARITIMO - PROV. CONST. DEL CALLAO,"ALGODON, fibra sin cardar ni peinar (>28.57 mm = o <34.92 mm)",39180,FARDOS,EEUU
17666,2025,7,OFICINA PUESTO DE CONTROL AEREO -  PROV. CONST. DEL CALLAO,"TOMATE, semilla",0.112,SACHETS,ISRAEL
17667,2025,7,OFICINA PUESTO DE CONTROL AEREO -  PROV. CONST. DEL CALLAO,"TOMATE, semilla",0.44,SACHETS,ISRAEL
17668,2025,7,OFICINA PUESTO DE CONTROL MARITIMO - PROV. CONST. DEL CALLAO,"UVA (PASAS), secas naturalmente",24500,CAJA(S),ARGENTINA
17669,2025,7,OFICINA PUESTO DE CONTROL MARITIMO - PROV. CONST. DEL CALLAO,"LENTEJA, grano",199944,SACO(S),CANADA
17670,2025,7,PUESTO DE CONTROL TERRESTRE DESAGUADERO,"SOYA, torta",116000,SACO(S),BOLIVIA
17671,2025,7,"SANTA ROSA, TACNA","MANZANA, fruto fresco",23422,CAJA(S),CHILE
17672,2025,7,OFICINA PUESTO DE CONTROL MARITIMO - PROV. CONST. DEL CALLAO,AZUCAR BLANCA O REFINADA (lectura polarimetrica mayor 99.5°),132500,SACO(S),COLOMBIA
17673,2025,7,OFICINA PUESTO DE CONTROL MARITIMO - PROV. CONST. DEL CALLAO,"PERA, fruta fresca",23946.3,CAJA(S),ARGENTINA
17674,2025,7,OFICINA PUESTO DE CONTROL MARITIMO - PROV. CONST. DEL CALLAO,"PERA, fruta fresca",23946.3,CAJA(S),ARGENTINA
17675,2025,7,"PUERTO DE PISCO , ICA","MADERA EN BRUTO, las demás con algún proceso de la CRF 2",397.347,UNIDADES,EEUU
17676,2025,7,OFICINA PUESTO DE CONTROL MARITIMO - PROV. CONST. DEL CALLAO,"LENTEJA, grano",174951,SACO(S),CANADA
17677,2025,7,"SANTA ROSA, TACNA","MANZANA, fruto fresco",23520,CAJA(S),CHILE
17678,2025,7,OFICINA PUESTO DE CONTROL MARITIMO - PROV. CONST. DEL CALLAO,"TRIGO, gluten",63000,BOLSAS,LITUANIA
17679,2025,7,OFICINA PUESTO DE CONTROL MARITIMO - PROV. CONST. DEL CALLAO,"MAIZ, semilla",29845.21,BOLSAS,MEXICO
17680,2025,7,PUESTO DE CONTROL TERRESTRE DESAGUADERO,"SOYA, torta",55970,GRANEL,BOLIVIA
17681,2025,7,OFICINA PUESTO DE CONTROL AEREO -  PROV. CONST. DEL CALLAO,"FREJOL, grano",1,BOLSAS,CANADA
17682,2025,7,OFICINA PUESTO DE CONTROL MARITIMO - PROV. CONST. DEL CALLAO,"MAIZ, almidon",27500,BOLSAS,TURQUIA
17683,2025,7,"SANTA ROSA, TACNA","MANZANA, fruto fresco",23422,CAJA(S),CHILE
17684,2025,7,"SANTA ROSA, TACNA","MANZANA, fruto fresco",20736.8,CAJA(S),CHILE
17685,2025,7,"SANTA ROSA, TACNA","MANZANA, fruto fresco",23226,CAJA(S),CHILE
17686,2025,7,OFICINA PUESTO DE CONTROL AEREO -  PROV. CONST. DEL CALLAO,"TOMATE, semilla",0.014247,SACHETS,HOLANDA
17687,2025,7,OFICINA PUESTO DE CONTROL AEREO -  PROV. CONST. DEL CALLAO,"TOMATE, semilla",0.024296,SACHETS,HOLANDA
17688,2025,7,OFICINA PUESTO DE CONTROL AEREO -  PROV. CONST. DEL CALLAO,"LECHUGA, semilla",0.062,SACHETS,FRANCIA
17689,2025,7,OFICINA PUESTO DE CONTROL AEREO -  PROV. CONST. DEL CALLAO,"ZAPALLITO ITALIANO (CALABACIN), semilla",4.806554,SACHETS,HOLANDA
17690,2025,7,PUESTO DE CONTROL TERRESTRE DESAGUADERO,"SOYA, torta",83320,GRANEL,BOLIVIA
17691,2025,7,PUESTO DE CONTROL TERRESTRE DESAGUADERO,"SOYA, torta",54600,GRANEL,BOLIVIA
17692,2025,7,PUESTO DE CONTROL TERRESTRE DESAGUADERO,"FREJOL NEGRO, grano",29000,SACO(S),BOLIVIA
17693,2025,7,OFICINA PUESTO DE CONTROL AEREO -  PROV. CONST. DEL CALLAO,"MELON, semilla",12,SACHETS,EEUU
17694,2025,7,OFICINA PUESTO DE CONTROL AEREO -  PROV. CONST. DEL CALLAO,"NABO, semilla",8.8,SACHETS,EEUU
17695,2025,7,OFICINA PUESTO DE CONTROL AEREO -  PROV. CONST. DEL CALLAO,"PEPINILLO, semilla",5,SACHETS,EEUU
17696,2025,7,OFICINA PUESTO DE CONTROL AEREO -  PROV. CONST. DEL CALLAO,"RABANITO, semilla",16,SACHETS,EEUU
17697,2025,7,OFICINA PUESTO DE CONTROL AEREO -  PROV. CONST. DEL CALLAO,"ZAPALLITO ITALIANO (CALABACIN), semilla",45.34,SACHETS,EEUU
17698,2025,7,OFICINA PUESTO DE CONTROL AEREO -  PROV. CONST. DEL CALLAO,"SANDIA, semilla",13,SACHETS,EEUU
17699,2025,7,OFICINA PUESTO DE CONTROL MARITIMO - PROV. CONST. DEL CALLAO,"CEBOLLA, triturada o pulverizada",11000,CAJA(S),INDIA
17700,2025,7,OFICINA PUESTO DE CONTROL MARITIMO - PROV. CONST. DEL CALLAO,"AJO, polvo",8000,CAJA(S),INDIA
17701,2025,7,PUESTO DE CONTROL TERRESTRE DESAGUADERO,"SOYA, torta",28000,GRANEL,BOLIVIA
17702,2025,7,PUESTO DE CONTROL TERRESTRE DESAGUADERO,"SOYA, grano",54980,GRANEL,BOLIVIA
17703,2025,7,PUESTO DE CONTROL TERRESTRE DESAGUADERO,"SOYA, grano",28000,GRANEL,BOLIVIA
17704,2025,7,PUESTO DE CONTROL TERRESTRE DESAGUADERO,"SOYA, torta",15120,GRANEL,BOLIVIA
17705,2025,7,PUESTO DE CONTROL TERRESTRE DESAGUADERO,"SOYA, torta",29002,SACO(S),BOLIVIA
17706,2025,7,PUESTO DE CONTROL TERRESTRE DESAGUADERO,"SOYA, torta",57176,SACO(S),BOLIVIA
17707,2025,7,PUESTO DE CONTROL TERRESTRE DESAGUADERO,"SOYA, torta",28000,GRANEL,BOLIVIA
17708,2025,7,PUESTO DE CONTROL TERRESTRE DESAGUADERO,"SOYA, torta",28000,GRANEL,BOLIVIA
17709,2025,7,OFICINA PUESTO DE CONTROL MARITIMO - PROV. CONST. DEL CALLAO,"COCO, fibra (para sustrato)",114360,PALETAS,INDIA
17710,2025,7,"LA TINA, PIURA","PINO, madera aserrada, con tratamiento de secado al horno o impregnación de sales",32000,PAQUETES,ECUADOR
17711,2025,7,OFICINA PUESTO DE CONTROL MARITIMO - PROV. CONST. DEL CALLAO,"COCO, fibra (para sustrato)",359100,PALETAS,INDIA
17712,2025,7,OFICINA PUESTO DE CONTROL AEREO -  PROV. CONST. DEL CALLAO,"CEBOLLA, semilla",3.98,BOLSAS,ESPAÑA
17713,2025,7,OFICINA PUESTO DE CONTROL AEREO -  PROV. CONST. DEL CALLAO,"CALABAZA MOSCADA, semilla",6.73,BOLSAS,ESPAÑA
17714,2025,7,OFICINA PUESTO DE CONTROL AEREO -  PROV. CONST. DEL CALLAO,"ZAPALLO (CALABAZA AMARILLA), semilla",14.88,BOLSAS,ESPAÑA
17715,2025,7,"SANTA ROSA, TACNA","MANZANA, fruto fresco",22344,CAJA(S),CHILE
17716,2025,7,OFICINA PUESTO DE CONTROL MARITIMO - PROV. CONST. DEL CALLAO,"ARROZ, parbolizado pulido o sin cáscara",104000,SACO(S),BRASIL
17717,2025,7,"PUERTO DE PAITA , PIURA","PINO, madera aserrada con algún proceso de la CRF2",226140,PAQUETES,CHILE
17718,2025,7,"PUERTO DE PAITA , PIURA","MADERA, paletas con algún proceso de la CRF 2",232720,PAQUETES,CHILE
17719,2025,7,OFICINA PUESTO DE CONTROL AEREO -  PROV. CONST. DEL CALLAO,"AJONJOLI, grano",0.35,BOLSAS,PARAGUAY
17720,2025,7,OFICINA PUESTO DE CONTROL AEREO -  PROV. CONST. DEL CALLAO,"CHIA, grano",0.5,BOLSAS,PARAGUAY
17721,2025,7,PUESTO DE CONTROL TERRESTRE DESAGUADERO,"SOYA, torta",12880,GRANEL,BOLIVIA
17722,2025,7,PUESTO DE CONTROL TERRESTRE DESAGUADERO,"SOYA, torta",27500,GRANEL,BOLIVIA
17723,2025,7,OFICINA PUESTO DE CONTROL MARITIMO - PROV. CONST. DEL CALLAO,"COMINO, grano",27000,SACO(S),INDIA
17724,2025,7,"SANTA ROSA, TACNA","MANZANA, fruto fresco",23520,CAJA(S),CHILE
17725,2025,7,PUESTO DE CONTROL TERRESTRE DESAGUADERO,"SOYA, torta",84000,SACO(S),BOLIVIA
17726,2025,7,PUESTO DE CONTROL TERRESTRE DESAGUADERO,"SOYA, torta",112490,SACO(S),BOLIVIA
17727,2025,7,OFICINA PUESTO DE CONTROL MARITIMO - PROV. CONST. DEL CALLAO,"ALGODON, fibra sin cardar ni peinar (>22.22 mm = o <28.57 mm)",218800,FARDOS,EEUU
17728,2025,7,Puerto de Chancay,"Articulos para fiestas de navidad que sean o contengan material vegetal
",1636.466,UNIDADES,CHINA
17729,2025,7,PUESTO DE CONTROL TERRESTRE DESAGUADERO,"SOYA, harina",84000,SACO(S),BOLIVIA
17730,2025,7,PUESTO DE CONTROL TERRESTRE DESAGUADERO,"SOYA, torta",83570,GRANEL,BOLIVIA
17731,2025,7,OFICINA PUESTO DE CONTROL MARITIMO - PROV. CONST. DEL CALLAO,"LENTEJA, grano",130410,BOLSAS,CANADA
17732,2025,7,OFICINA PUESTO DE CONTROL MARITIMO - PROV. CONST. DEL CALLAO,"ALGODON, fibra sin cardar ni peinar (>34.92 mm)",99303,FARDOS,EEUU
17733,2025,7,PUESTO DE CONTROL TERRESTRE DESAGUADERO,"SOYA, harina",144500,SACO(S),BOLIVIA
17734,2025,7,PUESTO DE CONTROL TERRESTRE DESAGUADERO,"SOYA, torta",54440,GRANEL,BOLIVIA
17735,2025,7,OFICINA PUESTO DE CONTROL MARITIMO - PROV. CONST. DEL CALLAO,"LENTEJA, grano",47112,SACO(S),EEUU
17736,2025,7,OFICINA PUESTO DE CONTROL MARITIMO - PROV. CONST. DEL CALLAO,"PERA, fruta fresca",22680,CAJA(S),ARGENTINA
17737,2025,7,PUESTO DE CONTROL TERRESTRE DESAGUADERO,"SOYA, torta",28000,GRANEL,BOLIVIA
17738,2025,7,PUESTO DE CONTROL TERRESTRE DESAGUADERO,"SOYA, torta",28000,GRANEL,BOLIVIA
17739,2025,7,PUESTO DE CONTROL TERRESTRE DESAGUADERO,"SOYA, torta",28000,GRANEL,BOLIVIA
17740,2025,7,PUESTO DE CONTROL TERRESTRE DESAGUADERO,"SOYA, torta",27000,GRANEL,BOLIVIA
17741,2025,7,PUESTO DE CONTROL TERRESTRE DESAGUADERO,"SOYA, torta",27720,GRANEL,BOLIVIA
17742,2025,7,OFICINA PUESTO DE CONTROL MARITIMO - PROV. CONST. DEL CALLAO,"MANZANA, fruto fresco",21091,CAJA(S),CHILE
17743,2025,7,PUESTO DE CONTROL TERRESTRE DESAGUADERO,"SOYA, torta",29000,SACO(S),BOLIVIA
17744,2025,7,PUESTO DE CONTROL TERRESTRE DESAGUADERO,"SOYA, grano",55980,GRANEL,BOLIVIA
17745,2025,7,PUESTO DE CONTROL TERRESTRE DESAGUADERO,"SOYA, grano",55980,GRANEL,BOLIVIA
17746,2025,7,OFICINA PUESTO DE CONTROL AEREO -  PROV. CONST. DEL CALLAO,"PIMIENTO, semilla",0.234,SACHETS,JAPON
17747,2025,7,OFICINA PUESTO DE CONTROL AEREO -  PROV. CONST. DEL CALLAO,"TOMATE, semilla",0.032,SACHETS,HOLANDA
17748,2025,7,OFICINA PUESTO DE CONTROL AEREO -  PROV. CONST. DEL CALLAO,"PIMIENTO, semilla",0.004,SACHETS,EEUU
17749,2025,7,OFICINA PUESTO DE CONTROL AEREO -  PROV. CONST. DEL CALLAO,"PIMIENTO, semilla",0.2,SACHETS,ESPAÑA
17750,2025,7,OFICINA PUESTO DE CONTROL AEREO -  PROV. CONST. DEL CALLAO,"PIMIENTO, semilla",0.464,SACHETS,ESPAÑA
17751,2025,7,"SANTA ROSA, TACNA","COMINO, grano",15000,SACO(S),INDIA
17752,2025,7,PUESTO DE CONTROL TERRESTRE DESAGUADERO,"SOYA, torta",57000,GRANEL,BOLIVIA
17753,2025,7,PUESTO DE CONTROL TERRESTRE DESAGUADERO,"SOYA, torta",56000,GRANEL,BOLIVIA
17754,2025,7,OFICINA PUESTO DE CONTROL MARITIMO - PROV. CONST. DEL CALLAO,"MAIZ REVENTON, grano",129950,SACO(S),ARGENTINA
17755,2025,7,OFICINA PUESTO DE CONTROL MARITIMO - PROV. CONST. DEL CALLAO,"UVA (PASAS), secas naturalmente",20000,CAJA(S),ARGENTINA
17756,2025,7,OFICINA PUESTO DE CONTROL MARITIMO - PROV. CONST. DEL CALLAO,SUSTRATO (en base a turba y fibra de coco),346240,PALETAS,ESPAÑA
17757,2025,7,OFICINA PUESTO DE CONTROL MARITIMO - PROV. CONST. DEL CALLAO,"AVENA, grano trabajado (mondado, perlado, troceado o quebrantado)",78750,SACO(S),CHILE
17758,2025,7,OFICINA PUESTO DE CONTROL MARITIMO - PROV. CONST. DEL CALLAO,"MADERA, monturas y mangos de herramientas, monturas y mangos de cepillos, brochas o escobas, de madera; hormas, ensanchadores y tensores del calzado, de madera ; con algún proceso de la CRF 2",330.656,PIEZAS,MEXICO
17759,2025,7,PUESTO DE CONTROL TERRESTRE DESAGUADERO,"SOYA, harina",145000,SACO(S),BOLIVIA
17760,2025,7,OFICINA PUESTO DE CONTROL MARITIMO - PROV. CONST. DEL CALLAO,"CAUCHO, técnicamente especificado (TSNR)",64260,PACAS,COLOMBIA
17761,2025,7,PUESTO DE CONTROL TERRESTRE DESAGUADERO,"SOYA, torta",116000,SACO(S),BOLIVIA
17762,2025,7,PUESTO DE CONTROL TERRESTRE DESAGUADERO,"SOYA, torta",145000,SACO(S),BOLIVIA
17763,2025,7,PUESTO DE CONTROL TERRESTRE DESAGUADERO,"SOYA, torta",116000,SACO(S),BOLIVIA
17764,2025,7,OFICINA PUESTO DE CONTROL MARITIMO - PROV. CONST. DEL CALLAO,"MANZANA, fruta fresca",41160,CAJA(S),EEUU
17765,2025,7,PUESTO DE CONTROL TERRESTRE DESAGUADERO,"SOYA, torta",141000,SACO(S),BOLIVIA
17766,2025,7,PUESTO DE CONTROL TERRESTRE DESAGUADERO,AZUCAR BLANCA O REFINADA (lectura polarimetrica mayor 99.5°),85000,BIG BAG,BOLIVIA
17767,2025,7,"PUERTO DE PISCO , ICA","MADERA, en bruto de coníferas tratada agentes de conservación
",356319.96,PAQUETES,EEUU
17768,2025,7,"PUERTO DE PISCO , ICA","PINO, postes de madera con algun proceso de la CRF 2",20656,PIEZAS,EEUU
17769,2025,7,"PUERTO DE PISCO , ICA","MADERA, en bruto de coníferas tratada agentes de conservación
",195335.2,PAQUETES,EEUU
17770,2025,7,"IÑAPARI, MADRE DE DIOS","NUEZ DEL BRASIL, con cáscara seca al natural",29700,SACO(S),BRASIL
17771,2025,7,"SANTA ROSA, TACNA","COMINO, grano",27000,SACO(S),INDIA
17772,2025,7,"AGUAS VERDES, TUMBES","ROSA, flores frescas cortadas",3458,CAJA(S),ECUADOR
17773,2025,7,"AGUAS VERDES, TUMBES","CRISANTEMO, los demas flores frescas cortadas",1430,CAJA(S),ECUADOR
17774,2025,7,"AGUAS VERDES, TUMBES","LILIUM (=AZUCENA), flores frescas cortadas",76,CAJA(S),ECUADOR
17775,2025,7,OFICINA PUESTO DE CONTROL AEREO -  PROV. CONST. DEL CALLAO,"TOMATE, semilla",1.45,BOLSAS,EEUU
17776,2025,7,OFICINA PUESTO DE CONTROL MARITIMO - PROV. CONST. DEL CALLAO,"ARVEJA, grano entero",94983,SACO(S),CANADA
17777,2025,7,OFICINA PUESTO DE CONTROL MARITIMO - PROV. CONST. DEL CALLAO,"ARVEJA, grano partido",24993,SACO(S),CANADA
17778,2025,7,PUESTO DE CONTROL TERRESTRE DESAGUADERO,"Soya, harina prensada",174000,SACO(S),BOLIVIA
17779,2025,7,OFICINA PUESTO DE CONTROL MARITIMO - PROV. CONST. DEL CALLAO,"MATERIAS VEGETALES, para tallar trabajadas con algun proceso de la CRF 2",641.501,CAJA(S),CHINA
17780,2025,7,OFICINA PUESTO DE CONTROL AEREO -  PROV. CONST. DEL CALLAO,"MAIZ, semilla",143.69,SOBRES,HUNGRIA
17781,2025,7,OFICINA PUESTO DE CONTROL AEREO -  PROV. CONST. DEL CALLAO,"MAIZ, semilla",99.02,SOBRES,HUNGRIA
17782,2025,7,OFICINA PUESTO DE CONTROL AEREO -  PROV. CONST. DEL CALLAO,"MAIZ, semilla",15.953,SOBRES,HUNGRIA
17783,2025,7,"SANTA ROSA, TACNA","MANZANA, fruto fresco",23520,CAJA(S),CHILE
17784,2025,7,OFICINA PUESTO DE CONTROL MARITIMO - PROV. CONST. DEL CALLAO,"ARROZ, parbolizado pulido o sin cáscara",132500,SACO(S),BRASIL
17785,2025,7,OFICINA PUESTO DE CONTROL MARITIMO - PROV. CONST. DEL CALLAO,"UVA (PASAS), secas naturalmente",25000,CAJA(S),ARGENTINA
17786,2025,7,"SANTA ROSA, TACNA","MANZANA, fruto fresco",23520,CAJA(S),CHILE
17787,2025,7,OFICINA PUESTO DE CONTROL MARITIMO - PROV. CONST. DEL CALLAO,TURBA,102290,BIG BAG,HOLANDA
17788,2025,7,OFICINA PUESTO DE CONTROL MARITIMO - PROV. CONST. DEL CALLAO,TURBA,101980,BIG BAG,HOLANDA
17789,2025,7,OFICINA PUESTO DE CONTROL MARITIMO - PROV. CONST. DEL CALLAO,"COCO, fibra (para sustrato)",235480,PALETAS,INDIA
17790,2025,7,PUESTO DE CONTROL TERRESTRE DESAGUADERO,"SOYA, grano",90000,SACO(S),BOLIVIA
17791,2025,7,OFICINA PUESTO DE CONTROL MARITIMO - PROV. CONST. DEL CALLAO,"Articulos de cesteria (canastos, cestos u otros), con algun proceso de la CRF2",846,UNIDADES,CHINA
17792,2025,7,OFICINA PUESTO DE CONTROL MARITIMO - PROV. CONST. DEL CALLAO,"ARVEJA, grano partido",49340,SACO(S),CANADA
17793,2025,7,PUESTO DE CONTROL TERRESTRE DESAGUADERO,AZUCAR BLANCA O REFINADA (lectura polarimetrica mayor 99.5°),174000,SACO(S),BOLIVIA
17794,2025,7,OFICINA PUESTO DE CONTROL MARITIMO - PROV. CONST. DEL CALLAO,"JENGIBRE (=KION), polvo",2000,CAJA(S),CANADA
17795,2025,7,OFICINA PUESTO DE CONTROL MARITIMO - PROV. CONST. DEL CALLAO,"CACAO, grano tostado",4988.3,CAJA(S),CANADA
17796,2025,7,OFICINA PUESTO DE CONTROL MARITIMO - PROV. CONST. DEL CALLAO,"AJONJOLI, grano",75000,SACO(S),PARAGUAY
17797,2025,7,OFICINA PUESTO DE CONTROL MARITIMO - PROV. CONST. DEL CALLAO,"BAMBU, artículos de cestería obtenidos directamente en su forma con materia trenzable con algún proceso de la CRF 2",0.038,UNIDADES,CHINA
17798,2025,7,OFICINA PUESTO DE CONTROL MARITIMO - PROV. CONST. DEL CALLAO,"ARROZ, parbolizado pulido o sin cáscara",132500,SACO(S),BRASIL
17799,2025,7,OFICINA PUESTO DE CONTROL MARITIMO - PROV. CONST. DEL CALLAO,"ARVEJA, grano partido",92532,SACO(S),EEUU
17800,2025,7,OFICINA PUESTO DE CONTROL MARITIMO - PROV. CONST. DEL CALLAO,"GARBANZO, grano",23800,SACO(S),MEXICO
17801,2025,7,OFICINA PUESTO DE CONTROL MARITIMO - PROV. CONST. DEL CALLAO,TURBA,144883,FARDOS,LETONIA
17802,2025,7,OFICINA PUESTO DE CONTROL AEREO -  PROV. CONST. DEL CALLAO,"AVENA, grano aplastado o en copos (hojuelas)",0.5,BOLSAS,CHILE
17803,2025,7,OFICINA PUESTO DE CONTROL AEREO -  PROV. CONST. DEL CALLAO,"AVENA, grano trabajado (mondado, perlado, troceado o quebrantado)",0.5,BOLSAS,CHILE
17804,2025,7,PUESTO DE CONTROL TERRESTRE DESAGUADERO,"SOYA, torta",27505,SACO(S),BOLIVIA
17805,2025,7,PUESTO DE CONTROL TERRESTRE DESAGUADERO,"SOYA, harina",27684,SACO(S),BOLIVIA
17806,2025,7,PUESTO DE CONTROL TERRESTRE DESAGUADERO,"SOYA, torta",28000,GRANEL,BOLIVIA
17807,2025,7,PUESTO DE CONTROL TERRESTRE DESAGUADERO,"SOYA, torta",26960,GRANEL,BOLIVIA
17808,2025,7,OFICINA PUESTO DE CONTROL MARITIMO - PROV. CONST. DEL CALLAO,AZUCAR BLANCA O REFINADA (lectura polarimetrica mayor 99.5°),132400,SACO(S),COLOMBIA
17809,2025,7,OFICINA PUESTO DE CONTROL MARITIMO - PROV. CONST. DEL CALLAO,"ARROZ, parbolizado pulido o sin cáscara",132500,SACO(S),BRASIL
17810,2025,7,OFICINA PUESTO DE CONTROL MARITIMO - PROV. CONST. DEL CALLAO,"Madera flotante para acuarios, de especies dinstitos a tropicales, con algún proceso de la CRF2",135,CAJA(S),INDONESIA
17811,2025,7,OFICINA PUESTO DE CONTROL AEREO -  PROV. CONST. DEL CALLAO,"CONTROLADOR BIOLOGICO, especimenes",1.78,LOTE(S),ISRAEL
17812,2025,7,OFICINA PUESTO DE CONTROL AEREO -  PROV. CONST. DEL CALLAO,"CONTROLADOR BIOLOGICO, especímenes",1.1,LOTE(S),ISRAEL
17813,2025,7,OFICINA PUESTO DE CONTROL MARITIMO - PROV. CONST. DEL CALLAO,"FLOR DE JAMAICA, seca natural",12000,SACO(S),NIGERIA
17814,2025,7,PUESTO DE CONTROL TERRESTRE DESAGUADERO,AZUCAR BLANCA O REFINADA (lectura polarimetrica mayor 99.5°),174000,SACO(S),BOLIVIA
17815,2025,7,PUESTO DE CONTROL TERRESTRE DESAGUADERO,"SOYA, torta",55810,GRANEL,BOLIVIA
17816,2025,7,PUESTO DE CONTROL TERRESTRE DESAGUADERO,AZUCAR BLANCA O REFINADA (lectura polarimetrica mayor 99.5°),174000,SACO(S),BOLIVIA
17817,2025,7,OFICINA PUESTO DE CONTROL MARITIMO - PROV. CONST. DEL CALLAO,"COCO, fibra (para sustrato)",193580,PALETAS,INDIA
17818,2025,7,PUESTO DE CONTROL TERRESTRE DESAGUADERO,"SOYA, torta",29000,SACO(S),BOLIVIA
17819,2025,7,OFICINA PUESTO DE CONTROL AEREO -  PROV. CONST. DEL CALLAO,"MELON, semilla",3.061,BALDES,AUSTRALIA
17820,2025,7,PUESTO DE CONTROL TERRESTRE DESAGUADERO,"SOYA, harina",55500,SACO(S),BOLIVIA
17821,2025,7,PUESTO DE CONTROL TERRESTRE DESAGUADERO,"SOYA, torta",87000,SACO(S),BOLIVIA
17822,2025,7,OFICINA PUESTO DE CONTROL MARITIMO - PROV. CONST. DEL CALLAO,"CEDRO, fibra o con otro proceso de la CRF2",237.068,UNIDADES,CHINA
17823,2025,7,OFICINA PUESTO DE CONTROL AEREO -  PROV. CONST. DEL CALLAO,"MANGO, vara yemera",3.8,CAJA(S),EEUU
17824,2025,7,OFICINA PUESTO DE CONTROL AEREO -  PROV. CONST. DEL CALLAO,"ARANDANO, planta in vitro",297.6,FRASCO(S),MEXICO
17825,2025,7,OFICINA PUESTO DE CONTROL AEREO -  PROV. CONST. DEL CALLAO,"ARANDANO, planta in vitro",297.6,FRASCO(S),MEXICO
17826,2025,7,OFICINA PUESTO DE CONTROL MARITIMO - PROV. CONST. DEL CALLAO,"COCO, fibra (para sustrato)",248368,PALETAS,SRI LANKA
17827,2025,7,OFICINA PUESTO DE CONTROL MARITIMO - PROV. CONST. DEL CALLAO,"COCO, fibra (para sustrato)",74176,PALETAS,SRI LANKA
17828,2025,7,OFICINA PUESTO DE CONTROL MARITIMO - PROV. CONST. DEL CALLAO,"COCO, fibra (para sustrato)",173736,PALETAS,SRI LANKA
17829,2025,7,OFICINA PUESTO DE CONTROL MARITIMO - PROV. CONST. DEL CALLAO,"COCO, fibra (para sustrato)",173128,PALETAS,SRI LANKA
17830,2025,7,PUESTO DE CONTROL TERRESTRE DESAGUADERO,"SOYA, torta",56000,SACO(S),BOLIVIA
17831,2025,7,OFICINA PUESTO DE CONTROL MARITIMO - PROV. CONST. DEL CALLAO,"ALGODON, fibra sin cardar ni peinar (>28.57 mm = o <34.92 mm)",58526,FARDOS,EEUU
17832,2025,7,OFICINA PUESTO DE CONTROL MARITIMO - PROV. CONST. DEL CALLAO,"LENTEJA, grano",249930,SACO(S),CANADA
17833,2025,7,OFICINA PUESTO DE CONTROL MARITIMO - PROV. CONST. DEL CALLAO,"CATNIP, triturado o pulverizado (molido)",303.798,UNIDADES,CHINA
17834,2025,7,OFICINA PUESTO DE CONTROL MARITIMO - PROV. CONST. DEL CALLAO,"UVA (PASAS), secas industrialmente",25000,CAJA(S),CHILE
17835,2025,7,"SANTA ROSA, TACNA","Prensas para paja o forraje, incluidas prensas recogedoras usadas
",9250,UNIDADES,CHINA
17836,2025,7,OFICINA PUESTO DE CONTROL MARITIMO - PROV. CONST. DEL CALLAO,"COCO, fibra (para sustrato)",112420,PALETAS,INDIA
17837,2025,7,"SANTA ROSA, TACNA","LENTEJA, grano",49941,SACO(S),CANADA
17838,2025,7,OFICINA PUESTO DE CONTROL MARITIMO - PROV. CONST. DEL CALLAO,"Articulos de cesteria (canastos, cestos u otros), con algun proceso de la CRF2",127.215,CAJA(S),CHINA
17839,2025,7,PUESTO DE CONTROL TERRESTRE DESAGUADERO,"SOYA, torta",56090,GRANEL,BOLIVIA
17840,2025,7,PUESTO DE CONTROL TERRESTRE DESAGUADERO,"SOYA, torta",58034,SACO(S),BOLIVIA
17841,2025,7,PUESTO DE CONTROL TERRESTRE DESAGUADERO,"SOYA, torta",56000,GRANEL,BOLIVIA
17842,2025,7,PUESTO DE CONTROL TERRESTRE DESAGUADERO,"SOYA, torta",27360,GRANEL,BOLIVIA
17843,2025,7,PUESTO DE CONTROL TERRESTRE DESAGUADERO,"SOYA, torta",28000,GRANEL,BOLIVIA
17844,2025,7,PUESTO DE CONTROL TERRESTRE DESAGUADERO,"SOYA, torta",28000,GRANEL,BOLIVIA
17845,2025,7,PUESTO DE CONTROL TERRESTRE DESAGUADERO,"SOYA, torta",28000,GRANEL,BOLIVIA
17846,2025,7,PUESTO DE CONTROL TERRESTRE DESAGUADERO,"SOYA, torta",27080,GRANEL,BOLIVIA
17847,2025,7,PUESTO DE CONTROL TERRESTRE DESAGUADERO,"SOYA, grano",29000,GRANEL,BOLIVIA
17848,2025,7,PUESTO DE CONTROL TERRESTRE DESAGUADERO,"SOYA, grano",27990,GRANEL,BOLIVIA
17849,2025,7,PUESTO DE CONTROL TERRESTRE DESAGUADERO,"SOYA, harina",87000,SACO(S),BOLIVIA
17850,2025,7,PUESTO DE CONTROL TERRESTRE DESAGUADERO,"MANI, grano sin cáscara",58000,SACO(S),BOLIVIA
17851,2025,7,PUESTO DE CONTROL TERRESTRE DESAGUADERO,"MANI, grano sin cáscara",29000,SACO(S),BOLIVIA
17852,2025,7,PUESTO DE CONTROL TERRESTRE DESAGUADERO,"SOYA, harina",29000,SACO(S),BOLIVIA
17853,2025,7,PUESTO DE CONTROL TERRESTRE DESAGUADERO,"SOYA, torta",116000,SACO(S),BOLIVIA
17854,2025,7,PUESTO DE CONTROL TERRESTRE DESAGUADERO,"SOYA, torta",145000,SACO(S),BOLIVIA
17855,2025,7,PUESTO DE CONTROL TERRESTRE DESAGUADERO,"SOYA, torta",116000,SACO(S),BOLIVIA
17856,2025,7,OFICINA PUESTO DE CONTROL MARITIMO - PROV. CONST. DEL CALLAO,"AVENA, grano aplastado o en copos (hojuelas)",52500,SACO(S),CHILE
17857,2025,7,OFICINA PUESTO DE CONTROL MARITIMO - PROV. CONST. DEL CALLAO,"AZUCAR DE CAÑA, solido en bruto",50000,BOLSAS,PARAGUAY
17858,2025,7,OFICINA PUESTO DE CONTROL MARITIMO - PROV. CONST. DEL CALLAO,"MAIZ REVENTON, grano",203200,SACO(S),ARGENTINA
17859,2025,7,OFICINA PUESTO DE CONTROL MARITIMO - PROV. CONST. DEL CALLAO,"MAIZ, almidon",20000,BOLSAS,MEXICO
17860,2025,7,OFICINA PUESTO DE CONTROL MARITIMO - PROV. CONST. DEL CALLAO,"MAIZ REVENTON, grano",129950,SACO(S),ARGENTINA
17861,2025,7,PUESTO DE CONTROL TERRESTRE DESAGUADERO,AZUCAR BLANCA O REFINADA (lectura polarimetrica mayor 99.5°),174000,SACO(S),BOLIVIA
17862,2025,7,OFICINA PUESTO DE CONTROL AEREO -  PROV. CONST. DEL CALLAO,"ZANAHORIA, semilla",600,SACO(S),CHILE
17863,2025,7,OFICINA PUESTO DE CONTROL MARITIMO - PROV. CONST. DEL CALLAO,"MAIZ, almidon",20000,BOLSAS,MEXICO
17864,2025,7,OFICINA PUESTO DE CONTROL MARITIMO - PROV. CONST. DEL CALLAO,"UVA (PASAS), secas industrialmente",20000,CAJA(S),TURQUIA
17865,2025,7,OFICINA PUESTO DE CONTROL MARITIMO - PROV. CONST. DEL CALLAO,"PINO, madera aserrada con algún proceso de la CRF2",45196,PAQUETES,CHILE
17866,2025,7,PUESTO DE CONTROL TERRESTRE DESAGUADERO,"SOYA, torta",116000,SACO(S),BOLIVIA
17867,2025,7,"AGUAS VERDES, TUMBES","Las demás coniferas, las demas maderas aserradas o desbastadas longitudinalmente, cortada o desenrollada, incluso cepillada,lijada o unida por lo extremos, de espesor superior a 6 mm, con algun tratamiento de la CRF 2",29060,PIEZAS,ECUADOR
17868,2025,7,OFICINA PUESTO DE CONTROL MARITIMO - PROV. CONST. DEL CALLAO,"ARVEJA, grano partido",24721,SACO(S),CANADA
17869,2025,7,PUESTO DE CONTROL TERRESTRE DESAGUADERO,"SOYA, torta",56980,GRANEL,BOLIVIA
17870,2025,7,OFICINA PUESTO DE CONTROL MARITIMO - PROV. CONST. DEL CALLAO,"COCO, fibra (para sustrato)",132510,PALETAS,INDIA
17871,2025,7,OFICINA PUESTO DE CONTROL MARITIMO - PROV. CONST. DEL CALLAO,"COCO, fibra (para sustrato)",258000,PALETAS,INDIA
17872,2025,7,OFICINA PUESTO DE CONTROL MARITIMO - PROV. CONST. DEL CALLAO,"ALGODON, fibra sin cardar ni peinar (>22.22 mm = o <28.57 mm)",199190,FARDOS,EEUU
17873,2025,7,PUESTO DE CONTROL TERRESTRE DESAGUADERO,"SOYA, torta",115500,SACO(S),BOLIVIA
17874,2025,7,PUESTO DE CONTROL TERRESTRE DESAGUADERO,"SOYA, torta",115000,SACO(S),BOLIVIA
17875,2025,7,PUESTO DE CONTROL TERRESTRE DESAGUADERO,"SOYA, torta",115000,SACO(S),BOLIVIA
17876,2025,7,"PUERTO DE SALAVERRY, LA LIBERTAD","MAIZ AMARILLO DURO, grano",15300000,GRANEL,ARGENTINA
17877,2025,7,PUESTO DE CONTROL TERRESTRE DESAGUADERO,"SOYA, torta",112000,SACO(S),BOLIVIA
17878,2025,7,"PUERTO DE PAITA , PIURA","LENTEJA, grano",126506,SACO(S),CANADA
17879,2025,7,"PUERTO DE PAITA , PIURA","LENTEJA, grano",105507,SACO(S),CANADA
17880,2025,7,"AGUAS VERDES, TUMBES","PIMIENTA, grano",3000,SACO(S),ECUADOR
17881,2025,7,PUESTO DE CONTROL TERRESTRE DESAGUADERO,"SOYA, torta",55080,GRANEL,BOLIVIA
17882,2025,7,PUESTO DE CONTROL TERRESTRE DESAGUADERO,"SOYA, torta",174000,SACO(S),BOLIVIA
17883,2025,7,PUESTO DE CONTROL TERRESTRE DESAGUADERO,"SOYA, harina",145000,SACO(S),BOLIVIA
17884,2025,7,PUESTO DE CONTROL TERRESTRE DESAGUADERO,"SOYA, torta",120000,SACO(S),BOLIVIA
17885,2025,7,PUESTO DE CONTROL TERRESTRE DESAGUADERO,"SOYA, torta",114500,SACO(S),BOLIVIA
17886,2025,7,PUESTO DE CONTROL TERRESTRE DESAGUADERO,"SOYA, torta",150000,SACO(S),BOLIVIA
17887,2025,7,PUESTO DE CONTROL TERRESTRE DESAGUADERO,"SOYA, torta",116000,SACO(S),BOLIVIA
17888,2025,7,"SANTA ROSA, TACNA","TRIGO, afrecho seco industrial",56000,SACO(S),CHILE
17889,2025,7,PUESTO DE CONTROL TERRESTRE DESAGUADERO,"SOYA, torta",116000,SACO(S),BOLIVIA
17890,2025,7,OFICINA PUESTO DE CONTROL AEREO -  PROV. CONST. DEL CALLAO,"ZAPALLO (CALABAZA AMARILLA), semilla",12.615,SACHETS,HOLANDA
17891,2025,7,PUESTO DE CONTROL TERRESTRE DESAGUADERO,"SOYA, torta",116000,SACO(S),BOLIVIA
17892,2025,7,OFICINA PUESTO DE CONTROL AEREO -  PROV. CONST. DEL CALLAO,"MELON, semilla",0.158663,SACHETS,HOLANDA
17893,2025,7,PUESTO DE CONTROL TERRESTRE DESAGUADERO,"SOYA, torta",54980,GRANEL,BOLIVIA
17894,2025,7,"SANTA ROSA, TACNA","MANZANA, fruto fresco",22540,CAJA(S),CHILE
17895,2025,7,"SANTA ROSA, TACNA","MANZANA, fruto fresco",23520,CAJA(S),CHILE
17896,2025,7,"SANTA ROSA, TACNA","MANZANA, fruto fresco",22883,CAJA(S),CHILE
17897,2025,7,"SANTA ROSA, TACNA","MANZANA, fruto fresco",9800,CAJA(S),CHILE
17898,2025,7,"SANTA ROSA, TACNA","PERA, fruta fresca",11475,CAJA(S),CHILE
17899,2025,7,OFICINA PUESTO DE CONTROL MARITIMO - PROV. CONST. DEL CALLAO,"ARROZ, grano pilado",132500,SACO(S),BRASIL
17900,2025,7,OFICINA PUESTO DE CONTROL MARITIMO - PROV. CONST. DEL CALLAO,"ARROZ, grano pilado",132500,SACO(S),BRASIL
17901,2025,7,PUESTO DE CONTROL TERRESTRE DESAGUADERO,"SOYA, torta",116000,SACO(S),BOLIVIA
17902,2025,7,PUESTO DE CONTROL TERRESTRE DESAGUADERO,"SOYA, torta",83500,GRANEL,BOLIVIA
17903,2025,7,PUESTO DE CONTROL TERRESTRE DESAGUADERO,"SOYA, torta",26150,GRANEL,BOLIVIA
17904,2025,7,PUESTO DE CONTROL TERRESTRE DESAGUADERO,"SOYA, torta",26650,GRANEL,BOLIVIA
17905,2025,7,PUESTO DE CONTROL TERRESTRE DESAGUADERO,"SOYA, torta",56000,GRANEL,BOLIVIA
17906,2025,7,PUESTO DE CONTROL TERRESTRE DESAGUADERO,"SOYA, torta",56000,GRANEL,BOLIVIA
17907,2025,7,PUESTO DE CONTROL TERRESTRE DESAGUADERO,"SOYA, torta",56000,GRANEL,BOLIVIA
17908,2025,7,PUESTO DE CONTROL TERRESTRE DESAGUADERO,"SOYA, torta",56000,GRANEL,BOLIVIA
17909,2025,7,PUESTO DE CONTROL TERRESTRE DESAGUADERO,"SOYA, torta",56000,GRANEL,BOLIVIA
17910,2025,7,PUESTO DE CONTROL TERRESTRE DESAGUADERO,"SOYA, torta",56000,GRANEL,BOLIVIA
17911,2025,7,PUESTO DE CONTROL TERRESTRE DESAGUADERO,"SOYA, torta",56000,GRANEL,BOLIVIA
17912,2025,7,PUESTO DE CONTROL TERRESTRE DESAGUADERO,"SOYA, torta",56000,GRANEL,BOLIVIA
17913,2025,7,"SANTA ROSA, TACNA","MANZANA, fruto fresco",22981,CAJA(S),CHILE
17914,2025,7,OFICINA PUESTO DE CONTROL MARITIMO - PROV. CONST. DEL CALLAO,"PERA, fruta fresca",23040,CAJA(S),CHILE
17915,2025,7,"SANTA ROSA, TACNA","KIWI, fruto fresco",11760,CAJA(S),CHILE
17916,2025,7,PUESTO DE CONTROL TERRESTRE DESAGUADERO,"SOYA, torta",28000,GRANEL,BOLIVIA
17917,2025,7,PUESTO DE CONTROL TERRESTRE DESAGUADERO,"SOYA, torta",27964,SACO(S),BOLIVIA
17918,2025,7,PUESTO DE CONTROL TERRESTRE DESAGUADERO,"SOYA, torta",28120,GRANEL,BOLIVIA
17919,2025,7,PUESTO DE CONTROL TERRESTRE DESAGUADERO,"SOYA, torta",28000,GRANEL,BOLIVIA
17920,2025,7,PUESTO DE CONTROL TERRESTRE DESAGUADERO,"SOYA, torta",28000,GRANEL,BOLIVIA
17921,2025,7,"SANTA ROSA, TACNA","MANZANA, fruto fresco",4420,CAJA(S),CHILE
17922,2025,7,OFICINA PUESTO DE CONTROL MARITIMO - PROV. CONST. DEL CALLAO,"COCO, fibra (para sustrato)",66460,PALETAS,INDIA
17923,2025,7,PUESTO DE CONTROL TERRESTRE DESAGUADERO,"SOYA, torta",2450,GRANEL,BOLIVIA
17924,2025,7,PUESTO DE CONTROL TERRESTRE DESAGUADERO,"MANI, grano sin cáscara",28000,SACO(S),BOLIVIA
17925,2025,7,PUESTO DE CONTROL TERRESTRE DESAGUADERO,"MANI, grano sin cáscara",29000,SACO(S),BOLIVIA
17926,2025,7,PUESTO DE CONTROL TERRESTRE DESAGUADERO,"SOYA, torta",148000,SACO(S),BOLIVIA
17927,2025,7,PUESTO DE CONTROL TERRESTRE DESAGUADERO,"SOYA, torta",116000,SACO(S),BOLIVIA
17928,2025,7,"PUERTO DE PAITA , PIURA","NECTARINA, fruto fresco",11752,CAJA(S),EEUU
17929,2025,7,"PUERTO DE PAITA , PIURA","CIRUELA, fruto fresco",7112,CAJA(S),EEUU
17930,2025,7,OFICINA PUESTO DE CONTROL MARITIMO - PROV. CONST. DEL CALLAO,"FREJOL NEGRO, grano",25000,SACO(S),BRASIL
17931,2025,7,OFICINA PUESTO DE CONTROL MARITIMO - PROV. CONST. DEL CALLAO,"MAIZ, harina",21600,SACO(S),COLOMBIA
17932,2025,7,"PUERTO DE PAITA , PIURA","PAPRIKA,  triturado o pulverizado",14200,BOLSAS,EEUU
17933,2025,7,OFICINA PUESTO DE CONTROL MARITIMO - PROV. CONST. DEL CALLAO,"Articulos para fiestas de navidad que sean o contengan material vegetal
",297.93,CAJA(S),CHINA
17934,2025,7,PUESTO DE CONTROL TERRESTRE DESAGUADERO,"SOYA, torta",58000,SACO(S),BOLIVIA
17935,2025,7,PUESTO DE CONTROL TERRESTRE DESAGUADERO,"SOYA, torta",145000,SACO(S),BOLIVIA
17936,2025,7,PUESTO DE CONTROL TERRESTRE DESAGUADERO,"SOYA, torta",145000,SACO(S),BOLIVIA
17937,2025,7,PUESTO DE CONTROL TERRESTRE DESAGUADERO,"SOYA, torta",145000,SACO(S),BOLIVIA
17938,2025,7,OFICINA PUESTO DE CONTROL MARITIMO - PROV. CONST. DEL CALLAO,"YUTE, sacos",52540,SACOS DE YUTE,INDIA
17939,2025,7,PUESTO DE CONTROL TERRESTRE DESAGUADERO,"SOYA, harina",87000,SACO(S),BOLIVIA
17940,2025,7,PUESTO DE CONTROL TERRESTRE DESAGUADERO,"SOYA, torta",145000,SACO(S),BOLIVIA
17941,2025,7,OFICINA PUESTO DE CONTROL MARITIMO - PROV. CONST. DEL CALLAO,"AVENA, grano trabajado (mondado, perlado, troceado o quebrantado)",350000,SACO(S),CHILE
17942,2025,7,OFICINA PUESTO DE CONTROL MARITIMO - PROV. CONST. DEL CALLAO,"Marañon (NUEZ DE CAJU), semilla alimenticia sin cascara, seca industriamente",26082,CAJA(S),VIETNAM
17943,2025,7,PUESTO DE CONTROL TERRESTRE DESAGUADERO,"SOYA, torta",139260,SACO(S),BOLIVIA
17944,2025,7,PUESTO DE CONTROL TERRESTRE DESAGUADERO,"SOYA, torta",84000,GRANEL,BOLIVIA
17945,2025,7,PUESTO DE CONTROL TERRESTRE DESAGUADERO,"SOYA, torta",112000,GRANEL,BOLIVIA
17946,2025,7,OFICINA PUESTO DE CONTROL AEREO -  PROV. CONST. DEL CALLAO,"ARANDANO, planta",846,CAJA(S),CHILE
17947,2025,7,"AGUAS VERDES, TUMBES","ROSA, flores frescas cortadas",5360,CAJA(S),ECUADOR
17948,2025,7,"AGUAS VERDES, TUMBES","CLAVEL, flores frescas cortadas",160,CAJA(S),ECUADOR
17949,2025,7,"SANTA ROSA, TACNA","TRACTOR USADO, con motor de potencia superior a 33 kW pero inferior o igual a 75 kW",11000,UNIDADES,CHINA
17950,2025,7,"SANTA ROSA, TACNA","LENTEJA, grano",24630,SACO(S),CANADA
17951,2025,7,OFICINA PUESTO DE CONTROL MARITIMO - PROV. CONST. DEL CALLAO,"LENTEJA, grano",24721,SACO(S),CANADA
17952,2025,7,OFICINA PUESTO DE CONTROL MARITIMO - PROV. CONST. DEL CALLAO,"LENTEJA, grano",24721,SACO(S),CANADA
17953,2025,7,OFICINA PUESTO DE CONTROL MARITIMO - PROV. CONST. DEL CALLAO,"AVENA, grano aplastado o en copos (hojuelas)",52000,SACO(S),CHILE
17954,2025,7,OFICINA PUESTO DE CONTROL AEREO -  PROV. CONST. DEL CALLAO,"PEPINILLO, semilla",1.56,SACHETS,HOLANDA
17955,2025,7,OFICINA PUESTO DE CONTROL MARITIMO - PROV. CONST. DEL CALLAO,"Marañon (NUEZ DE CAJU), semilla alimenticia sin cascara, seca industriamente",26000,CAJA(S),VIETNAM
17956,2025,7,OFICINA PUESTO DE CONTROL MARITIMO - PROV. CONST. DEL CALLAO,"CAUCHO, técnicamente especificado (TSNR)",40320,FARDOS,GHANA
17957,2025,7,PUESTO DE CONTROL TERRESTRE DESAGUADERO,"SOYA, torta",28000,GRANEL,BOLIVIA
17958,2025,7,PUESTO DE CONTROL TERRESTRE DESAGUADERO,"SOYA, torta",28000,GRANEL,BOLIVIA
17959,2025,7,PUESTO DE CONTROL TERRESTRE DESAGUADERO,"SOYA, torta",28000,GRANEL,BOLIVIA
17960,2025,7,PUESTO DE CONTROL TERRESTRE DESAGUADERO,"SOYA, torta",28000,GRANEL,BOLIVIA
17961,2025,7,OFICINA PUESTO DE CONTROL MARITIMO - PROV. CONST. DEL CALLAO,"ARROZ, parbolizado pulido o sin cáscara",132500,SACO(S),BRASIL
17962,2025,7,OFICINA PUESTO DE CONTROL MARITIMO - PROV. CONST. DEL CALLAO,"ARROZ, grano pilado",130000,SACO(S),BRASIL
17963,2025,7,OFICINA PUESTO DE CONTROL MARITIMO - PROV. CONST. DEL CALLAO,"ARROZ, grano pilado",129975,SACO(S),BRASIL
17964,2025,7,OFICINA PUESTO DE CONTROL MARITIMO - PROV. CONST. DEL CALLAO,"ARROZ, grano pilado",132500,SACO(S),BRASIL
17965,2025,7,OFICINA PUESTO DE CONTROL MARITIMO - PROV. CONST. DEL CALLAO,"ARROZ, grano pilado",131250,SACO(S),BRASIL
17966,2025,7,OFICINA PUESTO DE CONTROL MARITIMO - PROV. CONST. DEL CALLAO,"AZUCAR SIN REFINAR, solido",250000,SACO(S),GUATEMALA
17967,2025,7,OFICINA PUESTO DE CONTROL MARITIMO - PROV. CONST. DEL CALLAO,"AZUCAR CRUDA, sólido",250000,SACO(S),GUATEMALA
17968,2025,7,OFICINA PUESTO DE CONTROL MARITIMO - PROV. CONST. DEL CALLAO,"AZUCAR CRUDA, sólido",250000,SACO(S),GUATEMALA
17969,2025,7,OFICINA PUESTO DE CONTROL MARITIMO - PROV. CONST. DEL CALLAO,"AZUCAR CRUDA, sólido",250000,SACO(S),GUATEMALA
17970,2025,7,OFICINA PUESTO DE CONTROL MARITIMO - PROV. CONST. DEL CALLAO,AZUCAR BLANCA O REFINADA (lectura polarimetrica mayor 99.5°),1.00E+05,SACO(S),COLOMBIA
17971,2025,7,PUESTO DE CONTROL TERRESTRE DESAGUADERO,"MANI, grano sin cáscara",87000,SACO(S),BOLIVIA
17972,2025,7,OFICINA PUESTO DE CONTROL MARITIMO - PROV. CONST. DEL CALLAO,"COCO, fibra (para sustrato)",300220,PALETAS,SRI LANKA
17973,2025,7,OFICINA PUESTO DE CONTROL MARITIMO - PROV. CONST. DEL CALLAO,TURBA,50446,FARDOS,LETONIA
17974,2025,7,OFICINA PUESTO DE CONTROL MARITIMO - PROV. CONST. DEL CALLAO,AZUCAR BLANCA O REFINADA (lectura polarimetrica mayor 99.5°),132500,SACO(S),EL SALVADOR
17975,2025,7,OFICINA PUESTO DE CONTROL MARITIMO - PROV. CONST. DEL CALLAO,"PINO, madera aserrada con algún proceso de la CRF2",23157,PAQUETES,CHILE
17976,2025,7,OFICINA PUESTO DE CONTROL MARITIMO - PROV. CONST. DEL CALLAO,"COCO, fibra (para sustrato)",69750,PIEZAS,SRI LANKA
17977,2025,7,OFICINA PUESTO DE CONTROL MARITIMO - PROV. CONST. DEL CALLAO,"COCO, fibra (para sustrato)",93000,PIEZAS,SRI LANKA
17978,2025,7,OFICINA PUESTO DE CONTROL MARITIMO - PROV. CONST. DEL CALLAO,"COCO, fibra (para sustrato)",69750,PIEZAS,SRI LANKA
17979,2025,7,PUESTO DE CONTROL TERRESTRE DESAGUADERO,"SOYA, torta",145000,SACO(S),BOLIVIA
17980,2025,7,OFICINA PUESTO DE CONTROL MARITIMO - PROV. CONST. DEL CALLAO,"PSYLLIUM (=ISPHAGULA), polvo",1050,BOLSAS,INDIA
17981,2025,7,PUESTO DE CONTROL TERRESTRE DESAGUADERO,"SOYA, torta",56000,GRANEL,BOLIVIA
17982,2025,7,"AGUAS VERDES, TUMBES","Las demás coniferas, las demas maderas aserradas o desbastadas longitudinalmente, cortada o desenrollada, incluso cepillada,lijada o unida por lo extremos, de espesor superior a 6 mm, con algun tratamiento de la CRF 2",29480,PIEZAS,ECUADOR
17983,2025,7,OFICINA PUESTO DE CONTROL MARITIMO - PROV. CONST. DEL CALLAO,TURBA,190874,BIG BAG,LETONIA
17984,2025,7,OFICINA PUESTO DE CONTROL MARITIMO - PROV. CONST. DEL CALLAO,AZUCAR BLANCA O REFINADA (lectura polarimetrica mayor 99.5°),132000,SACO(S),COLOMBIA
17985,2025,7,OFICINA PUESTO DE CONTROL MARITIMO - PROV. CONST. DEL CALLAO,"Articulos para fiestas de navidad que sean o contengan material vegetal
",1241.197,PIEZAS,CHINA
17986,2025,7,OFICINA PUESTO DE CONTROL MARITIMO - PROV. CONST. DEL CALLAO,"MATERIAS VEGETALES, para tallar trabajadas con algun proceso de la CRF 2",1414.976,UNIDADES,CHINA
17987,2025,7,OFICINA PUESTO DE CONTROL AEREO -  PROV. CONST. DEL CALLAO,"TE VERDE, hoja polvo",0.15,BOLSA DE POLIETILENO,JAPON
17988,2025,7,OFICINA PUESTO DE CONTROL AEREO -  PROV. CONST. DEL CALLAO,"TE VERDE, hoja polvo",18,BOLSAS,JAPON
17989,2025,7,OFICINA PUESTO DE CONTROL AEREO -  PROV. CONST. DEL CALLAO,"TE VERDE, hoja polvo",1.5,LATAS,JAPON
17990,2025,7,OFICINA PUESTO DE CONTROL MARITIMO - PROV. CONST. DEL CALLAO,"CAUCHO, técnicamente especificado (TSNR)",100800,PALETAS,INDONESIA
17991,2025,7,PUESTO DE CONTROL TERRESTRE DESAGUADERO,"SOYA, harina",29000,SACO(S),BOLIVIA
17992,2025,7,OFICINA PUESTO DE CONTROL MARITIMO - PROV. CONST. DEL CALLAO,"ALGODON, fibra sin cardar ni peinar (>22.22 mm = o <28.57 mm)",38810,FARDOS,EEUU
17993,2025,7,OFICINA PUESTO DE CONTROL MARITIMO - PROV. CONST. DEL CALLAO,"CITRICOS, cáscara en polvo",80,BOLSAS,CHILE
17994,2025,7,"SANTA ROSA, TACNA","PERA, fruta fresca",22230,CAJA(S),ARGENTINA
17995,2025,7,PUESTO DE CONTROL TERRESTRE DESAGUADERO,"SOYA, torta",85300,GRANEL,BOLIVIA
17996,2025,7,OFICINA PUESTO DE CONTROL MARITIMO - PROV. CONST. DEL CALLAO,"FREJOL CANARIO, grano",43930,SACO(S),MEXICO
17997,2025,7,OFICINA PUESTO DE CONTROL MARITIMO - PROV. CONST. DEL CALLAO,"TRACTOR USADO, con motor de potencia superior a 33 kW pero inferior o igual a 75 kW",4100,UNIDADES,CHINA
17998,2025,7,PUESTO DE CONTROL TERRESTRE DESAGUADERO,"SOYA, torta",24880,GRANEL,BOLIVIA
17999,2025,7,PUESTO DE CONTROL TERRESTRE DESAGUADERO,"SOYA, torta",53590,GRANEL,BOLIVIA
18000,2025,7,PUESTO DE CONTROL TERRESTRE DESAGUADERO,"SOYA, torta",55000,GRANEL,BOLIVIA
18001,2025,7,PUESTO DE CONTROL TERRESTRE DESAGUADERO,"SOYA, torta",26840,GRANEL,BOLIVIA
18002,2025,7,PUESTO DE CONTROL TERRESTRE DESAGUADERO,"SOYA, torta",28000,GRANEL,BOLIVIA
18003,2025,7,PUESTO DE CONTROL TERRESTRE DESAGUADERO,"SOYA, torta",28000,GRANEL,BOLIVIA
18004,2025,7,OFICINA PUESTO DE CONTROL MARITIMO - PROV. CONST. DEL CALLAO,"MAIZ, almidon",27500,BOLSAS,TURQUIA
18005,2025,7,OFICINA PUESTO DE CONTROL MARITIMO - PROV. CONST. DEL CALLAO,"DACTYLIS, semilla",14400,SACO(S),HOLANDA
18006,2025,7,PUESTO DE CONTROL TERRESTRE DESAGUADERO,"SOYA, torta",28000,GRANEL,BOLIVIA
18007,2025,7,PUESTO DE CONTROL TERRESTRE DESAGUADERO,"SOYA, torta",28000,GRANEL,BOLIVIA
18008,2025,7,PUESTO DE CONTROL TERRESTRE DESAGUADERO,"SOYA, torta",56000,GRANEL,BOLIVIA
18009,2025,7,PUESTO DE CONTROL TERRESTRE DESAGUADERO,"SOYA, torta",55500,GRANEL,BOLIVIA
18010,2025,7,PUESTO DE CONTROL TERRESTRE DESAGUADERO,"SOYA, torta",28000,GRANEL,BOLIVIA
18011,2025,7,OFICINA PUESTO DE CONTROL MARITIMO - PROV. CONST. DEL CALLAO,AZUCAR BLANCA O REFINADA (lectura polarimetrica mayor 99.5°),79500,SACO(S),COLOMBIA
18012,2025,7,OFICINA PUESTO DE CONTROL MARITIMO - PROV. CONST. DEL CALLAO,"COCO, fibra (para sustrato)",69130,PALETAS,INDIA
18013,2025,7,"PUERTO DE PAITA , PIURA","COCO, fibra (para sustrato)",26850,PALETAS,INDIA
18014,2025,7,OFICINA PUESTO DE CONTROL MARITIMO - PROV. CONST. DEL CALLAO,"PAPA, fécula",120000,SACO(S),ALEMANIA
18015,2025,7,OFICINA PUESTO DE CONTROL MARITIMO - PROV. CONST. DEL CALLAO,"ARROZ, parbolizado pulido o sin cáscara",132500,SACO(S),BRASIL
18016,2025,7,OFICINA PUESTO DE CONTROL MARITIMO - PROV. CONST. DEL CALLAO,"ARROZ, parbolizado pulido o sin cáscara",132500,SACO(S),BRASIL
18017,2025,7,OFICINA PUESTO DE CONTROL MARITIMO - PROV. CONST. DEL CALLAO,"MADERA, encofrados para hormigon, de madera con algún proceso de la CRF2
",40930,PIEZAS,ALEMANIA
18018,2025,7,OFICINA PUESTO DE CONTROL MARITIMO - PROV. CONST. DEL CALLAO,"ARROZ, parbolizado pulido o sin cáscara",127500,SACO(S),BRASIL
18019,2025,7,OFICINA PUESTO DE CONTROL AEREO -  PROV. CONST. DEL CALLAO,"YUCA (=MANDIOCA), fécula",0.2,BOLSAS,BRASIL
18020,2025,7,OFICINA PUESTO DE CONTROL MARITIMO - PROV. CONST. DEL CALLAO,"PINO, madera aserrada con algún proceso de la CRF2",86540,PAQUETES,CHILE
18021,2025,7,OFICINA PUESTO DE CONTROL MARITIMO - PROV. CONST. DEL CALLAO,"TRIGO, semola",15000,SACO(S),MEXICO
18022,2025,7,OFICINA PUESTO DE CONTROL MARITIMO - PROV. CONST. DEL CALLAO,"AJO, polvo",4000,CAJA(S),CHINA
18023,2025,7,OFICINA PUESTO DE CONTROL MARITIMO - PROV. CONST. DEL CALLAO,"PIMIENTA, molida",3500,SACO(S),SINGAPUR
18024,2025,7,PUESTO DE CONTROL TERRESTRE DESAGUADERO,"SOYA, torta",83500,GRANEL,BOLIVIA
18025,2025,7,PUESTO DE CONTROL TERRESTRE DESAGUADERO,"SOYA, torta",56500,GRANEL,BOLIVIA
18026,2025,7,OFICINA PUESTO DE CONTROL MARITIMO - PROV. CONST. DEL CALLAO,"Articulos para fiestas de navidad que sean o contengan material vegetal
",38.88,UNIDADES,GUATEMALA
18027,2025,7,OFICINA PUESTO DE CONTROL MARITIMO - PROV. CONST. DEL CALLAO,"Articulos para fiestas de navidad que sean o contengan material vegetal
",142.636,UNIDADES,GUATEMALA
18028,2025,7,OFICINA PUESTO DE CONTROL MARITIMO - PROV. CONST. DEL CALLAO,"Madera flotante para acuarios, de especies dinstitos a tropicales, con algún proceso de la CRF2",516,UNIDADES,GUATEMALA
18029,2025,7,OFICINA PUESTO DE CONTROL MARITIMO - PROV. CONST. DEL CALLAO,"MARCOS, madera",38.4,UNIDADES,GUATEMALA
18030,2025,7,OFICINA PUESTO DE CONTROL MARITIMO - PROV. CONST. DEL CALLAO,"MARCOS, madera",149.1,UNIDADES,GUATEMALA
18031,2025,7,OFICINA PUESTO DE CONTROL MARITIMO - PROV. CONST. DEL CALLAO,"Articulos para fiestas de navidad que sean o contengan material vegetal
",1865.689,UNIDADES,GUATEMALA
18032,2025,7,OFICINA PUESTO DE CONTROL MARITIMO - PROV. CONST. DEL CALLAO,"Madera flotante para acuarios, de especies dinstitos a tropicales, con algún proceso de la CRF2",58.998,UNIDADES,GUATEMALA
18033,2025,7,OFICINA PUESTO DE CONTROL MARITIMO - PROV. CONST. DEL CALLAO,"Los demas articulos para fiesta, carnaval u otras diversiones, incluidos los de magia y articulos sorpresa que sean o contengan material vegetal
",480.303,UNIDADES,CHINA
18034,2025,7,OFICINA PUESTO DE CONTROL MARITIMO - PROV. CONST. DEL CALLAO,"MARCOS, madera",425.7,UNIDADES,GUATEMALA
18035,2025,7,OFICINA PUESTO DE CONTROL MARITIMO - PROV. CONST. DEL CALLAO,"Articulos para fiestas de navidad que sean o contengan material vegetal
",1075.16,UNIDADES,GUATEMALA
18036,2025,7,PUESTO DE CONTROL TERRESTRE DESAGUADERO,AZUCAR BLANCA O REFINADA (lectura polarimetrica mayor 99.5°),112500,SACO(S),BOLIVIA
18037,2025,7,"AGUAS VERDES, TUMBES","Las demás coniferas, las demas maderas aserradas o desbastadas longitudinalmente, cortada o desenrollada, incluso cepillada,lijada o unida por lo extremos, de espesor superior a 6 mm, con algun tratamiento de la CRF 2",2880,PIEZAS,ECUADOR
18038,2025,7,Puerto de Chancay,"Articulos para fiestas de navidad que sean o contengan material vegetal
",757.124,PIEZAS,CHINA
18039,2025,7,OFICINA PUESTO DE CONTROL MARITIMO - PROV. CONST. DEL CALLAO,"BAMBU, artículos de cestería obtenidos directamente en su forma con materia trenzable con algún proceso de la CRF 2",2596,CAJA(S),HONG KONG
18040,2025,7,OFICINA PUESTO DE CONTROL MARITIMO - PROV. CONST. DEL CALLAO,"FLOR DE JAMAICA, seca natural",11870,SACO(S),NIGERIA
18041,2025,7,OFICINA PUESTO DE CONTROL MARITIMO - PROV. CONST. DEL CALLAO,"MAIZ, harina",1.00E+05,BOLSAS,COLOMBIA
18042,2025,7,OFICINA PUESTO DE CONTROL MARITIMO - PROV. CONST. DEL CALLAO,"NUEZ, con cáscara seca al natural",20000,SACO(S),CHILE
18043,2025,7,OFICINA PUESTO DE CONTROL MARITIMO - PROV. CONST. DEL CALLAO,AZUCAR BLANCA O REFINADA (lectura polarimetrica mayor 99.5°),212000,SACO(S),EL SALVADOR
18044,2025,7,OFICINA PUESTO DE CONTROL MARITIMO - PROV. CONST. DEL CALLAO,"ARVEJA, grano partido",185019,SACO(S),EEUU
18045,2025,7,OFICINA PUESTO DE CONTROL MARITIMO - PROV. CONST. DEL CALLAO,"AVENA, grano trabajado (mondado, perlado, troceado o quebrantado)",131250,SACO(S),CHILE
18046,2025,7,PUESTO DE CONTROL TERRESTRE DESAGUADERO,"SOYA, grano",186000,SACO(S),BOLIVIA
18047,2025,7,OFICINA PUESTO DE CONTROL MARITIMO - PROV. CONST. DEL CALLAO,"MAIZ, harina",125000,BOLSAS,COLOMBIA
18048,2025,7,OFICINA PUESTO DE CONTROL AEREO -  PROV. CONST. DEL CALLAO,"SANDIA, semilla",3.135,SACHETS,EEUU
18049,2025,7,OFICINA PUESTO DE CONTROL MARITIMO - PROV. CONST. DEL CALLAO,"Cosechadoras-trilladoras usadas
",12700.8,UNIDADES,EEUU
18050,2025,7,OFICINA PUESTO DE CONTROL MARITIMO - PROV. CONST. DEL CALLAO,"UVA (PASAS), secas naturalmente",25000,CAJA(S),ARGENTINA
18051,2025,7,OFICINA PUESTO DE CONTROL MARITIMO - PROV. CONST. DEL CALLAO,"TRIGO, grano",4102535,GRANEL,EEUU
18052,2025,7,PUESTO DE CONTROL TERRESTRE DESAGUADERO,"SOYA, harina",142500,SACO(S),BOLIVIA
18053,2025,7,OFICINA PUESTO DE CONTROL MARITIMO - PROV. CONST. DEL CALLAO,"KIWI, fruto fresco",21552,CAJA(S),CHILE
18054,2025,7,OFICINA PUESTO DE CONTROL MARITIMO - PROV. CONST. DEL CALLAO,"ALMENDRA, sin cáscara secado al natural",19958.4,CAJA(S),EEUU
18055,2025,7,OFICINA PUESTO DE CONTROL MARITIMO - PROV. CONST. DEL CALLAO,"ALGODON, fibra sin cardar ni peinar (>28.57 mm = o <34.92 mm)",18939,FARDOS,EEUU
18056,2025,7,OFICINA PUESTO DE CONTROL MARITIMO - PROV. CONST. DEL CALLAO,"TRIGO, grano",8035670,GRANEL,EEUU
18057,2025,7,OFICINA PUESTO DE CONTROL MARITIMO - PROV. CONST. DEL CALLAO,"ARROZ, grano pilado",2.00E+05,SACO(S),URUGUAY
18058,2025,7,OFICINA PUESTO DE CONTROL MARITIMO - PROV. CONST. DEL CALLAO,"ARROZ, grano pilado",3.00E+05,SACO(S),URUGUAY
18059,2025,7,OFICINA PUESTO DE CONTROL MARITIMO - PROV. CONST. DEL CALLAO,"UVA (PASAS), secas naturalmente",19500,CAJA(S),ARGENTINA
18060,2025,7,OFICINA PUESTO DE CONTROL MARITIMO - PROV. CONST. DEL CALLAO,"UVA (PASAS), secas naturalmente",19500,CAJA(S),ARGENTINA
18061,2025,7,OFICINA PUESTO DE CONTROL MARITIMO - PROV. CONST. DEL CALLAO,"PINO, madera aserrada con algún proceso de la CRF2",71130,PAQUETES,CHILE
18062,2025,7,OFICINA PUESTO DE CONTROL MARITIMO - PROV. CONST. DEL CALLAO,"UVA (PASAS), secas industrialmente",20000,CAJA(S),CHILE
18063,2025,7,OFICINA PUESTO DE CONTROL MARITIMO - PROV. CONST. DEL CALLAO,"Articulos para fiestas de navidad que sean o contengan material vegetal
",60,UNIDADES,CHINA
18064,2025,7,OFICINA PUESTO DE CONTROL MARITIMO - PROV. CONST. DEL CALLAO,"MAIZ, almidon",1.00E+05,BOLSAS,ARGENTINA
18065,2025,7,OFICINA PUESTO DE CONTROL MARITIMO - PROV. CONST. DEL CALLAO,"TRIGO, almidon",25000,BOLSAS,ARGENTINA
18066,2025,7,"PUERTO DE SALAVERRY, LA LIBERTAD","MAIZ AMARILLO DURO, grano",33795000,GRANEL,ARGENTINA
18067,2025,7,OFICINA PUESTO DE CONTROL MARITIMO - PROV. CONST. DEL CALLAO,"MANZANA, fruto fresco",40425,CAJA(S),CHILE
18068,2025,7,OFICINA PUESTO DE CONTROL MARITIMO - PROV. CONST. DEL CALLAO,"PINO, postes de madera con algun proceso de la CRF 2",47633,UNIDADES,CHILE
18069,2025,7,OFICINA PUESTO DE CONTROL MARITIMO - PROV. CONST. DEL CALLAO,"UVA (PASAS), secas industrialmente",20000,CAJA(S),IRAN
18070,2025,7,OFICINA PUESTO DE CONTROL MARITIMO - PROV. CONST. DEL CALLAO,"KIWI, fruto fresco",20480,CAJA(S),CHILE
18071,2025,7,"SANTA ROSA, TACNA","ARROZ, grano pilado",131250,SACO(S),BRASIL
18072,2025,7,OFICINA PUESTO DE CONTROL AEREO -  PROV. CONST. DEL CALLAO,"MAIZ REVENTON, grano",0.9,BOLSAS,ARGENTINA
18073,2025,7,OFICINA PUESTO DE CONTROL MARITIMO - PROV. CONST. DEL CALLAO,"MANZANA, fruto fresco",39501,CAJA(S),CHILE
18074,2025,7,OFICINA PUESTO DE CONTROL MARITIMO - PROV. CONST. DEL CALLAO,"ARVEJA, grano entero",49986,SACO(S),CANADA
18075,2025,7,OFICINA PUESTO DE CONTROL MARITIMO - PROV. CONST. DEL CALLAO,"Shitake (Lentinus edodes), secos, incluso los cortados en trozos o en rodajas, trituradas o pulverizadas, sin otra preparación",1200,CAJA(S),CHINA
18076,2025,7,OFICINA PUESTO DE CONTROL MARITIMO - PROV. CONST. DEL CALLAO,"MANZANA, fruto fresco",19698,CAJA(S),CHILE
18077,2025,7,OFICINA PUESTO DE CONTROL MARITIMO - PROV. CONST. DEL CALLAO,"ALMENDRA, sin cáscara secado al natural",19958.4,CAJA(S),EEUU
18078,2025,7,OFICINA PUESTO DE CONTROL MARITIMO - PROV. CONST. DEL CALLAO,"MANZANA, fruto fresco",41160,CAJA(S),CHILE
18079,2025,7,OFICINA PUESTO DE CONTROL MARITIMO - PROV. CONST. DEL CALLAO,AZUCAR BLANCA O REFINADA (lectura polarimetrica mayor 99.5°),76350,SACO(S),COLOMBIA
18080,2025,7,"SANTA ROSA, TACNA","LENTEJA, grano",24902,SACO(S),CANADA
18081,2025,7,PUESTO DE CONTROL TERRESTRE DESAGUADERO,"SOYA, grano",58000,SACO(S),BOLIVIA
18082,2025,7,OFICINA PUESTO DE CONTROL MARITIMO - PROV. CONST. DEL CALLAO,"UVA (PASAS), secas naturalmente",25000,CAJA(S),ARGENTINA
18083,2025,7,PUESTO DE CONTROL TERRESTRE DESAGUADERO,"MANI, grano sin cáscara",30000,SACO(S),BOLIVIA
18084,2025,7,OFICINA PUESTO DE CONTROL MARITIMO - PROV. CONST. DEL CALLAO,Los demas articulos de cesteria con algun proceso de CRF 2,123,CAJA(S),CHINA
18085,2025,7,OFICINA PUESTO DE CONTROL MARITIMO - PROV. CONST. DEL CALLAO,"CAUCHO, técnicamente especificado (TSNR)",20160,PALETAS,COLOMBIA
18086,2025,7,OFICINA PUESTO DE CONTROL MARITIMO - PROV. CONST. DEL CALLAO,"AVENA, harina o polvo",2000,SACO(S),COLOMBIA
18087,2025,7,OFICINA PUESTO DE CONTROL MARITIMO - PROV. CONST. DEL CALLAO,"Articulos de cesteria (canastos, cestos u otros), con algun proceso de la CRF2",1501.2,UNIDADES,CHINA
18088,2025,7,OFICINA PUESTO DE CONTROL MARITIMO - PROV. CONST. DEL CALLAO,Los demas articulos de cesteria con algun proceso de CRF 2,1101.3,UNIDADES,CHINA
18089,2025,7,"AGUAS VERDES, TUMBES","ROSA, flores frescas cortadas",6240,CAJA(S),ECUADOR
18090,2025,7,"AGUAS VERDES, TUMBES","CLAVEL, flores frescas cortadas",51,CAJA(S),ECUADOR
18091,2025,7,"AGUAS VERDES, TUMBES","CRISANTEMO, los demas flores frescas cortadas",80,CAJA(S),ECUADOR
18092,2025,7,"AGUAS VERDES, TUMBES","LILIUM (=AZUCENA), flores frescas cortadas",20,CAJA(S),ECUADOR
18093,2025,7,OFICINA PUESTO DE CONTROL MARITIMO - PROV. CONST. DEL CALLAO,"SOYA, torta",10800000,GRANEL,BOLIVIA
18094,2025,7,PUESTO DE CONTROL TERRESTRE DESAGUADERO,"SOYA, torta",116000,SACO(S),BOLIVIA
18095,2025,7,"AGUAS VERDES, TUMBES","ROSA, flores frescas cortadas",7600,CAJA(S),ECUADOR
18096,2025,7,"AGUAS VERDES, TUMBES","CLAVEL, flores frescas cortadas",650,CAJA(S),ECUADOR
18097,2025,7,PUESTO DE CONTROL TERRESTRE DESAGUADERO,"SOYA, torta",116000,SACO(S),BOLIVIA
18098,2025,7,PUESTO DE CONTROL TERRESTRE DESAGUADERO,"SOYA, torta",116000,SACO(S),BOLIVIA
18099,2025,7,OFICINA PUESTO DE CONTROL MARITIMO - PROV. CONST. DEL CALLAO,"ANIS O BADIANA, grano",20000,SACO(S),TURQUIA
18100,2025,7,"PUERTO DE PAITA , PIURA",TURBA,193241,BIG BAG,LETONIA
18101,2025,7,OFICINA PUESTO DE CONTROL MARITIMO - PROV. CONST. DEL CALLAO,"TRIGO, grano",5311977,GRANEL,EEUU
18102,2025,7,OFICINA PUESTO DE CONTROL MARITIMO - PROV. CONST. DEL CALLAO,TE VERDE,84.37,CAJA(S),EEUU
18103,2025,7,OFICINA PUESTO DE CONTROL MARITIMO - PROV. CONST. DEL CALLAO,"GARBANZO, grano",23000,SACO(S),MEXICO
18104,2025,7,OFICINA PUESTO DE CONTROL MARITIMO - PROV. CONST. DEL CALLAO,"MANZANA, fruto fresco",19796,CAJA(S),CHILE
18105,2025,7,OFICINA PUESTO DE CONTROL MARITIMO - PROV. CONST. DEL CALLAO,"CAUCHO, técnicamente especificado (TSNR)",20160,PALETAS,GUATEMALA
18106,2025,7,OFICINA PUESTO DE CONTROL MARITIMO - PROV. CONST. DEL CALLAO,"COCO, fibra (para sustrato)",319769,PALETAS,SRI LANKA
18107,2025,7,"PUERTO DE PAITA , PIURA","ARVEJA, grano entero",74840,SACO(S),CANADA
18108,2025,7,OFICINA PUESTO DE CONTROL MARITIMO - PROV. CONST. DEL CALLAO,"UVA (PASAS), secas industrialmente",20000,CAJA(S),IRAN
18109,2025,7,OFICINA PUESTO DE CONTROL MARITIMO - PROV. CONST. DEL CALLAO,"ALMENDRA, sin cáscara secado al natural",19958.4,CAJA(S),EEUU
18110,2025,7,PUESTO DE CONTROL TERRESTRE DESAGUADERO,"SOYA, torta",56000,GRANEL,BOLIVIA
18111,2025,7,PUESTO DE CONTROL TERRESTRE DESAGUADERO,"SOYA, torta",84000,GRANEL,BOLIVIA
18112,2025,7,OFICINA PUESTO DE CONTROL MARITIMO - PROV. CONST. DEL CALLAO,"AZUCAR CRUDA, sólido",375000,SACO(S),GUATEMALA
18113,2025,7,OFICINA PUESTO DE CONTROL MARITIMO - PROV. CONST. DEL CALLAO,"AZUCAR CRUDA, sólido",250000,SACO(S),GUATEMALA
18114,2025,7,PUESTO DE CONTROL TERRESTRE DESAGUADERO,"SOYA, torta",143500,SACO(S),BOLIVIA
18115,2025,7,PUESTO DE CONTROL TERRESTRE DESAGUADERO,"SOYA, torta",144000,SACO(S),BOLIVIA
18116,2025,7,PUESTO DE CONTROL TERRESTRE DESAGUADERO,"SOYA, torta",86000,SACO(S),BOLIVIA
18117,2025,7,PUESTO DE CONTROL TERRESTRE DESAGUADERO,"SOYA, torta",28000,SACO(S),BOLIVIA
18118,2025,7,PUESTO DE CONTROL TERRESTRE DESAGUADERO,"SOYA, torta",116000,SACO(S),BOLIVIA
18119,2025,7,PUESTO DE CONTROL TERRESTRE DESAGUADERO,"SOYA, harina",50000,SACO(S),BOLIVIA
18120,2025,7,OFICINA PUESTO DE CONTROL MARITIMO - PROV. CONST. DEL CALLAO,"Articulos para fiestas de navidad que sean o contengan material vegetal
",218.367,CAJA(S),CHINA
18121,2025,7,PUESTO DE CONTROL TERRESTRE DESAGUADERO,"SOYA, harina",52000,SACO(S),BOLIVIA
18122,2025,7,PUESTO DE CONTROL TERRESTRE DESAGUADERO,"SOYA, torta",85980,GRANEL,BOLIVIA
18123,2025,7,OFICINA PUESTO DE CONTROL MARITIMO - PROV. CONST. DEL CALLAO,"ALMENDRA, sin cáscara secado al natural",19958.4,CAJA(S),EEUU
18124,2025,7,OFICINA PUESTO DE CONTROL MARITIMO - PROV. CONST. DEL CALLAO,"UVA (PASAS), secas naturalmente",20000,CAJA(S),CHILE
18125,2025,7,OFICINA PUESTO DE CONTROL MARITIMO - PROV. CONST. DEL CALLAO,"MAIZ AMARILLO DURO, grano",34200480,GRANEL,ARGENTINA
18126,2025,7,PUESTO DE CONTROL TERRESTRE DESAGUADERO,"SOYA, torta",120000,SACO(S),BOLIVIA
18127,2025,7,OFICINA PUESTO DE CONTROL MARITIMO - PROV. CONST. DEL CALLAO,"BAMBU, madera sin emsamblar (tablillas y frisos para parqués barnizadas o laquedas) distintas de las coniferas",23520,PALETAS,CHINA
18128,2025,7,"SANTA ROSA, TACNA","TRACTOR USADO, con motor de potencia superior a 33 kW pero inferior o igual a 75 kW",9100,UNIDADES,CHILE
18129,2025,7,OFICINA PUESTO DE CONTROL MARITIMO - PROV. CONST. DEL CALLAO,"LENTEJA, grano",26082,SACO(S),CANADA
18130,2025,7,PUESTO DE CONTROL TERRESTRE DESAGUADERO,"SOYA, torta",116000,SACO(S),BOLIVIA
18131,2025,7,PUESTO DE CONTROL TERRESTRE DESAGUADERO,"SOYA, torta",145000,SACO(S),BOLIVIA
18132,2025,7,OFICINA PUESTO DE CONTROL MARITIMO - PROV. CONST. DEL CALLAO,"ARROZ, grano pilado",525000,BOLSONES,URUGUAY
18133,2025,7,OFICINA PUESTO DE CONTROL MARITIMO - PROV. CONST. DEL CALLAO,"FREJOL CANARIO, grano",48000,SACO(S),MEXICO
18134,2025,7,OFICINA PUESTO DE CONTROL MARITIMO - PROV. CONST. DEL CALLAO,"Articulos para fiestas de navidad que sean o contengan material vegetal
",948.218,UNIDADES,CHINA
18135,2025,7,OFICINA PUESTO DE CONTROL MARITIMO - PROV. CONST. DEL CALLAO,"Los demas articulos para fiesta, carnaval u otras diversiones, incluidos los de magia y articulos sorpresa que sean o contengan material vegetal
",202.5,UNIDADES,CHINA
18136,2025,7,OFICINA PUESTO DE CONTROL MARITIMO - PROV. CONST. DEL CALLAO,"PINO, postes de madera con algun proceso de la CRF 2",239469,UNIDADES,CHILE
18137,2025,7,PUESTO DE CONTROL TERRESTRE DESAGUADERO,"SOYA, torta",27225,SACO(S),BOLIVIA
18138,2025,7,PUESTO DE CONTROL TERRESTRE DESAGUADERO,"SOYA, torta",55340,SACO(S),BOLIVIA
18139,2025,7,PUESTO DE CONTROL TERRESTRE DESAGUADERO,"SOYA, torta",24829,SACO(S),BOLIVIA
18140,2025,7,PUESTO DE CONTROL TERRESTRE DESAGUADERO,"SOYA, torta",25538,SACO(S),BOLIVIA
18141,2025,7,"AGUAS VERDES, TUMBES","ROSA, flores frescas cortadas",2648,CAJA(S),ECUADOR
18142,2025,7,"AGUAS VERDES, TUMBES","LILIUM (=AZUCENA), flores frescas cortadas",393,CAJA(S),ECUADOR
18143,2025,7,"AGUAS VERDES, TUMBES","CAÑA DE GUAYAQUIL, seca al natural",34000,UNIDADES,ECUADOR
18144,2025,7,"LA TINA, PIURA","PINO, madera aserrada con algún proceso de la CRF2",32000,UNIDADES,ECUADOR
18145,2025,7,"AGUAS VERDES, TUMBES","PAJA MACORA, paja seca al natural",1580,FARDOS,ECUADOR
18146,2025,7,OFICINA PUESTO DE CONTROL MARITIMO - PROV. CONST. DEL CALLAO,"ALGODON, fibra sin cardar ni peinar (>28.57 mm = o <34.92 mm)",137410,FARDOS,EEUU
18147,2025,7,OFICINA PUESTO DE CONTROL MARITIMO - PROV. CONST. DEL CALLAO,"MAIZ, harina",600,PALETAS,MEXICO
18148,2025,7,"AGUAS VERDES, TUMBES","CAÑA DE GUAYAQUIL, seca al natural",34000,UNIDADES,ECUADOR
18149,2025,7,OFICINA PUESTO DE CONTROL MARITIMO - PROV. CONST. DEL CALLAO,"COCO, fibra (para sustrato)",250897,PALETAS,SRI LANKA
18150,2025,7,OFICINA PUESTO DE CONTROL AEREO -  PROV. CONST. DEL CALLAO,"PLATANO Y/O BANANO, planta in vitro",23.45,FRASCO(S),HONDURAS
18151,2025,7,OFICINA PUESTO DE CONTROL MARITIMO - PROV. CONST. DEL CALLAO,"MAIZ, harina",150000,BOLSAS,COLOMBIA
18152,2025,7,PUESTO DE CONTROL TERRESTRE DESAGUADERO,"SOYA, torta",56000,GRANEL,BOLIVIA
18153,2025,7,OFICINA PUESTO DE CONTROL MARITIMO - PROV. CONST. DEL CALLAO,"COCO, fibra (para sustrato)",47855,PALETAS,INDIA
18154,2025,7,PUESTO DE CONTROL TERRESTRE DESAGUADERO,"SOYA, grano",25000,GRANEL,BOLIVIA
18155,2025,7,PUESTO DE CONTROL TERRESTRE DESAGUADERO,"SOYA, grano",24980,GRANEL,BOLIVIA
18156,2025,7,PUESTO DE CONTROL TERRESTRE DESAGUADERO,"SOYA, torta",84000,GRANEL,BOLIVIA
18157,2025,7,PUESTO DE CONTROL TERRESTRE DESAGUADERO,"SOYA, torta",28000,GRANEL,BOLIVIA
18158,2025,7,PUESTO DE CONTROL TERRESTRE DESAGUADERO,"SOYA, torta",55000,SACO(S),BOLIVIA
18159,2025,7,PUESTO DE CONTROL TERRESTRE DESAGUADERO,"SOYA, torta",140000,GRANEL,BOLIVIA
18160,2025,7,PUESTO DE CONTROL TERRESTRE DESAGUADERO,"SOYA, torta",25488,SACO(S),BOLIVIA
18161,2025,7,PUESTO DE CONTROL TERRESTRE DESAGUADERO,"SOYA, torta",28000,GRANEL,BOLIVIA
18162,2025,7,PUESTO DE CONTROL TERRESTRE DESAGUADERO,"SOYA, torta",28000,GRANEL,BOLIVIA
18163,2025,7,PUESTO DE CONTROL TERRESTRE DESAGUADERO,"SOYA, torta",56000,GRANEL,BOLIVIA
18164,2025,7,PUESTO DE CONTROL TERRESTRE DESAGUADERO,"SOYA, torta",84000,GRANEL,BOLIVIA
18165,2025,7,PUESTO DE CONTROL TERRESTRE DESAGUADERO,"SOYA, torta",28000,GRANEL,BOLIVIA
18166,2025,7,PUESTO DE CONTROL TERRESTRE DESAGUADERO,"SOYA, torta",28000,GRANEL,BOLIVIA
18167,2025,7,OFICINA PUESTO DE CONTROL MARITIMO - PROV. CONST. DEL CALLAO,"MADERA EN PLAQUITAS, o partículas de coníferas con algún proceso de CRF 2",4320,SACO(S),ALEMANIA
18168,2025,7,OFICINA PUESTO DE CONTROL MARITIMO - PROV. CONST. DEL CALLAO,"MADERA EN PLAQUITAS, o particulas distinta de coníferas con algún proceso de la CRF 2",4320,SACO(S),ALEMANIA
18169,2025,7,OFICINA PUESTO DE CONTROL MARITIMO - PROV. CONST. DEL CALLAO,"ASERRIN, sin aglomerar, con algún proceso de la CRF 2",2880,SACO(S),ALEMANIA
18170,2025,7,PUESTO DE CONTROL TERRESTRE DESAGUADERO,"SOYA, torta",174000,SACO(S),BOLIVIA
18171,2025,7,OFICINA PUESTO DE CONTROL MARITIMO - PROV. CONST. DEL CALLAO,"MANZANA, fruto fresco",41160,CAJA(S),CHILE
18172,2025,7,OFICINA PUESTO DE CONTROL MARITIMO - PROV. CONST. DEL CALLAO,"TRIGO, grano",6153802,GRANEL,EEUU
18173,2025,7,OFICINA PUESTO DE CONTROL MARITIMO - PROV. CONST. DEL CALLAO,"TRIGO, grano",2897442,GRANEL,EEUU
18174,2025,7,PUESTO DE CONTROL TERRESTRE DESAGUADERO,"SOYA, torta",56000,GRANEL,BOLIVIA
18175,2025,7,PUESTO DE CONTROL TERRESTRE DESAGUADERO,"SOYA, torta",55600,GRANEL,BOLIVIA
18176,2025,7,"AGUAS VERDES, TUMBES","Las demás coniferas, las demas maderas aserradas o desbastadas longitudinalmente, cortada o desenrollada, incluso cepillada,lijada o unida por lo extremos, de espesor superior a 6 mm, con algun tratamiento de la CRF 2",29410,PIEZAS,ECUADOR
18177,2025,7,OFICINA PUESTO DE CONTROL MARITIMO - PROV. CONST. DEL CALLAO,"PERA, fruta fresca",22680,CAJA(S),ARGENTINA
18178,2025,7,OFICINA PUESTO DE CONTROL MARITIMO - PROV. CONST. DEL CALLAO,"PERA, fruta fresca",22680,CAJA(S),ARGENTINA
18179,2025,7,OFICINA PUESTO DE CONTROL MARITIMO - PROV. CONST. DEL CALLAO,"LILIUM (=AZUCENA), bulbo",15750,CAJA(S),HOLANDA
18180,2025,7,"PUERTO DE PAITA , PIURA","ARVEJA, grano entero",48986,SACO(S),CANADA
18181,2025,7,OFICINA PUESTO DE CONTROL AEREO -  PROV. CONST. DEL CALLAO,"BERENJENA, semilla",0.027,SACHETS,HOLANDA
18182,2025,7,OFICINA PUESTO DE CONTROL AEREO -  PROV. CONST. DEL CALLAO,"TOMATE, semilla",0.013,SACHETS,FRANCIA
18183,2025,7,OFICINA PUESTO DE CONTROL AEREO -  PROV. CONST. DEL CALLAO,"PIMIENTO, semilla",0.542,SACHETS,FRANCIA
18184,2025,7,OFICINA PUESTO DE CONTROL AEREO -  PROV. CONST. DEL CALLAO,"PIMIENTO, semilla",0.093,SACHETS,FRANCIA
18185,2025,7,OFICINA PUESTO DE CONTROL AEREO -  PROV. CONST. DEL CALLAO,"PIMIENTO, semilla",0.034,SACHETS,FRANCIA
18186,2025,7,OFICINA PUESTO DE CONTROL AEREO -  PROV. CONST. DEL CALLAO,"BERENJENA, semilla",0.185,SACHETS,FRANCIA
18187,2025,7,OFICINA PUESTO DE CONTROL AEREO -  PROV. CONST. DEL CALLAO,"BERENJENA, semilla",0.228,SACHETS,FRANCIA
18188,2025,7,OFICINA PUESTO DE CONTROL AEREO -  PROV. CONST. DEL CALLAO,"SANDIA, semilla",5.13,SACHETS,HOLANDA
18189,2025,7,OFICINA PUESTO DE CONTROL AEREO -  PROV. CONST. DEL CALLAO,"TOMATE, semilla",0.0251,SACHETS,JAPON
18190,2025,7,OFICINA PUESTO DE CONTROL AEREO -  PROV. CONST. DEL CALLAO,"BERENJENA, semilla",0.027,SACHETS,HOLANDA
18191,2025,7,PUESTO DE CONTROL TERRESTRE DESAGUADERO,"SOYA, harina",145000,SACO(S),BOLIVIA
18192,2025,7,PUESTO DE CONTROL TERRESTRE DESAGUADERO,"SOYA, torta",116000,SACO(S),BOLIVIA
18193,2025,7,PUESTO DE CONTROL TERRESTRE DESAGUADERO,"SOYA, grano",27980,GRANEL,BOLIVIA
18194,2025,7,PUESTO DE CONTROL TERRESTRE DESAGUADERO,"SOYA, grano",28980,GRANEL,BOLIVIA
18195,2025,7,OFICINA PUESTO DE CONTROL AEREO -  PROV. CONST. DEL CALLAO,"PALMA ACEITERA, semilla germinada",75.3,CAJA(S),COLOMBIA
18196,2025,7,OFICINA PUESTO DE CONTROL MARITIMO - PROV. CONST. DEL CALLAO,"ARROZ, parbolizado pulido o sin cáscara",127500,SACO(S),BRASIL
18197,2025,7,OFICINA PUESTO DE CONTROL MARITIMO - PROV. CONST. DEL CALLAO,"LENTEJA, grano",47174,SACO(S),EEUU
18198,2025,7,OFICINA PUESTO DE CONTROL MARITIMO - PROV. CONST. DEL CALLAO,"ALGODON, fibra sin cardar ni peinar (>28.57 mm = o <34.92 mm)",19560,FARDOS,EEUU
18199,2025,7,PUESTO DE CONTROL TERRESTRE DESAGUADERO,"SOYA, harina",145000,SACO(S),BOLIVIA
18200,2025,7,PUESTO DE CONTROL TERRESTRE DESAGUADERO,"SOYA, torta",55580,GRANEL,BOLIVIA
18201,2025,7,PUESTO DE CONTROL TERRESTRE DESAGUADERO,"SOYA, torta",56000,GRANEL,BOLIVIA
18202,2025,7,PUESTO DE CONTROL TERRESTRE DESAGUADERO,"SOYA, torta",28000,GRANEL,BOLIVIA
18203,2025,7,PUESTO DE CONTROL TERRESTRE DESAGUADERO,"SOYA, torta",57320,GRANEL,BOLIVIA
18204,2025,7,PUESTO DE CONTROL TERRESTRE DESAGUADERO,"SOYA, torta",55800,GRANEL,BOLIVIA
18205,2025,7,PUESTO DE CONTROL TERRESTRE DESAGUADERO,"SOYA, torta",28000,GRANEL,BOLIVIA
18206,2025,7,PUESTO DE CONTROL TERRESTRE DESAGUADERO,"SOYA, torta",28870,GRANEL,BOLIVIA
18207,2025,7,OFICINA PUESTO DE CONTROL MARITIMO - PROV. CONST. DEL CALLAO,"AVENA, grano aplastado o en copos (hojuelas)",26000,SACO(S),CHILE
18208,2025,7,"PUERTO DE PAITA , PIURA","PAPA, fécula",40000,BOLSAS,ALEMANIA
18209,2025,7,PUESTO DE CONTROL TERRESTRE DESAGUADERO,"SOYA, torta",116000,SACO(S),BOLIVIA
18210,2025,7,OFICINA PUESTO DE CONTROL MARITIMO - PROV. CONST. DEL CALLAO,AZUCAR BLANCA O REFINADA (lectura polarimetrica mayor 99.5°),26500,SACO(S),COLOMBIA
18211,2025,7,OFICINA PUESTO DE CONTROL MARITIMO - PROV. CONST. DEL CALLAO,"UVA (PASAS), secas naturalmente",20000,CAJA(S),CHILE
18212,2025,7,PUESTO DE CONTROL TERRESTRE DESAGUADERO,"SOYA, torta",28000,GRANEL,BOLIVIA
18213,2025,7,PUESTO DE CONTROL TERRESTRE DESAGUADERO,"SOYA, torta",28000,GRANEL,BOLIVIA
18214,2025,7,PUESTO DE CONTROL TERRESTRE DESAGUADERO,"SOYA, torta",28000,GRANEL,BOLIVIA
18215,2025,7,PUESTO DE CONTROL TERRESTRE DESAGUADERO,"SOYA, torta",28000,GRANEL,BOLIVIA
18216,2025,7,PUESTO DE CONTROL TERRESTRE DESAGUADERO,"SOYA, torta",28000,GRANEL,BOLIVIA
18217,2025,7,PUESTO DE CONTROL TERRESTRE DESAGUADERO,"SOYA, torta",28000,GRANEL,BOLIVIA
18218,2025,7,PUESTO DE CONTROL TERRESTRE DESAGUADERO,"SOYA, torta",28000,GRANEL,BOLIVIA
18219,2025,7,OFICINA PUESTO DE CONTROL MARITIMO - PROV. CONST. DEL CALLAO,"MANZANA, fruta fresca",20580,CAJA(S),EEUU
18220,2025,7,PUESTO DE CONTROL TERRESTRE DESAGUADERO,"SOYA, torta",52000,GRANEL,BOLIVIA
18221,2025,7,OFICINA PUESTO DE CONTROL MARITIMO - PROV. CONST. DEL CALLAO,AZUCAR BLANCA O REFINADA (lectura polarimetrica mayor 99.5°),185500,SACO(S),NICARAGUA
18222,2025,7,OFICINA PUESTO DE CONTROL MARITIMO - PROV. CONST. DEL CALLAO,AZUCAR BLANCA O REFINADA (lectura polarimetrica mayor 99.5°),185500,SACO(S),NICARAGUA
18223,2025,7,OFICINA PUESTO DE CONTROL MARITIMO - PROV. CONST. DEL CALLAO,AZUCAR BLANCA O REFINADA (lectura polarimetrica mayor 99.5°),185500,SACO(S),NICARAGUA
18224,2025,7,OFICINA PUESTO DE CONTROL MARITIMO - PROV. CONST. DEL CALLAO,AZUCAR BLANCA O REFINADA (lectura polarimetrica mayor 99.5°),132500,SACO(S),COLOMBIA
18225,2025,7,PUESTO DE CONTROL TERRESTRE DESAGUADERO,"SOYA, torta",145000,SACO(S),BOLIVIA
18226,2025,7,PUESTO DE CONTROL TERRESTRE DESAGUADERO,"SOYA, torta",145000,SACO(S),BOLIVIA
18227,2025,7,OFICINA PUESTO DE CONTROL MARITIMO - PROV. CONST. DEL CALLAO,"MANZANA, fruta fresca",20580,CAJA(S),EEUU
18228,2025,7,OFICINA PUESTO DE CONTROL MARITIMO - PROV. CONST. DEL CALLAO,"PERA, fruta fresca",22680,CAJA(S),ARGENTINA
18229,2025,7,"SANTA ROSA, TACNA","MANZANA, fruto fresco",22344,CAJA(S),CHILE
18230,2025,7,"SANTA ROSA, TACNA","MANZANA, fruto fresco",22344,CAJA(S),CHILE
18231,2025,7,"SANTA ROSA, TACNA","MANZANA, fruto fresco",22932,CAJA(S),CHILE
18232,2025,7,OFICINA PUESTO DE CONTROL MARITIMO - PROV. CONST. DEL CALLAO,"VAINITA, semilla",11974.83,BOLSAS,EEUU
18233,2025,7,OFICINA PUESTO DE CONTROL MARITIMO - PROV. CONST. DEL CALLAO,"PIMIENTA, molida",1000,BOLSAS,VIETNAM
18234,2025,7,"SANTA ROSA, TACNA","KIWI, fruto fresco",18270,CAJA(S),CHILE
18235,2025,7,OFICINA PUESTO DE CONTROL MARITIMO - PROV. CONST. DEL CALLAO,"MANZANA, fruto fresco",39748.8,CAJA(S),CHILE
18236,2025,7,"SANTA ROSA, TACNA","LENTEJA, grano",24902,SACO(S),CANADA
18237,2025,7,OFICINA PUESTO DE CONTROL MARITIMO - PROV. CONST. DEL CALLAO,"TRIGO, grano",18665540,GRANEL,EEUU
18238,2025,7,OFICINA PUESTO DE CONTROL AEREO -  PROV. CONST. DEL CALLAO,"GIRASOL, semilla",0.505,SOBRES,FRANCIA
18239,2025,7,OFICINA PUESTO DE CONTROL MARITIMO - PROV. CONST. DEL CALLAO,AZUCAR BLANCA O REFINADA (lectura polarimetrica mayor 99.5°),52000,SACO(S),COLOMBIA
18240,2025,7,PUESTO DE CONTROL TERRESTRE DESAGUADERO,"SOYA, torta",86000,SACO(S),BOLIVIA
18241,2025,7,PUESTO DE CONTROL TERRESTRE DESAGUADERO,"SOYA, torta",116000,SACO(S),BOLIVIA
18242,2025,7,PUESTO DE CONTROL TERRESTRE DESAGUADERO,"MANI, grano sin cáscara",27900,SACO(S),BOLIVIA
18243,2025,7,"SANTA ROSA, TACNA","MANZANA, fruto fresco",22932,CAJA(S),CHILE
18244,2025,7,OFICINA PUESTO DE CONTROL AEREO -  PROV. CONST. DEL CALLAO,"COLECCIONES Y ESPECIMENES, para colecciones de zoología, botánica secas
",9.2,CAJA(S),INDONESIA
18245,2025,7,OFICINA PUESTO DE CONTROL MARITIMO - PROV. CONST. DEL CALLAO,"LINAZA, grano",68764,BOLSAS,CANADA
18246,2025,7,OFICINA PUESTO DE CONTROL AEREO -  PROV. CONST. DEL CALLAO,"ANTURIO, planta",195,CAJA(S),HOLANDA
18247,2025,7,"AGUAS VERDES, TUMBES","CACAO, grano",24081,SACO(S),ECUADOR
18248,2025,7,"SANTA ROSA, TACNA","PINO, madera aserrada con tratamiento de secado al horno impregnación de sales",21320,PAQUETES,CHILE
18249,2025,7,OFICINA PUESTO DE CONTROL MARITIMO - PROV. CONST. DEL CALLAO,"PINO, madera aserrada, con tratamiento de secado al horno o impregnación de sales",21530,PAQUETES,EEUU
18250,2025,7,PUESTO DE CONTROL TERRESTRE DESAGUADERO,"SOYA, harina",112000,SACO(S),BOLIVIA
18251,2025,7,PUESTO DE CONTROL TERRESTRE DESAGUADERO,"SOYA, torta",174000,SACO(S),BOLIVIA
18252,2025,7,PUESTO DE CONTROL TERRESTRE DESAGUADERO,"SOYA, harina",174000,SACO(S),BOLIVIA
18253,2025,7,PUESTO DE CONTROL TERRESTRE DESAGUADERO,"MANI, grano sin cáscara",58000,SACO(S),BOLIVIA
18254,2025,7,OFICINA PUESTO DE CONTROL MARITIMO - PROV. CONST. DEL CALLAO,"ANIS ESTRELLA, trituradas o pulverizadas",1000,CAJA(S),VIETNAM
18255,2025,7,OFICINA PUESTO DE CONTROL MARITIMO - PROV. CONST. DEL CALLAO,AZUCAR BLANCA O REFINADA (lectura polarimetrica mayor 99.5°),131847,SACO(S),COLOMBIA
18256,2025,7,OFICINA PUESTO DE CONTROL MARITIMO - PROV. CONST. DEL CALLAO,"MAQUINARIA Y APARATOS PARA LA AGRICULTURA, HORTICULTURA O SILVICULTURA, usados",293,CAJA(S),CHILE
18257,2025,7,PUESTO DE CONTROL TERRESTRE DESAGUADERO,"MANI, grano sin cáscara",53000,SACO(S),BOLIVIA
18258,2025,7,OFICINA PUESTO DE CONTROL AEREO -  PROV. CONST. DEL CALLAO,"TE VERDE, hoja polvo",10,BOLSAS,CHINA
18259,2025,7,PUESTO DE CONTROL TERRESTRE DESAGUADERO,"AJONJOLI, grano",60000,SACO(S),BOLIVIA
18260,2025,7,PUESTO DE CONTROL TERRESTRE DESAGUADERO,AZUCAR BLANCA O REFINADA (lectura polarimetrica mayor 99.5°),28000,SACO(S),BOLIVIA
18261,2025,7,OFICINA PUESTO DE CONTROL MARITIMO - PROV. CONST. DEL CALLAO,"AJONJOLI, grano",25000,SACO(S),PARAGUAY
18262,2025,7,"SANTA ROSA, TACNA","MANZANA, fruto fresco",23520,CAJA(S),CHILE
18263,2025,7,"SANTA ROSA, TACNA","MANZANA, fruto fresco",22540,CAJA(S),CHILE
18264,2025,7,OFICINA PUESTO DE CONTROL MARITIMO - PROV. CONST. DEL CALLAO,"MATERIAS VEGETALES, para tallar trabajadas con algun proceso de la CRF 2",1058.529,UNIDADES,CHINA
18265,2025,7,OFICINA PUESTO DE CONTROL MARITIMO - PROV. CONST. DEL CALLAO,"AVENA, grano aplastado o en copos (hojuelas)",26250,BOLSAS,CHILE
18266,2025,7,OFICINA PUESTO DE CONTROL MARITIMO - PROV. CONST. DEL CALLAO,"AVENA, grano trabajado (mondado, perlado, troceado o quebrantado)",25750,BOLSAS,CHILE
18267,2025,7,OFICINA PUESTO DE CONTROL MARITIMO - PROV. CONST. DEL CALLAO,"ARVEJA, grano partido",124740,SACO(S),EEUU
18268,2025,7,OFICINA PUESTO DE CONTROL MARITIMO - PROV. CONST. DEL CALLAO,"LENTEJA, grano",101469,SACO(S),CANADA
18269,2025,7,OFICINA PUESTO DE CONTROL AEREO -  PROV. CONST. DEL CALLAO,"HORTALIZAS,las demas y mezclas(incluso silv.),secas,trituradas,pulverizadas",0.1,FRASCO(S),COREA DEL SUR
18270,2025,7,OFICINA PUESTO DE CONTROL AEREO -  PROV. CONST. DEL CALLAO,"PIMIENTO, semilla",8.596,SOBRES,EEUU
18271,2025,7,OFICINA PUESTO DE CONTROL MARITIMO - PROV. CONST. DEL CALLAO,"CANELA, corteza entera seca al natural",3130,CAJA(S),VIETNAM
18272,2025,7,"IÑAPARI, MADRE DE DIOS","MAIZ AMARILLO DURO, grano",64000,SACO(S),BRASIL
18273,2025,7,"PUERTO DE SALAVERRY, LA LIBERTAD","SOYA, torta",3434000,GRANEL,URUGUAY
18274,2025,7,PUESTO DE CONTROL TERRESTRE DESAGUADERO,"SOYA, torta",145000,SACO(S),BOLIVIA
18275,2025,7,OFICINA PUESTO DE CONTROL MARITIMO - PROV. CONST. DEL CALLAO,"ALGODON, fibra sin cardar ni peinar (>22.22 mm = o <28.57 mm)",19940,FARDOS,EEUU
18276,2025,7,OFICINA PUESTO DE CONTROL MARITIMO - PROV. CONST. DEL CALLAO,"ALGODON, fibra sin cardar ni peinar (>22.22 mm = o <28.57 mm)",19590,FARDOS,EEUU
18277,2025,7,OFICINA PUESTO DE CONTROL MARITIMO - PROV. CONST. DEL CALLAO,"TE VERDE, triturado",400,CAJA(S),CHINA
18278,2025,7,OFICINA PUESTO DE CONTROL MARITIMO - PROV. CONST. DEL CALLAO,"AJI, seco industrial",50,CAJA(S),CHINA
18279,2025,7,OFICINA PUESTO DE CONTROL MARITIMO - PROV. CONST. DEL CALLAO,"MEZCLA DE ESPECIAS, molida",1175,CAJA(S),CHINA
18280,2025,7,OFICINA PUESTO DE CONTROL MARITIMO - PROV. CONST. DEL CALLAO,"TRIGO, harina",2737.62,CAJA(S),CHINA
18281,2025,7,OFICINA PUESTO DE CONTROL MARITIMO - PROV. CONST. DEL CALLAO,"ARROZ, harina",3360,CAJA(S),CHINA
18282,2025,7,OFICINA PUESTO DE CONTROL MARITIMO - PROV. CONST. DEL CALLAO,"YUTE, sacos",25900,SACOS DE YUTE,BANGLADESH
18283,2025,7,OFICINA PUESTO DE CONTROL MARITIMO - PROV. CONST. DEL CALLAO,"Articulos para fiestas de navidad que sean o contengan material vegetal
",13283.798,CAJA(S),CHINA
18284,2025,7,"PUERTO DE SALAVERRY, LA LIBERTAD","MAIZ AMARILLO DURO, grano",16646560,GRANEL,ARGENTINA
18285,2025,7,"PUERTO DE SALAVERRY, LA LIBERTAD","SOYA, torta",3640020,GRANEL,ARGENTINA
18286,2025,7,"PUERTO DE PAITA , PIURA","SOYA, torta",3.00E+06,GRANEL,ARGENTINA
18287,2025,7,"PUERTO DE PAITA , PIURA","MAIZ AMARILLO DURO, grano",8700000,GRANEL,ARGENTINA
18288,2025,7,OFICINA PUESTO DE CONTROL MARITIMO - PROV. CONST. DEL CALLAO,"LENTEJA, grano",70761,SACO(S),EEUU
18289,2025,7,OFICINA PUESTO DE CONTROL AEREO -  PROV. CONST. DEL CALLAO,"ZAPALLITO ITALIANO (CALABACIN), semilla",29.54,BOLSAS,FRANCIA
18290,2025,7,OFICINA PUESTO DE CONTROL AEREO -  PROV. CONST. DEL CALLAO,"MELON, semilla",12.731,SACHETS,HOLANDA
18291,2025,7,OFICINA PUESTO DE CONTROL AEREO -  PROV. CONST. DEL CALLAO,"PIMIENTO, semilla",0.327,SACHETS,EEUU
18292,2025,7,OFICINA PUESTO DE CONTROL MARITIMO - PROV. CONST. DEL CALLAO,"NUEZ, con cáscara seca al natural",40000,SACO(S),CHILE
18293,2025,7,"SANTA ROSA, TACNA","PERA, fruta fresca",22540,CAJA(S),CHILE
18294,2025,7,OFICINA PUESTO DE CONTROL MARITIMO - PROV. CONST. DEL CALLAO,"LENTEJA, grano",49888,SACO(S),CANADA
18295,2025,7,"SANTA ROSA, TACNA","MANZANA, fruto fresco",23520,CAJA(S),CHILE
18296,2025,7,PUESTO DE CONTROL TERRESTRE DESAGUADERO,"SOYA, torta",145000,SACO(S),BOLIVIA
18297,2025,7,PUESTO DE CONTROL TERRESTRE DESAGUADERO,"SOYA, torta",116000,SACO(S),BOLIVIA
18298,2025,7,OFICINA PUESTO DE CONTROL MARITIMO - PROV. CONST. DEL CALLAO,"PINO, madera aserrada con algún proceso de la CRF2",286245,PAQUETES,CHILE
18299,2025,7,OFICINA PUESTO DE CONTROL MARITIMO - PROV. CONST. DEL CALLAO,"PINO, madera aserrada con algún proceso de la CRF2",247623,PAQUETES,CHILE
18300,2025,7,OFICINA PUESTO DE CONTROL MARITIMO - PROV. CONST. DEL CALLAO,"ALGODON, fibra sin cardar ni peinar (>28.57 mm = o <34.92 mm)",78290,FARDOS,EEUU
18301,2025,7,"SANTA ROSA, TACNA","MANZANA, fruto fresco",22304.8,CAJA(S),CHILE
18302,2025,7,OFICINA PUESTO DE CONTROL MARITIMO - PROV. CONST. DEL CALLAO,"UVA (PASAS), secas industrialmente",25000,CAJA(S),CHILE
18303,2025,7,PUESTO DE CONTROL TERRESTRE DESAGUADERO,"SOYA, torta",147000,SACO(S),BOLIVIA
18304,2025,7,PUESTO DE CONTROL TERRESTRE DESAGUADERO,"SOYA, torta",174000,SACO(S),BOLIVIA
18305,2025,7,PUESTO DE CONTROL TERRESTRE DESAGUADERO,"SOYA, torta",146000,SACO(S),BOLIVIA
18306,2025,7,PUESTO DE CONTROL TERRESTRE DESAGUADERO,"SOYA, harina",87000,SACO(S),BOLIVIA
18307,2025,7,PUESTO DE CONTROL TERRESTRE DESAGUADERO,"SOYA, torta",78000,SACO(S),BOLIVIA
18308,2025,7,PUESTO DE CONTROL TERRESTRE DESAGUADERO,"SOYA, torta",112000,SACO(S),BOLIVIA
18309,2025,7,PUESTO DE CONTROL TERRESTRE DESAGUADERO,"SOYA, torta",120000,SACO(S),BOLIVIA
18310,2025,7,OFICINA PUESTO DE CONTROL MARITIMO - PROV. CONST. DEL CALLAO,"CEBOLLA, triturada o pulverizada",149.685,PAQUETES,EEUU
18311,2025,7,OFICINA PUESTO DE CONTROL MARITIMO - PROV. CONST. DEL CALLAO,"AJO, polvo",1205.818,PAQUETES,EEUU
18312,2025,7,OFICINA PUESTO DE CONTROL MARITIMO - PROV. CONST. DEL CALLAO,"AJO CON PEREJIL, molido",158.19,PAQUETES,EEUU
18313,2025,7,OFICINA PUESTO DE CONTROL MARITIMO - PROV. CONST. DEL CALLAO,"PIÑON, sin cascara seca industrialmente",32.659,PAQUETES,EEUU
18314,2025,7,OFICINA PUESTO DE CONTROL MARITIMO - PROV. CONST. DEL CALLAO,"PIMIENTA, mezcla con algún proceso de la CRF 2",40.823,PAQUETES,EEUU
18315,2025,7,OFICINA PUESTO DE CONTROL MARITIMO - PROV. CONST. DEL CALLAO,"PIMIENTA, molida",1300.563,PAQUETES,EEUU
18316,2025,7,OFICINA PUESTO DE CONTROL MARITIMO - PROV. CONST. DEL CALLAO,"PIMENTON, polvo",892.67,PAQUETES,EEUU
18317,2025,7,OFICINA PUESTO DE CONTROL MARITIMO - PROV. CONST. DEL CALLAO,"CANELA, triturada o pulverizada (molida)",1396.156,PAQUETES,EEUU
18318,2025,7,OFICINA PUESTO DE CONTROL MARITIMO - PROV. CONST. DEL CALLAO,"NUEZ MOSCADA, sin triturar ni pulverizar con secado al horno",81.792,PAQUETES,EEUU
18319,2025,7,OFICINA PUESTO DE CONTROL MARITIMO - PROV. CONST. DEL CALLAO,"NUEZ MOSCADA, triturada o molida",108.862,PAQUETES,EEUU
18320,2025,7,OFICINA PUESTO DE CONTROL MARITIMO - PROV. CONST. DEL CALLAO,"COMINO, triturado y/o pulverizado",244.94,PAQUETES,EEUU
18321,2025,7,OFICINA PUESTO DE CONTROL MARITIMO - PROV. CONST. DEL CALLAO,"JENJIBRE(=KION), triturado o pulverizado",310.257,PAQUETES,EEUU
18322,2025,7,OFICINA PUESTO DE CONTROL MARITIMO - PROV. CONST. DEL CALLAO,"AZAFRAN, filamento seco industrialmente",0.922,PAQUETES,EEUU
18323,2025,7,OFICINA PUESTO DE CONTROL MARITIMO - PROV. CONST. DEL CALLAO,"CURCUMA, polvo",136.078,PAQUETES,EEUU
18324,2025,7,OFICINA PUESTO DE CONTROL MARITIMO - PROV. CONST. DEL CALLAO,"LAUREL, hoja seca industrial",9.798,PAQUETES,EEUU
18325,2025,7,OFICINA PUESTO DE CONTROL MARITIMO - PROV. CONST. DEL CALLAO,"ESTRAGON (=ARTEMIASA), seco industrial",30.731,PAQUETES,EEUU
18326,2025,7,OFICINA PUESTO DE CONTROL MARITIMO - PROV. CONST. DEL CALLAO,"TOMILLO, hoja seca industrial",57.153,PAQUETES,EEUU
18327,2025,7,OFICINA PUESTO DE CONTROL MARITIMO - PROV. CONST. DEL CALLAO,"OREGANO, con algún con proceso de CRF 2",235.074,PAQUETES,EEUU
18328,2025,7,OFICINA PUESTO DE CONTROL MARITIMO - PROV. CONST. DEL CALLAO,"ROMERO, secado industrial",40.823,PAQUETES,EEUU
18329,2025,7,"AGUAS VERDES, TUMBES","CAÑA DE GUAYAQUIL, seca al natural",30000,UNIDADES,ECUADOR
18330,2025,7,PUESTO DE CONTROL TERRESTRE DESAGUADERO,"SOYA, torta",56000,GRANEL,BOLIVIA
18331,2025,7,OFICINA PUESTO DE CONTROL MARITIMO - PROV. CONST. DEL CALLAO,AZUCAR BLANCA O REFINADA (lectura polarimetrica mayor 99.5°),50000,SACO(S),COLOMBIA
18332,2025,7,PUESTO DE CONTROL TERRESTRE DESAGUADERO,"SOYA, torta",56000,GRANEL,BOLIVIA
18333,2025,7,OFICINA PUESTO DE CONTROL MARITIMO - PROV. CONST. DEL CALLAO,AZUCAR BLANCA O REFINADA (lectura polarimetrica mayor 99.5°),180000,BIG BAG,COLOMBIA
18334,2025,7,OFICINA PUESTO DE CONTROL MARITIMO - PROV. CONST. DEL CALLAO,AZUCAR BLANCA O REFINADA (lectura polarimetrica mayor 99.5°),58500,SACO(S),COLOMBIA
18335,2025,7,OFICINA PUESTO DE CONTROL AEREO -  PROV. CONST. DEL CALLAO,"UVA (PASAS), secas industrialmente",10,CAJA(S),CHILE
18336,2025,7,OFICINA PUESTO DE CONTROL MARITIMO - PROV. CONST. DEL CALLAO,"ARROZ, grano pilado",125000,SACO(S),URUGUAY
18337,2025,7,PUESTO DE CONTROL TERRESTRE DESAGUADERO,"SOYA, torta",28000,GRANEL,BOLIVIA
18338,2025,7,OFICINA PUESTO DE CONTROL MARITIMO - PROV. CONST. DEL CALLAO,"MANZANA, fruta fresca",20580,CAJA(S),EEUU
18339,2025,7,OFICINA PUESTO DE CONTROL MARITIMO - PROV. CONST. DEL CALLAO,"ALGODON, fibra sin cardar ni peinar (>28.57 mm = o <34.92 mm)",181770,FARDOS,EEUU
18340,2025,7,PUESTO DE CONTROL TERRESTRE DESAGUADERO,"SOYA, grano",22990,GRANEL,BOLIVIA
18341,2025,7,PUESTO DE CONTROL TERRESTRE DESAGUADERO,"SOYA, torta",113000,SACO(S),BOLIVIA
18342,2025,7,PUESTO DE CONTROL TERRESTRE DESAGUADERO,"SOYA, torta",114000,SACO(S),BOLIVIA
18343,2025,7,PUESTO DE CONTROL TERRESTRE DESAGUADERO,"SOYA, torta",115000,SACO(S),BOLIVIA
18344,2025,7,PUESTO DE CONTROL TERRESTRE DESAGUADERO,"SOYA, torta",116000,SACO(S),BOLIVIA
18345,2025,7,OFICINA PUESTO DE CONTROL MARITIMO - PROV. CONST. DEL CALLAO,"MANZANA, fruto fresco",19756.8,CAJA(S),CHILE
18346,2025,7,PUESTO DE CONTROL TERRESTRE DESAGUADERO,"SOYA, torta",138440,SACO(S),BOLIVIA
18347,2025,7,"SANTA ROSA, TACNA","FREJOL NEGRO, grano",108000,SACO(S),ARGENTINA
18348,2025,7,OFICINA PUESTO DE CONTROL MARITIMO - PROV. CONST. DEL CALLAO,"PAPRIKA,  triturado o pulverizado",15000,SACO(S),CHINA
18349,2025,7,"SANTA ROSA, TACNA","PERA, fruta fresca",22932,CAJA(S),ARGENTINA
18350,2025,7,OFICINA PUESTO DE CONTROL MARITIMO - PROV. CONST. DEL CALLAO,"MANZANA, fruta fresca",20580,CAJA(S),EEUU
18351,2025,7,"IÑAPARI, MADRE DE DIOS","ALIMENTO PARA ANIMALES, mezcla de granos molidos o pulverizados, sin ningún aditivo",32000,SACO(S),BRASIL
18352,2025,7,OFICINA PUESTO DE CONTROL MARITIMO - PROV. CONST. DEL CALLAO,"PINO, madera aserrada con algún proceso de la CRF2",51150,PAQUETES,CHILE
18353,2025,7,OFICINA PUESTO DE CONTROL MARITIMO - PROV. CONST. DEL CALLAO,"CAUCHO, técnicamente especificado (TSNR)",40320,PALETAS,INDONESIA
18354,2025,7,OFICINA PUESTO DE CONTROL MARITIMO - PROV. CONST. DEL CALLAO,"CAUCHO, técnicamente especificado (TSNR)",100800,PALETAS,INDONESIA
18355,2025,7,PUESTO DE CONTROL TERRESTRE DESAGUADERO,"MANI, grano sin cáscara",29000,SACO(S),BOLIVIA
18356,2025,7,OFICINA PUESTO DE CONTROL MARITIMO - PROV. CONST. DEL CALLAO,AZUCAR BLANCA O REFINADA (lectura polarimetrica mayor 99.5°),132269,SACO(S),COLOMBIA
18357,2025,7,PUESTO DE CONTROL TERRESTRE DESAGUADERO,"SOYA, torta",55000,GRANEL,BOLIVIA
18358,2025,7,PUESTO DE CONTROL TERRESTRE DESAGUADERO,"SOYA, torta",56000,GRANEL,BOLIVIA
18359,2025,7,PUESTO DE CONTROL TERRESTRE DESAGUADERO,"SOYA, torta",56000,GRANEL,BOLIVIA
18360,2025,7,PUESTO DE CONTROL TERRESTRE DESAGUADERO,"SOYA, torta",56000,GRANEL,BOLIVIA
18361,2025,7,PUESTO DE CONTROL TERRESTRE DESAGUADERO,"SOYA, torta",84000,GRANEL,BOLIVIA
18362,2025,7,PUESTO DE CONTROL TERRESTRE DESAGUADERO,"SOYA, grano",56000,GRANEL,BOLIVIA
18363,2025,7,OFICINA PUESTO DE CONTROL AEREO -  PROV. CONST. DEL CALLAO,"PALMA ACEITERA, semilla germinada",153,CAJA(S),INDONESIA
18364,2025,7,PUESTO DE CONTROL TERRESTRE DESAGUADERO,"SOYA, torta",55400,GRANEL,BOLIVIA
18365,2025,7,PUESTO DE CONTROL TERRESTRE DESAGUADERO,"SOYA, torta",56000,GRANEL,BOLIVIA
18366,2025,7,PUESTO DE CONTROL TERRESTRE DESAGUADERO,"SOYA, torta",112000,GRANEL,BOLIVIA
18367,2025,7,PUESTO DE CONTROL TERRESTRE DESAGUADERO,"SOYA, torta",113500,SACO(S),BOLIVIA
18368,2025,7,PUESTO DE CONTROL TERRESTRE DESAGUADERO,"SOYA, torta",116000,SACO(S),BOLIVIA
18369,2025,7,PUESTO DE CONTROL TERRESTRE DESAGUADERO,"SOYA, torta",114000,SACO(S),BOLIVIA
18370,2025,7,PUESTO DE CONTROL TERRESTRE DESAGUADERO,"SOYA, torta",145000,SACO(S),BOLIVIA
18371,2025,7,"SANTA ROSA, TACNA","LENTEJA, grano",184208,SACO(S),CANADA
18372,2025,7,OFICINA PUESTO DE CONTROL AEREO -  PROV. CONST. DEL CALLAO,"TRUFAS (Tuber spp), frescas o refrigeradas",2.01,BOLSAS,CHILE
18373,2025,7,OFICINA PUESTO DE CONTROL MARITIMO - PROV. CONST. DEL CALLAO,"COCO, fibra (para sustrato)",91230,PIEZAS,SRI LANKA
18374,2025,7,OFICINA PUESTO DE CONTROL MARITIMO - PROV. CONST. DEL CALLAO,"CAUCHO, hojas ahumadas",26460,PALETAS,VIETNAM
18375,2025,7,OFICINA PUESTO DE CONTROL MARITIMO - PROV. CONST. DEL CALLAO,"Guadañadoras, incluidas barras de corte para montar sobre un tractor usadas
",1180,UNIDADES,CHINA
18376,2025,7,OFICINA PUESTO DE CONTROL MARITIMO - PROV. CONST. DEL CALLAO,"Prensas para paja o forraje, incluidas prensas recogedoras usadas
",1700,UNIDADES,CHINA
18377,2025,7,OFICINA PUESTO DE CONTROL MARITIMO - PROV. CONST. DEL CALLAO,"Las demas partes de maquinas, aparatos y artefactos de cosecha o trillar, maquinarias para limpieza, usadas
",10,UNIDADES,CHINA
18378,2025,7,OFICINA PUESTO DE CONTROL MARITIMO - PROV. CONST. DEL CALLAO,"TRACTOR USADO, con motor de potencia superior a 75 kW pero inferior o igual a 130 kW",9230,UNIDADES,CHINA
18379,2025,7,OFICINA PUESTO DE CONTROL MARITIMO - PROV. CONST. DEL CALLAO,"MAIZ, harina",108000,SACO(S),COLOMBIA
18380,2025,7,OFICINA PUESTO DE CONTROL MARITIMO - PROV. CONST. DEL CALLAO,AZUCAR BLANCA O REFINADA (lectura polarimetrica mayor 99.5°),79500,SACO(S),COLOMBIA
18381,2025,7,OFICINA PUESTO DE CONTROL MARITIMO - PROV. CONST. DEL CALLAO,AZUCAR BLANCA O REFINADA (lectura polarimetrica mayor 99.5°),132500,SACO(S),COLOMBIA
18382,2025,7,OFICINA PUESTO DE CONTROL MARITIMO - PROV. CONST. DEL CALLAO,AZUCAR BLANCA O REFINADA (lectura polarimetrica mayor 99.5°),19977.36,BIG BAG,COLOMBIA
18383,2025,7,OFICINA PUESTO DE CONTROL MARITIMO - PROV. CONST. DEL CALLAO,AZUCAR BLANCA O REFINADA (lectura polarimetrica mayor 99.5°),6492.64,SACO(S),COLOMBIA
18384,2025,7,OFICINA PUESTO DE CONTROL MARITIMO - PROV. CONST. DEL CALLAO,"FLOR DE JAMAICA, seca natural",35510,SACO(S),NIGERIA
18385,2025,7,OFICINA PUESTO DE CONTROL MARITIMO - PROV. CONST. DEL CALLAO,"LENTEJA, grano",155946,SACO(S),CANADA
18386,2025,7,"PUERTO DE SALAVERRY, LA LIBERTAD","SOYA, torta",27338930,GRANEL,URUGUAY
18387,2025,7,"PUERTO DE MATARANI , AREQUIPA","MAIZ AMARILLO DURO, grano",27200000,GRANEL,ARGENTINA
18388,2025,7,"PUERTO DE PISCO , ICA","SOYA, torta",5500590,GRANEL,URUGUAY
18389,2025,7,PUESTO DE CONTROL TERRESTRE DESAGUADERO,AZUCAR BLANCA O REFINADA (lectura polarimetrica mayor 99.5°),116000,SACO(S),BOLIVIA
18390,2025,7,OFICINA PUESTO DE CONTROL MARITIMO - PROV. CONST. DEL CALLAO,"AZUCAR CRUDA, sólido",250000,SACO(S),GUATEMALA
18391,2025,7,PUESTO DE CONTROL TERRESTRE DESAGUADERO,"SOYA, torta",27980,GRANEL,BOLIVIA
18392,2025,7,PUESTO DE CONTROL TERRESTRE DESAGUADERO,"SOYA, torta",55980,GRANEL,BOLIVIA
18393,2025,7,OFICINA PUESTO DE CONTROL MARITIMO - PROV. CONST. DEL CALLAO,"TREBOL  ROJO, semilla",14968.8,SACO(S),EEUU
18394,2025,7,OFICINA PUESTO DE CONTROL MARITIMO - PROV. CONST. DEL CALLAO,"TREBOL BLANCO, semilla",2993.76,SACO(S),EEUU
18395,2025,7,Puerto de Chancay,"MAIZ AMARILLO DURO, grano",7201100,GRANEL,ARGENTINA
18396,2025,7,Puerto de Chancay,"SOYA, torta",16191200,GRANEL,ARGENTINA
18397,2025,7,OFICINA PUESTO DE CONTROL MARITIMO - PROV. CONST. DEL CALLAO,"AVENA, grano aplastado o en copos (hojuelas)",26250,SACO(S),CHILE
18398,2025,7,OFICINA PUESTO DE CONTROL MARITIMO - PROV. CONST. DEL CALLAO,AZUCAR BLANCA O REFINADA (lectura polarimetrica mayor 99.5°),26450,SACO(S),COLOMBIA
18399,2025,7,PUESTO DE CONTROL TERRESTRE DESAGUADERO,AZUCAR BLANCA O REFINADA (lectura polarimetrica mayor 99.5°),174000,SACO(S),BOLIVIA
18400,2025,7,OFICINA PUESTO DE CONTROL MARITIMO - PROV. CONST. DEL CALLAO,"PASTO, mezcla de semillas",17985.24,SACO(S),EEUU
18401,2025,7,"PUERTO DE SALAVERRY, LA LIBERTAD","SOYA, torta",13027540,GRANEL,URUGUAY
18402,2025,7,PUESTO DE CONTROL TERRESTRE DESAGUADERO,"SOYA, torta",113000,GRANEL,BOLIVIA
18403,2025,7,PUESTO DE CONTROL TERRESTRE DESAGUADERO,"SOYA, torta",84000,GRANEL,BOLIVIA
18404,2025,7,PUESTO DE CONTROL TERRESTRE DESAGUADERO,"SOYA, torta",56000,GRANEL,BOLIVIA
18405,2025,7,OFICINA PUESTO DE CONTROL MARITIMO - PROV. CONST. DEL CALLAO,"FREJOL, grano",41730,SACO(S),EEUU
18406,2025,7,OFICINA PUESTO DE CONTROL MARITIMO - PROV. CONST. DEL CALLAO,"AVENA, grano trabajado (mondado, perlado, troceado o quebrantado)",95975,SACO(S),CHILE
18407,2025,7,PUESTO DE CONTROL TERRESTRE DESAGUADERO,"SOYA, torta",146500,SACO(S),BOLIVIA
18408,2025,7,PUESTO DE CONTROL TERRESTRE DESAGUADERO,"SOYA, torta",87000,SACO(S),BOLIVIA
18409,2025,7,PUESTO DE CONTROL TERRESTRE DESAGUADERO,"SOYA, torta",146500,SACO(S),BOLIVIA
18410,2025,7,PUESTO DE CONTROL TERRESTRE DESAGUADERO,"SOYA, harina",174000,SACO(S),BOLIVIA
18411,2025,7,"PUERTO DE PAITA , PIURA","COCO, fibra (para sustrato)",352800,PALETAS,INDIA
18412,2025,7,"PUERTO DE PAITA , PIURA","COCO, fibra (para sustrato)",236250,PALETAS,INDIA
18413,2025,7,"PUERTO DE PAITA , PIURA","COCO, fibra (para sustrato)",233009,PALETAS,INDIA
18414,2025,7,"PUERTO DE PAITA , PIURA","COCO, fibra (para sustrato)",240450,PALETAS,INDIA
18415,2025,7,"PUERTO DE PAITA , PIURA","COCO, fibra (para sustrato)",359100,PALETAS,INDIA
18416,2025,7,"IÑAPARI, MADRE DE DIOS","MAIZ AMARILLO DURO, grano",60000,SACO(S),BRASIL
18417,2025,7,"PUERTO DE SALAVERRY, LA LIBERTAD","SOYA, torta",5555000,GRANEL,URUGUAY
18418,2025,7,PUESTO DE CONTROL TERRESTRE DESAGUADERO,"SOYA, torta",145000,SACO(S),BOLIVIA
18419,2025,7,PUESTO DE CONTROL TERRESTRE DESAGUADERO,"SOYA, torta",145000,SACO(S),BOLIVIA
18420,2025,7,PUESTO DE CONTROL TERRESTRE DESAGUADERO,"SOYA, harina",56000,SACO(S),BOLIVIA
18421,2025,7,PUESTO DE CONTROL TERRESTRE DESAGUADERO,"SOYA, torta",55300,GRANEL,BOLIVIA
18422,2025,7,PUESTO DE CONTROL TERRESTRE DESAGUADERO,"SOYA, torta",83400,GRANEL,BOLIVIA
18423,2025,7,OFICINA PUESTO DE CONTROL MARITIMO - PROV. CONST. DEL CALLAO,"AJONJOLI, grano",25000,SACO(S),INDIA
18424,2025,7,OFICINA PUESTO DE CONTROL MARITIMO - PROV. CONST. DEL CALLAO,"COCO, rallado seco industrial",10000,SACO(S),INDIA
18425,2025,7,OFICINA PUESTO DE CONTROL MARITIMO - PROV. CONST. DEL CALLAO,"PINO, postes de madera con algun proceso de la CRF 2",53124,PAQUETES,CHILE
18426,2025,7,OFICINA PUESTO DE CONTROL MARITIMO - PROV. CONST. DEL CALLAO,"AVENA, grano aplastado o en copos (hojuelas)",26000,SACO(S),CHILE
18427,2025,7,OFICINA PUESTO DE CONTROL MARITIMO - PROV. CONST. DEL CALLAO,"COCO, rallado seco industrial",52000,SACO(S),INDONESIA
18428,2025,7,OFICINA PUESTO DE CONTROL AEREO -  PROV. CONST. DEL CALLAO,"BROCOLI, semilla",0.725,BOLSAS,EEUU
18429,2025,7,OFICINA PUESTO DE CONTROL AEREO -  PROV. CONST. DEL CALLAO,"PALMA ACEITERA, semilla germinada",242,CAJA(S),COSTA RICA
18430,2025,7,OFICINA PUESTO DE CONTROL MARITIMO - PROV. CONST. DEL CALLAO,"COCO, rallado seco industrial",22000,SACO(S),INDIA
18431,2025,7,PUESTO DE CONTROL TERRESTRE DESAGUADERO,"SOYA, torta",28000,GRANEL,BOLIVIA
18432,2025,7,PUESTO DE CONTROL TERRESTRE DESAGUADERO,"SOYA, torta",26027,SACO(S),BOLIVIA
18433,2025,7,PUESTO DE CONTROL TERRESTRE DESAGUADERO,"SOYA, torta",56600,GRANEL,BOLIVIA
18434,2025,7,PUESTO DE CONTROL TERRESTRE DESAGUADERO,"SOYA, torta",28000,GRANEL,BOLIVIA
18435,2025,7,PUESTO DE CONTROL TERRESTRE DESAGUADERO,"SOYA, torta",27030,GRANEL,BOLIVIA
18436,2025,7,PUESTO DE CONTROL TERRESTRE DESAGUADERO,"SOYA, torta",27000,GRANEL,BOLIVIA
18437,2025,7,PUESTO DE CONTROL TERRESTRE DESAGUADERO,"SOYA, torta",55750,GRANEL,BOLIVIA
18438,2025,7,PUESTO DE CONTROL TERRESTRE DESAGUADERO,"SOYA, torta",55310,GRANEL,BOLIVIA
18439,2025,7,PUESTO DE CONTROL TERRESTRE DESAGUADERO,"SOYA, torta",55500,GRANEL,BOLIVIA
18440,2025,7,PUESTO DE CONTROL TERRESTRE DESAGUADERO,"SOYA, grano",27980,GRANEL,BOLIVIA
18441,2025,7,PUESTO DE CONTROL TERRESTRE DESAGUADERO,"SOYA, torta",28000,GRANEL,BOLIVIA
18442,2025,7,PUESTO DE CONTROL TERRESTRE DESAGUADERO,"SOYA, torta",28000,GRANEL,BOLIVIA
18443,2025,7,PUESTO DE CONTROL TERRESTRE DESAGUADERO,"SOYA, torta",28000,GRANEL,BOLIVIA
18444,2025,7,PUESTO DE CONTROL TERRESTRE DESAGUADERO,"SOYA, torta",56150,GRANEL,BOLIVIA
18445,2025,7,PUESTO DE CONTROL TERRESTRE DESAGUADERO,"SOYA, torta",27600,GRANEL,BOLIVIA
18446,2025,7,PUESTO DE CONTROL TERRESTRE DESAGUADERO,"SOYA, torta",28000,GRANEL,BOLIVIA
18447,2025,7,PUESTO DE CONTROL TERRESTRE DESAGUADERO,"SOYA, torta",28000,GRANEL,BOLIVIA
18448,2025,7,PUESTO DE CONTROL TERRESTRE DESAGUADERO,"SOYA, torta",28000,GRANEL,BOLIVIA
18449,2025,7,PUESTO DE CONTROL TERRESTRE DESAGUADERO,"SOYA, torta",26890,GRANEL,BOLIVIA
18450,2025,7,PUESTO DE CONTROL TERRESTRE DESAGUADERO,"SOYA, torta",26966,SACO(S),BOLIVIA
18451,2025,7,PUESTO DE CONTROL TERRESTRE DESAGUADERO,"SOYA, torta",54890,GRANEL,BOLIVIA
18452,2025,7,PUESTO DE CONTROL TERRESTRE DESAGUADERO,"SOYA, torta",27630,GRANEL,BOLIVIA
18453,2025,7,OFICINA PUESTO DE CONTROL MARITIMO - PROV. CONST. DEL CALLAO,"UVA (PASAS), secas naturalmente",25000,CAJA(S),ARGENTINA
18454,2025,7,OFICINA PUESTO DE CONTROL MARITIMO - PROV. CONST. DEL CALLAO,"MANZANA, fruto fresco",19600,CAJA(S),CHILE
18455,2025,7,OFICINA PUESTO DE CONTROL MARITIMO - PROV. CONST. DEL CALLAO,"KIWI, fruto fresco",23040,CAJA(S),CHILE
18456,2025,7,PUESTO DE CONTROL TERRESTRE DESAGUADERO,"SOYA, torta",113660,SACO(S),BOLIVIA
18457,2025,7,PUESTO DE CONTROL TERRESTRE DESAGUADERO,"SOYA, torta",145000,SACO(S),BOLIVIA
18458,2025,7,PUESTO DE CONTROL TERRESTRE DESAGUADERO,AZUCAR BLANCA O REFINADA (lectura polarimetrica mayor 99.5°),174000,SACO(S),BOLIVIA
18459,2025,7,OFICINA PUESTO DE CONTROL AEREO -  PROV. CONST. DEL CALLAO,"AJI HABANERO, polvo",100,CAJA(S),COLOMBIA
18460,2025,7,PUESTO DE CONTROL TERRESTRE DESAGUADERO,"SOYA, torta",50000,SACO(S),BOLIVIA
18461,2025,7,PUESTO DE CONTROL TERRESTRE DESAGUADERO,"SOYA, torta",85000,GRANEL,BOLIVIA
18462,2025,7,PUESTO DE CONTROL TERRESTRE DESAGUADERO,"SOYA, torta",54957.602,SACO(S),BOLIVIA
18463,2025,7,PUESTO DE CONTROL TERRESTRE DESAGUADERO,"SOYA, torta",56000,GRANEL,BOLIVIA
18464,2025,7,PUESTO DE CONTROL TERRESTRE DESAGUADERO,"SOYA, torta",28000,GRANEL,BOLIVIA
18465,2025,7,PUESTO DE CONTROL TERRESTRE DESAGUADERO,"SOYA, torta",28923,SACO(S),BOLIVIA
18466,2025,7,PUESTO DE CONTROL TERRESTRE DESAGUADERO,"SOYA, torta",57735,SACO(S),BOLIVIA
18467,2025,7,PUESTO DE CONTROL TERRESTRE DESAGUADERO,"SOYA, torta",28000,GRANEL,BOLIVIA
18468,2025,7,PUESTO DE CONTROL TERRESTRE DESAGUADERO,"SOYA, torta",28000,GRANEL,BOLIVIA
18469,2025,7,PUESTO DE CONTROL TERRESTRE DESAGUADERO,"SOYA, torta",28004,SACO(S),BOLIVIA
18470,2025,7,PUESTO DE CONTROL TERRESTRE DESAGUADERO,"SOYA, harina",52000,SACO(S),BOLIVIA
18471,2025,7,PUESTO DE CONTROL TERRESTRE DESAGUADERO,"SOYA, torta",26680,GRANEL,BOLIVIA
18472,2025,7,PUESTO DE CONTROL TERRESTRE DESAGUADERO,"SOYA, torta",28000,GRANEL,BOLIVIA
18473,2025,7,PUESTO DE CONTROL TERRESTRE DESAGUADERO,"SOYA, torta",27770,GRANEL,BOLIVIA
18474,2025,7,PUESTO DE CONTROL TERRESTRE DESAGUADERO,"SOYA, torta",28000,GRANEL,BOLIVIA
18475,2025,7,PUESTO DE CONTROL TERRESTRE DESAGUADERO,"SOYA, torta",28000,GRANEL,BOLIVIA
18476,2025,7,PUESTO DE CONTROL TERRESTRE DESAGUADERO,"SOYA, torta",28000,GRANEL,BOLIVIA
18477,2025,7,"SANTA ROSA, TACNA","LENTEJA, grano",25991,SACO(S),CANADA
18478,2025,7,PUESTO DE CONTROL TERRESTRE DESAGUADERO,"SOYA, torta",28000,GRANEL,BOLIVIA
18479,2025,7,PUESTO DE CONTROL TERRESTRE DESAGUADERO,"SOYA, torta",28000,GRANEL,BOLIVIA
18480,2025,7,PUESTO DE CONTROL TERRESTRE DESAGUADERO,"SOYA, torta",28000,GRANEL,BOLIVIA
18481,2025,7,PUESTO DE CONTROL TERRESTRE DESAGUADERO,"SOYA, torta",28000,GRANEL,BOLIVIA
18482,2025,7,PUESTO DE CONTROL TERRESTRE DESAGUADERO,"SOYA, torta",28000,GRANEL,BOLIVIA
18483,2025,7,OFICINA PUESTO DE CONTROL MARITIMO - PROV. CONST. DEL CALLAO,"MAIZ REVENTON, grano",100040,SACO(S),ARGENTINA
18484,2025,7,PUESTO DE CONTROL TERRESTRE DESAGUADERO,"SOYA, torta",175000,SACO(S),BOLIVIA
18485,2025,7,PUESTO DE CONTROL TERRESTRE DESAGUADERO,"MANI, grano sin cáscara",58000,SACO(S),BOLIVIA
18486,2025,7,PUESTO DE CONTROL TERRESTRE DESAGUADERO,"MANI, grano sin cáscara",60000,SACO(S),BOLIVIA
18487,2025,7,OFICINA PUESTO DE CONTROL MARITIMO - PROV. CONST. DEL CALLAO,AZUCAR BLANCA O REFINADA (lectura polarimetrica mayor 99.5°),265000,SACO(S),COLOMBIA
18488,2025,7,OFICINA PUESTO DE CONTROL MARITIMO - PROV. CONST. DEL CALLAO,"LENTEJA, grano",23520,SACO(S),EEUU
18489,2025,7,OFICINA PUESTO DE CONTROL MARITIMO - PROV. CONST. DEL CALLAO,"LENTEJA, grano",50520,SACO(S),CANADA
18490,2025,7,PUESTO DE CONTROL TERRESTRE DESAGUADERO,"SOYA, grano",29000,SACO(S),BOLIVIA
18491,2025,7,OFICINA PUESTO DE CONTROL MARITIMO - PROV. CONST. DEL CALLAO,"CULANTRO, semilla",12000,BOLSAS,EEUU
18492,2025,7,OFICINA PUESTO DE CONTROL MARITIMO - PROV. CONST. DEL CALLAO,"COCO, fibra (para sustrato)",148500,BOLSAS,SRI LANKA
18493,2025,7,"PUERTO DE PAITA , PIURA","PINO, postes de madera con algun proceso de la CRF 2",86170,UNIDADES,CHILE
18494,2025,7,"SANTA ROSA, TACNA","MANZANA, fruto fresco",21638.4,CAJA(S),CHILE
18495,2025,7,"SANTA ROSA, TACNA","MANZANA, fruto fresco",22344,CAJA(S),CHILE
18496,2025,7,OFICINA PUESTO DE CONTROL AEREO -  PROV. CONST. DEL CALLAO,"TOMATE, semilla",117.999,SACHETS,ISRAEL
18497,2025,7,PUESTO DE CONTROL TERRESTRE DESAGUADERO,"SOYA, torta",145000,SACO(S),BOLIVIA
18498,2025,7,"SANTA ROSA, TACNA","KIWI, fruto fresco",24576,CAJA(S),CHILE
18499,2025,7,OFICINA PUESTO DE CONTROL MARITIMO - PROV. CONST. DEL CALLAO,"ARROZ, grano pilado",5.00E+05,SACO(S),URUGUAY
18500,2025,7,OFICINA PUESTO DE CONTROL MARITIMO - PROV. CONST. DEL CALLAO,"MAIZ AMARILLO DURO, grano",11080000,GRANEL,ARGENTINA
18501,2025,7,OFICINA PUESTO DE CONTROL MARITIMO - PROV. CONST. DEL CALLAO,"SOYA, grano",6600000,GRANEL,ARGENTINA
18502,2025,7,OFICINA PUESTO DE CONTROL MARITIMO - PROV. CONST. DEL CALLAO,"TRIGO, pellets",48000,SACO(S),MEXICO
18503,2025,7,OFICINA PUESTO DE CONTROL MARITIMO - PROV. CONST. DEL CALLAO,"UVA (PASAS), secas industrialmente",40000,CAJA(S),CHILE
18504,2025,7,"PUERTO DE MATARANI , AREQUIPA","MAIZ AMARILLO DURO, grano",2.20E+07,GRANEL,ARGENTINA
18505,2025,7,OFICINA PUESTO DE CONTROL AEREO -  PROV. CONST. DEL CALLAO,"SANDIA, semilla",1.087,SACHETS,EEUU
18506,2025,7,OFICINA PUESTO DE CONTROL AEREO -  PROV. CONST. DEL CALLAO,"TOMATE, semilla",0.056,SACHETS,FRANCIA
18507,2025,7,OFICINA PUESTO DE CONTROL AEREO -  PROV. CONST. DEL CALLAO,"SANDIA, semilla",14.659,SACHETS,ISRAEL
18508,2025,7,OFICINA PUESTO DE CONTROL AEREO -  PROV. CONST. DEL CALLAO,"SANDIA, semilla",1.341,SACHETS,JAPON
18509,2025,7,OFICINA PUESTO DE CONTROL AEREO -  PROV. CONST. DEL CALLAO,"TOMATE, semilla",0.062,SACHETS,HOLANDA
18510,2025,7,OFICINA PUESTO DE CONTROL AEREO -  PROV. CONST. DEL CALLAO,"TOMATE, semilla",0.1424,SACHETS,EEUU
18511,2025,7,OFICINA PUESTO DE CONTROL AEREO -  PROV. CONST. DEL CALLAO,"TOMATE, semilla",0.0165,SACHETS,JAPON
18512,2025,7,OFICINA PUESTO DE CONTROL AEREO -  PROV. CONST. DEL CALLAO,"TOMATE, semilla",0.018,SACHETS,HOLANDA
18513,2025,7,OFICINA PUESTO DE CONTROL AEREO -  PROV. CONST. DEL CALLAO,"PEPINILLO, semilla",0.562,SACHETS,EEUU
18514,2025,7,OFICINA PUESTO DE CONTROL AEREO -  PROV. CONST. DEL CALLAO,"STEVIA, polvo",0.2,BOLSAS,MALASIA
18515,2025,7,"IÑAPARI, MADRE DE DIOS","ARROZ, grano pilado",27000,SACO(S),BRASIL
18516,2025,7,"IÑAPARI, MADRE DE DIOS","ARROZ, grano pilado",36990,PAQUETES,BRASIL
18517,2025,7,OFICINA PUESTO DE CONTROL MARITIMO - PROV. CONST. DEL CALLAO,"YUTE, sacos",25875,FARDOS,BANGLADESH
18518,2025,7,OFICINA PUESTO DE CONTROL MARITIMO - PROV. CONST. DEL CALLAO,"YUCA (=MANDIOCA), fécula",96800,BOLSAS,TAILANDIA
18519,2025,7,OFICINA PUESTO DE CONTROL MARITIMO - PROV. CONST. DEL CALLAO,"MAIZ, harina",50980,PACAS,COLOMBIA
18520,2025,7,OFICINA PUESTO DE CONTROL AEREO -  PROV. CONST. DEL CALLAO,"TOMATE, semilla",0.116,SOBRE ORIGINAL,BRASIL
18521,2025,7,OFICINA PUESTO DE CONTROL AEREO -  PROV. CONST. DEL CALLAO,"CEBOLLA, semilla",3,SOBRES,BRASIL
18522,2025,7,OFICINA PUESTO DE CONTROL AEREO -  PROV. CONST. DEL CALLAO,"ESPINACA, semilla",0.2,SOBRES,BRASIL
18523,2025,7,OFICINA PUESTO DE CONTROL AEREO -  PROV. CONST. DEL CALLAO,"PEPINILLO, semilla",0.396,SOBRES,BRASIL
18524,2025,7,OFICINA PUESTO DE CONTROL AEREO -  PROV. CONST. DEL CALLAO,"PAPA, fécula",5.5,FRASCO(S),EEUU
18525,2025,7,OFICINA PUESTO DE CONTROL MARITIMO - PROV. CONST. DEL CALLAO,"UVA (PASAS), secas naturalmente",25000,CAJA(S),ARGENTINA
18526,2025,7,OFICINA PUESTO DE CONTROL MARITIMO - PROV. CONST. DEL CALLAO,"UVA (PASAS), secas naturalmente",25000,CAJA(S),ARGENTINA
18527,2025,7,OFICINA PUESTO DE CONTROL MARITIMO - PROV. CONST. DEL CALLAO,"UVA (PASAS), secas naturalmente",25000,CAJA(S),ARGENTINA
18528,2025,7,PUESTO DE CONTROL TERRESTRE DESAGUADERO,"SOYA, grano",145000,SACO(S),BOLIVIA
18529,2025,7,PUESTO DE CONTROL TERRESTRE DESAGUADERO,"SOYA, torta",56000,GRANEL,BOLIVIA
18530,2025,7,"SANTA ROSA, TACNA","AJONJOLI, grano",54000,BOLSAS,ARGENTINA
18531,2025,7,OFICINA PUESTO DE CONTROL MARITIMO - PROV. CONST. DEL CALLAO,"AZUCAR SIN REFINAR, solido",125000,SACO(S),GUATEMALA
18532,2025,7,OFICINA PUESTO DE CONTROL MARITIMO - PROV. CONST. DEL CALLAO,"AZUCAR SIN REFINAR, solido",125000,SACO(S),GUATEMALA
18533,2025,7,OFICINA PUESTO DE CONTROL MARITIMO - PROV. CONST. DEL CALLAO,"MAIZ, almidon",24750,BOLSAS,BRASIL
18534,2025,7,PUESTO DE CONTROL TERRESTRE DESAGUADERO,"SOYA, torta",25500,SACO(S),BOLIVIA
18535,2025,7,OFICINA PUESTO DE CONTROL MARITIMO - PROV. CONST. DEL CALLAO,"MAIZ, almidon",24750,BOLSAS,BRASIL
18536,2025,7,PUESTO DE CONTROL TERRESTRE DESAGUADERO,"SOYA, torta",55000,GRANEL,BOLIVIA
18537,2025,7,PUESTO DE CONTROL TERRESTRE DESAGUADERO,"SOYA, harina",58000,SACO(S),BOLIVIA
18538,2025,7,PUESTO DE CONTROL TERRESTRE DESAGUADERO,"SOYA, torta",50000,SACO(S),BOLIVIA
18539,2025,7,OFICINA PUESTO DE CONTROL MARITIMO - PROV. CONST. DEL CALLAO,"MAIZ, harina",3.00E+05,BOLSAS,COLOMBIA
18540,2025,7,OFICINA PUESTO DE CONTROL MARITIMO - PROV. CONST. DEL CALLAO,"ALFALFA, semilla",20000,SACO(S),EEUU
18541,2025,7,OFICINA PUESTO DE CONTROL MARITIMO - PROV. CONST. DEL CALLAO,AZUCAR BLANCA O REFINADA (lectura polarimetrica mayor 99.5°),259650,SACO(S),COLOMBIA
18542,2025,7,PUESTO DE CONTROL TERRESTRE DESAGUADERO,"SOYA, torta",82210,GRANEL,BOLIVIA
18543,2025,7,PUESTO DE CONTROL TERRESTRE DESAGUADERO,"SOYA, torta",55980,GRANEL,BOLIVIA
18544,2025,7,OFICINA PUESTO DE CONTROL MARITIMO - PROV. CONST. DEL CALLAO,AZUCAR BLANCA O REFINADA (lectura polarimetrica mayor 99.5°),53000,SACO(S),COLOMBIA
18545,2025,7,OFICINA PUESTO DE CONTROL MARITIMO - PROV. CONST. DEL CALLAO,"KIWI, fruto fresco",1200,CAJA(S),CHILE
18546,2025,7,OFICINA PUESTO DE CONTROL MARITIMO - PROV. CONST. DEL CALLAO,"MANZANA, fruto fresco",18830.7,CAJA(S),CHILE
18547,2025,7,OFICINA PUESTO DE CONTROL MARITIMO - PROV. CONST. DEL CALLAO,"YUCA (=MANDIOCA), fécula",24500,BOLSAS,NICARAGUA
18548,2025,7,OFICINA PUESTO DE CONTROL MARITIMO - PROV. CONST. DEL CALLAO,"KIWI, fruto fresco",18240,CAJA(S),CHILE
18549,2025,7,OFICINA PUESTO DE CONTROL AEREO -  PROV. CONST. DEL CALLAO,"TOMATE, semilla",0.019,SACHETS,FRANCIA
18550,2025,7,OFICINA PUESTO DE CONTROL AEREO -  PROV. CONST. DEL CALLAO,"TOMATE, semilla",0.00994,SACHETS,CHILE
18551,2025,7,"SANTA ROSA, TACNA","MANZANA, fruto fresco",23520,CAJA(S),CHILE
18552,2025,7,"SANTA ROSA, TACNA","MANZANA, fruto fresco",23275,CAJA(S),CHILE
18553,2025,7,"SANTA ROSA, TACNA","MANZANA, fruto fresco",23373,CAJA(S),CHILE
18554,2025,7,OFICINA PUESTO DE CONTROL AEREO -  PROV. CONST. DEL CALLAO,"MELON, semilla",0.433891,SACHETS,HOLANDA
18555,2025,7,OFICINA PUESTO DE CONTROL MARITIMO - PROV. CONST. DEL CALLAO,"LUPULO, pellets",14000,PALETAS,ALEMANIA
18556,2025,7,OFICINA PUESTO DE CONTROL MARITIMO - PROV. CONST. DEL CALLAO,"YUTE, sacos",57000,SACO(S),INDIA
18557,2025,7,OFICINA PUESTO DE CONTROL MARITIMO - PROV. CONST. DEL CALLAO,"MANZANA, fruto fresco",19756.8,CAJA(S),CHILE
18558,2025,7,"AGUAS VERDES, TUMBES","ROSA, flores frescas cortadas",3380,CAJA(S),ECUADOR
18559,2025,7,"AGUAS VERDES, TUMBES","CLAVEL, flores frescas cortadas",37,CAJA(S),ECUADOR
18560,2025,7,"AGUAS VERDES, TUMBES","CRISANTEMO, los demas flores frescas cortadas",80,CAJA(S),ECUADOR
18561,2025,7,OFICINA PUESTO DE CONTROL MARITIMO - PROV. CONST. DEL CALLAO,"CEREALES, germen",500,SACO(S),FRANCIA
18562,2025,7,OFICINA PUESTO DE CONTROL MARITIMO - PROV. CONST. DEL CALLAO,"Arados usados
",1251.18,UNIDADES,JAPON
18563,2025,7,OFICINA PUESTO DE CONTROL MARITIMO - PROV. CONST. DEL CALLAO,"LOS DEMAS TRACTORES USADOS, con motor de potencia inferior o igual a 18 kW (excepto las carretillas tractor de la partida 87.09)",5004.718,UNIDADES,JAPON
18564,2025,7,OFICINA PUESTO DE CONTROL MARITIMO - PROV. CONST. DEL CALLAO,"ARROZ, parbolizado pulido o sin cáscara",132500,SACO(S),BRASIL
18565,2025,7,OFICINA PUESTO DE CONTROL MARITIMO - PROV. CONST. DEL CALLAO,"ARROZ, parbolizado pulido o sin cáscara",132500,SACO(S),BRASIL
18566,2025,7,OFICINA PUESTO DE CONTROL MARITIMO - PROV. CONST. DEL CALLAO,"ARROZ, parbolizado pulido o sin cáscara",132500,SACO(S),BRASIL
18567,2025,7,OFICINA PUESTO DE CONTROL MARITIMO - PROV. CONST. DEL CALLAO,"LENTEJA, grano",94756,SACO(S),EEUU
18568,2025,7,"AGUAS VERDES, TUMBES","ROSA, flores frescas cortadas",5200,CAJA(S),ECUADOR
18569,2025,7,"AGUAS VERDES, TUMBES","CLAVEL, flores frescas cortadas",800,CAJA(S),ECUADOR
18570,2025,7,"SANTA ROSA, TACNA","MANZANA, fruto fresco",23520,CAJA(S),CHILE
18571,2025,7,OFICINA PUESTO DE CONTROL MARITIMO - PROV. CONST. DEL CALLAO,"UVA (PASAS), secas industrialmente",42000,CAJA(S),CHILE
18572,2025,7,OFICINA PUESTO DE CONTROL MARITIMO - PROV. CONST. DEL CALLAO,"PINO, postes de madera con algun proceso de la CRF 2",39279,PIEZAS,EEUU
18573,2025,7,OFICINA PUESTO DE CONTROL MARITIMO - PROV. CONST. DEL CALLAO,"ALPISTE (=PHALARIS), grano",49896,SACO(S),CANADA
18574,2025,7,OFICINA PUESTO DE CONTROL MARITIMO - PROV. CONST. DEL CALLAO,"Los demas articulos para fiesta, carnaval u otras diversiones, incluidos los de magia y articulos sorpresa que sean o contengan material vegetal
",74,UNIDADES,CHINA
18575,2025,7,OFICINA PUESTO DE CONTROL MARITIMO - PROV. CONST. DEL CALLAO,"LENTEJA, grano",102105,SACO(S),CANADA
18576,2025,7,OFICINA PUESTO DE CONTROL MARITIMO - PROV. CONST. DEL CALLAO,"BAMBU, artículos de cestería obtenidos directamente en su forma con materia trenzable con algún proceso de la CRF 2",7780.7,UNIDADES,CHINA
18577,2025,7,OFICINA PUESTO DE CONTROL MARITIMO - PROV. CONST. DEL CALLAO,Los demas articulos de cesteria con algun proceso de CRF 2,140,UNIDADES,CHINA
18578,2025,7,"SANTA ROSA, TACNA","MANZANA, fruto fresco",22344,CAJA(S),CHILE
18579,2025,7,"SANTA ROSA, TACNA","MANZANA, fruto fresco",22344,CAJA(S),CHILE
18580,2025,7,PUESTO DE CONTROL TERRESTRE DESAGUADERO,"SOYA, grano",87000,SACO(S),BOLIVIA
18581,2025,7,OFICINA PUESTO DE CONTROL MARITIMO - PROV. CONST. DEL CALLAO,"MADERA, encofrados para hormigon, de madera con algún proceso de la CRF2
",40040,PIEZAS,ALEMANIA
18582,2025,7,PUESTO DE CONTROL TERRESTRE DESAGUADERO,"SOYA, torta",141000,SACO(S),BOLIVIA
18583,2025,7,"AGUAS VERDES, TUMBES","CAÑA DE GUAYAQUIL, seca al natural",30000,UNIDADES,ECUADOR
18584,2025,7,PUESTO DE CONTROL TERRESTRE DESAGUADERO,"SOYA, grano",58000,SACO(S),BOLIVIA
18585,2025,7,OFICINA PUESTO DE CONTROL MARITIMO - PROV. CONST. DEL CALLAO,"REMOLACHA, pulpa, residuos sólidos",76400,SACO(S),CHILE
18586,2025,7,OFICINA PUESTO DE CONTROL MARITIMO - PROV. CONST. DEL CALLAO,"PERA, fruta fresca",22680,CAJA(S),ARGENTINA
18587,2025,7,OFICINA PUESTO DE CONTROL MARITIMO - PROV. CONST. DEL CALLAO,"PERA, fruta fresca",22680,CAJA(S),ARGENTINA
18588,2025,7,OFICINA PUESTO DE CONTROL MARITIMO - PROV. CONST. DEL CALLAO,"COCO, fibra (para sustrato)",45880,PALETAS,INDIA
18589,2025,7,"SANTA ROSA, TACNA","MANZANA, fruto fresco",23520,CAJA(S),CHILE
18590,2025,7,PUESTO DE CONTROL TERRESTRE DESAGUADERO,"SOYA, torta",86100,GRANEL,BOLIVIA
18591,2025,7,PUESTO DE CONTROL TERRESTRE DESAGUADERO,"SOYA, torta",55360,GRANEL,BOLIVIA
18592,2025,7,PUESTO DE CONTROL TERRESTRE DESAGUADERO,"SOYA, torta",56000,GRANEL,BOLIVIA
18593,2025,7,OFICINA PUESTO DE CONTROL MARITIMO - PROV. CONST. DEL CALLAO,"PINO, postes de madera con algun proceso de la CRF 2",109800,UNIDADES,CHILE
18594,2025,7,OFICINA PUESTO DE CONTROL MARITIMO - PROV. CONST. DEL CALLAO,AZUCAR BLANCA O REFINADA (lectura polarimetrica mayor 99.5°),159000,SACO(S),GUATEMALA
18595,2025,7,OFICINA PUESTO DE CONTROL MARITIMO - PROV. CONST. DEL CALLAO,AZUCAR BLANCA O REFINADA (lectura polarimetrica mayor 99.5°),159000,SACO(S),GUATEMALA
18596,2025,7,OFICINA PUESTO DE CONTROL MARITIMO - PROV. CONST. DEL CALLAO,AZUCAR BLANCA O REFINADA (lectura polarimetrica mayor 99.5°),124350,SACO(S),COLOMBIA
18597,2025,7,OFICINA PUESTO DE CONTROL AEREO -  PROV. CONST. DEL CALLAO,"CANELA, corteza entera seca al natural",0.691,BOLSAS,SRI LANKA
18598,2025,7,OFICINA PUESTO DE CONTROL MARITIMO - PROV. CONST. DEL CALLAO,"CANELA, corteza entera seca al natural",5800,SACO(S),VIETNAM
18599,2025,7,"SANTA ROSA, TACNA","MANZANA, fruto fresco",22344,CAJA(S),CHILE
18600,2025,7,OFICINA PUESTO DE CONTROL MARITIMO - PROV. CONST. DEL CALLAO,"PINO, madera aserrada, con tratamiento de secado al horno o impregnación de sales",21850,CAJA(S),CHINA
18601,2025,7,"SANTA ROSA, TACNA","MANZANA, fruto fresco",22344,CAJA(S),CHILE
18602,2025,7,PUESTO DE CONTROL TERRESTRE DESAGUADERO,"SOYA, torta",145000,SACO(S),BOLIVIA
18603,2025,7,"PUERTO DE MATARANI , AREQUIPA","MAIZ AMARILLO DURO, grano",8.00E+06,GRANEL,ARGENTINA
18604,2025,7,OFICINA PUESTO DE CONTROL MARITIMO - PROV. CONST. DEL CALLAO,AZUCAR BLANCA O REFINADA (lectura polarimetrica mayor 99.5°),26500,SACO(S),COLOMBIA
18605,2025,7,OFICINA PUESTO DE CONTROL MARITIMO - PROV. CONST. DEL CALLAO,"ARROZ, grano pilado",1.00E+05,SACO(S),URUGUAY
18606,2025,7,PUESTO DE CONTROL TERRESTRE DESAGUADERO,"SOYA, torta",145000,SACO(S),BOLIVIA
18607,2025,7,OFICINA PUESTO DE CONTROL MARITIMO - PROV. CONST. DEL CALLAO,"SOYA, grano",20400,SACO(S),CANADA
18608,2025,7,OFICINA PUESTO DE CONTROL MARITIMO - PROV. CONST. DEL CALLAO,"PINO, madera aserrada con algún proceso de la CRF2",16400,PAQUETES,CHILE
18609,2025,7,"SANTA ROSA, TACNA","MANZANA, fruto fresco",23520,CAJA(S),CHILE
18610,2025,7,OFICINA PUESTO DE CONTROL MARITIMO - PROV. CONST. DEL CALLAO,"GARBANZO, grano",52560,SACO(S),CANADA
18611,2025,7,OFICINA PUESTO DE CONTROL MARITIMO - PROV. CONST. DEL CALLAO,"FLOR DE JAMAICA, seca natural",11950,SACO(S),NIGERIA
18612,2025,7,"AGUAS VERDES, TUMBES","Las demás coniferas, las demas maderas aserradas o desbastadas longitudinalmente, cortada o desenrollada, incluso cepillada,lijada o unida por lo extremos, de espesor superior a 6 mm, con algun tratamiento de la CRF 2",28950,PIEZAS,ECUADOR
18613,2025,7,OFICINA PUESTO DE CONTROL MARITIMO - PROV. CONST. DEL CALLAO,"ALPISTE (=PHALARIS), grano",24680,SACO(S),CANADA
18614,2025,7,OFICINA PUESTO DE CONTROL MARITIMO - PROV. CONST. DEL CALLAO,"FREJOL NEGRO, grano",25000,SACO(S),BRASIL
18615,2025,7,OFICINA PUESTO DE CONTROL MARITIMO - PROV. CONST. DEL CALLAO,"PINO, postes de madera con algun proceso de la CRF 2",26308,PAQUETES,CHILE
18616,2025,7,OFICINA PUESTO DE CONTROL MARITIMO - PROV. CONST. DEL CALLAO,"PINO, postes de madera con algun proceso de la CRF 2",25480,PAQUETES,CHILE
18617,2025,7,OFICINA PUESTO DE CONTROL MARITIMO - PROV. CONST. DEL CALLAO,"ALPISTE (=PHALARIS), grano",26535,SACO(S),CANADA
18618,2025,7,PUESTO DE CONTROL TERRESTRE DESAGUADERO,"SOYA, torta",116000,SACO(S),BOLIVIA
18619,2025,7,PUESTO DE CONTROL TERRESTRE DESAGUADERO,"SOYA, torta",147000,SACO(S),BOLIVIA
18620,2025,7,PUESTO DE CONTROL TERRESTRE DESAGUADERO,"SOYA, torta",87000,SACO(S),BOLIVIA
18621,2025,7,PUESTO DE CONTROL TERRESTRE DESAGUADERO,"SOYA, torta",234000,SACO(S),BOLIVIA
18622,2025,7,PUESTO DE CONTROL TERRESTRE DESAGUADERO,"SOYA, torta",114000,SACO(S),BOLIVIA
18623,2025,7,PUESTO DE CONTROL TERRESTRE DESAGUADERO,"SOYA, torta",231500,SACO(S),BOLIVIA
18624,2025,7,PUESTO DE CONTROL TERRESTRE DESAGUADERO,"SOYA, grano",83950,GRANEL,BOLIVIA
18625,2025,7,PUESTO DE CONTROL TERRESTRE DESAGUADERO,"SOYA, grano",49980,GRANEL,BOLIVIA
18626,2025,7,PUESTO DE CONTROL TERRESTRE DESAGUADERO,"SOYA, grano",54500,GRANEL,BOLIVIA
18627,2025,7,PUESTO DE CONTROL TERRESTRE DESAGUADERO,"SOYA, grano",56000,GRANEL,BOLIVIA
18628,2025,7,PUESTO DE CONTROL TERRESTRE DESAGUADERO,"SOYA, torta",28500,GRANEL,BOLIVIA
18629,2025,7,OFICINA PUESTO DE CONTROL MARITIMO - PROV. CONST. DEL CALLAO,"UVA (PASAS), secas naturalmente",50000,CAJA(S),ARGENTINA
18630,2025,7,PUESTO DE CONTROL TERRESTRE DESAGUADERO,"SOYA, harina",202000,SACO(S),BOLIVIA
18631,2025,7,OFICINA PUESTO DE CONTROL MARITIMO - PROV. CONST. DEL CALLAO,"PINO, madera aserrada con tratamiento de secado al horno o impregnación de sales",129110,PAQUETES,URUGUAY
18632,2025,7,PUESTO DE CONTROL TERRESTRE DESAGUADERO,"SOYA, torta",27735,SACO(S),BOLIVIA
18633,2025,7,PUESTO DE CONTROL TERRESTRE DESAGUADERO,"SOYA, torta",28000,GRANEL,BOLIVIA
18634,2025,7,PUESTO DE CONTROL TERRESTRE DESAGUADERO,"SOYA, torta",28210,GRANEL,BOLIVIA
18635,2025,7,PUESTO DE CONTROL TERRESTRE DESAGUADERO,"SOYA, torta",84000,GRANEL,BOLIVIA
18636,2025,7,OFICINA PUESTO DE CONTROL MARITIMO - PROV. CONST. DEL CALLAO,"MAIZ, harina",2268,SACO(S),EEUU
18637,2025,7,PUESTO DE CONTROL TERRESTRE DESAGUADERO,"SOYA, grano",58000,SACO(S),BOLIVIA
18638,2025,7,PUESTO DE CONTROL TERRESTRE DESAGUADERO,"SOYA, grano",30000,SACO(S),BOLIVIA
18639,2025,7,PUESTO DE CONTROL TERRESTRE DESAGUADERO,"SOYA, grano",133000,SACO(S),BOLIVIA
18640,2025,7,OFICINA PUESTO DE CONTROL MARITIMO - PROV. CONST. DEL CALLAO,"MANZANA, fruto fresco",81585,CAJA(S),CHILE
18641,2025,7,OFICINA PUESTO DE CONTROL MARITIMO - PROV. CONST. DEL CALLAO,"KIWI, fruto fresco",22560,CAJA(S),CHILE
18642,2025,7,OFICINA PUESTO DE CONTROL MARITIMO - PROV. CONST. DEL CALLAO,"VAINITA, semilla",2319.34,BOLSAS,HOLANDA
18643,2025,7,OFICINA PUESTO DE CONTROL MARITIMO - PROV. CONST. DEL CALLAO,"BETARRAGA, semilla",500.7,BOLSAS,HOLANDA
18644,2025,7,OFICINA PUESTO DE CONTROL MARITIMO - PROV. CONST. DEL CALLAO,"ESPINACA, semilla",1240.5,BOLSAS,HOLANDA
18645,2025,7,PUESTO DE CONTROL TERRESTRE DESAGUADERO,"SOYA, torta",109000,SACO(S),BOLIVIA
18646,2025,7,PUESTO DE CONTROL TERRESTRE DESAGUADERO,"SOYA, torta",115000,SACO(S),BOLIVIA
18647,2025,7,PUESTO DE CONTROL TERRESTRE DESAGUADERO,"SOYA, torta",50000,SACO(S),BOLIVIA
18648,2025,7,PUESTO DE CONTROL TERRESTRE DESAGUADERO,"SOYA, torta",115000,SACO(S),BOLIVIA
18649,2025,7,PUESTO DE CONTROL TERRESTRE DESAGUADERO,"SOYA, torta",144000,SACO(S),BOLIVIA
18650,2025,7,PUESTO DE CONTROL TERRESTRE DESAGUADERO,"SOYA, harina",145000,SACO(S),BOLIVIA
18651,2025,7,"SANTA ROSA, TACNA","MANZANA, fruto fresco",22442,CAJA(S),CHILE
18652,2025,7,"SANTA ROSA, TACNA","PERA, fruta fresca",23184,CAJA(S),CHILE
18653,2025,7,"SANTA ROSA, TACNA","MANZANA, fruto fresco",9620,CAJA(S),CHILE
18654,2025,7,"SANTA ROSA, TACNA","PERA, fruta fresca",9828,CAJA(S),CHILE
18655,2025,7,OFICINA PUESTO DE CONTROL MARITIMO - PROV. CONST. DEL CALLAO,TURBA,355320,BIG BAG,HOLANDA
18656,2025,7,"SANTA ROSA, TACNA","MANZANA, fruto fresco",23520,CAJA(S),CHILE
18657,2025,7,OFICINA PUESTO DE CONTROL MARITIMO - PROV. CONST. DEL CALLAO,TURBA,380700,BIG BAG,HOLANDA
18658,2025,7,"SANTA ROSA, TACNA","MANZANA, fruto fresco",12740,CAJA(S),CHILE
18659,2025,7,"SANTA ROSA, TACNA","PERA, fruta fresca",9702,CAJA(S),CHILE
18660,2025,7,OFICINA PUESTO DE CONTROL MARITIMO - PROV. CONST. DEL CALLAO,"VICIA, semilla",27000,SACO(S),ARGENTINA
18661,2025,7,OFICINA PUESTO DE CONTROL MARITIMO - PROV. CONST. DEL CALLAO,"AJONJOLI, grano",28000,SACO(S),INDIA
18662,2025,7,OFICINA PUESTO DE CONTROL MARITIMO - PROV. CONST. DEL CALLAO,"PERA, fruta fresca",45360,CAJA(S),ARGENTINA
18663,2025,7,PUESTO DE CONTROL TERRESTRE DESAGUADERO,"SOYA, torta",115000,SACO(S),BOLIVIA
18664,2025,7,PUESTO DE CONTROL TERRESTRE DESAGUADERO,"SOYA, torta",116000,SACO(S),BOLIVIA
18665,2025,7,PUESTO DE CONTROL TERRESTRE DESAGUADERO,"SOYA, torta",28080,GRANEL,BOLIVIA
18666,2025,7,PUESTO DE CONTROL TERRESTRE DESAGUADERO,"SOYA, torta",28000,GRANEL,BOLIVIA
18667,2025,7,PUESTO DE CONTROL TERRESTRE DESAGUADERO,"SOYA, torta",28000,GRANEL,BOLIVIA
18668,2025,7,PUESTO DE CONTROL TERRESTRE DESAGUADERO,"SOYA, torta",56030,GRANEL,BOLIVIA
18669,2025,7,PUESTO DE CONTROL TERRESTRE DESAGUADERO,"SOYA, torta",28000,GRANEL,BOLIVIA
18670,2025,7,PUESTO DE CONTROL TERRESTRE DESAGUADERO,"SOYA, torta",28000,GRANEL,BOLIVIA
18671,2025,7,PUESTO DE CONTROL TERRESTRE DESAGUADERO,"SOYA, torta",28000,GRANEL,BOLIVIA
18672,2025,7,PUESTO DE CONTROL TERRESTRE DESAGUADERO,"SOYA, torta",56000,GRANEL,BOLIVIA
18673,2025,7,PUESTO DE CONTROL TERRESTRE DESAGUADERO,"SOYA, torta",27780,GRANEL,BOLIVIA
18674,2025,7,PUESTO DE CONTROL TERRESTRE DESAGUADERO,"SOYA, torta",28020,GRANEL,BOLIVIA
18675,2025,7,PUESTO DE CONTROL TERRESTRE DESAGUADERO,"SOYA, torta",28000,GRANEL,BOLIVIA
18676,2025,7,PUESTO DE CONTROL TERRESTRE DESAGUADERO,"SOYA, torta",28090,GRANEL,BOLIVIA
18677,2025,7,PUESTO DE CONTROL TERRESTRE DESAGUADERO,"SOYA, torta",84000,GRANEL,BOLIVIA
18678,2025,7,PUESTO DE CONTROL TERRESTRE DESAGUADERO,"SOYA, torta",82500,GRANEL,BOLIVIA
18679,2025,7,PUESTO DE CONTROL TERRESTRE DESAGUADERO,"SOYA, torta",56000,GRANEL,BOLIVIA
18680,2025,7,PUESTO DE CONTROL TERRESTRE DESAGUADERO,"SOYA, torta",28000,GRANEL,BOLIVIA
18681,2025,7,PUESTO DE CONTROL TERRESTRE DESAGUADERO,"SOYA, torta",27050,GRANEL,BOLIVIA
18682,2025,7,PUESTO DE CONTROL TERRESTRE DESAGUADERO,"SOYA, torta",28070,GRANEL,BOLIVIA
18683,2025,7,PUESTO DE CONTROL TERRESTRE DESAGUADERO,"SOYA, torta",55860,GRANEL,BOLIVIA
18684,2025,7,PUESTO DE CONTROL TERRESTRE DESAGUADERO,"SOYA, torta",55490,GRANEL,BOLIVIA
18685,2025,7,OFICINA PUESTO DE CONTROL MARITIMO - PROV. CONST. DEL CALLAO,"AZUCAR SIN REFINAR, solido",125000,SACO(S),GUATEMALA
18686,2025,7,PUESTO DE CONTROL TERRESTRE DESAGUADERO,"SOYA, torta",55900,GRANEL,BOLIVIA
18687,2025,7,"SANTA ROSA, TACNA","MANZANA, fruto fresco",23324,CAJA(S),CHILE
18688,2025,7,PUESTO DE CONTROL TERRESTRE DESAGUADERO,"SOYA, torta",145000,SACO(S),BOLIVIA
18689,2025,7,OFICINA PUESTO DE CONTROL AEREO -  PROV. CONST. DEL CALLAO,"MELON, semilla",0.751,SACHETS,BRASIL
18690,2025,7,OFICINA PUESTO DE CONTROL MARITIMO - PROV. CONST. DEL CALLAO,"COCO, fibra (para sustrato)",95850,PALETAS,INDIA
18691,2025,7,OFICINA PUESTO DE CONTROL MARITIMO - PROV. CONST. DEL CALLAO,"MANZANA, fruto fresco",20580,CAJA(S),CHILE
18692,2025,7,OFICINA PUESTO DE CONTROL MARITIMO - PROV. CONST. DEL CALLAO,"MANZANA, fruto fresco",20580,CAJA(S),CHILE
18693,2025,7,OFICINA PUESTO DE CONTROL MARITIMO - PROV. CONST. DEL CALLAO,"MANZANA, fruto fresco",20580,CAJA(S),CHILE
18694,2025,7,OFICINA PUESTO DE CONTROL MARITIMO - PROV. CONST. DEL CALLAO,"MANZANA, fruto fresco",20580,CAJA(S),CHILE
18695,2025,7,OFICINA PUESTO DE CONTROL MARITIMO - PROV. CONST. DEL CALLAO,"MANZANA, fruto fresco",20580,CAJA(S),CHILE
18696,2025,7,OFICINA PUESTO DE CONTROL MARITIMO - PROV. CONST. DEL CALLAO,"ALGODON, fibra sin cardar ni peinar (>34.92 mm)",60283,FARDOS,EEUU
18697,2025,7,OFICINA PUESTO DE CONTROL MARITIMO - PROV. CONST. DEL CALLAO,"Madera flotante para acuarios, de especies dinstitos a tropicales, con algún proceso de la CRF2",79.461,UNIDADES,GUATEMALA
18698,2025,7,OFICINA PUESTO DE CONTROL MARITIMO - PROV. CONST. DEL CALLAO,"Articulos de cesteria (canastos, cestos u otros), con algun proceso de la CRF2",266,UNIDADES,GUATEMALA
18699,2025,7,OFICINA PUESTO DE CONTROL MARITIMO - PROV. CONST. DEL CALLAO,"Articulos para fiestas de navidad que sean o contengan material vegetal
",13.149,UNIDADES,GUATEMALA
18700,2025,7,OFICINA PUESTO DE CONTROL MARITIMO - PROV. CONST. DEL CALLAO,"Madera flotante para acuarios, de especies dinstitos a tropicales, con algún proceso de la CRF2",1480.72,UNIDADES,CHINA
18701,2025,7,OFICINA PUESTO DE CONTROL MARITIMO - PROV. CONST. DEL CALLAO,"PERA, fruta fresca",23946.3,CAJA(S),ARGENTINA
18702,2025,7,OFICINA PUESTO DE CONTROL MARITIMO - PROV. CONST. DEL CALLAO,"Madera flotante para acuarios, de especies dinstitos a tropicales, con algún proceso de la CRF2",21.5,UNIDADES,GUATEMALA
18703,2025,7,OFICINA PUESTO DE CONTROL MARITIMO - PROV. CONST. DEL CALLAO,"Articulos de cesteria (canastos, cestos u otros), con algun proceso de la CRF2",64.6,UNIDADES,GUATEMALA
18704,2025,7,OFICINA PUESTO DE CONTROL MARITIMO - PROV. CONST. DEL CALLAO,"Articulos para fiestas de navidad que sean o contengan material vegetal
",37.3,UNIDADES,PANAMA
18705,2025,7,OFICINA PUESTO DE CONTROL MARITIMO - PROV. CONST. DEL CALLAO,"MARCOS, madera",307.008,UNIDADES,CHINA
18706,2025,7,OFICINA PUESTO DE CONTROL MARITIMO - PROV. CONST. DEL CALLAO,"COCO, fibra (para sustrato)",46050,PALETAS,INDIA
18707,2025,7,PUESTO DE CONTROL TERRESTRE DESAGUADERO,"SOYA, torta",174000,SACO(S),BOLIVIA
18708,2025,7,OFICINA PUESTO DE CONTROL MARITIMO - PROV. CONST. DEL CALLAO,"PERA, fruta fresca",23946.3,CAJA(S),ARGENTINA
18709,2025,7,OFICINA PUESTO DE CONTROL MARITIMO - PROV. CONST. DEL CALLAO,"PINO, postes de madera con algun proceso de la CRF 2",289318,UNIDADES,EEUU
18710,2025,7,OFICINA PUESTO DE CONTROL MARITIMO - PROV. CONST. DEL CALLAO,"MANZANA, fruto fresco",19943,CAJA(S),CHILE
18711,2025,7,OFICINA PUESTO DE CONTROL MARITIMO - PROV. CONST. DEL CALLAO,AZUCAR BLANCA O REFINADA (lectura polarimetrica mayor 99.5°),265000,SACO(S),COLOMBIA
18712,2025,7,OFICINA PUESTO DE CONTROL MARITIMO - PROV. CONST. DEL CALLAO,AZUCAR BLANCA O REFINADA (lectura polarimetrica mayor 99.5°),265000,SACO(S),COLOMBIA
18713,2025,7,OFICINA PUESTO DE CONTROL MARITIMO - PROV. CONST. DEL CALLAO,AZUCAR BLANCA O REFINADA (lectura polarimetrica mayor 99.5°),49680,SACO(S),COLOMBIA
18714,2025,7,OFICINA PUESTO DE CONTROL MARITIMO - PROV. CONST. DEL CALLAO,"COCO, fibra (para sustrato)",48230,PALETAS,INDIA
18715,2025,7,OFICINA PUESTO DE CONTROL MARITIMO - PROV. CONST. DEL CALLAO,"COCO, fibra (para sustrato)",69030,PALETAS,INDIA
18716,2025,7,OFICINA PUESTO DE CONTROL MARITIMO - PROV. CONST. DEL CALLAO,TURBA,98710,FARDOS,LETONIA
18717,2025,7,"AGUAS VERDES, TUMBES","Las demás coniferas, las demas maderas aserradas o desbastadas longitudinalmente, cortada o desenrollada, incluso cepillada,lijada o unida por lo extremos, de espesor superior a 6 mm, con algun tratamiento de la CRF 2",29130,PIEZAS,ECUADOR
18718,2025,7,PUESTO DE CONTROL TERRESTRE DESAGUADERO,"MANI, grano sin cáscara",30000,SACO(S),BOLIVIA
18719,2025,7,"AGUAS VERDES, TUMBES","Las demás coniferas, las demas maderas aserradas o desbastadas longitudinalmente, cortada o desenrollada, incluso cepillada,lijada o unida por lo extremos, de espesor superior a 6 mm, con algun tratamiento de la CRF 2",26000,PIEZAS,ECUADOR
18720,2025,7,OFICINA PUESTO DE CONTROL MARITIMO - PROV. CONST. DEL CALLAO,"COCO, fibra (para sustrato)",174458,PALETAS,SRI LANKA
18721,2025,7,OFICINA PUESTO DE CONTROL MARITIMO - PROV. CONST. DEL CALLAO,"COCO, fibra (para sustrato)",173706,PALETAS,SRI LANKA
18722,2025,7,OFICINA PUESTO DE CONTROL MARITIMO - PROV. CONST. DEL CALLAO,"HONGO comestible, semilla",5617.34,CAJA(S),EEUU
18723,2025,7,OFICINA PUESTO DE CONTROL MARITIMO - PROV. CONST. DEL CALLAO,"ABONO DE ORIGEN VEGETAL ( sin tratamiento quimico, aditivos o mezcla con productos de origen animal) con algún proceso de la CRF 2",1362.65,BOLSAS,EEUU
18724,2025,7,OFICINA PUESTO DE CONTROL MARITIMO - PROV. CONST. DEL CALLAO,"ALGODON, fibra sin cardar ni peinar (>22.22 mm = o <28.57 mm)",38890,FARDOS,EEUU
18725,2025,7,OFICINA PUESTO DE CONTROL MARITIMO - PROV. CONST. DEL CALLAO,"GARBANZO, grano",21700,SACO(S),MEXICO
18726,2025,7,PUESTO DE CONTROL TERRESTRE DESAGUADERO,"MANI, grano sin cáscara",60000,SACO(S),BOLIVIA
18727,2025,7,"SANTA ROSA, TACNA","CURCUMA, rizoma fresco",1903.5,CAJA(S),PERU
18728,2025,7,"SANTA ROSA, TACNA","JENGIBRE (=KION), fresco",9517.5,CAJA(S),PERU
18729,2025,7,"PUERTO DE PISCO , ICA","MAIZ AMARILLO DURO, grano",33505000,GRANEL,ARGENTINA
18730,2025,7,"PUERTO DE PAITA , PIURA","LENTEJA, grano",131541,SACO(S),CANADA
18731,2025,7,PUESTO DE CONTROL TERRESTRE DESAGUADERO,"SOYA, torta",28000,GRANEL,BOLIVIA
18732,2025,7,PUESTO DE CONTROL TERRESTRE DESAGUADERO,"SOYA, torta",28000,GRANEL,BOLIVIA
18733,2025,7,OFICINA PUESTO DE CONTROL MARITIMO - PROV. CONST. DEL CALLAO,"ALGODON, fibra sin cardar ni peinar (>22.22 mm = o <28.57 mm)",19553,FARDOS,EEUU
18734,2025,7,OFICINA PUESTO DE CONTROL MARITIMO - PROV. CONST. DEL CALLAO,"AVENA, grano trabajado (mondado, perlado, troceado o quebrantado)",125000,SACO(S),CHILE
18735,2025,7,PUESTO DE CONTROL TERRESTRE DESAGUADERO,"SOYA, torta",145000,SACO(S),BOLIVIA
18736,2025,7,PUESTO DE CONTROL TERRESTRE DESAGUADERO,"SOYA, torta",116000,SACO(S),BOLIVIA
18737,2025,7,OFICINA PUESTO DE CONTROL MARITIMO - PROV. CONST. DEL CALLAO,"Articulos para fiestas de navidad que sean o contengan material vegetal
",565.296,UNIDADES,HONG KONG
18738,2025,7,OFICINA PUESTO DE CONTROL MARITIMO - PROV. CONST. DEL CALLAO,"PERA, fruta fresca",23946.3,CAJA(S),ARGENTINA
18739,2025,7,"AGUAS VERDES, TUMBES","Las demás coniferas, las demas maderas aserradas o desbastadas longitudinalmente, cortada o desenrollada, incluso cepillada,lijada o unida por lo extremos, de espesor superior a 6 mm, con algun tratamiento de la CRF 2",29480,PIEZAS,ECUADOR
18740,2025,7,OFICINA PUESTO DE CONTROL MARITIMO - PROV. CONST. DEL CALLAO,"LENTEJA, grano",53060,SACO(S),CANADA
18741,2025,7,"AGUAS VERDES, TUMBES","ROSA, flores frescas cortadas",5624,CAJA(S),ECUADOR
18742,2025,7,"AGUAS VERDES, TUMBES","CLAVEL, flores frescas cortadas",1021,CAJA(S),ECUADOR
18743,2025,7,OFICINA PUESTO DE CONTROL MARITIMO - PROV. CONST. DEL CALLAO,"CAUCHO, técnicamente especificado (TSNR)",21000,UNIDADES,VIETNAM
18744,2025,7,OFICINA PUESTO DE CONTROL MARITIMO - PROV. CONST. DEL CALLAO,"CAUCHO, hojas ahumadas",40000,UNIDADES,VIETNAM
18745,2025,7,OFICINA PUESTO DE CONTROL MARITIMO - PROV. CONST. DEL CALLAO,"YUCA (=MANDIOCA), fécula",24500,BOLSAS,NICARAGUA
18746,2025,7,OFICINA PUESTO DE CONTROL MARITIMO - PROV. CONST. DEL CALLAO,"MADERA, monturas y mangos de herramientas, monturas y mangos de cepillos, brochas o escobas, de madera; hormas, ensanchadores y tensores del calzado, de madera ; con algún proceso de la CRF 2",28540,SACO(S),CHINA
18747,2025,7,OFICINA PUESTO DE CONTROL MARITIMO - PROV. CONST. DEL CALLAO,"MAIZ REVENTON, grano",156492,SACO(S),EEUU
18748,2025,7,OFICINA PUESTO DE CONTROL MARITIMO - PROV. CONST. DEL CALLAO,"UVA (PASAS), secas industrialmente",21000,CAJA(S),CHILE
18749,2025,7,OFICINA PUESTO DE CONTROL MARITIMO - PROV. CONST. DEL CALLAO,"CATNIP, triturado o pulverizado (molido)",164.082,CAJA(S),CHINA
18750,2025,7,OFICINA PUESTO DE CONTROL MARITIMO - PROV. CONST. DEL CALLAO,"LENTEJA, grano",23587,SACO(S),EEUU
18751,2025,7,OFICINA PUESTO DE CONTROL MARITIMO - PROV. CONST. DEL CALLAO,"CORCHO, desperdicios; corcho triturado, granulado o pulverizado",21431,PALETAS,PORTUGAL
18752,2025,7,PUESTO DE CONTROL TERRESTRE DESAGUADERO,"SOYA, harina",145000,SACO(S),BOLIVIA
18753,2025,7,PUESTO DE CONTROL TERRESTRE DESAGUADERO,"SOYA, torta",148000,SACO(S),BOLIVIA
18754,2025,7,OFICINA PUESTO DE CONTROL MARITIMO - PROV. CONST. DEL CALLAO,"AVENA, grano trabajado (mondado, perlado, troceado o quebrantado)",26250,SACO(S),CHILE
18755,2025,7,OFICINA PUESTO DE CONTROL MARITIMO - PROV. CONST. DEL CALLAO,AZUCAR BLANCA O REFINADA (lectura polarimetrica mayor 99.5°),132500,SACO(S),COLOMBIA
18756,2025,7,OFICINA PUESTO DE CONTROL MARITIMO - PROV. CONST. DEL CALLAO,"COCO, fibra (para sustrato)",114350,PALETAS,INDIA
18757,2025,7,OFICINA PUESTO DE CONTROL AEREO -  PROV. CONST. DEL CALLAO,"ZAPALLITO ITALIANO (CALABACIN), semilla",6.087671,SACHETS,HOLANDA
18758,2025,7,"AGUAS VERDES, TUMBES","Las demás coniferas, las demas maderas aserradas o desbastadas longitudinalmente, cortada o desenrollada, incluso cepillada,lijada o unida por lo extremos, de espesor superior a 6 mm, con algun tratamiento de la CRF 2",29340,PIEZAS,ECUADOR
18759,2025,7,OFICINA PUESTO DE CONTROL MARITIMO - PROV. CONST. DEL CALLAO,"COCO, fibra (para sustrato)",48900,PALETAS,INDIA
18760,2025,7,"PUERTO DE PAITA , PIURA","LENTEJA, grano",185745,SACO(S),CANADA
18761,2025,7,OFICINA PUESTO DE CONTROL MARITIMO - PROV. CONST. DEL CALLAO,"LENTEJA, grano",185570,SACO(S),CANADA
18762,2025,7,OFICINA PUESTO DE CONTROL MARITIMO - PROV. CONST. DEL CALLAO,"LENTEJA, grano",99837,SACO(S),CANADA
18763,2025,7,OFICINA PUESTO DE CONTROL MARITIMO - PROV. CONST. DEL CALLAO,"MAIZ, harina",85560,SACO(S),COLOMBIA
18764,2025,7,OFICINA PUESTO DE CONTROL AEREO -  PROV. CONST. DEL CALLAO,"CAFE, semilla",330,BOLSAS,BRASIL
18765,2025,7,PUESTO DE CONTROL TERRESTRE DESAGUADERO,"SOYA, torta",85500,SACO(S),BOLIVIA
18766,2025,7,PUESTO DE CONTROL TERRESTRE DESAGUADERO,"SOYA, torta",145000,SACO(S),BOLIVIA
18767,2025,7,OFICINA PUESTO DE CONTROL MARITIMO - PROV. CONST. DEL CALLAO,"MAIZ REVENTON, grano",75000,SACO(S),ARGENTINA
18768,2025,7,OFICINA PUESTO DE CONTROL MARITIMO - PROV. CONST. DEL CALLAO,"PERA, fruta fresca",23814,CAJA(S),ARGENTINA
18769,2025,7,OFICINA PUESTO DE CONTROL AEREO -  PROV. CONST. DEL CALLAO,"ARANDANO, planta in vitro",297.6,FRASCO(S),MEXICO
18770,2025,7,OFICINA PUESTO DE CONTROL AEREO -  PROV. CONST. DEL CALLAO,"ARANDANO, planta in vitro",297.6,FRASCO(S),MEXICO
18771,2025,7,OFICINA PUESTO DE CONTROL MARITIMO - PROV. CONST. DEL CALLAO,"ARROZ, parbolizado pulido o sin cáscara",125000,SACO(S),BRASIL
18772,2025,7,OFICINA PUESTO DE CONTROL MARITIMO - PROV. CONST. DEL CALLAO,"ARROZ, parbolizado pulido o sin cáscara",132500,SACO(S),BRASIL
18773,2025,7,OFICINA PUESTO DE CONTROL MARITIMO - PROV. CONST. DEL CALLAO,"ARROZ, parbolizado pulido o sin cáscara",132500,SACO(S),BRASIL
18774,2025,7,OFICINA PUESTO DE CONTROL MARITIMO - PROV. CONST. DEL CALLAO,"ARROZ, parbolizado pulido o sin cáscara",132500,SACO(S),BRASIL
18775,2025,7,OFICINA PUESTO DE CONTROL AEREO -  PROV. CONST. DEL CALLAO,"CHIA, grano",2,BOLSAS,PARAGUAY
18776,2025,7,"SANTA ROSA, TACNA","MANZANA, fruto fresco",23520,CAJA(S),CHILE
18777,2025,7,OFICINA PUESTO DE CONTROL MARITIMO - PROV. CONST. DEL CALLAO,"AVENA, grano trabajado (mondado, perlado, troceado o quebrantado)",84000,SACO(S),CHILE
18778,2025,7,OFICINA PUESTO DE CONTROL MARITIMO - PROV. CONST. DEL CALLAO,"UVA (PASAS), secas naturalmente",21000,CAJA(S),CHILE
18779,2025,7,OFICINA PUESTO DE CONTROL MARITIMO - PROV. CONST. DEL CALLAO,"Marañon (NUEZ DE CAJU), semilla alimenticia sin cascara, seca industriamente",17010,CAJA(S),VIETNAM
18780,2025,7,OFICINA PUESTO DE CONTROL MARITIMO - PROV. CONST. DEL CALLAO,"COCO, fibra (para sustrato)",44560,PALETAS,INDIA
18781,2025,7,OFICINA PUESTO DE CONTROL MARITIMO - PROV. CONST. DEL CALLAO,"AZUCAR CRUDA, sólido",250000,SACO(S),GUATEMALA
18782,2025,7,OFICINA PUESTO DE CONTROL MARITIMO - PROV. CONST. DEL CALLAO,"AZUCAR CRUDA, sólido",250000,SACO(S),GUATEMALA
18783,2025,7,OFICINA PUESTO DE CONTROL MARITIMO - PROV. CONST. DEL CALLAO,"TRACTOR USADO, con motor de potencia superior a 33 kW pero inferior o igual a 75 kW",2790,PAQUETES,CHINA
18784,2025,7,OFICINA PUESTO DE CONTROL MARITIMO - PROV. CONST. DEL CALLAO,"DACTYLIS, semilla",14400,SACO(S),HOLANDA
18785,2025,7,PUESTO DE CONTROL TERRESTRE DESAGUADERO,"SOYA, torta",145000,SACO(S),BOLIVIA
18786,2025,7,OFICINA PUESTO DE CONTROL MARITIMO - PROV. CONST. DEL CALLAO,"UVA (PASAS), secas naturalmente",20000,CAJA(S),CHILE
18787,2025,7,OFICINA PUESTO DE CONTROL MARITIMO - PROV. CONST. DEL CALLAO,"UVA (PASAS), secas naturalmente",20000,CAJA(S),CHILE
18788,2025,7,OFICINA PUESTO DE CONTROL MARITIMO - PROV. CONST. DEL CALLAO,"UVA (PASAS), secas naturalmente",20000,CAJA(S),CHILE
18789,2025,7,OFICINA PUESTO DE CONTROL AEREO -  PROV. CONST. DEL CALLAO,"CEBOLLA, semilla",33.362,SACHETS,CHILE
18790,2025,7,PUESTO DE CONTROL TERRESTRE DESAGUADERO,"SOYA, torta",84000,GRANEL,BOLIVIA
18791,2025,7,OFICINA PUESTO DE CONTROL MARITIMO - PROV. CONST. DEL CALLAO,"Articulos de cesteria (canastos, cestos u otros), con algun proceso de la CRF2",131.379,UNIDADES,CHINA
18792,2025,7,PUESTO DE CONTROL TERRESTRE DESAGUADERO,"MANI, grano sin cáscara",60000,SACO(S),BOLIVIA
18793,2025,7,OFICINA PUESTO DE CONTROL MARITIMO - PROV. CONST. DEL CALLAO,AZUCAR BLANCA O REFINADA (lectura polarimetrica mayor 99.5°),132500,SACO(S),COLOMBIA
18794,2025,7,OFICINA PUESTO DE CONTROL MARITIMO - PROV. CONST. DEL CALLAO,AZUCAR BLANCA O REFINADA (lectura polarimetrica mayor 99.5°),53000,SACO(S),COLOMBIA
18795,2025,7,OFICINA PUESTO DE CONTROL MARITIMO - PROV. CONST. DEL CALLAO,"LENTEJA, grano",91988,SACO(S),EEUU
18796,2025,7,OFICINA PUESTO DE CONTROL MARITIMO - PROV. CONST. DEL CALLAO,"LENTEJA, grano",263080,SACO(S),CANADA
18797,2025,7,OFICINA PUESTO DE CONTROL MARITIMO - PROV. CONST. DEL CALLAO,"NUEZ, sin cáscara seca al natural",10000,CAJA(S),CHILE
18798,2025,7,OFICINA PUESTO DE CONTROL MARITIMO - PROV. CONST. DEL CALLAO,"LENTEJA, grano",46810,SACO(S),EEUU
18799,2025,7,OFICINA PUESTO DE CONTROL MARITIMO - PROV. CONST. DEL CALLAO,"YUCA (=MANDIOCA), fécula",38000,BOLSAS,TAILANDIA
18800,2025,7,"SANTA ROSA, TACNA","FLOR DE JAMAICA, seca natural",12000,SACO(S),NIGERIA
18801,2025,7,OFICINA PUESTO DE CONTROL AEREO -  PROV. CONST. DEL CALLAO,"ARANDANO, planta",857,CAJA(S),CHILE
18802,2025,7,PUESTO DE CONTROL TERRESTRE DESAGUADERO,"SOYA, torta",56000,GRANEL,BOLIVIA
18803,2025,7,OFICINA PUESTO DE CONTROL AEREO -  PROV. CONST. DEL CALLAO,"ZANAHORIA, semilla",387.704,SACHETS,HOLANDA
18804,2025,7,PUESTO DE CONTROL TERRESTRE DESAGUADERO,"SOYA, torta",28000,GRANEL,BOLIVIA
18805,2025,7,PUESTO DE CONTROL TERRESTRE DESAGUADERO,"SOYA, torta",56000,GRANEL,BOLIVIA
18806,2025,7,OFICINA PUESTO DE CONTROL MARITIMO - PROV. CONST. DEL CALLAO,"MANZANA, fruto fresco",21280,CAJA(S),CHILE
18807,2025,7,OFICINA PUESTO DE CONTROL MARITIMO - PROV. CONST. DEL CALLAO,"Articulos para fiestas de navidad que sean o contengan material vegetal
",2400.821,CAJA(S),CHINA
18808,2025,7,"PUERTO DE PAITA , PIURA","COCO, fibra (para sustrato)",362250,PALETAS,INDIA
18809,2025,7,PUESTO DE CONTROL TERRESTRE DESAGUADERO,"SOYA, torta",55170,GRANEL,BOLIVIA
18810,2025,7,PUESTO DE CONTROL TERRESTRE DESAGUADERO,"SOYA, torta",28000,GRANEL,BOLIVIA
18811,2025,7,PUESTO DE CONTROL TERRESTRE DESAGUADERO,"SOYA, harina",28500,SACO(S),BOLIVIA
18812,2025,7,PUESTO DE CONTROL TERRESTRE DESAGUADERO,"SOYA, harina",28000,SACO(S),BOLIVIA
18813,2025,7,PUESTO DE CONTROL TERRESTRE DESAGUADERO,"SOYA, torta",28000,GRANEL,BOLIVIA
18814,2025,7,PUESTO DE CONTROL TERRESTRE DESAGUADERO,"SOYA, torta",83400,GRANEL,BOLIVIA
18815,2025,7,"AGUAS VERDES, TUMBES","ROSA, flores frescas cortadas",1270,CAJA(S),ECUADOR
18816,2025,7,"AGUAS VERDES, TUMBES","CLAVEL, flores frescas cortadas",60,CAJA(S),ECUADOR
18817,2025,7,"PUERTO DE PAITA , PIURA","COCO, fibra (para sustrato)",49780,PIEZAS,SRI LANKA
18818,2025,7,PUESTO DE CONTROL TERRESTRE DESAGUADERO,"SOYA, torta",116000,SACO(S),BOLIVIA
18819,2025,7,PUESTO DE CONTROL TERRESTRE DESAGUADERO,"SOYA, torta",28000,SACO(S),BOLIVIA
18820,2025,7,PUESTO DE CONTROL TERRESTRE DESAGUADERO,"SOYA, torta",55420,GRANEL,BOLIVIA
18821,2025,7,OFICINA PUESTO DE CONTROL AEREO -  PROV. CONST. DEL CALLAO,"PEPINILLO, semilla",0.245,SACHETS,JAPON
18822,2025,7,PUESTO DE CONTROL TERRESTRE DESAGUADERO,"SOYA, torta",29000,SACO(S),BOLIVIA
18823,2025,7,PUESTO DE CONTROL TERRESTRE DESAGUADERO,"SOYA, torta",29000,SACO(S),BOLIVIA
18824,2025,7,PUESTO DE CONTROL TERRESTRE DESAGUADERO,"SOYA, torta",29000,SACO(S),BOLIVIA
18825,2025,7,PUESTO DE CONTROL TERRESTRE DESAGUADERO,"SOYA, torta",29000,SACO(S),BOLIVIA
18826,2025,7,PUESTO DE CONTROL TERRESTRE DESAGUADERO,"SOYA, torta",29000,SACO(S),BOLIVIA
18827,2025,7,OFICINA PUESTO DE CONTROL AEREO -  PROV. CONST. DEL CALLAO,"MELON, semilla",0.397,LATAS,HOLANDA
18828,2025,7,"SANTA ROSA, TACNA","KIWI, fruto fresco",23808,CAJA(S),CHILE
18829,2025,7,OFICINA PUESTO DE CONTROL MARITIMO - PROV. CONST. DEL CALLAO,"MANZANA, fruto fresco",19756.8,CAJA(S),CHILE
18830,2025,7,OFICINA PUESTO DE CONTROL MARITIMO - PROV. CONST. DEL CALLAO,"MADERA, monturas y mangos de herramientas, monturas y mangos de cepillos, brochas o escobas, de madera; hormas, ensanchadores y tensores del calzado, de madera ; con algún proceso de la CRF 2",926.544,PIEZAS,MEXICO
18831,2025,7,OFICINA PUESTO DE CONTROL AEREO -  PROV. CONST. DEL CALLAO,"LECHUGA, semilla",0.025,SACHETS,EEUU
18832,2025,7,PUESTO DE CONTROL TERRESTRE DESAGUADERO,"SOYA, torta",145000,SACO(S),BOLIVIA
18833,2025,7,OFICINA PUESTO DE CONTROL AEREO -  PROV. CONST. DEL CALLAO,"MELON, semilla",12.552,SACHETS,CHILE
18834,2025,7,PUESTO DE CONTROL TERRESTRE DESAGUADERO,"SOYA, torta",28000,GRANEL,BOLIVIA
18835,2025,7,PUESTO DE CONTROL TERRESTRE DESAGUADERO,"SOYA, torta",28000,GRANEL,BOLIVIA
18836,2025,7,PUESTO DE CONTROL TERRESTRE DESAGUADERO,"SOYA, torta",28000,GRANEL,BOLIVIA
18837,2025,7,PUESTO DE CONTROL TERRESTRE DESAGUADERO,"SOYA, torta",29130,GRANEL,BOLIVIA
18838,2025,7,PUESTO DE CONTROL TERRESTRE DESAGUADERO,"SOYA, torta",27974,SACO(S),BOLIVIA
18839,2025,7,PUESTO DE CONTROL TERRESTRE DESAGUADERO,"SOYA, torta",28000,GRANEL,BOLIVIA
18840,2025,7,OFICINA PUESTO DE CONTROL MARITIMO - PROV. CONST. DEL CALLAO,"CHIA, grano",24970,SACO(S),PARAGUAY
18841,2025,7,PUESTO DE CONTROL TERRESTRE DESAGUADERO,"SOYA, torta",84000,GRANEL,BOLIVIA
18842,2025,7,PUESTO DE CONTROL TERRESTRE DESAGUADERO,"SOYA, torta",56000,GRANEL,BOLIVIA
18843,2025,7,PUESTO DE CONTROL TERRESTRE DESAGUADERO,"SOYA, torta",28000,GRANEL,BOLIVIA
18844,2025,7,PUESTO DE CONTROL TERRESTRE DESAGUADERO,"SOYA, torta",28000,GRANEL,BOLIVIA
18845,2025,7,PUESTO DE CONTROL TERRESTRE DESAGUADERO,"SOYA, torta",28000,GRANEL,BOLIVIA
18846,2025,7,PUESTO DE CONTROL TERRESTRE DESAGUADERO,"SOYA, torta",28000,GRANEL,BOLIVIA
18847,2025,7,OFICINA PUESTO DE CONTROL MARITIMO - PROV. CONST. DEL CALLAO,"ALGODON, fibra sin cardar ni peinar (>28.57 mm = o <34.92 mm)",78930,FARDOS,EEUU
18848,2025,7,PUESTO DE CONTROL TERRESTRE DESAGUADERO,"SOYA, torta",28000,GRANEL,BOLIVIA
18849,2025,7,PUESTO DE CONTROL TERRESTRE DESAGUADERO,"SOYA, torta",28000,GRANEL,BOLIVIA
18850,2025,7,PUESTO DE CONTROL TERRESTRE DESAGUADERO,"SOYA, torta",56000,GRANEL,BOLIVIA
18851,2025,7,PUESTO DE CONTROL TERRESTRE DESAGUADERO,"SOYA, torta",56000,GRANEL,BOLIVIA
18852,2025,7,PUESTO DE CONTROL TERRESTRE DESAGUADERO,"MANI, grano sin cáscara",58000,SACO(S),BOLIVIA
18853,2025,7,PUESTO DE CONTROL TERRESTRE DESAGUADERO,"SOYA, torta",145000,SACO(S),BOLIVIA
18854,2025,7,PUESTO DE CONTROL TERRESTRE DESAGUADERO,AZUCAR BLANCA O REFINADA (lectura polarimetrica mayor 99.5°),116000,SACO(S),BOLIVIA
18855,2025,7,PUESTO DE CONTROL TERRESTRE DESAGUADERO,"SOYA, torta",56000,GRANEL,BOLIVIA
18856,2025,7,OFICINA PUESTO DE CONTROL MARITIMO - PROV. CONST. DEL CALLAO,"COMINO, grano",27600,SACO(S),INDIA
18857,2025,7,OFICINA PUESTO DE CONTROL MARITIMO - PROV. CONST. DEL CALLAO,"ARVEJA, grano partido",92490,SACO(S),EEUU
18858,2025,7,OFICINA PUESTO DE CONTROL MARITIMO - PROV. CONST. DEL CALLAO,"CIRUELA, seca industrialmente",40000,CAJA(S),CHILE
18859,2025,7,PUESTO DE CONTROL TERRESTRE DESAGUADERO,"SOYA, torta",84000,GRANEL,BOLIVIA
18860,2025,7,PUESTO DE CONTROL TERRESTRE DESAGUADERO,"SOYA, grano",51980,GRANEL,BOLIVIA
18861,2025,7,OFICINA PUESTO DE CONTROL MARITIMO - PROV. CONST. DEL CALLAO,"COCO, fibra (para sustrato)",257810,PALETAS,INDIA
18862,2025,7,PUESTO DE CONTROL TERRESTRE DESAGUADERO,"SOYA, torta",28000,GRANEL,BOLIVIA
18863,2025,7,PUESTO DE CONTROL TERRESTRE DESAGUADERO,"SOYA, torta",55950,GRANEL,BOLIVIA
18864,2025,7,PUESTO DE CONTROL TERRESTRE DESAGUADERO,"SOYA, torta",28000,GRANEL,BOLIVIA
18865,2025,7,PUESTO DE CONTROL TERRESTRE DESAGUADERO,"SOYA, torta",25029,SACO(S),BOLIVIA
18866,2025,7,PUESTO DE CONTROL TERRESTRE DESAGUADERO,"SOYA, torta",84300,GRANEL,BOLIVIA
18867,2025,7,PUESTO DE CONTROL TERRESTRE DESAGUADERO,"SOYA, torta",54550,GRANEL,BOLIVIA
18868,2025,7,PUESTO DE CONTROL TERRESTRE DESAGUADERO,"SOYA, torta",56000,GRANEL,BOLIVIA
18869,2025,7,OFICINA PUESTO DE CONTROL MARITIMO - PROV. CONST. DEL CALLAO,"LENTEJA, grano",74979,SACO(S),CANADA
18870,2025,7,PUESTO DE CONTROL TERRESTRE DESAGUADERO,"SOYA, torta",56000,GRANEL,BOLIVIA
18871,2025,7,OFICINA PUESTO DE CONTROL MARITIMO - PROV. CONST. DEL CALLAO,"CENTENO, harina",800,SACO(S),CHILE
18872,2025,7,OFICINA PUESTO DE CONTROL MARITIMO - PROV. CONST. DEL CALLAO,"SOYA, harina",300,SACO(S),CHILE
18873,2025,7,OFICINA PUESTO DE CONTROL MARITIMO - PROV. CONST. DEL CALLAO,"ALGARROBO, harina",200,SACO(S),CHILE
18874,2025,7,PUESTO DE CONTROL TERRESTRE DESAGUADERO,"SOYA, harina",145000,SACO(S),BOLIVIA
18875,2025,7,PUESTO DE CONTROL TERRESTRE DESAGUADERO,"SOYA, torta",57500,GRANEL,BOLIVIA
18876,2025,7,PUESTO DE CONTROL TERRESTRE DESAGUADERO,"SOYA, torta",56000,GRANEL,BOLIVIA
18877,2025,7,PUESTO DE CONTROL TERRESTRE DESAGUADERO,"SOYA, torta",56100,GRANEL,BOLIVIA
18878,2025,7,PUESTO DE CONTROL TERRESTRE DESAGUADERO,"SOYA, torta",28000,GRANEL,BOLIVIA
18879,2025,7,PUESTO DE CONTROL TERRESTRE DESAGUADERO,"SOYA, torta",54000,GRANEL,BOLIVIA
18880,2025,7,PUESTO DE CONTROL TERRESTRE DESAGUADERO,"SOYA, torta",28000,GRANEL,BOLIVIA
18881,2025,7,OFICINA PUESTO DE CONTROL AEREO -  PROV. CONST. DEL CALLAO,"PEPINILLO, semilla",0.023,SACHETS,FRANCIA
18882,2025,7,PUESTO DE CONTROL TERRESTRE DESAGUADERO,"SOYA, torta",28150,GRANEL,BOLIVIA
18883,2025,7,PUESTO DE CONTROL TERRESTRE DESAGUADERO,"SOYA, torta",84000,GRANEL,BOLIVIA
18884,2025,7,PUESTO DE CONTROL TERRESTRE DESAGUADERO,"SOYA, torta",28230,GRANEL,BOLIVIA
18885,2025,7,PUESTO DE CONTROL TERRESTRE DESAGUADERO,"SOYA, torta",28000,GRANEL,BOLIVIA
18886,2025,7,PUESTO DE CONTROL TERRESTRE DESAGUADERO,"SOYA, torta",28000,GRANEL,BOLIVIA
18887,2025,7,PUESTO DE CONTROL TERRESTRE DESAGUADERO,"SOYA, torta",27914,SACO(S),BOLIVIA
18888,2025,7,PUESTO DE CONTROL TERRESTRE DESAGUADERO,"SOYA, torta",370,GRANEL,BOLIVIA
18889,2025,7,PUESTO DE CONTROL TERRESTRE DESAGUADERO,"SOYA, torta",28000,GRANEL,BOLIVIA
18890,2025,7,PUESTO DE CONTROL TERRESTRE DESAGUADERO,"SOYA, torta",28000,GRANEL,BOLIVIA
18891,2025,7,PUESTO DE CONTROL TERRESTRE DESAGUADERO,"SOYA, torta",25838,SACO(S),BOLIVIA
18892,2025,7,OFICINA PUESTO DE CONTROL MARITIMO - PROV. CONST. DEL CALLAO,"PINO, madera aserrada con algún proceso de la CRF2",84575,PAQUETES,CHILE
18893,2025,7,OFICINA PUESTO DE CONTROL MARITIMO - PROV. CONST. DEL CALLAO,"MAIZ REVENTON, grano",129950,SACO(S),ARGENTINA
18894,2025,7,OFICINA PUESTO DE CONTROL MARITIMO - PROV. CONST. DEL CALLAO,"AVENA, grano aplastado o en copos (hojuelas)",130000,SACO(S),CHILE
18895,2025,7,"PUERTO DE PAITA , PIURA","ARVEJA, grano partido",124740,SACO(S),EEUU
18896,2025,7,OFICINA PUESTO DE CONTROL MARITIMO - PROV. CONST. DEL CALLAO,"MAIZ REVENTON, grano",129950,SACO(S),ARGENTINA
18897,2025,7,"SANTA ROSA, TACNA","Prensas para paja o forraje, incluidas prensas recogedoras usadas
",4000,UNIDADES,CHILE
18898,2025,7,PUESTO DE CONTROL TERRESTRE DESAGUADERO,"SOYA, harina",87000,SACO(S),BOLIVIA
18899,2025,7,OFICINA PUESTO DE CONTROL MARITIMO - PROV. CONST. DEL CALLAO,"MADERA, monturas y mangos de herramientas, monturas y mangos de cepillos, brochas o escobas, de madera; hormas, ensanchadores y tensores del calzado, de madera ; con algún proceso de la CRF 2",28098,UNIDADES,HONG KONG
18900,2025,7,OFICINA PUESTO DE CONTROL MARITIMO - PROV. CONST. DEL CALLAO,AZUCAR BLANCA O REFINADA (lectura polarimetrica mayor 99.5°),265000,SACO(S),COLOMBIA
18901,2025,7,OFICINA PUESTO DE CONTROL MARITIMO - PROV. CONST. DEL CALLAO,AZUCAR BLANCA O REFINADA (lectura polarimetrica mayor 99.5°),26500,SACO(S),COLOMBIA
18902,2025,7,OFICINA PUESTO DE CONTROL MARITIMO - PROV. CONST. DEL CALLAO,"GARBANZO, grano",22940,SACO(S),MEXICO
18903,2025,7,PUESTO DE CONTROL TERRESTRE DESAGUADERO,"MANI, grano sin cáscara",58000,SACO(S),BOLIVIA
18904,2025,7,OFICINA PUESTO DE CONTROL MARITIMO - PROV. CONST. DEL CALLAO,"KIWI, fruto fresco",16800,CAJA(S),CHILE
18905,2025,7,OFICINA PUESTO DE CONTROL MARITIMO - PROV. CONST. DEL CALLAO,"UVA (PASAS), secas naturalmente",20000,CAJA(S),CHILE
18906,2025,7,OFICINA PUESTO DE CONTROL MARITIMO - PROV. CONST. DEL CALLAO,"PERA, fruta fresca",22680,CAJA(S),ARGENTINA
18907,2025,7,OFICINA PUESTO DE CONTROL MARITIMO - PROV. CONST. DEL CALLAO,"PERA, fruta fresca",22680,CAJA(S),ARGENTINA
18908,2025,7,OFICINA PUESTO DE CONTROL MARITIMO - PROV. CONST. DEL CALLAO,"ANIS O BADIANA, grano",27000,SACO(S),TURQUIA
18909,2025,7,OFICINA PUESTO DE CONTROL MARITIMO - PROV. CONST. DEL CALLAO,"BAMBU, artículos de cestería obtenidos directamente en su forma con materia trenzable con algún proceso de la CRF 2",295.704,CAJA(S),INDONESIA
18910,2025,7,OFICINA PUESTO DE CONTROL MARITIMO - PROV. CONST. DEL CALLAO,"ROTEN (=Ratán), artículos de cestería obtenidos directamente en su forma con materia trenzable con algún proceso de la CRF2",92.616,CAJA(S),INDONESIA
18911,2025,7,OFICINA PUESTO DE CONTROL MARITIMO - PROV. CONST. DEL CALLAO,"Articulos de cesteria (canastos, cestos u otros), con algun proceso de la CRF2",353.81,CAJA(S),INDONESIA
18912,2025,7,OFICINA PUESTO DE CONTROL MARITIMO - PROV. CONST. DEL CALLAO,"ROTEN (=Ratán), artículos de cestería obtenidos directamente en su forma con materia trenzable con algún proceso de la CRF2",488.61,PIEZAS,CHINA
18913,2025,7,OFICINA PUESTO DE CONTROL MARITIMO - PROV. CONST. DEL CALLAO,"MAIZ, almidon",50000,BOLSAS,ARGENTINA
18914,2025,7,OFICINA PUESTO DE CONTROL MARITIMO - PROV. CONST. DEL CALLAO,"COCO, rallado seco industrial",21975,SACO(S),INDIA
18915,2025,7,OFICINA PUESTO DE CONTROL MARITIMO - PROV. CONST. DEL CALLAO,"MAIZ REVENTON, grano",129950,SACO(S),ARGENTINA
18916,2025,7,OFICINA PUESTO DE CONTROL MARITIMO - PROV. CONST. DEL CALLAO,"PINO, madera aserrada con algún proceso de la CRF2",22018,PIEZAS,CHILE
18917,2025,7,OFICINA PUESTO DE CONTROL MARITIMO - PROV. CONST. DEL CALLAO,"ROTEN (=Ratán), artículos de cestería obtenidos directamente en su forma con materia trenzable con algún proceso de la CRF2",75.4,UNIDADES,VIETNAM
18918,2025,7,OFICINA PUESTO DE CONTROL MARITIMO - PROV. CONST. DEL CALLAO,Los demas articulos de cesteria con algun proceso de CRF 2,80,UNIDADES,CHINA
18919,2025,7,"SANTA ROSA, TACNA","PERA, fruta fresca",22988,CAJA(S),CHILE
18920,2025,7,"SANTA ROSA, TACNA","MANZANA, fruto fresco",21834.4,CAJA(S),CHILE
18921,2025,7,OFICINA PUESTO DE CONTROL MARITIMO - PROV. CONST. DEL CALLAO,"MAIZ, almidon",175000,BOLSAS,ARGENTINA
18922,2025,7,OFICINA PUESTO DE CONTROL AEREO -  PROV. CONST. DEL CALLAO,TURBA,15,CAJA(S),HOLANDA
18923,2025,7,OFICINA PUESTO DE CONTROL AEREO -  PROV. CONST. DEL CALLAO,TURBA,290,BOLSAS,HOLANDA
18924,2025,7,OFICINA PUESTO DE CONTROL MARITIMO - PROV. CONST. DEL CALLAO,"SOYA, grano",40800,SACO(S),CANADA
18925,2025,7,OFICINA PUESTO DE CONTROL MARITIMO - PROV. CONST. DEL CALLAO,"ARVEJA, grano partido",47990,SACO(S),CANADA
18926,2025,7,PUESTO DE CONTROL TERRESTRE DESAGUADERO,"MANI, grano sin cáscara",87000,SACO(S),BOLIVIA
18927,2025,7,OFICINA PUESTO DE CONTROL MARITIMO - PROV. CONST. DEL CALLAO,"Articulos para fiestas de navidad que sean o contengan material vegetal
",140.75,CAJA(S),CHINA
18928,2025,7,OFICINA PUESTO DE CONTROL MARITIMO - PROV. CONST. DEL CALLAO,"Articulos para fiestas de navidad que sean o contengan material vegetal
",459.7,CAJA(S),CHINA
18929,2025,7,OFICINA PUESTO DE CONTROL AEREO -  PROV. CONST. DEL CALLAO,"PIMIENTA, grano",0.5,BOLSAS,VIETNAM
18930,2025,7,OFICINA PUESTO DE CONTROL MARITIMO - PROV. CONST. DEL CALLAO,"Articulos para fiestas de navidad que sean o contengan material vegetal
",725.97,CAJA(S),CHINA
18931,2025,7,OFICINA PUESTO DE CONTROL MARITIMO - PROV. CONST. DEL CALLAO,"Articulos para fiestas de navidad que sean o contengan material vegetal
",102.46,CAJA(S),CHINA
18932,2025,7,PUESTO DE CONTROL TERRESTRE DESAGUADERO,"SOYA, grano",27000,GRANEL,BOLIVIA
18933,2025,7,PUESTO DE CONTROL TERRESTRE DESAGUADERO,"SOYA, torta",28000,GRANEL,BOLIVIA
18934,2025,7,PUESTO DE CONTROL TERRESTRE DESAGUADERO,"SOYA, grano",52000,GRANEL,BOLIVIA
18935,2025,7,PUESTO DE CONTROL TERRESTRE DESAGUADERO,"SOYA, grano",25000,GRANEL,BOLIVIA
18936,2025,7,PUESTO DE CONTROL TERRESTRE DESAGUADERO,"SOYA, grano",25000,GRANEL,BOLIVIA
18937,2025,7,OFICINA PUESTO DE CONTROL AEREO -  PROV. CONST. DEL CALLAO,"PALMA ACEITERA, semilla germinada",408,CAJA(S),INDONESIA
18938,2025,7,PUESTO DE CONTROL TERRESTRE DESAGUADERO,"SOYA, torta",56000,GRANEL,BOLIVIA
18939,2025,7,OFICINA PUESTO DE CONTROL MARITIMO - PROV. CONST. DEL CALLAO,"ARROZ, parbolizado pulido o sin cáscara",130000,SACO(S),BRASIL
18940,2025,7,OFICINA PUESTO DE CONTROL MARITIMO - PROV. CONST. DEL CALLAO,"LOS DEMAS TRACTORES, con motor de potencia superior a 18 kW pero inferior o igual a 37 kW (excepto las carretillas tractor de la partida 87.09), USADOS",22220,UNIDADES,CHINA
18941,2025,7,PUESTO DE CONTROL TERRESTRE DESAGUADERO,"MANI, grano sin cáscara",84000,SACO(S),BOLIVIA
18942,2025,7,OFICINA PUESTO DE CONTROL MARITIMO - PROV. CONST. DEL CALLAO,"GARBANZO, grano",88000,SACO(S),MEXICO
18943,2025,7,OFICINA PUESTO DE CONTROL MARITIMO - PROV. CONST. DEL CALLAO,"COCO, fibra (para sustrato)",131510,PALETAS,INDIA
18944,2025,7,OFICINA PUESTO DE CONTROL MARITIMO - PROV. CONST. DEL CALLAO,"ALGODON, fibra sin cardar ni peinar (>34.92 mm)",432373,FARDOS,EEUU
18945,2025,7,OFICINA PUESTO DE CONTROL MARITIMO - PROV. CONST. DEL CALLAO,"COCO, fibra (para sustrato)",120100,PALETAS,SRI LANKA
18946,2025,7,OFICINA PUESTO DE CONTROL MARITIMO - PROV. CONST. DEL CALLAO,"ALGODON, fibra sin cardar ni peinar (>34.92 mm)",416730,FARDOS,EEUU
18947,2025,7,OFICINA PUESTO DE CONTROL MARITIMO - PROV. CONST. DEL CALLAO,"AJI, seco industrial",56,CAJA(S),CHINA
18948,2025,7,OFICINA PUESTO DE CONTROL MARITIMO - PROV. CONST. DEL CALLAO,"MEZCLA DE ESPECIAS, molida",450,CAJA(S),CHINA
18949,2025,7,OFICINA PUESTO DE CONTROL MARITIMO - PROV. CONST. DEL CALLAO,"LAS DEMAS, especias con algún proceso de la CRF 2",50,CAJA(S),CHINA
18950,2025,7,OFICINA PUESTO DE CONTROL MARITIMO - PROV. CONST. DEL CALLAO,"ARROZ, harina",4644,CAJA(S),CHINA
18951,2025,7,"SANTA ROSA, TACNA","COMINO, grano",27000,SACO(S),INDIA
18952,2025,7,"PUERTO DE PAITA , PIURA","YUTE, sacos",16650,FARDOS,INDIA
18953,2025,7,"AGUAS VERDES, TUMBES","CAÑA DE GUAYAQUIL, seca al natural",34000,UNIDADES,ECUADOR
18954,2025,7,OFICINA PUESTO DE CONTROL AEREO -  PROV. CONST. DEL CALLAO,"COL, semilla",10,BOLSAS,JAPON
18955,2025,7,"AGUAS VERDES, TUMBES","CAÑA DE GUAYAQUIL, seca al natural",31000,UNIDADES,ECUADOR
18956,2025,7,OFICINA PUESTO DE CONTROL MARITIMO - PROV. CONST. DEL CALLAO,"MANZANA, fruto fresco",20888,CAJA(S),CHILE
18957,2025,7,OFICINA PUESTO DE CONTROL AEREO -  PROV. CONST. DEL CALLAO,"TOMATE, semilla",0.029,SACHETS,HOLANDA
18958,2025,7,OFICINA PUESTO DE CONTROL AEREO -  PROV. CONST. DEL CALLAO,"TOMATE, semilla",0.003,SACHETS,FRANCIA
18959,2025,7,OFICINA PUESTO DE CONTROL AEREO -  PROV. CONST. DEL CALLAO,"PIMIENTO, semilla",0.72338,SACHETS,EEUU
18960,2025,7,OFICINA PUESTO DE CONTROL AEREO -  PROV. CONST. DEL CALLAO,"BERENJENA, semilla",0.604,SACHETS,ESPAÑA
18961,2025,7,PUESTO DE CONTROL TERRESTRE DESAGUADERO,"SOYA, torta",84000,GRANEL,BOLIVIA
18962,2025,7,PUESTO DE CONTROL TERRESTRE DESAGUADERO,"SOYA, torta",112000,GRANEL,BOLIVIA
18963,2025,7,PUESTO DE CONTROL TERRESTRE DESAGUADERO,"MANI, grano sin cáscara",29000,SACO(S),BOLIVIA
18964,2025,7,OFICINA PUESTO DE CONTROL MARITIMO - PROV. CONST. DEL CALLAO,"UVA (PASAS), secas naturalmente",25000,CAJA(S),ARGENTINA
18965,2025,7,OFICINA PUESTO DE CONTROL MARITIMO - PROV. CONST. DEL CALLAO,"ALGODON, fibra sin cardar ni peinar (>28.57 mm = o <34.92 mm)",118500,FARDOS,EEUU
18966,2025,7,OFICINA PUESTO DE CONTROL MARITIMO - PROV. CONST. DEL CALLAO,"AZUCAR CRUDA, sólido",250000,SACO(S),GUATEMALA
18967,2025,7,OFICINA PUESTO DE CONTROL MARITIMO - PROV. CONST. DEL CALLAO,"MANZANA, fruta fresca",20384,CAJA(S),EEUU
18968,2025,7,OFICINA PUESTO DE CONTROL MARITIMO - PROV. CONST. DEL CALLAO,"AZUCAR CRUDA, sólido",250000,SACO(S),GUATEMALA
18969,2025,7,OFICINA PUESTO DE CONTROL MARITIMO - PROV. CONST. DEL CALLAO,"MANZANA, fruto fresco",60074,CAJA(S),CHILE
18970,2025,7,OFICINA PUESTO DE CONTROL MARITIMO - PROV. CONST. DEL CALLAO,"UVA (PASAS), secas naturalmente",25000,CAJA(S),ARGENTINA
18971,2025,7,OFICINA PUESTO DE CONTROL MARITIMO - PROV. CONST. DEL CALLAO,"FLOR DE JAMAICA, seca natural",12450,SACO(S),NIGERIA
18972,2025,7,OFICINA PUESTO DE CONTROL MARITIMO - PROV. CONST. DEL CALLAO,"ARROZ, parbolizado pulido o sin cáscara",132500,SACO(S),BRASIL
18973,2025,7,OFICINA PUESTO DE CONTROL MARITIMO - PROV. CONST. DEL CALLAO,"AZUCAR CRUDA, sólido",250000,SACO(S),GUATEMALA
18974,2025,7,OFICINA PUESTO DE CONTROL MARITIMO - PROV. CONST. DEL CALLAO,"AZUCAR CRUDA, sólido",250000,SACO(S),GUATEMALA
18975,2025,7,OFICINA PUESTO DE CONTROL AEREO -  PROV. CONST. DEL CALLAO,"RABANITO, semilla",71.763,SOBRES,ESPAÑA
18976,2025,7,"SANTA ROSA, TACNA","MANZANA, fruto fresco",21888,CAJA(S),CHILE
18977,2025,7,OFICINA PUESTO DE CONTROL MARITIMO - PROV. CONST. DEL CALLAO,"MAIZ, almidon",27500,BOLSAS,TURQUIA
18978,2025,7,OFICINA PUESTO DE CONTROL MARITIMO - PROV. CONST. DEL CALLAO,"ARVEJA, grano partido",92410,SACO(S),EEUU
18979,2025,7,OFICINA PUESTO DE CONTROL MARITIMO - PROV. CONST. DEL CALLAO,"GARBANZO, grano",52010,SACO(S),CANADA
18980,2025,7,"SANTA ROSA, TACNA","OREGANO, seco al natural",25000,SACO(S),EGYPTO
18981,2025,7,PUESTO DE CONTROL TERRESTRE DESAGUADERO,"SOYA, torta",28000,GRANEL,BOLIVIA
18982,2025,7,PUESTO DE CONTROL TERRESTRE DESAGUADERO,"SOYA, torta",28000,GRANEL,BOLIVIA
18983,2025,7,PUESTO DE CONTROL TERRESTRE DESAGUADERO,"SOYA, torta",28000,GRANEL,BOLIVIA
18984,2025,7,PUESTO DE CONTROL TERRESTRE DESAGUADERO,"SOYA, torta",58270,GRANEL,BOLIVIA
18985,2025,7,PUESTO DE CONTROL TERRESTRE DESAGUADERO,"SOYA, torta",56250,GRANEL,BOLIVIA
18986,2025,7,PUESTO DE CONTROL TERRESTRE DESAGUADERO,"SOYA, torta",29520,GRANEL,BOLIVIA
18987,2025,7,PUESTO DE CONTROL TERRESTRE DESAGUADERO,"SOYA, torta",28000,GRANEL,BOLIVIA
18988,2025,7,PUESTO DE CONTROL TERRESTRE DESAGUADERO,"SOYA, torta",27580,GRANEL,BOLIVIA
18989,2025,7,PUESTO DE CONTROL TERRESTRE DESAGUADERO,"SOYA, torta",28000,GRANEL,BOLIVIA
18990,2025,7,PUESTO DE CONTROL TERRESTRE DESAGUADERO,"SOYA, torta",28000,GRANEL,BOLIVIA
18991,2025,7,PUESTO DE CONTROL TERRESTRE DESAGUADERO,"SOYA, torta",28000,GRANEL,BOLIVIA
18992,2025,7,PUESTO DE CONTROL TERRESTRE DESAGUADERO,"SOYA, torta",28000,GRANEL,BOLIVIA
18993,2025,7,PUESTO DE CONTROL TERRESTRE DESAGUADERO,"SOYA, torta",56000,GRANEL,BOLIVIA
18994,2025,7,PUESTO DE CONTROL TERRESTRE DESAGUADERO,"SOYA, torta",28000,GRANEL,BOLIVIA
18995,2025,7,PUESTO DE CONTROL TERRESTRE DESAGUADERO,"SOYA, torta",56000,GRANEL,BOLIVIA
18996,2025,7,OFICINA PUESTO DE CONTROL MARITIMO - PROV. CONST. DEL CALLAO,"ALGODON, fibra sin cardar ni peinar (>28.57 mm = o <34.92 mm)",39142,FARDOS,EEUU
18997,2025,7,PUESTO DE CONTROL TERRESTRE DESAGUADERO,"SOYA, torta",139000,SACO(S),BOLIVIA
18998,2025,7,PUESTO DE CONTROL TERRESTRE DESAGUADERO,"SOYA, torta",23750,GRANEL,BOLIVIA
18999,2025,7,PUESTO DE CONTROL TERRESTRE DESAGUADERO,"SOYA, torta",4290,GRANEL,BOLIVIA
19000,2025,7,PUESTO DE CONTROL TERRESTRE DESAGUADERO,"SOYA, torta",84000,GRANEL,BOLIVIA
19001,2025,7,PUESTO DE CONTROL TERRESTRE DESAGUADERO,"SOYA, torta",28000,GRANEL,BOLIVIA
19002,2025,7,PUESTO DE CONTROL TERRESTRE DESAGUADERO,"SOYA, torta",28000,GRANEL,BOLIVIA
19003,2025,7,PUESTO DE CONTROL TERRESTRE DESAGUADERO,"SOYA, torta",102000,SACO(S),BOLIVIA
19004,2025,7,PUESTO DE CONTROL TERRESTRE DESAGUADERO,"SOYA, harina",145000,SACO(S),BOLIVIA
19005,2025,7,PUESTO DE CONTROL TERRESTRE DESAGUADERO,"SOYA, torta",28000,GRANEL,BOLIVIA
19006,2025,7,PUESTO DE CONTROL TERRESTRE DESAGUADERO,"SOYA, torta",28000,GRANEL,BOLIVIA
19007,2025,7,PUESTO DE CONTROL TERRESTRE DESAGUADERO,"SOYA, torta",28000,GRANEL,BOLIVIA
19008,2025,7,PUESTO DE CONTROL TERRESTRE DESAGUADERO,"SOYA, torta",55200,GRANEL,BOLIVIA
19009,2025,7,PUESTO DE CONTROL TERRESTRE DESAGUADERO,"SOYA, torta",26910,GRANEL,BOLIVIA
19010,2025,7,PUESTO DE CONTROL TERRESTRE DESAGUADERO,"SOYA, torta",28000,GRANEL,BOLIVIA
19011,2025,7,PUESTO DE CONTROL TERRESTRE DESAGUADERO,"SOYA, torta",53600,GRANEL,BOLIVIA
19012,2025,7,"PUERTO DE PAITA , PIURA","LENTEJA, grano",53070,SACO(S),CANADA
19013,2025,7,OFICINA PUESTO DE CONTROL AEREO -  PROV. CONST. DEL CALLAO,"SANDIA, semilla",1.84,LATAS,EEUU
19014,2025,7,"IÑAPARI, MADRE DE DIOS","MAIZ AMARILLO DURO, grano",60000,SACO(S),BRASIL
19015,2025,7,OFICINA PUESTO DE CONTROL MARITIMO - PROV. CONST. DEL CALLAO,"COCO, fibra (para sustrato)",70500,PIEZAS,SRI LANKA
19016,2025,7,PUESTO DE CONTROL TERRESTRE DESAGUADERO,"SOYA, torta",115840,SACO(S),BOLIVIA
19017,2025,7,OFICINA PUESTO DE CONTROL MARITIMO - PROV. CONST. DEL CALLAO,"CORCHO, desperdicios; corcho triturado, granulado o pulverizado",9550,PAQUETES,ITALIA
19018,2025,7,OFICINA PUESTO DE CONTROL MARITIMO - PROV. CONST. DEL CALLAO,"UVA (PASAS), secas industrialmente",25000,CAJA(S),ARGENTINA
19019,2025,7,OFICINA PUESTO DE CONTROL MARITIMO - PROV. CONST. DEL CALLAO,"CORCHO, desperdicios; corcho triturado, granulado o pulverizado",9900,PAQUETES,ITALIA
19020,2025,7,PUESTO DE CONTROL TERRESTRE DESAGUADERO,"SOYA, torta",170000,SACO(S),BOLIVIA
19021,2025,7,PUESTO DE CONTROL TERRESTRE DESAGUADERO,"SOYA, harina",145000,SACO(S),BOLIVIA
19022,2025,7,PUESTO DE CONTROL TERRESTRE DESAGUADERO,"SOYA, harina",116000,SACO(S),BOLIVIA
19023,2025,7,PUESTO DE CONTROL TERRESTRE DESAGUADERO,"SOYA, torta",116000,SACO(S),BOLIVIA
19024,2025,7,PUESTO DE CONTROL TERRESTRE DESAGUADERO,"SOYA, torta",145000,SACO(S),BOLIVIA
19025,2025,7,PUESTO DE CONTROL TERRESTRE DESAGUADERO,"SOYA, torta",116000,SACO(S),BOLIVIA
19026,2025,7,PUESTO DE CONTROL TERRESTRE DESAGUADERO,"SOYA, torta",28060,GRANEL,BOLIVIA
19027,2025,7,PUESTO DE CONTROL TERRESTRE DESAGUADERO,"SOYA, torta",28000,GRANEL,BOLIVIA
19028,2025,7,PUESTO DE CONTROL TERRESTRE DESAGUADERO,"SOYA, torta",28000,GRANEL,BOLIVIA
19029,2025,7,PUESTO DE CONTROL TERRESTRE DESAGUADERO,"SOYA, torta",28000,GRANEL,BOLIVIA
19030,2025,7,PUESTO DE CONTROL TERRESTRE DESAGUADERO,"SOYA, torta",28000,GRANEL,BOLIVIA
19031,2025,7,PUESTO DE CONTROL TERRESTRE DESAGUADERO,"SOYA, torta",28000,GRANEL,BOLIVIA
19032,2025,7,PUESTO DE CONTROL TERRESTRE DESAGUADERO,"SOYA, torta",171000,SACO(S),BOLIVIA
19033,2025,7,OFICINA PUESTO DE CONTROL MARITIMO - PROV. CONST. DEL CALLAO,"ALGODON, fibra sin cardar ni peinar (>22.22 mm = o <28.57 mm)",136760,FARDOS,EEUU
19034,2025,7,PUESTO DE CONTROL TERRESTRE DESAGUADERO,"SOYA, torta",28000,GRANEL,BOLIVIA
19035,2025,7,PUESTO DE CONTROL TERRESTRE DESAGUADERO,"SOYA, torta",28000,GRANEL,BOLIVIA
19036,2025,7,PUESTO DE CONTROL TERRESTRE DESAGUADERO,"SOYA, torta",28000,GRANEL,BOLIVIA
19037,2025,7,OFICINA PUESTO DE CONTROL MARITIMO - PROV. CONST. DEL CALLAO,"ACHIOTE, grano",22000,SACO(S),COSTA DE MARFIL
19038,2025,7,OFICINA PUESTO DE CONTROL MARITIMO - PROV. CONST. DEL CALLAO,"CAMU CAMU, harina",20,BOLSAS,EEUU
19039,2025,7,OFICINA PUESTO DE CONTROL MARITIMO - PROV. CONST. DEL CALLAO,"MAIZ AMARILLO DURO, grano",12500000,GRANEL,ARGENTINA
19040,2025,7,OFICINA PUESTO DE CONTROL MARITIMO - PROV. CONST. DEL CALLAO,"MANZANA, fruto fresco",20580,CAJA(S),CHILE
19041,2025,7,PUESTO DE CONTROL TERRESTRE DESAGUADERO,"SOYA, torta",56000,GRANEL,BOLIVIA
19042,2025,7,OFICINA PUESTO DE CONTROL MARITIMO - PROV. CONST. DEL CALLAO,"BAMBU, artículos de cestería obtenidos directamente en su forma con materia trenzable con algún proceso de la CRF 2",90,UNIDADES,CHINA
19043,2025,7,OFICINA PUESTO DE CONTROL MARITIMO - PROV. CONST. DEL CALLAO,"FLOR DE JAMAICA, seca natural",17280,CAJA(S),NIGERIA
19044,2025,7,OFICINA PUESTO DE CONTROL MARITIMO - PROV. CONST. DEL CALLAO,AZUCAR BLANCA O REFINADA (lectura polarimetrica mayor 99.5°),260000,BIG BAG,COLOMBIA
19045,2025,7,OFICINA PUESTO DE CONTROL MARITIMO - PROV. CONST. DEL CALLAO,AZUCAR BLANCA O REFINADA (lectura polarimetrica mayor 99.5°),84500,SACO(S),COLOMBIA
19046,2025,7,OFICINA PUESTO DE CONTROL MARITIMO - PROV. CONST. DEL CALLAO,"MARCOS, madera",226.95,CAJA(S),CHINA
19047,2025,7,OFICINA PUESTO DE CONTROL MARITIMO - PROV. CONST. DEL CALLAO,"AZUCAR SIN REFINAR, solido",3.00E+05,SACO(S),GUATEMALA
19048,2025,7,OFICINA PUESTO DE CONTROL AEREO -  PROV. CONST. DEL CALLAO,"CEBADA, grano",0.8,FRASCO(S),INGLATERRA
19049,2025,7,OFICINA PUESTO DE CONTROL AEREO -  PROV. CONST. DEL CALLAO,"CEBADA, grano",0.6,FRASCO(S) TWISTPACK,INGLATERRA
19050,2025,7,"AGUAS VERDES, TUMBES","ROSA, flores frescas cortadas",2673,CAJA(S),ECUADOR
19051,2025,7,"AGUAS VERDES, TUMBES","LILIUM (=AZUCENA), flores frescas cortadas",532,CAJA(S),ECUADOR
19052,2025,7,OFICINA PUESTO DE CONTROL MARITIMO - PROV. CONST. DEL CALLAO,"ROTEN (=Ratán), artículos de cestería obtenidos directamente en su forma con materia trenzable con algún proceso de la CRF2",147,UNIDADES,VIETNAM
19053,2025,7,OFICINA PUESTO DE CONTROL MARITIMO - PROV. CONST. DEL CALLAO,"Articulos de cesteria (canastos, cestos u otros), con algun proceso de la CRF2",169.5,UNIDADES,VIETNAM
19054,2025,7,OFICINA PUESTO DE CONTROL MARITIMO - PROV. CONST. DEL CALLAO,"MANZANA, fruto fresco",19698,CAJA(S),CHILE
19055,2025,7,PUESTO DE CONTROL TERRESTRE DESAGUADERO,"SOYA, harina",58000,SACO(S),BOLIVIA
19056,2025,7,OFICINA PUESTO DE CONTROL MARITIMO - PROV. CONST. DEL CALLAO,AZUCAR BLANCA O REFINADA (lectura polarimetrica mayor 99.5°),132500,SACO(S),COLOMBIA
19057,2025,7,PUESTO DE CONTROL TERRESTRE DESAGUADERO,"SOYA, torta",115500,SACO(S),BOLIVIA
19058,2025,7,OFICINA PUESTO DE CONTROL MARITIMO - PROV. CONST. DEL CALLAO,"COCO, fibra (para sustrato)",235878,PALETAS,INDIA
19059,2025,7,PUESTO DE CONTROL TERRESTRE DESAGUADERO,"SOYA, torta",174000,SACO(S),BOLIVIA
19060,2025,7,PUESTO DE CONTROL TERRESTRE DESAGUADERO,"SOYA, torta",28000,GRANEL,BOLIVIA
19061,2025,7,PUESTO DE CONTROL TERRESTRE DESAGUADERO,"SOYA, harina",25149,SACO(S),BOLIVIA
19062,2025,7,PUESTO DE CONTROL TERRESTRE DESAGUADERO,"SOYA, harina",24860,SACO(S),BOLIVIA
19063,2025,7,PUESTO DE CONTROL TERRESTRE DESAGUADERO,"SOYA, torta",58054,SACO(S),BOLIVIA
19064,2025,7,PUESTO DE CONTROL TERRESTRE DESAGUADERO,"SOYA, torta",28712,SACO(S),BOLIVIA
19065,2025,7,PUESTO DE CONTROL TERRESTRE DESAGUADERO,"SOYA, torta",28000,GRANEL,BOLIVIA
19066,2025,7,PUESTO DE CONTROL TERRESTRE DESAGUADERO,"SOYA, torta",56220,GRANEL,BOLIVIA
19067,2025,7,PUESTO DE CONTROL TERRESTRE DESAGUADERO,"SOYA, torta",28000,GRANEL,BOLIVIA
19068,2025,7,PUESTO DE CONTROL TERRESTRE DESAGUADERO,"SOYA, torta",28000,GRANEL,BOLIVIA
